date	hostName	term	template	screenPageViews	activeUsersSum	userEngagementDuration
2024-05-01		FBbt_00003004		3	1	12.0
2024-05-01		FBbt_00003004	VFB_00101567	3	1	0.0
2024-05-01		FBbt_00003623		1	1	0.0
2024-05-01		FBbt_00003623	VFB_00101567	1	1	0.0
2024-05-01		FBbt_00003624		7	4	0.0
2024-05-01		FBbt_00003624	VFB_00101567	8	4	0.0
2024-05-01		FBbt_00003632		4	1	0.0
2024-05-01		FBbt_00003632	VFB_00101567	4	1	0.0
2024-05-01		FBbt_00003678		30	7	3.0
2024-05-01		FBbt_00003678	VFB_00101567	30	8	0.0
2024-05-01		FBbt_00003679		9	5	0.0
2024-05-01		FBbt_00003679	VFB_00017894	3	2	0.0
2024-05-01		FBbt_00003679	VFB_00101567	6	4	0.0
2024-05-01		FBbt_00003680		3	2	0.0
2024-05-01		FBbt_00003680	VFB_00101567	3	2	0.0
2024-05-01		FBbt_00003681		4	4	0.0
2024-05-01		FBbt_00003681	VFB_00101567	4	4	0.0
2024-05-01		FBbt_00003682		1	1	2.0
2024-05-01		FBbt_00003682	VFB_00101567	1	1	0.0
2024-05-01		FBbt_00003684		8	3	0.0
2024-05-01		FBbt_00003684	VFB_00101384	1	1	0.0
2024-05-01		FBbt_00003684	VFB_00101567	7	2	0.0
2024-05-01		FBbt_00003701		3	2	0.0
2024-05-01		FBbt_00003701	VFB_00101567	4	2	0.0
2024-05-01		FBbt_00003708		1	1	0.0
2024-05-01		FBbt_00003708	VFB_00101567	1	1	0.0
2024-05-01		FBbt_00003748		46	8	0.0
2024-05-01		FBbt_00003748	VFB_00101567	47	9	0.0
2024-05-01		FBbt_00003763		7	1	0.0
2024-05-01		FBbt_00003763	VFB_00101567	7	1	0.0
2024-05-01		FBbt_00003852		1	1	0.0
2024-05-01		FBbt_00003852	VFB_00101567	1	1	0.0
2024-05-01		FBbt_00003885		4	1	0.0
2024-05-01		FBbt_00003885	VFB_00101567	4	1	0.0
2024-05-01		FBbt_00003924		4	1	0.0
2024-05-01		FBbt_00003924	VFB_00101567	4	2	0.0
2024-05-01		FBbt_00003982		3	1	0.0
2024-05-01		FBbt_00003982	VFB_00101567	3	1	0.0
2024-05-01		FBbt_00005801		1	1	0.0
2024-05-01		FBbt_00005801	VFB_00101384	1	1	0.0
2024-05-01		FBbt_00006045		1	1	0.0
2024-05-01		FBbt_00006045	VFB_00101567	1	1	0.0
2024-05-01		FBbt_00007001		1	1	0.0
2024-05-01		FBbt_00007001	VFB_00101567	1	1	0.0
2024-05-01		FBbt_00007011		2	1	25.0
2024-05-01		FBbt_00007011	VFB_00101567	3	1	0.0
2024-05-01		FBbt_00007053		4	2	0.0
2024-05-01		FBbt_00007053	VFB_00101567	4	2	0.0
2024-05-01		FBbt_00007054		12	5	0.0
2024-05-01		FBbt_00007054	VFB_00101567	12	6	0.0
2024-05-01		FBbt_00007055		6	4	0.0
2024-05-01		FBbt_00007055	VFB_00101567	6	4	0.0
2024-05-01		FBbt_00007066		3	1	0.0
2024-05-01		FBbt_00007066	VFB_00049000	3	2	0.0
2024-05-01		FBbt_00007146		1	1	0.0
2024-05-01		FBbt_00007146	VFB_00101567	1	1	0.0
2024-05-01		FBbt_00007147		1	1	0.0
2024-05-01		FBbt_00007147	VFB_00101567	1	1	0.0
2024-05-01		FBbt_00007385		2	2	0.0
2024-05-01		FBbt_00007385	VFB_00017894	1	1	0.0
2024-05-01		FBbt_00007385	VFB_00101567	1	1	0.0
2024-05-01		FBbt_00007453		2	1	0.0
2024-05-01		FBbt_00007453	VFB_00101567	2	1	0.0
2024-05-01		FBbt_00007703		1	1	0.0
2024-05-01		FBbt_00007703	VFB_00049000	1	1	0.0
2024-05-01		FBbt_00013691		1	1	0.0
2024-05-01		FBbt_00013691	VFB_00101567	1	1	0.0
2024-05-01		FBbt_00013695		2	2	0.0
2024-05-01		FBbt_00013695	VFB_00101567	2	2	0.0
2024-05-01		FBbt_00014013		15	7	0.0
2024-05-01		FBbt_00014013	VFB_00101567	15	8	0.0
2024-05-01		FBbt_00040001		3	2	1.0
2024-05-01		FBbt_00040001	VFB_00101567	3	2	0.0
2024-05-01		FBbt_00040002		5	3	0.0
2024-05-01		FBbt_00040002	VFB_00101567	6	3	0.0
2024-05-01		FBbt_00040037		16	2	0.0
2024-05-01		FBbt_00040037	VFB_00101567	16	2	0.0
2024-05-01		FBbt_00040040		2	1	0.0
2024-05-01		FBbt_00040040	VFB_00101567	2	1	0.0
2024-05-01		FBbt_00040041		11	5	0.0
2024-05-01		FBbt_00040041	VFB_00101567	11	7	0.0
2024-05-01		FBbt_00040042		11	4	0.0
2024-05-01		FBbt_00040042	VFB_00101567	11	4	0.0
2024-05-01		FBbt_00040043		11	4	8.0
2024-05-01		FBbt_00040043	VFB_00101567	12	5	0.0
2024-05-01		FBbt_00040048		5	3	1.0
2024-05-01		FBbt_00040048	VFB_00101567	5	4	0.0
2024-05-01		FBbt_00040049		9	3	0.0
2024-05-01		FBbt_00040049	VFB_00101567	9	4	0.0
2024-05-01		FBbt_00040050		1	1	0.0
2024-05-01		FBbt_00040050	VFB_00017894	5	1	0.0
2024-05-01		FBbt_00040051		1	1	0.0
2024-05-01		FBbt_00040051	VFB_00101567	1	1	0.0
2024-05-01		FBbt_00045004		1	1	0.0
2024-05-01		FBbt_00045004	VFB_00101567	1	1	0.0
2024-05-01		FBbt_00045021		2	1	0.0
2024-05-01		FBbt_00045021	VFB_00101567	2	1	0.0
2024-05-01		FBbt_00045027		1	1	0.0
2024-05-01		FBbt_00045027	VFB_00101567	1	1	0.0
2024-05-01		FBbt_00045030		9	3	0.0
2024-05-01		FBbt_00045030	VFB_00101567	9	3	0.0
2024-05-01		FBbt_00045032		9	4	0.0
2024-05-01		FBbt_00045032	VFB_00101567	9	4	0.0
2024-05-01		FBbt_00045039		1	1	0.0
2024-05-01		FBbt_00045039	VFB_00101567	1	1	0.0
2024-05-01		FBbt_00045048		6	4	0.0
2024-05-01		FBbt_00045048	VFB_00101567	6	4	0.0
2024-05-01		FBbt_00047529		1	1	0.0
2024-05-01		FBbt_00047529	VFB_00200000	1	1	0.0
2024-05-01		FBbt_00047887		6	3	0.0
2024-05-01		FBbt_00047887	VFB_00101567	7	3	0.0
2024-05-01		FBbt_00048113		2	1	0.0
2024-05-01		FBbt_00048113	VFB_00101567	2	2	0.0
2024-05-01		FBbt_00048120		2	1	0.0
2024-05-01		FBbt_00048120	VFB_00101567	2	1	0.0
2024-05-01		FBbt_00051233		1	1	0.0
2024-05-01		FBbt_00051233	VFB_00101567	1	1	0.0
2024-05-01		FBbt_00051274		12	1	0.0
2024-05-01		FBbt_00051274	VFB_00101567	12	1	0.0
2024-05-01		FBbt_00051393		2	1	0.0
2024-05-01		FBbt_00051393	VFB_00101567	3	1	0.0
2024-05-01		FBbt_00052185		2	2	0.0
2024-05-01		FBbt_00052185	VFB_00101567	3	2	0.0
2024-05-01		FBbt_00052538		4	1	0.0
2024-05-01		FBbt_00052538	VFB_00101567	4	1	0.0
2024-05-01		FBbt_00067123		1	1	0.0
2024-05-01		FBbt_00067123	VFB_00101567	1	1	0.0
2024-05-01		FBbt_00100259		1	1	0.0
2024-05-01		FBbt_00100259	VFB_00101567	1	1	0.0
2024-05-01		FBbt_00100313		1	1	0.0
2024-05-01		FBbt_00100313	VFB_00101567	1	1	0.0
2024-05-01		FBbt_00100634		2	1	0.0
2024-05-01		FBbt_00100634	VFB_00101567	2	1	0.0
2024-05-01		FBbt_00110002		1	1	0.0
2024-05-01		FBbt_00110002	VFB_00101567	1	1	0.0
2024-05-01		FBbt_00110620		1	1	0.0
2024-05-01		FBbt_00110620	VFB_00101567	1	1	0.0
2024-05-01		FBbt_00110636		12	4	0.0
2024-05-01		FBbt_00110636	VFB_00101567	12	4	0.0
2024-05-01		FBbt_00110639		2	2	0.0
2024-05-01		FBbt_00110639	VFB_00101567	3	2	0.0
2024-05-01		FBbt_00110657		4	2	1.0
2024-05-01		FBbt_00110657	VFB_00101567	4	2	0.0
2024-05-01		FBbt_00110658		9	1	0.0
2024-05-01		FBbt_00110658	VFB_00101567	9	1	0.0
2024-05-01		FBbt_00110968		1	1	0.0
2024-05-01		FBbt_00110968	VFB_00101567	1	1	0.0
2024-05-01		FBbt_00111738		1	1	0.0
2024-05-01		FBbt_00111738	VFB_00101567	1	1	0.0
2024-05-01		FBbt_20001802		3	1	0.0
2024-05-01		FBbt_20001802	VFB_00101567	3	2	0.0
2024-05-01		FBbt_20003730		2	2	0.0
2024-05-01		FBbt_20003730	VFB_00101567	2	2	0.0
2024-05-01		FBbt_20003788		5	1	0.0
2024-05-01		FBbt_20003788	VFB_00101567	5	1	0.0
2024-05-01		VFB_00017894		24	1	96.0
2024-05-01		VFB_00017894	VFB_00017894	16	3	0.0
2024-05-01		VFB_00017894	VFB_00101384	6	1	0.0
2024-05-01		VFB_00020997		2	1	11.0
2024-05-01		VFB_00020997	VFB_00101567	2	1	0.0
2024-05-01		VFB_00021197		1	1	8.0
2024-05-01		VFB_00021197	VFB_00101567	1	1	0.0
2024-05-01		VFB_00021375		3	1	9.0
2024-05-01		VFB_00021375	VFB_00101567	3	2	0.0
2024-05-01		VFB_00022019		2	1	10.0
2024-05-01		VFB_00022019	VFB_00101567	2	1	0.0
2024-05-01		VFB_00022620		2	1	11.0
2024-05-01		VFB_00022620	VFB_00101567	2	1	0.0
2024-05-01		VFB_00022898		2	1	17.0
2024-05-01		VFB_00022898	VFB_00101567	2	1	0.0
2024-05-01		VFB_00023593		6	1	0.0
2024-05-01		VFB_00023593	VFB_00101567	6	1	0.0
2024-05-01		VFB_00030633		3	1	5.0
2024-05-01		VFB_00030633	VFB_00017894	3	2	0.0
2024-05-01		VFB_00030867		11	3	0.0
2024-05-01		VFB_00030867	VFB_00101384	2	1	0.0
2024-05-01		VFB_00030867	VFB_00101567	9	2	0.0
2024-05-01		VFB_00030868		7	2	10.0
2024-05-01		VFB_00030868	VFB_00017894	1	1	0.0
2024-05-01		VFB_00030868	VFB_00101567	6	2	0.0
2024-05-01		VFB_00049000		5	1	11.0
2024-05-01		VFB_00049000	VFB_00049000	5	1	0.0
2024-05-01		VFB_00050328		3	1	9.0
2024-05-01		VFB_00050328	VFB_00049000	1	1	0.0
2024-05-01		VFB_00050328	VFB_00101567	2	1	0.0
2024-05-01		VFB_00050465		3	1	2.0
2024-05-01		VFB_00050465	VFB_00049000	1	1	0.0
2024-05-01		VFB_00050465	VFB_00101567	2	1	0.0
2024-05-01		VFB_00100040		1	1	1.0
2024-05-01		VFB_00100040	VFB_00050000	1	1	0.0
2024-05-01		VFB_0010024x		3	1	0.0
2024-05-01		VFB_0010024x	VFB_00050000	1	1	0.0
2024-05-01		VFB_0010024x	VFB_00101567	2	1	0.0
2024-05-01		VFB_00100w1i		2	1	15.0
2024-05-01		VFB_00100w1i	VFB_00101567	2	1	0.0
2024-05-01		VFB_00100xtv		2	1	4.0
2024-05-01		VFB_00100xtv	VFB_00101567	2	1	0.0
2024-05-01		VFB_00100ykk		1	1	8.0
2024-05-01		VFB_00100ykk	VFB_00101567	1	1	0.0
2024-05-01		VFB_00100zew		4	1	15.0
2024-05-01		VFB_00100zew	VFB_00101567	4	1	0.0
2024-05-01		VFB_0010104w		2	1	13.0
2024-05-01		VFB_0010104w	VFB_00101567	2	1	0.0
2024-05-01		VFB_001010j0		2	1	12.0
2024-05-01		VFB_001010j0	VFB_00101567	2	1	0.0
2024-05-01		VFB_0010126k		10	1	0.0
2024-05-01		VFB_0010126k	VFB_00101567	10	1	0.0
2024-05-01		VFB_001012m5		20	1	0.0
2024-05-01		VFB_001012m5	VFB_00101567	20	1	0.0
2024-05-01		VFB_001012qa		24	1	0.0
2024-05-01		VFB_001012qa	VFB_00101567	24	1	0.0
2024-05-01		VFB_001012xc		1	1	0.0
2024-05-01		VFB_001012xc	VFB_00101567	1	1	0.0
2024-05-01		VFB_001012xf		1	1	0.0
2024-05-01		VFB_001012xf	VFB_00101567	1	1	0.0
2024-05-01		VFB_001012xi		1	1	0.0
2024-05-01		VFB_001012xi	VFB_00101567	1	1	0.0
2024-05-01		VFB_00101384		5	1	0.0
2024-05-01		VFB_00101384	VFB_00101384	6	1	0.0
2024-05-01		VFB_00101567		150	28	151.0
2024-05-01		VFB_00101567	VFB_00101567	172	40	61.0
2024-05-01		VFB_00102107		3	2	2.0
2024-05-01		VFB_00102107	VFB_00101567	3	2	0.0
2024-05-01		VFB_00102108		4	2	0.0
2024-05-01		VFB_00102108	VFB_00101567	4	3	0.0
2024-05-01		VFB_00102114		20	1	55.0
2024-05-01		VFB_00102114	VFB_00101567	9	3	0.0
2024-05-01		VFB_00102118		3	1	0.0
2024-05-01		VFB_00102118	VFB_00101567	3	2	0.0
2024-05-01		VFB_00102119		5	2	6.0
2024-05-01		VFB_00102119	VFB_00101567	5	3	0.0
2024-05-01		VFB_00102121		3	1	0.0
2024-05-01		VFB_00102121	VFB_00101567	3	2	0.0
2024-05-01		VFB_00102123		3	1	0.0
2024-05-01		VFB_00102123	VFB_00101567	3	2	0.0
2024-05-01		VFB_00102124		3	1	0.0
2024-05-01		VFB_00102124	VFB_00101567	3	2	0.0
2024-05-01		VFB_00102133		3	1	0.0
2024-05-01		VFB_00102133	VFB_00101567	3	2	0.0
2024-05-01		VFB_00102135		13	1	83.0
2024-05-01		VFB_00102135	VFB_00101567	13	2	0.0
2024-05-01		VFB_00102140		4	1	9.0
2024-05-01		VFB_00102140	VFB_00101567	4	2	0.0
2024-05-01		VFB_00102146		5	1	8.0
2024-05-01		VFB_00102146	VFB_00101567	4	2	0.0
2024-05-01		VFB_00102148		5	1	9.0
2024-05-01		VFB_00102148	VFB_00101567	5	2	0.0
2024-05-01		VFB_00102159		2	1	0.0
2024-05-01		VFB_00102159	VFB_00101567	2	1	0.0
2024-05-01		VFB_00102201		1	1	0.0
2024-05-01		VFB_00102201	VFB_00101567	1	1	0.0
2024-05-01		VFB_00102212		15	2	28.0
2024-05-01		VFB_00102212	VFB_00101567	15	3	0.0
2024-05-01		VFB_00102271		33	1	0.0
2024-05-01		VFB_00102271	VFB_00101567	30	3	0.0
2024-05-01		VFB_00102273		10	1	40.0
2024-05-01		VFB_00102273	VFB_00101567	10	2	0.0
2024-05-01		VFB_00102275		2	1	0.0
2024-05-01		VFB_00102275	VFB_00101567	2	1	0.0
2024-05-01		VFB_00102280		7	1	0.0
2024-05-01		VFB_00102280	VFB_00101567	7	1	0.0
2024-05-01		VFB_00104635		5	1	6.0
2024-05-01		VFB_00104635	VFB_00200000	5	1	0.0
2024-05-01		VFB_00200000	VFB_00200000	3	1	0.0
2024-05-01		VFB_jrchjrcx		2	1	9.0
2024-05-01		VFB_jrchjrcx	VFB_00101567	2	1	0.0
2024-05-01		VFB_jrchk0f1		5	1	4.0
2024-05-01		VFB_jrchk0f1	VFB_00101384	4	1	0.0
2024-05-01		VFB_jrchk103		12	3	30.0
2024-05-01		VFB_jrchk103	VFB_00017894	9	1	0.0
2024-05-01		VFB_jrchk103	VFB_00101567	3	3	0.0
2024-05-01		VFB_jrchk31i		4	1	21.0
2024-05-01		VFB_jrchk31i	VFB_00101567	4	1	0.0
2024-05-01		VFB_jrchk49b		3	1	60.0
2024-05-01		VFB_jrchk49b	VFB_00101567	3	2	0.0
2024-05-01		VFB_jrchk4zj		6	1	0.0
2024-05-01		VFB_jrchk4zj	VFB_00101567	5	2	0.0
2024-05-01		VFB_jrchk500		8	1	0.0
2024-05-01		VFB_jrchk500	VFB_00101567	9	2	0.0
2024-05-01		VFB_jrchk7x7		4	1	2.0
2024-05-01		VFB_jrchk7x7	VFB_00101567	4	1	0.0
2024-05-01		VFB_jrchk82x		3	1	43.0
2024-05-01		VFB_jrchk82x	VFB_00101567	2	1	0.0
2024-05-01		VFB_jrchk87g		5	1	0.0
2024-05-01		VFB_jrchk87g	VFB_00101567	5	1	0.0
2024-05-01		VFBexp_FBtp0057		16	16	0.0
2024-05-01		VFBexp_FBtp0057	VFB_00101567	16	16	0.0
2024-05-01		VFBexp_FBtp0058		9	9	0.0
2024-05-01		VFBexp_FBtp0058	VFB_00101567	9	9	0.0
2024-05-01		VFBexp_FBtp0059		27	27	0.0
2024-05-01		VFBexp_FBtp0059	VFB_00101567	27	27	0.0
2024-05-01		VFBexp_FBtp0060		18	18	0.0
2024-05-01		VFBexp_FBtp0060	VFB_00101567	18	18	0.0
2024-05-01		VFBexp_FBtp0061		14	14	0.0
2024-05-01		VFBexp_FBtp0061	VFB_00101567	14	14	0.0
2024-05-01		VFBexp_FBtp0062		20	20	0.0
2024-05-01		VFBexp_FBtp0062	VFB_00101567	20	20	0.0
2024-05-01		VFBexp_FBtp0063		27	27	0.0
2024-05-01		VFBexp_FBtp0063	VFB_00101567	27	27	0.0
2024-05-01		VFBexp_FBtp0064		7	7	0.0
2024-05-01		VFBexp_FBtp0064	VFB_00101567	7	7	0.0
2024-05-01		VFBexp_FBtp0118		1	1	0.0
2024-05-01		VFBexp_FBtp0118	VFB_00101567	1	1	0.0
2024-05-01	v2.virtualflybrain.org	FBbt_00003004	VFB_00101567	1	2	148.0
2024-05-01	v2.virtualflybrain.org	FBbt_00003623	VFB_00101567	0	1	22.0
2024-05-01	v2.virtualflybrain.org	FBbt_00003624	VFB_00101567	0	4	274.0
2024-05-01	v2.virtualflybrain.org	FBbt_00003632	VFB_00101567	0	1	29.0
2024-05-01	v2.virtualflybrain.org	FBbt_00003678	VFB_00101567	2	12	528.0
2024-05-01	v2.virtualflybrain.org	FBbt_00003679	VFB_00017894	0	3	333.0
2024-05-01	v2.virtualflybrain.org	FBbt_00003679	VFB_00101567	0	4	126.0
2024-05-01	v2.virtualflybrain.org	FBbt_00003680	VFB_00101567	0	2	96.0
2024-05-01	v2.virtualflybrain.org	FBbt_00003681	VFB_00101567	0	3	31.0
2024-05-01	v2.virtualflybrain.org	FBbt_00003682	VFB_00101567	0	1	9.0
2024-05-01	v2.virtualflybrain.org	FBbt_00003684	VFB_00101384	0	1	79.0
2024-05-01	v2.virtualflybrain.org	FBbt_00003684	VFB_00101567	0	2	23.0
2024-05-01	v2.virtualflybrain.org	FBbt_00003701	VFB_00101567	0	2	37.0
2024-05-01	v2.virtualflybrain.org	FBbt_00003708	VFB_00101567	0	1	43.0
2024-05-01	v2.virtualflybrain.org	FBbt_00003748	VFB_00101567	1	11	723.0
2024-05-01	v2.virtualflybrain.org	FBbt_00003763	VFB_00101567	7	1	0.0
2024-05-01	v2.virtualflybrain.org	FBbt_00003852	VFB_00101567	0	1	0.0
2024-05-01	v2.virtualflybrain.org	FBbt_00003885	VFB_00101567	0	1	5.0
2024-05-01	v2.virtualflybrain.org	FBbt_00003924	VFB_00101567	2	3	110.0
2024-05-01	v2.virtualflybrain.org	FBbt_00003982	VFB_00101567	0	1	68.0
2024-05-01	v2.virtualflybrain.org	FBbt_00005801	VFB_00101384	0	1	23.0
2024-05-01	v2.virtualflybrain.org	FBbt_00006045	VFB_00101567	0	1	12.0
2024-05-01	v2.virtualflybrain.org	FBbt_00007001	VFB_00101567	0	1	3.0
2024-05-01	v2.virtualflybrain.org	FBbt_00007011	VFB_00101567	0	1	0.0
2024-05-01	v2.virtualflybrain.org	FBbt_00007053	VFB_00101567	0	3	53.0
2024-05-01	v2.virtualflybrain.org	FBbt_00007054	VFB_00101567	0	7	217.0
2024-05-01	v2.virtualflybrain.org	FBbt_00007055	VFB_00101567	0	5	22.0
2024-05-01	v2.virtualflybrain.org	FBbt_00007066	VFB_00049000	2	3	92.0
2024-05-01	v2.virtualflybrain.org	FBbt_00007146	VFB_00101567	0	1	9.0
2024-05-01	v2.virtualflybrain.org	FBbt_00007147	VFB_00101567	0	1	3.0
2024-05-01	v2.virtualflybrain.org	FBbt_00007385	VFB_00017894	0	1	78.0
2024-05-01	v2.virtualflybrain.org	FBbt_00007385	VFB_00101567	0	1	55.0
2024-05-01	v2.virtualflybrain.org	FBbt_00007453	VFB_00101567	0	1	3.0
2024-05-01	v2.virtualflybrain.org	FBbt_00007703	VFB_00049000	0	1	5.0
2024-05-01	v2.virtualflybrain.org	FBbt_00013691	VFB_00101567	0	1	14.0
2024-05-01	v2.virtualflybrain.org	FBbt_00013695	VFB_00101567	0	2	196.0
2024-05-01	v2.virtualflybrain.org	FBbt_00014013	VFB_00101567	0	8	305.0
2024-05-01	v2.virtualflybrain.org	FBbt_00040001	VFB_00101567	0	2	22.0
2024-05-01	v2.virtualflybrain.org	FBbt_00040002	VFB_00101567	0	3	58.0
2024-05-01	v2.virtualflybrain.org	FBbt_00040037	VFB_00101567	2	3	366.0
2024-05-01	v2.virtualflybrain.org	FBbt_00040040	VFB_00101567	0	1	0.0
2024-05-01	v2.virtualflybrain.org	FBbt_00040041	VFB_00101567	0	7	42.0
2024-05-01	v2.virtualflybrain.org	FBbt_00040042	VFB_00101567	0	5	339.0
2024-05-01	v2.virtualflybrain.org	FBbt_00040043	VFB_00101567	0	7	83.0
2024-05-01	v2.virtualflybrain.org	FBbt_00040048	VFB_00101567	0	3	22.0
2024-05-01	v2.virtualflybrain.org	FBbt_00040049	VFB_00101567	1	5	129.0
2024-05-01	v2.virtualflybrain.org	FBbt_00040050	VFB_00017894	0	1	65.0
2024-05-01	v2.virtualflybrain.org	FBbt_00040051	VFB_00101567	0	1	0.0
2024-05-01	v2.virtualflybrain.org	FBbt_00045004	VFB_00101567	0	1	6.0
2024-05-01	v2.virtualflybrain.org	FBbt_00045021	VFB_00101567	0	1	3.0
2024-05-01	v2.virtualflybrain.org	FBbt_00045027	VFB_00101567	0	1	2.0
2024-05-01	v2.virtualflybrain.org	FBbt_00045030	VFB_00101567	0	3	172.0
2024-05-01	v2.virtualflybrain.org	FBbt_00045032	VFB_00101567	0	5	275.0
2024-05-01	v2.virtualflybrain.org	FBbt_00045039	VFB_00101567	0	1	1.0
2024-05-01	v2.virtualflybrain.org	FBbt_00045048	VFB_00101567	3	5	169.0
2024-05-01	v2.virtualflybrain.org	FBbt_00047529	VFB_00200000	0	2	82.0
2024-05-01	v2.virtualflybrain.org	FBbt_00047887	VFB_00101567	0	3	14.0
2024-05-01	v2.virtualflybrain.org	FBbt_00048113	VFB_00101567	0	2	67.0
2024-05-01	v2.virtualflybrain.org	FBbt_00048120	VFB_00101567	0	1	8.0
2024-05-01	v2.virtualflybrain.org	FBbt_00051233	VFB_00101567	0	1	24.0
2024-05-01	v2.virtualflybrain.org	FBbt_00051274	VFB_00101567	12	1	0.0
2024-05-01	v2.virtualflybrain.org	FBbt_00051393	VFB_00101567	0	1	6.0
2024-05-01	v2.virtualflybrain.org	FBbt_00052185	VFB_00101567	0	1	117.0
2024-05-01	v2.virtualflybrain.org	FBbt_00052538	VFB_00101567	3	2	9.0
2024-05-01	v2.virtualflybrain.org	FBbt_00067046	VFB_00101567	1	2	169.0
2024-05-01	v2.virtualflybrain.org	FBbt_00067123	VFB_00101567	1	1	0.0
2024-05-01	v2.virtualflybrain.org	FBbt_00100259		1	1	0.0
2024-05-01	v2.virtualflybrain.org	FBbt_00100259	VFB_00101567	0	1	45.0
2024-05-01	v2.virtualflybrain.org	FBbt_00100313	VFB_00101567	0	2	2.0
2024-05-01	v2.virtualflybrain.org	FBbt_00100634	VFB_00101567	1	2	4.0
2024-05-01	v2.virtualflybrain.org	FBbt_00110002		1	1	0.0
2024-05-01	v2.virtualflybrain.org	FBbt_00110002	VFB_00101567	0	1	599.0
2024-05-01	v2.virtualflybrain.org	FBbt_00110620	VFB_00101567	0	1	34.0
2024-05-01	v2.virtualflybrain.org	FBbt_00110636	VFB_00101567	0	5	218.0
2024-05-01	v2.virtualflybrain.org	FBbt_00110639	VFB_00101567	0	2	34.0
2024-05-01	v2.virtualflybrain.org	FBbt_00110657	VFB_00101567	0	2	186.0
2024-05-01	v2.virtualflybrain.org	FBbt_00110658	VFB_00101567	0	1	7.0
2024-05-01	v2.virtualflybrain.org	FBbt_00110968	VFB_00101567	1	1	0.0
2024-05-01	v2.virtualflybrain.org	FBbt_00111738	VFB_00101567	0	1	52.0
2024-05-01	v2.virtualflybrain.org	FBbt_20001802	VFB_00101567	0	4	60.0
2024-05-01	v2.virtualflybrain.org	FBbt_20003730	VFB_00101567	0	1	110.0
2024-05-01	v2.virtualflybrain.org	FBbt_20003788	VFB_00101567	5	1	0.0
2024-05-01	v2.virtualflybrain.org	VFB_00017894	VFB_00017894	1	8	190.0
2024-05-01	v2.virtualflybrain.org	VFB_00017894	VFB_00101384	0	2	3.0
2024-05-01	v2.virtualflybrain.org	VFB_00020997	VFB_00101567	0	1	78.0
2024-05-01	v2.virtualflybrain.org	VFB_00021197	VFB_00101567	0	1	44.0
2024-05-01	v2.virtualflybrain.org	VFB_00021375	VFB_00101567	0	2	51.0
2024-05-01	v2.virtualflybrain.org	VFB_00022019	VFB_00101567	0	1	27.0
2024-05-01	v2.virtualflybrain.org	VFB_00022620	VFB_00101567	0	1	26.0
2024-05-01	v2.virtualflybrain.org	VFB_00022898	VFB_00101567	0	1	34.0
2024-05-01	v2.virtualflybrain.org	VFB_00023593	VFB_00101567	6	1	10.0
2024-05-01	v2.virtualflybrain.org	VFB_00030633	VFB_00017894	0	1	0.0
2024-05-01	v2.virtualflybrain.org	VFB_00030867	VFB_00101384	0	2	29.0
2024-05-01	v2.virtualflybrain.org	VFB_00030867	VFB_00101567	9	2	0.0
2024-05-01	v2.virtualflybrain.org	VFB_00030868	VFB_00017894	1	3	41.0
2024-05-01	v2.virtualflybrain.org	VFB_00030868	VFB_00101567	0	3	12.0
2024-05-01	v2.virtualflybrain.org	VFB_00049000	VFB_00049000	0	2	0.0
2024-05-01	v2.virtualflybrain.org	VFB_00050328	VFB_00049000	1	2	0.0
2024-05-01	v2.virtualflybrain.org	VFB_00050328	VFB_00101567	1	2	4.0
2024-05-01	v2.virtualflybrain.org	VFB_00050465	VFB_00049000	1	3	15.0
2024-05-01	v2.virtualflybrain.org	VFB_00050465	VFB_00101567	0	1	37.0
2024-05-01	v2.virtualflybrain.org	VFB_00100040	VFB_00050000	0	1	16.0
2024-05-01	v2.virtualflybrain.org	VFB_00100040	VFB_00100040	1	2	2.0
2024-05-01	v2.virtualflybrain.org	VFB_0010024x	VFB_00050000	1	3	4.0
2024-05-01	v2.virtualflybrain.org	VFB_0010024x	VFB_00101567	0	2	26.0
2024-05-01	v2.virtualflybrain.org	VFB_00100w1i	VFB_00101567	0	1	29.0
2024-05-01	v2.virtualflybrain.org	VFB_00100xtv	VFB_00101567	0	1	25.0
2024-05-01	v2.virtualflybrain.org	VFB_00100ykk	VFB_00101567	0	1	27.0
2024-05-01	v2.virtualflybrain.org	VFB_00100zew	VFB_00101567	0	1	29.0
2024-05-01	v2.virtualflybrain.org	VFB_0010104w	VFB_00101567	0	1	45.0
2024-05-01	v2.virtualflybrain.org	VFB_001010j0	VFB_00101567	0	1	29.0
2024-05-01	v2.virtualflybrain.org	VFB_0010126k	VFB_00101567	10	1	0.0
2024-05-01	v2.virtualflybrain.org	VFB_001012m5	VFB_00101567	20	1	1.0
2024-05-01	v2.virtualflybrain.org	VFB_001012qa	VFB_00101567	24	1	0.0
2024-05-01	v2.virtualflybrain.org	VFB_001012xc	VFB_00101567	0	1	89.0
2024-05-01	v2.virtualflybrain.org	VFB_001012xf	VFB_00101567	0	1	90.0
2024-05-01	v2.virtualflybrain.org	VFB_001012xi	VFB_00101567	0	1	125.0
2024-05-01	v2.virtualflybrain.org	VFB_00101384	VFB_00101384	0	1	47.0
2024-05-01	v2.virtualflybrain.org	VFB_00101567	VFB_00101567	42	65	941.0
2024-05-01	v2.virtualflybrain.org	VFB_00102107	VFB_00101567	0	2	8.0
2024-05-01	v2.virtualflybrain.org	VFB_00102108	VFB_00101567	0	2	15.0
2024-05-01	v2.virtualflybrain.org	VFB_00102114	VFB_00101567	0	1	64.0
2024-05-01	v2.virtualflybrain.org	VFB_00102118	VFB_00101567	0	2	10.0
2024-05-01	v2.virtualflybrain.org	VFB_00102119	VFB_00101567	0	2	0.0
2024-05-01	v2.virtualflybrain.org	VFB_00102121	VFB_00101567	0	2	3.0
2024-05-01	v2.virtualflybrain.org	VFB_00102123	VFB_00101567	0	2	15.0
2024-05-01	v2.virtualflybrain.org	VFB_00102124	VFB_00101567	0	2	10.0
2024-05-01	v2.virtualflybrain.org	VFB_00102133	VFB_00101567	0	2	0.0
2024-05-01	v2.virtualflybrain.org	VFB_00102135	VFB_00101567	1	2	161.0
2024-05-01	v2.virtualflybrain.org	VFB_00102140	VFB_00101567	0	2	19.0
2024-05-01	v2.virtualflybrain.org	VFB_00102146	VFB_00101567	0	3	520.0
2024-05-01	v2.virtualflybrain.org	VFB_00102148	VFB_00101567	0	2	3.0
2024-05-01	v2.virtualflybrain.org	VFB_00102159	VFB_00101567	0	1	0.0
2024-05-01	v2.virtualflybrain.org	VFB_00102201	VFB_00101567	0	2	16.0
2024-05-01	v2.virtualflybrain.org	VFB_00102212	VFB_00101567	7	3	3.0
2024-05-01	v2.virtualflybrain.org	VFB_00102271	VFB_00101567	0	3	192.0
2024-05-01	v2.virtualflybrain.org	VFB_00102273	VFB_00101567	0	1	10.0
2024-05-01	v2.virtualflybrain.org	VFB_00102275	VFB_00101567	0	1	3.0
2024-05-01	v2.virtualflybrain.org	VFB_00102280	VFB_00101567	5	2	0.0
2024-05-01	v2.virtualflybrain.org	VFB_00104635	VFB_00200000	0	1	21.0
2024-05-01	v2.virtualflybrain.org	VFB_00200000	VFB_00200000	3	2	0.0
2024-05-01	v2.virtualflybrain.org	VFB_jrchjrcx	VFB_00101567	2	1	46.0
2024-05-01	v2.virtualflybrain.org	VFB_jrchk0f1	VFB_00101384	0	1	24.0
2024-05-01	v2.virtualflybrain.org	VFB_jrchk0f1	VFB_jrchk0f1	3	2	160.0
2024-05-01	v2.virtualflybrain.org	VFB_jrchk103	VFB_00017894	9	2	0.0
2024-05-01	v2.virtualflybrain.org	VFB_jrchk103	VFB_00101567	1	3	23.0
2024-05-01	v2.virtualflybrain.org	VFB_jrchk31i	VFB_00101567	0	1	0.0
2024-05-01	v2.virtualflybrain.org	VFB_jrchk49b	VFB_00101567	0	1	0.0
2024-05-01	v2.virtualflybrain.org	VFB_jrchk4zj	VFB_00101567	0	3	48.0
2024-05-01	v2.virtualflybrain.org	VFB_jrchk500	VFB_00101567	0	3	159.0
2024-05-01	v2.virtualflybrain.org	VFB_jrchk7x7	VFB_00101567	0	2	145.0
2024-05-01	v2.virtualflybrain.org	VFB_jrchk82x	VFB_00101567	0	2	228.0
2024-05-01	v2.virtualflybrain.org	VFB_jrchk87g	VFB_00101567	5	1	0.0
2024-05-01	v2.virtualflybrain.org	VFBexp_FBtp0057	VFB_00101567	0	15	131.0
2024-05-01	v2.virtualflybrain.org	VFBexp_FBtp0058	VFB_00101567	0	9	88.0
2024-05-01	v2.virtualflybrain.org	VFBexp_FBtp0059	VFB_00101567	0	24	235.0
2024-05-01	v2.virtualflybrain.org	VFBexp_FBtp0060	VFB_00101567	0	16	178.0
2024-05-01	v2.virtualflybrain.org	VFBexp_FBtp0061	VFB_00101567	0	14	180.0
2024-05-01	v2.virtualflybrain.org	VFBexp_FBtp0062	VFB_00101567	0	18	192.0
2024-05-01	v2.virtualflybrain.org	VFBexp_FBtp0063	VFB_00101567	0	24	221.0
2024-05-01	v2.virtualflybrain.org	VFBexp_FBtp0064	VFB_00101567	0	7	80.0
2024-05-01	v2.virtualflybrain.org	VFBexp_FBtp0099		4	4	0.0
2024-05-01	v2.virtualflybrain.org	VFBexp_FBtp0118	VFB_00101567	0	1	6.0
2024-05-02		FBbt_00001102		1	1	0.0
2024-05-02		FBbt_00001102	VFB_00049000	1	1	0.0
2024-05-02		FBbt_00001920		2	1	0.0
2024-05-02		FBbt_00001920	VFB_00049000	2	1	0.0
2024-05-02		FBbt_00003007		1	1	0.0
2024-05-02		FBbt_00003007	VFB_00110000	1	1	0.0
2024-05-02		FBbt_00003624		8	4	41.0
2024-05-02		FBbt_00003624	VFB_00101567	8	5	0.0
2024-05-02		FBbt_00003678		4	2	0.0
2024-05-02		FBbt_00003678	VFB_00101567	4	2	0.0
2024-05-02		FBbt_00003681		7	2	0.0
2024-05-02		FBbt_00003681	VFB_00101567	7	2	0.0
2024-05-02		FBbt_00003748		7	6	0.0
2024-05-02		FBbt_00003748	VFB_00101567	7	6	0.0
2024-05-02		FBbt_00003924		1	1	0.0
2024-05-02		FBbt_00003924	VFB_00101567	1	1	0.0
2024-05-02		FBbt_00004011		2	1	0.0
2024-05-02		FBbt_00004011	VFB_00110000	2	1	0.0
2024-05-02		FBbt_00005095		4	1	5.0
2024-05-02		FBbt_00005095	VFB_00101567	4	1	0.0
2024-05-02		FBbt_00005144		1	1	0.0
2024-05-02		FBbt_00005144	VFB_00101567	1	1	0.0
2024-05-02		FBbt_00007055		1	1	0.0
2024-05-02		FBbt_00007055	VFB_00101567	1	1	0.0
2024-05-02		FBbt_00007064		1	1	0.0
2024-05-02		FBbt_00007064	VFB_00049000	1	1	0.0
2024-05-02		FBbt_00007066		2	1	0.0
2024-05-02		FBbt_00007066	VFB_00049000	2	1	0.0
2024-05-02		FBbt_00007702		1	1	0.0
2024-05-02		FBbt_00007702	VFB_00049000	1	1	0.0
2024-05-02		FBbt_00007709		2	1	0.0
2024-05-02		FBbt_00007709	VFB_00049000	2	1	0.0
2024-05-02		FBbt_00007723		2	1	0.0
2024-05-02		FBbt_00007723	VFB_00049000	2	1	0.0
2024-05-02		FBbt_00014013		1	1	0.0
2024-05-02		FBbt_00014013	VFB_00101567	1	1	0.0
2024-05-02		FBbt_00040002		2	1	1.0
2024-05-02		FBbt_00040002	VFB_00101567	2	1	0.0
2024-05-02		FBbt_00040041		6	3	0.0
2024-05-02		FBbt_00040041	VFB_00101567	6	3	0.0
2024-05-02		FBbt_00040042		3	1	0.0
2024-05-02		FBbt_00040042	VFB_00101567	3	2	0.0
2024-05-02		FBbt_00040048		1	1	0.0
2024-05-02		FBbt_00040048	VFB_00101567	1	1	0.0
2024-05-02		FBbt_00045046		1	1	0.0
2024-05-02		FBbt_00045046	VFB_00101567	1	1	0.0
2024-05-02		FBbt_00045048		2	1	0.0
2024-05-02		FBbt_00045048	VFB_00101567	2	1	0.0
2024-05-02		FBbt_00047887		10	3	0.0
2024-05-02		FBbt_00047887	VFB_00101567	12	3	0.0
2024-05-02		FBbt_00047889		4	1	0.0
2024-05-02		FBbt_00047889	VFB_00049000	4	1	0.0
2024-05-02		FBbt_00051274		13	1	0.0
2024-05-02		FBbt_00051274	VFB_00101567	13	1	0.0
2024-05-02		FBbt_00051405		7	1	0.0
2024-05-02		FBbt_00051405	VFB_00049000	8	1	0.0
2024-05-02		FBbt_00052192		2	1	0.0
2024-05-02		FBbt_00052192	VFB_00049000	3	1	0.0
2024-05-02		FBbt_00052193		2	1	0.0
2024-05-02		FBbt_00052193	VFB_00049000	2	1	0.0
2024-05-02		FBbt_00052538		16	1	0.0
2024-05-02		FBbt_00052538	VFB_00101567	16	1	0.0
2024-05-02		FBbt_00052678		1	1	0.0
2024-05-02		FBbt_00052678	VFB_00101567	1	1	0.0
2024-05-02		FBbt_00100634		20	1	0.0
2024-05-02		FBbt_00100634	VFB_00101567	20	1	0.0
2024-05-02		FBbt_00110107		1	1	0.0
2024-05-02		FBbt_00110107	VFB_00110000	1	1	0.0
2024-05-02		VFB_00017894		1	1	2.0
2024-05-02		VFB_00017894	VFB_00017894	1	1	0.0
2024-05-02		VFB_00020506		4	1	11.0
2024-05-02		VFB_00020506	VFB_00101567	4	1	0.0
2024-05-02		VFB_00020882		4	1	37.0
2024-05-02		VFB_00020882	VFB_00101567	4	1	0.0
2024-05-02		VFB_00022405		7	1	9.0
2024-05-02		VFB_00022405	VFB_00101567	4	2	0.0
2024-05-02		VFB_00022405	VFB_00110000	3	1	0.0
2024-05-02		VFB_00023593		5	1	0.0
2024-05-02		VFB_00023593	VFB_00101567	5	1	0.0
2024-05-02		VFB_00026653		4	1	11.0
2024-05-02		VFB_00026653	VFB_00101567	4	1	0.0
2024-05-02		VFB_00030599		1	1	0.0
2024-05-02		VFB_00030599	VFB_00017894	1	1	0.0
2024-05-02		VFB_00030600		1	1	0.0
2024-05-02		VFB_00030600	VFB_00017894	1	1	0.0
2024-05-02		VFB_00030601		1	1	0.0
2024-05-02		VFB_00030601	VFB_00017894	1	1	0.0
2024-05-02		VFB_00030608		1	1	0.0
2024-05-02		VFB_00030608	VFB_00017894	1	1	0.0
2024-05-02		VFB_00030610		1	1	0.0
2024-05-02		VFB_00030610	VFB_00017894	1	1	0.0
2024-05-02		VFB_00030617		1	1	0.0
2024-05-02		VFB_00030617	VFB_00017894	1	1	0.0
2024-05-02		VFB_00030626		1	1	0.0
2024-05-02		VFB_00030626	VFB_00017894	1	1	0.0
2024-05-02		VFB_00030630		1	1	0.0
2024-05-02		VFB_00030630	VFB_00017894	1	1	0.0
2024-05-02		VFB_00030632		1	1	0.0
2024-05-02		VFB_00030632	VFB_00017894	1	1	0.0
2024-05-02		VFB_00030840		1	1	0.0
2024-05-02		VFB_00030840	VFB_00017894	1	1	0.0
2024-05-02		VFB_00030867		3	1	0.0
2024-05-02		VFB_00030867	VFB_00101567	3	1	0.0
2024-05-02		VFB_00030873		3	1	8.0
2024-05-02		VFB_00030873	VFB_00101567	3	1	0.0
2024-05-02		VFB_00039429		4	1	17.0
2024-05-02		VFB_00039429	VFB_00101567	4	1	0.0
2024-05-02		VFB_00039660		4	1	17.0
2024-05-02		VFB_00039660	VFB_00101567	4	1	0.0
2024-05-02		VFB_00041512		6	1	17.0
2024-05-02		VFB_00041512	VFB_00101567	6	1	0.0
2024-05-02		VFB_00045212		4	1	8.0
2024-05-02		VFB_00045212	VFB_00101567	4	1	0.0
2024-05-02		VFB_00049000		5	3	4.0
2024-05-02		VFB_00049000	VFB_00049000	5	4	6.0
2024-05-02		VFB_00050000		1	1	1.0
2024-05-02		VFB_00050000	VFB_00050000	2	2	10.0
2024-05-02		VFB_00050276		4	1	15.0
2024-05-02		VFB_00050276	VFB_00049000	3	3	0.0
2024-05-02		VFB_00050277		1	1	0.0
2024-05-02		VFB_00050277	VFB_00049000	1	1	0.0
2024-05-02		VFB_00050293		1	1	0.0
2024-05-02		VFB_00050293	VFB_00049000	1	1	0.0
2024-05-02		VFB_00050310		1	1	0.0
2024-05-02		VFB_00050310	VFB_00049000	1	1	0.0
2024-05-02		VFB_00050312		5	1	4.0
2024-05-02		VFB_00050312	VFB_00049000	5	2	0.0
2024-05-02		VFB_00050314		14	1	16.0
2024-05-02		VFB_00050314	VFB_00049000	12	3	0.0
2024-05-02		VFB_00050329		1	1	1.0
2024-05-02		VFB_00050329	VFB_00049000	1	1	0.0
2024-05-02		VFB_00050331		1	1	0.0
2024-05-02		VFB_00050331	VFB_00049000	1	1	0.0
2024-05-02		VFB_00050332		1	1	0.0
2024-05-02		VFB_00050332	VFB_00049000	1	1	0.0
2024-05-02		VFB_00050333		1	1	0.0
2024-05-02		VFB_00050333	VFB_00049000	1	1	0.0
2024-05-02		VFB_00050396		1	1	0.0
2024-05-02		VFB_00050396	VFB_00049000	1	1	0.0
2024-05-02		VFB_00050397		5	1	4.0
2024-05-02		VFB_00050397	VFB_00049000	6	2	0.0
2024-05-02		VFB_00050430		1	1	0.0
2024-05-02		VFB_00050430	VFB_00049000	1	1	0.0
2024-05-02		VFB_00050433		1	1	0.0
2024-05-02		VFB_00050433	VFB_00049000	1	1	0.0
2024-05-02		VFB_00050434		1	1	0.0
2024-05-02		VFB_00050434	VFB_00049000	1	1	0.0
2024-05-02		VFB_00050464		1	1	0.0
2024-05-02		VFB_00050464	VFB_00049000	1	1	0.0
2024-05-02		VFB_00050465		1	1	0.0
2024-05-02		VFB_00050465	VFB_00049000	1	1	0.0
2024-05-02		VFB_00050500		1	1	0.0
2024-05-02		VFB_00050500	VFB_00049000	1	1	0.0
2024-05-02		VFB_00050501		2	1	46.0
2024-05-02		VFB_00050501	VFB_00049000	3	2	0.0
2024-05-02		VFB_00050502		1	1	0.0
2024-05-02		VFB_00050502	VFB_00049000	1	1	0.0
2024-05-02		VFB_00050503		1	1	0.0
2024-05-02		VFB_00050503	VFB_00049000	1	1	0.0
2024-05-02		VFB_00050505		1	1	0.0
2024-05-02		VFB_00050505	VFB_00049000	1	1	0.0
2024-05-02		VFB_00063243		1	1	0.0
2024-05-02		VFB_00063243	VFB_00101567	1	1	0.0
2024-05-02		VFB_00063250		1	1	0.0
2024-05-02		VFB_00063250	VFB_00101567	1	1	0.0
2024-05-02		VFB_00063302		1	1	0.0
2024-05-02		VFB_00063302	VFB_00101567	1	1	0.0
2024-05-02		VFB_00063321		1	1	0.0
2024-05-02		VFB_00063321	VFB_00101567	1	1	0.0
2024-05-02		VFB_00064109		1	1	0.0
2024-05-02		VFB_00064109	VFB_00101567	1	1	0.0
2024-05-02		VFB_00064516		5	1	20.0
2024-05-02		VFB_00064516	VFB_00101567	5	3	0.0
2024-05-02		VFB_00064603		1	1	0.0
2024-05-02		VFB_00064603	VFB_00101567	1	1	0.0
2024-05-02		VFB_00065051		1	1	0.0
2024-05-02		VFB_00065051	VFB_00101567	1	1	0.0
2024-05-02		VFB_00065059		1	1	0.0
2024-05-02		VFB_00065059	VFB_00101567	1	1	0.0
2024-05-02		VFB_00065446		1	1	0.0
2024-05-02		VFB_00065446	VFB_00101567	1	1	0.0
2024-05-02		VFB_00065744		1	1	0.0
2024-05-02		VFB_00065744	VFB_00101567	1	1	0.0
2024-05-02		VFB_00065960		1	1	0.0
2024-05-02		VFB_00065960	VFB_00101567	1	1	0.0
2024-05-02		VFB_00065972		1	1	1.0
2024-05-02		VFB_00065972	VFB_00101567	1	1	0.0
2024-05-02		VFB_00066173		1	1	0.0
2024-05-02		VFB_00066173	VFB_00101567	1	1	0.0
2024-05-02		VFB_00066310		1	1	9.0
2024-05-02		VFB_00066310	VFB_00100000	1	1	0.0
2024-05-02		VFB_00066631		1	1	0.0
2024-05-02		VFB_00066631	VFB_00101567	1	1	0.0
2024-05-02		VFB_00066833		1	1	0.0
2024-05-02		VFB_00066833	VFB_00101567	1	1	0.0
2024-05-02		VFB_00066857		1	1	0.0
2024-05-02		VFB_00066857	VFB_00101567	1	1	0.0
2024-05-02		VFB_00066873		1	1	0.0
2024-05-02		VFB_00066873	VFB_00101567	1	1	0.0
2024-05-02		VFB_00067215		1	1	0.0
2024-05-02		VFB_00067215	VFB_00101567	1	1	0.0
2024-05-02		VFB_00067677		2	1	0.0
2024-05-02		VFB_00067677	VFB_00101567	2	1	0.0
2024-05-02		VFB_00067802		1	1	0.0
2024-05-02		VFB_00067802	VFB_00101567	1	1	0.0
2024-05-02		VFB_00067887		1	1	0.0
2024-05-02		VFB_00067887	VFB_00101567	1	1	0.0
2024-05-02		VFB_00068019		1	1	0.0
2024-05-02		VFB_00068019	VFB_00101567	1	1	0.0
2024-05-02		VFB_00068382		1	1	0.0
2024-05-02		VFB_00068382	VFB_00101567	1	1	0.0
2024-05-02		VFB_00068683		3	1	7.0
2024-05-02		VFB_00068683	VFB_00101567	3	1	0.0
2024-05-02		VFB_00100958		1	1	0.0
2024-05-02		VFB_00100958	VFB_00050000	1	1	0.0
2024-05-02		VFB_00100962		1	1	0.0
2024-05-02		VFB_00100962	VFB_00050000	1	1	0.0
2024-05-02		VFB_00100wg0		1	1	12.0
2024-05-02		VFB_00100wg0	VFB_00101567	1	1	0.0
2024-05-02		VFB_00100wq0		2	1	4.0
2024-05-02		VFB_00100wq0	VFB_00101567	2	1	0.0
2024-05-02		VFB_00100xzt		4	1	10.0
2024-05-02		VFB_00100xzt	VFB_00101567	4	1	0.0
2024-05-02		VFB_00100zys		4	1	16.0
2024-05-02		VFB_00100zys	VFB_00101567	4	1	0.0
2024-05-02		VFB_00101012		1	1	0.0
2024-05-02		VFB_00101012	VFB_00050000	1	1	0.0
2024-05-02		VFB_00101023		1	1	0.0
2024-05-02		VFB_00101023	VFB_00050000	1	1	0.0
2024-05-02		VFB_00101026		1	1	0.0
2024-05-02		VFB_00101026	VFB_00050000	1	1	0.0
2024-05-02		VFB_00101031		9	1	311.0
2024-05-02		VFB_00101031	VFB_00050000	7	3	0.0
2024-05-02		VFB_00101031	VFB_00101567	2	1	0.0
2024-05-02		VFB_0010126k		1	1	0.0
2024-05-02		VFB_0010126k	VFB_00101567	1	1	0.0
2024-05-02		VFB_001012qa		25	1	0.0
2024-05-02		VFB_001012qa	VFB_00101567	25	1	0.0
2024-05-02		VFB_00101384		1	1	2.0
2024-05-02		VFB_00101384	VFB_00101384	2	2	13.0
2024-05-02		VFB_001013ck		4	1	11.0
2024-05-02		VFB_001013ck	VFB_00101567	4	1	0.0
2024-05-02		VFB_001014uq		11	1	37.0
2024-05-02		VFB_001014uq	VFB_00101567	3	1	0.0
2024-05-02		VFB_001014uq	VFB_00110000	8	1	0.0
2024-05-02		VFB_00101565		1	1	0.0
2024-05-02		VFB_00101565	VFB_00050000	1	1	0.0
2024-05-02		VFB_00101567		166	31	250.0
2024-05-02		VFB_00101567	VFB_00101567	177	38	969.0
2024-05-02		VFB_00102140		4	2	0.0
2024-05-02		VFB_00102140	VFB_00101567	4	3	0.0
2024-05-02		VFB_00102148		7	1	10.0
2024-05-02		VFB_00102148	VFB_00101567	7	2	0.0
2024-05-02		VFB_00102192		1	1	0.0
2024-05-02		VFB_00102192	VFB_00050000	1	1	0.0
2024-05-02		VFB_00102gr5		2	1	1.0
2024-05-02		VFB_00102gr5	VFB_00101567	2	1	0.0
2024-05-02		VFB_00110000		4	1	0.0
2024-05-02		VFB_00110000	VFB_00110000	4	1	0.0
2024-05-02		VFB_00200000		1	1	2.0
2024-05-02		VFB_00200000	VFB_00200000	2	2	48.0
2024-05-02		VFB_jrchjtsr		1	1	0.0
2024-05-02		VFB_jrchjtsr	VFB_00101567	1	1	0.0
2024-05-02		VFB_jrchk103		38	2	0.0
2024-05-02		VFB_jrchk103	VFB_00017894	26	1	0.0
2024-05-02		VFB_jrchk103	VFB_00101567	12	1	0.0
2024-05-02		VFB_jrchk87g		4	1	0.0
2024-05-02		VFB_jrchk87g	VFB_00101567	4	1	0.0
2024-05-02		VFBexp_FBtp0015		1	1	8.0
2024-05-02		VFBexp_FBtp0015	VFB_00101567	1	1	0.0
2024-05-02		VFBexp_FBtp0057		27	27	3.0
2024-05-02		VFBexp_FBtp0057	VFB_00101567	27	27	0.0
2024-05-02		VFBexp_FBtp0058		32	32	6.0
2024-05-02		VFBexp_FBtp0058	VFB_00101567	32	32	0.0
2024-05-02		VFBexp_FBtp0059		27	27	9.0
2024-05-02		VFBexp_FBtp0059	VFB_00101567	27	27	0.0
2024-05-02		VFBexp_FBtp0060		31	30	4.0
2024-05-02		VFBexp_FBtp0060	VFB_00101567	31	30	0.0
2024-05-02		VFBexp_FBtp0061		33	33	4.0
2024-05-02		VFBexp_FBtp0061	VFB_00101567	32	32	0.0
2024-05-02		VFBexp_FBtp0061	VFB_00110000	1	1	0.0
2024-05-02		VFBexp_FBtp0062		50	49	5.0
2024-05-02		VFBexp_FBtp0062	VFB_00101567	50	49	0.0
2024-05-02		VFBexp_FBtp0063		38	38	7.0
2024-05-02		VFBexp_FBtp0063	VFB_00101567	38	38	0.0
2024-05-02		VFBexp_FBtp0064		18	18	3.0
2024-05-02		VFBexp_FBtp0064	VFB_00101567	18	18	0.0
2024-05-02		VFBexp_FBtp0087		1	1	0.0
2024-05-02		VFBexp_FBtp0087	VFB_00110000	1	1	0.0
2024-05-02		VFBexp_FBtp0088		1	1	1.0
2024-05-02		VFBexp_FBtp0088	VFB_00101567	1	1	0.0
2024-05-02		VFBexp_FBtp0099		3	3	0.0
2024-05-02		VFBexp_FBtp0099	VFB_00101567	3	3	0.0
2024-05-02		VFBexp_FBtp0100		10	10	0.0
2024-05-02		VFBexp_FBtp0100	VFB_00101567	10	10	0.0
2024-05-02		VFBexp_FBtp0101		8	8	1.0
2024-05-02		VFBexp_FBtp0101	VFB_00101567	8	8	0.0
2024-05-02		VFBexp_FBtp0102		6	6	2.0
2024-05-02		VFBexp_FBtp0102	VFB_00101567	6	6	0.0
2024-05-02		VFBexp_FBtp0103		13	13	3.0
2024-05-02		VFBexp_FBtp0103	VFB_00101567	13	13	0.0
2024-05-02		VFBexp_FBtp0104		9	9	2.0
2024-05-02		VFBexp_FBtp0104	VFB_00101567	9	9	0.0
2024-05-02		VFBexp_FBtp0105		5	5	1.0
2024-05-02		VFBexp_FBtp0105	VFB_00101567	5	5	0.0
2024-05-02		VFBexp_FBtp0106		6	6	1.0
2024-05-02		VFBexp_FBtp0106	VFB_00101567	6	6	0.0
2024-05-02		VFBexp_FBtp0107		8	8	1.0
2024-05-02		VFBexp_FBtp0107	VFB_00101567	8	8	0.0
2024-05-02		VFBexp_FBtp0118		3	1	0.0
2024-05-02		VFBexp_FBtp0118	VFB_00101567	3	2	0.0
2024-05-02		VFBexp_FBtp0121		1	1	0.0
2024-05-02		VFBexp_FBtp0121	VFB_00101567	1	1	0.0
2024-05-02	v2.virtualflybrain.org	FBbt_00001102	VFB_00049000	0	1	3.0
2024-05-02	v2.virtualflybrain.org	FBbt_00001920	VFB_00049000	0	1	10.0
2024-05-02	v2.virtualflybrain.org	FBbt_00003007	VFB_00110000	0	1	61.0
2024-05-02	v2.virtualflybrain.org	FBbt_00003624	VFB_00101567	0	5	70.0
2024-05-02	v2.virtualflybrain.org	FBbt_00003678	VFB_00101567	2	3	58.0
2024-05-02	v2.virtualflybrain.org	FBbt_00003681	VFB_00101567	5	3	101.0
2024-05-02	v2.virtualflybrain.org	FBbt_00003748	VFB_00101567	0	6	539.0
2024-05-02	v2.virtualflybrain.org	FBbt_00003924	VFB_00101567	1	1	0.0
2024-05-02	v2.virtualflybrain.org	FBbt_00004011	VFB_00110000	0	1	27.0
2024-05-02	v2.virtualflybrain.org	FBbt_00005095	VFB_00101567	0	2	1.0
2024-05-02	v2.virtualflybrain.org	FBbt_00005144	VFB_00101567	0	1	496.0
2024-05-02	v2.virtualflybrain.org	FBbt_00007055	VFB_00101567	0	1	51.0
2024-05-02	v2.virtualflybrain.org	FBbt_00007064	VFB_00049000	0	1	5.0
2024-05-02	v2.virtualflybrain.org	FBbt_00007066	VFB_00049000	4	3	30.0
2024-05-02	v2.virtualflybrain.org	FBbt_00007702	VFB_00049000	0	1	7.0
2024-05-02	v2.virtualflybrain.org	FBbt_00007709	VFB_00049000	0	1	128.0
2024-05-02	v2.virtualflybrain.org	FBbt_00007723	VFB_00049000	0	1	57.0
2024-05-02	v2.virtualflybrain.org	FBbt_00014013	VFB_00101567	0	1	1.0
2024-05-02	v2.virtualflybrain.org	FBbt_00040002	VFB_00101567	0	2	14.0
2024-05-02	v2.virtualflybrain.org	FBbt_00040041	VFB_00101567	1	3	57.0
2024-05-02	v2.virtualflybrain.org	FBbt_00040042	VFB_00101567	0	2	49.0
2024-05-02	v2.virtualflybrain.org	FBbt_00040048	VFB_00101567	0	1	23.0
2024-05-02	v2.virtualflybrain.org	FBbt_00045046	VFB_00101567	1	1	22.0
2024-05-02	v2.virtualflybrain.org	FBbt_00045048	VFB_00101567	1	2	0.0
2024-05-02	v2.virtualflybrain.org	FBbt_00047887	VFB_00101567	0	4	65.0
2024-05-02	v2.virtualflybrain.org	FBbt_00047889	VFB_00049000	0	1	19.0
2024-05-02	v2.virtualflybrain.org	FBbt_00051274	VFB_00101567	13	1	0.0
2024-05-02	v2.virtualflybrain.org	FBbt_00051405	VFB_00049000	0	1	69.0
2024-05-02	v2.virtualflybrain.org	FBbt_00052192	VFB_00049000	0	1	86.0
2024-05-02	v2.virtualflybrain.org	FBbt_00052193	VFB_00049000	0	1	8.0
2024-05-02	v2.virtualflybrain.org	FBbt_00052538	VFB_00101567	16	1	0.0
2024-05-02	v2.virtualflybrain.org	FBbt_00052678		1	1	2.0
2024-05-02	v2.virtualflybrain.org	FBbt_00052678	VFB_00101567	0	1	52.0
2024-05-02	v2.virtualflybrain.org	FBbt_00100634	VFB_00101567	20	1	0.0
2024-05-02	v2.virtualflybrain.org	FBbt_00110107	VFB_00110000	0	1	33.0
2024-05-02	v2.virtualflybrain.org	FBbt_00111203		1	1	0.0
2024-05-02	v2.virtualflybrain.org	VFB_00017894	VFB_00017894	1	3	1.0
2024-05-02	v2.virtualflybrain.org	VFB_00020506	VFB_00101567	0	1	0.0
2024-05-02	v2.virtualflybrain.org	VFB_00020882		1	1	3.0
2024-05-02	v2.virtualflybrain.org	VFB_00020882	VFB_00101567	1	2	0.0
2024-05-02	v2.virtualflybrain.org	VFB_00022405	VFB_00101567	1	4	68.0
2024-05-02	v2.virtualflybrain.org	VFB_00022405	VFB_00110000	0	2	2.0
2024-05-02	v2.virtualflybrain.org	VFB_00023593	VFB_00101567	4	2	0.0
2024-05-02	v2.virtualflybrain.org	VFB_00026653	VFB_00101567	0	1	0.0
2024-05-02	v2.virtualflybrain.org	VFB_00030599	VFB_00017894	0	1	18.0
2024-05-02	v2.virtualflybrain.org	VFB_00030600	VFB_00017894	0	1	79.0
2024-05-02	v2.virtualflybrain.org	VFB_00030601	VFB_00017894	0	1	40.0
2024-05-02	v2.virtualflybrain.org	VFB_00030608	VFB_00017894	0	1	12.0
2024-05-02	v2.virtualflybrain.org	VFB_00030610	VFB_00017894	0	1	6.0
2024-05-02	v2.virtualflybrain.org	VFB_00030617	VFB_00017894	0	1	3.0
2024-05-02	v2.virtualflybrain.org	VFB_00030626	VFB_00017894	0	1	14.0
2024-05-02	v2.virtualflybrain.org	VFB_00030630	VFB_00017894	0	1	88.0
2024-05-02	v2.virtualflybrain.org	VFB_00030632	VFB_00017894	0	1	0.0
2024-05-02	v2.virtualflybrain.org	VFB_00030840	VFB_00017894	0	1	4.0
2024-05-02	v2.virtualflybrain.org	VFB_00030867	VFB_00101567	3	1	0.0
2024-05-02	v2.virtualflybrain.org	VFB_00030873	VFB_00101567	0	2	2.0
2024-05-02	v2.virtualflybrain.org	VFB_00039429	VFB_00101567	0	1	0.0
2024-05-02	v2.virtualflybrain.org	VFB_00039660	VFB_00101567	0	1	0.0
2024-05-02	v2.virtualflybrain.org	VFB_00041512	VFB_00101567	0	1	0.0
2024-05-02	v2.virtualflybrain.org	VFB_00045212	VFB_00101567	0	1	0.0
2024-05-02	v2.virtualflybrain.org	VFB_00049000	VFB_00049000	1	4	2.0
2024-05-02	v2.virtualflybrain.org	VFB_00050000		1	1	1.0
2024-05-02	v2.virtualflybrain.org	VFB_00050000	VFB_00050000	1	3	1.0
2024-05-02	v2.virtualflybrain.org	VFB_00050276	VFB_00049000	1	2	81.0
2024-05-02	v2.virtualflybrain.org	VFB_00050277	VFB_00049000	0	1	9.0
2024-05-02	v2.virtualflybrain.org	VFB_00050293	VFB_00049000	0	1	49.0
2024-05-02	v2.virtualflybrain.org	VFB_00050310	VFB_00049000	0	1	52.0
2024-05-02	v2.virtualflybrain.org	VFB_00050312	VFB_00050312	1	2	1.0
2024-05-02	v2.virtualflybrain.org	VFB_00050314	VFB_00049000	0	3	122.0
2024-05-02	v2.virtualflybrain.org	VFB_00050329	VFB_00049000	0	1	0.0
2024-05-02	v2.virtualflybrain.org	VFB_00050331	VFB_00049000	0	1	220.0
2024-05-02	v2.virtualflybrain.org	VFB_00050332	VFB_00049000	0	1	4.0
2024-05-02	v2.virtualflybrain.org	VFB_00050333	VFB_00049000	0	1	54.0
2024-05-02	v2.virtualflybrain.org	VFB_00050396	VFB_00049000	0	1	66.0
2024-05-02	v2.virtualflybrain.org	VFB_00050397	VFB_00049000	0	1	17.0
2024-05-02	v2.virtualflybrain.org	VFB_00050430	VFB_00049000	0	1	27.0
2024-05-02	v2.virtualflybrain.org	VFB_00050433	VFB_00049000	0	1	32.0
2024-05-02	v2.virtualflybrain.org	VFB_00050434	VFB_00049000	0	1	6.0
2024-05-02	v2.virtualflybrain.org	VFB_00050464	VFB_00049000	0	1	95.0
2024-05-02	v2.virtualflybrain.org	VFB_00050465	VFB_00049000	0	1	15.0
2024-05-02	v2.virtualflybrain.org	VFB_00050500	VFB_00049000	0	1	23.0
2024-05-02	v2.virtualflybrain.org	VFB_00050501	VFB_00049000	0	1	9.0
2024-05-02	v2.virtualflybrain.org	VFB_00050502	VFB_00049000	0	1	5.0
2024-05-02	v2.virtualflybrain.org	VFB_00050503	VFB_00049000	0	1	1.0
2024-05-02	v2.virtualflybrain.org	VFB_00050505	VFB_00049000	0	1	73.0
2024-05-02	v2.virtualflybrain.org	VFB_00063243	VFB_00101567	0	1	11.0
2024-05-02	v2.virtualflybrain.org	VFB_00063250	VFB_00101567	0	1	9.0
2024-05-02	v2.virtualflybrain.org	VFB_00063302	VFB_00101567	0	1	10.0
2024-05-02	v2.virtualflybrain.org	VFB_00063321	VFB_00101567	0	1	12.0
2024-05-02	v2.virtualflybrain.org	VFB_00064109	VFB_00101567	0	1	9.0
2024-05-02	v2.virtualflybrain.org	VFB_00064516	VFB_00101567	0	3	9.0
2024-05-02	v2.virtualflybrain.org	VFB_00064603	VFB_00101567	0	1	14.0
2024-05-02	v2.virtualflybrain.org	VFB_00065051	VFB_00101567	0	1	8.0
2024-05-02	v2.virtualflybrain.org	VFB_00065059	VFB_00101567	0	1	8.0
2024-05-02	v2.virtualflybrain.org	VFB_00065446	VFB_00101567	0	1	7.0
2024-05-02	v2.virtualflybrain.org	VFB_00065744	VFB_00101567	0	1	10.0
2024-05-02	v2.virtualflybrain.org	VFB_00065960	VFB_00101567	0	1	10.0
2024-05-02	v2.virtualflybrain.org	VFB_00065972	VFB_00101567	0	1	11.0
2024-05-02	v2.virtualflybrain.org	VFB_00066173	VFB_00101567	0	1	8.0
2024-05-02	v2.virtualflybrain.org	VFB_00066310	VFB_00100000	1	1	325.0
2024-05-02	v2.virtualflybrain.org	VFB_00066631	VFB_00101567	0	1	7.0
2024-05-02	v2.virtualflybrain.org	VFB_00066833	VFB_00101567	0	1	8.0
2024-05-02	v2.virtualflybrain.org	VFB_00066857	VFB_00101567	0	2	20.0
2024-05-02	v2.virtualflybrain.org	VFB_00066873	VFB_00101567	0	1	7.0
2024-05-02	v2.virtualflybrain.org	VFB_00067215	VFB_00101567	0	1	13.0
2024-05-02	v2.virtualflybrain.org	VFB_00067677	VFB_00101567	0	2	12.0
2024-05-02	v2.virtualflybrain.org	VFB_00067802	VFB_00101567	0	1	6.0
2024-05-02	v2.virtualflybrain.org	VFB_00067887	VFB_00101567	0	1	6.0
2024-05-02	v2.virtualflybrain.org	VFB_00068019	VFB_00101567	0	1	25.0
2024-05-02	v2.virtualflybrain.org	VFB_00068382	VFB_00101567	0	1	0.0
2024-05-02	v2.virtualflybrain.org	VFB_00068683	VFB_00101567	0	1	12.0
2024-05-02	v2.virtualflybrain.org	VFB_00100000	VFB_00100000	0	1	1.0
2024-05-02	v2.virtualflybrain.org	VFB_00100958	VFB_00050000	0	1	1.0
2024-05-02	v2.virtualflybrain.org	VFB_00100962	VFB_00050000	0	1	4.0
2024-05-02	v2.virtualflybrain.org	VFB_00100wg0	VFB_00101567	0	1	12.0
2024-05-02	v2.virtualflybrain.org	VFB_00100wq0	VFB_00101567	0	2	16.0
2024-05-02	v2.virtualflybrain.org	VFB_00100xzt	VFB_00101567	0	1	0.0
2024-05-02	v2.virtualflybrain.org	VFB_00100zys	VFB_00101567	0	1	0.0
2024-05-02	v2.virtualflybrain.org	VFB_00101012	VFB_00050000	0	1	0.0
2024-05-02	v2.virtualflybrain.org	VFB_00101023	VFB_00050000	0	1	1.0
2024-05-02	v2.virtualflybrain.org	VFB_00101026	VFB_00050000	0	1	0.0
2024-05-02	v2.virtualflybrain.org	VFB_00101031	VFB_00050000	2	3	7.0
2024-05-02	v2.virtualflybrain.org	VFB_00101031	VFB_00101567	1	2	30.0
2024-05-02	v2.virtualflybrain.org	VFB_0010126k	VFB_00101567	1	1	0.0
2024-05-02	v2.virtualflybrain.org	VFB_001012qa	VFB_00101567	25	1	0.0
2024-05-02	v2.virtualflybrain.org	VFB_00101384	VFB_00101384	1	3	25.0
2024-05-02	v2.virtualflybrain.org	VFB_001013ck	VFB_00101567	0	1	0.0
2024-05-02	v2.virtualflybrain.org	VFB_001014uq	VFB_00101567	0	2	51.0
2024-05-02	v2.virtualflybrain.org	VFB_001014uq	VFB_00110000	2	4	40.0
2024-05-02	v2.virtualflybrain.org	VFB_00101565	VFB_00050000	0	1	82.0
2024-05-02	v2.virtualflybrain.org	VFB_00101567	VFB_00101567	79	72	489.0
2024-05-02	v2.virtualflybrain.org	VFB_00102140	VFB_00101567	0	1	22.0
2024-05-02	v2.virtualflybrain.org	VFB_00102148	VFB_00101567	1	3	1.0
2024-05-02	v2.virtualflybrain.org	VFB_00102192	VFB_00050000	0	1	2.0
2024-05-02	v2.virtualflybrain.org	VFB_00102gr5	VFB_00101567	0	1	67.0
2024-05-02	v2.virtualflybrain.org	VFB_00110000	VFB_00110000	0	1	76.0
2024-05-02	v2.virtualflybrain.org	VFB_00200000	VFB_00200000	1	2	0.0
2024-05-02	v2.virtualflybrain.org	VFB_jrchjtf3	VFB_00101567	1	1	0.0
2024-05-02	v2.virtualflybrain.org	VFB_jrchjtsr	VFB_00101567	1	1	0.0
2024-05-02	v2.virtualflybrain.org	VFB_jrchk103	VFB_00017894	26	1	0.0
2024-05-02	v2.virtualflybrain.org	VFB_jrchk103	VFB_00101567	12	1	0.0
2024-05-02	v2.virtualflybrain.org	VFB_jrchk87g	VFB_00101567	4	1	0.0
2024-05-02	v2.virtualflybrain.org	VFBexp_FBtp0015	VFB_00101567	0	1	51.0
2024-05-02	v2.virtualflybrain.org	VFBexp_FBtp0057	VFB_00101567	2	27	273.0
2024-05-02	v2.virtualflybrain.org	VFBexp_FBtp0058		2	2	0.0
2024-05-02	v2.virtualflybrain.org	VFBexp_FBtp0058	VFB_00101567	0	31	295.0
2024-05-02	v2.virtualflybrain.org	VFBexp_FBtp0059	VFB_00101567	0	27	266.0
2024-05-02	v2.virtualflybrain.org	VFBexp_FBtp0060	VFB_00101567	0	30	252.0
2024-05-02	v2.virtualflybrain.org	VFBexp_FBtp0061	VFB_00101567	0	32	268.0
2024-05-02	v2.virtualflybrain.org	VFBexp_FBtp0061	VFB_00110000	0	1	59.0
2024-05-02	v2.virtualflybrain.org	VFBexp_FBtp0062	VFB_00101567	0	49	430.0
2024-05-02	v2.virtualflybrain.org	VFBexp_FBtp0063	VFB_00101567	1	38	388.0
2024-05-02	v2.virtualflybrain.org	VFBexp_FBtp0064	VFB_00101567	0	18	141.0
2024-05-02	v2.virtualflybrain.org	VFBexp_FBtp0087	VFB_00110000	0	2	49.0
2024-05-02	v2.virtualflybrain.org	VFBexp_FBtp0088	VFB_00101567	0	1	12.0
2024-05-02	v2.virtualflybrain.org	VFBexp_FBtp0099	VFB_00101567	0	3	29.0
2024-05-02	v2.virtualflybrain.org	VFBexp_FBtp0100	VFB_00101567	0	10	154.0
2024-05-02	v2.virtualflybrain.org	VFBexp_FBtp0101	VFB_00101567	0	8	119.0
2024-05-02	v2.virtualflybrain.org	VFBexp_FBtp0102	VFB_00101567	0	6	63.0
2024-05-02	v2.virtualflybrain.org	VFBexp_FBtp0103	VFB_00101567	0	13	167.0
2024-05-02	v2.virtualflybrain.org	VFBexp_FBtp0104	VFB_00101567	0	9	112.0
2024-05-02	v2.virtualflybrain.org	VFBexp_FBtp0105	VFB_00101567	0	5	39.0
2024-05-02	v2.virtualflybrain.org	VFBexp_FBtp0106	VFB_00101567	0	6	63.0
2024-05-02	v2.virtualflybrain.org	VFBexp_FBtp0107	VFB_00101567	0	8	95.0
2024-05-02	v2.virtualflybrain.org	VFBexp_FBtp0118	VFB_00101567	1	2	19.0
2024-05-02	v2.virtualflybrain.org	VFBexp_FBtp0121	VFB_00101567	0	1	16.0
2024-05-03		FBbt_00003004		2	1	0.0
2024-05-03		FBbt_00003004	VFB_00101567	2	1	0.0
2024-05-03		FBbt_00003623		2	1	0.0
2024-05-03		FBbt_00003623	VFB_00101567	2	1	0.0
2024-05-03		FBbt_00003624		3	3	0.0
2024-05-03		FBbt_00003624	VFB_00101567	5	3	0.0
2024-05-03		FBbt_00003632		2	2	0.0
2024-05-03		FBbt_00003632	VFB_00101567	2	2	0.0
2024-05-03		FBbt_00003680		4	2	2.0
2024-05-03		FBbt_00003680	VFB_00101567	4	3	0.0
2024-05-03		FBbt_00003681		3	3	1.0
2024-05-03		FBbt_00003681	VFB_00101567	3	3	0.0
2024-05-03		FBbt_00013695		1	1	0.0
2024-05-03		FBbt_00013695	VFB_00101567	1	1	0.0
2024-05-03		FBbt_00014013		2	2	0.0
2024-05-03		FBbt_00014013	VFB_00101567	2	2	0.0
2024-05-03		FBbt_00040041		1	1	0.0
2024-05-03		FBbt_00040041	VFB_00101567	1	1	0.0
2024-05-03		FBbt_00045037		1	1	0.0
2024-05-03		FBbt_00045037	VFB_00101567	1	1	0.0
2024-05-03		FBbt_00045048		1	1	0.0
2024-05-03		FBbt_00045048	VFB_00101567	1	1	0.0
2024-05-03		FBbt_00047174		1	1	0.0
2024-05-03		FBbt_00047174	VFB_00200000	1	1	0.0
2024-05-03		FBbt_00047541		3	1	0.0
2024-05-03		FBbt_00047541	VFB_00200000	3	1	0.0
2024-05-03		FBbt_00047887		2	1	0.0
2024-05-03		FBbt_00047887	VFB_00101567	3	1	0.0
2024-05-03		FBbt_00051262		2	1	0.0
2024-05-03		FBbt_00051262	VFB_00101567	2	1	0.0
2024-05-03		FBbt_00051274		3	1	0.0
2024-05-03		FBbt_00051274	VFB_00101567	3	1	0.0
2024-05-03		FBbt_00051561		11	1	18.0
2024-05-03		FBbt_00051561	VFB_00101567	7	2	0.0
2024-05-03		FBbt_00052538		15	1	0.0
2024-05-03		FBbt_00052538	VFB_00101567	15	1	0.0
2024-05-03		FBbt_00100634		25	1	0.0
2024-05-03		FBbt_00100634	VFB_00101567	25	1	0.0
2024-05-03		FBbt_00110636		1	1	0.0
2024-05-03		FBbt_00110636	VFB_00101567	1	1	0.0
2024-05-03		FBbt_00111272		1	1	0.0
2024-05-03		FBbt_00111272	VFB_00101567	1	1	0.0
2024-05-03		FBbt_00111451		1	1	1.0
2024-05-03		FBbt_00111451	VFB_00101567	1	1	0.0
2024-05-03		FBbt_20001291		13	1	12.0
2024-05-03		FBbt_20001291	VFB_00101567	9	3	0.0
2024-05-03		VFB_00004035		1	1	9.0
2024-05-03		VFB_00004035	VFB_00101567	1	1	0.0
2024-05-03		VFB_00020700		4	1	62.0
2024-05-03		VFB_00020700	VFB_00101567	4	1	0.0
2024-05-03		VFB_00021595		2	1	2.0
2024-05-03		VFB_00021595	VFB_00101567	2	1	0.0
2024-05-03		VFB_00022637		6	1	2.0
2024-05-03		VFB_00022637	VFB_00101567	6	1	0.0
2024-05-03		VFB_00024398		4	1	18.0
2024-05-03		VFB_00024398	VFB_00101567	4	1	0.0
2024-05-03		VFB_00025501		2	1	7.0
2024-05-03		VFB_00025501	VFB_00101567	2	1	0.0
2024-05-03		VFB_00025830		2	1	11.0
2024-05-03		VFB_00025830	VFB_00101567	2	1	0.0
2024-05-03		VFB_00030261		2	1	12.0
2024-05-03		VFB_00030261	VFB_00101567	2	1	0.0
2024-05-03		VFB_00030849		3	1	61.0
2024-05-03		VFB_00030849	VFB_00017894	1	1	0.0
2024-05-03		VFB_00030849	VFB_00101567	2	1	0.0
2024-05-03		VFB_00039062		4	1	58.0
2024-05-03		VFB_00039062	VFB_00101567	4	1	0.0
2024-05-03		VFB_00042012		2	1	7.0
2024-05-03		VFB_00042012	VFB_00101567	2	1	0.0
2024-05-03		VFB_00044669		3	1	11.0
2024-05-03		VFB_00044669	VFB_00101567	3	1	0.0
2024-05-03		VFB_00046361		2	1	13.0
2024-05-03		VFB_00046361	VFB_00101567	2	1	0.0
2024-05-03		VFB_00046570		3	1	15.0
2024-05-03		VFB_00046570	VFB_00101567	3	1	0.0
2024-05-03		VFB_00049000		3	2	2.0
2024-05-03		VFB_00049000	VFB_00049000	4	4	11.0
2024-05-03		VFB_00050312		2	1	0.0
2024-05-03		VFB_00050312	VFB_00049000	2	1	0.0
2024-05-03		VFB_00063317		2	1	16.0
2024-05-03		VFB_00063317	VFB_00101567	2	1	0.0
2024-05-03		VFB_00063572		3	1	5.0
2024-05-03		VFB_00063572	VFB_00101567	3	1	0.0
2024-05-03		VFB_00063594		2	1	7.0
2024-05-03		VFB_00063594	VFB_00101567	2	1	0.0
2024-05-03		VFB_00063642		2	1	12.0
2024-05-03		VFB_00063642	VFB_00101567	2	1	0.0
2024-05-03		VFB_00064065		2	1	6.0
2024-05-03		VFB_00064065	VFB_00101567	2	1	0.0
2024-05-03		VFB_00064167		2	1	0.0
2024-05-03		VFB_00064167	VFB_00101567	2	1	0.0
2024-05-03		VFB_00064307		1	1	0.0
2024-05-03		VFB_00064307	VFB_00101567	1	1	0.0
2024-05-03		VFB_00064637		2	1	15.0
2024-05-03		VFB_00064637	VFB_00101567	2	1	0.0
2024-05-03		VFB_00064782		2	1	15.0
2024-05-03		VFB_00064782	VFB_00101567	2	1	0.0
2024-05-03		VFB_00065130		2	1	10.0
2024-05-03		VFB_00065130	VFB_00101567	2	1	0.0
2024-05-03		VFB_00065142		1	1	0.0
2024-05-03		VFB_00065142	VFB_00101567	1	1	0.0
2024-05-03		VFB_00065629		2	1	17.0
2024-05-03		VFB_00065629	VFB_00101567	2	1	0.0
2024-05-03		VFB_00065658		2	1	5.0
2024-05-03		VFB_00065658	VFB_00101567	2	1	0.0
2024-05-03		VFB_00066029		2	1	18.0
2024-05-03		VFB_00066029	VFB_00101567	2	1	0.0
2024-05-03		VFB_00066160		2	1	12.0
2024-05-03		VFB_00066160	VFB_00101567	2	1	0.0
2024-05-03		VFB_00066528		2	1	11.0
2024-05-03		VFB_00066528	VFB_00101567	2	1	0.0
2024-05-03		VFB_00067249		2	1	6.0
2024-05-03		VFB_00067249	VFB_00101567	2	1	0.0
2024-05-03		VFB_00067407		2	1	11.0
2024-05-03		VFB_00067407	VFB_00101567	2	1	0.0
2024-05-03		VFB_00067694		2	1	2.0
2024-05-03		VFB_00067694	VFB_00101567	2	1	0.0
2024-05-03		VFB_00067808		2	1	14.0
2024-05-03		VFB_00067808	VFB_00101567	2	1	0.0
2024-05-03		VFB_00067879		2	1	3.0
2024-05-03		VFB_00067879	VFB_00101567	2	1	0.0
2024-05-03		VFB_00068506		2	1	10.0
2024-05-03		VFB_00068506	VFB_00101567	2	1	0.0
2024-05-03		VFB_00068595		2	1	10.0
2024-05-03		VFB_00068595	VFB_00101567	2	1	0.0
2024-05-03		VFB_00068641		2	1	11.0
2024-05-03		VFB_00068641	VFB_00101567	2	1	0.0
2024-05-03		VFB_00100clj		2	1	2.0
2024-05-03		VFB_00100clj	VFB_00101567	1	1	0.0
2024-05-03		VFB_00100clj	VFB_00200000	1	1	0.0
2024-05-03		VFB_00100uwr		4	1	21.0
2024-05-03		VFB_00100uwr	VFB_00101567	2	1	0.0
2024-05-03		VFB_00100uwr	VFB_00200000	2	1	0.0
2024-05-03		VFB_00100w4p		4	1	13.0
2024-05-03		VFB_00100w4p	VFB_00101567	4	2	0.0
2024-05-03		VFB_00101031		2	1	0.0
2024-05-03		VFB_00101031	VFB_00050000	1	1	0.0
2024-05-03		VFB_00101031	VFB_00101567	1	1	0.0
2024-05-03		VFB_001012qa		24	1	0.0
2024-05-03		VFB_001012qa	VFB_00101567	24	1	0.0
2024-05-03		VFB_00101567		134	23	88.0
2024-05-03		VFB_00101567	VFB_00101567	151	34	0.0
2024-05-03		VFB_00102134		4	1	0.0
2024-05-03		VFB_00102134	VFB_00101567	4	1	0.0
2024-05-03		VFB_00102135		12	1	0.0
2024-05-03		VFB_00102135	VFB_00101567	12	2	0.0
2024-05-03		VFB_00102137		2	1	0.0
2024-05-03		VFB_00102137	VFB_00101567	2	1	0.0
2024-05-03		VFB_00102154		4	1	2.0
2024-05-03		VFB_00102154	VFB_00101567	4	1	0.0
2024-05-03		VFB_00102273		3	1	0.0
2024-05-03		VFB_00102273	VFB_00101567	3	1	0.0
2024-05-03		VFB_00102282		2	1	0.0
2024-05-03		VFB_00102282	VFB_00101567	2	1	0.0
2024-05-03		VFB_jrch080q		4	1	1.0
2024-05-03		VFB_jrch080q	VFB_00101567	4	1	0.0
2024-05-03		VFB_jrchjtki		3	1	5.0
2024-05-03		VFB_jrchjtki	VFB_00101567	3	1	0.0
2024-05-03		VFB_jrchjtl3		2	1	3.0
2024-05-03		VFB_jrchjtl3	VFB_00101567	2	1	0.0
2024-05-03		VFB_jrchju01		2	1	5.0
2024-05-03		VFB_jrchju01	VFB_00101567	7	1	0.0
2024-05-03		VFB_jrchjup1		2	1	5.0
2024-05-03		VFB_jrchjup1	VFB_00101567	2	1	0.0
2024-05-03		VFB_jrchjuy0		8	1	13.0
2024-05-03		VFB_jrchjuy0	VFB_00101567	8	3	0.0
2024-05-03		VFB_jrchjwy5		2	1	1.0
2024-05-03		VFB_jrchjwy5	VFB_00101567	2	1	0.0
2024-05-03		VFB_jrchjyjy		9	1	120.0
2024-05-03		VFB_jrchjyjy	VFB_00101567	17	1	0.0
2024-05-03		VFB_jrchk103		5	2	0.0
2024-05-03		VFB_jrchk103	VFB_00017894	2	1	0.0
2024-05-03		VFB_jrchk103	VFB_00101567	3	1	0.0
2024-05-03		VFB_jrchk3cr		2	1	3.0
2024-05-03		VFB_jrchk3cr	VFB_00101567	2	1	0.0
2024-05-03		VFB_jrchk3cz		2	1	4.0
2024-05-03		VFB_jrchk3cz	VFB_00101567	2	1	0.0
2024-05-03		VFB_jrchk3d3		2	1	4.0
2024-05-03		VFB_jrchk3d3	VFB_00101567	2	1	0.0
2024-05-03		VFB_jrchk3di		2	1	6.0
2024-05-03		VFB_jrchk3di	VFB_00101567	2	1	0.0
2024-05-03		VFB_jrchk3dk		18	1	1717.0
2024-05-03		VFB_jrchk3dk	VFB_00101567	13	2	0.0
2024-05-03		VFB_jrchk3dm		2	1	7.0
2024-05-03		VFB_jrchk3dm	VFB_00101567	2	2	0.0
2024-05-03		VFB_jrchk3do		5	1	15.0
2024-05-03		VFB_jrchk3do	VFB_00101567	5	2	0.0
2024-05-03		VFB_jrchk3dp		2	1	4.0
2024-05-03		VFB_jrchk3dp	VFB_00101567	2	1	0.0
2024-05-03		VFB_jrchk87g		2	1	0.0
2024-05-03		VFB_jrchk87g	VFB_00101567	2	1	0.0
2024-05-03		VFBexp_FBtp0057		3	3	0.0
2024-05-03		VFBexp_FBtp0057	VFB_00101567	3	3	0.0
2024-05-03		VFBexp_FBtp0058		2	2	1.0
2024-05-03		VFBexp_FBtp0058	VFB_00101567	2	2	0.0
2024-05-03		VFBexp_FBtp0093		1	1	0.0
2024-05-03		VFBexp_FBtp0093	VFB_00101567	1	1	0.0
2024-05-03		VFBexp_FBtp0099		4	4	1.0
2024-05-03		VFBexp_FBtp0099	VFB_00101567	4	4	0.0
2024-05-03		VFBexp_FBtp0100		4	4	0.0
2024-05-03		VFBexp_FBtp0100	VFB_00101567	4	4	0.0
2024-05-03		VFBexp_FBtp0101		5	5	0.0
2024-05-03		VFBexp_FBtp0101	VFB_00101567	5	5	0.0
2024-05-03		VFBexp_FBtp0102		13	13	0.0
2024-05-03		VFBexp_FBtp0102	VFB_00101567	13	13	0.0
2024-05-03		VFBexp_FBtp0103		8	8	2.0
2024-05-03		VFBexp_FBtp0103	VFB_00101567	8	8	0.0
2024-05-03		VFBexp_FBtp0104		7	7	1.0
2024-05-03		VFBexp_FBtp0104	VFB_00101567	7	7	0.0
2024-05-03		VFBexp_FBtp0105		8	8	2.0
2024-05-03		VFBexp_FBtp0105	VFB_00101567	8	8	0.0
2024-05-03		VFBexp_FBtp0106		3	3	1.0
2024-05-03		VFBexp_FBtp0106	VFB_00101567	3	3	0.0
2024-05-03		VFBexp_FBtp0107		5	5	0.0
2024-05-03		VFBexp_FBtp0107	VFB_00101567	5	5	0.0
2024-05-03	v2.virtualflybrain.org	FBbt_00003004	VFB_00101567	0	1	1.0
2024-05-03	v2.virtualflybrain.org	FBbt_00003623	VFB_00101567	0	1	215.0
2024-05-03	v2.virtualflybrain.org	FBbt_00003624	VFB_00101567	0	3	136.0
2024-05-03	v2.virtualflybrain.org	FBbt_00003632	VFB_00101567	0	2	78.0
2024-05-03	v2.virtualflybrain.org	FBbt_00003651	VFB_00101567	0	1	3.0
2024-05-03	v2.virtualflybrain.org	FBbt_00003680	VFB_00101567	0	3	76.0
2024-05-03	v2.virtualflybrain.org	FBbt_00003681	VFB_00101567	1	3	19.0
2024-05-03	v2.virtualflybrain.org	FBbt_00007055	VFB_00101567	1	1	0.0
2024-05-03	v2.virtualflybrain.org	FBbt_00013695	VFB_00101567	0	1	35.0
2024-05-03	v2.virtualflybrain.org	FBbt_00013774	VFB_00101567	0	1	148.0
2024-05-03	v2.virtualflybrain.org	FBbt_00014013	VFB_00101567	1	2	5.0
2024-05-03	v2.virtualflybrain.org	FBbt_00040041	VFB_00101567	0	2	5.0
2024-05-03	v2.virtualflybrain.org	FBbt_00045037	VFB_00101567	0	1	47.0
2024-05-03	v2.virtualflybrain.org	FBbt_00045048	VFB_00101567	0	1	7.0
2024-05-03	v2.virtualflybrain.org	FBbt_00047174	VFB_00200000	0	1	3.0
2024-05-03	v2.virtualflybrain.org	FBbt_00047541	VFB_00200000	0	2	36.0
2024-05-03	v2.virtualflybrain.org	FBbt_00047887	VFB_00101567	0	1	53.0
2024-05-03	v2.virtualflybrain.org	FBbt_00051262	VFB_00101567	0	1	23.0
2024-05-03	v2.virtualflybrain.org	FBbt_00051274	VFB_00101567	4	1	0.0
2024-05-03	v2.virtualflybrain.org	FBbt_00051561		1	1	0.0
2024-05-03	v2.virtualflybrain.org	FBbt_00051561	VFB_00101567	0	1	59.0
2024-05-03	v2.virtualflybrain.org	FBbt_00052538	VFB_00101567	15	1	0.0
2024-05-03	v2.virtualflybrain.org	FBbt_00100482	VFB_00101567	1	2	89.0
2024-05-03	v2.virtualflybrain.org	FBbt_00100634	VFB_00101567	25	1	0.0
2024-05-03	v2.virtualflybrain.org	FBbt_00110636	VFB_00101567	0	1	75.0
2024-05-03	v2.virtualflybrain.org	FBbt_00111272		1	1	1.0
2024-05-03	v2.virtualflybrain.org	FBbt_00111451	VFB_00101567	0	1	69.0
2024-05-03	v2.virtualflybrain.org	FBbt_20001291	VFB_00101567	0	1	7.0
2024-05-03	v2.virtualflybrain.org	VFB_00004035	VFB_00101567	0	1	93.0
2024-05-03	v2.virtualflybrain.org	VFB_00017894	VFB_00017894	0	1	0.0
2024-05-03	v2.virtualflybrain.org	VFB_00020700		1	1	1.0
2024-05-03	v2.virtualflybrain.org	VFB_00020700	VFB_00101567	0	1	44.0
2024-05-03	v2.virtualflybrain.org	VFB_00021595	VFB_00101567	0	2	3.0
2024-05-03	v2.virtualflybrain.org	VFB_00022637	VFB_00101567	0	2	14.0
2024-05-03	v2.virtualflybrain.org	VFB_00023593	VFB_00101567	1	1	0.0
2024-05-03	v2.virtualflybrain.org	VFB_00024398	VFB_00101567	0	1	0.0
2024-05-03	v2.virtualflybrain.org	VFB_00025501	VFB_00101567	0	1	34.0
2024-05-03	v2.virtualflybrain.org	VFB_00025830	VFB_00101567	0	1	10.0
2024-05-03	v2.virtualflybrain.org	VFB_00030261	VFB_00101567	0	1	43.0
2024-05-03	v2.virtualflybrain.org	VFB_00030849	VFB_00017894	1	3	12.0
2024-05-03	v2.virtualflybrain.org	VFB_00030849	VFB_00101567	0	1	1.0
2024-05-03	v2.virtualflybrain.org	VFB_00039062	VFB_00101567	0	1	0.0
2024-05-03	v2.virtualflybrain.org	VFB_00042012	VFB_00101567	0	1	52.0
2024-05-03	v2.virtualflybrain.org	VFB_00044669	VFB_00101567	0	1	39.0
2024-05-03	v2.virtualflybrain.org	VFB_00046361	VFB_00101567	0	1	36.0
2024-05-03	v2.virtualflybrain.org	VFB_00046570	VFB_00101567	0	1	24.0
2024-05-03	v2.virtualflybrain.org	VFB_00049000		4	2	22.0
2024-05-03	v2.virtualflybrain.org	VFB_00049000	VFB_00049000	2	4	0.0
2024-05-03	v2.virtualflybrain.org	VFB_00050000	VFB_00050000	0	1	0.0
2024-05-03	v2.virtualflybrain.org	VFB_00050312	VFB_00049000	0	1	0.0
2024-05-03	v2.virtualflybrain.org	VFB_00050332	VFB_00049000	1	1	0.0
2024-05-03	v2.virtualflybrain.org	VFB_00063317	VFB_00101567	0	1	0.0
2024-05-03	v2.virtualflybrain.org	VFB_00063572	VFB_00101567	1	1	8.0
2024-05-03	v2.virtualflybrain.org	VFB_00063594	VFB_00101567	0	1	13.0
2024-05-03	v2.virtualflybrain.org	VFB_00063642	VFB_00101567	0	1	17.0
2024-05-03	v2.virtualflybrain.org	VFB_00064065	VFB_00101567	0	1	7.0
2024-05-03	v2.virtualflybrain.org	VFB_00064167	VFB_00101567	0	1	20.0
2024-05-03	v2.virtualflybrain.org	VFB_00064307	VFB_00101567	0	2	96.0
2024-05-03	v2.virtualflybrain.org	VFB_00064637	VFB_00101567	0	1	8.0
2024-05-03	v2.virtualflybrain.org	VFB_00064782	VFB_00101567	0	1	30.0
2024-05-03	v2.virtualflybrain.org	VFB_00065130	VFB_00101567	0	1	9.0
2024-05-03	v2.virtualflybrain.org	VFB_00065142	VFB_00101567	0	1	5.0
2024-05-03	v2.virtualflybrain.org	VFB_00065629	VFB_00101567	0	1	14.0
2024-05-03	v2.virtualflybrain.org	VFB_00065658	VFB_00101567	0	1	17.0
2024-05-03	v2.virtualflybrain.org	VFB_00066029	VFB_00101567	0	1	15.0
2024-05-03	v2.virtualflybrain.org	VFB_00066160	VFB_00101567	0	1	11.0
2024-05-03	v2.virtualflybrain.org	VFB_00066528	VFB_00101567	0	1	13.0
2024-05-03	v2.virtualflybrain.org	VFB_00067249	VFB_00101567	0	1	11.0
2024-05-03	v2.virtualflybrain.org	VFB_00067407	VFB_00101567	0	1	35.0
2024-05-03	v2.virtualflybrain.org	VFB_00067694	VFB_00101567	0	1	10.0
2024-05-03	v2.virtualflybrain.org	VFB_00067808	VFB_00101567	0	1	15.0
2024-05-03	v2.virtualflybrain.org	VFB_00067879	VFB_00101567	0	1	12.0
2024-05-03	v2.virtualflybrain.org	VFB_00068506	VFB_00101567	0	1	22.0
2024-05-03	v2.virtualflybrain.org	VFB_00068595	VFB_00101567	0	1	17.0
2024-05-03	v2.virtualflybrain.org	VFB_00068641	VFB_00101567	0	1	2.0
2024-05-03	v2.virtualflybrain.org	VFB_00100clj	VFB_00101567	0	2	29.0
2024-05-03	v2.virtualflybrain.org	VFB_00100clj	VFB_00200000	1	2	0.0
2024-05-03	v2.virtualflybrain.org	VFB_00100uwr	VFB_00101567	1	3	54.0
2024-05-03	v2.virtualflybrain.org	VFB_00100uwr	VFB_00200000	0	2	22.0
2024-05-03	v2.virtualflybrain.org	VFB_00100w4p	VFB_00101567	0	1	3.0
2024-05-03	v2.virtualflybrain.org	VFB_00101031	VFB_00050000	1	1	0.0
2024-05-03	v2.virtualflybrain.org	VFB_00101031	VFB_00101567	1	1	0.0
2024-05-03	v2.virtualflybrain.org	VFB_001012qa	VFB_00101567	24	1	0.0
2024-05-03	v2.virtualflybrain.org	VFB_00101567	VFB_00101567	52	56	580.0
2024-05-03	v2.virtualflybrain.org	VFB_00102134	VFB_00101567	0	1	45.0
2024-05-03	v2.virtualflybrain.org	VFB_00102135	VFB_00101567	0	2	73.0
2024-05-03	v2.virtualflybrain.org	VFB_00102137	VFB_00101567	0	1	5.0
2024-05-03	v2.virtualflybrain.org	VFB_00102154	VFB_00101567	5	1	1.0
2024-05-03	v2.virtualflybrain.org	VFB_00102273	VFB_00101567	1	1	0.0
2024-05-03	v2.virtualflybrain.org	VFB_00102282	VFB_00101567	0	1	1.0
2024-05-03	v2.virtualflybrain.org	VFB_jrch080q	VFB_00101567	3	1	8.0
2024-05-03	v2.virtualflybrain.org	VFB_jrchjtki	VFB_00101567	0	2	150.0
2024-05-03	v2.virtualflybrain.org	VFB_jrchjtl3	VFB_00101567	0	1	61.0
2024-05-03	v2.virtualflybrain.org	VFB_jrchju01	VFB_00101567	0	1	4.0
2024-05-03	v2.virtualflybrain.org	VFB_jrchjup1	VFB_00101567	0	1	159.0
2024-05-03	v2.virtualflybrain.org	VFB_jrchjuy0	VFB_00101567	1	2	10.0
2024-05-03	v2.virtualflybrain.org	VFB_jrchjwy5	VFB_00101567	0	1	68.0
2024-05-03	v2.virtualflybrain.org	VFB_jrchjyjy	VFB_00101567	0	1	42.0
2024-05-03	v2.virtualflybrain.org	VFB_jrchk103	VFB_00017894	2	1	0.0
2024-05-03	v2.virtualflybrain.org	VFB_jrchk103	VFB_00101567	2	2	0.0
2024-05-03	v2.virtualflybrain.org	VFB_jrchk3cz	VFB_00101567	0	1	27.0
2024-05-03	v2.virtualflybrain.org	VFB_jrchk3di	VFB_00101567	0	1	26.0
2024-05-03	v2.virtualflybrain.org	VFB_jrchk3dk	VFB_00101567	0	2	83.0
2024-05-03	v2.virtualflybrain.org	VFB_jrchk3dm	VFB_00101567	0	2	49.0
2024-05-03	v2.virtualflybrain.org	VFB_jrchk3do	VFB_00101567	0	2	288.0
2024-05-03	v2.virtualflybrain.org	VFB_jrchk3dp	VFB_00101567	0	1	53.0
2024-05-03	v2.virtualflybrain.org	VFB_jrchk87g	VFB_00101567	2	1	0.0
2024-05-03	v2.virtualflybrain.org	VFBexp_FBtp0057		3	3	0.0
2024-05-03	v2.virtualflybrain.org	VFBexp_FBtp0057	VFB_00101567	0	2	53.0
2024-05-03	v2.virtualflybrain.org	VFBexp_FBtp0058		2	2	0.0
2024-05-03	v2.virtualflybrain.org	VFBexp_FBtp0093	VFB_00101567	0	1	6.0
2024-05-03	v2.virtualflybrain.org	VFBexp_FBtp0099		1	1	1.0
2024-05-03	v2.virtualflybrain.org	VFBexp_FBtp0099	VFB_00101567	0	4	133.0
2024-05-03	v2.virtualflybrain.org	VFBexp_FBtp0100	VFB_00101567	0	4	57.0
2024-05-03	v2.virtualflybrain.org	VFBexp_FBtp0101	VFB_00101567	0	5	99.0
2024-05-03	v2.virtualflybrain.org	VFBexp_FBtp0102	VFB_00101567	0	10	183.0
2024-05-03	v2.virtualflybrain.org	VFBexp_FBtp0103	VFB_00101567	0	8	155.0
2024-05-03	v2.virtualflybrain.org	VFBexp_FBtp0104	VFB_00101567	0	6	101.0
2024-05-03	v2.virtualflybrain.org	VFBexp_FBtp0105	VFB_00101567	0	8	201.0
2024-05-03	v2.virtualflybrain.org	VFBexp_FBtp0106	VFB_00101567	0	1	13.0
2024-05-03	v2.virtualflybrain.org	VFBexp_FBtp0107	VFB_00101567	0	4	64.0
2024-05-03	v2.virtualflybrain.org	VFBexp_FBtp0110		1	1	0.0
2024-05-04		FBbt_00001600		1	1	0.0
2024-05-04		FBbt_00001600	VFB_00017894	1	1	0.0
2024-05-04		FBbt_00003624		10	4	0.0
2024-05-04		FBbt_00003624	VFB_00017894	4	2	0.0
2024-05-04		FBbt_00003624	VFB_00101567	9	5	0.0
2024-05-04		FBbt_00003632		1	1	0.0
2024-05-04		FBbt_00003632	VFB_00101567	1	1	0.0
2024-05-04		FBbt_00003678		1	1	0.0
2024-05-04		FBbt_00003678	VFB_00101567	1	1	0.0
2024-05-04		FBbt_00003679		1	1	0.0
2024-05-04		FBbt_00003679	VFB_00101567	1	1	0.0
2024-05-04		FBbt_00003680		2	1	0.0
2024-05-04		FBbt_00003680	VFB_00101567	2	1	0.0
2024-05-04		FBbt_00003684		19	2	0.0
2024-05-04		FBbt_00003684	VFB_00101384	1	1	0.0
2024-05-04		FBbt_00003684	VFB_00101567	19	4	0.0
2024-05-04		FBbt_00003701		23	1	0.0
2024-05-04		FBbt_00003701	VFB_00101567	23	3	0.0
2024-05-04		FBbt_00007055		2	1	0.0
2024-05-04		FBbt_00007055	VFB_00101567	2	1	0.0
2024-05-04		FBbt_00007401		4	1	0.0
2024-05-04		FBbt_00007401	VFB_00101567	4	1	0.0
2024-05-04		FBbt_00007453		1	1	0.0
2024-05-04		FBbt_00007453	VFB_00101567	1	1	0.0
2024-05-04		FBbt_00014013		3	1	0.0
2024-05-04		FBbt_00014013	VFB_00101567	3	1	0.0
2024-05-04		FBbt_00040040		1	1	0.0
2024-05-04		FBbt_00040040	VFB_00101567	1	1	0.0
2024-05-04		FBbt_00040041		3	1	0.0
2024-05-04		FBbt_00040041	VFB_00101567	3	1	0.0
2024-05-04		FBbt_00045032		2	1	0.0
2024-05-04		FBbt_00045032	VFB_00101567	2	1	0.0
2024-05-04		FBbt_00045048		7	2	0.0
2024-05-04		FBbt_00045048	VFB_00101567	7	2	0.0
2024-05-04		FBbt_00045050		1	1	0.0
2024-05-04		FBbt_00045050	VFB_00101567	1	1	0.0
2024-05-04		FBbt_00047310		1	1	0.0
2024-05-04		FBbt_00047310	VFB_00101567	1	1	0.0
2024-05-04		FBbt_00047631		1	1	0.0
2024-05-04		FBbt_00047631	VFB_00101567	1	1	0.0
2024-05-04		FBbt_00049840		3	2	0.0
2024-05-04		FBbt_00049840	VFB_00017894	1	1	0.0
2024-05-04		FBbt_00049840	VFB_00101567	2	1	0.0
2024-05-04		FBbt_00051431		1	1	0.0
2024-05-04		FBbt_00051431	VFB_00017894	1	1	0.0
2024-05-04		FBbt_00052538		9	1	0.0
2024-05-04		FBbt_00052538	VFB_00101567	9	1	0.0
2024-05-04		FBbt_00100227		2	1	15.0
2024-05-04		FBbt_00100227	VFB_00101567	2	1	0.0
2024-05-04		FBbt_00100634		12	1	0.0
2024-05-04		FBbt_00100634	VFB_00101567	12	1	0.0
2024-05-04		FBbt_20001291		6	1	13.0
2024-05-04		FBbt_20001291	VFB_00101567	6	2	0.0
2024-05-04		VFB_00030786		1	1	1.0
2024-05-04		VFB_00030786	VFB_00030786	1	1	0.0
2024-05-04		VFB_00030852		2	1	4.0
2024-05-04		VFB_00030852	VFB_00030786	2	1	0.0
2024-05-04		VFB_00030866		7	1	5.0
2024-05-04		VFB_00030866	VFB_00017894	2	1	0.0
2024-05-04		VFB_00030866	VFB_00101567	5	1	0.0
2024-05-04		VFB_00030867		19	1	124.0
2024-05-04		VFB_00030867	VFB_00017894	4	1	0.0
2024-05-04		VFB_00030867	VFB_00101567	13	2	0.0
2024-05-04		VFB_00030870		18	1	66.0
2024-05-04		VFB_00030870	VFB_00017894	8	1	0.0
2024-05-04		VFB_00030870	VFB_00101567	9	2	0.0
2024-05-04		VFB_00049000		1	1	0.0
2024-05-04		VFB_00049000	VFB_00049000	1	1	0.0
2024-05-04		VFB_00050465		5	1	2.0
2024-05-04		VFB_00050465	VFB_00049000	1	1	0.0
2024-05-04		VFB_00050465	VFB_00101567	4	1	0.0
2024-05-04		VFB_00050505		4	1	3.0
2024-05-04		VFB_00050505	VFB_00049000	2	1	0.0
2024-05-04		VFB_00050505	VFB_00101567	2	1	0.0
2024-05-04		VFB_00063866		8	1	27.0
2024-05-04		VFB_00063866	VFB_00101567	8	2	0.0
2024-05-04		VFB_00101220		31	2	135.0
2024-05-04		VFB_00101220	VFB_00101567	31	4	0.0
2024-05-04		VFB_001012qa		24	1	0.0
2024-05-04		VFB_001012qa	VFB_00101567	24	1	0.0
2024-05-04		VFB_00101383		2	1	0.0
2024-05-04		VFB_00101383	VFB_00101567	1	1	0.0
2024-05-04		VFB_00101384		3	1	212.0
2024-05-04		VFB_00101384	VFB_00017894	3	1	0.0
2024-05-04		VFB_0010140w		8	1	34.0
2024-05-04		VFB_0010140w	VFB_00101384	2	1	0.0
2024-05-04		VFB_0010140w	VFB_00101567	6	2	0.0
2024-05-04		VFB_0010140y		2	1	17.0
2024-05-04		VFB_0010140y	VFB_00101567	3	2	0.0
2024-05-04		VFB_0010143p		1	1	0.0
2024-05-04		VFB_0010143p	VFB_00101567	1	1	0.0
2024-05-04		VFB_001014ie		1	1	0.0
2024-05-04		VFB_001014ie	VFB_00101567	1	1	0.0
2024-05-04		VFB_001014uq		5	1	2.0
2024-05-04		VFB_001014uq	VFB_00101567	5	1	0.0
2024-05-04		VFB_00101567		86	10	189.0
2024-05-04		VFB_00101567	VFB_00101567	112	15	0.0
2024-05-04		VFB_00102107		1	1	0.0
2024-05-04		VFB_00102107	VFB_00101567	1	1	0.0
2024-05-04		VFB_00102108		1	1	0.0
2024-05-04		VFB_00102108	VFB_00101567	1	1	0.0
2024-05-04		VFB_00102123		1	1	0.0
2024-05-04		VFB_00102123	VFB_00101567	1	1	0.0
2024-05-04		VFB_00102124		4	2	0.0
2024-05-04		VFB_00102124	VFB_00101567	4	3	0.0
2024-05-04		VFB_00102133		5	1	10.0
2024-05-04		VFB_00102133	VFB_00101567	5	3	0.0
2024-05-04		VFB_00102141		1	1	0.0
2024-05-04		VFB_00102141	VFB_00101567	1	1	0.0
2024-05-04		VFB_00102159		1	1	0.0
2024-05-04		VFB_00102159	VFB_00101567	1	1	0.0
2024-05-04		VFB_00102162		1	1	0.0
2024-05-04		VFB_00102162	VFB_00101567	1	1	0.0
2024-05-04		VFB_00102164		1	1	0.0
2024-05-04		VFB_00102164	VFB_00101567	1	1	0.0
2024-05-04		VFB_00102170		1	1	0.0
2024-05-04		VFB_00102170	VFB_00101567	1	1	0.0
2024-05-04		VFB_00102201		2	1	3.0
2024-05-04		VFB_00102201	VFB_00101567	2	1	0.0
2024-05-04		VFB_00102273		7	1	5.0
2024-05-04		VFB_00102273	VFB_00101567	7	1	0.0
2024-05-04		VFB_jrch080q		3	1	3.0
2024-05-04		VFB_jrch080q	VFB_00101567	3	1	0.0
2024-05-04		VFB_jrch080r		11	1	0.0
2024-05-04		VFB_jrch080r	VFB_00101567	11	2	0.0
2024-05-04		VFB_jrchjti4		4	1	9.0
2024-05-04		VFB_jrchjti4	VFB_00017894	3	1	0.0
2024-05-04		VFB_jrchjti4	VFB_00101384	1	1	0.0
2024-05-04		VFB_jrchjtik		1	1	0.0
2024-05-04		VFB_jrchjtik	VFB_00101567	1	1	0.0
2024-05-04		VFB_jrchjtk0		1	1	0.0
2024-05-04		VFB_jrchjtk0	VFB_00101567	1	1	0.0
2024-05-04		VFB_jrchjtl3		2	1	75.0
2024-05-04		VFB_jrchjtl3	VFB_00101567	2	2	0.0
2024-05-04		VFB_jrchjtyk		1	1	0.0
2024-05-04		VFB_jrchjtyk	VFB_00101567	1	1	0.0
2024-05-04		VFB_jrchjup1		6	1	0.0
2024-05-04		VFB_jrchjup1	VFB_00101567	6	1	0.0
2024-05-04		VFB_jrchjuy0		2	1	0.0
2024-05-04		VFB_jrchjuy0	VFB_00101567	2	1	0.0
2024-05-04		VFB_jrchk3dn		1	1	0.0
2024-05-04		VFB_jrchk3dn	VFB_00101567	1	1	0.0
2024-05-04		VFB_jrchk45e		4	1	24.0
2024-05-04		VFB_jrchk45e	VFB_00017894	3	1	0.0
2024-05-04		VFB_jrchk45e	VFB_00101567	1	1	0.0
2024-05-04		VFB_jrchk87g		3	1	0.0
2024-05-04		VFB_jrchk87g	VFB_00101567	3	1	0.0
2024-05-04		VFBexp_FBtp0107		1	1	0.0
2024-05-04		VFBexp_FBtp0107	VFB_00101567	1	1	0.0
2024-05-04		VFBexp_FBtp0121		1	1	0.0
2024-05-04		VFBexp_FBtp0121	VFB_00101567	1	1	0.0
2024-05-04		VFBexp_FBtp0122		5	2	0.0
2024-05-04		VFBexp_FBtp0122	VFB_00101567	5	2	0.0
2024-05-04		VFBext_0000010		2	1	34.0
2024-05-04		VFBext_0000010	VFB_00101567	2	1	0.0
2024-05-04	v2.virtualflybrain.org	FBbt_00001600	VFB_00017894	0	1	11.0
2024-05-04	v2.virtualflybrain.org	FBbt_00003624	VFB_00017894	0	3	70.0
2024-05-04	v2.virtualflybrain.org	FBbt_00003624	VFB_00101567	0	7	176.0
2024-05-04	v2.virtualflybrain.org	FBbt_00003632	VFB_00101567	0	1	36.0
2024-05-04	v2.virtualflybrain.org	FBbt_00003678	VFB_00101567	0	1	0.0
2024-05-04	v2.virtualflybrain.org	FBbt_00003679	VFB_00101567	0	1	0.0
2024-05-04	v2.virtualflybrain.org	FBbt_00003680	VFB_00101567	0	2	0.0
2024-05-04	v2.virtualflybrain.org	FBbt_00003684	VFB_00101384	0	1	199.0
2024-05-04	v2.virtualflybrain.org	FBbt_00003684	VFB_00101567	0	4	226.0
2024-05-04	v2.virtualflybrain.org	FBbt_00003701	VFB_00101567	1	4	146.0
2024-05-04	v2.virtualflybrain.org	FBbt_00007055	VFB_00101567	0	2	15.0
2024-05-04	v2.virtualflybrain.org	FBbt_00007385	VFB_00101567	0	1	0.0
2024-05-04	v2.virtualflybrain.org	FBbt_00007401	VFB_00101567	0	1	197.0
2024-05-04	v2.virtualflybrain.org	FBbt_00007453	VFB_00101567	0	2	4.0
2024-05-04	v2.virtualflybrain.org	FBbt_00014013	VFB_00101567	0	2	2.0
2024-05-04	v2.virtualflybrain.org	FBbt_00040040	VFB_00101567	0	1	14.0
2024-05-04	v2.virtualflybrain.org	FBbt_00040041	VFB_00101567	0	2	2.0
2024-05-04	v2.virtualflybrain.org	FBbt_00045032	VFB_00101567	0	2	11.0
2024-05-04	v2.virtualflybrain.org	FBbt_00045048	VFB_00101567	0	3	47.0
2024-05-04	v2.virtualflybrain.org	FBbt_00045050	VFB_00101567	0	1	1.0
2024-05-04	v2.virtualflybrain.org	FBbt_00047310	VFB_00101567	0	1	59.0
2024-05-04	v2.virtualflybrain.org	FBbt_00047631	VFB_00101567	0	1	0.0
2024-05-04	v2.virtualflybrain.org	FBbt_00049840	VFB_00101567	0	2	26.0
2024-05-04	v2.virtualflybrain.org	FBbt_00052538	VFB_00101567	9	1	0.0
2024-05-04	v2.virtualflybrain.org	FBbt_00100227	VFB_00101567	0	1	0.0
2024-05-04	v2.virtualflybrain.org	FBbt_00100243	VFB_00017894	0	1	244.0
2024-05-04	v2.virtualflybrain.org	FBbt_00100634	VFB_00101567	12	1	0.0
2024-05-04	v2.virtualflybrain.org	FBbt_20001291	VFB_00101567	2	2	30.0
2024-05-04	v2.virtualflybrain.org	VFB_00017894	VFB_00017894	1	2	0.0
2024-05-04	v2.virtualflybrain.org	VFB_00023563		2	1	6.0
2024-05-04	v2.virtualflybrain.org	VFB_00030852	VFB_00030786	0	1	0.0
2024-05-04	v2.virtualflybrain.org	VFB_00030852	VFB_00030852	1	2	2.0
2024-05-04	v2.virtualflybrain.org	VFB_00030866	VFB_00017894	2	3	155.0
2024-05-04	v2.virtualflybrain.org	VFB_00030866	VFB_00101567	2	2	41.0
2024-05-04	v2.virtualflybrain.org	VFB_00030867	VFB_00017894	3	2	0.0
2024-05-04	v2.virtualflybrain.org	VFB_00030867	VFB_00101567	1	4	34.0
2024-05-04	v2.virtualflybrain.org	VFB_00030870	VFB_00017894	2	4	40.0
2024-05-04	v2.virtualflybrain.org	VFB_00030870	VFB_00101567	0	4	4.0
2024-05-04	v2.virtualflybrain.org	VFB_00049000	VFB_00049000	1	3	27.0
2024-05-04	v2.virtualflybrain.org	VFB_00050465	VFB_00049000	1	3	12.0
2024-05-04	v2.virtualflybrain.org	VFB_00050465	VFB_00101567	0	2	21.0
2024-05-04	v2.virtualflybrain.org	VFB_00050505	VFB_00049000	2	3	23.0
2024-05-04	v2.virtualflybrain.org	VFB_00050505	VFB_00101567	1	2	10.0
2024-05-04	v2.virtualflybrain.org	VFB_00063866	VFB_00101567	0	2	0.0
2024-05-04	v2.virtualflybrain.org	VFB_00100dng	VFB_00101567	0	1	36.0
2024-05-04	v2.virtualflybrain.org	VFB_00101220	VFB_00101567	2	3	94.0
2024-05-04	v2.virtualflybrain.org	VFB_001012qa	VFB_00101567	24	1	0.0
2024-05-04	v2.virtualflybrain.org	VFB_00101383	VFB_00101567	0	1	18.0
2024-05-04	v2.virtualflybrain.org	VFB_00101384	VFB_00017894	0	2	1.0
2024-05-04	v2.virtualflybrain.org	VFB_0010140w	VFB_00101384	0	2	3.0
2024-05-04	v2.virtualflybrain.org	VFB_0010140w	VFB_00101567	1	3	70.0
2024-05-04	v2.virtualflybrain.org	VFB_0010140y	VFB_00101567	0	2	69.0
2024-05-04	v2.virtualflybrain.org	VFB_0010143p	VFB_00101567	0	1	0.0
2024-05-04	v2.virtualflybrain.org	VFB_001014ie	VFB_00101567	0	1	110.0
2024-05-04	v2.virtualflybrain.org	VFB_001014uq	VFB_00101567	0	2	14.0
2024-05-04	v2.virtualflybrain.org	VFB_001014uq	VFB_00110000	1	2	1.0
2024-05-04	v2.virtualflybrain.org	VFB_00101567	VFB_00101567	65	34	120.0
2024-05-04	v2.virtualflybrain.org	VFB_00102107	VFB_00101567	0	1	1.0
2024-05-04	v2.virtualflybrain.org	VFB_00102108	VFB_00101567	0	1	34.0
2024-05-04	v2.virtualflybrain.org	VFB_00102114	VFB_00101567	0	1	4.0
2024-05-04	v2.virtualflybrain.org	VFB_00102123	VFB_00101567	0	1	59.0
2024-05-04	v2.virtualflybrain.org	VFB_00102124	VFB_00101567	0	1	8.0
2024-05-04	v2.virtualflybrain.org	VFB_00102133	VFB_00101567	1	4	60.0
2024-05-04	v2.virtualflybrain.org	VFB_00102141	VFB_00101567	0	1	2.0
2024-05-04	v2.virtualflybrain.org	VFB_00102159	VFB_00101567	0	1	25.0
2024-05-04	v2.virtualflybrain.org	VFB_00102162	VFB_00101567	0	1	9.0
2024-05-04	v2.virtualflybrain.org	VFB_00102164	VFB_00101567	0	1	3.0
2024-05-04	v2.virtualflybrain.org	VFB_00102170	VFB_00101567	0	1	8.0
2024-05-04	v2.virtualflybrain.org	VFB_00102201	VFB_00101567	0	1	0.0
2024-05-04	v2.virtualflybrain.org	VFB_00102273	VFB_00101567	1	2	11.0
2024-05-04	v2.virtualflybrain.org	VFB_jrch080q	VFB_00101567	3	1	0.0
2024-05-04	v2.virtualflybrain.org	VFB_jrch080r	VFB_00101567	10	2	363.0
2024-05-04	v2.virtualflybrain.org	VFB_jrchjti4	VFB_00017894	0	2	2.0
2024-05-04	v2.virtualflybrain.org	VFB_jrchjti4	VFB_00101384	1	2	0.0
2024-05-04	v2.virtualflybrain.org	VFB_jrchjtik	VFB_00101567	0	1	101.0
2024-05-04	v2.virtualflybrain.org	VFB_jrchjtk0	VFB_00101567	0	1	357.0
2024-05-04	v2.virtualflybrain.org	VFB_jrchjtl3	VFB_00101567	0	1	7.0
2024-05-04	v2.virtualflybrain.org	VFB_jrchjtyk	VFB_00101567	1	1	0.0
2024-05-04	v2.virtualflybrain.org	VFB_jrchjup1	VFB_00101567	6	1	0.0
2024-05-04	v2.virtualflybrain.org	VFB_jrchjuy0	VFB_00101567	2	1	0.0
2024-05-04	v2.virtualflybrain.org	VFB_jrchk3dn	VFB_00101567	0	1	17.0
2024-05-04	v2.virtualflybrain.org	VFB_jrchk45e	VFB_00017894	0	2	6.0
2024-05-04	v2.virtualflybrain.org	VFB_jrchk45e	VFB_00101567	1	3	3.0
2024-05-04	v2.virtualflybrain.org	VFB_jrchk87g	VFB_00101567	1	2	0.0
2024-05-04	v2.virtualflybrain.org	VFBexp_FBtp0107		1	1	1.0
2024-05-04	v2.virtualflybrain.org	VFBexp_FBtp0107	VFB_00101567	0	1	25.0
2024-05-04	v2.virtualflybrain.org	VFBexp_FBtp0121	VFB_00101567	0	1	46.0
2024-05-04	v2.virtualflybrain.org	VFBexp_FBtp0122	VFB_00101567	0	2	48.0
2024-05-04	v2.virtualflybrain.org	VFBext_0000010	VFB_00101567	0	1	0.0
2024-05-05		FBbt_00003624		3	1	36.0
2024-05-05		FBbt_00003624	VFB_00101567	5	2	0.0
2024-05-05		FBbt_00003678		1	1	5.0
2024-05-05		FBbt_00003678	VFB_00101567	1	1	0.0
2024-05-05		FBbt_00003679		3	2	9.0
2024-05-05		FBbt_00003679	VFB_00101567	3	2	0.0
2024-05-05		FBbt_00003681		5	1	5.0
2024-05-05		FBbt_00003681	VFB_00101567	6	1	0.0
2024-05-05		FBbt_00003684		1	1	5.0
2024-05-05		FBbt_00003684	VFB_00101567	2	1	0.0
2024-05-05		FBbt_00003748		1	1	0.0
2024-05-05		FBbt_00003748	VFB_00101567	1	1	0.0
2024-05-05		FBbt_00007011		2	1	39.0
2024-05-05		FBbt_00007011	VFB_00101567	3	1	0.0
2024-05-05		FBbt_00007054		2	1	5.0
2024-05-05		FBbt_00007054	VFB_00101567	2	1	0.0
2024-05-05		FBbt_00007055		2	1	5.0
2024-05-05		FBbt_00007055	VFB_00101567	2	2	0.0
2024-05-05		FBbt_00007453		1	1	5.0
2024-05-05		FBbt_00007453	VFB_00101567	1	1	0.0
2024-05-05		FBbt_00013695		2	1	6.0
2024-05-05		FBbt_00013695	VFB_00101567	2	2	0.0
2024-05-05		FBbt_00040041		1	1	5.0
2024-05-05		FBbt_00040041	VFB_00101567	1	1	0.0
2024-05-05		FBbt_00040049		1	1	5.0
2024-05-05		FBbt_00040049	VFB_00101567	1	1	0.0
2024-05-05		FBbt_00045027		6	1	0.0
2024-05-05		FBbt_00045027	VFB_00101567	6	1	0.0
2024-05-05		FBbt_00045032		1	1	5.0
2024-05-05		FBbt_00045032	VFB_00101567	1	1	0.0
2024-05-05		FBbt_00045040		1	1	0.0
2024-05-05		FBbt_00045040	VFB_00101567	1	1	0.0
2024-05-05		FBbt_00045048		6	4	11.0
2024-05-05		FBbt_00045048	VFB_00101567	6	4	0.0
2024-05-05		FBbt_00045050		7	4	13.0
2024-05-05		FBbt_00045050	VFB_00101567	7	4	0.0
2024-05-05		FBbt_00047095		3	1	10.0
2024-05-05		FBbt_00047095	VFB_00101567	3	1	0.0
2024-05-05		FBbt_00052112		1	1	0.0
2024-05-05		FBbt_00052112	VFB_00101567	1	1	0.0
2024-05-05		FBbt_00052538		6	1	0.0
2024-05-05		FBbt_00052538	VFB_00101567	6	1	0.0
2024-05-05		FBbt_00100634		1	1	0.0
2024-05-05		FBbt_00100634	VFB_00101567	1	1	0.0
2024-05-05		FBbt_00110581		3	1	1.0
2024-05-05		FBbt_00110581	VFB_00101567	3	2	0.0
2024-05-05		FBbt_00110582		1	1	27.0
2024-05-05		FBbt_00110582	VFB_00101567	1	1	0.0
2024-05-05		FBbt_00110583		2	1	0.0
2024-05-05		FBbt_00110583	VFB_00101567	2	1	0.0
2024-05-05		FBbt_00110587		1	1	0.0
2024-05-05		FBbt_00110587	VFB_00101567	1	1	0.0
2024-05-05		FBbt_00110657		2	1	0.0
2024-05-05		FBbt_00110657	VFB_00101567	2	2	0.0
2024-05-05		FBbt_20001291		1	1	0.0
2024-05-05		FBbt_20001291	VFB_00101567	1	1	0.0
2024-05-05		FBbt_20002989		2	1	0.0
2024-05-05		FBbt_20002989	VFB_00101567	2	2	0.0
2024-05-05		FBbt_20003448		1	1	0.0
2024-05-05		FBbt_20003448	VFB_00101567	1	1	0.0
2024-05-05		VFB_00017894		2	1	0.0
2024-05-05		VFB_00017894	VFB_00017894	2	1	0.0
2024-05-05		VFB_00029637		4	1	11.0
2024-05-05		VFB_00029637	VFB_00101567	4	1	0.0
2024-05-05		VFB_00030867		2	1	0.0
2024-05-05		VFB_00030867	VFB_00101567	2	1	0.0
2024-05-05		VFB_00037360		6	1	15.0
2024-05-05		VFB_00037360	VFB_00101567	6	1	0.0
2024-05-05		VFB_00037937		4	1	10.0
2024-05-05		VFB_00037937	VFB_00101567	4	1	0.0
2024-05-05		VFB_00037940		6	1	18.0
2024-05-05		VFB_00037940	VFB_00101567	6	1	0.0
2024-05-05		VFB_00040376		4	1	21.0
2024-05-05		VFB_00040376	VFB_00101567	4	1	0.0
2024-05-05		VFB_00041847		4	1	6.0
2024-05-05		VFB_00041847	VFB_00101567	4	1	0.0
2024-05-05		VFB_00041901		6	1	16.0
2024-05-05		VFB_00041901	VFB_00101567	6	1	0.0
2024-05-05		VFB_00042448		8	1	18.0
2024-05-05		VFB_00042448	VFB_00101567	8	1	0.0
2024-05-05		VFB_00050505		4	1	0.0
2024-05-05		VFB_00050505	VFB_00049000	2	1	0.0
2024-05-05		VFB_00050505	VFB_00101567	2	1	0.0
2024-05-05		VFB_00063453		1	1	0.0
2024-05-05		VFB_00063453	VFB_00101567	1	1	0.0
2024-05-05		VFB_00064437		1	1	0.0
2024-05-05		VFB_00064437	VFB_00101567	1	1	0.0
2024-05-05		VFB_00066218		5	1	8.0
2024-05-05		VFB_00066218	VFB_00101567	5	2	0.0
2024-05-05		VFB_00067245		1	1	0.0
2024-05-05		VFB_00067245	VFB_00101567	1	1	0.0
2024-05-05		VFB_00067574		1	1	0.0
2024-05-05		VFB_00067574	VFB_00101567	1	1	0.0
2024-05-05		VFB_00068027		1	1	0.0
2024-05-05		VFB_00068027	VFB_00101567	1	1	0.0
2024-05-05		VFB_00068546		1	1	0.0
2024-05-05		VFB_00068546	VFB_00101567	1	1	0.0
2024-05-05		VFB_001012qa		24	1	0.0
2024-05-05		VFB_001012qa	VFB_00101567	24	1	0.0
2024-05-05		VFB_00101567		80	15	204.0
2024-05-05		VFB_00101567	VFB_00101567	103	16	0.0
2024-05-05		VFB_00102119		1	1	0.0
2024-05-05		VFB_00102119	VFB_00101567	1	1	0.0
2024-05-05		VFB_00102123		11	1	8.0
2024-05-05		VFB_00102123	VFB_00101567	6	2	0.0
2024-05-05		VFB_00102124		13	1	44.0
2024-05-05		VFB_00102124	VFB_00101567	17	3	0.0
2024-05-05		VFB_00102133		29	1	1.0
2024-05-05		VFB_00102133	VFB_00101567	34	5	0.0
2024-05-05		VFB_00102134		1	1	0.0
2024-05-05		VFB_00102134	VFB_00101567	1	1	0.0
2024-05-05		VFB_00102140		13	1	5.0
2024-05-05		VFB_00102140	VFB_00101567	13	3	0.0
2024-05-05		VFB_00102164		3	1	0.0
2024-05-05		VFB_00102164	VFB_00101567	3	2	0.0
2024-05-05		VFB_00102170		11	1	63.0
2024-05-05		VFB_00102170	VFB_00101567	11	4	0.0
2024-05-05		VFB_00102171		2	1	0.0
2024-05-05		VFB_00102171	VFB_00101567	2	2	0.0
2024-05-05		VFB_00102179		1	1	0.0
2024-05-05		VFB_00102179	VFB_00101567	1	1	0.0
2024-05-05		VFB_00102201		2	1	0.0
2024-05-05		VFB_00102201	VFB_00101567	2	1	0.0
2024-05-05		VFB_00102212		14	2	0.0
2024-05-05		VFB_00102212	VFB_00101567	14	2	0.0
2024-05-05		VFB_00102271		4	1	1.0
2024-05-05		VFB_00102271	VFB_00101567	4	2	0.0
2024-05-05		VFB_00102274		2	1	90.0
2024-05-05		VFB_00102274	VFB_00101567	2	1	0.0
2024-05-05		VFB_00200000		2	1	1.0
2024-05-05		VFB_00200000	VFB_00200000	2	1	0.0
2024-05-05		VFB_jrch080r		24	1	0.0
2024-05-05		VFB_jrch080r	VFB_00101567	24	1	0.0
2024-05-05		VFB_jrchjtk0		1	1	0.0
2024-05-05		VFB_jrchjtk0	VFB_00101567	1	1	0.0
2024-05-05		VFB_jrchk3do		1	1	0.0
2024-05-05		VFB_jrchk3do	VFB_00101567	1	1	0.0
2024-05-05		VFB_jrchk6e1		13	1	296.0
2024-05-05		VFB_jrchk6e1	VFB_00101567	12	2	0.0
2024-05-05		VFB_jrchk6vd		12	1	19.0
2024-05-05		VFB_jrchk6vd	VFB_00101567	12	2	0.0
2024-05-05		VFB_jrchk6ve		25	1	21.0
2024-05-05		VFB_jrchk6ve	VFB_00101567	28	2	0.0
2024-05-05		VFB_jrchk6vf		19	1	825.0
2024-05-05		VFB_jrchk6vf	VFB_00101567	13	2	0.0
2024-05-05		VFB_jrchk6vg		13	1	16.0
2024-05-05		VFB_jrchk6vg	VFB_00101567	14	2	0.0
2024-05-05		VFB_jrchk78p		14	1	12.0
2024-05-05		VFB_jrchk78p	VFB_00101567	14	2	0.0
2024-05-05		VFB_jrchk793		29	1	251.0
2024-05-05		VFB_jrchk793	VFB_00101567	15	3	0.0
2024-05-05		VFB_jrchk8by		17	1	19.0
2024-05-05		VFB_jrchk8by	VFB_00101567	31	2	0.0
2024-05-05		VFB_jrchk8dk		25	1	247.0
2024-05-05		VFB_jrchk8dk	VFB_00101567	20	4	0.0
2024-05-05		VFBexp_FBtp0100		5	5	0.0
2024-05-05		VFBexp_FBtp0100	VFB_00101567	5	5	0.0
2024-05-05		VFBexp_FBtp0101		4	4	0.0
2024-05-05		VFBexp_FBtp0101	VFB_00101567	4	4	0.0
2024-05-05		VFBexp_FBtp0103		5	5	0.0
2024-05-05		VFBexp_FBtp0103	VFB_00101567	5	5	0.0
2024-05-05		VFBexp_FBtp0104		5	5	0.0
2024-05-05		VFBexp_FBtp0104	VFB_00101567	5	5	0.0
2024-05-05		VFBexp_FBtp0105		4	4	0.0
2024-05-05		VFBexp_FBtp0105	VFB_00101567	4	4	0.0
2024-05-05		VFBexp_FBtp0106		3	3	0.0
2024-05-05		VFBexp_FBtp0106	VFB_00101567	3	3	0.0
2024-05-05	v2.virtualflybrain.org	FBbt_00003624	VFB_00101567	0	2	26.0
2024-05-05	v2.virtualflybrain.org	FBbt_00003678	VFB_00101567	1	1	112.0
2024-05-05	v2.virtualflybrain.org	FBbt_00003679	VFB_00101567	0	3	192.0
2024-05-05	v2.virtualflybrain.org	FBbt_00003681	VFB_00101567	1	2	87.0
2024-05-05	v2.virtualflybrain.org	FBbt_00003684	VFB_00101567	0	1	22.0
2024-05-05	v2.virtualflybrain.org	FBbt_00003748	VFB_00101567	0	1	10.0
2024-05-05	v2.virtualflybrain.org	FBbt_00007011	VFB_00101567	0	1	0.0
2024-05-05	v2.virtualflybrain.org	FBbt_00007054	VFB_00101567	0	2	43.0
2024-05-05	v2.virtualflybrain.org	FBbt_00007055	VFB_00101567	0	2	26.0
2024-05-05	v2.virtualflybrain.org	FBbt_00013695	VFB_00101567	0	2	39.0
2024-05-05	v2.virtualflybrain.org	FBbt_00040041	VFB_00101567	0	1	13.0
2024-05-05	v2.virtualflybrain.org	FBbt_00040049	VFB_00101567	0	1	73.0
2024-05-05	v2.virtualflybrain.org	FBbt_00045027	VFB_00101567	5	1	339.0
2024-05-05	v2.virtualflybrain.org	FBbt_00045032	VFB_00101567	0	1	58.0
2024-05-05	v2.virtualflybrain.org	FBbt_00045040	VFB_00101567	0	1	21.0
2024-05-05	v2.virtualflybrain.org	FBbt_00045048	VFB_00101567	0	4	83.0
2024-05-05	v2.virtualflybrain.org	FBbt_00045050	VFB_00101567	0	4	420.0
2024-05-05	v2.virtualflybrain.org	FBbt_00047095	VFB_00101567	0	1	5.0
2024-05-05	v2.virtualflybrain.org	FBbt_00052112	VFB_00101567	0	1	19.0
2024-05-05	v2.virtualflybrain.org	FBbt_00052538	VFB_00101567	6	1	0.0
2024-05-05	v2.virtualflybrain.org	FBbt_00100634	VFB_00101567	1	1	0.0
2024-05-05	v2.virtualflybrain.org	FBbt_00110581	VFB_00101567	1	3	64.0
2024-05-05	v2.virtualflybrain.org	FBbt_00110582	VFB_00101567	0	1	54.0
2024-05-05	v2.virtualflybrain.org	FBbt_00110583	VFB_00101567	0	2	185.0
2024-05-05	v2.virtualflybrain.org	FBbt_00110587	VFB_00101567	0	1	41.0
2024-05-05	v2.virtualflybrain.org	FBbt_00110657	VFB_00101567	0	1	22.0
2024-05-05	v2.virtualflybrain.org	FBbt_20001291	VFB_00101567	1	1	0.0
2024-05-05	v2.virtualflybrain.org	FBbt_20002989	VFB_00101567	0	2	60.0
2024-05-05	v2.virtualflybrain.org	FBbt_20003448	VFB_00101567	0	1	1.0
2024-05-05	v2.virtualflybrain.org	VFB_00017894	VFB_00017894	2	2	8.0
2024-05-05	v2.virtualflybrain.org	VFB_00029637	VFB_00101567	0	1	0.0
2024-05-05	v2.virtualflybrain.org	VFB_00030867	VFB_00101567	2	1	0.0
2024-05-05	v2.virtualflybrain.org	VFB_00037360	VFB_00101567	0	1	0.0
2024-05-05	v2.virtualflybrain.org	VFB_00037937	VFB_00101567	0	1	0.0
2024-05-05	v2.virtualflybrain.org	VFB_00037940	VFB_00101567	0	1	0.0
2024-05-05	v2.virtualflybrain.org	VFB_00040376	VFB_00101567	0	1	0.0
2024-05-05	v2.virtualflybrain.org	VFB_00041847	VFB_00101567	0	1	0.0
2024-05-05	v2.virtualflybrain.org	VFB_00041901	VFB_00101567	0	2	27.0
2024-05-05	v2.virtualflybrain.org	VFB_00042448	VFB_00101567	0	1	0.0
2024-05-05	v2.virtualflybrain.org	VFB_00049000	VFB_00049000	0	1	0.0
2024-05-05	v2.virtualflybrain.org	VFB_00050505	VFB_00049000	2	1	5.0
2024-05-05	v2.virtualflybrain.org	VFB_00050505	VFB_00101567	2	1	0.0
2024-05-05	v2.virtualflybrain.org	VFB_00063453	VFB_00101567	0	1	27.0
2024-05-05	v2.virtualflybrain.org	VFB_00064437	VFB_00101567	0	1	30.0
2024-05-05	v2.virtualflybrain.org	VFB_00066218	VFB_00101567	0	2	9.0
2024-05-05	v2.virtualflybrain.org	VFB_00067245	VFB_00101567	0	1	13.0
2024-05-05	v2.virtualflybrain.org	VFB_00067574	VFB_00101567	0	1	43.0
2024-05-05	v2.virtualflybrain.org	VFB_00068027	VFB_00101567	0	1	10.0
2024-05-05	v2.virtualflybrain.org	VFB_00068546	VFB_00101567	1	1	49.0
2024-05-05	v2.virtualflybrain.org	VFB_001012qa	VFB_00101567	24	1	0.0
2024-05-05	v2.virtualflybrain.org	VFB_001014ie	VFB_00101567	1	0	0.0
2024-05-05	v2.virtualflybrain.org	VFB_00101567	VFB_00101567	78	39	51.0
2024-05-05	v2.virtualflybrain.org	VFB_00102119	VFB_00101567	0	1	5.0
2024-05-05	v2.virtualflybrain.org	VFB_00102123	VFB_00101567	0	1	1.0
2024-05-05	v2.virtualflybrain.org	VFB_00102124	VFB_00101567	0	1	2.0
2024-05-05	v2.virtualflybrain.org	VFB_00102133	VFB_00101567	0	5	32.0
2024-05-05	v2.virtualflybrain.org	VFB_00102134	VFB_00101567	0	1	14.0
2024-05-05	v2.virtualflybrain.org	VFB_00102140	VFB_00101567	0	2	147.0
2024-05-05	v2.virtualflybrain.org	VFB_00102164	VFB_00101567	0	2	34.0
2024-05-05	v2.virtualflybrain.org	VFB_00102170	VFB_00101567	0	2	68.0
2024-05-05	v2.virtualflybrain.org	VFB_00102171	VFB_00101567	0	2	33.0
2024-05-05	v2.virtualflybrain.org	VFB_00102179	VFB_00101567	0	1	14.0
2024-05-05	v2.virtualflybrain.org	VFB_00102201	VFB_00101567	2	2	1.0
2024-05-05	v2.virtualflybrain.org	VFB_00102212	VFB_00101567	13	3	13.0
2024-05-05	v2.virtualflybrain.org	VFB_00102271	VFB_00101567	3	1	24.0
2024-05-05	v2.virtualflybrain.org	VFB_00102274	VFB_00101567	0	1	0.0
2024-05-05	v2.virtualflybrain.org	VFB_00200000	VFB_00200000	2	2	739.0
2024-05-05	v2.virtualflybrain.org	VFB_jrch080r	VFB_00101567	24	1	0.0
2024-05-05	v2.virtualflybrain.org	VFB_jrchjtk0	VFB_00101567	1	1	0.0
2024-05-05	v2.virtualflybrain.org	VFB_jrchk103	VFB_00101567	1	0	0.0
2024-05-05	v2.virtualflybrain.org	VFB_jrchk3do	VFB_00101567	0	1	0.0
2024-05-05	v2.virtualflybrain.org	VFB_jrchk6e1	VFB_00101567	0	2	48.0
2024-05-05	v2.virtualflybrain.org	VFB_jrchk6ve	VFB_00101567	0	1	4.0
2024-05-05	v2.virtualflybrain.org	VFB_jrchk6vg	VFB_00101567	0	1	89.0
2024-05-05	v2.virtualflybrain.org	VFB_jrchk78p	VFB_00101567	0	1	3.0
2024-05-05	v2.virtualflybrain.org	VFB_jrchk793	VFB_00101567	0	2	53.0
2024-05-05	v2.virtualflybrain.org	VFB_jrchk8by	VFB_00101567	0	1	63.0
2024-05-05	v2.virtualflybrain.org	VFB_jrchk8dk	VFB_00101567	1	3	103.0
2024-05-05	v2.virtualflybrain.org	VFBexp_FBtp0100	VFB_00101567	0	5	105.0
2024-05-05	v2.virtualflybrain.org	VFBexp_FBtp0101	VFB_00101567	0	4	78.0
2024-05-05	v2.virtualflybrain.org	VFBexp_FBtp0103	VFB_00101567	0	5	132.0
2024-05-05	v2.virtualflybrain.org	VFBexp_FBtp0104	VFB_00101567	0	5	120.0
2024-05-05	v2.virtualflybrain.org	VFBexp_FBtp0105	VFB_00101567	0	4	92.0
2024-05-05	v2.virtualflybrain.org	VFBexp_FBtp0106	VFB_00101567	0	3	248.0
2024-05-06		FBbt_00001588		1	1	0.0
2024-05-06		FBbt_00001588	VFB_00101567	1	1	0.0
2024-05-06		FBbt_00003681		1	1	2.0
2024-05-06		FBbt_00003681	VFB_00101567	1	1	0.0
2024-05-06		FBbt_00003748		1	1	3.0
2024-05-06		FBbt_00003748	VFB_00101567	1	1	0.0
2024-05-06		FBbt_00007054		2	1	5.0
2024-05-06		FBbt_00007054	VFB_00101567	2	1	0.0
2024-05-06		FBbt_00007055		4	2	5.0
2024-05-06		FBbt_00007055	VFB_00101567	4	2	0.0
2024-05-06		FBbt_00007401		2	2	10.0
2024-05-06		FBbt_00007401	VFB_00101567	2	2	0.0
2024-05-06		FBbt_00014013		17	5	21.0
2024-05-06		FBbt_00014013	VFB_00101567	17	5	0.0
2024-05-06		FBbt_00040040		1	1	4.0
2024-05-06		FBbt_00040040	VFB_00101567	1	1	0.0
2024-05-06		FBbt_00040041		2	1	5.0
2024-05-06		FBbt_00040041	VFB_00101567	2	2	0.0
2024-05-06		FBbt_00040042		2	2	0.0
2024-05-06		FBbt_00040042	VFB_00101567	2	2	0.0
2024-05-06		FBbt_00040043		4	2	0.0
2024-05-06		FBbt_00040043	VFB_00101567	4	3	0.0
2024-05-06		FBbt_00040044		4	2	8.0
2024-05-06		FBbt_00040044	VFB_00101567	4	3	0.0
2024-05-06		FBbt_00040051		3	2	10.0
2024-05-06		FBbt_00040051	VFB_00101567	3	3	0.0
2024-05-06		FBbt_00045027		6	3	0.0
2024-05-06		FBbt_00045027	VFB_00101567	6	4	0.0
2024-05-06		FBbt_00045037		1	1	5.0
2024-05-06		FBbt_00045037	VFB_00101567	1	1	0.0
2024-05-06		FBbt_00045040		7	1	0.0
2024-05-06		FBbt_00045040	VFB_00101567	7	1	0.0
2024-05-06		FBbt_00045048		6	4	20.0
2024-05-06		FBbt_00045048	VFB_00101567	6	5	0.0
2024-05-06		FBbt_00051274		1	1	0.0
2024-05-06		FBbt_00051274	VFB_00101567	1	1	0.0
2024-05-06		FBbt_00052538		24	1	0.0
2024-05-06		FBbt_00052538	VFB_00101567	24	1	0.0
2024-05-06		FBbt_00100341		1	1	0.0
2024-05-06		FBbt_00100341	VFB_00101567	1	1	0.0
2024-05-06		FBbt_00100634		5	1	0.0
2024-05-06		FBbt_00100634	VFB_00101567	5	1	0.0
2024-05-06		FBbt_00110175		1	1	0.0
2024-05-06		FBbt_00110175	VFB_00100000	1	1	0.0
2024-05-06		FBbt_00111451		1	1	0.0
2024-05-06		FBbt_00111451	VFB_00101567	1	1	0.0
2024-05-06		FBbt_20000188		1	1	0.0
2024-05-06		FBbt_20000188	VFB_00101567	1	1	0.0
2024-05-06		FBbt_20001291		1	1	0.0
2024-05-06		FBbt_20001291	VFB_00101567	1	1	0.0
2024-05-06		VFB_00017894	VFB_00017894	1	1	19.0
2024-05-06		VFB_00025006		8	1	67.0
2024-05-06		VFB_00025006	VFB_00101567	8	2	0.0
2024-05-06		VFB_00026267		4	1	6.0
2024-05-06		VFB_00026267	VFB_00101567	4	1	0.0
2024-05-06		VFB_00026498		2	1	11.0
2024-05-06		VFB_00026498	VFB_00101567	2	1	0.0
2024-05-06		VFB_00026519		4	1	9.0
2024-05-06		VFB_00026519	VFB_00101567	4	1	0.0
2024-05-06		VFB_00027067		4	1	8.0
2024-05-06		VFB_00027067	VFB_00101567	4	1	0.0
2024-05-06		VFB_00027410		4	1	10.0
2024-05-06		VFB_00027410	VFB_00101567	4	1	0.0
2024-05-06		VFB_00028353		2	1	8.0
2024-05-06		VFB_00028353	VFB_00101567	2	1	0.0
2024-05-06		VFB_00028578		8	1	10.0
2024-05-06		VFB_00028578	VFB_00101567	8	1	0.0
2024-05-06		VFB_00029353		4	1	18.0
2024-05-06		VFB_00029353	VFB_00101567	4	1	0.0
2024-05-06		VFB_00029540		4	1	5.0
2024-05-06		VFB_00029540	VFB_00101567	4	1	0.0
2024-05-06		VFB_00029802		4	1	7.0
2024-05-06		VFB_00029802	VFB_00101567	4	1	0.0
2024-05-06		VFB_00029919		4	1	25.0
2024-05-06		VFB_00029919	VFB_00101567	4	1	0.0
2024-05-06		VFB_00029990		8	1	26.0
2024-05-06		VFB_00029990	VFB_00101567	8	3	0.0
2024-05-06		VFB_00030504		9	1	64.0
2024-05-06		VFB_00030504	VFB_00101567	9	3	0.0
2024-05-06		VFB_00030801		3	1	6.0
2024-05-06		VFB_00030801	VFB_00101567	3	1	0.0
2024-05-06		VFB_00030867		4	1	0.0
2024-05-06		VFB_00030867	VFB_00101567	4	1	0.0
2024-05-06		VFB_00037166		4	1	16.0
2024-05-06		VFB_00037166	VFB_00101567	4	1	0.0
2024-05-06		VFB_00037479		4	1	8.0
2024-05-06		VFB_00037479	VFB_00101567	4	1	0.0
2024-05-06		VFB_00037848		4	1	17.0
2024-05-06		VFB_00037848	VFB_00101567	4	1	0.0
2024-05-06		VFB_00037851		4	1	14.0
2024-05-06		VFB_00037851	VFB_00101567	4	1	0.0
2024-05-06		VFB_00037956		4	1	13.0
2024-05-06		VFB_00037956	VFB_00101567	4	1	0.0
2024-05-06		VFB_00039513		4	1	26.0
2024-05-06		VFB_00039513	VFB_00101567	4	3	0.0
2024-05-06		VFB_00040098		4	1	15.0
2024-05-06		VFB_00040098	VFB_00101567	4	1	0.0
2024-05-06		VFB_00040273		2	1	6.0
2024-05-06		VFB_00040273	VFB_00101567	2	1	0.0
2024-05-06		VFB_00042226		4	1	12.0
2024-05-06		VFB_00042226	VFB_00101567	4	1	0.0
2024-05-06		VFB_00042469		3	1	12.0
2024-05-06		VFB_00042469	VFB_00101567	3	1	0.0
2024-05-06		VFB_00042915		8	1	32.0
2024-05-06		VFB_00042915	VFB_00101567	8	2	0.0
2024-05-06		VFB_00043783		4	1	4.0
2024-05-06		VFB_00043783	VFB_00101567	4	1	0.0
2024-05-06		VFB_00043914		4	1	10.0
2024-05-06		VFB_00043914	VFB_00101567	4	1	0.0
2024-05-06		VFB_00044237		4	1	10.0
2024-05-06		VFB_00044237	VFB_00101567	4	1	0.0
2024-05-06		VFB_00044291		4	1	14.0
2024-05-06		VFB_00044291	VFB_00101567	4	1	0.0
2024-05-06		VFB_00044442		4	1	21.0
2024-05-06		VFB_00044442	VFB_00101567	4	2	0.0
2024-05-06		VFB_00044646		4	1	10.0
2024-05-06		VFB_00044646	VFB_00101567	4	1	0.0
2024-05-06		VFB_00045684		1	1	11.0
2024-05-06		VFB_00045684	VFB_00101567	1	1	0.0
2024-05-06		VFB_00045754		4	1	8.0
2024-05-06		VFB_00045754	VFB_00101567	4	1	0.0
2024-05-06		VFB_00045791		4	1	9.0
2024-05-06		VFB_00045791	VFB_00101567	4	1	0.0
2024-05-06		VFB_00046102		2	1	12.0
2024-05-06		VFB_00046102	VFB_00101567	2	1	0.0
2024-05-06		VFB_00046103		4	1	31.0
2024-05-06		VFB_00046103	VFB_00101567	4	1	0.0
2024-05-06		VFB_00046190		4	1	9.0
2024-05-06		VFB_00046190	VFB_00101567	4	1	0.0
2024-05-06		VFB_00046708		4	1	14.0
2024-05-06		VFB_00046708	VFB_00101567	4	1	0.0
2024-05-06		VFB_00047112		6	1	11.0
2024-05-06		VFB_00047112	VFB_00101567	6	1	0.0
2024-05-06		VFB_00047542		4	1	7.0
2024-05-06		VFB_00047542	VFB_00101567	4	1	0.0
2024-05-06		VFB_00048165		4	1	16.0
2024-05-06		VFB_00048165	VFB_00101567	4	1	0.0
2024-05-06		VFB_00049000		7	1	1.0
2024-05-06		VFB_00049000	VFB_00049000	8	2	0.0
2024-05-06		VFB_00063287		2	1	0.0
2024-05-06		VFB_00063287	VFB_00101567	1	1	0.0
2024-05-06		VFB_00063419		2	1	8.0
2024-05-06		VFB_00063419	VFB_00101567	2	1	0.0
2024-05-06		VFB_00063433		1	1	0.0
2024-05-06		VFB_00063433	VFB_00101567	1	1	0.0
2024-05-06		VFB_00063967		1	1	0.0
2024-05-06		VFB_00063967	VFB_00101567	1	1	0.0
2024-05-06		VFB_00063983		1	1	0.0
2024-05-06		VFB_00063983	VFB_00101567	1	1	0.0
2024-05-06		VFB_00063997		1	1	0.0
2024-05-06		VFB_00063997	VFB_00101567	1	1	0.0
2024-05-06		VFB_00064009		1	1	0.0
2024-05-06		VFB_00064009	VFB_00101567	1	1	0.0
2024-05-06		VFB_00064013		1	1	0.0
2024-05-06		VFB_00064013	VFB_00101567	1	1	0.0
2024-05-06		VFB_00064021		1	1	0.0
2024-05-06		VFB_00064021	VFB_00101567	1	1	0.0
2024-05-06		VFB_00064077		2	1	7.0
2024-05-06		VFB_00064077	VFB_00101567	2	1	0.0
2024-05-06		VFB_00064129		2	1	1.0
2024-05-06		VFB_00064129	VFB_00101567	2	1	0.0
2024-05-06		VFB_00064131		1	1	0.0
2024-05-06		VFB_00064131	VFB_00101567	1	1	0.0
2024-05-06		VFB_00064209		1	1	0.0
2024-05-06		VFB_00064209	VFB_00101567	1	1	0.0
2024-05-06		VFB_00064540		1	1	0.0
2024-05-06		VFB_00064540	VFB_00101567	1	1	0.0
2024-05-06		VFB_00064653		1	1	0.0
2024-05-06		VFB_00064653	VFB_00101567	1	1	0.0
2024-05-06		VFB_00064655		1	1	0.0
2024-05-06		VFB_00064655	VFB_00101567	1	1	0.0
2024-05-06		VFB_00064665		2	1	2.0
2024-05-06		VFB_00064665	VFB_00101567	2	1	0.0
2024-05-06		VFB_00064804		5	1	10.0
2024-05-06		VFB_00064804	VFB_00101567	5	2	0.0
2024-05-06		VFB_00064952		1	1	0.0
2024-05-06		VFB_00064952	VFB_00101567	1	1	0.0
2024-05-06		VFB_00064976		1	1	0.0
2024-05-06		VFB_00064976	VFB_00101567	1	1	0.0
2024-05-06		VFB_00065106		2	1	1.0
2024-05-06		VFB_00065106	VFB_00101567	2	1	0.0
2024-05-06		VFB_00065176		5	1	7.0
2024-05-06		VFB_00065176	VFB_00101567	5	1	0.0
2024-05-06		VFB_00065390		2	1	26.0
2024-05-06		VFB_00065390	VFB_00101567	2	1	0.0
2024-05-06		VFB_00065412		1	1	0.0
2024-05-06		VFB_00065412	VFB_00101567	1	1	0.0
2024-05-06		VFB_00065476		1	1	0.0
2024-05-06		VFB_00065476	VFB_00101567	1	1	0.0
2024-05-06		VFB_00065674		1	1	0.0
2024-05-06		VFB_00065674	VFB_00101567	1	1	0.0
2024-05-06		VFB_00065860		1	1	0.0
2024-05-06		VFB_00065860	VFB_00101567	1	1	0.0
2024-05-06		VFB_00065864		1	1	0.0
2024-05-06		VFB_00065864	VFB_00101567	1	1	0.0
2024-05-06		VFB_00066003		1	1	0.0
2024-05-06		VFB_00066003	VFB_00101567	1	1	0.0
2024-05-06		VFB_00066117		1	1	0.0
2024-05-06		VFB_00066117	VFB_00101567	1	1	0.0
2024-05-06		VFB_00066220		1	1	0.0
2024-05-06		VFB_00066220	VFB_00101567	1	1	0.0
2024-05-06		VFB_00066283		2	1	9.0
2024-05-06		VFB_00066283	VFB_00101567	2	1	0.0
2024-05-06		VFB_00066399		1	1	0.0
2024-05-06		VFB_00066399	VFB_00101567	1	1	0.0
2024-05-06		VFB_00066455		1	1	0.0
2024-05-06		VFB_00066455	VFB_00101567	1	1	0.0
2024-05-06		VFB_00066514		1	1	0.0
2024-05-06		VFB_00066514	VFB_00101567	1	1	0.0
2024-05-06		VFB_00066581		1	1	0.0
2024-05-06		VFB_00066581	VFB_00101567	1	1	0.0
2024-05-06		VFB_00066649		1	1	0.0
2024-05-06		VFB_00066649	VFB_00101567	1	1	0.0
2024-05-06		VFB_00066728		1	1	0.0
2024-05-06		VFB_00066728	VFB_00101567	1	1	0.0
2024-05-06		VFB_00066807		1	1	0.0
2024-05-06		VFB_00066807	VFB_00101567	1	1	0.0
2024-05-06		VFB_00066811		1	1	0.0
2024-05-06		VFB_00066811	VFB_00101567	1	1	0.0
2024-05-06		VFB_00066855		1	1	0.0
2024-05-06		VFB_00066855	VFB_00101567	1	1	0.0
2024-05-06		VFB_00067061		4	1	8.0
2024-05-06		VFB_00067061	VFB_00101567	3	2	0.0
2024-05-06		VFB_00067118		1	1	0.0
2024-05-06		VFB_00067118	VFB_00101567	1	1	0.0
2024-05-06		VFB_00067219		1	1	0.0
2024-05-06		VFB_00067219	VFB_00101567	1	1	0.0
2024-05-06		VFB_00067383		1	1	0.0
2024-05-06		VFB_00067383	VFB_00101567	1	1	0.0
2024-05-06		VFB_00067975		1	1	0.0
2024-05-06		VFB_00067975	VFB_00101567	1	1	0.0
2024-05-06		VFB_00068181		4	1	0.0
2024-05-06		VFB_00068181	VFB_00101567	4	1	0.0
2024-05-06		VFB_00068228		1	1	0.0
2024-05-06		VFB_00068228	VFB_00101567	1	1	0.0
2024-05-06		VFB_00068283		1	1	0.0
2024-05-06		VFB_00068283	VFB_00101567	1	1	0.0
2024-05-06		VFB_00068323		3	1	7.0
2024-05-06		VFB_00068323	VFB_00100000	1	1	0.0
2024-05-06		VFB_00068323	VFB_00101567	1	1	0.0
2024-05-06		VFB_00068352		1	1	0.0
2024-05-06		VFB_00068352	VFB_00101567	1	1	0.0
2024-05-06		VFB_00068406		2	1	3.0
2024-05-06		VFB_00068406	VFB_00101567	2	1	0.0
2024-05-06		VFB_00068609		1	1	0.0
2024-05-06		VFB_00068609	VFB_00101567	1	1	0.0
2024-05-06		VFB_00068635		5	1	10.0
2024-05-06		VFB_00068635	VFB_00101567	5	2	0.0
2024-05-06		VFB_00068699		1	1	0.0
2024-05-06		VFB_00068699	VFB_00101567	1	1	0.0
2024-05-06		VFB_00068705		1	1	0.0
2024-05-06		VFB_00068705	VFB_00101567	1	1	0.0
2024-05-06		VFB_00068749		3	1	13.0
2024-05-06		VFB_00068749	VFB_00101567	3	2	0.0
2024-05-06		VFB_00100000		6	1	25.0
2024-05-06		VFB_00100000	VFB_00100000	7	2	0.0
2024-05-06		VFB_00100f09		4	1	13.0
2024-05-06		VFB_00100f09	VFB_00101567	3	1	0.0
2024-05-06		VFB_00100f09	VFB_00200000	1	1	0.0
2024-05-06		VFB_00100wpl		6	1	5.0
2024-05-06		VFB_00100wpl	VFB_00101567	6	2	0.0
2024-05-06		VFB_00100yov		4	1	24.0
2024-05-06		VFB_00100yov	VFB_00101567	4	1	0.0
2024-05-06		VFB_00100z94		4	1	11.0
2024-05-06		VFB_00100z94	VFB_00101567	4	1	0.0
2024-05-06		VFB_001012qa		24	1	0.0
2024-05-06		VFB_001012qa	VFB_00101567	24	1	0.0
2024-05-06		VFB_001014ts		3	1	6.0
2024-05-06		VFB_001014ts	VFB_00100000	1	1	0.0
2024-05-06		VFB_001014ts	VFB_00101567	1	1	0.0
2024-05-06		VFB_001014ts	VFB_00200000	1	1	0.0
2024-05-06		VFB_00101567		117	21	259.0
2024-05-06		VFB_00101567	VFB_00101567	140	35	43.0
2024-05-06		VFB_00101v0d		1	1	0.0
2024-05-06		VFB_00101v0d	VFB_00101567	1	1	0.0
2024-05-06		VFB_00101v0e		1	1	0.0
2024-05-06		VFB_00101v0e	VFB_00101567	1	1	0.0
2024-05-06		VFB_00101v0f		1	1	0.0
2024-05-06		VFB_00101v0f	VFB_00101567	1	1	0.0
2024-05-06		VFB_00102134		3	1	95.0
2024-05-06		VFB_00102134	VFB_00101567	3	2	0.0
2024-05-06		VFB_00102135		3	1	28.0
2024-05-06		VFB_00102135	VFB_00101567	3	2	0.0
2024-05-06		VFB_00102137		1	1	0.0
2024-05-06		VFB_00102137	VFB_00101567	1	1	0.0
2024-05-06		VFB_00102146		7	2	9.0
2024-05-06		VFB_00102146	VFB_00101567	7	3	0.0
2024-05-06		VFB_00102154		2	1	4.0
2024-05-06		VFB_00102154	VFB_00101567	2	1	0.0
2024-05-06		VFB_00102170		5	2	5.0
2024-05-06		VFB_00102170	VFB_00101567	5	2	0.0
2024-05-06		VFB_00102201		9	2	10.0
2024-05-06		VFB_00102201	VFB_00101567	9	3	0.0
2024-05-06		VFB_00102212		2	1	3.0
2024-05-06		VFB_00102212	VFB_00101567	2	1	0.0
2024-05-06		VFB_00102271		20	3	22.0
2024-05-06		VFB_00102271	VFB_00101567	20	5	0.0
2024-05-06		VFB_00102276		9	2	2.0
2024-05-06		VFB_00102276	VFB_00101567	9	3	0.0
2024-05-06		VFB_00102280		13	2	48.0
2024-05-06		VFB_00102280	VFB_00101567	13	4	0.0
2024-05-06		VFB_001022wb		3	1	1.0
2024-05-06		VFB_001022wb	VFB_00101567	2	1	0.0
2024-05-06		VFB_001022wb	VFB_00200000	1	1	0.0
2024-05-06		VFB_jrch080r		24	1	0.0
2024-05-06		VFB_jrch080r	VFB_00101567	24	1	0.0
2024-05-06		VFB_jrchjrch		2	1	6.0
2024-05-06		VFB_jrchjrch	VFB_00101567	2	1	0.0
2024-05-06		VFB_jrchjroe		4	1	10.0
2024-05-06		VFB_jrchjroe	VFB_00101567	2	2	0.0
2024-05-06		VFB_jrchjsfx		3	1	24.0
2024-05-06		VFB_jrchjsfx	VFB_00101567	5	2	0.0
2024-05-06		VFB_jrchjti1		3	1	3.0
2024-05-06		VFB_jrchjti1	VFB_00101567	3	1	0.0
2024-05-06		VFB_jrchjx8x		1	1	0.0
2024-05-06		VFB_jrchjx8x	VFB_00101567	1	1	0.0
2024-05-06		VFB_jrchk3cr		1	1	0.0
2024-05-06		VFB_jrchk3cr	VFB_00101567	1	1	0.0
2024-05-06		VFB_jrchk3do		3	1	0.0
2024-05-06		VFB_jrchk3do	VFB_00101567	3	1	0.0
2024-05-06		VFB_jrchk4vw		1	1	0.0
2024-05-06		VFB_jrchk4vw	VFB_00101567	1	1	0.0
2024-05-06		VFB_jrchk7l1		1	1	0.0
2024-05-06		VFB_jrchk7l1	VFB_00101567	2	1	0.0
2024-05-06		VFB_jrchk7l2		2	1	74.0
2024-05-06		VFB_jrchk7l2	VFB_00101567	1	1	0.0
2024-05-06		VFB_jrchk7x7		1	1	0.0
2024-05-06		VFB_jrchk7x7	VFB_00101567	1	1	0.0
2024-05-06		VFB_jrchk87g		3	1	0.0
2024-05-06		VFB_jrchk87g	VFB_00101567	3	1	0.0
2024-05-06		VFBexp_FBti0003		1	1	0.0
2024-05-06		VFBexp_FBti0003	VFB_00101567	1	1	0.0
2024-05-06		VFBexp_FBtp0060		2	2	0.0
2024-05-06		VFBexp_FBtp0060	VFB_00101567	2	2	0.0
2024-05-06		VFBexp_FBtp0061		1	1	0.0
2024-05-06		VFBexp_FBtp0061	VFB_00101567	1	1	0.0
2024-05-06		VFBexp_FBtp0099		5	5	3.0
2024-05-06		VFBexp_FBtp0099	VFB_00101567	6	5	0.0
2024-05-06		VFBexp_FBtp0100		11	11	0.0
2024-05-06		VFBexp_FBtp0100	VFB_00101567	11	11	0.0
2024-05-06		VFBexp_FBtp0101		14	13	0.0
2024-05-06		VFBexp_FBtp0101	VFB_00101567	15	13	0.0
2024-05-06		VFBexp_FBtp0102		10	10	0.0
2024-05-06		VFBexp_FBtp0102	VFB_00101567	10	10	0.0
2024-05-06		VFBexp_FBtp0103		14	14	0.0
2024-05-06		VFBexp_FBtp0103	VFB_00101567	14	14	0.0
2024-05-06		VFBexp_FBtp0104		10	10	7.0
2024-05-06		VFBexp_FBtp0104	VFB_00101567	10	10	0.0
2024-05-06		VFBexp_FBtp0105		8	8	0.0
2024-05-06		VFBexp_FBtp0105	VFB_00101567	8	8	0.0
2024-05-06		VFBexp_FBtp0106		18	18	0.0
2024-05-06		VFBexp_FBtp0106	VFB_00101567	18	18	0.0
2024-05-06		VFBexp_FBtp0107		6	6	0.0
2024-05-06		VFBexp_FBtp0107	VFB_00101567	6	6	0.0
2024-05-06		VFBexp_FBtp0110		1	1	0.0
2024-05-06		VFBexp_FBtp0110	VFB_00200000	1	1	0.0
2024-05-06		VFBexp_FBtp0117		1	1	0.0
2024-05-06		VFBexp_FBtp0117	VFB_00101567	1	1	0.0
2024-05-06		VFBexp_FBtp0118		2	1	0.0
2024-05-06		VFBexp_FBtp0118	VFB_00101567	2	1	0.0
2024-05-06	v2.virtualflybrain.org	FBbt_00001588	VFB_00101567	0	1	31.0
2024-05-06	v2.virtualflybrain.org	FBbt_00003681	VFB_00101567	0	1	26.0
2024-05-06	v2.virtualflybrain.org	FBbt_00003885	VFB_00101567	0	1	37.0
2024-05-06	v2.virtualflybrain.org	FBbt_00005780	VFB_00101567	0	1	69.0
2024-05-06	v2.virtualflybrain.org	FBbt_00007054	VFB_00101567	0	2	121.0
2024-05-06	v2.virtualflybrain.org	FBbt_00007055	VFB_00101567	0	2	14.0
2024-05-06	v2.virtualflybrain.org	FBbt_00007401	VFB_00101567	0	2	71.0
2024-05-06	v2.virtualflybrain.org	FBbt_00014013	VFB_00101567	2	6	217.0
2024-05-06	v2.virtualflybrain.org	FBbt_00040040	VFB_00101567	0	1	18.0
2024-05-06	v2.virtualflybrain.org	FBbt_00040041	VFB_00101567	0	2	137.0
2024-05-06	v2.virtualflybrain.org	FBbt_00040042	VFB_00101567	0	1	98.0
2024-05-06	v2.virtualflybrain.org	FBbt_00040043	VFB_00101567	0	2	140.0
2024-05-06	v2.virtualflybrain.org	FBbt_00040044	VFB_00101567	1	4	335.0
2024-05-06	v2.virtualflybrain.org	FBbt_00040051	VFB_00101567	0	2	45.0
2024-05-06	v2.virtualflybrain.org	FBbt_00045020	VFB_00101567	2	1	0.0
2024-05-06	v2.virtualflybrain.org	FBbt_00045027	VFB_00101567	0	3	56.0
2024-05-06	v2.virtualflybrain.org	FBbt_00045037	VFB_00101567	0	1	63.0
2024-05-06	v2.virtualflybrain.org	FBbt_00045040	VFB_00101567	8	1	0.0
2024-05-06	v2.virtualflybrain.org	FBbt_00045048	VFB_00101567	1	5	133.0
2024-05-06	v2.virtualflybrain.org	FBbt_00051274	VFB_00101567	1	1	0.0
2024-05-06	v2.virtualflybrain.org	FBbt_00052538	VFB_00101567	24	1	0.0
2024-05-06	v2.virtualflybrain.org	FBbt_00100341	VFB_00101567	0	1	114.0
2024-05-06	v2.virtualflybrain.org	FBbt_00100634	VFB_00101567	5	1	0.0
2024-05-06	v2.virtualflybrain.org	FBbt_00110175	VFB_00100000	0	2	20.0
2024-05-06	v2.virtualflybrain.org	FBbt_00111451	VFB_00101567	0	1	0.0
2024-05-06	v2.virtualflybrain.org	FBbt_20000188	VFB_00101567	0	1	31.0
2024-05-06	v2.virtualflybrain.org	FBbt_20001291	VFB_00101567	1	1	0.0
2024-05-06	v2.virtualflybrain.org	VFB_00017894	VFB_00017894	2	1	0.0
2024-05-06	v2.virtualflybrain.org	VFB_00025006	VFB_00101567	0	2	0.0
2024-05-06	v2.virtualflybrain.org	VFB_00026267	VFB_00101567	0	1	0.0
2024-05-06	v2.virtualflybrain.org	VFB_00026498	VFB_00101567	0	1	38.0
2024-05-06	v2.virtualflybrain.org	VFB_00026519	VFB_00101567	0	1	0.0
2024-05-06	v2.virtualflybrain.org	VFB_00027067	VFB_00101567	0	1	0.0
2024-05-06	v2.virtualflybrain.org	VFB_00027410	VFB_00101567	0	1	0.0
2024-05-06	v2.virtualflybrain.org	VFB_00028353	VFB_00101567	0	1	0.0
2024-05-06	v2.virtualflybrain.org	VFB_00028578	VFB_00101567	0	1	0.0
2024-05-06	v2.virtualflybrain.org	VFB_00029353	VFB_00101567	0	1	0.0
2024-05-06	v2.virtualflybrain.org	VFB_00029540	VFB_00101567	0	1	0.0
2024-05-06	v2.virtualflybrain.org	VFB_00029802	VFB_00101567	0	1	0.0
2024-05-06	v2.virtualflybrain.org	VFB_00029919	VFB_00101567	0	1	0.0
2024-05-06	v2.virtualflybrain.org	VFB_00029990	VFB_00101567	0	2	0.0
2024-05-06	v2.virtualflybrain.org	VFB_00030504	VFB_00101567	1	2	13.0
2024-05-06	v2.virtualflybrain.org	VFB_00030801	VFB_00101567	0	2	1.0
2024-05-06	v2.virtualflybrain.org	VFB_00030867	VFB_00101567	4	1	0.0
2024-05-06	v2.virtualflybrain.org	VFB_00037166	VFB_00101567	0	1	0.0
2024-05-06	v2.virtualflybrain.org	VFB_00037479	VFB_00101567	0	1	0.0
2024-05-06	v2.virtualflybrain.org	VFB_00037848	VFB_00101567	0	1	0.0
2024-05-06	v2.virtualflybrain.org	VFB_00037851	VFB_00101567	0	1	0.0
2024-05-06	v2.virtualflybrain.org	VFB_00037956	VFB_00101567	0	1	0.0
2024-05-06	v2.virtualflybrain.org	VFB_00039513	VFB_00101567	0	3	38.0
2024-05-06	v2.virtualflybrain.org	VFB_00040098	VFB_00101567	0	1	0.0
2024-05-06	v2.virtualflybrain.org	VFB_00040273	VFB_00101567	0	1	0.0
2024-05-06	v2.virtualflybrain.org	VFB_00042226	VFB_00101567	0	2	48.0
2024-05-06	v2.virtualflybrain.org	VFB_00042469	VFB_00101567	0	1	0.0
2024-05-06	v2.virtualflybrain.org	VFB_00042915	VFB_00101567	0	2	0.0
2024-05-06	v2.virtualflybrain.org	VFB_00043783	VFB_00101567	0	1	0.0
2024-05-06	v2.virtualflybrain.org	VFB_00043914	VFB_00101567	0	1	0.0
2024-05-06	v2.virtualflybrain.org	VFB_00044237	VFB_00101567	0	1	0.0
2024-05-06	v2.virtualflybrain.org	VFB_00044291	VFB_00101567	0	1	0.0
2024-05-06	v2.virtualflybrain.org	VFB_00044442	VFB_00101567	0	2	26.0
2024-05-06	v2.virtualflybrain.org	VFB_00044646	VFB_00101567	0	1	0.0
2024-05-06	v2.virtualflybrain.org	VFB_00045684	VFB_00101567	0	1	20.0
2024-05-06	v2.virtualflybrain.org	VFB_00045754	VFB_00101567	0	1	0.0
2024-05-06	v2.virtualflybrain.org	VFB_00045791	VFB_00101567	0	1	0.0
2024-05-06	v2.virtualflybrain.org	VFB_00046102	VFB_00101567	0	1	9.0
2024-05-06	v2.virtualflybrain.org	VFB_00046103	VFB_00101567	0	1	0.0
2024-05-06	v2.virtualflybrain.org	VFB_00046190	VFB_00101567	0	1	0.0
2024-05-06	v2.virtualflybrain.org	VFB_00046708	VFB_00101567	0	1	0.0
2024-05-06	v2.virtualflybrain.org	VFB_00047112	VFB_00101567	0	1	0.0
2024-05-06	v2.virtualflybrain.org	VFB_00047542	VFB_00101567	0	1	0.0
2024-05-06	v2.virtualflybrain.org	VFB_00048165	VFB_00101567	0	1	0.0
2024-05-06	v2.virtualflybrain.org	VFB_00049000		1	1	2.0
2024-05-06	v2.virtualflybrain.org	VFB_00049000	VFB_00049000	7	4	1.0
2024-05-06	v2.virtualflybrain.org	VFB_00063287	VFB_00101567	0	1	64.0
2024-05-06	v2.virtualflybrain.org	VFB_00063419	VFB_00101567	0	1	16.0
2024-05-06	v2.virtualflybrain.org	VFB_00063433	VFB_00101567	0	1	15.0
2024-05-06	v2.virtualflybrain.org	VFB_00063967	VFB_00101567	0	1	7.0
2024-05-06	v2.virtualflybrain.org	VFB_00063983	VFB_00101567	0	1	16.0
2024-05-06	v2.virtualflybrain.org	VFB_00063997	VFB_00101567	0	1	20.0
2024-05-06	v2.virtualflybrain.org	VFB_00064009	VFB_00101567	0	1	12.0
2024-05-06	v2.virtualflybrain.org	VFB_00064013	VFB_00101567	0	1	27.0
2024-05-06	v2.virtualflybrain.org	VFB_00064021	VFB_00101567	0	1	10.0
2024-05-06	v2.virtualflybrain.org	VFB_00064129	VFB_00101567	0	1	34.0
2024-05-06	v2.virtualflybrain.org	VFB_00064131	VFB_00101567	0	1	51.0
2024-05-06	v2.virtualflybrain.org	VFB_00064209	VFB_00101567	0	1	42.0
2024-05-06	v2.virtualflybrain.org	VFB_00064540	VFB_00101567	0	1	10.0
2024-05-06	v2.virtualflybrain.org	VFB_00064653	VFB_00101567	0	1	11.0
2024-05-06	v2.virtualflybrain.org	VFB_00064655	VFB_00101567	0	1	2.0
2024-05-06	v2.virtualflybrain.org	VFB_00064804	VFB_00101567	0	2	20.0
2024-05-06	v2.virtualflybrain.org	VFB_00064952	VFB_00101567	0	2	23.0
2024-05-06	v2.virtualflybrain.org	VFB_00064976	VFB_00101567	0	1	26.0
2024-05-06	v2.virtualflybrain.org	VFB_00065106	VFB_00101567	0	1	21.0
2024-05-06	v2.virtualflybrain.org	VFB_00065176	VFB_00101567	0	2	7.0
2024-05-06	v2.virtualflybrain.org	VFB_00065390	VFB_00101567	0	1	8.0
2024-05-06	v2.virtualflybrain.org	VFB_00065412	VFB_00101567	0	1	19.0
2024-05-06	v2.virtualflybrain.org	VFB_00065476	VFB_00101567	0	1	16.0
2024-05-06	v2.virtualflybrain.org	VFB_00065674	VFB_00101567	0	1	12.0
2024-05-06	v2.virtualflybrain.org	VFB_00065860	VFB_00101567	0	1	23.0
2024-05-06	v2.virtualflybrain.org	VFB_00065864	VFB_00101567	0	1	28.0
2024-05-06	v2.virtualflybrain.org	VFB_00066003	VFB_00101567	0	1	8.0
2024-05-06	v2.virtualflybrain.org	VFB_00066117	VFB_00101567	0	1	28.0
2024-05-06	v2.virtualflybrain.org	VFB_00066220	VFB_00101567	0	1	8.0
2024-05-06	v2.virtualflybrain.org	VFB_00066283	VFB_00101567	0	1	25.0
2024-05-06	v2.virtualflybrain.org	VFB_00066399	VFB_00101567	0	1	24.0
2024-05-06	v2.virtualflybrain.org	VFB_00066455	VFB_00101567	0	1	7.0
2024-05-06	v2.virtualflybrain.org	VFB_00066514	VFB_00101567	0	1	10.0
2024-05-06	v2.virtualflybrain.org	VFB_00066581	VFB_00101567	0	1	0.0
2024-05-06	v2.virtualflybrain.org	VFB_00066649	VFB_00101567	0	1	19.0
2024-05-06	v2.virtualflybrain.org	VFB_00066728	VFB_00101567	0	1	15.0
2024-05-06	v2.virtualflybrain.org	VFB_00066807	VFB_00101567	0	1	25.0
2024-05-06	v2.virtualflybrain.org	VFB_00066811	VFB_00101567	0	1	21.0
2024-05-06	v2.virtualflybrain.org	VFB_00066855	VFB_00101567	0	1	11.0
2024-05-06	v2.virtualflybrain.org	VFB_00067061	VFB_00101567	1	3	11.0
2024-05-06	v2.virtualflybrain.org	VFB_00067118	VFB_00101567	0	1	42.0
2024-05-06	v2.virtualflybrain.org	VFB_00067219	VFB_00101567	0	1	10.0
2024-05-06	v2.virtualflybrain.org	VFB_00067383	VFB_00101567	0	1	9.0
2024-05-06	v2.virtualflybrain.org	VFB_00067975	VFB_00101567	0	1	21.0
2024-05-06	v2.virtualflybrain.org	VFB_00068181	VFB_00101567	0	3	35.0
2024-05-06	v2.virtualflybrain.org	VFB_00068228	VFB_00101567	0	1	8.0
2024-05-06	v2.virtualflybrain.org	VFB_00068283	VFB_00101567	0	1	20.0
2024-05-06	v2.virtualflybrain.org	VFB_00068323	VFB_00100000	1	3	0.0
2024-05-06	v2.virtualflybrain.org	VFB_00068323	VFB_00101567	0	1	24.0
2024-05-06	v2.virtualflybrain.org	VFB_00068352	VFB_00101567	0	1	17.0
2024-05-06	v2.virtualflybrain.org	VFB_00068609	VFB_00101567	0	1	11.0
2024-05-06	v2.virtualflybrain.org	VFB_00068635	VFB_00101567	0	2	16.0
2024-05-06	v2.virtualflybrain.org	VFB_00068699	VFB_00101567	0	1	17.0
2024-05-06	v2.virtualflybrain.org	VFB_00068705	VFB_00101567	0	1	30.0
2024-05-06	v2.virtualflybrain.org	VFB_00068749	VFB_00101567	0	2	9.0
2024-05-06	v2.virtualflybrain.org	VFB_00100000	VFB_00100000	2	4	27.0
2024-05-06	v2.virtualflybrain.org	VFB_00100f09	VFB_00101567	0	2	2.0
2024-05-06	v2.virtualflybrain.org	VFB_00100f09	VFB_00200000	1	3	9.0
2024-05-06	v2.virtualflybrain.org	VFB_00100wpl	VFB_00101567	4	3	0.0
2024-05-06	v2.virtualflybrain.org	VFB_00100yov	VFB_00101567	0	1	0.0
2024-05-06	v2.virtualflybrain.org	VFB_00100z94	VFB_00101567	0	1	0.0
2024-05-06	v2.virtualflybrain.org	VFB_001012qa	VFB_00101567	24	1	0.0
2024-05-06	v2.virtualflybrain.org	VFB_001014ts	VFB_00100000	1	2	0.0
2024-05-06	v2.virtualflybrain.org	VFB_001014ts	VFB_00101567	0	2	12.0
2024-05-06	v2.virtualflybrain.org	VFB_001014ts	VFB_00200000	1	1	124.0
2024-05-06	v2.virtualflybrain.org	VFB_00101567	VFB_00101567	84	66	755.0
2024-05-06	v2.virtualflybrain.org	VFB_00101v0d	VFB_00101567	0	1	86.0
2024-05-06	v2.virtualflybrain.org	VFB_00101v0e	VFB_00101567	0	1	28.0
2024-05-06	v2.virtualflybrain.org	VFB_00101v0f	VFB_00101567	0	1	31.0
2024-05-06	v2.virtualflybrain.org	VFB_00102134	VFB_00101567	0	1	3.0
2024-05-06	v2.virtualflybrain.org	VFB_00102135	VFB_00101567	0	1	79.0
2024-05-06	v2.virtualflybrain.org	VFB_00102137	VFB_00101567	0	1	66.0
2024-05-06	v2.virtualflybrain.org	VFB_00102146	VFB_00101567	0	3	4.0
2024-05-06	v2.virtualflybrain.org	VFB_00102154	VFB_00101567	0	1	0.0
2024-05-06	v2.virtualflybrain.org	VFB_00102170	VFB_00101567	0	3	307.0
2024-05-06	v2.virtualflybrain.org	VFB_00102201	VFB_00101567	0	3	80.0
2024-05-06	v2.virtualflybrain.org	VFB_00102212	VFB_00101567	0	1	0.0
2024-05-06	v2.virtualflybrain.org	VFB_00102271	VFB_00101567	7	6	80.0
2024-05-06	v2.virtualflybrain.org	VFB_00102276	VFB_00101567	0	3	342.0
2024-05-06	v2.virtualflybrain.org	VFB_00102280	VFB_00101567	0	5	258.0
2024-05-06	v2.virtualflybrain.org	VFB_001022wb	VFB_00101567	0	2	20.0
2024-05-06	v2.virtualflybrain.org	VFB_001022wb	VFB_00200000	1	3	15.0
2024-05-06	v2.virtualflybrain.org	VFB_00200000	VFB_00200000	0	2	0.0
2024-05-06	v2.virtualflybrain.org	VFB_jrch080r	VFB_00101567	24	1	0.0
2024-05-06	v2.virtualflybrain.org	VFB_jrchjrch	VFB_00101567	0	1	0.0
2024-05-06	v2.virtualflybrain.org	VFB_jrchjroe	VFB_00101567	0	1	32.0
2024-05-06	v2.virtualflybrain.org	VFB_jrchjsfx	VFB_00101567	0	1	1.0
2024-05-06	v2.virtualflybrain.org	VFB_jrchjtff	VFB_00101567	2	1	0.0
2024-05-06	v2.virtualflybrain.org	VFB_jrchjti1	VFB_00101567	0	2	116.0
2024-05-06	v2.virtualflybrain.org	VFB_jrchjx8x	VFB_00101567	0	1	125.0
2024-05-06	v2.virtualflybrain.org	VFB_jrchk3cr	VFB_00101567	0	1	26.0
2024-05-06	v2.virtualflybrain.org	VFB_jrchk3do	VFB_00101567	3	2	0.0
2024-05-06	v2.virtualflybrain.org	VFB_jrchk4vw	VFB_00101567	0	1	120.0
2024-05-06	v2.virtualflybrain.org	VFB_jrchk7l1	VFB_00101567	0	1	3.0
2024-05-06	v2.virtualflybrain.org	VFB_jrchk7l2	VFB_00101567	0	1	13.0
2024-05-06	v2.virtualflybrain.org	VFB_jrchk7x7	VFB_00101567	0	1	92.0
2024-05-06	v2.virtualflybrain.org	VFB_jrchk87g	VFB_00101567	3	1	0.0
2024-05-06	v2.virtualflybrain.org	VFBexp_FBti0003	VFB_00101567	1	1	24.0
2024-05-06	v2.virtualflybrain.org	VFBexp_FBtp0060	VFB_00101567	0	2	33.0
2024-05-06	v2.virtualflybrain.org	VFBexp_FBtp0061		1	1	0.0
2024-05-06	v2.virtualflybrain.org	VFBexp_FBtp0061	VFB_00101567	0	1	43.0
2024-05-06	v2.virtualflybrain.org	VFBexp_FBtp0099		4	4	0.0
2024-05-06	v2.virtualflybrain.org	VFBexp_FBtp0099	VFB_00101567	0	5	77.0
2024-05-06	v2.virtualflybrain.org	VFBexp_FBtp0100	VFB_00101567	0	10	422.0
2024-05-06	v2.virtualflybrain.org	VFBexp_FBtp0101	VFB_00101567	0	13	304.0
2024-05-06	v2.virtualflybrain.org	VFBexp_FBtp0102	VFB_00101567	0	10	147.0
2024-05-06	v2.virtualflybrain.org	VFBexp_FBtp0103	VFB_00101567	0	14	294.0
2024-05-06	v2.virtualflybrain.org	VFBexp_FBtp0104	VFB_00101567	0	10	222.0
2024-05-06	v2.virtualflybrain.org	VFBexp_FBtp0105	VFB_00101567	0	8	164.0
2024-05-06	v2.virtualflybrain.org	VFBexp_FBtp0106	VFB_00101567	0	17	301.0
2024-05-06	v2.virtualflybrain.org	VFBexp_FBtp0107	VFB_00101567	0	6	150.0
2024-05-06	v2.virtualflybrain.org	VFBexp_FBtp0110	VFB_00200000	1	1	0.0
2024-05-06	v2.virtualflybrain.org	VFBexp_FBtp0117		1	1	0.0
2024-05-06	v2.virtualflybrain.org	VFBexp_FBtp0117	VFB_00101567	0	1	4.0
2024-05-06	v2.virtualflybrain.org	VFBexp_FBtp0118	VFB_00101567	2	1	0.0
2024-05-07		FBbt_00003010		1	1	0.0
2024-05-07		FBbt_00003010	VFB_00101567	1	1	0.0
2024-05-07		FBbt_00003624		12	3	0.0
2024-05-07		FBbt_00003624	VFB_00101567	13	3	0.0
2024-05-07		FBbt_00003632		9	1	47.0
2024-05-07		FBbt_00003632	VFB_00101567	9	2	0.0
2024-05-07		FBbt_00003678		1	1	0.0
2024-05-07		FBbt_00003678	VFB_00101567	1	1	0.0
2024-05-07		FBbt_00003680		1	1	5.0
2024-05-07		FBbt_00003680	VFB_00101567	1	1	0.0
2024-05-07		FBbt_00003681		5	4	7.0
2024-05-07		FBbt_00003681	VFB_00101567	6	4	0.0
2024-05-07		FBbt_00003686		1	1	0.0
2024-05-07		FBbt_00003686	VFB_00017894	1	1	0.0
2024-05-07		FBbt_00003748		4	3	10.0
2024-05-07		FBbt_00003748	VFB_00101567	4	3	0.0
2024-05-07		FBbt_00004091		4	1	0.0
2024-05-07		FBbt_00004091	VFB_00200000	4	1	0.0
2024-05-07		FBbt_00005801		4	2	0.0
2024-05-07		FBbt_00005801	VFB_00101567	4	2	0.0
2024-05-07		FBbt_00007053		3	1	1.0
2024-05-07		FBbt_00007053	VFB_00101567	3	1	0.0
2024-05-07		FBbt_00007054		5	3	10.0
2024-05-07		FBbt_00007054	VFB_00101567	5	3	0.0
2024-05-07		FBbt_00007055		11	4	18.0
2024-05-07		FBbt_00007055	VFB_00101567	11	6	0.0
2024-05-07		FBbt_00007352		1	1	0.0
2024-05-07		FBbt_00007352	VFB_00101567	1	1	0.0
2024-05-07		FBbt_00007401		6	3	8.0
2024-05-07		FBbt_00007401	VFB_00101567	6	3	0.0
2024-05-07		FBbt_00007703		2	1	0.0
2024-05-07		FBbt_00007703	VFB_00049000	2	2	0.0
2024-05-07		FBbt_00014013		16	4	10.0
2024-05-07		FBbt_00014013	VFB_00101567	17	9	0.0
2024-05-07		FBbt_00040041		10	2	6.0
2024-05-07		FBbt_00040041	VFB_00101567	10	2	0.0
2024-05-07		FBbt_00040042		3	3	0.0
2024-05-07		FBbt_00040042	VFB_00101567	3	3	0.0
2024-05-07		FBbt_00040043		3	2	0.0
2024-05-07		FBbt_00040043	VFB_00101567	3	2	0.0
2024-05-07		FBbt_00040049		2	1	0.0
2024-05-07		FBbt_00040049	VFB_00101567	2	1	0.0
2024-05-07		FBbt_00040051		7	3	15.0
2024-05-07		FBbt_00040051	VFB_00101567	7	3	0.0
2024-05-07		FBbt_00045020		1	1	0.0
2024-05-07		FBbt_00045020	VFB_00101567	1	1	0.0
2024-05-07		FBbt_00045027		3	2	0.0
2024-05-07		FBbt_00045027	VFB_00101567	3	2	0.0
2024-05-07		FBbt_00045032		5	2	6.0
2024-05-07		FBbt_00045032	VFB_00101567	5	2	0.0
2024-05-07		FBbt_00045048		3	1	0.0
2024-05-07		FBbt_00045048	VFB_00101567	3	1	0.0
2024-05-07		FBbt_00045050		1	1	5.0
2024-05-07		FBbt_00045050	VFB_00101567	1	1	0.0
2024-05-07		FBbt_00047139		1	1	0.0
2024-05-07		FBbt_00047139	VFB_00200000	1	1	0.0
2024-05-07		FBbt_00047174		5	1	0.0
2024-05-07		FBbt_00047174	VFB_00200000	5	2	0.0
2024-05-07		FBbt_00047544		3	1	0.0
2024-05-07		FBbt_00047544	VFB_00200000	3	2	0.0
2024-05-07		FBbt_00047605		2	1	0.0
2024-05-07		FBbt_00047605	VFB_00101567	2	1	0.0
2024-05-07		FBbt_00047887		3	1	0.0
2024-05-07		FBbt_00047887	VFB_00101567	3	1	0.0
2024-05-07		FBbt_00047927		1	1	0.0
2024-05-07		FBbt_00047927	VFB_00101567	1	1	0.0
2024-05-07		FBbt_00049825		1	1	0.0
2024-05-07		FBbt_00049825	VFB_00017894	1	1	0.0
2024-05-07		FBbt_00049839		1	1	0.0
2024-05-07		FBbt_00049839	VFB_00049000	1	1	0.0
2024-05-07		FBbt_00049994		2	1	0.0
2024-05-07		FBbt_00049994	VFB_00200000	2	1	0.0
2024-05-07		FBbt_00052181		3	1	0.0
2024-05-07		FBbt_00052181	VFB_00200000	3	1	0.0
2024-05-07		FBbt_00052538		16	1	0.0
2024-05-07		FBbt_00052538	VFB_00101567	16	1	0.0
2024-05-07		FBbt_00100219		1	1	1.0
2024-05-07		FBbt_00100219	VFB_00101567	1	1	0.0
2024-05-07		FBbt_00100634		10	1	0.0
2024-05-07		FBbt_00100634	VFB_00101567	10	1	0.0
2024-05-07		FBbt_00110173		4	1	0.0
2024-05-07		FBbt_00110173	VFB_00100000	1	1	0.0
2024-05-07		FBbt_00110173	VFB_00200000	3	2	0.0
2024-05-07		FBbt_00110174		5	1	0.0
2024-05-07		FBbt_00110174	VFB_00100000	3	1	0.0
2024-05-07		FBbt_00110174	VFB_00200000	2	1	0.0
2024-05-07		FBbt_00110175		3	1	0.0
2024-05-07		FBbt_00110175	VFB_00100000	3	2	0.0
2024-05-07		FBbt_00110176		5	1	0.0
2024-05-07		FBbt_00110176	VFB_00100000	5	1	0.0
2024-05-07		FBbt_00110320		2	1	8.0
2024-05-07		FBbt_00110320	VFB_00101567	2	1	0.0
2024-05-07		FBbt_00110636		3	1	0.0
2024-05-07		FBbt_00110636	VFB_00101567	4	1	0.0
2024-05-07		FBbt_00110638		2	1	0.0
2024-05-07		FBbt_00110638	VFB_00101567	3	1	0.0
2024-05-07		FBbt_00111016		1	1	0.0
2024-05-07		FBbt_00111016	VFB_00101567	1	1	0.0
2024-05-07		FBbt_00111017		1	1	0.0
2024-05-07		FBbt_00111017	VFB_00101567	1	1	0.0
2024-05-07		FBbt_00111018		1	1	0.0
2024-05-07		FBbt_00111018	VFB_00101567	1	1	0.0
2024-05-07		FBbt_00111023		4	1	0.0
2024-05-07		FBbt_00111023	VFB_00101567	4	2	0.0
2024-05-07		FBbt_00111024		4	1	0.0
2024-05-07		FBbt_00111024	VFB_00101567	4	2	0.0
2024-05-07		FBbt_20001291		4	1	0.0
2024-05-07		FBbt_20001291	VFB_00101567	4	1	0.0
2024-05-07		FBbt_20003788		1	1	0.0
2024-05-07		FBbt_20003788	VFB_00101567	1	1	0.0
2024-05-07		VFB_00024336		4	1	9.0
2024-05-07		VFB_00024336	VFB_00101567	4	1	0.0
2024-05-07		VFB_00024514		4	1	18.0
2024-05-07		VFB_00024514	VFB_00101567	4	1	0.0
2024-05-07		VFB_00024530		4	1	7.0
2024-05-07		VFB_00024530	VFB_00101567	4	1	0.0
2024-05-07		VFB_00024553		8	1	16.0
2024-05-07		VFB_00024553	VFB_00101567	8	1	0.0
2024-05-07		VFB_00024998		4	1	21.0
2024-05-07		VFB_00024998	VFB_00101567	4	1	0.0
2024-05-07		VFB_00026654		4	1	4.0
2024-05-07		VFB_00026654	VFB_00101567	4	1	0.0
2024-05-07		VFB_00027070		4	1	12.0
2024-05-07		VFB_00027070	VFB_00101567	4	1	0.0
2024-05-07		VFB_00027088		4	1	5.0
2024-05-07		VFB_00027088	VFB_00101567	4	1	0.0
2024-05-07		VFB_00027265		4	1	12.0
2024-05-07		VFB_00027265	VFB_00101567	4	1	0.0
2024-05-07		VFB_00027279		8	1	16.0
2024-05-07		VFB_00027279	VFB_00101567	8	1	0.0
2024-05-07		VFB_00028223		2	1	6.0
2024-05-07		VFB_00028223	VFB_00101567	2	1	0.0
2024-05-07		VFB_00028494		8	1	15.0
2024-05-07		VFB_00028494	VFB_00101567	8	2	0.0
2024-05-07		VFB_00028555		4	1	6.0
2024-05-07		VFB_00028555	VFB_00101567	4	1	0.0
2024-05-07		VFB_00029764		8	1	25.0
2024-05-07		VFB_00029764	VFB_00101567	8	2	0.0
2024-05-07		VFB_00030437		2	1	6.0
2024-05-07		VFB_00030437	VFB_00101567	2	1	0.0
2024-05-07		VFB_00030766		5	1	5.0
2024-05-07		VFB_00030766	VFB_00101567	6	1	0.0
2024-05-07		VFB_00030866		9	1	1.0
2024-05-07		VFB_00030866	VFB_00017894	1	1	0.0
2024-05-07		VFB_00030866	VFB_00101567	8	1	0.0
2024-05-07		VFB_00030867		6	2	16.0
2024-05-07		VFB_00030867	VFB_00017894	1	1	0.0
2024-05-07		VFB_00030867	VFB_00101567	5	2	0.0
2024-05-07		VFB_00037287		4	1	5.0
2024-05-07		VFB_00037287	VFB_00101567	4	1	0.0
2024-05-07		VFB_00037468		4	1	17.0
2024-05-07		VFB_00037468	VFB_00101567	4	1	0.0
2024-05-07		VFB_00037889		8	1	20.0
2024-05-07		VFB_00037889	VFB_00101567	8	2	0.0
2024-05-07		VFB_00038236		4	1	14.0
2024-05-07		VFB_00038236	VFB_00101567	4	1	0.0
2024-05-07		VFB_00039493		4	1	7.0
2024-05-07		VFB_00039493	VFB_00101567	4	1	0.0
2024-05-07		VFB_00039865		4	1	11.0
2024-05-07		VFB_00039865	VFB_00101567	4	1	0.0
2024-05-07		VFB_00040245		4	1	7.0
2024-05-07		VFB_00040245	VFB_00101567	4	1	0.0
2024-05-07		VFB_00040406		4	1	24.0
2024-05-07		VFB_00040406	VFB_00101567	4	1	0.0
2024-05-07		VFB_00040881		5	1	10.0
2024-05-07		VFB_00040881	VFB_00101567	5	2	0.0
2024-05-07		VFB_00040896		8	1	30.0
2024-05-07		VFB_00040896	VFB_00101567	8	2	0.0
2024-05-07		VFB_00042159		4	1	7.0
2024-05-07		VFB_00042159	VFB_00101567	4	1	0.0
2024-05-07		VFB_00043156		5	1	13.0
2024-05-07		VFB_00043156	VFB_00101567	4	1	0.0
2024-05-07		VFB_00043815		2	1	30.0
2024-05-07		VFB_00043815	VFB_00101567	2	1	0.0
2024-05-07		VFB_00044240		4	1	11.0
2024-05-07		VFB_00044240	VFB_00101567	4	1	0.0
2024-05-07		VFB_00044454		4	1	8.0
2024-05-07		VFB_00044454	VFB_00101567	4	1	0.0
2024-05-07		VFB_00044745		8	1	14.0
2024-05-07		VFB_00044745	VFB_00101567	8	1	0.0
2024-05-07		VFB_00044831		8	1	19.0
2024-05-07		VFB_00044831	VFB_00101567	8	2	0.0
2024-05-07		VFB_00046616		4	1	5.0
2024-05-07		VFB_00046616	VFB_00101567	4	1	0.0
2024-05-07		VFB_00047038		4	1	4.0
2024-05-07		VFB_00047038	VFB_00101567	4	1	0.0
2024-05-07		VFB_00047285		4	1	10.0
2024-05-07		VFB_00047285	VFB_00101567	4	1	0.0
2024-05-07		VFB_00047355		4	1	4.0
2024-05-07		VFB_00047355	VFB_00101567	4	1	0.0
2024-05-07		VFB_00047950		4	1	6.0
2024-05-07		VFB_00047950	VFB_00101567	4	1	0.0
2024-05-07		VFB_00048061		4	1	14.0
2024-05-07		VFB_00048061	VFB_00101567	4	1	0.0
2024-05-07		VFB_00049000		19	1	0.0
2024-05-07		VFB_00049000	VFB_00049000	19	1	0.0
2024-05-07		VFB_00050312		4	2	0.0
2024-05-07		VFB_00050312	VFB_00049000	4	2	0.0
2024-05-07		VFB_00050465		2	1	0.0
2024-05-07		VFB_00050465	VFB_00101567	2	1	0.0
2024-05-07		VFB_00050505		9	3	9.0
2024-05-07		VFB_00050505	VFB_00049000	2	2	0.0
2024-05-07		VFB_00050505	VFB_00101567	7	3	0.0
2024-05-07		VFB_00063435		1	1	0.0
2024-05-07		VFB_00063435	VFB_00101567	1	1	0.0
2024-05-07		VFB_00063447		1	1	0.0
2024-05-07		VFB_00063447	VFB_00101567	1	1	0.0
2024-05-07		VFB_00063534		1	1	0.0
2024-05-07		VFB_00063534	VFB_00101567	1	1	0.0
2024-05-07		VFB_00063590		1	1	0.0
2024-05-07		VFB_00063590	VFB_00101567	1	1	0.0
2024-05-07		VFB_00064029		1	1	0.0
2024-05-07		VFB_00064029	VFB_00101567	1	1	0.0
2024-05-07		VFB_00064127		1	1	0.0
2024-05-07		VFB_00064127	VFB_00101567	1	1	0.0
2024-05-07		VFB_00064157		1	1	0.0
2024-05-07		VFB_00064157	VFB_00101567	1	1	0.0
2024-05-07		VFB_00064229		1	1	0.0
2024-05-07		VFB_00064229	VFB_00101567	1	1	0.0
2024-05-07		VFB_00064423		5	1	6.0
2024-05-07		VFB_00064423	VFB_00101567	5	2	0.0
2024-05-07		VFB_00064454		2	1	8.0
2024-05-07		VFB_00064454	VFB_00100000	2	1	0.0
2024-05-07		VFB_00064607		5	1	6.0
2024-05-07		VFB_00064607	VFB_00101567	5	1	0.0
2024-05-07		VFB_00064625		1	1	0.0
2024-05-07		VFB_00064625	VFB_00101567	1	1	0.0
2024-05-07		VFB_00064677		1	1	0.0
2024-05-07		VFB_00064677	VFB_00101567	1	1	0.0
2024-05-07		VFB_00064693		1	1	0.0
2024-05-07		VFB_00064693	VFB_00101567	1	1	0.0
2024-05-07		VFB_00064704		1	1	0.0
2024-05-07		VFB_00064704	VFB_00101567	1	1	0.0
2024-05-07		VFB_00064768		1	1	0.0
2024-05-07		VFB_00064768	VFB_00101567	1	1	0.0
2024-05-07		VFB_00065047		1	1	0.0
2024-05-07		VFB_00065047	VFB_00101567	1	1	0.0
2024-05-07		VFB_00065055		1	1	0.0
2024-05-07		VFB_00065055	VFB_00101567	1	1	0.0
2024-05-07		VFB_00065298		1	1	0.0
2024-05-07		VFB_00065298	VFB_00101567	1	1	0.0
2024-05-07		VFB_00065538		1	1	0.0
2024-05-07		VFB_00065538	VFB_00101567	1	1	0.0
2024-05-07		VFB_00065631		1	1	0.0
2024-05-07		VFB_00065631	VFB_00101567	1	1	0.0
2024-05-07		VFB_00065692		1	1	0.0
2024-05-07		VFB_00065692	VFB_00101567	1	1	0.0
2024-05-07		VFB_00065746		1	1	0.0
2024-05-07		VFB_00065746	VFB_00101567	1	1	0.0
2024-05-07		VFB_00065776		2	1	15.0
2024-05-07		VFB_00065776	VFB_00101567	2	1	0.0
2024-05-07		VFB_00066051		1	1	0.0
2024-05-07		VFB_00066051	VFB_00101567	1	1	0.0
2024-05-07		VFB_00066197		1	1	0.0
2024-05-07		VFB_00066197	VFB_00101567	1	1	0.0
2024-05-07		VFB_00066451		1	1	0.0
2024-05-07		VFB_00066451	VFB_00101567	1	1	0.0
2024-05-07		VFB_00066633		1	1	0.0
2024-05-07		VFB_00066633	VFB_00101567	1	1	0.0
2024-05-07		VFB_00066780		1	1	0.0
2024-05-07		VFB_00066780	VFB_00101567	1	1	0.0
2024-05-07		VFB_00066901		1	1	1.0
2024-05-07		VFB_00066901	VFB_00101567	1	1	0.0
2024-05-07		VFB_00066925		1	1	0.0
2024-05-07		VFB_00066925	VFB_00101567	1	1	0.0
2024-05-07		VFB_00066945		2	1	0.0
2024-05-07		VFB_00066945	VFB_00101567	2	2	0.0
2024-05-07		VFB_00067071		1	1	0.0
2024-05-07		VFB_00067071	VFB_00101567	1	1	0.0
2024-05-07		VFB_00067124		1	1	0.0
2024-05-07		VFB_00067124	VFB_00101567	1	1	0.0
2024-05-07		VFB_00067141		5	1	10.0
2024-05-07		VFB_00067141	VFB_00101567	5	2	0.0
2024-05-07		VFB_00067311		1	1	0.0
2024-05-07		VFB_00067311	VFB_00101567	1	1	0.0
2024-05-07		VFB_00067551		1	1	0.0
2024-05-07		VFB_00067551	VFB_00101567	1	1	0.0
2024-05-07		VFB_00067657		1	1	0.0
2024-05-07		VFB_00067657	VFB_00101567	1	1	0.0
2024-05-07		VFB_00067855		1	1	0.0
2024-05-07		VFB_00067855	VFB_00101567	1	1	0.0
2024-05-07		VFB_00067881		1	1	0.0
2024-05-07		VFB_00067881	VFB_00101567	1	1	0.0
2024-05-07		VFB_00067897		1	1	0.0
2024-05-07		VFB_00067897	VFB_00101567	1	1	0.0
2024-05-07		VFB_00068047		1	1	0.0
2024-05-07		VFB_00068047	VFB_00101567	1	1	0.0
2024-05-07		VFB_00068049		1	1	0.0
2024-05-07		VFB_00068049	VFB_00101567	1	1	0.0
2024-05-07		VFB_00068113		1	1	0.0
2024-05-07		VFB_00068113	VFB_00101567	1	1	0.0
2024-05-07		VFB_00068121		1	1	0.0
2024-05-07		VFB_00068121	VFB_00101567	1	1	0.0
2024-05-07		VFB_00068124		4	1	13.0
2024-05-07		VFB_00068124	VFB_00101567	4	1	0.0
2024-05-07		VFB_00068157		1	1	0.0
2024-05-07		VFB_00068157	VFB_00101567	1	1	0.0
2024-05-07		VFB_00068510		1	1	0.0
2024-05-07		VFB_00068510	VFB_00101567	1	1	0.0
2024-05-07		VFB_00068661		5	1	5.0
2024-05-07		VFB_00068661	VFB_00101567	5	1	0.0
2024-05-07		VFB_00068677		1	1	0.0
2024-05-07		VFB_00068677	VFB_00101567	1	1	0.0
2024-05-07		VFB_00068821		1	1	0.0
2024-05-07		VFB_00068821	VFB_00101567	1	1	0.0
2024-05-07		VFB_00068841		1	1	0.0
2024-05-07		VFB_00068841	VFB_00101567	1	1	0.0
2024-05-07		VFB_00068843		1	1	0.0
2024-05-07		VFB_00068843	VFB_00101567	1	1	0.0
2024-05-07		VFB_00069132		2	1	5.0
2024-05-07		VFB_00069132	VFB_00101567	2	1	0.0
2024-05-07		VFB_00070024		1	1	4.0
2024-05-07		VFB_00070024	VFB_00101567	1	1	0.0
2024-05-07		VFB_00100000		1	1	7.0
2024-05-07		VFB_00100000	VFB_00100000	4	2	0.0
2024-05-07		VFB_00100005		3	1	3.0
2024-05-07		VFB_00100005	VFB_00100000	2	1	0.0
2024-05-07		VFB_00100012		2	1	2.0
2024-05-07		VFB_00100012	VFB_00100000	2	1	0.0
2024-05-07		VFB_001000ok		4	1	16.0
2024-05-07		VFB_001000ok	VFB_00017894	3	1	0.0
2024-05-07		VFB_001000ok	VFB_00101567	1	1	0.0
2024-05-07		VFB_001001m2		3	2	1.0
2024-05-07		VFB_001001m2	VFB_00050000	1	1	0.0
2024-05-07		VFB_001001m2	VFB_00101567	2	2	0.0
2024-05-07		VFB_00100wpl		4	1	0.0
2024-05-07		VFB_00100wpl	VFB_00101567	4	1	0.0
2024-05-07		VFB_00100ww7		2	1	2.0
2024-05-07		VFB_00100ww7	VFB_00101567	2	1	0.0
2024-05-07		VFB_00100wwx		5	1	10.0
2024-05-07		VFB_00100wwx	VFB_00101567	4	2	0.0
2024-05-07		VFB_00100wxl		15	1	17.0
2024-05-07		VFB_00100wxl	VFB_00101567	14	2	0.0
2024-05-07		VFB_00101031		17	1	3.0
2024-05-07		VFB_00101031	VFB_00050000	13	1	0.0
2024-05-07		VFB_00101031	VFB_00101567	4	1	0.0
2024-05-07		VFB_001012f2		4	1	11.0
2024-05-07		VFB_001012f2	VFB_00101567	4	1	0.0
2024-05-07		VFB_001012lk		2	1	3.0
2024-05-07		VFB_001012lk	VFB_00101567	2	1	0.0
2024-05-07		VFB_001012pn		8	1	65.0
2024-05-07		VFB_001012pn	VFB_00101567	8	3	0.0
2024-05-07		VFB_001012qa		24	1	0.0
2024-05-07		VFB_001012qa	VFB_00101567	24	1	0.0
2024-05-07		VFB_001012vq		3	1	2.0
2024-05-07		VFB_001012vq	VFB_00101567	3	1	0.0
2024-05-07		VFB_00101385		2	1	0.0
2024-05-07		VFB_00101385	VFB_00101567	2	1	0.0
2024-05-07		VFB_0010138o		1	1	0.0
2024-05-07		VFB_0010138o	VFB_00101567	1	1	0.0
2024-05-07		VFB_001014f8		1	1	14.0
2024-05-07		VFB_001014f8	VFB_00101567	1	1	0.0
2024-05-07		VFB_001014q8		15	1	105.0
2024-05-07		VFB_001014q8	VFB_00101567	10	1	0.0
2024-05-07		VFB_001014uq		2	1	9.0
2024-05-07		VFB_001014uq	VFB_00101567	2	1	0.0
2024-05-07		VFB_00101567		172	29	291.0
2024-05-07		VFB_00101567	VFB_00101567	176	53	41.0
2024-05-07		VFB_00102107		10	1	0.0
2024-05-07		VFB_00102107	VFB_00101567	10	2	0.0
2024-05-07		VFB_00102121		1	1	0.0
2024-05-07		VFB_00102121	VFB_00101567	1	1	0.0
2024-05-07		VFB_00102134		11	2	163.0
2024-05-07		VFB_00102134	VFB_00101567	11	4	0.0
2024-05-07		VFB_00102135		3	1	0.0
2024-05-07		VFB_00102135	VFB_00101567	3	2	0.0
2024-05-07		VFB_00102137		1	1	0.0
2024-05-07		VFB_00102137	VFB_00101567	1	1	0.0
2024-05-07		VFB_00102140		1	1	0.0
2024-05-07		VFB_00102140	VFB_00101567	1	1	0.0
2024-05-07		VFB_00102146		3	2	0.0
2024-05-07		VFB_00102146	VFB_00101567	3	2	0.0
2024-05-07		VFB_00102148		4	2	10.0
2024-05-07		VFB_00102148	VFB_00101567	4	3	0.0
2024-05-07		VFB_00102154		6	2	6.0
2024-05-07		VFB_00102154	VFB_00101567	6	3	0.0
2024-05-07		VFB_00102159		2	1	1.0
2024-05-07		VFB_00102159	VFB_00101567	2	1	0.0
2024-05-07		VFB_00102162		7	3	3.0
2024-05-07		VFB_00102162	VFB_00101567	7	6	0.0
2024-05-07		VFB_00102170		6	1	0.0
2024-05-07		VFB_00102170	VFB_00101567	6	1	0.0
2024-05-07		VFB_00102201		12	3	12.0
2024-05-07		VFB_00102201	VFB_00101567	12	3	0.0
2024-05-07		VFB_00102212		10	2	3.0
2024-05-07		VFB_00102212	VFB_00101567	10	3	0.0
2024-05-07		VFB_00102271		19	3	22.0
2024-05-07		VFB_00102271	VFB_00101567	22	3	0.0
2024-05-07		VFB_00102276		10	3	8.0
2024-05-07		VFB_00102276	VFB_00101567	10	3	0.0
2024-05-07		VFB_00102280		16	3	37.0
2024-05-07		VFB_00102280	VFB_00101567	17	6	0.0
2024-05-07		VFB_00102282		6	2	24.0
2024-05-07		VFB_00102282	VFB_00101567	6	3	0.0
2024-05-07		VFB_00102729		10	1	4.0
2024-05-07		VFB_00102729	VFB_00049000	3	1	0.0
2024-05-07		VFB_00102729	VFB_00101567	7	1	0.0
2024-05-07		VFB_001029a3		4	2	0.0
2024-05-07		VFB_001029a3	VFB_00200000	4	3	0.0
2024-05-07		VFB_00102efk		4	1	4.0
2024-05-07		VFB_00102efk	VFB_00120000	1	1	0.0
2024-05-07		VFB_00102efk	VFB_00200000	3	1	0.0
2024-05-07		VFB_00104636		5	2	4.0
2024-05-07		VFB_00104636	VFB_00200000	5	3	0.0
2024-05-07		VFB_00104643		14	1	6.0
2024-05-07		VFB_00104643	VFB_00200000	14	2	0.0
2024-05-07		VFB_00104650		19	1	9.0
2024-05-07		VFB_00104650	VFB_00101567	18	1	0.0
2024-05-07		VFB_00104650	VFB_00200000	1	1	0.0
2024-05-07		VFB_00200000		9	1	2.0
2024-05-07		VFB_00200000	VFB_00200000	11	3	0.0
2024-05-07		VFB_jrch01fe		4	1	2.0
2024-05-07		VFB_jrch01fe	VFB_00101567	4	1	0.0
2024-05-07		VFB_jrch080r		18	1	0.0
2024-05-07		VFB_jrch080r	VFB_00101567	18	1	0.0
2024-05-07		VFB_jrchjrcp		2	1	3.0
2024-05-07		VFB_jrchjrcp	VFB_00101567	2	1	0.0
2024-05-07		VFB_jrchjrcx		1	1	4.0
2024-05-07		VFB_jrchjrcx	VFB_00101567	1	1	0.0
2024-05-07		VFB_jrchjt8m		3	1	3.0
2024-05-07		VFB_jrchjt8m	VFB_00101567	3	2	0.0
2024-05-07		VFB_jrchjt8r		3	1	2.0
2024-05-07		VFB_jrchjt8r	VFB_00101567	3	2	0.0
2024-05-07		VFB_jrchjtfe		3	1	0.0
2024-05-07		VFB_jrchjtfe	VFB_00101567	2	2	0.0
2024-05-07		VFB_jrchjtff		5	1	1.0
2024-05-07		VFB_jrchjtff	VFB_00101567	5	2	0.0
2024-05-07		VFB_jrchjtfg		15	1	12.0
2024-05-07		VFB_jrchjtfg	VFB_00101567	15	5	0.0
2024-05-07		VFB_jrchjtfr		5	1	2.0
2024-05-07		VFB_jrchjtfr	VFB_00101567	5	2	0.0
2024-05-07		VFB_jrchjtht		9	1	18.0
2024-05-07		VFB_jrchjtht	VFB_00101384	4	1	0.0
2024-05-07		VFB_jrchjtht	VFB_00200000	5	1	0.0
2024-05-07		VFB_jrchjtik		4	1	0.0
2024-05-07		VFB_jrchjtik	VFB_00101567	4	1	0.0
2024-05-07		VFB_jrchjtit		1	1	0.0
2024-05-07		VFB_jrchjtit	VFB_00101567	1	1	0.0
2024-05-07		VFB_jrchjtj4		1	1	0.0
2024-05-07		VFB_jrchjtj4	VFB_00101567	1	1	0.0
2024-05-07		VFB_jrchjtj7		1	1	0.0
2024-05-07		VFB_jrchjtj7	VFB_00101567	1	1	0.0
2024-05-07		VFB_jrchjtk0		4	1	0.0
2024-05-07		VFB_jrchjtk0	VFB_00101567	4	1	0.0
2024-05-07		VFB_jrchjtk3		1	1	0.0
2024-05-07		VFB_jrchjtk3	VFB_00101567	1	1	0.0
2024-05-07		VFB_jrchjtk4		2	1	2.0
2024-05-07		VFB_jrchjtk4	VFB_00101567	2	1	0.0
2024-05-07		VFB_jrchjtk6		2	1	1.0
2024-05-07		VFB_jrchjtk6	VFB_00101567	2	1	0.0
2024-05-07		VFB_jrchjtkm		2	1	1.0
2024-05-07		VFB_jrchjtkm	VFB_00101567	2	1	0.0
2024-05-07		VFB_jrchjtkt		1	1	0.0
2024-05-07		VFB_jrchjtkt	VFB_00101567	1	1	0.0
2024-05-07		VFB_jrchjtku		8	1	2.0
2024-05-07		VFB_jrchjtku	VFB_00101567	8	1	0.0
2024-05-07		VFB_jrchjtkw		1	1	0.0
2024-05-07		VFB_jrchjtkw	VFB_00101567	1	1	0.0
2024-05-07		VFB_jrchjtkz		2	1	1.0
2024-05-07		VFB_jrchjtkz	VFB_00101567	2	1	0.0
2024-05-07		VFB_jrchjtl1		3	2	2.0
2024-05-07		VFB_jrchjtl1	VFB_00101567	3	2	0.0
2024-05-07		VFB_jrchjtl3		1	1	0.0
2024-05-07		VFB_jrchjtl3	VFB_00101567	1	1	0.0
2024-05-07		VFB_jrchjvnc		1	1	0.0
2024-05-07		VFB_jrchjvnc	VFB_00101567	1	1	0.0
2024-05-07		VFB_jrchjvol		2	1	0.0
2024-05-07		VFB_jrchjvol	VFB_00101567	2	2	0.0
2024-05-07		VFB_jrchjwf4		1	1	0.0
2024-05-07		VFB_jrchjwf4	VFB_00101567	1	1	0.0
2024-05-07		VFB_jrchk0e3		2	1	15.0
2024-05-07		VFB_jrchk0e3	VFB_00101567	2	1	0.0
2024-05-07		VFB_jrchk0e4		4	1	1.0
2024-05-07		VFB_jrchk0e4	VFB_00101567	4	2	0.0
2024-05-07		VFB_jrchk0e5		2	1	9.0
2024-05-07		VFB_jrchk0e5	VFB_00101567	2	1	0.0
2024-05-07		VFB_jrchk0e6		2	1	12.0
2024-05-07		VFB_jrchk0e6	VFB_00101567	2	1	0.0
2024-05-07		VFB_jrchk0e8		2	1	20.0
2024-05-07		VFB_jrchk0e8	VFB_00101567	2	1	0.0
2024-05-07		VFB_jrchk0ei		3	1	13.0
2024-05-07		VFB_jrchk0ei	VFB_00101567	3	1	0.0
2024-05-07		VFB_jrchk0em		7	1	18.0
2024-05-07		VFB_jrchk0em	VFB_00101567	7	2	0.0
2024-05-07		VFB_jrchk0ff		2	1	13.0
2024-05-07		VFB_jrchk0ff	VFB_00101567	2	1	0.0
2024-05-07		VFB_jrchk0fi		2	1	12.0
2024-05-07		VFB_jrchk0fi	VFB_00101567	2	1	0.0
2024-05-07		VFB_jrchk2jt		2	1	1.0
2024-05-07		VFB_jrchk2jt	VFB_00101567	2	1	0.0
2024-05-07		VFB_jrchk33d		3	1	4.0
2024-05-07		VFB_jrchk33d	VFB_00101567	3	1	0.0
2024-05-07		VFB_jrchk33g		2	1	10.0
2024-05-07		VFB_jrchk33g	VFB_00101567	2	1	0.0
2024-05-07		VFB_jrchk34r		1	1	4.0
2024-05-07		VFB_jrchk34r	VFB_00101567	1	1	0.0
2024-05-07		VFB_jrchk355		2	1	11.0
2024-05-07		VFB_jrchk355	VFB_00101567	2	1	0.0
2024-05-07		VFB_jrchk359		6	1	15.0
2024-05-07		VFB_jrchk359	VFB_00101567	6	2	0.0
2024-05-07		VFB_jrchk399		2	1	10.0
2024-05-07		VFB_jrchk399	VFB_00101567	2	1	0.0
2024-05-07		VFB_jrchk39k		5	1	51.0
2024-05-07		VFB_jrchk39k	VFB_00101567	5	2	0.0
2024-05-07		VFB_jrchk39w		3	1	5.0
2024-05-07		VFB_jrchk39w	VFB_00101567	3	2	0.0
2024-05-07		VFB_jrchk3ap		1	1	0.0
2024-05-07		VFB_jrchk3ap	VFB_00101567	1	1	0.0
2024-05-07		VFB_jrchk3ay		1	1	0.0
2024-05-07		VFB_jrchk3ay	VFB_00101567	1	1	0.0
2024-05-07		VFB_jrchk3b3		1	1	0.0
2024-05-07		VFB_jrchk3b3	VFB_00101567	1	1	0.0
2024-05-07		VFB_jrchk3cr		5	1	52.0
2024-05-07		VFB_jrchk3cr	VFB_00101567	5	2	0.0
2024-05-07		VFB_jrchk3d5		7	1	5.0
2024-05-07		VFB_jrchk3d5	VFB_00101567	7	3	0.0
2024-05-07		VFB_jrchk3d7		1	1	0.0
2024-05-07		VFB_jrchk3d7	VFB_00101567	1	1	0.0
2024-05-07		VFB_jrchk3d8		1	1	0.0
2024-05-07		VFB_jrchk3d8	VFB_00101567	1	1	0.0
2024-05-07		VFB_jrchk3da		1	1	0.0
2024-05-07		VFB_jrchk3da	VFB_00101567	1	1	0.0
2024-05-07		VFB_jrchk3db		2	1	4.0
2024-05-07		VFB_jrchk3db	VFB_00101567	2	1	0.0
2024-05-07		VFB_jrchk3dc		2	1	0.0
2024-05-07		VFB_jrchk3dc	VFB_00101567	2	1	0.0
2024-05-07		VFB_jrchk3de		1	1	0.0
2024-05-07		VFB_jrchk3de	VFB_00101567	1	1	0.0
2024-05-07		VFB_jrchk3dg		1	1	0.0
2024-05-07		VFB_jrchk3dg	VFB_00101567	1	1	0.0
2024-05-07		VFB_jrchk3di		3	1	4.0
2024-05-07		VFB_jrchk3di	VFB_00101567	3	2	0.0
2024-05-07		VFB_jrchk3dk		7	1	6.0
2024-05-07		VFB_jrchk3dk	VFB_00101567	7	3	0.0
2024-05-07		VFB_jrchk3dl		3	1	3.0
2024-05-07		VFB_jrchk3dl	VFB_00101567	3	2	0.0
2024-05-07		VFB_jrchk3dm		1	1	0.0
2024-05-07		VFB_jrchk3dm	VFB_00101567	1	1	0.0
2024-05-07		VFB_jrchk3dn		2	1	4.0
2024-05-07		VFB_jrchk3dn	VFB_00101567	2	1	0.0
2024-05-07		VFB_jrchk3dp		9	1	4.0
2024-05-07		VFB_jrchk3dp	VFB_00101567	9	3	0.0
2024-05-07		VFB_jrchk87g		2	1	0.0
2024-05-07		VFB_jrchk87g	VFB_00101567	2	1	0.0
2024-05-07		VFB_jrchk8dm		1	1	0.0
2024-05-07		VFB_jrchk8dm	VFB_00101567	1	1	0.0
2024-05-07		VFB_jrchk8ry		11	1	48.0
2024-05-07		VFB_jrchk8ry	VFB_00101567	11	2	0.0
2024-05-07		VFB_jrcv2dvb		11	1	1.0
2024-05-07		VFB_jrcv2dvb	VFB_00101567	2	1	0.0
2024-05-07		VFB_jrcv2dvb	VFB_00200000	9	1	0.0
2024-05-07		VFBexp_FBtp0012		2	1	0.0
2024-05-07		VFBexp_FBtp0012	VFB_00101567	2	1	0.0
2024-05-07		VFBexp_FBtp0057		1	1	0.0
2024-05-07		VFBexp_FBtp0057	VFB_00101567	1	1	0.0
2024-05-07		VFBexp_FBtp0058		3	3	0.0
2024-05-07		VFBexp_FBtp0058	VFB_00101567	3	3	0.0
2024-05-07		VFBexp_FBtp0070		3	1	0.0
2024-05-07		VFBexp_FBtp0070	VFB_00101567	3	1	0.0
2024-05-07		VFBexp_FBtp0099		9	9	0.0
2024-05-07		VFBexp_FBtp0099	VFB_00101567	9	9	0.0
2024-05-07		VFBexp_FBtp0100		14	14	0.0
2024-05-07		VFBexp_FBtp0100	VFB_00101567	14	14	0.0
2024-05-07		VFBexp_FBtp0101		21	20	8.0
2024-05-07		VFBexp_FBtp0101	VFB_00101567	22	20	0.0
2024-05-07		VFBexp_FBtp0102		11	11	0.0
2024-05-07		VFBexp_FBtp0102	VFB_00101567	11	11	0.0
2024-05-07		VFBexp_FBtp0103		15	15	0.0
2024-05-07		VFBexp_FBtp0103	VFB_00101567	15	15	0.0
2024-05-07		VFBexp_FBtp0104		12	11	0.0
2024-05-07		VFBexp_FBtp0104	VFB_00101567	12	11	0.0
2024-05-07		VFBexp_FBtp0105		11	11	0.0
2024-05-07		VFBexp_FBtp0105	VFB_00101567	11	11	0.0
2024-05-07		VFBexp_FBtp0106		15	15	0.0
2024-05-07		VFBexp_FBtp0106	VFB_00101567	15	15	0.0
2024-05-07		VFBexp_FBtp0107		12	12	0.0
2024-05-07		VFBexp_FBtp0107	VFB_00101567	12	12	0.0
2024-05-07		VFBexp_FBtp0122		2	1	9.0
2024-05-07		VFBexp_FBtp0122	VFB_00101567	2	1	0.0
2024-05-07		VFBexp_FBtp0129		2	1	16.0
2024-05-07		VFBexp_FBtp0129	VFB_00101567	2	1	0.0
2024-05-07		VFBexp_FBtp0162		2	1	0.0
2024-05-07		VFBexp_FBtp0162	VFB_00101567	2	1	0.0
2024-05-07	v2.virtualflybrain.org	FBbt_00003010		1	1	1.0
2024-05-07	v2.virtualflybrain.org	FBbt_00003010	VFB_00101567	0	1	10.0
2024-05-07	v2.virtualflybrain.org	FBbt_00003624	VFB_00101567	0	4	77.0
2024-05-07	v2.virtualflybrain.org	FBbt_00003632	VFB_00101567	0	2	64.0
2024-05-07	v2.virtualflybrain.org	FBbt_00003646	VFB_00101567	0	1	0.0
2024-05-07	v2.virtualflybrain.org	FBbt_00003678	VFB_00101567	0	1	6.0
2024-05-07	v2.virtualflybrain.org	FBbt_00003680	VFB_00101567	0	1	31.0
2024-05-07	v2.virtualflybrain.org	FBbt_00003681	VFB_00101567	1	4	87.0
2024-05-07	v2.virtualflybrain.org	FBbt_00003686	VFB_00017894	0	1	42.0
2024-05-07	v2.virtualflybrain.org	FBbt_00003721	VFB_00101567	0	1	74.0
2024-05-07	v2.virtualflybrain.org	FBbt_00003748	VFB_00101567	0	3	190.0
2024-05-07	v2.virtualflybrain.org	FBbt_00004091	VFB_00200000	0	2	7.0
2024-05-07	v2.virtualflybrain.org	FBbt_00005801	VFB_00101567	0	2	93.0
2024-05-07	v2.virtualflybrain.org	FBbt_00007053	VFB_00101567	0	1	16.0
2024-05-07	v2.virtualflybrain.org	FBbt_00007054	VFB_00101567	1	3	60.0
2024-05-07	v2.virtualflybrain.org	FBbt_00007055	VFB_00101567	4	7	309.0
2024-05-07	v2.virtualflybrain.org	FBbt_00007352	VFB_00101567	0	1	12.0
2024-05-07	v2.virtualflybrain.org	FBbt_00007401	VFB_00101567	0	3	99.0
2024-05-07	v2.virtualflybrain.org	FBbt_00007703	VFB_00049000	1	2	12.0
2024-05-07	v2.virtualflybrain.org	FBbt_00014013	VFB_00101567	9	10	250.0
2024-05-07	v2.virtualflybrain.org	FBbt_00040041	VFB_00101567	0	2	287.0
2024-05-07	v2.virtualflybrain.org	FBbt_00040042	VFB_00101567	1	3	11.0
2024-05-07	v2.virtualflybrain.org	FBbt_00040043	VFB_00101567	0	2	59.0
2024-05-07	v2.virtualflybrain.org	FBbt_00040049	VFB_00101567	0	1	5.0
2024-05-07	v2.virtualflybrain.org	FBbt_00040051	VFB_00101567	0	5	362.0
2024-05-07	v2.virtualflybrain.org	FBbt_00045020	VFB_00101567	0	1	14.0
2024-05-07	v2.virtualflybrain.org	FBbt_00045027	VFB_00101567	0	3	48.0
2024-05-07	v2.virtualflybrain.org	FBbt_00045032	VFB_00101567	2	2	11.0
2024-05-07	v2.virtualflybrain.org	FBbt_00045048	VFB_00101567	0	1	19.0
2024-05-07	v2.virtualflybrain.org	FBbt_00047139	VFB_00200000	0	1	4.0
2024-05-07	v2.virtualflybrain.org	FBbt_00047174	VFB_00200000	0	2	29.0
2024-05-07	v2.virtualflybrain.org	FBbt_00047544	VFB_00200000	0	2	30.0
2024-05-07	v2.virtualflybrain.org	FBbt_00047605	VFB_00101567	0	1	42.0
2024-05-07	v2.virtualflybrain.org	FBbt_00047887	VFB_00101567	0	2	9.0
2024-05-07	v2.virtualflybrain.org	FBbt_00047927	VFB_00101567	0	1	11.0
2024-05-07	v2.virtualflybrain.org	FBbt_00049825	VFB_00017894	0	1	31.0
2024-05-07	v2.virtualflybrain.org	FBbt_00049839	VFB_00049000	0	1	16.0
2024-05-07	v2.virtualflybrain.org	FBbt_00049994	VFB_00200000	0	1	3.0
2024-05-07	v2.virtualflybrain.org	FBbt_00052181	VFB_00200000	0	2	163.0
2024-05-07	v2.virtualflybrain.org	FBbt_00052538	VFB_00101567	16	1	0.0
2024-05-07	v2.virtualflybrain.org	FBbt_00100219	VFB_00101567	0	1	54.0
2024-05-07	v2.virtualflybrain.org	FBbt_00100634	VFB_00101567	10	1	0.0
2024-05-07	v2.virtualflybrain.org	FBbt_00110173	VFB_00100000	0	1	3.0
2024-05-07	v2.virtualflybrain.org	FBbt_00110173	VFB_00200000	0	2	224.0
2024-05-07	v2.virtualflybrain.org	FBbt_00110174	VFB_00100000	0	1	5.0
2024-05-07	v2.virtualflybrain.org	FBbt_00110174	VFB_00200000	0	1	9.0
2024-05-07	v2.virtualflybrain.org	FBbt_00110175	VFB_00100000	0	2	9.0
2024-05-07	v2.virtualflybrain.org	FBbt_00110176	VFB_00100000	0	1	12.0
2024-05-07	v2.virtualflybrain.org	FBbt_00110320	VFB_00101567	0	1	0.0
2024-05-07	v2.virtualflybrain.org	FBbt_00110636	VFB_00101567	0	2	23.0
2024-05-07	v2.virtualflybrain.org	FBbt_00110638	VFB_00101567	0	1	61.0
2024-05-07	v2.virtualflybrain.org	FBbt_00111023	VFB_00101567	0	3	90.0
2024-05-07	v2.virtualflybrain.org	FBbt_00111024	VFB_00101567	0	2	9.0
2024-05-07	v2.virtualflybrain.org	FBbt_20001291	VFB_00101567	4	1	0.0
2024-05-07	v2.virtualflybrain.org	FBbt_20003788	VFB_00101567	0	1	120.0
2024-05-07	v2.virtualflybrain.org	VFB_00024336	VFB_00101567	0	1	0.0
2024-05-07	v2.virtualflybrain.org	VFB_00024514	VFB_00101567	0	1	0.0
2024-05-07	v2.virtualflybrain.org	VFB_00024530	VFB_00101567	0	1	0.0
2024-05-07	v2.virtualflybrain.org	VFB_00024553	VFB_00101567	0	1	0.0
2024-05-07	v2.virtualflybrain.org	VFB_00024998	VFB_00101567	0	1	0.0
2024-05-07	v2.virtualflybrain.org	VFB_00026654	VFB_00101567	0	1	0.0
2024-05-07	v2.virtualflybrain.org	VFB_00027070	VFB_00101567	0	1	0.0
2024-05-07	v2.virtualflybrain.org	VFB_00027088	VFB_00101567	0	1	0.0
2024-05-07	v2.virtualflybrain.org	VFB_00027265	VFB_00101567	0	1	0.0
2024-05-07	v2.virtualflybrain.org	VFB_00027279	VFB_00101567	0	1	0.0
2024-05-07	v2.virtualflybrain.org	VFB_00028223	VFB_00101567	0	1	0.0
2024-05-07	v2.virtualflybrain.org	VFB_00028494	VFB_00101567	0	2	0.0
2024-05-07	v2.virtualflybrain.org	VFB_00028555	VFB_00101567	0	1	0.0
2024-05-07	v2.virtualflybrain.org	VFB_00029764	VFB_00101567	0	2	0.0
2024-05-07	v2.virtualflybrain.org	VFB_00030437	VFB_00101567	0	1	0.0
2024-05-07	v2.virtualflybrain.org	VFB_00030766	VFB_00030766	1	2	0.0
2024-05-07	v2.virtualflybrain.org	VFB_00030766	VFB_00101567	0	2	1.0
2024-05-07	v2.virtualflybrain.org	VFB_00030866	VFB_00017894	1	3	8.0
2024-05-07	v2.virtualflybrain.org	VFB_00030866	VFB_00101567	0	2	129.0
2024-05-07	v2.virtualflybrain.org	VFB_00030867	VFB_00017894	1	2	2.0
2024-05-07	v2.virtualflybrain.org	VFB_00030867	VFB_00101567	2	3	2.0
2024-05-07	v2.virtualflybrain.org	VFB_00037287	VFB_00101567	0	1	0.0
2024-05-07	v2.virtualflybrain.org	VFB_00037468	VFB_00101567	0	1	0.0
2024-05-07	v2.virtualflybrain.org	VFB_00037889	VFB_00101567	0	2	0.0
2024-05-07	v2.virtualflybrain.org	VFB_00038236	VFB_00101567	0	1	0.0
2024-05-07	v2.virtualflybrain.org	VFB_00039493	VFB_00101567	0	1	0.0
2024-05-07	v2.virtualflybrain.org	VFB_00039865	VFB_00101567	0	1	0.0
2024-05-07	v2.virtualflybrain.org	VFB_00040245	VFB_00101567	0	1	0.0
2024-05-07	v2.virtualflybrain.org	VFB_00040406	VFB_00101567	0	1	0.0
2024-05-07	v2.virtualflybrain.org	VFB_00040881	VFB_00101567	1	2	73.0
2024-05-07	v2.virtualflybrain.org	VFB_00040896	VFB_00101567	0	2	0.0
2024-05-07	v2.virtualflybrain.org	VFB_00042159	VFB_00101567	0	1	0.0
2024-05-07	v2.virtualflybrain.org	VFB_00043156	VFB_00101567	0	1	0.0
2024-05-07	v2.virtualflybrain.org	VFB_00043815	VFB_00101567	0	1	0.0
2024-05-07	v2.virtualflybrain.org	VFB_00044240	VFB_00101567	0	1	0.0
2024-05-07	v2.virtualflybrain.org	VFB_00044454	VFB_00101567	0	1	0.0
2024-05-07	v2.virtualflybrain.org	VFB_00044745	VFB_00101567	0	1	0.0
2024-05-07	v2.virtualflybrain.org	VFB_00044831	VFB_00101567	0	2	0.0
2024-05-07	v2.virtualflybrain.org	VFB_00046616	VFB_00101567	0	1	0.0
2024-05-07	v2.virtualflybrain.org	VFB_00047038	VFB_00101567	0	1	0.0
2024-05-07	v2.virtualflybrain.org	VFB_00047285	VFB_00101567	0	1	0.0
2024-05-07	v2.virtualflybrain.org	VFB_00047355	VFB_00101567	0	1	0.0
2024-05-07	v2.virtualflybrain.org	VFB_00047950	VFB_00101567	0	1	0.0
2024-05-07	v2.virtualflybrain.org	VFB_00048061	VFB_00101567	0	1	0.0
2024-05-07	v2.virtualflybrain.org	VFB_00049000	VFB_00049000	19	5	0.0
2024-05-07	v2.virtualflybrain.org	VFB_00050000	VFB_00050000	0	1	0.0
2024-05-07	v2.virtualflybrain.org	VFB_00050312	VFB_00049000	4	2	0.0
2024-05-07	v2.virtualflybrain.org	VFB_00050465	VFB_00101567	0	2	124.0
2024-05-07	v2.virtualflybrain.org	VFB_00050505	VFB_00049000	2	4	1.0
2024-05-07	v2.virtualflybrain.org	VFB_00050505	VFB_00101567	0	5	24.0
2024-05-07	v2.virtualflybrain.org	VFB_00063435	VFB_00101567	0	1	0.0
2024-05-07	v2.virtualflybrain.org	VFB_00063447	VFB_00101567	0	1	40.0
2024-05-07	v2.virtualflybrain.org	VFB_00063534	VFB_00101567	0	1	11.0
2024-05-07	v2.virtualflybrain.org	VFB_00063590	VFB_00101567	0	1	18.0
2024-05-07	v2.virtualflybrain.org	VFB_00064029	VFB_00101567	0	1	9.0
2024-05-07	v2.virtualflybrain.org	VFB_00064127	VFB_00101567	0	1	18.0
2024-05-07	v2.virtualflybrain.org	VFB_00064157	VFB_00101567	0	1	26.0
2024-05-07	v2.virtualflybrain.org	VFB_00064229	VFB_00101567	0	1	48.0
2024-05-07	v2.virtualflybrain.org	VFB_00064423	VFB_00101567	0	1	26.0
2024-05-07	v2.virtualflybrain.org	VFB_00064454	VFB_00064454	1	2	0.0
2024-05-07	v2.virtualflybrain.org	VFB_00064607	VFB_00101567	0	2	11.0
2024-05-07	v2.virtualflybrain.org	VFB_00064625	VFB_00101567	0	1	26.0
2024-05-07	v2.virtualflybrain.org	VFB_00064677	VFB_00101567	0	1	60.0
2024-05-07	v2.virtualflybrain.org	VFB_00064693	VFB_00101567	0	1	21.0
2024-05-07	v2.virtualflybrain.org	VFB_00064704	VFB_00101567	0	1	21.0
2024-05-07	v2.virtualflybrain.org	VFB_00064768	VFB_00101567	0	1	6.0
2024-05-07	v2.virtualflybrain.org	VFB_00065047	VFB_00101567	0	1	9.0
2024-05-07	v2.virtualflybrain.org	VFB_00065055	VFB_00101567	0	1	10.0
2024-05-07	v2.virtualflybrain.org	VFB_00065298	VFB_00101567	0	1	13.0
2024-05-07	v2.virtualflybrain.org	VFB_00065538	VFB_00101567	0	1	16.0
2024-05-07	v2.virtualflybrain.org	VFB_00065631	VFB_00101567	0	1	8.0
2024-05-07	v2.virtualflybrain.org	VFB_00065692	VFB_00101567	0	1	11.0
2024-05-07	v2.virtualflybrain.org	VFB_00065746	VFB_00101567	0	1	7.0
2024-05-07	v2.virtualflybrain.org	VFB_00065776	VFB_00101567	0	1	18.0
2024-05-07	v2.virtualflybrain.org	VFB_00066051	VFB_00101567	0	1	9.0
2024-05-07	v2.virtualflybrain.org	VFB_00066197	VFB_00101567	0	1	28.0
2024-05-07	v2.virtualflybrain.org	VFB_00066451	VFB_00101567	0	1	9.0
2024-05-07	v2.virtualflybrain.org	VFB_00066633	VFB_00101567	0	1	10.0
2024-05-07	v2.virtualflybrain.org	VFB_00066780	VFB_00101567	0	1	11.0
2024-05-07	v2.virtualflybrain.org	VFB_00066901	VFB_00101567	0	1	87.0
2024-05-07	v2.virtualflybrain.org	VFB_00066925	VFB_00101567	0	1	12.0
2024-05-07	v2.virtualflybrain.org	VFB_00066945	VFB_00101567	0	2	36.0
2024-05-07	v2.virtualflybrain.org	VFB_00067071	VFB_00101567	0	1	9.0
2024-05-07	v2.virtualflybrain.org	VFB_00067124	VFB_00101567	0	1	8.0
2024-05-07	v2.virtualflybrain.org	VFB_00067141	VFB_00101567	0	1	22.0
2024-05-07	v2.virtualflybrain.org	VFB_00067311	VFB_00101567	0	1	15.0
2024-05-07	v2.virtualflybrain.org	VFB_00067551	VFB_00101567	0	1	17.0
2024-05-07	v2.virtualflybrain.org	VFB_00067657	VFB_00101567	0	1	13.0
2024-05-07	v2.virtualflybrain.org	VFB_00067855	VFB_00101567	0	1	20.0
2024-05-07	v2.virtualflybrain.org	VFB_00067881	VFB_00101567	0	1	21.0
2024-05-07	v2.virtualflybrain.org	VFB_00067897	VFB_00101567	0	1	12.0
2024-05-07	v2.virtualflybrain.org	VFB_00068047	VFB_00101567	0	1	38.0
2024-05-07	v2.virtualflybrain.org	VFB_00068049	VFB_00101567	0	1	1.0
2024-05-07	v2.virtualflybrain.org	VFB_00068113	VFB_00101567	0	1	8.0
2024-05-07	v2.virtualflybrain.org	VFB_00068121	VFB_00101567	0	1	18.0
2024-05-07	v2.virtualflybrain.org	VFB_00068124	VFB_00101567	0	1	0.0
2024-05-07	v2.virtualflybrain.org	VFB_00068157	VFB_00101567	0	1	9.0
2024-05-07	v2.virtualflybrain.org	VFB_00068510	VFB_00101567	0	1	12.0
2024-05-07	v2.virtualflybrain.org	VFB_00068661	VFB_00101567	0	2	11.0
2024-05-07	v2.virtualflybrain.org	VFB_00068677	VFB_00101567	0	1	6.0
2024-05-07	v2.virtualflybrain.org	VFB_00068821	VFB_00101567	0	1	14.0
2024-05-07	v2.virtualflybrain.org	VFB_00068841	VFB_00101567	0	1	11.0
2024-05-07	v2.virtualflybrain.org	VFB_00068843	VFB_00101567	0	1	22.0
2024-05-07	v2.virtualflybrain.org	VFB_00069132	VFB_00101567	0	2	8.0
2024-05-07	v2.virtualflybrain.org	VFB_00070024	VFB_00101567	0	1	14.0
2024-05-07	v2.virtualflybrain.org	VFB_00100000	VFB_00100000	0	1	0.0
2024-05-07	v2.virtualflybrain.org	VFB_00100005	VFB_00100000	0	1	0.0
2024-05-07	v2.virtualflybrain.org	VFB_00100012	VFB_00100000	0	1	0.0
2024-05-07	v2.virtualflybrain.org	VFB_001000ok	VFB_00017894	0	2	2.0
2024-05-07	v2.virtualflybrain.org	VFB_001000ok	VFB_00101567	1	3	22.0
2024-05-07	v2.virtualflybrain.org	VFB_001001m2	VFB_00050000	1	3	39.0
2024-05-07	v2.virtualflybrain.org	VFB_001001m2	VFB_00101567	5	5	185.0
2024-05-07	v2.virtualflybrain.org	VFB_00100wpl	VFB_00101567	4	1	0.0
2024-05-07	v2.virtualflybrain.org	VFB_00100ww7	VFB_00101567	0	2	21.0
2024-05-07	v2.virtualflybrain.org	VFB_00100wwx	VFB_00101567	0	1	0.0
2024-05-07	v2.virtualflybrain.org	VFB_00100wxl	VFB_00101567	0	2	0.0
2024-05-07	v2.virtualflybrain.org	VFB_00101031	VFB_00050000	13	1	7.0
2024-05-07	v2.virtualflybrain.org	VFB_00101031	VFB_00101567	5	1	4.0
2024-05-07	v2.virtualflybrain.org	VFB_001012f2	VFB_00101567	0	2	47.0
2024-05-07	v2.virtualflybrain.org	VFB_001012pn	VFB_00101567	0	2	17.0
2024-05-07	v2.virtualflybrain.org	VFB_001012qa	VFB_00101567	24	1	0.0
2024-05-07	v2.virtualflybrain.org	VFB_001012vq	VFB_00101567	0	1	27.0
2024-05-07	v2.virtualflybrain.org	VFB_00101385	VFB_00101567	2	2	0.0
2024-05-07	v2.virtualflybrain.org	VFB_0010138o	VFB_00101567	0	1	33.0
2024-05-07	v2.virtualflybrain.org	VFB_001014f8	VFB_00101567	0	1	18.0
2024-05-07	v2.virtualflybrain.org	VFB_001014uq	VFB_00101567	0	1	5.0
2024-05-07	v2.virtualflybrain.org	VFB_00101567	VFB_00101567	58	108	1123.0
2024-05-07	v2.virtualflybrain.org	VFB_00102107	VFB_00101567	0	3	45.0
2024-05-07	v2.virtualflybrain.org	VFB_00102121	VFB_00101567	0	1	2.0
2024-05-07	v2.virtualflybrain.org	VFB_00102134	VFB_00101567	4	4	51.0
2024-05-07	v2.virtualflybrain.org	VFB_00102135	VFB_00101567	0	1	6.0
2024-05-07	v2.virtualflybrain.org	VFB_00102137	VFB_00101567	0	1	11.0
2024-05-07	v2.virtualflybrain.org	VFB_00102140	VFB_00101567	0	1	98.0
2024-05-07	v2.virtualflybrain.org	VFB_00102146	VFB_00101567	0	2	7.0
2024-05-07	v2.virtualflybrain.org	VFB_00102148	VFB_00101567	0	3	3.0
2024-05-07	v2.virtualflybrain.org	VFB_00102154	VFB_00101567	3	3	7.0
2024-05-07	v2.virtualflybrain.org	VFB_00102159	VFB_00101567	0	1	0.0
2024-05-07	v2.virtualflybrain.org	VFB_00102162	VFB_00101567	2	5	319.0
2024-05-07	v2.virtualflybrain.org	VFB_00102170	VFB_00101567	0	1	0.0
2024-05-07	v2.virtualflybrain.org	VFB_00102201	VFB_00101567	11	3	1.0
2024-05-07	v2.virtualflybrain.org	VFB_00102212	VFB_00101567	0	4	28.0
2024-05-07	v2.virtualflybrain.org	VFB_00102271	VFB_00101567	0	2	7.0
2024-05-07	v2.virtualflybrain.org	VFB_00102276	VFB_00101567	2	4	12.0
2024-05-07	v2.virtualflybrain.org	VFB_00102280	VFB_00101567	0	5	45.0
2024-05-07	v2.virtualflybrain.org	VFB_00102282	VFB_00101567	0	2	18.0
2024-05-07	v2.virtualflybrain.org	VFB_00102729	VFB_00049000	0	2	1.0
2024-05-07	v2.virtualflybrain.org	VFB_00102729	VFB_00101567	7	3	4.0
2024-05-07	v2.virtualflybrain.org	VFB_001029a3	VFB_00200000	0	1	6.0
2024-05-07	v2.virtualflybrain.org	VFB_00102efk	VFB_00120000	1	2	0.0
2024-05-07	v2.virtualflybrain.org	VFB_00102efk	VFB_00200000	0	2	1.0
2024-05-07	v2.virtualflybrain.org	VFB_00104636	VFB_00200000	0	1	0.0
2024-05-07	v2.virtualflybrain.org	VFB_00104643	VFB_00200000	12	2	35.0
2024-05-07	v2.virtualflybrain.org	VFB_00104650	VFB_00101567	12	2	19.0
2024-05-07	v2.virtualflybrain.org	VFB_00104650	VFB_00200000	1	2	0.0
2024-05-07	v2.virtualflybrain.org	VFB_00200000	VFB_00200000	1	8	165.0
2024-05-07	v2.virtualflybrain.org	VFB_jrch01fe	VFB_00101567	2	1	365.0
2024-05-07	v2.virtualflybrain.org	VFB_jrch080r	VFB_00101567	18	1	0.0
2024-05-07	v2.virtualflybrain.org	VFB_jrchjrcp	VFB_00101567	0	1	0.0
2024-05-07	v2.virtualflybrain.org	VFB_jrchjrcx	VFB_00101567	1	1	0.0
2024-05-07	v2.virtualflybrain.org	VFB_jrchjt8m	VFB_00101567	0	2	16.0
2024-05-07	v2.virtualflybrain.org	VFB_jrchjt8r	VFB_00101567	0	2	105.0
2024-05-07	v2.virtualflybrain.org	VFB_jrchjtfe	VFB_00101567	0	2	78.0
2024-05-07	v2.virtualflybrain.org	VFB_jrchjtff	VFB_00101567	0	2	185.0
2024-05-07	v2.virtualflybrain.org	VFB_jrchjtfg	VFB_00101567	0	5	459.0
2024-05-07	v2.virtualflybrain.org	VFB_jrchjtfr	VFB_00101567	0	2	95.0
2024-05-07	v2.virtualflybrain.org	VFB_jrchjtht	VFB_00101384	2	4	114.0
2024-05-07	v2.virtualflybrain.org	VFB_jrchjtht	VFB_00200000	0	2	27.0
2024-05-07	v2.virtualflybrain.org	VFB_jrchjtik	VFB_00101567	0	1	17.0
2024-05-07	v2.virtualflybrain.org	VFB_jrchjtit	VFB_00101567	0	1	115.0
2024-05-07	v2.virtualflybrain.org	VFB_jrchjtj4	VFB_00101567	0	1	49.0
2024-05-07	v2.virtualflybrain.org	VFB_jrchjtj7	VFB_00101567	0	1	34.0
2024-05-07	v2.virtualflybrain.org	VFB_jrchjtk0	VFB_00101567	0	1	16.0
2024-05-07	v2.virtualflybrain.org	VFB_jrchjtk3	VFB_00101567	0	1	15.0
2024-05-07	v2.virtualflybrain.org	VFB_jrchjtk4	VFB_00101567	0	1	23.0
2024-05-07	v2.virtualflybrain.org	VFB_jrchjtk6	VFB_00101567	0	1	0.0
2024-05-07	v2.virtualflybrain.org	VFB_jrchjtkt	VFB_00101567	0	1	21.0
2024-05-07	v2.virtualflybrain.org	VFB_jrchjtku	VFB_00101567	6	2	0.0
2024-05-07	v2.virtualflybrain.org	VFB_jrchjtkw	VFB_00101567	0	1	11.0
2024-05-07	v2.virtualflybrain.org	VFB_jrchjtkz	VFB_00101567	0	1	15.0
2024-05-07	v2.virtualflybrain.org	VFB_jrchjtl1	VFB_00101567	0	2	84.0
2024-05-07	v2.virtualflybrain.org	VFB_jrchjtl3	VFB_00101567	0	1	15.0
2024-05-07	v2.virtualflybrain.org	VFB_jrchjvnc	VFB_00101567	0	1	131.0
2024-05-07	v2.virtualflybrain.org	VFB_jrchjvol	VFB_00101567	1	2	32.0
2024-05-07	v2.virtualflybrain.org	VFB_jrchjwf4	VFB_00101567	0	1	8.0
2024-05-07	v2.virtualflybrain.org	VFB_jrchk0e3	VFB_00101567	0	1	23.0
2024-05-07	v2.virtualflybrain.org	VFB_jrchk0e4	VFB_00101567	0	1	72.0
2024-05-07	v2.virtualflybrain.org	VFB_jrchk0e5	VFB_00101567	0	1	21.0
2024-05-07	v2.virtualflybrain.org	VFB_jrchk0e6	VFB_00101567	0	1	161.0
2024-05-07	v2.virtualflybrain.org	VFB_jrchk0e8	VFB_00101567	0	1	71.0
2024-05-07	v2.virtualflybrain.org	VFB_jrchk0ei	VFB_00101567	0	1	19.0
2024-05-07	v2.virtualflybrain.org	VFB_jrchk0ff	VFB_00101567	0	1	61.0
2024-05-07	v2.virtualflybrain.org	VFB_jrchk0fi	VFB_00101567	0	1	11.0
2024-05-07	v2.virtualflybrain.org	VFB_jrchk2jt	VFB_00101567	0	1	0.0
2024-05-07	v2.virtualflybrain.org	VFB_jrchk33d	VFB_00101567	0	1	160.0
2024-05-07	v2.virtualflybrain.org	VFB_jrchk33g	VFB_00101567	0	1	38.0
2024-05-07	v2.virtualflybrain.org	VFB_jrchk34r	VFB_00101567	0	1	13.0
2024-05-07	v2.virtualflybrain.org	VFB_jrchk355	VFB_00101567	0	1	57.0
2024-05-07	v2.virtualflybrain.org	VFB_jrchk359	VFB_00101567	0	1	42.0
2024-05-07	v2.virtualflybrain.org	VFB_jrchk399	VFB_00101567	0	1	20.0
2024-05-07	v2.virtualflybrain.org	VFB_jrchk39k	VFB_00101567	0	2	76.0
2024-05-07	v2.virtualflybrain.org	VFB_jrchk39w	VFB_00101567	0	1	45.0
2024-05-07	v2.virtualflybrain.org	VFB_jrchk3ap	VFB_00101567	0	1	90.0
2024-05-07	v2.virtualflybrain.org	VFB_jrchk3ay	VFB_00101567	0	1	70.0
2024-05-07	v2.virtualflybrain.org	VFB_jrchk3b3	VFB_00101567	0	1	39.0
2024-05-07	v2.virtualflybrain.org	VFB_jrchk3cr	VFB_00101567	0	1	40.0
2024-05-07	v2.virtualflybrain.org	VFB_jrchk3d5	VFB_00101567	0	3	119.0
2024-05-07	v2.virtualflybrain.org	VFB_jrchk3d7	VFB_00101567	0	1	31.0
2024-05-07	v2.virtualflybrain.org	VFB_jrchk3d8	VFB_00101567	0	1	95.0
2024-05-07	v2.virtualflybrain.org	VFB_jrchk3da	VFB_00101567	0	1	141.0
2024-05-07	v2.virtualflybrain.org	VFB_jrchk3db	VFB_00101567	0	1	49.0
2024-05-07	v2.virtualflybrain.org	VFB_jrchk3dc	VFB_00101567	0	2	27.0
2024-05-07	v2.virtualflybrain.org	VFB_jrchk3de	VFB_00101567	0	1	21.0
2024-05-07	v2.virtualflybrain.org	VFB_jrchk3dg	VFB_00101567	0	1	34.0
2024-05-07	v2.virtualflybrain.org	VFB_jrchk3di	VFB_00101567	0	2	51.0
2024-05-07	v2.virtualflybrain.org	VFB_jrchk3dk	VFB_00101567	0	3	98.0
2024-05-07	v2.virtualflybrain.org	VFB_jrchk3dl	VFB_00101567	0	2	10.0
2024-05-07	v2.virtualflybrain.org	VFB_jrchk3dm	VFB_00101567	0	1	44.0
2024-05-07	v2.virtualflybrain.org	VFB_jrchk3dn	VFB_00101567	0	1	2.0
2024-05-07	v2.virtualflybrain.org	VFB_jrchk3dp	VFB_00101567	0	3	240.0
2024-05-07	v2.virtualflybrain.org	VFB_jrchk87g	VFB_00101567	3	2	0.0
2024-05-07	v2.virtualflybrain.org	VFB_jrchk8dm	VFB_00101567	0	1	61.0
2024-05-07	v2.virtualflybrain.org	VFB_jrchk8ry	VFB_00101567	2	2	0.0
2024-05-07	v2.virtualflybrain.org	VFB_jrcv2dvb	VFB_00101567	0	2	2.0
2024-05-07	v2.virtualflybrain.org	VFB_jrcv2dvb	VFB_00200000	9	3	0.0
2024-05-07	v2.virtualflybrain.org	VFBexp_FBtp0012	VFB_00101567	0	1	35.0
2024-05-07	v2.virtualflybrain.org	VFBexp_FBtp0057		1	1	1.0
2024-05-07	v2.virtualflybrain.org	VFBexp_FBtp0057	VFB_00101567	0	1	20.0
2024-05-07	v2.virtualflybrain.org	VFBexp_FBtp0058		3	3	0.0
2024-05-07	v2.virtualflybrain.org	VFBexp_FBtp0070	VFB_00101567	0	1	66.0
2024-05-07	v2.virtualflybrain.org	VFBexp_FBtp0099		1	1	0.0
2024-05-07	v2.virtualflybrain.org	VFBexp_FBtp0099	VFB_00101567	0	9	387.0
2024-05-07	v2.virtualflybrain.org	VFBexp_FBtp0100	VFB_00101567	0	14	252.0
2024-05-07	v2.virtualflybrain.org	VFBexp_FBtp0101	VFB_00101567	0	21	382.0
2024-05-07	v2.virtualflybrain.org	VFBexp_FBtp0102	VFB_00101567	1	12	207.0
2024-05-07	v2.virtualflybrain.org	VFBexp_FBtp0103	VFB_00101567	0	15	199.0
2024-05-07	v2.virtualflybrain.org	VFBexp_FBtp0104	VFB_00101567	0	12	174.0
2024-05-07	v2.virtualflybrain.org	VFBexp_FBtp0105	VFB_00101567	0	11	210.0
2024-05-07	v2.virtualflybrain.org	VFBexp_FBtp0106	VFB_00101567	0	16	283.0
2024-05-07	v2.virtualflybrain.org	VFBexp_FBtp0107	VFB_00101567	0	12	183.0
2024-05-07	v2.virtualflybrain.org	VFBexp_FBtp0122	VFB_00101567	0	1	0.0
2024-05-07	v2.virtualflybrain.org	VFBexp_FBtp0129	VFB_00101567	0	1	0.0
2024-05-07	v2.virtualflybrain.org	VFBexp_FBtp0162	VFB_00101567	0	2	20.0
2024-05-08		FBbt_00001919		11	1	2.0
2024-05-08		FBbt_00001919	VFB_00049000	21	1	0.0
2024-05-08		FBbt_00002405		1	1	0.0
2024-05-08		FBbt_00002405	VFB_00101567	1	1	0.0
2024-05-08		FBbt_00003004		1	1	0.0
2024-05-08		FBbt_00003004	VFB_00101567	1	1	0.0
2024-05-08		FBbt_00003559		1	1	0.0
2024-05-08		FBbt_00003559	VFB_00101567	1	1	0.0
2024-05-08		FBbt_00003624		24	5	3.0
2024-05-08		FBbt_00003624	VFB_00101567	26	5	0.0
2024-05-08		FBbt_00003678		2	2	0.0
2024-05-08		FBbt_00003678	VFB_00101567	2	2	0.0
2024-05-08		FBbt_00003679		1	1	0.0
2024-05-08		FBbt_00003679	VFB_00101384	1	1	0.0
2024-05-08		FBbt_00003680		2	1	0.0
2024-05-08		FBbt_00003680	VFB_00101567	2	1	0.0
2024-05-08		FBbt_00003681		11	3	0.0
2024-05-08		FBbt_00003681	VFB_00101567	11	3	0.0
2024-05-08		FBbt_00003684		11	2	0.0
2024-05-08		FBbt_00003684	VFB_00101567	11	2	0.0
2024-05-08		FBbt_00003701		3	1	0.0
2024-05-08		FBbt_00003701	VFB_00101567	3	1	0.0
2024-05-08		FBbt_00003748		3	2	0.0
2024-05-08		FBbt_00003748	VFB_00101567	3	2	0.0
2024-05-08		FBbt_00003885		1	1	0.0
2024-05-08		FBbt_00003885	VFB_00101567	1	1	0.0
2024-05-08		FBbt_00003982		9	2	0.0
2024-05-08		FBbt_00003982	VFB_00101567	10	2	0.0
2024-05-08		FBbt_00004046		1	1	1.0
2024-05-08		FBbt_00004046	VFB_00101567	1	1	0.0
2024-05-08		FBbt_00005095		3	1	2.0
2024-05-08		FBbt_00005095	VFB_00101567	3	1	0.0
2024-05-08		FBbt_00007001		3	1	4.0
2024-05-08		FBbt_00007001	VFB_00101567	3	1	0.0
2024-05-08		FBbt_00007010		6	1	4.0
2024-05-08		FBbt_00007010	VFB_00101567	6	1	0.0
2024-05-08		FBbt_00007016		2	1	6.0
2024-05-08		FBbt_00007016	VFB_00101567	2	1	0.0
2024-05-08		FBbt_00007053		1	1	0.0
2024-05-08		FBbt_00007053	VFB_00101567	1	1	0.0
2024-05-08		FBbt_00007054		4	1	0.0
2024-05-08		FBbt_00007054	VFB_00101567	4	1	0.0
2024-05-08		FBbt_00007055		16	3	0.0
2024-05-08		FBbt_00007055	VFB_00101567	16	3	0.0
2024-05-08		FBbt_00007058		4	1	2.0
2024-05-08		FBbt_00007058	VFB_00101567	4	1	0.0
2024-05-08		FBbt_00007059		1	1	0.0
2024-05-08		FBbt_00007059	VFB_00101567	1	1	0.0
2024-05-08		FBbt_00007145		2	1	14.0
2024-05-08		FBbt_00007145	VFB_00101567	2	1	0.0
2024-05-08		FBbt_00007385		4	2	0.0
2024-05-08		FBbt_00007385	VFB_00101567	4	2	0.0
2024-05-08		FBbt_00007453		1	1	0.0
2024-05-08		FBbt_00007453	VFB_00101567	1	1	0.0
2024-05-08		FBbt_00013688		2	1	0.0
2024-05-08		FBbt_00013688	VFB_00101567	2	1	0.0
2024-05-08		FBbt_00014013		3	1	0.0
2024-05-08		FBbt_00014013	VFB_00101567	4	1	0.0
2024-05-08		FBbt_00040042		4	3	0.0
2024-05-08		FBbt_00040042	VFB_00101567	4	3	0.0
2024-05-08		FBbt_00040043		7	4	0.0
2024-05-08		FBbt_00040043	VFB_00101567	7	4	0.0
2024-05-08		FBbt_00045021		2	1	0.0
2024-05-08		FBbt_00045021	VFB_00101567	2	1	0.0
2024-05-08		FBbt_00045027		1	1	0.0
2024-05-08		FBbt_00045027	VFB_00101567	1	1	0.0
2024-05-08		FBbt_00045030		2	1	20.0
2024-05-08		FBbt_00045030	VFB_00101567	2	1	0.0
2024-05-08		FBbt_00045032		5	2	0.0
2024-05-08		FBbt_00045032	VFB_00101567	5	2	0.0
2024-05-08		FBbt_00045040		5	1	0.0
2024-05-08		FBbt_00045040	VFB_00101567	5	2	0.0
2024-05-08		FBbt_00045046		2	1	0.0
2024-05-08		FBbt_00045046	VFB_00101567	2	1	0.0
2024-05-08		FBbt_00045048		5	3	0.0
2024-05-08		FBbt_00045048	VFB_00101567	5	4	0.0
2024-05-08		FBbt_00045050		4	1	0.0
2024-05-08		FBbt_00045050	VFB_00101567	4	1	0.0
2024-05-08		FBbt_00047887		4	2	0.0
2024-05-08		FBbt_00047887	VFB_00101567	4	2	0.0
2024-05-08		FBbt_00051393		3	1	0.0
2024-05-08		FBbt_00051393	VFB_00101567	3	1	0.0
2024-05-08		FBbt_00052538		20	1	0.0
2024-05-08		FBbt_00052538	VFB_00101567	20	1	0.0
2024-05-08		FBbt_00100313		3	1	5.0
2024-05-08		FBbt_00100313	VFB_00101567	3	1	0.0
2024-05-08		FBbt_00110174		1	1	0.0
2024-05-08		FBbt_00110174	VFB_00100000	1	1	0.0
2024-05-08		FBbt_00110636		3	2	1.0
2024-05-08		FBbt_00110636	VFB_00101567	3	2	0.0
2024-05-08		FBbt_00110639		4	2	0.0
2024-05-08		FBbt_00110639	VFB_00101567	4	2	0.0
2024-05-08		FBbt_00110657		1	1	0.0
2024-05-08		FBbt_00110657	VFB_00101567	1	1	0.0
2024-05-08		FBbt_00110658		1	1	0.0
2024-05-08		FBbt_00110658	VFB_00101567	1	1	0.0
2024-05-08		FBbt_00111271		2	1	0.0
2024-05-08		FBbt_00111271	VFB_00101567	2	1	0.0
2024-05-08		FBbt_20001291		4	1	0.0
2024-05-08		FBbt_20001291	VFB_00101567	4	1	0.0
2024-05-08		VFB_00023119		5	1	45.0
2024-05-08		VFB_00023119	VFB_00101567	5	1	0.0
2024-05-08		VFB_00030867		4	1	0.0
2024-05-08		VFB_00030867	VFB_00101567	4	1	0.0
2024-05-08		VFB_00030870		3	1	24.0
2024-05-08		VFB_00030870	VFB_00101567	4	1	0.0
2024-05-08		VFB_00030878		3	1	7.0
2024-05-08		VFB_00030878	VFB_00101567	3	1	0.0
2024-05-08		VFB_00049000		27	2	55.0
2024-05-08		VFB_00049000	VFB_00049000	19	4	20.0
2024-05-08		VFB_00050000		4	2	6.0
2024-05-08		VFB_00050000	VFB_00050000	6	4	22.0
2024-05-08		VFB_00050312		3	1	0.0
2024-05-08		VFB_00050312	VFB_00049000	3	1	0.0
2024-05-08		VFB_00064125		4	1	8.0
2024-05-08		VFB_00064125	VFB_00101567	4	1	0.0
2024-05-08		VFB_00100wpl		6	1	0.0
2024-05-08		VFB_00100wpl	VFB_00101567	6	1	0.0
2024-05-08		VFB_00100xpr		3	1	10.0
2024-05-08		VFB_00100xpr	VFB_00101567	3	2	0.0
2024-05-08		VFB_00101031		1	1	0.0
2024-05-08		VFB_00101031	VFB_00050000	1	1	0.0
2024-05-08		VFB_001012f2		2	1	4.0
2024-05-08		VFB_001012f2	VFB_00101567	2	1	0.0
2024-05-08		VFB_001012lk		2	1	3.0
2024-05-08		VFB_001012lk	VFB_00101567	2	1	0.0
2024-05-08		VFB_001012na		2	1	12.0
2024-05-08		VFB_001012na	VFB_00101567	2	1	0.0
2024-05-08		VFB_001012od		2	1	14.0
2024-05-08		VFB_001012od	VFB_00101567	2	1	0.0
2024-05-08		VFB_001012qa		24	1	0.0
2024-05-08		VFB_001012qa	VFB_00101567	24	1	0.0
2024-05-08		VFB_001014q8		11	1	45.0
2024-05-08		VFB_001014q8	VFB_00101567	11	1	0.0
2024-05-08		VFB_001014uq		2	1	2.0
2024-05-08		VFB_001014uq	VFB_00101567	2	1	0.0
2024-05-08		VFB_00101567		185	35	729.0
2024-05-08		VFB_00101567	VFB_00101567	195	44	10.0
2024-05-08		VFB_00102109		2	1	2.0
2024-05-08		VFB_00102109	VFB_00101567	2	1	0.0
2024-05-08		VFB_00102110		2	1	2.0
2024-05-08		VFB_00102110	VFB_00101567	2	1	0.0
2024-05-08		VFB_00102114		1	1	0.0
2024-05-08		VFB_00102114	VFB_00101567	1	1	0.0
2024-05-08		VFB_00102118		1	1	0.0
2024-05-08		VFB_00102118	VFB_00101567	1	1	0.0
2024-05-08		VFB_00102123		4	1	2.0
2024-05-08		VFB_00102123	VFB_00101567	4	1	0.0
2024-05-08		VFB_00102134		1	1	0.0
2024-05-08		VFB_00102134	VFB_00101567	1	1	0.0
2024-05-08		VFB_00102135		1	1	0.0
2024-05-08		VFB_00102135	VFB_00101567	1	1	0.0
2024-05-08		VFB_00102137		1	1	0.0
2024-05-08		VFB_00102137	VFB_00101567	1	1	0.0
2024-05-08		VFB_00102201		14	1	0.0
2024-05-08		VFB_00102201	VFB_00101567	14	1	0.0
2024-05-08		VFB_00102271		49	2	5.0
2024-05-08		VFB_00102271	VFB_00101567	47	3	0.0
2024-05-08		VFB_00102276		40	2	9.0
2024-05-08		VFB_00102276	VFB_00101567	35	2	0.0
2024-05-08		VFB_00102280		3	1	0.0
2024-05-08		VFB_00102280	VFB_00101567	3	2	0.0
2024-05-08		VFB_00102efk		2	1	0.0
2024-05-08		VFB_00102efk	VFB_00120000	1	1	0.0
2024-05-08		VFB_00102efk	VFB_00200000	1	1	0.0
2024-05-08		VFB_00104643		1	1	0.0
2024-05-08		VFB_00104643	VFB_00200000	1	1	0.0
2024-05-08		VFB_00104650		1	1	0.0
2024-05-08		VFB_00104650	VFB_00101567	1	1	0.0
2024-05-08		VFB_jrch01fe		15	1	0.0
2024-05-08		VFB_jrch01fe	VFB_00101567	15	1	0.0
2024-05-08		VFB_jrch080r		14	1	0.0
2024-05-08		VFB_jrch080r	VFB_00101567	14	1	0.0
2024-05-08		VFB_jrchjtd8		2	1	4.0
2024-05-08		VFB_jrchjtd8	VFB_00101384	2	1	0.0
2024-05-08		VFB_jrchjtd9		1	1	5.0
2024-05-08		VFB_jrchjtd9	VFB_00101384	1	1	0.0
2024-05-08		VFB_jrchjtku		1	1	0.0
2024-05-08		VFB_jrchjtku	VFB_00101567	1	1	0.0
2024-05-08		VFB_jrchjtyk		5	1	0.0
2024-05-08		VFB_jrchjtyk	VFB_00101567	5	1	0.0
2024-05-08		VFB_jrchk3dm		12	1	0.0
2024-05-08		VFB_jrchk3dm	VFB_00101567	12	1	0.0
2024-05-08		VFB_jrchk41h		2	1	2.0
2024-05-08		VFB_jrchk41h	VFB_00101567	2	1	0.0
2024-05-08		VFB_jrchk42t		2	1	1.0
2024-05-08		VFB_jrchk42t	VFB_00101567	2	1	0.0
2024-05-08		VFB_jrchk461		2	1	0.0
2024-05-08		VFB_jrchk461	VFB_00101567	2	2	0.0
2024-05-08		VFB_jrchk4nc		2	1	2.0
2024-05-08		VFB_jrchk4nc	VFB_00101567	2	1	0.0
2024-05-08		VFB_jrchk5zr		1	1	11.0
2024-05-08		VFB_jrchk5zr	VFB_00101567	1	1	0.0
2024-05-08		VFB_jrchk7e1		2	1	2.0
2024-05-08		VFB_jrchk7e1	VFB_00101567	2	1	0.0
2024-05-08		VFB_jrchk7zu		12	1	1.0
2024-05-08		VFB_jrchk7zu	VFB_00101567	12	1	0.0
2024-05-08		VFB_jrchk87g		2	1	0.0
2024-05-08		VFB_jrchk87g	VFB_00101567	2	1	0.0
2024-05-08		VFB_jrchk8e2		4	1	1.0
2024-05-08		VFB_jrchk8e2	VFB_00101567	4	1	0.0
2024-05-08		VFB_jrchk8e3		2	1	1.0
2024-05-08		VFB_jrchk8e3	VFB_00101567	2	1	0.0
2024-05-08		VFB_jrchk8e4		2	1	1.0
2024-05-08		VFB_jrchk8e4	VFB_00101567	2	1	0.0
2024-05-08		VFB_jrcv2dvb		12	1	0.0
2024-05-08		VFB_jrcv2dvb	VFB_00200000	12	1	0.0
2024-05-08		VFBexp_FBti0002		2	1	0.0
2024-05-08		VFBexp_FBti0002	VFB_00101567	2	1	0.0
2024-05-08		VFBexp_FBti0072		1	1	0.0
2024-05-08		VFBexp_FBti0072	VFB_00101567	1	1	0.0
2024-05-08		VFBexp_FBtp0016		1	1	0.0
2024-05-08		VFBexp_FBtp0016	VFB_00101567	1	1	0.0
2024-05-08		VFBexp_FBtp0022		1	1	0.0
2024-05-08		VFBexp_FBtp0022	VFB_00101567	1	1	0.0
2024-05-08		VFBexp_FBtp0059		1	1	0.0
2024-05-08		VFBexp_FBtp0059	VFB_00101567	1	1	0.0
2024-05-08		VFBexp_FBtp0064		7	1	0.0
2024-05-08		VFBexp_FBtp0064	VFB_00101567	7	1	0.0
2024-05-08		VFBexp_FBtp0103		2	1	0.0
2024-05-08		VFBexp_FBtp0103	VFB_00101567	2	1	0.0
2024-05-08		VFBexp_FBtp0108		3	1	68.0
2024-05-08		VFBexp_FBtp0108	VFB_00101567	3	1	0.0
2024-05-08	v2.virtualflybrain.org	FBbt_00001919	VFB_00049000	0	1	1.0
2024-05-08	v2.virtualflybrain.org	FBbt_00002405		1	1	1.0
2024-05-08	v2.virtualflybrain.org	FBbt_00002405	VFB_00101567	0	1	37.0
2024-05-08	v2.virtualflybrain.org	FBbt_00003004	VFB_00101567	0	1	39.0
2024-05-08	v2.virtualflybrain.org	FBbt_00003559	VFB_00101567	0	1	0.0
2024-05-08	v2.virtualflybrain.org	FBbt_00003624	VFB_00101567	0	6	163.0
2024-05-08	v2.virtualflybrain.org	FBbt_00003678	VFB_00101567	1	4	523.0
2024-05-08	v2.virtualflybrain.org	FBbt_00003679	VFB_00101384	0	1	66.0
2024-05-08	v2.virtualflybrain.org	FBbt_00003680	VFB_00101567	0	2	36.0
2024-05-08	v2.virtualflybrain.org	FBbt_00003681	VFB_00101567	6	4	385.0
2024-05-08	v2.virtualflybrain.org	FBbt_00003684	VFB_00101567	0	2	131.0
2024-05-08	v2.virtualflybrain.org	FBbt_00003701	VFB_00101567	0	2	56.0
2024-05-08	v2.virtualflybrain.org	FBbt_00003748	VFB_00101567	0	3	29.0
2024-05-08	v2.virtualflybrain.org	FBbt_00003823		1	1	47.0
2024-05-08	v2.virtualflybrain.org	FBbt_00003885	VFB_00101567	0	1	113.0
2024-05-08	v2.virtualflybrain.org	FBbt_00003982	VFB_00101567	0	3	39.0
2024-05-08	v2.virtualflybrain.org	FBbt_00004046	VFB_00101567	0	1	26.0
2024-05-08	v2.virtualflybrain.org	FBbt_00005095	VFB_00101567	0	2	1.0
2024-05-08	v2.virtualflybrain.org	FBbt_00007001	VFB_00101567	0	2	2.0
2024-05-08	v2.virtualflybrain.org	FBbt_00007010	VFB_00101567	0	2	47.0
2024-05-08	v2.virtualflybrain.org	FBbt_00007016	VFB_00101567	0	1	0.0
2024-05-08	v2.virtualflybrain.org	FBbt_00007053	VFB_00101567	0	1	24.0
2024-05-08	v2.virtualflybrain.org	FBbt_00007054	VFB_00101567	0	1	30.0
2024-05-08	v2.virtualflybrain.org	FBbt_00007055	VFB_00101567	11	5	183.0
2024-05-08	v2.virtualflybrain.org	FBbt_00007058	VFB_00101567	0	1	35.0
2024-05-08	v2.virtualflybrain.org	FBbt_00007059	VFB_00101567	0	1	7.0
2024-05-08	v2.virtualflybrain.org	FBbt_00007145		1	1	0.0
2024-05-08	v2.virtualflybrain.org	FBbt_00007145	VFB_00101567	0	1	0.0
2024-05-08	v2.virtualflybrain.org	FBbt_00007385	VFB_00101567	0	2	47.0
2024-05-08	v2.virtualflybrain.org	FBbt_00007453	VFB_00101567	0	1	0.0
2024-05-08	v2.virtualflybrain.org	FBbt_00013688	VFB_00101567	0	2	21.0
2024-05-08	v2.virtualflybrain.org	FBbt_00014013	VFB_00101567	0	2	0.0
2024-05-08	v2.virtualflybrain.org	FBbt_00040042	VFB_00101567	0	3	46.0
2024-05-08	v2.virtualflybrain.org	FBbt_00040043	VFB_00101567	1	6	337.0
2024-05-08	v2.virtualflybrain.org	FBbt_00045021	VFB_00101567	0	1	29.0
2024-05-08	v2.virtualflybrain.org	FBbt_00045027	VFB_00101567	0	1	5.0
2024-05-08	v2.virtualflybrain.org	FBbt_00045030	VFB_00101567	0	1	0.0
2024-05-08	v2.virtualflybrain.org	FBbt_00045032	VFB_00101567	4	3	3.0
2024-05-08	v2.virtualflybrain.org	FBbt_00045040	VFB_00101567	4	3	104.0
2024-05-08	v2.virtualflybrain.org	FBbt_00045046		2	2	0.0
2024-05-08	v2.virtualflybrain.org	FBbt_00045046	VFB_00101567	0	2	69.0
2024-05-08	v2.virtualflybrain.org	FBbt_00045048	VFB_00101567	2	4	45.0
2024-05-08	v2.virtualflybrain.org	FBbt_00045050	VFB_00101567	0	2	607.0
2024-05-08	v2.virtualflybrain.org	FBbt_00047887	VFB_00101567	0	2	5.0
2024-05-08	v2.virtualflybrain.org	FBbt_00051393	VFB_00101567	0	2	1.0
2024-05-08	v2.virtualflybrain.org	FBbt_00052538	VFB_00101567	20	1	0.0
2024-05-08	v2.virtualflybrain.org	FBbt_00100313	VFB_00101567	0	2	0.0
2024-05-08	v2.virtualflybrain.org	FBbt_00110174	VFB_00100000	1	1	4.0
2024-05-08	v2.virtualflybrain.org	FBbt_00110636	VFB_00101567	0	2	3.0
2024-05-08	v2.virtualflybrain.org	FBbt_00110639	VFB_00101567	0	3	14.0
2024-05-08	v2.virtualflybrain.org	FBbt_00110657	VFB_00101567	0	1	11.0
2024-05-08	v2.virtualflybrain.org	FBbt_00110658	VFB_00101567	0	1	6.0
2024-05-08	v2.virtualflybrain.org	FBbt_00111271		1	1	1.0
2024-05-08	v2.virtualflybrain.org	FBbt_00111271	VFB_00101567	0	1	20.0
2024-05-08	v2.virtualflybrain.org	FBbt_20001291	VFB_00101567	4	1	0.0
2024-05-08	v2.virtualflybrain.org	VFB_00021201		1	1	46.0
2024-05-08	v2.virtualflybrain.org	VFB_00023119		1	1	1.0
2024-05-08	v2.virtualflybrain.org	VFB_00023119	VFB_00101567	1	2	1.0
2024-05-08	v2.virtualflybrain.org	VFB_00030867	VFB_00101567	4	1	0.0
2024-05-08	v2.virtualflybrain.org	VFB_00030870	VFB_00101567	0	2	2.0
2024-05-08	v2.virtualflybrain.org	VFB_00030878	VFB_00101567	0	1	4.0
2024-05-08	v2.virtualflybrain.org	VFB_00049000	VFB_00049000	15	7	31.0
2024-05-08	v2.virtualflybrain.org	VFB_00050000	VFB_00050000	2	8	93.0
2024-05-08	v2.virtualflybrain.org	VFB_00050312	VFB_00049000	4	1	0.0
2024-05-08	v2.virtualflybrain.org	VFB_00064125	VFB_00101567	2	1	32.0
2024-05-08	v2.virtualflybrain.org	VFB_00100000	VFB_00100000	0	1	0.0
2024-05-08	v2.virtualflybrain.org	VFB_00100wpl	VFB_00101567	6	1	0.0
2024-05-08	v2.virtualflybrain.org	VFB_00100xpr	VFB_00101567	1	2	0.0
2024-05-08	v2.virtualflybrain.org	VFB_00101031	VFB_00050000	1	1	0.0
2024-05-08	v2.virtualflybrain.org	VFB_001012f2	VFB_00101567	0	1	121.0
2024-05-08	v2.virtualflybrain.org	VFB_001012lk	VFB_00101567	0	1	12.0
2024-05-08	v2.virtualflybrain.org	VFB_001012na	VFB_00101567	0	1	10.0
2024-05-08	v2.virtualflybrain.org	VFB_001012od	VFB_00101567	0	1	22.0
2024-05-08	v2.virtualflybrain.org	VFB_001012qa	VFB_00101567	24	1	0.0
2024-05-08	v2.virtualflybrain.org	VFB_001014q8	VFB_00101567	0	1	0.0
2024-05-08	v2.virtualflybrain.org	VFB_001014uq	VFB_00101567	0	2	3.0
2024-05-08	v2.virtualflybrain.org	VFB_001014uq	VFB_00110000	1	2	0.0
2024-05-08	v2.virtualflybrain.org	VFB_00101567		0	2	34.0
2024-05-08	v2.virtualflybrain.org	VFB_00101567	VFB_00101567	78	82	769.0
2024-05-08	v2.virtualflybrain.org	VFB_00102109	VFB_00101567	0	1	6.0
2024-05-08	v2.virtualflybrain.org	VFB_00102110	VFB_00101567	0	1	46.0
2024-05-08	v2.virtualflybrain.org	VFB_00102114	VFB_00101567	0	1	3.0
2024-05-08	v2.virtualflybrain.org	VFB_00102118	VFB_00101567	0	1	4.0
2024-05-08	v2.virtualflybrain.org	VFB_00102123	VFB_00101567	0	2	73.0
2024-05-08	v2.virtualflybrain.org	VFB_00102134	VFB_00101567	0	1	13.0
2024-05-08	v2.virtualflybrain.org	VFB_00102135	VFB_00101567	0	1	1.0
2024-05-08	v2.virtualflybrain.org	VFB_00102137	VFB_00101567	0	1	67.0
2024-05-08	v2.virtualflybrain.org	VFB_00102162	VFB_00101567	1	0	0.0
2024-05-08	v2.virtualflybrain.org	VFB_00102201	VFB_00101567	14	1	0.0
2024-05-08	v2.virtualflybrain.org	VFB_00102271	VFB_00101567	0	3	47.0
2024-05-08	v2.virtualflybrain.org	VFB_00102276	VFB_00101567	2	3	9.0
2024-05-08	v2.virtualflybrain.org	VFB_00102280	VFB_00101567	0	1	23.0
2024-05-08	v2.virtualflybrain.org	VFB_00102efk	VFB_00120000	1	1	65.0
2024-05-08	v2.virtualflybrain.org	VFB_00102efk	VFB_00200000	1	1	0.0
2024-05-08	v2.virtualflybrain.org	VFB_00104643	VFB_00200000	1	1	0.0
2024-05-08	v2.virtualflybrain.org	VFB_00104650	VFB_00101567	1	1	0.0
2024-05-08	v2.virtualflybrain.org	VFB_00120000	VFB_00120000	0	1	0.0
2024-05-08	v2.virtualflybrain.org	VFB_00200000		1	1	1.0
2024-05-08	v2.virtualflybrain.org	VFB_00200000	VFB_00200000	0	3	0.0
2024-05-08	v2.virtualflybrain.org	VFB_jrch01fe	VFB_00101567	15	1	0.0
2024-05-08	v2.virtualflybrain.org	VFB_jrch080r	VFB_00101567	14	1	0.0
2024-05-08	v2.virtualflybrain.org	VFB_jrchjtd8	VFB_00101384	0	1	4.0
2024-05-08	v2.virtualflybrain.org	VFB_jrchjtd8	VFB_jrchjtd8	2	2	8.0
2024-05-08	v2.virtualflybrain.org	VFB_jrchjtd9	VFB_00101384	0	1	11.0
2024-05-08	v2.virtualflybrain.org	VFB_jrchjtd9	VFB_jrchjtd9	1	2	1.0
2024-05-08	v2.virtualflybrain.org	VFB_jrchjtku	VFB_00101567	1	1	1.0
2024-05-08	v2.virtualflybrain.org	VFB_jrchjtyk	VFB_00101567	3	2	0.0
2024-05-08	v2.virtualflybrain.org	VFB_jrchk3dm	VFB_00101567	12	2	0.0
2024-05-08	v2.virtualflybrain.org	VFB_jrchk41h	VFB_00101567	0	1	1.0
2024-05-08	v2.virtualflybrain.org	VFB_jrchk461	VFB_00101567	1	2	30.0
2024-05-08	v2.virtualflybrain.org	VFB_jrchk5zr	VFB_00101567	1	1	0.0
2024-05-08	v2.virtualflybrain.org	VFB_jrchk7e1	VFB_00101567	0	1	36.0
2024-05-08	v2.virtualflybrain.org	VFB_jrchk7zu	VFB_00101567	9	2	85.0
2024-05-08	v2.virtualflybrain.org	VFB_jrchk87g	VFB_00101567	2	1	0.0
2024-05-08	v2.virtualflybrain.org	VFB_jrchk8e2	VFB_00101567	2	1	0.0
2024-05-08	v2.virtualflybrain.org	VFB_jrchk8e3	VFB_00101567	0	1	1.0
2024-05-08	v2.virtualflybrain.org	VFB_jrchk8e4	VFB_00101567	0	1	69.0
2024-05-08	v2.virtualflybrain.org	VFB_jrcv2dvb	VFB_00200000	12	1	0.0
2024-05-08	v2.virtualflybrain.org	VFBexp_FBti0002	VFB_00101567	1	2	16.0
2024-05-08	v2.virtualflybrain.org	VFBexp_FBti0072	VFB_00101567	0	2	20.0
2024-05-08	v2.virtualflybrain.org	VFBexp_FBtp0016		1	1	2.0
2024-05-08	v2.virtualflybrain.org	VFBexp_FBtp0022	VFB_00101567	0	1	10.0
2024-05-08	v2.virtualflybrain.org	VFBexp_FBtp0059	VFB_00101567	0	1	25.0
2024-05-08	v2.virtualflybrain.org	VFBexp_FBtp0064	VFB_00101567	7	2	78.0
2024-05-08	v2.virtualflybrain.org	VFBexp_FBtp0103		1	1	1.0
2024-05-08	v2.virtualflybrain.org	VFBexp_FBtp0103	VFB_00101567	0	1	83.0
2024-05-08	v2.virtualflybrain.org	VFBexp_FBtp0108	VFB_00101567	0	1	0.0
2024-05-09		FBbt_00003624		2	1	0.0
2024-05-09		FBbt_00003624	VFB_00101567	2	1	0.0
2024-05-09		FBbt_00003680		1	1	0.0
2024-05-09		FBbt_00003680	VFB_00101567	1	1	0.0
2024-05-09		FBbt_00003681		1	1	0.0
2024-05-09		FBbt_00003681	VFB_00101567	1	1	0.0
2024-05-09		FBbt_00007055		16	1	0.0
2024-05-09		FBbt_00007055	VFB_00101567	16	1	0.0
2024-05-09		FBbt_00040041		1	1	0.0
2024-05-09		FBbt_00040041	VFB_00101567	7	1	0.0
2024-05-09		FBbt_00040043		2	1	0.0
2024-05-09		FBbt_00040043	VFB_00101567	2	1	0.0
2024-05-09		FBbt_00045032		2	1	0.0
2024-05-09		FBbt_00045032	VFB_00101567	2	1	0.0
2024-05-09		FBbt_00052538		13	1	0.0
2024-05-09		FBbt_00052538	VFB_00101567	13	1	0.0
2024-05-09		FBbt_00110174		2	1	0.0
2024-05-09		FBbt_00110174	VFB_00100000	2	1	0.0
2024-05-09		FBbt_00110639		1	1	0.0
2024-05-09		FBbt_00110639	VFB_00101567	1	1	0.0
2024-05-09		VFB_00022087		1	1	16.0
2024-05-09		VFB_00022087	VFB_00101567	1	1	0.0
2024-05-09		VFB_00030867		2	1	0.0
2024-05-09		VFB_00030867	VFB_00101567	2	1	0.0
2024-05-09		VFB_00043923		13	1	30.0
2024-05-09		VFB_00043923	VFB_00101567	13	2	0.0
2024-05-09		VFB_00063373		2	1	18.0
2024-05-09		VFB_00063373	VFB_00101567	2	1	0.0
2024-05-09		VFB_00063594		7	1	3.0
2024-05-09		VFB_00063594	VFB_00101567	7	1	0.0
2024-05-09		VFB_00063885		10	1	11.0
2024-05-09		VFB_00063885	VFB_00101567	10	2	0.0
2024-05-09		VFB_00065250		2	1	25.0
2024-05-09		VFB_00065250	VFB_00101567	2	1	0.0
2024-05-09		VFB_00067541		6	1	0.0
2024-05-09		VFB_00067541	VFB_00101567	6	2	0.0
2024-05-09		VFB_00100109		2	1	10.0
2024-05-09		VFB_00100109	VFB_00101567	2	1	0.0
2024-05-09		VFB_00100vf6		3	1	1088.0
2024-05-09		VFB_00100vf6	VFB_00101567	3	2	0.0
2024-05-09		VFB_00100vkk		19	1	25.0
2024-05-09		VFB_00100vkk	VFB_00101567	29	1	0.0
2024-05-09		VFB_00100wpl		2	1	0.0
2024-05-09		VFB_00100wpl	VFB_00101567	2	1	0.0
2024-05-09		VFB_00100zc9		24	1	39.0
2024-05-09		VFB_00100zc9	VFB_00101567	24	2	0.0
2024-05-09		VFB_00101031		2	1	0.0
2024-05-09		VFB_00101031	VFB_00050000	2	1	0.0
2024-05-09		VFB_001010nw		29	1	59.0
2024-05-09		VFB_001010nw	VFB_00101567	19	2	0.0
2024-05-09		VFB_001012qa		24	1	0.0
2024-05-09		VFB_001012qa	VFB_00101567	24	1	0.0
2024-05-09		VFB_001014qe		1	1	14.0
2024-05-09		VFB_001014qe	VFB_00101567	1	1	0.0
2024-05-09		VFB_00101567		107	15	345.0
2024-05-09		VFB_00101567	VFB_00101567	108	20	0.0
2024-05-09		VFB_00102134		1	1	0.0
2024-05-09		VFB_00102134	VFB_00101567	1	1	0.0
2024-05-09		VFB_00102201		2	1	0.0
2024-05-09		VFB_00102201	VFB_00101567	2	1	0.0
2024-05-09		VFB_00102efk		4	1	0.0
2024-05-09		VFB_00102efk	VFB_00120000	2	1	0.0
2024-05-09		VFB_00102efk	VFB_00200000	2	1	0.0
2024-05-09		VFB_00104643		1	1	0.0
2024-05-09		VFB_00104643	VFB_00200000	1	1	0.0
2024-05-09		VFB_00104650		4	1	0.0
2024-05-09		VFB_00104650	VFB_00101567	2	1	0.0
2024-05-09		VFB_00104650	VFB_00200000	2	1	0.0
2024-05-09		VFB_00200000		5	2	5.0
2024-05-09		VFB_00200000	VFB_00200000	6	4	29.0
2024-05-09		VFB_jrchk3dm		4	1	0.0
2024-05-09		VFB_jrchk3dm	VFB_00101567	4	1	0.0
2024-05-09		VFB_jrchk7zu		10	1	0.0
2024-05-09		VFB_jrchk7zu	VFB_00101567	10	1	0.0
2024-05-09		VFB_jrchk87g		1	1	0.0
2024-05-09		VFB_jrchk87g	VFB_00101567	1	1	0.0
2024-05-09		VFBexp_FBtp0106		1	1	0.0
2024-05-09		VFBexp_FBtp0106	VFB_00101567	1	1	0.0
2024-05-09		VFBexp_FBtp0117		2	1	0.0
2024-05-09		VFBexp_FBtp0117	VFB_00101567	2	1	0.0
2024-05-09	v2.virtualflybrain.org	FBbt_00003624	VFB_00101567	0	1	114.0
2024-05-09	v2.virtualflybrain.org	FBbt_00003680	VFB_00101567	0	1	11.0
2024-05-09	v2.virtualflybrain.org	FBbt_00003681	VFB_00101567	2	1	3.0
2024-05-09	v2.virtualflybrain.org	FBbt_00007055	VFB_00101567	16	1	0.0
2024-05-09	v2.virtualflybrain.org	FBbt_00040041	VFB_00101567	0	1	60.0
2024-05-09	v2.virtualflybrain.org	FBbt_00040043	VFB_00101567	0	1	31.0
2024-05-09	v2.virtualflybrain.org	FBbt_00045032	VFB_00101567	2	1	0.0
2024-05-09	v2.virtualflybrain.org	FBbt_00052538	VFB_00101567	13	1	0.0
2024-05-09	v2.virtualflybrain.org	FBbt_00110174	VFB_00100000	2	1	0.0
2024-05-09	v2.virtualflybrain.org	FBbt_00110639	VFB_00101567	0	2	27.0
2024-05-09	v2.virtualflybrain.org	VFB_00022087	VFB_00101567	1	1	0.0
2024-05-09	v2.virtualflybrain.org	VFB_00022744		1	1	3.0
2024-05-09	v2.virtualflybrain.org	VFB_00022744	VFB_00101567	0	1	120.0
2024-05-09	v2.virtualflybrain.org	VFB_00030867	VFB_00101567	2	1	0.0
2024-05-09	v2.virtualflybrain.org	VFB_00043923	VFB_00101567	0	3	65.0
2024-05-09	v2.virtualflybrain.org	VFB_00049000		1	1	1.0
2024-05-09	v2.virtualflybrain.org	VFB_00050000	VFB_00050000	0	1	0.0
2024-05-09	v2.virtualflybrain.org	VFB_00063373	VFB_00101567	0	1	31.0
2024-05-09	v2.virtualflybrain.org	VFB_00063594	VFB_00101567	4	3	0.0
2024-05-09	v2.virtualflybrain.org	VFB_00063885	VFB_00101567	0	2	14.0
2024-05-09	v2.virtualflybrain.org	VFB_00065250	VFB_00101567	0	1	6.0
2024-05-09	v2.virtualflybrain.org	VFB_00067541	VFB_00101567	4	4	9.0
2024-05-09	v2.virtualflybrain.org	VFB_00100000	VFB_00100000	0	1	0.0
2024-05-09	v2.virtualflybrain.org	VFB_00100109	VFB_00101567	0	1	7.0
2024-05-09	v2.virtualflybrain.org	VFB_00100vf6	VFB_00101567	2	2	0.0
2024-05-09	v2.virtualflybrain.org	VFB_00100vkk	VFB_00101567	0	1	29.0
2024-05-09	v2.virtualflybrain.org	VFB_00100wpl	VFB_00101567	2	1	0.0
2024-05-09	v2.virtualflybrain.org	VFB_00100zc9	VFB_00101567	0	1	27.0
2024-05-09	v2.virtualflybrain.org	VFB_00101031	VFB_00050000	2	1	0.0
2024-05-09	v2.virtualflybrain.org	VFB_001010nw	VFB_00101567	0	1	37.0
2024-05-09	v2.virtualflybrain.org	VFB_001012qa	VFB_00101567	24	1	0.0
2024-05-09	v2.virtualflybrain.org	VFB_001014qe	VFB_001014qe	1	2	35.0
2024-05-09	v2.virtualflybrain.org	VFB_00101567	VFB_00101567	65	49	652.0
2024-05-09	v2.virtualflybrain.org	VFB_00102134	VFB_00101567	1	1	0.0
2024-05-09	v2.virtualflybrain.org	VFB_00102137	VFB_00101567	1	0	0.0
2024-05-09	v2.virtualflybrain.org	VFB_00102201	VFB_00101567	2	1	0.0
2024-05-09	v2.virtualflybrain.org	VFB_00102efk	VFB_00120000	2	1	0.0
2024-05-09	v2.virtualflybrain.org	VFB_00102efk	VFB_00200000	2	1	0.0
2024-05-09	v2.virtualflybrain.org	VFB_00104643	VFB_00200000	2	1	0.0
2024-05-09	v2.virtualflybrain.org	VFB_00104650	VFB_00101567	2	1	0.0
2024-05-09	v2.virtualflybrain.org	VFB_00104650	VFB_00200000	0	2	2.0
2024-05-09	v2.virtualflybrain.org	VFB_00120000	VFB_00120000	0	1	0.0
2024-05-09	v2.virtualflybrain.org	VFB_00200000	VFB_00200000	4	6	1.0
2024-05-09	v2.virtualflybrain.org	VFB_jrchk3dm	VFB_00101567	4	1	0.0
2024-05-09	v2.virtualflybrain.org	VFB_jrchk7zu	VFB_00101567	10	1	0.0
2024-05-09	v2.virtualflybrain.org	VFB_jrchk87g	VFB_00101567	1	1	0.0
2024-05-09	v2.virtualflybrain.org	VFBexp_FBtp0106		1	1	0.0
2024-05-09	v2.virtualflybrain.org	VFBexp_FBtp0117		1	1	0.0
2024-05-09	v2.virtualflybrain.org	VFBexp_FBtp0117	VFB_00101567	0	1	8.0
2024-05-10		FBbt_00003624		2	1	10.0
2024-05-10		FBbt_00003624	VFB_00101567	2	1	0.0
2024-05-10		FBbt_00003668		5	1	0.0
2024-05-10		FBbt_00003668	VFB_00101567	1	1	0.0
2024-05-10		FBbt_00003679		2	1	2.0
2024-05-10		FBbt_00003679	VFB_00101567	3	1	0.0
2024-05-10		FBbt_00003681		2	2	5.0
2024-05-10		FBbt_00003681	VFB_00101567	2	2	0.0
2024-05-10		FBbt_00003684		2	1	0.0
2024-05-10		FBbt_00003684	VFB_00101567	2	1	0.0
2024-05-10		FBbt_00003704		1	1	0.0
2024-05-10		FBbt_00003704	VFB_00101567	1	1	0.0
2024-05-10		FBbt_00003910		2	1	0.0
2024-05-10		FBbt_00003910	VFB_00101567	2	1	0.0
2024-05-10		FBbt_00003982		2	1	0.0
2024-05-10		FBbt_00003982	VFB_00101567	3	1	0.0
2024-05-10		FBbt_00004045		12	1	27.0
2024-05-10		FBbt_00004045	VFB_00101567	12	1	0.0
2024-05-10		FBbt_00007050		2	1	0.0
2024-05-10		FBbt_00007050	VFB_00101567	2	1	0.0
2024-05-10		FBbt_00007053		2	1	5.0
2024-05-10		FBbt_00007053	VFB_00101567	2	1	0.0
2024-05-10		FBbt_00007054		3	1	3.0
2024-05-10		FBbt_00007054	VFB_00101567	1	1	0.0
2024-05-10		FBbt_00007055		3	1	2.0
2024-05-10		FBbt_00007055	VFB_00101567	4	2	0.0
2024-05-10		FBbt_00007146		2	1	0.0
2024-05-10		FBbt_00007146	VFB_00101567	2	1	0.0
2024-05-10		FBbt_00007385		7	2	1.0
2024-05-10		FBbt_00007385	VFB_00101567	3	2	0.0
2024-05-10		FBbt_00007401		1	1	0.0
2024-05-10		FBbt_00007401	VFB_00101567	1	1	0.0
2024-05-10		FBbt_00007433		5	1	27.0
2024-05-10		FBbt_00007433	VFB_00101567	6	2	0.0
2024-05-10		FBbt_00007453		4	2	0.0
2024-05-10		FBbt_00007453	VFB_00101567	2	2	0.0
2024-05-10		FBbt_00013695		1	1	5.0
2024-05-10		FBbt_00013695	VFB_00101567	1	1	0.0
2024-05-10		FBbt_00040038		1	1	0.0
2024-05-10		FBbt_00040038	VFB_00101567	1	1	0.0
2024-05-10		FBbt_00040041		3	1	0.0
2024-05-10		FBbt_00040041	VFB_00101567	8	1	0.0
2024-05-10		FBbt_00040042		2	1	1.0
2024-05-10		FBbt_00040042	VFB_00101567	3	1	0.0
2024-05-10		FBbt_00040048		4	1	5.0
2024-05-10		FBbt_00040048	VFB_00101567	4	2	0.0
2024-05-10		FBbt_00040049		13	1	5.0
2024-05-10		FBbt_00040049	VFB_00101567	13	1	0.0
2024-05-10		FBbt_00040050		3	1	3.0
2024-05-10		FBbt_00040050	VFB_00101567	3	1	0.0
2024-05-10		FBbt_00040051		4	1	11.0
2024-05-10		FBbt_00040051	VFB_00101567	5	1	0.0
2024-05-10		FBbt_00045027		2	1	0.0
2024-05-10		FBbt_00045027	VFB_00101567	2	1	0.0
2024-05-10		FBbt_00045032		3	1	0.0
2024-05-10		FBbt_00045032	VFB_00101567	3	1	0.0
2024-05-10		FBbt_00045037		18	2	1.0
2024-05-10		FBbt_00045037	VFB_00101567	19	2	0.0
2024-05-10		FBbt_00045039		14	1	5.0
2024-05-10		FBbt_00045039	VFB_00101567	14	2	0.0
2024-05-10		FBbt_00045047		2	1	0.0
2024-05-10		FBbt_00045047	VFB_00101567	2	1	0.0
2024-05-10		FBbt_00047887		2	1	0.0
2024-05-10		FBbt_00047887	VFB_00101567	3	1	0.0
2024-05-10		FBbt_00052538		16	1	0.0
2024-05-10		FBbt_00052538	VFB_00101567	16	1	0.0
2024-05-10		FBbt_00110174		2	1	0.0
2024-05-10		FBbt_00110174	VFB_00100000	2	1	0.0
2024-05-10		FBbt_00110636		6	2	0.0
2024-05-10		FBbt_00110636	VFB_00101567	6	2	0.0
2024-05-10		FBbt_00110639		3	1	0.0
2024-05-10		FBbt_00110639	VFB_00101567	3	1	0.0
2024-05-10		VFB_00021887		2	1	39.0
2024-05-10		VFB_00021887	VFB_00101567	2	1	0.0
2024-05-10		VFB_00023421		23	1	63.0
2024-05-10		VFB_00023421	VFB_00101567	23	4	0.0
2024-05-10		VFB_00023479		11	1	5.0
2024-05-10		VFB_00023479	VFB_00101567	11	2	0.0
2024-05-10		VFB_00030867		9	1	0.0
2024-05-10		VFB_00030867	VFB_00101567	9	1	0.0
2024-05-10		VFB_00050000	VFB_00050000	1	1	17.0
2024-05-10		VFB_00066057		2	1	11.0
2024-05-10		VFB_00066057	VFB_00101567	2	1	0.0
2024-05-10		VFB_00067541		1	1	0.0
2024-05-10		VFB_00067541	VFB_00101567	1	1	0.0
2024-05-10		VFB_00069454		4	1	28.0
2024-05-10		VFB_00069454	VFB_00101567	4	1	0.0
2024-05-10		VFB_00100181		2	1	0.0
2024-05-10		VFB_00100181	VFB_00101567	2	1	0.0
2024-05-10		VFB_001001dq		2	1	3.0
2024-05-10		VFB_001001dq	VFB_00101567	2	1	0.0
2024-05-10		VFB_00100zox		6	1	11.0
2024-05-10		VFB_00100zox	VFB_00101567	6	1	0.0
2024-05-10		VFB_00101031		2	1	0.0
2024-05-10		VFB_00101031	VFB_00050000	2	1	0.0
2024-05-10		VFB_001012qa		24	1	0.0
2024-05-10		VFB_001012qa	VFB_00101567	24	1	0.0
2024-05-10		VFB_001014q8		4	1	18.0
2024-05-10		VFB_001014q8	VFB_00101567	4	1	0.0
2024-05-10		VFB_001014uq		2	1	5.0
2024-05-10		VFB_001014uq	VFB_00101567	2	1	0.0
2024-05-10		VFB_00101567		114	23	357.0
2024-05-10		VFB_00101567	VFB_00101567	127	32	0.0
2024-05-10		VFB_00101v2l		32	1	12.0
2024-05-10		VFB_00101v2l	VFB_00101567	29	2	0.0
2024-05-10		VFB_00102114		6	2	6.0
2024-05-10		VFB_00102114	VFB_00101567	5	3	0.0
2024-05-10		VFB_00102118		13	2	2.0
2024-05-10		VFB_00102118	VFB_00101567	17	3	0.0
2024-05-10		VFB_00102133		10	2	2.0
2024-05-10		VFB_00102133	VFB_00101567	12	3	0.0
2024-05-10		VFB_00102134		8	1	16.0
2024-05-10		VFB_00102134	VFB_00101567	8	2	0.0
2024-05-10		VFB_00102137		13	2	1.0
2024-05-10		VFB_00102137	VFB_00101567	17	3	0.0
2024-05-10		VFB_00102162		4	1	2.0
2024-05-10		VFB_00102162	VFB_00101567	4	1	0.0
2024-05-10		VFB_00102170		10	2	1.0
2024-05-10		VFB_00102170	VFB_00101567	12	3	0.0
2024-05-10		VFB_00102171		5	1	2.0
2024-05-10		VFB_00102171	VFB_00101567	5	2	0.0
2024-05-10		VFB_00102175		11	2	2.0
2024-05-10		VFB_00102175	VFB_00101567	10	3	0.0
2024-05-10		VFB_00102176		12	2	3.0
2024-05-10		VFB_00102176	VFB_00101567	11	3	0.0
2024-05-10		VFB_00102179		7	2	1.0
2024-05-10		VFB_00102179	VFB_00101567	7	3	0.0
2024-05-10		VFB_00102185		4	1	0.0
2024-05-10		VFB_00102185	VFB_00101567	4	1	0.0
2024-05-10		VFB_00102190		4	1	3.0
2024-05-10		VFB_00102190	VFB_00101567	4	1	0.0
2024-05-10		VFB_00102271		9	1	0.0
2024-05-10		VFB_00102271	VFB_00101567	8	1	0.0
2024-05-10		VFB_00102276		4	1	18.0
2024-05-10		VFB_00102276	VFB_00101567	3	1	0.0
2024-05-10		VFB_00102efk		4	1	0.0
2024-05-10		VFB_00102efk	VFB_00120000	2	1	0.0
2024-05-10		VFB_00102efk	VFB_00200000	2	1	0.0
2024-05-10		VFB_jrchjzxu		59	1	177.0
2024-05-10		VFB_jrchjzxu	VFB_00101567	56	4	0.0
2024-05-10		VFB_jrchjzxv		43	1	89.0
2024-05-10		VFB_jrchjzxv	VFB_00101567	41	3	0.0
2024-05-10		VFB_jrchk87g		1	1	0.0
2024-05-10		VFB_jrchk87g	VFB_00101567	1	1	0.0
2024-05-10		VFB_jrcv0jqg		4	1	2.0
2024-05-10		VFB_jrcv0jqg	VFB_00101567	3	1	0.0
2024-05-10		VFB_jrcv0jqg	VFB_00200000	1	1	0.0
2024-05-10		VFBexp_FBtp0022		2	1	0.0
2024-05-10		VFBexp_FBtp0022	VFB_00101567	2	1	0.0
2024-05-10		VFBexp_FBtp0058		6	5	23.0
2024-05-10		VFBexp_FBtp0058	VFB_00101567	6	5	0.0
2024-05-10		VFBexp_FBtp0062		1	1	0.0
2024-05-10		VFBexp_FBtp0062	VFB_00101567	1	1	0.0
2024-05-10		VFBexp_FBtp0099		21	3	12.0
2024-05-10		VFBexp_FBtp0099	VFB_00101567	20	5	0.0
2024-05-10	v2.virtualflybrain.org	FBbt_00003624	VFB_00101567	0	1	0.0
2024-05-10	v2.virtualflybrain.org	FBbt_00003668	VFB_00101567	0	2	48.0
2024-05-10	v2.virtualflybrain.org	FBbt_00003679	VFB_00101567	0	2	143.0
2024-05-10	v2.virtualflybrain.org	FBbt_00003681	VFB_00101567	0	2	77.0
2024-05-10	v2.virtualflybrain.org	FBbt_00003684	VFB_00101567	0	1	2.0
2024-05-10	v2.virtualflybrain.org	FBbt_00003704	VFB_00101567	0	2	55.0
2024-05-10	v2.virtualflybrain.org	FBbt_00003910	VFB_00101567	0	2	47.0
2024-05-10	v2.virtualflybrain.org	FBbt_00003982	VFB_00101567	0	1	58.0
2024-05-10	v2.virtualflybrain.org	FBbt_00004045	VFB_00101567	0	2	310.0
2024-05-10	v2.virtualflybrain.org	FBbt_00007050	VFB_00101567	0	1	5.0
2024-05-10	v2.virtualflybrain.org	FBbt_00007053	VFB_00101567	0	1	116.0
2024-05-10	v2.virtualflybrain.org	FBbt_00007054	VFB_00101567	0	2	5.0
2024-05-10	v2.virtualflybrain.org	FBbt_00007055	VFB_00101567	0	3	1569.0
2024-05-10	v2.virtualflybrain.org	FBbt_00007146	VFB_00101567	0	1	1.0
2024-05-10	v2.virtualflybrain.org	FBbt_00007385	VFB_00101567	0	3	29.0
2024-05-10	v2.virtualflybrain.org	FBbt_00007401	VFB_00101567	0	1	13.0
2024-05-10	v2.virtualflybrain.org	FBbt_00007433	VFB_00101567	0	4	83.0
2024-05-10	v2.virtualflybrain.org	FBbt_00007453	VFB_00101567	0	3	77.0
2024-05-10	v2.virtualflybrain.org	FBbt_00013695	VFB_00101567	0	1	102.0
2024-05-10	v2.virtualflybrain.org	FBbt_00040038	VFB_00101567	0	1	144.0
2024-05-10	v2.virtualflybrain.org	FBbt_00040041	VFB_00101567	0	2	50.0
2024-05-10	v2.virtualflybrain.org	FBbt_00040042	VFB_00101567	0	2	48.0
2024-05-10	v2.virtualflybrain.org	FBbt_00040048	VFB_00101567	0	2	251.0
2024-05-10	v2.virtualflybrain.org	FBbt_00040049	VFB_00101567	0	1	63.0
2024-05-10	v2.virtualflybrain.org	FBbt_00040050	VFB_00101567	0	1	15.0
2024-05-10	v2.virtualflybrain.org	FBbt_00040051	VFB_00101567	0	1	0.0
2024-05-10	v2.virtualflybrain.org	FBbt_00045027	VFB_00101567	0	2	129.0
2024-05-10	v2.virtualflybrain.org	FBbt_00045032	VFB_00101567	4	1	0.0
2024-05-10	v2.virtualflybrain.org	FBbt_00045037	VFB_00101567	0	4	225.0
2024-05-10	v2.virtualflybrain.org	FBbt_00045039	VFB_00101567	0	3	67.0
2024-05-10	v2.virtualflybrain.org	FBbt_00045047	VFB_00101567	0	1	2.0
2024-05-10	v2.virtualflybrain.org	FBbt_00047887	VFB_00101567	0	1	20.0
2024-05-10	v2.virtualflybrain.org	FBbt_00052538	VFB_00101567	16	1	0.0
2024-05-10	v2.virtualflybrain.org	FBbt_00110174	VFB_00100000	2	1	13.0
2024-05-10	v2.virtualflybrain.org	FBbt_00110636	VFB_00101567	0	3	23.0
2024-05-10	v2.virtualflybrain.org	FBbt_00110639	VFB_00101567	0	1	2.0
2024-05-10	v2.virtualflybrain.org	VFB_00021887	VFB_00101567	0	1	29.0
2024-05-10	v2.virtualflybrain.org	VFB_00022087	VFB_00101567	2	2	0.0
2024-05-10	v2.virtualflybrain.org	VFB_00023421	VFB_00101567	0	4	183.0
2024-05-10	v2.virtualflybrain.org	VFB_00023479	VFB_00101567	0	3	5.0
2024-05-10	v2.virtualflybrain.org	VFB_00030867	VFB_00101567	9	1	0.0
2024-05-10	v2.virtualflybrain.org	VFB_00050000	VFB_00050000	1	2	20.0
2024-05-10	v2.virtualflybrain.org	VFB_00066057	VFB_00066057	1	2	2.0
2024-05-10	v2.virtualflybrain.org	VFB_00066057	VFB_00101567	0	1	0.0
2024-05-10	v2.virtualflybrain.org	VFB_00067541	VFB_00101567	1	1	0.0
2024-05-10	v2.virtualflybrain.org	VFB_00069454	VFB_00101567	0	1	152.0
2024-05-10	v2.virtualflybrain.org	VFB_00070004	VFB_00070004	1	1	6.0
2024-05-10	v2.virtualflybrain.org	VFB_00100000	VFB_00100000	0	1	0.0
2024-05-10	v2.virtualflybrain.org	VFB_00100181	VFB_00050000	1	1	1.0
2024-05-10	v2.virtualflybrain.org	VFB_00100181	VFB_00101567	0	2	62.0
2024-05-10	v2.virtualflybrain.org	VFB_001001dq	VFB_00101567	0	1	96.0
2024-05-10	v2.virtualflybrain.org	VFB_00100zox	VFB_00101567	0	1	0.0
2024-05-10	v2.virtualflybrain.org	VFB_00101031	VFB_00050000	2	1	20.0
2024-05-10	v2.virtualflybrain.org	VFB_001012qa	VFB_00101567	24	1	0.0
2024-05-10	v2.virtualflybrain.org	VFB_0010145c	VFB_00101567	1	1	0.0
2024-05-10	v2.virtualflybrain.org	VFB_001014q8	VFB_00101567	0	1	26.0
2024-05-10	v2.virtualflybrain.org	VFB_001014uq	VFB_00101567	0	2	7.0
2024-05-10	v2.virtualflybrain.org	VFB_001014uq	VFB_00110000	1	2	7.0
2024-05-10	v2.virtualflybrain.org	VFB_00101567	VFB_00101567	43	50	690.0
2024-05-10	v2.virtualflybrain.org	VFB_00101toh	VFB_00101567	1	1	0.0
2024-05-10	v2.virtualflybrain.org	VFB_00101v2l	VFB_00101567	0	3	81.0
2024-05-10	v2.virtualflybrain.org	VFB_00102114	VFB_00101567	0	1	0.0
2024-05-10	v2.virtualflybrain.org	VFB_00102118	VFB_00101567	0	1	0.0
2024-05-10	v2.virtualflybrain.org	VFB_00102133	VFB_00101567	0	1	0.0
2024-05-10	v2.virtualflybrain.org	VFB_00102134	VFB_00101567	0	2	0.0
2024-05-10	v2.virtualflybrain.org	VFB_00102137	VFB_00101567	0	1	0.0
2024-05-10	v2.virtualflybrain.org	VFB_00102162	VFB_00101567	0	1	0.0
2024-05-10	v2.virtualflybrain.org	VFB_00102170	VFB_00101567	0	1	0.0
2024-05-10	v2.virtualflybrain.org	VFB_00102171	VFB_00101567	0	2	4.0
2024-05-10	v2.virtualflybrain.org	VFB_00102175	VFB_00101567	0	1	0.0
2024-05-10	v2.virtualflybrain.org	VFB_00102176	VFB_00101567	0	2	0.0
2024-05-10	v2.virtualflybrain.org	VFB_00102179	VFB_00101567	0	1	0.0
2024-05-10	v2.virtualflybrain.org	VFB_00102185	VFB_00101567	0	1	0.0
2024-05-10	v2.virtualflybrain.org	VFB_00102190	VFB_00101567	0	1	0.0
2024-05-10	v2.virtualflybrain.org	VFB_00102271	VFB_00101567	0	1	21.0
2024-05-10	v2.virtualflybrain.org	VFB_00102276	VFB_00101567	4	2	120.0
2024-05-10	v2.virtualflybrain.org	VFB_00102efk	VFB_00120000	2	1	0.0
2024-05-10	v2.virtualflybrain.org	VFB_00102efk	VFB_00200000	2	1	5.0
2024-05-10	v2.virtualflybrain.org	VFB_00120000	VFB_00120000	0	1	0.0
2024-05-10	v2.virtualflybrain.org	VFB_00200000	VFB_00200000	0	1	0.0
2024-05-10	v2.virtualflybrain.org	VFB_jrchjzxu	VFB_00101567	0	5	180.0
2024-05-10	v2.virtualflybrain.org	VFB_jrchjzxv	VFB_00101567	0	3	338.0
2024-05-10	v2.virtualflybrain.org	VFB_jrchk87g	VFB_00101567	1	1	0.0
2024-05-10	v2.virtualflybrain.org	VFB_jrcv0jqg	VFB_00101567	0	2	1.0
2024-05-10	v2.virtualflybrain.org	VFB_jrcv0jqg	VFB_00200000	1	2	1.0
2024-05-10	v2.virtualflybrain.org	VFBexp_FBtp0022	VFB_00101567	0	1	13.0
2024-05-10	v2.virtualflybrain.org	VFBexp_FBtp0058		3	3	1.0
2024-05-10	v2.virtualflybrain.org	VFBexp_FBtp0058	VFB_00101567	0	4	81.0
2024-05-10	v2.virtualflybrain.org	VFBexp_FBtp0062		1	1	0.0
2024-05-10	v2.virtualflybrain.org	VFBexp_FBtp0099		4	3	1.0
2024-05-10	v2.virtualflybrain.org	VFBexp_FBtp0099	VFB_00101567	2	6	144.0
2024-05-11		FBbt_00003559		1	1	0.0
2024-05-11		FBbt_00003559	VFB_00101567	1	1	0.0
2024-05-11		FBbt_00003623		4	1	0.0
2024-05-11		FBbt_00003623	VFB_00101567	4	1	0.0
2024-05-11		FBbt_00003624		12	2	0.0
2024-05-11		FBbt_00003624	VFB_00101567	12	2	0.0
2024-05-11		FBbt_00003632		1	1	5.0
2024-05-11		FBbt_00003632	VFB_00101567	1	1	0.0
2024-05-11		FBbt_00003668		1	1	5.0
2024-05-11		FBbt_00003668	VFB_00101567	1	1	0.0
2024-05-11		FBbt_00003681		1	1	5.0
2024-05-11		FBbt_00003681	VFB_00101567	1	1	0.0
2024-05-11		FBbt_00003982		1	1	5.0
2024-05-11		FBbt_00003982	VFB_00101567	2	1	0.0
2024-05-11		FBbt_00004052		11	1	1.0
2024-05-11		FBbt_00004052	VFB_00200000	12	3	0.0
2024-05-11		FBbt_00007147		4	1	0.0
2024-05-11		FBbt_00007147	VFB_00101567	4	1	0.0
2024-05-11		FBbt_00007686		2	1	0.0
2024-05-11		FBbt_00007686	VFB_00101567	2	1	0.0
2024-05-11		FBbt_00013691		1	1	0.0
2024-05-11		FBbt_00013691	VFB_00101567	1	1	0.0
2024-05-11		FBbt_00040002		2	1	0.0
2024-05-11		FBbt_00040002	VFB_00101567	2	1	0.0
2024-05-11		FBbt_00040039		3	1	4.0
2024-05-11		FBbt_00040039	VFB_00101567	2	1	0.0
2024-05-11		FBbt_00040041		1	1	1.0
2024-05-11		FBbt_00040041	VFB_00101567	2	1	0.0
2024-05-11		FBbt_00040043		1	1	0.0
2024-05-11		FBbt_00040043	VFB_00101567	1	1	0.0
2024-05-11		FBbt_00040049		1	1	5.0
2024-05-11		FBbt_00040049	VFB_00101567	1	1	0.0
2024-05-11		FBbt_00045027		3	1	0.0
2024-05-11		FBbt_00045027	VFB_00101567	3	2	0.0
2024-05-11		FBbt_00045030		1	1	0.0
2024-05-11		FBbt_00045030	VFB_00101567	1	1	0.0
2024-05-11		FBbt_00045032		1	1	0.0
2024-05-11		FBbt_00045032	VFB_00101567	1	1	0.0
2024-05-11		FBbt_00047139		4	1	0.0
2024-05-11		FBbt_00047139	VFB_00200000	4	1	0.0
2024-05-11		FBbt_00047140		2	1	7.0
2024-05-11		FBbt_00047140	VFB_00200000	2	1	0.0
2024-05-11		FBbt_00047541		1	1	0.0
2024-05-11		FBbt_00047541	VFB_00200000	1	1	0.0
2024-05-11		FBbt_00047887		1	1	0.0
2024-05-11		FBbt_00047887	VFB_00101567	1	1	0.0
2024-05-11		FBbt_00048307		1	1	0.0
2024-05-11		FBbt_00048307	VFB_00200000	1	1	0.0
2024-05-11		FBbt_00049556		17	1	78.0
2024-05-11		FBbt_00049556	VFB_00100000	2	1	0.0
2024-05-11		FBbt_00049556	VFB_00101567	1	1	0.0
2024-05-11		FBbt_00049556	VFB_00200000	13	2	0.0
2024-05-11		FBbt_00049561		9	1	0.0
2024-05-11		FBbt_00049561	VFB_00100000	2	1	0.0
2024-05-11		FBbt_00049561	VFB_00101567	1	1	0.0
2024-05-11		FBbt_00049561	VFB_00200000	7	2	0.0
2024-05-11		FBbt_00049564		2	1	0.0
2024-05-11		FBbt_00049564	VFB_00200000	2	1	0.0
2024-05-11		FBbt_00052538		14	1	0.0
2024-05-11		FBbt_00052538	VFB_00101567	14	1	0.0
2024-05-11		FBbt_00052632		4	1	0.0
2024-05-11		FBbt_00052632	VFB_00200000	4	2	0.0
2024-05-11		FBbt_00052634		1	1	0.0
2024-05-11		FBbt_00052634	VFB_00200000	1	1	0.0
2024-05-11		FBbt_00100286		1	1	0.0
2024-05-11		FBbt_00100286	VFB_00101567	1	1	0.0
2024-05-11		FBbt_00110000		2	1	7.0
2024-05-11		FBbt_00110000	VFB_00101567	2	1	0.0
2024-05-11		FBbt_00110004		1	1	0.0
2024-05-11		FBbt_00110004	VFB_00101567	1	1	0.0
2024-05-11		FBbt_00110127		1	1	0.0
2024-05-11		FBbt_00110127	VFB_00101567	1	1	0.0
2024-05-11		FBbt_00110173		2	1	0.0
2024-05-11		FBbt_00110173	VFB_00200000	2	1	0.0
2024-05-11		FBbt_00110174		7	2	0.0
2024-05-11		FBbt_00110174	VFB_00100000	5	1	0.0
2024-05-11		FBbt_00110174	VFB_00200000	2	2	0.0
2024-05-11		FBbt_00110175		1	1	0.0
2024-05-11		FBbt_00110175	VFB_00200000	1	1	0.0
2024-05-11		FBbt_00110176		2	1	0.0
2024-05-11		FBbt_00110176	VFB_00100000	1	1	0.0
2024-05-11		FBbt_00110176	VFB_00200000	1	1	0.0
2024-05-11		FBbt_20001291		5	1	0.0
2024-05-11		FBbt_20001291	VFB_00101567	5	1	0.0
2024-05-11		FBbt_20003732		1	1	0.0
2024-05-11		FBbt_20003732	VFB_00101567	1	1	0.0
2024-05-11		VFB_00007279		5	1	4.0
2024-05-11		VFB_00007279	VFB_00101567	5	2	0.0
2024-05-11		VFB_00023397		4	1	6.0
2024-05-11		VFB_00023397	VFB_00101567	4	2	0.0
2024-05-11		VFB_00024946		1	1	0.0
2024-05-11		VFB_00024946	VFB_00101567	1	1	0.0
2024-05-11		VFB_00030867		4	1	0.0
2024-05-11		VFB_00030867	VFB_00101567	4	1	0.0
2024-05-11		VFB_00063441		10	1	65.0
2024-05-11		VFB_00063441	VFB_00101567	9	3	0.0
2024-05-11		VFB_00066564		4	1	4.0
2024-05-11		VFB_00066564	VFB_00101567	4	3	0.0
2024-05-11		VFB_00066615		7	1	8.0
2024-05-11		VFB_00066615	VFB_00101567	7	2	0.0
2024-05-11		VFB_00100000		1	1	5.0
2024-05-11		VFB_00100000	VFB_00100000	2	2	17.0
2024-05-11		VFB_00100001		2	1	3.0
2024-05-11		VFB_00100001	VFB_00100000	2	1	0.0
2024-05-11		VFB_0010003t		2	1	0.0
2024-05-11		VFB_0010003t	VFB_00101567	2	1	0.0
2024-05-11		VFB_001000a7		1	1	0.0
2024-05-11		VFB_001000a7	VFB_00101567	1	1	0.0
2024-05-11		VFB_00100d74		9	1	44.0
2024-05-11		VFB_00100d74	VFB_00200000	9	2	0.0
2024-05-11		VFB_00100vz3		2	1	43.0
2024-05-11		VFB_00100vz3	VFB_00101567	2	1	0.0
2024-05-11		VFB_00101031		1	1	0.0
2024-05-11		VFB_00101031	VFB_00050000	1	1	0.0
2024-05-11		VFB_001012qa		24	1	0.0
2024-05-11		VFB_001012qa	VFB_00101567	24	1	0.0
2024-05-11		VFB_0010140e		2	1	0.0
2024-05-11		VFB_0010140e	VFB_00101567	2	2	0.0
2024-05-11		VFB_00101567		90	14	108.0
2024-05-11		VFB_00101567	VFB_00101567	90	16	43.0
2024-05-11		VFB_00101i1b		3	1	5.0
2024-05-11		VFB_00101i1b	VFB_00101567	2	1	0.0
2024-05-11		VFB_00101i1b	VFB_00200000	1	1	0.0
2024-05-11		VFB_00102137		13	2	0.0
2024-05-11		VFB_00102137	VFB_00101567	13	3	0.0
2024-05-11		VFB_00102146		1	1	0.0
2024-05-11		VFB_00102146	VFB_00101567	1	1	0.0
2024-05-11		VFB_00102154		9	1	3.0
2024-05-11		VFB_00102154	VFB_00101567	9	2	0.0
2024-05-11		VFB_00102179		2	1	3.0
2024-05-11		VFB_00102179	VFB_00101567	2	1	0.0
2024-05-11		VFB_00102212		3	1	0.0
2024-05-11		VFB_00102212	VFB_00101567	2	1	0.0
2024-05-11		VFB_00102214		4	1	0.0
2024-05-11		VFB_00102214	VFB_00101567	5	2	0.0
2024-05-11		VFB_00102244		2	1	0.0
2024-05-11		VFB_00102244	VFB_00050000	2	2	0.0
2024-05-11		VFB_00102273		4	2	0.0
2024-05-11		VFB_00102273	VFB_00101567	4	3	0.0
2024-05-11		VFB_001029jw		1	1	0.0
2024-05-11		VFB_001029jw	VFB_00101567	1	1	0.0
2024-05-11		VFB_001029kd		1	1	0.0
2024-05-11		VFB_001029kd	VFB_00101567	1	1	0.0
2024-05-11		VFB_00102dyq		4	1	3.0
2024-05-11		VFB_00102dyq	VFB_00120000	1	1	0.0
2024-05-11		VFB_00102dyq	VFB_00200000	3	1	0.0
2024-05-11		VFB_00102efk		14	1	2.0
2024-05-11		VFB_00102efk	VFB_00120000	7	1	0.0
2024-05-11		VFB_00102efk	VFB_00200000	7	1	0.0
2024-05-11		VFB_00104649		5	2	3.0
2024-05-11		VFB_00104649	VFB_00200000	5	3	0.0
2024-05-11		VFB_00104652		3	1	12.0
2024-05-11		VFB_00104652	VFB_00200000	2	1	0.0
2024-05-11		VFB_00120000		5	2	2.0
2024-05-11		VFB_00120000	VFB_00120000	6	3	14.0
2024-05-11		VFB_00200000		31	1	26.0
2024-05-11		VFB_00200000	VFB_00200000	34	6	164.0
2024-05-11		VFB_jrchjzxu		7	1	6.0
2024-05-11		VFB_jrchjzxu	VFB_00101384	1	1	0.0
2024-05-11		VFB_jrchjzxu	VFB_00101567	6	2	0.0
2024-05-11		VFB_jrchk87g		1	1	0.0
2024-05-11		VFB_jrchk87g	VFB_00101567	1	1	0.0
2024-05-11		VFB_jrcv0jqg		12	2	2.0
2024-05-11		VFB_jrcv0jqg	VFB_00101567	6	2	0.0
2024-05-11		VFB_jrcv0jqg	VFB_00200000	6	2	0.0
2024-05-11		VFBexp_FBtp0057		1	1	0.0
2024-05-11		VFBexp_FBtp0057	VFB_00101567	1	1	0.0
2024-05-11		VFBexp_FBtp0058		3	1	0.0
2024-05-11		VFBexp_FBtp0058	VFB_00100000	1	1	0.0
2024-05-11		VFBexp_FBtp0058	VFB_00200000	2	1	0.0
2024-05-11		VFBexp_FBtp0060		3	1	0.0
2024-05-11		VFBexp_FBtp0060	VFB_00101567	3	1	0.0
2024-05-11		VFBexp_FBtp0063		1	1	0.0
2024-05-11		VFBexp_FBtp0063	VFB_00101567	1	1	0.0
2024-05-11		VFBexp_FBtp0099		9	2	5.0
2024-05-11		VFBexp_FBtp0099	VFB_00101567	10	2	0.0
2024-05-11	v2.virtualflybrain.org	FBbt_00003559	VFB_00101567	0	1	20.0
2024-05-11	v2.virtualflybrain.org	FBbt_00003623	VFB_00101567	0	1	7.0
2024-05-11	v2.virtualflybrain.org	FBbt_00003624	VFB_00101567	0	4	50.0
2024-05-11	v2.virtualflybrain.org	FBbt_00003632	VFB_00101567	0	1	1.0
2024-05-11	v2.virtualflybrain.org	FBbt_00003668	VFB_00101567	0	1	1.0
2024-05-11	v2.virtualflybrain.org	FBbt_00003681	VFB_00101567	2	3	56.0
2024-05-11	v2.virtualflybrain.org	FBbt_00003982	VFB_00101567	0	1	41.0
2024-05-11	v2.virtualflybrain.org	FBbt_00004052	VFB_00200000	1	3	128.0
2024-05-11	v2.virtualflybrain.org	FBbt_00007147	VFB_00101567	0	1	3.0
2024-05-11	v2.virtualflybrain.org	FBbt_00007686	VFB_00101567	0	1	23.0
2024-05-11	v2.virtualflybrain.org	FBbt_00013691	VFB_00101567	0	1	41.0
2024-05-11	v2.virtualflybrain.org	FBbt_00040002	VFB_00101567	0	1	2.0
2024-05-11	v2.virtualflybrain.org	FBbt_00040039	VFB_00101567	0	1	3.0
2024-05-11	v2.virtualflybrain.org	FBbt_00040041	VFB_00101567	0	1	3.0
2024-05-11	v2.virtualflybrain.org	FBbt_00040043	VFB_00101567	0	1	43.0
2024-05-11	v2.virtualflybrain.org	FBbt_00040049	VFB_00101567	0	1	3.0
2024-05-11	v2.virtualflybrain.org	FBbt_00045027	VFB_00101567	1	2	34.0
2024-05-11	v2.virtualflybrain.org	FBbt_00045030	VFB_00101567	0	1	3.0
2024-05-11	v2.virtualflybrain.org	FBbt_00045032	VFB_00101567	1	1	0.0
2024-05-11	v2.virtualflybrain.org	FBbt_00047139	VFB_00200000	0	1	38.0
2024-05-11	v2.virtualflybrain.org	FBbt_00047140	VFB_00200000	0	1	0.0
2024-05-11	v2.virtualflybrain.org	FBbt_00047541	VFB_00200000	0	1	8.0
2024-05-11	v2.virtualflybrain.org	FBbt_00047887	VFB_00101567	0	1	5.0
2024-05-11	v2.virtualflybrain.org	FBbt_00048307	VFB_00200000	0	1	214.0
2024-05-11	v2.virtualflybrain.org	FBbt_00049556	VFB_00100000	0	1	7.0
2024-05-11	v2.virtualflybrain.org	FBbt_00049556	VFB_00101567	0	1	114.0
2024-05-11	v2.virtualflybrain.org	FBbt_00049556	VFB_00200000	1	4	1407.0
2024-05-11	v2.virtualflybrain.org	FBbt_00049561	VFB_00100000	0	1	8.0
2024-05-11	v2.virtualflybrain.org	FBbt_00049561	VFB_00101567	0	1	202.0
2024-05-11	v2.virtualflybrain.org	FBbt_00049561	VFB_00200000	0	2	261.0
2024-05-11	v2.virtualflybrain.org	FBbt_00049564	VFB_00200000	0	1	56.0
2024-05-11	v2.virtualflybrain.org	FBbt_00052538	VFB_00101567	14	1	0.0
2024-05-11	v2.virtualflybrain.org	FBbt_00052632	VFB_00200000	0	3	78.0
2024-05-11	v2.virtualflybrain.org	FBbt_00052634	VFB_00200000	0	1	20.0
2024-05-11	v2.virtualflybrain.org	FBbt_00100286	VFB_00101567	0	1	55.0
2024-05-11	v2.virtualflybrain.org	FBbt_00110000	VFB_00101567	0	2	20.0
2024-05-11	v2.virtualflybrain.org	FBbt_00110004	VFB_00101567	0	1	31.0
2024-05-11	v2.virtualflybrain.org	FBbt_00110127	VFB_00101567	0	1	23.0
2024-05-11	v2.virtualflybrain.org	FBbt_00110173	VFB_00200000	0	1	24.0
2024-05-11	v2.virtualflybrain.org	FBbt_00110174	VFB_00100000	5	1	0.0
2024-05-11	v2.virtualflybrain.org	FBbt_00110174	VFB_00200000	0	2	6.0
2024-05-11	v2.virtualflybrain.org	FBbt_00110175	VFB_00200000	0	1	12.0
2024-05-11	v2.virtualflybrain.org	FBbt_00110176	VFB_00100000	0	1	4.0
2024-05-11	v2.virtualflybrain.org	FBbt_00110176	VFB_00200000	0	1	65.0
2024-05-11	v2.virtualflybrain.org	FBbt_20001291	VFB_00101567	6	1	0.0
2024-05-11	v2.virtualflybrain.org	FBbt_20003732	VFB_00101567	0	1	26.0
2024-05-11	v2.virtualflybrain.org	VFB_00007279	VFB_00101567	1	2	10.0
2024-05-11	v2.virtualflybrain.org	VFB_00023397	VFB_00101567	1	3	0.0
2024-05-11	v2.virtualflybrain.org	VFB_00024946	VFB_00101567	0	1	20.0
2024-05-11	v2.virtualflybrain.org	VFB_00030867	VFB_00101567	4	1	0.0
2024-05-11	v2.virtualflybrain.org	VFB_00050000	VFB_00050000	0	2	0.0
2024-05-11	v2.virtualflybrain.org	VFB_00063441	VFB_00101567	0	3	344.0
2024-05-11	v2.virtualflybrain.org	VFB_00066564	VFB_00101567	1	3	33.0
2024-05-11	v2.virtualflybrain.org	VFB_00066615	VFB_00101567	2	3	30.0
2024-05-11	v2.virtualflybrain.org	VFB_00068418	VFB_00101567	1	1	19.0
2024-05-11	v2.virtualflybrain.org	VFB_00100000	VFB_00100000	1	3	0.0
2024-05-11	v2.virtualflybrain.org	VFB_00100001	VFB_00100000	0	2	20.0
2024-05-11	v2.virtualflybrain.org	VFB_0010003t	VFB_00101567	0	1	77.0
2024-05-11	v2.virtualflybrain.org	VFB_001000a7	VFB_00101567	0	1	7.0
2024-05-11	v2.virtualflybrain.org	VFB_00100d74	VFB_00200000	0	2	0.0
2024-05-11	v2.virtualflybrain.org	VFB_00100vz3	VFB_00101567	0	2	22.0
2024-05-11	v2.virtualflybrain.org	VFB_00101031	VFB_00050000	1	1	0.0
2024-05-11	v2.virtualflybrain.org	VFB_001012qa	VFB_00101567	24	1	0.0
2024-05-11	v2.virtualflybrain.org	VFB_0010140e	VFB_00101567	0	2	31.0
2024-05-11	v2.virtualflybrain.org	VFB_00101567	VFB_00101567	55	35	326.0
2024-05-11	v2.virtualflybrain.org	VFB_00101i1b	VFB_00101567	0	2	23.0
2024-05-11	v2.virtualflybrain.org	VFB_00101i1b	VFB_00200000	1	2	0.0
2024-05-11	v2.virtualflybrain.org	VFB_00102137	VFB_00101567	0	2	4.0
2024-05-11	v2.virtualflybrain.org	VFB_00102146	VFB_00101567	0	1	0.0
2024-05-11	v2.virtualflybrain.org	VFB_00102154	VFB_00101567	0	2	13.0
2024-05-11	v2.virtualflybrain.org	VFB_00102179	VFB_00101567	0	1	0.0
2024-05-11	v2.virtualflybrain.org	VFB_00102212	VFB_00101567	0	1	15.0
2024-05-11	v2.virtualflybrain.org	VFB_00102214	VFB_00101567	0	1	0.0
2024-05-11	v2.virtualflybrain.org	VFB_00102244	VFB_00050000	1	2	33.0
2024-05-11	v2.virtualflybrain.org	VFB_00102273	VFB_00101567	0	1	14.0
2024-05-11	v2.virtualflybrain.org	VFB_001029jw	VFB_00101567	0	2	18.0
2024-05-11	v2.virtualflybrain.org	VFB_001029kd	VFB_00101567	0	1	2.0
2024-05-11	v2.virtualflybrain.org	VFB_00102dyq	VFB_00120000	1	2	0.0
2024-05-11	v2.virtualflybrain.org	VFB_00102dyq	VFB_00200000	1	2	67.0
2024-05-11	v2.virtualflybrain.org	VFB_00102efk	VFB_00120000	7	3	7.0
2024-05-11	v2.virtualflybrain.org	VFB_00102efk	VFB_00200000	4	2	110.0
2024-05-11	v2.virtualflybrain.org	VFB_00104649	VFB_00200000	0	1	0.0
2024-05-11	v2.virtualflybrain.org	VFB_00104652	VFB_00200000	0	1	0.0
2024-05-11	v2.virtualflybrain.org	VFB_00120000	VFB_00120000	1	5	57.0
2024-05-11	v2.virtualflybrain.org	VFB_00200000	VFB_00200000	2	13	118.0
2024-05-11	v2.virtualflybrain.org	VFB_jrchjzxu	VFB_00101384	2	3	20.0
2024-05-11	v2.virtualflybrain.org	VFB_jrchjzxu	VFB_00101567	0	3	45.0
2024-05-11	v2.virtualflybrain.org	VFB_jrchk87g	VFB_00101567	1	1	0.0
2024-05-11	v2.virtualflybrain.org	VFB_jrcv0jqg	VFB_00101567	4	3	9.0
2024-05-11	v2.virtualflybrain.org	VFB_jrcv0jqg	VFB_00200000	6	4	2.0
2024-05-11	v2.virtualflybrain.org	VFBexp_FBtp0057		1	1	1.0
2024-05-11	v2.virtualflybrain.org	VFBexp_FBtp0058	VFB_00100000	0	1	77.0
2024-05-11	v2.virtualflybrain.org	VFBexp_FBtp0058	VFB_00200000	0	1	51.0
2024-05-11	v2.virtualflybrain.org	VFBexp_FBtp0060		2	1	1.0
2024-05-11	v2.virtualflybrain.org	VFBexp_FBtp0060	VFB_00101567	1	1	2.0
2024-05-11	v2.virtualflybrain.org	VFBexp_FBtp0063	VFB_00101567	1	1	14.0
2024-05-11	v2.virtualflybrain.org	VFBexp_FBtp0099	VFB_00101567	7	2	31.0
2024-05-11	v2.virtualflybrain.org	VFBexp_FBtp0105		1	1	5.0
2024-05-12		FBbt_00003007		1	1	0.0
2024-05-12		FBbt_00003007	VFB_00101567	1	1	0.0
2024-05-12		FBbt_00003623		1	1	0.0
2024-05-12		FBbt_00003623	VFB_00101567	1	1	0.0
2024-05-12		FBbt_00003624		7	3	33.0
2024-05-12		FBbt_00003624	VFB_00101567	12	4	0.0
2024-05-12		FBbt_00003680		3	1	0.0
2024-05-12		FBbt_00003680	VFB_00101567	3	1	0.0
2024-05-12		FBbt_00003681		14	2	5.0
2024-05-12		FBbt_00003681	VFB_00101567	14	2	0.0
2024-05-12		FBbt_00003701		2	1	5.0
2024-05-12		FBbt_00003701	VFB_00101567	1	1	0.0
2024-05-12		FBbt_00003731		11	1	20.0
2024-05-12		FBbt_00003731	VFB_00101567	14	2	0.0
2024-05-12		FBbt_00003736		4	1	20.0
2024-05-12		FBbt_00003736	VFB_00101567	4	2	0.0
2024-05-12		FBbt_00003748		3	2	10.0
2024-05-12		FBbt_00003748	VFB_00101567	3	2	0.0
2024-05-12		FBbt_00003910		5	1	95.0
2024-05-12		FBbt_00003910	VFB_00101567	5	1	0.0
2024-05-12		FBbt_00004052		3	1	5.0
2024-05-12		FBbt_00004052	VFB_00200000	3	2	0.0
2024-05-12		FBbt_00005123		3	1	0.0
2024-05-12		FBbt_00005123	VFB_00101567	3	2	0.0
2024-05-12		FBbt_00007050		3	1	0.0
2024-05-12		FBbt_00007050	VFB_00101567	4	1	0.0
2024-05-12		FBbt_00007059		2	1	4.0
2024-05-12		FBbt_00007059	VFB_00101567	2	1	0.0
2024-05-12		FBbt_00007145		2	1	0.0
2024-05-12		FBbt_00007145	VFB_00101567	2	1	0.0
2024-05-12		FBbt_00007146		3	1	0.0
2024-05-12		FBbt_00007146	VFB_00101567	3	1	0.0
2024-05-12		FBbt_00007401		1	1	4.0
2024-05-12		FBbt_00007401	VFB_00101567	2	1	0.0
2024-05-12		FBbt_00040037		2	1	0.0
2024-05-12		FBbt_00040037	VFB_00101567	1	1	0.0
2024-05-12		FBbt_00040041		1	1	5.0
2024-05-12		FBbt_00040041	VFB_00101384	1	1	0.0
2024-05-12		FBbt_00045030		1	1	5.0
2024-05-12		FBbt_00045030	VFB_00101567	1	1	0.0
2024-05-12		FBbt_00045040		2	1	2.0
2024-05-12		FBbt_00045040	VFB_00101567	2	1	0.0
2024-05-12		FBbt_00045047		1	1	1.0
2024-05-12		FBbt_00045047	VFB_00101567	1	1	0.0
2024-05-12		FBbt_00045050		1	1	4.0
2024-05-12		FBbt_00045050	VFB_00101567	1	1	0.0
2024-05-12		FBbt_00047887		7	2	0.0
2024-05-12		FBbt_00047887	VFB_00101567	8	3	0.0
2024-05-12		FBbt_00048274		3	1	0.0
2024-05-12		FBbt_00048274	VFB_00120000	3	2	0.0
2024-05-12		FBbt_00049556		2	1	0.0
2024-05-12		FBbt_00049556	VFB_00200000	2	1	0.0
2024-05-12		FBbt_00049561		3	1	0.0
2024-05-12		FBbt_00049561	VFB_00200000	3	1	0.0
2024-05-12		FBbt_00052585		1	1	0.0
2024-05-12		FBbt_00052585	VFB_00120000	1	1	0.0
2024-05-12		FBbt_00057001		2	1	0.0
2024-05-12		FBbt_00057001	VFB_00101567	2	1	0.0
2024-05-12		FBbt_00110174		2	1	0.0
2024-05-12		FBbt_00110174	VFB_00100000	2	1	0.0
2024-05-12		FBbt_00110636		4	2	0.0
2024-05-12		FBbt_00110636	VFB_00101567	4	2	0.0
2024-05-12		FBbt_00111288		11	1	1.0
2024-05-12		FBbt_00111288	VFB_00101567	11	1	0.0
2024-05-12		FBbt_00111289		17	1	1.0
2024-05-12		FBbt_00111289	VFB_00101567	17	4	0.0
2024-05-12		FBbt_00111307		4	1	0.0
2024-05-12		FBbt_00111307	VFB_00101567	4	2	0.0
2024-05-12		FBbt_00111308		4	2	0.0
2024-05-12		FBbt_00111308	VFB_00101567	4	4	0.0
2024-05-12		FBbt_10000000		1	1	0.0
2024-05-12		FBbt_10000000	VFB_00101567	1	1	0.0
2024-05-12		FBbt_20001291		1	1	0.0
2024-05-12		FBbt_20001291	VFB_00101567	1	1	0.0
2024-05-12		VFB_00007279		1	1	0.0
2024-05-12		VFB_00007279	VFB_00101567	1	1	0.0
2024-05-12		VFB_00030870		7	1	2.0
2024-05-12		VFB_00030870	VFB_00017894	1	1	0.0
2024-05-12		VFB_00030870	VFB_00101567	6	1	0.0
2024-05-12		VFB_00030871		3	1	13.0
2024-05-12		VFB_00030871	VFB_00101567	3	1	0.0
2024-05-12		VFB_00050000	VFB_00050000	1	1	0.0
2024-05-12		VFB_00050328		7	1	7.0
2024-05-12		VFB_00050328	VFB_00049000	1	1	0.0
2024-05-12		VFB_00050328	VFB_00050000	6	1	0.0
2024-05-12		VFB_00065468		1	1	7.0
2024-05-12		VFB_00065468	VFB_00101567	1	1	0.0
2024-05-12		VFB_00067812		2	1	0.0
2024-05-12		VFB_00067812	VFB_00101567	2	1	0.0
2024-05-12		VFB_00069062		2	1	0.0
2024-05-12		VFB_00069062	VFB_00200000	2	1	0.0
2024-05-12		VFB_00100614		2	1	0.0
2024-05-12		VFB_00100614	VFB_00200000	2	1	0.0
2024-05-12		VFB_00100772		2	1	0.0
2024-05-12		VFB_00100772	VFB_00200000	2	1	0.0
2024-05-12		VFB_00100773		2	1	0.0
2024-05-12		VFB_00100773	VFB_00200000	2	1	0.0
2024-05-12		VFB_00100803		3	1	1.0
2024-05-12		VFB_00100803	VFB_00050000	1	1	0.0
2024-05-12		VFB_00100803	VFB_00101567	2	1	0.0
2024-05-12		VFB_00100chw		2	2	0.0
2024-05-12		VFB_00100chw	VFB_00200000	2	2	0.0
2024-05-12		VFB_00100v26		1	1	8.0
2024-05-12		VFB_00100v26	VFB_00101567	1	1	0.0
2024-05-12		VFB_001012qa		24	1	0.0
2024-05-12		VFB_001012qa	VFB_00101567	24	1	0.0
2024-05-12		VFB_001014re		7	1	43.0
2024-05-12		VFB_001014re	VFB_00101567	7	2	0.0
2024-05-12		VFB_001014s3		7	1	80.0
2024-05-12		VFB_001014s3	VFB_00101567	7	3	0.0
2024-05-12		VFB_001014sc		7	1	22.0
2024-05-12		VFB_001014sc	VFB_00101567	7	2	0.0
2024-05-12		VFB_001014uq		8	2	29.0
2024-05-12		VFB_001014uq	VFB_00101567	7	2	0.0
2024-05-12		VFB_001014uq	VFB_00110000	1	1	0.0
2024-05-12		VFB_00101564		8	1	1.0
2024-05-12		VFB_00101564	VFB_00050000	1	1	0.0
2024-05-12		VFB_00101564	VFB_00101567	7	1	0.0
2024-05-12		VFB_00101567		166	16	482.0
2024-05-12		VFB_00101567	VFB_00101567	176	34	81.0
2024-05-12		VFB_001015cr		2	1	0.0
2024-05-12		VFB_001015cr	VFB_00200000	2	1	0.0
2024-05-12		VFB_00101vlb		18	1	10.0
2024-05-12		VFB_00101vlb	VFB_00101567	13	2	0.0
2024-05-12		VFB_001020pm		1	1	0.0
2024-05-12		VFB_001020pm	VFB_00200000	1	1	0.0
2024-05-12		VFB_0010210b		1	1	0.0
2024-05-12		VFB_0010210b	VFB_00200000	1	1	0.0
2024-05-12		VFB_00102159		5	1	5.0
2024-05-12		VFB_00102159	VFB_00101567	5	2	0.0
2024-05-12		VFB_00102244		1	1	0.0
2024-05-12		VFB_00102244	VFB_00050000	1	1	0.0
2024-05-12		VFB_00102271		3	1	0.0
2024-05-12		VFB_00102271	VFB_00101567	2	2	0.0
2024-05-12		VFB_00102275		17	2	0.0
2024-05-12		VFB_00102275	VFB_00101567	17	3	0.0
2024-05-12		VFB_00102276		2	1	2.0
2024-05-12		VFB_00102276	VFB_00101567	3	2	0.0
2024-05-12		VFB_0010281n		13	1	5.0
2024-05-12		VFB_0010281n	VFB_00200000	23	3	0.0
2024-05-12		VFB_0010281z		1	1	0.0
2024-05-12		VFB_0010281z	VFB_00200000	6	1	0.0
2024-05-12		VFB_0010284f		1	1	0.0
2024-05-12		VFB_0010284f	VFB_00200000	1	1	0.0
2024-05-12		VFB_0010289e		1	1	0.0
2024-05-12		VFB_0010289e	VFB_00200000	1	1	0.0
2024-05-12		VFB_001028b5		1	1	0.0
2024-05-12		VFB_001028b5	VFB_00200000	1	1	0.0
2024-05-12		VFB_001028l1		1	1	0.0
2024-05-12		VFB_001028l1	VFB_00200000	1	1	0.0
2024-05-12		VFB_001028l2		1	1	0.0
2024-05-12		VFB_001028l2	VFB_00200000	1	1	0.0
2024-05-12		VFB_001028lq		5	1	0.0
2024-05-12		VFB_001028lq	VFB_00200000	5	2	0.0
2024-05-12		VFB_001028lr		9	1	8.0
2024-05-12		VFB_001028lr	VFB_00200000	9	6	0.0
2024-05-12		VFB_001028ls		9	1	3.0
2024-05-12		VFB_001028ls	VFB_00050000	3	2	0.0
2024-05-12		VFB_001028ls	VFB_00200000	6	2	0.0
2024-05-12		VFB_001028lt		36	1	470.0
2024-05-12		VFB_001028lt	VFB_00200000	21	7	0.0
2024-05-12		VFB_001028lu		2	1	0.0
2024-05-12		VFB_001028lu	VFB_00200000	2	2	0.0
2024-05-12		VFB_001028lv		1	1	0.0
2024-05-12		VFB_001028lv	VFB_00200000	1	1	0.0
2024-05-12		VFB_001028ly		1	1	0.0
2024-05-12		VFB_001028ly	VFB_00200000	1	1	0.0
2024-05-12		VFB_001029mh		10	1	19.0
2024-05-12		VFB_001029mh	VFB_00101567	5	3	0.0
2024-05-12		VFB_00102dyq		6	1	2.0
2024-05-12		VFB_00102dyq	VFB_00120000	1	1	0.0
2024-05-12		VFB_00102dyq	VFB_00200000	5	1	0.0
2024-05-12		VFB_00102efi		2	1	0.0
2024-05-12		VFB_00102efi	VFB_00200000	2	1	0.0
2024-05-12		VFB_00102efk		2	1	0.0
2024-05-12		VFB_00102efk	VFB_00120000	2	1	0.0
2024-05-12		VFB_00102eis		2	1	0.0
2024-05-12		VFB_00102eis	VFB_00200000	2	1	0.0
2024-05-12		VFB_00102elm		5	1	5.0
2024-05-12		VFB_00102elm	VFB_00017894	2	1	0.0
2024-05-12		VFB_00102elm	VFB_00050000	3	1	0.0
2024-05-12		VFB_00102f5d		2	1	0.0
2024-05-12		VFB_00102f5d	VFB_00200000	2	1	0.0
2024-05-12		VFB_00104282		4	1	8.0
2024-05-12		VFB_00104282	VFB_00200000	4	1	0.0
2024-05-12		VFB_00200000		5	1	7.0
2024-05-12		VFB_00200000	VFB_00200000	10	5	30.0
2024-05-12		VFB_jrchjzxu		3	1	0.0
2024-05-12		VFB_jrchjzxu	VFB_00101384	2	1	0.0
2024-05-12		VFB_jrchjzxu	VFB_00101567	1	1	0.0
2024-05-12		VFB_jrchk0ve		26	2	61.0
2024-05-12		VFB_jrchk0ve	VFB_00101384	5	1	0.0
2024-05-12		VFB_jrchk0ve	VFB_00101567	25	5	0.0
2024-05-12		VFB_jrchk7jr		1	1	0.0
2024-05-12		VFB_jrchk7jr	VFB_00101567	1	1	0.0
2024-05-12		VFB_jrchk7jz		3	1	13.0
2024-05-12		VFB_jrchk7jz	VFB_00101567	3	2	0.0
2024-05-12		VFB_jrcv0jqg		2	1	4.0
2024-05-12		VFB_jrcv0jqg	VFB_00200000	2	1	0.0
2024-05-12		VFB_jrcvg99v		1	1	0.0
2024-05-12		VFB_jrcvg99v	VFB_00200000	1	1	0.0
2024-05-12		VFB_jrcvgojy		1	1	0.0
2024-05-12		VFB_jrcvgojy	VFB_00200000	1	1	0.0
2024-05-12		VFB_jrcvimrw		1	1	0.0
2024-05-12		VFB_jrcvimrw	VFB_00200000	1	1	0.0
2024-05-12		VFB_jrcvkwuq		1	1	0.0
2024-05-12		VFB_jrcvkwuq	VFB_00200000	1	1	0.0
2024-05-12		VFB_jrcvlozt		5	1	0.0
2024-05-12		VFB_jrcvlozt	VFB_00200000	5	2	0.0
2024-05-12		VFB_jrcvm1f1		1	1	0.0
2024-05-12		VFB_jrcvm1f1	VFB_00200000	1	1	0.0
2024-05-12		VFB_jrcvn6sd		5	1	78.0
2024-05-12		VFB_jrcvn6sd	VFB_00200000	5	2	0.0
2024-05-12		VFB_jrcvn72r		2	1	0.0
2024-05-12		VFB_jrcvn72r	VFB_00200000	2	2	0.0
2024-05-12		VFB_jrcvnlw8		1	1	0.0
2024-05-12		VFB_jrcvnlw8	VFB_00200000	1	1	0.0
2024-05-12		VFBexp_FBtp0023		4	1	11.0
2024-05-12		VFBexp_FBtp0023	VFB_00101567	4	1	0.0
2024-05-12		VFBexp_FBtp0057		1	1	0.0
2024-05-12		VFBexp_FBtp0057	VFB_00101567	1	1	0.0
2024-05-12		VFBexp_FBtp0058		3	1	0.0
2024-05-12		VFBexp_FBtp0058	VFB_00101567	3	2	0.0
2024-05-12		VFBexp_FBtp0060		1	1	1.0
2024-05-12		VFBexp_FBtp0060	VFB_00101567	1	1	0.0
2024-05-12		VFBexp_FBtp0061		1	1	0.0
2024-05-12		VFBexp_FBtp0061	VFB_00101567	1	1	0.0
2024-05-12		VFBexp_FBtp0099		5	2	1.0
2024-05-12		VFBexp_FBtp0099	VFB_00101567	5	2	0.0
2024-05-12		VFBexp_FBtp0121		22	3	328.0
2024-05-12		VFBexp_FBtp0121	VFB_00101567	23	5	0.0
2024-05-12		VFBexp_FBtp0122		4	1	13.0
2024-05-12		VFBexp_FBtp0122	VFB_00101567	5	2	0.0
2024-05-12		VFBexp_FBtp0123		2	1	0.0
2024-05-12		VFBexp_FBtp0123	VFB_00101567	7	2	0.0
2024-05-12		VFBexp_FBtp0124		6	1	26.0
2024-05-12		VFBexp_FBtp0124	VFB_00101567	6	2	0.0
2024-05-12		VFBexp_FBtp0144		2	1	18.0
2024-05-12		VFBexp_FBtp0144	VFB_00101567	2	1	0.0
2024-05-12		VFBext_0000010		2	1	12.0
2024-05-12		VFBext_0000010	VFB_00101567	2	1	0.0
2024-05-12	v2.virtualflybrain.org	FBbt_00003007	VFB_00101567	0	1	3.0
2024-05-12	v2.virtualflybrain.org	FBbt_00003623	VFB_00101567	0	1	10.0
2024-05-12	v2.virtualflybrain.org	FBbt_00003624	VFB_00101567	0	5	33.0
2024-05-12	v2.virtualflybrain.org	FBbt_00003680	VFB_00101567	0	1	15.0
2024-05-12	v2.virtualflybrain.org	FBbt_00003681	VFB_00101567	0	2	11.0
2024-05-12	v2.virtualflybrain.org	FBbt_00003701	VFB_00101567	0	1	0.0
2024-05-12	v2.virtualflybrain.org	FBbt_00003731	VFB_00101567	0	2	280.0
2024-05-12	v2.virtualflybrain.org	FBbt_00003736	VFB_00101567	0	3	55.0
2024-05-12	v2.virtualflybrain.org	FBbt_00003748	VFB_00101567	0	3	43.0
2024-05-12	v2.virtualflybrain.org	FBbt_00003871	VFB_00101567	0	2	136.0
2024-05-12	v2.virtualflybrain.org	FBbt_00003910	VFB_00101567	0	2	13.0
2024-05-12	v2.virtualflybrain.org	FBbt_00004052	VFB_00200000	2	2	79.0
2024-05-12	v2.virtualflybrain.org	FBbt_00005123	VFB_00101567	0	3	31.0
2024-05-12	v2.virtualflybrain.org	FBbt_00007050	VFB_00101567	0	1	34.0
2024-05-12	v2.virtualflybrain.org	FBbt_00007059	VFB_00101567	0	1	0.0
2024-05-12	v2.virtualflybrain.org	FBbt_00007145	VFB_00101567	0	1	0.0
2024-05-12	v2.virtualflybrain.org	FBbt_00007146	VFB_00101567	0	2	27.0
2024-05-12	v2.virtualflybrain.org	FBbt_00007401	VFB_00101567	0	1	2.0
2024-05-12	v2.virtualflybrain.org	FBbt_00007516	VFB_00101567	0	1	78.0
2024-05-12	v2.virtualflybrain.org	FBbt_00040037	VFB_00101567	0	1	2.0
2024-05-12	v2.virtualflybrain.org	FBbt_00040041	VFB_00101384	0	1	64.0
2024-05-12	v2.virtualflybrain.org	FBbt_00045030	VFB_00101567	0	1	36.0
2024-05-12	v2.virtualflybrain.org	FBbt_00045040	VFB_00101567	0	2	136.0
2024-05-12	v2.virtualflybrain.org	FBbt_00045047	VFB_00101567	0	1	1.0
2024-05-12	v2.virtualflybrain.org	FBbt_00045050	VFB_00101567	0	2	0.0
2024-05-12	v2.virtualflybrain.org	FBbt_00045051	VFB_00101567	0	1	6.0
2024-05-12	v2.virtualflybrain.org	FBbt_00047887	VFB_00101567	0	3	33.0
2024-05-12	v2.virtualflybrain.org	FBbt_00048274	VFB_00120000	2	3	15.0
2024-05-12	v2.virtualflybrain.org	FBbt_00049556	VFB_00200000	2	1	0.0
2024-05-12	v2.virtualflybrain.org	FBbt_00049561	VFB_00200000	2	2	32.0
2024-05-12	v2.virtualflybrain.org	FBbt_00052585	VFB_00120000	0	1	20.0
2024-05-12	v2.virtualflybrain.org	FBbt_00057001	VFB_00101567	0	1	37.0
2024-05-12	v2.virtualflybrain.org	FBbt_00110174	VFB_00100000	2	1	0.0
2024-05-12	v2.virtualflybrain.org	FBbt_00110636	VFB_00101567	0	3	20.0
2024-05-12	v2.virtualflybrain.org	FBbt_00111288		4	1	7.0
2024-05-12	v2.virtualflybrain.org	FBbt_00111288	VFB_00101567	7	1	983.0
2024-05-12	v2.virtualflybrain.org	FBbt_00111289		8	1	18.0
2024-05-12	v2.virtualflybrain.org	FBbt_00111289	VFB_00101567	0	5	310.0
2024-05-12	v2.virtualflybrain.org	FBbt_00111307	VFB_00101567	0	1	135.0
2024-05-12	v2.virtualflybrain.org	FBbt_00111308	VFB_00101567	0	4	104.0
2024-05-12	v2.virtualflybrain.org	FBbt_10000000	VFB_00101567	0	1	36.0
2024-05-12	v2.virtualflybrain.org	FBbt_20001291	VFB_00101567	1	1	0.0
2024-05-12	v2.virtualflybrain.org	VFB_00007279	VFB_00101567	1	1	4.0
2024-05-12	v2.virtualflybrain.org	VFB_00030870	VFB_00017894	1	2	0.0
2024-05-12	v2.virtualflybrain.org	VFB_00030870	VFB_00101567	0	2	1.0
2024-05-12	v2.virtualflybrain.org	VFB_00030871	VFB_00101567	0	2	10.0
2024-05-12	v2.virtualflybrain.org	VFB_00050000		2	1	4.0
2024-05-12	v2.virtualflybrain.org	VFB_00050000	VFB_00050000	0	3	225.0
2024-05-12	v2.virtualflybrain.org	VFB_00050328	VFB_00049000	1	3	57.0
2024-05-12	v2.virtualflybrain.org	VFB_00050328	VFB_00050000	0	2	1.0
2024-05-12	v2.virtualflybrain.org	VFB_00065468	VFB_00101567	0	1	55.0
2024-05-12	v2.virtualflybrain.org	VFB_00067812	VFB_00101567	0	2	161.0
2024-05-12	v2.virtualflybrain.org	VFB_00069062	VFB_00200000	0	2	19.0
2024-05-12	v2.virtualflybrain.org	VFB_00100000	VFB_00100000	0	1	0.0
2024-05-12	v2.virtualflybrain.org	VFB_00100614	VFB_00200000	0	2	17.0
2024-05-12	v2.virtualflybrain.org	VFB_00100772	VFB_00200000	0	2	13.0
2024-05-12	v2.virtualflybrain.org	VFB_00100773	VFB_00200000	0	2	45.0
2024-05-12	v2.virtualflybrain.org	VFB_00100803	VFB_00050000	1	3	80.0
2024-05-12	v2.virtualflybrain.org	VFB_00100803	VFB_00101567	0	2	5.0
2024-05-12	v2.virtualflybrain.org	VFB_00100chw	VFB_00200000	1	2	50.0
2024-05-12	v2.virtualflybrain.org	VFB_00100v26	VFB_00100v26	1	2	7.0
2024-05-12	v2.virtualflybrain.org	VFB_00100v26	VFB_00101567	0	1	19.0
2024-05-12	v2.virtualflybrain.org	VFB_001012qa	VFB_00101567	24	1	0.0
2024-05-12	v2.virtualflybrain.org	VFB_00101384	VFB_00101384	0	1	0.0
2024-05-12	v2.virtualflybrain.org	VFB_001014re	VFB_00101567	0	1	0.0
2024-05-12	v2.virtualflybrain.org	VFB_001014s3	VFB_00101567	0	3	138.0
2024-05-12	v2.virtualflybrain.org	VFB_001014sc	VFB_00101567	0	1	0.0
2024-05-12	v2.virtualflybrain.org	VFB_001014uq	VFB_00101567	0	4	17.0
2024-05-12	v2.virtualflybrain.org	VFB_001014uq	VFB_00110000	1	3	161.0
2024-05-12	v2.virtualflybrain.org	VFB_00101564	VFB_00050000	1	3	50.0
2024-05-12	v2.virtualflybrain.org	VFB_00101564	VFB_00101567	0	2	453.0
2024-05-12	v2.virtualflybrain.org	VFB_00101567	VFB_00101567	36	43	513.0
2024-05-12	v2.virtualflybrain.org	VFB_001015cr	VFB_00200000	0	2	16.0
2024-05-12	v2.virtualflybrain.org	VFB_00101vlb	VFB_00101567	0	2	15.0
2024-05-12	v2.virtualflybrain.org	VFB_001020pm	VFB_00200000	0	1	16.0
2024-05-12	v2.virtualflybrain.org	VFB_0010210b	VFB_00200000	0	1	51.0
2024-05-12	v2.virtualflybrain.org	VFB_00102159	VFB_00101567	0	1	2.0
2024-05-12	v2.virtualflybrain.org	VFB_00102244	VFB_00050000	1	1	0.0
2024-05-12	v2.virtualflybrain.org	VFB_00102271	VFB_00101567	0	2	88.0
2024-05-12	v2.virtualflybrain.org	VFB_00102275	VFB_00101567	0	1	2.0
2024-05-12	v2.virtualflybrain.org	VFB_00102276	VFB_00101567	0	1	4.0
2024-05-12	v2.virtualflybrain.org	VFB_0010281n	VFB_00200000	0	3	110.0
2024-05-12	v2.virtualflybrain.org	VFB_0010281z	VFB_00200000	0	1	15.0
2024-05-12	v2.virtualflybrain.org	VFB_0010284f	VFB_00200000	0	1	17.0
2024-05-12	v2.virtualflybrain.org	VFB_0010289e	VFB_00200000	0	1	13.0
2024-05-12	v2.virtualflybrain.org	VFB_001028b5	VFB_00200000	0	1	68.0
2024-05-12	v2.virtualflybrain.org	VFB_001028l1	VFB_00200000	0	1	33.0
2024-05-12	v2.virtualflybrain.org	VFB_001028l2	VFB_00200000	0	1	11.0
2024-05-12	v2.virtualflybrain.org	VFB_001028lq	VFB_00200000	0	2	38.0
2024-05-12	v2.virtualflybrain.org	VFB_001028lr	VFB_00200000	0	4	227.0
2024-05-12	v2.virtualflybrain.org	VFB_001028ls	VFB_00050000	1	2	70.0
2024-05-12	v2.virtualflybrain.org	VFB_001028ls	VFB_00200000	1	4	133.0
2024-05-12	v2.virtualflybrain.org	VFB_001028lt	VFB_00200000	0	6	76.0
2024-05-12	v2.virtualflybrain.org	VFB_001028lu	VFB_00200000	0	1	66.0
2024-05-12	v2.virtualflybrain.org	VFB_001028lv	VFB_00200000	0	1	47.0
2024-05-12	v2.virtualflybrain.org	VFB_001028ly	VFB_00200000	0	1	20.0
2024-05-12	v2.virtualflybrain.org	VFB_001029mh	VFB_00101567	0	2	148.0
2024-05-12	v2.virtualflybrain.org	VFB_00102dyq	VFB_00120000	1	2	0.0
2024-05-12	v2.virtualflybrain.org	VFB_00102dyq	VFB_00200000	3	2	21.0
2024-05-12	v2.virtualflybrain.org	VFB_00102efi	VFB_00200000	0	2	50.0
2024-05-12	v2.virtualflybrain.org	VFB_00102efk	VFB_00120000	2	1	0.0
2024-05-12	v2.virtualflybrain.org	VFB_00102eis	VFB_00200000	0	2	68.0
2024-05-12	v2.virtualflybrain.org	VFB_00102elm	VFB_00017894	0	2	53.0
2024-05-12	v2.virtualflybrain.org	VFB_00102elm	VFB_00050000	1	3	0.0
2024-05-12	v2.virtualflybrain.org	VFB_00102f5d	VFB_00200000	0	2	56.0
2024-05-12	v2.virtualflybrain.org	VFB_00104282	VFB_00200000	0	1	0.0
2024-05-12	v2.virtualflybrain.org	VFB_00120000	VFB_00120000	0	3	0.0
2024-05-12	v2.virtualflybrain.org	VFB_00200000	VFB_00200000	4	10	161.0
2024-05-12	v2.virtualflybrain.org	VFB_jrchjzxu	VFB_00101384	2	1	0.0
2024-05-12	v2.virtualflybrain.org	VFB_jrchjzxu	VFB_00101567	2	1	0.0
2024-05-12	v2.virtualflybrain.org	VFB_jrchk0ve	VFB_00101384	1	4	54.0
2024-05-12	v2.virtualflybrain.org	VFB_jrchk0ve	VFB_00101567	2	8	332.0
2024-05-12	v2.virtualflybrain.org	VFB_jrchk7jr	VFB_00101567	0	1	30.0
2024-05-12	v2.virtualflybrain.org	VFB_jrchk7jz	VFB_00101567	0	1	0.0
2024-05-12	v2.virtualflybrain.org	VFB_jrcv0jqg	VFB_00200000	0	1	0.0
2024-05-12	v2.virtualflybrain.org	VFB_jrcvg99v	VFB_00200000	0	1	44.0
2024-05-12	v2.virtualflybrain.org	VFB_jrcvgojy	VFB_00200000	0	1	19.0
2024-05-12	v2.virtualflybrain.org	VFB_jrcvimrw	VFB_00200000	0	1	106.0
2024-05-12	v2.virtualflybrain.org	VFB_jrcvkwuq	VFB_00200000	0	1	23.0
2024-05-12	v2.virtualflybrain.org	VFB_jrcvlozt	VFB_00200000	0	2	40.0
2024-05-12	v2.virtualflybrain.org	VFB_jrcvm1f1	VFB_00200000	0	1	34.0
2024-05-12	v2.virtualflybrain.org	VFB_jrcvn6sd	VFB_00200000	2	3	59.0
2024-05-12	v2.virtualflybrain.org	VFB_jrcvn72r	VFB_00200000	0	2	38.0
2024-05-12	v2.virtualflybrain.org	VFB_jrcvnlw8	VFB_00200000	0	1	55.0
2024-05-12	v2.virtualflybrain.org	VFBexp_FBtp0023	VFB_00101567	0	1	0.0
2024-05-12	v2.virtualflybrain.org	VFBexp_FBtp0057		1	1	1.0
2024-05-12	v2.virtualflybrain.org	VFBexp_FBtp0058	VFB_00101567	0	2	137.0
2024-05-12	v2.virtualflybrain.org	VFBexp_FBtp0060	VFB_00101567	0	1	54.0
2024-05-12	v2.virtualflybrain.org	VFBexp_FBtp0061	VFB_00101567	0	1	12.0
2024-05-12	v2.virtualflybrain.org	VFBexp_FBtp0099	VFB_00101567	0	2	24.0
2024-05-12	v2.virtualflybrain.org	VFBexp_FBtp0121	VFB_00101567	0	5	12.0
2024-05-12	v2.virtualflybrain.org	VFBexp_FBtp0122	VFB_00101567	0	2	0.0
2024-05-12	v2.virtualflybrain.org	VFBexp_FBtp0123	VFB_00101567	0	2	84.0
2024-05-12	v2.virtualflybrain.org	VFBexp_FBtp0124	VFB_00101567	0	1	0.0
2024-05-12	v2.virtualflybrain.org	VFBexp_FBtp0144	VFB_00101567	0	1	0.0
2024-05-12	v2.virtualflybrain.org	VFBext_0000010	VFB_00101567	0	1	0.0
2024-05-13		FBbt_00003624		30	4	0.0
2024-05-13		FBbt_00003624	VFB_00101567	31	4	0.0
2024-05-13		FBbt_00003668		1	1	5.0
2024-05-13		FBbt_00003668	VFB_00101567	1	1	0.0
2024-05-13		FBbt_00003681		4	2	6.0
2024-05-13		FBbt_00003681	VFB_00101567	5	2	0.0
2024-05-13		FBbt_00003748		3	1	2.0
2024-05-13		FBbt_00003748	VFB_00101567	3	1	0.0
2024-05-13		FBbt_00003885		4	1	1.0
2024-05-13		FBbt_00003885	VFB_00101567	4	1	0.0
2024-05-13		FBbt_00003924		1	1	0.0
2024-05-13		FBbt_00003924	VFB_00101567	1	1	0.0
2024-05-13		FBbt_00007055		4	1	3.0
2024-05-13		FBbt_00007055	VFB_00101567	4	2	0.0
2024-05-13		FBbt_00040042		6	2	0.0
2024-05-13		FBbt_00040042	VFB_00101567	6	2	0.0
2024-05-13		FBbt_00040043		2	2	0.0
2024-05-13		FBbt_00040043	VFB_00101567	2	2	0.0
2024-05-13		FBbt_00040050		1	1	2.0
2024-05-13		FBbt_00040050	VFB_00101567	1	1	0.0
2024-05-13		FBbt_00045030		2	1	0.0
2024-05-13		FBbt_00045030	VFB_00101567	2	1	0.0
2024-05-13		FBbt_00045039		1	1	3.0
2024-05-13		FBbt_00045039	VFB_00101567	1	1	0.0
2024-05-13		FBbt_00045040		1	1	0.0
2024-05-13		FBbt_00045040	VFB_00101567	1	1	0.0
2024-05-13		FBbt_00045048		2	1	5.0
2024-05-13		FBbt_00045048	VFB_00101567	2	2	0.0
2024-05-13		FBbt_00047573		1	1	0.0
2024-05-13		FBbt_00047573	VFB_00101567	1	1	0.0
2024-05-13		FBbt_00048274		3	1	0.0
2024-05-13		FBbt_00048274	VFB_00120000	3	1	0.0
2024-05-13		FBbt_00048557		1	1	0.0
2024-05-13		FBbt_00048557	VFB_00120000	1	1	0.0
2024-05-13		FBbt_00049561		3	1	0.0
2024-05-13		FBbt_00049561	VFB_00200000	3	1	0.0
2024-05-13		FBbt_00051089		3	1	0.0
2024-05-13		FBbt_00051089	VFB_00101567	2	1	0.0
2024-05-13		FBbt_00051089	VFB_00200000	1	1	0.0
2024-05-13		FBbt_00051097		4	1	0.0
2024-05-13		FBbt_00051097	VFB_00101567	3	1	0.0
2024-05-13		FBbt_00051097	VFB_00200000	6	1	0.0
2024-05-13		FBbt_00051127		1	1	0.0
2024-05-13		FBbt_00051127	VFB_00200000	1	1	0.0
2024-05-13		FBbt_00051128		1	1	0.0
2024-05-13		FBbt_00051128	VFB_00200000	1	1	0.0
2024-05-13		FBbt_00052249		4	1	0.0
2024-05-13		FBbt_00052249	VFB_00101384	1	1	0.0
2024-05-13		FBbt_00052249	VFB_00101567	2	1	0.0
2024-05-13		FBbt_00052249	VFB_00200000	1	1	0.0
2024-05-13		FBbt_00067123		1	1	0.0
2024-05-13		FBbt_00067123	VFB_00101567	1	1	0.0
2024-05-13		FBbt_00100005		1	1	0.0
2024-05-13		FBbt_00100005	VFB_00100000	1	1	0.0
2024-05-13		FBbt_00110330		1	1	0.0
2024-05-13		FBbt_00110330	VFB_00101567	1	1	0.0
2024-05-13		FBbt_00110636		2	1	0.0
2024-05-13		FBbt_00110636	VFB_00101567	2	1	0.0
2024-05-13		FBbt_00111308		1	1	0.0
2024-05-13		FBbt_00111308	VFB_00101567	1	1	0.0
2024-05-13		FBcv_0009001		1	1	0.0
2024-05-13		FBcv_0009001	VFB_00101567	1	1	0.0
2024-05-13		VFB_00020609		6	1	27.0
2024-05-13		VFB_00020609	VFB_00101567	6	1	0.0
2024-05-13		VFB_00023545		4	1	333.0
2024-05-13		VFB_00023545	VFB_00101567	4	1	0.0
2024-05-13		VFB_00030867		2	1	0.0
2024-05-13		VFB_00030867	VFB_00101567	2	1	0.0
2024-05-13		VFB_00042098		2	1	0.0
2024-05-13		VFB_00042098	VFB_00101567	2	1	0.0
2024-05-13		VFB_00049000		1	1	3.0
2024-05-13		VFB_00049000	VFB_00049000	3	3	11.0
2024-05-13		VFB_00066057		4	1	0.0
2024-05-13		VFB_00066057	VFB_00101567	4	1	0.0
2024-05-13		VFB_00067622		3	1	9.0
2024-05-13		VFB_00067622	VFB_00101567	3	1	0.0
2024-05-13		VFB_00100000		1	1	6.0
2024-05-13		VFB_00100000	VFB_00100000	3	3	91.0
2024-05-13		VFB_001001dq		2	1	3.0
2024-05-13		VFB_001001dq	VFB_00101567	2	1	0.0
2024-05-13		VFB_001001dr		2	1	3.0
2024-05-13		VFB_001001dr	VFB_00101567	2	1	0.0
2024-05-13		VFB_00100wpl		1	1	1.0
2024-05-13		VFB_00100wpl	VFB_00101567	1	1	0.0
2024-05-13		VFB_001012cr		2	1	0.0
2024-05-13		VFB_001012cr	VFB_00101567	2	1	0.0
2024-05-13		VFB_001012od		2	1	4.0
2024-05-13		VFB_001012od	VFB_00101567	2	1	0.0
2024-05-13		VFB_001012qa		24	1	0.0
2024-05-13		VFB_001012qa	VFB_00101567	24	1	0.0
2024-05-13		VFB_00101384		1	1	4.0
2024-05-13		VFB_00101384	VFB_00101384	2	2	14.0
2024-05-13		VFB_00101421		11	1	17.0
2024-05-13		VFB_00101421	VFB_00050000	3	1	0.0
2024-05-13		VFB_00101421	VFB_00120000	8	1	0.0
2024-05-13		VFB_00101567		82	15	193.0
2024-05-13		VFB_00101567	VFB_00101567	86	19	50.0
2024-05-13		VFB_00102140		7	1	11.0
2024-05-13		VFB_00102140	VFB_00101567	7	2	0.0
2024-05-13		VFB_00102162		2	1	0.0
2024-05-13		VFB_00102162	VFB_00101567	2	1	0.0
2024-05-13		VFB_00102170		5	1	0.0
2024-05-13		VFB_00102170	VFB_00101567	5	2	0.0
2024-05-13		VFB_00102201		5	1	66.0
2024-05-13		VFB_00102201	VFB_00101567	5	2	0.0
2024-05-13		VFB_00102271		1	1	8.0
2024-05-13		VFB_00102271	VFB_00101567	1	1	0.0
2024-05-13		VFB_001028ls		3	1	0.0
2024-05-13		VFB_001028ls	VFB_00050000	3	1	0.0
2024-05-13		VFB_001028lt		3	1	0.0
2024-05-13		VFB_001028lt	VFB_00200000	3	1	0.0
2024-05-13		VFB_00102dyq		3	1	0.0
2024-05-13		VFB_00102dyq	VFB_00200000	3	1	0.0
2024-05-13		VFB_00104182		5	1	4.0
2024-05-13		VFB_00104182	VFB_00101567	4	1	0.0
2024-05-13		VFB_00104182	VFB_00200000	1	1	0.0
2024-05-13		VFB_00120000		1	1	3.0
2024-05-13		VFB_00120000	VFB_00120000	2	2	26.0
2024-05-13		VFB_00200000		7	2	50.0
2024-05-13		VFB_00200000	VFB_00200000	5	5	29.0
2024-05-13		VFB_jrchjtff		7	1	5.0
2024-05-13		VFB_jrchjtff	VFB_00101567	3	1	0.0
2024-05-13		VFB_jrchjtff	VFB_00200000	4	1	0.0
2024-05-13		VFB_jrchjtsr		2	1	1.0
2024-05-13		VFB_jrchjtsr	VFB_00101567	2	1	0.0
2024-05-13		VFB_jrchk0ve		2	1	0.0
2024-05-13		VFB_jrchk0ve	VFB_00101567	2	1	0.0
2024-05-13		VFB_jrchk7jr		12	1	0.0
2024-05-13		VFB_jrchk7jr	VFB_00101567	12	1	0.0
2024-05-13		VFB_jrcvn6sd		3	1	0.0
2024-05-13		VFB_jrcvn6sd	VFB_00200000	3	1	0.0
2024-05-13		VFBexp_FBtp0018		1	1	0.0
2024-05-13		VFBexp_FBtp0018	VFB_00101567	1	1	0.0
2024-05-13		VFBexp_FBtp0059		1	1	0.0
2024-05-13		VFBexp_FBtp0059	VFB_00101567	1	1	0.0
2024-05-13		VFBexp_FBtp0060		1	1	0.0
2024-05-13		VFBexp_FBtp0060	VFB_00101567	1	1	0.0
2024-05-13		VFBexp_FBtp0063		1	1	0.0
2024-05-13		VFBexp_FBtp0063	VFB_00101567	1	1	0.0
2024-05-13		VFBexp_FBtp0087		1	1	0.0
2024-05-13		VFBexp_FBtp0087	VFB_00101567	1	1	0.0
2024-05-13		VFBexp_FBtp0099		1	1	0.0
2024-05-13		VFBexp_FBtp0099	VFB_00101567	1	1	0.0
2024-05-13	v2.virtualflybrain.org	FBbt_00003624		1	1	2.0
2024-05-13	v2.virtualflybrain.org	FBbt_00003624	VFB_00101567	27	5	98.0
2024-05-13	v2.virtualflybrain.org	FBbt_00003668	VFB_00101567	0	1	7.0
2024-05-13	v2.virtualflybrain.org	FBbt_00003681	VFB_00101567	0	2	55.0
2024-05-13	v2.virtualflybrain.org	FBbt_00003885	VFB_00101567	3	2	5.0
2024-05-13	v2.virtualflybrain.org	FBbt_00003924	VFB_00101567	0	1	25.0
2024-05-13	v2.virtualflybrain.org	FBbt_00007055	VFB_00101567	0	2	2.0
2024-05-13	v2.virtualflybrain.org	FBbt_00040042	VFB_00101567	0	1	3.0
2024-05-13	v2.virtualflybrain.org	FBbt_00040043	VFB_00101567	0	3	145.0
2024-05-13	v2.virtualflybrain.org	FBbt_00040050	VFB_00101567	0	1	1.0
2024-05-13	v2.virtualflybrain.org	FBbt_00045030	VFB_00101567	0	1	9.0
2024-05-13	v2.virtualflybrain.org	FBbt_00045039	VFB_00101567	0	1	5.0
2024-05-13	v2.virtualflybrain.org	FBbt_00045040	VFB_00101567	0	1	31.0
2024-05-13	v2.virtualflybrain.org	FBbt_00045048	VFB_00101567	0	1	14.0
2024-05-13	v2.virtualflybrain.org	FBbt_00047573	VFB_00101567	0	1	10.0
2024-05-13	v2.virtualflybrain.org	FBbt_00048274	VFB_00120000	3	1	0.0
2024-05-13	v2.virtualflybrain.org	FBbt_00048557	VFB_00120000	0	1	13.0
2024-05-13	v2.virtualflybrain.org	FBbt_00049561	VFB_00200000	3	1	0.0
2024-05-13	v2.virtualflybrain.org	FBbt_00051089	VFB_00101567	0	1	74.0
2024-05-13	v2.virtualflybrain.org	FBbt_00051089	VFB_00200000	0	1	26.0
2024-05-13	v2.virtualflybrain.org	FBbt_00051097	VFB_00101567	0	1	172.0
2024-05-13	v2.virtualflybrain.org	FBbt_00051097	VFB_00200000	0	1	10.0
2024-05-13	v2.virtualflybrain.org	FBbt_00051127	VFB_00200000	0	1	41.0
2024-05-13	v2.virtualflybrain.org	FBbt_00051128	VFB_00200000	0	1	17.0
2024-05-13	v2.virtualflybrain.org	FBbt_00052249	VFB_00101384	0	1	11.0
2024-05-13	v2.virtualflybrain.org	FBbt_00052249	VFB_00101567	0	1	84.0
2024-05-13	v2.virtualflybrain.org	FBbt_00052249	VFB_00200000	0	1	81.0
2024-05-13	v2.virtualflybrain.org	FBbt_00067123	VFB_00101567	1	1	0.0
2024-05-13	v2.virtualflybrain.org	FBbt_00100005	VFB_00100000	0	1	33.0
2024-05-13	v2.virtualflybrain.org	FBbt_00110330		1	1	0.0
2024-05-13	v2.virtualflybrain.org	FBbt_00110330	VFB_00101567	0	1	56.0
2024-05-13	v2.virtualflybrain.org	FBbt_00110636	VFB_00101567	0	2	47.0
2024-05-13	v2.virtualflybrain.org	FBbt_00111288	VFB_00101567	1	1	0.0
2024-05-13	v2.virtualflybrain.org	FBbt_00111308	VFB_00101567	0	1	24.0
2024-05-13	v2.virtualflybrain.org	FBcv_0009001		1	1	0.0
2024-05-13	v2.virtualflybrain.org	FBcv_0009001	VFB_00101567	0	1	22.0
2024-05-13	v2.virtualflybrain.org	VFB_00017894	VFB_00017894	1	1	2.0
2024-05-13	v2.virtualflybrain.org	VFB_00020609		2	1	4.0
2024-05-13	v2.virtualflybrain.org	VFB_00020609	VFB_00101567	0	1	0.0
2024-05-13	v2.virtualflybrain.org	VFB_00022861		2	1	78.0
2024-05-13	v2.virtualflybrain.org	VFB_00023545		1	1	1.0
2024-05-13	v2.virtualflybrain.org	VFB_00023545	VFB_00101567	0	2	10.0
2024-05-13	v2.virtualflybrain.org	VFB_00030867	VFB_00101567	2	1	0.0
2024-05-13	v2.virtualflybrain.org	VFB_00042098		1	1	1.0
2024-05-13	v2.virtualflybrain.org	VFB_00042098	VFB_00101567	0	1	41.0
2024-05-13	v2.virtualflybrain.org	VFB_00049000	VFB_00049000	1	4	18.0
2024-05-13	v2.virtualflybrain.org	VFB_00050000	VFB_00050000	0	1	0.0
2024-05-13	v2.virtualflybrain.org	VFB_00066057	VFB_00101567	3	2	0.0
2024-05-13	v2.virtualflybrain.org	VFB_00067622	VFB_00101567	1	1	5.0
2024-05-13	v2.virtualflybrain.org	VFB_00100000	VFB_00100000	1	3	37.0
2024-05-13	v2.virtualflybrain.org	VFB_001001dq	VFB_00101567	0	2	159.0
2024-05-13	v2.virtualflybrain.org	VFB_001001dr	VFB_00101567	0	1	0.0
2024-05-13	v2.virtualflybrain.org	VFB_00100wpl	VFB_00101567	1	1	0.0
2024-05-13	v2.virtualflybrain.org	VFB_001012od	VFB_00101567	0	1	8.0
2024-05-13	v2.virtualflybrain.org	VFB_001012qa	VFB_00101567	24	1	0.0
2024-05-13	v2.virtualflybrain.org	VFB_00101384	VFB_00101384	1	2	1.0
2024-05-13	v2.virtualflybrain.org	VFB_00101421	VFB_00050000	1	3	1.0
2024-05-13	v2.virtualflybrain.org	VFB_00101421	VFB_00120000	0	2	16.0
2024-05-13	v2.virtualflybrain.org	VFB_00101567	VFB_00101567	71	37	404.0
2024-05-13	v2.virtualflybrain.org	VFB_00102140	VFB_00101567	0	2	15.0
2024-05-13	v2.virtualflybrain.org	VFB_00102170	VFB_00101567	0	2	30.0
2024-05-13	v2.virtualflybrain.org	VFB_00102201	VFB_00101567	3	2	1.0
2024-05-13	v2.virtualflybrain.org	VFB_00102271	VFB_00101567	0	1	21.0
2024-05-13	v2.virtualflybrain.org	VFB_001028ls	VFB_00050000	3	1	0.0
2024-05-13	v2.virtualflybrain.org	VFB_001028lt	VFB_00200000	3	2	0.0
2024-05-13	v2.virtualflybrain.org	VFB_00102dyq	VFB_00200000	3	1	0.0
2024-05-13	v2.virtualflybrain.org	VFB_00104182	VFB_00101567	0	2	59.0
2024-05-13	v2.virtualflybrain.org	VFB_00104182	VFB_00200000	1	2	1.0
2024-05-13	v2.virtualflybrain.org	VFB_00120000	VFB_00120000	1	3	1.0
2024-05-13	v2.virtualflybrain.org	VFB_00200000	VFB_00200000	2	11	122.0
2024-05-13	v2.virtualflybrain.org	VFB_jrchjtff	VFB_00101384	1	2	9.0
2024-05-13	v2.virtualflybrain.org	VFB_jrchjtff	VFB_00101567	0	1	0.0
2024-05-13	v2.virtualflybrain.org	VFB_jrchjtff	VFB_00200000	0	2	71.0
2024-05-13	v2.virtualflybrain.org	VFB_jrchjtsr	VFB_00101567	2	2	0.0
2024-05-13	v2.virtualflybrain.org	VFB_jrchk0ve	VFB_00101567	2	1	0.0
2024-05-13	v2.virtualflybrain.org	VFB_jrchk7jr	VFB_00101567	12	2	79.0
2024-05-13	v2.virtualflybrain.org	VFB_jrcvn6sd	VFB_00200000	3	1	0.0
2024-05-13	v2.virtualflybrain.org	VFBexp_FBtp0018	VFB_00101567	0	2	33.0
2024-05-13	v2.virtualflybrain.org	VFBexp_FBtp0059	VFB_00101567	0	1	0.0
2024-05-13	v2.virtualflybrain.org	VFBexp_FBtp0060	VFB_00101567	0	1	0.0
2024-05-13	v2.virtualflybrain.org	VFBexp_FBtp0063	VFB_00101567	0	1	0.0
2024-05-13	v2.virtualflybrain.org	VFBexp_FBtp0087	VFB_00101567	0	1	17.0
2024-05-13	v2.virtualflybrain.org	VFBexp_FBtp0099		1	1	0.0
2024-05-14		FBbt_00001258		1	1	0.0
2024-05-14		FBbt_00001258	VFB_00049000	1	1	0.0
2024-05-14		FBbt_00001280		1	1	0.0
2024-05-14		FBbt_00001280	VFB_00049000	1	1	0.0
2024-05-14		FBbt_00001919		1	1	0.0
2024-05-14		FBbt_00001919	VFB_00049000	1	1	0.0
2024-05-14		FBbt_00001920		1	1	0.0
2024-05-14		FBbt_00001920	VFB_00049000	1	1	0.0
2024-05-14		FBbt_00003624		12	5	0.0
2024-05-14		FBbt_00003624	VFB_00101567	14	5	0.0
2024-05-14		FBbt_00003678		1	1	5.0
2024-05-14		FBbt_00003678	VFB_00101567	1	1	0.0
2024-05-14		FBbt_00003679		2	1	1.0
2024-05-14		FBbt_00003679	VFB_00101567	2	1	0.0
2024-05-14		FBbt_00003681		1	1	5.0
2024-05-14		FBbt_00003681	VFB_00101567	1	1	0.0
2024-05-14		FBbt_00003748		5	5	22.0
2024-05-14		FBbt_00003748	VFB_00101567	5	5	0.0
2024-05-14		FBbt_00003852		2	1	5.0
2024-05-14		FBbt_00003852	VFB_00101567	2	1	0.0
2024-05-14		FBbt_00003885		3	1	1.0
2024-05-14		FBbt_00003885	VFB_00101567	3	1	0.0
2024-05-14		FBbt_00007055		3	2	9.0
2024-05-14		FBbt_00007055	VFB_00101567	3	2	0.0
2024-05-14		FBbt_00007147		3	1	0.0
2024-05-14		FBbt_00007147	VFB_00101567	3	1	0.0
2024-05-14		FBbt_00007428		1	1	0.0
2024-05-14		FBbt_00007428	VFB_00101567	1	1	0.0
2024-05-14		FBbt_00007704		2	1	0.0
2024-05-14		FBbt_00007704	VFB_00049000	2	1	0.0
2024-05-14		FBbt_00040041		2	1	5.0
2024-05-14		FBbt_00040041	VFB_00101567	2	1	0.0
2024-05-14		FBbt_00040042		3	1	0.0
2024-05-14		FBbt_00040042	VFB_00101567	3	2	0.0
2024-05-14		FBbt_00040043		2	2	0.0
2024-05-14		FBbt_00040043	VFB_00101567	2	2	0.0
2024-05-14		FBbt_00045030		2	1	1.0
2024-05-14		FBbt_00045030	VFB_00101567	2	1	0.0
2024-05-14		FBbt_00045032		2	1	2.0
2024-05-14		FBbt_00045032	VFB_00101567	2	1	0.0
2024-05-14		FBbt_00048274		12	1	0.0
2024-05-14		FBbt_00048274	VFB_00120000	12	1	0.0
2024-05-14		FBbt_00048599		1	1	0.0
2024-05-14		FBbt_00048599	VFB_00050000	1	1	0.0
2024-05-14		FBbt_00048620		2	1	0.0
2024-05-14		FBbt_00048620	VFB_00101567	2	1	0.0
2024-05-14		FBbt_00049561		12	1	0.0
2024-05-14		FBbt_00049561	VFB_00200000	12	1	0.0
2024-05-14		FBbt_00051405		1	1	0.0
2024-05-14		FBbt_00051405	VFB_00049000	1	1	0.0
2024-05-14		FBbt_00100167		1	1	0.0
2024-05-14		FBbt_00100167	VFB_00101567	1	1	0.0
2024-05-14		FBbt_00110638		1	1	0.0
2024-05-14		FBbt_00110638	VFB_00101567	1	1	0.0
2024-05-14		FBbt_00111036		5	1	33.0
2024-05-14		FBbt_00111036	VFB_00049000	5	1	0.0
2024-05-14		FBbt_00111680		1	1	0.0
2024-05-14		FBbt_00111680	VFB_00050000	1	1	0.0
2024-05-14		VFB_00017894	VFB_00017894	1	1	28.0
2024-05-14		VFB_00030867		6	1	0.0
2024-05-14		VFB_00030867	VFB_00101567	6	1	0.0
2024-05-14		VFB_00049000		16	2	3.0
2024-05-14		VFB_00049000	VFB_00049000	20	5	58.0
2024-05-14		VFB_00050000	VFB_00050000	7	3	0.0
2024-05-14		VFB_00050340		1	1	0.0
2024-05-14		VFB_00050340	VFB_00049000	1	1	0.0
2024-05-14		VFB_00050480		4	2	0.0
2024-05-14		VFB_00050480	VFB_00049000	4	3	0.0
2024-05-14		VFB_00064011		2	1	4.0
2024-05-14		VFB_00064011	VFB_00101567	2	1	0.0
2024-05-14		VFB_00100063		1	1	0.0
2024-05-14		VFB_00100063	VFB_00050000	1	1	0.0
2024-05-14		VFB_00100550		4	1	32.0
2024-05-14		VFB_00100550	VFB_00050000	1	1	0.0
2024-05-14		VFB_00100550	VFB_00101567	3	1	0.0
2024-05-14		VFB_00100589		1	1	0.0
2024-05-14		VFB_00100589	VFB_00050000	1	1	0.0
2024-05-14		VFB_00100xp3		5	1	12.0
2024-05-14		VFB_00100xp3	VFB_00101567	5	2	0.0
2024-05-14		VFB_001012qa		24	1	0.0
2024-05-14		VFB_001012qa	VFB_00101567	24	1	0.0
2024-05-14		VFB_001014uq		2	1	0.0
2024-05-14		VFB_001014uq	VFB_00101567	2	1	0.0
2024-05-14		VFB_00101516		3	1	1.0
2024-05-14		VFB_00101516	VFB_00050000	1	1	0.0
2024-05-14		VFB_00101516	VFB_00101567	2	1	0.0
2024-05-14		VFB_00101567		78	16	49.0
2024-05-14		VFB_00101567	VFB_00101567	85	22	72.0
2024-05-14		VFB_001015bz		1	1	0.0
2024-05-14		VFB_001015bz	VFB_00050000	1	1	0.0
2024-05-14		VFB_00102107		2	1	4.0
2024-05-14		VFB_00102107	VFB_00101567	2	1	0.0
2024-05-14		VFB_00102110		8	1	3.0
2024-05-14		VFB_00102110	VFB_00101567	8	3	0.0
2024-05-14		VFB_00102148		2	1	1.0
2024-05-14		VFB_00102148	VFB_00101567	2	2	0.0
2024-05-14		VFB_00102159		4	1	1.0
2024-05-14		VFB_00102159	VFB_00101567	3	1	0.0
2024-05-14		VFB_001023u3		1	1	3.0
2024-05-14		VFB_001023u3	VFB_00200000	1	1	0.0
2024-05-14		VFB_001028ls		2	1	0.0
2024-05-14		VFB_001028ls	VFB_00050000	2	1	0.0
2024-05-14		VFB_001028lt		22	1	0.0
2024-05-14		VFB_001028lt	VFB_00200000	22	3	0.0
2024-05-14		VFB_00102dyq		12	1	0.0
2024-05-14		VFB_00102dyq	VFB_00200000	12	1	0.0
2024-05-14		VFB_00102el1		1	1	0.0
2024-05-14		VFB_00102el1	VFB_00050000	1	1	0.0
2024-05-14		VFB_00102epc		1	1	0.0
2024-05-14		VFB_00102epc	VFB_00050000	1	1	0.0
2024-05-14		VFB_00102eth		1	1	0.0
2024-05-14		VFB_00102eth	VFB_00050000	1	1	0.0
2024-05-14		VFB_00102f31		1	1	0.0
2024-05-14		VFB_00102f31	VFB_00050000	1	1	0.0
2024-05-14		VFB_00102flb		4	1	231.0
2024-05-14		VFB_00102flb	VFB_00050000	4	2	0.0
2024-05-14		VFB_00103949		6	1	7.0
2024-05-14		VFB_00103949	VFB_00101567	6	1	0.0
2024-05-14		VFB_00104182		5	1	0.0
2024-05-14		VFB_00104182	VFB_00101567	5	1	0.0
2024-05-14		VFB_00200000		2	1	0.0
2024-05-14		VFB_00200000	VFB_00200000	2	2	0.0
2024-05-14		VFB_jrch01fe		15	1	0.0
2024-05-14		VFB_jrch01fe	VFB_00101567	15	1	0.0
2024-05-14		VFB_jrchjtf4		4	1	2.0
2024-05-14		VFB_jrchjtf4	VFB_00101567	3	1	0.0
2024-05-14		VFB_jrchjtsr		1	1	0.0
2024-05-14		VFB_jrchjtsr	VFB_00101567	1	1	0.0
2024-05-14		VFB_jrchjtzb		1	1	1.0
2024-05-14		VFB_jrchjtzb	VFB_00101567	1	1	0.0
2024-05-14		VFB_jrchjuy9		3	1	0.0
2024-05-14		VFB_jrchjuy9	VFB_00101567	3	2	0.0
2024-05-14		VFB_jrchk0fo		1	1	3.0
2024-05-14		VFB_jrchk0fo	VFB_00101567	1	1	0.0
2024-05-14		VFB_jrchk10e		1	1	5.0
2024-05-14		VFB_jrchk10e	VFB_00101567	1	1	0.0
2024-05-14		VFB_jrchk8e1		1	1	12.0
2024-05-14		VFB_jrchk8e1	VFB_00101567	1	1	0.0
2024-05-14		VFB_jrcvn6sd		3	1	0.0
2024-05-14		VFB_jrcvn6sd	VFB_00200000	3	1	0.0
2024-05-14		VFBexp_FBti0007		2	1	0.0
2024-05-14		VFBexp_FBti0007	VFB_00101567	2	1	0.0
2024-05-14		VFBexp_FBtp0059		2	2	0.0
2024-05-14		VFBexp_FBtp0059	VFB_00101567	2	2	0.0
2024-05-14		VFBexp_FBtp0099		1	1	0.0
2024-05-14		VFBexp_FBtp0099	VFB_00101567	1	1	0.0
2024-05-14		VFBexp_FBtp0121		1	1	0.0
2024-05-14		VFBexp_FBtp0121	VFB_00101567	1	1	0.0
2024-05-14		VFBexp_FBtp0125		1	1	0.0
2024-05-14		VFBexp_FBtp0125	VFB_00101567	1	1	0.0
2024-05-14		VFBexp_FBtp0162		1	1	0.0
2024-05-14		VFBexp_FBtp0162	VFB_00101567	1	1	0.0
2024-05-14	v2.virtualflybrain.org	FBbt_00001258	VFB_00049000	0	1	87.0
2024-05-14	v2.virtualflybrain.org	FBbt_00001280	VFB_00049000	0	1	31.0
2024-05-14	v2.virtualflybrain.org	FBbt_00001919	VFB_00049000	0	1	2.0
2024-05-14	v2.virtualflybrain.org	FBbt_00001920	VFB_00049000	0	1	8.0
2024-05-14	v2.virtualflybrain.org	FBbt_00003624	VFB_00101567	5	7	82.0
2024-05-14	v2.virtualflybrain.org	FBbt_00003679	VFB_00101567	0	2	8.0
2024-05-14	v2.virtualflybrain.org	FBbt_00003681	VFB_00101567	0	2	17.0
2024-05-14	v2.virtualflybrain.org	FBbt_00003748	VFB_00101567	0	6	150.0
2024-05-14	v2.virtualflybrain.org	FBbt_00003852	VFB_00101567	0	1	9.0
2024-05-14	v2.virtualflybrain.org	FBbt_00003885	VFB_00101567	0	1	50.0
2024-05-14	v2.virtualflybrain.org	FBbt_00007055	VFB_00101567	0	2	3.0
2024-05-14	v2.virtualflybrain.org	FBbt_00007147	VFB_00101567	0	1	3.0
2024-05-14	v2.virtualflybrain.org	FBbt_00007428	VFB_00101567	0	1	10.0
2024-05-14	v2.virtualflybrain.org	FBbt_00007704	VFB_00049000	0	1	9.0
2024-05-14	v2.virtualflybrain.org	FBbt_00040041	VFB_00101567	0	1	2.0
2024-05-14	v2.virtualflybrain.org	FBbt_00040042	VFB_00101567	0	2	22.0
2024-05-14	v2.virtualflybrain.org	FBbt_00040043	VFB_00101567	0	2	39.0
2024-05-14	v2.virtualflybrain.org	FBbt_00045030	VFB_00101567	0	1	1.0
2024-05-14	v2.virtualflybrain.org	FBbt_00045032	VFB_00101567	0	2	36.0
2024-05-14	v2.virtualflybrain.org	FBbt_00048274	VFB_00120000	12	1	0.0
2024-05-14	v2.virtualflybrain.org	FBbt_00048599	VFB_00050000	0	1	15.0
2024-05-14	v2.virtualflybrain.org	FBbt_00048620	VFB_00101567	0	1	65.0
2024-05-14	v2.virtualflybrain.org	FBbt_00049561	VFB_00200000	12	1	0.0
2024-05-14	v2.virtualflybrain.org	FBbt_00051405	VFB_00049000	0	2	61.0
2024-05-14	v2.virtualflybrain.org	FBbt_00100167	VFB_00101567	0	1	71.0
2024-05-14	v2.virtualflybrain.org	FBbt_00100246	VFB_00101567	1	1	0.0
2024-05-14	v2.virtualflybrain.org	FBbt_00110638	VFB_00101567	0	1	0.0
2024-05-14	v2.virtualflybrain.org	FBbt_00111036	VFB_00049000	0	1	2.0
2024-05-14	v2.virtualflybrain.org	FBbt_00111680	VFB_00050000	0	1	25.0
2024-05-14	v2.virtualflybrain.org	VFB_00017894	VFB_00017894	3	2	57.0
2024-05-14	v2.virtualflybrain.org	VFB_00030849	VFB_00017894	1	2	14.0
2024-05-14	v2.virtualflybrain.org	VFB_00030867	VFB_00101567	6	1	0.0
2024-05-14	v2.virtualflybrain.org	VFB_00049000	VFB_00049000	17	7	64.0
2024-05-14	v2.virtualflybrain.org	VFB_00050000	VFB_00050000	3	9	0.0
2024-05-14	v2.virtualflybrain.org	VFB_00050340	VFB_00049000	0	1	19.0
2024-05-14	v2.virtualflybrain.org	VFB_00050480	VFB_00049000	0	1	28.0
2024-05-14	v2.virtualflybrain.org	VFB_00064011	VFB_00101567	0	1	18.0
2024-05-14	v2.virtualflybrain.org	VFB_00100063	VFB_00050000	1	1	0.0
2024-05-14	v2.virtualflybrain.org	VFB_00100550	VFB_00050000	1	2	2.0
2024-05-14	v2.virtualflybrain.org	VFB_00100550	VFB_00101567	1	2	12.0
2024-05-14	v2.virtualflybrain.org	VFB_00100589	VFB_00050000	0	1	18.0
2024-05-14	v2.virtualflybrain.org	VFB_00100uyv	VFB_00101567	1	1	0.0
2024-05-14	v2.virtualflybrain.org	VFB_00100xp3	VFB_00101567	2	2	0.0
2024-05-14	v2.virtualflybrain.org	VFB_001012qa	VFB_00101567	24	1	0.0
2024-05-14	v2.virtualflybrain.org	VFB_001014uq	VFB_00101567	0	2	20.0
2024-05-14	v2.virtualflybrain.org	VFB_00101516	VFB_00050000	1	2	0.0
2024-05-14	v2.virtualflybrain.org	VFB_00101516	VFB_00101567	1	2	46.0
2024-05-14	v2.virtualflybrain.org	VFB_00101567	VFB_00101567	43	30	389.0
2024-05-14	v2.virtualflybrain.org	VFB_001015bz	VFB_00050000	0	1	223.0
2024-05-14	v2.virtualflybrain.org	VFB_00102107	VFB_00101567	0	2	0.0
2024-05-14	v2.virtualflybrain.org	VFB_00102110	VFB_00101567	4	4	0.0
2024-05-14	v2.virtualflybrain.org	VFB_00102148	VFB_00101567	0	1	1.0
2024-05-14	v2.virtualflybrain.org	VFB_00102159	VFB_00101567	0	2	23.0
2024-05-14	v2.virtualflybrain.org	VFB_001023u3	VFB_001023u3	2	2	1.0
2024-05-14	v2.virtualflybrain.org	VFB_001023u3	VFB_00200000	0	1	8.0
2024-05-14	v2.virtualflybrain.org	VFB_001028ls	VFB_00050000	2	1	0.0
2024-05-14	v2.virtualflybrain.org	VFB_001028lt	VFB_00200000	20	4	0.0
2024-05-14	v2.virtualflybrain.org	VFB_00102dyq	VFB_00200000	12	1	0.0
2024-05-14	v2.virtualflybrain.org	VFB_00102el1	VFB_00050000	0	1	1.0
2024-05-14	v2.virtualflybrain.org	VFB_00102epc	VFB_00050000	0	1	4.0
2024-05-14	v2.virtualflybrain.org	VFB_00102eth	VFB_00050000	0	1	4.0
2024-05-14	v2.virtualflybrain.org	VFB_00102f31	VFB_00050000	0	1	2.0
2024-05-14	v2.virtualflybrain.org	VFB_00102flb	VFB_00050000	1	3	5.0
2024-05-14	v2.virtualflybrain.org	VFB_00103949	VFB_00101567	0	1	2.0
2024-05-14	v2.virtualflybrain.org	VFB_00104182	VFB_00101567	5	2	0.0
2024-05-14	v2.virtualflybrain.org	VFB_00104182	VFB_00200000	1	2	3.0
2024-05-14	v2.virtualflybrain.org	VFB_00120000	VFB_00120000	0	1	0.0
2024-05-14	v2.virtualflybrain.org	VFB_00200000	VFB_00200000	1	6	0.0
2024-05-14	v2.virtualflybrain.org	VFB_jrch01fe	VFB_00101567	15	1	0.0
2024-05-14	v2.virtualflybrain.org	VFB_jrchjtf4	VFB_00101567	0	1	0.0
2024-05-14	v2.virtualflybrain.org	VFB_jrchjtf4	VFB_jrchjtf4	1	2	3.0
2024-05-14	v2.virtualflybrain.org	VFB_jrchjtsr	VFB_00101567	3	1	0.0
2024-05-14	v2.virtualflybrain.org	VFB_jrchjtzb	VFB_00101567	0	1	0.0
2024-05-14	v2.virtualflybrain.org	VFB_jrchjuy9	VFB_00101567	1	2	0.0
2024-05-14	v2.virtualflybrain.org	VFB_jrchk10e	VFB_00101567	0	1	2.0
2024-05-14	v2.virtualflybrain.org	VFB_jrchk8e1	VFB_00101567	0	1	112.0
2024-05-14	v2.virtualflybrain.org	VFB_jrcvn6sd	VFB_00200000	4	1	0.0
2024-05-14	v2.virtualflybrain.org	VFBexp_FBti0007	VFB_00101567	0	2	13.0
2024-05-14	v2.virtualflybrain.org	VFBexp_FBtp0059		1	1	0.0
2024-05-14	v2.virtualflybrain.org	VFBexp_FBtp0059	VFB_00101567	0	2	14.0
2024-05-14	v2.virtualflybrain.org	VFBexp_FBtp0099	VFB_00101567	0	1	23.0
2024-05-14	v2.virtualflybrain.org	VFBexp_FBtp0121	VFB_00101567	0	1	31.0
2024-05-14	v2.virtualflybrain.org	VFBexp_FBtp0125		2	1	1.0
2024-05-14	v2.virtualflybrain.org	VFBexp_FBtp0162	VFB_00101567	0	1	25.0
2024-05-15		FBbt_00003624		11	4	0.0
2024-05-15		FBbt_00003624	VFB_00101567	12	5	0.0
2024-05-15		FBbt_00003678		2	2	0.0
2024-05-15		FBbt_00003678	VFB_00101567	2	2	0.0
2024-05-15		FBbt_00003679		11	2	5.0
2024-05-15		FBbt_00003679	VFB_00101567	16	3	0.0
2024-05-15		FBbt_00003748		5	1	0.0
2024-05-15		FBbt_00003748	VFB_00101567	5	2	0.0
2024-05-15		FBbt_00007053		1	1	0.0
2024-05-15		FBbt_00007053	VFB_00101567	1	1	0.0
2024-05-15		FBbt_00014013		2	2	10.0
2024-05-15		FBbt_00014013	VFB_00101567	2	2	0.0
2024-05-15		FBbt_00040037		2	1	0.0
2024-05-15		FBbt_00040037	VFB_00101567	2	1	0.0
2024-05-15		FBbt_00040041		4	3	5.0
2024-05-15		FBbt_00040041	VFB_00101567	4	4	0.0
2024-05-15		FBbt_00040043		4	3	1.0
2024-05-15		FBbt_00040043	VFB_00101567	4	3	0.0
2024-05-15		FBbt_00040049		1	1	0.0
2024-05-15		FBbt_00040049	VFB_00101567	1	1	0.0
2024-05-15		FBbt_00045027		1	1	0.0
2024-05-15		FBbt_00045027	VFB_00101567	1	1	0.0
2024-05-15		FBbt_00045048		1	1	0.0
2024-05-15		FBbt_00045048	VFB_00101567	1	1	0.0
2024-05-15		FBbt_00045051		1	1	0.0
2024-05-15		FBbt_00045051	VFB_00101567	1	1	0.0
2024-05-15		FBbt_00047035		1	1	0.0
2024-05-15		FBbt_00047035	VFB_00101567	1	1	0.0
2024-05-15		FBbt_00047095		1	1	0.0
2024-05-15		FBbt_00047095	VFB_00101567	1	1	0.0
2024-05-15		FBbt_00047887		2	2	0.0
2024-05-15		FBbt_00047887	VFB_00101567	3	2	0.0
2024-05-15		FBbt_00048113		1	1	0.0
2024-05-15		FBbt_00048113	VFB_00101567	1	1	0.0
2024-05-15		FBbt_00048114		3	1	0.0
2024-05-15		FBbt_00048114	VFB_00101567	3	2	0.0
2024-05-15		FBbt_00048274		3	1	0.0
2024-05-15		FBbt_00048274	VFB_00120000	3	1	0.0
2024-05-15		FBbt_00049136		1	1	0.0
2024-05-15		FBbt_00049136	VFB_00101567	1	1	0.0
2024-05-15		FBbt_00049483		2	1	1.0
2024-05-15		FBbt_00049483	VFB_00101567	4	2	0.0
2024-05-15		FBbt_00049484		1	1	0.0
2024-05-15		FBbt_00049484	VFB_00101567	1	1	0.0
2024-05-15		FBbt_00049526		3	1	30.0
2024-05-15		FBbt_00049526	VFB_00101567	3	2	0.0
2024-05-15		FBbt_00049532		1	1	0.0
2024-05-15		FBbt_00049532	VFB_00101567	1	1	0.0
2024-05-15		FBbt_00049561		5	1	0.0
2024-05-15		FBbt_00049561	VFB_00200000	5	1	0.0
2024-05-15		FBbt_00050168		2	1	0.0
2024-05-15		FBbt_00050168	VFB_00050000	2	1	0.0
2024-05-15		FBbt_00051068		2	1	0.0
2024-05-15		FBbt_00051068	VFB_00101567	2	1	0.0
2024-05-15		FBbt_00051393		1	1	0.0
2024-05-15		FBbt_00051393	VFB_00101567	1	1	0.0
2024-05-15		FBbt_00052351		4	1	70.0
2024-05-15		FBbt_00052351	VFB_00101567	4	1	0.0
2024-05-15		FBbt_00067123		2	1	0.0
2024-05-15		FBbt_00067123	VFB_00101567	2	1	0.0
2024-05-15		FBbt_00100219		1	1	0.0
2024-05-15		FBbt_00100219	VFB_00101567	1	1	0.0
2024-05-15		FBbt_00100652		1	1	0.0
2024-05-15		FBbt_00100652	VFB_00101567	1	1	0.0
2024-05-15		FBbt_00110158		1	1	0.0
2024-05-15		FBbt_00110158	VFB_00050000	1	1	0.0
2024-05-15		FBbt_00110636		9	1	0.0
2024-05-15		FBbt_00110636	VFB_00101567	9	2	0.0
2024-05-15		FBbt_00110638		1	1	0.0
2024-05-15		FBbt_00110638	VFB_00101567	1	1	0.0
2024-05-15		FBbt_00110639		4	2	0.0
2024-05-15		FBbt_00110639	VFB_00101567	4	2	0.0
2024-05-15		FBbt_00110869		1	1	0.0
2024-05-15		FBbt_00110869	VFB_00101567	1	1	0.0
2024-05-15		FBbt_00110872		1	1	0.0
2024-05-15		FBbt_00110872	VFB_00101567	1	1	0.0
2024-05-15		FBbt_00111025		2	1	0.0
2024-05-15		FBbt_00111025	VFB_00101567	2	2	0.0
2024-05-15		FBbt_00111316		2	1	0.0
2024-05-15		FBbt_00111316	VFB_00101567	2	1	0.0
2024-05-15		FBbt_20001291		7	1	0.0
2024-05-15		FBbt_20001291	VFB_00101567	7	1	0.0
2024-05-15		VFB_00022219		7	2	35.0
2024-05-15		VFB_00022219	VFB_00017894	1	1	0.0
2024-05-15		VFB_00022219	VFB_00101567	6	2	0.0
2024-05-15		VFB_00030856		2	1	0.0
2024-05-15		VFB_00030856	VFB_00101567	2	1	0.0
2024-05-15		VFB_00030867		6	1	0.0
2024-05-15		VFB_00030867	VFB_00101567	6	1	0.0
2024-05-15		VFB_00049000		18	1	0.0
2024-05-15		VFB_00049000	VFB_00049000	18	1	0.0
2024-05-15		VFB_00050000		8	1	0.0
2024-05-15		VFB_00050000	VFB_00050000	8	2	0.0
2024-05-15		VFB_00100077		4	1	1.0
2024-05-15		VFB_00100077	VFB_00050000	1	1	0.0
2024-05-15		VFB_00100077	VFB_00101567	3	1	0.0
2024-05-15		VFB_00100xp3		2	1	0.0
2024-05-15		VFB_00100xp3	VFB_00101567	2	1	0.0
2024-05-15		VFB_001012qa		24	1	0.0
2024-05-15		VFB_001012qa	VFB_00101567	24	1	0.0
2024-05-15		VFB_001014uq		4	1	5.0
2024-05-15		VFB_001014uq	VFB_00101567	4	1	0.0
2024-05-15		VFB_00101567		155	30	215.0
2024-05-15		VFB_00101567	VFB_00101567	160	44	12.0
2024-05-15		VFB_00101b5r		4	1	4.0
2024-05-15		VFB_00101b5r	VFB_00101567	4	1	0.0
2024-05-15		VFB_00101tcu		8	1	47.0
2024-05-15		VFB_00101tcu	VFB_00101567	8	3	0.0
2024-05-15		VFB_00101td5		4	1	2.0
2024-05-15		VFB_00101td5	VFB_00101567	4	1	0.0
2024-05-15		VFB_00102110		11	1	0.0
2024-05-15		VFB_00102110	VFB_00101567	11	1	0.0
2024-05-15		VFB_00102114		2	1	0.0
2024-05-15		VFB_00102114	VFB_00101567	2	1	0.0
2024-05-15		VFB_00102118		2	1	0.0
2024-05-15		VFB_00102118	VFB_00101567	2	1	0.0
2024-05-15		VFB_00102119		2	1	0.0
2024-05-15		VFB_00102119	VFB_00101567	2	1	0.0
2024-05-15		VFB_00102121		2	1	0.0
2024-05-15		VFB_00102121	VFB_00101567	2	1	0.0
2024-05-15		VFB_00102123		2	1	0.0
2024-05-15		VFB_00102123	VFB_00101567	2	1	0.0
2024-05-15		VFB_00102124		2	1	0.0
2024-05-15		VFB_00102124	VFB_00101567	2	1	0.0
2024-05-15		VFB_00102133		2	1	0.0
2024-05-15		VFB_00102133	VFB_00101567	2	1	0.0
2024-05-15		VFB_00102139		2	1	0.0
2024-05-15		VFB_00102139	VFB_00101567	2	1	0.0
2024-05-15		VFB_00102140		2	1	0.0
2024-05-15		VFB_00102140	VFB_00101567	2	1	0.0
2024-05-15		VFB_00102141		2	1	0.0
2024-05-15		VFB_00102141	VFB_00101567	2	1	0.0
2024-05-15		VFB_00102146		1	1	3.0
2024-05-15		VFB_00102146	VFB_00101567	1	1	0.0
2024-05-15		VFB_00102152		2	1	0.0
2024-05-15		VFB_00102152	VFB_00101567	2	1	0.0
2024-05-15		VFB_00102154		2	1	1.0
2024-05-15		VFB_00102154	VFB_00101567	2	1	0.0
2024-05-15		VFB_00102159		5	2	2.0
2024-05-15		VFB_00102159	VFB_00101567	5	2	0.0
2024-05-15		VFB_00102170		2	1	0.0
2024-05-15		VFB_00102170	VFB_00101567	2	1	0.0
2024-05-15		VFB_00102201		2	1	0.0
2024-05-15		VFB_00102201	VFB_00101567	2	1	0.0
2024-05-15		VFB_00102212		2	1	44.0
2024-05-15		VFB_00102212	VFB_00101567	2	1	0.0
2024-05-15		VFB_00102271		8	3	10.0
2024-05-15		VFB_00102271	VFB_00101567	8	4	0.0
2024-05-15		VFB_00102273		6	3	2.0
2024-05-15		VFB_00102273	VFB_00101567	6	4	0.0
2024-05-15		VFB_00102274		2	1	0.0
2024-05-15		VFB_00102274	VFB_00101567	2	1	0.0
2024-05-15		VFB_00102275		2	1	0.0
2024-05-15		VFB_00102275	VFB_00101567	2	1	0.0
2024-05-15		VFB_00102276		2	1	0.0
2024-05-15		VFB_00102276	VFB_00101567	2	1	0.0
2024-05-15		VFB_00102280		2	1	1.0
2024-05-15		VFB_00102280	VFB_00101567	2	1	0.0
2024-05-15		VFB_00102512		1	1	3.0
2024-05-15		VFB_00102512	VFB_00101567	1	1	0.0
2024-05-15		VFB_001028ls		3	1	0.0
2024-05-15		VFB_001028ls	VFB_00050000	3	1	0.0
2024-05-15		VFB_001028lt		7	1	4.0
2024-05-15		VFB_001028lt	VFB_00200000	7	2	0.0
2024-05-15		VFB_001029fh		4	1	10.0
2024-05-15		VFB_001029fh	VFB_00101567	4	2	0.0
2024-05-15		VFB_001029fu		7	1	14.0
2024-05-15		VFB_001029fu	VFB_00101567	5	3	0.0
2024-05-15		VFB_00102dyq		3	1	0.0
2024-05-15		VFB_00102dyq	VFB_00200000	3	1	0.0
2024-05-15		VFB_00102f9h		4	1	2.0
2024-05-15		VFB_00102f9h	VFB_00050000	2	1	0.0
2024-05-15		VFB_00102f9h	VFB_00101567	2	2	0.0
2024-05-15		VFB_00200000	VFB_00200000	1	1	84.0
2024-05-15		VFB_jrch01fe		19	1	0.0
2024-05-15		VFB_jrch01fe	VFB_00101567	19	1	0.0
2024-05-15		VFB_jrch080r		6	1	0.0
2024-05-15		VFB_jrch080r	VFB_00101567	6	1	0.0
2024-05-15		VFB_jrchjtyk		5	1	0.0
2024-05-15		VFB_jrchjtyk	VFB_00101567	5	1	0.0
2024-05-15		VFB_jrchjuy9		1	1	19.0
2024-05-15		VFB_jrchjuy9	VFB_00101567	1	1	0.0
2024-05-15		VFB_jrchk103		2	1	9.0
2024-05-15		VFB_jrchk103	VFB_00101567	2	2	0.0
2024-05-15		VFB_jrchk3bu		9	1	135.0
2024-05-15		VFB_jrchk3bu	VFB_00101567	9	2	0.0
2024-05-15		VFB_jrchk45t		1	1	33.0
2024-05-15		VFB_jrchk45t	VFB_00101567	1	1	0.0
2024-05-15		VFB_jrcvimrw		10	1	38.0
2024-05-15		VFB_jrcvimrw	VFB_00200000	10	2	0.0
2024-05-15		VFBexp_FBtp0057		1	1	0.0
2024-05-15		VFBexp_FBtp0057	VFB_00101567	1	1	0.0
2024-05-15		VFBexp_FBtp0058		1	1	0.0
2024-05-15		VFBexp_FBtp0058	VFB_00101567	1	1	0.0
2024-05-15		VFBexp_FBtp0059		1	1	0.0
2024-05-15		VFBexp_FBtp0059	VFB_00101567	1	1	0.0
2024-05-15		VFBexp_FBtp0060		1	1	0.0
2024-05-15		VFBexp_FBtp0060	VFB_00101567	1	1	0.0
2024-05-15		VFBexp_FBtp0062		1	1	0.0
2024-05-15		VFBexp_FBtp0062	VFB_00101567	1	1	0.0
2024-05-15		VFBexp_FBtp0063		3	3	0.0
2024-05-15		VFBexp_FBtp0063	VFB_00101567	3	3	0.0
2024-05-15		VFBexp_FBtp0064		1	1	0.0
2024-05-15		VFBexp_FBtp0064	VFB_00101567	1	1	0.0
2024-05-15		VFBexp_FBtp0118		1	1	0.0
2024-05-15		VFBexp_FBtp0118	VFB_00101567	1	1	0.0
2024-05-15		VFBexp_FBtp0122		1	1	0.0
2024-05-15		VFBexp_FBtp0122	VFB_00101567	1	1	0.0
2024-05-15	v2.virtualflybrain.org	FBbt_00003624	VFB_00101567	2	4	123.0
2024-05-15	v2.virtualflybrain.org	FBbt_00003678	VFB_00101567	0	3	74.0
2024-05-15	v2.virtualflybrain.org	FBbt_00003679	VFB_00101567	8	4	48.0
2024-05-15	v2.virtualflybrain.org	FBbt_00003748	VFB_00101567	0	2	27.0
2024-05-15	v2.virtualflybrain.org	FBbt_00007053	VFB_00101567	0	1	11.0
2024-05-15	v2.virtualflybrain.org	FBbt_00014013	VFB_00101567	1	2	17.0
2024-05-15	v2.virtualflybrain.org	FBbt_00040041	VFB_00101567	0	3	105.0
2024-05-15	v2.virtualflybrain.org	FBbt_00040043	VFB_00101567	0	3	37.0
2024-05-15	v2.virtualflybrain.org	FBbt_00040049	VFB_00101567	0	2	35.0
2024-05-15	v2.virtualflybrain.org	FBbt_00045027	VFB_00101567	0	2	26.0
2024-05-15	v2.virtualflybrain.org	FBbt_00045048	VFB_00101567	0	1	11.0
2024-05-15	v2.virtualflybrain.org	FBbt_00045051	VFB_00101567	0	1	3.0
2024-05-15	v2.virtualflybrain.org	FBbt_00047035	VFB_00101567	0	1	27.0
2024-05-15	v2.virtualflybrain.org	FBbt_00047095	VFB_00101567	0	1	13.0
2024-05-15	v2.virtualflybrain.org	FBbt_00047887	VFB_00101567	0	2	1282.0
2024-05-15	v2.virtualflybrain.org	FBbt_00048113	VFB_00101567	0	1	34.0
2024-05-15	v2.virtualflybrain.org	FBbt_00048114	VFB_00101567	2	2	0.0
2024-05-15	v2.virtualflybrain.org	FBbt_00048274	VFB_00120000	3	1	0.0
2024-05-15	v2.virtualflybrain.org	FBbt_00049136	VFB_00101567	0	1	0.0
2024-05-15	v2.virtualflybrain.org	FBbt_00049483	VFB_00101567	0	1	63.0
2024-05-15	v2.virtualflybrain.org	FBbt_00049484	VFB_00101567	0	1	28.0
2024-05-15	v2.virtualflybrain.org	FBbt_00049526	VFB_00101567	1	2	77.0
2024-05-15	v2.virtualflybrain.org	FBbt_00049532	VFB_00101567	0	1	20.0
2024-05-15	v2.virtualflybrain.org	FBbt_00049561	VFB_00200000	5	1	0.0
2024-05-15	v2.virtualflybrain.org	FBbt_00050167	VFB_00050000	1	1	45.0
2024-05-15	v2.virtualflybrain.org	FBbt_00050168	VFB_00050000	0	2	34.0
2024-05-15	v2.virtualflybrain.org	FBbt_00051068	VFB_00101567	0	1	0.0
2024-05-15	v2.virtualflybrain.org	FBbt_00051393	VFB_00101567	0	1	2.0
2024-05-15	v2.virtualflybrain.org	FBbt_00052351	VFB_00101567	0	1	0.0
2024-05-15	v2.virtualflybrain.org	FBbt_00067123	VFB_00101567	2	1	0.0
2024-05-15	v2.virtualflybrain.org	FBbt_00100219	VFB_00101567	0	1	16.0
2024-05-15	v2.virtualflybrain.org	FBbt_00100652	VFB_00101567	0	1	17.0
2024-05-15	v2.virtualflybrain.org	FBbt_00110158	VFB_00050000	0	1	19.0
2024-05-15	v2.virtualflybrain.org	FBbt_00110636	VFB_00101567	1	2	15.0
2024-05-15	v2.virtualflybrain.org	FBbt_00110638	VFB_00101567	1	2	110.0
2024-05-15	v2.virtualflybrain.org	FBbt_00110639	VFB_00101567	0	2	26.0
2024-05-15	v2.virtualflybrain.org	FBbt_00110869	VFB_00101567	0	1	15.0
2024-05-15	v2.virtualflybrain.org	FBbt_00110872	VFB_00101567	0	2	225.0
2024-05-15	v2.virtualflybrain.org	FBbt_00111025	VFB_00101567	2	2	0.0
2024-05-15	v2.virtualflybrain.org	FBbt_00111316	VFB_00101567	0	1	19.0
2024-05-15	v2.virtualflybrain.org	FBbt_20001291	VFB_00101567	7	1	0.0
2024-05-15	v2.virtualflybrain.org	VFB_00022219		1	1	4.0
2024-05-15	v2.virtualflybrain.org	VFB_00022219	VFB_00017894	1	2	0.0
2024-05-15	v2.virtualflybrain.org	VFB_00022219	VFB_00101567	2	3	274.0
2024-05-15	v2.virtualflybrain.org	VFB_00030856	VFB_00101567	0	2	51.0
2024-05-15	v2.virtualflybrain.org	VFB_00030867	VFB_00101567	6	1	0.0
2024-05-15	v2.virtualflybrain.org	VFB_00049000	VFB_00049000	18	2	0.0
2024-05-15	v2.virtualflybrain.org	VFB_00050000	VFB_00050000	0	5	23.0
2024-05-15	v2.virtualflybrain.org	VFB_00100077	VFB_00050000	1	3	71.0
2024-05-15	v2.virtualflybrain.org	VFB_00100077	VFB_00101567	2	2	26.0
2024-05-15	v2.virtualflybrain.org	VFB_00100xp3	VFB_00101567	0	1	0.0
2024-05-15	v2.virtualflybrain.org	VFB_001012qa	VFB_00101567	24	1	0.0
2024-05-15	v2.virtualflybrain.org	VFB_001014uq	VFB_00101567	2	2	2.0
2024-05-15	v2.virtualflybrain.org	VFB_00101567	VFB_00101567	33	58	726.0
2024-05-15	v2.virtualflybrain.org	VFB_00101b5r	VFB_00101567	0	1	68.0
2024-05-15	v2.virtualflybrain.org	VFB_00101tcu	VFB_00101567	1	2	56.0
2024-05-15	v2.virtualflybrain.org	VFB_00101td5	VFB_00101567	1	2	22.0
2024-05-15	v2.virtualflybrain.org	VFB_00102110	VFB_00101567	13	1	0.0
2024-05-15	v2.virtualflybrain.org	VFB_00102114	VFB_00101567	1	1	4.0
2024-05-15	v2.virtualflybrain.org	VFB_00102118	VFB_00101567	1	1	1.0
2024-05-15	v2.virtualflybrain.org	VFB_00102119	VFB_00101567	1	1	0.0
2024-05-15	v2.virtualflybrain.org	VFB_00102121	VFB_00101567	1	1	4.0
2024-05-15	v2.virtualflybrain.org	VFB_00102123	VFB_00101567	1	1	9.0
2024-05-15	v2.virtualflybrain.org	VFB_00102124	VFB_00101567	1	1	3.0
2024-05-15	v2.virtualflybrain.org	VFB_00102133	VFB_00101567	1	1	1.0
2024-05-15	v2.virtualflybrain.org	VFB_00102139	VFB_00101567	0	1	7.0
2024-05-15	v2.virtualflybrain.org	VFB_00102140	VFB_00101567	0	1	1.0
2024-05-15	v2.virtualflybrain.org	VFB_00102141	VFB_00101567	0	1	4.0
2024-05-15	v2.virtualflybrain.org	VFB_00102146	VFB_00101567	0	1	5.0
2024-05-15	v2.virtualflybrain.org	VFB_00102152	VFB_00101567	0	1	3.0
2024-05-15	v2.virtualflybrain.org	VFB_00102154	VFB_00101567	0	1	1.0
2024-05-15	v2.virtualflybrain.org	VFB_00102159	VFB_00101567	1	3	5.0
2024-05-15	v2.virtualflybrain.org	VFB_00102170	VFB_00101567	1	1	0.0
2024-05-15	v2.virtualflybrain.org	VFB_00102201	VFB_00101567	0	1	4.0
2024-05-15	v2.virtualflybrain.org	VFB_00102212	VFB_00101567	0	1	0.0
2024-05-15	v2.virtualflybrain.org	VFB_00102271	VFB_00101567	0	3	9.0
2024-05-15	v2.virtualflybrain.org	VFB_00102273	VFB_00101567	0	2	11.0
2024-05-15	v2.virtualflybrain.org	VFB_00102274	VFB_00101567	0	1	0.0
2024-05-15	v2.virtualflybrain.org	VFB_00102275	VFB_00101567	0	1	9.0
2024-05-15	v2.virtualflybrain.org	VFB_00102276	VFB_00101567	0	1	125.0
2024-05-15	v2.virtualflybrain.org	VFB_00102280	VFB_00101567	0	1	7.0
2024-05-15	v2.virtualflybrain.org	VFB_00102512	VFB_00101567	0	1	20.0
2024-05-15	v2.virtualflybrain.org	VFB_001028ls	VFB_00050000	3	1	0.0
2024-05-15	v2.virtualflybrain.org	VFB_001028lt	VFB_00200000	7	2	0.0
2024-05-15	v2.virtualflybrain.org	VFB_001028xr		1	1	1.0
2024-05-15	v2.virtualflybrain.org	VFB_001028xr	VFB_001028xr	1	2	6.0
2024-05-15	v2.virtualflybrain.org	VFB_001029fh	VFB_00101567	2	2	0.0
2024-05-15	v2.virtualflybrain.org	VFB_001029fu	VFB_00101567	0	3	6.0
2024-05-15	v2.virtualflybrain.org	VFB_00102dyq	VFB_00200000	3	1	0.0
2024-05-15	v2.virtualflybrain.org	VFB_00102f9h	VFB_00050000	2	2	0.0
2024-05-15	v2.virtualflybrain.org	VFB_00102f9h	VFB_00101567	0	2	17.0
2024-05-15	v2.virtualflybrain.org	VFB_00120000	VFB_00120000	0	1	0.0
2024-05-15	v2.virtualflybrain.org	VFB_00200000	VFB_00200000	1	6	10.0
2024-05-15	v2.virtualflybrain.org	VFB_jrch01fe	VFB_00101567	19	1	0.0
2024-05-15	v2.virtualflybrain.org	VFB_jrch080r	VFB_00101567	7	1	0.0
2024-05-15	v2.virtualflybrain.org	VFB_jrchjtyk	VFB_00101567	5	2	0.0
2024-05-15	v2.virtualflybrain.org	VFB_jrchjuy9	VFB_00101567	1	1	0.0
2024-05-15	v2.virtualflybrain.org	VFB_jrchk103	VFB_00101567	0	2	20.0
2024-05-15	v2.virtualflybrain.org	VFB_jrchk3bu	VFB_00101567	0	2	9.0
2024-05-15	v2.virtualflybrain.org	VFB_jrchk45t	VFB_00101567	0	1	26.0
2024-05-15	v2.virtualflybrain.org	VFB_jrcvimrw	VFB_00200000	1	2	10.0
2024-05-15	v2.virtualflybrain.org	VFBexp_FBtp0057	VFB_00101567	0	1	29.0
2024-05-15	v2.virtualflybrain.org	VFBexp_FBtp0058	VFB_00101567	0	1	13.0
2024-05-15	v2.virtualflybrain.org	VFBexp_FBtp0059	VFB_00101567	0	1	10.0
2024-05-15	v2.virtualflybrain.org	VFBexp_FBtp0060	VFB_00101567	0	1	0.0
2024-05-15	v2.virtualflybrain.org	VFBexp_FBtp0062	VFB_00101567	0	2	20.0
2024-05-15	v2.virtualflybrain.org	VFBexp_FBtp0063	VFB_00101567	0	3	54.0
2024-05-15	v2.virtualflybrain.org	VFBexp_FBtp0064	VFB_00101567	0	1	52.0
2024-05-15	v2.virtualflybrain.org	VFBexp_FBtp0118	VFB_00101567	0	1	24.0
2024-05-15	v2.virtualflybrain.org	VFBexp_FBtp0122		1	1	1.0
2024-05-16		FBbt_00001572		4	1	29.0
2024-05-16		FBbt_00001572	VFB_00050000	1	1	0.0
2024-05-16		FBbt_00001572	VFB_00101567	2	1	0.0
2024-05-16		FBbt_00003624		10	7	0.0
2024-05-16		FBbt_00003624	VFB_00101567	11	7	0.0
2024-05-16		FBbt_00003632		2	1	0.0
2024-05-16		FBbt_00003632	VFB_00101567	2	1	0.0
2024-05-16		FBbt_00003668		2	2	0.0
2024-05-16		FBbt_00003668	VFB_00101384	1	1	0.0
2024-05-16		FBbt_00003668	VFB_00101567	1	1	0.0
2024-05-16		FBbt_00003678		1	1	0.0
2024-05-16		FBbt_00003678	VFB_00101567	1	1	0.0
2024-05-16		FBbt_00003679		4	3	0.0
2024-05-16		FBbt_00003679	VFB_00101567	4	3	0.0
2024-05-16		FBbt_00003680		5	1	0.0
2024-05-16		FBbt_00003680	VFB_00101567	5	1	0.0
2024-05-16		FBbt_00003681		6	3	1.0
2024-05-16		FBbt_00003681	VFB_00101567	6	3	0.0
2024-05-16		FBbt_00003684		1	1	0.0
2024-05-16		FBbt_00003684	VFB_00101567	2	1	0.0
2024-05-16		FBbt_00003701		1	1	0.0
2024-05-16		FBbt_00003701	VFB_00101567	1	1	0.0
2024-05-16		FBbt_00003731		10	1	0.0
2024-05-16		FBbt_00003731	VFB_00101567	18	3	0.0
2024-05-16		FBbt_00003748		8	4	0.0
2024-05-16		FBbt_00003748	VFB_00101567	10	5	0.0
2024-05-16		FBbt_00004046		1	1	0.0
2024-05-16		FBbt_00004046	VFB_00101567	1	1	0.0
2024-05-16		FBbt_00005123		2	1	0.0
2024-05-16		FBbt_00005123	VFB_00101567	2	1	0.0
2024-05-16		FBbt_00007050		1	1	0.0
2024-05-16		FBbt_00007050	VFB_00101567	1	1	0.0
2024-05-16		FBbt_00007054		8	1	11.0
2024-05-16		FBbt_00007054	VFB_00101567	7	2	0.0
2024-05-16		FBbt_00007055		4	2	8.0
2024-05-16		FBbt_00007055	VFB_00101567	4	2	0.0
2024-05-16		FBbt_00007106		2	1	22.0
2024-05-16		FBbt_00007106	VFB_00101567	2	1	0.0
2024-05-16		FBbt_00007107		2	1	18.0
2024-05-16		FBbt_00007107	VFB_00101567	2	1	0.0
2024-05-16		FBbt_00007115		8	1	0.0
2024-05-16		FBbt_00007115	VFB_00050000	8	1	0.0
2024-05-16		FBbt_00007333		11	1	0.0
2024-05-16		FBbt_00007333	VFB_00101567	12	4	0.0
2024-05-16		FBbt_00007453		3	2	0.0
2024-05-16		FBbt_00007453	VFB_00101567	3	2	0.0
2024-05-16		FBbt_00007487		1	1	0.0
2024-05-16		FBbt_00007487	VFB_00101567	1	1	0.0
2024-05-16		FBbt_00007488		1	1	0.0
2024-05-16		FBbt_00007488	VFB_00101384	1	1	0.0
2024-05-16		FBbt_00007490		1	1	0.0
2024-05-16		FBbt_00007490	VFB_00101384	1	1	0.0
2024-05-16		FBbt_00007491		1	1	0.0
2024-05-16		FBbt_00007491	VFB_00101384	1	1	0.0
2024-05-16		FBbt_00007492		1	1	0.0
2024-05-16		FBbt_00007492	VFB_00101384	1	1	0.0
2024-05-16		FBbt_00007493		1	1	0.0
2024-05-16		FBbt_00007493	VFB_00101384	1	1	0.0
2024-05-16		FBbt_00014013		1	1	0.0
2024-05-16		FBbt_00014013	VFB_00101567	1	1	0.0
2024-05-16		FBbt_00040035		2	1	10.0
2024-05-16		FBbt_00040035	VFB_00101567	2	1	0.0
2024-05-16		FBbt_00040041		4	3	0.0
2024-05-16		FBbt_00040041	VFB_00101567	4	3	0.0
2024-05-16		FBbt_00040042		2	1	0.0
2024-05-16		FBbt_00040042	VFB_00101567	2	1	0.0
2024-05-16		FBbt_00040048		1	1	0.0
2024-05-16		FBbt_00040048	VFB_00101567	1	1	0.0
2024-05-16		FBbt_00040050		2	1	0.0
2024-05-16		FBbt_00040050	VFB_00101567	2	1	0.0
2024-05-16		FBbt_00045027		8	1	0.0
2024-05-16		FBbt_00045027	VFB_00101567	9	2	0.0
2024-05-16		FBbt_00045048		2	2	0.0
2024-05-16		FBbt_00045048	VFB_00101567	2	2	0.0
2024-05-16		FBbt_00045051		1	1	0.0
2024-05-16		FBbt_00045051	VFB_00101567	1	1	0.0
2024-05-16		FBbt_00047032		1	1	0.0
2024-05-16		FBbt_00047032	VFB_00101384	1	1	0.0
2024-05-16		FBbt_00047642		6	1	24.0
2024-05-16		FBbt_00047642	VFB_00101567	4	1	0.0
2024-05-16		FBbt_00047887		2	1	0.0
2024-05-16		FBbt_00047887	VFB_00101567	2	1	0.0
2024-05-16		FBbt_00047953		1	1	1.0
2024-05-16		FBbt_00047953	VFB_00101567	1	1	0.0
2024-05-16		FBbt_00048114		23	1	0.0
2024-05-16		FBbt_00048114	VFB_00101567	23	1	0.0
2024-05-16		FBbt_00048516		1	1	0.0
2024-05-16		FBbt_00048516	VFB_00101567	1	1	0.0
2024-05-16		FBbt_00049136		6	1	0.0
2024-05-16		FBbt_00049136	VFB_00101567	6	1	0.0
2024-05-16		FBbt_00049483		1	1	0.0
2024-05-16		FBbt_00049483	VFB_00101567	1	1	0.0
2024-05-16		FBbt_00049484		1	1	1.0
2024-05-16		FBbt_00049484	VFB_00101567	1	1	0.0
2024-05-16		FBbt_00049919		5	1	0.0
2024-05-16		FBbt_00049919	VFB_00101567	5	1	0.0
2024-05-16		FBbt_00051228		1	1	0.0
2024-05-16		FBbt_00051228	VFB_00101567	1	1	0.0
2024-05-16		FBbt_00051293		6	1	20.0
2024-05-16		FBbt_00051293	VFB_00101567	6	2	0.0
2024-05-16		FBbt_00051425		3	1	0.0
2024-05-16		FBbt_00051425	VFB_00101567	3	1	0.0
2024-05-16		FBbt_00051426		1	1	0.0
2024-05-16		FBbt_00051426	VFB_00101567	1	1	0.0
2024-05-16		FBbt_00067123		1	1	0.0
2024-05-16		FBbt_00067123	VFB_00101567	1	1	0.0
2024-05-16		FBbt_00110592		1	1	0.0
2024-05-16		FBbt_00110592	VFB_00101567	1	1	0.0
2024-05-16		FBbt_00110593		1	1	0.0
2024-05-16		FBbt_00110593	VFB_00101567	1	1	0.0
2024-05-16		FBbt_00110636		1	1	0.0
2024-05-16		FBbt_00110636	VFB_00101567	1	1	0.0
2024-05-16		FBbt_00110639		3	1	8.0
2024-05-16		FBbt_00110639	VFB_00101567	3	1	0.0
2024-05-16		FBbt_00110655		1	1	0.0
2024-05-16		FBbt_00110655	VFB_00101384	1	1	0.0
2024-05-16		FBbt_00110656		1	1	0.0
2024-05-16		FBbt_00110656	VFB_00101384	1	1	0.0
2024-05-16		FBbt_00111225		2	1	0.0
2024-05-16		FBbt_00111225	VFB_00101567	2	1	0.0
2024-05-16		FBbt_00111763		1	1	0.0
2024-05-16		FBbt_00111763	VFB_00101567	6	1	0.0
2024-05-16		FBbt_20001530		14	1	34.0
2024-05-16		FBbt_20001530	VFB_00101567	14	2	0.0
2024-05-16		FBbt_20001814		1	1	0.0
2024-05-16		FBbt_20001814	VFB_00101567	1	1	0.0
2024-05-16		VFB_00000490		5	1	25.0
2024-05-16		VFB_00000490	VFB_00101567	5	2	0.0
2024-05-16		VFB_00017907		3	1	7.0
2024-05-16		VFB_00017907	VFB_00101567	3	2	0.0
2024-05-16		VFB_00022219		6	2	30.0
2024-05-16		VFB_00022219	VFB_00101567	6	2	0.0
2024-05-16		VFB_00030849		4	1	7.0
2024-05-16		VFB_00030849	VFB_00017894	1	1	0.0
2024-05-16		VFB_00030849	VFB_00101567	3	1	0.0
2024-05-16		VFB_00030856		6	1	5.0
2024-05-16		VFB_00030856	VFB_00101567	6	1	0.0
2024-05-16		VFB_00030867		8	2	4.0
2024-05-16		VFB_00030867	VFB_00017894	1	1	0.0
2024-05-16		VFB_00030867	VFB_00101567	7	2	0.0
2024-05-16		VFB_00050000	VFB_00050000	1	1	0.0
2024-05-16		VFB_001001dr		6	1	1.0
2024-05-16		VFB_001001dr	VFB_00101567	6	1	0.0
2024-05-16		VFB_00100246		5	1	4.0
2024-05-16		VFB_00100246	VFB_00050000	1	1	0.0
2024-05-16		VFB_00100246	VFB_00101567	4	1	0.0
2024-05-16		VFB_00100917		1	1	0.0
2024-05-16		VFB_00100917	VFB_00050000	3	1	0.0
2024-05-16		VFB_00100923		9	1	242.0
2024-05-16		VFB_00100923	VFB_00050000	7	2	0.0
2024-05-16		VFB_00100ww0		5	1	3.0
2024-05-16		VFB_00100ww0	VFB_00101567	5	1	0.0
2024-05-16		VFB_00100xp3		1	1	0.0
2024-05-16		VFB_00100xp3	VFB_00101567	1	1	0.0
2024-05-16		VFB_00101017		7	1	235.0
2024-05-16		VFB_00101017	VFB_00050000	1	1	0.0
2024-05-16		VFB_00101017	VFB_00101567	6	1	0.0
2024-05-16		VFB_001011dc		3	1	5.0
2024-05-16		VFB_001011dc	VFB_00101384	1	1	0.0
2024-05-16		VFB_001011dc	VFB_00101567	2	1	0.0
2024-05-16		VFB_001011dd		2	1	12.0
2024-05-16		VFB_001011dd	VFB_00101384	2	1	0.0
2024-05-16		VFB_001011de		2	1	4.0
2024-05-16		VFB_001011de	VFB_00101384	2	1	0.0
2024-05-16		VFB_001011df		2	1	1.0
2024-05-16		VFB_001011df	VFB_00101384	2	1	0.0
2024-05-16		VFB_001011dg		3	1	13.0
2024-05-16		VFB_001011dg	VFB_00101384	8	2	0.0
2024-05-16		VFB_001011dh		2	1	4.0
2024-05-16		VFB_001011dh	VFB_00101384	2	1	0.0
2024-05-16		VFB_001011di		2	1	1.0
2024-05-16		VFB_001011di	VFB_00101384	2	1	0.0
2024-05-16		VFB_001011dj		2	1	2.0
2024-05-16		VFB_001011dj	VFB_00101384	2	1	0.0
2024-05-16		VFB_001011dk		2	1	3.0
2024-05-16		VFB_001011dk	VFB_00101384	2	1	0.0
2024-05-16		VFB_001011kp		8	1	0.0
2024-05-16		VFB_001011kp	VFB_00050000	1	1	0.0
2024-05-16		VFB_001011kp	VFB_00101567	7	1	0.0
2024-05-16		VFB_001011r3		7	1	2.0
2024-05-16		VFB_001011r3	VFB_00101567	6	2	0.0
2024-05-16		VFB_001011wu		5	1	3.0
2024-05-16		VFB_001011wu	VFB_00101567	5	2	0.0
2024-05-16		VFB_0010126k		6	1	0.0
2024-05-16		VFB_0010126k	VFB_00101567	6	1	0.0
2024-05-16		VFB_001012bu		3	1	3.0
2024-05-16		VFB_001012bu	VFB_00101567	3	2	0.0
2024-05-16		VFB_001012qa		24	1	0.0
2024-05-16		VFB_001012qa	VFB_00101567	24	1	0.0
2024-05-16		VFB_00101401		2	1	2.0
2024-05-16		VFB_00101401	VFB_00101384	2	1	0.0
2024-05-16		VFB_001014dx		4	1	0.0
2024-05-16		VFB_001014dx	VFB_00101567	2	1	0.0
2024-05-16		VFB_00101567		101	29	557.0
2024-05-16		VFB_00101567	VFB_00101567	120	41	0.0
2024-05-16		VFB_001015a0		2	1	1.0
2024-05-16		VFB_001015a0	VFB_00050000	1	1	0.0
2024-05-16		VFB_001015a0	VFB_00101567	1	1	0.0
2024-05-16		VFB_001015hd		4	1	18.0
2024-05-16		VFB_001015hd	VFB_00101567	4	2	0.0
2024-05-16		VFB_00101681		2	1	1.0
2024-05-16		VFB_00101681	VFB_00050000	1	1	0.0
2024-05-16		VFB_00101681	VFB_00101567	1	1	0.0
2024-05-16		VFB_00101td5		15	1	0.0
2024-05-16		VFB_00101td5	VFB_00101567	15	1	0.0
2024-05-16		VFB_00101yan		3	1	6.0
2024-05-16		VFB_00101yan	VFB_00101567	5	2	0.0
2024-05-16		VFB_00102107		4	1	5.0
2024-05-16		VFB_00102107	VFB_00101567	4	1	0.0
2024-05-16		VFB_00102108		1	1	0.0
2024-05-16		VFB_00102108	VFB_00101567	1	1	0.0
2024-05-16		VFB_00102123		2	1	0.0
2024-05-16		VFB_00102123	VFB_00101567	2	1	0.0
2024-05-16		VFB_00102124		2	1	0.0
2024-05-16		VFB_00102124	VFB_00101567	2	1	0.0
2024-05-16		VFB_00102133		2	1	1.0
2024-05-16		VFB_00102133	VFB_00101567	2	1	0.0
2024-05-16		VFB_00102134		2	1	0.0
2024-05-16		VFB_00102134	VFB_00101567	2	1	0.0
2024-05-16		VFB_00102135		4	2	6.0
2024-05-16		VFB_00102135	VFB_00101567	4	2	0.0
2024-05-16		VFB_00102137		2	1	0.0
2024-05-16		VFB_00102137	VFB_00101567	2	1	0.0
2024-05-16		VFB_00102139		6	3	0.0
2024-05-16		VFB_00102139	VFB_00101567	6	4	0.0
2024-05-16		VFB_00102140		6	2	25.0
2024-05-16		VFB_00102140	VFB_00101567	6	3	0.0
2024-05-16		VFB_00102141		5	2	0.0
2024-05-16		VFB_00102141	VFB_00101567	4	2	0.0
2024-05-16		VFB_00102159		2	1	1.0
2024-05-16		VFB_00102159	VFB_00101567	2	1	0.0
2024-05-16		VFB_00102162		3	1	2.0
2024-05-16		VFB_00102162	VFB_00101567	3	2	0.0
2024-05-16		VFB_00102271		1	1	0.0
2024-05-16		VFB_00102271	VFB_00101567	1	1	0.0
2024-05-16		VFB_00102273		1	1	0.0
2024-05-16		VFB_00102273	VFB_00101567	1	1	0.0
2024-05-16		VFB_00102275		1	1	23.0
2024-05-16		VFB_00102275	VFB_00101567	1	1	0.0
2024-05-16		VFB_00102276		1	1	0.0
2024-05-16		VFB_00102276	VFB_00101567	1	1	0.0
2024-05-16		VFB_00102280		1	1	0.0
2024-05-16		VFB_00102280	VFB_00101567	1	1	0.0
2024-05-16		VFB_00102282		2	1	0.0
2024-05-16		VFB_00102282	VFB_00101567	2	1	0.0
2024-05-16		VFB_001029aq		3	1	2.0
2024-05-16		VFB_001029aq	VFB_00101567	3	2	0.0
2024-05-16		VFB_001029d7		3	1	2.0
2024-05-16		VFB_001029d7	VFB_00101567	3	2	0.0
2024-05-16		VFB_001029d8		2	1	1.0
2024-05-16		VFB_001029d8	VFB_00101567	2	1	0.0
2024-05-16		VFB_001029fh		8	1	2.0
2024-05-16		VFB_001029fh	VFB_00101567	8	2	0.0
2024-05-16		VFB_001029fu		5	1	2.0
2024-05-16		VFB_001029fu	VFB_00101567	5	3	0.0
2024-05-16		VFB_001029fx		3	1	3.0
2024-05-16		VFB_001029fx	VFB_00101567	3	2	0.0
2024-05-16		VFB_001029g0		1	1	0.0
2024-05-16		VFB_001029g0	VFB_00101567	1	1	0.0
2024-05-16		VFB_00102elm		2	1	12.0
2024-05-16		VFB_00102elm	VFB_00101567	2	1	0.0
2024-05-16		VFB_00102eox		2	1	0.0
2024-05-16		VFB_00102eox	VFB_00050000	1	1	0.0
2024-05-16		VFB_00102eox	VFB_00101567	1	1	0.0
2024-05-16		VFB_00102f7a		1	1	0.0
2024-05-16		VFB_00102f7a	VFB_00101567	1	1	0.0
2024-05-16		VFB_00102fg8		1	1	0.0
2024-05-16		VFB_00102fg8	VFB_00050000	1	1	0.0
2024-05-16		VFB_00102fgk		1	1	0.0
2024-05-16		VFB_00102fgk	VFB_00050000	1	1	0.0
2024-05-16		VFB_jrch080r		23	1	0.0
2024-05-16		VFB_jrch080r	VFB_00101567	23	1	0.0
2024-05-16		VFB_jrchjtgc		2	1	3.0
2024-05-16		VFB_jrchjtgc	VFB_00101567	4	1	0.0
2024-05-16		VFB_jrchju3k		12	1	14.0
2024-05-16		VFB_jrchju3k	VFB_00101384	10	2	0.0
2024-05-16		VFB_jrchjx7j		2	1	1.0
2024-05-16		VFB_jrchjx7j	VFB_00101567	2	1	0.0
2024-05-16		VFB_jrchk04m		6	1	256.0
2024-05-16		VFB_jrchk04m	VFB_00101567	1	1	0.0
2024-05-16		VFB_jrchk3bu		9	1	36.0
2024-05-16		VFB_jrchk3bu	VFB_00101384	8	3	0.0
2024-05-16		VFB_jrchk3bu	VFB_00101567	1	1	0.0
2024-05-16		VFB_jrchk3by		3	1	6.0
2024-05-16		VFB_jrchk3by	VFB_00101384	3	2	0.0
2024-05-16		VFB_jrchk3c0		3	1	6.0
2024-05-16		VFB_jrchk3c0	VFB_00101384	3	2	0.0
2024-05-16		VFB_jrchk3c2		3	1	8.0
2024-05-16		VFB_jrchk3c2	VFB_00101384	3	2	0.0
2024-05-16		VFB_jrchk3c3		3	1	4.0
2024-05-16		VFB_jrchk3c3	VFB_00101384	3	2	0.0
2024-05-16		VFB_jrchk3c6		3	1	6.0
2024-05-16		VFB_jrchk3c6	VFB_00101384	3	2	0.0
2024-05-16		VFB_jrchk3c7		13	1	266.0
2024-05-16		VFB_jrchk3c7	VFB_00101384	13	4	0.0
2024-05-16		VFB_jrchk3c9		2	1	8.0
2024-05-16		VFB_jrchk3c9	VFB_00101384	2	2	0.0
2024-05-16		VFB_jrchk3e0		8	1	13.0
2024-05-16		VFB_jrchk3e0	VFB_00101384	8	3	0.0
2024-05-16		VFB_jrchk3e7		3	1	2.0
2024-05-16		VFB_jrchk3e7	VFB_00101384	3	2	0.0
2024-05-16		VFB_jrchk3ed		1	1	0.0
2024-05-16		VFB_jrchk3ed	VFB_00101384	1	1	0.0
2024-05-16		VFB_jrchk3ej		1	1	0.0
2024-05-16		VFB_jrchk3ej	VFB_00101384	1	1	0.0
2024-05-16		VFB_jrchk3el		3	1	6.0
2024-05-16		VFB_jrchk3el	VFB_00101384	3	2	0.0
2024-05-16		VFB_jrchk3ep		3	1	1.0
2024-05-16		VFB_jrchk3ep	VFB_00101384	3	2	0.0
2024-05-16		VFB_jrchk3et		2	1	151.0
2024-05-16		VFB_jrchk3et	VFB_00101384	2	2	0.0
2024-05-16		VFB_jrchk3ev		8	1	98.0
2024-05-16		VFB_jrchk3ev	VFB_00101384	8	3	0.0
2024-05-16		VFB_jrchk3ex		5	1	4.0
2024-05-16		VFB_jrchk3ex	VFB_00101384	5	2	0.0
2024-05-16		VFB_jrchk3fb		3	1	1.0
2024-05-16		VFB_jrchk3fb	VFB_00101384	3	2	0.0
2024-05-16		VFB_jrchk3fl		1	1	0.0
2024-05-16		VFB_jrchk3fl	VFB_00101384	1	1	0.0
2024-05-16		VFB_jrchk3fo		3	1	5.0
2024-05-16		VFB_jrchk3fo	VFB_00101384	3	2	0.0
2024-05-16		VFB_jrchk3ft		1	1	0.0
2024-05-16		VFB_jrchk3ft	VFB_00101384	1	1	0.0
2024-05-16		VFB_jrchk3g1		1	1	0.0
2024-05-16		VFB_jrchk3g1	VFB_00101384	1	1	0.0
2024-05-16		VFB_jrchk3t8		1	1	0.0
2024-05-16		VFB_jrchk3t8	VFB_00101567	1	1	0.0
2024-05-16		VFB_jrchk7zv		3	2	0.0
2024-05-16		VFB_jrchk7zv	VFB_00101567	3	2	0.0
2024-05-16		VFB_jrchk7zw		4	2	1.0
2024-05-16		VFB_jrchk7zw	VFB_00101567	4	3	0.0
2024-05-16		VFB_jrchk7zx		3	2	0.0
2024-05-16		VFB_jrchk7zx	VFB_00101567	3	2	0.0
2024-05-16		VFB_jrchk7zy		9	2	27.0
2024-05-16		VFB_jrchk7zy	VFB_00101567	9	4	0.0
2024-05-16		VFB_jrchk7zz		7	2	1.0
2024-05-16		VFB_jrchk7zz	VFB_00101567	7	2	0.0
2024-05-16		VFB_jrchk800		3	2	1.0
2024-05-16		VFB_jrchk800	VFB_00101567	3	2	0.0
2024-05-16		VFB_jrchk801		5	2	1.0
2024-05-16		VFB_jrchk801	VFB_00101567	5	2	0.0
2024-05-16		VFB_jrchk802		3	2	1.0
2024-05-16		VFB_jrchk802	VFB_00101567	3	2	0.0
2024-05-16		VFB_jrchk803		7	2	1.0
2024-05-16		VFB_jrchk803	VFB_00101567	7	3	0.0
2024-05-16		VFB_jrchk804		7	2	1.0
2024-05-16		VFB_jrchk804	VFB_00101567	7	3	0.0
2024-05-16		VFB_jrchk805		9	2	2.0
2024-05-16		VFB_jrchk805	VFB_00101567	7	2	0.0
2024-05-16		VFB_jrchk806		3	2	1.0
2024-05-16		VFB_jrchk806	VFB_00101567	3	2	0.0
2024-05-16		VFB_jrchk807		12	2	1.0
2024-05-16		VFB_jrchk807	VFB_00101567	12	4	0.0
2024-05-16		VFB_jrchk83l		6	1	65.0
2024-05-16		VFB_jrchk83l	VFB_00101384	8	3	0.0
2024-05-16		VFB_jrchk844		6	1	9.0
2024-05-16		VFB_jrchk844	VFB_00101384	1	1	0.0
2024-05-16		VFB_jrchk87g		1	1	0.0
2024-05-16		VFB_jrchk87g	VFB_00101384	1	1	0.0
2024-05-16		VFB_jrchk88x		5	1	2.0
2024-05-16		VFB_jrchk88x	VFB_00101567	5	1	0.0
2024-05-16		VFBexp_FBti0077		1	1	0.0
2024-05-16		VFBexp_FBti0077	VFB_00050000	2	1	0.0
2024-05-16		VFBexp_FBti0186		3	1	0.0
2024-05-16		VFBexp_FBti0186	VFB_00101567	3	2	0.0
2024-05-16		VFBexp_FBtp0058		4	2	0.0
2024-05-16		VFBexp_FBtp0058	VFB_00101567	4	3	0.0
2024-05-16		VFBexp_FBtp0059		4	4	0.0
2024-05-16		VFBexp_FBtp0059	VFB_00101567	4	4	0.0
2024-05-16		VFBexp_FBtp0062		2	2	0.0
2024-05-16		VFBexp_FBtp0062	VFB_00101567	2	2	0.0
2024-05-16		VFBexp_FBtp0063		1	1	0.0
2024-05-16		VFBexp_FBtp0063	VFB_00101567	1	1	0.0
2024-05-16		VFBexp_FBtp0121		13	5	37.0
2024-05-16		VFBexp_FBtp0121	VFB_00101567	13	6	0.0
2024-05-16		VFBexp_FBtp0123		8	2	1.0
2024-05-16		VFBexp_FBtp0123	VFB_00101567	7	3	0.0
2024-05-16		VFBexp_FBtp0124		5	2	2.0
2024-05-16		VFBexp_FBtp0124	VFB_00101567	5	2	0.0
2024-05-16	v2.virtualflybrain.org	FBbt_00001572	VFB_00050000	0	1	61.0
2024-05-16	v2.virtualflybrain.org	FBbt_00001572	VFB_00101567	0	1	86.0
2024-05-16	v2.virtualflybrain.org	FBbt_00003624	VFB_00101567	0	8	212.0
2024-05-16	v2.virtualflybrain.org	FBbt_00003632	VFB_00101567	2	1	0.0
2024-05-16	v2.virtualflybrain.org	FBbt_00003668	VFB_00101384	0	1	40.0
2024-05-16	v2.virtualflybrain.org	FBbt_00003668	VFB_00101567	0	1	1.0
2024-05-16	v2.virtualflybrain.org	FBbt_00003678	VFB_00101567	0	1	3.0
2024-05-16	v2.virtualflybrain.org	FBbt_00003679	VFB_00101567	1	3	573.0
2024-05-16	v2.virtualflybrain.org	FBbt_00003680	VFB_00101567	4	2	11.0
2024-05-16	v2.virtualflybrain.org	FBbt_00003681	VFB_00101567	2	4	67.0
2024-05-16	v2.virtualflybrain.org	FBbt_00003684	VFB_00101567	0	1	51.0
2024-05-16	v2.virtualflybrain.org	FBbt_00003701	VFB_00101567	0	1	22.0
2024-05-16	v2.virtualflybrain.org	FBbt_00003731	VFB_00101567	0	4	55.0
2024-05-16	v2.virtualflybrain.org	FBbt_00003748	VFB_00101567	0	5	101.0
2024-05-16	v2.virtualflybrain.org	FBbt_00004046	VFB_00101567	0	1	0.0
2024-05-16	v2.virtualflybrain.org	FBbt_00004225	VFB_00101567	0	1	83.0
2024-05-16	v2.virtualflybrain.org	FBbt_00005123	VFB_00101567	0	1	12.0
2024-05-16	v2.virtualflybrain.org	FBbt_00007050	VFB_00101567	0	1	13.0
2024-05-16	v2.virtualflybrain.org	FBbt_00007054	VFB_00101567	0	3	11.0
2024-05-16	v2.virtualflybrain.org	FBbt_00007055	VFB_00101567	0	3	82.0
2024-05-16	v2.virtualflybrain.org	FBbt_00007106	VFB_00101567	0	1	0.0
2024-05-16	v2.virtualflybrain.org	FBbt_00007107	VFB_00101567	0	1	0.0
2024-05-16	v2.virtualflybrain.org	FBbt_00007115	VFB_00050000	0	2	113.0
2024-05-16	v2.virtualflybrain.org	FBbt_00007333	VFB_00101567	0	5	265.0
2024-05-16	v2.virtualflybrain.org	FBbt_00007453	VFB_00101567	0	2	32.0
2024-05-16	v2.virtualflybrain.org	FBbt_00007487	VFB_00101567	0	1	17.0
2024-05-16	v2.virtualflybrain.org	FBbt_00007488	VFB_00101384	0	1	68.0
2024-05-16	v2.virtualflybrain.org	FBbt_00007490	VFB_00101384	0	1	0.0
2024-05-16	v2.virtualflybrain.org	FBbt_00007491	VFB_00101384	0	1	60.0
2024-05-16	v2.virtualflybrain.org	FBbt_00007492	VFB_00101384	0	1	13.0
2024-05-16	v2.virtualflybrain.org	FBbt_00007493	VFB_00101384	0	1	16.0
2024-05-16	v2.virtualflybrain.org	FBbt_00014013	VFB_00101567	0	1	1.0
2024-05-16	v2.virtualflybrain.org	FBbt_00040035	VFB_00101567	0	1	0.0
2024-05-16	v2.virtualflybrain.org	FBbt_00040041	VFB_00101567	0	3	13.0
2024-05-16	v2.virtualflybrain.org	FBbt_00040042	VFB_00101567	2	1	0.0
2024-05-16	v2.virtualflybrain.org	FBbt_00040048	VFB_00101567	0	1	15.0
2024-05-16	v2.virtualflybrain.org	FBbt_00040050	VFB_00101567	0	1	15.0
2024-05-16	v2.virtualflybrain.org	FBbt_00045027	VFB_00101567	7	3	5.0
2024-05-16	v2.virtualflybrain.org	FBbt_00045048	VFB_00101567	0	2	60.0
2024-05-16	v2.virtualflybrain.org	FBbt_00045051	VFB_00101567	0	1	77.0
2024-05-16	v2.virtualflybrain.org	FBbt_00047032	VFB_00101384	0	1	7.0
2024-05-16	v2.virtualflybrain.org	FBbt_00047642	VFB_00101567	0	2	81.0
2024-05-16	v2.virtualflybrain.org	FBbt_00047887	VFB_00101567	0	1	7.0
2024-05-16	v2.virtualflybrain.org	FBbt_00047953	VFB_00101567	0	1	8.0
2024-05-16	v2.virtualflybrain.org	FBbt_00048114	VFB_00101567	23	1	0.0
2024-05-16	v2.virtualflybrain.org	FBbt_00048516		1	1	3.0
2024-05-16	v2.virtualflybrain.org	FBbt_00048516	VFB_00101567	0	1	5.0
2024-05-16	v2.virtualflybrain.org	FBbt_00049136	VFB_00101567	6	1	0.0
2024-05-16	v2.virtualflybrain.org	FBbt_00049483	VFB_00101567	0	1	21.0
2024-05-16	v2.virtualflybrain.org	FBbt_00049484	VFB_00101567	0	1	10.0
2024-05-16	v2.virtualflybrain.org	FBbt_00049919	VFB_00101567	5	2	161.0
2024-05-16	v2.virtualflybrain.org	FBbt_00051228	VFB_00101567	0	1	16.0
2024-05-16	v2.virtualflybrain.org	FBbt_00051255	VFB_00101567	1	1	0.0
2024-05-16	v2.virtualflybrain.org	FBbt_00051293	VFB_00101567	0	3	7.0
2024-05-16	v2.virtualflybrain.org	FBbt_00051425	VFB_00101567	1	2	86.0
2024-05-16	v2.virtualflybrain.org	FBbt_00051426	VFB_00101567	0	1	39.0
2024-05-16	v2.virtualflybrain.org	FBbt_00067123	VFB_00101567	1	1	0.0
2024-05-16	v2.virtualflybrain.org	FBbt_00100483	VFB_00101567	0	1	66.0
2024-05-16	v2.virtualflybrain.org	FBbt_00110592	VFB_00101567	0	1	22.0
2024-05-16	v2.virtualflybrain.org	FBbt_00110593	VFB_00101567	0	1	13.0
2024-05-16	v2.virtualflybrain.org	FBbt_00110636	VFB_00101567	0	1	4.0
2024-05-16	v2.virtualflybrain.org	FBbt_00110639	VFB_00101567	0	2	1.0
2024-05-16	v2.virtualflybrain.org	FBbt_00110655	VFB_00101384	0	1	63.0
2024-05-16	v2.virtualflybrain.org	FBbt_00110656	VFB_00101384	0	1	15.0
2024-05-16	v2.virtualflybrain.org	FBbt_00111225	VFB_00101567	0	1	140.0
2024-05-16	v2.virtualflybrain.org	FBbt_00111513	VFB_00101567	1	1	0.0
2024-05-16	v2.virtualflybrain.org	FBbt_00111763	VFB_00101567	0	1	21.0
2024-05-16	v2.virtualflybrain.org	FBbt_20001530	VFB_00101567	3	3	14.0
2024-05-16	v2.virtualflybrain.org	FBbt_20001814		1	1	1.0
2024-05-16	v2.virtualflybrain.org	FBbt_20001814	VFB_00101567	0	1	16.0
2024-05-16	v2.virtualflybrain.org	VFB_00000490	VFB_00101567	1	3	15.0
2024-05-16	v2.virtualflybrain.org	VFB_00017907	VFB_00101567	1	2	20.0
2024-05-16	v2.virtualflybrain.org	VFB_00022219	VFB_00101567	9	2	185.0
2024-05-16	v2.virtualflybrain.org	VFB_00030849	VFB_00017894	1	3	4.0
2024-05-16	v2.virtualflybrain.org	VFB_00030849	VFB_00101567	0	1	4.0
2024-05-16	v2.virtualflybrain.org	VFB_00030856	VFB_00101567	0	2	5.0
2024-05-16	v2.virtualflybrain.org	VFB_00030867	VFB_00017894	1	3	388.0
2024-05-16	v2.virtualflybrain.org	VFB_00030867	VFB_00101567	5	2	1.0
2024-05-16	v2.virtualflybrain.org	VFB_00050000	VFB_00050000	0	1	87.0
2024-05-16	v2.virtualflybrain.org	VFB_001001dr	VFB_00101567	4	1	35.0
2024-05-16	v2.virtualflybrain.org	VFB_00100246	VFB_00050000	1	3	62.0
2024-05-16	v2.virtualflybrain.org	VFB_00100246	VFB_00101567	0	2	27.0
2024-05-16	v2.virtualflybrain.org	VFB_00100917	VFB_00050000	0	1	151.0
2024-05-16	v2.virtualflybrain.org	VFB_00100923	VFB_00050000	0	1	0.0
2024-05-16	v2.virtualflybrain.org	VFB_00100ww0	VFB_00101567	0	1	88.0
2024-05-16	v2.virtualflybrain.org	VFB_00100xp3	VFB_00101567	2	2	0.0
2024-05-16	v2.virtualflybrain.org	VFB_00101017	VFB_00050000	1	2	1.0
2024-05-16	v2.virtualflybrain.org	VFB_00101017	VFB_00101567	0	2	141.0
2024-05-16	v2.virtualflybrain.org	VFB_001011dc	VFB_00101384	1	2	0.0
2024-05-16	v2.virtualflybrain.org	VFB_001011dc	VFB_00101567	0	2	9.0
2024-05-16	v2.virtualflybrain.org	VFB_001011dd	VFB_00101384	0	1	0.0
2024-05-16	v2.virtualflybrain.org	VFB_001011de	VFB_00101384	0	1	0.0
2024-05-16	v2.virtualflybrain.org	VFB_001011df	VFB_00101384	0	1	0.0
2024-05-16	v2.virtualflybrain.org	VFB_001011dg	VFB_00101384	0	1	0.0
2024-05-16	v2.virtualflybrain.org	VFB_001011dh	VFB_00101384	0	1	0.0
2024-05-16	v2.virtualflybrain.org	VFB_001011di	VFB_00101384	0	1	0.0
2024-05-16	v2.virtualflybrain.org	VFB_001011dj	VFB_00101384	0	1	0.0
2024-05-16	v2.virtualflybrain.org	VFB_001011dk	VFB_00101384	0	1	0.0
2024-05-16	v2.virtualflybrain.org	VFB_001011kp	VFB_00050000	1	3	3.0
2024-05-16	v2.virtualflybrain.org	VFB_001011kp	VFB_00101567	0	3	227.0
2024-05-16	v2.virtualflybrain.org	VFB_001011r3	VFB_00101567	0	2	1.0
2024-05-16	v2.virtualflybrain.org	VFB_001011wu	VFB_00101567	0	1	0.0
2024-05-16	v2.virtualflybrain.org	VFB_0010126k	VFB_00101567	6	1	0.0
2024-05-16	v2.virtualflybrain.org	VFB_001012bu	VFB_00101567	0	2	27.0
2024-05-16	v2.virtualflybrain.org	VFB_001012qa	VFB_00101567	24	1	0.0
2024-05-16	v2.virtualflybrain.org	VFB_00101384	VFB_00101384	0	1	0.0
2024-05-16	v2.virtualflybrain.org	VFB_00101401	VFB_00101384	0	1	0.0
2024-05-16	v2.virtualflybrain.org	VFB_001014dx	VFB_00101567	0	1	24.0
2024-05-16	v2.virtualflybrain.org	VFB_00101567	VFB_00101567	20	69	495.0
2024-05-16	v2.virtualflybrain.org	VFB_001015a0	VFB_00050000	1	3	12.0
2024-05-16	v2.virtualflybrain.org	VFB_001015a0	VFB_00101567	0	2	125.0
2024-05-16	v2.virtualflybrain.org	VFB_001015hd	VFB_00101567	0	2	0.0
2024-05-16	v2.virtualflybrain.org	VFB_00101681	VFB_00050000	1	3	21.0
2024-05-16	v2.virtualflybrain.org	VFB_00101681	VFB_00101567	0	1	24.0
2024-05-16	v2.virtualflybrain.org	VFB_00101o3a		1	1	4.0
2024-05-16	v2.virtualflybrain.org	VFB_00101td5	VFB_00101567	15	1	0.0
2024-05-16	v2.virtualflybrain.org	VFB_00101yan	VFB_00101567	0	1	3.0
2024-05-16	v2.virtualflybrain.org	VFB_00102107	VFB_00101567	0	1	0.0
2024-05-16	v2.virtualflybrain.org	VFB_00102108	VFB_00101567	0	1	8.0
2024-05-16	v2.virtualflybrain.org	VFB_00102110	VFB_00101567	0	1	0.0
2024-05-16	v2.virtualflybrain.org	VFB_00102123	VFB_00101567	0	1	14.0
2024-05-16	v2.virtualflybrain.org	VFB_00102124	VFB_00101567	0	1	1.0
2024-05-16	v2.virtualflybrain.org	VFB_00102133	VFB_00101567	0	1	1.0
2024-05-16	v2.virtualflybrain.org	VFB_00102134	VFB_00101567	0	1	0.0
2024-05-16	v2.virtualflybrain.org	VFB_00102135	VFB_00101567	0	2	0.0
2024-05-16	v2.virtualflybrain.org	VFB_00102137	VFB_00101567	0	1	40.0
2024-05-16	v2.virtualflybrain.org	VFB_00102139	VFB_00101567	0	2	54.0
2024-05-16	v2.virtualflybrain.org	VFB_00102140	VFB_00101567	0	3	1.0
2024-05-16	v2.virtualflybrain.org	VFB_00102141	VFB_00101567	0	3	39.0
2024-05-16	v2.virtualflybrain.org	VFB_00102159	VFB_00101567	0	1	9.0
2024-05-16	v2.virtualflybrain.org	VFB_00102162	VFB_00101567	0	1	0.0
2024-05-16	v2.virtualflybrain.org	VFB_00102271	VFB_00101567	0	1	11.0
2024-05-16	v2.virtualflybrain.org	VFB_00102273	VFB_00101567	0	1	10.0
2024-05-16	v2.virtualflybrain.org	VFB_00102275	VFB_00101567	0	1	2.0
2024-05-16	v2.virtualflybrain.org	VFB_00102276	VFB_00101567	0	1	5.0
2024-05-16	v2.virtualflybrain.org	VFB_00102280	VFB_00101567	0	1	16.0
2024-05-16	v2.virtualflybrain.org	VFB_00102282	VFB_00101567	0	1	0.0
2024-05-16	v2.virtualflybrain.org	VFB_001029aq	VFB_00101567	0	2	20.0
2024-05-16	v2.virtualflybrain.org	VFB_001029d7	VFB_00101567	0	1	0.0
2024-05-16	v2.virtualflybrain.org	VFB_001029d8	VFB_00101567	0	1	0.0
2024-05-16	v2.virtualflybrain.org	VFB_001029fh	VFB_00101567	7	1	0.0
2024-05-16	v2.virtualflybrain.org	VFB_001029fu	VFB_00101567	1	3	0.0
2024-05-16	v2.virtualflybrain.org	VFB_001029fx	VFB_00101567	0	2	23.0
2024-05-16	v2.virtualflybrain.org	VFB_001029g0	VFB_00101567	0	1	33.0
2024-05-16	v2.virtualflybrain.org	VFB_00102elm	VFB_00101567	0	1	8.0
2024-05-16	v2.virtualflybrain.org	VFB_00102eox	VFB_00050000	1	2	0.0
2024-05-16	v2.virtualflybrain.org	VFB_00102eox	VFB_00101567	0	1	57.0
2024-05-16	v2.virtualflybrain.org	VFB_00102f7a	VFB_00101567	0	1	107.0
2024-05-16	v2.virtualflybrain.org	VFB_00102fg8	VFB_00050000	0	2	654.0
2024-05-16	v2.virtualflybrain.org	VFB_00102fgk	VFB_00050000	0	1	14.0
2024-05-16	v2.virtualflybrain.org	VFB_jrch080r	VFB_00101567	23	1	0.0
2024-05-16	v2.virtualflybrain.org	VFB_jrchjtgc	VFB_00101567	0	1	0.0
2024-05-16	v2.virtualflybrain.org	VFB_jrchjtzc	VFB_00101567	1	1	0.0
2024-05-16	v2.virtualflybrain.org	VFB_jrchju3k	VFB_00101384	0	2	86.0
2024-05-16	v2.virtualflybrain.org	VFB_jrchjx7j	VFB_00101567	0	1	0.0
2024-05-16	v2.virtualflybrain.org	VFB_jrchk04m	VFB_00101567	0	1	26.0
2024-05-16	v2.virtualflybrain.org	VFB_jrchk3bu	VFB_00101384	0	2	29.0
2024-05-16	v2.virtualflybrain.org	VFB_jrchk3bu	VFB_00101567	1	1	60.0
2024-05-16	v2.virtualflybrain.org	VFB_jrchk3by	VFB_00101384	0	2	48.0
2024-05-16	v2.virtualflybrain.org	VFB_jrchk3c0	VFB_00101384	0	2	70.0
2024-05-16	v2.virtualflybrain.org	VFB_jrchk3c2	VFB_00101384	0	2	114.0
2024-05-16	v2.virtualflybrain.org	VFB_jrchk3c3	VFB_00101384	0	2	6.0
2024-05-16	v2.virtualflybrain.org	VFB_jrchk3c6	VFB_00101384	0	2	5.0
2024-05-16	v2.virtualflybrain.org	VFB_jrchk3c7	VFB_00101384	1	4	228.0
2024-05-16	v2.virtualflybrain.org	VFB_jrchk3c9	VFB_00101384	0	1	6.0
2024-05-16	v2.virtualflybrain.org	VFB_jrchk3e0	VFB_00101384	0	2	41.0
2024-05-16	v2.virtualflybrain.org	VFB_jrchk3e7	VFB_00101384	0	2	51.0
2024-05-16	v2.virtualflybrain.org	VFB_jrchk3ed	VFB_00101384	0	1	12.0
2024-05-16	v2.virtualflybrain.org	VFB_jrchk3ej	VFB_00101384	0	1	17.0
2024-05-16	v2.virtualflybrain.org	VFB_jrchk3el	VFB_00101384	0	2	95.0
2024-05-16	v2.virtualflybrain.org	VFB_jrchk3ep	VFB_00101384	0	2	66.0
2024-05-16	v2.virtualflybrain.org	VFB_jrchk3et	VFB_00101384	0	1	0.0
2024-05-16	v2.virtualflybrain.org	VFB_jrchk3ev	VFB_00101384	0	2	118.0
2024-05-16	v2.virtualflybrain.org	VFB_jrchk3ex	VFB_00101384	0	2	21.0
2024-05-16	v2.virtualflybrain.org	VFB_jrchk3fb	VFB_00101384	0	2	6.0
2024-05-16	v2.virtualflybrain.org	VFB_jrchk3fl	VFB_00101384	0	1	31.0
2024-05-16	v2.virtualflybrain.org	VFB_jrchk3fo	VFB_00101384	0	2	152.0
2024-05-16	v2.virtualflybrain.org	VFB_jrchk3ft	VFB_00101384	0	1	18.0
2024-05-16	v2.virtualflybrain.org	VFB_jrchk3g1	VFB_00101384	0	1	10.0
2024-05-16	v2.virtualflybrain.org	VFB_jrchk3t8	VFB_00101567	0	1	13.0
2024-05-16	v2.virtualflybrain.org	VFB_jrchk7zv	VFB_00101567	0	2	30.0
2024-05-16	v2.virtualflybrain.org	VFB_jrchk7zw	VFB_00101567	0	3	117.0
2024-05-16	v2.virtualflybrain.org	VFB_jrchk7zx	VFB_00101567	0	2	36.0
2024-05-16	v2.virtualflybrain.org	VFB_jrchk7zy	VFB_00101567	1	3	44.0
2024-05-16	v2.virtualflybrain.org	VFB_jrchk7zz	VFB_00101567	0	3	23.0
2024-05-16	v2.virtualflybrain.org	VFB_jrchk800	VFB_00101567	0	1	9.0
2024-05-16	v2.virtualflybrain.org	VFB_jrchk801	VFB_00101567	2	2	78.0
2024-05-16	v2.virtualflybrain.org	VFB_jrchk802	VFB_00101567	0	2	12.0
2024-05-16	v2.virtualflybrain.org	VFB_jrchk803	VFB_00101567	0	4	40.0
2024-05-16	v2.virtualflybrain.org	VFB_jrchk804	VFB_00101567	0	3	28.0
2024-05-16	v2.virtualflybrain.org	VFB_jrchk805	VFB_00101567	0	3	22.0
2024-05-16	v2.virtualflybrain.org	VFB_jrchk806	VFB_00101567	0	3	28.0
2024-05-16	v2.virtualflybrain.org	VFB_jrchk807	VFB_00101567	5	4	20.0
2024-05-16	v2.virtualflybrain.org	VFB_jrchk83l	VFB_00101384	0	2	562.0
2024-05-16	v2.virtualflybrain.org	VFB_jrchk844	VFB_00101384	0	1	128.0
2024-05-16	v2.virtualflybrain.org	VFB_jrchk87g	VFB_00101384	0	1	123.0
2024-05-16	v2.virtualflybrain.org	VFB_jrchk88x	VFB_00101567	2	1	63.0
2024-05-16	v2.virtualflybrain.org	VFBexp_FBti0077	VFB_00050000	0	1	150.0
2024-05-16	v2.virtualflybrain.org	VFBexp_FBti0186	VFB_00101567	0	2	49.0
2024-05-16	v2.virtualflybrain.org	VFBexp_FBtp0058		1	1	25.0
2024-05-16	v2.virtualflybrain.org	VFBexp_FBtp0058	VFB_00101567	1	3	303.0
2024-05-16	v2.virtualflybrain.org	VFBexp_FBtp0059	VFB_00101567	0	5	34.0
2024-05-16	v2.virtualflybrain.org	VFBexp_FBtp0062	VFB_00101567	0	2	0.0
2024-05-16	v2.virtualflybrain.org	VFBexp_FBtp0063	VFB_00101567	0	1	16.0
2024-05-16	v2.virtualflybrain.org	VFBexp_FBtp0121	VFB_00101567	0	6	14.0
2024-05-16	v2.virtualflybrain.org	VFBexp_FBtp0123		1	1	1.0
2024-05-16	v2.virtualflybrain.org	VFBexp_FBtp0123	VFB_00101567	0	4	94.0
2024-05-16	v2.virtualflybrain.org	VFBexp_FBtp0124	VFB_00101567	0	2	59.0
2024-05-17		FBbt_00002011		1	1	0.0
2024-05-17		FBbt_00002011	VFB_00050000	1	1	0.0
2024-05-17		FBbt_00003624		2	1	0.0
2024-05-17		FBbt_00003624	VFB_00101567	2	1	0.0
2024-05-17		FBbt_00003681		3	2	0.0
2024-05-17		FBbt_00003681	VFB_00101567	3	2	0.0
2024-05-17		FBbt_00003748		4	3	0.0
2024-05-17		FBbt_00003748	VFB_00101567	4	3	0.0
2024-05-17		FBbt_00003982		5	1	0.0
2024-05-17		FBbt_00003982	VFB_00101567	5	1	0.0
2024-05-17		FBbt_00007053		2	1	0.0
2024-05-17		FBbt_00007053	VFB_00101567	2	1	0.0
2024-05-17		FBbt_00007054		4	1	0.0
2024-05-17		FBbt_00007054	VFB_00101567	4	1	0.0
2024-05-17		FBbt_00007146		2	1	0.0
2024-05-17		FBbt_00007146	VFB_00101567	2	1	0.0
2024-05-17		FBbt_00007401		2	1	0.0
2024-05-17		FBbt_00007401	VFB_00101567	2	1	0.0
2024-05-17		FBbt_00007487		1	1	0.0
2024-05-17		FBbt_00007487	VFB_00101567	1	1	0.0
2024-05-17		FBbt_00007488		1	1	0.0
2024-05-17		FBbt_00007488	VFB_00101384	1	1	0.0
2024-05-17		FBbt_00007490		1	1	0.0
2024-05-17		FBbt_00007490	VFB_00101384	1	1	0.0
2024-05-17		FBbt_00007491		1	1	0.0
2024-05-17		FBbt_00007491	VFB_00101384	1	1	0.0
2024-05-17		FBbt_00007492		1	1	0.0
2024-05-17		FBbt_00007492	VFB_00101384	1	1	0.0
2024-05-17		FBbt_00007493		1	1	0.0
2024-05-17		FBbt_00007493	VFB_00101384	1	1	0.0
2024-05-17		FBbt_00014013		2	2	0.0
2024-05-17		FBbt_00014013	VFB_00101567	2	2	0.0
2024-05-17		FBbt_00040041		3	1	0.0
2024-05-17		FBbt_00040041	VFB_00101567	3	1	0.0
2024-05-17		FBbt_00040051		7	2	0.0
2024-05-17		FBbt_00040051	VFB_00101567	7	2	0.0
2024-05-17		FBbt_00045048		5	3	0.0
2024-05-17		FBbt_00045048	VFB_00101567	5	4	0.0
2024-05-17		FBbt_00045050		1	1	0.0
2024-05-17		FBbt_00045050	VFB_00101567	1	1	0.0
2024-05-17		FBbt_00047032		1	1	0.0
2024-05-17		FBbt_00047032	VFB_00101384	1	1	0.0
2024-05-17		FBbt_00051241		1	1	0.0
2024-05-17		FBbt_00051241	VFB_00101384	1	1	0.0
2024-05-17		FBbt_00051242		1	1	0.0
2024-05-17		FBbt_00051242	VFB_00101384	1	1	0.0
2024-05-17		FBbt_00051243		1	1	0.0
2024-05-17		FBbt_00051243	VFB_00101384	1	1	0.0
2024-05-17		FBbt_00067123		1	1	0.0
2024-05-17		FBbt_00067123	VFB_00101567	1	1	0.0
2024-05-17		FBbt_00100219		1	1	0.0
2024-05-17		FBbt_00100219	VFB_00101384	1	1	0.0
2024-05-17		FBbt_00110148		3	1	41.0
2024-05-17		FBbt_00110148	VFB_00101384	3	2	0.0
2024-05-17		FBbt_00110149		2	1	0.0
2024-05-17		FBbt_00110149	VFB_00101384	2	1	0.0
2024-05-17		FBbt_00110150		1	1	0.0
2024-05-17		FBbt_00110150	VFB_00101384	1	1	0.0
2024-05-17		FBbt_00110655		1	1	0.0
2024-05-17		FBbt_00110655	VFB_00101384	1	1	0.0
2024-05-17		FBbt_00110656		1	1	0.0
2024-05-17		FBbt_00110656	VFB_00101384	1	1	0.0
2024-05-17		FBbt_00111382		1	1	0.0
2024-05-17		FBbt_00111382	VFB_00101384	1	1	0.0
2024-05-17		GO_0034308		1	1	0.0
2024-05-17		GO_0034308	VFB_00101567	1	1	0.0
2024-05-17		VFB_00020544		2	1	2.0
2024-05-17		VFB_00020544	VFB_00101567	2	1	0.0
2024-05-17		VFB_00020861		2	1	0.0
2024-05-17		VFB_00020861	VFB_00101567	2	1	0.0
2024-05-17		VFB_00021289		4	1	66.0
2024-05-17		VFB_00021289	VFB_00101567	4	1	0.0
2024-05-17		VFB_00022015		2	1	6.0
2024-05-17		VFB_00022015	VFB_00101567	2	1	0.0
2024-05-17		VFB_00022924		2	1	1.0
2024-05-17		VFB_00022924	VFB_00101567	2	1	0.0
2024-05-17		VFB_00028223		6	1	15.0
2024-05-17		VFB_00028223	VFB_00101567	1	1	0.0
2024-05-17		VFB_00030786		1	1	0.0
2024-05-17		VFB_00030786	VFB_00030786	1	1	0.0
2024-05-17		VFB_00030816		4	1	18.0
2024-05-17		VFB_00030816	VFB_00030786	4	1	0.0
2024-05-17		VFB_00030867		1	1	0.0
2024-05-17		VFB_00030867	VFB_00101567	1	1	0.0
2024-05-17		VFB_00050000		2	2	1.0
2024-05-17		VFB_00050000	VFB_00050000	12	4	12.0
2024-05-17		VFB_00100155		7	1	20.0
2024-05-17		VFB_00100155	VFB_00050000	7	2	0.0
2024-05-17		VFB_0010022h		32	1	145.0
2024-05-17		VFB_0010022h	VFB_00050000	21	5	0.0
2024-05-17		VFB_00100235		16	1	21.0
2024-05-17		VFB_00100235	VFB_00050000	16	4	0.0
2024-05-17		VFB_0010025k		1	1	0.0
2024-05-17		VFB_0010025k	VFB_00050000	1	1	0.0
2024-05-17		VFB_0010026n		11	1	5.0
2024-05-17		VFB_0010026n	VFB_00050000	11	3	0.0
2024-05-17		VFB_0010026p		13	1	10.0
2024-05-17		VFB_0010026p	VFB_00050000	8	2	0.0
2024-05-17		VFB_0010028s		26	1	34.0
2024-05-17		VFB_0010028s	VFB_00050000	29	2	0.0
2024-05-17		VFB_00100670		12	1	4.0
2024-05-17		VFB_00100670	VFB_00050000	22	3	0.0
2024-05-17		VFB_00100739		18	1	54.0
2024-05-17		VFB_00100739	VFB_00050000	23	3	0.0
2024-05-17		VFB_00100847		37	1	65.0
2024-05-17		VFB_00100847	VFB_00050000	49	3	0.0
2024-05-17		VFB_00100872		8	1	65.0
2024-05-17		VFB_00100872	VFB_00050000	3	2	0.0
2024-05-17		VFB_00100938		13	1	15.0
2024-05-17		VFB_00100938	VFB_00050000	3	2	0.0
2024-05-17		VFB_00100962		15	1	112.0
2024-05-17		VFB_00100962	VFB_00050000	25	3	0.0
2024-05-17		VFB_00100972		6	1	1.0
2024-05-17		VFB_00100972	VFB_00050000	6	2	0.0
2024-05-17		VFB_00100zpg		4	1	12.0
2024-05-17		VFB_00100zpg	VFB_00101567	4	1	0.0
2024-05-17		VFB_00101027		1	1	0.0
2024-05-17		VFB_00101027	VFB_00050000	1	1	0.0
2024-05-17		VFB_00101031		19	1	208.0
2024-05-17		VFB_00101031	VFB_00050000	14	3	0.0
2024-05-17		VFB_00101088		16	1	101.0
2024-05-17		VFB_00101088	VFB_00050000	11	2	0.0
2024-05-17		VFB_00101094		12	1	180.0
2024-05-17		VFB_00101094	VFB_00050000	11	3	0.0
2024-05-17		VFB_00101119		11	1	25.0
2024-05-17		VFB_00101119	VFB_00050000	16	3	0.0
2024-05-17		VFB_001011dc		7	1	6.0
2024-05-17		VFB_001011dc	VFB_00101384	5	2	0.0
2024-05-17		VFB_001011dc	VFB_00101567	2	1	0.0
2024-05-17		VFB_001011dd		2	1	1.0
2024-05-17		VFB_001011dd	VFB_00101384	2	1	0.0
2024-05-17		VFB_001011de		2	1	1.0
2024-05-17		VFB_001011de	VFB_00101384	2	1	0.0
2024-05-17		VFB_001011df		2	1	1.0
2024-05-17		VFB_001011df	VFB_00101384	2	1	0.0
2024-05-17		VFB_001011dg		2	1	1.0
2024-05-17		VFB_001011dg	VFB_00101384	2	1	0.0
2024-05-17		VFB_001011dh		2	1	2.0
2024-05-17		VFB_001011dh	VFB_00101384	2	1	0.0
2024-05-17		VFB_001011di		4	1	1.0
2024-05-17		VFB_001011di	VFB_00101384	4	1	0.0
2024-05-17		VFB_001011dj		4	1	2.0
2024-05-17		VFB_001011dj	VFB_00101384	4	2	0.0
2024-05-17		VFB_001011dk		4	1	0.0
2024-05-17		VFB_001011dk	VFB_00101384	4	1	0.0
2024-05-17		VFB_001011gg		22	1	14.0
2024-05-17		VFB_001011gg	VFB_00050000	18	4	0.0
2024-05-17		VFB_001011ji		1	1	0.0
2024-05-17		VFB_001011ji	VFB_00050000	1	1	0.0
2024-05-17		VFB_0010126k		7	1	0.0
2024-05-17		VFB_0010126k	VFB_00101567	7	1	0.0
2024-05-17		VFB_001012qa		24	1	0.0
2024-05-17		VFB_001012qa	VFB_00101567	24	1	0.0
2024-05-17		VFB_00101384		19	1	134.0
2024-05-17		VFB_00101384	VFB_00101384	21	7	0.0
2024-05-17		VFB_00101516		2	1	0.0
2024-05-17		VFB_00101516	VFB_00050000	1	1	0.0
2024-05-17		VFB_00101520		7	1	15.0
2024-05-17		VFB_00101520	VFB_00050000	8	3	0.0
2024-05-17		VFB_00101565		1	1	0.0
2024-05-17		VFB_00101565	VFB_00050000	6	1	0.0
2024-05-17		VFB_00101567		53	16	450.0
2024-05-17		VFB_00101567	VFB_00101567	65	19	0.0
2024-05-17		VFB_0010159q		1	1	0.0
2024-05-17		VFB_0010159q	VFB_00050000	2	1	0.0
2024-05-17		VFB_001015bk		12	1	45.0
2024-05-17		VFB_001015bk	VFB_00050000	11	2	0.0
2024-05-17		VFB_001015bk	VFB_00101567	1	1	0.0
2024-05-17		VFB_001015ch		7	1	0.0
2024-05-17		VFB_001015ch	VFB_00050000	6	2	0.0
2024-05-17		VFB_001015dd		6	1	35.0
2024-05-17		VFB_001015dd	VFB_00050000	6	2	0.0
2024-05-17		VFB_00101655		15	1	63.0
2024-05-17		VFB_00101655	VFB_00050000	15	2	0.0
2024-05-17		VFB_00101666		11	1	30.0
2024-05-17		VFB_00101666	VFB_00050000	16	3	0.0
2024-05-17		VFB_00101682		11	1	53.0
2024-05-17		VFB_00101682	VFB_00050000	16	3	0.0
2024-05-17		VFB_00101683		37	1	376.0
2024-05-17		VFB_00101683	VFB_00050000	27	5	0.0
2024-05-17		VFB_00101748		8	1	11.0
2024-05-17		VFB_00101748	VFB_00050000	3	2	0.0
2024-05-17		VFB_00101797		1	1	0.0
2024-05-17		VFB_00101797	VFB_00050000	1	1	0.0
2024-05-17		VFB_00101td5		1	1	0.0
2024-05-17		VFB_00101td5	VFB_00101567	1	1	0.0
2024-05-17		VFB_00102039		15	1	15.0
2024-05-17		VFB_00102039	VFB_00050000	29	4	0.0
2024-05-17		VFB_00102040		6	1	10.0
2024-05-17		VFB_00102040	VFB_00050000	6	2	0.0
2024-05-17		VFB_00102086		7	1	15.0
2024-05-17		VFB_00102086	VFB_00050000	7	3	0.0
2024-05-17		VFB_00102271		7	3	4.0
2024-05-17		VFB_00102271	VFB_00101567	7	5	0.0
2024-05-17		VFB_00102273		2	1	0.0
2024-05-17		VFB_00102273	VFB_00101567	2	1	0.0
2024-05-17		VFB_00102276		4	2	1.0
2024-05-17		VFB_00102276	VFB_00101567	4	3	0.0
2024-05-17		VFB_00102280		7	3	6.0
2024-05-17		VFB_00102280	VFB_00101567	7	5	0.0
2024-05-17		VFB_00102egc		13	1	79.0
2024-05-17		VFB_00102egc	VFB_00050000	13	4	0.0
2024-05-17		VFB_00102egp		1	1	0.0
2024-05-17		VFB_00102egp	VFB_00050000	1	1	0.0
2024-05-17		VFB_00102en6		13	1	71.0
2024-05-17		VFB_00102en6	VFB_00050000	13	3	0.0
2024-05-17		VFB_00102epk		1	1	0.0
2024-05-17		VFB_00102epk	VFB_00050000	1	1	0.0
2024-05-17		VFB_00102f0a		20	1	23.0
2024-05-17		VFB_00102f0a	VFB_00050000	1	1	0.0
2024-05-17		VFB_00102f2k		15	1	11.0
2024-05-17		VFB_00102f2k	VFB_00050000	24	3	0.0
2024-05-17		VFB_00102f40		18	1	28.0
2024-05-17		VFB_00102f40	VFB_00050000	8	3	0.0
2024-05-17		VFB_00104644		1	1	0.0
2024-05-17		VFB_00104644	VFB_00200000	1	1	0.0
2024-05-17		VFB_00200000		1	1	2.0
2024-05-17		VFB_00200000	VFB_00200000	2	2	33.0
2024-05-17		VFB_jrch080r		24	1	0.0
2024-05-17		VFB_jrch080r	VFB_00101567	24	1	0.0
2024-05-17		VFB_jrchjtsw		1	1	0.0
2024-05-17		VFB_jrchjtsw	VFB_00101384	1	1	0.0
2024-05-17		VFB_jrchju0v		2	1	121.0
2024-05-17		VFB_jrchju0v	VFB_00101384	2	1	0.0
2024-05-17		VFB_jrchju3k		3	1	268.0
2024-05-17		VFB_jrchju3k	VFB_00101384	3	1	0.0
2024-05-17		VFB_jrchk08b		2	1	45.0
2024-05-17		VFB_jrchk08b	VFB_00101384	2	1	0.0
2024-05-17		VFB_jrchk10e		6	1	4.0
2024-05-17		VFB_jrchk10e	VFB_00101384	6	2	0.0
2024-05-17		VFB_jrchk3fl		1	1	435.0
2024-05-17		VFB_jrchk3fl	VFB_00101384	1	1	0.0
2024-05-17		VFB_jrchk3fo		1	1	2.0
2024-05-17		VFB_jrchk3fo	VFB_00101384	1	1	0.0
2024-05-17		VFB_jrchk45h		2	1	7.0
2024-05-17		VFB_jrchk45h	VFB_00101567	2	1	0.0
2024-05-17		VFB_jrchk45t		2	1	55.0
2024-05-17		VFB_jrchk45t	VFB_00101384	2	1	0.0
2024-05-17		VFB_jrchk70e		1	1	0.0
2024-05-17		VFB_jrchk70e	VFB_00101384	1	1	0.0
2024-05-17		VFB_jrchk7zs		1	1	1.0
2024-05-17		VFB_jrchk7zs	VFB_00101567	1	1	0.0
2024-05-17		VFB_jrchk83l		37	1	45.0
2024-05-17		VFB_jrchk83l	VFB_00101384	72	2	0.0
2024-05-17		VFB_jrchk87g		44	1	716.0
2024-05-17		VFB_jrchk87g	VFB_00101384	9	1	0.0
2024-05-17		VFBexp_FBti0016		2	1	0.0
2024-05-17		VFBexp_FBti0016	VFB_00101567	2	1	0.0
2024-05-17		VFBexp_FBtp0057		3	3	0.0
2024-05-17		VFBexp_FBtp0057	VFB_00101567	3	3	0.0
2024-05-17		VFBexp_FBtp0059		4	4	0.0
2024-05-17		VFBexp_FBtp0059	VFB_00101567	4	4	0.0
2024-05-17		VFBexp_FBtp0060		3	3	0.0
2024-05-17		VFBexp_FBtp0060	VFB_00101567	3	3	0.0
2024-05-17		VFBexp_FBtp0061		4	4	0.0
2024-05-17		VFBexp_FBtp0061	VFB_00101567	4	4	0.0
2024-05-17		VFBexp_FBtp0062		4	4	0.0
2024-05-17		VFBexp_FBtp0062	VFB_00101567	4	4	0.0
2024-05-17		VFBexp_FBtp0063		7	7	0.0
2024-05-17		VFBexp_FBtp0063	VFB_00101567	7	7	0.0
2024-05-17	v2.virtualflybrain.org	FBbt_00002011	VFB_00050000	0	1	405.0
2024-05-17	v2.virtualflybrain.org	FBbt_00003624	VFB_00101567	0	1	1.0
2024-05-17	v2.virtualflybrain.org	FBbt_00003652		2	1	775.0
2024-05-17	v2.virtualflybrain.org	FBbt_00003681	VFB_00101567	1	3	245.0
2024-05-17	v2.virtualflybrain.org	FBbt_00003721	VFB_00101567	0	1	210.0
2024-05-17	v2.virtualflybrain.org	FBbt_00003748	VFB_00101567	1	3	13.0
2024-05-17	v2.virtualflybrain.org	FBbt_00003982	VFB_00101567	0	1	7.0
2024-05-17	v2.virtualflybrain.org	FBbt_00007053	VFB_00101567	0	1	14.0
2024-05-17	v2.virtualflybrain.org	FBbt_00007054	VFB_00101567	0	1	3.0
2024-05-17	v2.virtualflybrain.org	FBbt_00007146	VFB_00101567	0	1	25.0
2024-05-17	v2.virtualflybrain.org	FBbt_00007401	VFB_00101567	0	2	105.0
2024-05-17	v2.virtualflybrain.org	FBbt_00007488	VFB_00101384	0	1	5.0
2024-05-17	v2.virtualflybrain.org	FBbt_00007490	VFB_00101384	0	1	3.0
2024-05-17	v2.virtualflybrain.org	FBbt_00007491	VFB_00101384	0	1	6.0
2024-05-17	v2.virtualflybrain.org	FBbt_00007492	VFB_00101384	0	1	3.0
2024-05-17	v2.virtualflybrain.org	FBbt_00007493	VFB_00101384	0	1	5.0
2024-05-17	v2.virtualflybrain.org	FBbt_00014013	VFB_00101567	0	2	12.0
2024-05-17	v2.virtualflybrain.org	FBbt_00040041	VFB_00101567	0	2	98.0
2024-05-17	v2.virtualflybrain.org	FBbt_00040051	VFB_00101567	5	3	73.0
2024-05-17	v2.virtualflybrain.org	FBbt_00045048	VFB_00101567	0	4	74.0
2024-05-17	v2.virtualflybrain.org	FBbt_00045050	VFB_00101567	0	1	51.0
2024-05-17	v2.virtualflybrain.org	FBbt_00047032	VFB_00101384	0	1	4.0
2024-05-17	v2.virtualflybrain.org	FBbt_00051241	VFB_00101384	0	1	114.0
2024-05-17	v2.virtualflybrain.org	FBbt_00051242	VFB_00101384	0	1	200.0
2024-05-17	v2.virtualflybrain.org	FBbt_00051243	VFB_00101384	0	1	56.0
2024-05-17	v2.virtualflybrain.org	FBbt_00067123	VFB_00101567	0	1	18.0
2024-05-17	v2.virtualflybrain.org	FBbt_00100219	VFB_00101384	0	1	95.0
2024-05-17	v2.virtualflybrain.org	FBbt_00100246	VFB_00101384	1	3	113.0
2024-05-17	v2.virtualflybrain.org	FBbt_00100246	VFB_00101567	0	1	109.0
2024-05-17	v2.virtualflybrain.org	FBbt_00110148	VFB_00101384	1	2	0.0
2024-05-17	v2.virtualflybrain.org	FBbt_00110149	VFB_00101384	0	1	504.0
2024-05-17	v2.virtualflybrain.org	FBbt_00110150	VFB_00101384	0	1	62.0
2024-05-17	v2.virtualflybrain.org	FBbt_00110655	VFB_00101384	0	1	7.0
2024-05-17	v2.virtualflybrain.org	FBbt_00110656	VFB_00101384	0	1	4.0
2024-05-17	v2.virtualflybrain.org	FBbt_00111382	VFB_00101384	0	1	344.0
2024-05-17	v2.virtualflybrain.org	GO_0034308		1	1	2.0
2024-05-17	v2.virtualflybrain.org	GO_0034308	VFB_00101567	0	1	11.0
2024-05-17	v2.virtualflybrain.org	VFB_00020544		1	1	0.0
2024-05-17	v2.virtualflybrain.org	VFB_00020861		1	1	0.0
2024-05-17	v2.virtualflybrain.org	VFB_00021289		1	1	1.0
2024-05-17	v2.virtualflybrain.org	VFB_00021289	VFB_00101567	1	2	19.0
2024-05-17	v2.virtualflybrain.org	VFB_00022015		1	1	0.0
2024-05-17	v2.virtualflybrain.org	VFB_00022924		1	1	0.0
2024-05-17	v2.virtualflybrain.org	VFB_00023208	VFB_00023208	3	1	12.0
2024-05-17	v2.virtualflybrain.org	VFB_00028223	VFB_00101567	0	1	19.0
2024-05-17	v2.virtualflybrain.org	VFB_00030816	VFB_00030816	1	2	0.0
2024-05-17	v2.virtualflybrain.org	VFB_00030867	VFB_00101567	1	1	0.0
2024-05-17	v2.virtualflybrain.org	VFB_00050000	VFB_00050000	2	6	67.0
2024-05-17	v2.virtualflybrain.org	VFB_00100155	VFB_00050000	0	1	4.0
2024-05-17	v2.virtualflybrain.org	VFB_0010022h	VFB_00050000	0	4	61.0
2024-05-17	v2.virtualflybrain.org	VFB_00100235	VFB_00050000	0	1	8.0
2024-05-17	v2.virtualflybrain.org	VFB_0010025k	VFB_00050000	0	1	1.0
2024-05-17	v2.virtualflybrain.org	VFB_0010026n	VFB_00050000	0	1	34.0
2024-05-17	v2.virtualflybrain.org	VFB_0010026p	VFB_00050000	0	1	8.0
2024-05-17	v2.virtualflybrain.org	VFB_0010028s	VFB_00050000	0	1	42.0
2024-05-17	v2.virtualflybrain.org	VFB_00100670	VFB_00050000	0	3	17.0
2024-05-17	v2.virtualflybrain.org	VFB_00100739	VFB_00050000	0	1	62.0
2024-05-17	v2.virtualflybrain.org	VFB_00100847	VFB_00050000	0	1	5.0
2024-05-17	v2.virtualflybrain.org	VFB_00100872	VFB_00050000	0	1	53.0
2024-05-17	v2.virtualflybrain.org	VFB_00100938	VFB_00050000	0	1	9.0
2024-05-17	v2.virtualflybrain.org	VFB_00100962	VFB_00050000	0	1	44.0
2024-05-17	v2.virtualflybrain.org	VFB_00100972	VFB_00050000	0	1	47.0
2024-05-17	v2.virtualflybrain.org	VFB_00100zpg	VFB_00101567	0	2	7.0
2024-05-17	v2.virtualflybrain.org	VFB_00101027	VFB_00050000	0	1	31.0
2024-05-17	v2.virtualflybrain.org	VFB_00101031	VFB_00050000	0	1	122.0
2024-05-17	v2.virtualflybrain.org	VFB_00101088	VFB_00050000	0	1	183.0
2024-05-17	v2.virtualflybrain.org	VFB_00101094	VFB_00050000	0	1	5.0
2024-05-17	v2.virtualflybrain.org	VFB_00101119	VFB_00050000	0	1	7.0
2024-05-17	v2.virtualflybrain.org	VFB_001011dc	VFB_00101384	1	4	0.0
2024-05-17	v2.virtualflybrain.org	VFB_001011dc	VFB_00101567	0	1	2.0
2024-05-17	v2.virtualflybrain.org	VFB_001011dd	VFB_00101384	0	1	0.0
2024-05-17	v2.virtualflybrain.org	VFB_001011de	VFB_00101384	0	1	0.0
2024-05-17	v2.virtualflybrain.org	VFB_001011df	VFB_00101384	0	1	0.0
2024-05-17	v2.virtualflybrain.org	VFB_001011dg	VFB_00101384	0	1	0.0
2024-05-17	v2.virtualflybrain.org	VFB_001011dh	VFB_00101384	0	1	0.0
2024-05-17	v2.virtualflybrain.org	VFB_001011di	VFB_00101384	0	1	0.0
2024-05-17	v2.virtualflybrain.org	VFB_001011dj	VFB_00101384	0	2	0.0
2024-05-17	v2.virtualflybrain.org	VFB_001011dk	VFB_00101384	0	1	0.0
2024-05-17	v2.virtualflybrain.org	VFB_001011gg	VFB_00050000	0	1	0.0
2024-05-17	v2.virtualflybrain.org	VFB_001011ji	VFB_00050000	0	1	15.0
2024-05-17	v2.virtualflybrain.org	VFB_0010126k	VFB_00101567	7	1	0.0
2024-05-17	v2.virtualflybrain.org	VFB_001012qa	VFB_00101567	24	1	0.0
2024-05-17	v2.virtualflybrain.org	VFB_00101384	VFB_00101384	3	9	298.0
2024-05-17	v2.virtualflybrain.org	VFB_00101516	VFB_00050000	0	1	51.0
2024-05-17	v2.virtualflybrain.org	VFB_00101520	VFB_00050000	0	3	196.0
2024-05-17	v2.virtualflybrain.org	VFB_00101565	VFB_00050000	0	1	92.0
2024-05-17	v2.virtualflybrain.org	VFB_00101567	VFB_00101567	10	27	211.0
2024-05-17	v2.virtualflybrain.org	VFB_0010159q	VFB_00050000	0	1	1.0
2024-05-17	v2.virtualflybrain.org	VFB_001015bk	VFB_00050000	1	2	1.0
2024-05-17	v2.virtualflybrain.org	VFB_001015bk	VFB_00101567	0	1	21.0
2024-05-17	v2.virtualflybrain.org	VFB_001015ch	VFB_00050000	0	1	307.0
2024-05-17	v2.virtualflybrain.org	VFB_001015dd	VFB_00050000	0	1	2.0
2024-05-17	v2.virtualflybrain.org	VFB_00101655	VFB_00050000	0	1	12.0
2024-05-17	v2.virtualflybrain.org	VFB_00101666	VFB_00050000	0	1	1.0
2024-05-17	v2.virtualflybrain.org	VFB_00101682	VFB_00050000	0	1	13.0
2024-05-17	v2.virtualflybrain.org	VFB_00101683	VFB_00050000	0	1	104.0
2024-05-17	v2.virtualflybrain.org	VFB_00101748	VFB_00050000	0	1	1.0
2024-05-17	v2.virtualflybrain.org	VFB_00101797	VFB_00050000	0	1	45.0
2024-05-17	v2.virtualflybrain.org	VFB_00101td5	VFB_00101567	1	1	0.0
2024-05-17	v2.virtualflybrain.org	VFB_00102039	VFB_00050000	0	2	17.0
2024-05-17	v2.virtualflybrain.org	VFB_00102040	VFB_00050000	0	1	1.0
2024-05-17	v2.virtualflybrain.org	VFB_00102086	VFB_00050000	0	2	154.0
2024-05-17	v2.virtualflybrain.org	VFB_00102271	VFB_00101567	0	4	29.0
2024-05-17	v2.virtualflybrain.org	VFB_00102273	VFB_00101567	0	1	22.0
2024-05-17	v2.virtualflybrain.org	VFB_00102276	VFB_00101567	0	3	27.0
2024-05-17	v2.virtualflybrain.org	VFB_00102280	VFB_00101567	1	6	70.0
2024-05-17	v2.virtualflybrain.org	VFB_001029fu	VFB_00101567	0	2	1.0
2024-05-17	v2.virtualflybrain.org	VFB_00102egc	VFB_00050000	0	1	43.0
2024-05-17	v2.virtualflybrain.org	VFB_00102egp	VFB_00050000	0	1	31.0
2024-05-17	v2.virtualflybrain.org	VFB_00102en6	VFB_00050000	0	1	5.0
2024-05-17	v2.virtualflybrain.org	VFB_00102epk	VFB_00050000	0	1	31.0
2024-05-17	v2.virtualflybrain.org	VFB_00102f0a	VFB_00050000	0	1	121.0
2024-05-17	v2.virtualflybrain.org	VFB_00102f2k	VFB_00050000	0	2	201.0
2024-05-17	v2.virtualflybrain.org	VFB_00102f40	VFB_00050000	0	1	128.0
2024-05-17	v2.virtualflybrain.org	VFB_00104644	VFB_00200000	0	2	20.0
2024-05-17	v2.virtualflybrain.org	VFB_00200000	VFB_00200000	1	2	1.0
2024-05-17	v2.virtualflybrain.org	VFB_jrch080r	VFB_00101567	24	1	0.0
2024-05-17	v2.virtualflybrain.org	VFB_jrchjtsw	VFB_00101384	0	1	0.0
2024-05-17	v2.virtualflybrain.org	VFB_jrchju0v	VFB_00101384	0	1	0.0
2024-05-17	v2.virtualflybrain.org	VFB_jrchju3k	VFB_00101384	1	2	0.0
2024-05-17	v2.virtualflybrain.org	VFB_jrchjy48	VFB_jrchjy48	3	1	42.0
2024-05-17	v2.virtualflybrain.org	VFB_jrchk08b	VFB_00101384	0	1	0.0
2024-05-17	v2.virtualflybrain.org	VFB_jrchk10e	VFB_00101384	1	3	89.0
2024-05-17	v2.virtualflybrain.org	VFB_jrchk45h	VFB_00101567	0	1	46.0
2024-05-17	v2.virtualflybrain.org	VFB_jrchk45t	VFB_00101384	0	1	0.0
2024-05-17	v2.virtualflybrain.org	VFB_jrchk70e	VFB_00101384	0	1	0.0
2024-05-17	v2.virtualflybrain.org	VFB_jrchk7zs	VFB_00101567	0	1	0.0
2024-05-17	v2.virtualflybrain.org	VFB_jrchk83l	VFB_00101384	2	1	25.0
2024-05-17	v2.virtualflybrain.org	VFBexp_FBti0016	VFB_00101567	0	2	68.0
2024-05-17	v2.virtualflybrain.org	VFBexp_FBtp0057		1	1	0.0
2024-05-17	v2.virtualflybrain.org	VFBexp_FBtp0057	VFB_00101567	0	2	34.0
2024-05-17	v2.virtualflybrain.org	VFBexp_FBtp0059	VFB_00101567	0	4	35.0
2024-05-17	v2.virtualflybrain.org	VFBexp_FBtp0060	VFB_00101567	0	3	26.0
2024-05-17	v2.virtualflybrain.org	VFBexp_FBtp0061	VFB_00101567	0	4	43.0
2024-05-17	v2.virtualflybrain.org	VFBexp_FBtp0062		1	1	0.0
2024-05-17	v2.virtualflybrain.org	VFBexp_FBtp0062	VFB_00101567	0	4	65.0
2024-05-17	v2.virtualflybrain.org	VFBexp_FBtp0063	VFB_00101567	0	7	136.0
2024-05-17	v2.virtualflybrain.org	VFBexp_FBtp0117		1	1	10.0
2024-05-18		FBbt_00003624		2	1	0.0
2024-05-18		FBbt_00003624	VFB_00101567	2	1	0.0
2024-05-18		FBbt_00003625		2	1	0.0
2024-05-18		FBbt_00003625	VFB_00101567	2	1	0.0
2024-05-18		FBbt_00003678		2	2	0.0
2024-05-18		FBbt_00003678	VFB_00101567	2	2	0.0
2024-05-18		FBbt_00003679		5	1	0.0
2024-05-18		FBbt_00003679	VFB_00101567	5	1	0.0
2024-05-18		FBbt_00003681		1	1	0.0
2024-05-18		FBbt_00003681	VFB_00101567	1	1	0.0
2024-05-18		FBbt_00003682		1	1	0.0
2024-05-18		FBbt_00003682	VFB_00101567	1	1	0.0
2024-05-18		FBbt_00003748		5	2	0.0
2024-05-18		FBbt_00003748	VFB_00101567	5	3	0.0
2024-05-18		FBbt_00007113		1	1	0.0
2024-05-18		FBbt_00007113	VFB_00101567	1	1	0.0
2024-05-18		FBbt_00014013		2	2	0.0
2024-05-18		FBbt_00014013	VFB_00101567	2	2	0.0
2024-05-18		FBbt_00040041		1	1	0.0
2024-05-18		FBbt_00040041	VFB_00101567	1	1	0.0
2024-05-18		FBbt_00040043		2	2	0.0
2024-05-18		FBbt_00040043	VFB_00101567	2	2	0.0
2024-05-18		FBbt_00040051		9	1	0.0
2024-05-18		FBbt_00040051	VFB_00101567	9	1	0.0
2024-05-18		FBbt_00045027		3	1	0.0
2024-05-18		FBbt_00045027	VFB_00101567	3	1	0.0
2024-05-18		FBbt_00045048		2	1	0.0
2024-05-18		FBbt_00045048	VFB_00101567	2	1	0.0
2024-05-18		FBbt_00045050		1	1	0.0
2024-05-18		FBbt_00045050	VFB_00101567	1	1	0.0
2024-05-18		FBbt_00110636		1	1	0.0
2024-05-18		FBbt_00110636	VFB_00101567	2	1	0.0
2024-05-18		FBbt_00111264		2	1	0.0
2024-05-18		FBbt_00111264	VFB_00101567	2	1	0.0
2024-05-18		VFB_00020544		3	1	0.0
2024-05-18		VFB_00020544	VFB_00101567	3	1	0.0
2024-05-18		VFB_00020861		1	1	0.0
2024-05-18		VFB_00020861	VFB_00101567	1	1	0.0
2024-05-18		VFB_00022924		1	1	0.0
2024-05-18		VFB_00022924	VFB_00101567	1	1	0.0
2024-05-18		VFB_00063524		2	1	13.0
2024-05-18		VFB_00063524	VFB_00101567	2	1	0.0
2024-05-18		VFB_00066688		1	1	0.0
2024-05-18		VFB_00066688	VFB_00101567	1	1	0.0
2024-05-18		VFB_00100021		1	1	0.0
2024-05-18		VFB_00100021	VFB_00101567	1	1	0.0
2024-05-18		VFB_00100278		3	1	1.0
2024-05-18		VFB_00100278	VFB_00050000	1	1	0.0
2024-05-18		VFB_00100278	VFB_00101567	2	1	0.0
2024-05-18		VFB_001012qa		24	1	0.0
2024-05-18		VFB_001012qa	VFB_00101567	24	1	0.0
2024-05-18		VFB_00101567		26	9	35.0
2024-05-18		VFB_00101567	VFB_00101567	30	12	220.0
2024-05-18		VFB_00102134		3	1	1.0
2024-05-18		VFB_00102134	VFB_00101567	3	1	0.0
2024-05-18		VFB_00102135		4	1	8.0
2024-05-18		VFB_00102135	VFB_00101567	4	2	0.0
2024-05-18		VFB_00102271		2	1	1.0
2024-05-18		VFB_00102271	VFB_00101567	2	1	0.0
2024-05-18		VFB_00102276		2	1	1.0
2024-05-18		VFB_00102276	VFB_00101567	2	1	0.0
2024-05-18		VFB_00102280		16	3	3.0
2024-05-18		VFB_00102280	VFB_00101567	15	3	0.0
2024-05-18		VFB_jrch080r		24	1	0.0
2024-05-18		VFB_jrch080r	VFB_00101567	24	1	0.0
2024-05-18		VFB_jrchk7zs		14	1	0.0
2024-05-18		VFB_jrchk7zs	VFB_00101567	14	1	0.0
2024-05-18		VFBexp_FBtp0058		8	8	0.0
2024-05-18		VFBexp_FBtp0058	VFB_00101567	8	8	0.0
2024-05-18		VFBexp_FBtp0059		3	3	0.0
2024-05-18		VFBexp_FBtp0059	VFB_00101567	3	3	0.0
2024-05-18		VFBexp_FBtp0060		4	4	0.0
2024-05-18		VFBexp_FBtp0060	VFB_00101567	4	4	0.0
2024-05-18		VFBexp_FBtp0061		2	2	0.0
2024-05-18		VFBexp_FBtp0061	VFB_00101567	2	2	0.0
2024-05-18		VFBexp_FBtp0062		4	4	0.0
2024-05-18		VFBexp_FBtp0062	VFB_00101567	4	4	0.0
2024-05-18		VFBexp_FBtp0063		6	6	0.0
2024-05-18		VFBexp_FBtp0063	VFB_00101567	6	6	0.0
2024-05-18		VFBexp_FBtp0064		1	1	0.0
2024-05-18		VFBexp_FBtp0064	VFB_00101567	1	1	0.0
2024-05-18	v2.virtualflybrain.org	FBbt_00003624	VFB_00101567	1	2	67.0
2024-05-18	v2.virtualflybrain.org	FBbt_00003625		1	1	2.0
2024-05-18	v2.virtualflybrain.org	FBbt_00003625	VFB_00101567	0	1	3.0
2024-05-18	v2.virtualflybrain.org	FBbt_00003678	VFB_00101567	0	2	11.0
2024-05-18	v2.virtualflybrain.org	FBbt_00003679	VFB_00101567	0	1	15.0
2024-05-18	v2.virtualflybrain.org	FBbt_00003681	VFB_00101567	0	1	1.0
2024-05-18	v2.virtualflybrain.org	FBbt_00003682	VFB_00101567	0	1	0.0
2024-05-18	v2.virtualflybrain.org	FBbt_00003748	VFB_00101567	0	4	65.0
2024-05-18	v2.virtualflybrain.org	FBbt_00007113	VFB_00101567	0	1	52.0
2024-05-18	v2.virtualflybrain.org	FBbt_00014013	VFB_00101567	0	2	48.0
2024-05-18	v2.virtualflybrain.org	FBbt_00040041	VFB_00101567	0	1	51.0
2024-05-18	v2.virtualflybrain.org	FBbt_00040043	VFB_00101567	0	2	14.0
2024-05-18	v2.virtualflybrain.org	FBbt_00040051	VFB_00101567	9	1	0.0
2024-05-18	v2.virtualflybrain.org	FBbt_00045027	VFB_00101567	0	2	0.0
2024-05-18	v2.virtualflybrain.org	FBbt_00045048	VFB_00101567	0	1	8.0
2024-05-18	v2.virtualflybrain.org	FBbt_00045050	VFB_00101567	0	1	16.0
2024-05-18	v2.virtualflybrain.org	FBbt_00110636	VFB_00101567	0	1	2.0
2024-05-18	v2.virtualflybrain.org	FBbt_00111264	VFB_00101567	0	1	43.0
2024-05-18	v2.virtualflybrain.org	VFB_00020544	VFB_00101567	3	1	49.0
2024-05-18	v2.virtualflybrain.org	VFB_00020861	VFB_00101567	1	1	5.0
2024-05-18	v2.virtualflybrain.org	VFB_00021289	VFB_00101567	0	1	0.0
2024-05-18	v2.virtualflybrain.org	VFB_00022015	VFB_00101567	0	1	22.0
2024-05-18	v2.virtualflybrain.org	VFB_00022924	VFB_00101567	1	1	33.0
2024-05-18	v2.virtualflybrain.org	VFB_00063524	VFB_00101567	0	1	19.0
2024-05-18	v2.virtualflybrain.org	VFB_00066688	VFB_00101567	1	1	34.0
2024-05-18	v2.virtualflybrain.org	VFB_00100021	VFB_00101567	0	1	123.0
2024-05-18	v2.virtualflybrain.org	VFB_00100278	VFB_00050000	1	2	1.0
2024-05-18	v2.virtualflybrain.org	VFB_00100278	VFB_00101567	0	2	175.0
2024-05-18	v2.virtualflybrain.org	VFB_001012qa	VFB_00101567	24	1	0.0
2024-05-18	v2.virtualflybrain.org	VFB_00101567	VFB_00101567	7	22	88.0
2024-05-18	v2.virtualflybrain.org	VFB_00102134	VFB_00101567	0	2	4.0
2024-05-18	v2.virtualflybrain.org	VFB_00102135	VFB_00101567	0	2	4.0
2024-05-18	v2.virtualflybrain.org	VFB_00102271	VFB_00101567	0	1	24.0
2024-05-18	v2.virtualflybrain.org	VFB_00102276	VFB_00101567	0	1	4.0
2024-05-18	v2.virtualflybrain.org	VFB_00102280	VFB_00101567	2	4	9.0
2024-05-18	v2.virtualflybrain.org	VFB_jrch080r	VFB_00101567	24	1	0.0
2024-05-18	v2.virtualflybrain.org	VFB_jrchk7zs	VFB_00101567	14	1	0.0
2024-05-18	v2.virtualflybrain.org	VFBexp_FBtp0058	VFB_00101567	0	8	130.0
2024-05-18	v2.virtualflybrain.org	VFBexp_FBtp0059	VFB_00101567	0	3	30.0
2024-05-18	v2.virtualflybrain.org	VFBexp_FBtp0060	VFB_00101567	0	4	52.0
2024-05-18	v2.virtualflybrain.org	VFBexp_FBtp0061	VFB_00101567	0	2	18.0
2024-05-18	v2.virtualflybrain.org	VFBexp_FBtp0062	VFB_00101567	0	4	67.0
2024-05-18	v2.virtualflybrain.org	VFBexp_FBtp0063	VFB_00101567	0	7	88.0
2024-05-18	v2.virtualflybrain.org	VFBexp_FBtp0064	VFB_00101567	0	1	12.0
2024-05-19		FBbt_00003624		1	1	0.0
2024-05-19		FBbt_00003624	VFB_00101567	1	1	0.0
2024-05-19		FBbt_00003632		2	1	0.0
2024-05-19		FBbt_00003632	VFB_00101567	3	1	0.0
2024-05-19		FBbt_00003678		3	2	1.0
2024-05-19		FBbt_00003678	VFB_00101567	3	2	0.0
2024-05-19		FBbt_00003681		1	1	0.0
2024-05-19		FBbt_00003681	VFB_00101567	1	1	0.0
2024-05-19		FBbt_00003684		7	1	6.0
2024-05-19		FBbt_00003684	VFB_00101567	7	1	0.0
2024-05-19		FBbt_00003748		7	2	0.0
2024-05-19		FBbt_00003748	VFB_00101567	7	3	0.0
2024-05-19		FBbt_00003982		1	1	0.0
2024-05-19		FBbt_00003982	VFB_00101567	1	1	0.0
2024-05-19		FBbt_00007004		1	1	0.0
2024-05-19		FBbt_00007004	VFB_00101567	1	1	0.0
2024-05-19		FBbt_00007059		1	1	0.0
2024-05-19		FBbt_00007059	VFB_00101567	1	1	0.0
2024-05-19		FBbt_00007082		1	1	0.0
2024-05-19		FBbt_00007082	VFB_00101567	1	1	0.0
2024-05-19		FBbt_00007147		3	1	12.0
2024-05-19		FBbt_00007147	VFB_00101567	3	1	0.0
2024-05-19		FBbt_00007385		2	1	0.0
2024-05-19		FBbt_00007385	VFB_00101567	2	1	0.0
2024-05-19		FBbt_00007453		1	1	0.0
2024-05-19		FBbt_00007453	VFB_00101567	1	1	0.0
2024-05-19		FBbt_00040001		4	1	0.0
2024-05-19		FBbt_00040001	VFB_00101567	3	1	0.0
2024-05-19		FBbt_00040041		1	1	0.0
2024-05-19		FBbt_00040041	VFB_00101567	1	1	0.0
2024-05-19		FBbt_00040043		2	2	0.0
2024-05-19		FBbt_00040043	VFB_00101567	2	2	0.0
2024-05-19		FBbt_00040051		11	1	0.0
2024-05-19		FBbt_00040051	VFB_00101567	11	1	0.0
2024-05-19		FBbt_00045003		1	1	0.0
2024-05-19		FBbt_00045003	VFB_00101567	1	1	0.0
2024-05-19		FBbt_00045021		4	1	0.0
2024-05-19		FBbt_00045021	VFB_00101567	5	1	0.0
2024-05-19		FBbt_00045047		2	1	0.0
2024-05-19		FBbt_00045047	VFB_00101567	2	1	0.0
2024-05-19		FBbt_00045050		2	1	0.0
2024-05-19		FBbt_00045050	VFB_00101567	2	1	0.0
2024-05-19		FBbt_00047887		2	1	0.0
2024-05-19		FBbt_00047887	VFB_00101567	2	2	0.0
2024-05-19		FBbt_00048326		1	1	0.0
2024-05-19		FBbt_00048326	VFB_00101567	1	1	0.0
2024-05-19		FBbt_00048327		5	1	0.0
2024-05-19		FBbt_00048327	VFB_00101567	6	2	0.0
2024-05-19		FBbt_00051393		2	1	0.0
2024-05-19		FBbt_00051393	VFB_00101567	2	1	0.0
2024-05-19		FBbt_00110639		5	1	0.0
2024-05-19		FBbt_00110639	VFB_00101567	5	1	0.0
2024-05-19		VFB_00020861		2	1	0.0
2024-05-19		VFB_00020861	VFB_00101567	2	1	0.0
2024-05-19		VFB_00021289		2	1	0.0
2024-05-19		VFB_00021289	VFB_00101567	2	1	0.0
2024-05-19		VFB_00022015		4	1	0.0
2024-05-19		VFB_00022015	VFB_00101567	4	1	0.0
2024-05-19		VFB_00022924		2	1	0.0
2024-05-19		VFB_00022924	VFB_00101567	2	1	0.0
2024-05-19		VFB_0010126k		4	1	0.0
2024-05-19		VFB_0010126k	VFB_00101567	4	1	0.0
2024-05-19		VFB_001012qa		25	1	0.0
2024-05-19		VFB_001012qa	VFB_00101567	25	1	0.0
2024-05-19		VFB_001014qd		1	1	3.0
2024-05-19		VFB_001014qd	VFB_00101567	1	1	0.0
2024-05-19		VFB_001014qe		26	1	34.0
2024-05-19		VFB_001014qe	VFB_00101567	26	4	0.0
2024-05-19		VFB_001014qf		4	1	9.0
2024-05-19		VFB_001014qf	VFB_00101567	4	1	0.0
2024-05-19		VFB_00101567		56	12	288.0
2024-05-19		VFB_00101567	VFB_00101567	54	15	0.0
2024-05-19		VFB_00102107		1	1	0.0
2024-05-19		VFB_00102107	VFB_00101567	1	1	0.0
2024-05-19		VFB_00102108		2	2	0.0
2024-05-19		VFB_00102108	VFB_00101567	2	2	0.0
2024-05-19		VFB_00102114		1	1	0.0
2024-05-19		VFB_00102114	VFB_00101567	1	1	0.0
2024-05-19		VFB_00102118		1	1	0.0
2024-05-19		VFB_00102118	VFB_00101567	1	1	0.0
2024-05-19		VFB_00102119		1	1	0.0
2024-05-19		VFB_00102119	VFB_00101567	1	1	0.0
2024-05-19		VFB_00102121		1	1	0.0
2024-05-19		VFB_00102121	VFB_00101567	1	1	0.0
2024-05-19		VFB_00102123		1	1	0.0
2024-05-19		VFB_00102123	VFB_00101567	1	1	0.0
2024-05-19		VFB_00102124		1	1	0.0
2024-05-19		VFB_00102124	VFB_00101567	1	1	0.0
2024-05-19		VFB_00102133		1	1	0.0
2024-05-19		VFB_00102133	VFB_00101567	1	1	0.0
2024-05-19		VFB_00102134		1	1	0.0
2024-05-19		VFB_00102134	VFB_00101567	1	1	0.0
2024-05-19		VFB_00102135		1	1	0.0
2024-05-19		VFB_00102135	VFB_00101567	1	1	0.0
2024-05-19		VFB_00102137		1	1	0.0
2024-05-19		VFB_00102137	VFB_00101567	1	1	0.0
2024-05-19		VFB_00102139		1	1	0.0
2024-05-19		VFB_00102139	VFB_00101567	1	1	0.0
2024-05-19		VFB_00102140		1	1	0.0
2024-05-19		VFB_00102140	VFB_00101567	1	1	0.0
2024-05-19		VFB_00102141		4	2	2.0
2024-05-19		VFB_00102141	VFB_00101567	5	3	0.0
2024-05-19		VFB_00102146		10	2	11.0
2024-05-19		VFB_00102146	VFB_00101567	9	4	0.0
2024-05-19		VFB_00102148		1	1	0.0
2024-05-19		VFB_00102148	VFB_00101567	1	1	0.0
2024-05-19		VFB_00102152		1	1	0.0
2024-05-19		VFB_00102152	VFB_00101567	1	1	0.0
2024-05-19		VFB_00102154		1	1	0.0
2024-05-19		VFB_00102154	VFB_00101567	1	1	0.0
2024-05-19		VFB_00102159		2	1	13.0
2024-05-19		VFB_00102159	VFB_00101567	2	2	0.0
2024-05-19		VFB_00102162		1	1	0.0
2024-05-19		VFB_00102162	VFB_00101567	1	1	0.0
2024-05-19		VFB_00102164		1	1	0.0
2024-05-19		VFB_00102164	VFB_00101567	1	1	0.0
2024-05-19		VFB_00102170		1	1	0.0
2024-05-19		VFB_00102170	VFB_00101567	1	1	0.0
2024-05-19		VFB_00102171		1	1	0.0
2024-05-19		VFB_00102171	VFB_00101567	1	1	0.0
2024-05-19		VFB_00102174		1	1	0.0
2024-05-19		VFB_00102174	VFB_00101567	1	1	0.0
2024-05-19		VFB_00102175		1	1	0.0
2024-05-19		VFB_00102175	VFB_00101567	1	1	0.0
2024-05-19		VFB_00102176		1	1	0.0
2024-05-19		VFB_00102176	VFB_00101567	1	1	0.0
2024-05-19		VFB_00102179		1	1	0.0
2024-05-19		VFB_00102179	VFB_00101567	1	1	0.0
2024-05-19		VFB_00102185		1	1	0.0
2024-05-19		VFB_00102185	VFB_00101567	1	1	0.0
2024-05-19		VFB_00102190		1	1	0.0
2024-05-19		VFB_00102190	VFB_00101567	1	1	0.0
2024-05-19		VFB_00102201		1	1	0.0
2024-05-19		VFB_00102201	VFB_00101567	1	1	0.0
2024-05-19		VFB_00102212		1	1	0.0
2024-05-19		VFB_00102212	VFB_00101567	1	1	0.0
2024-05-19		VFB_00102213		1	1	0.0
2024-05-19		VFB_00102213	VFB_00101567	1	1	0.0
2024-05-19		VFB_00102214		1	1	0.0
2024-05-19		VFB_00102214	VFB_00101567	1	1	0.0
2024-05-19		VFB_00102215		1	1	0.0
2024-05-19		VFB_00102215	VFB_00101567	1	1	0.0
2024-05-19		VFB_00102218		1	1	0.0
2024-05-19		VFB_00102218	VFB_00101567	1	1	0.0
2024-05-19		VFB_00102271		2	1	1.0
2024-05-19		VFB_00102271	VFB_00101567	2	1	0.0
2024-05-19		VFB_00102273		5	1	220.0
2024-05-19		VFB_00102273	VFB_00101567	5	2	0.0
2024-05-19		VFB_00102274		1	1	0.0
2024-05-19		VFB_00102274	VFB_00101567	1	1	0.0
2024-05-19		VFB_00102275		1	1	0.0
2024-05-19		VFB_00102275	VFB_00101567	1	1	0.0
2024-05-19		VFB_00102276		4	1	693.0
2024-05-19		VFB_00102276	VFB_00101567	4	1	0.0
2024-05-19		VFB_00102280		3	3	0.0
2024-05-19		VFB_00102280	VFB_00101567	3	3	0.0
2024-05-19		VFB_00102281		1	1	0.0
2024-05-19		VFB_00102281	VFB_00101567	1	1	0.0
2024-05-19		VFB_00102282		1	1	0.0
2024-05-19		VFB_00102282	VFB_00101567	1	1	0.0
2024-05-19		VFB_jrch080r		24	1	0.0
2024-05-19		VFB_jrch080r	VFB_00101567	24	1	0.0
2024-05-19		VFBexp_FBtp0057		2	2	0.0
2024-05-19		VFBexp_FBtp0057	VFB_00101567	2	2	0.0
2024-05-19		VFBexp_FBtp0058		2	2	0.0
2024-05-19		VFBexp_FBtp0058	VFB_00101567	2	2	0.0
2024-05-19		VFBexp_FBtp0059		1	1	0.0
2024-05-19		VFBexp_FBtp0059	VFB_00101567	1	1	0.0
2024-05-19	v2.virtualflybrain.org	FBbt_00003624	VFB_00101567	0	1	216.0
2024-05-19	v2.virtualflybrain.org	FBbt_00003632	VFB_00101567	0	1	29.0
2024-05-19	v2.virtualflybrain.org	FBbt_00003678	VFB_00101567	0	3	78.0
2024-05-19	v2.virtualflybrain.org	FBbt_00003679	VFB_00101567	0	1	0.0
2024-05-19	v2.virtualflybrain.org	FBbt_00003681	VFB_00101567	1	2	27.0
2024-05-19	v2.virtualflybrain.org	FBbt_00003684	VFB_00101567	0	1	8.0
2024-05-19	v2.virtualflybrain.org	FBbt_00003748	VFB_00101567	3	5	243.0
2024-05-19	v2.virtualflybrain.org	FBbt_00003982	VFB_00101567	0	1	7.0
2024-05-19	v2.virtualflybrain.org	FBbt_00007004	VFB_00101567	0	1	1.0
2024-05-19	v2.virtualflybrain.org	FBbt_00007059	VFB_00101567	0	1	46.0
2024-05-19	v2.virtualflybrain.org	FBbt_00007082	VFB_00101567	0	1	0.0
2024-05-19	v2.virtualflybrain.org	FBbt_00007147	VFB_00101567	0	1	0.0
2024-05-19	v2.virtualflybrain.org	FBbt_00007385	VFB_00101567	0	1	16.0
2024-05-19	v2.virtualflybrain.org	FBbt_00007453	VFB_00101567	0	1	1.0
2024-05-19	v2.virtualflybrain.org	FBbt_00040001	VFB_00101567	0	1	17.0
2024-05-19	v2.virtualflybrain.org	FBbt_00040041	VFB_00101567	0	2	9.0
2024-05-19	v2.virtualflybrain.org	FBbt_00040043	VFB_00101567	0	2	62.0
2024-05-19	v2.virtualflybrain.org	FBbt_00040051	VFB_00101567	11	1	0.0
2024-05-19	v2.virtualflybrain.org	FBbt_00045003	VFB_00101567	0	1	17.0
2024-05-19	v2.virtualflybrain.org	FBbt_00045021	VFB_00101567	0	1	95.0
2024-05-19	v2.virtualflybrain.org	FBbt_00045047	VFB_00101567	0	1	2.0
2024-05-19	v2.virtualflybrain.org	FBbt_00045050	VFB_00101567	1	2	47.0
2024-05-19	v2.virtualflybrain.org	FBbt_00047887	VFB_00101567	0	2	369.0
2024-05-19	v2.virtualflybrain.org	FBbt_00048326		1	1	0.0
2024-05-19	v2.virtualflybrain.org	FBbt_00048327		2	1	1.0
2024-05-19	v2.virtualflybrain.org	FBbt_00048327	VFB_00101567	0	2	29.0
2024-05-19	v2.virtualflybrain.org	FBbt_00051393	VFB_00101567	0	1	3.0
2024-05-19	v2.virtualflybrain.org	FBbt_00110639	VFB_00101567	0	1	19.0
2024-05-19	v2.virtualflybrain.org	VFB_00020544	VFB_00101567	1	1	0.0
2024-05-19	v2.virtualflybrain.org	VFB_00020861	VFB_00101567	2	1	0.0
2024-05-19	v2.virtualflybrain.org	VFB_00021289	VFB_00101567	2	1	0.0
2024-05-19	v2.virtualflybrain.org	VFB_00022015	VFB_00101567	3	2	0.0
2024-05-19	v2.virtualflybrain.org	VFB_00022924	VFB_00101567	2	1	0.0
2024-05-19	v2.virtualflybrain.org	VFB_0010126k	VFB_00101567	4	1	0.0
2024-05-19	v2.virtualflybrain.org	VFB_001012qa	VFB_00101567	25	1	0.0
2024-05-19	v2.virtualflybrain.org	VFB_001014qd	VFB_001014qd	1	2	0.0
2024-05-19	v2.virtualflybrain.org	VFB_001014qd	VFB_00101567	0	1	4.0
2024-05-19	v2.virtualflybrain.org	VFB_001014qe	VFB_00101567	3	5	0.0
2024-05-19	v2.virtualflybrain.org	VFB_001014qf	VFB_00101567	0	2	8.0
2024-05-19	v2.virtualflybrain.org	VFB_00101567	VFB_00101567	5	33	232.0
2024-05-19	v2.virtualflybrain.org	VFB_00102107	VFB_00101567	0	1	4.0
2024-05-19	v2.virtualflybrain.org	VFB_00102108	VFB_00101567	0	2	23.0
2024-05-19	v2.virtualflybrain.org	VFB_00102114	VFB_00101567	0	1	11.0
2024-05-19	v2.virtualflybrain.org	VFB_00102118	VFB_00101567	0	1	5.0
2024-05-19	v2.virtualflybrain.org	VFB_00102119	VFB_00101567	0	1	3.0
2024-05-19	v2.virtualflybrain.org	VFB_00102121	VFB_00101567	0	1	11.0
2024-05-19	v2.virtualflybrain.org	VFB_00102123	VFB_00101567	0	1	14.0
2024-05-19	v2.virtualflybrain.org	VFB_00102124	VFB_00101567	0	1	4.0
2024-05-19	v2.virtualflybrain.org	VFB_00102133	VFB_00101567	0	1	5.0
2024-05-19	v2.virtualflybrain.org	VFB_00102134	VFB_00101567	0	1	4.0
2024-05-19	v2.virtualflybrain.org	VFB_00102135	VFB_00101567	0	1	18.0
2024-05-19	v2.virtualflybrain.org	VFB_00102137	VFB_00101567	0	1	9.0
2024-05-19	v2.virtualflybrain.org	VFB_00102139	VFB_00101567	0	1	10.0
2024-05-19	v2.virtualflybrain.org	VFB_00102140	VFB_00101567	0	1	10.0
2024-05-19	v2.virtualflybrain.org	VFB_00102141	VFB_00101567	1	3	22.0
2024-05-19	v2.virtualflybrain.org	VFB_00102146	VFB_00101567	2	5	21.0
2024-05-19	v2.virtualflybrain.org	VFB_00102148	VFB_00101567	0	1	11.0
2024-05-19	v2.virtualflybrain.org	VFB_00102152	VFB_00101567	0	1	6.0
2024-05-19	v2.virtualflybrain.org	VFB_00102154	VFB_00101567	0	1	9.0
2024-05-19	v2.virtualflybrain.org	VFB_00102159	VFB_00101567	1	2	5.0
2024-05-19	v2.virtualflybrain.org	VFB_00102162	VFB_00101567	0	1	5.0
2024-05-19	v2.virtualflybrain.org	VFB_00102164	VFB_00101567	0	1	13.0
2024-05-19	v2.virtualflybrain.org	VFB_00102170	VFB_00101567	0	1	13.0
2024-05-19	v2.virtualflybrain.org	VFB_00102171	VFB_00101567	0	1	4.0
2024-05-19	v2.virtualflybrain.org	VFB_00102174	VFB_00101567	0	1	9.0
2024-05-19	v2.virtualflybrain.org	VFB_00102175	VFB_00101567	0	1	8.0
2024-05-19	v2.virtualflybrain.org	VFB_00102176	VFB_00101567	0	1	5.0
2024-05-19	v2.virtualflybrain.org	VFB_00102179	VFB_00101567	0	1	9.0
2024-05-19	v2.virtualflybrain.org	VFB_00102185	VFB_00101567	0	1	4.0
2024-05-19	v2.virtualflybrain.org	VFB_00102190	VFB_00101567	0	1	11.0
2024-05-19	v2.virtualflybrain.org	VFB_00102201	VFB_00101567	0	1	31.0
2024-05-19	v2.virtualflybrain.org	VFB_00102212	VFB_00101567	0	1	5.0
2024-05-19	v2.virtualflybrain.org	VFB_00102213	VFB_00101567	0	1	10.0
2024-05-19	v2.virtualflybrain.org	VFB_00102214	VFB_00101567	0	1	15.0
2024-05-19	v2.virtualflybrain.org	VFB_00102215	VFB_00101567	0	1	11.0
2024-05-19	v2.virtualflybrain.org	VFB_00102218	VFB_00101567	0	1	10.0
2024-05-19	v2.virtualflybrain.org	VFB_00102273	VFB_00101567	0	3	80.0
2024-05-19	v2.virtualflybrain.org	VFB_00102274	VFB_00101567	0	1	7.0
2024-05-19	v2.virtualflybrain.org	VFB_00102275	VFB_00101567	0	1	286.0
2024-05-19	v2.virtualflybrain.org	VFB_00102276	VFB_00101567	1	1	57.0
2024-05-19	v2.virtualflybrain.org	VFB_00102280	VFB_00101567	2	3	5.0
2024-05-19	v2.virtualflybrain.org	VFB_00102281	VFB_00101567	0	1	14.0
2024-05-19	v2.virtualflybrain.org	VFB_00102282	VFB_00101567	0	1	4.0
2024-05-19	v2.virtualflybrain.org	VFB_jrch080r	VFB_00101567	24	1	0.0
2024-05-19	v2.virtualflybrain.org	VFBexp_FBtp0057	VFB_00101567	0	2	23.0
2024-05-19	v2.virtualflybrain.org	VFBexp_FBtp0058	VFB_00101567	0	2	41.0
2024-05-19	v2.virtualflybrain.org	VFBexp_FBtp0059	VFB_00101567	0	2	16.0
2024-05-20		FBbt_00001985		2	1	47.0
2024-05-20		FBbt_00001985	VFB_00101567	2	1	0.0
2024-05-20		FBbt_00003004		2	1	0.0
2024-05-20		FBbt_00003004	VFB_00101567	2	2	0.0
2024-05-20		FBbt_00003007		4	2	11.0
2024-05-20		FBbt_00003007	VFB_00101567	1	1	0.0
2024-05-20		FBbt_00003007	VFB_00110000	3	1	0.0
2024-05-20		FBbt_00003559		4	1	0.0
2024-05-20		FBbt_00003559	VFB_00101567	4	2	0.0
2024-05-20		FBbt_00003623		2	1	0.0
2024-05-20		FBbt_00003623	VFB_00101567	2	1	0.0
2024-05-20		FBbt_00003624		21	3	4.0
2024-05-20		FBbt_00003624	VFB_00017894	4	1	0.0
2024-05-20		FBbt_00003624	VFB_00101567	22	4	0.0
2024-05-20		FBbt_00003678		3	1	0.0
2024-05-20		FBbt_00003678	VFB_00101567	4	2	0.0
2024-05-20		FBbt_00003679		3	2	0.0
2024-05-20		FBbt_00003679	VFB_00101567	3	2	0.0
2024-05-20		FBbt_00003680		1	1	0.0
2024-05-20		FBbt_00003681		2	2	0.0
2024-05-20		FBbt_00003681	VFB_00101567	2	2	0.0
2024-05-20		FBbt_00003682		1	1	0.0
2024-05-20		FBbt_00003682	VFB_00101567	1	1	0.0
2024-05-20		FBbt_00003686		1	1	1.0
2024-05-20		FBbt_00003686	VFB_00017894	1	1	0.0
2024-05-20		FBbt_00003687		3	2	10.0
2024-05-20		FBbt_00003687	VFB_00101567	3	2	0.0
2024-05-20		FBbt_00003701		3	2	5.0
2024-05-20		FBbt_00003701	VFB_00101567	3	2	0.0
2024-05-20		FBbt_00003748		13	4	0.0
2024-05-20		FBbt_00003748	VFB_00017894	1	1	0.0
2024-05-20		FBbt_00003748	VFB_00101567	12	4	0.0
2024-05-20		FBbt_00003764		1	1	0.0
2024-05-20		FBbt_00003764	VFB_00110000	1	1	0.0
2024-05-20		FBbt_00003766		1	1	0.0
2024-05-20		FBbt_00003766	VFB_00110000	1	1	0.0
2024-05-20		FBbt_00003852		10	1	2.0
2024-05-20		FBbt_00003852	VFB_00017894	6	1	0.0
2024-05-20		FBbt_00003852	VFB_00101567	4	2	0.0
2024-05-20		FBbt_00004481		2	1	0.0
2024-05-20		FBbt_00004481	VFB_00110000	2	1	0.0
2024-05-20		FBbt_00007054		2	1	0.0
2024-05-20		FBbt_00007054	VFB_00017894	2	1	0.0
2024-05-20		FBbt_00007055		2	2	1.0
2024-05-20		FBbt_00007055	VFB_00017894	1	1	0.0
2024-05-20		FBbt_00007055	VFB_00101567	1	1	0.0
2024-05-20		FBbt_00007059		2	2	0.0
2024-05-20		FBbt_00007059	VFB_00101567	2	2	0.0
2024-05-20		FBbt_00007145		1	1	0.0
2024-05-20		FBbt_00007145	VFB_00101567	1	1	0.0
2024-05-20		FBbt_00007401		4	1	0.0
2024-05-20		FBbt_00007401	VFB_00101567	4	2	0.0
2024-05-20		FBbt_00007453		7	2	0.0
2024-05-20		FBbt_00007453	VFB_00017894	2	1	0.0
2024-05-20		FBbt_00007453	VFB_00101567	5	3	0.0
2024-05-20		FBbt_00013688		1	1	0.0
2024-05-20		FBbt_00013688	VFB_00101567	1	1	0.0
2024-05-20		FBbt_00013691		1	1	0.0
2024-05-20		FBbt_00013691	VFB_00101567	1	1	0.0
2024-05-20		FBbt_00013694		2	1	0.0
2024-05-20		FBbt_00013694	VFB_00101567	2	1	0.0
2024-05-20		FBbt_00013695		2	1	0.0
2024-05-20		FBbt_00013695	VFB_00101567	2	1	0.0
2024-05-20		FBbt_00014013		4	2	1.0
2024-05-20		FBbt_00014013	VFB_00101567	5	2	0.0
2024-05-20		FBbt_00040007		2	1	4.0
2024-05-20		FBbt_00040007	VFB_00101567	2	1	0.0
2024-05-20		FBbt_00040039		1	1	0.0
2024-05-20		FBbt_00040039	VFB_00017894	1	1	0.0
2024-05-20		FBbt_00040041		1	1	0.0
2024-05-20		FBbt_00040041	VFB_00017894	1	1	0.0
2024-05-20		FBbt_00040042		2	1	0.0
2024-05-20		FBbt_00040042	VFB_00101567	2	1	0.0
2024-05-20		FBbt_00040043		4	2	0.0
2024-05-20		FBbt_00040043	VFB_00017894	1	1	0.0
2024-05-20		FBbt_00040043	VFB_00101567	3	2	0.0
2024-05-20		FBbt_00040051		4	1	0.0
2024-05-20		FBbt_00040051	VFB_00101567	4	1	0.0
2024-05-20		FBbt_00045027		1	1	0.0
2024-05-20		FBbt_00045027	VFB_00017894	1	1	0.0
2024-05-20		FBbt_00045032		2	2	0.0
2024-05-20		FBbt_00045032	VFB_00101567	2	2	0.0
2024-05-20		FBbt_00045048		1	1	0.0
2024-05-20		FBbt_00045048	VFB_00101567	1	1	0.0
2024-05-20		FBbt_00047887		7	2	0.0
2024-05-20		FBbt_00047887	VFB_00101567	8	3	0.0
2024-05-20		FBbt_00049597		1	1	0.0
2024-05-20		FBbt_00049597	VFB_00101567	1	1	0.0
2024-05-20		FBbt_00049833		2	1	0.0
2024-05-20		FBbt_00049833	VFB_00101567	2	2	0.0
2024-05-20		FBbt_00058785		1	1	0.0
2024-05-20		FBbt_00058785	VFB_00110000	1	1	0.0
2024-05-20		FBbt_00059242		5	1	0.0
2024-05-20		FBbt_00059242	VFB_00101567	5	1	0.0
2024-05-20		FBbt_00100258		1	1	0.0
2024-05-20		FBbt_00100258	VFB_00101567	1	1	0.0
2024-05-20		FBbt_00110636		3	2	0.0
2024-05-20		FBbt_00110636	VFB_00017894	1	1	0.0
2024-05-20		FBbt_00110636	VFB_00101567	2	2	0.0
2024-05-20		FBbt_00110638		2	1	0.0
2024-05-20		FBbt_00110638	VFB_00101567	2	1	0.0
2024-05-20		FBbt_00110639		4	1	0.0
2024-05-20		FBbt_00110639	VFB_00101567	4	1	0.0
2024-05-20		FBbt_00110657		2	1	0.0
2024-05-20		FBbt_00110657	VFB_00101567	2	2	0.0
2024-05-20		FBbt_00110658		1	1	0.0
2024-05-20		FBbt_00110658	VFB_00101567	1	1	0.0
2024-05-20		FBbt_20003727		1	1	0.0
2024-05-20		FBbt_20003727	VFB_00101567	1	1	0.0
2024-05-20		VFB_00017894		6	2	3.0
2024-05-20		VFB_00017894	VFB_00017894	10	4	70.0
2024-05-20		VFB_00021508		3	1	25.0
2024-05-20		VFB_00021508	VFB_00101567	3	2	0.0
2024-05-20		VFB_00021593		8	1	11.0
2024-05-20		VFB_00021593	VFB_00101567	8	1	0.0
2024-05-20		VFB_00022370		2	1	0.0
2024-05-20		VFB_00022370	VFB_00101567	2	1	0.0
2024-05-20		VFB_00022924		1	1	0.0
2024-05-20		VFB_00022924	VFB_00101567	1	1	0.0
2024-05-20		VFB_00023719		1	1	8.0
2024-05-20		VFB_00023719	VFB_00101567	1	1	0.0
2024-05-20		VFB_00030849		17	2	12.0
2024-05-20		VFB_00030849	VFB_00017894	15	2	0.0
2024-05-20		VFB_00030849	VFB_00101567	2	1	0.0
2024-05-20		VFB_00030856		2	1	5.0
2024-05-20		VFB_00030856	VFB_00017894	2	1	0.0
2024-05-20		VFB_00030870		9	1	17.0
2024-05-20		VFB_00030870	VFB_00017894	4	2	0.0
2024-05-20		VFB_00030870	VFB_00101567	4	1	0.0
2024-05-20		VFB_00049000		1	1	0.0
2024-05-20		VFB_00049000	VFB_00049000	2	2	101.0
2024-05-20		VFB_00064109		2	1	15.0
2024-05-20		VFB_00064109	VFB_00101567	2	1	0.0
2024-05-20		VFB_00064516		2	1	10.0
2024-05-20		VFB_00064516	VFB_00101567	2	1	0.0
2024-05-20		VFB_00065051		2	1	11.0
2024-05-20		VFB_00065051	VFB_00101567	2	1	0.0
2024-05-20		VFB_00065059		2	1	13.0
2024-05-20		VFB_00065059	VFB_00101567	2	1	0.0
2024-05-20		VFB_00065744		2	1	13.0
2024-05-20		VFB_00065744	VFB_00101567	2	1	0.0
2024-05-20		VFB_00065960		2	1	11.0
2024-05-20		VFB_00065960	VFB_00101567	2	1	0.0
2024-05-20		VFB_00067887		2	1	4.0
2024-05-20		VFB_00067887	VFB_00101567	2	1	0.0
2024-05-20		VFB_00068382		2	1	10.0
2024-05-20		VFB_00068382	VFB_00101567	2	1	0.0
2024-05-20		VFB_00100278		7	1	2.0
2024-05-20		VFB_00100278	VFB_00017894	6	1	0.0
2024-05-20		VFB_00100278	VFB_00050000	1	1	0.0
2024-05-20		VFB_001010dj		6	1	2.0
2024-05-20		VFB_001010dj	VFB_00101567	6	1	0.0
2024-05-20		VFB_0010126k		10	1	0.0
2024-05-20		VFB_0010126k	VFB_00101567	10	1	0.0
2024-05-20		VFB_001012qa		24	1	0.0
2024-05-20		VFB_001012qa	VFB_00101567	24	1	0.0
2024-05-20		VFB_001014uf		8	1	11.0
2024-05-20		VFB_001014uf	VFB_00110000	8	1	0.0
2024-05-20		VFB_001014uq		3	1	7.0
2024-05-20		VFB_001014uq	VFB_00101567	2	1	0.0
2024-05-20		VFB_001014uq	VFB_00110000	1	1	0.0
2024-05-20		VFB_00101521		7	1	21.0
2024-05-20		VFB_00101521	VFB_00050000	5	1	0.0
2024-05-20		VFB_00101521	VFB_00101567	2	1	0.0
2024-05-20		VFB_00101567		105	24	280.0
2024-05-20		VFB_00101567	VFB_00101567	124	39	8.0
2024-05-20		VFB_00101td5		4	1	0.0
2024-05-20		VFB_00101td5	VFB_00101567	4	1	0.0
2024-05-20		VFB_00102109		2	1	10.0
2024-05-20		VFB_00102109	VFB_00101567	2	2	0.0
2024-05-20		VFB_00102118		18	2	398.0
2024-05-20		VFB_00102118	VFB_00101567	18	5	0.0
2024-05-20		VFB_00102119		11	1	148.0
2024-05-20		VFB_00102119	VFB_00101567	11	3	0.0
2024-05-20		VFB_00102121		6	1	8.0
2024-05-20		VFB_00102121	VFB_00101567	6	2	0.0
2024-05-20		VFB_00102123		8	1	21.0
2024-05-20		VFB_00102123	VFB_00101567	9	2	0.0
2024-05-20		VFB_00102124		10	1	37.0
2024-05-20		VFB_00102124	VFB_00101567	8	2	0.0
2024-05-20		VFB_00102133		19	1	142.0
2024-05-20		VFB_00102133	VFB_00101567	18	6	0.0
2024-05-20		VFB_00102135		5	1	30.0
2024-05-20		VFB_00102135	VFB_00101567	6	4	0.0
2024-05-20		VFB_00102141		4	2	2.0
2024-05-20		VFB_00102141	VFB_00101567	4	2	0.0
2024-05-20		VFB_00102164		2	1	0.0
2024-05-20		VFB_00102164	VFB_00101567	2	1	0.0
2024-05-20		VFB_00102201		1	1	5.0
2024-05-20		VFB_00102201	VFB_00101567	1	1	0.0
2024-05-20		VFB_00102271		6	2	9.0
2024-05-20		VFB_00102271	VFB_00101567	6	3	0.0
2024-05-20		VFB_00102280		8	2	23.0
2024-05-20		VFB_00102280	VFB_00101567	7	3	0.0
2024-05-20		VFB_00110000		17	1	28.0
2024-05-20		VFB_00110000	VFB_00110000	23	6	0.0
2024-05-20		VFB_jrch080r		24	1	0.0
2024-05-20		VFB_jrch080r	VFB_00101567	24	1	0.0
2024-05-20		VFB_jrchjwii		2	1	1.0
2024-05-20		VFB_jrchjwii	VFB_00101567	2	2	0.0
2024-05-20		VFB_jrchk7fb		3	1	1.0
2024-05-20		VFB_jrchk7fb	VFB_00101567	3	1	0.0
2024-05-20		VFB_jrchk7fc		9	1	1.0
2024-05-20		VFB_jrchk7fc	VFB_00101567	9	3	0.0
2024-05-20		VFBexp_FBti0002		1	1	0.0
2024-05-20		VFBexp_FBti0002	VFB_00110000	1	1	0.0
2024-05-20		VFBexp_FBti0143		1	1	0.0
2024-05-20		VFBexp_FBti0143	VFB_00101567	1	1	0.0
2024-05-20		VFBexp_FBtp0011		1	1	0.0
2024-05-20		VFBexp_FBtp0011	VFB_00110000	1	1	0.0
2024-05-20		VFBexp_FBtp0057		5	5	0.0
2024-05-20		VFBexp_FBtp0057	VFB_00101567	5	5	0.0
2024-05-20		VFBexp_FBtp0058		2	2	0.0
2024-05-20		VFBexp_FBtp0058	VFB_00101567	2	2	0.0
2024-05-20		VFBexp_FBtp0059		3	3	1.0
2024-05-20		VFBexp_FBtp0059	VFB_00101567	3	3	0.0
2024-05-20		VFBexp_FBtp0060		1	1	0.0
2024-05-20		VFBexp_FBtp0060	VFB_00101567	1	1	0.0
2024-05-20		VFBexp_FBtp0061		2	2	0.0
2024-05-20		VFBexp_FBtp0061	VFB_00101567	2	2	0.0
2024-05-20		VFBexp_FBtp0062		4	4	0.0
2024-05-20		VFBexp_FBtp0062	VFB_00101567	4	4	0.0
2024-05-20		VFBexp_FBtp0063		17	8	1.0
2024-05-20		VFBexp_FBtp0063	VFB_00101567	17	11	0.0
2024-05-20		VFBexp_FBtp0064		4	4	0.0
2024-05-20		VFBexp_FBtp0064	VFB_00101567	4	4	0.0
2024-05-20		VFBexp_FBtp0099		1	1	0.0
2024-05-20		VFBexp_FBtp0099	VFB_00101567	1	1	0.0
2024-05-20		VFBexp_FBtp0100		1	1	0.0
2024-05-20		VFBexp_FBtp0100	VFB_00101567	1	1	0.0
2024-05-20		VFBexp_FBtp0102		2	2	0.0
2024-05-20		VFBexp_FBtp0102	VFB_00101567	2	2	0.0
2024-05-20		VFBexp_FBtp0103		2	2	0.0
2024-05-20		VFBexp_FBtp0103	VFB_00101567	2	2	0.0
2024-05-20		VFBexp_FBtp0104		2	2	0.0
2024-05-20		VFBexp_FBtp0104	VFB_00101567	2	2	0.0
2024-05-20		VFBexp_FBtp0105		2	2	0.0
2024-05-20		VFBexp_FBtp0105	VFB_00101567	2	2	0.0
2024-05-20		VFBexp_FBtp0106		1	1	0.0
2024-05-20		VFBexp_FBtp0106	VFB_00101567	1	1	0.0
2024-05-20		VFBexp_FBtp0107		3	3	0.0
2024-05-20		VFBexp_FBtp0107	VFB_00101567	3	3	0.0
2024-05-20		VFBexp_FBtp0114		2	1	1.0
2024-05-20		VFBexp_FBtp0114	VFB_00101567	2	2	0.0
2024-05-20		VFBexp_FBtp0121		1	1	0.0
2024-05-20		VFBexp_FBtp0121	VFB_00101567	1	1	0.0
2024-05-20		VFBext_0000004		1	1	0.0
2024-05-20		VFBext_0000004	VFB_00101567	1	1	0.0
2024-05-20	v2.virtualflybrain.org	FBbt_00001985	VFB_00101567	0	1	0.0
2024-05-20	v2.virtualflybrain.org	FBbt_00003004	VFB_00101567	0	2	23.0
2024-05-20	v2.virtualflybrain.org	FBbt_00003007	VFB_00101567	0	1	2.0
2024-05-20	v2.virtualflybrain.org	FBbt_00003007	VFB_00110000	0	1	2.0
2024-05-20	v2.virtualflybrain.org	FBbt_00003559	VFB_00101567	0	2	25.0
2024-05-20	v2.virtualflybrain.org	FBbt_00003623	VFB_00101567	0	1	28.0
2024-05-20	v2.virtualflybrain.org	FBbt_00003624	VFB_00017894	0	1	67.0
2024-05-20	v2.virtualflybrain.org	FBbt_00003624	VFB_00101567	0	4	84.0
2024-05-20	v2.virtualflybrain.org	FBbt_00003678	VFB_00101567	0	2	6.0
2024-05-20	v2.virtualflybrain.org	FBbt_00003679	VFB_00101567	0	1	0.0
2024-05-20	v2.virtualflybrain.org	FBbt_00003680	VFB_00101567	0	1	0.0
2024-05-20	v2.virtualflybrain.org	FBbt_00003681	VFB_00101567	1	2	10.0
2024-05-20	v2.virtualflybrain.org	FBbt_00003682	VFB_00101567	0	1	43.0
2024-05-20	v2.virtualflybrain.org	FBbt_00003686	VFB_00017894	0	1	180.0
2024-05-20	v2.virtualflybrain.org	FBbt_00003687	VFB_00101567	0	2	97.0
2024-05-20	v2.virtualflybrain.org	FBbt_00003701	VFB_00101567	0	2	27.0
2024-05-20	v2.virtualflybrain.org	FBbt_00003748	VFB_00017894	0	1	75.0
2024-05-20	v2.virtualflybrain.org	FBbt_00003748	VFB_00101567	4	5	150.0
2024-05-20	v2.virtualflybrain.org	FBbt_00003764	VFB_00110000	0	1	37.0
2024-05-20	v2.virtualflybrain.org	FBbt_00003766	VFB_00110000	0	1	32.0
2024-05-20	v2.virtualflybrain.org	FBbt_00003852	VFB_00017894	0	1	69.0
2024-05-20	v2.virtualflybrain.org	FBbt_00003852	VFB_00101567	0	1	14.0
2024-05-20	v2.virtualflybrain.org	FBbt_00004481	VFB_00110000	0	1	24.0
2024-05-20	v2.virtualflybrain.org	FBbt_00007054	VFB_00017894	0	1	70.0
2024-05-20	v2.virtualflybrain.org	FBbt_00007055	VFB_00017894	0	1	44.0
2024-05-20	v2.virtualflybrain.org	FBbt_00007059	VFB_00101567	0	3	52.0
2024-05-20	v2.virtualflybrain.org	FBbt_00007145	VFB_00017894	0	1	31.0
2024-05-20	v2.virtualflybrain.org	FBbt_00007145	VFB_00101567	0	1	0.0
2024-05-20	v2.virtualflybrain.org	FBbt_00007401	VFB_00101567	1	2	192.0
2024-05-20	v2.virtualflybrain.org	FBbt_00007453	VFB_00017894	0	1	8.0
2024-05-20	v2.virtualflybrain.org	FBbt_00007453	VFB_00101567	0	4	103.0
2024-05-20	v2.virtualflybrain.org	FBbt_00013688	VFB_00101567	0	2	75.0
2024-05-20	v2.virtualflybrain.org	FBbt_00013691	VFB_00101567	0	1	7.0
2024-05-20	v2.virtualflybrain.org	FBbt_00013694	VFB_00101567	0	1	6.0
2024-05-20	v2.virtualflybrain.org	FBbt_00013695	VFB_00101567	0	1	20.0
2024-05-20	v2.virtualflybrain.org	FBbt_00014013	VFB_00101567	0	3	1.0
2024-05-20	v2.virtualflybrain.org	FBbt_00040007	VFB_00101567	0	1	0.0
2024-05-20	v2.virtualflybrain.org	FBbt_00040039	VFB_00017894	0	1	6.0
2024-05-20	v2.virtualflybrain.org	FBbt_00040041	VFB_00017894	0	1	1.0
2024-05-20	v2.virtualflybrain.org	FBbt_00040042	VFB_00101567	0	1	16.0
2024-05-20	v2.virtualflybrain.org	FBbt_00040043	VFB_00017894	0	1	25.0
2024-05-20	v2.virtualflybrain.org	FBbt_00040043	VFB_00101567	0	1	50.0
2024-05-20	v2.virtualflybrain.org	FBbt_00040051	VFB_00101567	4	1	0.0
2024-05-20	v2.virtualflybrain.org	FBbt_00045027	VFB_00017894	0	1	2.0
2024-05-20	v2.virtualflybrain.org	FBbt_00045032	VFB_00101567	0	2	52.0
2024-05-20	v2.virtualflybrain.org	FBbt_00045048	VFB_00101567	0	1	3.0
2024-05-20	v2.virtualflybrain.org	FBbt_00047887	VFB_00101567	0	3	123.0
2024-05-20	v2.virtualflybrain.org	FBbt_00047926	VFB_00050000	0	1	55.0
2024-05-20	v2.virtualflybrain.org	FBbt_00049597	VFB_00101567	0	1	27.0
2024-05-20	v2.virtualflybrain.org	FBbt_00049833		1	1	0.0
2024-05-20	v2.virtualflybrain.org	FBbt_00049833	VFB_00101567	0	2	34.0
2024-05-20	v2.virtualflybrain.org	FBbt_00058785	VFB_00110000	0	1	1.0
2024-05-20	v2.virtualflybrain.org	FBbt_00059242	VFB_00101567	4	2	5.0
2024-05-20	v2.virtualflybrain.org	FBbt_00100258	VFB_00101567	0	1	22.0
2024-05-20	v2.virtualflybrain.org	FBbt_00110636	VFB_00017894	0	1	0.0
2024-05-20	v2.virtualflybrain.org	FBbt_00110636	VFB_00101567	0	2	5.0
2024-05-20	v2.virtualflybrain.org	FBbt_00110638	VFB_00101567	0	1	2.0
2024-05-20	v2.virtualflybrain.org	FBbt_00110639	VFB_00101567	0	1	24.0
2024-05-20	v2.virtualflybrain.org	FBbt_00110657	VFB_00101567	0	1	16.0
2024-05-20	v2.virtualflybrain.org	FBbt_00110658	VFB_00101567	0	1	11.0
2024-05-20	v2.virtualflybrain.org	FBbt_20003727	VFB_00101567	0	1	18.0
2024-05-20	v2.virtualflybrain.org	VFB_00017894	VFB_00017894	1	4	2.0
2024-05-20	v2.virtualflybrain.org	VFB_00021508	VFB_00101567	0	2	68.0
2024-05-20	v2.virtualflybrain.org	VFB_00021593		1	1	1.0
2024-05-20	v2.virtualflybrain.org	VFB_00021593	VFB_00101567	0	1	0.0
2024-05-20	v2.virtualflybrain.org	VFB_00022370		2	1	1.0
2024-05-20	v2.virtualflybrain.org	VFB_00022370	VFB_00101567	0	1	5.0
2024-05-20	v2.virtualflybrain.org	VFB_00022924	VFB_00101567	1	1	0.0
2024-05-20	v2.virtualflybrain.org	VFB_00023719	VFB_00101567	0	1	66.0
2024-05-20	v2.virtualflybrain.org	VFB_00030849	VFB_00017894	10	1	25.0
2024-05-20	v2.virtualflybrain.org	VFB_00030849	VFB_00101567	0	2	15.0
2024-05-20	v2.virtualflybrain.org	VFB_00030856	VFB_00017894	0	1	0.0
2024-05-20	v2.virtualflybrain.org	VFB_00030870	VFB_00017894	1	2	1.0
2024-05-20	v2.virtualflybrain.org	VFB_00030870	VFB_00101567	0	1	3.0
2024-05-20	v2.virtualflybrain.org	VFB_00049000	VFB_00049000	1	3	24.0
2024-05-20	v2.virtualflybrain.org	VFB_00050000	VFB_00050000	1	1	0.0
2024-05-20	v2.virtualflybrain.org	VFB_00064109	VFB_00101567	0	1	19.0
2024-05-20	v2.virtualflybrain.org	VFB_00064516	VFB_00101567	0	1	18.0
2024-05-20	v2.virtualflybrain.org	VFB_00065051	VFB_00101567	0	1	12.0
2024-05-20	v2.virtualflybrain.org	VFB_00065059	VFB_00101567	0	1	22.0
2024-05-20	v2.virtualflybrain.org	VFB_00065744	VFB_00101567	0	1	10.0
2024-05-20	v2.virtualflybrain.org	VFB_00065960	VFB_00101567	0	1	0.0
2024-05-20	v2.virtualflybrain.org	VFB_00067887	VFB_00101567	0	1	14.0
2024-05-20	v2.virtualflybrain.org	VFB_00068382	VFB_00101567	0	1	15.0
2024-05-20	v2.virtualflybrain.org	VFB_00100026	VFB_00100026	2	1	21.0
2024-05-20	v2.virtualflybrain.org	VFB_00100278	VFB_00017894	0	2	92.0
2024-05-20	v2.virtualflybrain.org	VFB_00100278	VFB_00050000	1	2	1.0
2024-05-20	v2.virtualflybrain.org	VFB_001010dj	VFB_00101567	0	1	32.0
2024-05-20	v2.virtualflybrain.org	VFB_0010126k	VFB_00101567	10	1	0.0
2024-05-20	v2.virtualflybrain.org	VFB_001012qa	VFB_00101567	24	1	0.0
2024-05-20	v2.virtualflybrain.org	VFB_001014uf	VFB_00110000	0	1	0.0
2024-05-20	v2.virtualflybrain.org	VFB_001014uq	VFB_00101567	0	1	1.0
2024-05-20	v2.virtualflybrain.org	VFB_001014uq	VFB_00110000	1	2	1.0
2024-05-20	v2.virtualflybrain.org	VFB_00101521	VFB_00050000	1	4	10.0
2024-05-20	v2.virtualflybrain.org	VFB_00101521	VFB_00101567	0	1	2.0
2024-05-20	v2.virtualflybrain.org	VFB_00101567	VFB_00101567	29	45	663.0
2024-05-20	v2.virtualflybrain.org	VFB_00101td5	VFB_00101567	3	2	0.0
2024-05-20	v2.virtualflybrain.org	VFB_00102109	VFB_00101567	0	2	90.0
2024-05-20	v2.virtualflybrain.org	VFB_00102118	VFB_00101567	0	4	68.0
2024-05-20	v2.virtualflybrain.org	VFB_00102119	VFB_00101567	0	1	11.0
2024-05-20	v2.virtualflybrain.org	VFB_00102121	VFB_00101567	0	1	0.0
2024-05-20	v2.virtualflybrain.org	VFB_00102123	VFB_00101567	0	1	32.0
2024-05-20	v2.virtualflybrain.org	VFB_00102124	VFB_00101567	0	1	0.0
2024-05-20	v2.virtualflybrain.org	VFB_00102133	VFB_00101567	2	3	36.0
2024-05-20	v2.virtualflybrain.org	VFB_00102135	VFB_00101567	0	1	8.0
2024-05-20	v2.virtualflybrain.org	VFB_00102141	VFB_00101567	2	4	13.0
2024-05-20	v2.virtualflybrain.org	VFB_00102164	VFB_00101567	0	1	4.0
2024-05-20	v2.virtualflybrain.org	VFB_00102201	VFB_00101567	0	1	0.0
2024-05-20	v2.virtualflybrain.org	VFB_00102271	VFB_00101567	0	2	75.0
2024-05-20	v2.virtualflybrain.org	VFB_00102273	VFB_00101567	0	1	4.0
2024-05-20	v2.virtualflybrain.org	VFB_00102280	VFB_00101567	0	3	45.0
2024-05-20	v2.virtualflybrain.org	VFB_00110000	VFB_00110000	0	5	99.0
2024-05-20	v2.virtualflybrain.org	VFB_jrch080r	VFB_00101567	24	1	0.0
2024-05-20	v2.virtualflybrain.org	VFB_jrchjwii	VFB_00101567	0	2	0.0
2024-05-20	v2.virtualflybrain.org	VFB_jrchk7fb	VFB_00101567	2	1	47.0
2024-05-20	v2.virtualflybrain.org	VFB_jrchk7fc	VFB_00101567	4	5	23.0
2024-05-20	v2.virtualflybrain.org	VFBexp_FBti0002	VFB_00110000	0	2	17.0
2024-05-20	v2.virtualflybrain.org	VFBexp_FBti0143	VFB_00101567	0	2	22.0
2024-05-20	v2.virtualflybrain.org	VFBexp_FBtp0011	VFB_00110000	0	1	23.0
2024-05-20	v2.virtualflybrain.org	VFBexp_FBtp0057	VFB_00101567	0	3	34.0
2024-05-20	v2.virtualflybrain.org	VFBexp_FBtp0058	VFB_00101567	0	2	16.0
2024-05-20	v2.virtualflybrain.org	VFBexp_FBtp0059	VFB_00101567	0	3	21.0
2024-05-20	v2.virtualflybrain.org	VFBexp_FBtp0060	VFB_00101567	0	1	12.0
2024-05-20	v2.virtualflybrain.org	VFBexp_FBtp0061	VFB_00101567	0	2	20.0
2024-05-20	v2.virtualflybrain.org	VFBexp_FBtp0062	VFB_00101567	0	4	68.0
2024-05-20	v2.virtualflybrain.org	VFBexp_FBtp0063		1	1	0.0
2024-05-20	v2.virtualflybrain.org	VFBexp_FBtp0063	VFB_00101567	0	13	372.0
2024-05-20	v2.virtualflybrain.org	VFBexp_FBtp0064	VFB_00101567	0	4	140.0
2024-05-20	v2.virtualflybrain.org	VFBexp_FBtp0099	VFB_00101567	0	1	10.0
2024-05-20	v2.virtualflybrain.org	VFBexp_FBtp0100	VFB_00101567	0	1	12.0
2024-05-20	v2.virtualflybrain.org	VFBexp_FBtp0102	VFB_00101567	0	2	24.0
2024-05-20	v2.virtualflybrain.org	VFBexp_FBtp0103	VFB_00101567	0	2	35.0
2024-05-20	v2.virtualflybrain.org	VFBexp_FBtp0104	VFB_00101567	0	3	41.0
2024-05-20	v2.virtualflybrain.org	VFBexp_FBtp0105	VFB_00101567	0	2	29.0
2024-05-20	v2.virtualflybrain.org	VFBexp_FBtp0106	VFB_00101567	0	1	41.0
2024-05-20	v2.virtualflybrain.org	VFBexp_FBtp0107		1	1	3.0
2024-05-20	v2.virtualflybrain.org	VFBexp_FBtp0107	VFB_00101567	0	3	54.0
2024-05-20	v2.virtualflybrain.org	VFBexp_FBtp0114	VFB_00101567	0	2	24.0
2024-05-20	v2.virtualflybrain.org	VFBext_0000004	VFB_00101567	0	1	34.0
2024-05-21		FBbt_00002517		3	1	0.0
2024-05-21		FBbt_00002517	VFB_00101567	3	1	0.0
2024-05-21		FBbt_00003624		10	4	3.0
2024-05-21		FBbt_00003624	VFB_00101567	13	4	0.0
2024-05-21		FBbt_00003678		4	2	0.0
2024-05-21		FBbt_00003678	VFB_00101567	4	2	0.0
2024-05-21		FBbt_00003679		4	2	1.0
2024-05-21		FBbt_00003679	VFB_00101567	4	2	0.0
2024-05-21		FBbt_00003680		2	1	1.0
2024-05-21		FBbt_00003680	VFB_00101567	2	1	0.0
2024-05-21		FBbt_00003681		3	2	0.0
2024-05-21		FBbt_00003681	VFB_00101567	3	2	0.0
2024-05-21		FBbt_00003684		5	1	0.0
2024-05-21		FBbt_00003684	VFB_00101567	5	1	0.0
2024-05-21		FBbt_00003701		8	1	0.0
2024-05-21		FBbt_00003701	VFB_00101567	8	1	0.0
2024-05-21		FBbt_00003748		20	4	0.0
2024-05-21		FBbt_00003748	VFB_00101567	20	4	0.0
2024-05-21		FBbt_00003982		1	1	0.0
2024-05-21		FBbt_00003982	VFB_00101567	1	1	0.0
2024-05-21		FBbt_00007050		2	1	0.0
2024-05-21		FBbt_00007050	VFB_00101567	2	1	0.0
2024-05-21		FBbt_00007053		1	1	0.0
2024-05-21		FBbt_00007053	VFB_00101567	1	1	0.0
2024-05-21		FBbt_00007145		1	1	0.0
2024-05-21		FBbt_00007145	VFB_00101567	1	1	0.0
2024-05-21		FBbt_00007401		3	1	0.0
2024-05-21		FBbt_00007401	VFB_00101567	3	1	0.0
2024-05-21		FBbt_00014013		4	3	0.0
2024-05-21		FBbt_00014013	VFB_00101567	4	3	0.0
2024-05-21		FBbt_00040002		1	1	0.0
2024-05-21		FBbt_00040002	VFB_00101567	1	1	0.0
2024-05-21		FBbt_00040037		1	1	0.0
2024-05-21		FBbt_00040037	VFB_00101567	1	1	0.0
2024-05-21		FBbt_00040039		2	1	0.0
2024-05-21		FBbt_00040039	VFB_00101567	2	1	0.0
2024-05-21		FBbt_00040041		4	2	0.0
2024-05-21		FBbt_00040041	VFB_00101567	4	2	0.0
2024-05-21		FBbt_00040042		1	1	0.0
2024-05-21		FBbt_00040042	VFB_00101567	1	1	0.0
2024-05-21		FBbt_00040071		2	1	0.0
2024-05-21		FBbt_00040071	VFB_00101567	2	1	0.0
2024-05-21		FBbt_00045003		1	1	0.0
2024-05-21		FBbt_00045003	VFB_00101567	1	1	0.0
2024-05-21		FBbt_00045004		5	1	0.0
2024-05-21		FBbt_00045004	VFB_00101567	5	1	0.0
2024-05-21		FBbt_00045032		1	1	0.0
2024-05-21		FBbt_00045032	VFB_00101567	1	1	0.0
2024-05-21		FBbt_00045050		6	2	0.0
2024-05-21		FBbt_00045050	VFB_00101567	7	3	0.0
2024-05-21		FBbt_00047887		1	1	0.0
2024-05-21		FBbt_00047887	VFB_00101567	1	1	0.0
2024-05-21		FBbt_00051425		1	1	0.0
2024-05-21		FBbt_00051425	VFB_00101567	1	1	0.0
2024-05-21		FBbt_00058028		1	1	0.0
2024-05-21		FBbt_00058028	VFB_00101567	1	1	0.0
2024-05-21		FBbt_00110636		2	1	0.0
2024-05-21		FBbt_00110636	VFB_00101567	2	1	0.0
2024-05-21		FBbt_00111308		7	1	2.0
2024-05-21		FBbt_00111308	VFB_00101567	9	2	0.0
2024-05-21		FBbt_00111763		1	1	0.0
2024-05-21		FBbt_00111763	VFB_00101567	1	1	0.0
2024-05-21		VFB_00008259		2	1	0.0
2024-05-21		VFB_00008259	VFB_00101567	2	1	0.0
2024-05-21		VFB_00020606		2	1	6.0
2024-05-21		VFB_00020606	VFB_00101567	2	1	0.0
2024-05-21		VFB_00022867		3	1	3.0
2024-05-21		VFB_00022867	VFB_00101567	2	1	0.0
2024-05-21		VFB_00022924		3	1	0.0
2024-05-21		VFB_00022924	VFB_00101567	3	1	0.0
2024-05-21		VFB_00023364		7	1	114.0
2024-05-21		VFB_00023364	VFB_00101567	7	2	0.0
2024-05-21		VFB_00023699		7	1	14.0
2024-05-21		VFB_00023699	VFB_00101567	7	1	0.0
2024-05-21		VFB_00029376		1	1	0.0
2024-05-21		VFB_00029376	VFB_00101567	1	1	0.0
2024-05-21		VFB_00030849		5	1	0.0
2024-05-21		VFB_00030849	VFB_00017894	5	1	0.0
2024-05-21		VFB_00046626		9	1	35.0
2024-05-21		VFB_00046626	VFB_00101567	9	3	0.0
2024-05-21		VFB_00050000		5	2	8.0
2024-05-21		VFB_00050000	VFB_00050000	12	4	10.0
2024-05-21		VFB_00063243		1	1	0.0
2024-05-21		VFB_00063243	VFB_00101567	1	1	0.0
2024-05-21		VFB_00063250		1	1	0.0
2024-05-21		VFB_00063250	VFB_00101567	1	1	0.0
2024-05-21		VFB_00065446		1	1	0.0
2024-05-21		VFB_00065446	VFB_00101567	1	1	0.0
2024-05-21		VFB_00066173		1	1	0.0
2024-05-21		VFB_00066173	VFB_00101567	1	1	0.0
2024-05-21		VFB_00066631		1	1	0.0
2024-05-21		VFB_00066631	VFB_00101567	1	1	0.0
2024-05-21		VFB_00066833		1	1	0.0
2024-05-21		VFB_00066833	VFB_00101567	1	1	0.0
2024-05-21		VFB_00066873		1	1	0.0
2024-05-21		VFB_00066873	VFB_00101567	1	1	0.0
2024-05-21		VFB_00067677		2	1	0.0
2024-05-21		VFB_00067677	VFB_00101567	2	1	0.0
2024-05-21		VFB_00068019		1	1	0.0
2024-05-21		VFB_00068019	VFB_00101567	1	1	0.0
2024-05-21		VFB_00068683		1	1	0.0
2024-05-21		VFB_00068683	VFB_00101567	1	1	0.0
2024-05-21		VFB_00100wpe		4	1	12.0
2024-05-21		VFB_00100wpe	VFB_00101567	4	2	0.0
2024-05-21		VFB_0010126k		7	1	0.0
2024-05-21		VFB_0010126k	VFB_00101567	7	1	0.0
2024-05-21		VFB_001012qa		24	1	0.0
2024-05-21		VFB_001012qa	VFB_00101567	24	1	0.0
2024-05-21		VFB_00101567		136	29	428.0
2024-05-21		VFB_00101567	VFB_00101567	140	38	0.0
2024-05-21		VFB_0010158s		15	1	106.0
2024-05-21		VFB_0010158s	VFB_00050000	5	1	0.0
2024-05-21		VFB_0010158s	VFB_00101567	6	1	0.0
2024-05-21		VFB_00101td5		3	1	0.0
2024-05-21		VFB_00101td5	VFB_00101567	3	1	0.0
2024-05-21		VFB_00101vcc		1	1	4.0
2024-05-21		VFB_00101vcc	VFB_00101567	1	1	0.0
2024-05-21		VFB_00102114		1	1	1.0
2024-05-21		VFB_00102114	VFB_00101567	1	1	0.0
2024-05-21		VFB_00102118		1	1	0.0
2024-05-21		VFB_00102118	VFB_00101567	1	1	0.0
2024-05-21		VFB_00102119		1	1	1.0
2024-05-21		VFB_00102119	VFB_00101567	1	1	0.0
2024-05-21		VFB_00102121		1	1	0.0
2024-05-21		VFB_00102121	VFB_00101567	1	1	0.0
2024-05-21		VFB_00102123		1	1	0.0
2024-05-21		VFB_00102123	VFB_00101567	1	1	0.0
2024-05-21		VFB_00102124		1	1	0.0
2024-05-21		VFB_00102124	VFB_00101567	1	1	0.0
2024-05-21		VFB_00102133		8	2	0.0
2024-05-21		VFB_00102133	VFB_00101567	8	2	0.0
2024-05-21		VFB_00102134		1	1	0.0
2024-05-21		VFB_00102134	VFB_00101567	1	1	0.0
2024-05-21		VFB_00102135		1	1	2.0
2024-05-21		VFB_00102135	VFB_00101567	1	1	0.0
2024-05-21		VFB_00102137		1	1	0.0
2024-05-21		VFB_00102137	VFB_00101567	1	1	0.0
2024-05-21		VFB_00102139		2	1	0.0
2024-05-21		VFB_00102139	VFB_00101567	2	2	0.0
2024-05-21		VFB_00102140		1	1	1.0
2024-05-21		VFB_00102140	VFB_00101567	1	1	0.0
2024-05-21		VFB_00102141		3	2	0.0
2024-05-21		VFB_00102141	VFB_00101567	3	2	0.0
2024-05-21		VFB_00102146		1	1	0.0
2024-05-21		VFB_00102146	VFB_00101567	1	1	0.0
2024-05-21		VFB_00102148		1	1	0.0
2024-05-21		VFB_00102148	VFB_00101567	1	1	0.0
2024-05-21		VFB_00102152		1	1	0.0
2024-05-21		VFB_00102152	VFB_00101567	1	1	0.0
2024-05-21		VFB_00102154		1	1	1.0
2024-05-21		VFB_00102154	VFB_00101567	1	1	0.0
2024-05-21		VFB_00102162		1	1	0.0
2024-05-21		VFB_00102162	VFB_00101567	1	1	0.0
2024-05-21		VFB_00102164		1	1	0.0
2024-05-21		VFB_00102164	VFB_00101567	1	1	0.0
2024-05-21		VFB_00102170		1	1	0.0
2024-05-21		VFB_00102170	VFB_00101567	1	1	0.0
2024-05-21		VFB_00102171		1	1	0.0
2024-05-21		VFB_00102171	VFB_00101567	1	1	0.0
2024-05-21		VFB_00102174		1	1	7.0
2024-05-21		VFB_00102174	VFB_00101567	1	1	0.0
2024-05-21		VFB_00102175		1	1	0.0
2024-05-21		VFB_00102175	VFB_00101567	1	1	0.0
2024-05-21		VFB_00102176		1	1	1.0
2024-05-21		VFB_00102176	VFB_00101567	1	1	0.0
2024-05-21		VFB_00102179		1	1	0.0
2024-05-21		VFB_00102179	VFB_00101567	1	1	0.0
2024-05-21		VFB_00102185		1	1	0.0
2024-05-21		VFB_00102185	VFB_00101567	1	1	0.0
2024-05-21		VFB_00102190		1	1	1.0
2024-05-21		VFB_00102190	VFB_00101567	1	1	0.0
2024-05-21		VFB_00102212		1	1	0.0
2024-05-21		VFB_00102212	VFB_00101567	1	1	0.0
2024-05-21		VFB_00102213		1	1	0.0
2024-05-21		VFB_00102213	VFB_00101567	1	1	0.0
2024-05-21		VFB_00102214		1	1	0.0
2024-05-21		VFB_00102214	VFB_00101567	1	1	0.0
2024-05-21		VFB_00102215		1	1	0.0
2024-05-21		VFB_00102215	VFB_00101567	1	1	0.0
2024-05-21		VFB_00102218		1	1	0.0
2024-05-21		VFB_00102218	VFB_00101567	1	1	0.0
2024-05-21		VFB_00102271		2	2	0.0
2024-05-21		VFB_00102271	VFB_00101567	2	2	0.0
2024-05-21		VFB_00102274		2	1	34.0
2024-05-21		VFB_00102274	VFB_00101567	2	1	0.0
2024-05-21		VFB_00102276		2	2	5.0
2024-05-21		VFB_00102276	VFB_00101567	2	2	0.0
2024-05-21		VFB_00102280		6	1	0.0
2024-05-21		VFB_00102280	VFB_00101567	6	1	0.0
2024-05-21		VFB_00102282		1	1	1.0
2024-05-21		VFB_00102282	VFB_00101567	1	1	0.0
2024-05-21		VFB_00200000		1	1	1.0
2024-05-21		VFB_00200000	VFB_00200000	2	2	25.0
2024-05-21		VFB_jrch080r		24	1	0.0
2024-05-21		VFB_jrch080r	VFB_00101567	24	1	0.0
2024-05-21		VFB_jrchjwii		8	1	0.0
2024-05-21		VFB_jrchjwii	VFB_00101567	8	1	0.0
2024-05-21		VFB_jrchk04w		23	1	28.0
2024-05-21		VFB_jrchk04w	VFB_00101567	23	2	0.0
2024-05-21		VFB_jrchk0ve		12	1	108.0
2024-05-21		VFB_jrchk0ve	VFB_00101567	10	2	0.0
2024-05-21		VFB_jrchk7fc		10	1	0.0
2024-05-21		VFB_jrchk7fc	VFB_00101567	10	1	0.0
2024-05-21		VFBexp_FBtp0058		2	2	0.0
2024-05-21		VFBexp_FBtp0058	VFB_00101567	2	2	0.0
2024-05-21		VFBexp_FBtp0061		1	1	0.0
2024-05-21		VFBexp_FBtp0061	VFB_00101567	1	1	0.0
2024-05-21		VFBexp_FBtp0063		1	1	0.0
2024-05-21		VFBexp_FBtp0063	VFB_00101567	1	1	0.0
2024-05-21		VFBexp_FBtp0099		7	4	10.0
2024-05-21		VFBexp_FBtp0099	VFB_00101567	7	6	0.0
2024-05-21		VFBexp_FBtp0100		4	4	0.0
2024-05-21		VFBexp_FBtp0100	VFB_00101567	4	4	0.0
2024-05-21		VFBexp_FBtp0102		3	3	0.0
2024-05-21		VFBexp_FBtp0102	VFB_00101567	3	3	0.0
2024-05-21		VFBexp_FBtp0103		4	4	0.0
2024-05-21		VFBexp_FBtp0103	VFB_00101567	4	4	0.0
2024-05-21		VFBexp_FBtp0104		2	2	0.0
2024-05-21		VFBexp_FBtp0104	VFB_00101567	2	2	0.0
2024-05-21		VFBexp_FBtp0105		1	1	0.0
2024-05-21		VFBexp_FBtp0105	VFB_00101567	1	1	0.0
2024-05-21		VFBexp_FBtp0106		2	2	0.0
2024-05-21		VFBexp_FBtp0106	VFB_00101567	2	2	0.0
2024-05-21		VFBexp_FBtp0107		1	1	0.0
2024-05-21		VFBexp_FBtp0107	VFB_00101567	1	1	0.0
2024-05-21		VFBexp_FBtp0135		3	1	0.0
2024-05-21		VFBexp_FBtp0135	VFB_00101567	3	1	0.0
2024-05-21	v2.virtualflybrain.org	FBbt_00002517	VFB_00101567	0	1	29.0
2024-05-21	v2.virtualflybrain.org	FBbt_00003004	VFB_00101567	0	1	289.0
2024-05-21	v2.virtualflybrain.org	FBbt_00003624	VFB_00101567	0	5	133.0
2024-05-21	v2.virtualflybrain.org	FBbt_00003678	VFB_00101567	0	3	39.0
2024-05-21	v2.virtualflybrain.org	FBbt_00003679	VFB_00101567	0	3	48.0
2024-05-21	v2.virtualflybrain.org	FBbt_00003680	VFB_00101567	0	2	31.0
2024-05-21	v2.virtualflybrain.org	FBbt_00003681	VFB_00101567	0	3	104.0
2024-05-21	v2.virtualflybrain.org	FBbt_00003684	VFB_00101567	0	1	13.0
2024-05-21	v2.virtualflybrain.org	FBbt_00003701	VFB_00101567	0	1	5.0
2024-05-21	v2.virtualflybrain.org	FBbt_00003748	VFB_00101567	2	5	112.0
2024-05-21	v2.virtualflybrain.org	FBbt_00003982	VFB_00101567	0	1	9.0
2024-05-21	v2.virtualflybrain.org	FBbt_00007050	VFB_00101567	0	1	2.0
2024-05-21	v2.virtualflybrain.org	FBbt_00007053	VFB_00101567	0	1	8.0
2024-05-21	v2.virtualflybrain.org	FBbt_00007145	VFB_00101567	0	1	2.0
2024-05-21	v2.virtualflybrain.org	FBbt_00007401	VFB_00101567	2	2	18.0
2024-05-21	v2.virtualflybrain.org	FBbt_00014013	VFB_00101567	0	3	32.0
2024-05-21	v2.virtualflybrain.org	FBbt_00040002	VFB_00101567	0	1	5.0
2024-05-21	v2.virtualflybrain.org	FBbt_00040037	VFB_00101567	0	1	5.0
2024-05-21	v2.virtualflybrain.org	FBbt_00040039	VFB_00101567	0	1	20.0
2024-05-21	v2.virtualflybrain.org	FBbt_00040041	VFB_00101567	0	2	71.0
2024-05-21	v2.virtualflybrain.org	FBbt_00040042	VFB_00101567	0	2	36.0
2024-05-21	v2.virtualflybrain.org	FBbt_00040060	VFB_00101567	0	1	94.0
2024-05-21	v2.virtualflybrain.org	FBbt_00040071	VFB_00101567	0	1	0.0
2024-05-21	v2.virtualflybrain.org	FBbt_00045003	VFB_00101567	0	1	2.0
2024-05-21	v2.virtualflybrain.org	FBbt_00045004	VFB_00101567	0	1	5.0
2024-05-21	v2.virtualflybrain.org	FBbt_00045032	VFB_00101567	0	1	0.0
2024-05-21	v2.virtualflybrain.org	FBbt_00045050	VFB_00101567	4	4	53.0
2024-05-21	v2.virtualflybrain.org	FBbt_00047887	VFB_00101567	0	1	1.0
2024-05-21	v2.virtualflybrain.org	FBbt_00051425	VFB_00101567	1	1	0.0
2024-05-21	v2.virtualflybrain.org	FBbt_00058028		1	1	46.0
2024-05-21	v2.virtualflybrain.org	FBbt_00100246	VFB_00101567	1	1	0.0
2024-05-21	v2.virtualflybrain.org	FBbt_00110017		1	1	3.0
2024-05-21	v2.virtualflybrain.org	FBbt_00110636	VFB_00101567	0	1	0.0
2024-05-21	v2.virtualflybrain.org	FBbt_00111308	VFB_00101567	0	3	27.0
2024-05-21	v2.virtualflybrain.org	FBbt_00111763	VFB_00101567	0	2	5.0
2024-05-21	v2.virtualflybrain.org	VFB_00008259	VFB_00101567	0	1	60.0
2024-05-21	v2.virtualflybrain.org	VFB_00017894	VFB_00017894	0	1	0.0
2024-05-21	v2.virtualflybrain.org	VFB_00020606		1	1	4.0
2024-05-21	v2.virtualflybrain.org	VFB_00020606	VFB_00101567	0	1	21.0
2024-05-21	v2.virtualflybrain.org	VFB_00022867		1	1	1.0
2024-05-21	v2.virtualflybrain.org	VFB_00022924	VFB_00101567	3	1	0.0
2024-05-21	v2.virtualflybrain.org	VFB_00023364	VFB_00101567	4	1	0.0
2024-05-21	v2.virtualflybrain.org	VFB_00023699		1	1	2.0
2024-05-21	v2.virtualflybrain.org	VFB_00023699	VFB_00101567	3	2	65.0
2024-05-21	v2.virtualflybrain.org	VFB_00029376	VFB_00101567	0	2	31.0
2024-05-21	v2.virtualflybrain.org	VFB_00030849	VFB_00017894	7	1	0.0
2024-05-21	v2.virtualflybrain.org	VFB_00046626	VFB_00101567	0	2	0.0
2024-05-21	v2.virtualflybrain.org	VFB_00050000	VFB_00050000	1	4	66.0
2024-05-21	v2.virtualflybrain.org	VFB_00063243	VFB_00101567	0	1	18.0
2024-05-21	v2.virtualflybrain.org	VFB_00063250	VFB_00101567	0	1	12.0
2024-05-21	v2.virtualflybrain.org	VFB_00065446	VFB_00101567	0	1	120.0
2024-05-21	v2.virtualflybrain.org	VFB_00066173	VFB_00101567	0	1	13.0
2024-05-21	v2.virtualflybrain.org	VFB_00066631	VFB_00101567	1	1	14.0
2024-05-21	v2.virtualflybrain.org	VFB_00066833	VFB_00101567	0	1	15.0
2024-05-21	v2.virtualflybrain.org	VFB_00066873	VFB_00101567	0	1	25.0
2024-05-21	v2.virtualflybrain.org	VFB_00067677	VFB_00101567	0	2	39.0
2024-05-21	v2.virtualflybrain.org	VFB_00068019	VFB_00101567	0	1	22.0
2024-05-21	v2.virtualflybrain.org	VFB_00068683	VFB_00101567	0	1	15.0
2024-05-21	v2.virtualflybrain.org	VFB_00100wpe	VFB_00101567	2	1	0.0
2024-05-21	v2.virtualflybrain.org	VFB_0010126k	VFB_00101567	7	1	0.0
2024-05-21	v2.virtualflybrain.org	VFB_001012qa	VFB_00101567	24	1	0.0
2024-05-21	v2.virtualflybrain.org	VFB_00101567	VFB_00101567	20	53	573.0
2024-05-21	v2.virtualflybrain.org	VFB_0010158s	VFB_00050000	1	3	15.0
2024-05-21	v2.virtualflybrain.org	VFB_0010158s	VFB_00101567	0	2	10.0
2024-05-21	v2.virtualflybrain.org	VFB_00101td5	VFB_00101567	2	2	0.0
2024-05-21	v2.virtualflybrain.org	VFB_00102114	VFB_00101567	0	1	41.0
2024-05-21	v2.virtualflybrain.org	VFB_00102118	VFB_00101567	0	1	35.0
2024-05-21	v2.virtualflybrain.org	VFB_00102119	VFB_00101567	0	1	23.0
2024-05-21	v2.virtualflybrain.org	VFB_00102121	VFB_00101567	0	1	29.0
2024-05-21	v2.virtualflybrain.org	VFB_00102123	VFB_00101567	0	1	118.0
2024-05-21	v2.virtualflybrain.org	VFB_00102124	VFB_00101567	0	1	15.0
2024-05-21	v2.virtualflybrain.org	VFB_00102133	VFB_00101567	7	2	52.0
2024-05-21	v2.virtualflybrain.org	VFB_00102134	VFB_00101567	0	1	44.0
2024-05-21	v2.virtualflybrain.org	VFB_00102135	VFB_00101567	0	2	568.0
2024-05-21	v2.virtualflybrain.org	VFB_00102137	VFB_00101567	0	1	281.0
2024-05-21	v2.virtualflybrain.org	VFB_00102139	VFB_00101567	1	3	6.0
2024-05-21	v2.virtualflybrain.org	VFB_00102141	VFB_00101567	0	3	92.0
2024-05-21	v2.virtualflybrain.org	VFB_00102146	VFB_00101567	0	1	612.0
2024-05-21	v2.virtualflybrain.org	VFB_00102148	VFB_00101567	0	1	16.0
2024-05-21	v2.virtualflybrain.org	VFB_00102152	VFB_00101567	0	1	442.0
2024-05-21	v2.virtualflybrain.org	VFB_00102154	VFB_00101567	0	1	16.0
2024-05-21	v2.virtualflybrain.org	VFB_00102162	VFB_00101567	0	1	37.0
2024-05-21	v2.virtualflybrain.org	VFB_00102164	VFB_00101567	0	1	125.0
2024-05-21	v2.virtualflybrain.org	VFB_00102170	VFB_00101567	1	2	157.0
2024-05-21	v2.virtualflybrain.org	VFB_00102171	VFB_00101567	0	1	85.0
2024-05-21	v2.virtualflybrain.org	VFB_00102175	VFB_00101567	0	1	9.0
2024-05-21	v2.virtualflybrain.org	VFB_00102176	VFB_00101567	0	1	69.0
2024-05-21	v2.virtualflybrain.org	VFB_00102179	VFB_00101567	0	1	159.0
2024-05-21	v2.virtualflybrain.org	VFB_00102190	VFB_00101567	0	1	6.0
2024-05-21	v2.virtualflybrain.org	VFB_00102212	VFB_00101567	0	1	6.0
2024-05-21	v2.virtualflybrain.org	VFB_00102213	VFB_00101567	0	1	15.0
2024-05-21	v2.virtualflybrain.org	VFB_00102214	VFB_00101567	0	1	3.0
2024-05-21	v2.virtualflybrain.org	VFB_00102215	VFB_00101567	0	1	10.0
2024-05-21	v2.virtualflybrain.org	VFB_00102218	VFB_00101567	0	1	12.0
2024-05-21	v2.virtualflybrain.org	VFB_00102271	VFB_00101567	0	2	158.0
2024-05-21	v2.virtualflybrain.org	VFB_00102274	VFB_00101567	0	1	0.0
2024-05-21	v2.virtualflybrain.org	VFB_00102276	VFB_00101567	0	3	356.0
2024-05-21	v2.virtualflybrain.org	VFB_00102280	VFB_00101567	6	1	0.0
2024-05-21	v2.virtualflybrain.org	VFB_00102281	VFB_00101567	0	1	0.0
2024-05-21	v2.virtualflybrain.org	VFB_00102282	VFB_00101567	0	1	9.0
2024-05-21	v2.virtualflybrain.org	VFB_00200000	VFB_00200000	1	3	20.0
2024-05-21	v2.virtualflybrain.org	VFB_jrch080r	VFB_00101567	24	1	0.0
2024-05-21	v2.virtualflybrain.org	VFB_jrchjwii	VFB_00101567	9	2	1.0
2024-05-21	v2.virtualflybrain.org	VFB_jrchk04w	VFB_00101567	0	2	100.0
2024-05-21	v2.virtualflybrain.org	VFB_jrchk0ve	VFB_00101567	0	3	65.0
2024-05-21	v2.virtualflybrain.org	VFB_jrchk7fc	VFB_00101567	10	1	0.0
2024-05-21	v2.virtualflybrain.org	VFBexp_FBtp0058	VFB_00101567	0	2	65.0
2024-05-21	v2.virtualflybrain.org	VFBexp_FBtp0061	VFB_00101567	1	1	0.0
2024-05-21	v2.virtualflybrain.org	VFBexp_FBtp0063	VFB_00101567	0	2	48.0
2024-05-21	v2.virtualflybrain.org	VFBexp_FBtp0099		1	1	0.0
2024-05-21	v2.virtualflybrain.org	VFBexp_FBtp0099	VFB_00101567	1	5	52.0
2024-05-21	v2.virtualflybrain.org	VFBexp_FBtp0100	VFB_00101567	0	4	62.0
2024-05-21	v2.virtualflybrain.org	VFBexp_FBtp0102	VFB_00101567	0	3	52.0
2024-05-21	v2.virtualflybrain.org	VFBexp_FBtp0103	VFB_00101567	0	4	76.0
2024-05-21	v2.virtualflybrain.org	VFBexp_FBtp0104	VFB_00101567	0	2	23.0
2024-05-21	v2.virtualflybrain.org	VFBexp_FBtp0105	VFB_00101567	0	1	10.0
2024-05-21	v2.virtualflybrain.org	VFBexp_FBtp0106	VFB_00101567	0	3	21.0
2024-05-21	v2.virtualflybrain.org	VFBexp_FBtp0107	VFB_00101567	0	1	0.0
2024-05-21	v2.virtualflybrain.org	VFBexp_FBtp0135		1	1	1.0
2024-05-21	v2.virtualflybrain.org	VFBexp_FBtp0135	VFB_00101567	0	1	1.0
2024-05-21	www.virtualflybrain.org	FBbt_00067061		1	1	1.0
2024-05-22		FBbt_00003624		5	2	0.0
2024-05-22		FBbt_00003624	VFB_00101567	6	2	0.0
2024-05-22		FBbt_00003632		1	1	0.0
2024-05-22		FBbt_00003632	VFB_00101567	1	1	0.0
2024-05-22		FBbt_00003668		1	1	0.0
2024-05-22		FBbt_00003668	VFB_00101567	2	1	0.0
2024-05-22		FBbt_00003678		2	2	0.0
2024-05-22		FBbt_00003678	VFB_00101567	2	2	0.0
2024-05-22		FBbt_00003679		5	1	0.0
2024-05-22		FBbt_00003679	VFB_00101567	5	2	0.0
2024-05-22		FBbt_00003680		1	1	0.0
2024-05-22		FBbt_00003680	VFB_00101567	1	1	0.0
2024-05-22		FBbt_00003681		3	1	0.0
2024-05-22		FBbt_00003681	VFB_00101567	3	1	0.0
2024-05-22		FBbt_00003682		2	1	0.0
2024-05-22		FBbt_00003682	VFB_00101567	2	1	0.0
2024-05-22		FBbt_00003684		2	2	0.0
2024-05-22		FBbt_00003684	VFB_00101567	3	2	0.0
2024-05-22		FBbt_00003982		8	3	0.0
2024-05-22		FBbt_00003982	VFB_00017894	3	1	0.0
2024-05-22		FBbt_00003982	VFB_00101567	7	3	0.0
2024-05-22		FBbt_00005128		9	1	0.0
2024-05-22		FBbt_00005128	VFB_00101567	9	1	0.0
2024-05-22		FBbt_00007054		1	1	0.0
2024-05-22		FBbt_00007054	VFB_00101567	2	1	0.0
2024-05-22		FBbt_00007055		13	4	0.0
2024-05-22		FBbt_00007055	VFB_00101567	14	7	0.0
2024-05-22		FBbt_00007059		2	2	0.0
2024-05-22		FBbt_00007059	VFB_00101567	3	2	0.0
2024-05-22		FBbt_00007145		3	2	0.0
2024-05-22		FBbt_00007145	VFB_00017894	1	1	0.0
2024-05-22		FBbt_00007145	VFB_00101567	2	1	0.0
2024-05-22		FBbt_00007147		4	1	0.0
2024-05-22		FBbt_00007147	VFB_00101567	4	1	0.0
2024-05-22		FBbt_00007385		2	1	0.0
2024-05-22		FBbt_00007385	VFB_00101567	2	1	0.0
2024-05-22		FBbt_00007401		6	2	0.0
2024-05-22		FBbt_00007401	VFB_00017894	2	1	0.0
2024-05-22		FBbt_00007401	VFB_00101567	5	1	0.0
2024-05-22		FBbt_00007677		1	1	0.0
2024-05-22		FBbt_00007677	VFB_00101567	1	1	0.0
2024-05-22		FBbt_00013688		6	2	0.0
2024-05-22		FBbt_00013688	VFB_00101567	7	2	0.0
2024-05-22		FBbt_00013691		1	1	0.0
2024-05-22		FBbt_00013691	VFB_00101567	1	1	0.0
2024-05-22		FBbt_00013695		2	2	0.0
2024-05-22		FBbt_00013695	VFB_00101567	2	2	0.0
2024-05-22		FBbt_00014013		5	2	0.0
2024-05-22		FBbt_00014013	VFB_00101567	6	2	0.0
2024-05-22		FBbt_00015407		2	1	0.0
2024-05-22		FBbt_00015407	VFB_00101567	3	1	0.0
2024-05-22		FBbt_00040001		1	1	0.0
2024-05-22		FBbt_00040001	VFB_00101567	1	1	0.0
2024-05-22		FBbt_00040040		3	1	0.0
2024-05-22		FBbt_00040040	VFB_00101567	3	1	0.0
2024-05-22		FBbt_00040041		1	1	0.0
2024-05-22		FBbt_00040041	VFB_00101567	1	1	0.0
2024-05-22		FBbt_00040042		2	2	0.0
2024-05-22		FBbt_00040042	VFB_00101567	2	2	0.0
2024-05-22		FBbt_00040049		6	3	0.0
2024-05-22		FBbt_00040049	VFB_00017894	3	1	0.0
2024-05-22		FBbt_00040049	VFB_00101567	5	2	0.0
2024-05-22		FBbt_00040051		2	1	0.0
2024-05-22		FBbt_00040051	VFB_00101567	2	1	0.0
2024-05-22		FBbt_00045004		1	1	0.0
2024-05-22		FBbt_00045004	VFB_00101567	2	1	0.0
2024-05-22		FBbt_00045032		4	2	0.0
2024-05-22		FBbt_00045032	VFB_00101567	4	3	0.0
2024-05-22		FBbt_00045037		1	1	0.0
2024-05-22		FBbt_00045037	VFB_00101567	1	1	0.0
2024-05-22		FBbt_00045048		3	2	0.0
2024-05-22		FBbt_00045048	VFB_00101567	3	2	0.0
2024-05-22		FBbt_00045050		1	1	0.0
2024-05-22		FBbt_00045050	VFB_00101567	1	1	0.0
2024-05-22		FBbt_00047887		4	1	0.0
2024-05-22		FBbt_00047887	VFB_00101567	5	1	0.0
2024-05-22		FBbt_00049530		5	1	0.0
2024-05-22		FBbt_00049530	VFB_00101567	5	2	0.0
2024-05-22		FBbt_00049839		1	1	0.0
2024-05-22		FBbt_00049839	VFB_00101567	1	1	0.0
2024-05-22		FBbt_00049922		1	1	0.0
2024-05-22		FBbt_00049922	VFB_00101567	1	1	0.0
2024-05-22		FBbt_00100219		1	1	0.0
2024-05-22		FBbt_00100219	VFB_00101384	1	1	0.0
2024-05-22		FBbt_00110636		5	2	0.0
2024-05-22		FBbt_00110636	VFB_00101567	5	2	0.0
2024-05-22		FBbt_00110657		8	2	0.0
2024-05-22		FBbt_00110657	VFB_00101567	8	3	0.0
2024-05-22		FBbt_00110658		1	1	0.0
2024-05-22		FBbt_00110658	VFB_00101567	1	1	0.0
2024-05-22		FBbt_00111025		1	1	0.0
2024-05-22		FBbt_00111025	VFB_00101384	1	1	0.0
2024-05-22		FBbt_10000000		6	1	32.0
2024-05-22		FBbt_10000000	VFB_00101567	14	2	0.0
2024-05-22		VFB_00022924		5	1	0.0
2024-05-22		VFB_00022924	VFB_00101567	5	1	0.0
2024-05-22		VFB_00028223		10	1	21.0
2024-05-22		VFB_00028223	VFB_00101567	8	1	0.0
2024-05-22		VFB_00030600		1	1	0.0
2024-05-22		VFB_00030600	VFB_00017894	1	1	0.0
2024-05-22		VFB_00030602		4	2	0.0
2024-05-22		VFB_00030602	VFB_00017894	4	3	0.0
2024-05-22		VFB_00030604		4	2	0.0
2024-05-22		VFB_00030604	VFB_00017894	4	3	0.0
2024-05-22		VFB_00030606		1	1	0.0
2024-05-22		VFB_00030606	VFB_00017894	1	1	0.0
2024-05-22		VFB_00030613		1	1	0.0
2024-05-22		VFB_00030613	VFB_00017894	1	1	0.0
2024-05-22		VFB_00030614		1	1	0.0
2024-05-22		VFB_00030614	VFB_00017894	1	1	0.0
2024-05-22		VFB_00030615		1	1	0.0
2024-05-22		VFB_00030615	VFB_00017894	1	1	0.0
2024-05-22		VFB_00030617		1	1	0.0
2024-05-22		VFB_00030617	VFB_00017894	1	1	0.0
2024-05-22		VFB_00030618		1	1	0.0
2024-05-22		VFB_00030618	VFB_00017894	1	1	0.0
2024-05-22		VFB_00030620		1	1	0.0
2024-05-22		VFB_00030620	VFB_00017894	1	1	0.0
2024-05-22		VFB_00030623		1	1	0.0
2024-05-22		VFB_00030623	VFB_00017894	1	1	0.0
2024-05-22		VFB_00030627		1	1	0.0
2024-05-22		VFB_00030627	VFB_00017894	1	1	0.0
2024-05-22		VFB_00030628		1	1	0.0
2024-05-22		VFB_00030628	VFB_00017894	1	1	0.0
2024-05-22		VFB_00030629		1	1	0.0
2024-05-22		VFB_00030629	VFB_00017894	1	1	0.0
2024-05-22		VFB_00030631		1	1	0.0
2024-05-22		VFB_00030631	VFB_00017894	1	1	0.0
2024-05-22		VFB_00030849		10	2	164.0
2024-05-22		VFB_00030849	VFB_00017894	3	2	0.0
2024-05-22		VFB_00030849	VFB_00101567	4	1	0.0
2024-05-22		VFB_00030867		2	1	13.0
2024-05-22		VFB_00030867	VFB_00101567	2	1	0.0
2024-05-22		VFB_00030870		1	1	0.0
2024-05-22		VFB_00030870	VFB_00017894	1	1	0.0
2024-05-22		VFB_00030871		1	1	0.0
2024-05-22		VFB_00030871	VFB_00017894	1	1	0.0
2024-05-22		VFB_00030876		1	1	0.0
2024-05-22		VFB_00030876	VFB_00017894	1	1	0.0
2024-05-22		VFB_00030900		1	1	0.0
2024-05-22		VFB_00030900	VFB_00017894	1	1	0.0
2024-05-22		VFB_00037984		2	1	3.0
2024-05-22		VFB_00037984	VFB_00101567	2	1	0.0
2024-05-22		VFB_00046626		34	1	137.0
2024-05-22		VFB_00046626	VFB_00101567	26	6	0.0
2024-05-22		VFB_00063317		1	1	0.0
2024-05-22		VFB_00063317	VFB_00101567	1	1	0.0
2024-05-22		VFB_00063453		1	1	0.0
2024-05-22		VFB_00063453	VFB_00101567	1	1	0.0
2024-05-22		VFB_00063642		2	1	9.0
2024-05-22		VFB_00063642	VFB_00101567	2	1	0.0
2024-05-22		VFB_00063866		2	1	4.0
2024-05-22		VFB_00063866	VFB_00101567	2	1	0.0
2024-05-22		VFB_00064307		1	1	0.0
2024-05-22		VFB_00064307	VFB_00101567	1	1	0.0
2024-05-22		VFB_00065658		1	1	0.0
2024-05-22		VFB_00065658	VFB_00101567	1	1	0.0
2024-05-22		VFB_00066029		1	1	0.0
2024-05-22		VFB_00066029	VFB_00101567	1	1	0.0
2024-05-22		VFB_00067249		2	1	1.0
2024-05-22		VFB_00067249	VFB_00101567	2	1	0.0
2024-05-22		VFB_00067694		2	1	0.0
2024-05-22		VFB_00067694	VFB_00101567	2	2	0.0
2024-05-22		VFB_00068641		2	1	17.0
2024-05-22		VFB_00068641	VFB_00101567	2	1	0.0
2024-05-22		VFB_00100y6n		1	1	5.0
2024-05-22		VFB_00100y6n	VFB_00101567	1	1	0.0
2024-05-22		VFB_00100ze9		4	1	30.0
2024-05-22		VFB_00100ze9	VFB_00101567	4	2	0.0
2024-05-22		VFB_001011dc		3	1	0.0
2024-05-22		VFB_001011dc	VFB_00101567	3	1	0.0
2024-05-22		VFB_001011re		3	1	3.0
2024-05-22		VFB_001011re	VFB_00101567	2	1	0.0
2024-05-22		VFB_0010126k		5	1	0.0
2024-05-22		VFB_0010126k	VFB_00101567	5	1	0.0
2024-05-22		VFB_001012c9		5	1	0.0
2024-05-22		VFB_001012c9	VFB_00101567	5	2	0.0
2024-05-22		VFB_001012cr		4	1	10.0
2024-05-22		VFB_001012cr	VFB_00101567	4	2	0.0
2024-05-22		VFB_001012ct		1	1	11.0
2024-05-22		VFB_001012ct	VFB_00101567	1	1	0.0
2024-05-22		VFB_001012qa		24	1	0.0
2024-05-22		VFB_001012qa	VFB_00101567	24	1	0.0
2024-05-22		VFB_001013vk		14	1	104.0
2024-05-22		VFB_001013vk	VFB_00101567	7	2	0.0
2024-05-22		VFB_001013vn		1	1	0.0
2024-05-22		VFB_001013vn	VFB_00101567	1	1	0.0
2024-05-22		VFB_001013vt		6	1	42.0
2024-05-22		VFB_001013vt	VFB_00101567	6	2	0.0
2024-05-22		VFB_001013vv		8	1	9.0
2024-05-22		VFB_001013vv	VFB_00101567	10	2	0.0
2024-05-22		VFB_0010141b		2	1	1.0
2024-05-22		VFB_0010141b	VFB_00101567	2	1	0.0
2024-05-22		VFB_001014dy		6	1	2.0
2024-05-22		VFB_001014dy	VFB_00101567	5	2	0.0
2024-05-22		VFB_001014o0		1	1	0.0
2024-05-22		VFB_001014o0	VFB_00101567	1	1	0.0
2024-05-22		VFB_001014uq		2	1	18.0
2024-05-22		VFB_001014uq	VFB_00101567	2	1	0.0
2024-05-22		VFB_00101567		99	23	519.0
2024-05-22		VFB_00101567	VFB_00101567	143	51	82.0
2024-05-22		VFB_0010158s		1	1	0.0
2024-05-22		VFB_0010158s	VFB_00050000	1	1	0.0
2024-05-22		VFB_00101vcc		8	1	0.0
2024-05-22		VFB_00101vcc	VFB_00101567	8	1	0.0
2024-05-22		VFB_00102107		2	1	1.0
2024-05-22		VFB_00102107	VFB_00101567	2	1	0.0
2024-05-22		VFB_00102108		2	1	0.0
2024-05-22		VFB_00102108	VFB_00101567	2	1	0.0
2024-05-22		VFB_00102114		13	2	46.0
2024-05-22		VFB_00102114	VFB_00101567	13	4	0.0
2024-05-22		VFB_00102118		11	2	111.0
2024-05-22		VFB_00102118	VFB_00101567	11	4	0.0
2024-05-22		VFB_00102119		15	4	99.0
2024-05-22		VFB_00102119	VFB_00101567	14	4	0.0
2024-05-22		VFB_00102121		6	3	1.0
2024-05-22		VFB_00102121	VFB_00101567	6	3	0.0
2024-05-22		VFB_00102123		18	4	46.0
2024-05-22		VFB_00102123	VFB_00101567	13	5	0.0
2024-05-22		VFB_00102124		6	3	1.0
2024-05-22		VFB_00102124	VFB_00101567	6	3	0.0
2024-05-22		VFB_00102133		18	4	21.0
2024-05-22		VFB_00102133	VFB_00101567	23	6	0.0
2024-05-22		VFB_00102137		4	1	0.0
2024-05-22		VFB_00102137	VFB_00101567	4	2	0.0
2024-05-22		VFB_00102139		2	1	0.0
2024-05-22		VFB_00102139	VFB_00101567	2	1	0.0
2024-05-22		VFB_00102140		3	1	30.0
2024-05-22		VFB_00102140	VFB_00101567	3	1	0.0
2024-05-22		VFB_00102141		20	2	9.0
2024-05-22		VFB_00102141	VFB_00101567	19	4	0.0
2024-05-22		VFB_00102146		4	1	0.0
2024-05-22		VFB_00102146	VFB_00101567	3	1	0.0
2024-05-22		VFB_00102148		2	1	0.0
2024-05-22		VFB_00102148	VFB_00101567	2	1	0.0
2024-05-22		VFB_00102152		2	1	0.0
2024-05-22		VFB_00102152	VFB_00101567	2	1	0.0
2024-05-22		VFB_00102154		2	1	0.0
2024-05-22		VFB_00102154	VFB_00101567	2	1	0.0
2024-05-22		VFB_00102159		4	1	0.0
2024-05-22		VFB_00102159	VFB_00101567	4	2	0.0
2024-05-22		VFB_00102162		10	1	0.0
2024-05-22		VFB_00102162	VFB_00101567	10	3	0.0
2024-05-22		VFB_00102164		8	2	0.0
2024-05-22		VFB_00102164	VFB_00101567	7	3	0.0
2024-05-22		VFB_00102170		33	3	15.0
2024-05-22		VFB_00102170	VFB_00101567	30	7	0.0
2024-05-22		VFB_00102174		2	1	0.0
2024-05-22		VFB_00102174	VFB_00101567	2	1	0.0
2024-05-22		VFB_00102190		2	1	0.0
2024-05-22		VFB_00102190	VFB_00101567	2	1	0.0
2024-05-22		VFB_00102201		6	1	0.0
2024-05-22		VFB_00102201	VFB_00101567	5	2	0.0
2024-05-22		VFB_00102271		3	1	7.0
2024-05-22		VFB_00102271	VFB_00101567	3	2	0.0
2024-05-22		VFB_00102273		15	3	2.0
2024-05-22		VFB_00102273	VFB_00101567	15	5	0.0
2024-05-22		VFB_00102274		4	1	0.0
2024-05-22		VFB_00102274	VFB_00101567	4	2	0.0
2024-05-22		VFB_00102275		2	1	0.0
2024-05-22		VFB_00102275	VFB_00101567	2	1	0.0
2024-05-22		VFB_00102276		5	1	0.0
2024-05-22		VFB_00102276	VFB_00101567	5	2	0.0
2024-05-22		VFB_00102280		9	2	0.0
2024-05-22		VFB_00102280	VFB_00101567	8	3	0.0
2024-05-22		VFB_00102281		2	1	0.0
2024-05-22		VFB_00102281	VFB_00101567	2	1	0.0
2024-05-22		VFB_00102282		6	1	0.0
2024-05-22		VFB_00102282	VFB_00101567	5	2	0.0
2024-05-22		VFB_00102729		2	1	5.0
2024-05-22		VFB_00102729	VFB_00101567	2	1	0.0
2024-05-22		VFB_001029mg		8	1	51.0
2024-05-22		VFB_001029mg	VFB_00101567	15	1	0.0
2024-05-22		VFB_00102dvr		6	1	77.0
2024-05-22		VFB_00102dvr	VFB_00101567	4	1	0.0
2024-05-22		VFB_jrch080r		23	1	0.0
2024-05-22		VFB_jrch080r	VFB_00101567	23	1	0.0
2024-05-22		VFB_jrch08s0		2	1	2.0
2024-05-22		VFB_jrch08s0	VFB_00101567	2	1	0.0
2024-05-22		VFB_jrchjwii		11	1	0.0
2024-05-22		VFB_jrchjwii	VFB_00101567	11	1	0.0
2024-05-22		VFB_jrchk45g		5	1	11.0
2024-05-22		VFB_jrchk45g	VFB_00101384	5	2	0.0
2024-05-22		VFB_jrchk45t		13	1	33.0
2024-05-22		VFB_jrchk45t	VFB_00101384	13	2	0.0
2024-05-22		VFB_jrchk7fb		9	1	0.0
2024-05-22		VFB_jrchk7fb	VFB_00101567	9	2	0.0
2024-05-22		VFB_jrchk7fc		8	1	0.0
2024-05-22		VFB_jrchk7fc	VFB_00101567	8	1	0.0
2024-05-22		VFB_jrchk87g		1	1	0.0
2024-05-22		VFB_jrchk87g	VFB_00101567	1	1	0.0
2024-05-22		VFBexp_FBti0100		2	1	0.0
2024-05-22		VFBexp_FBti0100	VFB_00101567	2	1	0.0
2024-05-22		VFBexp_FBtp0057		1	1	0.0
2024-05-22		VFBexp_FBtp0057	VFB_00101567	1	1	0.0
2024-05-22		VFBexp_FBtp0061		2	1	0.0
2024-05-22		VFBexp_FBtp0061	VFB_00101567	2	1	0.0
2024-05-22		VFBexp_FBtp0062		1	1	0.0
2024-05-22		VFBexp_FBtp0062	VFB_00101567	1	1	0.0
2024-05-22		VFBexp_FBtp0071		1	1	0.0
2024-05-22		VFBexp_FBtp0071	VFB_00101567	1	1	0.0
2024-05-22		VFBexp_FBtp0083		2	2	0.0
2024-05-22		VFBexp_FBtp0083	VFB_00101567	4	2	0.0
2024-05-22		VFBexp_FBtp0099		5	3	0.0
2024-05-22		VFBexp_FBtp0099	VFB_00101567	5	5	0.0
2024-05-22		VFBexp_FBtp0101		1	1	0.0
2024-05-22		VFBexp_FBtp0101	VFB_00101567	1	1	0.0
2024-05-22		VFBexp_FBtp0102		4	4	0.0
2024-05-22		VFBexp_FBtp0102	VFB_00101567	4	4	0.0
2024-05-22		VFBexp_FBtp0103		4	4	0.0
2024-05-22		VFBexp_FBtp0103	VFB_00101567	4	4	0.0
2024-05-22		VFBexp_FBtp0104		49	6	2.0
2024-05-22		VFBexp_FBtp0104	VFB_00101567	49	6	0.0
2024-05-22		VFBexp_FBtp0105		3	3	0.0
2024-05-22		VFBexp_FBtp0105	VFB_00101567	3	3	0.0
2024-05-22		VFBexp_FBtp0107		2	2	0.0
2024-05-22		VFBexp_FBtp0107	VFB_00101567	2	2	0.0
2024-05-22		VFBexp_FBtp0114		3	2	0.0
2024-05-22		VFBexp_FBtp0114	VFB_00101567	3	2	0.0
2024-05-22	v2.virtualflybrain.org	FBbt_00003624	VFB_00101567	0	2	16.0
2024-05-22	v2.virtualflybrain.org	FBbt_00003632	VFB_00101567	1	2	7.0
2024-05-22	v2.virtualflybrain.org	FBbt_00003668	VFB_00101567	0	1	14.0
2024-05-22	v2.virtualflybrain.org	FBbt_00003678	VFB_00101567	0	2	23.0
2024-05-22	v2.virtualflybrain.org	FBbt_00003679	VFB_00101567	0	2	0.0
2024-05-22	v2.virtualflybrain.org	FBbt_00003680	VFB_00101567	0	1	28.0
2024-05-22	v2.virtualflybrain.org	FBbt_00003681	VFB_00101567	0	1	2.0
2024-05-22	v2.virtualflybrain.org	FBbt_00003682	VFB_00101567	0	1	0.0
2024-05-22	v2.virtualflybrain.org	FBbt_00003684	VFB_00101567	0	2	53.0
2024-05-22	v2.virtualflybrain.org	FBbt_00003982	VFB_00017894	0	2	10.0
2024-05-22	v2.virtualflybrain.org	FBbt_00003982	VFB_00101567	0	3	117.0
2024-05-22	v2.virtualflybrain.org	FBbt_00005128	VFB_00101567	8	2	11.0
2024-05-22	v2.virtualflybrain.org	FBbt_00007054	VFB_00101567	0	1	4.0
2024-05-22	v2.virtualflybrain.org	FBbt_00007055	VFB_00101567	0	8	317.0
2024-05-22	v2.virtualflybrain.org	FBbt_00007059	VFB_00101567	0	2	128.0
2024-05-22	v2.virtualflybrain.org	FBbt_00007145	VFB_00017894	0	1	17.0
2024-05-22	v2.virtualflybrain.org	FBbt_00007145	VFB_00101567	0	1	1.0
2024-05-22	v2.virtualflybrain.org	FBbt_00007147	VFB_00101567	0	1	0.0
2024-05-22	v2.virtualflybrain.org	FBbt_00007385	VFB_00101567	0	1	15.0
2024-05-22	v2.virtualflybrain.org	FBbt_00007401	VFB_00017894	0	1	17.0
2024-05-22	v2.virtualflybrain.org	FBbt_00007401	VFB_00101567	7	1	1.0
2024-05-22	v2.virtualflybrain.org	FBbt_00007677	VFB_00101567	0	1	2.0
2024-05-22	v2.virtualflybrain.org	FBbt_00013688	VFB_00101567	0	3	40.0
2024-05-22	v2.virtualflybrain.org	FBbt_00013691	VFB_00101567	0	1	16.0
2024-05-22	v2.virtualflybrain.org	FBbt_00013695	VFB_00101567	0	2	31.0
2024-05-22	v2.virtualflybrain.org	FBbt_00014013	VFB_00101567	0	1	161.0
2024-05-22	v2.virtualflybrain.org	FBbt_00015407	VFB_00101567	0	1	3.0
2024-05-22	v2.virtualflybrain.org	FBbt_00040001	VFB_00101567	0	1	1.0
2024-05-22	v2.virtualflybrain.org	FBbt_00040040	VFB_00101567	0	1	0.0
2024-05-22	v2.virtualflybrain.org	FBbt_00040041	VFB_00101567	0	1	2.0
2024-05-22	v2.virtualflybrain.org	FBbt_00040042	VFB_00101567	0	1	0.0
2024-05-22	v2.virtualflybrain.org	FBbt_00040049	VFB_00017894	0	1	14.0
2024-05-22	v2.virtualflybrain.org	FBbt_00040049	VFB_00101567	0	3	55.0
2024-05-22	v2.virtualflybrain.org	FBbt_00040051	VFB_00101567	0	1	6.0
2024-05-22	v2.virtualflybrain.org	FBbt_00045004	VFB_00101567	0	2	37.0
2024-05-22	v2.virtualflybrain.org	FBbt_00045032	VFB_00101567	0	2	99.0
2024-05-22	v2.virtualflybrain.org	FBbt_00045037	VFB_00101567	0	1	27.0
2024-05-22	v2.virtualflybrain.org	FBbt_00045048	VFB_00101567	0	2	3.0
2024-05-22	v2.virtualflybrain.org	FBbt_00045050	VFB_00101567	0	1	1.0
2024-05-22	v2.virtualflybrain.org	FBbt_00047887	VFB_00101567	0	1	39.0
2024-05-22	v2.virtualflybrain.org	FBbt_00049530	VFB_00101567	0	3	441.0
2024-05-22	v2.virtualflybrain.org	FBbt_00049839	VFB_00101567	0	1	20.0
2024-05-22	v2.virtualflybrain.org	FBbt_00049922	VFB_00101567	0	1	8.0
2024-05-22	v2.virtualflybrain.org	FBbt_00100219	VFB_00101384	0	1	139.0
2024-05-22	v2.virtualflybrain.org	FBbt_00110636	VFB_00101567	1	2	158.0
2024-05-22	v2.virtualflybrain.org	FBbt_00110657	VFB_00101567	0	3	118.0
2024-05-22	v2.virtualflybrain.org	FBbt_00110658	VFB_00101567	0	1	14.0
2024-05-22	v2.virtualflybrain.org	FBbt_00111025	VFB_00101384	0	1	101.0
2024-05-22	v2.virtualflybrain.org	FBbt_10000000	VFB_00101567	0	2	10.0
2024-05-22	v2.virtualflybrain.org	VFB_00017894	VFB_00017894	0	1	0.0
2024-05-22	v2.virtualflybrain.org	VFB_00022924	VFB_00101567	5	1	0.0
2024-05-22	v2.virtualflybrain.org	VFB_00028223	VFB_00101567	0	1	0.0
2024-05-22	v2.virtualflybrain.org	VFB_00030600	VFB_00017894	0	1	18.0
2024-05-22	v2.virtualflybrain.org	VFB_00030602	VFB_00017894	0	1	0.0
2024-05-22	v2.virtualflybrain.org	VFB_00030604	VFB_00017894	0	1	3.0
2024-05-22	v2.virtualflybrain.org	VFB_00030606	VFB_00017894	0	1	2.0
2024-05-22	v2.virtualflybrain.org	VFB_00030613	VFB_00017894	0	2	378.0
2024-05-22	v2.virtualflybrain.org	VFB_00030614	VFB_00017894	0	1	16.0
2024-05-22	v2.virtualflybrain.org	VFB_00030615	VFB_00017894	0	1	3.0
2024-05-22	v2.virtualflybrain.org	VFB_00030617	VFB_00017894	0	1	4.0
2024-05-22	v2.virtualflybrain.org	VFB_00030618	VFB_00017894	0	1	4.0
2024-05-22	v2.virtualflybrain.org	VFB_00030620	VFB_00017894	0	1	83.0
2024-05-22	v2.virtualflybrain.org	VFB_00030623	VFB_00017894	0	1	4.0
2024-05-22	v2.virtualflybrain.org	VFB_00030627	VFB_00017894	0	1	5.0
2024-05-22	v2.virtualflybrain.org	VFB_00030628	VFB_00017894	0	1	5.0
2024-05-22	v2.virtualflybrain.org	VFB_00030629	VFB_00017894	0	1	0.0
2024-05-22	v2.virtualflybrain.org	VFB_00030631	VFB_00017894	0	1	141.0
2024-05-22	v2.virtualflybrain.org	VFB_00030849	VFB_00017894	2	3	3.0
2024-05-22	v2.virtualflybrain.org	VFB_00030849	VFB_00101567	1	2	4.0
2024-05-22	v2.virtualflybrain.org	VFB_00030867	VFB_00101567	0	1	4.0
2024-05-22	v2.virtualflybrain.org	VFB_00030870	VFB_00017894	0	1	2.0
2024-05-22	v2.virtualflybrain.org	VFB_00030871	VFB_00017894	0	1	316.0
2024-05-22	v2.virtualflybrain.org	VFB_00030876	VFB_00017894	0	1	6.0
2024-05-22	v2.virtualflybrain.org	VFB_00030900	VFB_00017894	0	1	3.0
2024-05-22	v2.virtualflybrain.org	VFB_00037984	VFB_00101567	0	1	0.0
2024-05-22	v2.virtualflybrain.org	VFB_00046626	VFB_00101567	3	5	68.0
2024-05-22	v2.virtualflybrain.org	VFB_00049000		1	1	2.0
2024-05-22	v2.virtualflybrain.org	VFB_00050000	VFB_00050000	0	1	0.0
2024-05-22	v2.virtualflybrain.org	VFB_00063317	VFB_00101567	0	1	35.0
2024-05-22	v2.virtualflybrain.org	VFB_00063453	VFB_00101567	0	1	13.0
2024-05-22	v2.virtualflybrain.org	VFB_00063642	VFB_00101567	0	1	19.0
2024-05-22	v2.virtualflybrain.org	VFB_00063866	VFB_00063866	1	2	9.0
2024-05-22	v2.virtualflybrain.org	VFB_00063866	VFB_00101567	0	1	28.0
2024-05-22	v2.virtualflybrain.org	VFB_00064307	VFB_00101567	0	1	10.0
2024-05-22	v2.virtualflybrain.org	VFB_00065658	VFB_00101567	0	1	26.0
2024-05-22	v2.virtualflybrain.org	VFB_00066029	VFB_00101567	1	1	61.0
2024-05-22	v2.virtualflybrain.org	VFB_00067249	VFB_00101567	0	1	10.0
2024-05-22	v2.virtualflybrain.org	VFB_00067694	VFB_00101567	1	2	19.0
2024-05-22	v2.virtualflybrain.org	VFB_00068641	VFB_00101567	0	1	9.0
2024-05-22	v2.virtualflybrain.org	VFB_00100y6n	VFB_00101567	0	1	0.0
2024-05-22	v2.virtualflybrain.org	VFB_00100ze9	VFB_00101567	0	2	21.0
2024-05-22	v2.virtualflybrain.org	VFB_001011dc	VFB_00101567	3	1	0.0
2024-05-22	v2.virtualflybrain.org	VFB_001011re	VFB_00101567	0	1	106.0
2024-05-22	v2.virtualflybrain.org	VFB_0010126k	VFB_00101567	5	1	0.0
2024-05-22	v2.virtualflybrain.org	VFB_001012c9	VFB_00101567	0	2	70.0
2024-05-22	v2.virtualflybrain.org	VFB_001012cr	VFB_00101567	1	3	605.0
2024-05-22	v2.virtualflybrain.org	VFB_001012ct	VFB_001012ct	1	2	38.0
2024-05-22	v2.virtualflybrain.org	VFB_001012qa	VFB_00101567	24	1	0.0
2024-05-22	v2.virtualflybrain.org	VFB_00101384	VFB_00101384	0	3	0.0
2024-05-22	v2.virtualflybrain.org	VFB_001013vn	VFB_00101567	0	1	26.0
2024-05-22	v2.virtualflybrain.org	VFB_001013vt	VFB_00101567	0	2	21.0
2024-05-22	v2.virtualflybrain.org	VFB_001013vv	VFB_00101567	0	2	60.0
2024-05-22	v2.virtualflybrain.org	VFB_0010141b	VFB_00101567	0	2	47.0
2024-05-22	v2.virtualflybrain.org	VFB_001014o0	VFB_00101567	0	1	64.0
2024-05-22	v2.virtualflybrain.org	VFB_001014uq	VFB_00101567	0	2	4.0
2024-05-22	v2.virtualflybrain.org	VFB_00101567		2	1	20.0
2024-05-22	v2.virtualflybrain.org	VFB_00101567	VFB_00101567	41	82	806.0
2024-05-22	v2.virtualflybrain.org	VFB_0010158s	VFB_00050000	1	1	0.0
2024-05-22	v2.virtualflybrain.org	VFB_00101qhe		1	1	27.0
2024-05-22	v2.virtualflybrain.org	VFB_00101vcc	VFB_00101567	8	1	0.0
2024-05-22	v2.virtualflybrain.org	VFB_00102107	VFB_00101567	0	1	2.0
2024-05-22	v2.virtualflybrain.org	VFB_00102108	VFB_00101567	0	1	2.0
2024-05-22	v2.virtualflybrain.org	VFB_00102114	VFB_00101567	0	3	18.0
2024-05-22	v2.virtualflybrain.org	VFB_00102118	VFB_00101567	0	3	12.0
2024-05-22	v2.virtualflybrain.org	VFB_00102119	VFB_00101567	0	6	13.0
2024-05-22	v2.virtualflybrain.org	VFB_00102121	VFB_00101567	0	3	104.0
2024-05-22	v2.virtualflybrain.org	VFB_00102123	VFB_00101567	0	4	37.0
2024-05-22	v2.virtualflybrain.org	VFB_00102124	VFB_00101567	0	3	6.0
2024-05-22	v2.virtualflybrain.org	VFB_00102133	VFB_00101567	0	4	14.0
2024-05-22	v2.virtualflybrain.org	VFB_00102137	VFB_00101567	0	2	14.0
2024-05-22	v2.virtualflybrain.org	VFB_00102139	VFB_00101567	0	1	33.0
2024-05-22	v2.virtualflybrain.org	VFB_00102140	VFB_00101567	0	2	12.0
2024-05-22	v2.virtualflybrain.org	VFB_00102141	VFB_00101567	6	5	1104.0
2024-05-22	v2.virtualflybrain.org	VFB_00102146	VFB_00101567	0	1	12.0
2024-05-22	v2.virtualflybrain.org	VFB_00102148	VFB_00101567	0	1	3.0
2024-05-22	v2.virtualflybrain.org	VFB_00102152	VFB_00101567	0	1	98.0
2024-05-22	v2.virtualflybrain.org	VFB_00102154	VFB_00101567	0	1	7.0
2024-05-22	v2.virtualflybrain.org	VFB_00102159	VFB_00101567	0	2	102.0
2024-05-22	v2.virtualflybrain.org	VFB_00102162	VFB_00101567	0	3	158.0
2024-05-22	v2.virtualflybrain.org	VFB_00102164	VFB_00101567	0	3	256.0
2024-05-22	v2.virtualflybrain.org	VFB_00102170	VFB_00101567	4	9	58.0
2024-05-22	v2.virtualflybrain.org	VFB_00102174	VFB_00101567	0	1	6.0
2024-05-22	v2.virtualflybrain.org	VFB_00102190	VFB_00101567	0	1	8.0
2024-05-22	v2.virtualflybrain.org	VFB_00102201	VFB_00101567	0	2	112.0
2024-05-22	v2.virtualflybrain.org	VFB_00102271	VFB_00101567	0	1	90.0
2024-05-22	v2.virtualflybrain.org	VFB_00102273	VFB_00101567	0	5	293.0
2024-05-22	v2.virtualflybrain.org	VFB_00102274	VFB_00101567	0	1	72.0
2024-05-22	v2.virtualflybrain.org	VFB_00102275	VFB_00101567	0	1	6.0
2024-05-22	v2.virtualflybrain.org	VFB_00102276	VFB_00101567	0	2	90.0
2024-05-22	v2.virtualflybrain.org	VFB_00102280	VFB_00101567	3	3	6.0
2024-05-22	v2.virtualflybrain.org	VFB_00102281	VFB_00101567	0	1	11.0
2024-05-22	v2.virtualflybrain.org	VFB_00102282	VFB_00101567	0	2	23.0
2024-05-22	v2.virtualflybrain.org	VFB_00102729	VFB_00101567	0	1	0.0
2024-05-22	v2.virtualflybrain.org	VFB_001029mg	VFB_00101567	1	1	46.0
2024-05-22	v2.virtualflybrain.org	VFB_00102dvr	VFB_00101567	0	1	85.0
2024-05-22	v2.virtualflybrain.org	VFB_jrch080r	VFB_00101567	23	1	0.0
2024-05-22	v2.virtualflybrain.org	VFB_jrch08s0	VFB_00101567	0	2	54.0
2024-05-22	v2.virtualflybrain.org	VFB_jrchjwii	VFB_00101567	12	1	0.0
2024-05-22	v2.virtualflybrain.org	VFB_jrchk45g	VFB_00101384	1	2	1569.0
2024-05-22	v2.virtualflybrain.org	VFB_jrchk45t	VFB_00101384	2	3	16.0
2024-05-22	v2.virtualflybrain.org	VFB_jrchk45t	VFB_00101567	1	2	1.0
2024-05-22	v2.virtualflybrain.org	VFB_jrchk7fb	VFB_00101567	6	4	0.0
2024-05-22	v2.virtualflybrain.org	VFB_jrchk7fc	VFB_00101567	9	1	0.0
2024-05-22	v2.virtualflybrain.org	VFB_jrchk87g	VFB_00101567	1	1	0.0
2024-05-22	v2.virtualflybrain.org	VFBexp_FBti0100	VFB_00101567	0	1	87.0
2024-05-22	v2.virtualflybrain.org	VFBexp_FBtp0057	VFB_00101567	0	1	52.0
2024-05-22	v2.virtualflybrain.org	VFBexp_FBtp0061		3	2	6.0
2024-05-22	v2.virtualflybrain.org	VFBexp_FBtp0061	VFB_00101567	0	1	24.0
2024-05-22	v2.virtualflybrain.org	VFBexp_FBtp0062		1	1	2.0
2024-05-22	v2.virtualflybrain.org	VFBexp_FBtp0071	VFB_00101567	0	1	22.0
2024-05-22	v2.virtualflybrain.org	VFBexp_FBtp0083	VFB_00101567	0	2	19.0
2024-05-22	v2.virtualflybrain.org	VFBexp_FBtp0099	VFB_00101567	0	5	77.0
2024-05-22	v2.virtualflybrain.org	VFBexp_FBtp0101	VFB_00101567	0	1	0.0
2024-05-22	v2.virtualflybrain.org	VFBexp_FBtp0102	VFB_00101567	0	4	12.0
2024-05-22	v2.virtualflybrain.org	VFBexp_FBtp0103	VFB_00101567	0	4	120.0
2024-05-22	v2.virtualflybrain.org	VFBexp_FBtp0104		5	4	21.0
2024-05-22	v2.virtualflybrain.org	VFBexp_FBtp0104	VFB_00101567	42	5	4466.0
2024-05-22	v2.virtualflybrain.org	VFBexp_FBtp0105	VFB_00101567	0	4	56.0
2024-05-22	v2.virtualflybrain.org	VFBexp_FBtp0107	VFB_00101567	0	2	39.0
2024-05-22	v2.virtualflybrain.org	VFBexp_FBtp0114	VFB_00101567	0	2	75.0
2024-05-22	www.virtualflybrain.org	VFB_00042612		1	1	4.0
2024-05-23		FBbt_00003004		1	1	0.0
2024-05-23		FBbt_00003004	VFB_00101567	1	1	0.0
2024-05-23		FBbt_00003008		1	1	0.0
2024-05-23		FBbt_00003008	VFB_00101567	1	1	0.0
2024-05-23		FBbt_00003624		6	3	0.0
2024-05-23		FBbt_00003624	VFB_00101567	8	3	0.0
2024-05-23		FBbt_00003678		3	2	0.0
2024-05-23		FBbt_00003678	VFB_00101567	3	2	0.0
2024-05-23		FBbt_00003679		2	2	0.0
2024-05-23		FBbt_00003679	VFB_00101567	2	2	0.0
2024-05-23		FBbt_00003680		1	1	0.0
2024-05-23		FBbt_00003680	VFB_00101567	1	1	0.0
2024-05-23		FBbt_00003748		9	3	22.0
2024-05-23		FBbt_00003748	VFB_00101567	7	5	0.0
2024-05-23		FBbt_00003885		2	1	0.0
2024-05-23		FBbt_00003885	VFB_00101567	2	1	0.0
2024-05-23		FBbt_00004481		2	1	0.0
2024-05-23		FBbt_00004481	VFB_00110000	2	1	0.0
2024-05-23		FBbt_00005128		11	1	0.0
2024-05-23		FBbt_00005128	VFB_00101567	11	1	0.0
2024-05-23		FBbt_00007053		2	1	0.0
2024-05-23		FBbt_00007053	VFB_00101567	2	1	0.0
2024-05-23		FBbt_00007054		3	2	1.0
2024-05-23		FBbt_00007054	VFB_00101567	3	2	0.0
2024-05-23		FBbt_00007055		1	1	0.0
2024-05-23		FBbt_00007055	VFB_00101567	1	1	0.0
2024-05-23		FBbt_00007401		3	1	0.0
2024-05-23		FBbt_00007401	VFB_00101567	3	1	0.0
2024-05-23		FBbt_00007430		1	1	0.0
2024-05-23		FBbt_00007430	VFB_00101567	1	1	0.0
2024-05-23		FBbt_00007487		1	1	0.0
2024-05-23		FBbt_00007487	VFB_00101384	1	1	0.0
2024-05-23		FBbt_00007543		6	1	50.0
2024-05-23		FBbt_00007543	VFB_00017894	2	1	0.0
2024-05-23		FBbt_00007543	VFB_00101384	4	2	0.0
2024-05-23		FBbt_00013691		1	1	0.0
2024-05-23		FBbt_00013691	VFB_00101567	1	1	0.0
2024-05-23		FBbt_00014013		3	3	0.0
2024-05-23		FBbt_00014013	VFB_00101567	3	3	0.0
2024-05-23		FBbt_00040035		3	1	3.0
2024-05-23		FBbt_00040035	VFB_00101384	3	2	0.0
2024-05-23		FBbt_00040041		1	1	0.0
2024-05-23		FBbt_00040041	VFB_00101567	1	1	0.0
2024-05-23		FBbt_00040042		9	3	0.0
2024-05-23		FBbt_00040042	VFB_00101567	9	5	0.0
2024-05-23		FBbt_00040043		2	1	0.0
2024-05-23		FBbt_00040043	VFB_00101567	2	1	0.0
2024-05-23		FBbt_00045027		2	2	0.0
2024-05-23		FBbt_00045027	VFB_00101567	2	2	0.0
2024-05-23		FBbt_00045032		2	1	0.0
2024-05-23		FBbt_00045032	VFB_00101567	2	1	0.0
2024-05-23		FBbt_00045046		2	1	0.0
2024-05-23		FBbt_00045046	VFB_00101567	2	1	0.0
2024-05-23		FBbt_00045048		3	2	1.0
2024-05-23		FBbt_00045048	VFB_00101567	3	2	0.0
2024-05-23		FBbt_00045050		2	2	0.0
2024-05-23		FBbt_00045050	VFB_00101567	2	2	0.0
2024-05-23		FBbt_00047572		5	1	0.0
2024-05-23		FBbt_00047572	VFB_00101567	5	1	0.0
2024-05-23		FBbt_00047887		4	2	0.0
2024-05-23		FBbt_00047887	VFB_00101567	4	2	0.0
2024-05-23		FBbt_00049983		1	1	0.0
2024-05-23		FBbt_00049983	VFB_00101567	1	1	0.0
2024-05-23		FBbt_00051241		1	1	0.0
2024-05-23		FBbt_00051241	VFB_00101384	1	1	0.0
2024-05-23		FBbt_00051242		2	1	0.0
2024-05-23		FBbt_00051242	VFB_00101384	2	2	0.0
2024-05-23		FBbt_00051243		1	1	0.0
2024-05-23		FBbt_00051243	VFB_00101384	1	1	0.0
2024-05-23		FBbt_00051244		1	1	0.0
2024-05-23		FBbt_00051244	VFB_00101384	1	1	0.0
2024-05-23		FBbt_00051245		1	1	0.0
2024-05-23		FBbt_00051245	VFB_00101384	1	1	0.0
2024-05-23		FBbt_00051425		1	1	0.0
2024-05-23		FBbt_00051425	VFB_00101567	1	1	0.0
2024-05-23		FBbt_00058785		1	1	0.0
2024-05-23		FBbt_00058785	VFB_00110000	1	1	0.0
2024-05-23		FBbt_00100218		3	1	0.0
2024-05-23		FBbt_00100218	VFB_00101384	3	2	0.0
2024-05-23		FBbt_00110325		4	1	82.0
2024-05-23		FBbt_00110325	VFB_00017894	3	1	0.0
2024-05-23		FBbt_00110325	VFB_00101384	2	1	0.0
2024-05-23		FBbt_00110638		1	1	0.0
2024-05-23		FBbt_00110638	VFB_00101567	1	1	0.0
2024-05-23		FBbt_00110639		1	1	0.0
2024-05-23		FBbt_00110639	VFB_00101567	1	1	0.0
2024-05-23		FBbt_00110657		2	1	0.0
2024-05-23		FBbt_00110657	VFB_00101567	2	1	0.0
2024-05-23		FBbt_00111240		1	1	0.0
2024-05-23		FBbt_00111240	VFB_00101567	1	1	0.0
2024-05-23		FBbt_00111382		1	1	0.0
2024-05-23		FBbt_00111382	VFB_00101384	1	1	0.0
2024-05-23		FBbt_00111433		1	1	0.0
2024-05-23		FBbt_00111433	VFB_00101567	1	1	0.0
2024-05-23		FBbt_00111750		2	1	0.0
2024-05-23		FBbt_00111750	VFB_00101567	2	1	0.0
2024-05-23		FBbt_20003412		1	1	0.0
2024-05-23		FBbt_20003412	VFB_00101567	1	1	0.0
2024-05-23		GO_0005262		2	1	4.0
2024-05-23		GO_0005262	VFB_00101567	2	1	0.0
2024-05-23		VFB_00003252		14	1	20.0
2024-05-23		VFB_00003252	VFB_00017894	1	1	0.0
2024-05-23		VFB_00003252	VFB_00101384	12	1	0.0
2024-05-23		VFB_00022924		2	1	0.0
2024-05-23		VFB_00022924	VFB_00101567	2	1	0.0
2024-05-23		VFB_00023290		2	1	15.0
2024-05-23		VFB_00023290	VFB_00101567	2	2	0.0
2024-05-23		VFB_00023593		1	1	0.0
2024-05-23		VFB_00023593	VFB_00101567	1	1	0.0
2024-05-23		VFB_00028223		2	1	7.0
2024-05-23		VFB_00028223	VFB_00101567	2	1	0.0
2024-05-23		VFB_00030849		7	1	0.0
2024-05-23		VFB_00030849	VFB_00017894	7	1	0.0
2024-05-23		VFB_00046626		2	1	6.0
2024-05-23		VFB_00046626	VFB_00101567	2	2	0.0
2024-05-23		VFB_00048165		4	1	46.0
2024-05-23		VFB_00048165	VFB_00101567	4	1	0.0
2024-05-23		VFB_00063287		3	1	0.0
2024-05-23		VFB_00063287	VFB_00101567	3	2	0.0
2024-05-23		VFB_00063524		2	1	11.0
2024-05-23		VFB_00063524	VFB_00101567	2	1	0.0
2024-05-23		VFB_00064009		1	1	0.0
2024-05-23		VFB_00064009	VFB_00101567	1	1	0.0
2024-05-23		VFB_00064011		15	1	11.0
2024-05-23		VFB_00064011	VFB_00101567	15	2	0.0
2024-05-23		VFB_00064077		2	1	16.0
2024-05-23		VFB_00064077	VFB_00101567	2	1	0.0
2024-05-23		VFB_00064437		2	1	11.0
2024-05-23		VFB_00064437	VFB_00101567	2	1	0.0
2024-05-23		VFB_00065176		1	1	0.0
2024-05-23		VFB_00065176	VFB_00101567	1	1	0.0
2024-05-23		VFB_00065390		5	1	11.0
2024-05-23		VFB_00065390	VFB_00101567	5	1	0.0
2024-05-23		VFB_00066057		1	1	16.0
2024-05-23		VFB_00066057	VFB_00101567	1	1	0.0
2024-05-23		VFB_00066283		2	1	4.0
2024-05-23		VFB_00066283	VFB_00101567	2	1	0.0
2024-05-23		VFB_00066807		1	1	0.0
2024-05-23		VFB_00066807	VFB_00101567	1	1	0.0
2024-05-23		VFB_00067574		2	1	16.0
2024-05-23		VFB_00067574	VFB_00101567	2	1	0.0
2024-05-23		VFB_00068749		1	1	0.0
2024-05-23		VFB_00068749	VFB_00101567	1	1	0.0
2024-05-23		VFB_00100657		4	1	40.0
2024-05-23		VFB_00100657	VFB_00050000	1	1	0.0
2024-05-23		VFB_00100657	VFB_00101567	3	1	0.0
2024-05-23		VFB_00100wx0		17	1	121.0
2024-05-23		VFB_00100wx0	VFB_00101567	12	3	0.0
2024-05-23		VFB_001011dc		12	1	3.0
2024-05-23		VFB_001011dc	VFB_00101384	5	2	0.0
2024-05-23		VFB_001011dc	VFB_00101567	7	1	0.0
2024-05-23		VFB_001011dk		5	1	1.0
2024-05-23		VFB_001011dk	VFB_00101384	10	1	0.0
2024-05-23		VFB_001012qa		24	1	0.0
2024-05-23		VFB_001012qa	VFB_00101567	24	1	0.0
2024-05-23		VFB_00101335		7	1	0.0
2024-05-23		VFB_00101335	VFB_00101567	7	1	0.0
2024-05-23		VFB_00101384		2	1	0.0
2024-05-23		VFB_00101384	VFB_00101384	2	2	0.0
2024-05-23		VFB_001013rt		1	1	0.0
2024-05-23		VFB_001013rt	VFB_00101567	1	1	0.0
2024-05-23		VFB_001014uq		7	1	9.0
2024-05-23		VFB_001014uq	VFB_00101567	6	1	0.0
2024-05-23		VFB_001014uq	VFB_00110000	1	1	0.0
2024-05-23		VFB_00101567		126	30	260.0
2024-05-23		VFB_00101567	VFB_00101567	144	46	123.0
2024-05-23		VFB_00102107		2	1	39.0
2024-05-23		VFB_00102107	VFB_00101567	4	2	0.0
2024-05-23		VFB_00102123		2	1	0.0
2024-05-23		VFB_00102123	VFB_00101567	2	1	0.0
2024-05-23		VFB_00102124		2	1	0.0
2024-05-23		VFB_00102124	VFB_00101567	2	1	0.0
2024-05-23		VFB_00102133		2	1	0.0
2024-05-23		VFB_00102133	VFB_00101567	2	1	0.0
2024-05-23		VFB_00102134		1	1	1.0
2024-05-23		VFB_00102134	VFB_00101567	1	1	0.0
2024-05-23		VFB_00102135		5	3	23.0
2024-05-23		VFB_00102135	VFB_00101567	5	4	0.0
2024-05-23		VFB_00102141		10	1	0.0
2024-05-23		VFB_00102141	VFB_00101567	10	1	0.0
2024-05-23		VFB_00102148		2	2	23.0
2024-05-23		VFB_00102148	VFB_00101567	2	2	0.0
2024-05-23		VFB_00102154		1	1	5.0
2024-05-23		VFB_00102154	VFB_00101567	1	1	0.0
2024-05-23		VFB_00102218		2	1	3.0
2024-05-23		VFB_00102218	VFB_00101567	2	1	0.0
2024-05-23		VFB_00102271		2	1	1.0
2024-05-23		VFB_00102271	VFB_00101567	2	1	0.0
2024-05-23		VFB_00102273		2	1	1.0
2024-05-23		VFB_00102273	VFB_00101567	2	1	0.0
2024-05-23		VFB_00102274		2	1	11.0
2024-05-23		VFB_00102274	VFB_00101567	2	1	0.0
2024-05-23		VFB_00102276		2	1	1.0
2024-05-23		VFB_00102276	VFB_00101567	2	1	0.0
2024-05-23		VFB_00102280		6	2	1.0
2024-05-23		VFB_00102280	VFB_00101567	6	2	0.0
2024-05-23		VFB_00102282		1	1	1.0
2024-05-23		VFB_00102282	VFB_00101567	1	1	0.0
2024-05-23		VFB_00110000		10	2	16.0
2024-05-23		VFB_00110000	VFB_00110000	10	2	0.0
2024-05-23		VFB_jrch080q		2	1	0.0
2024-05-23		VFB_jrch080q	VFB_00200000	2	1	0.0
2024-05-23		VFB_jrch080r		24	1	0.0
2024-05-23		VFB_jrch080r	VFB_00101567	24	1	0.0
2024-05-23		VFB_jrchjrd0		20	1	23.0
2024-05-23		VFB_jrchjrd0	VFB_00101384	17	1	0.0
2024-05-23		VFB_jrchjrd0	VFB_00200000	3	1	0.0
2024-05-23		VFB_jrchjtf2		1	1	17.0
2024-05-23		VFB_jrchjtf2	VFB_00101567	1	1	0.0
2024-05-23		VFB_jrchjtf4		2	1	1.0
2024-05-23		VFB_jrchjtf4	VFB_00101567	2	1	0.0
2024-05-23		VFB_jrchjtu6		3	1	2.0
2024-05-23		VFB_jrchjtu6	VFB_00101384	3	2	0.0
2024-05-23		VFB_jrchjtwh		1	1	0.0
2024-05-23		VFB_jrchjtwh	VFB_00101384	1	1	0.0
2024-05-23		VFB_jrchjtxj		11	1	17.0
2024-05-23		VFB_jrchjtxj	VFB_00017894	3	1	0.0
2024-05-23		VFB_jrchjtxj	VFB_00101384	3	2	0.0
2024-05-23		VFB_jrchjtyi		26	1	97.0
2024-05-23		VFB_jrchjtyi	VFB_00101384	26	2	0.0
2024-05-23		VFB_jrchjtyk		30	1	963.0
2024-05-23		VFB_jrchjtyk	VFB_00101384	30	3	0.0
2024-05-23		VFB_jrchjtym		1	1	0.0
2024-05-23		VFB_jrchjtym	VFB_00101384	1	1	0.0
2024-05-23		VFB_jrchju0u		2	1	23.0
2024-05-23		VFB_jrchju0u	VFB_00101384	2	1	0.0
2024-05-23		VFB_jrchju0v		11	1	8.0
2024-05-23		VFB_jrchju0v	VFB_00101384	6	2	0.0
2024-05-23		VFB_jrchju3s		2	1	14.0
2024-05-23		VFB_jrchju3s	VFB_00101384	2	1	0.0
2024-05-23		VFB_jrchju3t		2	1	12.0
2024-05-23		VFB_jrchju3t	VFB_00101384	2	1	0.0
2024-05-23		VFB_jrchju5o		7	1	7.0
2024-05-23		VFB_jrchju5o	VFB_00101384	12	2	0.0
2024-05-23		VFB_jrchjxkb		1	1	0.0
2024-05-23		VFB_jrchjxkb	VFB_00101567	1	1	0.0
2024-05-23		VFB_jrchjxke		1	1	0.0
2024-05-23		VFB_jrchjxke	VFB_00101567	1	1	0.0
2024-05-23		VFB_jrchjxkf		1	1	0.0
2024-05-23		VFB_jrchjxkf	VFB_00101567	1	1	0.0
2024-05-23		VFB_jrchjxkg		1	1	0.0
2024-05-23		VFB_jrchjxkg	VFB_00101567	1	1	0.0
2024-05-23		VFB_jrchjxkh		2	1	0.0
2024-05-23		VFB_jrchjxkh	VFB_00101567	2	2	0.0
2024-05-23		VFB_jrchjxkm		1	1	0.0
2024-05-23		VFB_jrchjxkm	VFB_00101567	1	1	0.0
2024-05-23		VFB_jrchjxkn		1	1	0.0
2024-05-23		VFB_jrchjxkn	VFB_00101567	1	1	0.0
2024-05-23		VFB_jrchjxko		2	1	0.0
2024-05-23		VFB_jrchjxko	VFB_00101567	2	2	0.0
2024-05-23		VFB_jrchjxkp		1	1	0.0
2024-05-23		VFB_jrchjxkp	VFB_00101567	1	1	0.0
2024-05-23		VFB_jrchjxkq		1	1	0.0
2024-05-23		VFB_jrchjxkq	VFB_00101567	1	1	0.0
2024-05-23		VFB_jrchjxks		1	1	0.0
2024-05-23		VFB_jrchjxks	VFB_00101567	1	1	0.0
2024-05-23		VFB_jrchjxku		1	1	0.0
2024-05-23		VFB_jrchjxku	VFB_00101567	1	1	0.0
2024-05-23		VFB_jrchjxkv		8	1	31.0
2024-05-23		VFB_jrchjxkv	VFB_00101567	13	4	0.0
2024-05-23		VFB_jrchjxkw		1	1	0.0
2024-05-23		VFB_jrchjxkw	VFB_00101567	1	1	0.0
2024-05-23		VFB_jrchjxkx		1	1	0.0
2024-05-23		VFB_jrchjxkx	VFB_00101567	1	1	0.0
2024-05-23		VFB_jrchjxkz		1	1	0.0
2024-05-23		VFB_jrchjxkz	VFB_00101567	1	1	0.0
2024-05-23		VFB_jrchjxl0		5	1	10.0
2024-05-23		VFB_jrchjxl0	VFB_00101384	1	1	0.0
2024-05-23		VFB_jrchjxl0	VFB_00101567	4	2	0.0
2024-05-23		VFB_jrchk08b		5	1	35.0
2024-05-23		VFB_jrchk08b	VFB_00101384	5	1	0.0
2024-05-23		VFB_jrchk31q		4	1	10.0
2024-05-23		VFB_jrchk31q	VFB_00101567	4	2	0.0
2024-05-23		VFB_jrchk45g		7	1	71.0
2024-05-23		VFB_jrchk45g	VFB_00101384	7	1	0.0
2024-05-23		VFB_jrchk5oo		2	1	2.0
2024-05-23		VFB_jrchk5oo	VFB_00101567	2	1	0.0
2024-05-23		VFB_jrchk5pu		6	1	2.0
2024-05-23		VFB_jrchk5pu	VFB_00101567	6	2	0.0
2024-05-23		VFB_jrchk775		5	1	5.0
2024-05-23		VFB_jrchk775	VFB_00101567	5	2	0.0
2024-05-23		VFB_jrchk776		2	1	1.0
2024-05-23		VFB_jrchk776	VFB_00101567	2	1	0.0
2024-05-23		VFB_jrchk779		2	1	2.0
2024-05-23		VFB_jrchk779	VFB_00101567	2	1	0.0
2024-05-23		VFB_jrchk7fb		5	1	0.0
2024-05-23		VFB_jrchk7fb	VFB_00101567	5	1	0.0
2024-05-23		VFB_jrchk7fc		8	1	0.0
2024-05-23		VFB_jrchk7fc	VFB_00101567	8	2	0.0
2024-05-23		VFB_jrchk87g		2	1	0.0
2024-05-23		VFB_jrchk87g	VFB_00101567	2	1	0.0
2024-05-23		VFB_jrchk8dm		7	1	5.0
2024-05-23		VFB_jrchk8dm	VFB_00101567	7	2	0.0
2024-05-23		VFB_jrchk8rz		3	2	2.0
2024-05-23		VFB_jrchk8rz	VFB_00101567	3	2	0.0
2024-05-23		VFB_jrcv0m03		1	1	2.0
2024-05-23		VFB_jrcv0m03	VFB_00200000	1	1	0.0
2024-05-23		VFB_jrcv1019		10	1	2.0
2024-05-23		VFB_jrcv1019	VFB_00200000	10	2	0.0
2024-05-23		VFBexp_FBti0002		1	1	0.0
2024-05-23		VFBexp_FBti0002	VFB_00101567	1	1	0.0
2024-05-23		VFBexp_FBtp0022		1	1	0.0
2024-05-23		VFBexp_FBtp0022	VFB_00101567	1	1	0.0
2024-05-23		VFBexp_FBtp0058		4	1	0.0
2024-05-23		VFBexp_FBtp0058	VFB_00101567	4	1	0.0
2024-05-23		VFBexp_FBtp0061		2	1	0.0
2024-05-23		VFBexp_FBtp0061	VFB_00101567	2	2	0.0
2024-05-23		VFBexp_FBtp0063		1	1	0.0
2024-05-23		VFBexp_FBtp0063	VFB_00101567	1	1	0.0
2024-05-23		VFBexp_FBtp0099		5	1	0.0
2024-05-23		VFBexp_FBtp0099	VFB_00101567	5	4	0.0
2024-05-23		VFBexp_FBtp0100		5	5	0.0
2024-05-23		VFBexp_FBtp0100	VFB_00101567	5	5	0.0
2024-05-23		VFBexp_FBtp0101		6	6	0.0
2024-05-23		VFBexp_FBtp0101	VFB_00101567	6	6	0.0
2024-05-23		VFBexp_FBtp0102		1	1	0.0
2024-05-23		VFBexp_FBtp0102	VFB_00101567	1	1	0.0
2024-05-23		VFBexp_FBtp0103		6	6	0.0
2024-05-23		VFBexp_FBtp0103	VFB_00101567	6	6	0.0
2024-05-23		VFBexp_FBtp0104		6	5	0.0
2024-05-23		VFBexp_FBtp0104	VFB_00101567	6	6	0.0
2024-05-23		VFBexp_FBtp0105		4	4	0.0
2024-05-23		VFBexp_FBtp0105	VFB_00101567	4	4	0.0
2024-05-23		VFBexp_FBtp0106		6	6	0.0
2024-05-23		VFBexp_FBtp0106	VFB_00101567	6	6	0.0
2024-05-23		VFBexp_FBtp0107		1	1	0.0
2024-05-23		VFBexp_FBtp0107	VFB_00101567	1	1	0.0
2024-05-23		VFBexp_FBtp0122		1	1	0.0
2024-05-23		VFBexp_FBtp0122	VFB_00101567	1	1	0.0
2024-05-23		VFBexp_FBtp0124		1	1	0.0
2024-05-23		VFBexp_FBtp0124	VFB_00101567	1	1	0.0
2024-05-23		VFBexp_FBtp0144		2	1	0.0
2024-05-23		VFBexp_FBtp0144	VFB_00101567	2	2	0.0
2024-05-23	v2.virtualflybrain.org	FBbt_00003004	VFB_00101567	0	1	3.0
2024-05-23	v2.virtualflybrain.org	FBbt_00003008	VFB_00101567	0	2	56.0
2024-05-23	v2.virtualflybrain.org	FBbt_00003624	VFB_00101567	0	2	172.0
2024-05-23	v2.virtualflybrain.org	FBbt_00003678	VFB_00101567	0	2	78.0
2024-05-23	v2.virtualflybrain.org	FBbt_00003748	VFB_00101567	0	5	34.0
2024-05-23	v2.virtualflybrain.org	FBbt_00003885	VFB_00101567	0	1	19.0
2024-05-23	v2.virtualflybrain.org	FBbt_00004481	VFB_00110000	0	1	9.0
2024-05-23	v2.virtualflybrain.org	FBbt_00005128	VFB_00101567	11	1	0.0
2024-05-23	v2.virtualflybrain.org	FBbt_00007053	VFB_00101567	0	1	11.0
2024-05-23	v2.virtualflybrain.org	FBbt_00007054	VFB_00101567	0	2	27.0
2024-05-23	v2.virtualflybrain.org	FBbt_00007055	VFB_00101567	0	2	201.0
2024-05-23	v2.virtualflybrain.org	FBbt_00007401	VFB_00101567	5	1	2.0
2024-05-23	v2.virtualflybrain.org	FBbt_00007430	VFB_00101567	0	1	25.0
2024-05-23	v2.virtualflybrain.org	FBbt_00007487	VFB_00101384	0	1	0.0
2024-05-23	v2.virtualflybrain.org	FBbt_00007543	VFB_00017894	0	1	0.0
2024-05-23	v2.virtualflybrain.org	FBbt_00007543	VFB_00101384	0	2	0.0
2024-05-23	v2.virtualflybrain.org	FBbt_00013691	VFB_00101567	0	2	15.0
2024-05-23	v2.virtualflybrain.org	FBbt_00014013	VFB_00101567	1	2	47.0
2024-05-23	v2.virtualflybrain.org	FBbt_00040035	VFB_00101384	1	2	94.0
2024-05-23	v2.virtualflybrain.org	FBbt_00040041	VFB_00101567	0	2	20.0
2024-05-23	v2.virtualflybrain.org	FBbt_00040042	VFB_00101567	3	5	122.0
2024-05-23	v2.virtualflybrain.org	FBbt_00040043	VFB_00101567	0	2	16.0
2024-05-23	v2.virtualflybrain.org	FBbt_00045027	VFB_00101567	0	2	67.0
2024-05-23	v2.virtualflybrain.org	FBbt_00045032	VFB_00101567	0	1	2.0
2024-05-23	v2.virtualflybrain.org	FBbt_00045046	VFB_00101567	2	1	0.0
2024-05-23	v2.virtualflybrain.org	FBbt_00045048	VFB_00101567	0	2	67.0
2024-05-23	v2.virtualflybrain.org	FBbt_00045050	VFB_00101567	0	2	35.0
2024-05-23	v2.virtualflybrain.org	FBbt_00047572	VFB_00101567	2	2	59.0
2024-05-23	v2.virtualflybrain.org	FBbt_00047887	VFB_00101567	0	2	13.0
2024-05-23	v2.virtualflybrain.org	FBbt_00049983	VFB_00101567	0	1	131.0
2024-05-23	v2.virtualflybrain.org	FBbt_00051241	VFB_00101384	0	1	247.0
2024-05-23	v2.virtualflybrain.org	FBbt_00051242	VFB_00101384	0	2	66.0
2024-05-23	v2.virtualflybrain.org	FBbt_00051243	VFB_00101384	0	1	22.0
2024-05-23	v2.virtualflybrain.org	FBbt_00051244	VFB_00101384	0	1	69.0
2024-05-23	v2.virtualflybrain.org	FBbt_00051245	VFB_00101384	0	1	57.0
2024-05-23	v2.virtualflybrain.org	FBbt_00051425	VFB_00101567	1	1	0.0
2024-05-23	v2.virtualflybrain.org	FBbt_00058785	VFB_00110000	0	2	2.0
2024-05-23	v2.virtualflybrain.org	FBbt_00100218	VFB_00101384	0	2	112.0
2024-05-23	v2.virtualflybrain.org	FBbt_00110325	VFB_00017894	0	1	0.0
2024-05-23	v2.virtualflybrain.org	FBbt_00110325	VFB_00101384	0	1	0.0
2024-05-23	v2.virtualflybrain.org	FBbt_00110638	VFB_00101567	0	1	21.0
2024-05-23	v2.virtualflybrain.org	FBbt_00110639	VFB_00101567	0	1	3.0
2024-05-23	v2.virtualflybrain.org	FBbt_00110657	VFB_00101567	0	1	19.0
2024-05-23	v2.virtualflybrain.org	FBbt_00111240	VFB_00101567	0	1	8.0
2024-05-23	v2.virtualflybrain.org	FBbt_00111382	VFB_00101384	0	1	58.0
2024-05-23	v2.virtualflybrain.org	FBbt_00111433		1	1	1.0
2024-05-23	v2.virtualflybrain.org	FBbt_00111433	VFB_00101567	0	1	42.0
2024-05-23	v2.virtualflybrain.org	FBbt_00111750	VFB_00101567	0	1	61.0
2024-05-23	v2.virtualflybrain.org	GO_0005262	VFB_00101567	0	1	0.0
2024-05-23	v2.virtualflybrain.org	VFB_00003252	VFB_00017894	1	2	0.0
2024-05-23	v2.virtualflybrain.org	VFB_00003252	VFB_00101384	0	2	27.0
2024-05-23	v2.virtualflybrain.org	VFB_00017894	VFB_00017894	0	1	0.0
2024-05-23	v2.virtualflybrain.org	VFB_00022924	VFB_00101567	2	1	0.0
2024-05-23	v2.virtualflybrain.org	VFB_00023290	VFB_00101567	0	1	1.0
2024-05-23	v2.virtualflybrain.org	VFB_00023593	VFB_00101567	0	2	519.0
2024-05-23	v2.virtualflybrain.org	VFB_00028223	VFB_00101567	0	1	0.0
2024-05-23	v2.virtualflybrain.org	VFB_00030786	VFB_00030786	0	1	0.0
2024-05-23	v2.virtualflybrain.org	VFB_00030816	VFB_00030786	1	1	0.0
2024-05-23	v2.virtualflybrain.org	VFB_00030849	VFB_00017894	11	1	0.0
2024-05-23	v2.virtualflybrain.org	VFB_00046626	VFB_00101567	0	2	207.0
2024-05-23	v2.virtualflybrain.org	VFB_00048165	VFB_00101567	0	1	0.0
2024-05-23	v2.virtualflybrain.org	VFB_00063287	VFB_00101567	1	3	29.0
2024-05-23	v2.virtualflybrain.org	VFB_00063524	VFB_00101567	0	1	9.0
2024-05-23	v2.virtualflybrain.org	VFB_00064009	VFB_00101567	0	1	9.0
2024-05-23	v2.virtualflybrain.org	VFB_00064011	VFB_00101567	13	4	12.0
2024-05-23	v2.virtualflybrain.org	VFB_00064077	VFB_00101567	0	1	10.0
2024-05-23	v2.virtualflybrain.org	VFB_00064437	VFB_00101567	0	1	21.0
2024-05-23	v2.virtualflybrain.org	VFB_00065176	VFB_00101567	0	1	16.0
2024-05-23	v2.virtualflybrain.org	VFB_00065390	VFB_00101567	2	2	21.0
2024-05-23	v2.virtualflybrain.org	VFB_00066057	VFB_00101567	1	1	0.0
2024-05-23	v2.virtualflybrain.org	VFB_00066283	VFB_00101567	0	1	17.0
2024-05-23	v2.virtualflybrain.org	VFB_00066807	VFB_00101567	0	1	12.0
2024-05-23	v2.virtualflybrain.org	VFB_00067574	VFB_00101567	0	1	19.0
2024-05-23	v2.virtualflybrain.org	VFB_00068749	VFB_00101567	0	1	4.0
2024-05-23	v2.virtualflybrain.org	VFB_00100657	VFB_00050000	1	2	0.0
2024-05-23	v2.virtualflybrain.org	VFB_00100657	VFB_00101567	0	2	1.0
2024-05-23	v2.virtualflybrain.org	VFB_00100wx0	VFB_00101567	0	1	0.0
2024-05-23	v2.virtualflybrain.org	VFB_001011dc	VFB_00101384	3	3	14.0
2024-05-23	v2.virtualflybrain.org	VFB_001011dc	VFB_00101567	7	1	6.0
2024-05-23	v2.virtualflybrain.org	VFB_001012qa	VFB_00101567	24	1	0.0
2024-05-23	v2.virtualflybrain.org	VFB_00101335	VFB_00101567	8	1	0.0
2024-05-23	v2.virtualflybrain.org	VFB_00101384	VFB_00101384	1	6	0.0
2024-05-23	v2.virtualflybrain.org	VFB_001013rt	VFB_00101567	0	1	44.0
2024-05-23	v2.virtualflybrain.org	VFB_001014uq	VFB_00101567	0	2	13.0
2024-05-23	v2.virtualflybrain.org	VFB_001014uq	VFB_00110000	1	2	0.0
2024-05-23	v2.virtualflybrain.org	VFB_00101567		2	1	14.0
2024-05-23	v2.virtualflybrain.org	VFB_00101567	VFB_00101567	40	86	3206.0
2024-05-23	v2.virtualflybrain.org	VFB_00102107	VFB_00101567	0	1	130.0
2024-05-23	v2.virtualflybrain.org	VFB_00102114	VFB_00101567	1	0	0.0
2024-05-23	v2.virtualflybrain.org	VFB_00102123	VFB_00101567	0	1	168.0
2024-05-23	v2.virtualflybrain.org	VFB_00102124	VFB_00101567	0	1	61.0
2024-05-23	v2.virtualflybrain.org	VFB_00102133	VFB_00101567	0	1	1.0
2024-05-23	v2.virtualflybrain.org	VFB_00102134	VFB_00101567	0	1	3.0
2024-05-23	v2.virtualflybrain.org	VFB_00102135	VFB_00101567	0	2	89.0
2024-05-23	v2.virtualflybrain.org	VFB_00102141	VFB_00101567	9	2	0.0
2024-05-23	v2.virtualflybrain.org	VFB_00102148	VFB_00101567	0	2	82.0
2024-05-23	v2.virtualflybrain.org	VFB_00102154	VFB_00101567	0	1	17.0
2024-05-23	v2.virtualflybrain.org	VFB_00102218	VFB_00101567	0	1	0.0
2024-05-23	v2.virtualflybrain.org	VFB_00102271	VFB_00101567	0	1	20.0
2024-05-23	v2.virtualflybrain.org	VFB_00102273	VFB_00101567	0	1	10.0
2024-05-23	v2.virtualflybrain.org	VFB_00102274	VFB_00101567	0	2	36.0
2024-05-23	v2.virtualflybrain.org	VFB_00102276	VFB_00101567	0	1	3.0
2024-05-23	v2.virtualflybrain.org	VFB_00102280	VFB_00101567	4	2	3.0
2024-05-23	v2.virtualflybrain.org	VFB_00102282	VFB_00101567	0	1	5.0
2024-05-23	v2.virtualflybrain.org	VFB_00110000	VFB_00110000	0	1	0.0
2024-05-23	v2.virtualflybrain.org	VFB_00200000	VFB_00200000	0	3	1.0
2024-05-23	v2.virtualflybrain.org	VFB_jrch080q	VFB_00200000	0	2	11.0
2024-05-23	v2.virtualflybrain.org	VFB_jrch080r	VFB_00101567	24	1	0.0
2024-05-23	v2.virtualflybrain.org	VFB_jrchjrd0	VFB_00101384	17	3	1237.0
2024-05-23	v2.virtualflybrain.org	VFB_jrchjrd0	VFB_00200000	0	2	2.0
2024-05-23	v2.virtualflybrain.org	VFB_jrchjtf2	VFB_00101567	0	1	46.0
2024-05-23	v2.virtualflybrain.org	VFB_jrchjtf4	VFB_00101567	1	1	614.0
2024-05-23	v2.virtualflybrain.org	VFB_jrchjtu6	VFB_00101384	0	2	312.0
2024-05-23	v2.virtualflybrain.org	VFB_jrchjtwh	VFB_00101384	0	1	143.0
2024-05-23	v2.virtualflybrain.org	VFB_jrchjtxj	VFB_00017894	0	2	1.0
2024-05-23	v2.virtualflybrain.org	VFB_jrchjtxj	VFB_00101384	0	1	0.0
2024-05-23	v2.virtualflybrain.org	VFB_jrchjtyi	VFB_00101384	0	1	0.0
2024-05-23	v2.virtualflybrain.org	VFB_jrchjtyk	VFB_00101384	0	1	0.0
2024-05-23	v2.virtualflybrain.org	VFB_jrchjtym	VFB_00101384	0	1	112.0
2024-05-23	v2.virtualflybrain.org	VFB_jrchju0u	VFB_00101384	0	1	0.0
2024-05-23	v2.virtualflybrain.org	VFB_jrchju3s	VFB_00101384	0	1	0.0
2024-05-23	v2.virtualflybrain.org	VFB_jrchju3t	VFB_00101384	0	1	0.0
2024-05-23	v2.virtualflybrain.org	VFB_jrchju5o	VFB_00101384	0	1	0.0
2024-05-23	v2.virtualflybrain.org	VFB_jrchjxkb	VFB_00101567	0	1	23.0
2024-05-23	v2.virtualflybrain.org	VFB_jrchjxke	VFB_00101567	0	1	11.0
2024-05-23	v2.virtualflybrain.org	VFB_jrchjxkf	VFB_00101567	0	1	8.0
2024-05-23	v2.virtualflybrain.org	VFB_jrchjxkg	VFB_00101567	0	1	31.0
2024-05-23	v2.virtualflybrain.org	VFB_jrchjxkh	VFB_00101567	0	2	23.0
2024-05-23	v2.virtualflybrain.org	VFB_jrchjxkm	VFB_00101567	0	1	8.0
2024-05-23	v2.virtualflybrain.org	VFB_jrchjxkn	VFB_00101567	0	1	11.0
2024-05-23	v2.virtualflybrain.org	VFB_jrchjxko	VFB_00101567	0	2	15.0
2024-05-23	v2.virtualflybrain.org	VFB_jrchjxkp	VFB_00101567	0	1	10.0
2024-05-23	v2.virtualflybrain.org	VFB_jrchjxkq	VFB_00101567	0	1	10.0
2024-05-23	v2.virtualflybrain.org	VFB_jrchjxks	VFB_00101567	0	1	8.0
2024-05-23	v2.virtualflybrain.org	VFB_jrchjxku	VFB_00101567	0	1	25.0
2024-05-23	v2.virtualflybrain.org	VFB_jrchjxkv	VFB_00101567	1	2	270.0
2024-05-23	v2.virtualflybrain.org	VFB_jrchjxkw	VFB_00101567	0	1	8.0
2024-05-23	v2.virtualflybrain.org	VFB_jrchjxkx	VFB_00101567	0	1	13.0
2024-05-23	v2.virtualflybrain.org	VFB_jrchjxkz	VFB_00101567	0	1	64.0
2024-05-23	v2.virtualflybrain.org	VFB_jrchjxl0	VFB_00101384	1	3	3.0
2024-05-23	v2.virtualflybrain.org	VFB_jrchjxl0	VFB_00101567	0	3	14.0
2024-05-23	v2.virtualflybrain.org	VFB_jrchk31q	VFB_00101567	2	1	83.0
2024-05-23	v2.virtualflybrain.org	VFB_jrchk45g	VFB_00101384	8	1	565.0
2024-05-23	v2.virtualflybrain.org	VFB_jrchk5pu	VFB_00101567	0	3	337.0
2024-05-23	v2.virtualflybrain.org	VFB_jrchk775	VFB_00101567	1	1	31.0
2024-05-23	v2.virtualflybrain.org	VFB_jrchk776	VFB_00101567	0	1	48.0
2024-05-23	v2.virtualflybrain.org	VFB_jrchk779	VFB_00101567	0	1	119.0
2024-05-23	v2.virtualflybrain.org	VFB_jrchk7fb	VFB_00101567	6	2	0.0
2024-05-23	v2.virtualflybrain.org	VFB_jrchk7fc	VFB_00101567	7	3	0.0
2024-05-23	v2.virtualflybrain.org	VFB_jrchk87g	VFB_00101567	2	1	0.0
2024-05-23	v2.virtualflybrain.org	VFB_jrchk8dm	VFB_00101567	1	3	37.0
2024-05-23	v2.virtualflybrain.org	VFB_jrchk8rz	VFB_00101567	0	3	61.0
2024-05-23	v2.virtualflybrain.org	VFB_jrcv0m03	VFB_00200000	1	1	0.0
2024-05-23	v2.virtualflybrain.org	VFB_jrcv1019	VFB_00200000	9	2	952.0
2024-05-23	v2.virtualflybrain.org	VFBexp_FBti0002	VFB_00101567	1	1	58.0
2024-05-23	v2.virtualflybrain.org	VFBexp_FBtp0022		1	1	2.0
2024-05-23	v2.virtualflybrain.org	VFBexp_FBtp0022	VFB_00101567	0	1	3.0
2024-05-23	v2.virtualflybrain.org	VFBexp_FBtp0058		4	1	0.0
2024-05-23	v2.virtualflybrain.org	VFBexp_FBtp0058	VFB_00101567	0	1	34.0
2024-05-23	v2.virtualflybrain.org	VFBexp_FBtp0061	VFB_00101567	0	2	75.0
2024-05-23	v2.virtualflybrain.org	VFBexp_FBtp0063	VFB_00101567	0	1	12.0
2024-05-23	v2.virtualflybrain.org	VFBexp_FBtp0099	VFB_00101567	1	5	292.0
2024-05-23	v2.virtualflybrain.org	VFBexp_FBtp0100	VFB_00101567	0	5	122.0
2024-05-23	v2.virtualflybrain.org	VFBexp_FBtp0101	VFB_00101567	0	6	81.0
2024-05-23	v2.virtualflybrain.org	VFBexp_FBtp0102	VFB_00101567	0	1	0.0
2024-05-23	v2.virtualflybrain.org	VFBexp_FBtp0103	VFB_00101567	0	7	93.0
2024-05-23	v2.virtualflybrain.org	VFBexp_FBtp0104	VFB_00101567	4	6	62.0
2024-05-23	v2.virtualflybrain.org	VFBexp_FBtp0105	VFB_00101567	1	4	55.0
2024-05-23	v2.virtualflybrain.org	VFBexp_FBtp0106	VFB_00101567	0	6	77.0
2024-05-23	v2.virtualflybrain.org	VFBexp_FBtp0107	VFB_00101567	0	1	18.0
2024-05-23	v2.virtualflybrain.org	VFBexp_FBtp0122		1	1	0.0
2024-05-23	v2.virtualflybrain.org	VFBexp_FBtp0124	VFB_00101567	0	2	38.0
2024-05-23	v2.virtualflybrain.org	VFBexp_FBtp0144	VFB_00101567	0	1	35.0
2024-05-24		FBbt_00001602		2	1	4.0
2024-05-24		FBbt_00001602	VFB_00101567	2	1	0.0
2024-05-24		FBbt_00003624		9	4	24.0
2024-05-24		FBbt_00003624	VFB_00101567	8	4	0.0
2024-05-24		FBbt_00003628		1	1	0.0
2024-05-24		FBbt_00003628	VFB_00101567	1	1	0.0
2024-05-24		FBbt_00003678		3	2	0.0
2024-05-24		FBbt_00003678	VFB_00101384	1	1	0.0
2024-05-24		FBbt_00003678	VFB_00101567	2	1	0.0
2024-05-24		FBbt_00003681		4	2	0.0
2024-05-24		FBbt_00003681	VFB_00101567	5	2	0.0
2024-05-24		FBbt_00003684		1	1	0.0
2024-05-24		FBbt_00003684	VFB_00101567	1	1	0.0
2024-05-24		FBbt_00003708		1	1	0.0
2024-05-24		FBbt_00003708	VFB_00101567	1	1	0.0
2024-05-24		FBbt_00003748		3	3	0.0
2024-05-24		FBbt_00003748	VFB_00101567	3	3	0.0
2024-05-24		FBbt_00003999		3	1	14.0
2024-05-24		FBbt_00003999	VFB_00101567	3	1	0.0
2024-05-24		FBbt_00007050		7	1	0.0
2024-05-24		FBbt_00007050	VFB_00101567	7	1	0.0
2024-05-24		FBbt_00007146		2	1	0.0
2024-05-24		FBbt_00007146	VFB_00101567	2	1	0.0
2024-05-24		FBbt_00007147		3	1	0.0
2024-05-24		FBbt_00007147	VFB_00101567	3	1	0.0
2024-05-24		FBbt_00007401		6	2	0.0
2024-05-24		FBbt_00007401	VFB_00101567	6	2	0.0
2024-05-24		FBbt_00040001		3	1	0.0
2024-05-24		FBbt_00040001	VFB_00101567	3	1	0.0
2024-05-24		FBbt_00040041		1	1	1.0
2024-05-24		FBbt_00040041	VFB_00101567	1	1	0.0
2024-05-24		FBbt_00040043		1	1	0.0
2024-05-24		FBbt_00040043	VFB_00101567	1	1	0.0
2024-05-24		FBbt_00045021		1	1	0.0
2024-05-24		FBbt_00045021	VFB_00101567	1	1	0.0
2024-05-24		FBbt_00045030		4	1	0.0
2024-05-24		FBbt_00045030	VFB_00101567	4	1	0.0
2024-05-24		FBbt_00045047		2	1	0.0
2024-05-24		FBbt_00045047	VFB_00101567	2	1	0.0
2024-05-24		FBbt_00045048		1	1	0.0
2024-05-24		FBbt_00045048	VFB_00101567	1	1	0.0
2024-05-24		FBbt_00045050		4	1	0.0
2024-05-24		FBbt_00045050	VFB_00101567	4	1	0.0
2024-05-24		FBbt_00045051		5	1	0.0
2024-05-24		FBbt_00045051	VFB_00101567	5	1	0.0
2024-05-24		FBbt_00047229		1	1	0.0
2024-05-24		FBbt_00047229	VFB_00101567	1	1	0.0
2024-05-24		FBbt_00047572		2	1	0.0
2024-05-24		FBbt_00047572	VFB_00101567	2	1	0.0
2024-05-24		FBbt_00047887		11	4	0.0
2024-05-24		FBbt_00047887	VFB_00101567	13	4	0.0
2024-05-24		FBbt_00047948		2	1	15.0
2024-05-24		FBbt_00047948	VFB_00101567	2	1	0.0
2024-05-24		FBbt_00049530		1	1	0.0
2024-05-24		FBbt_00049530	VFB_00101567	1	1	0.0
2024-05-24		FBbt_00058207		2	1	15.0
2024-05-24		FBbt_00058207	VFB_00200000	3	1	0.0
2024-05-24		FBbt_00100539		1	1	0.0
2024-05-24		FBbt_00100539	VFB_00101567	1	1	0.0
2024-05-24		FBbt_00110174		1	1	0.0
2024-05-24		FBbt_00110174	VFB_00200000	1	1	0.0
2024-05-24		FBbt_00110175		1	1	0.0
2024-05-24		FBbt_00110175	VFB_00200000	1	1	0.0
2024-05-24		FBbt_00110176		2	1	0.0
2024-05-24		FBbt_00110176	VFB_00200000	2	1	0.0
2024-05-24		FBbt_00110636		1	1	0.0
2024-05-24		FBbt_00110636	VFB_00101567	1	1	0.0
2024-05-24		FBbt_00110638		2	1	0.0
2024-05-24		FBbt_00110638	VFB_00101567	2	1	0.0
2024-05-24		FBbt_10000000		2	1	5.0
2024-05-24		FBbt_10000000	VFB_00101567	3	1	0.0
2024-05-24		FBbt_20002800		1	1	0.0
2024-05-24		FBbt_20002800	VFB_00101567	1	1	0.0
2024-05-24		VFB_00022924		4	1	0.0
2024-05-24		VFB_00022924	VFB_00101567	4	1	0.0
2024-05-24		VFB_00025134		6	1	22.0
2024-05-24		VFB_00025134	VFB_00101567	6	2	0.0
2024-05-24		VFB_00025208		2	1	0.0
2024-05-24		VFB_00025208	VFB_00101567	2	1	0.0
2024-05-24		VFB_00026112		2	1	10.0
2024-05-24		VFB_00026112	VFB_00101567	2	1	0.0
2024-05-24		VFB_00028223		9	1	14.0
2024-05-24		VFB_00028223	VFB_00101567	9	2	0.0
2024-05-24		VFB_00030849		13	2	15.0
2024-05-24		VFB_00030849	VFB_00017894	11	2	0.0
2024-05-24		VFB_00030849	VFB_00101567	2	1	0.0
2024-05-24		VFB_00030867		6	1	7.0
2024-05-24		VFB_00030867	VFB_00017894	3	1	0.0
2024-05-24		VFB_00030867	VFB_00101567	3	1	0.0
2024-05-24		VFB_00030869		12	1	9.0
2024-05-24		VFB_00030869	VFB_00017894	7	1	0.0
2024-05-24		VFB_00030869	VFB_00101567	5	1	0.0
2024-05-24		VFB_00030872		10	1	3.0
2024-05-24		VFB_00030872	VFB_00017894	8	1	0.0
2024-05-24		VFB_00030872	VFB_00101567	2	1	0.0
2024-05-24		VFB_00037955		4	1	28.0
2024-05-24		VFB_00037955	VFB_00101567	4	1	0.0
2024-05-24		VFB_00045675		2	1	4.0
2024-05-24		VFB_00045675	VFB_00101567	2	1	0.0
2024-05-24		VFB_00046626		35	2	54.0
2024-05-24		VFB_00046626	VFB_00017894	1	1	0.0
2024-05-24		VFB_00046626	VFB_00101567	32	4	0.0
2024-05-24		VFB_00050000	VFB_00050000	1	1	12.0
2024-05-24		VFB_00064011		12	1	0.0
2024-05-24		VFB_00064011	VFB_00101567	12	1	0.0
2024-05-24		VFB_00064655		2	1	11.0
2024-05-24		VFB_00064655	VFB_00101567	2	1	0.0
2024-05-24		VFB_00065864		1	1	0.0
2024-05-24		VFB_00065864	VFB_00101567	1	1	0.0
2024-05-24		VFB_00066455		1	1	0.0
2024-05-24		VFB_00066455	VFB_00101567	1	1	0.0
2024-05-24		VFB_00066855		1	1	0.0
2024-05-24		VFB_00066855	VFB_00101567	1	1	0.0
2024-05-24		VFB_00067771		2	1	1.0
2024-05-24		VFB_00067771	VFB_00101567	2	1	0.0
2024-05-24		VFB_00100wx0		14	1	11.0
2024-05-24		VFB_00100wx0	VFB_00101567	14	2	0.0
2024-05-24		VFB_001011dc		3	1	17.0
2024-05-24		VFB_001011dc	VFB_00101384	2	1	0.0
2024-05-24		VFB_001011dc	VFB_00101567	1	1	0.0
2024-05-24		VFB_001011q7		4	1	20.0
2024-05-24		VFB_001011q7	VFB_00101567	4	2	0.0
2024-05-24		VFB_001012qa		23	1	0.0
2024-05-24		VFB_001012qa	VFB_00101567	23	1	0.0
2024-05-24		VFB_001013vv		21	1	9.0
2024-05-24		VFB_001013vv	VFB_00101567	9	4	0.0
2024-05-24		VFB_001014uq		3	1	10.0
2024-05-24		VFB_001014uq	VFB_00101567	5	1	0.0
2024-05-24		VFB_00101567		124	25	472.0
2024-05-24		VFB_00101567	VFB_00101567	164	46	224.0
2024-05-24		VFB_00102141		9	1	0.0
2024-05-24		VFB_00102141	VFB_00101567	9	1	0.0
2024-05-24		VFB_00102280		6	1	0.0
2024-05-24		VFB_00102280	VFB_00101567	6	1	0.0
2024-05-24		VFB_00102282		3	1	20.0
2024-05-24		VFB_00102282	VFB_00101567	3	2	0.0
2024-05-24		VFB_jrch080q		2	1	0.0
2024-05-24		VFB_jrch080q	VFB_00101567	2	1	0.0
2024-05-24		VFB_jrch080r		13	1	0.0
2024-05-24		VFB_jrch080r	VFB_00101567	14	1	0.0
2024-05-24		VFB_jrchjrd0		8	1	0.0
2024-05-24		VFB_jrchjrd0	VFB_00101384	8	1	0.0
2024-05-24		VFB_jrchjtf2		3	1	5.0
2024-05-24		VFB_jrchjtf2	VFB_00101567	3	2	0.0
2024-05-24		VFB_jrchjtxj		1	1	0.0
2024-05-24		VFB_jrchjtxj	VFB_00017894	1	1	0.0
2024-05-24		VFB_jrchju3s		6	1	64.0
2024-05-24		VFB_jrchju3s	VFB_00101384	6	1	0.0
2024-05-24		VFB_jrchjxkv		15	1	0.0
2024-05-24		VFB_jrchjxkv	VFB_00101567	15	1	0.0
2024-05-24		VFB_jrchk5oo		6	1	26.0
2024-05-24		VFB_jrchk5oo	VFB_00101567	6	2	0.0
2024-05-24		VFB_jrchk6ho		2	1	2.0
2024-05-24		VFB_jrchk6ho	VFB_00101567	2	1	0.0
2024-05-24		VFB_jrchk6vb		4	1	14.0
2024-05-24		VFB_jrchk6vb	VFB_00101567	4	1	0.0
2024-05-24		VFB_jrchk7fc		8	1	0.0
2024-05-24		VFB_jrchk7fc	VFB_00101567	8	2	0.0
2024-05-24		VFB_jrchk814		7	1	5.0
2024-05-24		VFB_jrchk814	VFB_00101567	18	1	0.0
2024-05-24		VFB_jrchk8c9		13	1	31.0
2024-05-24		VFB_jrchk8c9	VFB_00101384	1	1	0.0
2024-05-24		VFB_jrchk8c9	VFB_00101567	12	4	0.0
2024-05-24		VFB_jrchk8rz		13	1	0.0
2024-05-24		VFB_jrchk8rz	VFB_00101567	13	1	0.0
2024-05-24		VFB_jrcv0m03		2	1	7.0
2024-05-24		VFB_jrcv0m03	VFB_00200000	1	1	0.0
2024-05-24		VFB_jrcv1019		18	1	4.0
2024-05-24		VFB_jrcv1019	VFB_00101384	2	1	0.0
2024-05-24		VFB_jrcv1019	VFB_00200000	16	2	0.0
2024-05-24		VFB_jrcv3jtu		2	1	2.0
2024-05-24		VFB_jrcv3jtu	VFB_00200000	2	1	0.0
2024-05-24		VFBexp_FBti0002		2	1	0.0
2024-05-24		VFBexp_FBti0002	VFB_00101567	2	1	0.0
2024-05-24		VFBexp_FBti0115		1	1	0.0
2024-05-24		VFBexp_FBti0115	VFB_00101567	1	1	0.0
2024-05-24		VFBexp_FBtp0040		2	1	0.0
2024-05-24		VFBexp_FBtp0040	VFB_00101567	2	2	0.0
2024-05-24		VFBexp_FBtp0059		1	1	0.0
2024-05-24		VFBexp_FBtp0059	VFB_00101567	1	1	0.0
2024-05-24		VFBexp_FBtp0089		1	1	5.0
2024-05-24		VFBexp_FBtp0089	VFB_00101567	1	1	0.0
2024-05-24		VFBexp_FBtp0099		2	1	0.0
2024-05-24		VFBexp_FBtp0099	VFB_00101567	2	1	0.0
2024-05-24		VFBexp_FBtp0100		1	1	0.0
2024-05-24		VFBexp_FBtp0100	VFB_00101567	1	1	0.0
2024-05-24		VFBexp_FBtp0101		1	1	0.0
2024-05-24		VFBexp_FBtp0101	VFB_00101567	1	1	0.0
2024-05-24		VFBexp_FBtp0103		4	1	0.0
2024-05-24		VFBexp_FBtp0103	VFB_00101567	4	1	0.0
2024-05-24		VFBexp_FBtp0104		1	1	0.0
2024-05-24		VFBexp_FBtp0104	VFB_00101567	1	1	0.0
2024-05-24		VFBexp_FBtp0105		1	1	0.0
2024-05-24		VFBexp_FBtp0105	VFB_00101567	1	1	0.0
2024-05-24		VFBexp_FBtp0106		2	2	0.0
2024-05-24		VFBexp_FBtp0106	VFB_00101567	2	2	0.0
2024-05-24	v2.virtualflybrain.org	FBbt_00001602	VFB_00101567	0	1	0.0
2024-05-24	v2.virtualflybrain.org	FBbt_00003624	VFB_00101567	2	5	101.0
2024-05-24	v2.virtualflybrain.org	FBbt_00003628	VFB_00101567	0	1	67.0
2024-05-24	v2.virtualflybrain.org	FBbt_00003678	VFB_00101384	0	1	5.0
2024-05-24	v2.virtualflybrain.org	FBbt_00003678	VFB_00101567	0	1	13.0
2024-05-24	v2.virtualflybrain.org	FBbt_00003681	VFB_00101567	0	2	18.0
2024-05-24	v2.virtualflybrain.org	FBbt_00003684	VFB_00101567	0	1	5.0
2024-05-24	v2.virtualflybrain.org	FBbt_00003708	VFB_00101567	1	1	0.0
2024-05-24	v2.virtualflybrain.org	FBbt_00003748	VFB_00101567	0	4	124.0
2024-05-24	v2.virtualflybrain.org	FBbt_00003999	VFB_00101567	0	1	0.0
2024-05-24	v2.virtualflybrain.org	FBbt_00005128	VFB_00101567	1	1	0.0
2024-05-24	v2.virtualflybrain.org	FBbt_00007050	VFB_00101567	0	1	20.0
2024-05-24	v2.virtualflybrain.org	FBbt_00007146	VFB_00101567	0	1	7.0
2024-05-24	v2.virtualflybrain.org	FBbt_00007147	VFB_00101567	0	1	19.0
2024-05-24	v2.virtualflybrain.org	FBbt_00007401	VFB_00101567	7	2	1.0
2024-05-24	v2.virtualflybrain.org	FBbt_00040001	VFB_00101567	0	1	29.0
2024-05-24	v2.virtualflybrain.org	FBbt_00040041	VFB_00101567	0	1	15.0
2024-05-24	v2.virtualflybrain.org	FBbt_00040043	VFB_00101567	0	1	10.0
2024-05-24	v2.virtualflybrain.org	FBbt_00045021	VFB_00101567	0	1	3.0
2024-05-24	v2.virtualflybrain.org	FBbt_00045030	VFB_00101567	3	2	9.0
2024-05-24	v2.virtualflybrain.org	FBbt_00045047	VFB_00101567	0	1	3.0
2024-05-24	v2.virtualflybrain.org	FBbt_00045048	VFB_00101567	1	1	0.0
2024-05-24	v2.virtualflybrain.org	FBbt_00045050	VFB_00101567	0	1	9.0
2024-05-24	v2.virtualflybrain.org	FBbt_00045051	VFB_00101567	0	1	4.0
2024-05-24	v2.virtualflybrain.org	FBbt_00047229	VFB_00101567	0	1	34.0
2024-05-24	v2.virtualflybrain.org	FBbt_00047572	VFB_00101567	2	1	0.0
2024-05-24	v2.virtualflybrain.org	FBbt_00047887	VFB_00101567	0	5	65.0
2024-05-24	v2.virtualflybrain.org	FBbt_00047948	VFB_00101567	0	1	0.0
2024-05-24	v2.virtualflybrain.org	FBbt_00049530	VFB_00101567	0	1	97.0
2024-05-24	v2.virtualflybrain.org	FBbt_00058207	VFB_00200000	0	1	0.0
2024-05-24	v2.virtualflybrain.org	FBbt_00100539	VFB_00101567	0	1	16.0
2024-05-24	v2.virtualflybrain.org	FBbt_00110175	VFB_00200000	0	1	0.0
2024-05-24	v2.virtualflybrain.org	FBbt_00110176	VFB_00200000	0	1	3.0
2024-05-24	v2.virtualflybrain.org	FBbt_00110636	VFB_00101567	0	1	20.0
2024-05-24	v2.virtualflybrain.org	FBbt_00110638	VFB_00101567	0	1	8.0
2024-05-24	v2.virtualflybrain.org	FBbt_10000000	VFB_00101567	0	1	0.0
2024-05-24	v2.virtualflybrain.org	FBbt_20002800		1	1	4.0
2024-05-24	v2.virtualflybrain.org	FBbt_20002800	VFB_00101567	0	1	37.0
2024-05-24	v2.virtualflybrain.org	VFB_00017894	VFB_00017894	2	7	6.0
2024-05-24	v2.virtualflybrain.org	VFB_00022924	VFB_00101567	3	2	0.0
2024-05-24	v2.virtualflybrain.org	VFB_00025134	VFB_00101567	0	2	8.0
2024-05-24	v2.virtualflybrain.org	VFB_00026112	VFB_00101567	0	1	5.0
2024-05-24	v2.virtualflybrain.org	VFB_00028223	VFB_00101567	0	2	25.0
2024-05-24	v2.virtualflybrain.org	VFB_00030849	VFB_00017894	12	4	21.0
2024-05-24	v2.virtualflybrain.org	VFB_00030849	VFB_00101567	0	1	1.0
2024-05-24	v2.virtualflybrain.org	VFB_00030867	VFB_00017894	3	3	68.0
2024-05-24	v2.virtualflybrain.org	VFB_00030867	VFB_00101567	0	2	1.0
2024-05-24	v2.virtualflybrain.org	VFB_00030869	VFB_00017894	7	3	12.0
2024-05-24	v2.virtualflybrain.org	VFB_00030869	VFB_00101567	0	2	10.0
2024-05-24	v2.virtualflybrain.org	VFB_00030872	VFB_00017894	8	3	33.0
2024-05-24	v2.virtualflybrain.org	VFB_00030872	VFB_00101567	0	1	1.0
2024-05-24	v2.virtualflybrain.org	VFB_00037955	VFB_00101567	0	1	0.0
2024-05-24	v2.virtualflybrain.org	VFB_00046626	VFB_00017894	1	3	2.0
2024-05-24	v2.virtualflybrain.org	VFB_00046626	VFB_00101567	0	4	28.0
2024-05-24	v2.virtualflybrain.org	VFB_00050000	VFB_00050000	1	1	11.0
2024-05-24	v2.virtualflybrain.org	VFB_00064011	VFB_00101567	12	1	0.0
2024-05-24	v2.virtualflybrain.org	VFB_00064655	VFB_00101567	0	1	7.0
2024-05-24	v2.virtualflybrain.org	VFB_00065864	VFB_00101567	0	1	102.0
2024-05-24	v2.virtualflybrain.org	VFB_00066455	VFB_00101567	0	1	10.0
2024-05-24	v2.virtualflybrain.org	VFB_00066855	VFB_00101567	0	1	11.0
2024-05-24	v2.virtualflybrain.org	VFB_00067771	VFB_00101567	0	1	46.0
2024-05-24	v2.virtualflybrain.org	VFB_00100wx0	VFB_00101567	9	2	6.0
2024-05-24	v2.virtualflybrain.org	VFB_001011dc	VFB_00101384	2	1	95.0
2024-05-24	v2.virtualflybrain.org	VFB_001011dc	VFB_00101567	1	1	11.0
2024-05-24	v2.virtualflybrain.org	VFB_001011q7	VFB_00101567	0	2	0.0
2024-05-24	v2.virtualflybrain.org	VFB_001012qa	VFB_00101567	23	1	0.0
2024-05-24	v2.virtualflybrain.org	VFB_00101384	VFB_00101384	0	4	0.0
2024-05-24	v2.virtualflybrain.org	VFB_001013vv	VFB_00101567	1	3	0.0
2024-05-24	v2.virtualflybrain.org	VFB_001014uq	VFB_00101567	0	2	1.0
2024-05-24	v2.virtualflybrain.org	VFB_00101567	VFB_00101567	37	74	1061.0
2024-05-24	v2.virtualflybrain.org	VFB_00102114	VFB_00101567	2	1	5.0
2024-05-24	v2.virtualflybrain.org	VFB_00102141	VFB_00101567	9	1	0.0
2024-05-24	v2.virtualflybrain.org	VFB_00102280	VFB_00101567	6	1	0.0
2024-05-24	v2.virtualflybrain.org	VFB_00102282	VFB_00101567	0	2	65.0
2024-05-24	v2.virtualflybrain.org	VFB_00200000	VFB_00200000	0	2	12.0
2024-05-24	v2.virtualflybrain.org	VFB_jrch080q	VFB_00101567	0	1	0.0
2024-05-24	v2.virtualflybrain.org	VFB_jrch080r	VFB_00101567	12	1	0.0
2024-05-24	v2.virtualflybrain.org	VFB_jrchjrd0	VFB_00101384	8	1	0.0
2024-05-24	v2.virtualflybrain.org	VFB_jrchjtf2	VFB_00101567	1	2	0.0
2024-05-24	v2.virtualflybrain.org	VFB_jrchjtxj	VFB_00017894	1	2	0.0
2024-05-24	v2.virtualflybrain.org	VFB_jrchju3s	VFB_00101384	6	2	6.0
2024-05-24	v2.virtualflybrain.org	VFB_jrchjxkv	VFB_00101567	15	1	0.0
2024-05-24	v2.virtualflybrain.org	VFB_jrchk5oo	VFB_00101567	0	1	19.0
2024-05-24	v2.virtualflybrain.org	VFB_jrchk6vb	VFB_00101567	1	1	0.0
2024-05-24	v2.virtualflybrain.org	VFB_jrchk7fb	VFB_00101567	1	1	0.0
2024-05-24	v2.virtualflybrain.org	VFB_jrchk7fc	VFB_00101567	6	4	0.0
2024-05-24	v2.virtualflybrain.org	VFB_jrchk814	VFB_00101567	0	1	86.0
2024-05-24	v2.virtualflybrain.org	VFB_jrchk8c9	VFB_00101384	1	3	15.0
2024-05-24	v2.virtualflybrain.org	VFB_jrchk8c9	VFB_00101567	0	4	129.0
2024-05-24	v2.virtualflybrain.org	VFB_jrchk8rz	VFB_00101567	13	3	0.0
2024-05-24	v2.virtualflybrain.org	VFB_jrcv1019	VFB_00101384	0	2	9.0
2024-05-24	v2.virtualflybrain.org	VFB_jrcv1019	VFB_00200000	16	4	22.0
2024-05-24	v2.virtualflybrain.org	VFB_jrcv3jtu	VFB_00200000	0	1	0.0
2024-05-24	v2.virtualflybrain.org	VFBexp_FBti0002	VFB_00101567	0	1	22.0
2024-05-24	v2.virtualflybrain.org	VFBexp_FBti0115	VFB_00101567	0	1	15.0
2024-05-24	v2.virtualflybrain.org	VFBexp_FBtp0040	VFB_00101567	0	2	25.0
2024-05-24	v2.virtualflybrain.org	VFBexp_FBtp0059		1	1	0.0
2024-05-24	v2.virtualflybrain.org	VFBexp_FBtp0059	VFB_00101567	0	1	2.0
2024-05-24	v2.virtualflybrain.org	VFBexp_FBtp0089	VFB_00101567	0	1	9.0
2024-05-24	v2.virtualflybrain.org	VFBexp_FBtp0099	VFB_00101567	0	2	127.0
2024-05-24	v2.virtualflybrain.org	VFBexp_FBtp0100	VFB_00101567	0	2	12.0
2024-05-24	v2.virtualflybrain.org	VFBexp_FBtp0101	VFB_00101567	0	1	10.0
2024-05-24	v2.virtualflybrain.org	VFBexp_FBtp0103		2	1	0.0
2024-05-24	v2.virtualflybrain.org	VFBexp_FBtp0103	VFB_00101567	2	1	62.0
2024-05-24	v2.virtualflybrain.org	VFBexp_FBtp0104	VFB_00101567	1	1	45.0
2024-05-24	v2.virtualflybrain.org	VFBexp_FBtp0105	VFB_00101567	0	1	62.0
2024-05-24	v2.virtualflybrain.org	VFBexp_FBtp0106	VFB_00101567	0	2	44.0
2024-05-25		FBbt_00003624		7	1	4.0
2024-05-25		FBbt_00003624	VFB_00101567	7	1	0.0
2024-05-25		FBbt_00007401		4	1	0.0
2024-05-25		FBbt_00007401	VFB_00101567	4	1	0.0
2024-05-25		FBbt_00040042		1	1	0.0
2024-05-25		FBbt_00040042	VFB_00101567	1	1	0.0
2024-05-25		FBbt_00045048		4	1	0.0
2024-05-25		FBbt_00045048	VFB_00101567	4	1	0.0
2024-05-25		FBbt_00047572		2	1	0.0
2024-05-25		FBbt_00047572	VFB_00101567	2	1	0.0
2024-05-25		GO_0007006		2	1	0.0
2024-05-25		GO_0007006	VFB_00101567	2	1	0.0
2024-05-25		VFB_00063435		1	1	0.0
2024-05-25		VFB_00063435	VFB_00101567	1	1	0.0
2024-05-25		VFB_00063524		1	1	0.0
2024-05-25		VFB_00063524	VFB_00101567	1	1	0.0
2024-05-25		VFB_00064229		1	1	0.0
2024-05-25		VFB_00064229	VFB_00101567	1	1	0.0
2024-05-25		VFB_00064607		1	1	0.0
2024-05-25		VFB_00064607	VFB_00101567	1	1	0.0
2024-05-25		VFB_00064677		1	1	0.0
2024-05-25		VFB_00064677	VFB_00101567	1	1	0.0
2024-05-25		VFB_00064693		1	1	0.0
2024-05-25		VFB_00064693	VFB_00101567	1	1	0.0
2024-05-25		VFB_00064952		1	1	0.0
2024-05-25		VFB_00064952	VFB_00101567	1	1	0.0
2024-05-25		VFB_00065776		1	1	0.0
2024-05-25		VFB_00065776	VFB_00101567	1	1	0.0
2024-05-25		VFB_00066399		3	1	1.0
2024-05-25		VFB_00066399	VFB_00101567	3	1	0.0
2024-05-25		VFB_00066451		1	1	0.0
2024-05-25		VFB_00066451	VFB_00101567	1	1	0.0
2024-05-25		VFB_00066811		1	1	0.0
2024-05-25		VFB_00066811	VFB_00101567	1	1	0.0
2024-05-25		VFB_00066945		1	1	0.0
2024-05-25		VFB_00066945	VFB_00101567	1	1	0.0
2024-05-25		VFB_00067881		1	1	0.0
2024-05-25		VFB_00067881	VFB_00101567	1	1	0.0
2024-05-25		VFB_00068047		1	1	0.0
2024-05-25		VFB_00068047	VFB_00101567	1	1	0.0
2024-05-25		VFB_00068124		1	1	0.0
2024-05-25		VFB_00068124	VFB_00101567	1	1	0.0
2024-05-25		VFB_00068635		1	1	0.0
2024-05-25		VFB_00068635	VFB_00101567	1	1	0.0
2024-05-25		VFB_00100wx0		23	1	0.0
2024-05-25		VFB_00100wx0	VFB_00101567	23	1	0.0
2024-05-25		VFB_001012qa		24	1	0.0
2024-05-25		VFB_001012qa	VFB_00101567	24	1	0.0
2024-05-25		VFB_00101567		16	4	13.0
2024-05-25		VFB_00101567	VFB_00101567	40	5	0.0
2024-05-25		VFB_00102141		3	1	0.0
2024-05-25		VFB_00102141	VFB_00101567	3	1	0.0
2024-05-25		VFB_00102280		3	1	0.0
2024-05-25		VFB_00102280	VFB_00101567	3	1	0.0
2024-05-25		VFB_jrchk7fb		1	1	0.0
2024-05-25		VFB_jrchk7fb	VFB_00101567	1	1	0.0
2024-05-25		VFB_jrchk7fc		2	1	0.0
2024-05-25		VFB_jrchk7fc	VFB_00101567	2	1	0.0
2024-05-25		VFBexp_FBtp0099		1	1	0.0
2024-05-25		VFBexp_FBtp0099	VFB_00101567	1	1	0.0
2024-05-25		VFBexp_FBtp0100		1	1	0.0
2024-05-25		VFBexp_FBtp0100	VFB_00101567	1	1	0.0
2024-05-25		VFBexp_FBtp0101		6	6	0.0
2024-05-25		VFBexp_FBtp0101	VFB_00101567	6	6	0.0
2024-05-25		VFBexp_FBtp0102		5	5	0.0
2024-05-25		VFBexp_FBtp0102	VFB_00101567	5	5	0.0
2024-05-25		VFBexp_FBtp0103		4	4	0.0
2024-05-25		VFBexp_FBtp0103	VFB_00101567	4	4	0.0
2024-05-25		VFBexp_FBtp0104		1	1	0.0
2024-05-25		VFBexp_FBtp0104	VFB_00101567	1	1	0.0
2024-05-25		VFBexp_FBtp0105		3	3	0.0
2024-05-25		VFBexp_FBtp0105	VFB_00101567	3	3	0.0
2024-05-25		VFBexp_FBtp0106		3	3	0.0
2024-05-25		VFBexp_FBtp0106	VFB_00101567	3	3	0.0
2024-05-25		VFBexp_FBtp0107		2	2	0.0
2024-05-25		VFBexp_FBtp0107	VFB_00101567	2	2	0.0
2024-05-25	v2.virtualflybrain.org	FBbt_00003624	VFB_00101567	0	1	26.0
2024-05-25	v2.virtualflybrain.org	FBbt_00007401	VFB_00101567	5	1	0.0
2024-05-25	v2.virtualflybrain.org	FBbt_00040042	VFB_00101567	0	1	24.0
2024-05-25	v2.virtualflybrain.org	FBbt_00045048	VFB_00101567	0	2	40.0
2024-05-25	v2.virtualflybrain.org	FBbt_00047572	VFB_00101567	2	1	0.0
2024-05-25	v2.virtualflybrain.org	GO_0007006		1	1	2.0
2024-05-25	v2.virtualflybrain.org	GO_0007006	VFB_00101567	0	1	1.0
2024-05-25	v2.virtualflybrain.org	VFB_00063435	VFB_00101567	0	1	9.0
2024-05-25	v2.virtualflybrain.org	VFB_00063524	VFB_00101567	0	2	8.0
2024-05-25	v2.virtualflybrain.org	VFB_00064229	VFB_00101567	0	1	15.0
2024-05-25	v2.virtualflybrain.org	VFB_00064607	VFB_00101567	0	1	8.0
2024-05-25	v2.virtualflybrain.org	VFB_00064677	VFB_00101567	0	1	9.0
2024-05-25	v2.virtualflybrain.org	VFB_00064693	VFB_00101567	0	1	7.0
2024-05-25	v2.virtualflybrain.org	VFB_00064952	VFB_00101567	0	1	8.0
2024-05-25	v2.virtualflybrain.org	VFB_00065776	VFB_00101567	0	1	23.0
2024-05-25	v2.virtualflybrain.org	VFB_00066399	VFB_00101567	1	1	17.0
2024-05-25	v2.virtualflybrain.org	VFB_00066451	VFB_00101567	0	1	11.0
2024-05-25	v2.virtualflybrain.org	VFB_00066811	VFB_00101567	0	1	15.0
2024-05-25	v2.virtualflybrain.org	VFB_00066945	VFB_00101567	0	1	20.0
2024-05-25	v2.virtualflybrain.org	VFB_00067881	VFB_00101567	0	1	31.0
2024-05-25	v2.virtualflybrain.org	VFB_00068047	VFB_00101567	0	1	8.0
2024-05-25	v2.virtualflybrain.org	VFB_00068124	VFB_00101567	0	1	12.0
2024-05-25	v2.virtualflybrain.org	VFB_00068635	VFB_00101567	0	1	6.0
2024-05-25	v2.virtualflybrain.org	VFB_00100wx0	VFB_00101567	23	1	0.0
2024-05-25	v2.virtualflybrain.org	VFB_001012qa	VFB_00101567	24	1	0.0
2024-05-25	v2.virtualflybrain.org	VFB_00101567	VFB_00101567	32	17	32.0
2024-05-25	v2.virtualflybrain.org	VFB_00102141	VFB_00101567	3	1	0.0
2024-05-25	v2.virtualflybrain.org	VFB_00102280	VFB_00101567	3	1	0.0
2024-05-25	v2.virtualflybrain.org	VFB_jrchk7fb	VFB_00101567	2	2	0.0
2024-05-25	v2.virtualflybrain.org	VFB_jrchk7fc	VFB_00101567	3	1	0.0
2024-05-25	v2.virtualflybrain.org	VFBexp_FBtp0099		2	1	34.0
2024-05-25	v2.virtualflybrain.org	VFBexp_FBtp0099	VFB_00101567	0	1	44.0
2024-05-25	v2.virtualflybrain.org	VFBexp_FBtp0100	VFB_00101567	0	1	89.0
2024-05-25	v2.virtualflybrain.org	VFBexp_FBtp0101	VFB_00101567	0	6	69.0
2024-05-25	v2.virtualflybrain.org	VFBexp_FBtp0102	VFB_00101567	0	5	62.0
2024-05-25	v2.virtualflybrain.org	VFBexp_FBtp0103	VFB_00101567	0	4	45.0
2024-05-25	v2.virtualflybrain.org	VFBexp_FBtp0104	VFB_00101567	0	1	9.0
2024-05-25	v2.virtualflybrain.org	VFBexp_FBtp0105	VFB_00101567	0	3	42.0
2024-05-25	v2.virtualflybrain.org	VFBexp_FBtp0106	VFB_00101567	0	3	41.0
2024-05-25	v2.virtualflybrain.org	VFBexp_FBtp0107	VFB_00101567	0	2	33.0
2024-05-26		FBbt_00003681		3	1	0.0
2024-05-26		FBbt_00003681	VFB_00101567	3	1	0.0
2024-05-26		FBbt_00003684		4	2	0.0
2024-05-26		FBbt_00003684	VFB_00017894	2	2	0.0
2024-05-26		FBbt_00003684	VFB_00101567	3	2	0.0
2024-05-26		FBbt_00003748		4	2	0.0
2024-05-26		FBbt_00003748	VFB_00101567	4	2	0.0
2024-05-26		FBbt_00007401		12	1	0.0
2024-05-26		FBbt_00007401	VFB_00101567	12	1	0.0
2024-05-26		FBbt_00040039		1	1	0.0
2024-05-26		FBbt_00040039	VFB_00101567	1	1	0.0
2024-05-26		FBbt_00040041		2	1	0.0
2024-05-26		FBbt_00040041	VFB_00101567	2	1	0.0
2024-05-26		FBbt_00045004		1	1	0.0
2024-05-26		FBbt_00045004	VFB_00101567	1	1	0.0
2024-05-26		FBbt_00047572		11	1	0.0
2024-05-26		FBbt_00047572	VFB_00101567	11	1	0.0
2024-05-26		FBbt_00100259		1	1	0.0
2024-05-26		FBbt_00100259	VFB_00101567	1	1	0.0
2024-05-26		FBbt_00110636		5	1	1.0
2024-05-26		FBbt_00110636	VFB_00101567	5	1	0.0
2024-05-26		FBbt_00111634		1	1	0.0
2024-05-26		FBbt_00111634	VFB_00101567	1	1	0.0
2024-05-26		VFB_00017894		3	1	9.0
2024-05-26		VFB_00017894	VFB_00017894	4	1	0.0
2024-05-26		VFB_00030758		2	1	0.0
2024-05-26		VFB_00030758	VFB_00101567	2	1	0.0
2024-05-26		VFB_00030777		2	1	4.0
2024-05-26		VFB_00030777	VFB_00101567	2	1	0.0
2024-05-26		VFB_00030867		10	1	10.0
2024-05-26		VFB_00030867	VFB_00017894	1	1	0.0
2024-05-26		VFB_00030867	VFB_00101567	7	1	0.0
2024-05-26		VFB_00100wx0		24	1	0.0
2024-05-26		VFB_00100wx0	VFB_00101567	24	1	0.0
2024-05-26		VFB_00101220		5	1	2.0
2024-05-26		VFB_00101220	VFB_00101567	10	1	0.0
2024-05-26		VFB_001012qa		24	1	0.0
2024-05-26		VFB_001012qa	VFB_00101567	24	1	0.0
2024-05-26		VFB_0010140w		7	1	7.0
2024-05-26		VFB_0010140w	VFB_00101567	7	1	0.0
2024-05-26		VFB_00101567		72	10	243.0
2024-05-26		VFB_00101567	VFB_00101567	98	17	0.0
2024-05-26		VFB_00102141		3	1	0.0
2024-05-26		VFB_00102141	VFB_00101567	3	1	0.0
2024-05-26		VFB_00102170		1	1	0.0
2024-05-26		VFB_00102170	VFB_00101567	1	1	0.0
2024-05-26		VFB_00102214		2	1	0.0
2024-05-26		VFB_00102214	VFB_00101567	2	1	0.0
2024-05-26		VFB_00102274		2	1	0.0
2024-05-26		VFB_00102274	VFB_00101567	2	1	0.0
2024-05-26		VFB_jrchjrhd		11	1	34.0
2024-05-26		VFB_jrchjrhd	VFB_00101384	1	1	0.0
2024-05-26		VFB_jrchjrhd	VFB_00101567	9	3	0.0
2024-05-26		VFB_jrchjya5		1	1	0.0
2024-05-26		VFB_jrchjya5	VFB_00101567	1	1	0.0
2024-05-26		VFB_jrchk7fb		5	1	0.0
2024-05-26		VFB_jrchk7fb	VFB_00101567	5	1	0.0
2024-05-26		VFB_jrchk7fc		1	1	0.0
2024-05-26		VFB_jrchk7fc	VFB_00101567	1	1	0.0
2024-05-26		VFB_jrchk7og		3	1	140.0
2024-05-26		VFB_jrchk7og	VFB_00101567	3	2	0.0
2024-05-26	v2.virtualflybrain.org	FBbt_00003681	VFB_00101567	1	2	0.0
2024-05-26	v2.virtualflybrain.org	FBbt_00003684	VFB_00017894	1	2	279.0
2024-05-26	v2.virtualflybrain.org	FBbt_00003684	VFB_00101567	0	3	54.0
2024-05-26	v2.virtualflybrain.org	FBbt_00003748	VFB_00101567	0	1	10.0
2024-05-26	v2.virtualflybrain.org	FBbt_00007401	VFB_00101567	13	1	0.0
2024-05-26	v2.virtualflybrain.org	FBbt_00040039	VFB_00101567	0	1	17.0
2024-05-26	v2.virtualflybrain.org	FBbt_00040041	VFB_00101567	0	1	16.0
2024-05-26	v2.virtualflybrain.org	FBbt_00045004	VFB_00101567	0	2	73.0
2024-05-26	v2.virtualflybrain.org	FBbt_00047572	VFB_00101567	11	1	0.0
2024-05-26	v2.virtualflybrain.org	FBbt_00100222	VFB_00101567	0	1	104.0
2024-05-26	v2.virtualflybrain.org	FBbt_00100243	VFB_00101567	0	1	177.0
2024-05-26	v2.virtualflybrain.org	FBbt_00100259	VFB_00101567	0	1	87.0
2024-05-26	v2.virtualflybrain.org	FBbt_00110636	VFB_00101567	4	2	429.0
2024-05-26	v2.virtualflybrain.org	FBbt_00111634		1	1	0.0
2024-05-26	v2.virtualflybrain.org	FBbt_00111634	VFB_00101567	0	1	2.0
2024-05-26	v2.virtualflybrain.org	VFB_00017894	VFB_00017894	0	2	0.0
2024-05-26	v2.virtualflybrain.org	VFB_00030758	VFB_00030758	2	2	5.0
2024-05-26	v2.virtualflybrain.org	VFB_00030771	VFB_00030771	1	2	6.0
2024-05-26	v2.virtualflybrain.org	VFB_00030777	VFB_00101567	0	1	0.0
2024-05-26	v2.virtualflybrain.org	VFB_00030867	VFB_00017894	1	2	1.0
2024-05-26	v2.virtualflybrain.org	VFB_00030867	VFB_00101567	0	2	9.0
2024-05-26	v2.virtualflybrain.org	VFB_00100wx0	VFB_00101567	24	1	0.0
2024-05-26	v2.virtualflybrain.org	VFB_00101220	VFB_00101567	1	1	0.0
2024-05-26	v2.virtualflybrain.org	VFB_001012qa	VFB_00101567	24	1	0.0
2024-05-26	v2.virtualflybrain.org	VFB_0010140w	VFB_00101567	0	1	0.0
2024-05-26	v2.virtualflybrain.org	VFB_00101567	VFB_00101567	52	32	379.0
2024-05-26	v2.virtualflybrain.org	VFB_00102141	VFB_00101567	3	1	0.0
2024-05-26	v2.virtualflybrain.org	VFB_00102170	VFB_00101567	2	1	0.0
2024-05-26	v2.virtualflybrain.org	VFB_00102214	VFB_00101567	0	1	1.0
2024-05-26	v2.virtualflybrain.org	VFB_00102274	VFB_00101567	0	1	3.0
2024-05-26	v2.virtualflybrain.org	VFB_jrchjrhd	VFB_00101384	1	2	2.0
2024-05-26	v2.virtualflybrain.org	VFB_jrchjrhd	VFB_00101567	1	4	412.0
2024-05-26	v2.virtualflybrain.org	VFB_jrchjya5	VFB_00101567	0	1	11.0
2024-05-26	v2.virtualflybrain.org	VFB_jrchk7fb	VFB_00101567	6	1	0.0
2024-05-26	v2.virtualflybrain.org	VFB_jrchk7fc	VFB_00101567	2	2	0.0
2024-05-26	v2.virtualflybrain.org	VFB_jrchk7og	VFB_00101567	0	1	0.0
2024-05-27		FBbt_00003624		3	2	0.0
2024-05-27		FBbt_00003624	VFB_00101567	3	2	0.0
2024-05-27		FBbt_00003632		5	1	1.0
2024-05-27		FBbt_00003632	VFB_00101567	5	2	0.0
2024-05-27		FBbt_00003678		6	2	0.0
2024-05-27		FBbt_00003678	VFB_00101567	6	3	0.0
2024-05-27		FBbt_00003679		1	1	0.0
2024-05-27		FBbt_00003679	VFB_00101567	1	1	0.0
2024-05-27		FBbt_00003681		5	3	0.0
2024-05-27		FBbt_00003681	VFB_00101567	5	4	0.0
2024-05-27		FBbt_00003682		8	2	1.0
2024-05-27		FBbt_00003682	VFB_00101567	8	4	0.0
2024-05-27		FBbt_00003684		1	1	0.0
2024-05-27		FBbt_00003684	VFB_00049000	1	1	0.0
2024-05-27		FBbt_00003701		4	1	0.0
2024-05-27		FBbt_00003701	VFB_00101567	4	1	0.0
2024-05-27		FBbt_00007053		1	1	0.0
2024-05-27		FBbt_00007053	VFB_00101567	1	1	0.0
2024-05-27		FBbt_00007054		2	1	25.0
2024-05-27		FBbt_00007054	VFB_00101567	2	1	0.0
2024-05-27		FBbt_00007055		1	1	0.0
2024-05-27		FBbt_00007055	VFB_00101567	1	1	0.0
2024-05-27		FBbt_00007145		1	1	0.0
2024-05-27		FBbt_00007145	VFB_00101567	1	1	0.0
2024-05-27		FBbt_00007146		1	1	0.0
2024-05-27		FBbt_00007146	VFB_00101567	1	1	0.0
2024-05-27		FBbt_00007147		5	2	0.0
2024-05-27		FBbt_00007147	VFB_00101567	5	2	0.0
2024-05-27		FBbt_00007401		9	2	0.0
2024-05-27		FBbt_00007401	VFB_00101567	9	2	0.0
2024-05-27		FBbt_00014013		1	1	0.0
2024-05-27		FBbt_00014013	VFB_00101567	2	1	0.0
2024-05-27		FBbt_00040001		7	1	0.0
2024-05-27		FBbt_00040001	VFB_00101567	7	2	0.0
2024-05-27		FBbt_00040041		2	2	0.0
2024-05-27		FBbt_00040041	VFB_00101567	3	2	0.0
2024-05-27		FBbt_00040042		1	1	0.0
2024-05-27		FBbt_00040042	VFB_00101567	1	1	0.0
2024-05-27		FBbt_00040043		3	2	0.0
2024-05-27		FBbt_00040043	VFB_00101567	4	2	0.0
2024-05-27		FBbt_00040044		2	1	0.0
2024-05-27		FBbt_00040044	VFB_00101567	2	1	0.0
2024-05-27		FBbt_00045007		1	1	0.0
2024-05-27		FBbt_00045007	VFB_00049000	1	1	0.0
2024-05-27		FBbt_00045021		7	1	0.0
2024-05-27		FBbt_00045021	VFB_00101567	7	1	0.0
2024-05-27		FBbt_00045030		2	1	0.0
2024-05-27		FBbt_00045030	VFB_00101567	2	1	0.0
2024-05-27		FBbt_00045050		3	1	0.0
2024-05-27		FBbt_00045050	VFB_00101567	3	1	0.0
2024-05-27		FBbt_00045051		3	1	0.0
2024-05-27		FBbt_00045051	VFB_00101567	3	1	0.0
2024-05-27		FBbt_00047572		6	1	0.0
2024-05-27		FBbt_00047572	VFB_00101567	6	1	0.0
2024-05-27		FBbt_00047639		1	1	0.0
2024-05-27		FBbt_00047639	VFB_00101567	1	1	0.0
2024-05-27		FBbt_00047887		5	3	0.0
2024-05-27		FBbt_00047887	VFB_00101567	5	3	0.0
2024-05-27		FBbt_00049530		2	1	0.0
2024-05-27		FBbt_00049530	VFB_00101567	2	1	0.0
2024-05-27		FBbt_00049839		1	1	0.0
2024-05-27		FBbt_00049839	VFB_00017894	1	1	0.0
2024-05-27		FBbt_00049858		1	1	0.0
2024-05-27		FBbt_00049858	VFB_00101567	1	1	0.0
2024-05-27		FBbt_00051393		3	1	0.0
2024-05-27		FBbt_00051393	VFB_00101567	4	1	0.0
2024-05-27		FBbt_00110188		1	1	0.0
2024-05-27		FBbt_00110188	VFB_00049000	2	1	0.0
2024-05-27		FBbt_00110636		1	1	0.0
2024-05-27		FBbt_00110636	VFB_00101567	1	1	0.0
2024-05-27		FBbt_00110638		3	1	0.0
2024-05-27		FBbt_00110638	VFB_00101567	4	2	0.0
2024-05-27		FBbt_00110639		11	3	0.0
2024-05-27		FBbt_00110639	VFB_00101567	13	3	0.0
2024-05-27		FBbt_20002629		1	1	0.0
2024-05-27		FBbt_20002629	VFB_00101567	1	1	0.0
2024-05-27		VFB_00017894	VFB_00017894	1	1	0.0
2024-05-27		VFB_00022867		3	1	5.0
2024-05-27		VFB_00022867	VFB_00101567	3	1	0.0
2024-05-27		VFB_00028223		6	1	7.0
2024-05-27		VFB_00028223	VFB_00101567	6	2	0.0
2024-05-27		VFB_00030806		4	1	11.0
2024-05-27		VFB_00030806	VFB_00030786	1	1	0.0
2024-05-27		VFB_00030806	VFB_00049000	3	1	0.0
2024-05-27		VFB_00030856		3	1	2.0
2024-05-27		VFB_00030856	VFB_00017894	1	1	0.0
2024-05-27		VFB_00030856	VFB_00101567	2	1	0.0
2024-05-27		VFB_00030866		4	1	8.0
2024-05-27		VFB_00030866	VFB_00017894	1	1	0.0
2024-05-27		VFB_00030866	VFB_00101567	3	1	0.0
2024-05-27		VFB_00030867		4	1	10.0
2024-05-27		VFB_00030867	VFB_00017894	1	1	0.0
2024-05-27		VFB_00030867	VFB_00049000	3	1	0.0
2024-05-27		VFB_00046626		1	1	1.0
2024-05-27		VFB_00046626	VFB_00101567	1	1	0.0
2024-05-27		VFB_00050505		7	1	9.0
2024-05-27		VFB_00050505	VFB_00017894	4	1	0.0
2024-05-27		VFB_00050505	VFB_00049000	2	1	0.0
2024-05-27		VFB_00100w3h		2	1	5.0
2024-05-27		VFB_00100w3h	VFB_00101567	2	1	0.0
2024-05-27		VFB_00100wx0		24	1	0.0
2024-05-27		VFB_00100wx0	VFB_00101567	24	1	0.0
2024-05-27		VFB_001012qa		24	1	0.0
2024-05-27		VFB_001012qa	VFB_00101567	24	1	0.0
2024-05-27		VFB_001014uq		2	1	3.0
2024-05-27		VFB_001014uq	VFB_00101567	8	1	0.0
2024-05-27		VFB_00101567		166	24	498.0
2024-05-27		VFB_00101567	VFB_00101567	192	39	95.0
2024-05-27		VFB_001015gs		17	2	48.0
2024-05-27		VFB_001015gs	VFB_00101567	21	3	0.0
2024-05-27		VFB_00102134		1	1	0.0
2024-05-27		VFB_00102134	VFB_00101567	1	1	0.0
2024-05-27		VFB_00102135		1	1	0.0
2024-05-27		VFB_00102135	VFB_00101567	1	1	0.0
2024-05-27		VFB_00102137		3	2	0.0
2024-05-27		VFB_00102137	VFB_00101567	3	2	0.0
2024-05-27		VFB_00102139		6	2	4.0
2024-05-27		VFB_00102139	VFB_00101567	6	4	0.0
2024-05-27		VFB_00102140		8	2	7.0
2024-05-27		VFB_00102140	VFB_00101567	8	4	0.0
2024-05-27		VFB_00102152		1	1	0.0
2024-05-27		VFB_00102152	VFB_00101567	1	1	0.0
2024-05-27		VFB_00102154		3	1	0.0
2024-05-27		VFB_00102154	VFB_00101567	3	2	0.0
2024-05-27		VFB_00102159		12	2	0.0
2024-05-27		VFB_00102159	VFB_00101567	12	4	0.0
2024-05-27		VFB_00102162		5	2	0.0
2024-05-27		VFB_00102162	VFB_00101567	5	3	0.0
2024-05-27		VFB_00102164		10	2	6.0
2024-05-27		VFB_00102164	VFB_00101567	10	4	0.0
2024-05-27		VFB_00102170		13	2	60.0
2024-05-27		VFB_00102170	VFB_00101567	13	4	0.0
2024-05-27		VFB_00102175		3	1	0.0
2024-05-27		VFB_00102175	VFB_00101567	3	2	0.0
2024-05-27		VFB_00102176		2	1	0.0
2024-05-27		VFB_00102176	VFB_00101567	2	1	0.0
2024-05-27		VFB_00102179		3	1	0.0
2024-05-27		VFB_00102179	VFB_00101567	3	2	0.0
2024-05-27		VFB_00102185		3	1	0.0
2024-05-27		VFB_00102185	VFB_00101567	3	2	0.0
2024-05-27		VFB_00102190		3	1	0.0
2024-05-27		VFB_00102190	VFB_00101567	3	2	0.0
2024-05-27		VFB_00102201		2	1	0.0
2024-05-27		VFB_00102201	VFB_00101567	2	1	0.0
2024-05-27		VFB_00102212		4	2	4.0
2024-05-27		VFB_00102212	VFB_00101567	4	3	0.0
2024-05-27		VFB_00102213		4	1	0.0
2024-05-27		VFB_00102213	VFB_00101567	4	2	0.0
2024-05-27		VFB_00102214		4	1	0.0
2024-05-27		VFB_00102214	VFB_00101567	4	2	0.0
2024-05-27		VFB_00102215		2	1	0.0
2024-05-27		VFB_00102215	VFB_00101567	2	1	0.0
2024-05-27		VFB_00102218		2	1	0.0
2024-05-27		VFB_00102218	VFB_00101567	2	1	0.0
2024-05-27		VFB_00102271		5	2	1.0
2024-05-27		VFB_00102271	VFB_00101567	5	3	0.0
2024-05-27		VFB_00102273		21	1	1.0
2024-05-27		VFB_00102273	VFB_00101567	19	2	0.0
2024-05-27		VFB_00102274		2	1	0.0
2024-05-27		VFB_00102274	VFB_00101567	2	1	0.0
2024-05-27		VFB_00102275		2	1	0.0
2024-05-27		VFB_00102275	VFB_00101567	2	1	0.0
2024-05-27		VFB_00102276		5	2	0.0
2024-05-27		VFB_00102276	VFB_00101567	5	3	0.0
2024-05-27		VFB_00102280		9	3	1.0
2024-05-27		VFB_00102280	VFB_00101567	9	4	0.0
2024-05-27		VFB_00102282		4	1	0.0
2024-05-27		VFB_00102282	VFB_00101567	4	2	0.0
2024-05-27		VFB_00200000	VFB_00200000	1	1	18.0
2024-05-27		VFB_jrchjtf2		1	1	0.0
2024-05-27		VFB_jrchjtf2	VFB_00101567	1	1	0.0
2024-05-27		VFB_jrchjtg9		6	2	9.0
2024-05-27		VFB_jrchjtg9	VFB_00101567	9	4	0.0
2024-05-27		VFB_jrchjyjy		8	2	132.0
2024-05-27		VFB_jrchjyjy	VFB_00101567	8	2	0.0
2024-05-27		VFB_jrchk04q		10	1	59.0
2024-05-27		VFB_jrchk04q	VFB_00101567	7	1	0.0
2024-05-27		VFB_jrchk05q		2	1	0.0
2024-05-27		VFB_jrchk05q	VFB_00101567	3	2	0.0
2024-05-27		VFB_jrchk060		3	1	0.0
2024-05-27		VFB_jrchk060	VFB_00101567	3	2	0.0
2024-05-27		VFB_jrchk06q		3	1	0.0
2024-05-27		VFB_jrchk06q	VFB_00101567	2	2	0.0
2024-05-27		VFB_jrchk500		9	1	5.0
2024-05-27		VFB_jrchk500	VFB_00017894	4	1	0.0
2024-05-27		VFB_jrchk500	VFB_00101384	4	1	0.0
2024-05-27		VFB_jrchk500	VFB_00101567	1	1	0.0
2024-05-27		VFB_jrchk50c		5	1	5.0
2024-05-27		VFB_jrchk50c	VFB_00101567	5	2	0.0
2024-05-27		VFB_jrchk5pu		9	1	15.0
2024-05-27		VFB_jrchk5pu	VFB_00017894	2	1	0.0
2024-05-27		VFB_jrchk5pu	VFB_00101567	7	2	0.0
2024-05-27		VFB_jrchk775		2	1	2.0
2024-05-27		VFB_jrchk775	VFB_00101567	2	1	0.0
2024-05-27		VFB_jrchk7fb		7	1	0.0
2024-05-27		VFB_jrchk7fb	VFB_00101567	7	2	0.0
2024-05-27		VFBexp_FBti0002		4	1	0.0
2024-05-27		VFBexp_FBti0002	VFB_00101567	4	1	0.0
2024-05-27		VFBexp_FBti0201		1	1	0.0
2024-05-27		VFBexp_FBti0201	VFB_00101567	1	1	0.0
2024-05-27		VFBexp_FBtp0015		1	1	0.0
2024-05-27		VFBexp_FBtp0015	VFB_00101567	1	1	0.0
2024-05-27		VFBexp_FBtp0051		3	1	0.0
2024-05-27		VFBexp_FBtp0051	VFB_00101567	3	3	0.0
2024-05-27		VFBexp_FBtp0057		1	1	0.0
2024-05-27		VFBexp_FBtp0057	VFB_00101567	1	1	0.0
2024-05-27		VFBexp_FBtp0099		2	1	0.0
2024-05-27		VFBexp_FBtp0099	VFB_00101567	2	2	0.0
2024-05-27		VFBexp_FBtp0125		2	1	0.0
2024-05-27		VFBexp_FBtp0125	VFB_00101567	2	1	0.0
2024-05-27	v2.virtualflybrain.org	FBbt_00003632	VFB_00101567	0	1	46.0
2024-05-27	v2.virtualflybrain.org	FBbt_00003678	VFB_00101567	0	3	55.0
2024-05-27	v2.virtualflybrain.org	FBbt_00003679	VFB_00101567	0	1	28.0
2024-05-27	v2.virtualflybrain.org	FBbt_00003681	VFB_00101567	0	5	51.0
2024-05-27	v2.virtualflybrain.org	FBbt_00003682		1	1	2.0
2024-05-27	v2.virtualflybrain.org	FBbt_00003682	VFB_00101567	0	3	21.0
2024-05-27	v2.virtualflybrain.org	FBbt_00003701	VFB_00101567	0	1	1.0
2024-05-27	v2.virtualflybrain.org	FBbt_00005801	VFB_00049000	0	1	114.0
2024-05-27	v2.virtualflybrain.org	FBbt_00007053	VFB_00101567	0	1	1.0
2024-05-27	v2.virtualflybrain.org	FBbt_00007054	VFB_00101567	0	1	0.0
2024-05-27	v2.virtualflybrain.org	FBbt_00007145	VFB_00101567	0	1	4.0
2024-05-27	v2.virtualflybrain.org	FBbt_00007146	VFB_00101567	0	1	10.0
2024-05-27	v2.virtualflybrain.org	FBbt_00007147	VFB_00101567	0	3	4.0
2024-05-27	v2.virtualflybrain.org	FBbt_00007401	VFB_00101567	8	2	1.0
2024-05-27	v2.virtualflybrain.org	FBbt_00014013	VFB_00101567	0	1	1.0
2024-05-27	v2.virtualflybrain.org	FBbt_00040001	VFB_00101567	6	4	71.0
2024-05-27	v2.virtualflybrain.org	FBbt_00040041	VFB_00101567	0	2	21.0
2024-05-27	v2.virtualflybrain.org	FBbt_00040042	VFB_00101567	0	1	35.0
2024-05-27	v2.virtualflybrain.org	FBbt_00040043	VFB_00101567	0	3	41.0
2024-05-27	v2.virtualflybrain.org	FBbt_00040044	VFB_00101567	0	1	35.0
2024-05-27	v2.virtualflybrain.org	FBbt_00045007	VFB_00049000	0	1	33.0
2024-05-27	v2.virtualflybrain.org	FBbt_00045021	VFB_00101567	0	2	94.0
2024-05-27	v2.virtualflybrain.org	FBbt_00045030	VFB_00101567	0	1	0.0
2024-05-27	v2.virtualflybrain.org	FBbt_00045050	VFB_00101567	0	2	3.0
2024-05-27	v2.virtualflybrain.org	FBbt_00045051	VFB_00101567	0	2	55.0
2024-05-27	v2.virtualflybrain.org	FBbt_00047572	VFB_00101567	6	1	0.0
2024-05-27	v2.virtualflybrain.org	FBbt_00047639	VFB_00101567	0	1	6.0
2024-05-27	v2.virtualflybrain.org	FBbt_00047887	VFB_00101567	0	4	15.0
2024-05-27	v2.virtualflybrain.org	FBbt_00049530	VFB_00101567	0	2	75.0
2024-05-27	v2.virtualflybrain.org	FBbt_00049839	VFB_00017894	0	1	19.0
2024-05-27	v2.virtualflybrain.org	FBbt_00049858	VFB_00101567	0	2	75.0
2024-05-27	v2.virtualflybrain.org	FBbt_00051393	VFB_00101567	0	1	15.0
2024-05-27	v2.virtualflybrain.org	FBbt_00110188	VFB_00049000	0	1	11.0
2024-05-27	v2.virtualflybrain.org	FBbt_00110636	VFB_00101567	0	1	0.0
2024-05-27	v2.virtualflybrain.org	FBbt_00110638	VFB_00101567	0	1	0.0
2024-05-27	v2.virtualflybrain.org	FBbt_00110639	VFB_00101567	0	3	62.0
2024-05-27	v2.virtualflybrain.org	FBbt_20002629	VFB_00101567	0	1	6.0
2024-05-27	v2.virtualflybrain.org	VFB_00017894	VFB_00017894	1	2	37.0
2024-05-27	v2.virtualflybrain.org	VFB_00020570		1	1	1.0
2024-05-27	v2.virtualflybrain.org	VFB_00022867		1	1	2.0
2024-05-27	v2.virtualflybrain.org	VFB_00022867	VFB_00101567	0	1	5.0
2024-05-27	v2.virtualflybrain.org	VFB_00028223	VFB_00017894	1	2	8.0
2024-05-27	v2.virtualflybrain.org	VFB_00028223	VFB_00101567	0	2	34.0
2024-05-27	v2.virtualflybrain.org	VFB_00030806	VFB_00030786	1	3	17.0
2024-05-27	v2.virtualflybrain.org	VFB_00030806	VFB_00049000	0	2	3.0
2024-05-27	v2.virtualflybrain.org	VFB_00030856	VFB_00017894	1	2	0.0
2024-05-27	v2.virtualflybrain.org	VFB_00030856	VFB_00101567	0	1	1.0
2024-05-27	v2.virtualflybrain.org	VFB_00030866	VFB_00017894	1	2	3.0
2024-05-27	v2.virtualflybrain.org	VFB_00030866	VFB_00101567	0	2	10.0
2024-05-27	v2.virtualflybrain.org	VFB_00030867	VFB_00017894	1	3	45.0
2024-05-27	v2.virtualflybrain.org	VFB_00030867	VFB_00049000	0	2	1.0
2024-05-27	v2.virtualflybrain.org	VFB_00046626	VFB_00101567	0	1	160.0
2024-05-27	v2.virtualflybrain.org	VFB_00050505	VFB_00017894	0	2	242.0
2024-05-27	v2.virtualflybrain.org	VFB_00050505	VFB_00049000	2	2	4.0
2024-05-27	v2.virtualflybrain.org	VFB_00100w3h	VFB_00101567	0	1	0.0
2024-05-27	v2.virtualflybrain.org	VFB_00100wx0	VFB_00101567	24	1	0.0
2024-05-27	v2.virtualflybrain.org	VFB_001012qa	VFB_00101567	24	1	0.0
2024-05-27	v2.virtualflybrain.org	VFB_001014uq	VFB_00101567	0	1	3.0
2024-05-27	v2.virtualflybrain.org	VFB_00101567	VFB_00101567	88	51	879.0
2024-05-27	v2.virtualflybrain.org	VFB_001015gs	VFB_00101567	0	1	0.0
2024-05-27	v2.virtualflybrain.org	VFB_00102114	VFB_00101567	0	1	0.0
2024-05-27	v2.virtualflybrain.org	VFB_00102134	VFB_00101567	2	2	0.0
2024-05-27	v2.virtualflybrain.org	VFB_00102135	VFB_00101567	0	1	2.0
2024-05-27	v2.virtualflybrain.org	VFB_00102137	VFB_00101567	0	2	10.0
2024-05-27	v2.virtualflybrain.org	VFB_00102139	VFB_00101567	1	4	20.0
2024-05-27	v2.virtualflybrain.org	VFB_00102140	VFB_00101567	0	4	10.0
2024-05-27	v2.virtualflybrain.org	VFB_00102152	VFB_00101567	0	1	4.0
2024-05-27	v2.virtualflybrain.org	VFB_00102154	VFB_00101567	0	2	78.0
2024-05-27	v2.virtualflybrain.org	VFB_00102159	VFB_00101567	0	4	30.0
2024-05-27	v2.virtualflybrain.org	VFB_00102162	VFB_00101567	0	3	45.0
2024-05-27	v2.virtualflybrain.org	VFB_00102164	VFB_00101567	2	4	38.0
2024-05-27	v2.virtualflybrain.org	VFB_00102170	VFB_00101567	2	5	28.0
2024-05-27	v2.virtualflybrain.org	VFB_00102175	VFB_00101567	0	2	6.0
2024-05-27	v2.virtualflybrain.org	VFB_00102176	VFB_00101567	0	1	4.0
2024-05-27	v2.virtualflybrain.org	VFB_00102179	VFB_00101567	0	2	24.0
2024-05-27	v2.virtualflybrain.org	VFB_00102185	VFB_00101567	0	2	5.0
2024-05-27	v2.virtualflybrain.org	VFB_00102190	VFB_00101567	0	2	106.0
2024-05-27	v2.virtualflybrain.org	VFB_00102201	VFB_00101567	0	1	4.0
2024-05-27	v2.virtualflybrain.org	VFB_00102212	VFB_00101567	0	3	64.0
2024-05-27	v2.virtualflybrain.org	VFB_00102213	VFB_00101567	0	2	6.0
2024-05-27	v2.virtualflybrain.org	VFB_00102214	VFB_00101567	0	2	6.0
2024-05-27	v2.virtualflybrain.org	VFB_00102215	VFB_00101567	0	1	1.0
2024-05-27	v2.virtualflybrain.org	VFB_00102218	VFB_00101567	0	1	4.0
2024-05-27	v2.virtualflybrain.org	VFB_00102271	VFB_00101567	0	3	14.0
2024-05-27	v2.virtualflybrain.org	VFB_00102273	VFB_00101567	0	3	73.0
2024-05-27	v2.virtualflybrain.org	VFB_00102274	VFB_00101567	0	1	42.0
2024-05-27	v2.virtualflybrain.org	VFB_00102276	VFB_00101567	0	3	62.0
2024-05-27	v2.virtualflybrain.org	VFB_00102280	VFB_00101567	4	4	20.0
2024-05-27	v2.virtualflybrain.org	VFB_00102282	VFB_00101567	0	2	195.0
2024-05-27	v2.virtualflybrain.org	VFB_00200000	VFB_00200000	1	1	24.0
2024-05-27	v2.virtualflybrain.org	VFB_jrchjtf2	VFB_00101567	1	1	0.0
2024-05-27	v2.virtualflybrain.org	VFB_jrchjtg9	VFB_00101567	0	1	0.0
2024-05-27	v2.virtualflybrain.org	VFB_jrchjyjy	VFB_00101567	0	2	89.0
2024-05-27	v2.virtualflybrain.org	VFB_jrchk04q	VFB_00101567	0	2	232.0
2024-05-27	v2.virtualflybrain.org	VFB_jrchk05q	VFB_00101567	0	1	30.0
2024-05-27	v2.virtualflybrain.org	VFB_jrchk060	VFB_00101567	0	2	185.0
2024-05-27	v2.virtualflybrain.org	VFB_jrchk06q	VFB_00101567	0	2	42.0
2024-05-27	v2.virtualflybrain.org	VFB_jrchk500	VFB_00017894	0	2	136.0
2024-05-27	v2.virtualflybrain.org	VFB_jrchk500	VFB_00101384	2	4	25.0
2024-05-27	v2.virtualflybrain.org	VFB_jrchk500	VFB_00101567	1	2	0.0
2024-05-27	v2.virtualflybrain.org	VFB_jrchk50c	VFB_00101567	0	2	129.0
2024-05-27	v2.virtualflybrain.org	VFB_jrchk5pu	VFB_00017894	0	2	42.0
2024-05-27	v2.virtualflybrain.org	VFB_jrchk5pu	VFB_00101567	0	1	43.0
2024-05-27	v2.virtualflybrain.org	VFB_jrchk775	VFB_00101567	0	1	1.0
2024-05-27	v2.virtualflybrain.org	VFB_jrchk7fb	VFB_00101567	6	3	0.0
2024-05-27	v2.virtualflybrain.org	VFB_jrchk7fc	VFB_00101567	0	1	0.0
2024-05-27	v2.virtualflybrain.org	VFBexp_FBti0002	VFB_00101567	0	1	54.0
2024-05-27	v2.virtualflybrain.org	VFBexp_FBti0201		1	1	0.0
2024-05-27	v2.virtualflybrain.org	VFBexp_FBtp0015	VFB_00101567	0	1	6.0
2024-05-27	v2.virtualflybrain.org	VFBexp_FBtp0051	VFB_00101567	0	3	23.0
2024-05-27	v2.virtualflybrain.org	VFBexp_FBtp0057	VFB_00101567	0	1	74.0
2024-05-27	v2.virtualflybrain.org	VFBexp_FBtp0099		1	1	0.0
2024-05-27	v2.virtualflybrain.org	VFBexp_FBtp0099	VFB_00101567	0	2	51.0
2024-05-27	v2.virtualflybrain.org	VFBexp_FBtp0125		2	1	0.0
2024-05-27	v2.virtualflybrain.org	VFBexp_FBtp0125	VFB_00101567	0	1	84.0
2024-05-28		FBbt_00003624		2	2	0.0
2024-05-28		FBbt_00003624	VFB_00101567	7	2	0.0
2024-05-28		FBbt_00003632		1	1	0.0
2024-05-28		FBbt_00003632	VFB_00101567	1	1	0.0
2024-05-28		FBbt_00003678		4	3	0.0
2024-05-28		FBbt_00003678	VFB_00101567	4	3	0.0
2024-05-28		FBbt_00003679		8	2	0.0
2024-05-28		FBbt_00003679	VFB_00101384	2	1	0.0
2024-05-28		FBbt_00003679	VFB_00101567	6	1	0.0
2024-05-28		FBbt_00003681		6	2	0.0
2024-05-28		FBbt_00003681	VFB_00101567	6	2	0.0
2024-05-28		FBbt_00003682		1	1	0.0
2024-05-28		FBbt_00003682	VFB_00101567	1	1	0.0
2024-05-28		FBbt_00003684		2	1	0.0
2024-05-28		FBbt_00003684	VFB_00101567	2	1	0.0
2024-05-28		FBbt_00003982		2	1	0.0
2024-05-28		FBbt_00003982	VFB_00101567	2	1	0.0
2024-05-28		FBbt_00007055		10	2	0.0
2024-05-28		FBbt_00007055	VFB_00101567	10	2	0.0
2024-05-28		FBbt_00007146		3	1	0.0
2024-05-28		FBbt_00007146	VFB_00101567	3	2	0.0
2024-05-28		FBbt_00007401		14	3	0.0
2024-05-28		FBbt_00007401	VFB_00101567	14	3	0.0
2024-05-28		FBbt_00013695		2	1	0.0
2024-05-28		FBbt_00013695	VFB_00101567	2	1	0.0
2024-05-28		FBbt_00014013		11	4	0.0
2024-05-28		FBbt_00014013	VFB_00101567	12	6	0.0
2024-05-28		FBbt_00040001		2	1	0.0
2024-05-28		FBbt_00040001	VFB_00101567	2	1	0.0
2024-05-28		FBbt_00040002		1	1	0.0
2024-05-28		FBbt_00040002	VFB_00101567	1	1	0.0
2024-05-28		FBbt_00040037		5	1	0.0
2024-05-28		FBbt_00040037	VFB_00101567	5	1	0.0
2024-05-28		FBbt_00040042		4	2	0.0
2024-05-28		FBbt_00040042	VFB_00101567	4	2	0.0
2024-05-28		FBbt_00040043		4	1	0.0
2024-05-28		FBbt_00040043	VFB_00101567	4	1	0.0
2024-05-28		FBbt_00045027		1	1	0.0
2024-05-28		FBbt_00045027	VFB_00101567	1	1	0.0
2024-05-28		FBbt_00045030		5	1	0.0
2024-05-28		FBbt_00045030	VFB_00101567	5	3	0.0
2024-05-28		FBbt_00045037		2	1	0.0
2024-05-28		FBbt_00045037	VFB_00101567	2	1	0.0
2024-05-28		FBbt_00045039		1	1	0.0
2024-05-28		FBbt_00045039	VFB_00101567	1	1	0.0
2024-05-28		FBbt_00045048		7	2	0.0
2024-05-28		FBbt_00045048	VFB_00101567	9	3	0.0
2024-05-28		FBbt_00045050		3	2	0.0
2024-05-28		FBbt_00045050	VFB_00101567	3	2	0.0
2024-05-28		FBbt_00045051		1	1	0.0
2024-05-28		FBbt_00045051	VFB_00101567	1	1	0.0
2024-05-28		FBbt_00047572		9	1	0.0
2024-05-28		FBbt_00047572	VFB_00101567	9	1	0.0
2024-05-28		FBbt_00047887		2	1	0.0
2024-05-28		FBbt_00047887	VFB_00101567	3	1	0.0
2024-05-28		FBbt_00049767		1	1	0.0
2024-05-28		FBbt_00049767	VFB_00101567	1	1	0.0
2024-05-28		FBbt_00110636		5	1	0.0
2024-05-28		FBbt_00110636	VFB_00101567	5	2	0.0
2024-05-28		FBbt_00110638		2	1	0.0
2024-05-28		FBbt_00110638	VFB_00101567	2	1	0.0
2024-05-28		FBbt_00110639		2	1	0.0
2024-05-28		FBbt_00110639	VFB_00101567	2	1	0.0
2024-05-28		FBbt_00110657		1	1	0.0
2024-05-28		FBbt_00110657	VFB_00101567	1	1	0.0
2024-05-28		FBbt_00110658		5	1	0.0
2024-05-28		FBbt_00110658	VFB_00101567	5	1	0.0
2024-05-28		FBbt_00111207		2	1	18.0
2024-05-28		FBbt_00111207	VFB_00101384	2	1	0.0
2024-05-28		FBbt_20000000		2	1	6.0
2024-05-28		FBbt_20000000	VFB_00101384	3	1	0.0
2024-05-28		FBbt_20001885		1	1	0.0
2024-05-28		FBbt_20001885	VFB_00101567	1	1	0.0
2024-05-28		VFB_00023364		3	1	0.0
2024-05-28		VFB_00023364	VFB_00101567	3	1	0.0
2024-05-28		VFB_00024294		4	1	10.0
2024-05-28		VFB_00024294	VFB_00101567	4	1	0.0
2024-05-28		VFB_00025073		4	1	17.0
2024-05-28		VFB_00025073	VFB_00101567	4	1	0.0
2024-05-28		VFB_00026976		4	1	15.0
2024-05-28		VFB_00026976	VFB_00101567	4	1	0.0
2024-05-28		VFB_00028555		4	1	13.0
2024-05-28		VFB_00028555	VFB_00101567	4	1	0.0
2024-05-28		VFB_00037287		4	1	43.0
2024-05-28		VFB_00037287	VFB_00101567	4	1	0.0
2024-05-28		VFB_00040245		4	1	13.0
2024-05-28		VFB_00040245	VFB_00101567	4	1	0.0
2024-05-28		VFB_00041587		4	1	6.0
2024-05-28		VFB_00041587	VFB_00101567	4	1	0.0
2024-05-28		VFB_00042270		6	1	90.0
2024-05-28		VFB_00042270	VFB_00101567	6	1	0.0
2024-05-28		VFB_00043914		4	1	10.0
2024-05-28		VFB_00043914	VFB_00101567	4	1	0.0
2024-05-28		VFB_00046712		4	1	14.0
2024-05-28		VFB_00046712	VFB_00101567	4	1	0.0
2024-05-28		VFB_00047355		4	1	13.0
2024-05-28		VFB_00047355	VFB_00101567	4	1	0.0
2024-05-28		VFB_00048165		2	1	23.0
2024-05-28		VFB_00048165	VFB_00101567	2	1	0.0
2024-05-28		VFB_00063317		11	1	11.0
2024-05-28		VFB_00063317	VFB_00101567	11	3	0.0
2024-05-28		VFB_00063524		2	1	1.0
2024-05-28		VFB_00063524	VFB_00101567	2	1	0.0
2024-05-28		VFB_00064077		1	1	0.0
2024-05-28		VFB_00064077	VFB_00101567	1	1	0.0
2024-05-28		VFB_00064109		1	1	0.0
2024-05-28		VFB_00064109	VFB_00101567	1	1	0.0
2024-05-28		VFB_00064655		1	1	0.0
2024-05-28		VFB_00064655	VFB_00101567	1	1	0.0
2024-05-28		VFB_00064693		1	1	0.0
2024-05-28		VFB_00064693	VFB_00101567	1	1	0.0
2024-05-28		VFB_00065059		1	1	0.0
2024-05-28		VFB_00065059	VFB_00101567	1	1	0.0
2024-05-28		VFB_00065304		1	1	0.0
2024-05-28		VFB_00065304	VFB_00101567	1	1	0.0
2024-05-28		VFB_00065776		1	1	0.0
2024-05-28		VFB_00065776	VFB_00101567	1	1	0.0
2024-05-28		VFB_00066300		2	1	0.0
2024-05-28		VFB_00066300	VFB_00100000	2	1	0.0
2024-05-28		VFB_00066455		1	1	0.0
2024-05-28		VFB_00066455	VFB_00101567	1	1	0.0
2024-05-28		VFB_00066564		1	1	0.0
2024-05-28		VFB_00066564	VFB_00101567	1	1	0.0
2024-05-28		VFB_00066688		1	1	0.0
2024-05-28		VFB_00066688	VFB_00101567	1	1	0.0
2024-05-28		VFB_00066855		1	1	0.0
2024-05-28		VFB_00066855	VFB_00101567	1	1	0.0
2024-05-28		VFB_00067241		1	1	0.0
2024-05-28		VFB_00067241	VFB_00101567	1	1	0.0
2024-05-28		VFB_00067541		1	1	0.0
2024-05-28		VFB_00067541	VFB_00101567	1	1	0.0
2024-05-28		VFB_00067677		2	1	0.0
2024-05-28		VFB_00067677	VFB_00101567	2	1	0.0
2024-05-28		VFB_00067887		1	1	0.0
2024-05-28		VFB_00067887	VFB_00101567	1	1	0.0
2024-05-28		VFB_00068047		1	1	0.0
2024-05-28		VFB_00068047	VFB_00101567	1	1	0.0
2024-05-28		VFB_00068382		1	1	0.0
2024-05-28		VFB_00068382	VFB_00101567	1	1	0.0
2024-05-28		VFB_00068701		1	1	0.0
2024-05-28		VFB_00068701	VFB_00101567	1	1	0.0
2024-05-28		VFB_00100000		1	1	2.0
2024-05-28		VFB_00100000	VFB_00100000	1	1	0.0
2024-05-28		VFB_00100w41		8	1	20.0
2024-05-28		VFB_00100w41	VFB_00101567	8	2	0.0
2024-05-28		VFB_00100ww0		7	1	31.0
2024-05-28		VFB_00100ww0	VFB_00101567	2	1	0.0
2024-05-28		VFB_00100wx0		24	1	0.0
2024-05-28		VFB_00100wx0	VFB_00101567	24	1	0.0
2024-05-28		VFB_00100xzt		4	1	21.0
2024-05-28		VFB_00100xzt	VFB_00101567	4	1	0.0
2024-05-28		VFB_00100yk2		3	1	3.0
2024-05-28		VFB_00100yk2	VFB_00101567	3	2	0.0
2024-05-28		VFB_001011p1		5	1	26.0
2024-05-28		VFB_001011p1	VFB_00101567	5	2	0.0
2024-05-28		VFB_00101215		3	1	5.0
2024-05-28		VFB_00101215	VFB_00101567	3	1	0.0
2024-05-28		VFB_00101234		2	1	2.0
2024-05-28		VFB_00101234	VFB_00101567	2	1	0.0
2024-05-28		VFB_0010125b		2	1	0.0
2024-05-28		VFB_0010125b	VFB_00101567	2	1	0.0
2024-05-28		VFB_001012qa		24	1	0.0
2024-05-28		VFB_001012qa	VFB_00101567	24	1	0.0
2024-05-28		VFB_00101567		131	21	261.0
2024-05-28		VFB_00101567	VFB_00101567	156	30	0.0
2024-05-28		VFB_0010159v		2	1	1.0
2024-05-28		VFB_0010159v	VFB_00050000	1	1	0.0
2024-05-28		VFB_0010159v	VFB_00101567	1	1	0.0
2024-05-28		VFB_001015dd		2	1	0.0
2024-05-28		VFB_001015dd	VFB_00050000	1	1	0.0
2024-05-28		VFB_001015dd	VFB_00101567	1	1	0.0
2024-05-28		VFB_00101y85		4	1	3.0
2024-05-28		VFB_00101y85	VFB_00101567	4	2	0.0
2024-05-28		VFB_00102139		1	1	0.0
2024-05-28		VFB_00102139	VFB_00101567	1	1	0.0
2024-05-28		VFB_00102174		6	2	0.0
2024-05-28		VFB_00102174	VFB_00101567	7	3	0.0
2024-05-28		VFB_00102271		24	2	20.0
2024-05-28		VFB_00102271	VFB_00101567	20	3	0.0
2024-05-28		VFB_00102274		7	3	0.0
2024-05-28		VFB_00102274	VFB_00101567	7	3	0.0
2024-05-28		VFB_00102275		6	3	0.0
2024-05-28		VFB_00102275	VFB_00101567	6	4	0.0
2024-05-28		VFB_00102280		17	3	3.0
2024-05-28		VFB_00102280	VFB_00101567	17	5	0.0
2024-05-28		VFB_00102281		3	1	0.0
2024-05-28		VFB_00102281	VFB_00101567	2	2	0.0
2024-05-28		VFB_jrchjrd0		2	1	44.0
2024-05-28		VFB_jrchjrd0	VFB_00101384	1	1	0.0
2024-05-28		VFB_jrchju6m		1	1	0.0
2024-05-28		VFB_jrchju6m	VFB_00101567	1	1	0.0
2024-05-28		VFB_jrchju6u		5	2	113.0
2024-05-28		VFB_jrchju6u	VFB_00101567	5	3	0.0
2024-05-28		VFB_jrchjz5i		1	1	4.0
2024-05-28		VFB_jrchjz5i	VFB_00101567	1	1	0.0
2024-05-28		VFB_jrchk3hd		2	1	1.0
2024-05-28		VFB_jrchk3hd	VFB_00101567	7	1	0.0
2024-05-28		VFB_jrchk47r		1	1	2.0
2024-05-28		VFB_jrchk47r	VFB_00101384	1	1	0.0
2024-05-28		VFB_jrchk7fb		3	1	0.0
2024-05-28		VFB_jrchk7fb	VFB_00101567	3	2	0.0
2024-05-28		VFB_jrchk7fc		4	1	0.0
2024-05-28		VFB_jrchk7fc	VFB_00101567	4	2	0.0
2024-05-28		VFBexp_FBtp0057		3	3	0.0
2024-05-28		VFBexp_FBtp0057	VFB_00101567	3	3	0.0
2024-05-28		VFBexp_FBtp0058		8	7	0.0
2024-05-28		VFBexp_FBtp0058	VFB_00101567	8	7	0.0
2024-05-28		VFBexp_FBtp0059		6	6	0.0
2024-05-28		VFBexp_FBtp0059	VFB_00101567	6	6	0.0
2024-05-28		VFBexp_FBtp0060		6	6	0.0
2024-05-28		VFBexp_FBtp0060	VFB_00101567	6	6	0.0
2024-05-28		VFBexp_FBtp0061		6	6	0.0
2024-05-28		VFBexp_FBtp0061	VFB_00101567	6	6	0.0
2024-05-28		VFBexp_FBtp0062		4	4	0.0
2024-05-28		VFBexp_FBtp0062	VFB_00101567	4	4	0.0
2024-05-28		VFBexp_FBtp0063		11	10	0.0
2024-05-28		VFBexp_FBtp0063	VFB_00101567	11	10	0.0
2024-05-28		VFBexp_FBtp0064		1	1	0.0
2024-05-28		VFBexp_FBtp0064	VFB_00101567	1	1	0.0
2024-05-28		VFBexp_FBtp0099		6	4	0.0
2024-05-28		VFBexp_FBtp0099	VFB_00101567	6	4	0.0
2024-05-28		VFBexp_FBtp0100		2	2	0.0
2024-05-28		VFBexp_FBtp0100	VFB_00101567	2	2	0.0
2024-05-28		VFBexp_FBtp0101		2	2	0.0
2024-05-28		VFBexp_FBtp0101	VFB_00101567	2	2	0.0
2024-05-28		VFBexp_FBtp0102		4	4	0.0
2024-05-28		VFBexp_FBtp0102	VFB_00101567	4	4	0.0
2024-05-28		VFBexp_FBtp0103		5	5	0.0
2024-05-28		VFBexp_FBtp0103	VFB_00100000	1	1	0.0
2024-05-28		VFBexp_FBtp0103	VFB_00101567	4	4	0.0
2024-05-28		VFBexp_FBtp0104		6	6	0.0
2024-05-28		VFBexp_FBtp0104	VFB_00101567	6	6	0.0
2024-05-28		VFBexp_FBtp0105		5	5	0.0
2024-05-28		VFBexp_FBtp0105	VFB_00101567	5	5	0.0
2024-05-28		VFBexp_FBtp0106		3	3	0.0
2024-05-28		VFBexp_FBtp0106	VFB_00101567	3	3	0.0
2024-05-28		VFBexp_FBtp0107		3	2	0.0
2024-05-28		VFBexp_FBtp0107	VFB_00101567	3	3	0.0
2024-05-28		VFBexp_FBtp0118		1	1	0.0
2024-05-28		VFBexp_FBtp0118	VFB_00101567	1	1	0.0
2024-05-28	v2.virtualflybrain.org	FBbt_00003624	VFB_00101567	0	1	35.0
2024-05-28	v2.virtualflybrain.org	FBbt_00003632	VFB_00101567	0	1	0.0
2024-05-28	v2.virtualflybrain.org	FBbt_00003678	VFB_00101567	1	4	101.0
2024-05-28	v2.virtualflybrain.org	FBbt_00003679	VFB_00101384	0	1	11.0
2024-05-28	v2.virtualflybrain.org	FBbt_00003679	VFB_00101567	0	1	18.0
2024-05-28	v2.virtualflybrain.org	FBbt_00003681	VFB_00101567	0	2	46.0
2024-05-28	v2.virtualflybrain.org	FBbt_00003682	VFB_00101567	1	1	0.0
2024-05-28	v2.virtualflybrain.org	FBbt_00003684	VFB_00101567	0	1	1.0
2024-05-28	v2.virtualflybrain.org	FBbt_00003982	VFB_00101567	0	1	10.0
2024-05-28	v2.virtualflybrain.org	FBbt_00007055	VFB_00101567	0	3	18.0
2024-05-28	v2.virtualflybrain.org	FBbt_00007146	VFB_00101567	0	2	3.0
2024-05-28	v2.virtualflybrain.org	FBbt_00007401	VFB_00101567	6	3	26.0
2024-05-28	v2.virtualflybrain.org	FBbt_00013695	VFB_00101567	0	1	0.0
2024-05-28	v2.virtualflybrain.org	FBbt_00014013	VFB_00101567	1	8	19.0
2024-05-28	v2.virtualflybrain.org	FBbt_00040001	VFB_00101567	0	1	0.0
2024-05-28	v2.virtualflybrain.org	FBbt_00040002	VFB_00101567	0	1	1.0
2024-05-28	v2.virtualflybrain.org	FBbt_00040037	VFB_00101567	0	1	2.0
2024-05-28	v2.virtualflybrain.org	FBbt_00040042	VFB_00101567	3	2	3.0
2024-05-28	v2.virtualflybrain.org	FBbt_00040043	VFB_00101567	0	1	0.0
2024-05-28	v2.virtualflybrain.org	FBbt_00045027	VFB_00101567	0	1	82.0
2024-05-28	v2.virtualflybrain.org	FBbt_00045030	VFB_00101567	0	4	32.0
2024-05-28	v2.virtualflybrain.org	FBbt_00045037	VFB_00101567	0	1	0.0
2024-05-28	v2.virtualflybrain.org	FBbt_00045039	VFB_00101567	0	2	503.0
2024-05-28	v2.virtualflybrain.org	FBbt_00045048	VFB_00101567	1	4	18.0
2024-05-28	v2.virtualflybrain.org	FBbt_00045050	VFB_00101567	0	2	44.0
2024-05-28	v2.virtualflybrain.org	FBbt_00045051	VFB_00101567	0	1	5.0
2024-05-28	v2.virtualflybrain.org	FBbt_00047572	VFB_00101567	9	1	1.0
2024-05-28	v2.virtualflybrain.org	FBbt_00047887	VFB_00101567	0	1	14.0
2024-05-28	v2.virtualflybrain.org	FBbt_00049767	VFB_00101567	0	1	37.0
2024-05-28	v2.virtualflybrain.org	FBbt_00067367	VFB_00101567	0	1	75.0
2024-05-28	v2.virtualflybrain.org	FBbt_00110636	VFB_00101567	0	2	0.0
2024-05-28	v2.virtualflybrain.org	FBbt_00110638	VFB_00101567	0	1	1.0
2024-05-28	v2.virtualflybrain.org	FBbt_00110639	VFB_00101567	0	1	2.0
2024-05-28	v2.virtualflybrain.org	FBbt_00110657	VFB_00101567	0	1	4.0
2024-05-28	v2.virtualflybrain.org	FBbt_00110658	VFB_00101567	0	2	13.0
2024-05-28	v2.virtualflybrain.org	FBbt_00111207	VFB_00101384	0	2	0.0
2024-05-28	v2.virtualflybrain.org	FBbt_20000000	VFB_00101384	0	1	0.0
2024-05-28	v2.virtualflybrain.org	FBbt_20007269	VFB_00101567	1	2	278.0
2024-05-28	v2.virtualflybrain.org	GO_0034038		1	1	5.0
2024-05-28	v2.virtualflybrain.org	VFB_00022769		1	1	17.0
2024-05-28	v2.virtualflybrain.org	VFB_00023364	VFB_00101567	4	1	0.0
2024-05-28	v2.virtualflybrain.org	VFB_00024294	VFB_00101567	0	1	0.0
2024-05-28	v2.virtualflybrain.org	VFB_00025073	VFB_00101567	0	1	0.0
2024-05-28	v2.virtualflybrain.org	VFB_00026976	VFB_00101567	0	1	0.0
2024-05-28	v2.virtualflybrain.org	VFB_00028555	VFB_00101567	0	1	0.0
2024-05-28	v2.virtualflybrain.org	VFB_00037287	VFB_00101567	0	1	0.0
2024-05-28	v2.virtualflybrain.org	VFB_00040245	VFB_00101567	0	1	0.0
2024-05-28	v2.virtualflybrain.org	VFB_00041587	VFB_00101567	0	1	0.0
2024-05-28	v2.virtualflybrain.org	VFB_00042270	VFB_00101567	0	2	0.0
2024-05-28	v2.virtualflybrain.org	VFB_00043914	VFB_00101567	0	1	0.0
2024-05-28	v2.virtualflybrain.org	VFB_00046712	VFB_00101567	0	1	0.0
2024-05-28	v2.virtualflybrain.org	VFB_00047355	VFB_00101567	0	1	0.0
2024-05-28	v2.virtualflybrain.org	VFB_00048165	VFB_00101567	0	1	0.0
2024-05-28	v2.virtualflybrain.org	VFB_00063317	VFB_00101567	0	4	26.0
2024-05-28	v2.virtualflybrain.org	VFB_00063524	VFB_00101567	0	1	14.0
2024-05-28	v2.virtualflybrain.org	VFB_00064077	VFB_00101567	0	1	4.0
2024-05-28	v2.virtualflybrain.org	VFB_00064109	VFB_00101567	0	1	10.0
2024-05-28	v2.virtualflybrain.org	VFB_00064655	VFB_00101567	0	1	0.0
2024-05-28	v2.virtualflybrain.org	VFB_00064693	VFB_00101567	0	1	49.0
2024-05-28	v2.virtualflybrain.org	VFB_00065059	VFB_00101567	0	1	5.0
2024-05-28	v2.virtualflybrain.org	VFB_00065304	VFB_00101567	0	1	28.0
2024-05-28	v2.virtualflybrain.org	VFB_00065776	VFB_00101567	0	1	7.0
2024-05-28	v2.virtualflybrain.org	VFB_00066300		1	1	0.0
2024-05-28	v2.virtualflybrain.org	VFB_00066455	VFB_00101567	0	1	15.0
2024-05-28	v2.virtualflybrain.org	VFB_00066564	VFB_00101567	0	1	12.0
2024-05-28	v2.virtualflybrain.org	VFB_00066688	VFB_00101567	0	1	7.0
2024-05-28	v2.virtualflybrain.org	VFB_00066855	VFB_00101567	0	1	5.0
2024-05-28	v2.virtualflybrain.org	VFB_00067241	VFB_00101567	0	1	0.0
2024-05-28	v2.virtualflybrain.org	VFB_00067541	VFB_00101567	0	1	11.0
2024-05-28	v2.virtualflybrain.org	VFB_00067677	VFB_00101567	0	2	12.0
2024-05-28	v2.virtualflybrain.org	VFB_00067887	VFB_00101567	0	1	14.0
2024-05-28	v2.virtualflybrain.org	VFB_00068047	VFB_00101567	0	1	8.0
2024-05-28	v2.virtualflybrain.org	VFB_00068382	VFB_00101567	1	1	9.0
2024-05-28	v2.virtualflybrain.org	VFB_00068701	VFB_00101567	0	1	17.0
2024-05-28	v2.virtualflybrain.org	VFB_00100w41	VFB_00101567	1	2	15.0
2024-05-28	v2.virtualflybrain.org	VFB_00100ww0	VFB_00101567	0	1	197.0
2024-05-28	v2.virtualflybrain.org	VFB_00100wx0	VFB_00101567	24	1	0.0
2024-05-28	v2.virtualflybrain.org	VFB_00100xzt	VFB_00101567	0	1	0.0
2024-05-28	v2.virtualflybrain.org	VFB_00100yk2	VFB_00101567	1	2	22.0
2024-05-28	v2.virtualflybrain.org	VFB_001011p1	VFB_00101567	0	2	285.0
2024-05-28	v2.virtualflybrain.org	VFB_00101215	VFB_00101567	2	1	56.0
2024-05-28	v2.virtualflybrain.org	VFB_00101234	VFB_00101567	0	1	37.0
2024-05-28	v2.virtualflybrain.org	VFB_0010125b	VFB_00101567	0	1	161.0
2024-05-28	v2.virtualflybrain.org	VFB_001012qa	VFB_00101567	24	1	0.0
2024-05-28	v2.virtualflybrain.org	VFB_00101567	VFB_00101567	88	61	731.0
2024-05-28	v2.virtualflybrain.org	VFB_0010159v	VFB_00050000	1	3	65.0
2024-05-28	v2.virtualflybrain.org	VFB_0010159v	VFB_00101567	0	2	38.0
2024-05-28	v2.virtualflybrain.org	VFB_001015dd	VFB_00050000	1	2	0.0
2024-05-28	v2.virtualflybrain.org	VFB_001015dd	VFB_00101567	0	1	9.0
2024-05-28	v2.virtualflybrain.org	VFB_00101y85	VFB_00101567	1	2	28.0
2024-05-28	v2.virtualflybrain.org	VFB_00102139	VFB_00101567	0	1	11.0
2024-05-28	v2.virtualflybrain.org	VFB_00102174	VFB_00101567	0	4	6.0
2024-05-28	v2.virtualflybrain.org	VFB_00102271	VFB_00101567	0	4	0.0
2024-05-28	v2.virtualflybrain.org	VFB_00102274	VFB_00101567	2	2	0.0
2024-05-28	v2.virtualflybrain.org	VFB_00102275	VFB_00101567	0	2	70.0
2024-05-28	v2.virtualflybrain.org	VFB_00102280	VFB_00101567	5	5	5.0
2024-05-28	v2.virtualflybrain.org	VFB_00102281	VFB_00101567	0	2	7.0
2024-05-28	v2.virtualflybrain.org	VFB_jrchju6m	VFB_00101567	0	1	20.0
2024-05-28	v2.virtualflybrain.org	VFB_jrchju6u	VFB_00101567	0	3	105.0
2024-05-28	v2.virtualflybrain.org	VFB_jrchjz5i	VFB_00101567	1	1	0.0
2024-05-28	v2.virtualflybrain.org	VFB_jrchk47r	VFB_00101384	0	1	2.0
2024-05-28	v2.virtualflybrain.org	VFB_jrchk47r	VFB_jrchk47r	1	2	1.0
2024-05-28	v2.virtualflybrain.org	VFB_jrchk7fb	VFB_00101567	2	3	0.0
2024-05-28	v2.virtualflybrain.org	VFB_jrchk7fc	VFB_00101567	3	2	0.0
2024-05-28	v2.virtualflybrain.org	VFBexp_FBtp0057	VFB_00101567	0	3	32.0
2024-05-28	v2.virtualflybrain.org	VFBexp_FBtp0058		2	2	1.0
2024-05-28	v2.virtualflybrain.org	VFBexp_FBtp0058	VFB_00101567	0	6	75.0
2024-05-28	v2.virtualflybrain.org	VFBexp_FBtp0059	VFB_00101567	0	6	57.0
2024-05-28	v2.virtualflybrain.org	VFBexp_FBtp0060		1	1	0.0
2024-05-28	v2.virtualflybrain.org	VFBexp_FBtp0060	VFB_00101567	0	5	103.0
2024-05-28	v2.virtualflybrain.org	VFBexp_FBtp0061	VFB_00101567	0	6	101.0
2024-05-28	v2.virtualflybrain.org	VFBexp_FBtp0062	VFB_00101567	0	5	37.0
2024-05-28	v2.virtualflybrain.org	VFBexp_FBtp0063	VFB_00101567	1	11	207.0
2024-05-28	v2.virtualflybrain.org	VFBexp_FBtp0064	VFB_00101567	0	1	18.0
2024-05-28	v2.virtualflybrain.org	VFBexp_FBtp0099		4	2	2.0
2024-05-28	v2.virtualflybrain.org	VFBexp_FBtp0099	VFB_00101567	0	3	65.0
2024-05-28	v2.virtualflybrain.org	VFBexp_FBtp0100	VFB_00101567	0	2	11.0
2024-05-28	v2.virtualflybrain.org	VFBexp_FBtp0101	VFB_00101567	0	2	17.0
2024-05-28	v2.virtualflybrain.org	VFBexp_FBtp0102	VFB_00101567	0	4	63.0
2024-05-28	v2.virtualflybrain.org	VFBexp_FBtp0103	VFB_00100000	0	2	31.0
2024-05-28	v2.virtualflybrain.org	VFBexp_FBtp0103	VFB_00101567	0	4	47.0
2024-05-28	v2.virtualflybrain.org	VFBexp_FBtp0104	VFB_00101567	1	6	90.0
2024-05-28	v2.virtualflybrain.org	VFBexp_FBtp0105	VFB_00101567	0	5	43.0
2024-05-28	v2.virtualflybrain.org	VFBexp_FBtp0106	VFB_00101567	0	3	64.0
2024-05-28	v2.virtualflybrain.org	VFBexp_FBtp0107	VFB_00101567	0	3	56.0
2024-05-28	v2.virtualflybrain.org	VFBexp_FBtp0118	VFB_00101567	0	1	27.0
2024-05-29		FBbt_00003559		1	1	0.0
2024-05-29		FBbt_00003559	VFB_00101567	1	1	0.0
2024-05-29		FBbt_00003624		3	2	4.0
2024-05-29		FBbt_00003624	VFB_00101567	4	2	0.0
2024-05-29		FBbt_00003678		1	1	0.0
2024-05-29		FBbt_00003678	VFB_00101567	1	1	0.0
2024-05-29		FBbt_00003679		4	1	0.0
2024-05-29		FBbt_00003679	VFB_00101567	6	2	0.0
2024-05-29		FBbt_00003681		3	2	0.0
2024-05-29		FBbt_00003681	VFB_00101567	3	2	0.0
2024-05-29		FBbt_00003682		3	1	0.0
2024-05-29		FBbt_00003682	VFB_00101567	3	1	0.0
2024-05-29		FBbt_00003748		13	4	0.0
2024-05-29		FBbt_00003748	VFB_00101567	13	6	0.0
2024-05-29		FBbt_00003982		1	1	0.0
2024-05-29		FBbt_00003982	VFB_00101567	1	1	0.0
2024-05-29		FBbt_00007054		3	2	0.0
2024-05-29		FBbt_00007054	VFB_00101567	3	3	0.0
2024-05-29		FBbt_00007428		1	1	0.0
2024-05-29		FBbt_00007428	VFB_00101567	1	1	0.0
2024-05-29		FBbt_00007453		2	1	0.0
2024-05-29		FBbt_00007453	VFB_00101567	2	2	0.0
2024-05-29		FBbt_00014013		2	1	0.0
2024-05-29		FBbt_00014013	VFB_00101567	2	1	0.0
2024-05-29		FBbt_00040041		2	2	1.0
2024-05-29		FBbt_00040041	VFB_00101567	2	2	0.0
2024-05-29		FBbt_00040042		2	2	0.0
2024-05-29		FBbt_00040042	VFB_00101567	2	2	0.0
2024-05-29		FBbt_00045048		12	5	0.0
2024-05-29		FBbt_00045048	VFB_00101567	12	6	0.0
2024-05-29		FBbt_00047572		11	1	0.0
2024-05-29		FBbt_00047572	VFB_00101567	11	1	0.0
2024-05-29		FBbt_00047887		6	2	0.0
2024-05-29		FBbt_00047887	VFB_00101567	6	2	0.0
2024-05-29		FBbt_00049604		1	1	0.0
2024-05-29		FBbt_00049604	VFB_00101567	1	1	0.0
2024-05-29		FBbt_00051393		2	1	0.0
2024-05-29		FBbt_00051393	VFB_00101567	2	1	0.0
2024-05-29		FBbt_00059271		1	1	0.0
2024-05-29		FBbt_00059271	VFB_00101567	1	1	0.0
2024-05-29		FBbt_00100706		1	1	0.0
2024-05-29		FBbt_00100706	VFB_00101567	1	1	0.0
2024-05-29		FBbt_00110636		1	1	0.0
2024-05-29		FBbt_00110636	VFB_00101567	1	1	0.0
2024-05-29		FBbt_00110639		2	1	0.0
2024-05-29		FBbt_00110639	VFB_00101567	2	1	0.0
2024-05-29		FBbt_00111012		1	1	0.0
2024-05-29		FBbt_00111012	VFB_00101567	1	1	0.0
2024-05-29		FBbt_20001016		1	1	0.0
2024-05-29		FBbt_20001016	VFB_00101567	1	1	0.0
2024-05-29		VFB_00024514		3	1	88.0
2024-05-29		VFB_00024514	VFB_00101567	3	1	0.0
2024-05-29		VFB_00025919		2	1	14.0
2024-05-29		VFB_00025919	VFB_00101567	2	1	0.0
2024-05-29		VFB_00030786		1	1	1.0
2024-05-29		VFB_00030786	VFB_00030786	2	2	22.0
2024-05-29		VFB_00030870		4	1	8.0
2024-05-29		VFB_00030870	VFB_00017894	3	1	0.0
2024-05-29		VFB_00030870	VFB_00101567	1	1	0.0
2024-05-29		VFB_00039017		2	1	18.0
2024-05-29		VFB_00039017	VFB_00101567	2	1	0.0
2024-05-29		VFB_00040895		3	1	17.0
2024-05-29		VFB_00040895	VFB_00101567	3	1	0.0
2024-05-29		VFB_00063373		2	1	12.0
2024-05-29		VFB_00063373	VFB_00101567	2	1	0.0
2024-05-29		VFB_00063642		2	1	11.0
2024-05-29		VFB_00063642	VFB_00101567	2	1	0.0
2024-05-29		VFB_00064307		2	1	2.0
2024-05-29		VFB_00064307	VFB_00101567	2	1	0.0
2024-05-29		VFB_00064516		2	1	1.0
2024-05-29		VFB_00064516	VFB_00101567	2	1	0.0
2024-05-29		VFB_00064607		2	1	1.0
2024-05-29		VFB_00064607	VFB_00101567	2	1	0.0
2024-05-29		VFB_00064764		7	1	18.0
2024-05-29		VFB_00064764	VFB_00101567	7	1	0.0
2024-05-29		VFB_00064778		2	1	16.0
2024-05-29		VFB_00064778	VFB_00101567	2	1	0.0
2024-05-29		VFB_00065176		2	1	1.0
2024-05-29		VFB_00065176	VFB_00101567	2	1	0.0
2024-05-29		VFB_00065390		2	1	1.0
2024-05-29		VFB_00065390	VFB_00101567	2	1	0.0
2024-05-29		VFB_00065864		2	1	16.0
2024-05-29		VFB_00065864	VFB_00101567	2	1	0.0
2024-05-29		VFB_00067881		2	1	1.0
2024-05-29		VFB_00067881	VFB_00101567	2	1	0.0
2024-05-29		VFB_00068019		2	1	11.0
2024-05-29		VFB_00068019	VFB_00101567	2	1	0.0
2024-05-29		VFB_00068124		2	1	2.0
2024-05-29		VFB_00068124	VFB_00101567	2	1	0.0
2024-05-29		VFB_00068683		2	1	1.0
2024-05-29		VFB_00068683	VFB_00101567	2	1	0.0
2024-05-29		VFB_00068749		2	1	16.0
2024-05-29		VFB_00068749	VFB_00101567	2	1	0.0
2024-05-29		VFB_00100193		2	1	1.0
2024-05-29		VFB_00100193	VFB_00050000	1	1	0.0
2024-05-29		VFB_00100193	VFB_00101567	1	1	0.0
2024-05-29		VFB_00100gfp		3	1	2.0
2024-05-29		VFB_00100gfp	VFB_00017894	2	1	0.0
2024-05-29		VFB_00100gfp	VFB_00200000	1	1	0.0
2024-05-29		VFB_00100wx0		24	1	0.0
2024-05-29		VFB_00100wx0	VFB_00101567	24	1	0.0
2024-05-29		VFB_00101295		3	1	0.0
2024-05-29		VFB_00101295	VFB_00101567	3	2	0.0
2024-05-29		VFB_001012oc		1	1	4.0
2024-05-29		VFB_001012oc	VFB_00101567	1	1	0.0
2024-05-29		VFB_001012qa		24	1	0.0
2024-05-29		VFB_001012qa	VFB_00101567	24	1	0.0
2024-05-29		VFB_00101383		5	1	74.0
2024-05-29		VFB_00101383	VFB_00101567	5	1	0.0
2024-05-29		VFB_0010141q		3	1	10.0
2024-05-29		VFB_0010141q	VFB_00101567	3	2	0.0
2024-05-29		VFB_001014uq		7	1	24.0
2024-05-29		VFB_001014uq	VFB_00101567	6	1	0.0
2024-05-29		VFB_001014uq	VFB_00110000	1	1	0.0
2024-05-29		VFB_00101567		129	30	227.0
2024-05-29		VFB_00101567	VFB_00101567	159	37	9.0
2024-05-29		VFB_00101vcc		4	1	3.0
2024-05-29		VFB_00101vcc	VFB_00101567	4	1	0.0
2024-05-29		VFB_00102107		6	2	11.0
2024-05-29		VFB_00102107	VFB_00101567	6	4	0.0
2024-05-29		VFB_00102134		5	1	18.0
2024-05-29		VFB_00102134	VFB_00101567	3	2	0.0
2024-05-29		VFB_00102139		1	1	4.0
2024-05-29		VFB_00102139	VFB_00101567	1	1	0.0
2024-05-29		VFB_00102271		4	2	10.0
2024-05-29		VFB_00102271	VFB_00101567	4	3	0.0
2024-05-29		VFB_00102273		1	1	0.0
2024-05-29		VFB_00102273	VFB_00101567	1	1	0.0
2024-05-29		VFB_00102280		5	1	0.0
2024-05-29		VFB_00102280	VFB_00101567	5	1	0.0
2024-05-29		VFB_jrchjt13		20	1	5.0
2024-05-29		VFB_jrchjt13	VFB_00101567	20	2	0.0
2024-05-29		VFB_jrchjtej		3	1	6.0
2024-05-29		VFB_jrchjtej	VFB_00101567	3	1	0.0
2024-05-29		VFB_jrchjtjw		4	1	3.0
2024-05-29		VFB_jrchjtjw	VFB_00101567	4	1	0.0
2024-05-29		VFB_jrchjtst		2	1	3.0
2024-05-29		VFB_jrchjtst	VFB_00101567	2	1	0.0
2024-05-29		VFB_jrchju3s		10	1	3.0
2024-05-29		VFB_jrchju3s	VFB_00101567	10	1	0.0
2024-05-29		VFB_jrchjz8a		4	1	2.0
2024-05-29		VFB_jrchjz8a	VFB_00101567	4	2	0.0
2024-05-29		VFB_jrchk3aa		2	1	1.0
2024-05-29		VFB_jrchk3aa	VFB_00101567	2	1	0.0
2024-05-29		VFB_jrchk3hg		2	1	1.0
2024-05-29		VFB_jrchk3hg	VFB_00101567	2	1	0.0
2024-05-29		VFB_jrchk3hm		2	1	1.0
2024-05-29		VFB_jrchk3hm	VFB_00101567	2	1	0.0
2024-05-29		VFB_jrchk7j9		10	1	21.0
2024-05-29		VFB_jrchk7j9	VFB_00101567	10	1	0.0
2024-05-29		VFB_jrchk8e1		1	1	17.0
2024-05-29		VFB_jrchk8e1	VFB_00101567	1	1	0.0
2024-05-29		VFB_jrcv3jtu		1	1	0.0
2024-05-29		VFB_jrcv3jtu	VFB_00200000	1	1	0.0
2024-05-29		VFBexp_FBti0216		1	1	0.0
2024-05-29		VFBexp_FBti0216	VFB_00101567	1	1	0.0
2024-05-29		VFBexp_FBtp0015		1	1	0.0
2024-05-29		VFBexp_FBtp0015	VFB_00200000	1	1	0.0
2024-05-29		VFBexp_FBtp0057		3	3	0.0
2024-05-29		VFBexp_FBtp0057	VFB_00101567	3	3	0.0
2024-05-29		VFBexp_FBtp0058		1	1	0.0
2024-05-29		VFBexp_FBtp0058	VFB_00101567	1	1	0.0
2024-05-29		VFBexp_FBtp0059		6	6	0.0
2024-05-29		VFBexp_FBtp0059	VFB_00101567	6	6	0.0
2024-05-29		VFBexp_FBtp0060		2	2	0.0
2024-05-29		VFBexp_FBtp0060	VFB_00101567	2	2	0.0
2024-05-29		VFBexp_FBtp0062		3	3	0.0
2024-05-29		VFBexp_FBtp0062	VFB_00101567	3	3	0.0
2024-05-29		VFBexp_FBtp0063		2	2	0.0
2024-05-29		VFBexp_FBtp0063	VFB_00101567	2	2	0.0
2024-05-29		VFBexp_FBtp0064		2	2	0.0
2024-05-29		VFBexp_FBtp0064	VFB_00101567	2	2	0.0
2024-05-29		VFBexp_FBtp0099		2	2	0.0
2024-05-29		VFBexp_FBtp0099	VFB_00101567	2	2	0.0
2024-05-29		VFBexp_FBtp0100		4	4	0.0
2024-05-29		VFBexp_FBtp0100	VFB_00101567	4	4	0.0
2024-05-29		VFBexp_FBtp0101		4	4	0.0
2024-05-29		VFBexp_FBtp0101	VFB_00101567	4	4	0.0
2024-05-29		VFBexp_FBtp0102		1	1	0.0
2024-05-29		VFBexp_FBtp0102	VFB_00101567	1	1	0.0
2024-05-29		VFBexp_FBtp0103		1	1	0.0
2024-05-29		VFBexp_FBtp0103	VFB_00101567	1	1	0.0
2024-05-29		VFBexp_FBtp0104		1	1	0.0
2024-05-29		VFBexp_FBtp0104	VFB_00101567	1	1	0.0
2024-05-29		VFBexp_FBtp0105		1	1	0.0
2024-05-29		VFBexp_FBtp0105	VFB_00101567	1	1	0.0
2024-05-29		VFBexp_FBtp0106		1	1	0.0
2024-05-29		VFBexp_FBtp0106	VFB_00101567	1	1	0.0
2024-05-29	v2.virtualflybrain.org	FBbt_00003559	VFB_00101567	0	1	48.0
2024-05-29	v2.virtualflybrain.org	FBbt_00003624	VFB_00101567	0	2	37.0
2024-05-29	v2.virtualflybrain.org	FBbt_00003678	VFB_00101567	2	1	0.0
2024-05-29	v2.virtualflybrain.org	FBbt_00003679	VFB_00101567	0	2	39.0
2024-05-29	v2.virtualflybrain.org	FBbt_00003681	VFB_00101567	0	2	42.0
2024-05-29	v2.virtualflybrain.org	FBbt_00003682	VFB_00101567	3	1	0.0
2024-05-29	v2.virtualflybrain.org	FBbt_00003748	VFB_00101567	0	7	167.0
2024-05-29	v2.virtualflybrain.org	FBbt_00003982	VFB_00101567	0	2	17.0
2024-05-29	v2.virtualflybrain.org	FBbt_00007054	VFB_00101567	0	3	4.0
2024-05-29	v2.virtualflybrain.org	FBbt_00007428	VFB_00101567	0	1	5.0
2024-05-29	v2.virtualflybrain.org	FBbt_00007453	VFB_00101567	0	2	5.0
2024-05-29	v2.virtualflybrain.org	FBbt_00007538	VFB_00101567	1	1	0.0
2024-05-29	v2.virtualflybrain.org	FBbt_00014013	VFB_00101567	0	1	6.0
2024-05-29	v2.virtualflybrain.org	FBbt_00040041	VFB_00101567	0	3	26.0
2024-05-29	v2.virtualflybrain.org	FBbt_00040042	VFB_00101567	0	3	30.0
2024-05-29	v2.virtualflybrain.org	FBbt_00045048	VFB_00101567	0	7	106.0
2024-05-29	v2.virtualflybrain.org	FBbt_00047572	VFB_00101567	11	1	0.0
2024-05-29	v2.virtualflybrain.org	FBbt_00047887	VFB_00101567	1	2	3.0
2024-05-29	v2.virtualflybrain.org	FBbt_00048093	VFB_00101567	0	1	3.0
2024-05-29	v2.virtualflybrain.org	FBbt_00049604	VFB_00101567	0	2	65.0
2024-05-29	v2.virtualflybrain.org	FBbt_00051393	VFB_00101567	1	2	2.0
2024-05-29	v2.virtualflybrain.org	FBbt_00059271	VFB_00101567	0	1	203.0
2024-05-29	v2.virtualflybrain.org	FBbt_00067031	VFB_00101567	0	1	57.0
2024-05-29	v2.virtualflybrain.org	FBbt_00067056	VFB_00101567	0	1	61.0
2024-05-29	v2.virtualflybrain.org	FBbt_00100222	VFB_00101567	0	1	59.0
2024-05-29	v2.virtualflybrain.org	FBbt_00100706	VFB_00101567	0	1	10.0
2024-05-29	v2.virtualflybrain.org	FBbt_00110636	VFB_00101567	0	1	3.0
2024-05-29	v2.virtualflybrain.org	FBbt_00110639	VFB_00101567	0	1	3.0
2024-05-29	v2.virtualflybrain.org	FBbt_00111012	VFB_00101567	0	1	8.0
2024-05-29	v2.virtualflybrain.org	FBbt_20001016	VFB_00101567	0	1	116.0
2024-05-29	v2.virtualflybrain.org	VFB_00024514	VFB_00101567	0	1	23.0
2024-05-29	v2.virtualflybrain.org	VFB_00025919	VFB_00101567	0	1	5.0
2024-05-29	v2.virtualflybrain.org	VFB_00030786	VFB_00030786	1	2	1.0
2024-05-29	v2.virtualflybrain.org	VFB_00030870	VFB_00017894	1	3	0.0
2024-05-29	v2.virtualflybrain.org	VFB_00030870	VFB_00101567	0	1	37.0
2024-05-29	v2.virtualflybrain.org	VFB_00039017	VFB_00101567	0	1	6.0
2024-05-29	v2.virtualflybrain.org	VFB_00040895	VFB_00101567	0	1	7.0
2024-05-29	v2.virtualflybrain.org	VFB_00063373	VFB_00101567	0	1	6.0
2024-05-29	v2.virtualflybrain.org	VFB_00063642	VFB_00101567	0	1	23.0
2024-05-29	v2.virtualflybrain.org	VFB_00064307	VFB_00101567	0	1	5.0
2024-05-29	v2.virtualflybrain.org	VFB_00064516	VFB_00101567	0	1	11.0
2024-05-29	v2.virtualflybrain.org	VFB_00064607	VFB_00101567	0	1	5.0
2024-05-29	v2.virtualflybrain.org	VFB_00064764	VFB_00064764	1	2	2.0
2024-05-29	v2.virtualflybrain.org	VFB_00064764	VFB_00101567	0	1	0.0
2024-05-29	v2.virtualflybrain.org	VFB_00064778	VFB_00101567	0	1	30.0
2024-05-29	v2.virtualflybrain.org	VFB_00065390	VFB_00101567	0	1	10.0
2024-05-29	v2.virtualflybrain.org	VFB_00065864	VFB_00101567	0	1	11.0
2024-05-29	v2.virtualflybrain.org	VFB_00067881	VFB_00101567	0	1	3.0
2024-05-29	v2.virtualflybrain.org	VFB_00068019	VFB_00101567	0	1	11.0
2024-05-29	v2.virtualflybrain.org	VFB_00068124	VFB_00101567	0	1	12.0
2024-05-29	v2.virtualflybrain.org	VFB_00068683	VFB_00101567	0	1	6.0
2024-05-29	v2.virtualflybrain.org	VFB_00068749	VFB_00101567	0	1	14.0
2024-05-29	v2.virtualflybrain.org	VFB_00100193	VFB_00050000	1	3	22.0
2024-05-29	v2.virtualflybrain.org	VFB_00100193	VFB_00101567	0	1	12.0
2024-05-29	v2.virtualflybrain.org	VFB_00100gfp	VFB_00017894	0	2	117.0
2024-05-29	v2.virtualflybrain.org	VFB_00100gfp	VFB_00200000	1	2	0.0
2024-05-29	v2.virtualflybrain.org	VFB_00100w1l	VFB_00100w1l	1	1	8.0
2024-05-29	v2.virtualflybrain.org	VFB_00100wx0	VFB_00101567	24	1	0.0
2024-05-29	v2.virtualflybrain.org	VFB_00101295	VFB_00101567	1	3	0.0
2024-05-29	v2.virtualflybrain.org	VFB_001012oc	VFB_001012oc	1	2	1.0
2024-05-29	v2.virtualflybrain.org	VFB_001012oc	VFB_00101567	0	1	25.0
2024-05-29	v2.virtualflybrain.org	VFB_001012qa	VFB_00101567	24	1	0.0
2024-05-29	v2.virtualflybrain.org	VFB_00101383	VFB_00101567	0	1	23.0
2024-05-29	v2.virtualflybrain.org	VFB_0010141q	VFB_00101567	0	2	39.0
2024-05-29	v2.virtualflybrain.org	VFB_001014uq	VFB_00101567	0	2	8.0
2024-05-29	v2.virtualflybrain.org	VFB_001014uq	VFB_00110000	1	3	2.0
2024-05-29	v2.virtualflybrain.org	VFB_00101567	VFB_00101567	75	50	190.0
2024-05-29	v2.virtualflybrain.org	VFB_00101vcc	VFB_00101567	4	1	0.0
2024-05-29	v2.virtualflybrain.org	VFB_00102107	VFB_00101567	1	4	27.0
2024-05-29	v2.virtualflybrain.org	VFB_00102134	VFB_00101567	0	2	0.0
2024-05-29	v2.virtualflybrain.org	VFB_00102139	VFB_00101567	1	2	20.0
2024-05-29	v2.virtualflybrain.org	VFB_00102271	VFB_00101567	0	3	118.0
2024-05-29	v2.virtualflybrain.org	VFB_00102273	VFB_00101567	0	1	16.0
2024-05-29	v2.virtualflybrain.org	VFB_00102276	VFB_00101567	1	0	0.0
2024-05-29	v2.virtualflybrain.org	VFB_00102280	VFB_00101567	5	1	0.0
2024-05-29	v2.virtualflybrain.org	VFB_00200000	VFB_00200000	0	2	0.0
2024-05-29	v2.virtualflybrain.org	VFB_jrch080q	VFB_00101567	1	1	8.0
2024-05-29	v2.virtualflybrain.org	VFB_jrchjt13	VFB_00101567	17	2	36.0
2024-05-29	v2.virtualflybrain.org	VFB_jrchjtej	VFB_00101567	1	2	14.0
2024-05-29	v2.virtualflybrain.org	VFB_jrchjtjw	VFB_00101567	2	1	4.0
2024-05-29	v2.virtualflybrain.org	VFB_jrchjtst	VFB_00101567	0	1	20.0
2024-05-29	v2.virtualflybrain.org	VFB_jrchjtud	VFB_jrchjtud	1	1	0.0
2024-05-29	v2.virtualflybrain.org	VFB_jrchju3s	VFB_00101567	8	1	0.0
2024-05-29	v2.virtualflybrain.org	VFB_jrchjz8a	VFB_00101567	0	2	319.0
2024-05-29	v2.virtualflybrain.org	VFB_jrchk3aa	VFB_00101567	0	1	30.0
2024-05-29	v2.virtualflybrain.org	VFB_jrchk3hg	VFB_00101567	0	1	75.0
2024-05-29	v2.virtualflybrain.org	VFB_jrchk3hm	VFB_00101567	0	1	67.0
2024-05-29	v2.virtualflybrain.org	VFB_jrchk7fc	VFB_00101567	1	1	0.0
2024-05-29	v2.virtualflybrain.org	VFB_jrchk7j9	VFB_00101567	0	2	469.0
2024-05-29	v2.virtualflybrain.org	VFB_jrchk8e1	VFB_00101567	0	1	24.0
2024-05-29	v2.virtualflybrain.org	VFB_jrcv3jtu	VFB_00200000	1	1	0.0
2024-05-29	v2.virtualflybrain.org	VFBexp_FBti0216		1	1	1.0
2024-05-29	v2.virtualflybrain.org	VFBexp_FBtp0015	VFB_00200000	1	2	365.0
2024-05-29	v2.virtualflybrain.org	VFBexp_FBtp0057		2	2	4.0
2024-05-29	v2.virtualflybrain.org	VFBexp_FBtp0057	VFB_00101567	0	4	98.0
2024-05-29	v2.virtualflybrain.org	VFBexp_FBtp0058	VFB_00101567	0	1	13.0
2024-05-29	v2.virtualflybrain.org	VFBexp_FBtp0059	VFB_00101567	0	5	142.0
2024-05-29	v2.virtualflybrain.org	VFBexp_FBtp0060		1	1	0.0
2024-05-29	v2.virtualflybrain.org	VFBexp_FBtp0060	VFB_00101567	0	2	7.0
2024-05-29	v2.virtualflybrain.org	VFBexp_FBtp0062	VFB_00101567	0	3	28.0
2024-05-29	v2.virtualflybrain.org	VFBexp_FBtp0063	VFB_00101567	0	2	25.0
2024-05-29	v2.virtualflybrain.org	VFBexp_FBtp0064	VFB_00101567	0	1	7.0
2024-05-29	v2.virtualflybrain.org	VFBexp_FBtp0099		1	1	1.0
2024-05-29	v2.virtualflybrain.org	VFBexp_FBtp0099	VFB_00101567	1	2	141.0
2024-05-29	v2.virtualflybrain.org	VFBexp_FBtp0100	VFB_00101567	0	4	49.0
2024-05-29	v2.virtualflybrain.org	VFBexp_FBtp0101	VFB_00101567	0	3	47.0
2024-05-29	v2.virtualflybrain.org	VFBexp_FBtp0102	VFB_00101567	0	1	8.0
2024-05-29	v2.virtualflybrain.org	VFBexp_FBtp0103	VFB_00101567	0	1	29.0
2024-05-29	v2.virtualflybrain.org	VFBexp_FBtp0104	VFB_00101567	0	1	10.0
2024-05-29	v2.virtualflybrain.org	VFBexp_FBtp0105	VFB_00101567	0	1	6.0
2024-05-29	v2.virtualflybrain.org	VFBexp_FBtp0106	VFB_00101567	0	1	7.0
2024-05-29	v2.virtualflybrain.org	VFBexp_FBtp0117		2	1	9.0
2024-05-30		FBbt_00003678		8	2	0.0
2024-05-30		FBbt_00003678	VFB_00101567	8	2	0.0
2024-05-30		FBbt_00003681		7	3	0.0
2024-05-30		FBbt_00003681	VFB_00101567	7	3	0.0
2024-05-30		FBbt_00003748		2	1	0.0
2024-05-30		FBbt_00003748	VFB_00101567	2	1	0.0
2024-05-30		FBbt_00007050		2	1	0.0
2024-05-30		FBbt_00007050	VFB_00101567	2	1	0.0
2024-05-30		FBbt_00013695		1	1	0.0
2024-05-30		FBbt_00013695	VFB_00101567	1	1	0.0
2024-05-30		FBbt_00040001		1	1	0.0
2024-05-30		FBbt_00040001	VFB_00101567	1	1	0.0
2024-05-30		FBbt_00040042		1	1	0.0
2024-05-30		FBbt_00040042	VFB_00101567	1	1	0.0
2024-05-30		FBbt_00040060		1	1	0.0
2024-05-30		FBbt_00040060	VFB_00101567	1	1	0.0
2024-05-30		FBbt_00045032		2	1	0.0
2024-05-30		FBbt_00045032	VFB_00101567	2	1	0.0
2024-05-30		FBbt_00045048		2	2	0.0
2024-05-30		FBbt_00045048	VFB_00101567	2	2	0.0
2024-05-30		FBbt_00047572		12	1	0.0
2024-05-30		FBbt_00047572	VFB_00101567	12	1	0.0
2024-05-30		FBbt_00051393		4	1	0.0
2024-05-30		FBbt_00051393	VFB_00101567	4	1	0.0
2024-05-30		FBbt_00110613		3	1	0.0
2024-05-30		FBbt_00110613	VFB_00101567	3	1	0.0
2024-05-30		FBbt_20000007		1	1	1.0
2024-05-30		FBbt_20000007	VFB_00101567	1	1	0.0
2024-05-30		FBbt_20002198		2	1	0.0
2024-05-30		FBbt_20002198	VFB_00101567	2	1	0.0
2024-05-30		VFB_00008326		1	1	0.0
2024-05-30		VFB_00008326	VFB_00101567	1	1	0.0
2024-05-30		VFB_00020425		2	1	5.0
2024-05-30		VFB_00020425	VFB_00101567	2	1	0.0
2024-05-30		VFB_00022364		6	1	20.0
2024-05-30		VFB_00022364	VFB_00101567	6	1	0.0
2024-05-30		VFB_00022867		2	1	0.0
2024-05-30		VFB_00022867	VFB_00101567	2	1	0.0
2024-05-30		VFB_00023364		2	1	0.0
2024-05-30		VFB_00023364	VFB_00101567	2	1	0.0
2024-05-30		VFB_00037955		6	1	179.0
2024-05-30		VFB_00037955	VFB_00101567	6	1	0.0
2024-05-30		VFB_00039551		2	1	30.0
2024-05-30		VFB_00039551	VFB_00101567	2	1	0.0
2024-05-30		VFB_00063343		1	1	0.0
2024-05-30		VFB_00063343	VFB_00101567	1	1	0.0
2024-05-30		VFB_00063401		2	1	3.0
2024-05-30		VFB_00063401	VFB_00101567	2	1	0.0
2024-05-30		VFB_00064494		3	1	1.0
2024-05-30		VFB_00064494	VFB_00101567	3	1	0.0
2024-05-30		VFB_00064958		1	1	0.0
2024-05-30		VFB_00064958	VFB_00101567	1	1	0.0
2024-05-30		VFB_00065290		5	1	6.0
2024-05-30		VFB_00065290	VFB_00101567	5	2	0.0
2024-05-30		VFB_00066540		2	1	2.0
2024-05-30		VFB_00066540	VFB_00101567	2	1	0.0
2024-05-30		VFB_00066542		2	1	21.0
2024-05-30		VFB_00066542	VFB_00101567	2	1	0.0
2024-05-30		VFB_00066570		5	1	5.0
2024-05-30		VFB_00066570	VFB_00101567	5	1	0.0
2024-05-30		VFB_00067000		3	1	6.0
2024-05-30		VFB_00067000	VFB_00101567	3	1	0.0
2024-05-30		VFB_00067021		3	1	5.0
2024-05-30		VFB_00067021	VFB_00101567	3	2	0.0
2024-05-30		VFB_00067053		3	1	6.0
2024-05-30		VFB_00067053	VFB_00101567	3	1	0.0
2024-05-30		VFB_00067420		1	1	0.0
2024-05-30		VFB_00067420	VFB_00101567	1	1	0.0
2024-05-30		VFB_00067511		3	1	4.0
2024-05-30		VFB_00067511	VFB_00101567	3	1	0.0
2024-05-30		VFB_00067614		3	1	3.0
2024-05-30		VFB_00067614	VFB_00101567	3	1	0.0
2024-05-30		VFB_00067616		1	1	0.0
2024-05-30		VFB_00067616	VFB_00101567	1	1	0.0
2024-05-30		VFB_00068007		3	1	6.0
2024-05-30		VFB_00068007	VFB_00101567	3	2	0.0
2024-05-30		VFB_00100edq		3	1	3.0
2024-05-30		VFB_00100edq	VFB_00101567	3	1	0.0
2024-05-30		VFB_00100vz8		6	1	28.0
2024-05-30		VFB_00100vz8	VFB_00101567	6	1	0.0
2024-05-30		VFB_00100w2a		2	1	4.0
2024-05-30		VFB_00100w2a	VFB_00101567	2	1	0.0
2024-05-30		VFB_00100wc6		2	1	22.0
2024-05-30		VFB_00100wc6	VFB_00101567	2	1	0.0
2024-05-30		VFB_00100wkz		2	1	4.0
2024-05-30		VFB_00100wkz	VFB_00101567	2	1	0.0
2024-05-30		VFB_00100wx0		24	1	0.0
2024-05-30		VFB_00100wx0	VFB_00101567	24	1	0.0
2024-05-30		VFB_00100x4u		2	1	5.0
2024-05-30		VFB_00100x4u	VFB_00101567	2	1	0.0
2024-05-30		VFB_00100xmp		6	1	8.0
2024-05-30		VFB_00100xmp	VFB_00101567	6	2	0.0
2024-05-30		VFB_001010ul		2	1	4.0
2024-05-30		VFB_001010ul	VFB_00101567	2	1	0.0
2024-05-30		VFB_001012qa		24	1	0.0
2024-05-30		VFB_001012qa	VFB_00101567	24	1	0.0
2024-05-30		VFB_001012si		6	1	87.0
2024-05-30		VFB_001012si	VFB_00101567	6	2	0.0
2024-05-30		VFB_0010151y		4	1	56.0
2024-05-30		VFB_0010151y	VFB_00101567	4	2	0.0
2024-05-30		VFB_00101567		56	15	69.0
2024-05-30		VFB_00101567	VFB_00101567	90	24	0.0
2024-05-30		VFB_001015ew		3	1	3.0
2024-05-30		VFB_001015ew	VFB_00101567	3	1	0.0
2024-05-30		VFB_00101vcc		3	1	0.0
2024-05-30		VFB_00101vcc	VFB_00101567	3	1	0.0
2024-05-30		VFB_00102107		2	1	0.0
2024-05-30		VFB_00102107	VFB_00101567	2	1	0.0
2024-05-30		VFB_00102280		8	1	0.0
2024-05-30		VFB_00102280	VFB_00101567	8	1	0.0
2024-05-30		VFB_00200000	VFB_00200000	1	1	22.0
2024-05-30		VFB_jrchjrdr		2	1	8.0
2024-05-30		VFB_jrchjrdr	VFB_00101567	2	1	0.0
2024-05-30		VFB_jrchjt13		2	1	0.0
2024-05-30		VFB_jrchjt13	VFB_00101567	2	1	0.0
2024-05-30		VFB_jrchju3s		4	1	0.0
2024-05-30		VFB_jrchju3s	VFB_00101567	4	1	0.0
2024-05-30		VFB_jrchjvol		3	1	14.0
2024-05-30		VFB_jrchjvol	VFB_00101567	3	2	0.0
2024-05-30		VFB_jrchjwf4		3	1	3.0
2024-05-30		VFB_jrchjwf4	VFB_00101567	3	2	0.0
2024-05-30		VFB_jrchjy71		5	1	6.0
2024-05-30		VFB_jrchjy71	VFB_00101567	5	2	0.0
2024-05-30		VFB_jrchk4wh		2	1	4.0
2024-05-30		VFB_jrchk4wh	VFB_00101567	2	1	0.0
2024-05-30		VFB_jrcv0jqg		7	1	9.0
2024-05-30		VFB_jrcv0jqg	VFB_00101567	6	1	0.0
2024-05-30		VFB_jrcv0jqg	VFB_00200000	1	1	0.0
2024-05-30		VFBexp_FBti0002		3	1	0.0
2024-05-30		VFBexp_FBti0002	VFB_00101567	3	1	0.0
2024-05-30		VFBexp_FBtp0012		2	1	0.0
2024-05-30		VFBexp_FBtp0012	VFB_00101567	2	1	0.0
2024-05-30		VFBexp_FBtp0057		3	3	0.0
2024-05-30		VFBexp_FBtp0057	VFB_00101567	3	3	0.0
2024-05-30		VFBexp_FBtp0058		6	5	0.0
2024-05-30		VFBexp_FBtp0058	VFB_00101567	6	5	0.0
2024-05-30		VFBexp_FBtp0059		2	2	0.0
2024-05-30		VFBexp_FBtp0059	VFB_00101567	2	2	0.0
2024-05-30		VFBexp_FBtp0060		9	2	0.0
2024-05-30		VFBexp_FBtp0060	VFB_00101567	9	2	0.0
2024-05-30		VFBexp_FBtp0061		2	1	0.0
2024-05-30		VFBexp_FBtp0061	VFB_00101567	2	1	0.0
2024-05-30		VFBexp_FBtp0063		2	2	0.0
2024-05-30		VFBexp_FBtp0063	VFB_00101567	2	2	0.0
2024-05-30		VFBexp_FBtp0100		1	1	0.0
2024-05-30		VFBexp_FBtp0100	VFB_00101567	1	1	0.0
2024-05-30		VFBexp_FBtp0102		1	1	0.0
2024-05-30		VFBexp_FBtp0102	VFB_00101567	1	1	0.0
2024-05-30		VFBexp_FBtp0103		3	1	0.0
2024-05-30		VFBexp_FBtp0103	VFB_00101567	3	3	0.0
2024-05-30	v2.virtualflybrain.org	FBbt_00003678	VFB_00101567	0	2	50.0
2024-05-30	v2.virtualflybrain.org	FBbt_00003681	VFB_00101567	1	4	36.0
2024-05-30	v2.virtualflybrain.org	FBbt_00003748	VFB_00101567	0	1	44.0
2024-05-30	v2.virtualflybrain.org	FBbt_00007050	VFB_00101567	0	1	3.0
2024-05-30	v2.virtualflybrain.org	FBbt_00013695	VFB_00101567	0	1	29.0
2024-05-30	v2.virtualflybrain.org	FBbt_00040001	VFB_00101567	0	1	8.0
2024-05-30	v2.virtualflybrain.org	FBbt_00040042	VFB_00101567	0	1	3.0
2024-05-30	v2.virtualflybrain.org	FBbt_00040060	VFB_00101567	0	2	241.0
2024-05-30	v2.virtualflybrain.org	FBbt_00045032	VFB_00101567	1	2	15.0
2024-05-30	v2.virtualflybrain.org	FBbt_00045048	VFB_00101567	0	3	255.0
2024-05-30	v2.virtualflybrain.org	FBbt_00047572	VFB_00101567	12	1	0.0
2024-05-30	v2.virtualflybrain.org	FBbt_00051393	VFB_00101567	4	1	0.0
2024-05-30	v2.virtualflybrain.org	FBbt_00110613	VFB_00101567	2	2	5.0
2024-05-30	v2.virtualflybrain.org	FBbt_20000007	VFB_00101567	0	1	3.0
2024-05-30	v2.virtualflybrain.org	FBbt_20002198	VFB_00101567	0	1	22.0
2024-05-30	v2.virtualflybrain.org	VFB_00008326	VFB_00101567	0	1	29.0
2024-05-30	v2.virtualflybrain.org	VFB_00020425	VFB_00101567	0	1	0.0
2024-05-30	v2.virtualflybrain.org	VFB_00022364	VFB_00101567	0	1	0.0
2024-05-30	v2.virtualflybrain.org	VFB_00022867		1	1	0.0
2024-05-30	v2.virtualflybrain.org	VFB_00023364	VFB_00101567	3	1	0.0
2024-05-30	v2.virtualflybrain.org	VFB_00037955	VFB_00101567	1	2	171.0
2024-05-30	v2.virtualflybrain.org	VFB_00039551	VFB_00101567	0	1	0.0
2024-05-30	v2.virtualflybrain.org	VFB_00063343	VFB_00101567	0	1	115.0
2024-05-30	v2.virtualflybrain.org	VFB_00063401	VFB_00101567	0	1	13.0
2024-05-30	v2.virtualflybrain.org	VFB_00064494	VFB_00101567	1	2	23.0
2024-05-30	v2.virtualflybrain.org	VFB_00064958	VFB_00101567	0	1	0.0
2024-05-30	v2.virtualflybrain.org	VFB_00065290	VFB_00101567	0	3	43.0
2024-05-30	v2.virtualflybrain.org	VFB_00066540	VFB_00101567	0	1	14.0
2024-05-30	v2.virtualflybrain.org	VFB_00066542	VFB_00101567	0	1	100.0
2024-05-30	v2.virtualflybrain.org	VFB_00066570	VFB_00101567	0	1	27.0
2024-05-30	v2.virtualflybrain.org	VFB_00067000	VFB_00101567	0	1	0.0
2024-05-30	v2.virtualflybrain.org	VFB_00067021	VFB_00101567	0	1	37.0
2024-05-30	v2.virtualflybrain.org	VFB_00067053	VFB_00101567	0	1	135.0
2024-05-30	v2.virtualflybrain.org	VFB_00067420	VFB_00101567	0	1	26.0
2024-05-30	v2.virtualflybrain.org	VFB_00067511	VFB_00101567	0	1	11.0
2024-05-30	v2.virtualflybrain.org	VFB_00067614	VFB_00101567	0	1	14.0
2024-05-30	v2.virtualflybrain.org	VFB_00067616	VFB_00101567	0	1	35.0
2024-05-30	v2.virtualflybrain.org	VFB_00068007	VFB_00101567	0	2	53.0
2024-05-30	v2.virtualflybrain.org	VFB_00100edq	VFB_00101567	0	2	3.0
2024-05-30	v2.virtualflybrain.org	VFB_00100vz8	VFB_00101567	0	1	0.0
2024-05-30	v2.virtualflybrain.org	VFB_00100w2a	VFB_00101567	0	1	0.0
2024-05-30	v2.virtualflybrain.org	VFB_00100wc6	VFB_00101567	0	1	0.0
2024-05-30	v2.virtualflybrain.org	VFB_00100wkz	VFB_00101567	0	1	0.0
2024-05-30	v2.virtualflybrain.org	VFB_00100wx0	VFB_00101567	24	1	0.0
2024-05-30	v2.virtualflybrain.org	VFB_00100x4u	VFB_00101567	0	1	0.0
2024-05-30	v2.virtualflybrain.org	VFB_00100xmp	VFB_00101567	0	2	0.0
2024-05-30	v2.virtualflybrain.org	VFB_001010ul	VFB_00101567	0	1	0.0
2024-05-30	v2.virtualflybrain.org	VFB_001012qa	VFB_00101567	24	1	0.0
2024-05-30	v2.virtualflybrain.org	VFB_001012si	VFB_00101567	0	1	12.0
2024-05-30	v2.virtualflybrain.org	VFB_0010151y	VFB_00101567	2	1	108.0
2024-05-30	v2.virtualflybrain.org	VFB_00101567	VFB_00101567	57	42	294.0
2024-05-30	v2.virtualflybrain.org	VFB_001015ew	VFB_00101567	0	2	14.0
2024-05-30	v2.virtualflybrain.org	VFB_00101vcc	VFB_00101567	3	1	0.0
2024-05-30	v2.virtualflybrain.org	VFB_00102107	VFB_00101567	2	1	1.0
2024-05-30	v2.virtualflybrain.org	VFB_00102280	VFB_00101567	8	1	0.0
2024-05-30	v2.virtualflybrain.org	VFB_00200000	VFB_00200000	1	1	12.0
2024-05-30	v2.virtualflybrain.org	VFB_jrchjrdr	VFB_00101567	0	2	11.0
2024-05-30	v2.virtualflybrain.org	VFB_jrchjt13	VFB_00101567	2	1	0.0
2024-05-30	v2.virtualflybrain.org	VFB_jrchju3s	VFB_00101567	4	1	1.0
2024-05-30	v2.virtualflybrain.org	VFB_jrchjvol	VFB_00101567	0	1	5.0
2024-05-30	v2.virtualflybrain.org	VFB_jrchjwf4	VFB_00101567	0	2	23.0
2024-05-30	v2.virtualflybrain.org	VFB_jrchjy71	VFB_00101567	0	2	40.0
2024-05-30	v2.virtualflybrain.org	VFB_jrchk4wh	VFB_00101567	0	2	26.0
2024-05-30	v2.virtualflybrain.org	VFB_jrcv0jqg	VFB_00101567	0	2	11.0
2024-05-30	v2.virtualflybrain.org	VFB_jrcv0jqg	VFB_00200000	2	2	2.0
2024-05-30	v2.virtualflybrain.org	VFBexp_FBti0002	VFB_00101567	1	2	48.0
2024-05-30	v2.virtualflybrain.org	VFBexp_FBtp0012	VFB_00101567	0	1	43.0
2024-05-30	v2.virtualflybrain.org	VFBexp_FBtp0057	VFB_00101567	0	3	71.0
2024-05-30	v2.virtualflybrain.org	VFBexp_FBtp0058	VFB_00101567	0	5	172.0
2024-05-30	v2.virtualflybrain.org	VFBexp_FBtp0059	VFB_00101567	0	2	62.0
2024-05-30	v2.virtualflybrain.org	VFBexp_FBtp0060	VFB_00101567	1	3	229.0
2024-05-30	v2.virtualflybrain.org	VFBexp_FBtp0061	VFB_00101567	0	1	37.0
2024-05-30	v2.virtualflybrain.org	VFBexp_FBtp0063	VFB_00101567	0	2	497.0
2024-05-30	v2.virtualflybrain.org	VFBexp_FBtp0100	VFB_00101567	0	1	36.0
2024-05-30	v2.virtualflybrain.org	VFBexp_FBtp0102	VFB_00101567	0	1	38.0
2024-05-30	v2.virtualflybrain.org	VFBexp_FBtp0103	VFB_00101567	0	2	65.0
2024-05-30	v2a.virtualflybrain.org	FBbt_00003680	VFB_00101567	3	1	55.0
2024-05-31		FBbt_00003624		5	3	0.0
2024-05-31		FBbt_00003624	VFB_00101567	5	3	0.0
2024-05-31		FBbt_00003681		2	2	0.0
2024-05-31		FBbt_00003681	VFB_00101567	2	2	0.0
2024-05-31		FBbt_00003748		3	3	1.0
2024-05-31		FBbt_00003748	VFB_00101567	3	3	0.0
2024-05-31		FBbt_00003836		5	1	0.0
2024-05-31		FBbt_00003836	VFB_00101567	5	2	0.0
2024-05-31		FBbt_00003852		1	1	0.0
2024-05-31		FBbt_00003852	VFB_00101567	1	1	0.0
2024-05-31		FBbt_00004011		1	1	0.0
2024-05-31		FBbt_00004011	VFB_00101567	1	1	0.0
2024-05-31		FBbt_00005802		1	1	0.0
2024-05-31		FBbt_00005802	VFB_00101567	1	1	0.0
2024-05-31		FBbt_00007050		2	1	0.0
2024-05-31		FBbt_00007050	VFB_00101567	2	1	0.0
2024-05-31		FBbt_00007146		1	1	0.0
2024-05-31		FBbt_00007146	VFB_00101567	1	1	0.0
2024-05-31		FBbt_00007385		1	1	0.0
2024-05-31		FBbt_00007385	VFB_00017894	1	1	0.0
2024-05-31		FBbt_00014013		6	3	0.0
2024-05-31		FBbt_00014013	VFB_00101567	6	3	0.0
2024-05-31		FBbt_00016687		1	1	1.0
2024-05-31		FBbt_00016687	VFB_00101567	1	1	0.0
2024-05-31		FBbt_00040041		2	2	0.0
2024-05-31		FBbt_00040041	VFB_00101567	2	2	0.0
2024-05-31		FBbt_00040042		3	2	0.0
2024-05-31		FBbt_00040042	VFB_00101567	3	2	0.0
2024-05-31		FBbt_00045032		2	2	0.0
2024-05-31		FBbt_00045032	VFB_00101567	3	2	0.0
2024-05-31		FBbt_00045047		2	1	0.0
2024-05-31		FBbt_00045047	VFB_00101567	2	1	0.0
2024-05-31		FBbt_00047607		1	1	0.0
2024-05-31		FBbt_00047607	VFB_00101567	1	1	0.0
2024-05-31		FBbt_00047887		3	1	0.0
2024-05-31		FBbt_00047887	VFB_00101567	3	1	0.0
2024-05-31		FBbt_00049927		1	1	0.0
2024-05-31		FBbt_00049927	VFB_00101567	1	1	0.0
2024-05-31		FBbt_00051393		5	2	0.0
2024-05-31		FBbt_00051393	VFB_00101567	5	2	0.0
2024-05-31		FBbt_00110636		7	1	0.0
2024-05-31		FBbt_00110636	VFB_00101567	8	1	0.0
2024-05-31		FBbt_00110638		2	1	0.0
2024-05-31		FBbt_00110638	VFB_00101567	3	1	0.0
2024-05-31		FBbt_00111308		1	1	0.0
2024-05-31		FBbt_00111308	VFB_00101567	1	1	0.0
2024-05-31		VFB_00017894		1	1	1.0
2024-05-31		VFB_00017894	VFB_00017894	1	1	0.0
2024-05-31		VFB_00020579		9	1	2.0
2024-05-31		VFB_00020579	VFB_00101567	9	2	0.0
2024-05-31		VFB_00020616		2	1	7.0
2024-05-31		VFB_00020616	VFB_00101567	2	1	0.0
2024-05-31		VFB_00021547		4	1	5.0
2024-05-31		VFB_00021547	VFB_00101567	4	1	0.0
2024-05-31		VFB_00022309		1	1	3.0
2024-05-31		VFB_00022309	VFB_00101567	1	1	0.0
2024-05-31		VFB_00022867		2	1	0.0
2024-05-31		VFB_00022867	VFB_00101567	2	1	0.0
2024-05-31		VFB_00022953		1	1	5.0
2024-05-31		VFB_00022953	VFB_00101567	1	1	0.0
2024-05-31		VFB_00026161		4	1	5.0
2024-05-31		VFB_00026161	VFB_00101567	4	1	0.0
2024-05-31		VFB_00030633		1	1	0.0
2024-05-31		VFB_00030633	VFB_00017894	1	1	0.0
2024-05-31		VFB_00030838		1	1	0.0
2024-05-31		VFB_00030838	VFB_00017894	1	1	0.0
2024-05-31		VFB_00030901		1	1	0.0
2024-05-31		VFB_00030901	VFB_00017894	1	1	0.0
2024-05-31		VFB_00030902		1	1	0.0
2024-05-31		VFB_00030902	VFB_00017894	1	1	0.0
2024-05-31		VFB_00030903		1	1	0.0
2024-05-31		VFB_00030903	VFB_00017894	1	1	0.0
2024-05-31		VFB_00063283		6	1	216.0
2024-05-31		VFB_00063283	VFB_00101567	5	2	0.0
2024-05-31		VFB_00063399		2	1	14.0
2024-05-31		VFB_00063399	VFB_00101567	2	1	0.0
2024-05-31		VFB_00063532		3	1	14.0
2024-05-31		VFB_00063532	VFB_00101567	3	1	0.0
2024-05-31		VFB_00064259		3	1	2.0
2024-05-31		VFB_00064259	VFB_00101567	3	1	0.0
2024-05-31		VFB_00064261		2	1	5.0
2024-05-31		VFB_00064261	VFB_00101567	2	1	0.0
2024-05-31		VFB_00064323		3	1	3.0
2024-05-31		VFB_00064323	VFB_00101567	3	1	0.0
2024-05-31		VFB_00064748		2	1	10.0
2024-05-31		VFB_00064748	VFB_00101567	2	1	0.0
2024-05-31		VFB_00064890		3	1	9.0
2024-05-31		VFB_00064890	VFB_00101567	3	2	0.0
2024-05-31		VFB_00065570		2	1	14.0
2024-05-31		VFB_00065570	VFB_00101567	2	1	0.0
2024-05-31		VFB_00065944		2	1	9.0
2024-05-31		VFB_00065944	VFB_00101567	2	1	0.0
2024-05-31		VFB_00066558		3	1	5.0
2024-05-31		VFB_00066558	VFB_00101567	3	2	0.0
2024-05-31		VFB_00066744		2	1	12.0
2024-05-31		VFB_00066744	VFB_00101567	2	1	0.0
2024-05-31		VFB_00066989		2	1	5.0
2024-05-31		VFB_00066989	VFB_00101567	2	1	0.0
2024-05-31		VFB_00067049		2	1	11.0
2024-05-31		VFB_00067049	VFB_00101567	2	1	0.0
2024-05-31		VFB_00067137		3	1	4.0
2024-05-31		VFB_00067137	VFB_00101567	3	2	0.0
2024-05-31		VFB_00067141		1	1	0.0
2024-05-31		VFB_00067141	VFB_00101567	1	1	0.0
2024-05-31		VFB_00068037		2	1	11.0
2024-05-31		VFB_00068037	VFB_00101567	2	1	0.0
2024-05-31		VFB_00068655		2	1	14.0
2024-05-31		VFB_00068655	VFB_00101567	2	1	0.0
2024-05-31		VFB_00068671		3	1	5.0
2024-05-31		VFB_00068671	VFB_00101567	3	2	0.0
2024-05-31		VFB_00100770		3	1	3.0
2024-05-31		VFB_00100770	VFB_00101567	3	1	0.0
2024-05-31		VFB_00100865		2	1	0.0
2024-05-31		VFB_00100865	VFB_00101567	2	1	0.0
2024-05-31		VFB_00100vr0		4	1	11.0
2024-05-31		VFB_00100vr0	VFB_00101567	4	1	0.0
2024-05-31		VFB_00100wx0		24	1	0.0
2024-05-31		VFB_00100wx0	VFB_00101567	24	1	0.0
2024-05-31		VFB_00100y4p		2	1	4.0
2024-05-31		VFB_00100y4p	VFB_00101567	2	1	0.0
2024-05-31		VFB_00100ych		1	1	3.0
2024-05-31		VFB_00100ych	VFB_00101567	1	1	0.0
2024-05-31		VFB_00100yk3		2	1	3.0
2024-05-31		VFB_00100yk3	VFB_00101567	2	1	0.0
2024-05-31		VFB_00100yqn		6	1	9.0
2024-05-31		VFB_00100yqn	VFB_00101567	6	1	0.0
2024-05-31		VFB_00100yym		1	1	4.0
2024-05-31		VFB_00100yym	VFB_00101567	1	1	0.0
2024-05-31		VFB_0010115b		2	1	5.0
2024-05-31		VFB_0010115b	VFB_00101567	2	1	0.0
2024-05-31		VFB_001012fy		2	1	18.0
2024-05-31		VFB_001012fy	VFB_00101567	2	1	0.0
2024-05-31		VFB_001012qa		24	1	0.0
2024-05-31		VFB_001012qa	VFB_00101567	24	1	0.0
2024-05-31		VFB_001014uq		4	1	11.0
2024-05-31		VFB_001014uq	VFB_00101567	4	1	0.0
2024-05-31		VFB_0010151y		1	1	0.0
2024-05-31		VFB_0010151y	VFB_00101567	1	1	0.0
2024-05-31		VFB_00101567		83	17	285.0
2024-05-31		VFB_00101567	VFB_00101567	115	24	0.0
2024-05-31		VFB_00102140		2	1	4.0
2024-05-31		VFB_00102140	VFB_00101567	2	2	0.0
2024-05-31		VFB_00102271		1	1	0.0
2024-05-31		VFB_00102271	VFB_00101567	1	1	0.0
2024-05-31		VFB_00102273		1	1	0.0
2024-05-31		VFB_00102273	VFB_00101567	1	1	0.0
2024-05-31		VFB_00102274		1	1	0.0
2024-05-31		VFB_00102274	VFB_00101567	1	1	0.0
2024-05-31		VFB_00102276		3	2	8.0
2024-05-31		VFB_00102276	VFB_00101567	3	2	0.0
2024-05-31		VFB_00102280		3	2	0.0
2024-05-31		VFB_00102280	VFB_00101567	3	2	0.0
2024-05-31		VFB_001029cx		5	1	10.0
2024-05-31		VFB_001029cx	VFB_00101567	5	1	0.0
2024-05-31		VFB_jrchjrdt		1	1	0.0
2024-05-31		VFB_jrchjrdt	VFB_00101567	1	1	0.0
2024-05-31		VFB_jrchjrdv		2	1	0.0
2024-05-31		VFB_jrchjrdv	VFB_00101567	2	2	0.0
2024-05-31		VFB_jrchk0ve		2	1	12.0
2024-05-31		VFB_jrchk0ve	VFB_00101567	2	1	0.0
2024-05-31		VFB_jrchk66t		1	1	3.0
2024-05-31		VFB_jrchk66t	VFB_00101567	1	1	0.0
2024-05-31		VFB_jrchk7zu		3	1	2.0
2024-05-31		VFB_jrchk7zu	VFB_00101567	3	1	0.0
2024-05-31		VFB_jrchk8cy		1	1	0.0
2024-05-31		VFB_jrchk8cy	VFB_00101567	1	1	0.0
2024-05-31		VFBexp_FBti0002		6	1	0.0
2024-05-31		VFBexp_FBti0002	VFB_00101567	6	1	0.0
2024-05-31		VFBexp_FBti0036		1	1	0.0
2024-05-31		VFBexp_FBti0036	VFB_00101567	1	1	0.0
2024-05-31		VFBexp_FBti0168		4	1	0.0
2024-05-31		VFBexp_FBti0168	VFB_00101567	4	2	0.0
2024-05-31		VFBexp_FBtp0057		4	3	0.0
2024-05-31		VFBexp_FBtp0057	VFB_00101567	4	4	0.0
2024-05-31		VFBexp_FBtp0058		1	1	0.0
2024-05-31		VFBexp_FBtp0058	VFB_00101567	1	1	0.0
2024-05-31		VFBexp_FBtp0059		1	1	0.0
2024-05-31		VFBexp_FBtp0059	VFB_00101567	1	1	0.0
2024-05-31		VFBexp_FBtp0060		4	4	0.0
2024-05-31		VFBexp_FBtp0060	VFB_00101567	4	4	0.0
2024-05-31		VFBexp_FBtp0061		4	2	1.0
2024-05-31		VFBexp_FBtp0061	VFB_00101567	4	2	0.0
2024-05-31		VFBexp_FBtp0062		3	2	0.0
2024-05-31		VFBexp_FBtp0062	VFB_00101567	3	2	0.0
2024-05-31		VFBexp_FBtp0063		2	2	0.0
2024-05-31		VFBexp_FBtp0063	VFB_00101567	2	2	0.0
2024-05-31		VFBexp_FBtp0064		1	1	0.0
2024-05-31		VFBexp_FBtp0064	VFB_00101567	1	1	0.0
2024-05-31		VFBexp_FBtp0079		1	1	0.0
2024-05-31		VFBexp_FBtp0079	VFB_00101567	1	1	0.0
2024-05-31		VFBexp_FBtp0087		1	1	0.0
2024-05-31		VFBexp_FBtp0087	VFB_00101567	1	1	0.0
2024-05-31		VFBexp_FBtp0101		1	1	0.0
2024-05-31		VFBexp_FBtp0101	VFB_00101567	1	1	0.0
2024-05-31		VFBexp_FBtp0102		1	1	0.0
2024-05-31		VFBexp_FBtp0102	VFB_00101567	1	1	0.0
2024-05-31		VFBexp_FBtp0103		2	1	0.0
2024-05-31		VFBexp_FBtp0103	VFB_00101567	2	1	0.0
2024-05-31		VFBexp_FBtp0105		1	1	0.0
2024-05-31		VFBexp_FBtp0105	VFB_00101567	1	1	0.0
2024-05-31		VFBexp_FBtp0123		2	1	0.0
2024-05-31		VFBexp_FBtp0123	VFB_00101567	2	1	0.0
2024-05-31	v2.virtualflybrain.org	FBbt_00003624	VFB_00101567	2	4	65.0
2024-05-31	v2.virtualflybrain.org	FBbt_00003681	VFB_00101567	0	4	137.0
2024-05-31	v2.virtualflybrain.org	FBbt_00003748	VFB_00101567	1	3	15.0
2024-05-31	v2.virtualflybrain.org	FBbt_00003836	VFB_00101567	0	2	151.0
2024-05-31	v2.virtualflybrain.org	FBbt_00003852	VFB_00101567	0	1	78.0
2024-05-31	v2.virtualflybrain.org	FBbt_00004011	VFB_00101567	0	1	28.0
2024-05-31	v2.virtualflybrain.org	FBbt_00005802	VFB_00101567	0	1	68.0
2024-05-31	v2.virtualflybrain.org	FBbt_00007050	VFB_00101567	0	1	0.0
2024-05-31	v2.virtualflybrain.org	FBbt_00007146	VFB_00101567	0	2	1.0
2024-05-31	v2.virtualflybrain.org	FBbt_00007385	VFB_00017894	0	1	30.0
2024-05-31	v2.virtualflybrain.org	FBbt_00014013	VFB_00101567	0	4	30.0
2024-05-31	v2.virtualflybrain.org	FBbt_00016687	VFB_00101567	0	1	30.0
2024-05-31	v2.virtualflybrain.org	FBbt_00040041	VFB_00101567	0	2	128.0
2024-05-31	v2.virtualflybrain.org	FBbt_00040042	VFB_00101567	0	2	18.0
2024-05-31	v2.virtualflybrain.org	FBbt_00045032	VFB_00101567	0	1	0.0
2024-05-31	v2.virtualflybrain.org	FBbt_00045047	VFB_00101567	0	1	0.0
2024-05-31	v2.virtualflybrain.org	FBbt_00047607		1	1	1.0
2024-05-31	v2.virtualflybrain.org	FBbt_00047607	VFB_00101567	0	1	18.0
2024-05-31	v2.virtualflybrain.org	FBbt_00047887	VFB_00101567	0	1	10.0
2024-05-31	v2.virtualflybrain.org	FBbt_00049927		1	1	1.0
2024-05-31	v2.virtualflybrain.org	FBbt_00051393	VFB_00101567	4	2	15.0
2024-05-31	v2.virtualflybrain.org	FBbt_00110636	VFB_00101567	0	1	28.0
2024-05-31	v2.virtualflybrain.org	FBbt_00110638	VFB_00101567	0	1	54.0
2024-05-31	v2.virtualflybrain.org	FBbt_00111308	VFB_00101567	0	1	61.0
2024-05-31	v2.virtualflybrain.org	VFB_00017894	VFB_00017894	1	2	0.0
2024-05-31	v2.virtualflybrain.org	VFB_00020579	VFB_00101567	7	2	0.0
2024-05-31	v2.virtualflybrain.org	VFB_00020616	VFB_00101567	0	1	0.0
2024-05-31	v2.virtualflybrain.org	VFB_00021547	VFB_00101567	0	1	0.0
2024-05-31	v2.virtualflybrain.org	VFB_00021703		1	1	5.0
2024-05-31	v2.virtualflybrain.org	VFB_00022309	VFB_00101567	0	1	0.0
2024-05-31	v2.virtualflybrain.org	VFB_00022867	VFB_00101567	4	1	0.0
2024-05-31	v2.virtualflybrain.org	VFB_00022953	VFB_00101567	0	1	48.0
2024-05-31	v2.virtualflybrain.org	VFB_00026161	VFB_00101567	0	1	0.0
2024-05-31	v2.virtualflybrain.org	VFB_00030633	VFB_00017894	0	1	7.0
2024-05-31	v2.virtualflybrain.org	VFB_00030838	VFB_00017894	0	1	3.0
2024-05-31	v2.virtualflybrain.org	VFB_00030901	VFB_00017894	0	2	31.0
2024-05-31	v2.virtualflybrain.org	VFB_00030902	VFB_00017894	0	1	31.0
2024-05-31	v2.virtualflybrain.org	VFB_00030903	VFB_00017894	0	1	10.0
2024-05-31	v2.virtualflybrain.org	VFB_00063283	VFB_00101567	1	2	72.0
2024-05-31	v2.virtualflybrain.org	VFB_00063532	VFB_00101567	0	1	16.0
2024-05-31	v2.virtualflybrain.org	VFB_00064259	VFB_00101567	0	2	14.0
2024-05-31	v2.virtualflybrain.org	VFB_00064261	VFB_00101567	0	1	30.0
2024-05-31	v2.virtualflybrain.org	VFB_00064323	VFB_00101567	1	1	0.0
2024-05-31	v2.virtualflybrain.org	VFB_00064748	VFB_00101567	0	1	25.0
2024-05-31	v2.virtualflybrain.org	VFB_00064890	VFB_00101567	0	1	59.0
2024-05-31	v2.virtualflybrain.org	VFB_00065570	VFB_00101567	0	1	24.0
2024-05-31	v2.virtualflybrain.org	VFB_00066558	VFB_00101567	0	1	48.0
2024-05-31	v2.virtualflybrain.org	VFB_00066989	VFB_00101567	0	1	17.0
2024-05-31	v2.virtualflybrain.org	VFB_00067049	VFB_00101567	0	1	0.0
2024-05-31	v2.virtualflybrain.org	VFB_00067137	VFB_00101567	0	1	0.0
2024-05-31	v2.virtualflybrain.org	VFB_00067141	VFB_00101567	0	1	36.0
2024-05-31	v2.virtualflybrain.org	VFB_00068037	VFB_00101567	0	1	0.0
2024-05-31	v2.virtualflybrain.org	VFB_00068655	VFB_00101567	0	1	43.0
2024-05-31	v2.virtualflybrain.org	VFB_00068671	VFB_00101567	0	1	22.0
2024-05-31	v2.virtualflybrain.org	VFB_00100770	VFB_00101567	0	2	1.0
2024-05-31	v2.virtualflybrain.org	VFB_00100865	VFB_00101567	0	2	12.0
2024-05-31	v2.virtualflybrain.org	VFB_00100vr0	VFB_00101567	0	2	45.0
2024-05-31	v2.virtualflybrain.org	VFB_00100wx0	VFB_00101567	24	1	0.0
2024-05-31	v2.virtualflybrain.org	VFB_00100y4p	VFB_00101567	0	1	0.0
2024-05-31	v2.virtualflybrain.org	VFB_00100ych	VFB_00101567	0	1	30.0
2024-05-31	v2.virtualflybrain.org	VFB_00100yk3	VFB_00101567	0	1	0.0
2024-05-31	v2.virtualflybrain.org	VFB_00100yqn	VFB_00101567	0	2	0.0
2024-05-31	v2.virtualflybrain.org	VFB_00100yym	VFB_00101567	0	1	37.0
2024-05-31	v2.virtualflybrain.org	VFB_0010115b	VFB_00101567	0	1	17.0
2024-05-31	v2.virtualflybrain.org	VFB_001012fy	VFB_00101567	0	1	0.0
2024-05-31	v2.virtualflybrain.org	VFB_001012qa	VFB_00101567	24	1	0.0
2024-05-31	v2.virtualflybrain.org	VFB_001014uq	VFB_00101567	1	2	2.0
2024-05-31	v2.virtualflybrain.org	VFB_0010151y	VFB_00101567	1	1	0.0
2024-05-31	v2.virtualflybrain.org	VFB_00101567	VFB_00101567	67	49	679.0
2024-05-31	v2.virtualflybrain.org	VFB_00102140	VFB_00101567	0	2	2.0
2024-05-31	v2.virtualflybrain.org	VFB_00102271	VFB_00101567	0	1	20.0
2024-05-31	v2.virtualflybrain.org	VFB_00102273	VFB_00101567	0	1	6.0
2024-05-31	v2.virtualflybrain.org	VFB_00102274	VFB_00101567	2	1	0.0
2024-05-31	v2.virtualflybrain.org	VFB_00102276	VFB_00101567	2	3	30.0
2024-05-31	v2.virtualflybrain.org	VFB_00102280	VFB_00101567	2	2	3.0
2024-05-31	v2.virtualflybrain.org	VFB_001029cx	VFB_00101567	0	2	29.0
2024-05-31	v2.virtualflybrain.org	VFB_jrchjrdt	VFB_00101567	0	1	27.0
2024-05-31	v2.virtualflybrain.org	VFB_jrchjrdv	VFB_00101567	1	2	8.0
2024-05-31	v2.virtualflybrain.org	VFB_jrchk0ve	VFB_00101567	0	1	0.0
2024-05-31	v2.virtualflybrain.org	VFB_jrchk66t	VFB_00101567	1	1	0.0
2024-05-31	v2.virtualflybrain.org	VFB_jrchk7zu	VFB_00101567	0	1	59.0
2024-05-31	v2.virtualflybrain.org	VFB_jrchk8cy	VFB_00101567	0	1	22.0
2024-05-31	v2.virtualflybrain.org	VFBexp_FBti0002	VFB_00101567	6	1	0.0
2024-05-31	v2.virtualflybrain.org	VFBexp_FBti0036	VFB_00101567	0	2	38.0
2024-05-31	v2.virtualflybrain.org	VFBexp_FBti0168	VFB_00101567	0	1	96.0
2024-05-31	v2.virtualflybrain.org	VFBexp_FBtp0057	VFB_00101567	0	4	113.0
2024-05-31	v2.virtualflybrain.org	VFBexp_FBtp0058	VFB_00101567	0	1	39.0
2024-05-31	v2.virtualflybrain.org	VFBexp_FBtp0059	VFB_00101567	0	1	66.0
2024-05-31	v2.virtualflybrain.org	VFBexp_FBtp0060	VFB_00101567	0	4	61.0
2024-05-31	v2.virtualflybrain.org	VFBexp_FBtp0061		1	1	2.0
2024-05-31	v2.virtualflybrain.org	VFBexp_FBtp0061	VFB_00101567	2	1	0.0
2024-05-31	v2.virtualflybrain.org	VFBexp_FBtp0062		1	1	0.0
2024-05-31	v2.virtualflybrain.org	VFBexp_FBtp0062	VFB_00101567	0	2	35.0
2024-05-31	v2.virtualflybrain.org	VFBexp_FBtp0063	VFB_00101567	0	2	56.0
2024-05-31	v2.virtualflybrain.org	VFBexp_FBtp0064	VFB_00101567	0	1	17.0
2024-05-31	v2.virtualflybrain.org	VFBexp_FBtp0079	VFB_00101567	0	1	3.0
2024-05-31	v2.virtualflybrain.org	VFBexp_FBtp0087	VFB_00101567	0	1	46.0
2024-05-31	v2.virtualflybrain.org	VFBexp_FBtp0101	VFB_00101567	0	1	27.0
2024-05-31	v2.virtualflybrain.org	VFBexp_FBtp0102	VFB_00101567	0	1	49.0
2024-05-31	v2.virtualflybrain.org	VFBexp_FBtp0103		1	1	0.0
2024-05-31	v2.virtualflybrain.org	VFBexp_FBtp0103	VFB_00101567	1	1	14.0
2024-05-31	v2.virtualflybrain.org	VFBexp_FBtp0105	VFB_00101567	0	1	30.0
2024-05-31	v2.virtualflybrain.org	VFBexp_FBtp0123		3	1	1.0
