date	hostName	term	template	screenPageViews	activeUsersSum	userEngagementDuration
2025-06-01		FBbt_00001986		2	1	0.0
2025-06-01		FBbt_00001986	VFB_00200000	2	1	0.0
2025-06-01		FBbt_00003624		4	2	3.0
2025-06-01		FBbt_00003624	VFB_00101567	4	2	0.0
2025-06-01		FBbt_00003632		2	1	0.0
2025-06-01		FBbt_00003632	VFB_00101567	3	1	0.0
2025-06-01		FBbt_00003678		1	1	0.0
2025-06-01		FBbt_00003678	VFB_00101567	1	1	0.0
2025-06-01		FBbt_00003681		1	1	1.0
2025-06-01		FBbt_00003681	VFB_00101567	1	1	0.0
2025-06-01		FBbt_00003684		2	1	0.0
2025-06-01		FBbt_00003684	VFB_00101567	2	1	0.0
2025-06-01		FBbt_00003748		2	1	0.0
2025-06-01		FBbt_00003748	VFB_00101567	2	1	0.0
2025-06-01		FBbt_00005093		1	1	0.0
2025-06-01		FBbt_00005093	VFB_00101567	1	1	0.0
2025-06-01		FBbt_00007385		2	1	0.0
2025-06-01		FBbt_00007385	VFB_00101567	2	1	0.0
2025-06-01		FBbt_00007401		2	1	0.0
2025-06-01		FBbt_00007401	VFB_00101567	2	1	0.0
2025-06-01		FBbt_00040007		1	1	1.0
2025-06-01		FBbt_00040007	VFB_00101567	1	1	0.0
2025-06-01		FBbt_00040043		9	1	0.0
2025-06-01		FBbt_00040043	VFB_00101567	9	2	0.0
2025-06-01		FBbt_00045048		2	1	0.0
2025-06-01		FBbt_00045048	VFB_00101567	2	1	0.0
2025-06-01		FBbt_00047355		1	1	0.0
2025-06-01		FBbt_00047355	VFB_00101567	1	1	0.0
2025-06-01		FBbt_00047662		1	1	0.0
2025-06-01		FBbt_00047662	VFB_00101567	1	1	0.0
2025-06-01		FBbt_00051052		3	1	0.0
2025-06-01		FBbt_00051052	VFB_00101567	5	2	0.0
2025-06-01		FBbt_00051053		1	1	0.0
2025-06-01		FBbt_00051053	VFB_00101567	1	1	0.0
2025-06-01		FBbt_00051233		1	1	0.0
2025-06-01		FBbt_00051233	VFB_00101567	1	1	0.0
2025-06-01		FBbt_00053229		1	1	0.0
2025-06-01		FBbt_00053229	VFB_00101567	1	1	0.0
2025-06-01		FBbt_00100244		1	1	1.0
2025-06-01		FBbt_00100244	VFB_00101567	1	1	0.0
2025-06-01		FBbt_00110477		3	1	0.0
2025-06-01		FBbt_00110477	VFB_00101567	3	3	0.0
2025-06-01		FBbt_00110658		3	1	0.0
2025-06-01		FBbt_00110658	VFB_00101567	3	1	0.0
2025-06-01		FBbt_20007298		1	1	0.0
2025-06-01		FBbt_20007298	VFB_00101567	1	1	0.0
2025-06-01		VFB_00000031		1	1	0.0
2025-06-01		VFB_00000031	VFB_00101567	1	1	0.0
2025-06-01		VFB_00000124		3	1	4.0
2025-06-01		VFB_00000124	VFB_00101567	3	1	0.0
2025-06-01		VFB_00000145		2	1	0.0
2025-06-01		VFB_00000145	VFB_00101567	2	1	0.0
2025-06-01		VFB_00000463		12	1	9.0
2025-06-01		VFB_00000463	VFB_00101567	12	5	0.0
2025-06-01		VFB_00000773		3	1	4.0
2025-06-01		VFB_00000773	VFB_00101567	3	1	0.0
2025-06-01		VFB_00000828		3	1	4.0
2025-06-01		VFB_00000828	VFB_00101567	3	1	0.0
2025-06-01		VFB_00001157		5	1	6.0
2025-06-01		VFB_00001157	VFB_00101567	5	1	0.0
2025-06-01		VFB_00001541		3	1	19.0
2025-06-01		VFB_00001541	VFB_00101567	3	2	0.0
2025-06-01		VFB_00001577		3	1	4.0
2025-06-01		VFB_00001577	VFB_00101567	3	2	0.0
2025-06-01		VFB_00004473		5	1	0.0
2025-06-01		VFB_00004473	VFB_00101567	5	1	0.0
2025-06-01		VFB_00008167		4	1	4.0
2025-06-01		VFB_00008167	VFB_00101567	4	2	0.0
2025-06-01		VFB_00009737		3	1	3.0
2025-06-01		VFB_00009737	VFB_00101567	3	2	0.0
2025-06-01		VFB_00017894		1	1	0.0
2025-06-01		VFB_00017894	VFB_00017894	1	1	0.0
2025-06-01		VFB_00030867		1	1	0.0
2025-06-01		VFB_00030867	VFB_00017894	1	1	0.0
2025-06-01		VFB_00056507		2	1	0.0
2025-06-01		VFB_00056507	VFB_00049000	1	1	0.0
2025-06-01		VFB_00056507	VFB_00101567	1	1	0.0
2025-06-01		VFB_00056603		1	1	0.0
2025-06-01		VFB_00056603	VFB_00101567	1	1	0.0
2025-06-01		VFB_00058207		7	1	6.0
2025-06-01		VFB_00058207	VFB_00049000	6	1	0.0
2025-06-01		VFB_00058207	VFB_00101567	1	1	0.0
2025-06-01		VFB_001014qj		4	1	4.0
2025-06-01		VFB_001014qj	VFB_00101567	4	2	0.0
2025-06-01		VFB_001014u8		4	1	4.0
2025-06-01		VFB_001014u8	VFB_00101567	4	1	0.0
2025-06-01		VFB_00101567		99	10	79.0
2025-06-01		VFB_00101567	VFB_00101567	110	38	33.0
2025-06-01		VFB_00101710		2	1	0.0
2025-06-01		VFB_00101710	VFB_00050000	1	1	0.0
2025-06-01		VFB_00101710	VFB_00101567	1	1	0.0
2025-06-01		VFB_00102107		4	1	0.0
2025-06-01		VFB_00102107	VFB_00101567	4	1	0.0
2025-06-01		VFB_00102135		1	1	2.0
2025-06-01		VFB_00102135	VFB_00101567	1	1	0.0
2025-06-01		VFB_00102139		4	1	0.0
2025-06-01		VFB_00102139	VFB_00101567	3	1	0.0
2025-06-01		VFB_00102140		2	1	6.0
2025-06-01		VFB_00102140	VFB_00101567	2	2	0.0
2025-06-01		VFB_00102146		1	1	0.0
2025-06-01		VFB_00102146	VFB_00101567	1	1	0.0
2025-06-01		VFB_00102275		4	2	2.0
2025-06-01		VFB_00102275	VFB_00101567	4	3	0.0
2025-06-01		VFB_001044zw		4	1	7.0
2025-06-01		VFB_001044zw	VFB_00101567	4	1	0.0
2025-06-01		VFB_fw001009		16	1	24.0
2025-06-01		VFB_fw001009	VFB_00101567	14	4	0.0
2025-06-01		VFB_fw029979		4	1	8.0
2025-06-01		VFB_fw029979	VFB_00101567	4	2	0.0
2025-06-01		VFB_jrchjyjy		1	1	0.0
2025-06-01		VFB_jrchjyjy	VFB_00101567	1	1	0.0
2025-06-01		VFB_jrchjz95		5	1	2.0
2025-06-01		VFB_jrchjz95	VFB_00101567	6	1	0.0
2025-06-01		VFB_jrchjz96		2	1	0.0
2025-06-01		VFB_jrchjz96	VFB_00101567	1	1	0.0
2025-06-01		VFB_jrchk31h		8	1	3.0
2025-06-01		VFB_jrchk31h	VFB_00101567	8	3	0.0
2025-06-01		VFB_jrchk31i		2	1	0.0
2025-06-01		VFB_jrchk31i	VFB_00101567	2	2	0.0
2025-06-01		VFB_jrchk7yj		3	1	3.0
2025-06-01		VFB_jrchk7yj	VFB_00101567	3	2	0.0
2025-06-01		VFB_jrcv0y75		2	1	0.0
2025-06-01		VFB_jrcv0y75	VFB_00200000	2	1	0.0
2025-06-01		VFBexp_FBtp0122		2	1	0.0
2025-06-01		VFBexp_FBtp0122	VFB_00101567	2	1	0.0
2025-06-01		VFBext_0000004		1	1	0.0
2025-06-01		VFBext_0000004	VFB_00101567	1	1	0.0
2025-06-01	v2-dev.virtualflybrain.org	VFB_00004473	VFB_00101567	5	1	0.0
2025-06-01	v2-dev.virtualflybrain.org	VFB_00101567	VFB_00101567	0	1	0.0
2025-06-01	v2.virtualflybrain.org	FBbt_00001986	VFB_00200000	2	1	0.0
2025-06-01	v2.virtualflybrain.org	FBbt_00003624	VFB_00101567	0	3	47.0
2025-06-01	v2.virtualflybrain.org	FBbt_00003632	VFB_00101567	0	1	12.0
2025-06-01	v2.virtualflybrain.org	FBbt_00003678	VFB_00101567	0	1	2.0
2025-06-01	v2.virtualflybrain.org	FBbt_00003681	VFB_00101567	0	1	2.0
2025-06-01	v2.virtualflybrain.org	FBbt_00003684	VFB_00101567	0	1	2.0
2025-06-01	v2.virtualflybrain.org	FBbt_00003748	VFB_00101567	0	2	7.0
2025-06-01	v2.virtualflybrain.org	FBbt_00005093	VFB_00101567	0	1	1.0
2025-06-01	v2.virtualflybrain.org	FBbt_00007055	VFB_00101567	0	1	20.0
2025-06-01	v2.virtualflybrain.org	FBbt_00007059	VFB_00101567	0	1	1.0
2025-06-01	v2.virtualflybrain.org	FBbt_00007385	VFB_00101567	0	1	1.0
2025-06-01	v2.virtualflybrain.org	FBbt_00040042	VFB_00101567	0	1	1.0
2025-06-01	v2.virtualflybrain.org	FBbt_00040043	VFB_00101567	7	3	26.0
2025-06-01	v2.virtualflybrain.org	FBbt_00045004	VFB_00101567	0	1	3.0
2025-06-01	v2.virtualflybrain.org	FBbt_00045027	VFB_00101567	0	1	2.0
2025-06-01	v2.virtualflybrain.org	FBbt_00045032	VFB_00101567	0	1	1.0
2025-06-01	v2.virtualflybrain.org	FBbt_00045048	VFB_00101567	0	1	15.0
2025-06-01	v2.virtualflybrain.org	FBbt_00047355	VFB_00101567	0	1	93.0
2025-06-01	v2.virtualflybrain.org	FBbt_00047662	VFB_00101567	0	1	85.0
2025-06-01	v2.virtualflybrain.org	FBbt_00051052	VFB_00101567	0	2	52.0
2025-06-01	v2.virtualflybrain.org	FBbt_00051053	VFB_00101567	0	1	37.0
2025-06-01	v2.virtualflybrain.org	FBbt_00051233	VFB_00101567	0	1	40.0
2025-06-01	v2.virtualflybrain.org	FBbt_00053229	VFB_00101567	0	1	50.0
2025-06-01	v2.virtualflybrain.org	FBbt_00053384	VFB_00101567	0	1	4.0
2025-06-01	v2.virtualflybrain.org	FBbt_00100244	VFB_00101567	0	2	133.0
2025-06-01	v2.virtualflybrain.org	FBbt_00110477	VFB_00101567	0	3	122.0
2025-06-01	v2.virtualflybrain.org	FBbt_00110658	VFB_00101567	0	2	21.0
2025-06-01	v2.virtualflybrain.org	FBbt_20007298		1	1	2.0
2025-06-01	v2.virtualflybrain.org	FBbt_20007298	VFB_00101567	0	1	59.0
2025-06-01	v2.virtualflybrain.org	VFB_00000031	VFB_00101567	0	2	30.0
2025-06-01	v2.virtualflybrain.org	VFB_00000124	VFB_00101567	0	2	22.0
2025-06-01	v2.virtualflybrain.org	VFB_00000145	VFB_00101567	2	1	4.0
2025-06-01	v2.virtualflybrain.org	VFB_00000463	VFB_00101567	0	3	0.0
2025-06-01	v2.virtualflybrain.org	VFB_00000773	VFB_00101567	0	2	15.0
2025-06-01	v2.virtualflybrain.org	VFB_00000828	VFB_00101567	0	2	24.0
2025-06-01	v2.virtualflybrain.org	VFB_00001157	VFB_00101567	0	2	27.0
2025-06-01	v2.virtualflybrain.org	VFB_00001541	VFB_00101567	0	2	19.0
2025-06-01	v2.virtualflybrain.org	VFB_00001577	VFB_00101567	0	3	44.0
2025-06-01	v2.virtualflybrain.org	VFB_00008167	VFB_00101567	0	2	0.0
2025-06-01	v2.virtualflybrain.org	VFB_00009737	VFB_00101567	0	2	97.0
2025-06-01	v2.virtualflybrain.org	VFB_00017894		1	1	9.0
2025-06-01	v2.virtualflybrain.org	VFB_00017894	VFB_00017894	0	2	128.0
2025-06-01	v2.virtualflybrain.org	VFB_00030867	VFB_00017894	1	1	0.0
2025-06-01	v2.virtualflybrain.org	VFB_00049000	VFB_00049000	0	1	6.0
2025-06-01	v2.virtualflybrain.org	VFB_00056507	VFB_00049000	1	3	43.0
2025-06-01	v2.virtualflybrain.org	VFB_00056507	VFB_00101567	0	2	13.0
2025-06-01	v2.virtualflybrain.org	VFB_00056603	VFB_00101567	0	1	16.0
2025-06-01	v2.virtualflybrain.org	VFB_00058207	VFB_00049000	4	4	18.0
2025-06-01	v2.virtualflybrain.org	VFB_00058207	VFB_00101567	0	1	24.0
2025-06-01	v2.virtualflybrain.org	VFB_001014qj	VFB_00101567	0	2	13.0
2025-06-01	v2.virtualflybrain.org	VFB_001014u8	VFB_00101567	0	2	7.0
2025-06-01	v2.virtualflybrain.org	VFB_00101567	VFB_00101567	2	49	702.0
2025-06-01	v2.virtualflybrain.org	VFB_00101710	VFB_00050000	1	3	30.0
2025-06-01	v2.virtualflybrain.org	VFB_00101710	VFB_00101567	0	1	92.0
2025-06-01	v2.virtualflybrain.org	VFB_00102107	VFB_00101567	0	2	47.0
2025-06-01	v2.virtualflybrain.org	VFB_00102135	VFB_00101567	0	1	10.0
2025-06-01	v2.virtualflybrain.org	VFB_00102140	VFB_00101567	0	2	19.0
2025-06-01	v2.virtualflybrain.org	VFB_00102146	VFB_00101567	1	1	31.0
2025-06-01	v2.virtualflybrain.org	VFB_00102275	VFB_00101567	0	1	8.0
2025-06-01	v2.virtualflybrain.org	VFB_001044zw	VFB_00101567	0	1	0.0
2025-06-01	v2.virtualflybrain.org	VFB_00200000	VFB_00200000	0	2	0.0
2025-06-01	v2.virtualflybrain.org	VFB_fw001009	VFB_00101567	1	4	93.0
2025-06-01	v2.virtualflybrain.org	VFB_fw029979	VFB_00101567	0	2	0.0
2025-06-01	v2.virtualflybrain.org	VFB_jrchjyjy	VFB_00101567	5	4	0.0
2025-06-01	v2.virtualflybrain.org	VFB_jrchjz95	VFB_00101567	0	3	22.0
2025-06-01	v2.virtualflybrain.org	VFB_jrchjz96	VFB_00101567	0	1	8.0
2025-06-01	v2.virtualflybrain.org	VFB_jrchk31h	VFB_00101567	0	3	150.0
2025-06-01	v2.virtualflybrain.org	VFB_jrchk31i	VFB_00101567	0	1	18.0
2025-06-01	v2.virtualflybrain.org	VFB_jrchk7yj	VFB_00101567	0	2	61.0
2025-06-01	v2.virtualflybrain.org	VFB_jrcv0y75	VFB_00200000	2	1	0.0
2025-06-01	v2.virtualflybrain.org	VFBexp_FBtp0122		1	1	0.0
2025-06-01	v2.virtualflybrain.org	VFBexp_FBtp0122	VFB_00101567	1	1	30.0
2025-06-01	v2.virtualflybrain.org	VFBext_0000004	VFB_00101567	0	1	9.0
2025-06-01	www.virtualflybrain.org	VFBu_8uvHb4t6		1	1	0.0
2025-06-02		FBbt_00001986		1	1	0.0
2025-06-02		FBbt_00001986	VFB_00200000	1	1	0.0
2025-06-02		FBbt_00003004		7	3	1.0
2025-06-02		FBbt_00003004	VFB_00101567	3	2	0.0
2025-06-02		FBbt_00003004	VFB_00200000	4	1	0.0
2025-06-02		FBbt_00003624		8	2	0.0
2025-06-02		FBbt_00003624	VFB_00017894	5	1	0.0
2025-06-02		FBbt_00003624	VFB_00101567	4	1	0.0
2025-06-02		FBbt_00003681		1	1	0.0
2025-06-02		FBbt_00003681	VFB_00101567	1	1	0.0
2025-06-02		FBbt_00003684		2	1	0.0
2025-06-02		FBbt_00003684	VFB_00101567	2	1	0.0
2025-06-02		FBbt_00003701		7	1	0.0
2025-06-02		FBbt_00003701	VFB_00101567	7	1	0.0
2025-06-02		FBbt_00003748		3	2	0.0
2025-06-02		FBbt_00003748	VFB_00017894	1	1	0.0
2025-06-02		FBbt_00003748	VFB_00101567	2	2	0.0
2025-06-02		FBbt_00003924		1	1	0.0
2025-06-02		FBbt_00003924	VFB_00101567	1	1	0.0
2025-06-02		FBbt_00003982		1	1	0.0
2025-06-02		FBbt_00003982	VFB_00101567	1	1	0.0
2025-06-02		FBbt_00004052		1	1	0.0
2025-06-02		FBbt_00004052	VFB_00200000	1	1	0.0
2025-06-02		FBbt_00005093		2	2	0.0
2025-06-02		FBbt_00005093	VFB_00101567	1	1	0.0
2025-06-02		FBbt_00005093	VFB_00200000	1	1	0.0
2025-06-02		FBbt_00005137		8	2	20.0
2025-06-02		FBbt_00005137	VFB_00017894	1	1	0.0
2025-06-02		FBbt_00005137	VFB_00200000	7	1	0.0
2025-06-02		FBbt_00005801		2	1	0.0
2025-06-02		FBbt_00005801	VFB_00101567	2	1	0.0
2025-06-02		FBbt_00006024		4	1	0.0
2025-06-02		FBbt_00006024	VFB_00050000	4	1	0.0
2025-06-02		FBbt_00007127		2	1	0.0
2025-06-02		FBbt_00007127	VFB_00049000	2	1	0.0
2025-06-02		FBbt_00007385		5	2	0.0
2025-06-02		FBbt_00007385	VFB_00101567	6	2	0.0
2025-06-02		FBbt_00007453		2	1	0.0
2025-06-02		FBbt_00007453	VFB_00101567	2	1	0.0
2025-06-02		FBbt_00007677		1	1	0.0
2025-06-02		FBbt_00007677	VFB_00101567	1	1	0.0
2025-06-02		FBbt_00007703		2	1	0.0
2025-06-02		FBbt_00007703	VFB_00049000	2	1	0.0
2025-06-02		FBbt_00007709		2	1	0.0
2025-06-02		FBbt_00007709	VFB_00049000	2	1	0.0
2025-06-02		FBbt_00013688		2	1	0.0
2025-06-02		FBbt_00013688	VFB_00101567	2	1	0.0
2025-06-02		FBbt_00014013		1	1	0.0
2025-06-02		FBbt_00014013	VFB_00017894	1	1	0.0
2025-06-02		FBbt_00015029		1	1	0.0
2025-06-02		FBbt_00015029	VFB_00049000	1	1	0.0
2025-06-02		FBbt_00015064		2	1	0.0
2025-06-02		FBbt_00015064	VFB_00049000	2	1	0.0
2025-06-02		FBbt_00015407		1	1	0.0
2025-06-02		FBbt_00015407	VFB_00101567	1	1	0.0
2025-06-02		FBbt_00040007		1	1	0.0
2025-06-02		FBbt_00040007	VFB_00101567	1	1	0.0
2025-06-02		FBbt_00040041		4	1	0.0
2025-06-02		FBbt_00040041	VFB_00101567	4	2	0.0
2025-06-02		FBbt_00040043		23	1	0.0
2025-06-02		FBbt_00040043	VFB_00101567	23	1	0.0
2025-06-02		FBbt_00040072		3	1	0.0
2025-06-02		FBbt_00040072	VFB_00101567	3	1	0.0
2025-06-02		FBbt_00045027		2	2	0.0
2025-06-02		FBbt_00045027	VFB_00017894	2	1	0.0
2025-06-02		FBbt_00045027	VFB_00101567	1	1	0.0
2025-06-02		FBbt_00045046		1	1	0.0
2025-06-02		FBbt_00045046	VFB_00101567	1	1	0.0
2025-06-02		FBbt_00045048		4	2	0.0
2025-06-02		FBbt_00045048	VFB_00017894	2	2	0.0
2025-06-02		FBbt_00045048	VFB_00101567	2	1	0.0
2025-06-02		FBbt_00047887		12	1	0.0
2025-06-02		FBbt_00047887	VFB_00101567	13	1	0.0
2025-06-02		FBbt_00047927		1	1	0.0
2025-06-02		FBbt_00047927	VFB_00101567	1	1	0.0
2025-06-02		FBbt_00049526		5	1	0.0
2025-06-02		FBbt_00049526	VFB_00101567	5	1	0.0
2025-06-02		FBbt_00049834		8	2	0.0
2025-06-02		FBbt_00049834	VFB_00101567	8	2	0.0
2025-06-02		FBbt_00051071		1	1	0.0
2025-06-02		FBbt_00051071	VFB_00049000	1	1	0.0
2025-06-02		FBbt_00051233		4	1	0.0
2025-06-02		FBbt_00051233	VFB_00101567	4	2	0.0
2025-06-02		FBbt_00053384		1	1	0.0
2025-06-02		FBbt_00053384	VFB_00017894	1	1	0.0
2025-06-02		FBbt_00110151		2	1	0.0
2025-06-02		FBbt_00110151	VFB_00101567	2	1	0.0
2025-06-02		FBbt_00110155		1	1	0.0
2025-06-02		FBbt_00110155	VFB_00101567	1	1	0.0
2025-06-02		FBbt_00110636		10	1	0.0
2025-06-02		FBbt_00110636	VFB_00101567	10	1	0.0
2025-06-02		FBbt_00110658		2	1	0.0
2025-06-02		FBbt_00110658	VFB_00101567	2	1	0.0
2025-06-02		VFB_00004473		10	1	0.0
2025-06-02		VFB_00004473	VFB_00101567	10	1	0.0
2025-06-02		VFB_00017894		8	2	0.0
2025-06-02		VFB_00017894	VFB_00017894	12	4	49.0
2025-06-02		VFB_00022467		6	1	2.0
2025-06-02		VFB_00022467	VFB_00101567	11	2	0.0
2025-06-02		VFB_00030600		2	1	8.0
2025-06-02		VFB_00030600	VFB_00017894	2	1	0.0
2025-06-02		VFB_00030602		1	1	0.0
2025-06-02		VFB_00030602	VFB_00017894	1	1	0.0
2025-06-02		VFB_00030614		1	1	0.0
2025-06-02		VFB_00030614	VFB_00017894	1	1	0.0
2025-06-02		VFB_00030620		1	1	0.0
2025-06-02		VFB_00030620	VFB_00017894	1	1	0.0
2025-06-02		VFB_00030623		1	1	0.0
2025-06-02		VFB_00030623	VFB_00017894	1	1	0.0
2025-06-02		VFB_00030626		1	1	0.0
2025-06-02		VFB_00030626	VFB_00017894	1	1	0.0
2025-06-02		VFB_00030627		1	1	0.0
2025-06-02		VFB_00030627	VFB_00017894	1	1	0.0
2025-06-02		VFB_00030628		1	1	0.0
2025-06-02		VFB_00030628	VFB_00017894	1	1	0.0
2025-06-02		VFB_00030629		1	1	0.0
2025-06-02		VFB_00030629	VFB_00017894	1	1	0.0
2025-06-02		VFB_00030630		1	1	0.0
2025-06-02		VFB_00030630	VFB_00017894	1	1	0.0
2025-06-02		VFB_00030840		2	1	4.0
2025-06-02		VFB_00030840	VFB_00017894	2	1	0.0
2025-06-02		VFB_00030849		3	1	1.0
2025-06-02		VFB_00030849	VFB_00017894	2	2	0.0
2025-06-02		VFB_00030866		3	1	0.0
2025-06-02		VFB_00030866	VFB_00017894	3	2	0.0
2025-06-02		VFB_00030867		12	2	0.0
2025-06-02		VFB_00030867	VFB_00017894	12	2	0.0
2025-06-02		VFB_00030868		1	1	0.0
2025-06-02		VFB_00030868	VFB_00017894	1	1	0.0
2025-06-02		VFB_00030869		3	1	0.0
2025-06-02		VFB_00030869	VFB_00017894	3	2	0.0
2025-06-02		VFB_00030870		1	1	0.0
2025-06-02		VFB_00030870	VFB_00017894	1	1	0.0
2025-06-02		VFB_00030871		1	1	0.0
2025-06-02		VFB_00030871	VFB_00017894	1	1	0.0
2025-06-02		VFB_00030872		2	1	38.0
2025-06-02		VFB_00030872	VFB_00017894	2	2	0.0
2025-06-02		VFB_00030873		3	1	0.0
2025-06-02		VFB_00030873	VFB_00017894	3	2	0.0
2025-06-02		VFB_00030878		2	1	0.0
2025-06-02		VFB_00030878	VFB_00017894	2	2	0.0
2025-06-02		VFB_00030879		3	1	2.0
2025-06-02		VFB_00030879	VFB_00017894	1	1	0.0
2025-06-02		VFB_00030879	VFB_00101567	2	1	0.0
2025-06-02		VFB_00030900		1	1	0.0
2025-06-02		VFB_00030900	VFB_00017894	1	1	0.0
2025-06-02		VFB_00049000		9	2	0.0
2025-06-02		VFB_00049000	VFB_00049000	11	3	46.0
2025-06-02		VFB_00050000		5	1	0.0
2025-06-02		VFB_00050000	VFB_00050000	6	2	56.0
2025-06-02		VFB_00050269		5	1	0.0
2025-06-02		VFB_00050269	VFB_00049000	5	2	0.0
2025-06-02		VFB_00050434		1	1	0.0
2025-06-02		VFB_00050434	VFB_00049000	1	1	0.0
2025-06-02		VFB_00050435		1	1	0.0
2025-06-02		VFB_00050435	VFB_00049000	1	1	0.0
2025-06-02		VFB_00050491		4	2	0.0
2025-06-02		VFB_00050491	VFB_00049000	4	3	0.0
2025-06-02		VFB_00050505		7	1	10.0
2025-06-02		VFB_00050505	VFB_00049000	3	1	0.0
2025-06-02		VFB_00050505	VFB_00101567	4	1	0.0
2025-06-02		VFB_00069582		2	1	4.0
2025-06-02		VFB_00069582	VFB_00101567	2	1	0.0
2025-06-02		VFB_00070001		5	1	3.0
2025-06-02		VFB_00070001	VFB_00101567	5	2	0.0
2025-06-02		VFB_00100506		1	1	0.0
2025-06-02		VFB_00100506	VFB_00050000	1	1	0.0
2025-06-02		VFB_00100692		2	1	0.0
2025-06-02		VFB_00100692	VFB_00050000	2	1	0.0
2025-06-02		VFB_00100wj7		2	1	0.0
2025-06-02		VFB_00100wj7	VFB_00101567	2	1	0.0
2025-06-02		VFB_00100xe1		4	1	82.0
2025-06-02		VFB_00100xe1	VFB_00101567	4	1	0.0
2025-06-02		VFB_0010111m		10	1	2.0
2025-06-02		VFB_0010111m	VFB_00017894	3	1	0.0
2025-06-02		VFB_0010111m	VFB_00101567	6	2	0.0
2025-06-02		VFB_001012vl		7	1	8.0
2025-06-02		VFB_001012vl	VFB_00101567	7	2	0.0
2025-06-02		VFB_001012wk		9	1	34.0
2025-06-02		VFB_001012wk	VFB_00101567	7	2	0.0
2025-06-02		VFB_00101567		79	31	96.0
2025-06-02		VFB_00101567	VFB_00101567	90	41	14.0
2025-06-02		VFB_00101tcw		2	1	4.0
2025-06-02		VFB_00101tcw	VFB_00101567	7	1	0.0
2025-06-02		VFB_00101td1		6	1	8.0
2025-06-02		VFB_00101td1	VFB_00101567	6	1	0.0
2025-06-02		VFB_001020my		2	1	0.0
2025-06-02		VFB_001020my	VFB_00101567	7	1	0.0
2025-06-02		VFB_00102118		9	1	0.0
2025-06-02		VFB_00102118	VFB_00101567	9	2	0.0
2025-06-02		VFB_00102119		19	1	0.0
2025-06-02		VFB_00102119	VFB_00101567	18	1	0.0
2025-06-02		VFB_00102121		11	1	0.0
2025-06-02		VFB_00102121	VFB_00101567	10	1	0.0
2025-06-02		VFB_00102123		20	1	0.0
2025-06-02		VFB_00102123	VFB_00101567	19	1	0.0
2025-06-02		VFB_00102124		26	1	0.0
2025-06-02		VFB_00102124	VFB_00101567	24	1	0.0
2025-06-02		VFB_00102133		12	1	0.0
2025-06-02		VFB_00102133	VFB_00101567	12	1	0.0
2025-06-02		VFB_00102154		2	1	1.0
2025-06-02		VFB_00102154	VFB_00101567	2	1	0.0
2025-06-02		VFB_00102195		3	1	3.0
2025-06-02		VFB_00102195	VFB_00101567	3	1	0.0
2025-06-02		VFB_00102201		1	1	4.0
2025-06-02		VFB_00102201	VFB_00101567	1	1	0.0
2025-06-02		VFB_00102215		2	1	0.0
2025-06-02		VFB_00102215	VFB_00101567	2	1	0.0
2025-06-02		VFB_00102218		4	1	27.0
2025-06-02		VFB_00102218	VFB_00101567	4	2	0.0
2025-06-02		VFB_00102271		1	1	17.0
2025-06-02		VFB_00102271	VFB_00101567	1	1	0.0
2025-06-02		VFB_00102273		4	1	3.0
2025-06-02		VFB_00102273	VFB_00101567	4	2	0.0
2025-06-02		VFB_001044zw		3	1	21.0
2025-06-02		VFB_001044zw	VFB_00101567	3	2	0.0
2025-06-02		VFB_00200000		8	3	5.0
2025-06-02		VFB_00200000	VFB_00200000	9	4	17.0
2025-06-02		VFB_fw000156		2	1	51.0
2025-06-02		VFB_fw000156	VFB_00101567	2	1	0.0
2025-06-02		VFB_fw025031		1	1	0.0
2025-06-02		VFB_fw025031	VFB_00101567	1	1	0.0
2025-06-02		VFB_fw033839		2	1	2.0
2025-06-02		VFB_fw033839	VFB_00101567	2	1	0.0
2025-06-02		VFB_jrchjvzu		4	1	0.0
2025-06-02		VFB_jrchjvzu	VFB_00101567	4	1	0.0
2025-06-02		VFB_jrchjwj1		7	1	55.0
2025-06-02		VFB_jrchjwj1	VFB_00101567	2	1	0.0
2025-06-02		VFB_jrchjyjy		1	1	0.0
2025-06-02		VFB_jrchjyjy	VFB_00101567	1	1	0.0
2025-06-02		VFB_jrchk10e		33	1	69.0
2025-06-02		VFB_jrchk10e	VFB_00101567	23	5	0.0
2025-06-02		VFB_jrchk8ds		2	1	4.0
2025-06-02		VFB_jrchk8ds	VFB_00101567	2	1	0.0
2025-06-02		VFB_jrcv07yv		2	1	24.0
2025-06-02		VFB_jrcv07yv	VFB_00200000	2	1	0.0
2025-06-02		VFB_jrcv0y75		7	1	0.0
2025-06-02		VFB_jrcv0y75	VFB_00200000	7	1	0.0
2025-06-02		VFBexp_FBtp0057		2	1	0.0
2025-06-02		VFBexp_FBtp0057	VFB_00101567	2	1	0.0
2025-06-02		VFBexp_FBtp0059		2	1	0.0
2025-06-02		VFBexp_FBtp0059	VFB_00101567	2	1	0.0
2025-06-02		VFBexp_FBtp0099		5	2	2.0
2025-06-02		VFBexp_FBtp0099	VFB_00101567	7	3	0.0
2025-06-02		VFBexp_FBtp0117		1	1	0.0
2025-06-02		VFBexp_FBtp0117	VFB_00101567	1	1	0.0
2025-06-02		VFBexp_FBtp0121		2	1	0.0
2025-06-02		VFBexp_FBtp0121	VFB_00101567	2	1	0.0
2025-06-02		VFBu_hHYg03bU		2	1	4.0
2025-06-02		VFBu_hHYg03bU	VFB_00101567	2	1	0.0
2025-06-02	v2-dev.virtualflybrain.org	FBbt_00003748	VFB_00101567	0	2	59.0
2025-06-02	v2-dev.virtualflybrain.org	VFB_00004473	VFB_00101567	10	1	0.0
2025-06-02	v2-dev.virtualflybrain.org	VFB_00101567	VFB_00101567	0	1	0.0
2025-06-02	v2-dev.virtualflybrain.org	VFB_fw025031	VFB_00101567	0	2	5.0
2025-06-02	v2-dev.virtualflybrain.org	VFBu_hHYg03bU		1	1	1.0
2025-06-02	v2-dev.virtualflybrain.org	VFBu_hHYg03bU	VFB_00101567	0	1	494.0
2025-06-02	v2.virtualflybrain.org	FBbt_00001986	VFB_00200000	1	1	0.0
2025-06-02	v2.virtualflybrain.org	FBbt_00003004	VFB_00101567	0	4	49.0
2025-06-02	v2.virtualflybrain.org	FBbt_00003004	VFB_00200000	0	1	1.0
2025-06-02	v2.virtualflybrain.org	FBbt_00003624	VFB_00017894	0	1	17.0
2025-06-02	v2.virtualflybrain.org	FBbt_00003624	VFB_00101567	0	2	3.0
2025-06-02	v2.virtualflybrain.org	FBbt_00003681	VFB_00101567	0	1	27.0
2025-06-02	v2.virtualflybrain.org	FBbt_00003684	VFB_00101567	0	1	2.0
2025-06-02	v2.virtualflybrain.org	FBbt_00003701	VFB_00101567	0	1	20.0
2025-06-02	v2.virtualflybrain.org	FBbt_00003748	VFB_00017894	0	1	28.0
2025-06-02	v2.virtualflybrain.org	FBbt_00003748	VFB_00101567	0	1	2.0
2025-06-02	v2.virtualflybrain.org	FBbt_00003924	VFB_00101567	0	1	64.0
2025-06-02	v2.virtualflybrain.org	FBbt_00004052	VFB_00200000	0	1	5.0
2025-06-02	v2.virtualflybrain.org	FBbt_00005093	VFB_00200000	0	1	1.0
2025-06-02	v2.virtualflybrain.org	FBbt_00005137	VFB_00017894	0	1	13.0
2025-06-02	v2.virtualflybrain.org	FBbt_00005137	VFB_00200000	0	2	15.0
2025-06-02	v2.virtualflybrain.org	FBbt_00005801	VFB_00101567	0	2	127.0
2025-06-02	v2.virtualflybrain.org	FBbt_00006024	VFB_00050000	5	1	2.0
2025-06-02	v2.virtualflybrain.org	FBbt_00007127	VFB_00049000	0	1	10.0
2025-06-02	v2.virtualflybrain.org	FBbt_00007385	VFB_00101567	0	3	60.0
2025-06-02	v2.virtualflybrain.org	FBbt_00007453	VFB_00101567	0	1	20.0
2025-06-02	v2.virtualflybrain.org	FBbt_00007677	VFB_00101567	0	1	14.0
2025-06-02	v2.virtualflybrain.org	FBbt_00007703	VFB_00049000	0	1	1.0
2025-06-02	v2.virtualflybrain.org	FBbt_00007709	VFB_00049000	0	1	6.0
2025-06-02	v2.virtualflybrain.org	FBbt_00013688	VFB_00101567	0	1	19.0
2025-06-02	v2.virtualflybrain.org	FBbt_00014013	VFB_00017894	0	1	17.0
2025-06-02	v2.virtualflybrain.org	FBbt_00015029	VFB_00049000	0	1	1.0
2025-06-02	v2.virtualflybrain.org	FBbt_00015064	VFB_00049000	0	1	3.0
2025-06-02	v2.virtualflybrain.org	FBbt_00015407	VFB_00101567	0	1	3.0
2025-06-02	v2.virtualflybrain.org	FBbt_00040007	VFB_00101567	0	2	291.0
2025-06-02	v2.virtualflybrain.org	FBbt_00040041	VFB_00101567	2	3	93.0
2025-06-02	v2.virtualflybrain.org	FBbt_00040043	VFB_00101567	23	1	0.0
2025-06-02	v2.virtualflybrain.org	FBbt_00040072	VFB_00101567	0	1	3.0
2025-06-02	v2.virtualflybrain.org	FBbt_00045027	VFB_00017894	0	1	5.0
2025-06-02	v2.virtualflybrain.org	FBbt_00045027	VFB_00101567	0	2	24.0
2025-06-02	v2.virtualflybrain.org	FBbt_00045046	VFB_00101567	0	1	1.0
2025-06-02	v2.virtualflybrain.org	FBbt_00045048	VFB_00017894	0	2	16.0
2025-06-02	v2.virtualflybrain.org	FBbt_00045048	VFB_00101567	0	1	29.0
2025-06-02	v2.virtualflybrain.org	FBbt_00047663	VFB_00101567	1	1	2.0
2025-06-02	v2.virtualflybrain.org	FBbt_00047887	VFB_00101567	0	3	36.0
2025-06-02	v2.virtualflybrain.org	FBbt_00047927	VFB_00101567	0	1	52.0
2025-06-02	v2.virtualflybrain.org	FBbt_00049526		1	1	2.0
2025-06-02	v2.virtualflybrain.org	FBbt_00049526	VFB_00101567	4	1	2.0
2025-06-02	v2.virtualflybrain.org	FBbt_00049834	VFB_00101567	1	3	61.0
2025-06-02	v2.virtualflybrain.org	FBbt_00051071	VFB_00049000	0	1	1.0
2025-06-02	v2.virtualflybrain.org	FBbt_00051233	VFB_00101567	0	4	55.0
2025-06-02	v2.virtualflybrain.org	FBbt_00053384	VFB_00017894	0	1	3.0
2025-06-02	v2.virtualflybrain.org	FBbt_00110151		2	1	1.0
2025-06-02	v2.virtualflybrain.org	FBbt_00110151	VFB_00101567	0	1	1.0
2025-06-02	v2.virtualflybrain.org	FBbt_00110155	VFB_00101567	0	1	285.0
2025-06-02	v2.virtualflybrain.org	FBbt_00110636	VFB_00101567	0	1	40.0
2025-06-02	v2.virtualflybrain.org	FBbt_00110658	VFB_00101567	0	1	19.0
2025-06-02	v2.virtualflybrain.org	VFB_00017894	VFB_00017894	2	6	65.0
2025-06-02	v2.virtualflybrain.org	VFB_00022467	VFB_00101567	0	2	43.0
2025-06-02	v2.virtualflybrain.org	VFB_00030600	VFB_00017894	0	1	0.0
2025-06-02	v2.virtualflybrain.org	VFB_00030602	VFB_00017894	0	1	1.0
2025-06-02	v2.virtualflybrain.org	VFB_00030614	VFB_00017894	0	1	2.0
2025-06-02	v2.virtualflybrain.org	VFB_00030620	VFB_00017894	0	1	5.0
2025-06-02	v2.virtualflybrain.org	VFB_00030623	VFB_00017894	0	1	10.0
2025-06-02	v2.virtualflybrain.org	VFB_00030626	VFB_00017894	0	1	7.0
2025-06-02	v2.virtualflybrain.org	VFB_00030627	VFB_00017894	0	1	0.0
2025-06-02	v2.virtualflybrain.org	VFB_00030628	VFB_00017894	0	1	1.0
2025-06-02	v2.virtualflybrain.org	VFB_00030629	VFB_00017894	0	1	34.0
2025-06-02	v2.virtualflybrain.org	VFB_00030630	VFB_00017894	0	1	0.0
2025-06-02	v2.virtualflybrain.org	VFB_00030840	VFB_00017894	0	1	0.0
2025-06-02	v2.virtualflybrain.org	VFB_00030849	VFB_00017894	0	2	19.0
2025-06-02	v2.virtualflybrain.org	VFB_00030866	VFB_00017894	0	1	2.0
2025-06-02	v2.virtualflybrain.org	VFB_00030867	VFB_00017894	11	2	0.0
2025-06-02	v2.virtualflybrain.org	VFB_00030868	VFB_00017894	0	1	1.0
2025-06-02	v2.virtualflybrain.org	VFB_00030870	VFB_00017894	0	1	4.0
2025-06-02	v2.virtualflybrain.org	VFB_00030871	VFB_00017894	0	1	1.0
2025-06-02	v2.virtualflybrain.org	VFB_00030872	VFB_00017894	0	1	5.0
2025-06-02	v2.virtualflybrain.org	VFB_00030878	VFB_00017894	0	1	1.0
2025-06-02	v2.virtualflybrain.org	VFB_00030879	VFB_00017894	1	2	0.0
2025-06-02	v2.virtualflybrain.org	VFB_00030879	VFB_00101567	0	1	4.0
2025-06-02	v2.virtualflybrain.org	VFB_00030900	VFB_00017894	0	1	1.0
2025-06-02	v2.virtualflybrain.org	VFB_00049000		1	1	0.0
2025-06-02	v2.virtualflybrain.org	VFB_00049000	VFB_00049000	7	7	25.0
2025-06-02	v2.virtualflybrain.org	VFB_00050000		1	1	2.0
2025-06-02	v2.virtualflybrain.org	VFB_00050000	VFB_00050000	5	7	24.0
2025-06-02	v2.virtualflybrain.org	VFB_00050269	VFB_00049000	4	2	7.0
2025-06-02	v2.virtualflybrain.org	VFB_00050434	VFB_00049000	0	1	3.0
2025-06-02	v2.virtualflybrain.org	VFB_00050435	VFB_00049000	0	1	8.0
2025-06-02	v2.virtualflybrain.org	VFB_00050491	VFB_00049000	0	1	18.0
2025-06-02	v2.virtualflybrain.org	VFB_00050505	VFB_00049000	2	3	279.0
2025-06-02	v2.virtualflybrain.org	VFB_00050505	VFB_00101567	0	2	8.0
2025-06-02	v2.virtualflybrain.org	VFB_00069582	VFB_00101567	0	2	3.0
2025-06-02	v2.virtualflybrain.org	VFB_00070001	VFB_00101567	0	2	60.0
2025-06-02	v2.virtualflybrain.org	VFB_00100506	VFB_00050000	1	1	0.0
2025-06-02	v2.virtualflybrain.org	VFB_00100692	VFB_00050000	2	1	0.0
2025-06-02	v2.virtualflybrain.org	VFB_00100wj7	VFB_00101567	1	2	0.0
2025-06-02	v2.virtualflybrain.org	VFB_00100xe1	VFB_00101567	0	2	0.0
2025-06-02	v2.virtualflybrain.org	VFB_0010111m	VFB_00017894	0	2	1.0
2025-06-02	v2.virtualflybrain.org	VFB_0010111m	VFB_00101567	1	3	14.0
2025-06-02	v2.virtualflybrain.org	VFB_001012vl	VFB_00101567	1	2	58.0
2025-06-02	v2.virtualflybrain.org	VFB_001012wk		2	1	2.0
2025-06-02	v2.virtualflybrain.org	VFB_001012wk	VFB_00101567	3	2	7.0
2025-06-02	v2.virtualflybrain.org	VFB_00101567	VFB_00101567	12	71	1467.0
2025-06-02	v2.virtualflybrain.org	VFB_00101tcw	VFB_00101567	0	1	99.0
2025-06-02	v2.virtualflybrain.org	VFB_00101td1	VFB_00101567	4	1	69.0
2025-06-02	v2.virtualflybrain.org	VFB_001020my	VFB_00101567	1	2	110.0
2025-06-02	v2.virtualflybrain.org	VFB_001020my	VFB_00200000	1	2	7.0
2025-06-02	v2.virtualflybrain.org	VFB_00102118	VFB_00101567	3	3	11.0
2025-06-02	v2.virtualflybrain.org	VFB_00102119	VFB_00101567	2	3	785.0
2025-06-02	v2.virtualflybrain.org	VFB_00102121	VFB_00101567	0	1	75.0
2025-06-02	v2.virtualflybrain.org	VFB_00102123	VFB_00101567	0	1	12.0
2025-06-02	v2.virtualflybrain.org	VFB_00102124	VFB_00101567	0	1	3.0
2025-06-02	v2.virtualflybrain.org	VFB_00102133	VFB_00101567	0	1	10.0
2025-06-02	v2.virtualflybrain.org	VFB_00102154	VFB_00101567	0	1	66.0
2025-06-02	v2.virtualflybrain.org	VFB_00102195	VFB_00050000	1	1	1.0
2025-06-02	v2.virtualflybrain.org	VFB_00102195	VFB_00101567	0	2	2.0
2025-06-02	v2.virtualflybrain.org	VFB_00102201	VFB_00101567	0	1	79.0
2025-06-02	v2.virtualflybrain.org	VFB_00102215	VFB_00101567	0	1	11.0
2025-06-02	v2.virtualflybrain.org	VFB_00102218	VFB_00101567	0	1	11.0
2025-06-02	v2.virtualflybrain.org	VFB_00102271	VFB_00101567	0	1	9.0
2025-06-02	v2.virtualflybrain.org	VFB_00102273	VFB_00101567	3	1	0.0
2025-06-02	v2.virtualflybrain.org	VFB_001044zw	VFB_00101567	1	1	1.0
2025-06-02	v2.virtualflybrain.org	VFB_00200000	VFB_00200000	2	6	96.0
2025-06-02	v2.virtualflybrain.org	VFB_fw000156	VFB_00101567	0	1	32.0
2025-06-02	v2.virtualflybrain.org	VFB_fw033839		1	1	6.0
2025-06-02	v2.virtualflybrain.org	VFB_fw033839	VFB_00101567	0	1	7.0
2025-06-02	v2.virtualflybrain.org	VFB_jrchjvzu	VFB_00101567	4	2	0.0
2025-06-02	v2.virtualflybrain.org	VFB_jrchjwj1	VFB_00101567	0	1	22.0
2025-06-02	v2.virtualflybrain.org	VFB_jrchjyjy	VFB_00101567	4	4	0.0
2025-06-02	v2.virtualflybrain.org	VFB_jrchk10e		1	1	0.0
2025-06-02	v2.virtualflybrain.org	VFB_jrchk10e	VFB_00101567	1	3	80.0
2025-06-02	v2.virtualflybrain.org	VFB_jrchk8ds		1	1	4.0
2025-06-02	v2.virtualflybrain.org	VFB_jrcv07yv		1	1	1.0
2025-06-02	v2.virtualflybrain.org	VFB_jrcv07yv	VFB_00200000	0	1	16.0
2025-06-02	v2.virtualflybrain.org	VFB_jrcv0y75	VFB_00200000	6	2	10.0
2025-06-02	v2.virtualflybrain.org	VFBexp_FBtp0057		1	1	2.0
2025-06-02	v2.virtualflybrain.org	VFBexp_FBtp0057	VFB_00101567	0	2	32.0
2025-06-02	v2.virtualflybrain.org	VFBexp_FBtp0059		2	1	4.0
2025-06-02	v2.virtualflybrain.org	VFBexp_FBtp0059	VFB_00101567	0	1	2.0
2025-06-02	v2.virtualflybrain.org	VFBexp_FBtp0099		2	2	1.0
2025-06-02	v2.virtualflybrain.org	VFBexp_FBtp0099	VFB_00101567	0	2	49.0
2025-06-02	v2.virtualflybrain.org	VFBexp_FBtp0101	VFB_00101567	1	0	0.0
2025-06-02	v2.virtualflybrain.org	VFBexp_FBtp0117		1	1	0.0
2025-06-02	v2.virtualflybrain.org	VFBexp_FBtp0117	VFB_00101567	0	1	0.0
2025-06-02	v2.virtualflybrain.org	VFBexp_FBtp0121		1	1	1.0
2025-06-02	v2.virtualflybrain.org	VFBexp_FBtp0121	VFB_00101567	1	1	16.0
2025-06-02	v2.virtualflybrain.org	VFBu_zhrd52xi		1	1	0.0
2025-06-02	www.virtualflybrain.org	VFBu_8uvHb4t6		2	1	648.0
2025-06-03		FBbt_00003004		2	1	0.0
2025-06-03		FBbt_00003004	VFB_00101567	2	2	0.0
2025-06-03		FBbt_00003624		12	3	7.0
2025-06-03		FBbt_00003624	VFB_00101567	13	4	0.0
2025-06-03		FBbt_00003668		1	1	0.0
2025-06-03		FBbt_00003668	VFB_00101567	1	1	0.0
2025-06-03		FBbt_00003678		1	1	0.0
2025-06-03		FBbt_00003678	VFB_00101567	1	1	0.0
2025-06-03		FBbt_00003679		17	2	0.0
2025-06-03		FBbt_00003679	VFB_00101567	17	3	0.0
2025-06-03		FBbt_00003681		6	6	0.0
2025-06-03		FBbt_00003681	VFB_00101567	6	6	0.0
2025-06-03		FBbt_00003682		4	2	0.0
2025-06-03		FBbt_00003682	VFB_00101567	4	2	0.0
2025-06-03		FBbt_00003684		2	1	0.0
2025-06-03		FBbt_00003684	VFB_00101567	2	1	0.0
2025-06-03		FBbt_00003701		2	1	0.0
2025-06-03		FBbt_00003701	VFB_00101567	3	1	0.0
2025-06-03		FBbt_00003748		4	3	0.0
2025-06-03		FBbt_00003748	VFB_00101567	4	4	0.0
2025-06-03		FBbt_00003784		2	1	0.0
2025-06-03		FBbt_00003784	VFB_00101567	2	1	0.0
2025-06-03		FBbt_00003790		1	1	0.0
2025-06-03		FBbt_00003790	VFB_00101567	1	1	0.0
2025-06-03		FBbt_00003852		4	3	0.0
2025-06-03		FBbt_00003852	VFB_00101567	11	3	0.0
2025-06-03		FBbt_00004856		2	1	5.0
2025-06-03		FBbt_00004856	VFB_00101567	2	1	0.0
2025-06-03		FBbt_00005093		8	3	1.0
2025-06-03		FBbt_00005093	VFB_00101567	8	3	0.0
2025-06-03		FBbt_00006024		5	1	0.0
2025-06-03		FBbt_00006024	VFB_00050000	5	1	0.0
2025-06-03		FBbt_00007055		4	3	0.0
2025-06-03		FBbt_00007055	VFB_00101567	4	3	0.0
2025-06-03		FBbt_00007058		1	1	0.0
2025-06-03		FBbt_00007058	VFB_00101567	1	1	0.0
2025-06-03		FBbt_00007059		1	1	0.0
2025-06-03		FBbt_00007059	VFB_00101567	1	1	0.0
2025-06-03		FBbt_00007401		4	1	0.0
2025-06-03		FBbt_00007401	VFB_00101567	4	1	0.0
2025-06-03		FBbt_00007453		1	1	0.0
2025-06-03		FBbt_00007453	VFB_00101567	1	1	0.0
2025-06-03		FBbt_00013694		8	2	0.0
2025-06-03		FBbt_00013694	VFB_00101567	8	3	0.0
2025-06-03		FBbt_00013695		5	2	0.0
2025-06-03		FBbt_00013695	VFB_00101567	5	3	0.0
2025-06-03		FBbt_00014013		4	2	0.0
2025-06-03		FBbt_00014013	VFB_00101567	4	2	0.0
2025-06-03		FBbt_00040006		2	1	0.0
2025-06-03		FBbt_00040006	VFB_00101567	2	1	0.0
2025-06-03		FBbt_00040007		1	1	0.0
2025-06-03		FBbt_00040007	VFB_00101567	1	1	0.0
2025-06-03		FBbt_00040041		3	2	0.0
2025-06-03		FBbt_00040041	VFB_00101567	3	2	0.0
2025-06-03		FBbt_00040043		6	2	0.0
2025-06-03		FBbt_00040043	VFB_00101567	6	3	0.0
2025-06-03		FBbt_00045021		2	1	0.0
2025-06-03		FBbt_00045021	VFB_00101567	2	1	0.0
2025-06-03		FBbt_00045027		2	1	0.0
2025-06-03		FBbt_00045027	VFB_00101567	2	2	0.0
2025-06-03		FBbt_00045032		1	1	0.0
2025-06-03		FBbt_00045032	VFB_00101567	1	1	0.0
2025-06-03		FBbt_00045040		1	1	0.0
2025-06-03		FBbt_00045040	VFB_00101567	1	1	0.0
2025-06-03		FBbt_00045048		6	4	0.0
2025-06-03		FBbt_00045048	VFB_00101567	6	5	0.0
2025-06-03		FBbt_00045050		2	1	0.0
2025-06-03		FBbt_00045050	VFB_00101567	3	1	0.0
2025-06-03		FBbt_00047887		1	1	0.0
2025-06-03		FBbt_00047887	VFB_00101567	1	1	0.0
2025-06-03		FBbt_00049764		1	1	0.0
2025-06-03		FBbt_00049764	VFB_00101567	1	1	0.0
2025-06-03		FBbt_00049779		2	1	10.0
2025-06-03		FBbt_00049779	VFB_00101567	2	1	0.0
2025-06-03		FBbt_00049785		2	1	8.0
2025-06-03		FBbt_00049785	VFB_00101567	2	1	0.0
2025-06-03		FBbt_00049839		1	1	0.0
2025-06-03		FBbt_00049839	VFB_00101567	1	1	0.0
2025-06-03		FBbt_00050038		1	1	0.0
2025-06-03		FBbt_00050038	VFB_00101567	1	1	0.0
2025-06-03		FBbt_00050040		1	1	0.0
2025-06-03		FBbt_00050040	VFB_00101567	1	1	0.0
2025-06-03		FBbt_00051039		1	1	0.0
2025-06-03		FBbt_00051039	VFB_00101567	1	1	0.0
2025-06-03		FBbt_00052194		4	1	0.0
2025-06-03		FBbt_00052194	VFB_00101567	4	2	0.0
2025-06-03		FBbt_00053384		1	1	1.0
2025-06-03		FBbt_00053384	VFB_00101567	1	1	0.0
2025-06-03		FBbt_00100246		1	1	0.0
2025-06-03		FBbt_00100246	VFB_00101567	1	1	0.0
2025-06-03		FBbt_00100258		1	1	0.0
2025-06-03		FBbt_00100258	VFB_00101567	1	1	0.0
2025-06-03		FBbt_00100259		1	1	0.0
2025-06-03		FBbt_00100259	VFB_00101567	1	1	0.0
2025-06-03		FBbt_00100313		2	1	2.0
2025-06-03		FBbt_00100313	VFB_00101567	2	1	0.0
2025-06-03		FBbt_00100483		1	1	0.0
2025-06-03		FBbt_00100483	VFB_00101567	1	1	0.0
2025-06-03		FBbt_00110636		2	1	0.0
2025-06-03		FBbt_00110636	VFB_00101567	2	1	0.0
2025-06-03		FBbt_00110638		1	1	0.0
2025-06-03		FBbt_00110638	VFB_00101567	1	1	0.0
2025-06-03		FBbt_00110657		9	2	0.0
2025-06-03		FBbt_00110657	VFB_00101567	9	2	0.0
2025-06-03		FBbt_00110658		6	2	0.0
2025-06-03		FBbt_00110658	VFB_00101567	7	2	0.0
2025-06-03		FBbt_00111022		4	1	0.0
2025-06-03		FBbt_00111022	VFB_00101567	4	2	0.0
2025-06-03		FBbt_00111162		2	1	0.0
2025-06-03		FBbt_00111162	VFB_00101567	2	1	0.0
2025-06-03		FBbt_00111352		1	1	0.0
2025-06-03		FBbt_00111352	VFB_00101567	1	1	0.0
2025-06-03		FBbt_20003810		4	1	12.0
2025-06-03		FBbt_20003810	VFB_00101567	6	1	0.0
2025-06-03		VFB_00006790		1	1	1.0
2025-06-03		VFB_00006790	VFB_00101567	1	1	0.0
2025-06-03		VFB_00011237		2	1	4.0
2025-06-03		VFB_00011237	VFB_00101567	2	1	0.0
2025-06-03		VFB_00011612		1	1	0.0
2025-06-03		VFB_00011612	VFB_00101567	1	1	0.0
2025-06-03		VFB_00023331		2	1	3.0
2025-06-03		VFB_00023331	VFB_00101567	2	1	0.0
2025-06-03		VFB_00026812		9	2	19.0
2025-06-03		VFB_00026812	VFB_00101567	9	3	0.0
2025-06-03		VFB_00030867		3	1	0.0
2025-06-03		VFB_00030867	VFB_00017894	3	1	0.0
2025-06-03		VFB_00030870		4	1	11.0
2025-06-03		VFB_00030870	VFB_00017894	1	1	0.0
2025-06-03		VFB_00030870	VFB_00101567	3	1	0.0
2025-06-03		VFB_00040123		4	1	7.0
2025-06-03		VFB_00040123	VFB_00101567	4	2	0.0
2025-06-03		VFB_00044901		1	1	20.0
2025-06-03		VFB_00044901	VFB_00101567	1	1	0.0
2025-06-03		VFB_00050000		4	1	0.0
2025-06-03		VFB_00050000	VFB_00050000	5	3	13.0
2025-06-03		VFB_00058207		1	1	0.0
2025-06-03		VFB_00058207	VFB_00049000	1	1	0.0
2025-06-03		VFB_00063693		2	1	0.0
2025-06-03		VFB_00063693	VFB_00101567	2	2	0.0
2025-06-03		VFB_00100049		11	1	31.0
2025-06-03		VFB_00100049	VFB_00050000	11	3	0.0
2025-06-03		VFB_00100086		6	1	58.0
2025-06-03		VFB_00100086	VFB_00050000	6	2	0.0
2025-06-03		VFB_001001dq		1	1	0.0
2025-06-03		VFB_001001dq	VFB_00101567	1	1	0.0
2025-06-03		VFB_00100759		6	1	14.0
2025-06-03		VFB_00100759	VFB_00050000	6	2	0.0
2025-06-03		VFB_00100760		6	1	15.0
2025-06-03		VFB_00100760	VFB_00050000	6	2	0.0
2025-06-03		VFB_00100869		11	1	75.0
2025-06-03		VFB_00100869	VFB_00050000	16	3	0.0
2025-06-03		VFB_00100907		6	1	15.0
2025-06-03		VFB_00100907	VFB_00050000	6	2	0.0
2025-06-03		VFB_00100fru		2	1	0.0
2025-06-03		VFB_00100fru	VFB_00101567	2	1	0.0
2025-06-03		VFB_00100yhu		6	1	24.0
2025-06-03		VFB_00100yhu	VFB_00101567	6	1	0.0
2025-06-03		VFB_00100zoe		3	1	9.0
2025-06-03		VFB_00100zoe	VFB_00101567	3	2	0.0
2025-06-03		VFB_001012c4		1	1	0.0
2025-06-03		VFB_001012c4	VFB_00101567	7	1	0.0
2025-06-03		VFB_00101567		110	30	124.0
2025-06-03		VFB_00101567	VFB_00101567	123	44	6.0
2025-06-03		VFB_0010159v		6	1	29.0
2025-06-03		VFB_0010159v	VFB_00050000	6	2	0.0
2025-06-03		VFB_001015a5		6	1	12.0
2025-06-03		VFB_001015a5	VFB_00050000	6	2	0.0
2025-06-03		VFB_001015bk		1	1	0.0
2025-06-03		VFB_001015bk	VFB_00101567	1	1	0.0
2025-06-03		VFB_001015bo		6	1	17.0
2025-06-03		VFB_001015bo	VFB_00050000	6	2	0.0
2025-06-03		VFB_001015bp		2	1	0.0
2025-06-03		VFB_001015bp	VFB_00050000	3	2	0.0
2025-06-03		VFB_001015bq		6	1	12.0
2025-06-03		VFB_001015bq	VFB_00050000	6	2	0.0
2025-06-03		VFB_001015br		6	1	11.0
2025-06-03		VFB_001015br	VFB_00050000	6	2	0.0
2025-06-03		VFB_001015bs		13	1	28.0
2025-06-03		VFB_001015bs	VFB_00050000	8	2	0.0
2025-06-03		VFB_001015c4		6	1	3.0
2025-06-03		VFB_001015c4	VFB_00050000	6	2	0.0
2025-06-03		VFB_001015cg		6	1	11.0
2025-06-03		VFB_001015cg	VFB_00050000	6	2	0.0
2025-06-03		VFB_001015cx		7	1	37.0
2025-06-03		VFB_001015cx	VFB_00050000	7	2	0.0
2025-06-03		VFB_001015da		6	1	12.0
2025-06-03		VFB_001015da	VFB_00050000	6	2	0.0
2025-06-03		VFB_001015db		6	1	17.0
2025-06-03		VFB_001015db	VFB_00050000	6	2	0.0
2025-06-03		VFB_001015dz		6	1	2.0
2025-06-03		VFB_001015dz	VFB_00050000	6	2	0.0
2025-06-03		VFB_00101624		22	1	64.0
2025-06-03		VFB_00101624	VFB_00050000	22	4	0.0
2025-06-03		VFB_00101655		16	1	62.0
2025-06-03		VFB_00101655	VFB_00050000	16	3	0.0
2025-06-03		VFB_00101797		6	1	14.0
2025-06-03		VFB_00101797	VFB_00050000	6	2	0.0
2025-06-03		VFB_00101sm6		2	1	1.0
2025-06-03		VFB_00101sm6	VFB_00101567	2	1	0.0
2025-06-03		VFB_00101tba		2	1	2.0
2025-06-03		VFB_00101tba	VFB_00101567	2	1	0.0
2025-06-03		VFB_00102037		6	1	12.0
2025-06-03		VFB_00102037	VFB_00050000	6	2	0.0
2025-06-03		VFB_00102107		1	1	5.0
2025-06-03		VFB_00102107	VFB_00101567	1	1	0.0
2025-06-03		VFB_00102119		1	1	3.0
2025-06-03		VFB_00102119	VFB_00101567	1	1	0.0
2025-06-03		VFB_00102123		2	1	14.0
2025-06-03		VFB_00102123	VFB_00101567	2	2	0.0
2025-06-03		VFB_00102124		16	3	24.0
2025-06-03		VFB_00102124	VFB_00101567	15	4	0.0
2025-06-03		VFB_00102133		3	1	7.0
2025-06-03		VFB_00102133	VFB_00101567	3	2	0.0
2025-06-03		VFB_00102137		2	1	6.0
2025-06-03		VFB_00102137	VFB_00101567	2	2	0.0
2025-06-03		VFB_00102140		6	3	36.0
2025-06-03		VFB_00102140	VFB_00101567	6	4	0.0
2025-06-03		VFB_00102162		4	1	2.0
2025-06-03		VFB_00102162	VFB_00101567	3	1	0.0
2025-06-03		VFB_00102201		2	1	1.0
2025-06-03		VFB_00102201	VFB_00101567	2	1	0.0
2025-06-03		VFB_00102271		12	2	19.0
2025-06-03		VFB_00102271	VFB_00101567	12	3	0.0
2025-06-03		VFB_00102273		2	1	0.0
2025-06-03		VFB_00102273	VFB_00101567	2	1	0.0
2025-06-03		VFB_00102efj		10	1	4.0
2025-06-03		VFB_00102efj	VFB_00101567	9	1	0.0
2025-06-03		VFB_00102efj	VFB_00120000	1	1	0.0
2025-06-03		VFB_00102ek5		6	1	13.0
2025-06-03		VFB_00102ek5	VFB_00050000	6	2	0.0
2025-06-03		VFB_00102ev9		6	1	10.0
2025-06-03		VFB_00102ev9	VFB_00050000	6	2	0.0
2025-06-03		VFB_fw023470		5	1	1.0
2025-06-03		VFB_fw023470	VFB_00101567	5	1	0.0
2025-06-03		VFB_jrchjx8p		16	1	4.0
2025-06-03		VFB_jrchjx8p	VFB_00101567	16	1	0.0
2025-06-03		VFB_jrchjx8x		24	1	62.0
2025-06-03		VFB_jrchjx8x	VFB_00101384	1	1	0.0
2025-06-03		VFB_jrchjx8x	VFB_00101567	17	1	0.0
2025-06-03		VFB_jrchk0wx		10	1	13.0
2025-06-03		VFB_jrchk0wx	VFB_00101567	8	2	0.0
2025-06-03		VFB_jrchk10e		9	1	0.0
2025-06-03		VFB_jrchk10e	VFB_00101567	9	1	0.0
2025-06-03		VFB_jrchk38j		2	1	0.0
2025-06-03		VFB_jrchk38j	VFB_00101567	2	1	0.0
2025-06-03		VFB_jrchk66t		1	1	0.0
2025-06-03		VFB_jrchk66t	VFB_00101567	1	1	0.0
2025-06-03		VFBexp_FBti0005		1	1	0.0
2025-06-03		VFBexp_FBti0005	VFB_00101567	1	1	0.0
2025-06-03		VFBexp_FBti0016		10	2	0.0
2025-06-03		VFBexp_FBti0016	VFB_00101567	10	3	0.0
2025-06-03		VFBexp_FBti0168		1	1	0.0
2025-06-03		VFBexp_FBti0168	VFB_00101567	1	1	0.0
2025-06-03		VFBexp_FBtp0058		1	1	0.0
2025-06-03		VFBexp_FBtp0058	VFB_00101567	1	1	0.0
2025-06-03		VFBexp_FBtp0060		1	1	0.0
2025-06-03		VFBexp_FBtp0060	VFB_00101567	1	1	0.0
2025-06-03		VFBexp_FBtp0062		2	2	0.0
2025-06-03		VFBexp_FBtp0062	VFB_00101567	2	2	0.0
2025-06-03		VFBexp_FBtp0099		1	1	0.0
2025-06-03		VFBexp_FBtp0099	VFB_00101567	1	1	0.0
2025-06-03		VFBexp_FBtp0103		1	1	0.0
2025-06-03		VFBexp_FBtp0103	VFB_00101567	1	1	0.0
2025-06-03		VFBexp_FBtp0107		1	1	0.0
2025-06-03		VFBexp_FBtp0107	VFB_00101567	1	1	0.0
2025-06-03		VFBexp_FBtp0124		3	1	53.0
2025-06-03		VFBexp_FBtp0124	VFB_00101567	3	1	0.0
2025-06-03	v2-dev.virtualflybrain.org	FBbt_00003748	VFB_00101567	1	2	0.0
2025-06-03	v2-dev.virtualflybrain.org	VFB_00101567	VFB_00101567	0	1	0.0
2025-06-03	v2.virtualflybrain.org	FBbt_00003004	VFB_00101567	0	2	2.0
2025-06-03	v2.virtualflybrain.org	FBbt_00003624	VFB_00101567	0	5	80.0
2025-06-03	v2.virtualflybrain.org	FBbt_00003668	VFB_00101567	0	1	333.0
2025-06-03	v2.virtualflybrain.org	FBbt_00003678	VFB_00101567	0	1	0.0
2025-06-03	v2.virtualflybrain.org	FBbt_00003679	VFB_00101567	0	4	46.0
2025-06-03	v2.virtualflybrain.org	FBbt_00003681	VFB_00101567	1	6	52.0
2025-06-03	v2.virtualflybrain.org	FBbt_00003682	VFB_00101567	1	3	9.0
2025-06-03	v2.virtualflybrain.org	FBbt_00003684	VFB_00101567	0	1	5.0
2025-06-03	v2.virtualflybrain.org	FBbt_00003701	VFB_00101567	0	1	12.0
2025-06-03	v2.virtualflybrain.org	FBbt_00003748	VFB_00101567	0	3	11.0
2025-06-03	v2.virtualflybrain.org	FBbt_00003784	VFB_00101567	0	2	10.0
2025-06-03	v2.virtualflybrain.org	FBbt_00003790	VFB_00101567	0	1	3.0
2025-06-03	v2.virtualflybrain.org	FBbt_00003852	VFB_00101567	0	4	38.0
2025-06-03	v2.virtualflybrain.org	FBbt_00004856	VFB_00101567	0	1	0.0
2025-06-03	v2.virtualflybrain.org	FBbt_00005093	VFB_00101567	0	5	27.0
2025-06-03	v2.virtualflybrain.org	FBbt_00006024	VFB_00050000	7	1	0.0
2025-06-03	v2.virtualflybrain.org	FBbt_00007055	VFB_00101567	0	3	11.0
2025-06-03	v2.virtualflybrain.org	FBbt_00007058	VFB_00101567	0	1	3.0
2025-06-03	v2.virtualflybrain.org	FBbt_00007059	VFB_00101567	0	2	44.0
2025-06-03	v2.virtualflybrain.org	FBbt_00007401	VFB_00101567	2	2	43.0
2025-06-03	v2.virtualflybrain.org	FBbt_00013694	VFB_00101567	0	4	49.0
2025-06-03	v2.virtualflybrain.org	FBbt_00013695	VFB_00101567	0	1	27.0
2025-06-03	v2.virtualflybrain.org	FBbt_00014013	VFB_00101567	0	2	27.0
2025-06-03	v2.virtualflybrain.org	FBbt_00040006	VFB_00101567	0	2	1.0
2025-06-03	v2.virtualflybrain.org	FBbt_00040007	VFB_00101567	1	1	2.0
2025-06-03	v2.virtualflybrain.org	FBbt_00040041	VFB_00101567	0	1	2.0
2025-06-03	v2.virtualflybrain.org	FBbt_00040043	VFB_00101567	0	5	39.0
2025-06-03	v2.virtualflybrain.org	FBbt_00045021	VFB_00101567	0	1	4.0
2025-06-03	v2.virtualflybrain.org	FBbt_00045027	VFB_00101567	0	2	5.0
2025-06-03	v2.virtualflybrain.org	FBbt_00045032	VFB_00101567	0	1	44.0
2025-06-03	v2.virtualflybrain.org	FBbt_00045040	VFB_00101567	0	2	36.0
2025-06-03	v2.virtualflybrain.org	FBbt_00045048	VFB_00101567	0	6	115.0
2025-06-03	v2.virtualflybrain.org	FBbt_00045050	VFB_00101567	0	1	19.0
2025-06-03	v2.virtualflybrain.org	FBbt_00047887	VFB_00101567	0	1	9.0
2025-06-03	v2.virtualflybrain.org	FBbt_00049764	VFB_00101567	0	2	42.0
2025-06-03	v2.virtualflybrain.org	FBbt_00049779	VFB_00101567	0	1	0.0
2025-06-03	v2.virtualflybrain.org	FBbt_00049785	VFB_00101567	0	1	0.0
2025-06-03	v2.virtualflybrain.org	FBbt_00049839	VFB_00101567	0	1	28.0
2025-06-03	v2.virtualflybrain.org	FBbt_00050038	VFB_00101567	0	1	16.0
2025-06-03	v2.virtualflybrain.org	FBbt_00050040	VFB_00101567	0	1	51.0
2025-06-03	v2.virtualflybrain.org	FBbt_00051039	VFB_00101567	0	1	14.0
2025-06-03	v2.virtualflybrain.org	FBbt_00052194	VFB_00101567	3	3	73.0
2025-06-03	v2.virtualflybrain.org	FBbt_00053384	VFB_00101567	0	1	13.0
2025-06-03	v2.virtualflybrain.org	FBbt_00100246	VFB_00101567	0	2	29.0
2025-06-03	v2.virtualflybrain.org	FBbt_00100258	VFB_00101567	0	2	49.0
2025-06-03	v2.virtualflybrain.org	FBbt_00100259	VFB_00101567	0	1	19.0
2025-06-03	v2.virtualflybrain.org	FBbt_00100313	VFB_00101567	0	1	0.0
2025-06-03	v2.virtualflybrain.org	FBbt_00100483	VFB_00101567	0	1	17.0
2025-06-03	v2.virtualflybrain.org	FBbt_00110636	VFB_00101567	0	1	68.0
2025-06-03	v2.virtualflybrain.org	FBbt_00110638	VFB_00101567	0	1	14.0
2025-06-03	v2.virtualflybrain.org	FBbt_00110657	VFB_00101567	0	2	33.0
2025-06-03	v2.virtualflybrain.org	FBbt_00110658	VFB_00101567	0	3	23.0
2025-06-03	v2.virtualflybrain.org	FBbt_00111022	VFB_00101567	0	3	174.0
2025-06-03	v2.virtualflybrain.org	FBbt_00111162	VFB_00101567	0	1	48.0
2025-06-03	v2.virtualflybrain.org	FBbt_00111352	VFB_00101567	0	2	55.0
2025-06-03	v2.virtualflybrain.org	FBbt_20003810	VFB_00101567	0	1	0.0
2025-06-03	v2.virtualflybrain.org	VFB_00006790	VFB_00101567	0	1	9.0
2025-06-03	v2.virtualflybrain.org	VFB_00011237	VFB_00101567	0	1	36.0
2025-06-03	v2.virtualflybrain.org	VFB_00011612	VFB_00101567	1	2	59.0
2025-06-03	v2.virtualflybrain.org	VFB_00017894	VFB_00017894	0	1	0.0
2025-06-03	v2.virtualflybrain.org	VFB_00023331	VFB_00101567	0	1	78.0
2025-06-03	v2.virtualflybrain.org	VFB_00026812	VFB_00101567	0	4	79.0
2025-06-03	v2.virtualflybrain.org	VFB_00030867	VFB_00017894	3	1	0.0
2025-06-03	v2.virtualflybrain.org	VFB_00030870	VFB_00017894	1	3	8.0
2025-06-03	v2.virtualflybrain.org	VFB_00030870	VFB_00101567	0	2	15.0
2025-06-03	v2.virtualflybrain.org	VFB_00040123	VFB_00101567	2	2	0.0
2025-06-03	v2.virtualflybrain.org	VFB_00044901	VFB_00101567	0	1	50.0
2025-06-03	v2.virtualflybrain.org	VFB_00049000	VFB_00049000	0	1	52.0
2025-06-03	v2.virtualflybrain.org	VFB_00050000	VFB_00050000	2	5	38.0
2025-06-03	v2.virtualflybrain.org	VFB_00058207	VFB_00049000	1	1	0.0
2025-06-03	v2.virtualflybrain.org	VFB_00063693	VFB_00101567	3	2	84.0
2025-06-03	v2.virtualflybrain.org	VFB_00100049	VFB_00050000	0	1	4.0
2025-06-03	v2.virtualflybrain.org	VFB_00100086	VFB_00050000	0	3	38.0
2025-06-03	v2.virtualflybrain.org	VFB_001001dq	VFB_00101567	1	1	128.0
2025-06-03	v2.virtualflybrain.org	VFB_00100759	VFB_00050000	0	1	3.0
2025-06-03	v2.virtualflybrain.org	VFB_00100760	VFB_00050000	0	1	2.0
2025-06-03	v2.virtualflybrain.org	VFB_00100869	VFB_00050000	0	1	1.0
2025-06-03	v2.virtualflybrain.org	VFB_00100907	VFB_00050000	0	1	2.0
2025-06-03	v2.virtualflybrain.org	VFB_00100fru	VFB_00101567	0	2	18.0
2025-06-03	v2.virtualflybrain.org	VFB_00100fru	VFB_00200000	1	2	3.0
2025-06-03	v2.virtualflybrain.org	VFB_00100yhu	VFB_00101567	0	1	0.0
2025-06-03	v2.virtualflybrain.org	VFB_00100zoe	VFB_00101567	1	1	656.0
2025-06-03	v2.virtualflybrain.org	VFB_001012c4	VFB_00101567	0	2	35.0
2025-06-03	v2.virtualflybrain.org	VFB_00101567	VFB_00101567	18	79	927.0
2025-06-03	v2.virtualflybrain.org	VFB_0010159v	VFB_00050000	0	1	4.0
2025-06-03	v2.virtualflybrain.org	VFB_001015a5	VFB_00050000	0	1	2.0
2025-06-03	v2.virtualflybrain.org	VFB_001015bk	VFB_00101567	1	1	21.0
2025-06-03	v2.virtualflybrain.org	VFB_001015bo	VFB_00050000	0	1	3.0
2025-06-03	v2.virtualflybrain.org	VFB_001015bp	VFB_00050000	0	1	5.0
2025-06-03	v2.virtualflybrain.org	VFB_001015bq	VFB_00050000	0	1	5.0
2025-06-03	v2.virtualflybrain.org	VFB_001015br	VFB_00050000	0	1	2.0
2025-06-03	v2.virtualflybrain.org	VFB_001015bs	VFB_00050000	0	1	2.0
2025-06-03	v2.virtualflybrain.org	VFB_001015c4	VFB_00050000	0	1	4.0
2025-06-03	v2.virtualflybrain.org	VFB_001015cg	VFB_00050000	0	1	4.0
2025-06-03	v2.virtualflybrain.org	VFB_001015cx	VFB_00050000	0	2	24.0
2025-06-03	v2.virtualflybrain.org	VFB_001015cx	VFB_00101567	0	1	85.0
2025-06-03	v2.virtualflybrain.org	VFB_001015da	VFB_00050000	0	1	4.0
2025-06-03	v2.virtualflybrain.org	VFB_001015db	VFB_00050000	0	1	3.0
2025-06-03	v2.virtualflybrain.org	VFB_001015dz	VFB_00050000	0	1	4.0
2025-06-03	v2.virtualflybrain.org	VFB_00101624	VFB_00050000	1	2	44.0
2025-06-03	v2.virtualflybrain.org	VFB_00101655	VFB_00050000	0	1	4.0
2025-06-03	v2.virtualflybrain.org	VFB_00101797	VFB_00050000	0	1	3.0
2025-06-03	v2.virtualflybrain.org	VFB_00101sm6	VFB_00101567	0	1	35.0
2025-06-03	v2.virtualflybrain.org	VFB_00101tba	VFB_00101567	0	1	14.0
2025-06-03	v2.virtualflybrain.org	VFB_00102037	VFB_00050000	0	1	1.0
2025-06-03	v2.virtualflybrain.org	VFB_00102107	VFB_00101567	0	1	40.0
2025-06-03	v2.virtualflybrain.org	VFB_00102119	VFB_00101567	0	1	23.0
2025-06-03	v2.virtualflybrain.org	VFB_00102123	VFB_00101567	0	1	58.0
2025-06-03	v2.virtualflybrain.org	VFB_00102124	VFB_00101567	0	4	25.0
2025-06-03	v2.virtualflybrain.org	VFB_00102133	VFB_00101567	0	2	144.0
2025-06-03	v2.virtualflybrain.org	VFB_00102137	VFB_00101567	1	1	0.0
2025-06-03	v2.virtualflybrain.org	VFB_00102140	VFB_00101567	0	2	31.0
2025-06-03	v2.virtualflybrain.org	VFB_00102162	VFB_00101567	0	1	6.0
2025-06-03	v2.virtualflybrain.org	VFB_00102201	VFB_00101567	0	1	140.0
2025-06-03	v2.virtualflybrain.org	VFB_00102271	VFB_00101567	9	2	28.0
2025-06-03	v2.virtualflybrain.org	VFB_00102273	VFB_00101567	2	1	0.0
2025-06-03	v2.virtualflybrain.org	VFB_00102efj	VFB_00101567	0	2	27.0
2025-06-03	v2.virtualflybrain.org	VFB_00102efj	VFB_00120000	1	3	6.0
2025-06-03	v2.virtualflybrain.org	VFB_00102ek5	VFB_00050000	0	1	2.0
2025-06-03	v2.virtualflybrain.org	VFB_00102ev9	VFB_00050000	0	1	7.0
2025-06-03	v2.virtualflybrain.org	VFB_fw023470	VFB_00101567	4	1	59.0
2025-06-03	v2.virtualflybrain.org	VFB_jrchjx8p	VFB_00101567	12	2	22.0
2025-06-03	v2.virtualflybrain.org	VFB_jrchjx8x	VFB_00101384	1	3	15.0
2025-06-03	v2.virtualflybrain.org	VFB_jrchjx8x	VFB_00101567	0	2	9.0
2025-06-03	v2.virtualflybrain.org	VFB_jrchk0wx	VFB_00101567	0	2	63.0
2025-06-03	v2.virtualflybrain.org	VFB_jrchk10e	VFB_00101567	9	1	0.0
2025-06-03	v2.virtualflybrain.org	VFB_jrchk38j	VFB_00101567	0	1	112.0
2025-06-03	v2.virtualflybrain.org	VFB_jrchk66t	VFB_00101567	1	2	5.0
2025-06-03	v2.virtualflybrain.org	VFBexp_FBti0005	VFB_00101567	0	1	40.0
2025-06-03	v2.virtualflybrain.org	VFBexp_FBti0016	VFB_00101567	0	5	255.0
2025-06-03	v2.virtualflybrain.org	VFBexp_FBti0168	VFB_00101567	0	1	0.0
2025-06-03	v2.virtualflybrain.org	VFBexp_FBtp0058	VFB_00101567	0	1	7.0
2025-06-03	v2.virtualflybrain.org	VFBexp_FBtp0060		1	1	0.0
2025-06-03	v2.virtualflybrain.org	VFBexp_FBtp0060	VFB_00101567	0	1	1.0
2025-06-03	v2.virtualflybrain.org	VFBexp_FBtp0062		1	1	0.0
2025-06-03	v2.virtualflybrain.org	VFBexp_FBtp0062	VFB_00101567	0	2	29.0
2025-06-03	v2.virtualflybrain.org	VFBexp_FBtp0099		1	1	0.0
2025-06-03	v2.virtualflybrain.org	VFBexp_FBtp0099	VFB_00101567	0	1	8.0
2025-06-03	v2.virtualflybrain.org	VFBexp_FBtp0103	VFB_00101567	0	1	16.0
2025-06-03	v2.virtualflybrain.org	VFBexp_FBtp0107		1	1	1.0
2025-06-03	v2.virtualflybrain.org	VFBexp_FBtp0107	VFB_00101567	0	1	10.0
2025-06-03	v2.virtualflybrain.org	VFBexp_FBtp0124	VFB_00101567	1	2	0.0
2025-06-04		FBbt_00003004		1	1	0.0
2025-06-04		FBbt_00003004	VFB_00101567	1	1	0.0
2025-06-04		FBbt_00003381		1	1	0.0
2025-06-04		FBbt_00003381	VFB_00101567	1	1	0.0
2025-06-04		FBbt_00003678		1	1	0.0
2025-06-04		FBbt_00003678	VFB_00101567	1	1	0.0
2025-06-04		FBbt_00003680		2	1	0.0
2025-06-04		FBbt_00003680	VFB_00101567	2	1	0.0
2025-06-04		FBbt_00003681		8	5	0.0
2025-06-04		FBbt_00003681	VFB_00101567	8	6	0.0
2025-06-04		FBbt_00003682		1	1	0.0
2025-06-04		FBbt_00003682	VFB_00101567	1	1	0.0
2025-06-04		FBbt_00003684		2	1	0.0
2025-06-04		FBbt_00003684	VFB_00101567	2	1	0.0
2025-06-04		FBbt_00003748		13	5	0.0
2025-06-04		FBbt_00003748	VFB_00101567	13	5	0.0
2025-06-04		FBbt_00004020		2	1	1.0
2025-06-04		FBbt_00004020	VFB_00101567	2	2	0.0
2025-06-04		FBbt_00005133		2	1	0.0
2025-06-04		FBbt_00005133	VFB_00050000	2	2	0.0
2025-06-04		FBbt_00005134		1	1	0.0
2025-06-04		FBbt_00005134	VFB_00050000	6	1	0.0
2025-06-04		FBbt_00006024		4	1	0.0
2025-06-04		FBbt_00006024	VFB_00050000	4	1	0.0
2025-06-04		FBbt_00006048		1	1	0.0
2025-06-04		FBbt_00006048	VFB_00101567	1	1	0.0
2025-06-04		FBbt_00007055		3	1	0.0
2025-06-04		FBbt_00007055	VFB_00101567	3	1	0.0
2025-06-04		FBbt_00007146		2	1	0.0
2025-06-04		FBbt_00007146	VFB_00101567	2	1	0.0
2025-06-04		FBbt_00007147		1	1	0.0
2025-06-04		FBbt_00007147	VFB_00101567	2	1	0.0
2025-06-04		FBbt_00007385		1	1	0.0
2025-06-04		FBbt_00007385	VFB_00101567	1	1	0.0
2025-06-04		FBbt_00007535		1	1	0.0
2025-06-04		FBbt_00007535	VFB_00101567	1	1	0.0
2025-06-04		FBbt_00007677		1	1	0.0
2025-06-04		FBbt_00007677	VFB_00101567	1	1	0.0
2025-06-04		FBbt_00013691		8	1	0.0
2025-06-04		FBbt_00013691	VFB_00101567	8	1	0.0
2025-06-04		FBbt_00013694		17	1	0.0
2025-06-04		FBbt_00013694	VFB_00101567	17	2	0.0
2025-06-04		FBbt_00013695		1	1	0.0
2025-06-04		FBbt_00013695	VFB_00101567	1	1	0.0
2025-06-04		FBbt_00014013		11	3	0.0
2025-06-04		FBbt_00014013	VFB_00101567	11	7	0.0
2025-06-04		FBbt_00015407		2	1	0.0
2025-06-04		FBbt_00015407	VFB_00101567	2	1	0.0
2025-06-04		FBbt_00016687		1	1	0.0
2025-06-04		FBbt_00016687	VFB_00101567	1	1	0.0
2025-06-04		FBbt_00040001		5	1	0.0
2025-06-04		FBbt_00040001	VFB_00101567	5	1	0.0
2025-06-04		FBbt_00040007		2	1	24.0
2025-06-04		FBbt_00040007	VFB_00101567	2	1	0.0
2025-06-04		FBbt_00040041		8	3	0.0
2025-06-04		FBbt_00040041	VFB_00101567	9	4	0.0
2025-06-04		FBbt_00040042		2	2	0.0
2025-06-04		FBbt_00040042	VFB_00101567	2	2	0.0
2025-06-04		FBbt_00040043		1	1	0.0
2025-06-04		FBbt_00040043	VFB_00101567	1	1	0.0
2025-06-04		FBbt_00040048		1	1	0.0
2025-06-04		FBbt_00040048	VFB_00101567	1	1	0.0
2025-06-04		FBbt_00045021		2	1	0.0
2025-06-04		FBbt_00045021	VFB_00101567	2	1	0.0
2025-06-04		FBbt_00045027		8	2	0.0
2025-06-04		FBbt_00045027	VFB_00101567	8	3	0.0
2025-06-04		FBbt_00045030		6	2	0.0
2025-06-04		FBbt_00045030	VFB_00101567	6	2	0.0
2025-06-04		FBbt_00045047		1	1	0.0
2025-06-04		FBbt_00045047	VFB_00101567	1	1	0.0
2025-06-04		FBbt_00045048		25	2	0.0
2025-06-04		FBbt_00045048	VFB_00101567	28	6	0.0
2025-06-04		FBbt_00045050		12	2	0.0
2025-06-04		FBbt_00045050	VFB_00101567	12	3	0.0
2025-06-04		FBbt_00047887		2	1	0.0
2025-06-04		FBbt_00047887	VFB_00101567	3	1	0.0
2025-06-04		FBbt_00047938		2	1	0.0
2025-06-04		FBbt_00047938	VFB_00101567	2	2	0.0
2025-06-04		FBbt_00049738		2	1	35.0
2025-06-04		FBbt_00049738	VFB_00101567	3	1	0.0
2025-06-04		FBbt_00052194		8	1	0.0
2025-06-04		FBbt_00052194	VFB_00101567	8	1	0.0
2025-06-04		FBbt_00052708		1	1	0.0
2025-06-04		FBbt_00052708	VFB_00101567	1	1	0.0
2025-06-04		FBbt_00100163		1	1	0.0
2025-06-04		FBbt_00100163	VFB_00101567	1	1	0.0
2025-06-04		FBbt_00110537		5	1	0.0
2025-06-04		FBbt_00110537	VFB_00101567	5	1	0.0
2025-06-04		FBbt_00110657		6	1	0.0
2025-06-04		FBbt_00110657	VFB_00101567	6	1	0.0
2025-06-04		FBbt_00110658		6	1	0.0
2025-06-04		FBbt_00110658	VFB_00101567	6	1	0.0
2025-06-04		FBbt_00110854		4	1	0.0
2025-06-04		FBbt_00110854	VFB_00100000	2	1	0.0
2025-06-04		FBbt_00110854	VFB_00101567	2	2	0.0
2025-06-04		FBbt_00110925		1	1	0.0
2025-06-04		FBbt_00110925	VFB_00101567	1	1	0.0
2025-06-04		FBbt_00110939		3	1	0.0
2025-06-04		FBbt_00110939	VFB_00050000	5	2	0.0
2025-06-04		FBbt_00111316		2	1	4.0
2025-06-04		FBbt_00111316	VFB_00101567	2	1	0.0
2025-06-04		FBbt_20000647		1	1	0.0
2025-06-04		FBbt_20000647	VFB_00101567	1	1	0.0
2025-06-04		VFB_00000078		4	1	3.0
2025-06-04		VFB_00000078	VFB_00101567	4	2	0.0
2025-06-04		VFB_00020156		1	1	0.0
2025-06-04		VFB_00020156	VFB_00101567	1	1	0.0
2025-06-04		VFB_00030804		3	1	8.0
2025-06-04		VFB_00030804	VFB_00101567	3	1	0.0
2025-06-04		VFB_00030867		7	1	0.0
2025-06-04		VFB_00030867	VFB_00017894	7	1	0.0
2025-06-04		VFB_00040123		24	1	0.0
2025-06-04		VFB_00040123	VFB_00101567	24	1	0.0
2025-06-04		VFB_00063689		2	1	4.0
2025-06-04		VFB_00063689	VFB_00101567	2	2	0.0
2025-06-04		VFB_00063690		5	1	4.0
2025-06-04		VFB_00063690	VFB_00100000	3	1	0.0
2025-06-04		VFB_00063690	VFB_00101567	2	1	0.0
2025-06-04		VFB_00100172		40	1	347.0
2025-06-04		VFB_00100172	VFB_00050000	38	5	0.0
2025-06-04		VFB_0010025i		8	1	12.0
2025-06-04		VFB_0010025i	VFB_00050000	3	2	0.0
2025-06-04		VFB_00100774		1	1	0.0
2025-06-04		VFB_00100774	VFB_00050000	1	1	0.0
2025-06-04		VFB_00100775		1	1	0.0
2025-06-04		VFB_00100775	VFB_00050000	1	1	0.0
2025-06-04		VFB_00100785		11	1	172.0
2025-06-04		VFB_00100785	VFB_00050000	16	3	0.0
2025-06-04		VFB_00100836		8	1	2.0
2025-06-04		VFB_00100836	VFB_00050000	8	4	0.0
2025-06-04		VFB_001011k0		21	1	190.0
2025-06-04		VFB_001011k0	VFB_00050000	16	3	0.0
2025-06-04		VFB_001013vl		4	1	24.0
2025-06-04		VFB_001013vl	VFB_00101567	3	1	0.0
2025-06-04		VFB_00101567		116	58	41.0
2025-06-04		VFB_00101567	VFB_00101567	162	82	47.0
2025-06-04		VFB_001015bp		3	1	0.0
2025-06-04		VFB_001015bp	VFB_00050000	3	1	0.0
2025-06-04		VFB_001015cx		1	1	0.0
2025-06-04		VFB_001015cx	VFB_00050000	1	1	0.0
2025-06-04		VFB_00101683		5	1	7.0
2025-06-04		VFB_00101683	VFB_00050000	5	2	0.0
2025-06-04		VFB_00102118		3	1	0.0
2025-06-04		VFB_00102118	VFB_00101567	3	1	0.0
2025-06-04		VFB_00102137		4	1	0.0
2025-06-04		VFB_00102137	VFB_00101567	4	1	0.0
2025-06-04		VFB_00102140		6	3	7.0
2025-06-04		VFB_00102140	VFB_00101567	6	5	0.0
2025-06-04		VFB_00102154		7	1	0.0
2025-06-04		VFB_00102154	VFB_00101567	7	2	0.0
2025-06-04		VFB_00102170		2	1	1.0
2025-06-04		VFB_00102170	VFB_00101567	2	1	0.0
2025-06-04		VFB_00102176		2	1	15.0
2025-06-04		VFB_00102176	VFB_00101567	2	1	0.0
2025-06-04		VFB_00102212		3	1	10.0
2025-06-04		VFB_00102212	VFB_00101567	2	1	0.0
2025-06-04		VFB_00102271		10	1	38.0
2025-06-04		VFB_00102271	VFB_00101567	8	4	0.0
2025-06-04		VFB_00102274		9	1	8.0
2025-06-04		VFB_00102274	VFB_00101567	9	2	0.0
2025-06-04		VFB_00102280		6	2	7.0
2025-06-04		VFB_00102280	VFB_00101567	5	3	0.0
2025-06-04		VFB_00102gz6		2	1	4.0
2025-06-04		VFB_00102gz6	VFB_00101567	2	1	0.0
2025-06-04		VFB_00102h06		2	1	0.0
2025-06-04		VFB_00102h06	VFB_00101567	2	2	0.0
2025-06-04		VFB_00102h0r		3	1	6.0
2025-06-04		VFB_00102h0r	VFB_00101567	4	2	0.0
2025-06-04		VFB_00102h0s		4	1	24.0
2025-06-04		VFB_00102h0s	VFB_00101567	3	2	0.0
2025-06-04		VFB_00102h0t		3	1	1.0
2025-06-04		VFB_00102h0t	VFB_00101567	3	2	0.0
2025-06-04		VFB_00102h0u		3	1	1.0
2025-06-04		VFB_00102h0u	VFB_00101567	5	2	0.0
2025-06-04		VFB_00102h0v		3	1	0.0
2025-06-04		VFB_00102h0v	VFB_00101567	1	1	0.0
2025-06-04		VFB_00102h0w		1	1	0.0
2025-06-04		VFB_00102h0w	VFB_00101567	1	1	0.0
2025-06-04		VFB_00102hgt		2	1	0.0
2025-06-04		VFB_00102hgt	VFB_00101567	1	1	0.0
2025-06-04		VFB_00102hgu		2	1	0.0
2025-06-04		VFB_00102hgu	VFB_00101567	1	1	0.0
2025-06-04		VFB_fw010702		2	1	3.0
2025-06-04		VFB_fw010702	VFB_00101567	2	1	0.0
2025-06-04		VFB_fw015375		3	1	11.0
2025-06-04		VFB_fw015375	VFB_00101567	2	1	0.0
2025-06-04		VFB_fw016115		2	1	0.0
2025-06-04		VFB_fw016115	VFB_00101567	2	1	0.0
2025-06-04		VFB_fw035925		22	1	16.0
2025-06-04		VFB_fw035925	VFB_00101567	22	2	0.0
2025-06-04		VFB_fw036879		7	1	20.0
2025-06-04		VFB_fw036879	VFB_00101567	7	2	0.0
2025-06-04		VFB_jrchjx8p		25	1	0.0
2025-06-04		VFB_jrchjx8p	VFB_00101567	25	1	0.0
2025-06-04		VFB_jrchk0x5		4	1	0.0
2025-06-04		VFB_jrchk0x5	VFB_00100000	2	1	0.0
2025-06-04		VFB_jrchk0x5	VFB_00101567	1	1	0.0
2025-06-04		VFB_jrchk3qi		2	1	0.0
2025-06-04		VFB_jrchk3qi	VFB_00101567	2	1	0.0
2025-06-04		VFB_jrcv0jvf		3	1	0.0
2025-06-04		VFB_jrcv0jvf	VFB_00101567	1	1	0.0
2025-06-04		VFB_jrcv0jvf	VFB_00200000	2	1	0.0
2025-06-04		VFB_jrcvm1f1		1	1	0.0
2025-06-04		VFB_jrcvm1f1	VFB_00101567	1	1	0.0
2025-06-04		VFBexp_FBtp0023		2	1	0.0
2025-06-04		VFBexp_FBtp0023	VFB_00101567	2	1	0.0
2025-06-04		VFBexp_FBtp0058		10	1	0.0
2025-06-04		VFBexp_FBtp0058	VFB_00050000	1	1	0.0
2025-06-04		VFBexp_FBtp0058	VFB_00101567	9	1	0.0
2025-06-04		VFBexp_FBtp0062		1	1	0.0
2025-06-04		VFBexp_FBtp0062	VFB_00101567	1	1	0.0
2025-06-04		VFBexp_FBtp0107		8	1	0.0
2025-06-04		VFBexp_FBtp0107	VFB_00101567	8	1	0.0
2025-06-04	v2-dev.virtualflybrain.org	FBbt_00003748	VFB_00101567	1	1	0.0
2025-06-04	v2-dev.virtualflybrain.org	VFB_00101567	VFB_00101567	0	1	0.0
2025-06-04	v2.virtualflybrain.org	FBbt_00003004	VFB_00101567	0	1	5.0
2025-06-04	v2.virtualflybrain.org	FBbt_00003381		1	1	4.0
2025-06-04	v2.virtualflybrain.org	FBbt_00003381	VFB_00101567	0	1	8.0
2025-06-04	v2.virtualflybrain.org	FBbt_00003680	VFB_00101567	0	2	46.0
2025-06-04	v2.virtualflybrain.org	FBbt_00003681	VFB_00101567	3	8	126.0
2025-06-04	v2.virtualflybrain.org	FBbt_00003682	VFB_00101567	0	2	37.0
2025-06-04	v2.virtualflybrain.org	FBbt_00003684	VFB_00101567	0	1	3.0
2025-06-04	v2.virtualflybrain.org	FBbt_00003748	VFB_00101567	0	6	162.0
2025-06-04	v2.virtualflybrain.org	FBbt_00004020	VFB_00101567	0	2	143.0
2025-06-04	v2.virtualflybrain.org	FBbt_00005133	VFB_00050000	0	3	91.0
2025-06-04	v2.virtualflybrain.org	FBbt_00005134	VFB_00050000	0	1	21.0
2025-06-04	v2.virtualflybrain.org	FBbt_00006024	VFB_00050000	5	1	0.0
2025-06-04	v2.virtualflybrain.org	FBbt_00007055	VFB_00101567	0	1	13.0
2025-06-04	v2.virtualflybrain.org	FBbt_00007058	VFB_00101567	0	1	26.0
2025-06-04	v2.virtualflybrain.org	FBbt_00007146	VFB_00101567	0	1	20.0
2025-06-04	v2.virtualflybrain.org	FBbt_00007147	VFB_00101567	0	1	17.0
2025-06-04	v2.virtualflybrain.org	FBbt_00007385	VFB_00101567	0	1	1.0
2025-06-04	v2.virtualflybrain.org	FBbt_00007535		1	1	3.0
2025-06-04	v2.virtualflybrain.org	FBbt_00007535	VFB_00101567	0	1	32.0
2025-06-04	v2.virtualflybrain.org	FBbt_00007677	VFB_00101567	0	1	1.0
2025-06-04	v2.virtualflybrain.org	FBbt_00013691	VFB_00101567	0	1	16.0
2025-06-04	v2.virtualflybrain.org	FBbt_00013694	VFB_00101567	0	2	122.0
2025-06-04	v2.virtualflybrain.org	FBbt_00013695	VFB_00101567	0	1	1.0
2025-06-04	v2.virtualflybrain.org	FBbt_00014013	VFB_00101567	1	8	85.0
2025-06-04	v2.virtualflybrain.org	FBbt_00015407	VFB_00101567	0	1	2.0
2025-06-04	v2.virtualflybrain.org	FBbt_00016687	VFB_00101567	1	1	1.0
2025-06-04	v2.virtualflybrain.org	FBbt_00040001	VFB_00101567	0	1	17.0
2025-06-04	v2.virtualflybrain.org	FBbt_00040007	VFB_00101567	0	1	0.0
2025-06-04	v2.virtualflybrain.org	FBbt_00040041	VFB_00101567	0	3	865.0
2025-06-04	v2.virtualflybrain.org	FBbt_00040042	VFB_00101567	0	2	32.0
2025-06-04	v2.virtualflybrain.org	FBbt_00040043	VFB_00101567	0	1	14.0
2025-06-04	v2.virtualflybrain.org	FBbt_00040048	VFB_00101567	0	1	10.0
2025-06-04	v2.virtualflybrain.org	FBbt_00045021	VFB_00101567	0	1	1.0
2025-06-04	v2.virtualflybrain.org	FBbt_00045027	VFB_00101567	0	4	173.0
2025-06-04	v2.virtualflybrain.org	FBbt_00045030	VFB_00101567	0	2	40.0
2025-06-04	v2.virtualflybrain.org	FBbt_00045047	VFB_00101567	0	1	2.0
2025-06-04	v2.virtualflybrain.org	FBbt_00045048	VFB_00101567	0	7	212.0
2025-06-04	v2.virtualflybrain.org	FBbt_00045050	VFB_00101567	0	4	102.0
2025-06-04	v2.virtualflybrain.org	FBbt_00047887	VFB_00101567	0	1	13.0
2025-06-04	v2.virtualflybrain.org	FBbt_00047938	VFB_00101567	1	3	79.0
2025-06-04	v2.virtualflybrain.org	FBbt_00052194	VFB_00101567	9	1	0.0
2025-06-04	v2.virtualflybrain.org	FBbt_00052708	VFB_00101567	0	1	29.0
2025-06-04	v2.virtualflybrain.org	FBbt_00110537	VFB_00101567	0	2	60.0
2025-06-04	v2.virtualflybrain.org	FBbt_00110657	VFB_00101567	0	1	17.0
2025-06-04	v2.virtualflybrain.org	FBbt_00110658	VFB_00101567	0	1	13.0
2025-06-04	v2.virtualflybrain.org	FBbt_00110925	VFB_00101567	0	1	14.0
2025-06-04	v2.virtualflybrain.org	FBbt_00110939	VFB_00050000	0	2	124.0
2025-06-04	v2.virtualflybrain.org	FBbt_20000647	VFB_00101567	0	1	22.0
2025-06-04	v2.virtualflybrain.org	VFB_00000078	VFB_00101567	0	2	0.0
2025-06-04	v2.virtualflybrain.org	VFB_00017894	VFB_00017894	0	1	0.0
2025-06-04	v2.virtualflybrain.org	VFB_00020156	VFB_00101567	0	1	11.0
2025-06-04	v2.virtualflybrain.org	VFB_00030804	VFB_00101567	0	1	3.0
2025-06-04	v2.virtualflybrain.org	VFB_00030867	VFB_00017894	7	1	0.0
2025-06-04	v2.virtualflybrain.org	VFB_00040123	VFB_00101567	24	1	0.0
2025-06-04	v2.virtualflybrain.org	VFB_00050000	VFB_00050000	0	5	6.0
2025-06-04	v2.virtualflybrain.org	VFB_00100172	VFB_00050000	0	3	5.0
2025-06-04	v2.virtualflybrain.org	VFB_0010025i	VFB_00050000	0	2	205.0
2025-06-04	v2.virtualflybrain.org	VFB_00100774	VFB_00050000	1	1	0.0
2025-06-04	v2.virtualflybrain.org	VFB_00100775	VFB_00050000	0	2	31.0
2025-06-04	v2.virtualflybrain.org	VFB_00100785	VFB_00050000	0	1	7.0
2025-06-04	v2.virtualflybrain.org	VFB_00100836	VFB_00050000	1	4	214.0
2025-06-04	v2.virtualflybrain.org	VFB_001011k0	VFB_00050000	0	1	56.0
2025-06-04	v2.virtualflybrain.org	VFB_001013vl	VFB_00101567	0	2	5.0
2025-06-04	v2.virtualflybrain.org	VFB_00101567	VFB_00101567	99	152	1068.0
2025-06-04	v2.virtualflybrain.org	VFB_001015bp	VFB_00050000	3	1	27.0
2025-06-04	v2.virtualflybrain.org	VFB_001015cx	VFB_00050000	1	1	29.0
2025-06-04	v2.virtualflybrain.org	VFB_00101683	VFB_00050000	0	2	49.0
2025-06-04	v2.virtualflybrain.org	VFB_00102118	VFB_00101567	3	1	0.0
2025-06-04	v2.virtualflybrain.org	VFB_00102124	VFB_00101567	0	2	91.0
2025-06-04	v2.virtualflybrain.org	VFB_00102137	VFB_00101567	4	1	0.0
2025-06-04	v2.virtualflybrain.org	VFB_00102140	VFB_00101567	1	3	69.0
2025-06-04	v2.virtualflybrain.org	VFB_00102154	VFB_00101567	0	2	94.0
2025-06-04	v2.virtualflybrain.org	VFB_00102170	VFB_00101567	0	1	18.0
2025-06-04	v2.virtualflybrain.org	VFB_00102176	VFB_00101567	0	1	0.0
2025-06-04	v2.virtualflybrain.org	VFB_00102212	VFB_00101567	0	1	0.0
2025-06-04	v2.virtualflybrain.org	VFB_00102271	VFB_00101567	1	4	0.0
2025-06-04	v2.virtualflybrain.org	VFB_00102274	VFB_00101567	0	2	5.0
2025-06-04	v2.virtualflybrain.org	VFB_00102280	VFB_00101567	1	3	2.0
2025-06-04	v2.virtualflybrain.org	VFB_fw010702		1	1	0.0
2025-06-04	v2.virtualflybrain.org	VFB_fw010702	VFB_00101567	0	1	17.0
2025-06-04	v2.virtualflybrain.org	VFB_fw015375	VFB_00101567	0	1	7.0
2025-06-04	v2.virtualflybrain.org	VFB_fw035925	VFB_00101567	0	2	0.0
2025-06-04	v2.virtualflybrain.org	VFB_fw036879	VFB_00101567	3	2	40.0
2025-06-04	v2.virtualflybrain.org	VFB_jrchjx8p	VFB_00101567	24	1	0.0
2025-06-04	v2.virtualflybrain.org	VFB_jrchk3qi		1	1	0.0
2025-06-04	v2.virtualflybrain.org	VFB_jrchk3qi	VFB_00101567	0	1	1.0
2025-06-04	v2.virtualflybrain.org	VFB_jrchk66t	VFB_00101567	1	1	0.0
2025-06-04	v2.virtualflybrain.org	VFBexp_FBtp0023	VFB_00101567	0	2	89.0
2025-06-04	v2.virtualflybrain.org	VFBexp_FBtp0058	VFB_00050000	0	1	40.0
2025-06-04	v2.virtualflybrain.org	VFBexp_FBtp0058	VFB_00101567	9	1	2.0
2025-06-04	v2.virtualflybrain.org	VFBexp_FBtp0062		1	1	0.0
2025-06-04	v2.virtualflybrain.org	VFBexp_FBtp0062	VFB_00101567	0	1	0.0
2025-06-04	v2.virtualflybrain.org	VFBexp_FBtp0107	VFB_00101567	9	1	0.0
2025-06-04	v2a.virtualflybrain.org	FBbt_00003678	VFB_00101567	0	2	15.0
2025-06-04	v2a.virtualflybrain.org	FBbt_00003748	VFB_00101567	6	1	0.0
2025-06-04	v2a.virtualflybrain.org	FBbt_00004020	VFB_00101567	0	1	36.0
2025-06-04	v2a.virtualflybrain.org	FBbt_00006048	VFB_00101567	0	1	12.0
2025-06-04	v2a.virtualflybrain.org	FBbt_00049738	VFB_00101567	0	2	9.0
2025-06-04	v2a.virtualflybrain.org	FBbt_00100163	VFB_00101567	0	2	19.0
2025-06-04	v2a.virtualflybrain.org	FBbt_00110854	VFB_00100000	0	2	14.0
2025-06-04	v2a.virtualflybrain.org	FBbt_00110854	VFB_00101567	0	2	223.0
2025-06-04	v2a.virtualflybrain.org	FBbt_00111316	VFB_00101567	0	1	0.0
2025-06-04	v2a.virtualflybrain.org	VFB_00063689	VFB_00101567	0	1	0.0
2025-06-04	v2a.virtualflybrain.org	VFB_00063690	VFB_00100000	2	3	1.0
2025-06-04	v2a.virtualflybrain.org	VFB_00063690	VFB_00101567	0	1	1.0
2025-06-04	v2a.virtualflybrain.org	VFB_00100000	VFB_00100000	0	1	0.0
2025-06-04	v2a.virtualflybrain.org	VFB_00101567	VFB_00101567	0	16	284.0
2025-06-04	v2a.virtualflybrain.org	VFB_00102gz6	VFB_00101567	0	2	7.0
2025-06-04	v2a.virtualflybrain.org	VFB_00102h06	VFB_00101567	0	2	11.0
2025-06-04	v2a.virtualflybrain.org	VFB_00102h0r	VFB_00101567	1	2	229.0
2025-06-04	v2a.virtualflybrain.org	VFB_00102h0t	VFB_00101567	0	1	1.0
2025-06-04	v2a.virtualflybrain.org	VFB_00102h0v	VFB_00101567	0	1	0.0
2025-06-04	v2a.virtualflybrain.org	VFB_00102h0w	VFB_00101567	0	1	4.0
2025-06-04	v2a.virtualflybrain.org	VFB_00102hgt	VFB_00101567	0	2	16.0
2025-06-04	v2a.virtualflybrain.org	VFB_00102hgu	VFB_00101567	0	1	177.0
2025-06-04	v2a.virtualflybrain.org	VFB_00200000	VFB_00200000	0	1	0.0
2025-06-04	v2a.virtualflybrain.org	VFB_fw016115	VFB_00101567	0	1	11.0
2025-06-04	v2a.virtualflybrain.org	VFB_jrchk0x5	VFB_00100000	0	2	2.0
2025-06-04	v2a.virtualflybrain.org	VFB_jrchk0x5	VFB_00101567	1	3	22.0
2025-06-04	v2a.virtualflybrain.org	VFB_jrcv0jvf	VFB_00101567	0	1	6.0
2025-06-04	v2a.virtualflybrain.org	VFB_jrcv0jvf	VFB_00200000	2	3	2.0
2025-06-04	v2a.virtualflybrain.org	VFB_jrcvm1f1	VFB_00101567	0	1	14.0
2025-06-05		FBbt_00001727		4	1	0.0
2025-06-05		FBbt_00001727	VFB_00049000	4	1	0.0
2025-06-05		FBbt_00001919		2	2	0.0
2025-06-05		FBbt_00001919	VFB_00049000	3	2	0.0
2025-06-05		FBbt_00003004		2	2	0.0
2025-06-05		FBbt_00003004	VFB_00101567	2	2	0.0
2025-06-05		FBbt_00003624		17	6	2.0
2025-06-05		FBbt_00003624	VFB_00101567	23	6	0.0
2025-06-05		FBbt_00003668		2	1	0.0
2025-06-05		FBbt_00003668	VFB_00101567	2	1	0.0
2025-06-05		FBbt_00003678		1	1	0.0
2025-06-05		FBbt_00003678	VFB_00101567	1	1	0.0
2025-06-05		FBbt_00003679		3	2	0.0
2025-06-05		FBbt_00003679	VFB_00101567	3	3	0.0
2025-06-05		FBbt_00003680		1	1	0.0
2025-06-05		FBbt_00003680	VFB_00101567	1	1	0.0
2025-06-05		FBbt_00003681		5	4	0.0
2025-06-05		FBbt_00003681	VFB_00101567	5	4	0.0
2025-06-05		FBbt_00003684		10	1	0.0
2025-06-05		FBbt_00003684	VFB_00101567	10	1	0.0
2025-06-05		FBbt_00003701		2	1	0.0
2025-06-05		FBbt_00003701	VFB_00101567	2	1	0.0
2025-06-05		FBbt_00003748		6	4	0.0
2025-06-05		FBbt_00003748	VFB_00101567	8	4	0.0
2025-06-05		FBbt_00003761		2	1	2.0
2025-06-05		FBbt_00003761	VFB_00101567	2	1	0.0
2025-06-05		FBbt_00003762		5	1	0.0
2025-06-05		FBbt_00003762	VFB_00101567	5	2	0.0
2025-06-05		FBbt_00003765		2	1	0.0
2025-06-05		FBbt_00003765	VFB_00101567	2	1	0.0
2025-06-05		FBbt_00003766		3	1	0.0
2025-06-05		FBbt_00003766	VFB_00101567	3	2	0.0
2025-06-05		FBbt_00004044		2	1	9.0
2025-06-05		FBbt_00004044	VFB_00101567	2	1	0.0
2025-06-05		FBbt_00004101		2	1	2.0
2025-06-05		FBbt_00004101	VFB_00101567	2	1	0.0
2025-06-05		FBbt_00005093		9	3	2.0
2025-06-05		FBbt_00005093	VFB_00049000	1	1	0.0
2025-06-05		FBbt_00005093	VFB_00101567	8	2	0.0
2025-06-05		FBbt_00005095		3	2	6.0
2025-06-05		FBbt_00005095	VFB_00101567	3	2	0.0
2025-06-05		FBbt_00005801		2	1	0.0
2025-06-05		FBbt_00005801	VFB_00101567	2	1	0.0
2025-06-05		FBbt_00007010		2	1	3.0
2025-06-05		FBbt_00007010	VFB_00101567	2	1	0.0
2025-06-05		FBbt_00007055		1	1	0.0
2025-06-05		FBbt_00007055	VFB_00101567	1	1	0.0
2025-06-05		FBbt_00007145		4	1	0.0
2025-06-05		FBbt_00007145	VFB_00101567	4	1	0.0
2025-06-05		FBbt_00007385		8	1	0.0
2025-06-05		FBbt_00007385	VFB_00101567	8	1	0.0
2025-06-05		FBbt_00007428		2	1	8.0
2025-06-05		FBbt_00007428	VFB_00101567	2	1	0.0
2025-06-05		FBbt_00007433		1	1	0.0
2025-06-05		FBbt_00007433	VFB_00101567	1	1	0.0
2025-06-05		FBbt_00007453		5	1	0.0
2025-06-05		FBbt_00007453	VFB_00101567	5	1	0.0
2025-06-05		FBbt_00007703		2	2	0.0
2025-06-05		FBbt_00007703	VFB_00049000	2	2	0.0
2025-06-05		FBbt_00014013		2	1	0.0
2025-06-05		FBbt_00014013	VFB_00101567	2	1	0.0
2025-06-05		FBbt_00040041		8	5	0.0
2025-06-05		FBbt_00040041	VFB_00101567	8	6	0.0
2025-06-05		FBbt_00040042		14	5	0.0
2025-06-05		FBbt_00040042	VFB_00101567	14	6	0.0
2025-06-05		FBbt_00040043		9	4	0.0
2025-06-05		FBbt_00040043	VFB_00101567	9	4	0.0
2025-06-05		FBbt_00040060		1	1	0.0
2025-06-05		FBbt_00040060	VFB_00101567	1	1	0.0
2025-06-05		FBbt_00041000		2	2	0.0
2025-06-05		FBbt_00041000	VFB_00049000	1	1	0.0
2025-06-05		FBbt_00041000	VFB_00101567	1	1	0.0
2025-06-05		FBbt_00045003		1	1	0.0
2025-06-05		FBbt_00045003	VFB_00101567	2	1	0.0
2025-06-05		FBbt_00045020		2	1	0.0
2025-06-05		FBbt_00045020	VFB_00101567	3	1	0.0
2025-06-05		FBbt_00045027		1	1	0.0
2025-06-05		FBbt_00045027	VFB_00101567	1	1	0.0
2025-06-05		FBbt_00045032		2	1	0.0
2025-06-05		FBbt_00045032	VFB_00101567	3	1	0.0
2025-06-05		FBbt_00045046		1	1	0.0
2025-06-05		FBbt_00045046	VFB_00101567	1	1	0.0
2025-06-05		FBbt_00045048		12	1	0.0
2025-06-05		FBbt_00045048	VFB_00101567	12	2	0.0
2025-06-05		FBbt_00045050		6	1	0.0
2025-06-05		FBbt_00045050	VFB_00101567	6	2	0.0
2025-06-05		FBbt_00047887		2	1	0.0
2025-06-05		FBbt_00047887	VFB_00101567	2	1	0.0
2025-06-05		FBbt_00049858		2	1	5.0
2025-06-05		FBbt_00049858	VFB_00101567	2	1	0.0
2025-06-05		FBbt_00052194		8	1	0.0
2025-06-05		FBbt_00052194	VFB_00101567	8	1	0.0
2025-06-05		FBbt_00052761		2	1	2.0
2025-06-05		FBbt_00052761	VFB_00101567	2	1	0.0
2025-06-05		FBbt_00053384		4	2	0.0
2025-06-05		FBbt_00053384	VFB_00101567	5	2	0.0
2025-06-05		FBbt_00058205		1	1	0.0
2025-06-05		FBbt_00058205	VFB_00101567	1	1	0.0
2025-06-05		FBbt_00058244		2	1	3.0
2025-06-05		FBbt_00058244	VFB_00101567	2	1	0.0
2025-06-05		FBbt_00058249		1	1	0.0
2025-06-05		FBbt_00058249	VFB_00101567	1	1	0.0
2025-06-05		FBbt_00100171		5	1	8.0
2025-06-05		FBbt_00100171	VFB_00101567	5	3	0.0
2025-06-05		FBbt_00100218		1	1	0.0
2025-06-05		FBbt_00100218	VFB_00101567	1	1	0.0
2025-06-05		FBbt_00100258		2	1	0.0
2025-06-05		FBbt_00100258	VFB_00101567	2	1	0.0
2025-06-05		FBbt_00100274		2	1	0.0
2025-06-05		FBbt_00100274	VFB_00101567	2	1	0.0
2025-06-05		FBbt_00110551		4	1	0.0
2025-06-05		FBbt_00110551	VFB_00101567	4	1	0.0
2025-06-05		FBbt_00110636		1	1	0.0
2025-06-05		FBbt_00110636	VFB_00101567	1	1	0.0
2025-06-05		FBbt_00110638		5	1	0.0
2025-06-05		FBbt_00110638	VFB_00101567	5	1	0.0
2025-06-05		FBbt_00111316		4	1	5.0
2025-06-05		FBbt_00111316	VFB_00101567	4	2	0.0
2025-06-05		GO_0060096		3	1	0.0
2025-06-05		GO_0060096	VFB_00101567	8	1	0.0
2025-06-05		VFB_00013397		1	1	3.0
2025-06-05		VFB_00013397	VFB_00101567	1	1	0.0
2025-06-05		VFB_00022067		7	1	19.0
2025-06-05		VFB_00022067	VFB_00101567	7	2	0.0
2025-06-05		VFB_00030867		8	1	0.0
2025-06-05		VFB_00030867	VFB_00017894	8	1	0.0
2025-06-05		VFB_00040123		24	1	0.0
2025-06-05		VFB_00040123	VFB_00101567	24	1	0.0
2025-06-05		VFB_00043636		4	2	48.0
2025-06-05		VFB_00043636	VFB_00101567	4	3	0.0
2025-06-05		VFB_00049000		1	1	0.0
2025-06-05		VFB_00049000	VFB_00049000	1	1	0.0
2025-06-05		VFB_00050465		12	1	0.0
2025-06-05		VFB_00050465	VFB_00049000	7	1	0.0
2025-06-05		VFB_00050465	VFB_00101567	4	1	0.0
2025-06-05		VFB_00050479		2	1	0.0
2025-06-05		VFB_00050479	VFB_00049000	1	1	0.0
2025-06-05		VFB_00050479	VFB_00101567	1	1	0.0
2025-06-05		VFB_00050505		2	1	3.0
2025-06-05		VFB_00050505	VFB_00049000	2	1	0.0
2025-06-05		VFB_00067137		2	1	7.0
2025-06-05		VFB_00067137	VFB_00101567	2	1	0.0
2025-06-05		VFB_00069143		3	1	0.0
2025-06-05		VFB_00069143	VFB_00100000	1	1	0.0
2025-06-05		VFB_00069143	VFB_00101567	2	1	0.0
2025-06-05		VFB_00100xe1		1	1	0.0
2025-06-05		VFB_00100xe1	VFB_00101567	1	1	0.0
2025-06-05		VFB_00101567		144	35	140.0
2025-06-05		VFB_00101567	VFB_00101567	192	56	21.0
2025-06-05		VFB_001016xn		6	1	1.0
2025-06-05		VFB_001016xn	VFB_00101567	6	4	0.0
2025-06-05		VFB_00101hlf		1	1	0.0
2025-06-05		VFB_00101hlf	VFB_00101567	1	1	0.0
2025-06-05		VFB_00102107		7	2	0.0
2025-06-05		VFB_00102107	VFB_00101567	4	3	0.0
2025-06-05		VFB_00102110		4	2	0.0
2025-06-05		VFB_00102110	VFB_00101567	4	3	0.0
2025-06-05		VFB_00102118		4	1	0.0
2025-06-05		VFB_00102118	VFB_00101567	4	1	0.0
2025-06-05		VFB_00102140		1	1	1.0
2025-06-05		VFB_00102140	VFB_00101567	1	1	0.0
2025-06-05		VFB_00102148		14	1	22.0
2025-06-05		VFB_00102148	VFB_00101567	14	2	0.0
2025-06-05		VFB_00102162		8	1	0.0
2025-06-05		VFB_00102162	VFB_00101567	8	2	0.0
2025-06-05		VFB_00102170		1	1	0.0
2025-06-05		VFB_00102170	VFB_00101567	1	1	0.0
2025-06-05		VFB_00102212		2	2	16.0
2025-06-05		VFB_00102212	VFB_00101567	2	2	0.0
2025-06-05		VFB_00102274		4	1	0.0
2025-06-05		VFB_00102274	VFB_00101567	3	1	0.0
2025-06-05		VFB_00102282		4	1	0.0
2025-06-05		VFB_00102282	VFB_00101567	3	1	0.0
2025-06-05		VFB_fw000560		1	1	4.0
2025-06-05		VFB_fw000560	VFB_00101567	1	1	0.0
2025-06-05		VFB_fw001953		2	1	17.0
2025-06-05		VFB_fw001953	VFB_00101567	2	2	0.0
2025-06-05		VFB_fw024914		4	1	3.0
2025-06-05		VFB_fw024914	VFB_00101567	4	2	0.0
2025-06-05		VFB_fw034815		1	1	5.0
2025-06-05		VFB_fw034815	VFB_00101567	1	1	0.0
2025-06-05		VFB_fw036814		43	1	9.0
2025-06-05		VFB_fw036814	VFB_00101567	21	2	0.0
2025-06-05		VFB_fw039670		2	1	4.0
2025-06-05		VFB_fw039670	VFB_00101567	2	1	0.0
2025-06-05		VFB_fw049658		2	1	7.0
2025-06-05		VFB_fw049658	VFB_00101567	2	2	0.0
2025-06-05		VFB_jrchjvzu		1	1	0.0
2025-06-05		VFB_jrchjvzu	VFB_00101567	1	1	0.0
2025-06-05		VFB_jrchjx8p		29	1	0.0
2025-06-05		VFB_jrchjx8p	VFB_00101567	29	1	0.0
2025-06-05		VFB_jrchk45x		5	1	1.0
2025-06-05		VFB_jrchk45x	VFB_00101567	5	2	0.0
2025-06-05		VFB_jrcv0vt5		7	1	45.0
2025-06-05		VFB_jrcv0vt5	VFB_00101567	6	1	0.0
2025-06-05		VFB_jrcv0vt5	VFB_00200000	1	1	0.0
2025-06-05		VFBexp_FBtp0062		2	1	0.0
2025-06-05		VFBexp_FBtp0062	VFB_00101567	2	1	0.0
2025-06-05		VFBexp_FBtp0064		1	1	0.0
2025-06-05		VFBexp_FBtp0064	VFB_00101567	1	1	0.0
2025-06-05		VFBexp_FBtp0099		3	2	0.0
2025-06-05		VFBexp_FBtp0099	VFB_00101567	3	2	0.0
2025-06-05		VFBexp_FBtp0107		11	1	0.0
2025-06-05		VFBexp_FBtp0107	VFB_00101567	11	1	0.0
2025-06-05		VFBexp_FBtp0124		1	1	0.0
2025-06-05		VFBexp_FBtp0124	VFB_00101567	1	1	0.0
2025-06-05	v2.virtualflybrain.org	FBbt_00001727	VFB_00049000	0	1	13.0
2025-06-05	v2.virtualflybrain.org	FBbt_00001919	VFB_00049000	0	2	17.0
2025-06-05	v2.virtualflybrain.org	FBbt_00003004	VFB_00101567	0	3	41.0
2025-06-05	v2.virtualflybrain.org	FBbt_00003624	VFB_00101567	1	10	1238.0
2025-06-05	v2.virtualflybrain.org	FBbt_00003631		1	1	6.0
2025-06-05	v2.virtualflybrain.org	FBbt_00003668	VFB_00101567	0	1	1.0
2025-06-05	v2.virtualflybrain.org	FBbt_00003678	VFB_00101567	0	2	32.0
2025-06-05	v2.virtualflybrain.org	FBbt_00003679	VFB_00101567	1	5	64.0
2025-06-05	v2.virtualflybrain.org	FBbt_00003680	VFB_00101567	0	1	4.0
2025-06-05	v2.virtualflybrain.org	FBbt_00003681	VFB_00101567	0	4	19.0
2025-06-05	v2.virtualflybrain.org	FBbt_00003684	VFB_00101567	0	1	91.0
2025-06-05	v2.virtualflybrain.org	FBbt_00003701	VFB_00101567	0	1	3.0
2025-06-05	v2.virtualflybrain.org	FBbt_00003748	VFB_00101567	0	3	110.0
2025-06-05	v2.virtualflybrain.org	FBbt_00003761	VFB_00101567	0	1	0.0
2025-06-05	v2.virtualflybrain.org	FBbt_00003762	VFB_00101567	0	2	13.0
2025-06-05	v2.virtualflybrain.org	FBbt_00003765	VFB_00101567	0	1	13.0
2025-06-05	v2.virtualflybrain.org	FBbt_00003766	VFB_00101567	0	3	50.0
2025-06-05	v2.virtualflybrain.org	FBbt_00004044	VFB_00101567	0	1	0.0
2025-06-05	v2.virtualflybrain.org	FBbt_00004101	VFB_00101567	0	1	0.0
2025-06-05	v2.virtualflybrain.org	FBbt_00005093	VFB_00049000	0	1	1.0
2025-06-05	v2.virtualflybrain.org	FBbt_00005093	VFB_00101567	0	2	9.0
2025-06-05	v2.virtualflybrain.org	FBbt_00005095	VFB_00101567	0	3	15.0
2025-06-05	v2.virtualflybrain.org	FBbt_00005801	VFB_00101567	0	1	6.0
2025-06-05	v2.virtualflybrain.org	FBbt_00007010	VFB_00101567	0	2	6.0
2025-06-05	v2.virtualflybrain.org	FBbt_00007055	VFB_00101567	0	1	5.0
2025-06-05	v2.virtualflybrain.org	FBbt_00007145	VFB_00101567	0	2	18.0
2025-06-05	v2.virtualflybrain.org	FBbt_00007385	VFB_00101567	0	2	50.0
2025-06-05	v2.virtualflybrain.org	FBbt_00007428	VFB_00101567	0	1	0.0
2025-06-05	v2.virtualflybrain.org	FBbt_00007433	VFB_00101567	0	1	37.0
2025-06-05	v2.virtualflybrain.org	FBbt_00007453	VFB_00101567	0	1	10.0
2025-06-05	v2.virtualflybrain.org	FBbt_00007703	VFB_00049000	0	4	45.0
2025-06-05	v2.virtualflybrain.org	FBbt_00014013	VFB_00101567	0	2	35.0
2025-06-05	v2.virtualflybrain.org	FBbt_00040041	VFB_00101567	0	8	135.0
2025-06-05	v2.virtualflybrain.org	FBbt_00040042	VFB_00101567	0	9	272.0
2025-06-05	v2.virtualflybrain.org	FBbt_00040043	VFB_00101567	0	7	571.0
2025-06-05	v2.virtualflybrain.org	FBbt_00040060	VFB_00101567	0	1	38.0
2025-06-05	v2.virtualflybrain.org	FBbt_00041000	VFB_00049000	0	1	1.0
2025-06-05	v2.virtualflybrain.org	FBbt_00041000	VFB_00101567	0	1	39.0
2025-06-05	v2.virtualflybrain.org	FBbt_00045003	VFB_00101567	0	1	18.0
2025-06-05	v2.virtualflybrain.org	FBbt_00045020	VFB_00101567	0	2	19.0
2025-06-05	v2.virtualflybrain.org	FBbt_00045027	VFB_00101567	0	2	24.0
2025-06-05	v2.virtualflybrain.org	FBbt_00045032	VFB_00101567	0	1	28.0
2025-06-05	v2.virtualflybrain.org	FBbt_00045048	VFB_00101567	0	2	77.0
2025-06-05	v2.virtualflybrain.org	FBbt_00045050	VFB_00101567	0	2	34.0
2025-06-05	v2.virtualflybrain.org	FBbt_00047887	VFB_00101567	0	1	20.0
2025-06-05	v2.virtualflybrain.org	FBbt_00049858	VFB_00101567	0	1	0.0
2025-06-05	v2.virtualflybrain.org	FBbt_00052194	VFB_00101567	8	1	0.0
2025-06-05	v2.virtualflybrain.org	FBbt_00052761	VFB_00101567	0	1	0.0
2025-06-05	v2.virtualflybrain.org	FBbt_00053384	VFB_00101567	0	2	17.0
2025-06-05	v2.virtualflybrain.org	FBbt_00058205		1	1	0.0
2025-06-05	v2.virtualflybrain.org	FBbt_00058205	VFB_00101567	0	1	31.0
2025-06-05	v2.virtualflybrain.org	FBbt_00058244	VFB_00101567	0	1	0.0
2025-06-05	v2.virtualflybrain.org	FBbt_00058249		1	1	1.0
2025-06-05	v2.virtualflybrain.org	FBbt_00058249	VFB_00101567	0	1	1.0
2025-06-05	v2.virtualflybrain.org	FBbt_00100171	VFB_00101567	0	2	0.0
2025-06-05	v2.virtualflybrain.org	FBbt_00100218	VFB_00101567	0	1	7.0
2025-06-05	v2.virtualflybrain.org	FBbt_00100258	VFB_00101567	0	2	50.0
2025-06-05	v2.virtualflybrain.org	FBbt_00100274	VFB_00101567	1	2	13.0
2025-06-05	v2.virtualflybrain.org	FBbt_00110551	VFB_00101567	3	2	5.0
2025-06-05	v2.virtualflybrain.org	FBbt_00110636	VFB_00101567	0	1	2.0
2025-06-05	v2.virtualflybrain.org	FBbt_00110638	VFB_00101567	0	1	8.0
2025-06-05	v2.virtualflybrain.org	FBbt_00111316	VFB_00101567	0	3	2.0
2025-06-05	v2.virtualflybrain.org	GO_0060096	VFB_00101567	0	2	0.0
2025-06-05	v2.virtualflybrain.org	VFB_00013397	VFB_00101567	0	1	48.0
2025-06-05	v2.virtualflybrain.org	VFB_00017894	VFB_00017894	0	1	0.0
2025-06-05	v2.virtualflybrain.org	VFB_00022067	VFB_00101567	0	1	12.0
2025-06-05	v2.virtualflybrain.org	VFB_00030867	VFB_00017894	8	1	0.0
2025-06-05	v2.virtualflybrain.org	VFB_00040123	VFB_00101567	24	1	0.0
2025-06-05	v2.virtualflybrain.org	VFB_00043636	VFB_00101567	1	3	186.0
2025-06-05	v2.virtualflybrain.org	VFB_00049000		2	2	3.0
2025-06-05	v2.virtualflybrain.org	VFB_00049000	VFB_00049000	0	1	0.0
2025-06-05	v2.virtualflybrain.org	VFB_00050465	VFB_00049000	5	4	70.0
2025-06-05	v2.virtualflybrain.org	VFB_00050465	VFB_00101567	2	2	13.0
2025-06-05	v2.virtualflybrain.org	VFB_00050479	VFB_00049000	1	3	12.0
2025-06-05	v2.virtualflybrain.org	VFB_00050479	VFB_00101567	0	2	55.0
2025-06-05	v2.virtualflybrain.org	VFB_00050505	VFB_00049000	0	1	5.0
2025-06-05	v2.virtualflybrain.org	VFB_00050505	VFB_00050505	1	2	4.0
2025-06-05	v2.virtualflybrain.org	VFB_00067137	VFB_00101567	0	1	15.0
2025-06-05	v2.virtualflybrain.org	VFB_00069143	VFB_00100000	2	3	13.0
2025-06-05	v2.virtualflybrain.org	VFB_00069143	VFB_00101567	0	2	11.0
2025-06-05	v2.virtualflybrain.org	VFB_00100xe1	VFB_00101567	1	1	0.0
2025-06-05	v2.virtualflybrain.org	VFB_00101567	VFB_00101567	39	97	2149.0
2025-06-05	v2.virtualflybrain.org	VFB_001016xn	VFB_00101567	1	4	266.0
2025-06-05	v2.virtualflybrain.org	VFB_00101hlf	VFB_00101567	0	1	99.0
2025-06-05	v2.virtualflybrain.org	VFB_00102107	VFB_00101567	0	1	10.0
2025-06-05	v2.virtualflybrain.org	VFB_00102110	VFB_00101567	0	2	18.0
2025-06-05	v2.virtualflybrain.org	VFB_00102118	VFB_00101567	5	1	4.0
2025-06-05	v2.virtualflybrain.org	VFB_00102140	VFB_00101567	0	1	39.0
2025-06-05	v2.virtualflybrain.org	VFB_00102148	VFB_00101567	0	2	27.0
2025-06-05	v2.virtualflybrain.org	VFB_00102162	VFB_00101567	5	4	0.0
2025-06-05	v2.virtualflybrain.org	VFB_00102170	VFB_00101567	0	1	8.0
2025-06-05	v2.virtualflybrain.org	VFB_00102212	VFB_00101567	0	2	40.0
2025-06-05	v2.virtualflybrain.org	VFB_00102274	VFB_00101567	0	1	2.0
2025-06-05	v2.virtualflybrain.org	VFB_fw000560	VFB_00101567	0	1	23.0
2025-06-05	v2.virtualflybrain.org	VFB_fw001953	VFB_00101567	0	2	190.0
2025-06-05	v2.virtualflybrain.org	VFB_fw024914		1	1	1.0
2025-06-05	v2.virtualflybrain.org	VFB_fw034815	VFB_00101567	0	1	46.0
2025-06-05	v2.virtualflybrain.org	VFB_fw036814	VFB_00101567	0	3	22.0
2025-06-05	v2.virtualflybrain.org	VFB_fw039670		1	1	2.0
2025-06-05	v2.virtualflybrain.org	VFB_fw049658	VFB_00101567	0	1	0.0
2025-06-05	v2.virtualflybrain.org	VFB_jrchjvzu	VFB_00101567	2	1	5.0
2025-06-05	v2.virtualflybrain.org	VFB_jrchjx8p	VFB_00101567	29	1	0.0
2025-06-05	v2.virtualflybrain.org	VFB_jrchk10e	VFB_00101567	1	0	0.0
2025-06-05	v2.virtualflybrain.org	VFB_jrchk45x	VFB_00101567	2	2	11.0
2025-06-05	v2.virtualflybrain.org	VFB_jrcv0vt5	VFB_00101567	0	2	125.0
2025-06-05	v2.virtualflybrain.org	VFB_jrcv0vt5	VFB_00200000	1	3	86.0
2025-06-05	v2.virtualflybrain.org	VFBexp_FBtp0062		2	1	0.0
2025-06-05	v2.virtualflybrain.org	VFBexp_FBtp0062	VFB_00101567	0	1	0.0
2025-06-05	v2.virtualflybrain.org	VFBexp_FBtp0064		2	1	2.0
2025-06-05	v2.virtualflybrain.org	VFBexp_FBtp0099		3	2	24.0
2025-06-05	v2.virtualflybrain.org	VFBexp_FBtp0099	VFB_00101567	0	1	92.0
2025-06-05	v2.virtualflybrain.org	VFBexp_FBtp0107	VFB_00101567	11	1	0.0
2025-06-05	v2.virtualflybrain.org	VFBexp_FBtp0124		1	1	2.0
2025-06-05	v2.virtualflybrain.org	VFBexp_FBtp0124	VFB_00101567	0	1	6.0
2025-06-05	v2a.virtualflybrain.org	VFB_00101567	VFB_00101567	0	1	0.0
2025-06-05	v2a.virtualflybrain.org	VFB_00200000	VFB_00200000	0	1	0.0
2025-06-05	v2a.virtualflybrain.org	VFB_jrcv0jvf	VFB_00101567	1	1	0.0
2025-06-05	v2a.virtualflybrain.org	VFB_jrcv0jvf	VFB_00200000	1	1	2.0
2025-06-06		FBbt_00003004		4	2	2.0
2025-06-06		FBbt_00003004	VFB_00101567	4	2	0.0
2025-06-06		FBbt_00003624		8	4	1.0
2025-06-06		FBbt_00003624	VFB_00101567	9	5	0.0
2025-06-06		FBbt_00003629		1	1	0.0
2025-06-06		FBbt_00003629	VFB_00101567	1	1	0.0
2025-06-06		FBbt_00003668		1	1	0.0
2025-06-06		FBbt_00003668	VFB_00101567	1	1	0.0
2025-06-06		FBbt_00003678		4	3	0.0
2025-06-06		FBbt_00003678	VFB_00101567	4	3	0.0
2025-06-06		FBbt_00003679		1	1	0.0
2025-06-06		FBbt_00003679	VFB_00101567	1	1	0.0
2025-06-06		FBbt_00003680		2	1	0.0
2025-06-06		FBbt_00003680	VFB_00101567	2	1	0.0
2025-06-06		FBbt_00003681		1	1	0.0
2025-06-06		FBbt_00003681	VFB_00101567	1	1	0.0
2025-06-06		FBbt_00003748		3	1	0.0
2025-06-06		FBbt_00003748	VFB_00101567	3	1	0.0
2025-06-06		FBbt_00005093		7	3	6.0
2025-06-06		FBbt_00005093	VFB_00101567	7	4	0.0
2025-06-06		FBbt_00005106		1	1	0.0
2025-06-06		FBbt_00005106	VFB_00200000	1	1	0.0
2025-06-06		FBbt_00005123		4	1	11.0
2025-06-06		FBbt_00005123	VFB_00101567	1	1	0.0
2025-06-06		FBbt_00005123	VFB_00200000	4	2	0.0
2025-06-06		FBbt_00005801		2	1	0.0
2025-06-06		FBbt_00005801	VFB_00101567	2	1	0.0
2025-06-06		FBbt_00005821		1	1	0.0
2025-06-06		FBbt_00005821	VFB_00101567	1	1	0.0
2025-06-06		FBbt_00006024		2	1	0.0
2025-06-06		FBbt_00006024	VFB_00050000	2	1	0.0
2025-06-06		FBbt_00007145		2	1	0.0
2025-06-06		FBbt_00007145	VFB_00101567	2	1	0.0
2025-06-06		FBbt_00007704		1	1	0.0
2025-06-06		FBbt_00007704	VFB_00049000	1	1	0.0
2025-06-06		FBbt_00014013		2	2	0.0
2025-06-06		FBbt_00014013	VFB_00101567	2	2	0.0
2025-06-06		FBbt_00040007		1	1	0.0
2025-06-06		FBbt_00040007	VFB_00101567	1	1	0.0
2025-06-06		FBbt_00040041		1	1	0.0
2025-06-06		FBbt_00040041	VFB_00101567	1	1	0.0
2025-06-06		FBbt_00040042		3	2	0.0
2025-06-06		FBbt_00040042	VFB_00101567	3	2	0.0
2025-06-06		FBbt_00040043		13	1	0.0
2025-06-06		FBbt_00040043	VFB_00101567	13	1	0.0
2025-06-06		FBbt_00045048		2	1	0.0
2025-06-06		FBbt_00045048	VFB_00101567	2	1	0.0
2025-06-06		FBbt_00047574		1	1	0.0
2025-06-06		FBbt_00047574	VFB_00101567	1	1	0.0
2025-06-06		FBbt_00047887		4	1	0.0
2025-06-06		FBbt_00047887	VFB_00101567	5	1	0.0
2025-06-06		FBbt_00049853		4	1	0.0
2025-06-06		FBbt_00049853	VFB_00101567	4	1	0.0
2025-06-06		FBbt_00052194		9	1	0.0
2025-06-06		FBbt_00052194	VFB_00101567	9	1	0.0
2025-06-06		FBbt_00052703		1	1	0.0
2025-06-06		FBbt_00052703	VFB_00101567	1	1	0.0
2025-06-06		FBbt_00053384		4	2	0.0
2025-06-06		FBbt_00053384	VFB_00101567	4	2	0.0
2025-06-06		FBbt_00100258		4	1	0.0
2025-06-06		FBbt_00100258	VFB_00101567	4	1	0.0
2025-06-06		FBbt_00110621		1	1	0.0
2025-06-06		FBbt_00110621	VFB_00101567	1	1	0.0
2025-06-06		FBbt_00110638		1	1	0.0
2025-06-06		FBbt_00110638	VFB_00101567	1	1	0.0
2025-06-06		FBbt_00111451		1	1	0.0
2025-06-06		FBbt_00111451	VFB_00101567	1	1	0.0
2025-06-06		VFB_00001849		1	1	3.0
2025-06-06		VFB_00001849	VFB_00101567	1	1	0.0
2025-06-06		VFB_00030867		10	1	0.0
2025-06-06		VFB_00030867	VFB_00017894	10	1	0.0
2025-06-06		VFB_00039095		3	1	2.0
2025-06-06		VFB_00039095	VFB_00101567	3	2	0.0
2025-06-06		VFB_00040123		24	1	0.0
2025-06-06		VFB_00040123	VFB_00101567	24	1	0.0
2025-06-06		VFB_00043029		3	1	13.0
2025-06-06		VFB_00043029	VFB_00101567	3	2	0.0
2025-06-06		VFB_00043030		11	1	32.0
2025-06-06		VFB_00043030	VFB_00101567	11	2	0.0
2025-06-06		VFB_00048573		6	1	1.0
2025-06-06		VFB_00048573	VFB_00101567	6	1	0.0
2025-06-06		VFB_00050465		2	1	0.0
2025-06-06		VFB_00050465	VFB_00101567	2	1	0.0
2025-06-06		VFB_00058207		5	1	24.0
2025-06-06		VFB_00058207	VFB_00049000	1	1	0.0
2025-06-06		VFB_00058207	VFB_00101567	3	1	0.0
2025-06-06		VFB_00065400		3	1	5.0
2025-06-06		VFB_00065400	VFB_00101567	3	1	0.0
2025-06-06		VFB_00065808		6	1	9.0
2025-06-06		VFB_00065808	VFB_00101567	5	2	0.0
2025-06-06		VFB_001014uq		3	1	23.0
2025-06-06		VFB_001014uq	VFB_00101567	3	1	0.0
2025-06-06		VFB_00101567		124	26	136.0
2025-06-06		VFB_00101567	VFB_00101567	152	42	9.0
2025-06-06		VFB_001016xn		8	1	0.0
2025-06-06		VFB_001016xn	VFB_00101567	8	1	0.0
2025-06-06		VFB_00102134		2	1	0.0
2025-06-06		VFB_00102134	VFB_00101567	2	1	0.0
2025-06-06		VFB_00102135		16	2	14.0
2025-06-06		VFB_00102135	VFB_00101567	16	4	0.0
2025-06-06		VFB_00102148		1	1	0.0
2025-06-06		VFB_00102148	VFB_00101567	1	1	0.0
2025-06-06		VFB_00102gng		10	1	48.0
2025-06-06		VFB_00102gng	VFB_00049000	6	1	0.0
2025-06-06		VFB_00102gng	VFB_00101567	4	1	0.0
2025-06-06		VFB_00200000		3	1	0.0
2025-06-06		VFB_00200000	VFB_00200000	2	1	0.0
2025-06-06		VFB_fw010786		4	1	2.0
2025-06-06		VFB_fw010786	VFB_00101567	4	1	0.0
2025-06-06		VFB_fw035887		2	1	0.0
2025-06-06		VFB_fw035887	VFB_00101567	2	1	0.0
2025-06-06		VFB_fw036414		4	1	0.0
2025-06-06		VFB_fw036414	VFB_00101567	1	1	0.0
2025-06-06		VFB_fw036414	VFB_00200000	3	1	0.0
2025-06-06		VFB_jrch08px		2	1	1.0
2025-06-06		VFB_jrch08px	VFB_00101567	2	1	0.0
2025-06-06		VFB_jrchjx8p		27	1	0.0
2025-06-06		VFB_jrchjx8p	VFB_00101567	27	1	0.0
2025-06-06		VFB_jrchk3cw		2	1	3.0
2025-06-06		VFB_jrchk3cw	VFB_00101567	2	1	0.0
2025-06-06		VFB_jrchk76e		1	1	2.0
2025-06-06		VFB_jrchk76e	VFB_00101567	1	1	0.0
2025-06-06		VFB_jrcv0b0w		3	1	62.0
2025-06-06		VFB_jrcv0b0w	VFB_00200000	3	2	0.0
2025-06-06		VFB_jrcv0x1f		3	1	0.0
2025-06-06		VFB_jrcv0x1f	VFB_00101567	2	1	0.0
2025-06-06		VFB_jrcv0x1f	VFB_00200000	1	1	0.0
2025-06-06		VFBexp_FBti0100		3	1	0.0
2025-06-06		VFBexp_FBti0100	VFB_00101567	3	1	0.0
2025-06-06		VFBexp_FBtp0058		1	1	0.0
2025-06-06		VFBexp_FBtp0058	VFB_00101567	1	1	0.0
2025-06-06		VFBexp_FBtp0062		1	1	0.0
2025-06-06		VFBexp_FBtp0062	VFB_00101567	1	1	0.0
2025-06-06		VFBexp_FBtp0102		2	1	2.0
2025-06-06		VFBexp_FBtp0102	VFB_00101567	3	1	0.0
2025-06-06		VFBexp_FBtp0105		1	1	0.0
2025-06-06		VFBexp_FBtp0105	VFB_00101567	1	1	0.0
2025-06-06		VFBexp_FBtp0107		13	1	0.0
2025-06-06		VFBexp_FBtp0107	VFB_00101567	13	1	0.0
2025-06-06		VFBexp_FBtp0121		2	1	0.0
2025-06-06		VFBexp_FBtp0121	VFB_00101567	2	2	0.0
2025-06-06		VFBexp_FBtp0125		2	1	0.0
2025-06-06		VFBexp_FBtp0125	VFB_00101567	2	1	0.0
2025-06-06		VFBexp_FBtp0149		1	1	0.0
2025-06-06		VFBexp_FBtp0149	VFB_00101567	1	1	0.0
2025-06-06		VFBext_0000004		1	1	0.0
2025-06-06		VFBext_0000004	VFB_00049000	2	1	0.0
2025-06-06	v2.virtualflybrain.org	FBbt_00003004	VFB_00101567	0	3	183.0
2025-06-06	v2.virtualflybrain.org	FBbt_00003624	VFB_00101567	0	6	74.0
2025-06-06	v2.virtualflybrain.org	FBbt_00003629	VFB_00101567	0	1	28.0
2025-06-06	v2.virtualflybrain.org	FBbt_00003668	VFB_00101567	0	1	6.0
2025-06-06	v2.virtualflybrain.org	FBbt_00003678	VFB_00101567	1	4	59.0
2025-06-06	v2.virtualflybrain.org	FBbt_00003679	VFB_00101567	0	1	102.0
2025-06-06	v2.virtualflybrain.org	FBbt_00003680	VFB_00101567	1	2	50.0
2025-06-06	v2.virtualflybrain.org	FBbt_00003681	VFB_00101567	0	1	11.0
2025-06-06	v2.virtualflybrain.org	FBbt_00003748	VFB_00101567	1	2	59.0
2025-06-06	v2.virtualflybrain.org	FBbt_00005093	VFB_00101567	0	5	53.0
2025-06-06	v2.virtualflybrain.org	FBbt_00005106	VFB_00200000	0	1	70.0
2025-06-06	v2.virtualflybrain.org	FBbt_00005123	VFB_00101567	0	2	76.0
2025-06-06	v2.virtualflybrain.org	FBbt_00005123	VFB_00200000	0	3	129.0
2025-06-06	v2.virtualflybrain.org	FBbt_00005801	VFB_00101567	0	1	8.0
2025-06-06	v2.virtualflybrain.org	FBbt_00005821	VFB_00101567	0	1	5.0
2025-06-06	v2.virtualflybrain.org	FBbt_00006024	VFB_00050000	3	1	0.0
2025-06-06	v2.virtualflybrain.org	FBbt_00007145	VFB_00101567	0	1	16.0
2025-06-06	v2.virtualflybrain.org	FBbt_00007704	VFB_00049000	0	2	35.0
2025-06-06	v2.virtualflybrain.org	FBbt_00014013	VFB_00101567	0	2	30.0
2025-06-06	v2.virtualflybrain.org	FBbt_00040007	VFB_00101567	0	1	10.0
2025-06-06	v2.virtualflybrain.org	FBbt_00040041	VFB_00101567	0	1	16.0
2025-06-06	v2.virtualflybrain.org	FBbt_00040042	VFB_00101567	1	4	49.0
2025-06-06	v2.virtualflybrain.org	FBbt_00040043	VFB_00101567	13	2	0.0
2025-06-06	v2.virtualflybrain.org	FBbt_00045048	VFB_00101567	0	1	4.0
2025-06-06	v2.virtualflybrain.org	FBbt_00047574	VFB_00101567	0	1	32.0
2025-06-06	v2.virtualflybrain.org	FBbt_00047887	VFB_00101567	0	1	0.0
2025-06-06	v2.virtualflybrain.org	FBbt_00049853	VFB_00101567	4	1	3.0
2025-06-06	v2.virtualflybrain.org	FBbt_00052194	VFB_00101567	9	1	0.0
2025-06-06	v2.virtualflybrain.org	FBbt_00052703	VFB_00101567	0	1	9.0
2025-06-06	v2.virtualflybrain.org	FBbt_00053384	VFB_00101567	0	3	57.0
2025-06-06	v2.virtualflybrain.org	FBbt_00100258	VFB_00101567	3	2	24.0
2025-06-06	v2.virtualflybrain.org	FBbt_00110621	VFB_00101567	0	1	46.0
2025-06-06	v2.virtualflybrain.org	FBbt_00110636	VFB_00101567	0	1	19.0
2025-06-06	v2.virtualflybrain.org	FBbt_00110638	VFB_00101567	0	2	25.0
2025-06-06	v2.virtualflybrain.org	FBbt_00111451	VFB_00101567	0	1	5.0
2025-06-06	v2.virtualflybrain.org	VFB_00001849	VFB_00101567	0	1	59.0
2025-06-06	v2.virtualflybrain.org	VFB_00017894	VFB_00017894	0	1	0.0
2025-06-06	v2.virtualflybrain.org	VFB_00030867	VFB_00017894	10	1	0.0
2025-06-06	v2.virtualflybrain.org	VFB_00039095	VFB_00101567	1	2	10.0
2025-06-06	v2.virtualflybrain.org	VFB_00040123	VFB_00101567	24	1	0.0
2025-06-06	v2.virtualflybrain.org	VFB_00043029	VFB_00101567	0	2	18.0
2025-06-06	v2.virtualflybrain.org	VFB_00043030	VFB_00101567	0	2	29.0
2025-06-06	v2.virtualflybrain.org	VFB_00048573	VFB_00101567	0	2	6.0
2025-06-06	v2.virtualflybrain.org	VFB_00049000		1	1	1.0
2025-06-06	v2.virtualflybrain.org	VFB_00049000	VFB_00049000	0	2	0.0
2025-06-06	v2.virtualflybrain.org	VFB_00050000	VFB_00050000	0	1	0.0
2025-06-06	v2.virtualflybrain.org	VFB_00050465	VFB_00049000	1	1	0.0
2025-06-06	v2.virtualflybrain.org	VFB_00050465	VFB_00101567	3	1	0.0
2025-06-06	v2.virtualflybrain.org	VFB_00058207	VFB_00049000	1	2	2.0
2025-06-06	v2.virtualflybrain.org	VFB_00058207	VFB_00101567	0	2	59.0
2025-06-06	v2.virtualflybrain.org	VFB_00065400	VFB_00101567	0	1	22.0
2025-06-06	v2.virtualflybrain.org	VFB_00065808	VFB_00101567	0	2	13.0
2025-06-06	v2.virtualflybrain.org	VFB_001014uq	VFB_00101567	0	2	3.0
2025-06-06	v2.virtualflybrain.org	VFB_00101567	VFB_00101567	59	76	1197.0
2025-06-06	v2.virtualflybrain.org	VFB_001016xn	VFB_00101567	8	1	0.0
2025-06-06	v2.virtualflybrain.org	VFB_00102134	VFB_00101567	0	1	22.0
2025-06-06	v2.virtualflybrain.org	VFB_00102135	VFB_00101567	0	4	24.0
2025-06-06	v2.virtualflybrain.org	VFB_00102148	VFB_00101567	0	1	25.0
2025-06-06	v2.virtualflybrain.org	VFB_00102gng	VFB_00049000	4	3	58.0
2025-06-06	v2.virtualflybrain.org	VFB_00102gng	VFB_00101567	0	2	20.0
2025-06-06	v2.virtualflybrain.org	VFB_00200000	VFB_00200000	0	1	61.0
2025-06-06	v2.virtualflybrain.org	VFB_fw010786		1	1	2.0
2025-06-06	v2.virtualflybrain.org	VFB_fw010786	VFB_00101567	2	1	32.0
2025-06-06	v2.virtualflybrain.org	VFB_fw035887		1	1	0.0
2025-06-06	v2.virtualflybrain.org	VFB_fw035887	VFB_00101567	0	1	27.0
2025-06-06	v2.virtualflybrain.org	VFB_fw036414	VFB_00101567	1	2	4.0
2025-06-06	v2.virtualflybrain.org	VFB_fw036414	VFB_00200000	0	2	2.0
2025-06-06	v2.virtualflybrain.org	VFB_jrch08px	VFB_00101567	0	1	77.0
2025-06-06	v2.virtualflybrain.org	VFB_jrchjx8p	VFB_00101567	27	1	0.0
2025-06-06	v2.virtualflybrain.org	VFB_jrchk3cw		2	1	4.0
2025-06-06	v2.virtualflybrain.org	VFB_jrchk3cw	VFB_00101567	0	1	47.0
2025-06-06	v2.virtualflybrain.org	VFB_jrchk76e	VFB_00101567	0	1	31.0
2025-06-06	v2.virtualflybrain.org	VFB_jrcv0b0w	VFB_00200000	0	1	11.0
2025-06-06	v2.virtualflybrain.org	VFB_jrcv0x1f	VFB_00101567	0	2	471.0
2025-06-06	v2.virtualflybrain.org	VFB_jrcv0x1f	VFB_00200000	1	3	5.0
2025-06-06	v2.virtualflybrain.org	VFBexp_FBti0100	VFB_00101567	0	2	46.0
2025-06-06	v2.virtualflybrain.org	VFBexp_FBtp0058		1	1	0.0
2025-06-06	v2.virtualflybrain.org	VFBexp_FBtp0058	VFB_00101567	0	1	3.0
2025-06-06	v2.virtualflybrain.org	VFBexp_FBtp0062	VFB_00101567	1	1	0.0
2025-06-06	v2.virtualflybrain.org	VFBexp_FBtp0102	VFB_00101567	0	1	0.0
2025-06-06	v2.virtualflybrain.org	VFBexp_FBtp0105		1	1	0.0
2025-06-06	v2.virtualflybrain.org	VFBexp_FBtp0105	VFB_00101567	0	1	4.0
2025-06-06	v2.virtualflybrain.org	VFBexp_FBtp0107	VFB_00101567	13	1	0.0
2025-06-06	v2.virtualflybrain.org	VFBexp_FBtp0121		1	1	0.0
2025-06-06	v2.virtualflybrain.org	VFBexp_FBtp0121	VFB_00101567	0	3	62.0
2025-06-06	v2.virtualflybrain.org	VFBexp_FBtp0125	VFB_00101567	0	2	33.0
2025-06-06	v2.virtualflybrain.org	VFBexp_FBtp0149		1	1	0.0
2025-06-06	v2.virtualflybrain.org	VFBexp_FBtp0149	VFB_00101567	0	1	0.0
2025-06-06	v2.virtualflybrain.org	VFBext_0000004	VFB_00049000	0	2	8.0
2025-06-07		FBbt_00003011		2	1	0.0
2025-06-07		FBbt_00003011	VFB_00101567	2	1	0.0
2025-06-07		FBbt_00003624		1	1	0.0
2025-06-07		FBbt_00003624	VFB_00101567	1	1	0.0
2025-06-07		FBbt_00003678		1	1	0.0
2025-06-07		FBbt_00003678	VFB_00101567	1	1	0.0
2025-06-07		FBbt_00003679		2	1	0.0
2025-06-07		FBbt_00003679	VFB_00101567	2	1	0.0
2025-06-07		FBbt_00003680		1	1	0.0
2025-06-07		FBbt_00003680	VFB_00101567	1	1	0.0
2025-06-07		FBbt_00003681		4	2	1.0
2025-06-07		FBbt_00003681	VFB_00101567	4	2	0.0
2025-06-07		FBbt_00003701		3	1	0.0
2025-06-07		FBbt_00003701	VFB_00101567	3	1	0.0
2025-06-07		FBbt_00003748		6	3	0.0
2025-06-07		FBbt_00003748	VFB_00101567	6	3	0.0
2025-06-07		FBbt_00007050		1	1	0.0
2025-06-07		FBbt_00007050	VFB_00101567	1	1	0.0
2025-06-07		FBbt_00007054		1	1	0.0
2025-06-07		FBbt_00007054	VFB_00101567	1	1	0.0
2025-06-07		FBbt_00007065		1	1	0.0
2025-06-07		FBbt_00007065	VFB_00049000	1	1	0.0
2025-06-07		FBbt_00007067		1	1	0.0
2025-06-07		FBbt_00007067	VFB_00049000	1	1	0.0
2025-06-07		FBbt_00007401		2	1	0.0
2025-06-07		FBbt_00007401	VFB_00101567	2	2	0.0
2025-06-07		FBbt_00007709		1	1	0.0
2025-06-07		FBbt_00007709	VFB_00049000	1	1	0.0
2025-06-07		FBbt_00040041		3	2	1.0
2025-06-07		FBbt_00040041	VFB_00101567	3	2	0.0
2025-06-07		FBbt_00040042		3	3	0.0
2025-06-07		FBbt_00040042	VFB_00030786	6	1	0.0
2025-06-07		FBbt_00040042	VFB_00101567	2	2	0.0
2025-06-07		FBbt_00040043		4	3	0.0
2025-06-07		FBbt_00040043	VFB_00101567	4	3	0.0
2025-06-07		FBbt_00040049		1	1	0.0
2025-06-07		FBbt_00040049	VFB_00101567	1	1	0.0
2025-06-07		FBbt_00040050		1	1	0.0
2025-06-07		FBbt_00040050	VFB_00101567	1	1	0.0
2025-06-07		FBbt_00045027		1	1	0.0
2025-06-07		FBbt_00045027	VFB_00101567	1	1	0.0
2025-06-07		FBbt_00045040		1	1	0.0
2025-06-07		FBbt_00045040	VFB_00101567	1	1	0.0
2025-06-07		FBbt_00048509		1	1	0.0
2025-06-07		FBbt_00048509	VFB_00101567	1	1	0.0
2025-06-07		FBbt_00052194		1	1	0.0
2025-06-07		FBbt_00052194	VFB_00101567	1	1	0.0
2025-06-07		FBbt_00053384		2	1	23.0
2025-06-07		FBbt_00053384	VFB_00101567	2	1	0.0
2025-06-07		FBbt_00100258		6	1	0.0
2025-06-07		FBbt_00100258	VFB_00101567	6	1	0.0
2025-06-07		FBbt_00111303		4	1	16.0
2025-06-07		FBbt_00111303	VFB_00100000	4	1	0.0
2025-06-07		FBbt_20003112		1	1	0.0
2025-06-07		FBbt_20003112	VFB_00101567	1	1	0.0
2025-06-07		VFB_00020141		4	1	1.0
2025-06-07		VFB_00020141	VFB_00101567	4	1	0.0
2025-06-07		VFB_00030855		7	1	13.0
2025-06-07		VFB_00030855	VFB_00030786	1	1	0.0
2025-06-07		VFB_00030855	VFB_00101567	1	1	0.0
2025-06-07		VFB_00030867		1	1	0.0
2025-06-07		VFB_00030867	VFB_00017894	1	1	0.0
2025-06-07		VFB_00040123		24	1	0.0
2025-06-07		VFB_00040123	VFB_00101567	24	1	0.0
2025-06-07		VFB_00049000		1	1	0.0
2025-06-07		VFB_00049000	VFB_00049000	2	2	8.0
2025-06-07		VFB_00050000		2	1	0.0
2025-06-07		VFB_00050000	VFB_00050000	2	2	0.0
2025-06-07		VFB_00100774		1	1	0.0
2025-06-07		VFB_00100774	VFB_00050000	1	1	0.0
2025-06-07		VFB_001011k0		6	1	0.0
2025-06-07		VFB_001011k0	VFB_00050000	6	1	0.0
2025-06-07		VFB_001012c9		3	1	22.0
2025-06-07		VFB_001012c9	VFB_00101567	3	2	0.0
2025-06-07		VFB_001013vo		1	1	0.0
2025-06-07		VFB_001013vo	VFB_00101567	1	1	0.0
2025-06-07		VFB_001013vp		1	1	0.0
2025-06-07		VFB_001013vp	VFB_00101567	1	1	0.0
2025-06-07		VFB_001013vq		7	1	11.0
2025-06-07		VFB_001013vq	VFB_00101567	7	2	0.0
2025-06-07		VFB_001013vs		1	1	0.0
2025-06-07		VFB_001013vs	VFB_00101567	1	1	0.0
2025-06-07		VFB_001013vu		3	1	0.0
2025-06-07		VFB_001013vu	VFB_00101567	3	2	0.0
2025-06-07		VFB_00101483		1	1	0.0
2025-06-07		VFB_00101483	VFB_00101567	1	1	0.0
2025-06-07		VFB_00101567		65	16	47.0
2025-06-07		VFB_00101567	VFB_00101567	70	21	31.0
2025-06-07		VFB_001015ad		6	1	0.0
2025-06-07		VFB_001015ad	VFB_00050000	6	2	0.0
2025-06-07		VFB_001015cx		8	1	0.0
2025-06-07		VFB_001015cx	VFB_00050000	8	1	0.0
2025-06-07		VFB_00102201		2	1	14.0
2025-06-07		VFB_00102201	VFB_00101567	2	2	0.0
2025-06-07		VFB_00102212		4	2	14.0
2025-06-07		VFB_00102212	VFB_00101567	4	3	0.0
2025-06-07		VFB_jrchjsl3		1	1	0.0
2025-06-07		VFB_jrchjsl3	VFB_00101567	1	1	0.0
2025-06-07		VFB_jrchjx8p		28	1	0.0
2025-06-07		VFB_jrchjx8p	VFB_00101567	28	1	0.0
2025-06-07		VFBexp_FBtp0058		14	1	0.0
2025-06-07		VFBexp_FBtp0058	VFB_00101567	14	1	0.0
2025-06-07		VFBexp_FBtp0107		7	1	0.0
2025-06-07		VFBexp_FBtp0107	VFB_00101567	7	1	0.0
2025-06-07	v2.virtualflybrain.org	FBbt_00003011	VFB_00101567	0	1	7.0
2025-06-07	v2.virtualflybrain.org	FBbt_00003624	VFB_00101567	0	2	98.0
2025-06-07	v2.virtualflybrain.org	FBbt_00003678	VFB_00101567	0	1	16.0
2025-06-07	v2.virtualflybrain.org	FBbt_00003679	VFB_00101567	0	1	20.0
2025-06-07	v2.virtualflybrain.org	FBbt_00003681	VFB_00101567	0	3	6.0
2025-06-07	v2.virtualflybrain.org	FBbt_00003701	VFB_00101567	0	2	85.0
2025-06-07	v2.virtualflybrain.org	FBbt_00003748	VFB_00101567	0	6	198.0
2025-06-07	v2.virtualflybrain.org	FBbt_00007050	VFB_00101567	0	1	4.0
2025-06-07	v2.virtualflybrain.org	FBbt_00007054	VFB_00101567	0	2	67.0
2025-06-07	v2.virtualflybrain.org	FBbt_00007065	VFB_00049000	0	1	9.0
2025-06-07	v2.virtualflybrain.org	FBbt_00007067	VFB_00049000	0	2	15.0
2025-06-07	v2.virtualflybrain.org	FBbt_00007401	VFB_00101567	0	2	7.0
2025-06-07	v2.virtualflybrain.org	FBbt_00007709	VFB_00049000	0	1	15.0
2025-06-07	v2.virtualflybrain.org	FBbt_00040041	VFB_00101567	0	4	43.0
2025-06-07	v2.virtualflybrain.org	FBbt_00040042	VFB_00030786	0	2	27.0
2025-06-07	v2.virtualflybrain.org	FBbt_00040042	VFB_00101567	1	2	14.0
2025-06-07	v2.virtualflybrain.org	FBbt_00040043	VFB_00101567	1	5	26.0
2025-06-07	v2.virtualflybrain.org	FBbt_00040049	VFB_00101567	0	1	2.0
2025-06-07	v2.virtualflybrain.org	FBbt_00040050	VFB_00101567	0	1	2.0
2025-06-07	v2.virtualflybrain.org	FBbt_00045027	VFB_00101567	0	2	16.0
2025-06-07	v2.virtualflybrain.org	FBbt_00045040	VFB_00101567	0	2	43.0
2025-06-07	v2.virtualflybrain.org	FBbt_00048509	VFB_00101567	0	2	69.0
2025-06-07	v2.virtualflybrain.org	FBbt_00052194	VFB_00101567	1	1	0.0
2025-06-07	v2.virtualflybrain.org	FBbt_00053384	VFB_00101567	0	1	0.0
2025-06-07	v2.virtualflybrain.org	FBbt_00100258	VFB_00101567	6	1	0.0
2025-06-07	v2.virtualflybrain.org	FBbt_00111303	VFB_00100000	3	1	122.0
2025-06-07	v2.virtualflybrain.org	FBbt_20003112	VFB_00101567	0	1	2.0
2025-06-07	v2.virtualflybrain.org	VFB_00017894	VFB_00017894	0	1	0.0
2025-06-07	v2.virtualflybrain.org	VFB_00020141	VFB_00101567	2	1	39.0
2025-06-07	v2.virtualflybrain.org	VFB_00030855	VFB_00030786	1	2	2.0
2025-06-07	v2.virtualflybrain.org	VFB_00030855	VFB_00101567	0	2	26.0
2025-06-07	v2.virtualflybrain.org	VFB_00030867	VFB_00017894	1	1	0.0
2025-06-07	v2.virtualflybrain.org	VFB_00040123	VFB_00101567	24	1	0.0
2025-06-07	v2.virtualflybrain.org	VFB_00049000	VFB_00049000	1	3	55.0
2025-06-07	v2.virtualflybrain.org	VFB_00050000	VFB_00050000	1	7	0.0
2025-06-07	v2.virtualflybrain.org	VFB_00100000	VFB_00100000	0	1	1.0
2025-06-07	v2.virtualflybrain.org	VFB_00100774	VFB_00050000	2	1	22.0
2025-06-07	v2.virtualflybrain.org	VFB_001011k0	VFB_00050000	6	2	7.0
2025-06-07	v2.virtualflybrain.org	VFB_001012c9	VFB_00101567	0	1	14.0
2025-06-07	v2.virtualflybrain.org	VFB_001013vo	VFB_00101567	0	1	17.0
2025-06-07	v2.virtualflybrain.org	VFB_001013vp	VFB_00101567	0	1	15.0
2025-06-07	v2.virtualflybrain.org	VFB_001013vq	VFB_00101567	0	2	16.0
2025-06-07	v2.virtualflybrain.org	VFB_001013vs	VFB_00101567	0	1	31.0
2025-06-07	v2.virtualflybrain.org	VFB_001013vu	VFB_00101567	2	3	10.0
2025-06-07	v2.virtualflybrain.org	VFB_00101483	VFB_00101567	0	1	33.0
2025-06-07	v2.virtualflybrain.org	VFB_001014uq	VFB_00101567	1	1	0.0
2025-06-07	v2.virtualflybrain.org	VFB_00101567	VFB_00101567	40	41	257.0
2025-06-07	v2.virtualflybrain.org	VFB_001015ad	VFB_00050000	4	3	0.0
2025-06-07	v2.virtualflybrain.org	VFB_001015cx	VFB_00050000	8	1	5.0
2025-06-07	v2.virtualflybrain.org	VFB_00102201	VFB_00101567	0	2	1.0
2025-06-07	v2.virtualflybrain.org	VFB_00102212	VFB_00101567	0	1	4.0
2025-06-07	v2.virtualflybrain.org	VFB_jrchjsl3	VFB_00101567	0	2	54.0
2025-06-07	v2.virtualflybrain.org	VFB_jrchjx8p	VFB_00101567	28	1	0.0
2025-06-07	v2.virtualflybrain.org	VFBexp_FBtp0058	VFB_00101567	15	1	0.0
2025-06-07	v2.virtualflybrain.org	VFBexp_FBtp0107	VFB_00101567	8	2	0.0
2025-06-08		FBbt_00003681		1	1	0.0
2025-06-08		FBbt_00003681	VFB_00101567	1	1	0.0
2025-06-08		FBbt_00005801		4	1	0.0
2025-06-08		FBbt_00005801	VFB_00101567	4	1	0.0
2025-06-08		FBbt_00040041		1	1	1.0
2025-06-08		FBbt_00040041	VFB_00101567	1	1	0.0
2025-06-08		FBbt_00040042		1	1	0.0
2025-06-08		FBbt_00040042	VFB_00101567	1	1	0.0
2025-06-08		FBbt_00040043		9	1	0.0
2025-06-08		FBbt_00040043	VFB_00101567	9	1	0.0
2025-06-08		FBbt_00045007		1	1	0.0
2025-06-08		FBbt_00045007	VFB_00101567	1	1	0.0
2025-06-08		FBbt_00045048		3	2	0.0
2025-06-08		FBbt_00045048	VFB_00101567	3	3	0.0
2025-06-08		FBbt_00045050		1	1	0.0
2025-06-08		FBbt_00045050	VFB_00101567	1	1	0.0
2025-06-08		FBbt_00110152		1	1	0.0
2025-06-08		FBbt_00110152	VFB_00101567	1	1	0.0
2025-06-08		FBbt_20007124		3	1	1.0
2025-06-08		FBbt_20007124	VFB_00101567	3	2	0.0
2025-06-08		VFB_00017892		2	1	3.0
2025-06-08		VFB_00017892	VFB_00101567	2	1	0.0
2025-06-08		VFB_00024692		1	1	0.0
2025-06-08		VFB_00024692	VFB_00101567	1	1	0.0
2025-06-08		VFB_00025629		9	1	5.0
2025-06-08		VFB_00025629	VFB_00101567	9	1	0.0
2025-06-08		VFB_00025630		13	1	11.0
2025-06-08		VFB_00025630	VFB_00101567	13	5	0.0
2025-06-08		VFB_00025631		2	1	0.0
2025-06-08		VFB_00025631	VFB_00101567	2	2	0.0
2025-06-08		VFB_00038665		1	1	0.0
2025-06-08		VFB_00038665	VFB_00101567	1	1	0.0
2025-06-08		VFB_00040123		24	1	0.0
2025-06-08		VFB_00040123	VFB_00101567	24	1	0.0
2025-06-08		VFB_00043029		8	1	0.0
2025-06-08		VFB_00043029	VFB_00101567	8	2	0.0
2025-06-08		VFB_00043030		2	1	0.0
2025-06-08		VFB_00043030	VFB_00101567	2	1	0.0
2025-06-08		VFB_00045429		1	1	0.0
2025-06-08		VFB_00045429	VFB_00101567	1	1	0.0
2025-06-08		VFB_00046576		3	1	8.0
2025-06-08		VFB_00046576	VFB_00101567	3	1	0.0
2025-06-08		VFB_00046577		2	1	8.0
2025-06-08		VFB_00046577	VFB_00101567	2	1	0.0
2025-06-08		VFB_00050505		3	1	0.0
2025-06-08		VFB_00050505	VFB_00049000	1	1	0.0
2025-06-08		VFB_00050505	VFB_00101567	2	1	0.0
2025-06-08		VFB_00063692		4	1	1.0
2025-06-08		VFB_00063692	VFB_00101567	4	2	0.0
2025-06-08		VFB_00069371		9	1	9.0
2025-06-08		VFB_00069371	VFB_00101567	2	1	0.0
2025-06-08		VFB_00100713		2	1	0.0
2025-06-08		VFB_00100713	VFB_00050000	2	1	0.0
2025-06-08		VFB_00100uxs		4	1	23.0
2025-06-08		VFB_00100uxs	VFB_00101567	4	2	0.0
2025-06-08		VFB_00100v5i		1	1	0.0
2025-06-08		VFB_00100v5i	VFB_00101567	1	1	0.0
2025-06-08		VFB_00100veg		1	1	0.0
2025-06-08		VFB_00100veg	VFB_00101567	1	1	0.0
2025-06-08		VFB_00100vel		1	1	0.0
2025-06-08		VFB_00100vel	VFB_00101567	1	1	0.0
2025-06-08		VFB_00100vgc		1	1	0.0
2025-06-08		VFB_00100vgc	VFB_00101567	1	1	0.0
2025-06-08		VFB_00100vk4		3	1	0.0
2025-06-08		VFB_00100vk4	VFB_00101567	3	2	0.0
2025-06-08		VFB_00100vkn		1	1	0.0
2025-06-08		VFB_00100vkn	VFB_00101567	1	1	0.0
2025-06-08		VFB_00100vxy		2	1	3.0
2025-06-08		VFB_00100vxy	VFB_00101567	2	1	0.0
2025-06-08		VFB_00100zog		1	1	0.0
2025-06-08		VFB_00100zog	VFB_00101567	1	1	0.0
2025-06-08		VFB_001011k0		1	1	0.0
2025-06-08		VFB_001011k0	VFB_00050000	1	1	0.0
2025-06-08		VFB_001013ku		2	1	6.0
2025-06-08		VFB_001013ku	VFB_00101567	2	1	0.0
2025-06-08		VFB_0010155d		1	1	0.0
2025-06-08		VFB_0010155d	VFB_00101567	1	1	0.0
2025-06-08		VFB_00101567		85	17	137.0
2025-06-08		VFB_00101567	VFB_00101567	97	23	0.0
2025-06-08		VFB_001015ad		1	1	0.0
2025-06-08		VFB_001015ad	VFB_00050000	1	1	0.0
2025-06-08		VFB_001015cx		4	1	0.0
2025-06-08		VFB_001015cx	VFB_00050000	4	1	0.0
2025-06-08		VFB_00101c9n		1	1	0.0
2025-06-08		VFB_00101c9n	VFB_00101567	1	1	0.0
2025-06-08		VFB_00101g4f		3	1	0.0
2025-06-08		VFB_00101g4f	VFB_00101567	2	1	0.0
2025-06-08		VFB_00101g4f	VFB_00200000	1	1	0.0
2025-06-08		VFB_00101g4i		2	1	0.0
2025-06-08		VFB_00101g4i	VFB_00101567	2	1	0.0
2025-06-08		VFB_00101rmv		1	1	0.0
2025-06-08		VFB_00101rmv	VFB_00101567	1	1	0.0
2025-06-08		VFB_00102114		2	1	1.0
2025-06-08		VFB_00102114	VFB_00101567	2	1	0.0
2025-06-08		VFB_00102118		2	1	0.0
2025-06-08		VFB_00102118	VFB_00101567	2	1	0.0
2025-06-08		VFB_00102119		2	1	0.0
2025-06-08		VFB_00102119	VFB_00101567	2	1	0.0
2025-06-08		VFB_00102121		2	1	0.0
2025-06-08		VFB_00102121	VFB_00101567	2	1	0.0
2025-06-08		VFB_00102123		2	1	0.0
2025-06-08		VFB_00102123	VFB_00101567	2	1	0.0
2025-06-08		VFB_00102124		2	1	0.0
2025-06-08		VFB_00102124	VFB_00101567	2	1	0.0
2025-06-08		VFB_00102133		2	1	0.0
2025-06-08		VFB_00102133	VFB_00101567	2	1	0.0
2025-06-08		VFB_00102140		1	1	5.0
2025-06-08		VFB_00102140	VFB_00101567	1	1	0.0
2025-06-08		VFB_00102274		1	1	3.0
2025-06-08		VFB_00102274	VFB_00101567	1	1	0.0
2025-06-08		VFB_fw002571		2	1	3.0
2025-06-08		VFB_fw002571	VFB_00101567	2	1	0.0
2025-06-08		VFB_fw026334		3	1	3.0
2025-06-08		VFB_fw026334	VFB_00101567	3	1	0.0
2025-06-08		VFB_fw030032		5	1	3.0
2025-06-08		VFB_fw030032	VFB_00101567	5	1	0.0
2025-06-08		VFB_fw036470		4	1	0.0
2025-06-08		VFB_fw036470	VFB_00101567	4	1	0.0
2025-06-08		VFB_jrchjx8p		27	1	0.0
2025-06-08		VFB_jrchjx8p	VFB_00101567	27	1	0.0
2025-06-08		VFBexp_FBtp0058		2	1	0.0
2025-06-08		VFBexp_FBtp0058	VFB_00101567	2	1	0.0
2025-06-08		VFBexp_FBtp0060		1	1	0.0
2025-06-08		VFBexp_FBtp0060	VFB_00101567	1	1	0.0
2025-06-08		VFBexp_FBtp0087		1	1	0.0
2025-06-08		VFBexp_FBtp0087	VFB_00101567	1	1	0.0
2025-06-08		VFBexp_FBtp0088		1	1	0.0
2025-06-08		VFBexp_FBtp0088	VFB_00101567	1	1	0.0
2025-06-08		VFBexp_FBtp0099		1	1	0.0
2025-06-08		VFBexp_FBtp0099	VFB_00101567	1	1	0.0
2025-06-08		VFBexp_FBtp0105		5	2	1.0
2025-06-08		VFBexp_FBtp0105	VFB_00101567	5	4	0.0
2025-06-08		VFBexp_FBtp0122		1	1	0.0
2025-06-08		VFBexp_FBtp0122	VFB_00101567	1	1	0.0
2025-06-08		VFBexp_FBtp0124		1	1	0.0
2025-06-08		VFBexp_FBtp0124	VFB_00101567	1	1	0.0
2025-06-08	v2.virtualflybrain.org	FBbt_00003681	VFB_00101567	0	1	1.0
2025-06-08	v2.virtualflybrain.org	FBbt_00005801	VFB_00101567	2	2	83.0
2025-06-08	v2.virtualflybrain.org	FBbt_00040041	VFB_00101567	0	1	3.0
2025-06-08	v2.virtualflybrain.org	FBbt_00040042	VFB_00101567	0	1	26.0
2025-06-08	v2.virtualflybrain.org	FBbt_00040043	VFB_00101567	9	1	0.0
2025-06-08	v2.virtualflybrain.org	FBbt_00045007	VFB_00101567	0	1	23.0
2025-06-08	v2.virtualflybrain.org	FBbt_00045048	VFB_00101567	0	3	124.0
2025-06-08	v2.virtualflybrain.org	FBbt_00045050	VFB_00101567	0	1	4.0
2025-06-08	v2.virtualflybrain.org	FBbt_00110152	VFB_00101567	0	2	54.0
2025-06-08	v2.virtualflybrain.org	FBbt_20007124	VFB_00101567	2	3	66.0
2025-06-08	v2.virtualflybrain.org	VFB_00024692	VFB_00101567	0	1	80.0
2025-06-08	v2.virtualflybrain.org	VFB_00025629	VFB_00101567	0	2	10.0
2025-06-08	v2.virtualflybrain.org	VFB_00025630	VFB_00101567	0	7	529.0
2025-06-08	v2.virtualflybrain.org	VFB_00025631	VFB_00101567	0	2	116.0
2025-06-08	v2.virtualflybrain.org	VFB_00038665	VFB_00101567	0	1	23.0
2025-06-08	v2.virtualflybrain.org	VFB_00040123	VFB_00101567	24	1	0.0
2025-06-08	v2.virtualflybrain.org	VFB_00043029	VFB_00101567	1	3	168.0
2025-06-08	v2.virtualflybrain.org	VFB_00043030	VFB_00101567	0	3	74.0
2025-06-08	v2.virtualflybrain.org	VFB_00045429	VFB_00101567	0	1	47.0
2025-06-08	v2.virtualflybrain.org	VFB_00046576	VFB_00101567	1	1	42.0
2025-06-08	v2.virtualflybrain.org	VFB_00046577	VFB_00101567	0	1	24.0
2025-06-08	v2.virtualflybrain.org	VFB_00050000	VFB_00050000	0	4	0.0
2025-06-08	v2.virtualflybrain.org	VFB_00050505	VFB_00049000	1	3	30.0
2025-06-08	v2.virtualflybrain.org	VFB_00050505	VFB_00101567	0	2	8.0
2025-06-08	v2.virtualflybrain.org	VFB_00063692	VFB_00101567	2	2	112.0
2025-06-08	v2.virtualflybrain.org	VFB_00069371	VFB_00101567	0	2	86.0
2025-06-08	v2.virtualflybrain.org	VFB_00100713	VFB_00050000	2	1	0.0
2025-06-08	v2.virtualflybrain.org	VFB_00100uxs	VFB_00101567	0	2	0.0
2025-06-08	v2.virtualflybrain.org	VFB_00100v5i	VFB_00101567	0	1	65.0
2025-06-08	v2.virtualflybrain.org	VFB_00100veg	VFB_00101567	0	1	17.0
2025-06-08	v2.virtualflybrain.org	VFB_00100vel	VFB_00101567	0	1	197.0
2025-06-08	v2.virtualflybrain.org	VFB_00100vgc	VFB_00101567	0	1	24.0
2025-06-08	v2.virtualflybrain.org	VFB_00100vk4	VFB_00101567	0	3	120.0
2025-06-08	v2.virtualflybrain.org	VFB_00100vkn	VFB_00101567	0	1	54.0
2025-06-08	v2.virtualflybrain.org	VFB_00100vxy	VFB_00101567	0	1	11.0
2025-06-08	v2.virtualflybrain.org	VFB_00100zog	VFB_00101567	0	1	25.0
2025-06-08	v2.virtualflybrain.org	VFB_001011k0	VFB_00050000	1	1	0.0
2025-06-08	v2.virtualflybrain.org	VFB_001013ku	VFB_00101567	0	2	38.0
2025-06-08	v2.virtualflybrain.org	VFB_0010155d	VFB_00101567	1	2	32.0
2025-06-08	v2.virtualflybrain.org	VFB_00101567	VFB_00101567	47	53	673.0
2025-06-08	v2.virtualflybrain.org	VFB_001015ad	VFB_00050000	1	1	0.0
2025-06-08	v2.virtualflybrain.org	VFB_001015cx	VFB_00050000	4	1	0.0
2025-06-08	v2.virtualflybrain.org	VFB_00101c9n	VFB_00101567	0	1	1.0
2025-06-08	v2.virtualflybrain.org	VFB_00101g4f	VFB_00101567	0	2	59.0
2025-06-08	v2.virtualflybrain.org	VFB_00101g4f	VFB_00200000	1	3	5.0
2025-06-08	v2.virtualflybrain.org	VFB_00101g4i	VFB_00101567	0	2	23.0
2025-06-08	v2.virtualflybrain.org	VFB_00101rmv	VFB_00101567	0	1	41.0
2025-06-08	v2.virtualflybrain.org	VFB_00102114	VFB_00101567	0	1	30.0
2025-06-08	v2.virtualflybrain.org	VFB_00102119	VFB_00101567	0	1	6.0
2025-06-08	v2.virtualflybrain.org	VFB_00102121	VFB_00101567	0	1	18.0
2025-06-08	v2.virtualflybrain.org	VFB_00102123	VFB_00101567	0	1	9.0
2025-06-08	v2.virtualflybrain.org	VFB_00102124	VFB_00101567	0	1	6.0
2025-06-08	v2.virtualflybrain.org	VFB_00102133	VFB_00101567	0	1	8.0
2025-06-08	v2.virtualflybrain.org	VFB_00102140	VFB_00101567	0	1	0.0
2025-06-08	v2.virtualflybrain.org	VFB_00102274	VFB_00101567	0	1	62.0
2025-06-08	v2.virtualflybrain.org	VFB_fw002571		1	1	2.0
2025-06-08	v2.virtualflybrain.org	VFB_fw002571	VFB_00101567	0	1	4.0
2025-06-08	v2.virtualflybrain.org	VFB_fw026334		1	1	2.0
2025-06-08	v2.virtualflybrain.org	VFB_fw026334	VFB_00101567	1	1	42.0
2025-06-08	v2.virtualflybrain.org	VFB_fw030032		2	1	10.0
2025-06-08	v2.virtualflybrain.org	VFB_fw030032	VFB_00101567	0	1	212.0
2025-06-08	v2.virtualflybrain.org	VFB_fw036470		1	1	0.0
2025-06-08	v2.virtualflybrain.org	VFB_fw036470	VFB_00101567	0	1	52.0
2025-06-08	v2.virtualflybrain.org	VFB_jrchjx8p	VFB_00101567	27	1	0.0
2025-06-08	v2.virtualflybrain.org	VFBexp_FBtp0058	VFB_00101567	2	1	0.0
2025-06-08	v2.virtualflybrain.org	VFBexp_FBtp0060		1	1	2.0
2025-06-08	v2.virtualflybrain.org	VFBexp_FBtp0060	VFB_00101567	0	1	5.0
2025-06-08	v2.virtualflybrain.org	VFBexp_FBtp0087	VFB_00101567	0	1	27.0
2025-06-08	v2.virtualflybrain.org	VFBexp_FBtp0088	VFB_00101567	0	1	34.0
2025-06-08	v2.virtualflybrain.org	VFBexp_FBtp0099		1	1	0.0
2025-06-08	v2.virtualflybrain.org	VFBexp_FBtp0099	VFB_00101567	0	1	0.0
2025-06-08	v2.virtualflybrain.org	VFBexp_FBtp0105	VFB_00101567	1	6	76.0
2025-06-08	v2.virtualflybrain.org	VFBexp_FBtp0122		1	1	0.0
2025-06-08	v2.virtualflybrain.org	VFBexp_FBtp0122	VFB_00101567	0	1	0.0
2025-06-08	v2.virtualflybrain.org	VFBexp_FBtp0124	VFB_00101567	1	1	0.0
2025-06-09		FBbt_00002403		1	1	0.0
2025-06-09		FBbt_00002403	VFB_00101567	1	1	0.0
2025-06-09		FBbt_00003624		4	2	0.0
2025-06-09		FBbt_00003624	VFB_00101567	4	2	0.0
2025-06-09		FBbt_00003657		1	1	0.0
2025-06-09		FBbt_00003657	VFB_00101567	1	1	0.0
2025-06-09		FBbt_00003678		7	3	0.0
2025-06-09		FBbt_00003678	VFB_00101567	7	3	0.0
2025-06-09		FBbt_00003679		4	2	0.0
2025-06-09		FBbt_00003679	VFB_00101567	4	2	0.0
2025-06-09		FBbt_00003680		2	1	0.0
2025-06-09		FBbt_00003680	VFB_00101567	2	1	0.0
2025-06-09		FBbt_00003682		1	1	0.0
2025-06-09		FBbt_00003682	VFB_00101567	1	1	0.0
2025-06-09		FBbt_00003687		2	1	0.0
2025-06-09		FBbt_00003687	VFB_00101567	2	1	0.0
2025-06-09		FBbt_00003701		1	1	0.0
2025-06-09		FBbt_00003701	VFB_00101567	1	1	0.0
2025-06-09		FBbt_00003726		1	1	0.0
2025-06-09		FBbt_00003726	VFB_00101567	1	1	0.0
2025-06-09		FBbt_00003728		10	1	0.0
2025-06-09		FBbt_00003728	VFB_00101567	10	3	0.0
2025-06-09		FBbt_00003730		2	1	0.0
2025-06-09		FBbt_00003730	VFB_00101567	2	2	0.0
2025-06-09		FBbt_00003731		2	1	0.0
2025-06-09		FBbt_00003731	VFB_00101567	2	2	0.0
2025-06-09		FBbt_00003732		2	1	0.0
2025-06-09		FBbt_00003732	VFB_00101567	2	2	0.0
2025-06-09		FBbt_00003733		2	1	0.0
2025-06-09		FBbt_00003733	VFB_00101567	2	2	0.0
2025-06-09		FBbt_00003734		4	1	0.0
2025-06-09		FBbt_00003734	VFB_00101567	4	3	0.0
2025-06-09		FBbt_00003735		2	1	0.0
2025-06-09		FBbt_00003735	VFB_00101567	2	2	0.0
2025-06-09		FBbt_00003736		2	1	0.0
2025-06-09		FBbt_00003736	VFB_00101567	2	2	0.0
2025-06-09		FBbt_00003737		2	1	0.0
2025-06-09		FBbt_00003737	VFB_00101567	2	2	0.0
2025-06-09		FBbt_00003738		2	1	0.0
2025-06-09		FBbt_00003738	VFB_00101567	2	2	0.0
2025-06-09		FBbt_00003739		2	1	0.0
2025-06-09		FBbt_00003739	VFB_00101567	2	2	0.0
2025-06-09		FBbt_00003740		2	1	0.0
2025-06-09		FBbt_00003740	VFB_00101567	2	2	0.0
2025-06-09		FBbt_00003748		11	4	10.0
2025-06-09		FBbt_00003748	VFB_00101567	11	4	0.0
2025-06-09		FBbt_00003852		1	1	0.0
2025-06-09		FBbt_00003852	VFB_00101567	1	1	0.0
2025-06-09		FBbt_00003982		1	1	0.0
2025-06-09		FBbt_00003982	VFB_00101567	1	1	0.0
2025-06-09		FBbt_00004052		3	1	0.0
2025-06-09		FBbt_00004052	VFB_00200000	3	1	0.0
2025-06-09		FBbt_00005106		2	1	1.0
2025-06-09		FBbt_00005106	VFB_00101567	2	2	0.0
2025-06-09		FBbt_00007050		1	1	0.0
2025-06-09		FBbt_00007050	VFB_00101567	1	1	0.0
2025-06-09		FBbt_00007508		1	1	0.0
2025-06-09		FBbt_00007508	VFB_00101567	1	1	0.0
2025-06-09		FBbt_00007727		1	1	0.0
2025-06-09		FBbt_00007727	VFB_00200000	1	1	0.0
2025-06-09		FBbt_00040041		3	3	0.0
2025-06-09		FBbt_00040041	VFB_00101567	3	3	0.0
2025-06-09		FBbt_00040042		1	1	0.0
2025-06-09		FBbt_00040042	VFB_00101567	1	1	0.0
2025-06-09		FBbt_00040043		13	4	0.0
2025-06-09		FBbt_00040043	VFB_00101567	13	4	0.0
2025-06-09		FBbt_00040049		1	1	0.0
2025-06-09		FBbt_00040049	VFB_00101567	1	1	0.0
2025-06-09		FBbt_00040050		2	1	0.0
2025-06-09		FBbt_00040050	VFB_00101567	2	2	0.0
2025-06-09		FBbt_00045004		2	1	0.0
2025-06-09		FBbt_00045004	VFB_00101567	2	1	0.0
2025-06-09		FBbt_00045020		4	1	0.0
2025-06-09		FBbt_00045020	VFB_00101567	4	1	0.0
2025-06-09		FBbt_00045027		2	2	0.0
2025-06-09		FBbt_00045027	VFB_00101567	2	2	0.0
2025-06-09		FBbt_00045040		1	1	0.0
2025-06-09		FBbt_00045040	VFB_00101567	1	1	0.0
2025-06-09		FBbt_00045048		1	1	0.0
2025-06-09		FBbt_00045048	VFB_00101567	1	1	0.0
2025-06-09		FBbt_00047095		1	1	0.0
2025-06-09		FBbt_00047095	VFB_00050000	1	1	0.0
2025-06-09		FBbt_00047735		6	1	0.0
2025-06-09		FBbt_00047735	VFB_00101567	6	1	0.0
2025-06-09		FBbt_00053384		1	1	0.0
2025-06-09		FBbt_00053384	VFB_00101567	1	1	0.0
2025-06-09		FBbt_00100258		1	1	0.0
2025-06-09		FBbt_00100258	VFB_00101567	1	1	0.0
2025-06-09		FBbt_00100660		1	1	0.0
2025-06-09		FBbt_00100660	VFB_00101567	1	1	0.0
2025-06-09		FBbt_00110172		2	1	0.0
2025-06-09		FBbt_00110172	VFB_00101567	2	1	0.0
2025-06-09		FBbt_00110175		3	1	0.0
2025-06-09		FBbt_00110175	VFB_00200000	3	1	0.0
2025-06-09		FBbt_00110634		1	1	0.0
2025-06-09		FBbt_00110634	VFB_00101567	1	1	0.0
2025-06-09		FBbt_00110638		3	1	0.0
2025-06-09		FBbt_00110638	VFB_00101567	3	2	0.0
2025-06-09		FBbt_00111303		8	1	0.0
2025-06-09		FBbt_00111303	VFB_00100000	8	1	0.0
2025-06-09		FBbt_20011347		2	1	0.0
2025-06-09		FBbt_20011347	VFB_00101567	2	1	0.0
2025-06-09		VFB_00005053		6	1	11.0
2025-06-09		VFB_00005053	VFB_00017894	3	1	0.0
2025-06-09		VFB_00005053	VFB_00050000	3	1	0.0
2025-06-09		VFB_00030786		2	1	0.0
2025-06-09		VFB_00030786	VFB_00030786	2	1	0.0
2025-06-09		VFB_00030870		2	1	5.0
2025-06-09		VFB_00030870	VFB_00101567	2	1	0.0
2025-06-09		VFB_00040123		24	1	0.0
2025-06-09		VFB_00040123	VFB_00101567	24	1	0.0
2025-06-09		VFB_00043029		5	1	0.0
2025-06-09		VFB_00043029	VFB_00101567	5	4	0.0
2025-06-09		VFB_00043030		4	1	178.0
2025-06-09		VFB_00043030	VFB_00101567	4	4	0.0
2025-06-09		VFB_00050000		7	4	0.0
2025-06-09		VFB_00050000	VFB_00050000	10	9	152.0
2025-06-09		VFB_00050500		3	1	0.0
2025-06-09		VFB_00050500	VFB_00049000	1	1	0.0
2025-06-09		VFB_00050500	VFB_00101567	2	1	0.0
2025-06-09		VFB_00066931		2	1	4.0
2025-06-09		VFB_00066931	VFB_00101567	2	1	0.0
2025-06-09		VFB_00100089		1	1	0.0
2025-06-09		VFB_00100089	VFB_00050000	1	1	0.0
2025-06-09		VFB_00100097		2	1	1.0
2025-06-09		VFB_00100097	VFB_00050000	3	2	0.0
2025-06-09		VFB_00100172		9	1	19.0
2025-06-09		VFB_00100172	VFB_00050000	8	2	0.0
2025-06-09		VFB_00100256		1	1	0.0
2025-06-09		VFB_00100256	VFB_00050000	1	1	0.0
2025-06-09		VFB_00100405		2	1	0.0
2025-06-09		VFB_00100405	VFB_00050000	2	1	0.0
2025-06-09		VFB_00100693		13	1	24.0
2025-06-09		VFB_00100693	VFB_00050000	10	1	0.0
2025-06-09		VFB_00100693	VFB_00101567	3	1	0.0
2025-06-09		VFB_00100vel		6	1	0.0
2025-06-09		VFB_00100vel	VFB_00101567	6	1	0.0
2025-06-09		VFB_00101011		11	1	110.0
2025-06-09		VFB_00101011	VFB_00050000	11	2	0.0
2025-06-09		VFB_001011em		1	1	0.0
2025-06-09		VFB_001011em	VFB_00050000	1	1	0.0
2025-06-09		VFB_001011k0		2	1	0.0
2025-06-09		VFB_001011k0	VFB_00050000	2	1	0.0
2025-06-09		VFB_001012wk		1	1	0.0
2025-06-09		VFB_001012wk	VFB_00101567	1	1	0.0
2025-06-09		VFB_001013vu		8	1	0.0
2025-06-09		VFB_001013vu	VFB_00101567	8	1	0.0
2025-06-09		VFB_00101544		1	1	0.0
2025-06-09		VFB_00101544	VFB_00050000	1	1	0.0
2025-06-09		VFB_00101567		159	32	95.0
2025-06-09		VFB_00101567	VFB_00101567	172	41	0.0
2025-06-09		VFB_0010157z		2	1	0.0
2025-06-09		VFB_0010157z	VFB_00050000	2	1	0.0
2025-06-09		VFB_001015ad		3	1	0.0
2025-06-09		VFB_001015ad	VFB_00050000	3	1	0.0
2025-06-09		VFB_001015cx		3	1	0.0
2025-06-09		VFB_001015cx	VFB_00050000	3	1	0.0
2025-06-09		VFB_00101683		3	1	0.0
2025-06-09		VFB_00101683	VFB_00050000	3	1	0.0
2025-06-09		VFB_001016xn		2	1	0.0
2025-06-09		VFB_001016xn	VFB_00101567	2	1	0.0
2025-06-09		VFB_00101vuo		1	1	0.0
2025-06-09		VFB_00101vuo	VFB_00101567	1	1	0.0
2025-06-09		VFB_00102107		3	2	5.0
2025-06-09		VFB_00102107	VFB_00101567	3	2	0.0
2025-06-09		VFB_00102108		3	1	0.0
2025-06-09		VFB_00102108	VFB_00101567	3	2	0.0
2025-06-09		VFB_00102135		3	1	2.0
2025-06-09		VFB_00102135	VFB_00101567	3	2	0.0
2025-06-09		VFB_00102139		2	1	9.0
2025-06-09		VFB_00102139	VFB_00101567	2	1	0.0
2025-06-09		VFB_00102154		13	1	4.0
2025-06-09		VFB_00102154	VFB_00101567	13	2	0.0
2025-06-09		VFB_0010240k		2	1	0.0
2025-06-09		VFB_0010240k	VFB_00101567	2	1	0.0
2025-06-09		VFB_00102eq7		10	1	25.0
2025-06-09		VFB_00102eq7	VFB_00050000	10	2	0.0
2025-06-09		VFB_00102eqd		1	1	0.0
2025-06-09		VFB_00102eqd	VFB_00050000	1	1	0.0
2025-06-09		VFB_00102eun		8	2	0.0
2025-06-09		VFB_00102eun	VFB_00050000	4	2	0.0
2025-06-09		VFB_00102eun	VFB_00101567	4	1	0.0
2025-06-09		VFB_00102f82		2	1	0.0
2025-06-09		VFB_00102f82	VFB_00050000	2	1	0.0
2025-06-09		VFB_00102gng		1	1	0.0
2025-06-09		VFB_00102gng	VFB_00049000	1	1	0.0
2025-06-09		VFB_001049a9		3	1	1.0
2025-06-09		VFB_001049a9	VFB_00101567	3	1	0.0
2025-06-09		VFB_00200000		1	1	0.0
2025-06-09		VFB_00200000	VFB_00200000	2	2	16.0
2025-06-09		VFB_fw013822		2	1	2.0
2025-06-09		VFB_fw013822	VFB_00101567	2	1	0.0
2025-06-09		VFB_fw091037		3	1	10.0
2025-06-09		VFB_fw091037	VFB_00101567	3	1	0.0
2025-06-09		VFB_fw138153		1	1	0.0
2025-06-09		VFB_fw138153	VFB_00101567	1	1	0.0
2025-06-09		VFB_jrchjtl1		2	1	5.0
2025-06-09		VFB_jrchjtl1	VFB_00101567	2	1	0.0
2025-06-09		VFB_jrchjtl3		2	1	5.0
2025-06-09		VFB_jrchjtl3	VFB_00101567	2	1	0.0
2025-06-09		VFB_jrchjx8p		24	1	0.0
2025-06-09		VFB_jrchjx8p	VFB_00101567	24	1	0.0
2025-06-09		VFBexp_FBti0016		8	1	0.0
2025-06-09		VFBexp_FBti0016	VFB_00101567	8	1	0.0
2025-06-09		VFBexp_FBtp0058		10	1	0.0
2025-06-09		VFBexp_FBtp0058	VFB_00101567	10	1	0.0
2025-06-09		VFBexp_FBtp0060		2	1	0.0
2025-06-09		VFBexp_FBtp0060	VFB_00101567	2	1	0.0
2025-06-09		VFBexp_FBtp0088		1	1	0.0
2025-06-09		VFBexp_FBtp0088	VFB_00101567	1	1	0.0
2025-06-09		VFBexp_FBtp0104		1	1	0.0
2025-06-09		VFBexp_FBtp0104	VFB_00101567	1	1	0.0
2025-06-09		VFBexp_FBtp0105		4	1	0.0
2025-06-09		VFBexp_FBtp0105	VFB_00101567	4	1	0.0
2025-06-09		VFBexp_FBtp0121		2	1	0.0
2025-06-09		VFBexp_FBtp0121	VFB_00101567	2	1	0.0
2025-06-09	v2.virtualflybrain.org	FBbt_00002403	VFB_00101567	0	1	54.0
2025-06-09	v2.virtualflybrain.org	FBbt_00003624	VFB_00101567	0	2	96.0
2025-06-09	v2.virtualflybrain.org	FBbt_00003657	VFB_00101567	0	1	116.0
2025-06-09	v2.virtualflybrain.org	FBbt_00003678	VFB_00101567	0	5	126.0
2025-06-09	v2.virtualflybrain.org	FBbt_00003679	VFB_00101567	0	2	15.0
2025-06-09	v2.virtualflybrain.org	FBbt_00003680	VFB_00101567	0	1	6.0
2025-06-09	v2.virtualflybrain.org	FBbt_00003682	VFB_00101567	0	1	2.0
2025-06-09	v2.virtualflybrain.org	FBbt_00003687	VFB_00101567	0	2	22.0
2025-06-09	v2.virtualflybrain.org	FBbt_00003701	VFB_00101567	0	1	5.0
2025-06-09	v2.virtualflybrain.org	FBbt_00003726	VFB_00101567	0	1	59.0
2025-06-09	v2.virtualflybrain.org	FBbt_00003728	VFB_00101567	0	5	442.0
2025-06-09	v2.virtualflybrain.org	FBbt_00003730	VFB_00101567	0	3	112.0
2025-06-09	v2.virtualflybrain.org	FBbt_00003731	VFB_00101567	0	2	85.0
2025-06-09	v2.virtualflybrain.org	FBbt_00003732	VFB_00101567	0	2	59.0
2025-06-09	v2.virtualflybrain.org	FBbt_00003733	VFB_00101567	0	2	52.0
2025-06-09	v2.virtualflybrain.org	FBbt_00003734	VFB_00101567	0	3	300.0
2025-06-09	v2.virtualflybrain.org	FBbt_00003735	VFB_00101567	0	2	45.0
2025-06-09	v2.virtualflybrain.org	FBbt_00003736	VFB_00101567	0	2	47.0
2025-06-09	v2.virtualflybrain.org	FBbt_00003737	VFB_00101567	0	2	51.0
2025-06-09	v2.virtualflybrain.org	FBbt_00003738	VFB_00101567	0	2	41.0
2025-06-09	v2.virtualflybrain.org	FBbt_00003739	VFB_00101567	0	2	41.0
2025-06-09	v2.virtualflybrain.org	FBbt_00003740	VFB_00101567	0	2	36.0
2025-06-09	v2.virtualflybrain.org	FBbt_00003748	VFB_00101567	2	6	99.0
2025-06-09	v2.virtualflybrain.org	FBbt_00003852	VFB_00101567	0	2	28.0
2025-06-09	v2.virtualflybrain.org	FBbt_00003982	VFB_00101567	0	2	144.0
2025-06-09	v2.virtualflybrain.org	FBbt_00004052	VFB_00200000	0	2	40.0
2025-06-09	v2.virtualflybrain.org	FBbt_00005106	VFB_00101567	1	4	409.0
2025-06-09	v2.virtualflybrain.org	FBbt_00007050	VFB_00101567	0	2	7.0
2025-06-09	v2.virtualflybrain.org	FBbt_00007508	VFB_00101567	0	1	30.0
2025-06-09	v2.virtualflybrain.org	FBbt_00007727	VFB_00200000	0	1	1.0
2025-06-09	v2.virtualflybrain.org	FBbt_00040041	VFB_00101567	1	3	45.0
2025-06-09	v2.virtualflybrain.org	FBbt_00040042	VFB_00101567	0	1	10.0
2025-06-09	v2.virtualflybrain.org	FBbt_00040043	VFB_00101567	8	5	44.0
2025-06-09	v2.virtualflybrain.org	FBbt_00040049	VFB_00101567	0	1	48.0
2025-06-09	v2.virtualflybrain.org	FBbt_00040050	VFB_00101567	1	3	20.0
2025-06-09	v2.virtualflybrain.org	FBbt_00045004	VFB_00101567	0	1	8.0
2025-06-09	v2.virtualflybrain.org	FBbt_00045020	VFB_00101567	0	1	7.0
2025-06-09	v2.virtualflybrain.org	FBbt_00045027	VFB_00101567	0	3	22.0
2025-06-09	v2.virtualflybrain.org	FBbt_00045040	VFB_00101567	0	1	26.0
2025-06-09	v2.virtualflybrain.org	FBbt_00045048	VFB_00101567	0	2	10.0
2025-06-09	v2.virtualflybrain.org	FBbt_00047095	VFB_00050000	0	2	94.0
2025-06-09	v2.virtualflybrain.org	FBbt_00047735	VFB_00101567	0	2	327.0
2025-06-09	v2.virtualflybrain.org	FBbt_00053384	VFB_00101567	0	1	9.0
2025-06-09	v2.virtualflybrain.org	FBbt_00100258	VFB_00101567	0	1	51.0
2025-06-09	v2.virtualflybrain.org	FBbt_00100660	VFB_00101567	0	1	43.0
2025-06-09	v2.virtualflybrain.org	FBbt_00110172	VFB_00101567	0	2	77.0
2025-06-09	v2.virtualflybrain.org	FBbt_00110175	VFB_00200000	0	2	14.0
2025-06-09	v2.virtualflybrain.org	FBbt_00110634	VFB_00101567	0	2	23.0
2025-06-09	v2.virtualflybrain.org	FBbt_00110638	VFB_00101567	1	3	18.0
2025-06-09	v2.virtualflybrain.org	FBbt_00111303	VFB_00100000	8	1	0.0
2025-06-09	v2.virtualflybrain.org	FBbt_20011347	VFB_00101567	0	2	29.0
2025-06-09	v2.virtualflybrain.org	VFB_00005053	VFB_00017894	1	4	54.0
2025-06-09	v2.virtualflybrain.org	VFB_00005053	VFB_00050000	0	2	1.0
2025-06-09	v2.virtualflybrain.org	VFB_00030786		2	1	1.0
2025-06-09	v2.virtualflybrain.org	VFB_00030786	VFB_00030786	0	1	8.0
2025-06-09	v2.virtualflybrain.org	VFB_00030870	VFB_00101567	0	1	2.0
2025-06-09	v2.virtualflybrain.org	VFB_00040123	VFB_00101567	24	1	0.0
2025-06-09	v2.virtualflybrain.org	VFB_00043029	VFB_00101567	0	2	135.0
2025-06-09	v2.virtualflybrain.org	VFB_00043030	VFB_00101567	1	5	278.0
2025-06-09	v2.virtualflybrain.org	VFB_00049000	VFB_00049000	1	3	2.0
2025-06-09	v2.virtualflybrain.org	VFB_00050000	VFB_00050000	5	22	65.0
2025-06-09	v2.virtualflybrain.org	VFB_00050500	VFB_00049000	1	2	0.0
2025-06-09	v2.virtualflybrain.org	VFB_00050500	VFB_00101567	0	2	8.0
2025-06-09	v2.virtualflybrain.org	VFB_00066931	VFB_00101567	0	2	6.0
2025-06-09	v2.virtualflybrain.org	VFB_00100000	VFB_00100000	0	1	0.0
2025-06-09	v2.virtualflybrain.org	VFB_00100089	VFB_00050000	0	1	6.0
2025-06-09	v2.virtualflybrain.org	VFB_00100097	VFB_00050000	0	1	0.0
2025-06-09	v2.virtualflybrain.org	VFB_00100172	VFB_00050000	0	1	42.0
2025-06-09	v2.virtualflybrain.org	VFB_00100256	VFB_00050000	2	2	0.0
2025-06-09	v2.virtualflybrain.org	VFB_00100405	VFB_00050000	0	1	0.0
2025-06-09	v2.virtualflybrain.org	VFB_00100693		1	1	4.0
2025-06-09	v2.virtualflybrain.org	VFB_00100693	VFB_00050000	8	4	121.0
2025-06-09	v2.virtualflybrain.org	VFB_00100693	VFB_00101567	0	2	54.0
2025-06-09	v2.virtualflybrain.org	VFB_00100vel	VFB_00101567	1	2	92.0
2025-06-09	v2.virtualflybrain.org	VFB_00101011	VFB_00050000	0	2	40.0
2025-06-09	v2.virtualflybrain.org	VFB_001011em	VFB_00050000	0	2	53.0
2025-06-09	v2.virtualflybrain.org	VFB_001011k0	VFB_00050000	3	1	0.0
2025-06-09	v2.virtualflybrain.org	VFB_001012wk	VFB_00101567	1	1	143.0
2025-06-09	v2.virtualflybrain.org	VFB_001013vu	VFB_00101567	8	1	0.0
2025-06-09	v2.virtualflybrain.org	VFB_00101544	VFB_00050000	0	2	178.0
2025-06-09	v2.virtualflybrain.org	VFB_00101567	VFB_00101567	98	93	1314.0
2025-06-09	v2.virtualflybrain.org	VFB_0010157z	VFB_00050000	0	1	0.0
2025-06-09	v2.virtualflybrain.org	VFB_001015ad	VFB_00050000	3	1	0.0
2025-06-09	v2.virtualflybrain.org	VFB_001015cx	VFB_00050000	3	1	0.0
2025-06-09	v2.virtualflybrain.org	VFB_00101683	VFB_00050000	3	2	0.0
2025-06-09	v2.virtualflybrain.org	VFB_001016xn	VFB_00101567	3	1	0.0
2025-06-09	v2.virtualflybrain.org	VFB_00101vuo	VFB_00101567	0	2	13.0
2025-06-09	v2.virtualflybrain.org	VFB_00102107	VFB_00101567	0	2	131.0
2025-06-09	v2.virtualflybrain.org	VFB_00102108	VFB_00101567	2	3	199.0
2025-06-09	v2.virtualflybrain.org	VFB_00102135	VFB_00101567	1	2	0.0
2025-06-09	v2.virtualflybrain.org	VFB_00102139	VFB_00101567	0	1	0.0
2025-06-09	v2.virtualflybrain.org	VFB_00102154	VFB_00101567	11	2	21.0
2025-06-09	v2.virtualflybrain.org	VFB_0010240k	VFB_00101567	0	2	2.0
2025-06-09	v2.virtualflybrain.org	VFB_00102eq7	VFB_00050000	5	2	196.0
2025-06-09	v2.virtualflybrain.org	VFB_00102eqd	VFB_00050000	0	1	95.0
2025-06-09	v2.virtualflybrain.org	VFB_00102eun	VFB_00050000	4	3	3.0
2025-06-09	v2.virtualflybrain.org	VFB_00102eun	VFB_00101567	0	2	315.0
2025-06-09	v2.virtualflybrain.org	VFB_00102f82	VFB_00050000	2	1	0.0
2025-06-09	v2.virtualflybrain.org	VFB_00102gng	VFB_00049000	2	1	0.0
2025-06-09	v2.virtualflybrain.org	VFB_001049a9	VFB_00101567	0	1	12.0
2025-06-09	v2.virtualflybrain.org	VFB_00200000	VFB_00200000	1	3	3.0
2025-06-09	v2.virtualflybrain.org	VFB_fw013822	VFB_00101567	0	1	12.0
2025-06-09	v2.virtualflybrain.org	VFB_fw091037	VFB_00101567	0	1	156.0
2025-06-09	v2.virtualflybrain.org	VFB_fw138153	VFB_00101567	0	2	60.0
2025-06-09	v2.virtualflybrain.org	VFB_jrchjtl1	VFB_00101567	0	1	45.0
2025-06-09	v2.virtualflybrain.org	VFB_jrchjtl3	VFB_00101567	0	1	26.0
2025-06-09	v2.virtualflybrain.org	VFB_jrchjx8p	VFB_00101567	25	1	0.0
2025-06-09	v2.virtualflybrain.org	VFBexp_FBti0016	VFB_00101567	8	1	0.0
2025-06-09	v2.virtualflybrain.org	VFBexp_FBtp0058	VFB_00101567	10	1	0.0
2025-06-09	v2.virtualflybrain.org	VFBexp_FBtp0060		1	1	0.0
2025-06-09	v2.virtualflybrain.org	VFBexp_FBtp0060	VFB_00101567	1	1	0.0
2025-06-09	v2.virtualflybrain.org	VFBexp_FBtp0088	VFB_00101567	0	1	30.0
2025-06-09	v2.virtualflybrain.org	VFBexp_FBtp0104		1	1	2.0
2025-06-09	v2.virtualflybrain.org	VFBexp_FBtp0104	VFB_00101567	0	1	33.0
2025-06-09	v2.virtualflybrain.org	VFBexp_FBtp0105		4	1	3.0
2025-06-09	v2.virtualflybrain.org	VFBexp_FBtp0105	VFB_00101567	0	1	15.0
2025-06-09	v2.virtualflybrain.org	VFBexp_FBtp0121		2	1	4.0
2025-06-09	v2.virtualflybrain.org	VFBexp_FBtp0121	VFB_00101567	0	1	14.0
2025-06-09	v2.virtualflybrain.org	VFBu_9n6ito4v		116	1	378.0
2025-06-10		FBbt_00001455		1	1	0.0
2025-06-10		FBbt_00001455	VFB_00050000	1	1	0.0
2025-06-10		FBbt_00001919		1	1	0.0
2025-06-10		FBbt_00001919	VFB_00050000	7	1	0.0
2025-06-10		FBbt_00002143		2	1	10.0
2025-06-10		FBbt_00002143	VFB_00050000	2	1	0.0
2025-06-10		FBbt_00002156		5	1	27.0
2025-06-10		FBbt_00002156	VFB_00050000	8	1	0.0
2025-06-10		FBbt_00002158		2	1	18.0
2025-06-10		FBbt_00002158	VFB_00050000	5	1	0.0
2025-06-10		FBbt_00002306		3	1	11.0
2025-06-10		FBbt_00002306	VFB_00050000	5	1	0.0
2025-06-10		FBbt_00002518		1	1	0.0
2025-06-10		FBbt_00002518	VFB_00050000	1	1	0.0
2025-06-10		FBbt_00003004		4	2	0.0
2025-06-10		FBbt_00003004	VFB_00101567	4	2	0.0
2025-06-10		FBbt_00003624		6	3	0.0
2025-06-10		FBbt_00003624	VFB_00101567	7	3	0.0
2025-06-10		FBbt_00003632		3	2	0.0
2025-06-10		FBbt_00003632	VFB_00101567	5	2	0.0
2025-06-10		FBbt_00003668		3	2	0.0
2025-06-10		FBbt_00003668	VFB_00101567	3	2	0.0
2025-06-10		FBbt_00003678		6	3	0.0
2025-06-10		FBbt_00003678	VFB_00101567	6	3	0.0
2025-06-10		FBbt_00003680		4	3	0.0
2025-06-10		FBbt_00003680	VFB_00101567	4	3	0.0
2025-06-10		FBbt_00003681		2	2	0.0
2025-06-10		FBbt_00003681	VFB_00101567	2	2	0.0
2025-06-10		FBbt_00003701		2	1	0.0
2025-06-10		FBbt_00003701	VFB_00101567	2	1	0.0
2025-06-10		FBbt_00003731		1	1	0.0
2025-06-10		FBbt_00003731	VFB_00101567	1	1	0.0
2025-06-10		FBbt_00003748		3	2	0.0
2025-06-10		FBbt_00003748	VFB_00101567	3	2	0.0
2025-06-10		FBbt_00003763		1	1	0.0
2025-06-10		FBbt_00003763	VFB_00101567	1	1	0.0
2025-06-10		FBbt_00003924		1	1	0.0
2025-06-10		FBbt_00003924	VFB_00101567	1	1	0.0
2025-06-10		FBbt_00004000		1	1	0.0
2025-06-10		FBbt_00004000	VFB_00101567	1	1	0.0
2025-06-10		FBbt_00004904		2	1	3.0
2025-06-10		FBbt_00004904	VFB_00101567	2	1	0.0
2025-06-10		FBbt_00004906		1	1	0.0
2025-06-10		FBbt_00004906	VFB_00101567	1	1	0.0
2025-06-10		FBbt_00005093		4	2	0.0
2025-06-10		FBbt_00005093	VFB_00101567	4	3	0.0
2025-06-10		FBbt_00005123		7	1	91.0
2025-06-10		FBbt_00005123	VFB_00050000	6	2	0.0
2025-06-10		FBbt_00006030		2	1	6.0
2025-06-10		FBbt_00006030	VFB_00101567	2	1	0.0
2025-06-10		FBbt_00007055		3	1	17.0
2025-06-10		FBbt_00007055	VFB_00101567	1	1	0.0
2025-06-10		FBbt_00007146		2	1	0.0
2025-06-10		FBbt_00007146	VFB_00101567	2	1	0.0
2025-06-10		FBbt_00007228		1	1	0.0
2025-06-10		FBbt_00007228	VFB_00101567	1	1	0.0
2025-06-10		FBbt_00007275		1	1	0.0
2025-06-10		FBbt_00007275	VFB_00050000	1	1	0.0
2025-06-10		FBbt_00007401		1	1	0.0
2025-06-10		FBbt_00007401	VFB_00101567	1	1	0.0
2025-06-10		FBbt_00007402		1	1	0.0
2025-06-10		FBbt_00007402	VFB_00101567	1	1	0.0
2025-06-10		FBbt_00007416		1	1	0.0
2025-06-10		FBbt_00007416	VFB_00101567	1	1	0.0
2025-06-10		FBbt_00007429		1	1	0.0
2025-06-10		FBbt_00007429	VFB_00101567	1	1	0.0
2025-06-10		FBbt_00007678		1	1	0.0
2025-06-10		FBbt_00007678	VFB_00050000	1	1	0.0
2025-06-10		FBbt_00007703		1	1	0.0
2025-06-10		FBbt_00007703	VFB_00049000	1	1	0.0
2025-06-10		FBbt_00016687		1	1	0.0
2025-06-10		FBbt_00016687	VFB_00101567	1	1	0.0
2025-06-10		FBbt_00040040		1	1	0.0
2025-06-10		FBbt_00040040	VFB_00101567	1	1	0.0
2025-06-10		FBbt_00040041		6	5	0.0
2025-06-10		FBbt_00040041	VFB_00101567	6	6	0.0
2025-06-10		FBbt_00040043		13	3	0.0
2025-06-10		FBbt_00040043	VFB_00101567	13	3	0.0
2025-06-10		FBbt_00045020		2	1	0.0
2025-06-10		FBbt_00045020	VFB_00101567	2	1	0.0
2025-06-10		FBbt_00045021		2	1	0.0
2025-06-10		FBbt_00045021	VFB_00101567	2	1	0.0
2025-06-10		FBbt_00045032		2	2	0.0
2025-06-10		FBbt_00045032	VFB_00101567	2	2	0.0
2025-06-10		FBbt_00045051		1	1	0.0
2025-06-10		FBbt_00045051	VFB_00101567	2	1	0.0
2025-06-10		FBbt_00047381		1	1	0.0
2025-06-10		FBbt_00047381	VFB_00101567	1	1	0.0
2025-06-10		FBbt_00047735		1	1	0.0
2025-06-10		FBbt_00047735	VFB_00101567	1	1	0.0
2025-06-10		FBbt_00047887		4	2	0.0
2025-06-10		FBbt_00047887	VFB_00101567	4	2	0.0
2025-06-10		FBbt_00048471		1	1	0.0
2025-06-10		FBbt_00048471	VFB_00050000	1	1	0.0
2025-06-10		FBbt_00048472		2	1	4.0
2025-06-10		FBbt_00048472	VFB_00050000	2	1	0.0
2025-06-10		FBbt_00049135		2	1	0.0
2025-06-10		FBbt_00049135	VFB_00101567	2	2	0.0
2025-06-10		FBbt_00049803		1	1	0.0
2025-06-10		FBbt_00049803	VFB_00101567	1	1	0.0
2025-06-10		FBbt_00051880		2	1	0.0
2025-06-10		FBbt_00051880	VFB_00101567	5	1	0.0
2025-06-10		FBbt_00052154		1	1	0.0
2025-06-10		FBbt_00052154	VFB_00050000	1	1	0.0
2025-06-10		FBbt_00052518		2	1	4.0
2025-06-10		FBbt_00052518	VFB_00050000	2	1	0.0
2025-06-10		FBbt_00052704		1	1	0.0
2025-06-10		FBbt_00052704	VFB_00101567	1	1	0.0
2025-06-10		FBbt_00053219		1	1	0.0
2025-06-10		FBbt_00053219	VFB_00101567	1	1	0.0
2025-06-10		FBbt_00053233		1	1	0.0
2025-06-10		FBbt_00053233	VFB_00101567	1	1	0.0
2025-06-10		FBbt_00058207		2	1	0.0
2025-06-10		FBbt_00058207	VFB_00101567	2	1	0.0
2025-06-10		FBbt_00100291		1	1	0.0
2025-06-10		FBbt_00100291	VFB_00101567	6	1	0.0
2025-06-10		FBbt_00110225		1	1	0.0
2025-06-10		FBbt_00110225	VFB_00049000	1	1	0.0
2025-06-10		FBbt_00110289		1	1	0.0
2025-06-10		FBbt_00110289	VFB_00050000	1	1	0.0
2025-06-10		FBbt_00110461		1	1	0.0
2025-06-10		FBbt_00110461	VFB_00101567	1	1	0.0
2025-06-10		FBbt_00110587		1	1	0.0
2025-06-10		FBbt_00110587	VFB_00101567	1	1	0.0
2025-06-10		FBbt_00110634		4	1	0.0
2025-06-10		FBbt_00110634	VFB_00101567	4	2	0.0
2025-06-10		FBbt_00110638		2	1	0.0
2025-06-10		FBbt_00110638	VFB_00101567	2	1	0.0
2025-06-10		FBbt_00110982		1	1	0.0
2025-06-10		FBbt_00110982	VFB_00101567	1	1	0.0
2025-06-10		FBbt_00111194		1	1	0.0
2025-06-10		FBbt_00111194	VFB_00101567	1	1	0.0
2025-06-10		FBbt_00111303		6	1	0.0
2025-06-10		FBbt_00111303	VFB_00100000	6	1	0.0
2025-06-10		FBbt_00111337		1	1	0.0
2025-06-10		FBbt_00111337	VFB_00101567	1	1	0.0
2025-06-10		GO_0004890		2	1	32.0
2025-06-10		GO_0004890	VFB_00101567	2	1	0.0
2025-06-10		GO_0005254		2	1	25.0
2025-06-10		GO_0005254	VFB_00101567	2	1	0.0
2025-06-10		VFB_00000606		2	1	2.0
2025-06-10		VFB_00000606	VFB_00101567	2	1	0.0
2025-06-10		VFB_00006199		1	1	0.0
2025-06-10		VFB_00006199	VFB_00101567	1	1	0.0
2025-06-10		VFB_00009655		3	1	14.0
2025-06-10		VFB_00009655	VFB_00101567	3	1	0.0
2025-06-10		VFB_00014178		3	1	22.0
2025-06-10		VFB_00014178	VFB_00101567	3	1	0.0
2025-06-10		VFB_00017895		1	1	3.0
2025-06-10		VFB_00017895	VFB_00101567	1	1	0.0
2025-06-10		VFB_00021580		10	1	45.0
2025-06-10		VFB_00021580	VFB_00101567	10	1	0.0
2025-06-10		VFB_00028088		7	1	10.0
2025-06-10		VFB_00028088	VFB_00101567	7	2	0.0
2025-06-10		VFB_00040123		5	1	0.0
2025-06-10		VFB_00040123	VFB_00101567	5	1	0.0
2025-06-10		VFB_00048573		1	1	0.0
2025-06-10		VFB_00048573	VFB_00101567	1	1	0.0
2025-06-10		VFB_00049000		3	1	16.0
2025-06-10		VFB_00049000	VFB_00049000	6	5	0.0
2025-06-10		VFB_00049000	VFB_00101567	2	1	0.0
2025-06-10		VFB_00050000		33	4	43.0
2025-06-10		VFB_00050000	VFB_00050000	33	9	7.0
2025-06-10		VFB_00051665		2	1	52.0
2025-06-10		VFB_00051665	VFB_00101567	2	1	0.0
2025-06-10		VFB_00057068		5	1	18.0
2025-06-10		VFB_00057068	VFB_00049000	2	1	0.0
2025-06-10		VFB_00057068	VFB_00050000	3	1	0.0
2025-06-10		VFB_00070049		1	1	5.0
2025-06-10		VFB_00070049	VFB_00101567	1	1	0.0
2025-06-10		VFB_00070053		1	1	3.0
2025-06-10		VFB_00070053	VFB_00101567	1	1	0.0
2025-06-10		VFB_0010024x		1	1	0.0
2025-06-10		VFB_0010024x	VFB_00101567	1	1	0.0
2025-06-10		VFB_00100405		2	1	0.0
2025-06-10		VFB_00100405	VFB_00050000	2	1	0.0
2025-06-10		VFB_00100424		2	1	0.0
2025-06-10		VFB_00100424	VFB_00050000	1	1	0.0
2025-06-10		VFB_00100424	VFB_00101567	1	1	0.0
2025-06-10		VFB_00100621		3	1	21.0
2025-06-10		VFB_00100621	VFB_00050000	3	2	0.0
2025-06-10		VFB_00100638		8	1	12.0
2025-06-10		VFB_00100638	VFB_00050000	8	2	0.0
2025-06-10		VFB_00100692		37	1	40.0
2025-06-10		VFB_00100692	VFB_00050000	35	4	0.0
2025-06-10		VFB_00100693		34	1	76.0
2025-06-10		VFB_00100693	VFB_00050000	39	4	0.0
2025-06-10		VFB_00101033		12	1	46.0
2025-06-10		VFB_00101033	VFB_00049000	6	1	0.0
2025-06-10		VFB_00101033	VFB_00050000	6	2	0.0
2025-06-10		VFB_00101050		14	1	52.0
2025-06-10		VFB_00101050	VFB_00050000	9	2	0.0
2025-06-10		VFB_00101053		22	1	62.0
2025-06-10		VFB_00101053	VFB_00050000	19	3	0.0
2025-06-10		VFB_001010ab		6	1	9.0
2025-06-10		VFB_001010ab	VFB_00101567	6	2	0.0
2025-06-10		VFB_001011k0		1	1	0.0
2025-06-10		VFB_001011k0	VFB_00050000	1	1	0.0
2025-06-10		VFB_001013ls		2	1	5.0
2025-06-10		VFB_001013ls	VFB_00101567	2	1	0.0
2025-06-10		VFB_001013vu		6	1	0.0
2025-06-10		VFB_001013vu	VFB_00101567	6	1	0.0
2025-06-10		VFB_001014u8		2	1	10.0
2025-06-10		VFB_001014u8	VFB_00101567	2	2	0.0
2025-06-10		VFB_001014uq		3	1	4.0
2025-06-10		VFB_001014uq	VFB_00101567	2	1	0.0
2025-06-10		VFB_001014uq	VFB_00110000	1	1	0.0
2025-06-10		VFB_00101567		258	28	149.0
2025-06-10		VFB_00101567	VFB_00101567	287	62	12.0
2025-06-10		VFB_0010157z		7	1	0.0
2025-06-10		VFB_0010157z	VFB_00050000	7	1	0.0
2025-06-10		VFB_0010158a		10	1	21.0
2025-06-10		VFB_0010158a	VFB_00050000	3	2	0.0
2025-06-10		VFB_001015ad		1	1	0.0
2025-06-10		VFB_001015ad	VFB_00050000	1	1	0.0
2025-06-10		VFB_001015cm		1	1	0.0
2025-06-10		VFB_001015cm	VFB_00050000	8	1	0.0
2025-06-10		VFB_001015cn		11	1	7.0
2025-06-10		VFB_001015cn	VFB_00050000	8	2	0.0
2025-06-10		VFB_001015cx		2	1	0.0
2025-06-10		VFB_001015cx	VFB_00050000	2	1	0.0
2025-06-10		VFB_001016xn		1	1	0.0
2025-06-10		VFB_001016xn	VFB_00101567	1	1	0.0
2025-06-10		VFB_00102107		5	1	10.0
2025-06-10		VFB_00102107	VFB_00101567	5	2	0.0
2025-06-10		VFB_00102108		2	1	1.0
2025-06-10		VFB_00102108	VFB_00101567	2	1	0.0
2025-06-10		VFB_00102109		2	1	1.0
2025-06-10		VFB_00102109	VFB_00101567	2	1	0.0
2025-06-10		VFB_00102110		2	1	1.0
2025-06-10		VFB_00102110	VFB_00101567	2	1	0.0
2025-06-10		VFB_00102114		1	1	0.0
2025-06-10		VFB_00102114	VFB_00101567	1	1	0.0
2025-06-10		VFB_00102118		1	1	0.0
2025-06-10		VFB_00102118	VFB_00101567	1	1	0.0
2025-06-10		VFB_00102135		4	2	8.0
2025-06-10		VFB_00102135	VFB_00101567	4	2	0.0
2025-06-10		VFB_00102136		3	1	7.0
2025-06-10		VFB_00102136	VFB_00101567	3	1	0.0
2025-06-10		VFB_00102137		6	1	2.0
2025-06-10		VFB_00102137	VFB_00101567	5	2	0.0
2025-06-10		VFB_00102152		1	1	0.0
2025-06-10		VFB_00102152	VFB_00101567	1	1	0.0
2025-06-10		VFB_00102170		2	1	0.0
2025-06-10		VFB_00102170	VFB_00101567	4	1	0.0
2025-06-10		VFB_00102201		15	2	7.0
2025-06-10		VFB_00102201	VFB_00101567	13	3	0.0
2025-06-10		VFB_00102214		2	1	1.0
2025-06-10		VFB_00102214	VFB_00101567	2	1	0.0
2025-06-10		VFB_00102282		6	1	24.0
2025-06-10		VFB_00102282	VFB_00101567	6	3	0.0
2025-06-10		VFB_00102312		9	1	168.0
2025-06-10		VFB_00102312	VFB_00050000	8	2	0.0
2025-06-10		VFB_00102eq7		9	1	0.0
2025-06-10		VFB_00102eq7	VFB_00050000	9	1	0.0
2025-06-10		VFB_00102ero		3	1	43.0
2025-06-10		VFB_00102ero	VFB_00050000	3	2	0.0
2025-06-10		VFB_00102eun		7	1	0.0
2025-06-10		VFB_00102eun	VFB_00050000	7	1	0.0
2025-06-10		VFB_00102f7a		1	1	0.0
2025-06-10		VFB_00102f7a	VFB_00101567	1	1	0.0
2025-06-10		VFB_00102fca		3	1	0.0
2025-06-10		VFB_00102fca	VFB_00050000	1	1	0.0
2025-06-10		VFB_00102fca	VFB_00101567	2	1	0.0
2025-06-10		VFB_00102gng		1	1	0.0
2025-06-10		VFB_00102gng	VFB_00049000	1	1	0.0
2025-06-10		VFB_001045e7		10	1	67.0
2025-06-10		VFB_001045e7	VFB_00101567	10	3	0.0
2025-06-10		VFB_00200000		4	1	0.0
2025-06-10		VFB_00200000	VFB_00200000	4	1	0.0
2025-06-10		VFB_fw000560		2	1	13.0
2025-06-10		VFB_fw000560	VFB_00101567	2	1	0.0
2025-06-10		VFB_fw027922		7	1	31.0
2025-06-10		VFB_fw027922	VFB_00101567	4	2	0.0
2025-06-10		VFB_fw035445		32	1	35.0
2025-06-10		VFB_fw035445	VFB_00101567	42	2	0.0
2025-06-10		VFB_fw123573		1	1	19.0
2025-06-10		VFB_fw123573	VFB_00101567	1	1	0.0
2025-06-10		VFB_jrchjx8p		28	1	0.0
2025-06-10		VFB_jrchjx8p	VFB_00101567	28	1	0.0
2025-06-10		VFB_jrchjxvi		1	1	0.0
2025-06-10		VFB_jrchjxvi	VFB_00101567	1	1	0.0
2025-06-10		VFB_jrchk3as		1	1	6.0
2025-06-10		VFB_jrchk3as	VFB_00101567	1	1	0.0
2025-06-10		VFB_jrchk5uw		20	1	8.0
2025-06-10		VFB_jrchk5uw	VFB_00101567	21	2	0.0
2025-06-10		VFB_jrchk7jf		20	1	32.0
2025-06-10		VFB_jrchk7jf	VFB_00101567	5	2	0.0
2025-06-10		VFB_jrchk838		6	1	5.0
2025-06-10		VFB_jrchk838	VFB_00101567	6	2	0.0
2025-06-10		VFB_jrchk89q		1	1	5.0
2025-06-10		VFB_jrchk89q	VFB_00101567	1	1	0.0
2025-06-10		VFB_jrchk8e0		10	1	0.0
2025-06-10		VFB_jrchk8e0	VFB_00101567	8	2	0.0
2025-06-10		VFB_jrchk8e2		12	1	2.0
2025-06-10		VFB_jrchk8e2	VFB_00101567	12	2	0.0
2025-06-10		VFB_jrchk8e3		17	1	0.0
2025-06-10		VFB_jrchk8e3	VFB_00101567	18	2	0.0
2025-06-10		VFB_jrcvhf5a		4	1	0.0
2025-06-10		VFB_jrcvhf5a	VFB_00101567	3	1	0.0
2025-06-10		VFB_jrcvhf5a	VFB_00200000	1	1	0.0
2025-06-10		VFBexp_FBtp0058		8	2	0.0
2025-06-10		VFBexp_FBtp0058	VFB_00101567	8	2	0.0
2025-06-10		VFBexp_FBtp0063		2	1	0.0
2025-06-10		VFBexp_FBtp0063	VFB_00101567	2	2	0.0
2025-06-10		VFBexp_FBtp0114		5	1	0.0
2025-06-10		VFBexp_FBtp0114	VFB_00101567	5	2	0.0
2025-06-10		VFBexp_FBtp0121		4	1	0.0
2025-06-10		VFBexp_FBtp0121	VFB_00101567	4	2	0.0
2025-06-10		VFBexp_FBtp0122		1	1	0.0
2025-06-10		VFBexp_FBtp0122	VFB_00101567	1	1	0.0
2025-06-10		VFBexp_FBtp0129		2	2	0.0
2025-06-10		VFBexp_FBtp0129	VFB_00101567	2	2	0.0
2025-06-10		VFBext_0000010		1	1	0.0
2025-06-10		VFBext_0000010	VFB_00101567	1	1	0.0
2025-06-10	v2.virtualflybrain.org	FBbt_00001455	VFB_00050000	0	2	32.0
2025-06-10	v2.virtualflybrain.org	FBbt_00001919	VFB_00050000	0	1	1.0
2025-06-10	v2.virtualflybrain.org	FBbt_00002143	VFB_00050000	0	1	0.0
2025-06-10	v2.virtualflybrain.org	FBbt_00002156	VFB_00050000	0	2	41.0
2025-06-10	v2.virtualflybrain.org	FBbt_00002158	VFB_00050000	0	1	0.0
2025-06-10	v2.virtualflybrain.org	FBbt_00002306	VFB_00050000	0	2	23.0
2025-06-10	v2.virtualflybrain.org	FBbt_00002518	VFB_00050000	0	1	16.0
2025-06-10	v2.virtualflybrain.org	FBbt_00003004	VFB_00101567	3	3	15.0
2025-06-10	v2.virtualflybrain.org	FBbt_00003624	VFB_00101567	0	6	50.0
2025-06-10	v2.virtualflybrain.org	FBbt_00003632	VFB_00101567	0	2	44.0
2025-06-10	v2.virtualflybrain.org	FBbt_00003668	VFB_00101567	0	2	215.0
2025-06-10	v2.virtualflybrain.org	FBbt_00003678	VFB_00101567	1	3	0.0
2025-06-10	v2.virtualflybrain.org	FBbt_00003680	VFB_00101567	0	4	86.0
2025-06-10	v2.virtualflybrain.org	FBbt_00003681	VFB_00101567	0	2	34.0
2025-06-10	v2.virtualflybrain.org	FBbt_00003701	VFB_00101567	0	1	2.0
2025-06-10	v2.virtualflybrain.org	FBbt_00003731	VFB_00101567	0	2	26.0
2025-06-10	v2.virtualflybrain.org	FBbt_00003748	VFB_00101567	0	2	154.0
2025-06-10	v2.virtualflybrain.org	FBbt_00003763	VFB_00101567	0	1	41.0
2025-06-10	v2.virtualflybrain.org	FBbt_00003924	VFB_00101567	0	1	1.0
2025-06-10	v2.virtualflybrain.org	FBbt_00004000	VFB_00101567	0	2	80.0
2025-06-10	v2.virtualflybrain.org	FBbt_00004904	VFB_00101567	0	1	0.0
2025-06-10	v2.virtualflybrain.org	FBbt_00004906	VFB_00101567	0	1	50.0
2025-06-10	v2.virtualflybrain.org	FBbt_00005093	VFB_00101567	0	3	45.0
2025-06-10	v2.virtualflybrain.org	FBbt_00005123	VFB_00050000	0	1	10.0
2025-06-10	v2.virtualflybrain.org	FBbt_00006030	VFB_00101567	0	1	0.0
2025-06-10	v2.virtualflybrain.org	FBbt_00007055	VFB_00101567	0	1	2.0
2025-06-10	v2.virtualflybrain.org	FBbt_00007146	VFB_00101567	0	1	7.0
2025-06-10	v2.virtualflybrain.org	FBbt_00007228	VFB_00101567	0	1	16.0
2025-06-10	v2.virtualflybrain.org	FBbt_00007275	VFB_00050000	0	1	62.0
2025-06-10	v2.virtualflybrain.org	FBbt_00007401	VFB_00101567	0	1	84.0
2025-06-10	v2.virtualflybrain.org	FBbt_00007402	VFB_00101567	0	1	20.0
2025-06-10	v2.virtualflybrain.org	FBbt_00007416	VFB_00101567	0	1	16.0
2025-06-10	v2.virtualflybrain.org	FBbt_00007429	VFB_00101567	0	1	51.0
2025-06-10	v2.virtualflybrain.org	FBbt_00007678	VFB_00050000	0	1	20.0
2025-06-10	v2.virtualflybrain.org	FBbt_00007703	VFB_00049000	0	2	77.0
2025-06-10	v2.virtualflybrain.org	FBbt_00016687	VFB_00101567	0	1	23.0
2025-06-10	v2.virtualflybrain.org	FBbt_00040040	VFB_00101567	0	1	8.0
2025-06-10	v2.virtualflybrain.org	FBbt_00040041	VFB_00101567	3	8	1292.0
2025-06-10	v2.virtualflybrain.org	FBbt_00040043	VFB_00101567	12	3	41.0
2025-06-10	v2.virtualflybrain.org	FBbt_00045020	VFB_00101567	0	1	6.0
2025-06-10	v2.virtualflybrain.org	FBbt_00045021	VFB_00101567	0	1	1.0
2025-06-10	v2.virtualflybrain.org	FBbt_00045032	VFB_00101567	0	2	148.0
2025-06-10	v2.virtualflybrain.org	FBbt_00045051	VFB_00101567	0	1	1.0
2025-06-10	v2.virtualflybrain.org	FBbt_00047381	VFB_00101567	0	1	19.0
2025-06-10	v2.virtualflybrain.org	FBbt_00047735	VFB_00101567	0	1	8.0
2025-06-10	v2.virtualflybrain.org	FBbt_00047887	VFB_00101567	0	2	5.0
2025-06-10	v2.virtualflybrain.org	FBbt_00048471	VFB_00050000	0	1	19.0
2025-06-10	v2.virtualflybrain.org	FBbt_00048472	VFB_00050000	0	1	0.0
2025-06-10	v2.virtualflybrain.org	FBbt_00049135	VFB_00101567	0	3	22.0
2025-06-10	v2.virtualflybrain.org	FBbt_00049803	VFB_00101567	0	1	5.0
2025-06-10	v2.virtualflybrain.org	FBbt_00051880	VFB_00101567	0	2	4.0
2025-06-10	v2.virtualflybrain.org	FBbt_00052154	VFB_00050000	0	2	116.0
2025-06-10	v2.virtualflybrain.org	FBbt_00052518	VFB_00050000	0	1	0.0
2025-06-10	v2.virtualflybrain.org	FBbt_00052704	VFB_00101567	0	1	10.0
2025-06-10	v2.virtualflybrain.org	FBbt_00053233	VFB_00101567	0	1	30.0
2025-06-10	v2.virtualflybrain.org	FBbt_00058207	VFB_00101567	0	2	98.0
2025-06-10	v2.virtualflybrain.org	FBbt_00100291	VFB_00101567	0	2	124.0
2025-06-10	v2.virtualflybrain.org	FBbt_00110225	VFB_00049000	0	1	18.0
2025-06-10	v2.virtualflybrain.org	FBbt_00110289	VFB_00050000	0	2	40.0
2025-06-10	v2.virtualflybrain.org	FBbt_00110461	VFB_00101567	0	1	11.0
2025-06-10	v2.virtualflybrain.org	FBbt_00110587	VFB_00101567	0	1	11.0
2025-06-10	v2.virtualflybrain.org	FBbt_00110634	VFB_00101567	0	2	163.0
2025-06-10	v2.virtualflybrain.org	FBbt_00110638	VFB_00101567	0	1	2.0
2025-06-10	v2.virtualflybrain.org	FBbt_00110982	VFB_00101567	0	1	126.0
2025-06-10	v2.virtualflybrain.org	FBbt_00111194	VFB_00101567	0	1	21.0
2025-06-10	v2.virtualflybrain.org	FBbt_00111303	VFB_00100000	6	1	0.0
2025-06-10	v2.virtualflybrain.org	GO_0004890	VFB_00101567	0	1	0.0
2025-06-10	v2.virtualflybrain.org	GO_0005254	VFB_00101567	0	2	145.0
2025-06-10	v2.virtualflybrain.org	VFB_00000606	VFB_00101567	0	1	0.0
2025-06-10	v2.virtualflybrain.org	VFB_00006199	VFB_00101567	1	2	13.0
2025-06-10	v2.virtualflybrain.org	VFB_00009655	VFB_00101567	0	2	52.0
2025-06-10	v2.virtualflybrain.org	VFB_00014178	VFB_00101567	0	1	35.0
2025-06-10	v2.virtualflybrain.org	VFB_00017895	VFB_00101567	0	1	36.0
2025-06-10	v2.virtualflybrain.org	VFB_00021580	VFB_00101567	0	2	19.0
2025-06-10	v2.virtualflybrain.org	VFB_00028088	VFB_00101567	0	2	29.0
2025-06-10	v2.virtualflybrain.org	VFB_00040123	VFB_00101567	6	1	0.0
2025-06-10	v2.virtualflybrain.org	VFB_00048573	VFB_00101567	1	1	0.0
2025-06-10	v2.virtualflybrain.org	VFB_00049000	VFB_00049000	1	10	201.0
2025-06-10	v2.virtualflybrain.org	VFB_00049000	VFB_00101567	0	1	1.0
2025-06-10	v2.virtualflybrain.org	VFB_00050000	VFB_00050000	2	22	111.0
2025-06-10	v2.virtualflybrain.org	VFB_00051665	VFB_00101567	0	1	4.0
2025-06-10	v2.virtualflybrain.org	VFB_00057068	VFB_00049000	1	3	18.0
2025-06-10	v2.virtualflybrain.org	VFB_00057068	VFB_00050000	0	2	3.0
2025-06-10	v2.virtualflybrain.org	VFB_00070049	VFB_00101567	0	1	38.0
2025-06-10	v2.virtualflybrain.org	VFB_00070053	VFB_00101567	0	1	33.0
2025-06-10	v2.virtualflybrain.org	VFB_00100000	VFB_00100000	0	1	0.0
2025-06-10	v2.virtualflybrain.org	VFB_0010024x	VFB_00101567	0	1	1.0
2025-06-10	v2.virtualflybrain.org	VFB_00100405	VFB_00050000	1	2	0.0
2025-06-10	v2.virtualflybrain.org	VFB_00100424	VFB_00050000	1	2	1.0
2025-06-10	v2.virtualflybrain.org	VFB_00100424	VFB_00101567	0	2	54.0
2025-06-10	v2.virtualflybrain.org	VFB_00100621	VFB_00050000	0	1	31.0
2025-06-10	v2.virtualflybrain.org	VFB_00100638	VFB_00050000	0	1	25.0
2025-06-10	v2.virtualflybrain.org	VFB_00100692	VFB_00050000	0	1	18.0
2025-06-10	v2.virtualflybrain.org	VFB_00100693	VFB_00050000	10	1	30.0
2025-06-10	v2.virtualflybrain.org	VFB_00101033	VFB_00049000	0	2	2.0
2025-06-10	v2.virtualflybrain.org	VFB_00101033	VFB_00050000	1	3	4.0
2025-06-10	v2.virtualflybrain.org	VFB_00101050	VFB_00050000	0	1	47.0
2025-06-10	v2.virtualflybrain.org	VFB_00101053	VFB_00050000	0	2	15.0
2025-06-10	v2.virtualflybrain.org	VFB_001010ab	VFB_00101567	0	2	43.0
2025-06-10	v2.virtualflybrain.org	VFB_001011k0	VFB_00050000	1	1	0.0
2025-06-10	v2.virtualflybrain.org	VFB_001013ls	VFB_00101567	0	2	26.0
2025-06-10	v2.virtualflybrain.org	VFB_001013vu	VFB_00101567	6	1	0.0
2025-06-10	v2.virtualflybrain.org	VFB_001014u8	VFB_00101567	0	2	13.0
2025-06-10	v2.virtualflybrain.org	VFB_001014uq	VFB_00101567	0	1	2.0
2025-06-10	v2.virtualflybrain.org	VFB_001014uq	VFB_00110000	1	3	29.0
2025-06-10	v2.virtualflybrain.org	VFB_00101567	VFB_00101567	105	112	3027.0
2025-06-10	v2.virtualflybrain.org	VFB_0010157z	VFB_00050000	7	2	0.0
2025-06-10	v2.virtualflybrain.org	VFB_0010158a	VFB_00050000	0	1	3.0
2025-06-10	v2.virtualflybrain.org	VFB_001015ad	VFB_00050000	1	1	0.0
2025-06-10	v2.virtualflybrain.org	VFB_001015cm	VFB_00050000	0	2	48.0
2025-06-10	v2.virtualflybrain.org	VFB_001015cn	VFB_00050000	0	2	46.0
2025-06-10	v2.virtualflybrain.org	VFB_001015cx	VFB_00050000	2	1	0.0
2025-06-10	v2.virtualflybrain.org	VFB_00101683	VFB_00050000	1	1	0.0
2025-06-10	v2.virtualflybrain.org	VFB_001016xn	VFB_00101567	2	1	0.0
2025-06-10	v2.virtualflybrain.org	VFB_00102107	VFB_00101567	0	2	139.0
2025-06-10	v2.virtualflybrain.org	VFB_00102109	VFB_00101567	0	1	3.0
2025-06-10	v2.virtualflybrain.org	VFB_00102110	VFB_00101567	0	1	5.0
2025-06-10	v2.virtualflybrain.org	VFB_00102114	VFB_00101567	0	1	12.0
2025-06-10	v2.virtualflybrain.org	VFB_00102118	VFB_00101567	0	1	0.0
2025-06-10	v2.virtualflybrain.org	VFB_00102135	VFB_00101567	3	2	9.0
2025-06-10	v2.virtualflybrain.org	VFB_00102136	VFB_00101567	0	2	3.0
2025-06-10	v2.virtualflybrain.org	VFB_00102137	VFB_00101567	0	2	90.0
2025-06-10	v2.virtualflybrain.org	VFB_00102152	VFB_00101567	0	1	66.0
2025-06-10	v2.virtualflybrain.org	VFB_00102170	VFB_00101567	0	1	5.0
2025-06-10	v2.virtualflybrain.org	VFB_00102201	VFB_00101567	0	3	142.0
2025-06-10	v2.virtualflybrain.org	VFB_00102214	VFB_00101567	0	1	80.0
2025-06-10	v2.virtualflybrain.org	VFB_00102282	VFB_00101567	1	2	260.0
2025-06-10	v2.virtualflybrain.org	VFB_00102312	VFB_00050000	0	1	36.0
2025-06-10	v2.virtualflybrain.org	VFB_00102eq7	VFB_00050000	9	1	0.0
2025-06-10	v2.virtualflybrain.org	VFB_00102ero	VFB_00050000	0	1	51.0
2025-06-10	v2.virtualflybrain.org	VFB_00102eun	VFB_00050000	7	1	0.0
2025-06-10	v2.virtualflybrain.org	VFB_00102f7a	VFB_00101567	0	1	11.0
2025-06-10	v2.virtualflybrain.org	VFB_00102fca	VFB_00050000	1	3	16.0
2025-06-10	v2.virtualflybrain.org	VFB_00102fca	VFB_00101567	0	1	2.0
2025-06-10	v2.virtualflybrain.org	VFB_00102gng	VFB_00049000	2	1	0.0
2025-06-10	v2.virtualflybrain.org	VFB_001045e7	VFB_00101567	0	2	47.0
2025-06-10	v2.virtualflybrain.org	VFB_00200000	VFB_00200000	0	2	12.0
2025-06-10	v2.virtualflybrain.org	VFB_fw000560	VFB_00101567	0	1	0.0
2025-06-10	v2.virtualflybrain.org	VFB_fw027922	VFB_00101567	0	3	24.0
2025-06-10	v2.virtualflybrain.org	VFB_fw035445	VFB_00101567	0	1	37.0
2025-06-10	v2.virtualflybrain.org	VFB_fw123573	VFB_00101567	0	1	55.0
2025-06-10	v2.virtualflybrain.org	VFB_jrchjx8p	VFB_00101567	28	1	0.0
2025-06-10	v2.virtualflybrain.org	VFB_jrchjxvi	VFB_00101567	1	1	2.0
2025-06-10	v2.virtualflybrain.org	VFB_jrchk3as	VFB_00101567	0	1	66.0
2025-06-10	v2.virtualflybrain.org	VFB_jrchk5uw	VFB_00101567	0	2	35.0
2025-06-10	v2.virtualflybrain.org	VFB_jrchk7jf	VFB_00101567	0	1	61.0
2025-06-10	v2.virtualflybrain.org	VFB_jrchk838	VFB_00101567	1	2	0.0
2025-06-10	v2.virtualflybrain.org	VFB_jrchk89q	VFB_00101567	0	1	18.0
2025-06-10	v2.virtualflybrain.org	VFB_jrchk8e0	VFB_00101567	0	2	31.0
2025-06-10	v2.virtualflybrain.org	VFB_jrchk8e2	VFB_00101567	0	2	4.0
2025-06-10	v2.virtualflybrain.org	VFB_jrchk8e3	VFB_00101567	0	2	39.0
2025-06-10	v2.virtualflybrain.org	VFB_jrcvhf5a	VFB_00101567	0	2	152.0
2025-06-10	v2.virtualflybrain.org	VFB_jrcvhf5a	VFB_00200000	1	3	9.0
2025-06-10	v2.virtualflybrain.org	VFBexp_FBtp0058		1	1	2.0
2025-06-10	v2.virtualflybrain.org	VFBexp_FBtp0058	VFB_00101567	7	2	2.0
2025-06-10	v2.virtualflybrain.org	VFBexp_FBtp0063	VFB_00101567	0	1	82.0
2025-06-10	v2.virtualflybrain.org	VFBexp_FBtp0114	VFB_00101567	0	3	87.0
2025-06-10	v2.virtualflybrain.org	VFBexp_FBtp0121		1	1	1.0
2025-06-10	v2.virtualflybrain.org	VFBexp_FBtp0121	VFB_00101567	0	2	80.0
2025-06-10	v2.virtualflybrain.org	VFBexp_FBtp0122		1	1	2.0
2025-06-10	v2.virtualflybrain.org	VFBexp_FBtp0122	VFB_00101567	0	1	2.0
2025-06-10	v2.virtualflybrain.org	VFBexp_FBtp0129	VFB_00101567	0	1	31.0
2025-06-10	v2.virtualflybrain.org	VFBext_0000010	VFB_00101567	0	1	3.0
2025-06-10	v2.virtualflybrain.org	VFBu_9n6ito4v		488	1	13.0
2025-06-11		FBbt_00003004		4	3	0.0
2025-06-11		FBbt_00003004	VFB_00101567	4	3	0.0
2025-06-11		FBbt_00003624		12	4	4.0
2025-06-11		FBbt_00003624	VFB_00101567	11	4	0.0
2025-06-11		FBbt_00003637		1	1	0.0
2025-06-11		FBbt_00003637	VFB_00101567	1	1	0.0
2025-06-11		FBbt_00003680		1	1	0.0
2025-06-11		FBbt_00003680	VFB_00101567	1	1	0.0
2025-06-11		FBbt_00003681		1	1	0.0
2025-06-11		FBbt_00003681	VFB_00101567	1	1	0.0
2025-06-11		FBbt_00004211		1	1	0.0
2025-06-11		FBbt_00004211	VFB_00101567	1	1	0.0
2025-06-11		FBbt_00004225		4	1	0.0
2025-06-11		FBbt_00004225	VFB_00101567	4	3	0.0
2025-06-11		FBbt_00004227		1	1	0.0
2025-06-11		FBbt_00004227	VFB_00101567	1	1	0.0
2025-06-11		FBbt_00005093		5	2	0.0
2025-06-11		FBbt_00005093	VFB_00101567	5	2	0.0
2025-06-11		FBbt_00005095		2	1	5.0
2025-06-11		FBbt_00005095	VFB_00101567	2	1	0.0
2025-06-11		FBbt_00007146		2	1	0.0
2025-06-11		FBbt_00007146	VFB_00101567	2	1	0.0
2025-06-11		FBbt_00007453		1	1	0.0
2025-06-11		FBbt_00007453	VFB_00101567	1	1	0.0
2025-06-11		FBbt_00007677		1	1	0.0
2025-06-11		FBbt_00007677	VFB_00101567	1	1	0.0
2025-06-11		FBbt_00040005		2	1	3.0
2025-06-11		FBbt_00040005	VFB_00101567	2	1	0.0
2025-06-11		FBbt_00040007		2	1	35.0
2025-06-11		FBbt_00040007	VFB_00101567	2	1	0.0
2025-06-11		FBbt_00040042		2	1	0.0
2025-06-11		FBbt_00040042	VFB_00101567	2	2	0.0
2025-06-11		FBbt_00040043		12	1	0.0
2025-06-11		FBbt_00040043	VFB_00101567	12	1	0.0
2025-06-11		FBbt_00045048		1	1	0.0
2025-06-11		FBbt_00045048	VFB_00101567	1	1	0.0
2025-06-11		FBbt_00045050		1	1	0.0
2025-06-11		FBbt_00045050	VFB_00101567	1	1	0.0
2025-06-11		FBbt_00047887		2	1	0.0
2025-06-11		FBbt_00047887	VFB_00101567	2	1	0.0
2025-06-11		FBbt_00049853		1	1	0.0
2025-06-11		FBbt_00049853	VFB_00101567	1	1	0.0
2025-06-11		FBbt_00051239		2	2	0.0
2025-06-11		FBbt_00051239	VFB_00101567	2	2	0.0
2025-06-11		FBbt_00051240		1	1	0.0
2025-06-11		FBbt_00051240	VFB_00101567	1	1	0.0
2025-06-11		FBbt_00052850		1	1	0.0
2025-06-11		FBbt_00052850	VFB_00101567	1	1	0.0
2025-06-11		FBbt_00058028		9	1	0.0
2025-06-11		FBbt_00058028	VFB_00101567	9	1	0.0
2025-06-11		FBbt_00110107		1	1	0.0
2025-06-11		FBbt_00110107	VFB_00101567	1	1	0.0
2025-06-11		FBbt_00110172		6	2	12.0
2025-06-11		FBbt_00110172	VFB_00101567	5	2	0.0
2025-06-11		FBbt_10000000		3	1	34.0
2025-06-11		FBbt_10000000	VFB_00101567	4	2	0.0
2025-06-11		FBbt_20004598		1	1	0.0
2025-06-11		FBbt_20004598	VFB_00101567	1	1	0.0
2025-06-11		FBbt_20004667		1	1	0.0
2025-06-11		FBbt_20004667	VFB_00101567	1	1	0.0
2025-06-11		VFB_00030903		5	1	3.0
2025-06-11		VFB_00030903	VFB_00017894	2	1	0.0
2025-06-11		VFB_00030903	VFB_00101567	3	1	0.0
2025-06-11		VFB_00048573		1	1	4.0
2025-06-11		VFB_00048573	VFB_00101567	1	1	0.0
2025-06-11		VFB_00049000		1	1	0.0
2025-06-11		VFB_00049000	VFB_00049000	1	1	0.0
2025-06-11		VFB_00050000		8	3	0.0
2025-06-11		VFB_00050000	VFB_00050000	10	7	37.0
2025-06-11		VFB_00057068		2	1	0.0
2025-06-11		VFB_00057068	VFB_00050000	2	1	0.0
2025-06-11		VFB_00100235		2	1	0.0
2025-06-11		VFB_00100235	VFB_00050000	2	1	0.0
2025-06-11		VFB_00100405		2	1	0.0
2025-06-11		VFB_00100405	VFB_00050000	2	1	0.0
2025-06-11		VFB_00100424		12	1	0.0
2025-06-11		VFB_00100424	VFB_00101567	12	1	0.0
2025-06-11		VFB_00100596		1	1	0.0
2025-06-11		VFB_00100596	VFB_00050000	1	1	0.0
2025-06-11		VFB_00100zwc		2	1	30.0
2025-06-11		VFB_00100zwc	VFB_00101567	1	1	0.0
2025-06-11		VFB_00101033		6	1	0.0
2025-06-11		VFB_00101033	VFB_00049000	6	1	0.0
2025-06-11		VFB_001011em		19	1	0.0
2025-06-11		VFB_001011em	VFB_00050000	19	1	0.0
2025-06-11		VFB_001011k0		1	1	0.0
2025-06-11		VFB_001011k0	VFB_00050000	1	1	0.0
2025-06-11		VFB_00101399		2	1	9.0
2025-06-11		VFB_00101399	VFB_00101567	3	1	0.0
2025-06-11		VFB_001014uq		2	1	2.0
2025-06-11		VFB_001014uq	VFB_00101567	2	1	0.0
2025-06-11		VFB_00101567		135	31	111.0
2025-06-11		VFB_00101567	VFB_00101567	140	37	0.0
2025-06-11		VFB_0010157z		4	1	0.0
2025-06-11		VFB_0010157z	VFB_00050000	4	1	0.0
2025-06-11		VFB_001015ad		2	1	0.0
2025-06-11		VFB_001015ad	VFB_00050000	2	1	0.0
2025-06-11		VFB_001015cx		2	1	0.0
2025-06-11		VFB_001015cx	VFB_00050000	2	1	0.0
2025-06-11		VFB_001016xn		1	1	0.0
2025-06-11		VFB_001016xn	VFB_00101567	1	1	0.0
2025-06-11		VFB_00102118		5	2	3.0
2025-06-11		VFB_00102118	VFB_00101567	5	3	0.0
2025-06-11		VFB_00102135		3	1	0.0
2025-06-11		VFB_00102135	VFB_00101567	3	1	0.0
2025-06-11		VFB_00102274		8	1	276.0
2025-06-11		VFB_00102274	VFB_00101567	8	2	0.0
2025-06-11		VFB_00102312		3	1	0.0
2025-06-11		VFB_00102312	VFB_00050000	3	1	0.0
2025-06-11		VFB_00102eun		2	1	0.0
2025-06-11		VFB_00102eun	VFB_00050000	2	1	0.0
2025-06-11		VFB_00102gng		1	1	0.0
2025-06-11		VFB_00102gng	VFB_00049000	1	1	0.0
2025-06-11		VFB_00200000		1	1	0.0
2025-06-11		VFB_00200000	VFB_00200000	1	1	0.0
2025-06-11		VFB_fw000460		2	1	1.0
2025-06-11		VFB_fw000460	VFB_00101567	2	1	0.0
2025-06-11		VFB_fw001583		2	1	1.0
2025-06-11		VFB_fw001583	VFB_00101567	2	1	0.0
2025-06-11		VFB_fw001905		2	1	1.0
2025-06-11		VFB_fw001905	VFB_00101567	2	1	0.0
2025-06-11		VFB_fw004055		2	1	1.0
2025-06-11		VFB_fw004055	VFB_00101567	2	1	0.0
2025-06-11		VFB_fw007274		5	1	60.0
2025-06-11		VFB_fw007274	VFB_00101567	5	2	0.0
2025-06-11		VFB_fw007647		1	1	0.0
2025-06-11		VFB_fw007647	VFB_00101567	1	1	0.0
2025-06-11		VFB_fw007919		3	1	1.0
2025-06-11		VFB_fw007919	VFB_00101567	3	1	0.0
2025-06-11		VFB_fw010926		1	1	0.0
2025-06-11		VFB_fw010926	VFB_00101567	1	1	0.0
2025-06-11		VFB_fw014264		2	1	1.0
2025-06-11		VFB_fw014264	VFB_00101567	2	1	0.0
2025-06-11		VFB_fw016923		2	1	1.0
2025-06-11		VFB_fw016923	VFB_00101567	2	1	0.0
2025-06-11		VFB_fw017806		6	1	0.0
2025-06-11		VFB_fw017806	VFB_00101567	6	1	0.0
2025-06-11		VFB_fw018737		4	1	32.0
2025-06-11		VFB_fw018737	VFB_00101567	4	2	0.0
2025-06-11		VFB_fw030853		3	1	1.0
2025-06-11		VFB_fw030853	VFB_00101567	3	1	0.0
2025-06-11		VFB_fw031746		9	1	46.0
2025-06-11		VFB_fw031746	VFB_00101567	9	3	0.0
2025-06-11		VFB_fw031901		3	1	1.0
2025-06-11		VFB_fw031901	VFB_00101567	3	2	0.0
2025-06-11		VFB_fw032201		2	1	3.0
2025-06-11		VFB_fw032201	VFB_00101567	2	1	0.0
2025-06-11		VFB_fw033692		3	1	1.0
2025-06-11		VFB_fw033692	VFB_00101567	3	2	0.0
2025-06-11		VFB_fw035700		2	1	1.0
2025-06-11		VFB_fw035700	VFB_00101567	2	1	0.0
2025-06-11		VFB_fw036144		3	1	0.0
2025-06-11		VFB_fw036144	VFB_00101567	3	2	0.0
2025-06-11		VFB_fw036879		4	1	0.0
2025-06-11		VFB_fw036879	VFB_00101567	4	1	0.0
2025-06-11		VFB_fw136985		7	1	22.0
2025-06-11		VFB_fw136985	VFB_00101567	7	3	0.0
2025-06-11		VFB_fw139249		2	1	0.0
2025-06-11		VFB_fw139249	VFB_00101567	2	1	0.0
2025-06-11		VFB_jrchjrch		9	1	16.0
2025-06-11		VFB_jrchjrch	VFB_00101567	9	1	0.0
2025-06-11		VFB_jrchjx8p		20	1	0.0
2025-06-11		VFB_jrchjx8p	VFB_00101567	20	1	0.0
2025-06-11		VFB_jrcv082k		2	1	15.0
2025-06-11		VFB_jrcv082k	VFB_00200000	2	1	0.0
2025-06-11		VFB_jrcv0vt5		5	1	43.0
2025-06-11		VFB_jrcv0vt5	VFB_00049000	2	1	0.0
2025-06-11		VFB_jrcv0vt5	VFB_00200000	3	1	0.0
2025-06-11		VFBexp_FBtp0058		4	1	0.0
2025-06-11		VFBexp_FBtp0058	VFB_00101567	4	1	0.0
2025-06-11		VFBexp_FBtp0059		1	1	0.0
2025-06-11		VFBexp_FBtp0059	VFB_00101567	1	1	0.0
2025-06-11		VFBexp_FBtp0062		3	2	0.0
2025-06-11		VFBexp_FBtp0062	VFB_00101567	3	2	0.0
2025-06-11	v2.virtualflybrain.org	FBbt_00003004	VFB_00101567	1	3	26.0
2025-06-11	v2.virtualflybrain.org	FBbt_00003624	VFB_00101567	0	4	49.0
2025-06-11	v2.virtualflybrain.org	FBbt_00003637	VFB_00101567	0	1	7.0
2025-06-11	v2.virtualflybrain.org	FBbt_00003680	VFB_00101567	0	1	0.0
2025-06-11	v2.virtualflybrain.org	FBbt_00004211	VFB_00101567	0	1	11.0
2025-06-11	v2.virtualflybrain.org	FBbt_00004225	VFB_00101567	0	4	44.0
2025-06-11	v2.virtualflybrain.org	FBbt_00004227	VFB_00101567	0	1	9.0
2025-06-11	v2.virtualflybrain.org	FBbt_00005093	VFB_00101567	3	4	19.0
2025-06-11	v2.virtualflybrain.org	FBbt_00005095	VFB_00101567	0	1	0.0
2025-06-11	v2.virtualflybrain.org	FBbt_00007146	VFB_00101567	0	1	2.0
2025-06-11	v2.virtualflybrain.org	FBbt_00007453	VFB_00101567	0	1	10.0
2025-06-11	v2.virtualflybrain.org	FBbt_00007677	VFB_00101567	0	1	13.0
2025-06-11	v2.virtualflybrain.org	FBbt_00040005	VFB_00101567	0	1	0.0
2025-06-11	v2.virtualflybrain.org	FBbt_00040007	VFB_00101567	0	1	0.0
2025-06-11	v2.virtualflybrain.org	FBbt_00040042	VFB_00101567	1	3	2.0
2025-06-11	v2.virtualflybrain.org	FBbt_00040043	VFB_00101567	12	1	0.0
2025-06-11	v2.virtualflybrain.org	FBbt_00045050	VFB_00101567	0	2	43.0
2025-06-11	v2.virtualflybrain.org	FBbt_00047887	VFB_00101567	0	1	2.0
2025-06-11	v2.virtualflybrain.org	FBbt_00049853	VFB_00101567	1	1	3.0
2025-06-11	v2.virtualflybrain.org	FBbt_00051239	VFB_00101567	0	3	44.0
2025-06-11	v2.virtualflybrain.org	FBbt_00051240	VFB_00101567	0	2	37.0
2025-06-11	v2.virtualflybrain.org	FBbt_00052850	VFB_00101567	0	1	3.0
2025-06-11	v2.virtualflybrain.org	FBbt_00058028	VFB_00101567	7	2	231.0
2025-06-11	v2.virtualflybrain.org	FBbt_00110107	VFB_00101567	1	1	0.0
2025-06-11	v2.virtualflybrain.org	FBbt_00110172	VFB_00101567	0	4	132.0
2025-06-11	v2.virtualflybrain.org	FBbt_10000000	VFB_00101567	0	4	14.0
2025-06-11	v2.virtualflybrain.org	FBbt_20004598		1	1	3.0
2025-06-11	v2.virtualflybrain.org	FBbt_20004598	VFB_00101567	0	1	1.0
2025-06-11	v2.virtualflybrain.org	FBbt_20004667		1	1	0.0
2025-06-11	v2.virtualflybrain.org	FBbt_20004667	VFB_00101567	0	1	14.0
2025-06-11	v2.virtualflybrain.org	VFB_00017894	VFB_00017894	0	1	0.0
2025-06-11	v2.virtualflybrain.org	VFB_00020029	VFB_00020029	1	1	0.0
2025-06-11	v2.virtualflybrain.org	VFB_00030903	VFB_00017894	2	3	10.0
2025-06-11	v2.virtualflybrain.org	VFB_00030903	VFB_00101567	0	2	2.0
2025-06-11	v2.virtualflybrain.org	VFB_00048573	VFB_00101567	0	1	10.0
2025-06-11	v2.virtualflybrain.org	VFB_00049000	VFB_00049000	1	5	15.0
2025-06-11	v2.virtualflybrain.org	VFB_00050000	VFB_00050000	7	21	28.0
2025-06-11	v2.virtualflybrain.org	VFB_00057068	VFB_00050000	3	2	0.0
2025-06-11	v2.virtualflybrain.org	VFB_00100235	VFB_00050000	0	1	0.0
2025-06-11	v2.virtualflybrain.org	VFB_00100405	VFB_00050000	1	2	0.0
2025-06-11	v2.virtualflybrain.org	VFB_00100424	VFB_00101567	13	1	0.0
2025-06-11	v2.virtualflybrain.org	VFB_00100596	VFB_00050000	0	2	10.0
2025-06-11	v2.virtualflybrain.org	VFB_00100zwc	VFB_00101567	0	1	0.0
2025-06-11	v2.virtualflybrain.org	VFB_00101033	VFB_00049000	7	2	1.0
2025-06-11	v2.virtualflybrain.org	VFB_001011em	VFB_00050000	19	2	82.0
2025-06-11	v2.virtualflybrain.org	VFB_001011k0	VFB_00050000	1	1	0.0
2025-06-11	v2.virtualflybrain.org	VFB_00101399	VFB_00101567	0	1	2.0
2025-06-11	v2.virtualflybrain.org	VFB_001014uq	VFB_00101567	0	1	2.0
2025-06-11	v2.virtualflybrain.org	VFB_001014uq	VFB_00110000	1	2	3.0
2025-06-11	v2.virtualflybrain.org	VFB_00101567	VFB_00101567	58	69	948.0
2025-06-11	v2.virtualflybrain.org	VFB_0010157z	VFB_00050000	4	1	0.0
2025-06-11	v2.virtualflybrain.org	VFB_001015ad	VFB_00050000	2	1	0.0
2025-06-11	v2.virtualflybrain.org	VFB_001015cx	VFB_00050000	2	1	0.0
2025-06-11	v2.virtualflybrain.org	VFB_001016xn	VFB_00101567	2	1	0.0
2025-06-11	v2.virtualflybrain.org	VFB_00102118	VFB_00101567	0	1	0.0
2025-06-11	v2.virtualflybrain.org	VFB_00102135	VFB_00101567	3	1	0.0
2025-06-11	v2.virtualflybrain.org	VFB_00102274	VFB_00101567	0	2	0.0
2025-06-11	v2.virtualflybrain.org	VFB_00102312	VFB_00050000	4	1	7.0
2025-06-11	v2.virtualflybrain.org	VFB_00102eun	VFB_00050000	2	1	0.0
2025-06-11	v2.virtualflybrain.org	VFB_00102gng	VFB_00049000	3	1	0.0
2025-06-11	v2.virtualflybrain.org	VFB_00200000	VFB_00200000	0	1	0.0
2025-06-11	v2.virtualflybrain.org	VFB_fw000460	VFB_00101567	0	1	27.0
2025-06-11	v2.virtualflybrain.org	VFB_fw001583	VFB_00101567	0	1	70.0
2025-06-11	v2.virtualflybrain.org	VFB_fw001905	VFB_00101567	0	1	37.0
2025-06-11	v2.virtualflybrain.org	VFB_fw004055	VFB_00101567	0	1	31.0
2025-06-11	v2.virtualflybrain.org	VFB_fw007274	VFB_00101567	0	2	102.0
2025-06-11	v2.virtualflybrain.org	VFB_fw007647	VFB_00101567	0	2	98.0
2025-06-11	v2.virtualflybrain.org	VFB_fw007919		1	1	0.0
2025-06-11	v2.virtualflybrain.org	VFB_fw007919	VFB_00101567	1	1	30.0
2025-06-11	v2.virtualflybrain.org	VFB_fw010926	VFB_00101567	0	1	100.0
2025-06-11	v2.virtualflybrain.org	VFB_fw014264	VFB_00101567	0	1	22.0
2025-06-11	v2.virtualflybrain.org	VFB_fw016923	VFB_00101567	0	1	1.0
2025-06-11	v2.virtualflybrain.org	VFB_fw017806	VFB_00101567	0	2	178.0
2025-06-11	v2.virtualflybrain.org	VFB_fw018737	VFB_00101567	0	2	10.0
2025-06-11	v2.virtualflybrain.org	VFB_fw030853	VFB_00101567	1	1	11.0
2025-06-11	v2.virtualflybrain.org	VFB_fw031746		1	1	0.0
2025-06-11	v2.virtualflybrain.org	VFB_fw031746	VFB_00101567	3	6	67.0
2025-06-11	v2.virtualflybrain.org	VFB_fw031901	VFB_00101567	0	3	79.0
2025-06-11	v2.virtualflybrain.org	VFB_fw032201		2	1	6.0
2025-06-11	v2.virtualflybrain.org	VFB_fw032201	VFB_00101567	0	1	46.0
2025-06-11	v2.virtualflybrain.org	VFB_fw033692	VFB_00101567	0	2	53.0
2025-06-11	v2.virtualflybrain.org	VFB_fw035700	VFB_00101567	0	1	22.0
2025-06-11	v2.virtualflybrain.org	VFB_fw036144	VFB_00101567	3	2	53.0
2025-06-11	v2.virtualflybrain.org	VFB_fw036879	VFB_00101567	3	2	0.0
2025-06-11	v2.virtualflybrain.org	VFB_fw136985	VFB_00101567	0	2	90.0
2025-06-11	v2.virtualflybrain.org	VFB_fw139249	VFB_00101567	0	1	48.0
2025-06-11	v2.virtualflybrain.org	VFB_jrchjrch	VFB_00101567	1	1	114.0
2025-06-11	v2.virtualflybrain.org	VFB_jrchjx8p	VFB_00101567	19	1	0.0
2025-06-11	v2.virtualflybrain.org	VFB_jrcv082k		1	1	2.0
2025-06-11	v2.virtualflybrain.org	VFB_jrcv082k	VFB_00200000	0	1	16.0
2025-06-11	v2.virtualflybrain.org	VFB_jrcv0vt5	VFB_00049000	0	2	10.0
2025-06-11	v2.virtualflybrain.org	VFB_jrcv0vt5	VFB_00200000	1	4	47.0
2025-06-11	v2.virtualflybrain.org	VFBexp_FBtp0058	VFB_00101567	4	1	0.0
2025-06-11	v2.virtualflybrain.org	VFBexp_FBtp0059		1	1	0.0
2025-06-11	v2.virtualflybrain.org	VFBexp_FBtp0062		2	2	0.0
2025-06-11	v2.virtualflybrain.org	VFBexp_FBtp0062	VFB_00101567	2	2	9.0
2025-06-11	virtualflybrain.org	VFB_jrchjrch		1	1	3.0
2025-06-12		FBbt_00001102		2	1	0.0
2025-06-12		FBbt_00001102	VFB_00101567	2	1	0.0
2025-06-12		FBbt_00001446		1	1	0.0
2025-06-12		FBbt_00001446	VFB_00050000	1	1	0.0
2025-06-12		FBbt_00001919		2	1	0.0
2025-06-12		FBbt_00001919	VFB_00050000	2	2	0.0
2025-06-12		FBbt_00001920		1	1	0.0
2025-06-12		FBbt_00001920	VFB_00101567	1	1	0.0
2025-06-12		FBbt_00001995		7	1	15.0
2025-06-12		FBbt_00001995	VFB_00101567	7	1	0.0
2025-06-12		FBbt_00003004		2	1	0.0
2025-06-12		FBbt_00003004	VFB_00101567	2	1	0.0
2025-06-12		FBbt_00003624		9	2	0.0
2025-06-12		FBbt_00003624	VFB_00101567	10	2	0.0
2025-06-12		FBbt_00003678		3	1	0.0
2025-06-12		FBbt_00003678	VFB_00101567	3	1	0.0
2025-06-12		FBbt_00003684		2	1	0.0
2025-06-12		FBbt_00003684	VFB_00101567	2	1	0.0
2025-06-12		FBbt_00003748		3	1	0.0
2025-06-12		FBbt_00003748	VFB_00101567	3	1	0.0
2025-06-12		FBbt_00003852		1	1	0.0
2025-06-12		FBbt_00003852	VFB_00101567	2	1	0.0
2025-06-12		FBbt_00003885		1	1	0.0
2025-06-12		FBbt_00003885	VFB_00101567	1	1	0.0
2025-06-12		FBbt_00003907		3	1	23.0
2025-06-12		FBbt_00003907	VFB_00101567	3	2	0.0
2025-06-12		FBbt_00005097		2	1	3.0
2025-06-12		FBbt_00005097	VFB_00101567	2	1	0.0
2025-06-12		FBbt_00006024		3	1	0.0
2025-06-12		FBbt_00006024	VFB_00050000	3	1	0.0
2025-06-12		FBbt_00007050		4	1	0.0
2025-06-12		FBbt_00007050	VFB_00101567	4	1	0.0
2025-06-12		FBbt_00007054		1	1	0.0
2025-06-12		FBbt_00007054	VFB_00101567	1	1	0.0
2025-06-12		FBbt_00007228		1	1	0.0
2025-06-12		FBbt_00007228	VFB_00101567	1	1	0.0
2025-06-12		FBbt_00007385		1	1	0.0
2025-06-12		FBbt_00007385	VFB_00101567	1	1	0.0
2025-06-12		FBbt_00007453		3	1	0.0
2025-06-12		FBbt_00007453	VFB_00101567	3	1	0.0
2025-06-12		FBbt_00007677		3	1	0.0
2025-06-12		FBbt_00007677	VFB_00101567	3	2	0.0
2025-06-12		FBbt_00015407		1	1	0.0
2025-06-12		FBbt_00015407	VFB_00101567	1	1	0.0
2025-06-12		FBbt_00040043		12	2	0.0
2025-06-12		FBbt_00040043	VFB_00101567	12	2	0.0
2025-06-12		FBbt_00040044		3	1	0.0
2025-06-12		FBbt_00040044	VFB_00101567	3	1	0.0
2025-06-12		FBbt_00040049		2	1	0.0
2025-06-12		FBbt_00040049	VFB_00017894	3	1	0.0
2025-06-12		FBbt_00040050		1	1	0.0
2025-06-12		FBbt_00040050	VFB_00101567	1	1	0.0
2025-06-12		FBbt_00045027		1	1	0.0
2025-06-12		FBbt_00045027	VFB_00101567	1	1	0.0
2025-06-12		FBbt_00045048		1	1	0.0
2025-06-12		FBbt_00045048	VFB_00101567	1	1	0.0
2025-06-12		FBbt_00045050		1	1	0.0
2025-06-12		FBbt_00045050	VFB_00101567	1	1	0.0
2025-06-12		FBbt_00047573		1	1	0.0
2025-06-12		FBbt_00047573	VFB_00101567	1	1	0.0
2025-06-12		FBbt_00047887		2	1	0.0
2025-06-12		FBbt_00047887	VFB_00101567	3	1	0.0
2025-06-12		FBbt_00052850		1	1	0.0
2025-06-12		FBbt_00052850	VFB_00101567	1	1	0.0
2025-06-12		FBbt_00052857		1	1	0.0
2025-06-12		FBbt_00052857	VFB_00101567	1	1	0.0
2025-06-12		FBbt_00053100		5	1	0.0
2025-06-12		FBbt_00053100	VFB_00101567	5	1	0.0
2025-06-12		FBbt_00058028		2	1	0.0
2025-06-12		FBbt_00058028	VFB_00101567	2	1	0.0
2025-06-12		FBbt_00058207		1	1	0.0
2025-06-12		FBbt_00058207	VFB_00101567	1	1	0.0
2025-06-12		FBbt_00058218		2	1	7.0
2025-06-12		FBbt_00058218	VFB_00101567	2	1	0.0
2025-06-12		FBbt_00059244		1	1	0.0
2025-06-12		FBbt_00059244	VFB_00200000	1	1	0.0
2025-06-12		FBbt_00100166		4	1	8.0
2025-06-12		FBbt_00100166	VFB_00101567	4	1	0.0
2025-06-12		FBbt_00100169		8	1	0.0
2025-06-12		FBbt_00100169	VFB_00101567	8	1	0.0
2025-06-12		FBbt_00110035		2	1	0.0
2025-06-12		FBbt_00110035	VFB_00050000	2	1	0.0
2025-06-12		FBbt_00110172		7	1	0.0
2025-06-12		FBbt_00110172	VFB_00101567	7	1	0.0
2025-06-12		FBbt_00110638		4	1	0.0
2025-06-12		FBbt_00110638	VFB_00101567	4	1	0.0
2025-06-12		FBbt_00111670		1	1	0.0
2025-06-12		FBbt_00111670	VFB_00101567	1	1	0.0
2025-06-12		FBbt_20000018		9	1	0.0
2025-06-12		FBbt_20000018	VFB_00101567	9	1	0.0
2025-06-12		GO_0061527		2	1	18.0
2025-06-12		GO_0061527	VFB_00101567	2	1	0.0
2025-06-12		VFB_00017894		3	1	0.0
2025-06-12		VFB_00017894	VFB_00017894	2	2	0.0
2025-06-12		VFB_00030867		12	1	5.0
2025-06-12		VFB_00030867	VFB_00017894	12	1	0.0
2025-06-12		VFB_00030903		8	2	5.0
2025-06-12		VFB_00030903	VFB_00017894	3	2	0.0
2025-06-12		VFB_00030903	VFB_00101567	5	2	0.0
2025-06-12		VFB_00049000		3	1	0.0
2025-06-12		VFB_00049000	VFB_00049000	2	2	0.0
2025-06-12		VFB_00050000		1	1	0.0
2025-06-12		VFB_00050000	VFB_00050000	4	3	106.0
2025-06-12		VFB_00050505		3	1	3.0
2025-06-12		VFB_00050505	VFB_00049000	4	1	0.0
2025-06-12		VFB_00100235		2	1	0.0
2025-06-12		VFB_00100235	VFB_00050000	2	1	0.0
2025-06-12		VFB_00100405		2	1	0.0
2025-06-12		VFB_00100405	VFB_00050000	2	1	0.0
2025-06-12		VFB_00100761		3	1	0.0
2025-06-12		VFB_00100761	VFB_00050000	2	2	0.0
2025-06-12		VFB_00100765		2	1	0.0
2025-06-12		VFB_00100765	VFB_00050000	3	2	0.0
2025-06-12		VFB_00100zs1		4	1	34.0
2025-06-12		VFB_00100zs1	VFB_00101567	4	1	0.0
2025-06-12		VFB_00101091		9	1	4.0
2025-06-12		VFB_00101091	VFB_00050000	4	1	0.0
2025-06-12		VFB_00101091	VFB_00101567	5	1	0.0
2025-06-12		VFB_001011em		24	1	0.0
2025-06-12		VFB_001011em	VFB_00050000	24	1	0.0
2025-06-12		VFB_001011k0		1	1	0.0
2025-06-12		VFB_001011k0	VFB_00050000	1	1	0.0
2025-06-12		VFB_001011vq		2	1	4.0
2025-06-12		VFB_001011vq	VFB_00101567	2	1	0.0
2025-06-12		VFB_001012cr		2	1	2.0
2025-06-12		VFB_001012cr	VFB_00101567	2	1	0.0
2025-06-12		VFB_00101567		107	29	74.0
2025-06-12		VFB_00101567	VFB_00101567	124	41	62.0
2025-06-12		VFB_0010157z		2	1	0.0
2025-06-12		VFB_0010157z	VFB_00050000	2	1	0.0
2025-06-12		VFB_001015ad		2	1	0.0
2025-06-12		VFB_001015ad	VFB_00050000	2	1	0.0
2025-06-12		VFB_001015cx		1	1	0.0
2025-06-12		VFB_001015cx	VFB_00050000	1	1	0.0
2025-06-12		VFB_00102109		2	1	3.0
2025-06-12		VFB_00102109	VFB_00101567	2	1	0.0
2025-06-12		VFB_00102110		2	1	5.0
2025-06-12		VFB_00102110	VFB_00101567	2	1	0.0
2025-06-12		VFB_00102114		6	2	2.0
2025-06-12		VFB_00102114	VFB_00101567	6	3	0.0
2025-06-12		VFB_00102118		4	2	1.0
2025-06-12		VFB_00102118	VFB_00101567	4	3	0.0
2025-06-12		VFB_00102119		2	1	0.0
2025-06-12		VFB_00102119	VFB_00101567	2	1	0.0
2025-06-12		VFB_00102121		2	1	0.0
2025-06-12		VFB_00102121	VFB_00101567	2	1	0.0
2025-06-12		VFB_00102123		2	1	0.0
2025-06-12		VFB_00102123	VFB_00101567	2	1	0.0
2025-06-12		VFB_00102124		2	1	0.0
2025-06-12		VFB_00102124	VFB_00101567	2	1	0.0
2025-06-12		VFB_00102133		2	1	0.0
2025-06-12		VFB_00102133	VFB_00101567	2	1	0.0
2025-06-12		VFB_00102135		6	2	6.0
2025-06-12		VFB_00102135	VFB_00101567	6	3	0.0
2025-06-12		VFB_00102276		1	1	0.0
2025-06-12		VFB_00102276	VFB_00101567	1	1	0.0
2025-06-12		VFB_00102eun		2	1	0.0
2025-06-12		VFB_00102eun	VFB_00050000	2	1	0.0
2025-06-12		VFB_00103mzb		2	1	3.0
2025-06-12		VFB_00103mzb	VFB_00101567	2	1	0.0
2025-06-12		VFB_001045e7		16	1	40.0
2025-06-12		VFB_001045e7	VFB_00101567	15	4	0.0
2025-06-12		VFB_00200000		1	1	0.0
2025-06-12		VFB_00200000	VFB_00200000	1	1	0.0
2025-06-12		VFB_fw000159		2	1	8.0
2025-06-12		VFB_fw000159	VFB_00101567	2	1	0.0
2025-06-12		VFB_fw036046		3	1	5.0
2025-06-12		VFB_fw036046	VFB_00101567	3	1	0.0
2025-06-12		VFB_fw036879		8	1	11.0
2025-06-12		VFB_fw036879	VFB_00101567	8	1	0.0
2025-06-12		VFB_fw050699		12	1	6.0
2025-06-12		VFB_fw050699	VFB_00101567	12	1	0.0
2025-06-12		VFB_jrchjtff		2	1	2.0
2025-06-12		VFB_jrchjtff	VFB_00101567	2	1	0.0
2025-06-12		VFB_jrchjxaz		2	1	3.0
2025-06-12		VFB_jrchjxaz	VFB_00101567	2	1	0.0
2025-06-12		VFB_jrcvjmso		2	1	4.0
2025-06-12		VFB_jrcvjmso	VFB_00200000	2	1	0.0
2025-06-12		VFBexp_FBti0004		8	1	0.0
2025-06-12		VFBexp_FBti0004	VFB_00101567	8	1	0.0
2025-06-12		VFBexp_FBti0036		3	1	0.0
2025-06-12		VFBexp_FBti0036	VFB_00101567	4	1	0.0
2025-06-12		VFBexp_FBtp0058		6	1	0.0
2025-06-12		VFBexp_FBtp0058	VFB_00050000	4	1	0.0
2025-06-12		VFBexp_FBtp0058	VFB_00101567	2	1	0.0
2025-06-12		VFBexp_FBtp0062		1	1	0.0
2025-06-12		VFBexp_FBtp0062	VFB_00101567	1	1	0.0
2025-06-12		VFBexp_FBtp0087		1	1	0.0
2025-06-12		VFBexp_FBtp0087	VFB_00101567	1	1	0.0
2025-06-12		VFBexp_FBtp0122		1	1	0.0
2025-06-12		VFBexp_FBtp0122	VFB_00101567	1	1	0.0
2025-06-12	v2.virtualflybrain.org	FBbt_00001102	VFB_00101567	0	2	56.0
2025-06-12	v2.virtualflybrain.org	FBbt_00001446	VFB_00050000	0	2	17.0
2025-06-12	v2.virtualflybrain.org	FBbt_00001919	VFB_00050000	1	3	80.0
2025-06-12	v2.virtualflybrain.org	FBbt_00001920	VFB_00101567	0	2	20.0
2025-06-12	v2.virtualflybrain.org	FBbt_00001995	VFB_00101567	0	2	1.0
2025-06-12	v2.virtualflybrain.org	FBbt_00003004	VFB_00101567	2	1	0.0
2025-06-12	v2.virtualflybrain.org	FBbt_00003624	VFB_00101567	8	3	16.0
2025-06-12	v2.virtualflybrain.org	FBbt_00003678	VFB_00101567	0	1	9.0
2025-06-12	v2.virtualflybrain.org	FBbt_00003680	VFB_00101567	0	1	0.0
2025-06-12	v2.virtualflybrain.org	FBbt_00003748	VFB_00101567	0	1	11.0
2025-06-12	v2.virtualflybrain.org	FBbt_00003852	VFB_00101567	0	1	48.0
2025-06-12	v2.virtualflybrain.org	FBbt_00003885	VFB_00101567	0	1	0.0
2025-06-12	v2.virtualflybrain.org	FBbt_00003907		1	1	0.0
2025-06-12	v2.virtualflybrain.org	FBbt_00003907	VFB_00101567	0	2	3.0
2025-06-12	v2.virtualflybrain.org	FBbt_00005097	VFB_00101567	0	1	0.0
2025-06-12	v2.virtualflybrain.org	FBbt_00006024	VFB_00050000	4	1	0.0
2025-06-12	v2.virtualflybrain.org	FBbt_00007050	VFB_00101567	0	1	75.0
2025-06-12	v2.virtualflybrain.org	FBbt_00007054	VFB_00101567	0	1	40.0
2025-06-12	v2.virtualflybrain.org	FBbt_00007228	VFB_00101567	0	1	12.0
2025-06-12	v2.virtualflybrain.org	FBbt_00007385	VFB_00101567	0	1	3.0
2025-06-12	v2.virtualflybrain.org	FBbt_00007453	VFB_00101567	0	1	6.0
2025-06-12	v2.virtualflybrain.org	FBbt_00007677	VFB_00101567	0	1	5.0
2025-06-12	v2.virtualflybrain.org	FBbt_00040043	VFB_00101567	11	5	42.0
2025-06-12	v2.virtualflybrain.org	FBbt_00040044	VFB_00101567	0	2	29.0
2025-06-12	v2.virtualflybrain.org	FBbt_00040049	VFB_00017894	0	2	85.0
2025-06-12	v2.virtualflybrain.org	FBbt_00040050	VFB_00101567	0	2	280.0
2025-06-12	v2.virtualflybrain.org	FBbt_00045027	VFB_00101567	0	1	27.0
2025-06-12	v2.virtualflybrain.org	FBbt_00045048	VFB_00101567	0	2	45.0
2025-06-12	v2.virtualflybrain.org	FBbt_00045050	VFB_00101567	0	1	16.0
2025-06-12	v2.virtualflybrain.org	FBbt_00047573	VFB_00101567	0	1	53.0
2025-06-12	v2.virtualflybrain.org	FBbt_00047887	VFB_00101567	0	1	12.0
2025-06-12	v2.virtualflybrain.org	FBbt_00052850	VFB_00101567	0	1	14.0
2025-06-12	v2.virtualflybrain.org	FBbt_00052857	VFB_00101567	0	1	21.0
2025-06-12	v2.virtualflybrain.org	FBbt_00053100	VFB_00101567	3	2	174.0
2025-06-12	v2.virtualflybrain.org	FBbt_00058028	VFB_00101567	2	1	3.0
2025-06-12	v2.virtualflybrain.org	FBbt_00058207	VFB_00101567	0	1	31.0
2025-06-12	v2.virtualflybrain.org	FBbt_00058218	VFB_00101567	0	1	0.0
2025-06-12	v2.virtualflybrain.org	FBbt_00059244	VFB_00200000	0	1	18.0
2025-06-12	v2.virtualflybrain.org	FBbt_00100166	VFB_00101567	0	1	0.0
2025-06-12	v2.virtualflybrain.org	FBbt_00100169	VFB_00101567	1	2	80.0
2025-06-12	v2.virtualflybrain.org	FBbt_00110035	VFB_00050000	0	2	23.0
2025-06-12	v2.virtualflybrain.org	FBbt_00110172	VFB_00101567	7	1	0.0
2025-06-12	v2.virtualflybrain.org	FBbt_00110638	VFB_00101567	0	1	3.0
2025-06-12	v2.virtualflybrain.org	FBbt_00111670	VFB_00101567	0	2	19.0
2025-06-12	v2.virtualflybrain.org	FBbt_20000018	VFB_00101567	8	2	121.0
2025-06-12	v2.virtualflybrain.org	GO_0061527	VFB_00101567	0	1	0.0
2025-06-12	v2.virtualflybrain.org	VFB_00017894	VFB_00017894	0	2	0.0
2025-06-12	v2.virtualflybrain.org	VFB_00030867	VFB_00017894	0	2	42.0
2025-06-12	v2.virtualflybrain.org	VFB_00030867	VFB_00030867	1	2	3.0
2025-06-12	v2.virtualflybrain.org	VFB_00030903	VFB_00017894	3	4	4.0
2025-06-12	v2.virtualflybrain.org	VFB_00030903	VFB_00101567	2	3	14.0
2025-06-12	v2.virtualflybrain.org	VFB_00049000	VFB_00049000	0	1	17.0
2025-06-12	v2.virtualflybrain.org	VFB_00050000	VFB_00050000	1	18	7.0
2025-06-12	v2.virtualflybrain.org	VFB_00050505	VFB_00049000	0	1	6.0
2025-06-12	v2.virtualflybrain.org	VFB_00050505	VFB_00050505	1	2	5.0
2025-06-12	v2.virtualflybrain.org	VFB_00100235	VFB_00050000	2	2	0.0
2025-06-12	v2.virtualflybrain.org	VFB_00100405	VFB_00050000	2	2	0.0
2025-06-12	v2.virtualflybrain.org	VFB_00100761	VFB_00050000	0	2	42.0
2025-06-12	v2.virtualflybrain.org	VFB_00100765	VFB_00050000	0	1	120.0
2025-06-12	v2.virtualflybrain.org	VFB_00100zs1	VFB_00101567	0	2	12.0
2025-06-12	v2.virtualflybrain.org	VFB_00101091	VFB_00050000	4	3	4.0
2025-06-12	v2.virtualflybrain.org	VFB_00101091	VFB_00101567	0	2	3.0
2025-06-12	v2.virtualflybrain.org	VFB_001011em	VFB_00050000	24	1	0.0
2025-06-12	v2.virtualflybrain.org	VFB_001011k0	VFB_00050000	1	1	16.0
2025-06-12	v2.virtualflybrain.org	VFB_001011vq	VFB_00101567	0	1	68.0
2025-06-12	v2.virtualflybrain.org	VFB_001012cr	VFB_00101567	0	1	0.0
2025-06-12	v2.virtualflybrain.org	VFB_00101567	VFB_00101567	47	70	1611.0
2025-06-12	v2.virtualflybrain.org	VFB_0010157z	VFB_00050000	2	1	0.0
2025-06-12	v2.virtualflybrain.org	VFB_001015ad	VFB_00050000	2	1	0.0
2025-06-12	v2.virtualflybrain.org	VFB_001015cx	VFB_00050000	1	1	0.0
2025-06-12	v2.virtualflybrain.org	VFB_00101j8w		3	1	85.0
2025-06-12	v2.virtualflybrain.org	VFB_00102109	VFB_00101567	0	1	0.0
2025-06-12	v2.virtualflybrain.org	VFB_00102110	VFB_00101567	0	1	0.0
2025-06-12	v2.virtualflybrain.org	VFB_00102114	VFB_00101567	0	2	22.0
2025-06-12	v2.virtualflybrain.org	VFB_00102118	VFB_00101567	0	1	21.0
2025-06-12	v2.virtualflybrain.org	VFB_00102119	VFB_00101567	0	1	1.0
2025-06-12	v2.virtualflybrain.org	VFB_00102121	VFB_00101567	0	1	19.0
2025-06-12	v2.virtualflybrain.org	VFB_00102123	VFB_00101567	0	1	8.0
2025-06-12	v2.virtualflybrain.org	VFB_00102124	VFB_00101567	0	1	5.0
2025-06-12	v2.virtualflybrain.org	VFB_00102133	VFB_00101567	0	1	5.0
2025-06-12	v2.virtualflybrain.org	VFB_00102135	VFB_00101567	6	2	0.0
2025-06-12	v2.virtualflybrain.org	VFB_00102276	VFB_00101567	1	1	0.0
2025-06-12	v2.virtualflybrain.org	VFB_00102eun	VFB_00050000	2	1	0.0
2025-06-12	v2.virtualflybrain.org	VFB_00103mzb		1	1	1.0
2025-06-12	v2.virtualflybrain.org	VFB_001045e7	VFB_00101567	0	2	0.0
2025-06-12	v2.virtualflybrain.org	VFB_fw000159		1	1	3.0
2025-06-12	v2.virtualflybrain.org	VFB_fw000159	VFB_00101567	0	1	20.0
2025-06-12	v2.virtualflybrain.org	VFB_fw036046		1	1	2.0
2025-06-12	v2.virtualflybrain.org	VFB_fw036046	VFB_00101567	1	1	0.0
2025-06-12	v2.virtualflybrain.org	VFB_fw036879		1	1	7.0
2025-06-12	v2.virtualflybrain.org	VFB_fw036879	VFB_00101567	0	2	212.0
2025-06-12	v2.virtualflybrain.org	VFB_fw050699		1	1	1.0
2025-06-12	v2.virtualflybrain.org	VFB_fw050699	VFB_00101567	8	1	9.0
2025-06-12	v2.virtualflybrain.org	VFB_jrchjtff	VFB_00101567	0	2	8.0
2025-06-12	v2.virtualflybrain.org	VFB_jrchjxaz		1	1	1.0
2025-06-12	v2.virtualflybrain.org	VFB_jrchjxaz	VFB_00101567	0	1	12.0
2025-06-12	v2.virtualflybrain.org	VFB_jrcvjmso		1	1	1.0
2025-06-12	v2.virtualflybrain.org	VFB_jrcvjmso	VFB_00200000	0	1	35.0
2025-06-12	v2.virtualflybrain.org	VFBexp_FBti0004	VFB_00101567	6	2	42.0
2025-06-12	v2.virtualflybrain.org	VFBexp_FBti0036	VFB_00101567	0	2	37.0
2025-06-12	v2.virtualflybrain.org	VFBexp_FBtp0058	VFB_00050000	1	2	132.0
2025-06-12	v2.virtualflybrain.org	VFBexp_FBtp0058	VFB_00101567	2	1	3.0
2025-06-12	v2.virtualflybrain.org	VFBexp_FBtp0062		1	1	5.0
2025-06-12	v2.virtualflybrain.org	VFBexp_FBtp0062	VFB_00101567	0	1	34.0
2025-06-12	v2.virtualflybrain.org	VFBexp_FBtp0087	VFB_00101567	1	2	135.0
2025-06-12	v2.virtualflybrain.org	VFBexp_FBtp0122	VFB_00101567	0	1	3.0
2025-06-13		FBbt_00001919		1	1	0.0
2025-06-13		FBbt_00001919	VFB_00050000	1	1	0.0
2025-06-13		FBbt_00003004		5	1	7.0
2025-06-13		FBbt_00003004	VFB_00101567	5	1	0.0
2025-06-13		FBbt_00003008		1	1	0.0
2025-06-13		FBbt_00003008	VFB_00101567	1	1	0.0
2025-06-13		FBbt_00003624		5	2	0.0
2025-06-13		FBbt_00003624	VFB_00101567	5	2	0.0
2025-06-13		FBbt_00003632		1	1	0.0
2025-06-13		FBbt_00003632	VFB_00101567	1	1	0.0
2025-06-13		FBbt_00003678		2	2	0.0
2025-06-13		FBbt_00003678	VFB_00101567	2	2	0.0
2025-06-13		FBbt_00003684		1	1	0.0
2025-06-13		FBbt_00003684	VFB_00101567	1	1	0.0
2025-06-13		FBbt_00003748		12	5	0.0
2025-06-13		FBbt_00003748	VFB_00101567	12	6	0.0
2025-06-13		FBbt_00003764		2	2	0.0
2025-06-13		FBbt_00003764	VFB_00101567	2	2	0.0
2025-06-13		FBbt_00003885		2	1	0.0
2025-06-13		FBbt_00003885	VFB_00101567	2	1	0.0
2025-06-13		FBbt_00004045		1	1	0.0
2025-06-13		FBbt_00004045	VFB_00101567	1	1	0.0
2025-06-13		FBbt_00004046		2	1	0.0
2025-06-13		FBbt_00004046	VFB_00101567	2	1	0.0
2025-06-13		FBbt_00005093		1	1	0.0
2025-06-13		FBbt_00005093	VFB_00101567	1	1	0.0
2025-06-13		FBbt_00006024		4	1	0.0
2025-06-13		FBbt_00006024	VFB_00050000	4	1	0.0
2025-06-13		FBbt_00007050		2	1	0.0
2025-06-13		FBbt_00007050	VFB_00101567	2	1	0.0
2025-06-13		FBbt_00007055		2	2	0.0
2025-06-13		FBbt_00007055	VFB_00101567	2	2	0.0
2025-06-13		FBbt_00007147		2	1	0.0
2025-06-13		FBbt_00007147	VFB_00101567	2	1	0.0
2025-06-13		FBbt_00007173		1	1	0.0
2025-06-13		FBbt_00007173	VFB_00101567	1	1	0.0
2025-06-13		FBbt_00007401		1	1	0.0
2025-06-13		FBbt_00007401	VFB_00101567	1	1	0.0
2025-06-13		FBbt_00007428		1	1	0.0
2025-06-13		FBbt_00007428	VFB_00101567	1	1	0.0
2025-06-13		FBbt_00013691		1	1	0.0
2025-06-13		FBbt_00013691	VFB_00101567	1	1	0.0
2025-06-13		FBbt_00014013		2	2	0.0
2025-06-13		FBbt_00014013	VFB_00101567	2	2	0.0
2025-06-13		FBbt_00040000		2	1	0.0
2025-06-13		FBbt_00040000	VFB_00101567	2	2	0.0
2025-06-13		FBbt_00040001		4	2	0.0
2025-06-13		FBbt_00040001	VFB_00101567	4	2	0.0
2025-06-13		FBbt_00040037		1	1	0.0
2025-06-13		FBbt_00040037	VFB_00101567	1	1	0.0
2025-06-13		FBbt_00040039		1	1	0.0
2025-06-13		FBbt_00040039	VFB_00101567	1	1	0.0
2025-06-13		FBbt_00040041		5	3	0.0
2025-06-13		FBbt_00040041	VFB_00101567	5	3	0.0
2025-06-13		FBbt_00040042		4	2	8.0
2025-06-13		FBbt_00040042	VFB_00101567	5	2	0.0
2025-06-13		FBbt_00040043		13	3	0.0
2025-06-13		FBbt_00040043	VFB_00101567	13	3	0.0
2025-06-13		FBbt_00040049		1	1	0.0
2025-06-13		FBbt_00040049	VFB_00101567	1	1	0.0
2025-06-13		FBbt_00045003		1	1	0.0
2025-06-13		FBbt_00045003	VFB_00101567	1	1	0.0
2025-06-13		FBbt_00045021		2	1	0.0
2025-06-13		FBbt_00045021	VFB_00101567	2	1	0.0
2025-06-13		FBbt_00045032		2	1	0.0
2025-06-13		FBbt_00045032	VFB_00101567	2	1	0.0
2025-06-13		FBbt_00045047		1	1	0.0
2025-06-13		FBbt_00045047	VFB_00101567	1	1	0.0
2025-06-13		FBbt_00045048		1	1	0.0
2025-06-13		FBbt_00045048	VFB_00101567	1	1	0.0
2025-06-13		FBbt_00045050		3	2	0.0
2025-06-13		FBbt_00045050	VFB_00101567	3	2	0.0
2025-06-13		FBbt_00047887		1	1	0.0
2025-06-13		FBbt_00047887	VFB_00101567	1	1	0.0
2025-06-13		FBbt_00049428		1	1	0.0
2025-06-13		FBbt_00049428	VFB_00101567	1	1	0.0
2025-06-13		FBbt_00053100		1	1	0.0
2025-06-13		FBbt_00053100	VFB_00101567	1	1	0.0
2025-06-13		FBbt_00067017		1	1	0.0
2025-06-13		FBbt_00067017	VFB_00101567	1	1	0.0
2025-06-13		FBbt_00067028		1	1	0.0
2025-06-13		FBbt_00067028	VFB_00101567	1	1	0.0
2025-06-13		FBbt_00067368		1	1	0.0
2025-06-13		FBbt_00067368	VFB_00101567	1	1	0.0
2025-06-13		FBbt_00110172		12	1	0.0
2025-06-13		FBbt_00110172	VFB_00101567	12	1	0.0
2025-06-13		FBbt_00110214		1	1	0.0
2025-06-13		FBbt_00110214	VFB_00101567	1	1	0.0
2025-06-13		FBbt_00110636		1	1	0.0
2025-06-13		FBbt_00110636	VFB_00101567	1	1	0.0
2025-06-13		FBbt_00111517		1	1	0.0
2025-06-13		FBbt_00111517	VFB_00101567	1	1	0.0
2025-06-13		FBbt_20000018		8	1	0.0
2025-06-13		FBbt_20000018	VFB_00101567	8	1	0.0
2025-06-13		FBbt_20007581		1	1	0.0
2025-06-13		FBbt_20007581	VFB_00101567	1	1	0.0
2025-06-13		VFB_00022681		12	1	17.0
2025-06-13		VFB_00022681	VFB_00101567	12	3	0.0
2025-06-13		VFB_00022825		1	1	9.0
2025-06-13		VFB_00022825	VFB_00101567	1	1	0.0
2025-06-13		VFB_00030849		3	1	3.0
2025-06-13		VFB_00030849	VFB_00101567	3	2	0.0
2025-06-13		VFB_00036945		7	1	11.0
2025-06-13		VFB_00036945	VFB_00101567	2	1	0.0
2025-06-13		VFB_00040123		4	1	5.0
2025-06-13		VFB_00040123	VFB_00101567	4	1	0.0
2025-06-13		VFB_00044678		13	1	499.0
2025-06-13		VFB_00044678	VFB_00101567	27	2	0.0
2025-06-13		VFB_00048573		10	1	98.0
2025-06-13		VFB_00048573	VFB_00101567	10	2	0.0
2025-06-13		VFB_00064195		2	1	3.0
2025-06-13		VFB_00064195	VFB_00101567	12	1	0.0
2025-06-13		VFB_00066043		2	1	5.0
2025-06-13		VFB_00066043	VFB_00101567	2	1	0.0
2025-06-13		VFB_00066201		2	1	5.0
2025-06-13		VFB_00066201	VFB_00101567	2	1	0.0
2025-06-13		VFB_00100024		13	1	3.0
2025-06-13		VFB_00100024	VFB_00050000	1	1	0.0
2025-06-13		VFB_00100024	VFB_00101567	12	1	0.0
2025-06-13		VFB_00100765		5	1	0.0
2025-06-13		VFB_00100765	VFB_00050000	5	1	0.0
2025-06-13		VFB_00100fem		1	1	0.0
2025-06-13		VFB_00100fem	VFB_00101567	1	1	0.0
2025-06-13		VFB_00100w46		3	1	10.0
2025-06-13		VFB_00100w46	VFB_00101567	3	2	0.0
2025-06-13		VFB_00100wa3		6	1	5.0
2025-06-13		VFB_00100wa3	VFB_00101567	6	2	0.0
2025-06-13		VFB_00100wk0		2	1	9.0
2025-06-13		VFB_00100wk0	VFB_00101567	1	1	0.0
2025-06-13		VFB_00100xve		4	1	10.0
2025-06-13		VFB_00100xve	VFB_00101567	4	2	0.0
2025-06-13		VFB_00100y10		2	1	8.0
2025-06-13		VFB_00100y10	VFB_00101567	2	1	0.0
2025-06-13		VFB_00100z3i		9	1	10.0
2025-06-13		VFB_00100z3i	VFB_00101567	9	1	0.0
2025-06-13		VFB_00101172		7	1	32.0
2025-06-13		VFB_00101172	VFB_00101567	7	3	0.0
2025-06-13		VFB_001011em		16	1	0.0
2025-06-13		VFB_001011em	VFB_00050000	16	1	0.0
2025-06-13		VFB_00101567		181	31	561.0
2025-06-13		VFB_00101567	VFB_00101567	185	50	34.0
2025-06-13		VFB_00101brg		2	1	1.0
2025-06-13		VFB_00101brg	VFB_00101567	2	1	0.0
2025-06-13		VFB_00102107		1	1	4.0
2025-06-13		VFB_00102107	VFB_00101567	1	1	0.0
2025-06-13		VFB_00102121		1	1	1.0
2025-06-13		VFB_00102121	VFB_00101567	1	1	0.0
2025-06-13		VFB_00102135		1	1	0.0
2025-06-13		VFB_00102135	VFB_00101567	1	1	0.0
2025-06-13		VFB_00102214		1	1	2.0
2025-06-13		VFB_00102214	VFB_00101567	1	1	0.0
2025-06-13		VFB_00102gww		1	1	0.0
2025-06-13		VFB_00102gww	VFB_00101567	1	1	0.0
2025-06-13		VFB_001045e7		1	1	0.0
2025-06-13		VFB_001045e7	VFB_00101567	1	1	0.0
2025-06-13		VFB_00200000		1	1	0.0
2025-06-13		VFB_00200000	VFB_00200000	1	1	0.0
2025-06-13		VFB_fw036491		2	1	7.0
2025-06-13		VFB_fw036491	VFB_00101567	2	1	0.0
2025-06-13		VFB_fw050699		8	1	0.0
2025-06-13		VFB_fw050699	VFB_00101567	8	1	0.0
2025-06-13		VFB_jrch2gwz		2	1	4.0
2025-06-13		VFB_jrch2gwz	VFB_00101567	2	1	0.0
2025-06-13		VFB_jrch2gxf		2	1	10.0
2025-06-13		VFB_jrch2gxf	VFB_00101567	2	1	0.0
2025-06-13		VFB_jrchjrcn		4	1	10.0
2025-06-13		VFB_jrchjrcn	VFB_00101567	4	1	0.0
2025-06-13		VFBexp_FBti0004		2	1	0.0
2025-06-13		VFBexp_FBti0004	VFB_00101567	2	1	0.0
2025-06-13		VFBexp_FBti0017		3	2	0.0
2025-06-13		VFBexp_FBti0017	VFB_00101567	3	2	0.0
2025-06-13		VFBexp_FBtp0023		1	1	0.0
2025-06-13		VFBexp_FBtp0023	VFB_00101567	1	1	0.0
2025-06-13		VFBexp_FBtp0057		1	1	0.0
2025-06-13		VFBexp_FBtp0057	VFB_00101567	1	1	0.0
2025-06-13		VFBexp_FBtp0058		2	2	0.0
2025-06-13		VFBexp_FBtp0058	VFB_00101567	2	2	0.0
2025-06-13		VFBexp_FBtp0059		1	1	0.0
2025-06-13		VFBexp_FBtp0059	VFB_00101567	1	1	0.0
2025-06-13		VFBexp_FBtp0060		1	1	0.0
2025-06-13		VFBexp_FBtp0060	VFB_00101567	1	1	0.0
2025-06-13		VFBexp_FBtp0061		8	2	0.0
2025-06-13		VFBexp_FBtp0061	VFB_00101567	10	5	0.0
2025-06-13		VFBexp_FBtp0100		1	1	0.0
2025-06-13		VFBexp_FBtp0100	VFB_00101567	1	1	0.0
2025-06-13		VFBexp_FBtp0108		2	1	0.0
2025-06-13		VFBexp_FBtp0108	VFB_00101567	2	2	0.0
2025-06-13		VFBexp_FBtp0122		1	1	0.0
2025-06-13		VFBexp_FBtp0122	VFB_00101567	1	1	0.0
2025-06-13		VFBexp_FBtp0123		1	1	0.0
2025-06-13		VFBexp_FBtp0123	VFB_00101567	1	1	0.0
2025-06-13		VFBexp_FBtp0125		1	1	0.0
2025-06-13		VFBexp_FBtp0125	VFB_00101567	1	1	0.0
2025-06-13	v2.virtualflybrain.org	FBbt_00001919	VFB_00050000	1	1	0.0
2025-06-13	v2.virtualflybrain.org	FBbt_00003004	VFB_00101567	0	2	28.0
2025-06-13	v2.virtualflybrain.org	FBbt_00003624	VFB_00101567	0	3	100.0
2025-06-13	v2.virtualflybrain.org	FBbt_00003632	VFB_00101567	0	1	11.0
2025-06-13	v2.virtualflybrain.org	FBbt_00003678	VFB_00101567	0	2	43.0
2025-06-13	v2.virtualflybrain.org	FBbt_00003684	VFB_00101567	0	1	2.0
2025-06-13	v2.virtualflybrain.org	FBbt_00003748	VFB_00101567	0	8	417.0
2025-06-13	v2.virtualflybrain.org	FBbt_00003764	VFB_00101567	0	3	54.0
2025-06-13	v2.virtualflybrain.org	FBbt_00003885	VFB_00101567	0	1	7.0
2025-06-13	v2.virtualflybrain.org	FBbt_00004045	VFB_00101567	0	1	16.0
2025-06-13	v2.virtualflybrain.org	FBbt_00004046	VFB_00101567	0	2	4.0
2025-06-13	v2.virtualflybrain.org	FBbt_00005093	VFB_00101567	0	1	11.0
2025-06-13	v2.virtualflybrain.org	FBbt_00006024	VFB_00050000	5	1	0.0
2025-06-13	v2.virtualflybrain.org	FBbt_00007050	VFB_00101567	0	1	4.0
2025-06-13	v2.virtualflybrain.org	FBbt_00007055	VFB_00101567	0	3	159.0
2025-06-13	v2.virtualflybrain.org	FBbt_00007147	VFB_00101567	0	1	1.0
2025-06-13	v2.virtualflybrain.org	FBbt_00007173	VFB_00101567	0	2	12.0
2025-06-13	v2.virtualflybrain.org	FBbt_00007401	VFB_00101567	0	2	60.0
2025-06-13	v2.virtualflybrain.org	FBbt_00007428	VFB_00101567	0	2	41.0
2025-06-13	v2.virtualflybrain.org	FBbt_00014013	VFB_00101567	0	3	45.0
2025-06-13	v2.virtualflybrain.org	FBbt_00040000	VFB_00101567	0	1	189.0
2025-06-13	v2.virtualflybrain.org	FBbt_00040001	VFB_00101567	0	2	25.0
2025-06-13	v2.virtualflybrain.org	FBbt_00040037	VFB_00101567	0	1	2.0
2025-06-13	v2.virtualflybrain.org	FBbt_00040039	VFB_00101567	0	1	13.0
2025-06-13	v2.virtualflybrain.org	FBbt_00040041	VFB_00101567	0	4	34.0
2025-06-13	v2.virtualflybrain.org	FBbt_00040042	VFB_00101567	0	2	44.0
2025-06-13	v2.virtualflybrain.org	FBbt_00040043	VFB_00101567	9	3	12.0
2025-06-13	v2.virtualflybrain.org	FBbt_00045003	VFB_00101567	0	1	3.0
2025-06-13	v2.virtualflybrain.org	FBbt_00045021	VFB_00101567	0	1	38.0
2025-06-13	v2.virtualflybrain.org	FBbt_00045032	VFB_00101567	0	1	6.0
2025-06-13	v2.virtualflybrain.org	FBbt_00045047	VFB_00101567	0	1	3.0
2025-06-13	v2.virtualflybrain.org	FBbt_00045048	VFB_00101567	0	1	13.0
2025-06-13	v2.virtualflybrain.org	FBbt_00045050	VFB_00101567	0	3	96.0
2025-06-13	v2.virtualflybrain.org	FBbt_00047887	VFB_00101567	0	1	0.0
2025-06-13	v2.virtualflybrain.org	FBbt_00049428		1	1	1.0
2025-06-13	v2.virtualflybrain.org	FBbt_00049428	VFB_00101567	0	1	49.0
2025-06-13	v2.virtualflybrain.org	FBbt_00053100	VFB_00101567	1	1	1.0
2025-06-13	v2.virtualflybrain.org	FBbt_00067017	VFB_00101567	0	1	53.0
2025-06-13	v2.virtualflybrain.org	FBbt_00067028	VFB_00101567	0	1	34.0
2025-06-13	v2.virtualflybrain.org	FBbt_00067368	VFB_00101567	0	1	112.0
2025-06-13	v2.virtualflybrain.org	FBbt_00110172	VFB_00101567	13	1	0.0
2025-06-13	v2.virtualflybrain.org	FBbt_00110183	VFB_00101567	0	1	0.0
2025-06-13	v2.virtualflybrain.org	FBbt_00110214	VFB_00101567	0	2	14.0
2025-06-13	v2.virtualflybrain.org	FBbt_00110636	VFB_00101567	0	1	9.0
2025-06-13	v2.virtualflybrain.org	FBbt_00111517	VFB_00101567	0	1	8.0
2025-06-13	v2.virtualflybrain.org	FBbt_20000018	VFB_00101567	8	1	0.0
2025-06-13	v2.virtualflybrain.org	FBbt_20007581	VFB_00101567	1	2	11.0
2025-06-13	v2.virtualflybrain.org	VFB_00022681	VFB_00101567	3	4	646.0
2025-06-13	v2.virtualflybrain.org	VFB_00022825	VFB_00101567	0	1	33.0
2025-06-13	v2.virtualflybrain.org	VFB_00030849	VFB_00101567	0	2	15.0
2025-06-13	v2.virtualflybrain.org	VFB_00036945	VFB_00101567	0	1	29.0
2025-06-13	v2.virtualflybrain.org	VFB_00040123	VFB_00101567	2	2	79.0
2025-06-13	v2.virtualflybrain.org	VFB_00044678	VFB_00101567	0	2	310.0
2025-06-13	v2.virtualflybrain.org	VFB_00048573	VFB_00101567	1	1	133.0
2025-06-13	v2.virtualflybrain.org	VFB_00050000	VFB_00050000	0	4	0.0
2025-06-13	v2.virtualflybrain.org	VFB_00064195	VFB_00101567	0	1	20.0
2025-06-13	v2.virtualflybrain.org	VFB_00066043	VFB_00101567	0	1	76.0
2025-06-13	v2.virtualflybrain.org	VFB_00066201	VFB_00101567	0	1	100.0
2025-06-13	v2.virtualflybrain.org	VFB_00100024	VFB_00050000	1	3	13.0
2025-06-13	v2.virtualflybrain.org	VFB_00100024	VFB_00101567	13	2	1.0
2025-06-13	v2.virtualflybrain.org	VFB_00100765	VFB_00050000	5	1	0.0
2025-06-13	v2.virtualflybrain.org	VFB_00100fem	VFB_00101567	0	1	35.0
2025-06-13	v2.virtualflybrain.org	VFB_00100w46	VFB_00101567	1	2	361.0
2025-06-13	v2.virtualflybrain.org	VFB_00100wa3	VFB_00101567	0	1	1000.0
2025-06-13	v2.virtualflybrain.org	VFB_00100wk0	VFB_00101567	0	1	2.0
2025-06-13	v2.virtualflybrain.org	VFB_00100xve	VFB_00101567	3	1	0.0
2025-06-13	v2.virtualflybrain.org	VFB_00100y10		1	1	7.0
2025-06-13	v2.virtualflybrain.org	VFB_00100y10	VFB_00101567	0	1	0.0
2025-06-13	v2.virtualflybrain.org	VFB_00100z3i	VFB_00101567	0	1	45.0
2025-06-13	v2.virtualflybrain.org	VFB_00101172	VFB_00101567	0	3	9.0
2025-06-13	v2.virtualflybrain.org	VFB_001011em	VFB_00050000	16	1	0.0
2025-06-13	v2.virtualflybrain.org	VFB_00101567	VFB_00101567	69	79	2319.0
2025-06-13	v2.virtualflybrain.org	VFB_00101brg	VFB_00101567	0	1	56.0
2025-06-13	v2.virtualflybrain.org	VFB_00101j8w		1	1	0.0
2025-06-13	v2.virtualflybrain.org	VFB_00102107	VFB_00101567	0	1	13.0
2025-06-13	v2.virtualflybrain.org	VFB_00102121	VFB_00101567	0	1	29.0
2025-06-13	v2.virtualflybrain.org	VFB_00102135	VFB_00101567	2	1	0.0
2025-06-13	v2.virtualflybrain.org	VFB_00102214	VFB_00101567	0	1	23.0
2025-06-13	v2.virtualflybrain.org	VFB_00102gww	VFB_00101567	0	2	89.0
2025-06-13	v2.virtualflybrain.org	VFB_001045e7	VFB_00101567	1	2	5.0
2025-06-13	v2.virtualflybrain.org	VFB_00200000	VFB_00200000	0	1	40.0
2025-06-13	v2.virtualflybrain.org	VFB_fw007908		1	1	2.0
2025-06-13	v2.virtualflybrain.org	VFB_fw036491	VFB_00101567	0	1	0.0
2025-06-13	v2.virtualflybrain.org	VFB_fw050699	VFB_00101567	7	2	0.0
2025-06-13	v2.virtualflybrain.org	VFB_jrch2gwz	VFB_00101567	0	1	0.0
2025-06-13	v2.virtualflybrain.org	VFB_jrch2gxf	VFB_00101567	0	1	0.0
2025-06-13	v2.virtualflybrain.org	VFB_jrchjrcn	VFB_00101567	0	1	345.0
2025-06-13	v2.virtualflybrain.org	VFB_jrcv0jmx		1	1	2.0
2025-06-13	v2.virtualflybrain.org	VFBexp_FBti0004	VFB_00101567	2	1	0.0
2025-06-13	v2.virtualflybrain.org	VFBexp_FBti0017	VFB_00101567	0	3	143.0
2025-06-13	v2.virtualflybrain.org	VFBexp_FBtp0023	VFB_00101567	0	2	5.0
2025-06-13	v2.virtualflybrain.org	VFBexp_FBtp0057		1	1	2.0
2025-06-13	v2.virtualflybrain.org	VFBexp_FBtp0057	VFB_00101567	0	1	45.0
2025-06-13	v2.virtualflybrain.org	VFBexp_FBtp0058	VFB_00101567	0	2	70.0
2025-06-13	v2.virtualflybrain.org	VFBexp_FBtp0059	VFB_00101567	0	1	2.0
2025-06-13	v2.virtualflybrain.org	VFBexp_FBtp0060	VFB_00101567	0	1	7.0
2025-06-13	v2.virtualflybrain.org	VFBexp_FBtp0061	VFB_00101567	0	4	111.0
2025-06-13	v2.virtualflybrain.org	VFBexp_FBtp0100	VFB_00101567	0	2	83.0
2025-06-13	v2.virtualflybrain.org	VFBexp_FBtp0108	VFB_00101567	0	1	322.0
2025-06-13	v2.virtualflybrain.org	VFBexp_FBtp0122		1	1	4.0
2025-06-13	v2.virtualflybrain.org	VFBexp_FBtp0122	VFB_00101567	0	1	24.0
2025-06-13	v2.virtualflybrain.org	VFBexp_FBtp0123		1	1	4.0
2025-06-13	v2.virtualflybrain.org	VFBexp_FBtp0123	VFB_00101567	0	1	8.0
2025-06-13	v2.virtualflybrain.org	VFBexp_FBtp0125		1	1	2.0
2025-06-14		FBbt_00000029		1	1	0.0
2025-06-14		FBbt_00000029	VFB_00101567	1	1	0.0
2025-06-14		FBbt_00001920		2	1	0.0
2025-06-14		FBbt_00001920	VFB_00101567	2	1	0.0
2025-06-14		FBbt_00003004		4	3	0.0
2025-06-14		FBbt_00003004	VFB_00101567	4	3	0.0
2025-06-14		FBbt_00003624		7	2	2.0
2025-06-14		FBbt_00003624	VFB_00101567	4	2	0.0
2025-06-14		FBbt_00003678		2	1	0.0
2025-06-14		FBbt_00003678	VFB_00101567	2	1	0.0
2025-06-14		FBbt_00003679		1	1	0.0
2025-06-14		FBbt_00003679	VFB_00101567	1	1	0.0
2025-06-14		FBbt_00003680		1	1	0.0
2025-06-14		FBbt_00003680	VFB_00101567	1	1	0.0
2025-06-14		FBbt_00003681		3	2	0.0
2025-06-14		FBbt_00003681	VFB_00101567	3	2	0.0
2025-06-14		FBbt_00003684		9	1	0.0
2025-06-14		FBbt_00003684	VFB_00101567	9	2	0.0
2025-06-14		FBbt_00003688		1	1	0.0
2025-06-14		FBbt_00003688	VFB_00101567	1	1	0.0
2025-06-14		FBbt_00003701		4	2	0.0
2025-06-14		FBbt_00003701	VFB_00101567	4	2	0.0
2025-06-14		FBbt_00003748		2	2	0.0
2025-06-14		FBbt_00003748	VFB_00101567	2	2	0.0
2025-06-14		FBbt_00003852		1	1	0.0
2025-06-14		FBbt_00003852	VFB_00101567	1	1	0.0
2025-06-14		FBbt_00004028		2	1	11.0
2025-06-14		FBbt_00004028	VFB_00101567	2	1	0.0
2025-06-14		FBbt_00006024		8	1	0.0
2025-06-14		FBbt_00006024	VFB_00050000	8	1	0.0
2025-06-14		FBbt_00007010		1	1	0.0
2025-06-14		FBbt_00007010	VFB_00101567	1	1	0.0
2025-06-14		FBbt_00007016		1	1	0.0
2025-06-14		FBbt_00007016	VFB_00101567	1	1	0.0
2025-06-14		FBbt_00007050		4	1	0.0
2025-06-14		FBbt_00007050	VFB_00101567	4	1	0.0
2025-06-14		FBbt_00007053		1	1	0.0
2025-06-14		FBbt_00007053	VFB_00101567	1	1	0.0
2025-06-14		FBbt_00007054		2	1	0.0
2025-06-14		FBbt_00007054	VFB_00101567	2	1	0.0
2025-06-14		FBbt_00007055		2	1	0.0
2025-06-14		FBbt_00007055	VFB_00101567	2	1	0.0
2025-06-14		FBbt_00007145		2	1	0.0
2025-06-14		FBbt_00007145	VFB_00101567	2	1	0.0
2025-06-14		FBbt_00007146		7	2	0.0
2025-06-14		FBbt_00007146	VFB_00101567	7	2	0.0
2025-06-14		FBbt_00007353		1	1	0.0
2025-06-14		FBbt_00007353	VFB_00101567	1	1	0.0
2025-06-14		FBbt_00007385		2	1	0.0
2025-06-14		FBbt_00007385	VFB_00101567	2	1	0.0
2025-06-14		FBbt_00007401		5	1	0.0
2025-06-14		FBbt_00007401	VFB_00101567	5	1	0.0
2025-06-14		FBbt_00007453		2	1	0.0
2025-06-14		FBbt_00007453	VFB_00101567	2	1	0.0
2025-06-14		FBbt_00013688		1	1	0.0
2025-06-14		FBbt_00013688	VFB_00101567	1	1	0.0
2025-06-14		FBbt_00014013		4	1	86.0
2025-06-14		FBbt_00014013	VFB_00101567	4	2	0.0
2025-06-14		FBbt_00015407		2	1	0.0
2025-06-14		FBbt_00015407	VFB_00101567	2	1	0.0
2025-06-14		FBbt_00040002		8	1	0.0
2025-06-14		FBbt_00040002	VFB_00101567	8	1	0.0
2025-06-14		FBbt_00040037		2	1	0.0
2025-06-14		FBbt_00040037	VFB_00101567	3	1	0.0
2025-06-14		FBbt_00040041		3	1	0.0
2025-06-14		FBbt_00040041	VFB_00101567	3	1	0.0
2025-06-14		FBbt_00040042		6	1	0.0
2025-06-14		FBbt_00040042	VFB_00101567	6	2	0.0
2025-06-14		FBbt_00040043		12	2	0.0
2025-06-14		FBbt_00040043	VFB_00101567	12	3	0.0
2025-06-14		FBbt_00040044		8	1	0.0
2025-06-14		FBbt_00040044	VFB_00101567	8	1	0.0
2025-06-14		FBbt_00040048		2	1	0.0
2025-06-14		FBbt_00040048	VFB_00101567	2	1	0.0
2025-06-14		FBbt_00040071		2	1	0.0
2025-06-14		FBbt_00040071	VFB_00101567	2	1	0.0
2025-06-14		FBbt_00040072		2	1	0.0
2025-06-14		FBbt_00040072	VFB_00101567	2	1	0.0
2025-06-14		FBbt_00045021		2	1	0.0
2025-06-14		FBbt_00045021	VFB_00101567	2	1	0.0
2025-06-14		FBbt_00045027		1	1	0.0
2025-06-14		FBbt_00045027	VFB_00101567	1	1	0.0
2025-06-14		FBbt_00045030		1	1	0.0
2025-06-14		FBbt_00045030	VFB_00101567	1	1	0.0
2025-06-14		FBbt_00045040		3	1	0.0
2025-06-14		FBbt_00045040	VFB_00101567	3	1	0.0
2025-06-14		FBbt_00045046		1	1	0.0
2025-06-14		FBbt_00045046	VFB_00101567	1	1	0.0
2025-06-14		FBbt_00045048		7	1	0.0
2025-06-14		FBbt_00045048	VFB_00101567	7	2	0.0
2025-06-14		FBbt_00045051		1	1	0.0
2025-06-14		FBbt_00045051	VFB_00101567	1	1	0.0
2025-06-14		FBbt_00047534		9	1	0.0
2025-06-14		FBbt_00047534	VFB_00200000	10	2	0.0
2025-06-14		FBbt_00047614		1	1	0.0
2025-06-14		FBbt_00047614	VFB_00101567	1	1	0.0
2025-06-14		FBbt_00047887		15	1	0.0
2025-06-14		FBbt_00047887	VFB_00101567	15	2	0.0
2025-06-14		FBbt_00049820		1	1	0.0
2025-06-14		FBbt_00049820	VFB_00101567	1	1	0.0
2025-06-14		FBbt_00053100		3	1	0.0
2025-06-14		FBbt_00053100	VFB_00101567	3	1	0.0
2025-06-14		FBbt_00053384		4	2	0.0
2025-06-14		FBbt_00053384	VFB_00101567	4	2	0.0
2025-06-14		FBbt_00100243		8	1	0.0
2025-06-14		FBbt_00100243	VFB_00101567	8	2	0.0
2025-06-14		FBbt_00100252		2	1	0.0
2025-06-14		FBbt_00100252	VFB_00101567	2	1	0.0
2025-06-14		FBbt_00100334		5	1	0.0
2025-06-14		FBbt_00100334	VFB_00101567	5	1	0.0
2025-06-14		FBbt_00110173		1	1	0.0
2025-06-14		FBbt_00110173	VFB_00200000	1	1	0.0
2025-06-14		FBbt_00110636		10	2	0.0
2025-06-14		FBbt_00110636	VFB_00101567	10	3	0.0
2025-06-14		FBbt_00110638		2	1	0.0
2025-06-14		FBbt_00110638	VFB_00101567	2	1	0.0
2025-06-14		FBbt_00111025		1	1	0.0
2025-06-14		FBbt_00111025	VFB_00101567	1	1	0.0
2025-06-14		FBbt_20000018		7	1	0.0
2025-06-14		FBbt_20000018	VFB_00101567	7	1	0.0
2025-06-14		FBbt_20008293		1	1	0.0
2025-06-14		FBbt_20008293	VFB_00101567	1	1	0.0
2025-06-14		VFB_00022681		1	1	0.0
2025-06-14		VFB_00022681	VFB_00101567	1	1	0.0
2025-06-14		VFB_00030849		2	1	2.0
2025-06-14		VFB_00030849	VFB_00101567	2	1	0.0
2025-06-14		VFB_00049000		3	1	10.0
2025-06-14		VFB_00049000	VFB_00049000	16	2	0.0
2025-06-14		VFB_00050000		4	2	31.0
2025-06-14		VFB_00050000	VFB_00050000	4	2	4.0
2025-06-14		VFB_00050000	VFB_00101567	1	1	0.0
2025-06-14		VFB_00050482		19	1	56.0
2025-06-14		VFB_00050482	VFB_00049000	6	1	0.0
2025-06-14		VFB_00050482	VFB_00101567	2	1	0.0
2025-06-14		VFB_00050497		8	1	0.0
2025-06-14		VFB_00050497	VFB_00049000	4	1	0.0
2025-06-14		VFB_00050497	VFB_00101567	4	1	0.0
2025-06-14		VFB_00100765		3	1	0.0
2025-06-14		VFB_00100765	VFB_00050000	3	1	0.0
2025-06-14		VFB_001014uq		2	1	4.0
2025-06-14		VFB_001014uq	VFB_00101567	2	1	0.0
2025-06-14		VFB_00101567		117	13	33.0
2025-06-14		VFB_00101567	VFB_00101567	121	16	0.0
2025-06-14		VFB_00102118		1	1	0.0
2025-06-14		VFB_00102118	VFB_00101567	1	1	0.0
2025-06-14		VFB_00102119		1	1	0.0
2025-06-14		VFB_00102119	VFB_00101567	1	1	0.0
2025-06-14		VFB_00102121		5	1	37.0
2025-06-14		VFB_00102121	VFB_00101567	5	2	0.0
2025-06-14		VFB_00102123		4	1	16.0
2025-06-14		VFB_00102123	VFB_00101567	4	2	0.0
2025-06-14		VFB_00102124		5	1	28.0
2025-06-14		VFB_00102124	VFB_00101567	5	3	0.0
2025-06-14		VFB_00102133		2	1	7.0
2025-06-14		VFB_00102133	VFB_00101567	2	2	0.0
2025-06-14		VFB_00102134		1	1	4.0
2025-06-14		VFB_00102134	VFB_00101567	1	1	0.0
2025-06-14		VFB_00102135		3	1	0.0
2025-06-14		VFB_00102135	VFB_00101567	3	1	0.0
2025-06-14		VFB_00102171		3	1	1.0
2025-06-14		VFB_00102171	VFB_00101567	3	1	0.0
2025-06-14		VFB_fw002615		2	1	4.0
2025-06-14		VFB_fw002615	VFB_00101567	2	1	0.0
2025-06-14		VFB_fw023049		10	1	11.0
2025-06-14		VFB_fw023049	VFB_00101567	10	1	0.0
2025-06-14		VFB_fw050699		3	1	0.0
2025-06-14		VFB_fw050699	VFB_00101567	3	1	0.0
2025-06-14		VFB_jrchjrcn		6	1	0.0
2025-06-14		VFB_jrchjrcn	VFB_00101567	6	2	0.0
2025-06-14		VFB_jrchk45f		24	2	91.0
2025-06-14		VFB_jrchk45f	VFB_00101384	1	1	0.0
2025-06-14		VFB_jrchk45f	VFB_00101567	23	4	0.0
2025-06-14		VFB_jrchk45h		3	1	10.0
2025-06-14		VFB_jrchk45h	VFB_00101567	4	3	0.0
2025-06-14		VFB_jrchk45i		4	1	4.0
2025-06-14		VFB_jrchk45i	VFB_00101567	4	2	0.0
2025-06-14		VFB_jrchk45l		1	1	0.0
2025-06-14		VFB_jrchk45l	VFB_00101567	1	1	0.0
2025-06-14		VFB_jrchk45n		3	1	4.0
2025-06-14		VFB_jrchk45n	VFB_00101567	2	2	0.0
2025-06-14		VFB_jrchk45o		2	1	0.0
2025-06-14		VFB_jrchk45o	VFB_00101567	2	2	0.0
2025-06-14		VFB_jrcvbbuu		14	1	1.0
2025-06-14		VFB_jrcvbbuu	VFB_00101567	11	1	0.0
2025-06-14		VFB_jrcvbbuu	VFB_00200000	2	1	0.0
2025-06-14		VFBexp_FBti0002		1	1	0.0
2025-06-14		VFBexp_FBti0002	VFB_00101567	1	1	0.0
2025-06-14		VFBexp_FBti0036		1	1	0.0
2025-06-14		VFBexp_FBti0036	VFB_00101567	1	1	0.0
2025-06-14		VFBexp_FBtp0114		3	1	0.0
2025-06-14		VFBexp_FBtp0114	VFB_00101567	3	1	0.0
2025-06-14	v2.virtualflybrain.org	FBbt_00000029	VFB_00101567	0	1	21.0
2025-06-14	v2.virtualflybrain.org	FBbt_00001920	VFB_00101567	1	1	887.0
2025-06-14	v2.virtualflybrain.org	FBbt_00003004	VFB_00101567	0	4	19.0
2025-06-14	v2.virtualflybrain.org	FBbt_00003624	VFB_00101567	0	2	94.0
2025-06-14	v2.virtualflybrain.org	FBbt_00003678	VFB_00101567	0	1	0.0
2025-06-14	v2.virtualflybrain.org	FBbt_00003679	VFB_00101567	0	1	7.0
2025-06-14	v2.virtualflybrain.org	FBbt_00003680	VFB_00101567	0	1	704.0
2025-06-14	v2.virtualflybrain.org	FBbt_00003681	VFB_00101567	0	3	65.0
2025-06-14	v2.virtualflybrain.org	FBbt_00003684	VFB_00101567	4	3	133.0
2025-06-14	v2.virtualflybrain.org	FBbt_00003688	VFB_00101567	0	1	11.0
2025-06-14	v2.virtualflybrain.org	FBbt_00003701	VFB_00101567	0	2	31.0
2025-06-14	v2.virtualflybrain.org	FBbt_00003748	VFB_00101567	0	3	38.0
2025-06-14	v2.virtualflybrain.org	FBbt_00003852	VFB_00101567	0	1	7.0
2025-06-14	v2.virtualflybrain.org	FBbt_00004028	VFB_00101567	0	1	0.0
2025-06-14	v2.virtualflybrain.org	FBbt_00006024	VFB_00050000	8	1	0.0
2025-06-14	v2.virtualflybrain.org	FBbt_00007010	VFB_00101567	0	1	21.0
2025-06-14	v2.virtualflybrain.org	FBbt_00007016	VFB_00101567	0	1	3.0
2025-06-14	v2.virtualflybrain.org	FBbt_00007050	VFB_00101567	0	2	219.0
2025-06-14	v2.virtualflybrain.org	FBbt_00007053	VFB_00101567	0	1	3.0
2025-06-14	v2.virtualflybrain.org	FBbt_00007054	VFB_00101567	0	1	2.0
2025-06-14	v2.virtualflybrain.org	FBbt_00007055	VFB_00101567	0	1	2.0
2025-06-14	v2.virtualflybrain.org	FBbt_00007145	VFB_00101567	0	1	1.0
2025-06-14	v2.virtualflybrain.org	FBbt_00007146	VFB_00101567	0	2	8.0
2025-06-14	v2.virtualflybrain.org	FBbt_00007353	VFB_00101567	0	1	4.0
2025-06-14	v2.virtualflybrain.org	FBbt_00007385	VFB_00101567	0	1	2.0
2025-06-14	v2.virtualflybrain.org	FBbt_00007401	VFB_00101567	0	1	79.0
2025-06-14	v2.virtualflybrain.org	FBbt_00007453	VFB_00101567	0	1	18.0
2025-06-14	v2.virtualflybrain.org	FBbt_00013688	VFB_00101567	0	1	32.0
2025-06-14	v2.virtualflybrain.org	FBbt_00014013	VFB_00101567	0	2	62.0
2025-06-14	v2.virtualflybrain.org	FBbt_00015407	VFB_00101567	0	1	33.0
2025-06-14	v2.virtualflybrain.org	FBbt_00040002	VFB_00101567	0	1	7.0
2025-06-14	v2.virtualflybrain.org	FBbt_00040037	VFB_00101567	0	1	14.0
2025-06-14	v2.virtualflybrain.org	FBbt_00040041	VFB_00101567	0	2	10.0
2025-06-14	v2.virtualflybrain.org	FBbt_00040042	VFB_00101567	0	2	32.0
2025-06-14	v2.virtualflybrain.org	FBbt_00040043	VFB_00101567	10	3	280.0
2025-06-14	v2.virtualflybrain.org	FBbt_00040044	VFB_00101567	0	2	83.0
2025-06-14	v2.virtualflybrain.org	FBbt_00040048	VFB_00101567	0	2	48.0
2025-06-14	v2.virtualflybrain.org	FBbt_00040071	VFB_00101567	1	2	10.0
2025-06-14	v2.virtualflybrain.org	FBbt_00040072	VFB_00101567	0	1	1.0
2025-06-14	v2.virtualflybrain.org	FBbt_00045021	VFB_00101567	0	1	1.0
2025-06-14	v2.virtualflybrain.org	FBbt_00045027	VFB_00101567	0	1	8.0
2025-06-14	v2.virtualflybrain.org	FBbt_00045030	VFB_00101567	0	1	1.0
2025-06-14	v2.virtualflybrain.org	FBbt_00045040	VFB_00101567	0	1	30.0
2025-06-14	v2.virtualflybrain.org	FBbt_00045046	VFB_00101567	0	1	21.0
2025-06-14	v2.virtualflybrain.org	FBbt_00045048	VFB_00101567	5	3	35.0
2025-06-14	v2.virtualflybrain.org	FBbt_00045051	VFB_00101567	0	1	4.0
2025-06-14	v2.virtualflybrain.org	FBbt_00047534	VFB_00200000	5	3	76.0
2025-06-14	v2.virtualflybrain.org	FBbt_00047614		1	1	9.0
2025-06-14	v2.virtualflybrain.org	FBbt_00047614	VFB_00101567	0	1	7.0
2025-06-14	v2.virtualflybrain.org	FBbt_00047887	VFB_00101567	0	3	45.0
2025-06-14	v2.virtualflybrain.org	FBbt_00049820	VFB_00101567	0	1	0.0
2025-06-14	v2.virtualflybrain.org	FBbt_00053100	VFB_00101567	3	1	1.0
2025-06-14	v2.virtualflybrain.org	FBbt_00053384	VFB_00101567	0	2	1.0
2025-06-14	v2.virtualflybrain.org	FBbt_00100243	VFB_00101567	1	4	362.0
2025-06-14	v2.virtualflybrain.org	FBbt_00100252	VFB_00101567	0	1	11.0
2025-06-14	v2.virtualflybrain.org	FBbt_00100334	VFB_00101567	4	2	45.0
2025-06-14	v2.virtualflybrain.org	FBbt_00110173	VFB_00200000	0	1	4.0
2025-06-14	v2.virtualflybrain.org	FBbt_00110636	VFB_00101567	0	3	65.0
2025-06-14	v2.virtualflybrain.org	FBbt_00110638	VFB_00101567	0	1	14.0
2025-06-14	v2.virtualflybrain.org	FBbt_00111025	VFB_00101567	0	2	293.0
2025-06-14	v2.virtualflybrain.org	FBbt_20000018	VFB_00101567	7	1	0.0
2025-06-14	v2.virtualflybrain.org	FBbt_20008293	VFB_00101567	0	2	7.0
2025-06-14	v2.virtualflybrain.org	VFB_00022681	VFB_00101567	2	1	0.0
2025-06-14	v2.virtualflybrain.org	VFB_00030849	VFB_00101567	0	1	5.0
2025-06-14	v2.virtualflybrain.org	VFB_00049000	VFB_00049000	0	3	0.0
2025-06-14	v2.virtualflybrain.org	VFB_00050000		1	1	4.0
2025-06-14	v2.virtualflybrain.org	VFB_00050000	VFB_00050000	1	6	95.0
2025-06-14	v2.virtualflybrain.org	VFB_00050482	VFB_00049000	1	3	2.0
2025-06-14	v2.virtualflybrain.org	VFB_00050482	VFB_00101567	0	2	7.0
2025-06-14	v2.virtualflybrain.org	VFB_00050497	VFB_00049000	4	3	22.0
2025-06-14	v2.virtualflybrain.org	VFB_00050497	VFB_00101567	0	2	69.0
2025-06-14	v2.virtualflybrain.org	VFB_00100024	VFB_00101567	0	1	0.0
2025-06-14	v2.virtualflybrain.org	VFB_00100765	VFB_00050000	3	1	0.0
2025-06-14	v2.virtualflybrain.org	VFB_001014uq	VFB_00101567	0	1	2.0
2025-06-14	v2.virtualflybrain.org	VFB_00101567	VFB_00101567	93	47	235.0
2025-06-14	v2.virtualflybrain.org	VFB_00102118	VFB_00101567	0	1	21.0
2025-06-14	v2.virtualflybrain.org	VFB_00102121	VFB_00101567	0	4	80.0
2025-06-14	v2.virtualflybrain.org	VFB_00102123	VFB_00101567	0	2	46.0
2025-06-14	v2.virtualflybrain.org	VFB_00102124	VFB_00101567	1	4	23.0
2025-06-14	v2.virtualflybrain.org	VFB_00102133	VFB_00101567	0	1	3.0
2025-06-14	v2.virtualflybrain.org	VFB_00102134	VFB_00101567	0	1	11.0
2025-06-14	v2.virtualflybrain.org	VFB_00102135	VFB_00101567	4	1	0.0
2025-06-14	v2.virtualflybrain.org	VFB_00102171	VFB_00101567	0	2	19.0
2025-06-14	v2.virtualflybrain.org	VFB_00200000	VFB_00200000	0	2	0.0
2025-06-14	v2.virtualflybrain.org	VFB_AdultBra		2	1	4.0
2025-06-14	v2.virtualflybrain.org	VFB_fw002615		1	1	10.0
2025-06-14	v2.virtualflybrain.org	VFB_fw002615	VFB_00101567	0	1	40.0
2025-06-14	v2.virtualflybrain.org	VFB_fw023049	VFB_00101567	1	2	331.0
2025-06-14	v2.virtualflybrain.org	VFB_fw050699	VFB_00101567	4	2	0.0
2025-06-14	v2.virtualflybrain.org	VFB_jrchjrcn	VFB_00101567	4	3	0.0
2025-06-14	v2.virtualflybrain.org	VFB_jrchk45f	VFB_00101384	1	3	13.0
2025-06-14	v2.virtualflybrain.org	VFB_jrchk45f	VFB_00101567	4	7	2165.0
2025-06-14	v2.virtualflybrain.org	VFB_jrchk45h	VFB_00101567	0	2	140.0
2025-06-14	v2.virtualflybrain.org	VFB_jrchk45i	VFB_00101567	0	1	63.0
2025-06-14	v2.virtualflybrain.org	VFB_jrchk45l	VFB_00101567	0	1	23.0
2025-06-14	v2.virtualflybrain.org	VFB_jrchk45n	VFB_00101567	0	2	51.0
2025-06-14	v2.virtualflybrain.org	VFB_jrchk45o	VFB_00101567	1	2	419.0
2025-06-14	v2.virtualflybrain.org	VFB_jrcvbbuu	VFB_00101567	5	2	8.0
2025-06-14	v2.virtualflybrain.org	VFB_jrcvbbuu	VFB_00200000	1	3	4.0
2025-06-14	v2.virtualflybrain.org	VFBexp_FBti0002	VFB_00101567	0	1	377.0
2025-06-14	v2.virtualflybrain.org	VFBexp_FBti0036	VFB_00101567	0	2	133.0
2025-06-14	v2.virtualflybrain.org	VFBexp_FBtp0114	VFB_00101567	0	1	60.0
2025-06-15		FBbt_00003748		2	2	0.0
2025-06-15		FBbt_00003748	VFB_00101567	2	2	0.0
2025-06-15		FBbt_00004013		1	1	0.0
2025-06-15		FBbt_00004013	VFB_00101567	1	1	0.0
2025-06-15		FBbt_00006024		9	1	0.0
2025-06-15		FBbt_00006024	VFB_00050000	9	1	0.0
2025-06-15		FBbt_00007173		1	1	0.0
2025-06-15		FBbt_00007173	VFB_00200000	1	1	0.0
2025-06-15		FBbt_00040043		8	1	0.0
2025-06-15		FBbt_00040043	VFB_00101567	8	1	0.0
2025-06-15		FBbt_00047534		10	1	0.0
2025-06-15		FBbt_00047534	VFB_00200000	10	1	0.0
2025-06-15		FBbt_00053100		2	1	0.0
2025-06-15		FBbt_00053100	VFB_00101567	2	1	0.0
2025-06-15		FBbt_00100334		4	1	0.0
2025-06-15		FBbt_00100334	VFB_00101567	4	1	0.0
2025-06-15		FBbt_00110638		3	1	0.0
2025-06-15		FBbt_00110638	VFB_00101567	3	1	0.0
2025-06-15		FBbt_20000018		4	1	0.0
2025-06-15		FBbt_20000018	VFB_00101567	4	1	0.0
2025-06-15		FBbt_20000218		1	1	0.0
2025-06-15		FBbt_20000218	VFB_00101567	1	1	0.0
2025-06-15		FBbt_20007573		1	1	0.0
2025-06-15		FBbt_20007573	VFB_00101567	1	1	0.0
2025-06-15		VFB_00012321		2	1	1.0
2025-06-15		VFB_00012321	VFB_00101567	2	1	0.0
2025-06-15		VFB_00049000	VFB_00049000	11	1	0.0
2025-06-15		VFB_00050482		11	1	0.0
2025-06-15		VFB_00050482	VFB_00101567	11	1	0.0
2025-06-15		VFB_00050497		11	1	0.0
2025-06-15		VFB_00050497	VFB_00049000	11	1	0.0
2025-06-15		VFB_00100765		2	1	0.0
2025-06-15		VFB_00100765	VFB_00050000	2	1	0.0
2025-06-15		VFB_00100w46		1	1	0.0
2025-06-15		VFB_00100w46	VFB_00101567	1	1	0.0
2025-06-15		VFB_00101567		168	15	45.0
2025-06-15		VFB_00101567	VFB_00101567	168	15	0.0
2025-06-15		VFB_00200000		2	2	0.0
2025-06-15		VFB_00200000	VFB_00200000	3	3	6.0
2025-06-15		VFB_fw007607		4	1	4.0
2025-06-15		VFB_fw007607	VFB_00101567	4	1	0.0
2025-06-15		VFB_fw034126		2	1	1.0
2025-06-15		VFB_fw034126	VFB_00101567	2	1	0.0
2025-06-15		VFB_fw034291		4	1	19.0
2025-06-15		VFB_fw034291	VFB_00101567	4	1	0.0
2025-06-15		VFB_fw036641		2	1	2.0
2025-06-15		VFB_fw036641	VFB_00101567	2	1	0.0
2025-06-15		VFB_jrchjrcn		3	1	0.0
2025-06-15		VFB_jrchjrcn	VFB_00101567	3	1	0.0
2025-06-15		VFB_jrchk45f		4	2	0.0
2025-06-15		VFB_jrchk45f	VFB_00101567	4	2	0.0
2025-06-15		VFB_jrcv0ct9		2	1	5.0
2025-06-15		VFB_jrcv0ct9	VFB_00200000	2	1	0.0
2025-06-15		VFB_jrcvbbep		1	1	0.0
2025-06-15		VFB_jrcvbbep	VFB_00200000	1	1	0.0
2025-06-15		VFB_jrcvbbuu		10	1	0.0
2025-06-15		VFB_jrcvbbuu	VFB_00101567	10	1	0.0
2025-06-15		VFB_jrcvdg4d		1	1	0.0
2025-06-15		VFB_jrcvdg4d	VFB_00200000	1	1	0.0
2025-06-15		VFB_jrcvdjit		1	1	0.0
2025-06-15		VFB_jrcvdjit	VFB_00200000	1	1	0.0
2025-06-15		VFB_jrcvdvee		1	1	0.0
2025-06-15		VFB_jrcvdvee	VFB_00200000	1	1	0.0
2025-06-15		VFB_jrcve0tz		1	1	0.0
2025-06-15		VFB_jrcve0tz	VFB_00200000	1	1	0.0
2025-06-15		VFB_jrcvevlo		1	1	0.0
2025-06-15		VFB_jrcvevlo	VFB_00200000	1	1	0.0
2025-06-15		VFB_jrcvf473		1	1	0.0
2025-06-15		VFB_jrcvf473	VFB_00200000	1	1	0.0
2025-06-15		VFB_jrcvf7od		1	1	0.0
2025-06-15		VFB_jrcvf7od	VFB_00200000	1	1	0.0
2025-06-15		VFB_jrcvg99v		1	1	0.0
2025-06-15		VFB_jrcvg99v	VFB_00200000	1	1	0.0
2025-06-15		VFB_jrcvhd0m		1	1	0.0
2025-06-15		VFB_jrcvhd0m	VFB_00200000	1	1	0.0
2025-06-15		VFB_jrcvheq4		1	1	0.0
2025-06-15		VFB_jrcvheq4	VFB_00200000	1	1	0.0
2025-06-15		VFB_jrcviaqb		1	1	0.0
2025-06-15		VFB_jrcviaqb	VFB_00200000	1	1	0.0
2025-06-15		VFB_jrcvjmso		1	1	0.0
2025-06-15		VFB_jrcvjmso	VFB_00200000	1	1	0.0
2025-06-15		VFB_jrcvk2zy		1	1	0.0
2025-06-15		VFB_jrcvk2zy	VFB_00200000	1	1	0.0
2025-06-15		VFB_jrcvkm54		1	1	0.0
2025-06-15		VFB_jrcvkm54	VFB_00200000	1	1	0.0
2025-06-15		VFB_jrcvlbmd		1	1	0.0
2025-06-15		VFB_jrcvlbmd	VFB_00200000	1	1	0.0
2025-06-15		VFB_jrcvlozt		1	1	0.0
2025-06-15		VFB_jrcvlozt	VFB_00200000	1	1	0.0
2025-06-15		VFB_jrcvm1f1		1	1	0.0
2025-06-15		VFB_jrcvm1f1	VFB_00200000	1	1	0.0
2025-06-15		VFB_jrcvmpdj		1	1	0.0
2025-06-15		VFB_jrcvmpdj	VFB_00200000	1	1	0.0
2025-06-15		VFB_jrcvn6sd		1	1	0.0
2025-06-15		VFB_jrcvn6sd	VFB_00200000	1	1	0.0
2025-06-15		VFB_jrcvnkqb		1	1	0.0
2025-06-15		VFB_jrcvnkqb	VFB_00200000	1	1	0.0
2025-06-15		VFBexp_FBtp0123		2	2	0.0
2025-06-15		VFBexp_FBtp0123	VFB_00101567	2	2	0.0
2025-06-15	v2.virtualflybrain.org	FBbt_00003748	VFB_00101567	0	4	24.0
2025-06-15	v2.virtualflybrain.org	FBbt_00004013	VFB_00101567	0	2	33.0
2025-06-15	v2.virtualflybrain.org	FBbt_00006024	VFB_00050000	9	1	0.0
2025-06-15	v2.virtualflybrain.org	FBbt_00007173	VFB_00200000	0	2	72.0
2025-06-15	v2.virtualflybrain.org	FBbt_00040043	VFB_00101567	8	1	0.0
2025-06-15	v2.virtualflybrain.org	FBbt_00047534	VFB_00200000	11	1	0.0
2025-06-15	v2.virtualflybrain.org	FBbt_00053100	VFB_00101567	2	1	0.0
2025-06-15	v2.virtualflybrain.org	FBbt_00100334	VFB_00101567	4	1	0.0
2025-06-15	v2.virtualflybrain.org	FBbt_00110638	VFB_00101567	0	2	26.0
2025-06-15	v2.virtualflybrain.org	FBbt_20000018	VFB_00101567	5	1	0.0
2025-06-15	v2.virtualflybrain.org	FBbt_20000218	VFB_00101567	0	1	36.0
2025-06-15	v2.virtualflybrain.org	FBbt_20007573	VFB_00101567	0	2	292.0
2025-06-15	v2.virtualflybrain.org	VFB_00012321	VFB_00101567	0	1	41.0
2025-06-15	v2.virtualflybrain.org	VFB_00049000	VFB_00049000	11	5	14.0
2025-06-15	v2.virtualflybrain.org	VFB_00050000	VFB_00050000	0	2	0.0
2025-06-15	v2.virtualflybrain.org	VFB_00050482	VFB_00101567	11	1	0.0
2025-06-15	v2.virtualflybrain.org	VFB_00050497	VFB_00049000	11	1	0.0
2025-06-15	v2.virtualflybrain.org	VFB_00100765	VFB_00050000	2	1	0.0
2025-06-15	v2.virtualflybrain.org	VFB_00100w46	VFB_00101567	1	1	0.0
2025-06-15	v2.virtualflybrain.org	VFB_00101567	VFB_00101567	145	35	191.0
2025-06-15	v2.virtualflybrain.org	VFB_00200000	VFB_00200000	1	5	2.0
2025-06-15	v2.virtualflybrain.org	VFB_fw007607	VFB_00101567	0	2	7.0
2025-06-15	v2.virtualflybrain.org	VFB_fw034126	VFB_00101567	0	1	174.0
2025-06-15	v2.virtualflybrain.org	VFB_fw034291	VFB_00101567	0	2	0.0
2025-06-15	v2.virtualflybrain.org	VFB_fw036641	VFB_00101567	0	1	1.0
2025-06-15	v2.virtualflybrain.org	VFB_jrchjrcn	VFB_00101567	3	1	0.0
2025-06-15	v2.virtualflybrain.org	VFB_jrchk45f	VFB_00101567	5	2	335.0
2025-06-15	v2.virtualflybrain.org	VFB_jrcv0ct9		1	1	3.0
2025-06-15	v2.virtualflybrain.org	VFB_jrcv0ct9	VFB_00200000	0	1	11.0
2025-06-15	v2.virtualflybrain.org	VFB_jrcvbbep	VFB_00200000	0	1	10.0
2025-06-15	v2.virtualflybrain.org	VFB_jrcvbbuu	VFB_00101567	11	1	0.0
2025-06-15	v2.virtualflybrain.org	VFB_jrcvdg4d	VFB_00200000	0	1	0.0
2025-06-15	v2.virtualflybrain.org	VFB_jrcvdjit	VFB_00200000	0	1	1.0
2025-06-15	v2.virtualflybrain.org	VFB_jrcvdvee	VFB_00200000	0	1	1.0
2025-06-15	v2.virtualflybrain.org	VFB_jrcve0tz	VFB_00200000	0	1	1.0
2025-06-15	v2.virtualflybrain.org	VFB_jrcvevlo	VFB_00200000	0	1	1.0
2025-06-15	v2.virtualflybrain.org	VFB_jrcvf473	VFB_00200000	0	1	1.0
2025-06-15	v2.virtualflybrain.org	VFB_jrcvf7od	VFB_00200000	0	1	2.0
2025-06-15	v2.virtualflybrain.org	VFB_jrcvg99v	VFB_00200000	0	1	3.0
2025-06-15	v2.virtualflybrain.org	VFB_jrcvhd0m	VFB_00200000	0	1	0.0
2025-06-15	v2.virtualflybrain.org	VFB_jrcvheq4	VFB_00200000	0	1	4.0
2025-06-15	v2.virtualflybrain.org	VFB_jrcviaqb	VFB_00200000	0	1	2.0
2025-06-15	v2.virtualflybrain.org	VFB_jrcvjmso	VFB_00200000	0	1	2.0
2025-06-15	v2.virtualflybrain.org	VFB_jrcvk2zy	VFB_00200000	0	1	1.0
2025-06-15	v2.virtualflybrain.org	VFB_jrcvkm54	VFB_00200000	0	1	2.0
2025-06-15	v2.virtualflybrain.org	VFB_jrcvlbmd	VFB_00200000	0	1	1.0
2025-06-15	v2.virtualflybrain.org	VFB_jrcvlozt	VFB_00200000	0	1	0.0
2025-06-15	v2.virtualflybrain.org	VFB_jrcvm1f1	VFB_00200000	0	1	2.0
2025-06-15	v2.virtualflybrain.org	VFB_jrcvmpdj	VFB_00200000	0	1	2.0
2025-06-15	v2.virtualflybrain.org	VFB_jrcvn6sd	VFB_00200000	0	1	0.0
2025-06-15	v2.virtualflybrain.org	VFB_jrcvnkqb	VFB_00200000	0	2	202.0
2025-06-15	v2.virtualflybrain.org	VFBexp_FBtp0123		2	2	0.0
2025-06-15	v2.virtualflybrain.org	VFBexp_FBtp0123	VFB_00101567	0	2	44.0
2025-06-16		FBbt_00003004		1	1	0.0
2025-06-16		FBbt_00003004	VFB_00101567	1	1	0.0
2025-06-16		FBbt_00003624		3	1	0.0
2025-06-16		FBbt_00003624	VFB_00101567	3	1	0.0
2025-06-16		FBbt_00003651		1	1	0.0
2025-06-16		FBbt_00003651	VFB_00101567	1	1	0.0
2025-06-16		FBbt_00003680		1	1	0.0
2025-06-16		FBbt_00003680	VFB_00101567	1	1	0.0
2025-06-16		FBbt_00003681		7	5	0.0
2025-06-16		FBbt_00003681	VFB_00101567	9	5	0.0
2025-06-16		FBbt_00003682		1	1	0.0
2025-06-16		FBbt_00003682	VFB_00101567	1	1	0.0
2025-06-16		FBbt_00003684		2	1	0.0
2025-06-16		FBbt_00003684	VFB_00101567	2	1	0.0
2025-06-16		FBbt_00003748		9	4	0.0
2025-06-16		FBbt_00003748	VFB_00101567	9	4	0.0
2025-06-16		FBbt_00004318		1	1	0.0
2025-06-16		FBbt_00004318	VFB_00101567	1	1	0.0
2025-06-16		FBbt_00005093		3	1	2.0
2025-06-16		FBbt_00005093	VFB_00101567	3	1	0.0
2025-06-16		FBbt_00005139		3	1	4.0
2025-06-16		FBbt_00005139	VFB_00101567	3	1	0.0
2025-06-16		FBbt_00006024		5	1	0.0
2025-06-16		FBbt_00006024	VFB_00050000	5	1	0.0
2025-06-16		FBbt_00007050		2	1	0.0
2025-06-16		FBbt_00007050	VFB_00101567	3	2	0.0
2025-06-16		FBbt_00007054		1	1	0.0
2025-06-16		FBbt_00007054	VFB_00101567	1	1	0.0
2025-06-16		FBbt_00015407		1	1	0.0
2025-06-16		FBbt_00015407	VFB_00101567	1	1	0.0
2025-06-16		FBbt_00040001		1	1	0.0
2025-06-16		FBbt_00040001	VFB_00101567	1	1	0.0
2025-06-16		FBbt_00040002		2	1	0.0
2025-06-16		FBbt_00040002	VFB_00101567	2	1	0.0
2025-06-16		FBbt_00040005		2	1	4.0
2025-06-16		FBbt_00040005	VFB_00101567	2	1	0.0
2025-06-16		FBbt_00040041		8	5	0.0
2025-06-16		FBbt_00040041	VFB_00101567	8	5	0.0
2025-06-16		FBbt_00040042		3	2	0.0
2025-06-16		FBbt_00040042	VFB_00101567	3	2	0.0
2025-06-16		FBbt_00040043		9	3	0.0
2025-06-16		FBbt_00040043	VFB_00101567	9	3	0.0
2025-06-16		FBbt_00041000		2	1	10.0
2025-06-16		FBbt_00041000	VFB_00101567	2	1	0.0
2025-06-16		FBbt_00045030		1	1	0.0
2025-06-16		FBbt_00045030	VFB_00101567	1	1	0.0
2025-06-16		FBbt_00045047		9	2	0.0
2025-06-16		FBbt_00045047	VFB_00101567	9	3	0.0
2025-06-16		FBbt_00045048		5	2	0.0
2025-06-16		FBbt_00045048	VFB_00101567	6	2	0.0
2025-06-16		FBbt_00045050		2	1	0.0
2025-06-16		FBbt_00045050	VFB_00101567	2	1	0.0
2025-06-16		FBbt_00047887		2	1	0.0
2025-06-16		FBbt_00047887	VFB_00101567	2	1	0.0
2025-06-16		FBbt_00048079		1	1	0.0
2025-06-16		FBbt_00048079	VFB_00101567	1	1	0.0
2025-06-16		FBbt_00048235		4	1	7.0
2025-06-16		FBbt_00048235	VFB_00101567	5	2	0.0
2025-06-16		FBbt_00053100		4	1	0.0
2025-06-16		FBbt_00053100	VFB_00101567	4	1	0.0
2025-06-16		FBbt_00053384		2	1	0.0
2025-06-16		FBbt_00053384	VFB_00101567	2	1	0.0
2025-06-16		FBbt_00110172		1	1	0.0
2025-06-16		FBbt_00110172	VFB_00101567	1	1	0.0
2025-06-16		FBbt_00110636		4	1	0.0
2025-06-16		FBbt_00110636	VFB_00101567	4	1	0.0
2025-06-16		FBbt_00111240		1	1	0.0
2025-06-16		FBbt_00111240	VFB_00101567	1	1	0.0
2025-06-16		FBbt_20000018		3	1	0.0
2025-06-16		FBbt_20000018	VFB_00101567	3	1	0.0
2025-06-16		VFB_00017894		3	2	8.0
2025-06-16		VFB_00017894	VFB_00017894	6	3	0.0
2025-06-16		VFB_00022365		4	1	32.0
2025-06-16		VFB_00022365	VFB_00101567	4	1	0.0
2025-06-16		VFB_00030604		3	1	1.0
2025-06-16		VFB_00030604	VFB_00017894	2	1	0.0
2025-06-16		VFB_00049000	VFB_00049000	13	1	0.0
2025-06-16		VFB_00050482		14	1	0.0
2025-06-16		VFB_00050482	VFB_00101567	14	1	0.0
2025-06-16		VFB_00050497		13	1	0.0
2025-06-16		VFB_00050497	VFB_00049000	13	1	0.0
2025-06-16		VFB_00100687		2	1	7.0
2025-06-16		VFB_00100687	VFB_00101567	2	1	0.0
2025-06-16		VFB_00100765		12	1	0.0
2025-06-16		VFB_00100765	VFB_00050000	12	1	0.0
2025-06-16		VFB_00100w46		21	1	0.0
2025-06-16		VFB_00100w46	VFB_00101567	21	1	0.0
2025-06-16		VFB_001012wk		8	2	16.0
2025-06-16		VFB_001012wk	VFB_00101567	8	3	0.0
2025-06-16		VFB_001014uq		2	1	6.0
2025-06-16		VFB_001014uq	VFB_00101567	2	1	0.0
2025-06-16		VFB_00101567		124	22	92.0
2025-06-16		VFB_00101567	VFB_00101567	127	26	7.0
2025-06-16		VFB_001015jr		4	1	3.0
2025-06-16		VFB_001015jr	VFB_00101567	3	1	0.0
2025-06-16		VFB_001016xn		4	1	0.0
2025-06-16		VFB_001016xn	VFB_00101567	4	1	0.0
2025-06-16		VFB_00102107		1	1	4.0
2025-06-16		VFB_00102107	VFB_00101567	1	1	0.0
2025-06-16		VFB_00102109		1	1	0.0
2025-06-16		VFB_00102109	VFB_00101567	1	1	0.0
2025-06-16		VFB_00102139		12	2	52.0
2025-06-16		VFB_00102139	VFB_00101567	8	3	0.0
2025-06-16		VFB_00102140		5	2	3.0
2025-06-16		VFB_00102140	VFB_00101567	5	3	0.0
2025-06-16		VFB_00102146		9	1	42.0
2025-06-16		VFB_00102146	VFB_00101567	9	2	0.0
2025-06-16		VFB_00102162		8	1	0.0
2025-06-16		VFB_00102162	VFB_00101567	8	2	0.0
2025-06-16		VFB_00102174		1	1	0.0
2025-06-16		VFB_00102174	VFB_00101567	1	1	0.0
2025-06-16		VFB_fw001510		3	1	0.0
2025-06-16		VFB_fw001510	VFB_00101567	3	1	0.0
2025-06-16		VFB_fw002950		18	2	116.0
2025-06-16		VFB_fw002950	VFB_00101567	15	4	0.0
2025-06-16		VFB_fw123573		1	1	20.0
2025-06-16		VFB_fw123573	VFB_00101567	1	1	0.0
2025-06-16		VFB_fw133652		3	1	3.0
2025-06-16		VFB_fw133652	VFB_00101567	3	1	0.0
2025-06-16		VFB_jrchjtme		8	1	5.0
2025-06-16		VFB_jrchjtme	VFB_00101567	8	3	0.0
2025-06-16		VFB_jrchjtmh		6	1	2.0
2025-06-16		VFB_jrchjtmh	VFB_00101567	6	2	0.0
2025-06-16		VFB_jrchjtmr		13	1	56.0
2025-06-16		VFB_jrchjtmr	VFB_00101567	17	3	0.0
2025-06-16		VFB_jrchjtna		2	1	8.0
2025-06-16		VFB_jrchjtna	VFB_00101567	2	1	0.0
2025-06-16		VFB_jrchjup0		2	1	0.0
2025-06-16		VFB_jrchjup0	VFB_00101567	2	1	0.0
2025-06-16		VFBexp_FBtp0062		1	1	0.0
2025-06-16		VFBexp_FBtp0062	VFB_00101567	1	1	0.0
2025-06-16		VFBexp_FBtp0099		1	1	0.0
2025-06-16		VFBexp_FBtp0099	VFB_00101567	1	1	0.0
2025-06-16		VFBexp_FBtp0121		1	1	0.0
2025-06-16		VFBexp_FBtp0121	VFB_00101567	1	1	0.0
2025-06-16		VFBexp_FBtp0123		1	1	0.0
2025-06-16		VFBexp_FBtp0123	VFB_00101567	1	1	0.0
2025-06-16	v2.virtualflybrain.org	FBbt_00003004	VFB_00101567	0	1	6.0
2025-06-16	v2.virtualflybrain.org	FBbt_00003624	VFB_00101567	0	2	11.0
2025-06-16	v2.virtualflybrain.org	FBbt_00003651	VFB_00101567	0	1	33.0
2025-06-16	v2.virtualflybrain.org	FBbt_00003680	VFB_00101567	0	1	11.0
2025-06-16	v2.virtualflybrain.org	FBbt_00003681	VFB_00101567	1	5	82.0
2025-06-16	v2.virtualflybrain.org	FBbt_00003682	VFB_00101567	0	2	18.0
2025-06-16	v2.virtualflybrain.org	FBbt_00003684	VFB_00101567	0	1	9.0
2025-06-16	v2.virtualflybrain.org	FBbt_00003748	VFB_00101567	0	6	45.0
2025-06-16	v2.virtualflybrain.org	FBbt_00004318		1	1	2.0
2025-06-16	v2.virtualflybrain.org	FBbt_00004318	VFB_00101567	0	1	12.0
2025-06-16	v2.virtualflybrain.org	FBbt_00005093	VFB_00101567	0	2	7.0
2025-06-16	v2.virtualflybrain.org	FBbt_00005139	VFB_00101567	1	2	0.0
2025-06-16	v2.virtualflybrain.org	FBbt_00006024	VFB_00050000	5	1	0.0
2025-06-16	v2.virtualflybrain.org	FBbt_00007050	VFB_00101567	1	3	23.0
2025-06-16	v2.virtualflybrain.org	FBbt_00007054	VFB_00101567	0	1	2.0
2025-06-16	v2.virtualflybrain.org	FBbt_00015407	VFB_00101567	0	1	20.0
2025-06-16	v2.virtualflybrain.org	FBbt_00040001	VFB_00101567	0	1	3.0
2025-06-16	v2.virtualflybrain.org	FBbt_00040002	VFB_00101567	0	1	21.0
2025-06-16	v2.virtualflybrain.org	FBbt_00040005	VFB_00101567	0	1	0.0
2025-06-16	v2.virtualflybrain.org	FBbt_00040041	VFB_00101567	1	6	144.0
2025-06-16	v2.virtualflybrain.org	FBbt_00040042	VFB_00101567	0	4	90.0
2025-06-16	v2.virtualflybrain.org	FBbt_00040043	VFB_00101567	4	4	27.0
2025-06-16	v2.virtualflybrain.org	FBbt_00041000	VFB_00101567	0	1	0.0
2025-06-16	v2.virtualflybrain.org	FBbt_00045030	VFB_00101567	0	1	46.0
2025-06-16	v2.virtualflybrain.org	FBbt_00045047	VFB_00101567	3	4	29.0
2025-06-16	v2.virtualflybrain.org	FBbt_00045048	VFB_00101567	0	3	78.0
2025-06-16	v2.virtualflybrain.org	FBbt_00045050	VFB_00101567	1	2	41.0
2025-06-16	v2.virtualflybrain.org	FBbt_00048079		1	1	1.0
2025-06-16	v2.virtualflybrain.org	FBbt_00048079	VFB_00101567	0	1	11.0
2025-06-16	v2.virtualflybrain.org	FBbt_00048235		1	1	0.0
2025-06-16	v2.virtualflybrain.org	FBbt_00048235	VFB_00101567	1	3	101.0
2025-06-16	v2.virtualflybrain.org	FBbt_00053100	VFB_00101567	4	1	0.0
2025-06-16	v2.virtualflybrain.org	FBbt_00053384	VFB_00101567	0	1	2.0
2025-06-16	v2.virtualflybrain.org	FBbt_00100334	VFB_00101567	1	1	0.0
2025-06-16	v2.virtualflybrain.org	FBbt_00110172	VFB_00101567	1	1	1.0
2025-06-16	v2.virtualflybrain.org	FBbt_00110636	VFB_00101567	0	1	5.0
2025-06-16	v2.virtualflybrain.org	FBbt_00111240	VFB_00101567	0	1	15.0
2025-06-16	v2.virtualflybrain.org	FBbt_20000018	VFB_00101567	3	1	0.0
2025-06-16	v2.virtualflybrain.org	VFB_00017894		1	1	38.0
2025-06-16	v2.virtualflybrain.org	VFB_00017894	VFB_00017894	0	3	7.0
2025-06-16	v2.virtualflybrain.org	VFB_00022365	VFB_00101567	0	2	31.0
2025-06-16	v2.virtualflybrain.org	VFB_00030604	VFB_00030604	1	2	0.0
2025-06-16	v2.virtualflybrain.org	VFB_00030760	VFB_00030760	1	2	9.0
2025-06-16	v2.virtualflybrain.org	VFB_00049000	VFB_00049000	13	3	0.0
2025-06-16	v2.virtualflybrain.org	VFB_00050000	VFB_00050000	0	2	0.0
2025-06-16	v2.virtualflybrain.org	VFB_00050482	VFB_00101567	14	1	9.0
2025-06-16	v2.virtualflybrain.org	VFB_00050497	VFB_00049000	13	1	0.0
2025-06-16	v2.virtualflybrain.org	VFB_00100292	VFB_00101567	0	1	115.0
2025-06-16	v2.virtualflybrain.org	VFB_00100687	VFB_00101567	0	1	4.0
2025-06-16	v2.virtualflybrain.org	VFB_00100765	VFB_00050000	12	1	0.0
2025-06-16	v2.virtualflybrain.org	VFB_00100w46	VFB_00101567	20	1	0.0
2025-06-16	v2.virtualflybrain.org	VFB_001012wk	VFB_00101567	6	4	353.0
2025-06-16	v2.virtualflybrain.org	VFB_001014uq	VFB_00101567	0	1	1.0
2025-06-16	v2.virtualflybrain.org	VFB_00101567	VFB_00101567	68	56	1421.0
2025-06-16	v2.virtualflybrain.org	VFB_001015jr	VFB_00101567	0	1	37.0
2025-06-16	v2.virtualflybrain.org	VFB_001016xn	VFB_00101567	4	1	0.0
2025-06-16	v2.virtualflybrain.org	VFB_00102107	VFB_00101567	0	1	52.0
2025-06-16	v2.virtualflybrain.org	VFB_00102109	VFB_00101567	0	1	38.0
2025-06-16	v2.virtualflybrain.org	VFB_00102135	VFB_00101567	1	0	0.0
2025-06-16	v2.virtualflybrain.org	VFB_00102139	VFB_00101567	0	2	7.0
2025-06-16	v2.virtualflybrain.org	VFB_00102140	VFB_00101567	0	2	3.0
2025-06-16	v2.virtualflybrain.org	VFB_00102146	VFB_00101567	3	2	0.0
2025-06-16	v2.virtualflybrain.org	VFB_00102162	VFB_00101567	0	2	27.0
2025-06-16	v2.virtualflybrain.org	VFB_00102174	VFB_00101567	0	1	1.0
2025-06-16	v2.virtualflybrain.org	VFB_fw001510		1	1	0.0
2025-06-16	v2.virtualflybrain.org	VFB_fw001510	VFB_00101567	1	1	0.0
2025-06-16	v2.virtualflybrain.org	VFB_fw002950		2	1	5.0
2025-06-16	v2.virtualflybrain.org	VFB_fw002950	VFB_00101567	1	2	10.0
2025-06-16	v2.virtualflybrain.org	VFB_fw123573	VFB_00101567	0	1	2.0
2025-06-16	v2.virtualflybrain.org	VFB_fw133652		1	1	1.0
2025-06-16	v2.virtualflybrain.org	VFB_fw133652	VFB_00101567	1	1	2.0
2025-06-16	v2.virtualflybrain.org	VFB_jrchjtme	VFB_00101567	0	2	59.0
2025-06-16	v2.virtualflybrain.org	VFB_jrchjtmh	VFB_00101567	0	1	40.0
2025-06-16	v2.virtualflybrain.org	VFB_jrchjtmr	VFB_00101567	0	2	6.0
2025-06-16	v2.virtualflybrain.org	VFB_jrchjtna	VFB_00101567	0	1	0.0
2025-06-16	v2.virtualflybrain.org	VFB_jrchjup0	VFB_00101567	0	1	39.0
2025-06-16	v2.virtualflybrain.org	VFBexp_FBtp0062		1	1	0.0
2025-06-16	v2.virtualflybrain.org	VFBexp_FBtp0099		1	1	2.0
2025-06-16	v2.virtualflybrain.org	VFBexp_FBtp0121		1	1	3.0
2025-06-16	v2.virtualflybrain.org	VFBexp_FBtp0121	VFB_00101567	0	1	30.0
2025-06-16	v2.virtualflybrain.org	VFBexp_FBtp0123		1	1	3.0
2025-06-16	v2.virtualflybrain.org	VFBexp_FBtp0123	VFB_00101567	0	1	92.0
2025-06-17		FBbt_00003004		4	2	0.0
2025-06-17		FBbt_00003004	VFB_00101567	4	3	0.0
2025-06-17		FBbt_00003624		4	2	1.0
2025-06-17		FBbt_00003624	VFB_00101567	4	2	0.0
2025-06-17		FBbt_00003678		6	3	0.0
2025-06-17		FBbt_00003678	VFB_00101567	6	4	0.0
2025-06-17		FBbt_00003679		3	1	0.0
2025-06-17		FBbt_00003679	VFB_00101567	3	2	0.0
2025-06-17		FBbt_00003748		3	2	1.0
2025-06-17		FBbt_00003748	VFB_00101567	3	2	0.0
2025-06-17		FBbt_00005139		21	1	0.0
2025-06-17		FBbt_00005139	VFB_00101567	21	1	0.0
2025-06-17		FBbt_00006024		3	1	0.0
2025-06-17		FBbt_00006024	VFB_00050000	3	1	0.0
2025-06-17		FBbt_00007228		1	1	0.0
2025-06-17		FBbt_00007228	VFB_00101567	1	1	0.0
2025-06-17		FBbt_00040037		1	1	0.0
2025-06-17		FBbt_00040037	VFB_00101567	1	1	0.0
2025-06-17		FBbt_00040041		9	2	0.0
2025-06-17		FBbt_00040041	VFB_00101567	9	2	0.0
2025-06-17		FBbt_00040042		1	1	0.0
2025-06-17		FBbt_00040042	VFB_00101567	1	1	0.0
2025-06-17		FBbt_00040043		5	2	0.0
2025-06-17		FBbt_00040043	VFB_00101567	5	2	0.0
2025-06-17		FBbt_00045027		2	2	0.0
2025-06-17		FBbt_00045027	VFB_00017894	1	1	0.0
2025-06-17		FBbt_00045027	VFB_00101567	1	1	0.0
2025-06-17		FBbt_00045032		3	1	0.0
2025-06-17		FBbt_00045032	VFB_00101567	4	2	0.0
2025-06-17		FBbt_00045047		7	1	0.0
2025-06-17		FBbt_00045047	VFB_00101567	7	1	0.0
2025-06-17		FBbt_00045048		2	1	0.0
2025-06-17		FBbt_00045048	VFB_00101567	2	1	0.0
2025-06-17		FBbt_00047662		1	1	0.0
2025-06-17		FBbt_00047662	VFB_00101567	1	1	0.0
2025-06-17		FBbt_00048049		2	1	8.0
2025-06-17		FBbt_00048049	VFB_00101567	2	1	0.0
2025-06-17		FBbt_00048113		4	1	0.0
2025-06-17		FBbt_00048113	VFB_00101567	4	2	0.0
2025-06-17		FBbt_00052250		2	1	0.0
2025-06-17		FBbt_00052250	VFB_00101567	2	1	0.0
2025-06-17		FBbt_00053100		1	1	0.0
2025-06-17		FBbt_00053100	VFB_00101567	1	1	0.0
2025-06-17		FBbt_00067028		1	1	0.0
2025-06-17		FBbt_00067028	VFB_00101567	3	1	0.0
2025-06-17		FBbt_00110657		3	1	0.0
2025-06-17		FBbt_00110657	VFB_00101567	3	2	0.0
2025-06-17		FBbt_20000018		3	1	0.0
2025-06-17		FBbt_20000018	VFB_00101567	3	1	0.0
2025-06-17		FBbt_20000045		1	1	0.0
2025-06-17		FBbt_20000045	VFB_00101567	1	1	0.0
2025-06-17		VFB_00049000	VFB_00049000	5	1	0.0
2025-06-17		VFB_00050000		2	1	0.0
2025-06-17		VFB_00050000	VFB_00050000	2	2	0.0
2025-06-17		VFB_00050482		4	1	0.0
2025-06-17		VFB_00050482	VFB_00101567	4	1	0.0
2025-06-17		VFB_00050497		3	1	0.0
2025-06-17		VFB_00050497	VFB_00049000	3	1	0.0
2025-06-17		VFB_00100761		4	1	0.0
2025-06-17		VFB_00100761	VFB_00050000	4	2	0.0
2025-06-17		VFB_00100765		1	1	0.0
2025-06-17		VFB_00100765	VFB_00050000	1	1	0.0
2025-06-17		VFB_00100w46		10	1	0.0
2025-06-17		VFB_00100w46	VFB_00101567	10	1	0.0
2025-06-17		VFB_00100zan		8	2	41.0
2025-06-17		VFB_00100zan	VFB_00101567	8	3	0.0
2025-06-17		VFB_001012wk		3	2	0.0
2025-06-17		VFB_001012wk	VFB_00101567	3	2	0.0
2025-06-17		VFB_00101567		100	25	117.0
2025-06-17		VFB_00101567	VFB_00101567	107	32	13.0
2025-06-17		VFB_fw000366		2	1	1.0
2025-06-17		VFB_fw000366	VFB_00101567	2	1	0.0
2025-06-17		VFB_fw000968		1	1	0.0
2025-06-17		VFB_fw000968	VFB_00101567	1	1	0.0
2025-06-17		VFB_fw000995		3	1	0.0
2025-06-17		VFB_fw000995	VFB_00101567	3	2	0.0
2025-06-17		VFB_fw001510		1	1	0.0
2025-06-17		VFB_fw001510	VFB_00101567	1	1	0.0
2025-06-17		VFB_fw003280		2	1	5.0
2025-06-17		VFB_fw003280	VFB_00101567	2	1	0.0
2025-06-17		VFB_fw007327		2	1	1.0
2025-06-17		VFB_fw007327	VFB_00101567	2	1	0.0
2025-06-17		VFB_fw008858		3	1	1.0
2025-06-17		VFB_fw008858	VFB_00101567	3	2	0.0
2025-06-17		VFB_fw016923		1	1	0.0
2025-06-17		VFB_fw016923	VFB_00101567	1	1	0.0
2025-06-17		VFB_fw021800		2	1	3.0
2025-06-17		VFB_fw021800	VFB_00101567	2	1	0.0
2025-06-17		VFB_fw031689		2	1	1.0
2025-06-17		VFB_fw031689	VFB_00101567	2	1	0.0
2025-06-17		VFB_fw031901		8	1	8.0
2025-06-17		VFB_fw031901	VFB_00101567	8	2	0.0
2025-06-17		VFB_fw033451		2	1	1.0
2025-06-17		VFB_fw033451	VFB_00101567	2	1	0.0
2025-06-17		VFB_fw036046		1	1	0.0
2025-06-17		VFB_fw036046	VFB_00101567	1	1	0.0
2025-06-17		VFB_fw036611		5	1	20.0
2025-06-17		VFB_fw036611	VFB_00101567	5	2	0.0
2025-06-17		VFB_fw036977		6	1	54.0
2025-06-17		VFB_fw036977	VFB_00101567	6	1	0.0
2025-06-17		VFB_fw106974		2	1	0.0
2025-06-17		VFB_fw106974	VFB_00101567	2	1	0.0
2025-06-17		VFB_jrch2gwz		3	1	10.0
2025-06-17		VFB_jrch2gwz	VFB_00101567	1	1	0.0
2025-06-17		VFB_jrchjuoz		2	1	0.0
2025-06-17		VFB_jrchjuoz	VFB_00101567	2	1	0.0
2025-06-17		VFB_jrchjzmr		7	1	40.0
2025-06-17		VFB_jrchjzmr	VFB_00101567	7	1	0.0
2025-06-17		VFB_jrchk104		2	1	4.0
2025-06-17		VFB_jrchk104	VFB_00101567	2	2	0.0
2025-06-17		VFBexp_FBtp0016		1	1	0.0
2025-06-17		VFBexp_FBtp0016	VFB_00101567	1	1	0.0
2025-06-17		VFBexp_FBtp0061		1	1	0.0
2025-06-17		VFBexp_FBtp0061	VFB_00101567	1	1	0.0
2025-06-17		VFBexp_FBtp0099		3	1	0.0
2025-06-17		VFBexp_FBtp0099	VFB_00101567	3	1	0.0
2025-06-17		VFBexp_FBtp0101		3	2	0.0
2025-06-17		VFBexp_FBtp0101	VFB_00101567	3	2	0.0
2025-06-17	v2.virtualflybrain.org	FBbt_00003004	VFB_00101567	0	4	47.0
2025-06-17	v2.virtualflybrain.org	FBbt_00003624	VFB_00101567	0	3	27.0
2025-06-17	v2.virtualflybrain.org	FBbt_00003678	VFB_00101567	0	5	16.0
2025-06-17	v2.virtualflybrain.org	FBbt_00003679	VFB_00101567	0	3	6.0
2025-06-17	v2.virtualflybrain.org	FBbt_00003748	VFB_00101567	0	3	54.0
2025-06-17	v2.virtualflybrain.org	FBbt_00005139	VFB_00101567	21	1	0.0
2025-06-17	v2.virtualflybrain.org	FBbt_00006024	VFB_00050000	4	1	0.0
2025-06-17	v2.virtualflybrain.org	FBbt_00007228	VFB_00101567	0	1	30.0
2025-06-17	v2.virtualflybrain.org	FBbt_00040037	VFB_00101567	0	2	46.0
2025-06-17	v2.virtualflybrain.org	FBbt_00040041	VFB_00101567	7	4	4.0
2025-06-17	v2.virtualflybrain.org	FBbt_00040042	VFB_00101567	0	1	14.0
2025-06-17	v2.virtualflybrain.org	FBbt_00040043	VFB_00101567	3	4	9.0
2025-06-17	v2.virtualflybrain.org	FBbt_00045027	VFB_00017894	1	1	0.0
2025-06-17	v2.virtualflybrain.org	FBbt_00045027	VFB_00101567	0	2	118.0
2025-06-17	v2.virtualflybrain.org	FBbt_00045032	VFB_00101567	0	3	42.0
2025-06-17	v2.virtualflybrain.org	FBbt_00045047	VFB_00101567	7	1	0.0
2025-06-17	v2.virtualflybrain.org	FBbt_00045048	VFB_00101567	0	1	1.0
2025-06-17	v2.virtualflybrain.org	FBbt_00047662	VFB_00101567	0	2	26.0
2025-06-17	v2.virtualflybrain.org	FBbt_00048049	VFB_00101567	0	2	31.0
2025-06-17	v2.virtualflybrain.org	FBbt_00048113	VFB_00101567	0	3	2.0
2025-06-17	v2.virtualflybrain.org	FBbt_00052250	VFB_00101567	0	1	166.0
2025-06-17	v2.virtualflybrain.org	FBbt_00053100	VFB_00101567	1	1	0.0
2025-06-17	v2.virtualflybrain.org	FBbt_00067028	VFB_00101567	0	1	0.0
2025-06-17	v2.virtualflybrain.org	FBbt_00110657	VFB_00101567	1	3	35.0
2025-06-17	v2.virtualflybrain.org	FBbt_20000018	VFB_00101567	3	1	0.0
2025-06-17	v2.virtualflybrain.org	FBbt_20000045		1	1	2.0
2025-06-17	v2.virtualflybrain.org	FBbt_20000045	VFB_00101567	0	1	4.0
2025-06-17	v2.virtualflybrain.org	VFB_00017894	VFB_00017894	0	1	2.0
2025-06-17	v2.virtualflybrain.org	VFB_00021221	VFB_00101567	1	1	0.0
2025-06-17	v2.virtualflybrain.org	VFB_00049000	VFB_00049000	5	3	0.0
2025-06-17	v2.virtualflybrain.org	VFB_00050000	VFB_00050000	1	5	0.0
2025-06-17	v2.virtualflybrain.org	VFB_00050482	VFB_00101567	5	1	0.0
2025-06-17	v2.virtualflybrain.org	VFB_00050497	VFB_00049000	3	1	0.0
2025-06-17	v2.virtualflybrain.org	VFB_00100761	VFB_00050000	2	3	0.0
2025-06-17	v2.virtualflybrain.org	VFB_00100765	VFB_00050000	2	1	0.0
2025-06-17	v2.virtualflybrain.org	VFB_00100w46	VFB_00101567	10	1	0.0
2025-06-17	v2.virtualflybrain.org	VFB_00100zan	VFB_00101567	0	2	0.0
2025-06-17	v2.virtualflybrain.org	VFB_001012wk	VFB_00101567	3	2	55.0
2025-06-17	v2.virtualflybrain.org	VFB_00101567	VFB_00101567	26	61	849.0
2025-06-17	v2.virtualflybrain.org	VFB_fw000366	VFB_00101567	0	2	69.0
2025-06-17	v2.virtualflybrain.org	VFB_fw000968	VFB_00101567	0	1	52.0
2025-06-17	v2.virtualflybrain.org	VFB_fw000995	VFB_00101567	2	3	58.0
2025-06-17	v2.virtualflybrain.org	VFB_fw001510	VFB_00101567	1	1	0.0
2025-06-17	v2.virtualflybrain.org	VFB_fw003280		2	1	1.0
2025-06-17	v2.virtualflybrain.org	VFB_fw007327	VFB_00101567	0	1	12.0
2025-06-17	v2.virtualflybrain.org	VFB_fw008858	VFB_00101567	0	1	87.0
2025-06-17	v2.virtualflybrain.org	VFB_fw016923	VFB_00101567	0	1	1.0
2025-06-17	v2.virtualflybrain.org	VFB_fw021800		1	1	2.0
2025-06-17	v2.virtualflybrain.org	VFB_fw021800	VFB_00101567	0	1	0.0
2025-06-17	v2.virtualflybrain.org	VFB_fw031689	VFB_00101567	0	1	64.0
2025-06-17	v2.virtualflybrain.org	VFB_fw031901	VFB_00101567	1	3	101.0
2025-06-17	v2.virtualflybrain.org	VFB_fw033451	VFB_00101567	0	1	36.0
2025-06-17	v2.virtualflybrain.org	VFB_fw036046	VFB_00101567	1	1	7.0
2025-06-17	v2.virtualflybrain.org	VFB_fw036611	VFB_00101567	0	3	6.0
2025-06-17	v2.virtualflybrain.org	VFB_fw036708		1	1	2.0
2025-06-17	v2.virtualflybrain.org	VFB_fw036977		2	1	2.0
2025-06-17	v2.virtualflybrain.org	VFB_fw036977	VFB_00101567	0	2	82.0
2025-06-17	v2.virtualflybrain.org	VFB_fw106974	VFB_00101567	0	1	1.0
2025-06-17	v2.virtualflybrain.org	VFB_jrch2gwz	VFB_00101567	0	1	0.0
2025-06-17	v2.virtualflybrain.org	VFB_jrchjuoz		1	1	0.0
2025-06-17	v2.virtualflybrain.org	VFB_jrchjuoz	VFB_00101567	0	1	0.0
2025-06-17	v2.virtualflybrain.org	VFB_jrchjzmr		1	1	0.0
2025-06-17	v2.virtualflybrain.org	VFB_jrchjzmr	VFB_00101567	1	2	8.0
2025-06-17	v2.virtualflybrain.org	VFB_jrchk104	VFB_00101567	0	2	15.0
2025-06-17	v2.virtualflybrain.org	VFB_jrcv07qa		1	1	0.0
2025-06-17	v2.virtualflybrain.org	VFBexp_FBtp0016	VFB_00101567	0	1	27.0
2025-06-17	v2.virtualflybrain.org	VFBexp_FBtp0061		1	1	0.0
2025-06-17	v2.virtualflybrain.org	VFBexp_FBtp0061	VFB_00101567	0	1	0.0
2025-06-17	v2.virtualflybrain.org	VFBexp_FBtp0099		3	1	0.0
2025-06-17	v2.virtualflybrain.org	VFBexp_FBtp0099	VFB_00101567	0	1	4.0
2025-06-17	v2.virtualflybrain.org	VFBexp_FBtp0101	VFB_00101567	0	4	396.0
2025-06-17	v2.virtualflybrain.org	VFBexp_FBtp0122	VFB_00101567	0	1	9.0
2025-06-18		FBbt_00001919		2	1	0.0
2025-06-18		FBbt_00001919	VFB_00049000	2	1	0.0
2025-06-18		FBbt_00003559		2	1	0.0
2025-06-18		FBbt_00003559	VFB_00101567	2	1	0.0
2025-06-18		FBbt_00003624		5	3	0.0
2025-06-18		FBbt_00003624	VFB_00101567	5	3	0.0
2025-06-18		FBbt_00003678		6	3	0.0
2025-06-18		FBbt_00003678	VFB_00101567	6	5	0.0
2025-06-18		FBbt_00003679		4	3	0.0
2025-06-18		FBbt_00003679	VFB_00101384	1	1	0.0
2025-06-18		FBbt_00003679	VFB_00101567	3	2	0.0
2025-06-18		FBbt_00003680		3	2	0.0
2025-06-18		FBbt_00003680	VFB_00101567	3	2	0.0
2025-06-18		FBbt_00003681		2	2	0.0
2025-06-18		FBbt_00003681	VFB_00101567	2	2	0.0
2025-06-18		FBbt_00003684		1	1	0.0
2025-06-18		FBbt_00003684	VFB_00101567	1	1	0.0
2025-06-18		FBbt_00003686		1	1	0.0
2025-06-18		FBbt_00003686	VFB_00101567	1	1	0.0
2025-06-18		FBbt_00003748		3	2	0.0
2025-06-18		FBbt_00003748	VFB_00101567	3	3	0.0
2025-06-18		FBbt_00004011		5	1	16.0
2025-06-18		FBbt_00004011	VFB_00101567	5	3	0.0
2025-06-18		FBbt_00004856		2	1	4.0
2025-06-18		FBbt_00004856	VFB_00101567	2	1	0.0
2025-06-18		FBbt_00005093		3	2	29.0
2025-06-18		FBbt_00005093	VFB_00101567	3	2	0.0
2025-06-18		FBbt_00005124		1	1	0.0
2025-06-18		FBbt_00005124	VFB_00101567	1	1	0.0
2025-06-18		FBbt_00005139		5	1	0.0
2025-06-18		FBbt_00005139	VFB_00101567	5	1	0.0
2025-06-18		FBbt_00005801		2	1	0.0
2025-06-18		FBbt_00005801	VFB_00101567	2	1	0.0
2025-06-18		FBbt_00007050		13	1	0.0
2025-06-18		FBbt_00007050	VFB_00101567	13	1	0.0
2025-06-18		FBbt_00007385		1	1	0.0
2025-06-18		FBbt_00007385	VFB_00101567	1	1	0.0
2025-06-18		FBbt_00007677		2	1	0.0
2025-06-18		FBbt_00007677	VFB_00101567	3	1	0.0
2025-06-18		FBbt_00007704		3	1	0.0
2025-06-18		FBbt_00007704	VFB_00049000	3	1	0.0
2025-06-18		FBbt_00013688		1	1	0.0
2025-06-18		FBbt_00013688	VFB_00101567	1	1	0.0
2025-06-18		FBbt_00013691		3	1	0.0
2025-06-18		FBbt_00013691	VFB_00101567	3	2	0.0
2025-06-18		FBbt_00013695		1	1	0.0
2025-06-18		FBbt_00013695	VFB_00101567	1	1	0.0
2025-06-18		FBbt_00014013		2	2	0.0
2025-06-18		FBbt_00014013	VFB_00101567	2	2	0.0
2025-06-18		FBbt_00040002		1	1	0.0
2025-06-18		FBbt_00040002	VFB_00101567	1	1	0.0
2025-06-18		FBbt_00040007		2	1	0.0
2025-06-18		FBbt_00040007	VFB_00101567	2	1	0.0
2025-06-18		FBbt_00040041		1	1	0.0
2025-06-18		FBbt_00040041	VFB_00101567	1	1	0.0
2025-06-18		FBbt_00040042		4	2	13.0
2025-06-18		FBbt_00040042	VFB_00101384	1	1	0.0
2025-06-18		FBbt_00040042	VFB_00101567	3	2	0.0
2025-06-18		FBbt_00040043		2	2	0.0
2025-06-18		FBbt_00040043	VFB_00101567	2	2	0.0
2025-06-18		FBbt_00040049		1	1	0.0
2025-06-18		FBbt_00040049	VFB_00101567	1	1	0.0
2025-06-18		FBbt_00045027		2	1	0.0
2025-06-18		FBbt_00045027	VFB_00017894	2	1	0.0
2025-06-18		FBbt_00045037		2	1	0.0
2025-06-18		FBbt_00045037	VFB_00101567	2	1	0.0
2025-06-18		FBbt_00045040		1	1	0.0
2025-06-18		FBbt_00045040	VFB_00101567	1	1	0.0
2025-06-18		FBbt_00047185		2	1	1.0
2025-06-18		FBbt_00047185	VFB_00101567	2	1	0.0
2025-06-18		FBbt_00047189		1	1	0.0
2025-06-18		FBbt_00047189	VFB_00101567	1	1	0.0
2025-06-18		FBbt_00047311		2	1	4.0
2025-06-18		FBbt_00047311	VFB_00101567	2	1	0.0
2025-06-18		FBbt_00047735		1	1	0.0
2025-06-18		FBbt_00047735	VFB_00101567	1	1	0.0
2025-06-18		FBbt_00047842		4	1	8.0
2025-06-18		FBbt_00047842	VFB_00101567	4	1	0.0
2025-06-18		FBbt_00047843		2	1	0.0
2025-06-18		FBbt_00047843	VFB_00101567	2	1	0.0
2025-06-18		FBbt_00048309		1	1	0.0
2025-06-18		FBbt_00048309	VFB_00101567	1	1	0.0
2025-06-18		FBbt_00048313		4	1	9.0
2025-06-18		FBbt_00048313	VFB_00101567	4	1	0.0
2025-06-18		FBbt_00048356		14	1	20.0
2025-06-18		FBbt_00048356	VFB_00101567	14	3	0.0
2025-06-18		FBbt_00049824		2	1	3.0
2025-06-18		FBbt_00049824	VFB_00101567	2	1	0.0
2025-06-18		FBbt_00051053		9	1	2.0
2025-06-18		FBbt_00051053	VFB_00101567	9	4	0.0
2025-06-18		FBbt_00052150		2	1	4.0
2025-06-18		FBbt_00052150	VFB_00101567	2	1	0.0
2025-06-18		FBbt_00053100		2	1	0.0
2025-06-18		FBbt_00053100	VFB_00101567	2	1	0.0
2025-06-18		FBbt_00058202		4	1	14.0
2025-06-18		FBbt_00058202	VFB_00101567	5	2	0.0
2025-06-18		FBbt_00059246		2	1	3.0
2025-06-18		FBbt_00059246	VFB_00101567	2	1	0.0
2025-06-18		FBbt_00100219		1	1	0.0
2025-06-18		FBbt_00100219	VFB_00101567	1	1	0.0
2025-06-18		FBbt_00100234		1	1	0.0
2025-06-18		FBbt_00100234	VFB_00101567	1	1	0.0
2025-06-18		FBbt_00100258		1	1	0.0
2025-06-18		FBbt_00100258	VFB_00101567	1	1	0.0
2025-06-18		FBbt_00110004		2	1	2.0
2025-06-18		FBbt_00110004	VFB_00101567	2	1	0.0
2025-06-18		FBbt_00110107		14	1	0.0
2025-06-18		FBbt_00110107	VFB_00101567	14	4	0.0
2025-06-18		FBbt_00110176		1	1	0.0
2025-06-18		FBbt_00110176	VFB_00200000	1	1	0.0
2025-06-18		FBbt_00110188		2	1	0.0
2025-06-18		FBbt_00110188	VFB_00101567	2	1	0.0
2025-06-18		FBbt_00110657		4	3	0.0
2025-06-18		FBbt_00110657	VFB_00101567	4	4	0.0
2025-06-18		FBbt_00110658		2	2	0.0
2025-06-18		FBbt_00110658	VFB_00101567	2	2	0.0
2025-06-18		FBbt_00110930		2	1	0.0
2025-06-18		FBbt_00110930	VFB_00101567	2	1	0.0
2025-06-18		FBbt_00110931		1	1	0.0
2025-06-18		FBbt_00110931	VFB_00101567	1	1	0.0
2025-06-18		FBbt_20003508		2	1	0.0
2025-06-18		FBbt_20003508	VFB_00101567	2	1	0.0
2025-06-18		FBbt_20011361		1	1	0.0
2025-06-18		FBbt_20011361	VFB_00101567	1	1	0.0
2025-06-18		VFB_00028503		1	1	8.0
2025-06-18		VFB_00028503	VFB_00101567	1	1	0.0
2025-06-18		VFB_00030867		10	1	13.0
2025-06-18		VFB_00030867	VFB_00017894	1	1	0.0
2025-06-18		VFB_00030867	VFB_00101567	9	2	0.0
2025-06-18		VFB_00030903		5	1	16.0
2025-06-18		VFB_00030903	VFB_00101567	4	1	0.0
2025-06-18		VFB_00048015		2	1	6.0
2025-06-18		VFB_00048015	VFB_00101567	2	1	0.0
2025-06-18		VFB_00049000		8	1	10.0
2025-06-18		VFB_00049000	VFB_00049000	9	2	23.0
2025-06-18		VFB_00050505		1	1	0.0
2025-06-18		VFB_00050505	VFB_00101567	1	1	0.0
2025-06-18		VFB_00100687		5	1	0.0
2025-06-18		VFB_00100687	VFB_00101567	5	1	0.0
2025-06-18		VFB_00100w46		7	1	0.0
2025-06-18		VFB_00100w46	VFB_00101567	7	1	0.0
2025-06-18		VFB_00101398		2	1	54.0
2025-06-18		VFB_00101398	VFB_00101384	2	1	0.0
2025-06-18		VFB_001014uq		5	2	11.0
2025-06-18		VFB_001014uq	VFB_00101567	5	2	0.0
2025-06-18		VFB_00101567		102	21	154.0
2025-06-18		VFB_00101567	VFB_00101567	134	32	0.0
2025-06-18		VFB_00102107		1	1	52.0
2025-06-18		VFB_00102107	VFB_00101567	1	1	0.0
2025-06-18		VFB_00102114		1	1	2.0
2025-06-18		VFB_00102114	VFB_00101567	1	1	0.0
2025-06-18		VFB_00102119		6	2	4.0
2025-06-18		VFB_00102119	VFB_00101567	6	5	0.0
2025-06-18		VFB_00102121		6	2	7.0
2025-06-18		VFB_00102121	VFB_00101567	6	5	0.0
2025-06-18		VFB_00102123		4	2	2.0
2025-06-18		VFB_00102123	VFB_00101567	4	3	0.0
2025-06-18		VFB_00102133		4	2	3.0
2025-06-18		VFB_00102133	VFB_00101567	4	3	0.0
2025-06-18		VFB_00102135		6	2	15.0
2025-06-18		VFB_00102135	VFB_00101567	6	4	0.0
2025-06-18		VFB_00102146		2	1	0.0
2025-06-18		VFB_00102146	VFB_00101567	2	1	0.0
2025-06-18		VFB_00102148		1	1	4.0
2025-06-18		VFB_00102148	VFB_00101567	1	1	0.0
2025-06-18		VFB_00102171		1	1	0.0
2025-06-18		VFB_00102171	VFB_00101567	1	1	0.0
2025-06-18		VFB_00102176		2	1	0.0
2025-06-18		VFB_00102176	VFB_00101567	2	1	0.0
2025-06-18		VFB_00102179		2	1	0.0
2025-06-18		VFB_00102179	VFB_00101567	2	1	0.0
2025-06-18		VFB_00102185		2	1	0.0
2025-06-18		VFB_00102185	VFB_00101567	2	1	0.0
2025-06-18		VFB_001028vz		3	1	30.0
2025-06-18		VFB_001028vz	VFB_00101567	3	1	0.0
2025-06-18		VFB_00200000		4	2	0.0
2025-06-18		VFB_00200000	VFB_00200000	6	3	31.0
2025-06-18		VFB_fw000995		11	1	0.0
2025-06-18		VFB_fw000995	VFB_00101567	11	1	0.0
2025-06-18		VFB_fw001953		1	1	9.0
2025-06-18		VFB_fw001953	VFB_00101567	1	1	0.0
2025-06-18		VFB_fw029235		1	1	0.0
2025-06-18		VFB_fw029235	VFB_00101567	1	1	0.0
2025-06-18		VFB_fw031281		2	1	1.0
2025-06-18		VFB_fw031281	VFB_00101567	1	1	0.0
2025-06-18		VFB_fw035478		1	1	8.0
2025-06-18		VFB_fw035478	VFB_00101567	1	1	0.0
2025-06-18		VFB_fw043277		2	1	2.0
2025-06-18		VFB_fw043277	VFB_00101567	2	1	0.0
2025-06-18		VFB_fw123573		2	1	2.0
2025-06-18		VFB_fw123573	VFB_00101567	2	1	0.0
2025-06-18		VFB_jrchjtd4		45	1	99.0
2025-06-18		VFB_jrchjtd4	VFB_00101567	41	5	0.0
2025-06-18		VFB_jrchjzmr		1	1	0.0
2025-06-18		VFB_jrchjzmr	VFB_00101567	1	1	0.0
2025-06-18		VFB_jrchk3r4		42	2	123.0
2025-06-18		VFB_jrchk3r4	VFB_00101567	36	4	0.0
2025-06-18		VFB_jrcv07u0		3	1	22.0
2025-06-18		VFB_jrcv07u0	VFB_00200000	3	1	0.0
2025-06-18		VFB_jrcv08jz		2	1	7.0
2025-06-18		VFB_jrcv08jz	VFB_00200000	2	1	0.0
2025-06-18		VFB_jrcv0ahi		1	1	0.0
2025-06-18		VFB_jrcv0ahi	VFB_00200000	1	1	0.0
2025-06-18		VFB_jrcv0cqy		2	1	1.0
2025-06-18		VFB_jrcv0cqy	VFB_00101567	2	1	0.0
2025-06-18		VFB_jrcv0cr9		1	1	0.0
2025-06-18		VFB_jrcv0cr9	VFB_00200000	1	1	0.0
2025-06-18		VFB_jrcv0czt		6	1	0.0
2025-06-18		VFB_jrcv0czt	VFB_00200000	6	3	0.0
2025-06-18		VFB_jrcv0d1k		1	1	0.0
2025-06-18		VFB_jrcv0d1k	VFB_00200000	1	1	0.0
2025-06-18		VFB_jrcv0dkm		1	1	0.0
2025-06-18		VFB_jrcv0dkm	VFB_00200000	1	1	0.0
2025-06-18		VFB_jrcv0dta		4	1	0.0
2025-06-18		VFB_jrcv0dta	VFB_00200000	4	3	0.0
2025-06-18		VFB_jrcv0f48		1	1	0.0
2025-06-18		VFB_jrcv0f48	VFB_00200000	1	1	0.0
2025-06-18		VFB_jrcv0f9a		2	1	0.0
2025-06-18		VFB_jrcv0f9a	VFB_00200000	2	2	0.0
2025-06-18		VFB_jrcv0gle		2	1	0.0
2025-06-18		VFB_jrcv0gle	VFB_00200000	2	2	0.0
2025-06-18		VFB_jrcv0haz		1	1	0.0
2025-06-18		VFB_jrcv0haz	VFB_00200000	1	1	0.0
2025-06-18		VFB_jrcv0i7a		1	1	0.0
2025-06-18		VFB_jrcv0i7a	VFB_00200000	1	1	0.0
2025-06-18		VFB_jrcv0k4b		1	1	0.0
2025-06-18		VFB_jrcv0k4b	VFB_00200000	1	1	0.0
2025-06-18		VFB_jrcv0k6d		1	1	0.0
2025-06-18		VFB_jrcv0k6d	VFB_00200000	1	1	0.0
2025-06-18		VFBexp_FBtp0059		3	1	0.0
2025-06-18		VFBexp_FBtp0059	VFB_00101567	3	1	0.0
2025-06-18		VFBexp_FBtp0103		1	1	0.0
2025-06-18		VFBexp_FBtp0103	VFB_00101567	1	1	0.0
2025-06-18		VFBexp_FBtp0121		1	1	0.0
2025-06-18		VFBexp_FBtp0121	VFB_00101567	1	1	0.0
2025-06-18		VFBexp_FBtp0122		6	4	0.0
2025-06-18		VFBexp_FBtp0122	VFB_00101567	6	5	0.0
2025-06-18		VFBexp_FBtp0160		4	1	0.0
2025-06-18		VFBexp_FBtp0160	VFB_00101567	4	1	0.0
2025-06-18		VFBext_0000010		2	1	51.0
2025-06-18		VFBext_0000010	VFB_00101567	2	1	0.0
2025-06-18	v2.virtualflybrain.org	FBbt_00001919	VFB_00049000	1	2	27.0
2025-06-18	v2.virtualflybrain.org	FBbt_00003559	VFB_00101567	0	2	20.0
2025-06-18	v2.virtualflybrain.org	FBbt_00003624	VFB_00101567	0	4	73.0
2025-06-18	v2.virtualflybrain.org	FBbt_00003678	VFB_00101567	0	6	31.0
2025-06-18	v2.virtualflybrain.org	FBbt_00003679	VFB_00101384	0	1	45.0
2025-06-18	v2.virtualflybrain.org	FBbt_00003679	VFB_00101567	0	2	5.0
2025-06-18	v2.virtualflybrain.org	FBbt_00003680	VFB_00101567	0	2	26.0
2025-06-18	v2.virtualflybrain.org	FBbt_00003681	VFB_00101567	0	3	122.0
2025-06-18	v2.virtualflybrain.org	FBbt_00003684	VFB_00101567	1	2	36.0
2025-06-18	v2.virtualflybrain.org	FBbt_00003686	VFB_00101567	0	1	18.0
2025-06-18	v2.virtualflybrain.org	FBbt_00003748	VFB_00101567	1	4	144.0
2025-06-18	v2.virtualflybrain.org	FBbt_00004011	VFB_00101567	0	3	6.0
2025-06-18	v2.virtualflybrain.org	FBbt_00004856	VFB_00101567	0	2	5.0
2025-06-18	v2.virtualflybrain.org	FBbt_00005093	VFB_00101567	0	2	2.0
2025-06-18	v2.virtualflybrain.org	FBbt_00005124	VFB_00101567	0	2	7.0
2025-06-18	v2.virtualflybrain.org	FBbt_00005139	VFB_00101567	5	1	0.0
2025-06-18	v2.virtualflybrain.org	FBbt_00005801	VFB_00101567	0	1	16.0
2025-06-18	v2.virtualflybrain.org	FBbt_00007050	VFB_00101567	0	2	50.0
2025-06-18	v2.virtualflybrain.org	FBbt_00007677	VFB_00101567	0	1	26.0
2025-06-18	v2.virtualflybrain.org	FBbt_00007704	VFB_00049000	0	2	8.0
2025-06-18	v2.virtualflybrain.org	FBbt_00013688	VFB_00101567	1	2	109.0
2025-06-18	v2.virtualflybrain.org	FBbt_00013691	VFB_00101567	0	1	69.0
2025-06-18	v2.virtualflybrain.org	FBbt_00014013	VFB_00101567	0	4	144.0
2025-06-18	v2.virtualflybrain.org	FBbt_00040002	VFB_00101567	0	1	31.0
2025-06-18	v2.virtualflybrain.org	FBbt_00040007	VFB_00101567	0	2	28.0
2025-06-18	v2.virtualflybrain.org	FBbt_00040041	VFB_00101567	0	1	3.0
2025-06-18	v2.virtualflybrain.org	FBbt_00040042	VFB_00101384	0	2	76.0
2025-06-18	v2.virtualflybrain.org	FBbt_00040042	VFB_00101567	0	1	11.0
2025-06-18	v2.virtualflybrain.org	FBbt_00040043	VFB_00101567	0	2	50.0
2025-06-18	v2.virtualflybrain.org	FBbt_00045027	VFB_00017894	0	3	35.0
2025-06-18	v2.virtualflybrain.org	FBbt_00045037	VFB_00101567	0	1	3.0
2025-06-18	v2.virtualflybrain.org	FBbt_00045040	VFB_00101567	0	2	47.0
2025-06-18	v2.virtualflybrain.org	FBbt_00047185	VFB_00101567	0	1	0.0
2025-06-18	v2.virtualflybrain.org	FBbt_00047189	VFB_00101567	0	1	59.0
2025-06-18	v2.virtualflybrain.org	FBbt_00047311	VFB_00101567	0	1	0.0
2025-06-18	v2.virtualflybrain.org	FBbt_00047735	VFB_00101567	0	1	8.0
2025-06-18	v2.virtualflybrain.org	FBbt_00047842	VFB_00101567	0	1	0.0
2025-06-18	v2.virtualflybrain.org	FBbt_00047843	VFB_00101567	0	1	22.0
2025-06-18	v2.virtualflybrain.org	FBbt_00048309	VFB_00101567	0	1	15.0
2025-06-18	v2.virtualflybrain.org	FBbt_00048313	VFB_00101567	0	1	0.0
2025-06-18	v2.virtualflybrain.org	FBbt_00048356	VFB_00101567	0	3	0.0
2025-06-18	v2.virtualflybrain.org	FBbt_00049824	VFB_00101567	0	1	0.0
2025-06-18	v2.virtualflybrain.org	FBbt_00051053	VFB_00101567	0	2	65.0
2025-06-18	v2.virtualflybrain.org	FBbt_00052150	VFB_00101567	0	1	0.0
2025-06-18	v2.virtualflybrain.org	FBbt_00053100	VFB_00101567	2	1	0.0
2025-06-18	v2.virtualflybrain.org	FBbt_00058202	VFB_00101567	0	2	0.0
2025-06-18	v2.virtualflybrain.org	FBbt_00059246	VFB_00101567	0	1	0.0
2025-06-18	v2.virtualflybrain.org	FBbt_00100219	VFB_00101567	0	2	18.0
2025-06-18	v2.virtualflybrain.org	FBbt_00100234	VFB_00101567	0	1	6.0
2025-06-18	v2.virtualflybrain.org	FBbt_00100258	VFB_00101567	0	1	25.0
2025-06-18	v2.virtualflybrain.org	FBbt_00110004	VFB_00101567	0	1	0.0
2025-06-18	v2.virtualflybrain.org	FBbt_00110107	VFB_00101567	0	5	185.0
2025-06-18	v2.virtualflybrain.org	FBbt_00110176	VFB_00200000	0	2	14.0
2025-06-18	v2.virtualflybrain.org	FBbt_00110188	VFB_00101567	0	2	19.0
2025-06-18	v2.virtualflybrain.org	FBbt_00110657	VFB_00101567	1	2	8.0
2025-06-18	v2.virtualflybrain.org	FBbt_00110658	VFB_00101567	0	1	14.0
2025-06-18	v2.virtualflybrain.org	FBbt_00110930	VFB_00101567	1	2	48.0
2025-06-18	v2.virtualflybrain.org	FBbt_00110931	VFB_00101567	0	1	4.0
2025-06-18	v2.virtualflybrain.org	FBbt_20003508	VFB_00101567	0	1	36.0
2025-06-18	v2.virtualflybrain.org	FBbt_20011361	VFB_00101567	0	1	0.0
2025-06-18	v2.virtualflybrain.org	VFB_00028503	VFB_00101567	0	1	85.0
2025-06-18	v2.virtualflybrain.org	VFB_00030867	VFB_00017894	1	3	21.0
2025-06-18	v2.virtualflybrain.org	VFB_00030867	VFB_00101567	0	4	79.0
2025-06-18	v2.virtualflybrain.org	VFB_00030903	VFB_00101567	0	2	8.0
2025-06-18	v2.virtualflybrain.org	VFB_00048015	VFB_00101567	0	1	22.0
2025-06-18	v2.virtualflybrain.org	VFB_00049000	VFB_00049000	1	5	25.0
2025-06-18	v2.virtualflybrain.org	VFB_00050505	VFB_00101567	0	1	24.0
2025-06-18	v2.virtualflybrain.org	VFB_00100687	VFB_00101567	5	1	0.0
2025-06-18	v2.virtualflybrain.org	VFB_00100w46	VFB_00101567	6	2	0.0
2025-06-18	v2.virtualflybrain.org	VFB_00101398	VFB_00101384	0	1	0.0
2025-06-18	v2.virtualflybrain.org	VFB_001014uq	VFB_00101567	0	3	3.0
2025-06-18	v2.virtualflybrain.org	VFB_001014uq	VFB_00110000	1	2	4.0
2025-06-18	v2.virtualflybrain.org	VFB_00101567	VFB_00101567	20	61	998.0
2025-06-18	v2.virtualflybrain.org	VFB_00102107	VFB_00101567	0	1	4.0
2025-06-18	v2.virtualflybrain.org	VFB_00102114	VFB_00101567	0	1	21.0
2025-06-18	v2.virtualflybrain.org	VFB_00102119	VFB_00101567	1	2	156.0
2025-06-18	v2.virtualflybrain.org	VFB_00102121	VFB_00101567	0	2	9.0
2025-06-18	v2.virtualflybrain.org	VFB_00102123	VFB_00101567	0	1	8.0
2025-06-18	v2.virtualflybrain.org	VFB_00102133	VFB_00101567	0	1	34.0
2025-06-18	v2.virtualflybrain.org	VFB_00102135	VFB_00101567	0	3	2.0
2025-06-18	v2.virtualflybrain.org	VFB_00102146	VFB_00101567	2	1	0.0
2025-06-18	v2.virtualflybrain.org	VFB_00102148	VFB_00101567	0	1	57.0
2025-06-18	v2.virtualflybrain.org	VFB_00102171	VFB_00101567	0	1	2.0
2025-06-18	v2.virtualflybrain.org	VFB_00102176	VFB_00101567	0	1	4.0
2025-06-18	v2.virtualflybrain.org	VFB_00102185	VFB_00101567	0	2	5.0
2025-06-18	v2.virtualflybrain.org	VFB_001028vz	VFB_00101567	0	2	1.0
2025-06-18	v2.virtualflybrain.org	VFB_00200000	VFB_00200000	2	6	81.0
2025-06-18	v2.virtualflybrain.org	VFB_fw000995	VFB_00101567	11	1	0.0
2025-06-18	v2.virtualflybrain.org	VFB_fw001953	VFB_00101567	0	1	63.0
2025-06-18	v2.virtualflybrain.org	VFB_fw029235	VFB_00101567	0	2	101.0
2025-06-18	v2.virtualflybrain.org	VFB_fw031281	VFB_00101567	0	1	0.0
2025-06-18	v2.virtualflybrain.org	VFB_fw035478	VFB_00101567	0	1	8.0
2025-06-18	v2.virtualflybrain.org	VFB_fw043277	VFB_00101567	0	2	68.0
2025-06-18	v2.virtualflybrain.org	VFB_fw123573	VFB_00101567	0	1	42.0
2025-06-18	v2.virtualflybrain.org	VFB_jrchjtd4	VFB_00101567	0	4	898.0
2025-06-18	v2.virtualflybrain.org	VFB_jrchjzmr	VFB_00101567	1	1	5.0
2025-06-18	v2.virtualflybrain.org	VFB_jrchk3r4	VFB_00101567	0	4	736.0
2025-06-18	v2.virtualflybrain.org	VFB_jrchk767	VFB_00101384	0	1	90.0
2025-06-18	v2.virtualflybrain.org	VFB_jrcv07u0		1	1	1.0
2025-06-18	v2.virtualflybrain.org	VFB_jrcv07u0	VFB_00200000	0	1	25.0
2025-06-18	v2.virtualflybrain.org	VFB_jrcv08jz		1	1	1.0
2025-06-18	v2.virtualflybrain.org	VFB_jrcv08jz	VFB_00200000	0	1	6.0
2025-06-18	v2.virtualflybrain.org	VFB_jrcv0ahi	VFB_00200000	0	1	22.0
2025-06-18	v2.virtualflybrain.org	VFB_jrcv0cqy	VFB_00101567	0	2	79.0
2025-06-18	v2.virtualflybrain.org	VFB_jrcv0cr9	VFB_00200000	0	1	14.0
2025-06-18	v2.virtualflybrain.org	VFB_jrcv0czt	VFB_00200000	0	2	32.0
2025-06-18	v2.virtualflybrain.org	VFB_jrcv0d1k	VFB_00200000	0	1	7.0
2025-06-18	v2.virtualflybrain.org	VFB_jrcv0dkm	VFB_00200000	0	1	11.0
2025-06-18	v2.virtualflybrain.org	VFB_jrcv0dta	VFB_00200000	2	4	60.0
2025-06-18	v2.virtualflybrain.org	VFB_jrcv0f48	VFB_00200000	0	1	7.0
2025-06-18	v2.virtualflybrain.org	VFB_jrcv0f9a	VFB_00200000	0	2	21.0
2025-06-18	v2.virtualflybrain.org	VFB_jrcv0gle	VFB_00200000	0	1	74.0
2025-06-18	v2.virtualflybrain.org	VFB_jrcv0haz	VFB_00200000	0	1	32.0
2025-06-18	v2.virtualflybrain.org	VFB_jrcv0i7a	VFB_00200000	0	2	144.0
2025-06-18	v2.virtualflybrain.org	VFB_jrcv0k4b	VFB_00200000	0	1	17.0
2025-06-18	v2.virtualflybrain.org	VFB_jrcv0k6d	VFB_00200000	0	1	8.0
2025-06-18	v2.virtualflybrain.org	VFBexp_FBtp0059	VFB_00101567	3	1	0.0
2025-06-18	v2.virtualflybrain.org	VFBexp_FBtp0103	VFB_00101567	0	1	1.0
2025-06-18	v2.virtualflybrain.org	VFBexp_FBtp0121		1	1	0.0
2025-06-18	v2.virtualflybrain.org	VFBexp_FBtp0121	VFB_00101567	0	1	1.0
2025-06-18	v2.virtualflybrain.org	VFBexp_FBtp0122		2	2	0.0
2025-06-18	v2.virtualflybrain.org	VFBexp_FBtp0122	VFB_00101567	0	6	445.0
2025-06-18	v2.virtualflybrain.org	VFBexp_FBtp0160		2	1	6.0
2025-06-18	v2.virtualflybrain.org	VFBexp_FBtp0160	VFB_00101567	0	2	224.0
2025-06-18	v2.virtualflybrain.org	VFBext_0000010	VFB_00101567	0	1	0.0
2025-06-19		FBbt_00001722		3	1	0.0
2025-06-19		FBbt_00001722	VFB_00101567	3	1	0.0
2025-06-19		FBbt_00003624		3	1	0.0
2025-06-19		FBbt_00003624	VFB_00101567	3	1	0.0
2025-06-19		FBbt_00003678		1	1	0.0
2025-06-19		FBbt_00003678	VFB_00101567	1	1	0.0
2025-06-19		FBbt_00003679		1	1	0.0
2025-06-19		FBbt_00003679	VFB_00101567	1	1	0.0
2025-06-19		FBbt_00003680		2	1	0.0
2025-06-19		FBbt_00003680	VFB_00101567	2	1	0.0
2025-06-19		FBbt_00003681		8	3	0.0
2025-06-19		FBbt_00003681	VFB_00101567	8	3	0.0
2025-06-19		FBbt_00003748		1	1	0.0
2025-06-19		FBbt_00003748	VFB_00101567	1	1	0.0
2025-06-19		FBbt_00004011		4	1	15.0
2025-06-19		FBbt_00004011	VFB_00050000	3	1	0.0
2025-06-19		FBbt_00004011	VFB_00101567	1	1	0.0
2025-06-19		FBbt_00004091		1	1	0.0
2025-06-19		FBbt_00004091	VFB_00200000	1	1	0.0
2025-06-19		FBbt_00005139		4	1	0.0
2025-06-19		FBbt_00005139	VFB_00101567	4	1	0.0
2025-06-19		FBbt_00007053		5	1	0.0
2025-06-19		FBbt_00007053	VFB_00101567	5	1	0.0
2025-06-19		FBbt_00007055		3	1	0.0
2025-06-19		FBbt_00007055	VFB_00101567	4	1	0.0
2025-06-19		FBbt_00007527		1	1	0.0
2025-06-19		FBbt_00007527	VFB_00101567	1	1	0.0
2025-06-19		FBbt_00040041		1	1	1.0
2025-06-19		FBbt_00040041	VFB_00101567	1	1	0.0
2025-06-19		FBbt_00040043		1	1	0.0
2025-06-19		FBbt_00040043	VFB_00101567	1	1	0.0
2025-06-19		FBbt_00040044		1	1	3.0
2025-06-19		FBbt_00040044	VFB_00101567	1	1	0.0
2025-06-19		FBbt_00045020		1	1	0.0
2025-06-19		FBbt_00045020	VFB_00101567	1	1	0.0
2025-06-19		FBbt_00045027		2	2	1.0
2025-06-19		FBbt_00045027	VFB_00101567	2	2	0.0
2025-06-19		FBbt_00047138		1	1	0.0
2025-06-19		FBbt_00047138	VFB_00200000	1	1	0.0
2025-06-19		FBbt_00047542		2	1	0.0
2025-06-19		FBbt_00047542	VFB_00200000	2	1	0.0
2025-06-19		FBbt_00047681		1	1	0.0
2025-06-19		FBbt_00047681	VFB_00050000	1	1	0.0
2025-06-19		FBbt_00047887		5	1	0.0
2025-06-19		FBbt_00047887	VFB_00101567	5	1	0.0
2025-06-19		FBbt_00053384		3	1	0.0
2025-06-19		FBbt_00053384	VFB_00101567	4	1	0.0
2025-06-19		FBbt_00100222		3	1	0.0
2025-06-19		FBbt_00100222	VFB_00101567	3	1	0.0
2025-06-19		FBbt_00110107		2	1	0.0
2025-06-19		FBbt_00110107	VFB_00050000	2	1	0.0
2025-06-19		FBbt_00110173		2	1	0.0
2025-06-19		FBbt_00110173	VFB_00200000	2	1	0.0
2025-06-19		FBbt_00110320		1	1	0.0
2025-06-19		FBbt_00110320	VFB_00101567	1	1	0.0
2025-06-19		FBbt_00110621		1	1	0.0
2025-06-19		FBbt_00110621	VFB_00101567	1	1	0.0
2025-06-19		FBbt_00110636		2	1	0.0
2025-06-19		FBbt_00110636	VFB_00101567	2	1	0.0
2025-06-19		FBbt_20002978		1	1	0.0
2025-06-19		FBbt_20002978	VFB_00101567	1	1	0.0
2025-06-19		VFB_00001849		21	2	152.0
2025-06-19		VFB_00001849	VFB_00101567	21	5	0.0
2025-06-19		VFB_00029000		4	1	8.0
2025-06-19		VFB_00029000	VFB_00101567	4	2	0.0
2025-06-19		VFB_00041455		1	1	11.0
2025-06-19		VFB_00041455	VFB_00101567	1	1	0.0
2025-06-19		VFB_00100620		2	1	1.0
2025-06-19		VFB_00100620	VFB_00050000	3	2	0.0
2025-06-19		VFB_00100733		8	1	15.0
2025-06-19		VFB_00100733	VFB_00050000	5	1	0.0
2025-06-19		VFB_00100733	VFB_00101567	3	1	0.0
2025-06-19		VFB_00100xbl		1	1	7.0
2025-06-19		VFB_00100xbl	VFB_00101567	1	1	0.0
2025-06-19		VFB_00101068		2	1	0.0
2025-06-19		VFB_00101068	VFB_00050000	1	1	0.0
2025-06-19		VFB_00101068	VFB_00101567	1	1	0.0
2025-06-19		VFB_00101091		3	1	11.0
2025-06-19		VFB_00101091	VFB_00050000	3	2	0.0
2025-06-19		VFB_001014uq		2	1	5.0
2025-06-19		VFB_001014uq	VFB_00101567	2	1	0.0
2025-06-19		VFB_00101567		78	24	34.0
2025-06-19		VFB_00101567	VFB_00101567	78	27	25.0
2025-06-19		VFB_00102103		2	1	35.0
2025-06-19		VFB_00102103	VFB_00050000	1	1	0.0
2025-06-19		VFB_00102135		4	2	1.0
2025-06-19		VFB_00102135	VFB_00101567	4	3	0.0
2025-06-19		VFB_00102140		1	1	4.0
2025-06-19		VFB_00102140	VFB_00101567	1	1	0.0
2025-06-19		VFB_00102146		11	1	0.0
2025-06-19		VFB_00102146	VFB_00101567	11	1	0.0
2025-06-19		VFB_00102159		9	1	0.0
2025-06-19		VFB_00102159	VFB_00101567	8	2	0.0
2025-06-19		VFB_00102162		1	1	0.0
2025-06-19		VFB_00102162	VFB_00101567	1	1	0.0
2025-06-19		VFB_00102170		1	1	0.0
2025-06-19		VFB_00102170	VFB_00101567	1	1	0.0
2025-06-19		VFB_001028vz		1	1	0.0
2025-06-19		VFB_001028vz	VFB_00101567	1	1	0.0
2025-06-19		VFB_00110000	VFB_00110000	1	1	12.0
2025-06-19		VFB_00200000		2	2	0.0
2025-06-19		VFB_00200000	VFB_00200000	5	4	64.0
2025-06-19		VFB_fw000968		2	1	0.0
2025-06-19		VFB_fw000968	VFB_00101567	2	1	0.0
2025-06-19		VFB_fw000995		8	1	0.0
2025-06-19		VFB_fw000995	VFB_00101567	8	1	0.0
2025-06-19		VFB_fw001492		2	1	3.0
2025-06-19		VFB_fw001492	VFB_00101567	2	1	0.0
2025-06-19		VFB_fw036346		2	1	5.0
2025-06-19		VFB_fw036346	VFB_00101567	2	1	0.0
2025-06-19		VFB_fw036429		2	1	4.0
2025-06-19		VFB_fw036429	VFB_00101567	2	1	0.0
2025-06-19		VFB_jrchk0eo		2	1	1.0
2025-06-19		VFB_jrchk0eo	VFB_00101567	2	1	0.0
2025-06-19		VFB_jrchk8o8		2	1	0.0
2025-06-19		VFB_jrchk8o8	VFB_00101567	2	1	0.0
2025-06-19		VFBexp_FBtp0057		2	2	0.0
2025-06-19		VFBexp_FBtp0057	VFB_00101567	2	2	0.0
2025-06-19		VFBexp_FBtp0059		2	2	0.0
2025-06-19		VFBexp_FBtp0059	VFB_00101567	2	2	0.0
2025-06-19		VFBexp_FBtp0099		11	3	0.0
2025-06-19		VFBexp_FBtp0099	VFB_00101567	11	5	0.0
2025-06-19		VFBexp_FBtp0100		2	2	0.0
2025-06-19		VFBexp_FBtp0100	VFB_00101567	2	2	0.0
2025-06-19		VFBexp_FBtp0104		4	2	0.0
2025-06-19		VFBexp_FBtp0104	VFB_00101567	4	2	0.0
2025-06-19	v2.virtualflybrain.org	FBbt_00001722	VFB_00101567	0	2	46.0
2025-06-19	v2.virtualflybrain.org	FBbt_00003624	VFB_00101567	0	1	2.0
2025-06-19	v2.virtualflybrain.org	FBbt_00003678	VFB_00101567	0	2	49.0
2025-06-19	v2.virtualflybrain.org	FBbt_00003680	VFB_00101567	0	2	13.0
2025-06-19	v2.virtualflybrain.org	FBbt_00003681	VFB_00101567	6	4	32.0
2025-06-19	v2.virtualflybrain.org	FBbt_00003748	VFB_00101567	1	1	0.0
2025-06-19	v2.virtualflybrain.org	FBbt_00004011	VFB_00050000	0	2	5.0
2025-06-19	v2.virtualflybrain.org	FBbt_00004011	VFB_00101567	0	1	14.0
2025-06-19	v2.virtualflybrain.org	FBbt_00004091	VFB_00200000	0	2	4.0
2025-06-19	v2.virtualflybrain.org	FBbt_00005139	VFB_00101567	4	1	0.0
2025-06-19	v2.virtualflybrain.org	FBbt_00007053	VFB_00101567	0	2	87.0
2025-06-19	v2.virtualflybrain.org	FBbt_00007055	VFB_00101567	0	1	23.0
2025-06-19	v2.virtualflybrain.org	FBbt_00007527	VFB_00101567	0	2	100.0
2025-06-19	v2.virtualflybrain.org	FBbt_00040041	VFB_00101567	0	2	43.0
2025-06-19	v2.virtualflybrain.org	FBbt_00040043	VFB_00101567	1	1	0.0
2025-06-19	v2.virtualflybrain.org	FBbt_00045020	VFB_00101567	0	2	14.0
2025-06-19	v2.virtualflybrain.org	FBbt_00045027	VFB_00101567	0	3	89.0
2025-06-19	v2.virtualflybrain.org	FBbt_00047138	VFB_00200000	0	1	39.0
2025-06-19	v2.virtualflybrain.org	FBbt_00047542	VFB_00200000	0	1	31.0
2025-06-19	v2.virtualflybrain.org	FBbt_00047681	VFB_00050000	0	1	1.0
2025-06-19	v2.virtualflybrain.org	FBbt_00047887	VFB_00101567	0	3	17.0
2025-06-19	v2.virtualflybrain.org	FBbt_00053384	VFB_00101567	0	2	6.0
2025-06-19	v2.virtualflybrain.org	FBbt_00100222	VFB_00101567	1	2	90.0
2025-06-19	v2.virtualflybrain.org	FBbt_00110107	VFB_00050000	0	2	111.0
2025-06-19	v2.virtualflybrain.org	FBbt_00110173	VFB_00200000	1	2	7.0
2025-06-19	v2.virtualflybrain.org	FBbt_00110320		1	1	1.0
2025-06-19	v2.virtualflybrain.org	FBbt_00110320	VFB_00101567	0	1	2.0
2025-06-19	v2.virtualflybrain.org	FBbt_00110621	VFB_00101567	0	1	86.0
2025-06-19	v2.virtualflybrain.org	FBbt_00110636	VFB_00101567	0	2	7.0
2025-06-19	v2.virtualflybrain.org	FBbt_20002978	VFB_00101567	1	2	63.0
2025-06-19	v2.virtualflybrain.org	VFB_00001849	VFB_00101567	1	3	194.0
2025-06-19	v2.virtualflybrain.org	VFB_00029000	VFB_00101567	1	1	13.0
2025-06-19	v2.virtualflybrain.org	VFB_00041455	VFB_00101567	0	1	112.0
2025-06-19	v2.virtualflybrain.org	VFB_00100620	VFB_00050000	0	1	20.0
2025-06-19	v2.virtualflybrain.org	VFB_00100733	VFB_00050000	1	4	27.0
2025-06-19	v2.virtualflybrain.org	VFB_00100733	VFB_00101567	0	2	3.0
2025-06-19	v2.virtualflybrain.org	VFB_00100xbl	VFB_00101567	0	1	29.0
2025-06-19	v2.virtualflybrain.org	VFB_00101068	VFB_00050000	1	3	64.0
2025-06-19	v2.virtualflybrain.org	VFB_00101068	VFB_00101567	0	1	14.0
2025-06-19	v2.virtualflybrain.org	VFB_00101091	VFB_00050000	0	1	64.0
2025-06-19	v2.virtualflybrain.org	VFB_001014uq	VFB_00101567	0	1	2.0
2025-06-19	v2.virtualflybrain.org	VFB_00101567	VFB_00101567	35	51	482.0
2025-06-19	v2.virtualflybrain.org	VFB_00102103	VFB_00050000	0	1	22.0
2025-06-19	v2.virtualflybrain.org	VFB_00102135	VFB_00101567	0	1	12.0
2025-06-19	v2.virtualflybrain.org	VFB_00102140	VFB_00101567	0	1	14.0
2025-06-19	v2.virtualflybrain.org	VFB_00102146	VFB_00101567	11	1	0.0
2025-06-19	v2.virtualflybrain.org	VFB_00102159	VFB_00101567	8	2	3.0
2025-06-19	v2.virtualflybrain.org	VFB_00102162	VFB_00101567	0	2	158.0
2025-06-19	v2.virtualflybrain.org	VFB_00102170	VFB_00101567	0	1	4.0
2025-06-19	v2.virtualflybrain.org	VFB_001028vz	VFB_00101567	1	1	0.0
2025-06-19	v2.virtualflybrain.org	VFB_00110000	VFB_00110000	1	2	9.0
2025-06-19	v2.virtualflybrain.org	VFB_00200000	VFB_00200000	3	6	46.0
2025-06-19	v2.virtualflybrain.org	VFB_fw000938	VFB_00101567	1	0	0.0
2025-06-19	v2.virtualflybrain.org	VFB_fw000968	VFB_00101567	0	1	0.0
2025-06-19	v2.virtualflybrain.org	VFB_fw000995	VFB_00101567	9	1	0.0
2025-06-19	v2.virtualflybrain.org	VFB_fw001492		1	1	4.0
2025-06-19	v2.virtualflybrain.org	VFB_fw001492	VFB_00101567	0	1	15.0
2025-06-19	v2.virtualflybrain.org	VFB_fw036346	VFB_00101567	0	1	31.0
2025-06-19	v2.virtualflybrain.org	VFB_fw036429		1	1	3.0
2025-06-19	v2.virtualflybrain.org	VFB_jrchjtrj		1	1	3.0
2025-06-19	v2.virtualflybrain.org	VFB_jrchk8o8	VFB_00101567	0	1	109.0
2025-06-19	v2.virtualflybrain.org	VFBexp_FBtp0057		2	2	5.0
2025-06-19	v2.virtualflybrain.org	VFBexp_FBtp0057	VFB_00101567	0	1	94.0
2025-06-19	v2.virtualflybrain.org	VFBexp_FBtp0058		1	1	0.0
2025-06-19	v2.virtualflybrain.org	VFBexp_FBtp0059	VFB_00101567	0	2	26.0
2025-06-19	v2.virtualflybrain.org	VFBexp_FBtp0099		1	1	2.0
2025-06-19	v2.virtualflybrain.org	VFBexp_FBtp0099	VFB_00101567	6	7	18.0
2025-06-19	v2.virtualflybrain.org	VFBexp_FBtp0100	VFB_00101567	0	1	12.0
2025-06-19	v2.virtualflybrain.org	VFBexp_FBtp0104		1	1	0.0
2025-06-19	v2.virtualflybrain.org	VFBexp_FBtp0104	VFB_00101567	1	4	23.0
2025-06-20		FBbt_00003004		2	1	0.0
2025-06-20		FBbt_00003004	VFB_00101567	2	1	0.0
2025-06-20		FBbt_00003624		10	3	0.0
2025-06-20		FBbt_00003624	VFB_00101567	15	3	0.0
2025-06-20		FBbt_00003678		3	3	0.0
2025-06-20		FBbt_00003678	VFB_00101567	3	3	0.0
2025-06-20		FBbt_00003681		2	2	0.0
2025-06-20		FBbt_00003681	VFB_00101567	2	2	0.0
2025-06-20		FBbt_00003684		1	1	0.0
2025-06-20		FBbt_00003684	VFB_00101567	1	1	0.0
2025-06-20		FBbt_00003748		3	2	0.0
2025-06-20		FBbt_00003748	VFB_00101567	3	2	0.0
2025-06-20		FBbt_00004091		1	1	0.0
2025-06-20		FBbt_00004091	VFB_00200000	1	1	0.0
2025-06-20		FBbt_00005093		2	1	0.0
2025-06-20		FBbt_00005093	VFB_00101567	2	1	0.0
2025-06-20		FBbt_00007050		5	1	0.0
2025-06-20		FBbt_00007050	VFB_00101567	5	1	0.0
2025-06-20		FBbt_00007228		1	1	0.0
2025-06-20		FBbt_00007228	VFB_00101567	1	1	0.0
2025-06-20		FBbt_00007405		1	1	0.0
2025-06-20		FBbt_00007405	VFB_00101567	1	1	0.0
2025-06-20		FBbt_00040041		1	1	0.0
2025-06-20		FBbt_00040041	VFB_00101567	1	1	0.0
2025-06-20		FBbt_00040043		4	1	0.0
2025-06-20		FBbt_00040043	VFB_00101567	4	2	0.0
2025-06-20		FBbt_00045027		2	2	0.0
2025-06-20		FBbt_00045027	VFB_00101567	2	2	0.0
2025-06-20		FBbt_00045048		1	1	0.0
2025-06-20		FBbt_00045048	VFB_00101567	1	1	0.0
2025-06-20		FBbt_00045050		2	1	0.0
2025-06-20		FBbt_00045050	VFB_00101567	2	1	0.0
2025-06-20		FBbt_00047313		3	1	0.0
2025-06-20		FBbt_00047313	VFB_00101567	3	1	0.0
2025-06-20		FBbt_00047534		1	1	0.0
2025-06-20		FBbt_00047534	VFB_00200000	1	1	0.0
2025-06-20		FBbt_00047639		1	1	0.0
2025-06-20		FBbt_00047639	VFB_00101567	1	1	0.0
2025-06-20		FBbt_00048509		1	1	0.0
2025-06-20		FBbt_00048509	VFB_00101567	1	1	0.0
2025-06-20		FBbt_00049526		2	1	0.0
2025-06-20		FBbt_00049526	VFB_00101567	2	2	0.0
2025-06-20		FBbt_00050114		1	1	0.0
2025-06-20		FBbt_00050114	VFB_00101567	1	1	0.0
2025-06-20		FBbt_00051432		1	1	0.0
2025-06-20		FBbt_00051432	VFB_00101567	1	1	0.0
2025-06-20		FBbt_00052250		1	1	0.0
2025-06-20		FBbt_00052250	VFB_00101567	1	1	0.0
2025-06-20		FBbt_00053040		1	1	0.0
2025-06-20		FBbt_00053040	VFB_00101567	2	1	0.0
2025-06-20		FBbt_00100222		2	1	0.0
2025-06-20		FBbt_00100222	VFB_00101567	2	1	0.0
2025-06-20		FBbt_00100247		1	1	0.0
2025-06-20		FBbt_00100247	VFB_00101567	1	1	0.0
2025-06-20		FBbt_00110021		1	1	0.0
2025-06-20		FBbt_00110021	VFB_00101567	1	1	0.0
2025-06-20		FBbt_00110931		1	1	0.0
2025-06-20		FBbt_00110931	VFB_00101567	1	1	0.0
2025-06-20		FBbt_20001385		2	1	0.0
2025-06-20		FBbt_20001385	VFB_00101567	2	1	0.0
2025-06-20		VFB_00030360		8	1	2.0
2025-06-20		VFB_00030360	VFB_00101567	8	1	0.0
2025-06-20		VFB_00030867		2	1	3.0
2025-06-20		VFB_00030867	VFB_00101567	2	1	0.0
2025-06-20		VFB_00051665		2	1	0.0
2025-06-20		VFB_00051665	VFB_00049000	1	1	0.0
2025-06-20		VFB_00051665	VFB_00101567	1	1	0.0
2025-06-20		VFB_00100733		12	1	0.0
2025-06-20		VFB_00100733	VFB_00101567	12	1	0.0
2025-06-20		VFB_00100w46		8	1	0.0
2025-06-20		VFB_00100w46	VFB_00101567	8	1	0.0
2025-06-20		VFB_00100wqq		6	1	2.0
2025-06-20		VFB_00100wqq	VFB_00101567	6	1	0.0
2025-06-20		VFB_00100x7u		8	1	5.0
2025-06-20		VFB_00100x7u	VFB_00101567	8	1	0.0
2025-06-20		VFB_001011l5		2	1	4.0
2025-06-20		VFB_001011l5	VFB_00101567	2	1	0.0
2025-06-20		VFB_001013ej		1	1	0.0
2025-06-20		VFB_001013ej	VFB_00101567	1	1	0.0
2025-06-20		VFB_001014pn		3	1	18.0
2025-06-20		VFB_001014pn	VFB_00101567	3	2	0.0
2025-06-20		VFB_001014uq		2	1	4.0
2025-06-20		VFB_001014uq	VFB_00101567	2	1	0.0
2025-06-20		VFB_00101567		92	21	134.0
2025-06-20		VFB_00101567	VFB_00101567	127	33	45.0
2025-06-20		VFB_00102107		2	1	1.0
2025-06-20		VFB_00102107	VFB_00101567	2	1	0.0
2025-06-20		VFB_00102114		2	1	0.0
2025-06-20		VFB_00102114	VFB_00101567	2	1	0.0
2025-06-20		VFB_00102118		2	1	0.0
2025-06-20		VFB_00102118	VFB_00101567	2	1	0.0
2025-06-20		VFB_00102136		7	1	5.0
2025-06-20		VFB_00102136	VFB_00050000	1	1	0.0
2025-06-20		VFB_00102136	VFB_00101567	6	1	0.0
2025-06-20		VFB_00102146		8	1	0.0
2025-06-20		VFB_00102146	VFB_00101567	8	1	0.0
2025-06-20		VFB_00102159		8	1	0.0
2025-06-20		VFB_00102159	VFB_00101567	8	1	0.0
2025-06-20		VFB_00102170		2	1	0.0
2025-06-20		VFB_00102170	VFB_00101567	2	1	0.0
2025-06-20		VFB_00102174		4	1	0.0
2025-06-20		VFB_00102174	VFB_00101567	3	1	0.0
2025-06-20		VFB_00102176		2	1	0.0
2025-06-20		VFB_00102176	VFB_00101567	2	1	0.0
2025-06-20		VFB_00102179		2	1	0.0
2025-06-20		VFB_00102179	VFB_00101567	2	1	0.0
2025-06-20		VFB_00102273		2	1	0.0
2025-06-20		VFB_00102273	VFB_00101567	2	1	0.0
2025-06-20		VFB_00102276		2	1	0.0
2025-06-20		VFB_00102276	VFB_00101567	2	1	0.0
2025-06-20		VFB_00102281		6	2	0.0
2025-06-20		VFB_00102281	VFB_00101567	6	2	0.0
2025-06-20		VFB_00102282		10	1	10.0
2025-06-20		VFB_00102282	VFB_00101567	14	3	0.0
2025-06-20		VFB_fw000968		7	1	0.0
2025-06-20		VFB_fw000968	VFB_00101567	7	1	0.0
2025-06-20		VFB_fw003616		10	1	3.0
2025-06-20		VFB_fw003616	VFB_00101567	10	2	0.0
2025-06-20		VFB_fw015371		4	1	8.0
2025-06-20		VFB_fw015371	VFB_00101567	4	2	0.0
2025-06-20		VFB_fw025168		2	1	0.0
2025-06-20		VFB_fw025168	VFB_00101567	2	1	0.0
2025-06-20		VFB_fw034882		13	1	23.0
2025-06-20		VFB_fw034882	VFB_00101567	9	2	0.0
2025-06-20		VFB_fw036611		2	1	0.0
2025-06-20		VFB_fw036611	VFB_00101567	2	1	0.0
2025-06-20		VFB_fw036919		2	1	2.0
2025-06-20		VFB_fw036919	VFB_00101567	2	1	0.0
2025-06-20		VFBexp_FBtp0014		4	1	0.0
2025-06-20		VFBexp_FBtp0014	VFB_00101567	4	1	0.0
2025-06-20		VFBexp_FBtp0058		3	2	0.0
2025-06-20		VFBexp_FBtp0058	VFB_00101567	3	2	0.0
2025-06-20		VFBexp_FBtp0102		2	1	0.0
2025-06-20		VFBexp_FBtp0102	VFB_00101567	2	1	0.0
2025-06-20		VFBexp_FBtp0117		2	1	33.0
2025-06-20		VFBexp_FBtp0117	VFB_00101567	2	1	0.0
2025-06-20		VFBexp_FBtp0123		1	1	0.0
2025-06-20		VFBexp_FBtp0123	VFB_00101567	1	1	0.0
2025-06-20		VFBext_0000010		2	1	0.0
2025-06-20		VFBext_0000010	VFB_00101567	2	2	0.0
2025-06-20	v2.virtualflybrain.org	FBbt_00003004	VFB_00101567	0	2	22.0
2025-06-20	v2.virtualflybrain.org	FBbt_00003624	VFB_00101567	0	4	69.0
2025-06-20	v2.virtualflybrain.org	FBbt_00003678	VFB_00101567	0	4	347.0
2025-06-20	v2.virtualflybrain.org	FBbt_00003681	VFB_00101567	0	3	14.0
2025-06-20	v2.virtualflybrain.org	FBbt_00003684	VFB_00101567	0	1	24.0
2025-06-20	v2.virtualflybrain.org	FBbt_00003748	VFB_00101567	1	4	135.0
2025-06-20	v2.virtualflybrain.org	FBbt_00004091	VFB_00200000	1	1	2.0
2025-06-20	v2.virtualflybrain.org	FBbt_00005093	VFB_00101567	0	2	6.0
2025-06-20	v2.virtualflybrain.org	FBbt_00007050	VFB_00101567	0	2	109.0
2025-06-20	v2.virtualflybrain.org	FBbt_00007228	VFB_00101567	0	1	30.0
2025-06-20	v2.virtualflybrain.org	FBbt_00040041	VFB_00101567	0	1	16.0
2025-06-20	v2.virtualflybrain.org	FBbt_00040043	VFB_00101567	0	4	34.0
2025-06-20	v2.virtualflybrain.org	FBbt_00045027	VFB_00101567	0	3	37.0
2025-06-20	v2.virtualflybrain.org	FBbt_00045048	VFB_00101567	0	1	1.0
2025-06-20	v2.virtualflybrain.org	FBbt_00045050	VFB_00101567	0	1	6.0
2025-06-20	v2.virtualflybrain.org	FBbt_00047313	VFB_00101567	0	2	48.0
2025-06-20	v2.virtualflybrain.org	FBbt_00047534	VFB_00200000	1	1	45.0
2025-06-20	v2.virtualflybrain.org	FBbt_00047639		1	1	0.0
2025-06-20	v2.virtualflybrain.org	FBbt_00047639	VFB_00101567	0	1	0.0
2025-06-20	v2.virtualflybrain.org	FBbt_00048509	VFB_00101567	0	1	11.0
2025-06-20	v2.virtualflybrain.org	FBbt_00049526	VFB_00101567	0	2	166.0
2025-06-20	v2.virtualflybrain.org	FBbt_00050114		1	1	0.0
2025-06-20	v2.virtualflybrain.org	FBbt_00050114	VFB_00101567	0	1	0.0
2025-06-20	v2.virtualflybrain.org	FBbt_00051432		1	1	2.0
2025-06-20	v2.virtualflybrain.org	FBbt_00051432	VFB_00101567	0	1	9.0
2025-06-20	v2.virtualflybrain.org	FBbt_00053040	VFB_00101567	0	1	2.0
2025-06-20	v2.virtualflybrain.org	FBbt_00100222	VFB_00101567	2	1	0.0
2025-06-20	v2.virtualflybrain.org	FBbt_00100247	VFB_00101567	0	1	24.0
2025-06-20	v2.virtualflybrain.org	FBbt_00110021		1	1	3.0
2025-06-20	v2.virtualflybrain.org	FBbt_00110021	VFB_00101567	0	1	10.0
2025-06-20	v2.virtualflybrain.org	FBbt_00110931	VFB_00101567	0	1	6.0
2025-06-20	v2.virtualflybrain.org	FBbt_20001385		3	1	0.0
2025-06-20	v2.virtualflybrain.org	FBbt_20001385	VFB_00101567	0	1	16.0
2025-06-20	v2.virtualflybrain.org	VFB_00020003	VFB_00020003	1	2	3.0
2025-06-20	v2.virtualflybrain.org	VFB_00030360	VFB_00101567	0	2	18.0
2025-06-20	v2.virtualflybrain.org	VFB_00030867	VFB_00101567	0	1	7.0
2025-06-20	v2.virtualflybrain.org	VFB_00049000		1	1	1.0
2025-06-20	v2.virtualflybrain.org	VFB_00051665	VFB_00049000	1	3	15.0
2025-06-20	v2.virtualflybrain.org	VFB_00051665	VFB_00101567	0	2	8.0
2025-06-20	v2.virtualflybrain.org	VFB_00100733	VFB_00101567	12	1	0.0
2025-06-20	v2.virtualflybrain.org	VFB_00100w46	VFB_00101567	10	1	0.0
2025-06-20	v2.virtualflybrain.org	VFB_00100wqq	VFB_00101567	0	2	10.0
2025-06-20	v2.virtualflybrain.org	VFB_00100x7u	VFB_00101567	0	2	15.0
2025-06-20	v2.virtualflybrain.org	VFB_001011l5	VFB_00101567	0	1	83.0
2025-06-20	v2.virtualflybrain.org	VFB_001013ej	VFB_001013ej	1	2	13.0
2025-06-20	v2.virtualflybrain.org	VFB_001013ej	VFB_00101567	0	1	69.0
2025-06-20	v2.virtualflybrain.org	VFB_001014pn	VFB_00101567	1	1	9.0
2025-06-20	v2.virtualflybrain.org	VFB_001014uq	VFB_00101567	0	1	4.0
2025-06-20	v2.virtualflybrain.org	VFB_00101567	VFB_00101567	36	55	1252.0
2025-06-20	v2.virtualflybrain.org	VFB_00102107	VFB_00101567	1	1	21.0
2025-06-20	v2.virtualflybrain.org	VFB_00102114	VFB_00101567	0	1	2.0
2025-06-20	v2.virtualflybrain.org	VFB_00102118	VFB_00101567	0	1	14.0
2025-06-20	v2.virtualflybrain.org	VFB_00102136	VFB_00050000	1	3	6.0
2025-06-20	v2.virtualflybrain.org	VFB_00102136	VFB_00101567	0	2	33.0
2025-06-20	v2.virtualflybrain.org	VFB_00102146	VFB_00101567	8	1	0.0
2025-06-20	v2.virtualflybrain.org	VFB_00102159	VFB_00101567	8	1	0.0
2025-06-20	v2.virtualflybrain.org	VFB_00102170	VFB_00101567	0	1	8.0
2025-06-20	v2.virtualflybrain.org	VFB_00102174	VFB_00101567	0	1	2.0
2025-06-20	v2.virtualflybrain.org	VFB_00102176	VFB_00101567	0	1	2.0
2025-06-20	v2.virtualflybrain.org	VFB_00102179	VFB_00101567	0	1	6.0
2025-06-20	v2.virtualflybrain.org	VFB_00102273	VFB_00101567	0	1	22.0
2025-06-20	v2.virtualflybrain.org	VFB_00102276	VFB_00101567	0	1	34.0
2025-06-20	v2.virtualflybrain.org	VFB_00102281	VFB_00101567	0	2	3.0
2025-06-20	v2.virtualflybrain.org	VFB_00102282	VFB_00101567	0	1	35.0
2025-06-20	v2.virtualflybrain.org	VFB_00200000	VFB_00200000	0	2	9.0
2025-06-20	v2.virtualflybrain.org	VFB_fw000968	VFB_00101567	7	2	0.0
2025-06-20	v2.virtualflybrain.org	VFB_fw003616		1	1	3.0
2025-06-20	v2.virtualflybrain.org	VFB_fw003616	VFB_00101567	0	2	14.0
2025-06-20	v2.virtualflybrain.org	VFB_fw015371	VFB_00101567	0	2	9.0
2025-06-20	v2.virtualflybrain.org	VFB_fw025168		1	1	0.0
2025-06-20	v2.virtualflybrain.org	VFB_fw025168	VFB_00101567	0	1	1.0
2025-06-20	v2.virtualflybrain.org	VFB_fw034882	VFB_00101567	0	2	22.0
2025-06-20	v2.virtualflybrain.org	VFB_fw036611		1	1	0.0
2025-06-20	v2.virtualflybrain.org	VFB_fw036611	VFB_00101567	0	1	67.0
2025-06-20	v2.virtualflybrain.org	VFB_fw036919	VFB_00101567	0	2	20.0
2025-06-20	v2.virtualflybrain.org	VFB_fw043515		1	1	35.0
2025-06-20	v2.virtualflybrain.org	VFBexp_FBtp0014	VFB_00101567	0	2	65.0
2025-06-20	v2.virtualflybrain.org	VFBexp_FBtp0058		3	2	1.0
2025-06-20	v2.virtualflybrain.org	VFBexp_FBtp0058	VFB_00101567	0	2	1.0
2025-06-20	v2.virtualflybrain.org	VFBexp_FBtp0102		2	1	1.0
2025-06-20	v2.virtualflybrain.org	VFBexp_FBtp0102	VFB_00101567	0	1	2.0
2025-06-20	v2.virtualflybrain.org	VFBexp_FBtp0117	VFB_00101567	0	1	0.0
2025-06-20	v2.virtualflybrain.org	VFBexp_FBtp0123		1	1	2.0
2025-06-20	v2.virtualflybrain.org	VFBexp_FBtp0123	VFB_00101567	0	1	33.0
2025-06-20	v2.virtualflybrain.org	VFBext_0000010	VFB_00101567	0	2	34.0
2025-06-21		FBbt_00003004		1	1	0.0
2025-06-21		FBbt_00003004	VFB_00101567	1	1	0.0
2025-06-21		FBbt_00003624		10	1	1.0
2025-06-21		FBbt_00003624	VFB_00101567	10	3	0.0
2025-06-21		FBbt_00003632		9	1	0.0
2025-06-21		FBbt_00003632	VFB_00101567	9	2	0.0
2025-06-21		FBbt_00003680		4	1	0.0
2025-06-21		FBbt_00003680	VFB_00101567	4	1	0.0
2025-06-21		FBbt_00003681		25	1	19.0
2025-06-21		FBbt_00003681	VFB_00101567	25	6	0.0
2025-06-21		FBbt_00003682		2	1	0.0
2025-06-21		FBbt_00003682	VFB_00101567	2	1	0.0
2025-06-21		FBbt_00003684		13	1	0.0
2025-06-21		FBbt_00003684	VFB_00101567	15	4	0.0
2025-06-21		FBbt_00003701		2	1	0.0
2025-06-21		FBbt_00003701	VFB_00101567	3	2	0.0
2025-06-21		FBbt_00003748		11	2	0.0
2025-06-21		FBbt_00003748	VFB_00101567	11	5	0.0
2025-06-21		FBbt_00003852		1	1	0.0
2025-06-21		FBbt_00003852	VFB_00017894	1	1	0.0
2025-06-21		FBbt_00007050		1	1	0.0
2025-06-21		FBbt_00007050	VFB_00101567	1	1	0.0
2025-06-21		FBbt_00007055		2	1	0.0
2025-06-21		FBbt_00007055	VFB_00101567	2	1	0.0
2025-06-21		FBbt_00007146		6	1	0.0
2025-06-21		FBbt_00007146	VFB_00101567	6	1	0.0
2025-06-21		FBbt_00007147		4	1	0.0
2025-06-21		FBbt_00007147	VFB_00101567	4	1	0.0
2025-06-21		FBbt_00007385		1	1	0.0
2025-06-21		FBbt_00007385	VFB_00101567	1	1	0.0
2025-06-21		FBbt_00007401		11	1	0.0
2025-06-21		FBbt_00007401	VFB_00101567	11	1	0.0
2025-06-21		FBbt_00007453		8	1	0.0
2025-06-21		FBbt_00007453	VFB_00101567	8	3	0.0
2025-06-21		FBbt_00013688		25	1	0.0
2025-06-21		FBbt_00013688	VFB_00101567	26	4	0.0
2025-06-21		FBbt_00013694		2	1	0.0
2025-06-21		FBbt_00013694	VFB_00101567	2	1	0.0
2025-06-21		FBbt_00013695		2	1	0.0
2025-06-21		FBbt_00013695	VFB_00101567	2	1	0.0
2025-06-21		FBbt_00014013		1	1	0.0
2025-06-21		FBbt_00014013	VFB_00017894	1	1	0.0
2025-06-21		FBbt_00040037		9	1	0.0
2025-06-21		FBbt_00040037	VFB_00101567	9	2	0.0
2025-06-21		FBbt_00040040		1	1	0.0
2025-06-21		FBbt_00040040	VFB_00101567	1	1	0.0
2025-06-21		FBbt_00040043		5	1	0.0
2025-06-21		FBbt_00040043	VFB_00101567	5	2	0.0
2025-06-21		FBbt_00040048		1	1	0.0
2025-06-21		FBbt_00040048	VFB_00101567	1	1	0.0
2025-06-21		FBbt_00040049		1	1	0.0
2025-06-21		FBbt_00040049	VFB_00101567	1	1	0.0
2025-06-21		FBbt_00040071		1	1	0.0
2025-06-21		FBbt_00040071	VFB_00101567	1	1	0.0
2025-06-21		FBbt_00040072		1	1	0.0
2025-06-21		FBbt_00040072	VFB_00101567	1	1	0.0
2025-06-21		FBbt_00045003		2	1	0.0
2025-06-21		FBbt_00045003	VFB_00101567	3	1	0.0
2025-06-21		FBbt_00045004		1	1	0.0
2025-06-21		FBbt_00045004	VFB_00101567	1	1	0.0
2025-06-21		FBbt_00045020		3	1	0.0
2025-06-21		FBbt_00045020	VFB_00101567	3	1	0.0
2025-06-21		FBbt_00045021		3	1	0.0
2025-06-21		FBbt_00045021	VFB_00101567	3	1	0.0
2025-06-21		FBbt_00045027		3	2	0.0
2025-06-21		FBbt_00045027	VFB_00017894	1	1	0.0
2025-06-21		FBbt_00045027	VFB_00101567	2	2	0.0
2025-06-21		FBbt_00045040		2	1	0.0
2025-06-21		FBbt_00045040	VFB_00101567	2	2	0.0
2025-06-21		FBbt_00045048		1	1	0.0
2025-06-21		FBbt_00045048	VFB_00101567	1	1	0.0
2025-06-21		FBbt_00045050		2	1	0.0
2025-06-21		FBbt_00045050	VFB_00101567	2	2	0.0
2025-06-21		FBbt_00045051		2	1	0.0
2025-06-21		FBbt_00045051	VFB_00101567	2	1	0.0
2025-06-21		FBbt_00047887		2	1	0.0
2025-06-21		FBbt_00047887	VFB_00101567	2	1	0.0
2025-06-21		FBbt_00048138		2	1	23.0
2025-06-21		FBbt_00048138	VFB_00101567	3	1	0.0
2025-06-21		FBbt_00049526		1	1	0.0
2025-06-21		FBbt_00049526	VFB_00101567	1	1	0.0
2025-06-21		FBbt_00100219		1	1	0.0
2025-06-21		FBbt_00100219	VFB_00101567	1	1	0.0
2025-06-21		FBbt_00110636		1	1	0.0
2025-06-21		FBbt_00110636	VFB_00101567	1	1	0.0
2025-06-21		FBbt_20001883		1	1	0.0
2025-06-21		FBbt_20001883	VFB_00101567	1	1	0.0
2025-06-21		FBbt_20003004		2	1	0.0
2025-06-21		FBbt_20003004	VFB_00101567	2	2	0.0
2025-06-21		VFB_00030867		5	1	16.0
2025-06-21		VFB_00030867	VFB_00101567	5	1	0.0
2025-06-21		VFB_00030875		4	1	17.0
2025-06-21		VFB_00030875	VFB_00101567	4	2	0.0
2025-06-21		VFB_00048573		18	2	54.0
2025-06-21		VFB_00048573	VFB_00101567	18	8	0.0
2025-06-21		VFB_00100733		24	1	0.0
2025-06-21		VFB_00100733	VFB_00101567	24	1	0.0
2025-06-21		VFB_00100w46		5	1	0.0
2025-06-21		VFB_00100w46	VFB_00101567	5	1	0.0
2025-06-21		VFB_001012rh		1	1	4.0
2025-06-21		VFB_001012rh	VFB_00101567	1	1	0.0
2025-06-21		VFB_00101567		41	9	103.0
2025-06-21		VFB_00101567	VFB_00101567	62	22	20.0
2025-06-21		VFB_00102107		19	2	10.0
2025-06-21		VFB_00102107	VFB_00101567	17	4	0.0
2025-06-21		VFB_00102108		4	1	1.0
2025-06-21		VFB_00102108	VFB_00101567	3	1	0.0
2025-06-21		VFB_00102109		2	1	1.0
2025-06-21		VFB_00102109	VFB_00101567	2	1	0.0
2025-06-21		VFB_00102110		2	1	1.0
2025-06-21		VFB_00102110	VFB_00101567	2	1	0.0
2025-06-21		VFB_00102114		6	1	3.0
2025-06-21		VFB_00102114	VFB_00101567	6	3	0.0
2025-06-21		VFB_00102118		6	1	3.0
2025-06-21		VFB_00102118	VFB_00101567	6	3	0.0
2025-06-21		VFB_00102134		5	1	24.0
2025-06-21		VFB_00102134	VFB_00101567	5	1	0.0
2025-06-21		VFB_00102137		2	1	2.0
2025-06-21		VFB_00102137	VFB_00101567	2	1	0.0
2025-06-21		VFB_00102140		18	2	34.0
2025-06-21		VFB_00102140	VFB_00101567	18	6	0.0
2025-06-21		VFB_00102146		11	2	1.0
2025-06-21		VFB_00102146	VFB_00101567	11	2	0.0
2025-06-21		VFB_00102148		9	1	1.0
2025-06-21		VFB_00102148	VFB_00101567	9	1	0.0
2025-06-21		VFB_00102152		4	1	1.0
2025-06-21		VFB_00102152	VFB_00101567	3	1	0.0
2025-06-21		VFB_00102159		8	1	0.0
2025-06-21		VFB_00102159	VFB_00101567	8	1	0.0
2025-06-21		VFB_00102179		4	2	3.0
2025-06-21		VFB_00102179	VFB_00101567	4	3	0.0
2025-06-21		VFB_00102201		5	2	1.0
2025-06-21		VFB_00102201	VFB_00101567	5	2	0.0
2025-06-21		VFB_00102213		4	2	4.0
2025-06-21		VFB_00102213	VFB_00101567	4	3	0.0
2025-06-21		VFB_00102275		2	1	1.0
2025-06-21		VFB_00102275	VFB_00101567	2	1	0.0
2025-06-21		VFB_00102282		2	1	1.0
2025-06-21		VFB_00102282	VFB_00101567	2	1	0.0
2025-06-21		VFB_fw000968		1	1	0.0
2025-06-21		VFB_fw000968	VFB_00101567	1	1	0.0
2025-06-21		VFB_jrchjvrw		3	1	6.0
2025-06-21		VFB_jrchjvrw	VFB_00101567	3	2	0.0
2025-06-21		VFB_jrchjyjy		2	1	0.0
2025-06-21		VFB_jrchjyjy	VFB_00101567	2	1	0.0
2025-06-21		VFB_jrchk45s		1	1	14.0
2025-06-21		VFB_jrchk45s	VFB_00101567	1	1	0.0
2025-06-21		VFB_jrchk4e3		9	1	13.0
2025-06-21		VFB_jrchk4e3	VFB_00101567	9	2	0.0
2025-06-21		VFB_jrchk6f6		5	1	54.0
2025-06-21		VFB_jrchk6f6	VFB_00101567	4	3	0.0
2025-06-21		VFBexp_FBtp0006		4	1	0.0
2025-06-21		VFBexp_FBtp0006	VFB_00101567	4	3	0.0
2025-06-21		VFBexp_FBtp0018		1	1	0.0
2025-06-21		VFBexp_FBtp0018	VFB_00101567	1	1	0.0
2025-06-21		VFBexp_FBtp0099		1	1	0.0
2025-06-21		VFBexp_FBtp0099	VFB_00101567	1	1	0.0
2025-06-21		VFBexp_FBtp0114		1	1	0.0
2025-06-21		VFBexp_FBtp0114	VFB_00101567	1	1	0.0
2025-06-21	v2.virtualflybrain.org	FBbt_00003624	VFB_00101567	0	4	33.0
2025-06-21	v2.virtualflybrain.org	FBbt_00003632	VFB_00101567	0	2	10.0
2025-06-21	v2.virtualflybrain.org	FBbt_00003680	VFB_00101567	0	1	1.0
2025-06-21	v2.virtualflybrain.org	FBbt_00003681	VFB_00101567	0	4	42.0
2025-06-21	v2.virtualflybrain.org	FBbt_00003684	VFB_00101567	0	5	98.0
2025-06-21	v2.virtualflybrain.org	FBbt_00003701	VFB_00101567	0	2	18.0
2025-06-21	v2.virtualflybrain.org	FBbt_00003748	VFB_00101567	1	6	52.0
2025-06-21	v2.virtualflybrain.org	FBbt_00003852	VFB_00017894	0	1	4.0
2025-06-21	v2.virtualflybrain.org	FBbt_00003909		1	1	32.0
2025-06-21	v2.virtualflybrain.org	FBbt_00007050	VFB_00101567	0	1	11.0
2025-06-21	v2.virtualflybrain.org	FBbt_00007055	VFB_00101567	0	1	16.0
2025-06-21	v2.virtualflybrain.org	FBbt_00007146	VFB_00101567	0	1	19.0
2025-06-21	v2.virtualflybrain.org	FBbt_00007147	VFB_00101567	0	1	13.0
2025-06-21	v2.virtualflybrain.org	FBbt_00007385	VFB_00101567	0	1	1.0
2025-06-21	v2.virtualflybrain.org	FBbt_00007401	VFB_00101567	10	2	66.0
2025-06-21	v2.virtualflybrain.org	FBbt_00007453	VFB_00101567	0	3	19.0
2025-06-21	v2.virtualflybrain.org	FBbt_00013688	VFB_00101567	0	7	125.0
2025-06-21	v2.virtualflybrain.org	FBbt_00013694	VFB_00101567	0	1	26.0
2025-06-21	v2.virtualflybrain.org	FBbt_00014013	VFB_00017894	0	1	5.0
2025-06-21	v2.virtualflybrain.org	FBbt_00040037	VFB_00101567	0	2	25.0
2025-06-21	v2.virtualflybrain.org	FBbt_00040040	VFB_00101567	0	1	59.0
2025-06-21	v2.virtualflybrain.org	FBbt_00040043	VFB_00101567	0	2	33.0
2025-06-21	v2.virtualflybrain.org	FBbt_00040049	VFB_00101567	0	1	23.0
2025-06-21	v2.virtualflybrain.org	FBbt_00040071	VFB_00101567	0	1	7.0
2025-06-21	v2.virtualflybrain.org	FBbt_00040072	VFB_00101567	0	1	9.0
2025-06-21	v2.virtualflybrain.org	FBbt_00045003	VFB_00101567	0	1	2.0
2025-06-21	v2.virtualflybrain.org	FBbt_00045004	VFB_00101567	0	1	2.0
2025-06-21	v2.virtualflybrain.org	FBbt_00045020	VFB_00101567	0	1	4.0
2025-06-21	v2.virtualflybrain.org	FBbt_00045021	VFB_00101567	0	1	2.0
2025-06-21	v2.virtualflybrain.org	FBbt_00045027	VFB_00017894	1	2	0.0
2025-06-21	v2.virtualflybrain.org	FBbt_00045027	VFB_00101567	0	2	13.0
2025-06-21	v2.virtualflybrain.org	FBbt_00045040	VFB_00101567	0	1	11.0
2025-06-21	v2.virtualflybrain.org	FBbt_00045048	VFB_00101567	0	1	19.0
2025-06-21	v2.virtualflybrain.org	FBbt_00045050	VFB_00101567	0	2	80.0
2025-06-21	v2.virtualflybrain.org	FBbt_00045051	VFB_00101567	0	1	5.0
2025-06-21	v2.virtualflybrain.org	FBbt_00047887	VFB_00101567	0	1	6.0
2025-06-21	v2.virtualflybrain.org	FBbt_00048138	VFB_00101567	0	1	0.0
2025-06-21	v2.virtualflybrain.org	FBbt_00049526		1	1	3.0
2025-06-21	v2.virtualflybrain.org	FBbt_00049526	VFB_00101567	0	1	25.0
2025-06-21	v2.virtualflybrain.org	FBbt_00100219	VFB_00101567	0	1	65.0
2025-06-21	v2.virtualflybrain.org	FBbt_00110636	VFB_00101567	0	1	2.0
2025-06-21	v2.virtualflybrain.org	FBbt_20001883	VFB_00101567	0	2	21.0
2025-06-21	v2.virtualflybrain.org	FBbt_20003004	VFB_00101567	0	4	42.0
2025-06-21	v2.virtualflybrain.org	VFB_00017894	VFB_00017894	0	1	0.0
2025-06-21	v2.virtualflybrain.org	VFB_00030867	VFB_00101567	1	2	13.0
2025-06-21	v2.virtualflybrain.org	VFB_00030875	VFB_00101567	0	2	4.0
2025-06-21	v2.virtualflybrain.org	VFB_00048573	VFB_00101567	0	4	53.0
2025-06-21	v2.virtualflybrain.org	VFB_00100733	VFB_00101567	24	1	0.0
2025-06-21	v2.virtualflybrain.org	VFB_00100w46	VFB_00101567	5	1	0.0
2025-06-21	v2.virtualflybrain.org	VFB_001012rh	VFB_00101567	0	1	0.0
2025-06-21	v2.virtualflybrain.org	VFB_00101567	VFB_00101567	8	33	820.0
2025-06-21	v2.virtualflybrain.org	VFB_00102107	VFB_00101567	0	3	35.0
2025-06-21	v2.virtualflybrain.org	VFB_00102108	VFB_00101567	0	1	15.0
2025-06-21	v2.virtualflybrain.org	VFB_00102109	VFB_00101567	0	1	7.0
2025-06-21	v2.virtualflybrain.org	VFB_00102110	VFB_00101567	0	1	8.0
2025-06-21	v2.virtualflybrain.org	VFB_00102114	VFB_00101567	0	3	22.0
2025-06-21	v2.virtualflybrain.org	VFB_00102118	VFB_00101567	0	3	25.0
2025-06-21	v2.virtualflybrain.org	VFB_00102134	VFB_00101567	0	2	34.0
2025-06-21	v2.virtualflybrain.org	VFB_00102137	VFB_00101567	0	1	4.0
2025-06-21	v2.virtualflybrain.org	VFB_00102140	VFB_00101567	0	5	113.0
2025-06-21	v2.virtualflybrain.org	VFB_00102146	VFB_00101567	8	3	26.0
2025-06-21	v2.virtualflybrain.org	VFB_00102148	VFB_00101567	0	2	11.0
2025-06-21	v2.virtualflybrain.org	VFB_00102152	VFB_00101567	0	1	2.0
2025-06-21	v2.virtualflybrain.org	VFB_00102159	VFB_00101567	8	1	0.0
2025-06-21	v2.virtualflybrain.org	VFB_00102179	VFB_00101567	0	1	42.0
2025-06-21	v2.virtualflybrain.org	VFB_00102201	VFB_00101567	0	1	9.0
2025-06-21	v2.virtualflybrain.org	VFB_00102213	VFB_00101567	0	1	45.0
2025-06-21	v2.virtualflybrain.org	VFB_00102275	VFB_00101567	0	1	15.0
2025-06-21	v2.virtualflybrain.org	VFB_00102282	VFB_00101567	0	1	0.0
2025-06-21	v2.virtualflybrain.org	VFB_fw000968	VFB_00101567	1	1	0.0
2025-06-21	v2.virtualflybrain.org	VFB_jrchjvrw	VFB_00101567	0	2	19.0
2025-06-21	v2.virtualflybrain.org	VFB_jrchjyjy		1	1	0.0
2025-06-21	v2.virtualflybrain.org	VFB_jrchjyjy	VFB_00101567	0	1	0.0
2025-06-21	v2.virtualflybrain.org	VFB_jrchjz9j	VFB_jrchjz9j	1	1	1.0
2025-06-21	v2.virtualflybrain.org	VFB_jrchk45s	VFB_00101567	0	1	58.0
2025-06-21	v2.virtualflybrain.org	VFB_jrchk4e3	VFB_00101567	0	2	33.0
2025-06-21	v2.virtualflybrain.org	VFB_jrchk6f6	VFB_00101567	0	2	127.0
2025-06-21	v2.virtualflybrain.org	VFBexp_FBtp0006	VFB_00101567	0	3	24.0
2025-06-21	v2.virtualflybrain.org	VFBexp_FBtp0018	VFB_00101567	0	1	53.0
2025-06-21	v2.virtualflybrain.org	VFBexp_FBtp0099	VFB_00101567	0	1	26.0
2025-06-21	v2.virtualflybrain.org	VFBexp_FBtp0114	VFB_00101567	0	1	165.0
2025-06-22		FBbt_00003624		5	2	0.0
2025-06-22		FBbt_00003624	VFB_00101567	7	2	0.0
2025-06-22		FBbt_00003668		1	1	0.0
2025-06-22		FBbt_00003668	VFB_00017894	1	1	0.0
2025-06-22		FBbt_00003684		2	2	0.0
2025-06-22		FBbt_00003684	VFB_00101567	3	2	0.0
2025-06-22		FBbt_00003748		1	1	0.0
2025-06-22		FBbt_00003748	VFB_00101567	1	1	0.0
2025-06-22		FBbt_00003928		1	1	0.0
2025-06-22		FBbt_00003928	VFB_00101567	1	1	0.0
2025-06-22		FBbt_00007147		12	1	0.0
2025-06-22		FBbt_00007147	VFB_00101567	12	1	0.0
2025-06-22		FBbt_00007401		24	1	0.0
2025-06-22		FBbt_00007401	VFB_00101567	24	1	0.0
2025-06-22		FBbt_00007453		1	1	0.0
2025-06-22		FBbt_00007453	VFB_00017894	1	1	0.0
2025-06-22		FBbt_00013691		2	1	0.0
2025-06-22		FBbt_00013691	VFB_00017894	2	1	0.0
2025-06-22		FBbt_00040043		1	1	0.0
2025-06-22		FBbt_00040043	VFB_00101567	1	1	0.0
2025-06-22		FBbt_00045003		1	1	0.0
2025-06-22		FBbt_00045003	VFB_00101567	2	1	0.0
2025-06-22		FBbt_00045047		1	1	0.0
2025-06-22		FBbt_00045047	VFB_00101567	1	1	0.0
2025-06-22		FBbt_00047035		1	1	0.0
2025-06-22		FBbt_00047035	VFB_00017894	1	1	0.0
2025-06-22		FBbt_00047887		7	1	0.0
2025-06-22		FBbt_00047887	VFB_00101567	8	2	0.0
2025-06-22		FBbt_00050122		1	1	0.0
2025-06-22		FBbt_00050122	VFB_00017894	1	1	0.0
2025-06-22		FBbt_00050123		1	1	0.0
2025-06-22		FBbt_00050123	VFB_00017894	1	1	0.0
2025-06-22		FBbt_00050137		1	1	0.0
2025-06-22		FBbt_00050137	VFB_00017894	1	1	0.0
2025-06-22		FBbt_00050138		1	1	0.0
2025-06-22		FBbt_00050138	VFB_00017894	1	1	0.0
2025-06-22		FBbt_00053204		1	1	0.0
2025-06-22		FBbt_00053204	VFB_00101567	1	1	0.0
2025-06-22		FBbt_00100214		2	1	0.0
2025-06-22		FBbt_00100214	VFB_00101567	2	1	0.0
2025-06-22		FBbt_00100215		1	1	0.0
2025-06-22		FBbt_00100215	VFB_00101567	1	1	0.0
2025-06-22		FBbt_00100219		2	1	0.0
2025-06-22		FBbt_00100219	VFB_00101567	2	1	0.0
2025-06-22		FBbt_00100248		1	1	0.0
2025-06-22		FBbt_00100248	VFB_00017894	1	1	0.0
2025-06-22		FBbt_00100252		1	1	0.0
2025-06-22		FBbt_00100252	VFB_00017894	1	1	0.0
2025-06-22		FBbt_00100258		1	1	0.0
2025-06-22		FBbt_00100258	VFB_00017894	1	1	0.0
2025-06-22		FBbt_00100285		2	1	0.0
2025-06-22		FBbt_00100285	VFB_00017894	2	1	0.0
2025-06-22		FBbt_00100643		1	1	0.0
2025-06-22		FBbt_00100643	VFB_00017894	1	1	0.0
2025-06-22		FBbt_00110636		2	1	0.0
2025-06-22		FBbt_00110636	VFB_00101567	3	1	0.0
2025-06-22		FBbt_00110638		2	1	0.0
2025-06-22		FBbt_00110638	VFB_00017894	2	1	0.0
2025-06-22		FBbt_00110657		1	1	0.0
2025-06-22		FBbt_00110657	VFB_00101567	1	1	0.0
2025-06-22		FBbt_00111170		2	1	0.0
2025-06-22		FBbt_00111170	VFB_00017894	2	2	0.0
2025-06-22		GO_0005198		2	1	6.0
2025-06-22		GO_0005198	VFB_00101567	2	1	0.0
2025-06-22		VFB_00017934		2	1	0.0
2025-06-22		VFB_00017934	VFB_00017894	2	2	0.0
2025-06-22		VFB_00020156		3	1	3.0
2025-06-22		VFB_00020156	VFB_00017894	3	2	0.0
2025-06-22		VFB_00020205		18	1	21.0
2025-06-22		VFB_00020205	VFB_00017894	18	1	0.0
2025-06-22		VFB_00030619		1	1	0.0
2025-06-22		VFB_00030619	VFB_00017894	1	1	0.0
2025-06-22		VFB_00030629		1	1	0.0
2025-06-22		VFB_00030629	VFB_00017894	1	1	0.0
2025-06-22		VFB_00030838		1	1	0.0
2025-06-22		VFB_00030838	VFB_00017894	1	1	0.0
2025-06-22		VFB_00030867		15	1	2.0
2025-06-22		VFB_00030867	VFB_00017894	8	2	0.0
2025-06-22		VFB_00030867	VFB_00101567	7	1	0.0
2025-06-22		VFB_00030875		4	2	0.0
2025-06-22		VFB_00030875	VFB_00017894	4	3	0.0
2025-06-22		VFB_00030901		1	1	0.0
2025-06-22		VFB_00030901	VFB_00017894	1	1	0.0
2025-06-22		VFB_00048573		3	1	10.0
2025-06-22		VFB_00048573	VFB_00101567	3	2	0.0
2025-06-22		VFB_00100246		5	1	5.0
2025-06-22		VFB_00100246	VFB_00017894	3	1	0.0
2025-06-22		VFB_00100246	VFB_00050000	2	1	0.0
2025-06-22		VFB_00100733		24	1	0.0
2025-06-22		VFB_00100733	VFB_00101567	24	1	0.0
2025-06-22		VFB_00101567		57	14	63.0
2025-06-22		VFB_00101567	VFB_00101567	72	28	0.0
2025-06-22		VFB_00102107		4	1	2.0
2025-06-22		VFB_00102107	VFB_00101567	3	1	0.0
2025-06-22		VFB_00102108		4	1	1.0
2025-06-22		VFB_00102108	VFB_00101567	3	1	0.0
2025-06-22		VFB_00102114		2	1	1.0
2025-06-22		VFB_00102114	VFB_00101567	2	1	0.0
2025-06-22		VFB_00102118		5	2	1.0
2025-06-22		VFB_00102118	VFB_00101567	5	2	0.0
2025-06-22		VFB_00102119		4	2	19.0
2025-06-22		VFB_00102119	VFB_00101567	4	2	0.0
2025-06-22		VFB_00102121		2	1	1.0
2025-06-22		VFB_00102121	VFB_00101567	2	1	0.0
2025-06-22		VFB_00102123		2	1	1.0
2025-06-22		VFB_00102123	VFB_00101567	2	1	0.0
2025-06-22		VFB_00102124		2	1	1.0
2025-06-22		VFB_00102124	VFB_00101567	2	1	0.0
2025-06-22		VFB_00102133		2	1	1.0
2025-06-22		VFB_00102133	VFB_00101567	2	1	0.0
2025-06-22		VFB_00102136		1	1	0.0
2025-06-22		VFB_00102136	VFB_00101567	1	1	0.0
2025-06-22		VFB_00102146		11	1	0.0
2025-06-22		VFB_00102146	VFB_00101567	11	1	0.0
2025-06-22		VFB_00102159		4	1	0.0
2025-06-22		VFB_00102159	VFB_00101567	4	1	0.0
2025-06-22		VFB_00102719		8	1	11.0
2025-06-22		VFB_00102719	VFB_00101567	8	2	0.0
2025-06-22		VFB_00102hgu		2	1	0.0
2025-06-22		VFB_00102hgu	VFB_00101567	1	1	0.0
2025-06-22		VFB_00103se0		6	1	0.0
2025-06-22		VFB_00103se0	VFB_00017894	4	1	0.0
2025-06-22		VFB_00103se0	VFB_00101567	2	1	0.0
2025-06-22		VFB_jrchjric		3	1	0.0
2025-06-22		VFB_jrchjric	VFB_00101567	3	1	0.0
2025-06-22		VFB_jrchk31r		8	1	21.0
2025-06-22		VFB_jrchk31r	VFB_00101567	4	1	0.0
2025-06-22		VFBexp_FBtp0010		1	1	0.0
2025-06-22		VFBexp_FBtp0010	VFB_00101567	1	1	0.0
2025-06-22		VFBexp_FBtp0099		2	1	0.0
2025-06-22		VFBexp_FBtp0099	VFB_00101567	2	1	0.0
2025-06-22		VFBexp_FBtp0122		1	1	0.0
2025-06-22		VFBexp_FBtp0122	VFB_00101567	1	1	0.0
2025-06-22	v2.virtualflybrain.org	FBbt_00003624	VFB_00101567	1	4	750.0
2025-06-22	v2.virtualflybrain.org	FBbt_00003668	VFB_00017894	0	1	18.0
2025-06-22	v2.virtualflybrain.org	FBbt_00003684	VFB_00101567	0	2	28.0
2025-06-22	v2.virtualflybrain.org	FBbt_00003748	VFB_00101567	0	1	217.0
2025-06-22	v2.virtualflybrain.org	FBbt_00003928	VFB_00101567	0	1	11.0
2025-06-22	v2.virtualflybrain.org	FBbt_00007147	VFB_00101567	0	1	92.0
2025-06-22	v2.virtualflybrain.org	FBbt_00007401	VFB_00101567	24	1	47.0
2025-06-22	v2.virtualflybrain.org	FBbt_00007453	VFB_00017894	0	1	4.0
2025-06-22	v2.virtualflybrain.org	FBbt_00013691	VFB_00017894	0	1	14.0
2025-06-22	v2.virtualflybrain.org	FBbt_00040043	VFB_00101567	0	2	37.0
2025-06-22	v2.virtualflybrain.org	FBbt_00045003	VFB_00101567	0	1	4.0
2025-06-22	v2.virtualflybrain.org	FBbt_00045047	VFB_00101567	0	2	20.0
2025-06-22	v2.virtualflybrain.org	FBbt_00047035	VFB_00017894	0	1	9.0
2025-06-22	v2.virtualflybrain.org	FBbt_00047887	VFB_00101567	0	3	30.0
2025-06-22	v2.virtualflybrain.org	FBbt_00050122	VFB_00017894	0	1	13.0
2025-06-22	v2.virtualflybrain.org	FBbt_00050123	VFB_00017894	0	1	13.0
2025-06-22	v2.virtualflybrain.org	FBbt_00050137	VFB_00017894	0	1	13.0
2025-06-22	v2.virtualflybrain.org	FBbt_00050138	VFB_00017894	1	2	61.0
2025-06-22	v2.virtualflybrain.org	FBbt_00053204	VFB_00101567	0	2	68.0
2025-06-22	v2.virtualflybrain.org	FBbt_00100214	VFB_00101567	0	1	53.0
2025-06-22	v2.virtualflybrain.org	FBbt_00100215	VFB_00101567	0	1	12.0
2025-06-22	v2.virtualflybrain.org	FBbt_00100219	VFB_00101567	1	2	209.0
2025-06-22	v2.virtualflybrain.org	FBbt_00100248	VFB_00017894	0	1	27.0
2025-06-22	v2.virtualflybrain.org	FBbt_00100252	VFB_00017894	0	1	36.0
2025-06-22	v2.virtualflybrain.org	FBbt_00100258	VFB_00017894	0	1	14.0
2025-06-22	v2.virtualflybrain.org	FBbt_00100285	VFB_00017894	0	3	83.0
2025-06-22	v2.virtualflybrain.org	FBbt_00100643	VFB_00017894	0	1	91.0
2025-06-22	v2.virtualflybrain.org	FBbt_00110636	VFB_00101567	0	1	10.0
2025-06-22	v2.virtualflybrain.org	FBbt_00110638	VFB_00017894	0	1	183.0
2025-06-22	v2.virtualflybrain.org	FBbt_00110657	VFB_00101567	0	1	91.0
2025-06-22	v2.virtualflybrain.org	FBbt_00111170	VFB_00017894	0	2	67.0
2025-06-22	v2.virtualflybrain.org	GO_0005198	VFB_00101567	0	1	0.0
2025-06-22	v2.virtualflybrain.org	VFB_00017894	VFB_00017894	0	1	1.0
2025-06-22	v2.virtualflybrain.org	VFB_00017934	VFB_00017894	0	1	8.0
2025-06-22	v2.virtualflybrain.org	VFB_00020156	VFB_00017894	0	2	9.0
2025-06-22	v2.virtualflybrain.org	VFB_00020205	VFB_00017894	0	2	6.0
2025-06-22	v2.virtualflybrain.org	VFB_00020205	VFB_00101567	2	3	19.0
2025-06-22	v2.virtualflybrain.org	VFB_00030619	VFB_00017894	0	1	0.0
2025-06-22	v2.virtualflybrain.org	VFB_00030629	VFB_00017894	0	1	24.0
2025-06-22	v2.virtualflybrain.org	VFB_00030838	VFB_00017894	0	1	10.0
2025-06-22	v2.virtualflybrain.org	VFB_00030867	VFB_00017894	2	4	97.0
2025-06-22	v2.virtualflybrain.org	VFB_00030867	VFB_00101567	3	2	23.0
2025-06-22	v2.virtualflybrain.org	VFB_00030875	VFB_00017894	0	1	10.0
2025-06-22	v2.virtualflybrain.org	VFB_00030901	VFB_00017894	0	2	16.0
2025-06-22	v2.virtualflybrain.org	VFB_00048573	VFB_00101567	0	2	80.0
2025-06-22	v2.virtualflybrain.org	VFB_00100246	VFB_00017894	0	2	1.0
2025-06-22	v2.virtualflybrain.org	VFB_00100246	VFB_00050000	1	3	13.0
2025-06-22	v2.virtualflybrain.org	VFB_00100733	VFB_00101567	24	1	0.0
2025-06-22	v2.virtualflybrain.org	VFB_00101567	VFB_00101567	19	45	560.0
2025-06-22	v2.virtualflybrain.org	VFB_00102107	VFB_00101567	0	1	18.0
2025-06-22	v2.virtualflybrain.org	VFB_00102108	VFB_00101567	0	1	1.0
2025-06-22	v2.virtualflybrain.org	VFB_00102114	VFB_00101567	0	1	0.0
2025-06-22	v2.virtualflybrain.org	VFB_00102118	VFB_00101567	0	1	6.0
2025-06-22	v2.virtualflybrain.org	VFB_00102119	VFB_00101567	0	2	0.0
2025-06-22	v2.virtualflybrain.org	VFB_00102121	VFB_00101567	0	1	3.0
2025-06-22	v2.virtualflybrain.org	VFB_00102123	VFB_00101567	0	1	12.0
2025-06-22	v2.virtualflybrain.org	VFB_00102124	VFB_00101567	0	1	0.0
2025-06-22	v2.virtualflybrain.org	VFB_00102133	VFB_00101567	0	1	0.0
2025-06-22	v2.virtualflybrain.org	VFB_00102136	VFB_00101567	1	1	0.0
2025-06-22	v2.virtualflybrain.org	VFB_00102146	VFB_00101567	10	2	0.0
2025-06-22	v2.virtualflybrain.org	VFB_00102159	VFB_00101567	4	1	0.0
2025-06-22	v2.virtualflybrain.org	VFB_00102719	VFB_00101567	2	2	45.0
2025-06-22	v2.virtualflybrain.org	VFB_00102hgu	VFB_00101567	0	1	5.0
2025-06-22	v2.virtualflybrain.org	VFB_00103se0	VFB_00017894	0	3	41.0
2025-06-22	v2.virtualflybrain.org	VFB_00103se0	VFB_00101567	2	3	95.0
2025-06-22	v2.virtualflybrain.org	VFB_jrchjric		1	1	0.0
2025-06-22	v2.virtualflybrain.org	VFB_jrchjric	VFB_00101567	2	1	0.0
2025-06-22	v2.virtualflybrain.org	VFB_jrchk31r	VFB_00101567	0	2	9.0
2025-06-22	v2.virtualflybrain.org	VFBexp_FBtp0010	VFB_00101567	0	1	33.0
2025-06-22	v2.virtualflybrain.org	VFBexp_FBtp0099		1	1	2.0
2025-06-22	v2.virtualflybrain.org	VFBexp_FBtp0099	VFB_00101567	1	1	105.0
2025-06-22	v2.virtualflybrain.org	VFBexp_FBtp0122		1	1	0.0
2025-06-22	v2.virtualflybrain.org	VFBexp_FBtp0122	VFB_00101567	0	1	0.0
2025-06-23		FBbt_00003624		8	4	0.0
2025-06-23		FBbt_00003624	VFB_00101567	8	5	0.0
2025-06-23		FBbt_00003632		2	1	0.0
2025-06-23		FBbt_00003632	VFB_00101567	2	1	0.0
2025-06-23		FBbt_00003668		2	1	0.0
2025-06-23		FBbt_00003668	VFB_00101567	2	1	0.0
2025-06-23		FBbt_00003678		7	1	0.0
2025-06-23		FBbt_00003678	VFB_00101567	7	1	0.0
2025-06-23		FBbt_00003679		1	1	0.0
2025-06-23		FBbt_00003679	VFB_00101567	1	1	0.0
2025-06-23		FBbt_00003681		6	2	0.0
2025-06-23		FBbt_00003681	VFB_00101567	6	2	0.0
2025-06-23		FBbt_00003684		2	1	0.0
2025-06-23		FBbt_00003684	VFB_00101567	2	1	0.0
2025-06-23		FBbt_00003701		1	1	0.0
2025-06-23		FBbt_00003701	VFB_00101567	1	1	0.0
2025-06-23		FBbt_00003748		4	3	0.0
2025-06-23		FBbt_00003748	VFB_00101567	5	3	0.0
2025-06-23		FBbt_00003764		11	1	0.0
2025-06-23		FBbt_00003764	VFB_00101567	11	2	0.0
2025-06-23		FBbt_00007050		3	2	0.0
2025-06-23		FBbt_00007050	VFB_00101567	8	2	0.0
2025-06-23		FBbt_00007055		2	1	0.0
2025-06-23		FBbt_00007055	VFB_00101567	2	1	0.0
2025-06-23		FBbt_00007364		1	1	0.0
2025-06-23		FBbt_00007364	VFB_00101567	1	1	0.0
2025-06-23		FBbt_00007401		7	2	0.0
2025-06-23		FBbt_00007401	VFB_00101567	7	2	0.0
2025-06-23		FBbt_00007428		8	1	0.0
2025-06-23		FBbt_00007428	VFB_00101567	8	2	0.0
2025-06-23		FBbt_00007433		4	1	0.0
2025-06-23		FBbt_00007433	VFB_00101567	4	1	0.0
2025-06-23		FBbt_00040037		1	1	0.0
2025-06-23		FBbt_00040037	VFB_00101567	1	1	0.0
2025-06-23		FBbt_00040041		3	2	0.0
2025-06-23		FBbt_00040041	VFB_00101567	3	2	0.0
2025-06-23		FBbt_00040042		1	1	0.0
2025-06-23		FBbt_00040042	VFB_00101567	1	1	0.0
2025-06-23		FBbt_00040043		1	1	0.0
2025-06-23		FBbt_00040043	VFB_00101567	1	1	0.0
2025-06-23		FBbt_00045020		1	1	0.0
2025-06-23		FBbt_00045020	VFB_00101567	1	1	0.0
2025-06-23		FBbt_00045021		2	1	0.0
2025-06-23		FBbt_00045021	VFB_00101567	2	1	0.0
2025-06-23		FBbt_00045027		1	1	0.0
2025-06-23		FBbt_00045027	VFB_00101567	1	1	0.0
2025-06-23		FBbt_00045037		1	1	0.0
2025-06-23		FBbt_00045037	VFB_00101567	1	1	0.0
2025-06-23		FBbt_00045048		1	1	0.0
2025-06-23		FBbt_00045048	VFB_00101567	1	1	0.0
2025-06-23		FBbt_00047735		1	1	0.0
2025-06-23		FBbt_00047735	VFB_00101567	1	1	0.0
2025-06-23		FBbt_00047887		1	1	0.0
2025-06-23		FBbt_00047887	VFB_00101567	1	1	0.0
2025-06-23		FBbt_00053040		1	1	0.0
2025-06-23		FBbt_00053040	VFB_00101567	1	1	0.0
2025-06-23		FBbt_00053384		6	1	0.0
2025-06-23		FBbt_00053384	VFB_00101567	6	1	0.0
2025-06-23		FBbt_00110167		2	1	0.0
2025-06-23		FBbt_00110167	VFB_00101567	2	2	0.0
2025-06-23		FBbt_20003885		4	1	0.0
2025-06-23		FBbt_20003885	VFB_00101567	4	1	0.0
2025-06-23		VFB_00000001		3	1	0.0
2025-06-23		VFB_00000001	VFB_00101567	3	1	0.0
2025-06-23		VFB_00017894		13	1	0.0
2025-06-23		VFB_00017894	VFB_00017894	13	1	0.0
2025-06-23		VFB_00022053		3	1	11.0
2025-06-23		VFB_00022053	VFB_00101567	3	1	0.0
2025-06-23		VFB_00050000		6	2	2.0
2025-06-23		VFB_00050000	VFB_00050000	7	3	5.0
2025-06-23		VFB_00100266		6	1	4.0
2025-06-23		VFB_00100266	VFB_00101567	7	1	0.0
2025-06-23		VFB_00100692		1	1	0.0
2025-06-23		VFB_00100692	VFB_00050000	1	1	0.0
2025-06-23		VFB_00100733		24	1	0.0
2025-06-23		VFB_00100733	VFB_00101567	24	1	0.0
2025-06-23		VFB_00100w46		6	1	0.0
2025-06-23		VFB_00100w46	VFB_00101567	6	1	0.0
2025-06-23		VFB_00101382		5	1	38.0
2025-06-23		VFB_00101382	VFB_00101567	5	1	0.0
2025-06-23		VFB_001014uq		4	2	15.0
2025-06-23		VFB_001014uq	VFB_00101567	4	2	0.0
2025-06-23		VFB_00101567		123	24	716.0
2025-06-23		VFB_00101567	VFB_00101567	137	35	0.0
2025-06-23		VFB_00102107		2	1	2.0
2025-06-23		VFB_00102107	VFB_00101567	2	1	0.0
2025-06-23		VFB_00102108		2	1	0.0
2025-06-23		VFB_00102108	VFB_00101567	2	1	0.0
2025-06-23		VFB_00102140		2	1	13.0
2025-06-23		VFB_00102140	VFB_00101567	2	2	0.0
2025-06-23		VFB_00102146		9	1	0.0
2025-06-23		VFB_00102146	VFB_00101567	9	1	0.0
2025-06-23		VFB_00102159		5	1	0.0
2025-06-23		VFB_00102159	VFB_00101567	5	1	0.0
2025-06-23		VFB_00102e7t		4	1	3.0
2025-06-23		VFB_00102e7t	VFB_00101567	3	1	0.0
2025-06-23		VFB_00102e7t	VFB_00120000	1	1	0.0
2025-06-23		VFB_00103m9i		5	1	0.0
2025-06-23		VFB_00103m9i	VFB_00101567	5	2	0.0
2025-06-23		VFB_00103m9j		6	1	1.0
2025-06-23		VFB_00103m9j	VFB_00101567	6	2	0.0
2025-06-23		VFB_00104636		1	1	0.0
2025-06-23		VFB_00104636	VFB_00200000	1	1	0.0
2025-06-23		VFB_00104638		1	1	0.0
2025-06-23		VFB_00104638	VFB_00200000	1	1	0.0
2025-06-23		VFB_00104643		1	1	0.0
2025-06-23		VFB_00104643	VFB_00200000	1	1	0.0
2025-06-23		VFB_00104s04		6	1	0.0
2025-06-23		VFB_00104s04	VFB_00101567	6	2	0.0
2025-06-23		VFB_00200000		2	2	0.0
2025-06-23		VFB_00200000	VFB_00200000	5	5	84.0
2025-06-23		VFB_fw020162		12	1	3.0
2025-06-23		VFB_fw020162	VFB_00101567	12	1	0.0
2025-06-23		VFB_fw034815		23	1	89.0
2025-06-23		VFB_fw034815	VFB_00101567	28	3	0.0
2025-06-23		VFB_fw035203		4	1	16.0
2025-06-23		VFB_fw035203	VFB_00101567	4	1	0.0
2025-06-23		VFB_jrchjric		3	1	0.0
2025-06-23		VFB_jrchjric	VFB_00101567	3	1	0.0
2025-06-23		VFB_jrchjujg		9	1	0.0
2025-06-23		VFB_jrchjujg	VFB_00101567	9	2	0.0
2025-06-23		VFB_jrchjujp		2	1	4.0
2025-06-23		VFB_jrchjujp	VFB_00101567	2	1	0.0
2025-06-23		VFB_jrchk0f2		4	1	4.0
2025-06-23		VFB_jrchk0f2	VFB_00101567	4	1	0.0
2025-06-23		VFB_jrchk819		8	1	0.0
2025-06-23		VFB_jrchk819	VFB_00101567	8	2	0.0
2025-06-23		VFB_jrchk81z		5	1	0.0
2025-06-23		VFB_jrchk81z	VFB_00101567	5	2	0.0
2025-06-23		VFB_jrchk822		7	1	14.0
2025-06-23		VFB_jrchk822	VFB_00101567	7	2	0.0
2025-06-23		VFBexp_FBtp0057		1	1	0.0
2025-06-23		VFBexp_FBtp0057	VFB_00101567	1	1	0.0
2025-06-23		VFBexp_FBtp0064		3	1	0.0
2025-06-23		VFBexp_FBtp0064	VFB_00101567	3	1	0.0
2025-06-23		VFBexp_FBtp0122		8	1	0.0
2025-06-23		VFBexp_FBtp0122	VFB_00101567	8	2	0.0
2025-06-23	v2.virtualflybrain.org	FBbt_00003624	VFB_00101567	0	4	86.0
2025-06-23	v2.virtualflybrain.org	FBbt_00003632	VFB_00101567	0	1	3.0
2025-06-23	v2.virtualflybrain.org	FBbt_00003668	VFB_00101567	0	1	0.0
2025-06-23	v2.virtualflybrain.org	FBbt_00003678	VFB_00101567	0	1	8.0
2025-06-23	v2.virtualflybrain.org	FBbt_00003679	VFB_00101567	0	1	4.0
2025-06-23	v2.virtualflybrain.org	FBbt_00003681	VFB_00101567	3	4	43.0
2025-06-23	v2.virtualflybrain.org	FBbt_00003684	VFB_00101567	0	1	1.0
2025-06-23	v2.virtualflybrain.org	FBbt_00003701	VFB_00101567	0	1	2.0
2025-06-23	v2.virtualflybrain.org	FBbt_00003748	VFB_00101567	2	5	37.0
2025-06-23	v2.virtualflybrain.org	FBbt_00003764	VFB_00101567	0	3	161.0
2025-06-23	v2.virtualflybrain.org	FBbt_00007050	VFB_00101567	0	2	24.0
2025-06-23	v2.virtualflybrain.org	FBbt_00007055	VFB_00101567	0	2	14.0
2025-06-23	v2.virtualflybrain.org	FBbt_00007364	VFB_00101567	0	1	1.0
2025-06-23	v2.virtualflybrain.org	FBbt_00007401	VFB_00101567	6	1	11.0
2025-06-23	v2.virtualflybrain.org	FBbt_00007428	VFB_00101567	0	2	154.0
2025-06-23	v2.virtualflybrain.org	FBbt_00007433	VFB_00101567	0	2	99.0
2025-06-23	v2.virtualflybrain.org	FBbt_00040037	VFB_00101567	0	2	8.0
2025-06-23	v2.virtualflybrain.org	FBbt_00040041	VFB_00101567	0	3	82.0
2025-06-23	v2.virtualflybrain.org	FBbt_00040042	VFB_00101567	0	3	1106.0
2025-06-23	v2.virtualflybrain.org	FBbt_00040043	VFB_00101567	0	1	5.0
2025-06-23	v2.virtualflybrain.org	FBbt_00045020	VFB_00101567	1	1	0.0
2025-06-23	v2.virtualflybrain.org	FBbt_00045021	VFB_00101567	0	1	0.0
2025-06-23	v2.virtualflybrain.org	FBbt_00045027	VFB_00101567	0	1	28.0
2025-06-23	v2.virtualflybrain.org	FBbt_00045037		1	1	0.0
2025-06-23	v2.virtualflybrain.org	FBbt_00045037	VFB_00101567	0	1	43.0
2025-06-23	v2.virtualflybrain.org	FBbt_00045048	VFB_00101567	0	2	10.0
2025-06-23	v2.virtualflybrain.org	FBbt_00047735	VFB_00101567	0	1	977.0
2025-06-23	v2.virtualflybrain.org	FBbt_00047887	VFB_00101567	0	2	3.0
2025-06-23	v2.virtualflybrain.org	FBbt_00053040	VFB_00101567	0	2	23.0
2025-06-23	v2.virtualflybrain.org	FBbt_00053384	VFB_00101567	0	1	7.0
2025-06-23	v2.virtualflybrain.org	FBbt_00110167	VFB_00101567	1	3	45.0
2025-06-23	v2.virtualflybrain.org	FBbt_20003885		1	1	3.0
2025-06-23	v2.virtualflybrain.org	FBbt_20003885	VFB_00101567	3	1	1.0
2025-06-23	v2.virtualflybrain.org	VFB_00000001	VFB_00101567	1	1	7.0
2025-06-23	v2.virtualflybrain.org	VFB_00017894	VFB_00017894	13	3	0.0
2025-06-23	v2.virtualflybrain.org	VFB_00017934	VFB_00017894	1	1	0.0
2025-06-23	v2.virtualflybrain.org	VFB_00022053	VFB_00101567	0	1	2.0
2025-06-23	v2.virtualflybrain.org	VFB_00030867	VFB_00017894	0	1	0.0
2025-06-23	v2.virtualflybrain.org	VFB_00050000	VFB_00050000	2	5	285.0
2025-06-23	v2.virtualflybrain.org	VFB_00100266	VFB_00101567	0	2	2.0
2025-06-23	v2.virtualflybrain.org	VFB_00100692	VFB_00050000	1	1	0.0
2025-06-23	v2.virtualflybrain.org	VFB_00100733	VFB_00101567	24	1	0.0
2025-06-23	v2.virtualflybrain.org	VFB_00100w46	VFB_00101567	5	1	0.0
2025-06-23	v2.virtualflybrain.org	VFB_00101382	VFB_00101567	0	2	160.0
2025-06-23	v2.virtualflybrain.org	VFB_001014uq	VFB_00101567	0	3	3.0
2025-06-23	v2.virtualflybrain.org	VFB_00101567		2	1	2.0
2025-06-23	v2.virtualflybrain.org	VFB_00101567	VFB_00101567	42	74	947.0
2025-06-23	v2.virtualflybrain.org	VFB_001016xn	VFB_00101567	2	1	0.0
2025-06-23	v2.virtualflybrain.org	VFB_00102107	VFB_00101567	3	2	7.0
2025-06-23	v2.virtualflybrain.org	VFB_00102140	VFB_00101567	0	2	37.0
2025-06-23	v2.virtualflybrain.org	VFB_00102146	VFB_00101567	9	1	0.0
2025-06-23	v2.virtualflybrain.org	VFB_00102159	VFB_00101567	5	1	0.0
2025-06-23	v2.virtualflybrain.org	VFB_00102e7t	VFB_00101567	0	2	1.0
2025-06-23	v2.virtualflybrain.org	VFB_00102e7t	VFB_00120000	1	3	66.0
2025-06-23	v2.virtualflybrain.org	VFB_00103m9i	VFB_00101567	0	3	133.0
2025-06-23	v2.virtualflybrain.org	VFB_00103m9j	VFB_00101567	0	1	14.0
2025-06-23	v2.virtualflybrain.org	VFB_00104636	VFB_00200000	0	2	31.0
2025-06-23	v2.virtualflybrain.org	VFB_00104638	VFB_00200000	0	1	146.0
2025-06-23	v2.virtualflybrain.org	VFB_00104643	VFB_00200000	0	1	9.0
2025-06-23	v2.virtualflybrain.org	VFB_00104s04	VFB_00101567	5	2	147.0
2025-06-23	v2.virtualflybrain.org	VFB_00200000	VFB_00200000	2	8	60.0
2025-06-23	v2.virtualflybrain.org	VFB_fw020162		1	1	4.0
2025-06-23	v2.virtualflybrain.org	VFB_fw020162	VFB_00101567	10	1	0.0
2025-06-23	v2.virtualflybrain.org	VFB_fw034815	VFB_00101567	1	4	26.0
2025-06-23	v2.virtualflybrain.org	VFB_fw035203	VFB_00101567	0	1	0.0
2025-06-23	v2.virtualflybrain.org	VFB_jrchjric	VFB_00101567	1	1	52.0
2025-06-23	v2.virtualflybrain.org	VFB_jrchjujg	VFB_00101567	7	2	20.0
2025-06-23	v2.virtualflybrain.org	VFB_jrchjujp		1	1	2.0
2025-06-23	v2.virtualflybrain.org	VFB_jrchjujp	VFB_00101567	0	1	6.0
2025-06-23	v2.virtualflybrain.org	VFB_jrchk0f2		1	1	2.0
2025-06-23	v2.virtualflybrain.org	VFB_jrchk0f2	VFB_00101567	2	1	91.0
2025-06-23	v2.virtualflybrain.org	VFB_jrchk819	VFB_00101567	6	2	237.0
2025-06-23	v2.virtualflybrain.org	VFB_jrchk81z	VFB_00101567	1	3	154.0
2025-06-23	v2.virtualflybrain.org	VFB_jrchk822	VFB_00101567	2	1	684.0
2025-06-23	v2.virtualflybrain.org	VFBexp_FBtp0057	VFB_00101567	0	1	1.0
2025-06-23	v2.virtualflybrain.org	VFBexp_FBtp0064		1	1	0.0
2025-06-23	v2.virtualflybrain.org	VFBexp_FBtp0064	VFB_00101567	2	1	14.0
2025-06-23	v2.virtualflybrain.org	VFBexp_FBtp0122		6	1	6.0
2025-06-23	v2.virtualflybrain.org	VFBexp_FBtp0122	VFB_00101567	0	1	277.0
2025-06-24		FBbt_00003004		4	1	2.0
2025-06-24		FBbt_00003004	VFB_00101567	5	1	0.0
2025-06-24		FBbt_00003624		2	1	0.0
2025-06-24		FBbt_00003624	VFB_00101567	4	1	0.0
2025-06-24		FBbt_00003678		2	2	0.0
2025-06-24		FBbt_00003678	VFB_00101567	2	2	0.0
2025-06-24		FBbt_00003680		1	1	0.0
2025-06-24		FBbt_00003680	VFB_00101567	1	1	0.0
2025-06-24		FBbt_00003852		1	1	0.0
2025-06-24		FBbt_00003852	VFB_00101567	1	1	0.0
2025-06-24		FBbt_00005093		1	1	0.0
2025-06-24		FBbt_00005093	VFB_00101567	1	1	0.0
2025-06-24		FBbt_00007453		1	1	0.0
2025-06-24		FBbt_00007453	VFB_00101567	1	1	0.0
2025-06-24		FBbt_00013691		1	1	0.0
2025-06-24		FBbt_00013691	VFB_00101567	1	1	0.0
2025-06-24		FBbt_00013694		4	1	0.0
2025-06-24		FBbt_00013694	VFB_00101567	4	1	0.0
2025-06-24		FBbt_00013695		5	1	0.0
2025-06-24		FBbt_00013695	VFB_00101567	5	1	0.0
2025-06-24		FBbt_00040001		3	1	0.0
2025-06-24		FBbt_00040001	VFB_00101567	4	1	0.0
2025-06-24		FBbt_00040040		1	1	0.0
2025-06-24		FBbt_00040040	VFB_00101567	1	1	0.0
2025-06-24		FBbt_00040041		1	1	0.0
2025-06-24		FBbt_00040041	VFB_00101567	1	1	0.0
2025-06-24		FBbt_00040042		1	1	0.0
2025-06-24		FBbt_00040042	VFB_00101567	1	1	0.0
2025-06-24		FBbt_00040043		2	1	0.0
2025-06-24		FBbt_00040043	VFB_00101567	2	1	0.0
2025-06-24		FBbt_00045021		1	1	0.0
2025-06-24		FBbt_00045021	VFB_00101567	1	1	0.0
2025-06-24		FBbt_00045040		2	1	0.0
2025-06-24		FBbt_00045040	VFB_00101567	2	1	0.0
2025-06-24		FBbt_00047043		5	1	0.0
2025-06-24		FBbt_00047043	VFB_00101567	5	2	0.0
2025-06-24		FBbt_00047573		1	1	0.0
2025-06-24		FBbt_00047573	VFB_00200000	1	1	0.0
2025-06-24		FBbt_00047681		2	1	0.0
2025-06-24		FBbt_00047681	VFB_00050000	3	1	0.0
2025-06-24		FBbt_00047887		3	1	0.0
2025-06-24		FBbt_00047887	VFB_00101567	3	1	0.0
2025-06-24		FBbt_00049526		1	1	0.0
2025-06-24		FBbt_00049526	VFB_00101567	1	1	0.0
2025-06-24		FBbt_00053100		1	1	0.0
2025-06-24		FBbt_00053100	VFB_00101567	1	1	0.0
2025-06-24		FBbt_00053384		4	1	0.0
2025-06-24		FBbt_00053384	VFB_00101567	4	1	0.0
2025-06-24		FBbt_00100247		1	1	0.0
2025-06-24		FBbt_00100247	VFB_00101567	1	1	0.0
2025-06-24		FBbt_00110167		1	1	0.0
2025-06-24		FBbt_00110167	VFB_00101567	1	1	0.0
2025-06-24		FBbt_00110636		1	1	0.0
2025-06-24		FBbt_00110636	VFB_00101567	1	1	0.0
2025-06-24		FBbt_00110638		1	1	0.0
2025-06-24		FBbt_00110638	VFB_00101567	1	1	0.0
2025-06-24		FBbt_00110657		5	1	0.0
2025-06-24		FBbt_00110657	VFB_00101567	5	1	0.0
2025-06-24		FBbt_00110658		3	1	0.0
2025-06-24		FBbt_00110658	VFB_00101567	3	1	0.0
2025-06-24		FBbt_20001950		1	1	0.0
2025-06-24		FBbt_20001950	VFB_00200000	1	1	0.0
2025-06-24		FBbt_20011353		5	1	0.0
2025-06-24		FBbt_20011353	VFB_00200000	5	4	0.0
2025-06-24		VFB_00017894		6	1	0.0
2025-06-24		VFB_00017894	VFB_00017894	6	1	0.0
2025-06-24		VFB_00030867		1	1	0.0
2025-06-24		VFB_00030867	VFB_00017894	1	1	0.0
2025-06-24		VFB_00049000		1	1	0.0
2025-06-24		VFB_00049000	VFB_00049000	3	2	18.0
2025-06-24		VFB_00050000		9	1	0.0
2025-06-24		VFB_00050000	VFB_00050000	13	4	87.0
2025-06-24		VFB_00100733		6	1	0.0
2025-06-24		VFB_00100733	VFB_00101567	6	1	0.0
2025-06-24		VFB_00100907		2	1	0.0
2025-06-24		VFB_00100907	VFB_00050000	2	2	0.0
2025-06-24		VFB_00100w46		8	1	0.0
2025-06-24		VFB_00100w46	VFB_00101567	8	1	0.0
2025-06-24		VFB_00101068		21	1	69.0
2025-06-24		VFB_00101068	VFB_00050000	20	7	0.0
2025-06-24		VFB_00101091		23	1	9.0
2025-06-24		VFB_00101091	VFB_00050000	21	5	0.0
2025-06-24		VFB_00101091	VFB_00101567	2	1	0.0
2025-06-24		VFB_00101273		6	2	13.0
2025-06-24		VFB_00101273	VFB_00101567	6	3	0.0
2025-06-24		VFB_00101567		109	22	162.0
2025-06-24		VFB_00101567	VFB_00101567	114	34	33.0
2025-06-24		VFB_0010159q		3	1	23.0
2025-06-24		VFB_0010159q	VFB_00050000	3	2	0.0
2025-06-24		VFB_00101722		2	1	0.0
2025-06-24		VFB_00101722	VFB_00050000	2	2	0.0
2025-06-24		VFB_00102118		1	1	5.0
2025-06-24		VFB_00102118	VFB_00101567	1	1	0.0
2025-06-24		VFB_00102135		7	1	12.0
2025-06-24		VFB_00102135	VFB_00101567	7	2	0.0
2025-06-24		VFB_00102146		9	1	0.0
2025-06-24		VFB_00102146	VFB_00101567	9	1	0.0
2025-06-24		VFB_00102159		9	1	0.0
2025-06-24		VFB_00102159	VFB_00101567	9	1	0.0
2025-06-24		VFB_00102275		2	1	1.0
2025-06-24		VFB_00102275	VFB_00101567	2	1	0.0
2025-06-24		VFB_00102egc		1	1	0.0
2025-06-24		VFB_00102egc	VFB_00050000	1	1	0.0
2025-06-24		VFB_00104636		1	1	0.0
2025-06-24		VFB_00104636	VFB_00200000	1	1	0.0
2025-06-24		VFB_fw000946		17	1	13.0
2025-06-24		VFB_fw000946	VFB_00101567	17	3	0.0
2025-06-24		VFB_fw008070		2	1	3.0
2025-06-24		VFB_fw008070	VFB_00101567	2	1	0.0
2025-06-24		VFB_fw008721		6	1	0.0
2025-06-24		VFB_fw008721	VFB_00101567	6	1	0.0
2025-06-24		VFB_fw020162		6	1	0.0
2025-06-24		VFB_fw020162	VFB_00101567	6	1	0.0
2025-06-24		VFB_fw022372		20	1	12.0
2025-06-24		VFB_fw022372	VFB_00101567	20	3	0.0
2025-06-24		VFB_fw032117		20	1	12.0
2025-06-24		VFB_fw032117	VFB_00101567	20	3	0.0
2025-06-24		VFB_fw032170		31	1	40.0
2025-06-24		VFB_fw032170	VFB_00101567	31	2	0.0
2025-06-24		VFB_fw033184		3	1	8.0
2025-06-24		VFB_fw033184	VFB_00200000	3	1	0.0
2025-06-24		VFB_jrchjtse		1	1	0.0
2025-06-24		VFB_jrchjtse	VFB_00101567	1	1	0.0
2025-06-24		VFB_jrchjtsf		1	1	0.0
2025-06-24		VFB_jrchjtsf	VFB_00101567	1	1	0.0
2025-06-24		VFB_jrchjtsg		4	1	32.0
2025-06-24		VFB_jrchjtsg	VFB_00101567	4	1	0.0
2025-06-24		VFB_jrchjwrz		3	1	0.0
2025-06-24		VFB_jrchjwrz	VFB_00101567	3	1	0.0
2025-06-24		VFB_jrchk0f2		1	1	0.0
2025-06-24		VFB_jrchk0f2	VFB_00101567	1	1	0.0
2025-06-24		VFB_jrcv07ta		4	1	17.0
2025-06-24		VFB_jrcv07ta	VFB_00200000	3	2	0.0
2025-06-24		VFB_jrcv0aya		4	1	42.0
2025-06-24		VFB_jrcv0aya	VFB_00200000	4	3	0.0
2025-06-24		VFB_jrcv0b29		3	1	60.0
2025-06-24		VFB_jrcv0b29	VFB_00200000	4	2	0.0
2025-06-24		VFBexp_FBtp0121		2	1	0.0
2025-06-24		VFBexp_FBtp0121	VFB_00101567	2	1	0.0
2025-06-24	v2.virtualflybrain.org	FBbt_00003004	VFB_00101567	0	2	140.0
2025-06-24	v2.virtualflybrain.org	FBbt_00003624	VFB_00101567	1	2	101.0
2025-06-24	v2.virtualflybrain.org	FBbt_00003678	VFB_00101567	0	4	90.0
2025-06-24	v2.virtualflybrain.org	FBbt_00003852	VFB_00101567	0	1	14.0
2025-06-24	v2.virtualflybrain.org	FBbt_00005093	VFB_00101567	0	1	8.0
2025-06-24	v2.virtualflybrain.org	FBbt_00007453	VFB_00101567	0	1	3.0
2025-06-24	v2.virtualflybrain.org	FBbt_00013691	VFB_00101567	0	1	5.0
2025-06-24	v2.virtualflybrain.org	FBbt_00013694	VFB_00101567	0	1	6.0
2025-06-24	v2.virtualflybrain.org	FBbt_00013695	VFB_00101567	0	1	1.0
2025-06-24	v2.virtualflybrain.org	FBbt_00040001	VFB_00101567	0	2	7.0
2025-06-24	v2.virtualflybrain.org	FBbt_00040040	VFB_00101567	0	2	60.0
2025-06-24	v2.virtualflybrain.org	FBbt_00040041	VFB_00101567	0	1	18.0
2025-06-24	v2.virtualflybrain.org	FBbt_00040042	VFB_00101567	0	1	4.0
2025-06-24	v2.virtualflybrain.org	FBbt_00040043	VFB_00101567	0	1	7.0
2025-06-24	v2.virtualflybrain.org	FBbt_00045021	VFB_00101567	0	1	3.0
2025-06-24	v2.virtualflybrain.org	FBbt_00045040	VFB_00101567	2	1	0.0
2025-06-24	v2.virtualflybrain.org	FBbt_00047043	VFB_00101567	1	5	74.0
2025-06-24	v2.virtualflybrain.org	FBbt_00047573	VFB_00200000	0	1	40.0
2025-06-24	v2.virtualflybrain.org	FBbt_00047681		3	3	2.0
2025-06-24	v2.virtualflybrain.org	FBbt_00047681	VFB_00050000	0	2	302.0
2025-06-24	v2.virtualflybrain.org	FBbt_00047887	VFB_00101567	0	2	7.0
2025-06-24	v2.virtualflybrain.org	FBbt_00049526	VFB_00101567	1	1	4.0
2025-06-24	v2.virtualflybrain.org	FBbt_00053100	VFB_00101567	1	1	11.0
2025-06-24	v2.virtualflybrain.org	FBbt_00053384	VFB_00101567	0	1	0.0
2025-06-24	v2.virtualflybrain.org	FBbt_00100247	VFB_00101567	0	1	7.0
2025-06-24	v2.virtualflybrain.org	FBbt_00110167	VFB_00101567	2	1	0.0
2025-06-24	v2.virtualflybrain.org	FBbt_00110636	VFB_00101567	0	1	1.0
2025-06-24	v2.virtualflybrain.org	FBbt_00110657	VFB_00101567	0	1	4.0
2025-06-24	v2.virtualflybrain.org	FBbt_00110658	VFB_00101567	0	1	3.0
2025-06-24	v2.virtualflybrain.org	FBbt_20001950	VFB_00200000	0	1	20.0
2025-06-24	v2.virtualflybrain.org	FBbt_20011353	VFB_00200000	1	7	232.0
2025-06-24	v2.virtualflybrain.org	VFB_00017894	VFB_00017894	8	4	2.0
2025-06-24	v2.virtualflybrain.org	VFB_00030867	VFB_00017894	1	1	30.0
2025-06-24	v2.virtualflybrain.org	VFB_00049000		1	1	3.0
2025-06-24	v2.virtualflybrain.org	VFB_00049000	VFB_00049000	2	3	24.0
2025-06-24	v2.virtualflybrain.org	VFB_00050000	VFB_00050000	5	10	976.0
2025-06-24	v2.virtualflybrain.org	VFB_00100733	VFB_00101567	6	1	0.0
2025-06-24	v2.virtualflybrain.org	VFB_00100907	VFB_00050000	1	2	32.0
2025-06-24	v2.virtualflybrain.org	VFB_00100w46	VFB_00101567	8	1	0.0
2025-06-24	v2.virtualflybrain.org	VFB_00101068	VFB_00050000	2	7	457.0
2025-06-24	v2.virtualflybrain.org	VFB_00101091	VFB_00050000	4	7	561.0
2025-06-24	v2.virtualflybrain.org	VFB_00101091	VFB_00101567	0	1	33.0
2025-06-24	v2.virtualflybrain.org	VFB_00101273	VFB_00101567	1	2	23.0
2025-06-24	v2.virtualflybrain.org	VFB_00101567	VFB_00101567	19	63	696.0
2025-06-24	v2.virtualflybrain.org	VFB_0010159q	VFB_00050000	0	2	9.0
2025-06-24	v2.virtualflybrain.org	VFB_00101722	VFB_00050000	0	2	125.0
2025-06-24	v2.virtualflybrain.org	VFB_00102118	VFB_00101567	0	1	26.0
2025-06-24	v2.virtualflybrain.org	VFB_00102135	VFB_00101567	0	3	131.0
2025-06-24	v2.virtualflybrain.org	VFB_00102146	VFB_00101567	9	1	0.0
2025-06-24	v2.virtualflybrain.org	VFB_00102159	VFB_00101567	9	1	0.0
2025-06-24	v2.virtualflybrain.org	VFB_00102275	VFB_00101567	0	1	30.0
2025-06-24	v2.virtualflybrain.org	VFB_00102egc	VFB_00050000	0	2	170.0
2025-06-24	v2.virtualflybrain.org	VFB_00104636	VFB_00200000	1	2	27.0
2025-06-24	v2.virtualflybrain.org	VFB_00200000	VFB_00200000	0	2	8.0
2025-06-24	v2.virtualflybrain.org	VFB_fw000946	VFB_00101567	0	3	39.0
2025-06-24	v2.virtualflybrain.org	VFB_fw008070		1	1	2.0
2025-06-24	v2.virtualflybrain.org	VFB_fw008070	VFB_00101567	0	1	53.0
2025-06-24	v2.virtualflybrain.org	VFB_fw008721		1	1	0.0
2025-06-24	v2.virtualflybrain.org	VFB_fw008721	VFB_00101567	4	1	0.0
2025-06-24	v2.virtualflybrain.org	VFB_fw020162	VFB_00101567	6	1	0.0
2025-06-24	v2.virtualflybrain.org	VFB_fw022372	VFB_00101567	0	2	13.0
2025-06-24	v2.virtualflybrain.org	VFB_fw032117	VFB_00101567	0	2	0.0
2025-06-24	v2.virtualflybrain.org	VFB_fw032170	VFB_00101567	1	2	4.0
2025-06-24	v2.virtualflybrain.org	VFB_fw033184	VFB_00200000	0	2	11.0
2025-06-24	v2.virtualflybrain.org	VFB_jrchjtse	VFB_00101567	0	1	1.0
2025-06-24	v2.virtualflybrain.org	VFB_jrchjtsf	VFB_00101567	0	1	1.0
2025-06-24	v2.virtualflybrain.org	VFB_jrchjtsg	VFB_00101567	0	1	118.0
2025-06-24	v2.virtualflybrain.org	VFB_jrchjujg	VFB_00101567	1	1	0.0
2025-06-24	v2.virtualflybrain.org	VFB_jrchjwrz		1	1	0.0
2025-06-24	v2.virtualflybrain.org	VFB_jrchjwrz	VFB_00101567	1	1	9.0
2025-06-24	v2.virtualflybrain.org	VFB_jrchk0f2	VFB_00101567	1	1	0.0
2025-06-24	v2.virtualflybrain.org	VFB_jrcv07ta	VFB_00200000	0	2	64.0
2025-06-24	v2.virtualflybrain.org	VFB_jrcv0aya	VFB_00200000	0	1	0.0
2025-06-24	v2.virtualflybrain.org	VFB_jrcv0b29	VFB_00200000	0	1	0.0
2025-06-24	v2.virtualflybrain.org	VFBexp_FBtp0121		1	1	1.0
2025-06-24	v2.virtualflybrain.org	VFBexp_FBtp0121	VFB_00101567	1	1	1.0
2025-06-25		FBbt_00003004		3	2	0.0
2025-06-25		FBbt_00003004	VFB_00101567	3	2	0.0
2025-06-25		FBbt_00003624		8	4	0.0
2025-06-25		FBbt_00003624	VFB_00101567	8	4	0.0
2025-06-25		FBbt_00003650		21	1	29.0
2025-06-25		FBbt_00003650	VFB_00101567	22	7	0.0
2025-06-25		FBbt_00003651		1	1	0.0
2025-06-25		FBbt_00003651	VFB_00101567	1	1	0.0
2025-06-25		FBbt_00003678		1	1	0.0
2025-06-25		FBbt_00003678	VFB_00101567	1	1	0.0
2025-06-25		FBbt_00003680		1	1	0.0
2025-06-25		FBbt_00003680	VFB_00101567	1	1	0.0
2025-06-25		FBbt_00003681		1	1	0.0
2025-06-25		FBbt_00003681	VFB_00101567	1	1	0.0
2025-06-25		FBbt_00003701		5	1	0.0
2025-06-25		FBbt_00003701	VFB_00101567	5	2	0.0
2025-06-25		FBbt_00003718		1	1	0.0
2025-06-25		FBbt_00003718	VFB_00050000	1	1	0.0
2025-06-25		FBbt_00003748		1	1	0.0
2025-06-25		FBbt_00003748	VFB_00101567	1	1	0.0
2025-06-25		FBbt_00003763		2	1	137.0
2025-06-25		FBbt_00003763	VFB_00101567	3	1	0.0
2025-06-25		FBbt_00004046		2	1	0.0
2025-06-25		FBbt_00004046	VFB_00101567	2	1	0.0
2025-06-25		FBbt_00004213		5	1	0.0
2025-06-25		FBbt_00004213	VFB_00101567	5	1	0.0
2025-06-25		FBbt_00005131		1	1	0.0
2025-06-25		FBbt_00005131	VFB_00101567	1	1	0.0
2025-06-25		FBbt_00007173		2	1	0.0
2025-06-25		FBbt_00007173	VFB_00101567	2	1	0.0
2025-06-25		FBbt_00007228		1	1	0.0
2025-06-25		FBbt_00007228	VFB_00101567	1	1	0.0
2025-06-25		FBbt_00007453		1	1	0.0
2025-06-25		FBbt_00007453	VFB_00101567	1	1	0.0
2025-06-25		FBbt_00007507		2	1	13.0
2025-06-25		FBbt_00007507	VFB_00101567	2	1	0.0
2025-06-25		FBbt_00007537		1	1	0.0
2025-06-25		FBbt_00007537	VFB_00101567	1	1	0.0
2025-06-25		FBbt_00007538		2	1	0.0
2025-06-25		FBbt_00007538	VFB_00101567	2	1	0.0
2025-06-25		FBbt_00014013		1	1	0.0
2025-06-25		FBbt_00014013	VFB_00101567	1	1	0.0
2025-06-25		FBbt_00040002		4	1	0.0
2025-06-25		FBbt_00040002	VFB_00101567	5	1	0.0
2025-06-25		FBbt_00040041		11	3	0.0
2025-06-25		FBbt_00040041	VFB_00101567	11	4	0.0
2025-06-25		FBbt_00040042		1	1	0.0
2025-06-25		FBbt_00040042	VFB_00101567	1	1	0.0
2025-06-25		FBbt_00040043		2	2	0.0
2025-06-25		FBbt_00040043	VFB_00101567	2	2	0.0
2025-06-25		FBbt_00040071		1	1	0.0
2025-06-25		FBbt_00040071	VFB_00101567	1	1	0.0
2025-06-25		FBbt_00045003		1	1	0.0
2025-06-25		FBbt_00045003	VFB_00101567	1	1	0.0
2025-06-25		FBbt_00047037		1	1	0.0
2025-06-25		FBbt_00047037	VFB_00101567	1	1	0.0
2025-06-25		FBbt_00047038		1	1	0.0
2025-06-25		FBbt_00047038	VFB_00101567	1	1	0.0
2025-06-25		FBbt_00047039		1	1	0.0
2025-06-25		FBbt_00047039	VFB_00101567	1	1	0.0
2025-06-25		FBbt_00047040		2	1	0.0
2025-06-25		FBbt_00047040	VFB_00101567	2	2	0.0
2025-06-25		FBbt_00047041		1	1	0.0
2025-06-25		FBbt_00047041	VFB_00101567	1	1	0.0
2025-06-25		FBbt_00047042		2	1	0.0
2025-06-25		FBbt_00047042	VFB_00101567	2	2	0.0
2025-06-25		FBbt_00047183		1	1	0.0
2025-06-25		FBbt_00047183	VFB_00101567	1	1	0.0
2025-06-25		FBbt_00047662		3	1	0.0
2025-06-25		FBbt_00047662	VFB_00101567	3	1	0.0
2025-06-25		FBbt_00047887		1	1	0.0
2025-06-25		FBbt_00047887	VFB_00101567	1	1	0.0
2025-06-25		FBbt_00047967		1	1	0.0
2025-06-25		FBbt_00047967	VFB_00050000	1	1	0.0
2025-06-25		FBbt_00048114		1	1	0.0
2025-06-25		FBbt_00048114	VFB_00101567	1	1	0.0
2025-06-25		FBbt_00048123		1	1	0.0
2025-06-25		FBbt_00048123	VFB_00101567	1	1	0.0
2025-06-25		FBbt_00048289		1	1	0.0
2025-06-25		FBbt_00048289	VFB_00050000	1	1	0.0
2025-06-25		FBbt_00049892		1	1	0.0
2025-06-25		FBbt_00049892	VFB_00101567	1	1	0.0
2025-06-25		FBbt_00053234		1	1	0.0
2025-06-25		FBbt_00053234	VFB_00101567	1	1	0.0
2025-06-25		FBbt_00053384		8	3	0.0
2025-06-25		FBbt_00053384	VFB_00101567	8	3	0.0
2025-06-25		FBbt_00100163		1	1	0.0
2025-06-25		FBbt_00100163	VFB_00101567	1	1	0.0
2025-06-25		FBbt_00100243		1	1	0.0
2025-06-25		FBbt_00100243	VFB_00101567	1	1	0.0
2025-06-25		FBbt_00110167		11	1	0.0
2025-06-25		FBbt_00110167	VFB_00101567	11	1	0.0
2025-06-25		FBbt_00110327		1	1	0.0
2025-06-25		FBbt_00110327	VFB_00101567	1	1	0.0
2025-06-25		FBbt_00110477		1	1	0.0
2025-06-25		FBbt_00110477	VFB_00101567	1	1	0.0
2025-06-25		FBbt_00110538		1	1	0.0
2025-06-25		FBbt_00110538	VFB_00101567	1	1	0.0
2025-06-25		FBbt_00110539		1	1	0.0
2025-06-25		FBbt_00110539	VFB_00101567	1	1	0.0
2025-06-25		FBbt_00111005		2	1	0.0
2025-06-25		FBbt_00111005	VFB_00101567	2	1	0.0
2025-06-25		FBbt_00111382		2	1	0.0
2025-06-25		FBbt_00111382	VFB_00101567	2	2	0.0
2025-06-25		FBbt_00111433		2	1	0.0
2025-06-25		FBbt_00111433	VFB_00101567	4	2	0.0
2025-06-25		FBbt_00111512		1	1	0.0
2025-06-25		FBbt_00111512	VFB_00101567	1	1	0.0
2025-06-25		FBbt_00111514		1	1	0.0
2025-06-25		FBbt_00111514	VFB_00101567	1	1	0.0
2025-06-25		VFB_00000919		1	1	4.0
2025-06-25		VFB_00000919	VFB_00101567	1	1	0.0
2025-06-25		VFB_00008176		1	1	11.0
2025-06-25		VFB_00008176	VFB_00101567	1	1	0.0
2025-06-25		VFB_00017894		10	1	0.0
2025-06-25		VFB_00017894	VFB_00017894	10	1	0.0
2025-06-25		VFB_00021449		2	1	1.0
2025-06-25		VFB_00021449	VFB_00101567	2	1	0.0
2025-06-25		VFB_00030870		2	1	9.0
2025-06-25		VFB_00030870	VFB_00101567	2	1	0.0
2025-06-25		VFB_00049000		1	1	0.0
2025-06-25		VFB_00049000	VFB_00049000	2	2	6.0
2025-06-25		VFB_00050000		2	1	0.0
2025-06-25		VFB_00050000	VFB_00050000	3	2	3.0
2025-06-25		VFB_0010023r		1	1	0.0
2025-06-25		VFB_0010023r	VFB_00050000	1	1	0.0
2025-06-25		VFB_00100292		1	1	0.0
2025-06-25		VFB_00100292	VFB_00050000	1	1	0.0
2025-06-25		VFB_00100457		1	1	0.0
2025-06-25		VFB_00100457	VFB_00050000	1	1	0.0
2025-06-25		VFB_00100547		3	1	0.0
2025-06-25		VFB_00100547	VFB_00050000	2	2	0.0
2025-06-25		VFB_00100564		1	1	0.0
2025-06-25		VFB_00100564	VFB_00050000	1	1	0.0
2025-06-25		VFB_00100591		5	1	0.0
2025-06-25		VFB_00100591	VFB_00050000	6	4	0.0
2025-06-25		VFB_00100907		2	1	0.0
2025-06-25		VFB_00100907	VFB_00050000	2	1	0.0
2025-06-25		VFB_00100w46		11	1	0.0
2025-06-25		VFB_00100w46	VFB_00101567	11	1	0.0
2025-06-25		VFB_00101068		3	1	0.0
2025-06-25		VFB_00101068	VFB_00050000	3	1	0.0
2025-06-25		VFB_001012bw		2	1	41.0
2025-06-25		VFB_001012bw	VFB_00101567	2	1	0.0
2025-06-25		VFB_00101567		153	30	328.0
2025-06-25		VFB_00101567	VFB_00101567	167	41	35.0
2025-06-25		VFB_00102107		4	2	2.0
2025-06-25		VFB_00102107	VFB_00101567	4	2	0.0
2025-06-25		VFB_00102108		2	1	1.0
2025-06-25		VFB_00102108	VFB_00101567	2	1	0.0
2025-06-25		VFB_00102146		11	1	0.0
2025-06-25		VFB_00102146	VFB_00101567	11	1	0.0
2025-06-25		VFB_00102159		5	1	0.0
2025-06-25		VFB_00102159	VFB_00101567	5	1	0.0
2025-06-25		VFB_00102171		1	1	0.0
2025-06-25		VFB_00102171	VFB_00101567	1	1	0.0
2025-06-25		VFB_00102175		1	1	0.0
2025-06-25		VFB_00102175	VFB_00101567	1	1	0.0
2025-06-25		VFB_00102176		1	1	0.0
2025-06-25		VFB_00102176	VFB_00101567	1	1	0.0
2025-06-25		VFB_00102179		1	1	0.0
2025-06-25		VFB_00102179	VFB_00101567	1	1	0.0
2025-06-25		VFB_00102185		6	1	2.0
2025-06-25		VFB_00102185	VFB_00101567	6	2	0.0
2025-06-25		VFB_00102190		6	1	147.0
2025-06-25		VFB_00102190	VFB_00101567	6	2	0.0
2025-06-25		VFB_00102201		1	1	0.0
2025-06-25		VFB_00102201	VFB_00101567	1	1	0.0
2025-06-25		VFB_00102212		9	3	1.0
2025-06-25		VFB_00102212	VFB_00101567	12	4	0.0
2025-06-25		VFB_00102213		7	2	1.0
2025-06-25		VFB_00102213	VFB_00101567	4	2	0.0
2025-06-25		VFB_00102214		3	2	1.0
2025-06-25		VFB_00102214	VFB_00101567	3	2	0.0
2025-06-25		VFB_00102275		1	1	0.0
2025-06-25		VFB_00102275	VFB_00101567	1	1	0.0
2025-06-25		VFB_00200000		2	1	0.0
2025-06-25		VFB_00200000	VFB_00200000	2	1	0.0
2025-06-25		VFB_fw000366		2	1	0.0
2025-06-25		VFB_fw000366	VFB_00101567	2	1	0.0
2025-06-25		VFB_fw000429		4	1	0.0
2025-06-25		VFB_fw000429	VFB_00101567	4	2	0.0
2025-06-25		VFB_fw000430		4	1	0.0
2025-06-25		VFB_fw000430	VFB_00101567	4	2	0.0
2025-06-25		VFB_fw000439		4	1	1.0
2025-06-25		VFB_fw000439	VFB_00101567	4	2	0.0
2025-06-25		VFB_fw000457		2	1	1.0
2025-06-25		VFB_fw000457	VFB_00101567	2	1	0.0
2025-06-25		VFB_fw000458		2	1	1.0
2025-06-25		VFB_fw000458	VFB_00101567	2	1	0.0
2025-06-25		VFB_fw000460		2	1	0.0
2025-06-25		VFB_fw000460	VFB_00101567	2	1	0.0
2025-06-25		VFB_fw000461		4	1	9.0
2025-06-25		VFB_fw000461	VFB_00101567	4	3	0.0
2025-06-25		VFB_fw000472		2	1	0.0
2025-06-25		VFB_fw000472	VFB_00101567	2	1	0.0
2025-06-25		VFB_fw000560		8	1	205.0
2025-06-25		VFB_fw000560	VFB_00101567	7	2	0.0
2025-06-25		VFB_fw000905		4	1	0.0
2025-06-25		VFB_fw000905	VFB_00101567	4	2	0.0
2025-06-25		VFB_fw000908		4	1	2.0
2025-06-25		VFB_fw000908	VFB_00101567	4	2	0.0
2025-06-25		VFB_fw000912		2	1	1.0
2025-06-25		VFB_fw000912	VFB_00101567	2	1	0.0
2025-06-25		VFB_fw000913		4	1	0.0
2025-06-25		VFB_fw000913	VFB_00101567	4	2	0.0
2025-06-25		VFB_fw000914		4	1	0.0
2025-06-25		VFB_fw000914	VFB_00101567	4	2	0.0
2025-06-25		VFB_fw000949		2	1	0.0
2025-06-25		VFB_fw000949	VFB_00101567	2	1	0.0
2025-06-25		VFB_fw000951		4	1	0.0
2025-06-25		VFB_fw000951	VFB_00101567	4	2	0.0
2025-06-25		VFB_fw000963		2	1	1.0
2025-06-25		VFB_fw000963	VFB_00101567	2	1	0.0
2025-06-25		VFB_fw000964		4	1	0.0
2025-06-25		VFB_fw000964	VFB_00101567	4	2	0.0
2025-06-25		VFB_fw000968		2	1	1.0
2025-06-25		VFB_fw000968	VFB_00101567	2	1	0.0
2025-06-25		VFB_fw000969		2	1	0.0
2025-06-25		VFB_fw000969	VFB_00101567	2	1	0.0
2025-06-25		VFB_fw000970		2	1	0.0
2025-06-25		VFB_fw000970	VFB_00101567	2	1	0.0
2025-06-25		VFB_fw000971		2	1	1.0
2025-06-25		VFB_fw000971	VFB_00101567	2	1	0.0
2025-06-25		VFB_fw000974		2	1	0.0
2025-06-25		VFB_fw000974	VFB_00101567	2	1	0.0
2025-06-25		VFB_fw000976		4	1	0.0
2025-06-25		VFB_fw000976	VFB_00101567	4	2	0.0
2025-06-25		VFB_fw000994		4	1	0.0
2025-06-25		VFB_fw000994	VFB_00101567	4	2	0.0
2025-06-25		VFB_fw000995		2	1	0.0
2025-06-25		VFB_fw000995	VFB_00101567	2	1	0.0
2025-06-25		VFB_fw001003		2	1	0.0
2025-06-25		VFB_fw001003	VFB_00101567	2	1	0.0
2025-06-25		VFB_fw001045		2	1	1.0
2025-06-25		VFB_fw001045	VFB_00101567	2	1	0.0
2025-06-25		VFB_fw001048		2	1	0.0
2025-06-25		VFB_fw001048	VFB_00101567	2	1	0.0
2025-06-25		VFB_fw001051		5	1	0.0
2025-06-25		VFB_fw001051	VFB_00101567	5	1	0.0
2025-06-25		VFB_fw001434		2	1	0.0
2025-06-25		VFB_fw001434	VFB_00101567	2	1	0.0
2025-06-25		VFB_fw001435		2	1	0.0
2025-06-25		VFB_fw001435	VFB_00101567	2	1	0.0
2025-06-25		VFB_fw001443		2	1	0.0
2025-06-25		VFB_fw001443	VFB_00101567	2	1	0.0
2025-06-25		VFB_fw001490		2	1	0.0
2025-06-25		VFB_fw001490	VFB_00101567	2	1	0.0
2025-06-25		VFB_fw001548		2	1	1.0
2025-06-25		VFB_fw001548	VFB_00101567	2	1	0.0
2025-06-25		VFB_fw001578		2	1	1.0
2025-06-25		VFB_fw001578	VFB_00101567	2	1	0.0
2025-06-25		VFB_fw001583		2	1	0.0
2025-06-25		VFB_fw001583	VFB_00101567	2	1	0.0
2025-06-25		VFB_fw001664		2	1	0.0
2025-06-25		VFB_fw001664	VFB_00101567	2	1	0.0
2025-06-25		VFB_fw001666		4	1	0.0
2025-06-25		VFB_fw001666	VFB_00101567	4	2	0.0
2025-06-25		VFB_fw001791		2	1	0.0
2025-06-25		VFB_fw001791	VFB_00101567	2	1	0.0
2025-06-25		VFB_fw001827		2	1	0.0
2025-06-25		VFB_fw001827	VFB_00101567	2	1	0.0
2025-06-25		VFB_fw001905		2	1	0.0
2025-06-25		VFB_fw001905	VFB_00101567	2	1	0.0
2025-06-25		VFB_fw001918		2	1	1.0
2025-06-25		VFB_fw001918	VFB_00101567	2	1	0.0
2025-06-25		VFB_fw001963		2	1	0.0
2025-06-25		VFB_fw001963	VFB_00101567	2	1	0.0
2025-06-25		VFB_fw002120		2	1	0.0
2025-06-25		VFB_fw002120	VFB_00101567	2	1	0.0
2025-06-25		VFB_fw002182		2	1	0.0
2025-06-25		VFB_fw002182	VFB_00101567	2	1	0.0
2025-06-25		VFB_fw002316		4	1	0.0
2025-06-25		VFB_fw002316	VFB_00101567	4	2	0.0
2025-06-25		VFB_fw002553		2	1	0.0
2025-06-25		VFB_fw002553	VFB_00101567	2	1	0.0
2025-06-25		VFB_fw002865		2	1	1.0
2025-06-25		VFB_fw002865	VFB_00101567	2	1	0.0
2025-06-25		VFB_fw002990		4	1	0.0
2025-06-25		VFB_fw002990	VFB_00101567	4	2	0.0
2025-06-25		VFB_fw003295		2	1	1.0
2025-06-25		VFB_fw003295	VFB_00101567	2	1	0.0
2025-06-25		VFB_fw003411		2	1	1.0
2025-06-25		VFB_fw003411	VFB_00101567	2	1	0.0
2025-06-25		VFB_fw003600		2	1	0.0
2025-06-25		VFB_fw003600	VFB_00101567	2	1	0.0
2025-06-25		VFB_fw003801		2	1	0.0
2025-06-25		VFB_fw003801	VFB_00101567	2	1	0.0
2025-06-25		VFB_fw003832		2	1	0.0
2025-06-25		VFB_fw003832	VFB_00101567	2	1	0.0
2025-06-25		VFB_fw003872		2	1	0.0
2025-06-25		VFB_fw003872	VFB_00101567	2	1	0.0
2025-06-25		VFB_fw003978		2	1	0.0
2025-06-25		VFB_fw003978	VFB_00101567	2	1	0.0
2025-06-25		VFB_fw004018		2	1	0.0
2025-06-25		VFB_fw004018	VFB_00101567	2	1	0.0
2025-06-25		VFB_fw004050		2	1	0.0
2025-06-25		VFB_fw004050	VFB_00101567	2	1	0.0
2025-06-25		VFB_fw004055		2	1	0.0
2025-06-25		VFB_fw004055	VFB_00101567	2	1	0.0
2025-06-25		VFB_fw004270		2	1	0.0
2025-06-25		VFB_fw004270	VFB_00101567	2	1	0.0
2025-06-25		VFB_fw004368		2	1	0.0
2025-06-25		VFB_fw004368	VFB_00101567	2	1	0.0
2025-06-25		VFB_fw004637		2	1	0.0
2025-06-25		VFB_fw004637	VFB_00101567	2	1	0.0
2025-06-25		VFB_fw005182		2	1	0.0
2025-06-25		VFB_fw005182	VFB_00101567	2	1	0.0
2025-06-25		VFB_fw005247		2	1	0.0
2025-06-25		VFB_fw005247	VFB_00101567	2	1	0.0
2025-06-25		VFB_fw005513		2	1	1.0
2025-06-25		VFB_fw005513	VFB_00101567	2	1	0.0
2025-06-25		VFB_fw005661		2	1	0.0
2025-06-25		VFB_fw005661	VFB_00101567	2	1	0.0
2025-06-25		VFB_fw005832		2	1	0.0
2025-06-25		VFB_fw005832	VFB_00101567	2	1	0.0
2025-06-25		VFB_fw006071		2	1	0.0
2025-06-25		VFB_fw006071	VFB_00101567	2	1	0.0
2025-06-25		VFB_fw006085		2	1	1.0
2025-06-25		VFB_fw006085	VFB_00101567	2	1	0.0
2025-06-25		VFB_fw006179		2	1	0.0
2025-06-25		VFB_fw006179	VFB_00101567	2	1	0.0
2025-06-25		VFB_fw006215		2	1	0.0
2025-06-25		VFB_fw006215	VFB_00101567	2	1	0.0
2025-06-25		VFB_fw006367		2	1	0.0
2025-06-25		VFB_fw006367	VFB_00101567	2	1	0.0
2025-06-25		VFB_fw006836		2	1	0.0
2025-06-25		VFB_fw006836	VFB_00101567	2	1	0.0
2025-06-25		VFB_fw007327		2	1	0.0
2025-06-25		VFB_fw007327	VFB_00101567	2	1	0.0
2025-06-25		VFB_fw007573		2	1	1.0
2025-06-25		VFB_fw007573	VFB_00101567	2	1	0.0
2025-06-25		VFB_fw007647		2	1	0.0
2025-06-25		VFB_fw007647	VFB_00101567	2	1	0.0
2025-06-25		VFB_fw008032		2	1	1.0
2025-06-25		VFB_fw008032	VFB_00101567	2	1	0.0
2025-06-25		VFB_fw008052		2	1	0.0
2025-06-25		VFB_fw008052	VFB_00101567	2	1	0.0
2025-06-25		VFB_fw008235		2	1	0.0
2025-06-25		VFB_fw008235	VFB_00101567	2	1	0.0
2025-06-25		VFB_fw008301		2	1	0.0
2025-06-25		VFB_fw008301	VFB_00101567	2	1	0.0
2025-06-25		VFB_fw008343		2	1	0.0
2025-06-25		VFB_fw008343	VFB_00101567	2	1	0.0
2025-06-25		VFB_fw008529		2	1	1.0
2025-06-25		VFB_fw008529	VFB_00101567	2	1	0.0
2025-06-25		VFB_fw008791		2	1	0.0
2025-06-25		VFB_fw008791	VFB_00101567	2	1	0.0
2025-06-25		VFB_fw008817		2	1	0.0
2025-06-25		VFB_fw008817	VFB_00101567	2	1	0.0
2025-06-25		VFB_fw008848		2	1	0.0
2025-06-25		VFB_fw008848	VFB_00101567	2	1	0.0
2025-06-25		VFB_fw008858		2	1	1.0
2025-06-25		VFB_fw008858	VFB_00101567	2	1	0.0
2025-06-25		VFB_fw008881		2	1	0.0
2025-06-25		VFB_fw008881	VFB_00101567	2	1	0.0
2025-06-25		VFB_fw008933		4	1	0.0
2025-06-25		VFB_fw008933	VFB_00101567	4	2	0.0
2025-06-25		VFB_fw009060		2	1	0.0
2025-06-25		VFB_fw009060	VFB_00101567	2	1	0.0
2025-06-25		VFB_fw009396		2	1	0.0
2025-06-25		VFB_fw009396	VFB_00101567	2	1	0.0
2025-06-25		VFB_fw010072		2	1	0.0
2025-06-25		VFB_fw010072	VFB_00101567	2	1	0.0
2025-06-25		VFB_fw010079		2	1	0.0
2025-06-25		VFB_fw010079	VFB_00101567	2	1	0.0
2025-06-25		VFB_fw010360		2	1	0.0
2025-06-25		VFB_fw010360	VFB_00101567	2	1	0.0
2025-06-25		VFB_fw010794		2	1	0.0
2025-06-25		VFB_fw010794	VFB_00101567	2	1	0.0
2025-06-25		VFB_fw010926		2	1	0.0
2025-06-25		VFB_fw010926	VFB_00101567	2	1	0.0
2025-06-25		VFB_fw011617		2	1	0.0
2025-06-25		VFB_fw011617	VFB_00101567	2	1	0.0
2025-06-25		VFB_fw011795		2	1	0.0
2025-06-25		VFB_fw011795	VFB_00101567	2	1	0.0
2025-06-25		VFB_fw012711		4	1	0.0
2025-06-25		VFB_fw012711	VFB_00101567	4	2	0.0
2025-06-25		VFB_fw013170		2	1	0.0
2025-06-25		VFB_fw013170	VFB_00101567	2	1	0.0
2025-06-25		VFB_fw014058		2	1	0.0
2025-06-25		VFB_fw014058	VFB_00101567	2	1	0.0
2025-06-25		VFB_fw014264		2	1	0.0
2025-06-25		VFB_fw014264	VFB_00101567	2	1	0.0
2025-06-25		VFB_fw015530		2	1	0.0
2025-06-25		VFB_fw015530	VFB_00101567	2	1	0.0
2025-06-25		VFB_fw016923		2	1	0.0
2025-06-25		VFB_fw016923	VFB_00101567	2	1	0.0
2025-06-25		VFB_fw018526		2	1	0.0
2025-06-25		VFB_fw018526	VFB_00101567	2	1	0.0
2025-06-25		VFB_fw020923		2	1	0.0
2025-06-25		VFB_fw020923	VFB_00101567	2	1	0.0
2025-06-25		VFB_fw020959		2	1	0.0
2025-06-25		VFB_fw020959	VFB_00101567	2	1	0.0
2025-06-25		VFB_fw021207		2	1	0.0
2025-06-25		VFB_fw021207	VFB_00101567	2	1	0.0
2025-06-25		VFB_fw021339		2	1	1.0
2025-06-25		VFB_fw021339	VFB_00101567	2	1	0.0
2025-06-25		VFB_fw021604		3	1	18.0
2025-06-25		VFB_fw021604	VFB_00101567	3	2	0.0
2025-06-25		VFB_fw022715		2	1	0.0
2025-06-25		VFB_fw022715	VFB_00101567	2	1	0.0
2025-06-25		VFB_fw022935		2	1	0.0
2025-06-25		VFB_fw022935	VFB_00101567	2	1	0.0
2025-06-25		VFB_fw023764		2	1	0.0
2025-06-25		VFB_fw023764	VFB_00101567	2	1	0.0
2025-06-25		VFB_fw024346		2	1	1.0
2025-06-25		VFB_fw024346	VFB_00101567	2	1	0.0
2025-06-25		VFB_fw025203		7	1	6.0
2025-06-25		VFB_fw025203	VFB_00101567	7	2	0.0
2025-06-25		VFB_fw025614		1	1	27.0
2025-06-25		VFB_fw025614	VFB_00101567	1	1	0.0
2025-06-25		VFB_fw025848		2	1	0.0
2025-06-25		VFB_fw025848	VFB_00101567	2	1	0.0
2025-06-25		VFB_fw026147		2	1	0.0
2025-06-25		VFB_fw026147	VFB_00101567	2	1	0.0
2025-06-25		VFB_fw026188		2	1	0.0
2025-06-25		VFB_fw026188	VFB_00101567	2	1	0.0
2025-06-25		VFB_fw027196		2	1	1.0
2025-06-25		VFB_fw027196	VFB_00101567	2	1	0.0
2025-06-25		VFB_fw027431		2	1	0.0
2025-06-25		VFB_fw027431	VFB_00101567	2	1	0.0
2025-06-25		VFB_fw027510		2	1	0.0
2025-06-25		VFB_fw027510	VFB_00101567	2	1	0.0
2025-06-25		VFB_fw027512		2	1	0.0
2025-06-25		VFB_fw027512	VFB_00101567	2	1	0.0
2025-06-25		VFB_fw027820		4	1	0.0
2025-06-25		VFB_fw027820	VFB_00101567	4	2	0.0
2025-06-25		VFB_fw028094		2	1	0.0
2025-06-25		VFB_fw028094	VFB_00101567	2	1	0.0
2025-06-25		VFB_fw028176		2	1	0.0
2025-06-25		VFB_fw028176	VFB_00101567	2	1	0.0
2025-06-25		VFB_fw028208		2	1	0.0
2025-06-25		VFB_fw028208	VFB_00101567	2	1	0.0
2025-06-25		VFB_fw028251		4	1	0.0
2025-06-25		VFB_fw028251	VFB_00101567	4	2	0.0
2025-06-25		VFB_fw028354		2	1	0.0
2025-06-25		VFB_fw028354	VFB_00101567	2	1	0.0
2025-06-25		VFB_fw028482		2	1	0.0
2025-06-25		VFB_fw028482	VFB_00101567	2	1	0.0
2025-06-25		VFB_fw028591		4	1	0.0
2025-06-25		VFB_fw028591	VFB_00101567	4	2	0.0
2025-06-25		VFB_fw028647		4	1	1.0
2025-06-25		VFB_fw028647	VFB_00101567	4	2	0.0
2025-06-25		VFB_fw028701		2	1	1.0
2025-06-25		VFB_fw028701	VFB_00101567	2	1	0.0
2025-06-25		VFB_fw028766		2	1	0.0
2025-06-25		VFB_fw028766	VFB_00101567	2	1	0.0
2025-06-25		VFB_fw029105		2	1	0.0
2025-06-25		VFB_fw029105	VFB_00101567	2	1	0.0
2025-06-25		VFB_fw029312		2	1	0.0
2025-06-25		VFB_fw029312	VFB_00101567	2	1	0.0
2025-06-25		VFB_fw029645		2	1	0.0
2025-06-25		VFB_fw029645	VFB_00101567	2	1	0.0
2025-06-25		VFB_fw029699		2	1	0.0
2025-06-25		VFB_fw029699	VFB_00101567	2	1	0.0
2025-06-25		VFB_fw029830		2	1	0.0
2025-06-25		VFB_fw029830	VFB_00101567	2	1	0.0
2025-06-25		VFB_fw029905		2	1	0.0
2025-06-25		VFB_fw029905	VFB_00101567	2	1	0.0
2025-06-25		VFB_fw029943		2	1	1.0
2025-06-25		VFB_fw029943	VFB_00101567	2	1	0.0
2025-06-25		VFB_fw029974		2	1	0.0
2025-06-25		VFB_fw029974	VFB_00101567	2	1	0.0
2025-06-25		VFB_fw030376		2	1	0.0
2025-06-25		VFB_fw030376	VFB_00101567	2	1	0.0
2025-06-25		VFB_fw030418		2	1	0.0
2025-06-25		VFB_fw030418	VFB_00101567	2	1	0.0
2025-06-25		VFB_fw030437		2	1	0.0
2025-06-25		VFB_fw030437	VFB_00101567	2	1	0.0
2025-06-25		VFB_fw030613		2	1	0.0
2025-06-25		VFB_fw030613	VFB_00101567	2	1	0.0
2025-06-25		VFB_fw030640		2	1	0.0
2025-06-25		VFB_fw030640	VFB_00101567	2	1	0.0
2025-06-25		VFB_fw030679		2	1	0.0
2025-06-25		VFB_fw030679	VFB_00101567	2	1	0.0
2025-06-25		VFB_fw030814		2	1	0.0
2025-06-25		VFB_fw030814	VFB_00101567	2	1	0.0
2025-06-25		VFB_fw030816		2	1	0.0
2025-06-25		VFB_fw030816	VFB_00101567	2	1	0.0
2025-06-25		VFB_fw030853		2	1	0.0
2025-06-25		VFB_fw030853	VFB_00101567	2	1	0.0
2025-06-25		VFB_fw030872		2	1	0.0
2025-06-25		VFB_fw030872	VFB_00101567	2	1	0.0
2025-06-25		VFB_fw030909		2	1	0.0
2025-06-25		VFB_fw030909	VFB_00101567	2	1	0.0
2025-06-25		VFB_fw031093		2	1	0.0
2025-06-25		VFB_fw031093	VFB_00101567	2	1	0.0
2025-06-25		VFB_fw031235		2	1	0.0
2025-06-25		VFB_fw031235	VFB_00101567	2	1	0.0
2025-06-25		VFB_fw031332		2	1	0.0
2025-06-25		VFB_fw031332	VFB_00101567	2	1	0.0
2025-06-25		VFB_fw031350		2	1	0.0
2025-06-25		VFB_fw031350	VFB_00101567	2	1	0.0
2025-06-25		VFB_fw031413		2	1	0.0
2025-06-25		VFB_fw031413	VFB_00101567	2	1	0.0
2025-06-25		VFB_fw031445		2	1	0.0
2025-06-25		VFB_fw031445	VFB_00101567	2	1	0.0
2025-06-25		VFB_fw031595		2	1	0.0
2025-06-25		VFB_fw031595	VFB_00101567	2	1	0.0
2025-06-25		VFB_fw031607		2	1	0.0
2025-06-25		VFB_fw031607	VFB_00101567	2	1	0.0
2025-06-25		VFB_fw031689		2	1	0.0
2025-06-25		VFB_fw031689	VFB_00101567	2	1	0.0
2025-06-25		VFB_fw031694		2	1	0.0
2025-06-25		VFB_fw031694	VFB_00101567	2	1	0.0
2025-06-25		VFB_fw031696		2	1	0.0
2025-06-25		VFB_fw031696	VFB_00101567	2	1	0.0
2025-06-25		VFB_fw031748		2	1	0.0
2025-06-25		VFB_fw031748	VFB_00101567	2	1	0.0
2025-06-25		VFB_fw031807		2	1	0.0
2025-06-25		VFB_fw031807	VFB_00101567	2	1	0.0
2025-06-25		VFB_fw031901		2	1	1.0
2025-06-25		VFB_fw031901	VFB_00101567	2	1	0.0
2025-06-25		VFB_fw031995		2	1	1.0
2025-06-25		VFB_fw031995	VFB_00101567	2	1	0.0
2025-06-25		VFB_fw032089		2	1	0.0
2025-06-25		VFB_fw032089	VFB_00101567	2	1	0.0
2025-06-25		VFB_fw032106		2	1	0.0
2025-06-25		VFB_fw032106	VFB_00101567	2	1	0.0
2025-06-25		VFB_fw032167		2	1	0.0
2025-06-25		VFB_fw032167	VFB_00101567	2	1	0.0
2025-06-25		VFB_fw032200		2	1	0.0
2025-06-25		VFB_fw032200	VFB_00101567	2	1	0.0
2025-06-25		VFB_fw032259		2	1	0.0
2025-06-25		VFB_fw032259	VFB_00101567	2	1	0.0
2025-06-25		VFB_fw032326		2	1	0.0
2025-06-25		VFB_fw032326	VFB_00101567	2	1	0.0
2025-06-25		VFB_fw032338		2	1	0.0
2025-06-25		VFB_fw032338	VFB_00101567	2	1	0.0
2025-06-25		VFB_fw032395		2	1	0.0
2025-06-25		VFB_fw032395	VFB_00101567	2	1	0.0
2025-06-25		VFB_fw032442		2	1	0.0
2025-06-25		VFB_fw032442	VFB_00101567	2	1	0.0
2025-06-25		VFB_fw032452		2	1	0.0
2025-06-25		VFB_fw032452	VFB_00101567	2	1	0.0
2025-06-25		VFB_fw032478		2	1	0.0
2025-06-25		VFB_fw032478	VFB_00101567	2	1	0.0
2025-06-25		VFB_fw032484		2	1	0.0
2025-06-25		VFB_fw032484	VFB_00101567	2	1	0.0
2025-06-25		VFB_fw032585		2	1	0.0
2025-06-25		VFB_fw032585	VFB_00101567	2	1	0.0
2025-06-25		VFB_fw032607		4	1	0.0
2025-06-25		VFB_fw032607	VFB_00101567	4	2	0.0
2025-06-25		VFB_fw032680		2	1	0.0
2025-06-25		VFB_fw032680	VFB_00101567	2	1	0.0
2025-06-25		VFB_fw032695		2	1	0.0
2025-06-25		VFB_fw032695	VFB_00101567	2	1	0.0
2025-06-25		VFB_fw032705		2	1	0.0
2025-06-25		VFB_fw032705	VFB_00101567	2	1	0.0
2025-06-25		VFB_fw032721		2	1	0.0
2025-06-25		VFB_fw032721	VFB_00101567	2	1	0.0
2025-06-25		VFB_fw032733		2	1	0.0
2025-06-25		VFB_fw032733	VFB_00101567	2	1	0.0
2025-06-25		VFB_fw032758		4	1	0.0
2025-06-25		VFB_fw032758	VFB_00101567	4	2	0.0
2025-06-25		VFB_fw032769		2	1	0.0
2025-06-25		VFB_fw032769	VFB_00101567	2	1	0.0
2025-06-25		VFB_fw032855		2	1	0.0
2025-06-25		VFB_fw032855	VFB_00101567	2	1	0.0
2025-06-25		VFB_fw032888		2	1	0.0
2025-06-25		VFB_fw032888	VFB_00101567	2	1	0.0
2025-06-25		VFB_fw032899		2	1	0.0
2025-06-25		VFB_fw032899	VFB_00101567	2	1	0.0
2025-06-25		VFB_fw032947		2	1	0.0
2025-06-25		VFB_fw032947	VFB_00101567	2	1	0.0
2025-06-25		VFB_fw032957		2	1	0.0
2025-06-25		VFB_fw032957	VFB_00101567	2	1	0.0
2025-06-25		VFB_fw032966		4	1	0.0
2025-06-25		VFB_fw032966	VFB_00101567	4	2	0.0
2025-06-25		VFB_fw032969		2	1	0.0
2025-06-25		VFB_fw032969	VFB_00101567	2	1	0.0
2025-06-25		VFB_fw033017		2	1	0.0
2025-06-25		VFB_fw033017	VFB_00101567	2	1	0.0
2025-06-25		VFB_fw033045		2	1	0.0
2025-06-25		VFB_fw033045	VFB_00101567	2	1	0.0
2025-06-25		VFB_fw033103		2	1	0.0
2025-06-25		VFB_fw033103	VFB_00101567	2	1	0.0
2025-06-25		VFB_fw033113		2	1	0.0
2025-06-25		VFB_fw033113	VFB_00101567	2	1	0.0
2025-06-25		VFB_fw033164		2	1	0.0
2025-06-25		VFB_fw033164	VFB_00101567	2	1	0.0
2025-06-25		VFB_fw033171		2	1	0.0
2025-06-25		VFB_fw033171	VFB_00101567	2	1	0.0
2025-06-25		VFB_fw033212		2	1	0.0
2025-06-25		VFB_fw033212	VFB_00101567	2	1	0.0
2025-06-25		VFB_fw033215		2	1	0.0
2025-06-25		VFB_fw033215	VFB_00101567	2	1	0.0
2025-06-25		VFB_fw033282		2	1	0.0
2025-06-25		VFB_fw033282	VFB_00101567	2	1	0.0
2025-06-25		VFB_fw033312		2	1	0.0
2025-06-25		VFB_fw033312	VFB_00101567	2	1	0.0
2025-06-25		VFB_fw033318		2	1	0.0
2025-06-25		VFB_fw033318	VFB_00101567	2	1	0.0
2025-06-25		VFB_fw033319		2	1	0.0
2025-06-25		VFB_fw033319	VFB_00101567	2	1	0.0
2025-06-25		VFB_fw033327		2	1	0.0
2025-06-25		VFB_fw033327	VFB_00101567	2	1	0.0
2025-06-25		VFB_fw033394		2	1	0.0
2025-06-25		VFB_fw033394	VFB_00101567	2	1	0.0
2025-06-25		VFB_fw033400		2	1	0.0
2025-06-25		VFB_fw033400	VFB_00101567	2	1	0.0
2025-06-25		VFB_fw033451		2	1	0.0
2025-06-25		VFB_fw033451	VFB_00101567	2	1	0.0
2025-06-25		VFB_fw033492		2	1	0.0
2025-06-25		VFB_fw033492	VFB_00101567	2	1	0.0
2025-06-25		VFB_fw033506		2	1	0.0
2025-06-25		VFB_fw033506	VFB_00101567	2	1	0.0
2025-06-25		VFB_fw033511		2	1	0.0
2025-06-25		VFB_fw033511	VFB_00101567	2	1	0.0
2025-06-25		VFB_fw033512		2	1	0.0
2025-06-25		VFB_fw033512	VFB_00101567	2	1	0.0
2025-06-25		VFB_fw033514		2	1	0.0
2025-06-25		VFB_fw033514	VFB_00101567	2	1	0.0
2025-06-25		VFB_fw033515		2	1	0.0
2025-06-25		VFB_fw033515	VFB_00101567	2	1	0.0
2025-06-25		VFB_fw033570		2	1	0.0
2025-06-25		VFB_fw033570	VFB_00101567	2	1	0.0
2025-06-25		VFB_fw033587		2	1	0.0
2025-06-25		VFB_fw033587	VFB_00101567	2	1	0.0
2025-06-25		VFB_fw033611		2	1	0.0
2025-06-25		VFB_fw033611	VFB_00101567	2	1	0.0
2025-06-25		VFB_fw033658		2	1	0.0
2025-06-25		VFB_fw033658	VFB_00101567	2	1	0.0
2025-06-25		VFB_fw033692		2	1	0.0
2025-06-25		VFB_fw033692	VFB_00101567	2	1	0.0
2025-06-25		VFB_fw033734		2	1	0.0
2025-06-25		VFB_fw033734	VFB_00101567	2	1	0.0
2025-06-25		VFB_fw033761		2	1	0.0
2025-06-25		VFB_fw033761	VFB_00101567	2	1	0.0
2025-06-25		VFB_fw033790		7	1	44.0
2025-06-25		VFB_fw033790	VFB_00101567	7	2	0.0
2025-06-25		VFB_fw033813		2	1	0.0
2025-06-25		VFB_fw033813	VFB_00101567	2	1	0.0
2025-06-25		VFB_fw033930		2	1	0.0
2025-06-25		VFB_fw033930	VFB_00101567	2	1	0.0
2025-06-25		VFB_fw033987		2	1	0.0
2025-06-25		VFB_fw033987	VFB_00101567	2	1	0.0
2025-06-25		VFB_fw033994		2	1	0.0
2025-06-25		VFB_fw033994	VFB_00101567	2	1	0.0
2025-06-25		VFB_fw033999		2	1	0.0
2025-06-25		VFB_fw033999	VFB_00101567	2	1	0.0
2025-06-25		VFB_fw034043		4	1	0.0
2025-06-25		VFB_fw034043	VFB_00101567	4	2	0.0
2025-06-25		VFB_fw034136		2	1	0.0
2025-06-25		VFB_fw034136	VFB_00101567	2	1	0.0
2025-06-25		VFB_fw034233		2	1	0.0
2025-06-25		VFB_fw034233	VFB_00101567	2	1	0.0
2025-06-25		VFB_fw034265		2	1	0.0
2025-06-25		VFB_fw034265	VFB_00101567	2	1	0.0
2025-06-25		VFB_fw034318		2	1	0.0
2025-06-25		VFB_fw034318	VFB_00101567	2	1	0.0
2025-06-25		VFB_fw034324		2	1	0.0
2025-06-25		VFB_fw034324	VFB_00101567	2	1	0.0
2025-06-25		VFB_fw034356		2	1	0.0
2025-06-25		VFB_fw034356	VFB_00101567	2	1	0.0
2025-06-25		VFB_fw034367		2	1	0.0
2025-06-25		VFB_fw034367	VFB_00101567	2	1	0.0
2025-06-25		VFB_fw034397		4	1	0.0
2025-06-25		VFB_fw034397	VFB_00101567	4	2	0.0
2025-06-25		VFB_fw034457		2	1	0.0
2025-06-25		VFB_fw034457	VFB_00101567	2	1	0.0
2025-06-25		VFB_fw034490		2	1	0.0
2025-06-25		VFB_fw034490	VFB_00101567	2	1	0.0
2025-06-25		VFB_fw034527		2	1	0.0
2025-06-25		VFB_fw034527	VFB_00101567	2	1	0.0
2025-06-25		VFB_fw034609		2	1	1.0
2025-06-25		VFB_fw034609	VFB_00101567	2	1	0.0
2025-06-25		VFB_fw034626		2	1	0.0
2025-06-25		VFB_fw034626	VFB_00101567	2	1	0.0
2025-06-25		VFB_fw034699		2	1	0.0
2025-06-25		VFB_fw034699	VFB_00101567	2	1	0.0
2025-06-25		VFB_fw034719		2	1	0.0
2025-06-25		VFB_fw034719	VFB_00101567	2	1	0.0
2025-06-25		VFB_fw034789		2	1	0.0
2025-06-25		VFB_fw034789	VFB_00101567	2	1	0.0
2025-06-25		VFB_fw034796		2	1	0.0
2025-06-25		VFB_fw034796	VFB_00101567	2	1	0.0
2025-06-25		VFB_fw034919		2	1	0.0
2025-06-25		VFB_fw034919	VFB_00101567	2	1	0.0
2025-06-25		VFB_fw034989		2	1	0.0
2025-06-25		VFB_fw034989	VFB_00101567	2	1	0.0
2025-06-25		VFB_fw035023		2	1	0.0
2025-06-25		VFB_fw035023	VFB_00101567	2	1	0.0
2025-06-25		VFB_fw035067		2	1	0.0
2025-06-25		VFB_fw035067	VFB_00101567	2	1	0.0
2025-06-25		VFB_fw035124		2	1	0.0
2025-06-25		VFB_fw035124	VFB_00101567	2	1	0.0
2025-06-25		VFB_fw035199		2	1	0.0
2025-06-25		VFB_fw035199	VFB_00101567	2	1	0.0
2025-06-25		VFB_fw035211		2	1	0.0
2025-06-25		VFB_fw035211	VFB_00101567	2	1	0.0
2025-06-25		VFB_fw035228		2	1	0.0
2025-06-25		VFB_fw035228	VFB_00101567	2	1	0.0
2025-06-25		VFB_fw035339		2	1	0.0
2025-06-25		VFB_fw035339	VFB_00101567	2	1	0.0
2025-06-25		VFB_fw035398		2	1	0.0
2025-06-25		VFB_fw035398	VFB_00101567	2	1	0.0
2025-06-25		VFB_fw035404		2	1	0.0
2025-06-25		VFB_fw035404	VFB_00101567	2	1	0.0
2025-06-25		VFB_fw035435		2	1	0.0
2025-06-25		VFB_fw035435	VFB_00101567	2	1	0.0
2025-06-25		VFB_fw035507		2	1	0.0
2025-06-25		VFB_fw035507	VFB_00101567	2	1	0.0
2025-06-25		VFB_fw035657		2	1	0.0
2025-06-25		VFB_fw035657	VFB_00101567	2	1	0.0
2025-06-25		VFB_fw035680		4	1	6.0
2025-06-25		VFB_fw035680	VFB_00101567	4	2	0.0
2025-06-25		VFB_fw035695		2	1	0.0
2025-06-25		VFB_fw035695	VFB_00101567	2	1	0.0
2025-06-25		VFB_fw035700		2	1	0.0
2025-06-25		VFB_fw035700	VFB_00101567	2	1	0.0
2025-06-25		VFB_fw035909		2	1	0.0
2025-06-25		VFB_fw035909	VFB_00101567	2	1	0.0
2025-06-25		VFB_fw035921		2	1	0.0
2025-06-25		VFB_fw035921	VFB_00101567	2	1	0.0
2025-06-25		VFB_fw035933		2	1	0.0
2025-06-25		VFB_fw035933	VFB_00101567	2	1	0.0
2025-06-25		VFB_fw035964		2	1	0.0
2025-06-25		VFB_fw035964	VFB_00101567	2	1	0.0
2025-06-25		VFB_fw036187		2	1	0.0
2025-06-25		VFB_fw036187	VFB_00101567	2	1	0.0
2025-06-25		VFB_fw036191		2	1	0.0
2025-06-25		VFB_fw036191	VFB_00101567	2	1	0.0
2025-06-25		VFB_fw036199		2	1	0.0
2025-06-25		VFB_fw036199	VFB_00101567	2	1	0.0
2025-06-25		VFB_fw036505		2	1	0.0
2025-06-25		VFB_fw036505	VFB_00101567	2	1	0.0
2025-06-25		VFB_jrchjtle		8	1	12.0
2025-06-25		VFB_jrchjtle	VFB_00101567	7	2	0.0
2025-06-25		VFB_jrchjtlh		1	1	0.0
2025-06-25		VFB_jrchjtlh	VFB_00101567	1	1	0.0
2025-06-25		VFB_jrchjtm6		1	1	0.0
2025-06-25		VFB_jrchjtm6	VFB_00101567	1	1	0.0
2025-06-25		VFB_jrchjtrp		2	1	0.0
2025-06-25		VFB_jrchjtrp	VFB_00101567	2	1	0.0
2025-06-25		VFB_jrchjtrq		2	1	0.0
2025-06-25		VFB_jrchjtrq	VFB_00101567	2	1	0.0
2025-06-25		VFB_jrchjtrr		2	1	0.0
2025-06-25		VFB_jrchjtrr	VFB_00101567	2	1	0.0
2025-06-25		VFB_jrchjtrs		2	1	0.0
2025-06-25		VFB_jrchjtrs	VFB_00101567	2	1	0.0
2025-06-25		VFB_jrchjtrt		2	1	0.0
2025-06-25		VFB_jrchjtrt	VFB_00101567	2	1	0.0
2025-06-25		VFB_jrchjtsg		4	1	9.0
2025-06-25		VFB_jrchjtsg	VFB_00101567	4	1	0.0
2025-06-25		VFB_jrchjujp		12	1	0.0
2025-06-25		VFB_jrchjujp	VFB_00101567	12	2	0.0
2025-06-25		VFB_jrchk08c		3	1	120.0
2025-06-25		VFB_jrchk08c	VFB_00101567	3	2	0.0
2025-06-25		VFB_jrchk3bq		2	1	0.0
2025-06-25		VFB_jrchk3bq	VFB_00101567	2	2	0.0
2025-06-25		VFB_jrchk3cg		5	1	31.0
2025-06-25		VFB_jrchk3cg	VFB_00101567	3	2	0.0
2025-06-25		VFB_jrchk45f		1	1	10.0
2025-06-25		VFB_jrchk45f	VFB_00101567	1	1	0.0
2025-06-25		VFB_jrchk66t		1	1	0.0
2025-06-25		VFB_jrchk66t	VFB_00101567	1	1	0.0
2025-06-25		VFB_jrchk7a7		1	1	14.0
2025-06-25		VFB_jrchk7a7	VFB_00101567	1	1	0.0
2025-06-25	v2.virtualflybrain.org	FBbt_00003004	VFB_00101567	0	3	32.0
2025-06-25	v2.virtualflybrain.org	FBbt_00003624		1	1	6.0
2025-06-25	v2.virtualflybrain.org	FBbt_00003624	VFB_00101567	0	5	92.0
2025-06-25	v2.virtualflybrain.org	FBbt_00003650	VFB_00101567	3	5	567.0
2025-06-25	v2.virtualflybrain.org	FBbt_00003651	VFB_00101567	0	2	21.0
2025-06-25	v2.virtualflybrain.org	FBbt_00003678		1	1	3.0
2025-06-25	v2.virtualflybrain.org	FBbt_00003678	VFB_00101567	0	1	76.0
2025-06-25	v2.virtualflybrain.org	FBbt_00003680	VFB_00101567	0	2	15.0
2025-06-25	v2.virtualflybrain.org	FBbt_00003681	VFB_00101567	0	1	1.0
2025-06-25	v2.virtualflybrain.org	FBbt_00003701	VFB_00101567	0	2	18.0
2025-06-25	v2.virtualflybrain.org	FBbt_00003718	VFB_00050000	0	2	47.0
2025-06-25	v2.virtualflybrain.org	FBbt_00003748	VFB_00101567	0	1	11.0
2025-06-25	v2.virtualflybrain.org	FBbt_00003763	VFB_00101567	0	1	0.0
2025-06-25	v2.virtualflybrain.org	FBbt_00004046	VFB_00101567	0	1	96.0
2025-06-25	v2.virtualflybrain.org	FBbt_00004213	VFB_00101567	3	2	973.0
2025-06-25	v2.virtualflybrain.org	FBbt_00005131	VFB_00101567	0	1	29.0
2025-06-25	v2.virtualflybrain.org	FBbt_00007173	VFB_00101567	0	1	13.0
2025-06-25	v2.virtualflybrain.org	FBbt_00007228	VFB_00101567	0	1	6.0
2025-06-25	v2.virtualflybrain.org	FBbt_00007453	VFB_00101567	0	1	13.0
2025-06-25	v2.virtualflybrain.org	FBbt_00007507	VFB_00101567	0	1	0.0
2025-06-25	v2.virtualflybrain.org	FBbt_00007537	VFB_00101567	0	1	1.0
2025-06-25	v2.virtualflybrain.org	FBbt_00007538		1	1	0.0
2025-06-25	v2.virtualflybrain.org	FBbt_00007538	VFB_00101567	0	2	3.0
2025-06-25	v2.virtualflybrain.org	FBbt_00014013	VFB_00101567	0	1	30.0
2025-06-25	v2.virtualflybrain.org	FBbt_00040002	VFB_00101567	0	2	39.0
2025-06-25	v2.virtualflybrain.org	FBbt_00040041	VFB_00101567	5	7	134.0
2025-06-25	v2.virtualflybrain.org	FBbt_00040042	VFB_00101567	0	1	1.0
2025-06-25	v2.virtualflybrain.org	FBbt_00040043	VFB_00101567	0	2	7.0
2025-06-25	v2.virtualflybrain.org	FBbt_00040071	VFB_00101567	0	2	18.0
2025-06-25	v2.virtualflybrain.org	FBbt_00045003	VFB_00101567	0	1	12.0
2025-06-25	v2.virtualflybrain.org	FBbt_00047037	VFB_00101567	0	1	3.0
2025-06-25	v2.virtualflybrain.org	FBbt_00047038	VFB_00101567	0	1	2.0
2025-06-25	v2.virtualflybrain.org	FBbt_00047039	VFB_00101567	0	1	2.0
2025-06-25	v2.virtualflybrain.org	FBbt_00047040	VFB_00101567	0	2	26.0
2025-06-25	v2.virtualflybrain.org	FBbt_00047041	VFB_00101567	0	1	9.0
2025-06-25	v2.virtualflybrain.org	FBbt_00047042	VFB_00101567	0	3	32.0
2025-06-25	v2.virtualflybrain.org	FBbt_00047183	VFB_00101567	0	2	29.0
2025-06-25	v2.virtualflybrain.org	FBbt_00047662	VFB_00101567	0	2	25.0
2025-06-25	v2.virtualflybrain.org	FBbt_00047887	VFB_00101567	0	1	1.0
2025-06-25	v2.virtualflybrain.org	FBbt_00047967	VFB_00050000	0	1	10.0
2025-06-25	v2.virtualflybrain.org	FBbt_00048114	VFB_00101567	0	1	28.0
2025-06-25	v2.virtualflybrain.org	FBbt_00048123	VFB_00101567	0	2	22.0
2025-06-25	v2.virtualflybrain.org	FBbt_00048289	VFB_00050000	0	1	9.0
2025-06-25	v2.virtualflybrain.org	FBbt_00049892	VFB_00101567	0	2	75.0
2025-06-25	v2.virtualflybrain.org	FBbt_00053234	VFB_00101567	0	1	0.0
2025-06-25	v2.virtualflybrain.org	FBbt_00053384	VFB_00101567	0	3	18.0
2025-06-25	v2.virtualflybrain.org	FBbt_00110167	VFB_00101567	12	1	0.0
2025-06-25	v2.virtualflybrain.org	FBbt_00110477	VFB_00101567	0	1	25.0
2025-06-25	v2.virtualflybrain.org	FBbt_00110538		1	1	8.0
2025-06-25	v2.virtualflybrain.org	FBbt_00110538	VFB_00101567	0	1	0.0
2025-06-25	v2.virtualflybrain.org	FBbt_00110539		1	1	3.0
2025-06-25	v2.virtualflybrain.org	FBbt_00110539	VFB_00101567	0	1	8.0
2025-06-25	v2.virtualflybrain.org	FBbt_00111005	VFB_00101567	0	2	15.0
2025-06-25	v2.virtualflybrain.org	FBbt_00111382	VFB_00101567	0	1	23.0
2025-06-25	v2.virtualflybrain.org	FBbt_00111433	VFB_00101567	0	1	135.0
2025-06-25	v2.virtualflybrain.org	FBbt_00111514	VFB_00101567	0	2	35.0
2025-06-25	v2.virtualflybrain.org	VFB_00000919	VFB_00101567	0	1	18.0
2025-06-25	v2.virtualflybrain.org	VFB_00008176	VFB_00101567	0	1	23.0
2025-06-25	v2.virtualflybrain.org	VFB_00017894	VFB_00017894	12	3	0.0
2025-06-25	v2.virtualflybrain.org	VFB_00021449	VFB_00101567	0	1	3.0
2025-06-25	v2.virtualflybrain.org	VFB_00030870	VFB_00101567	0	1	5.0
2025-06-25	v2.virtualflybrain.org	VFB_00049000	VFB_00049000	1	3	53.0
2025-06-25	v2.virtualflybrain.org	VFB_00050000	VFB_00050000	2	6	26.0
2025-06-25	v2.virtualflybrain.org	VFB_0010023r	VFB_00050000	0	2	58.0
2025-06-25	v2.virtualflybrain.org	VFB_00100292	VFB_00050000	0	1	13.0
2025-06-25	v2.virtualflybrain.org	VFB_00100457	VFB_00050000	0	1	34.0
2025-06-25	v2.virtualflybrain.org	VFB_00100547	VFB_00050000	0	2	25.0
2025-06-25	v2.virtualflybrain.org	VFB_00100564	VFB_00050000	0	1	40.0
2025-06-25	v2.virtualflybrain.org	VFB_00100591	VFB_00050000	1	6	173.0
2025-06-25	v2.virtualflybrain.org	VFB_00100907	VFB_00050000	2	1	0.0
2025-06-25	v2.virtualflybrain.org	VFB_00100w46	VFB_00101567	11	1	0.0
2025-06-25	v2.virtualflybrain.org	VFB_00101068	VFB_00050000	3	1	6577.0
2025-06-25	v2.virtualflybrain.org	VFB_00101091	VFB_00050000	1	1	0.0
2025-06-25	v2.virtualflybrain.org	VFB_001012bw	VFB_00101567	0	2	11.0
2025-06-25	v2.virtualflybrain.org	VFB_00101567		1	1	7.0
2025-06-25	v2.virtualflybrain.org	VFB_00101567	VFB_00101567	42	78	2270.0
2025-06-25	v2.virtualflybrain.org	VFB_00102107	VFB_00101567	0	3	51.0
2025-06-25	v2.virtualflybrain.org	VFB_00102146	VFB_00101567	10	2	0.0
2025-06-25	v2.virtualflybrain.org	VFB_00102159	VFB_00101567	6	1	0.0
2025-06-25	v2.virtualflybrain.org	VFB_00102171	VFB_00101567	0	1	5.0
2025-06-25	v2.virtualflybrain.org	VFB_00102175	VFB_00101567	0	1	10.0
2025-06-25	v2.virtualflybrain.org	VFB_00102176	VFB_00101567	0	1	10.0
2025-06-25	v2.virtualflybrain.org	VFB_00102179	VFB_00101567	0	1	13.0
2025-06-25	v2.virtualflybrain.org	VFB_00102185	VFB_00101567	0	2	8.0
2025-06-25	v2.virtualflybrain.org	VFB_00102190	VFB_00101567	0	1	9.0
2025-06-25	v2.virtualflybrain.org	VFB_00102201	VFB_00101567	0	1	1.0
2025-06-25	v2.virtualflybrain.org	VFB_00102212	VFB_00101567	0	1	8.0
2025-06-25	v2.virtualflybrain.org	VFB_00102213	VFB_00101567	0	2	3.0
2025-06-25	v2.virtualflybrain.org	VFB_00102214	VFB_00101567	0	2	51.0
2025-06-25	v2.virtualflybrain.org	VFB_00102275	VFB_00101567	0	1	36.0
2025-06-25	v2.virtualflybrain.org	VFB_00200000	VFB_00200000	2	4	3.0
2025-06-25	v2.virtualflybrain.org	VFB_fw000366	VFB_00101567	0	1	16.0
2025-06-25	v2.virtualflybrain.org	VFB_fw000429	VFB_00101567	0	2	17.0
2025-06-25	v2.virtualflybrain.org	VFB_fw000430	VFB_00101567	0	2	1.0
2025-06-25	v2.virtualflybrain.org	VFB_fw000439	VFB_00101567	0	2	0.0
2025-06-25	v2.virtualflybrain.org	VFB_fw000457	VFB_00101567	0	1	64.0
2025-06-25	v2.virtualflybrain.org	VFB_fw000458	VFB_00101567	0	1	43.0
2025-06-25	v2.virtualflybrain.org	VFB_fw000460	VFB_00101567	0	1	6.0
2025-06-25	v2.virtualflybrain.org	VFB_fw000461	VFB_00101567	0	2	35.0
2025-06-25	v2.virtualflybrain.org	VFB_fw000472	VFB_00101567	0	1	2.0
2025-06-25	v2.virtualflybrain.org	VFB_fw000560	VFB_00101567	0	1	2.0
2025-06-25	v2.virtualflybrain.org	VFB_fw000905	VFB_00101567	0	2	1.0
2025-06-25	v2.virtualflybrain.org	VFB_fw000908	VFB_00101567	0	2	125.0
2025-06-25	v2.virtualflybrain.org	VFB_fw000912	VFB_00101567	0	1	0.0
2025-06-25	v2.virtualflybrain.org	VFB_fw000913	VFB_00101567	0	2	1.0
2025-06-25	v2.virtualflybrain.org	VFB_fw000914	VFB_00101567	0	2	0.0
2025-06-25	v2.virtualflybrain.org	VFB_fw000949	VFB_00101567	0	1	0.0
2025-06-25	v2.virtualflybrain.org	VFB_fw000951	VFB_00101567	0	2	1.0
2025-06-25	v2.virtualflybrain.org	VFB_fw000963	VFB_00101567	0	1	0.0
2025-06-25	v2.virtualflybrain.org	VFB_fw000964	VFB_00101567	0	2	0.0
2025-06-25	v2.virtualflybrain.org	VFB_fw000968	VFB_00101567	1	1	1.0
2025-06-25	v2.virtualflybrain.org	VFB_fw000969	VFB_00101567	0	1	0.0
2025-06-25	v2.virtualflybrain.org	VFB_fw000970	VFB_00101567	0	1	0.0
2025-06-25	v2.virtualflybrain.org	VFB_fw000971	VFB_00101567	0	1	16.0
2025-06-25	v2.virtualflybrain.org	VFB_fw000974	VFB_00101567	0	1	1.0
2025-06-25	v2.virtualflybrain.org	VFB_fw000976	VFB_00101567	0	2	0.0
2025-06-25	v2.virtualflybrain.org	VFB_fw000994	VFB_00101567	0	2	0.0
2025-06-25	v2.virtualflybrain.org	VFB_fw000995	VFB_00101567	0	1	0.0
2025-06-25	v2.virtualflybrain.org	VFB_fw001003	VFB_00101567	0	1	0.0
2025-06-25	v2.virtualflybrain.org	VFB_fw001045	VFB_00101567	0	1	0.0
2025-06-25	v2.virtualflybrain.org	VFB_fw001048	VFB_00101567	0	1	0.0
2025-06-25	v2.virtualflybrain.org	VFB_fw001051	VFB_00101567	3	1	7.0
2025-06-25	v2.virtualflybrain.org	VFB_fw001434	VFB_00101567	0	1	0.0
2025-06-25	v2.virtualflybrain.org	VFB_fw001435	VFB_00101567	0	1	0.0
2025-06-25	v2.virtualflybrain.org	VFB_fw001443	VFB_00101567	0	1	0.0
2025-06-25	v2.virtualflybrain.org	VFB_fw001548	VFB_00101567	0	1	1.0
2025-06-25	v2.virtualflybrain.org	VFB_fw001578	VFB_00101567	0	1	1.0
2025-06-25	v2.virtualflybrain.org	VFB_fw001664	VFB_00101567	0	1	0.0
2025-06-25	v2.virtualflybrain.org	VFB_fw001666	VFB_00101567	0	2	12.0
2025-06-25	v2.virtualflybrain.org	VFB_fw001791	VFB_00101567	0	1	0.0
2025-06-25	v2.virtualflybrain.org	VFB_fw001827	VFB_00101567	0	1	0.0
2025-06-25	v2.virtualflybrain.org	VFB_fw001905	VFB_00101567	0	1	0.0
2025-06-25	v2.virtualflybrain.org	VFB_fw001963	VFB_00101567	0	1	0.0
2025-06-25	v2.virtualflybrain.org	VFB_fw002120	VFB_00101567	0	1	0.0
2025-06-25	v2.virtualflybrain.org	VFB_fw002182	VFB_00101567	0	1	0.0
2025-06-25	v2.virtualflybrain.org	VFB_fw002316	VFB_00101567	0	1	0.0
2025-06-25	v2.virtualflybrain.org	VFB_fw002553	VFB_00101567	0	1	0.0
2025-06-25	v2.virtualflybrain.org	VFB_fw002865	VFB_00101567	0	1	0.0
2025-06-25	v2.virtualflybrain.org	VFB_fw002990	VFB_00101567	0	2	0.0
2025-06-25	v2.virtualflybrain.org	VFB_fw003295	VFB_00101567	0	1	0.0
2025-06-25	v2.virtualflybrain.org	VFB_fw003411	VFB_00101567	0	1	0.0
2025-06-25	v2.virtualflybrain.org	VFB_fw003600	VFB_00101567	0	1	0.0
2025-06-25	v2.virtualflybrain.org	VFB_fw003801	VFB_00101567	0	1	0.0
2025-06-25	v2.virtualflybrain.org	VFB_fw003832	VFB_00101567	0	1	0.0
2025-06-25	v2.virtualflybrain.org	VFB_fw003872	VFB_00101567	0	1	2.0
2025-06-25	v2.virtualflybrain.org	VFB_fw003978	VFB_00101567	0	1	1.0
2025-06-25	v2.virtualflybrain.org	VFB_fw004018	VFB_00101567	0	1	0.0
2025-06-25	v2.virtualflybrain.org	VFB_fw004055	VFB_00101567	0	1	0.0
2025-06-25	v2.virtualflybrain.org	VFB_fw004368	VFB_00101567	0	1	1.0
2025-06-25	v2.virtualflybrain.org	VFB_fw004637	VFB_00101567	0	1	0.0
2025-06-25	v2.virtualflybrain.org	VFB_fw005182	VFB_00101567	0	1	0.0
2025-06-25	v2.virtualflybrain.org	VFB_fw005513	VFB_00101567	0	1	1.0
2025-06-25	v2.virtualflybrain.org	VFB_fw005661	VFB_00101567	0	1	0.0
2025-06-25	v2.virtualflybrain.org	VFB_fw005832	VFB_00101567	0	1	0.0
2025-06-25	v2.virtualflybrain.org	VFB_fw006071	VFB_00101567	0	1	0.0
2025-06-25	v2.virtualflybrain.org	VFB_fw006085	VFB_00101567	0	1	0.0
2025-06-25	v2.virtualflybrain.org	VFB_fw006179	VFB_00101567	0	1	0.0
2025-06-25	v2.virtualflybrain.org	VFB_fw006215	VFB_00101567	0	1	0.0
2025-06-25	v2.virtualflybrain.org	VFB_fw006367	VFB_00101567	0	1	0.0
2025-06-25	v2.virtualflybrain.org	VFB_fw006836	VFB_00101567	0	1	0.0
2025-06-25	v2.virtualflybrain.org	VFB_fw007327	VFB_00101567	0	1	0.0
2025-06-25	v2.virtualflybrain.org	VFB_fw007573	VFB_00101567	0	1	1.0
2025-06-25	v2.virtualflybrain.org	VFB_fw007647	VFB_00101567	0	1	0.0
2025-06-25	v2.virtualflybrain.org	VFB_fw008032	VFB_00101567	0	1	1.0
2025-06-25	v2.virtualflybrain.org	VFB_fw008052	VFB_00101567	0	1	0.0
2025-06-25	v2.virtualflybrain.org	VFB_fw008235	VFB_00101567	0	1	0.0
2025-06-25	v2.virtualflybrain.org	VFB_fw008301	VFB_00101567	0	1	0.0
2025-06-25	v2.virtualflybrain.org	VFB_fw008343	VFB_00101567	0	1	0.0
2025-06-25	v2.virtualflybrain.org	VFB_fw008529	VFB_00101567	0	1	0.0
2025-06-25	v2.virtualflybrain.org	VFB_fw008791	VFB_00101567	0	1	0.0
2025-06-25	v2.virtualflybrain.org	VFB_fw008817	VFB_00101567	0	1	0.0
2025-06-25	v2.virtualflybrain.org	VFB_fw008848	VFB_00101567	0	1	0.0
2025-06-25	v2.virtualflybrain.org	VFB_fw008858	VFB_00101567	0	1	0.0
2025-06-25	v2.virtualflybrain.org	VFB_fw008881	VFB_00101567	0	1	0.0
2025-06-25	v2.virtualflybrain.org	VFB_fw008933	VFB_00101567	0	2	0.0
2025-06-25	v2.virtualflybrain.org	VFB_fw009060	VFB_00101567	0	1	0.0
2025-06-25	v2.virtualflybrain.org	VFB_fw009396	VFB_00101567	0	1	1.0
2025-06-25	v2.virtualflybrain.org	VFB_fw010072	VFB_00101567	0	1	0.0
2025-06-25	v2.virtualflybrain.org	VFB_fw010360	VFB_00101567	0	1	2.0
2025-06-25	v2.virtualflybrain.org	VFB_fw010794	VFB_00101567	0	1	0.0
2025-06-25	v2.virtualflybrain.org	VFB_fw010926	VFB_00101567	0	1	0.0
2025-06-25	v2.virtualflybrain.org	VFB_fw011617	VFB_00101567	0	1	0.0
2025-06-25	v2.virtualflybrain.org	VFB_fw011795	VFB_00101567	0	1	0.0
2025-06-25	v2.virtualflybrain.org	VFB_fw012711	VFB_00101567	0	2	0.0
2025-06-25	v2.virtualflybrain.org	VFB_fw013170	VFB_00101567	0	1	0.0
2025-06-25	v2.virtualflybrain.org	VFB_fw014058	VFB_00101567	0	1	0.0
2025-06-25	v2.virtualflybrain.org	VFB_fw014264	VFB_00101567	0	1	0.0
2025-06-25	v2.virtualflybrain.org	VFB_fw015530	VFB_00101567	0	1	2.0
2025-06-25	v2.virtualflybrain.org	VFB_fw016923	VFB_00101567	0	1	0.0
2025-06-25	v2.virtualflybrain.org	VFB_fw018526	VFB_00101567	0	1	0.0
2025-06-25	v2.virtualflybrain.org	VFB_fw020923	VFB_00101567	0	1	0.0
2025-06-25	v2.virtualflybrain.org	VFB_fw020959	VFB_00101567	0	1	0.0
2025-06-25	v2.virtualflybrain.org	VFB_fw021207	VFB_00101567	0	1	1.0
2025-06-25	v2.virtualflybrain.org	VFB_fw021339	VFB_00101567	0	1	1.0
2025-06-25	v2.virtualflybrain.org	VFB_fw021604	VFB_00101567	0	2	83.0
2025-06-25	v2.virtualflybrain.org	VFB_fw022715	VFB_00101567	0	1	0.0
2025-06-25	v2.virtualflybrain.org	VFB_fw022935	VFB_00101567	0	1	0.0
2025-06-25	v2.virtualflybrain.org	VFB_fw023764	VFB_00101567	0	1	3.0
2025-06-25	v2.virtualflybrain.org	VFB_fw024346	VFB_00101567	0	1	0.0
2025-06-25	v2.virtualflybrain.org	VFB_fw025203	VFB_00101567	1	2	47.0
2025-06-25	v2.virtualflybrain.org	VFB_fw025614	VFB_00101567	0	1	9.0
2025-06-25	v2.virtualflybrain.org	VFB_fw025848	VFB_00101567	0	1	1.0
2025-06-25	v2.virtualflybrain.org	VFB_fw026147	VFB_00101567	0	1	0.0
2025-06-25	v2.virtualflybrain.org	VFB_fw026188	VFB_00101567	0	1	0.0
2025-06-25	v2.virtualflybrain.org	VFB_fw027196	VFB_00101567	0	1	0.0
2025-06-25	v2.virtualflybrain.org	VFB_fw027431	VFB_00101567	0	1	1.0
2025-06-25	v2.virtualflybrain.org	VFB_fw027510	VFB_00101567	0	1	0.0
2025-06-25	v2.virtualflybrain.org	VFB_fw027512	VFB_00101567	0	1	0.0
2025-06-25	v2.virtualflybrain.org	VFB_fw027820	VFB_00101567	0	1	0.0
2025-06-25	v2.virtualflybrain.org	VFB_fw028094	VFB_00101567	0	1	3.0
2025-06-25	v2.virtualflybrain.org	VFB_fw028176	VFB_00101567	0	1	0.0
2025-06-25	v2.virtualflybrain.org	VFB_fw028208	VFB_00101567	0	1	0.0
2025-06-25	v2.virtualflybrain.org	VFB_fw028251	VFB_00101567	0	2	2.0
2025-06-25	v2.virtualflybrain.org	VFB_fw028354	VFB_00101567	0	1	2.0
2025-06-25	v2.virtualflybrain.org	VFB_fw028482	VFB_00101567	0	1	0.0
2025-06-25	v2.virtualflybrain.org	VFB_fw028591	VFB_00101567	0	2	0.0
2025-06-25	v2.virtualflybrain.org	VFB_fw028647	VFB_00101567	0	2	1.0
2025-06-25	v2.virtualflybrain.org	VFB_fw028701	VFB_00101567	0	1	0.0
2025-06-25	v2.virtualflybrain.org	VFB_fw028766	VFB_00101567	0	1	0.0
2025-06-25	v2.virtualflybrain.org	VFB_fw029105	VFB_00101567	0	1	0.0
2025-06-25	v2.virtualflybrain.org	VFB_fw029312	VFB_00101567	0	1	0.0
2025-06-25	v2.virtualflybrain.org	VFB_fw029645	VFB_00101567	0	1	0.0
2025-06-25	v2.virtualflybrain.org	VFB_fw029699	VFB_00101567	0	1	0.0
2025-06-25	v2.virtualflybrain.org	VFB_fw029830	VFB_00101567	0	1	0.0
2025-06-25	v2.virtualflybrain.org	VFB_fw029905	VFB_00101567	0	1	1.0
2025-06-25	v2.virtualflybrain.org	VFB_fw029943	VFB_00101567	0	1	0.0
2025-06-25	v2.virtualflybrain.org	VFB_fw029974	VFB_00101567	0	1	0.0
2025-06-25	v2.virtualflybrain.org	VFB_fw030376	VFB_00101567	0	1	0.0
2025-06-25	v2.virtualflybrain.org	VFB_fw030418	VFB_00101567	0	1	0.0
2025-06-25	v2.virtualflybrain.org	VFB_fw030437	VFB_00101567	0	1	0.0
2025-06-25	v2.virtualflybrain.org	VFB_fw030613	VFB_00101567	0	1	1.0
2025-06-25	v2.virtualflybrain.org	VFB_fw030640	VFB_00101567	0	1	0.0
2025-06-25	v2.virtualflybrain.org	VFB_fw030679	VFB_00101567	0	1	0.0
2025-06-25	v2.virtualflybrain.org	VFB_fw030814	VFB_00101567	0	1	1.0
2025-06-25	v2.virtualflybrain.org	VFB_fw030816	VFB_00101567	0	1	0.0
2025-06-25	v2.virtualflybrain.org	VFB_fw030853	VFB_00101567	0	1	0.0
2025-06-25	v2.virtualflybrain.org	VFB_fw030872	VFB_00101567	0	1	1.0
2025-06-25	v2.virtualflybrain.org	VFB_fw030909	VFB_00101567	0	1	1.0
2025-06-25	v2.virtualflybrain.org	VFB_fw031093	VFB_00101567	0	1	1.0
2025-06-25	v2.virtualflybrain.org	VFB_fw031235	VFB_00101567	0	1	0.0
2025-06-25	v2.virtualflybrain.org	VFB_fw031332	VFB_00101567	0	1	0.0
2025-06-25	v2.virtualflybrain.org	VFB_fw031350	VFB_00101567	0	1	0.0
2025-06-25	v2.virtualflybrain.org	VFB_fw031413	VFB_00101567	0	1	0.0
2025-06-25	v2.virtualflybrain.org	VFB_fw031445	VFB_00101567	0	1	2.0
2025-06-25	v2.virtualflybrain.org	VFB_fw031595	VFB_00101567	0	1	2.0
2025-06-25	v2.virtualflybrain.org	VFB_fw031607	VFB_00101567	0	1	0.0
2025-06-25	v2.virtualflybrain.org	VFB_fw031689	VFB_00101567	0	1	0.0
2025-06-25	v2.virtualflybrain.org	VFB_fw031694	VFB_00101567	0	1	0.0
2025-06-25	v2.virtualflybrain.org	VFB_fw031696	VFB_00101567	0	1	1.0
2025-06-25	v2.virtualflybrain.org	VFB_fw031748	VFB_00101567	0	1	0.0
2025-06-25	v2.virtualflybrain.org	VFB_fw031807	VFB_00101567	0	1	0.0
2025-06-25	v2.virtualflybrain.org	VFB_fw031901	VFB_00101567	0	1	13.0
2025-06-25	v2.virtualflybrain.org	VFB_fw031995	VFB_00101567	0	1	0.0
2025-06-25	v2.virtualflybrain.org	VFB_fw032089	VFB_00101567	0	1	0.0
2025-06-25	v2.virtualflybrain.org	VFB_fw032106	VFB_00101567	0	1	0.0
2025-06-25	v2.virtualflybrain.org	VFB_fw032167	VFB_00101567	0	1	1.0
2025-06-25	v2.virtualflybrain.org	VFB_fw032200	VFB_00101567	0	1	0.0
2025-06-25	v2.virtualflybrain.org	VFB_fw032259	VFB_00101567	0	1	0.0
2025-06-25	v2.virtualflybrain.org	VFB_fw032326	VFB_00101567	0	1	0.0
2025-06-25	v2.virtualflybrain.org	VFB_fw032338	VFB_00101567	0	1	0.0
2025-06-25	v2.virtualflybrain.org	VFB_fw032395	VFB_00101567	0	1	0.0
2025-06-25	v2.virtualflybrain.org	VFB_fw032442	VFB_00101567	0	1	0.0
2025-06-25	v2.virtualflybrain.org	VFB_fw032452	VFB_00101567	0	1	0.0
2025-06-25	v2.virtualflybrain.org	VFB_fw032478	VFB_00101567	0	1	0.0
2025-06-25	v2.virtualflybrain.org	VFB_fw032484	VFB_00101567	0	1	3.0
2025-06-25	v2.virtualflybrain.org	VFB_fw032585	VFB_00101567	0	1	1.0
2025-06-25	v2.virtualflybrain.org	VFB_fw032607	VFB_00101567	0	2	0.0
2025-06-25	v2.virtualflybrain.org	VFB_fw032680	VFB_00101567	0	1	0.0
2025-06-25	v2.virtualflybrain.org	VFB_fw032695	VFB_00101567	0	1	0.0
2025-06-25	v2.virtualflybrain.org	VFB_fw032705	VFB_00101567	0	1	0.0
2025-06-25	v2.virtualflybrain.org	VFB_fw032733	VFB_00101567	0	1	0.0
2025-06-25	v2.virtualflybrain.org	VFB_fw032758	VFB_00101567	0	2	1.0
2025-06-25	v2.virtualflybrain.org	VFB_fw032769	VFB_00101567	0	1	16.0
2025-06-25	v2.virtualflybrain.org	VFB_fw032855	VFB_00101567	0	1	0.0
2025-06-25	v2.virtualflybrain.org	VFB_fw032888	VFB_00101567	0	1	1.0
2025-06-25	v2.virtualflybrain.org	VFB_fw032899	VFB_00101567	0	1	0.0
2025-06-25	v2.virtualflybrain.org	VFB_fw032947	VFB_00101567	0	1	0.0
2025-06-25	v2.virtualflybrain.org	VFB_fw032957	VFB_00101567	0	1	2.0
2025-06-25	v2.virtualflybrain.org	VFB_fw032966	VFB_00101567	0	2	0.0
2025-06-25	v2.virtualflybrain.org	VFB_fw033017	VFB_00101567	0	1	3.0
2025-06-25	v2.virtualflybrain.org	VFB_fw033045	VFB_00101567	0	1	2.0
2025-06-25	v2.virtualflybrain.org	VFB_fw033103	VFB_00101567	0	1	0.0
2025-06-25	v2.virtualflybrain.org	VFB_fw033113	VFB_00101567	0	1	0.0
2025-06-25	v2.virtualflybrain.org	VFB_fw033164	VFB_00101567	0	1	0.0
2025-06-25	v2.virtualflybrain.org	VFB_fw033171	VFB_00101567	0	1	0.0
2025-06-25	v2.virtualflybrain.org	VFB_fw033212	VFB_00101567	0	1	0.0
2025-06-25	v2.virtualflybrain.org	VFB_fw033215	VFB_00101567	0	1	5.0
2025-06-25	v2.virtualflybrain.org	VFB_fw033282	VFB_00101567	0	1	0.0
2025-06-25	v2.virtualflybrain.org	VFB_fw033312	VFB_00101567	0	1	0.0
2025-06-25	v2.virtualflybrain.org	VFB_fw033318	VFB_00101567	0	1	0.0
2025-06-25	v2.virtualflybrain.org	VFB_fw033319	VFB_00101567	0	1	0.0
2025-06-25	v2.virtualflybrain.org	VFB_fw033327	VFB_00101567	0	1	1.0
2025-06-25	v2.virtualflybrain.org	VFB_fw033394	VFB_00101567	0	1	1.0
2025-06-25	v2.virtualflybrain.org	VFB_fw033400	VFB_00101567	0	1	0.0
2025-06-25	v2.virtualflybrain.org	VFB_fw033451	VFB_00101567	0	1	16.0
2025-06-25	v2.virtualflybrain.org	VFB_fw033492	VFB_00101567	0	1	0.0
2025-06-25	v2.virtualflybrain.org	VFB_fw033506	VFB_00101567	0	1	0.0
2025-06-25	v2.virtualflybrain.org	VFB_fw033511	VFB_00101567	0	1	0.0
2025-06-25	v2.virtualflybrain.org	VFB_fw033512	VFB_00101567	0	1	0.0
2025-06-25	v2.virtualflybrain.org	VFB_fw033514	VFB_00101567	0	1	0.0
2025-06-25	v2.virtualflybrain.org	VFB_fw033515	VFB_00101567	0	1	1.0
2025-06-25	v2.virtualflybrain.org	VFB_fw033570	VFB_00101567	0	1	0.0
2025-06-25	v2.virtualflybrain.org	VFB_fw033587	VFB_00101567	0	1	28.0
2025-06-25	v2.virtualflybrain.org	VFB_fw033611	VFB_00101567	0	1	0.0
2025-06-25	v2.virtualflybrain.org	VFB_fw033658	VFB_00101567	0	1	0.0
2025-06-25	v2.virtualflybrain.org	VFB_fw033692	VFB_00101567	0	1	0.0
2025-06-25	v2.virtualflybrain.org	VFB_fw033734	VFB_00101567	0	1	0.0
2025-06-25	v2.virtualflybrain.org	VFB_fw033761	VFB_00101567	0	1	0.0
2025-06-25	v2.virtualflybrain.org	VFB_fw033790	VFB_00101567	0	2	31.0
2025-06-25	v2.virtualflybrain.org	VFB_fw033813	VFB_00101567	0	1	0.0
2025-06-25	v2.virtualflybrain.org	VFB_fw033930	VFB_00101567	0	1	0.0
2025-06-25	v2.virtualflybrain.org	VFB_fw033994	VFB_00101567	0	1	0.0
2025-06-25	v2.virtualflybrain.org	VFB_fw033999	VFB_00101567	0	1	0.0
2025-06-25	v2.virtualflybrain.org	VFB_fw034043	VFB_00101567	0	2	0.0
2025-06-25	v2.virtualflybrain.org	VFB_fw034136	VFB_00101567	0	1	3.0
2025-06-25	v2.virtualflybrain.org	VFB_fw034233	VFB_00101567	0	1	0.0
2025-06-25	v2.virtualflybrain.org	VFB_fw034265	VFB_00101567	0	1	0.0
2025-06-25	v2.virtualflybrain.org	VFB_fw034318	VFB_00101567	0	1	0.0
2025-06-25	v2.virtualflybrain.org	VFB_fw034356	VFB_00101567	0	1	0.0
2025-06-25	v2.virtualflybrain.org	VFB_fw034367	VFB_00101567	0	1	0.0
2025-06-25	v2.virtualflybrain.org	VFB_fw034397	VFB_00101567	0	2	36.0
2025-06-25	v2.virtualflybrain.org	VFB_fw034457	VFB_00101567	0	1	0.0
2025-06-25	v2.virtualflybrain.org	VFB_fw034490	VFB_00101567	0	1	0.0
2025-06-25	v2.virtualflybrain.org	VFB_fw034527	VFB_00101567	0	1	19.0
2025-06-25	v2.virtualflybrain.org	VFB_fw034609	VFB_00101567	0	1	0.0
2025-06-25	v2.virtualflybrain.org	VFB_fw034626	VFB_00101567	0	1	2.0
2025-06-25	v2.virtualflybrain.org	VFB_fw034699	VFB_00101567	0	1	0.0
2025-06-25	v2.virtualflybrain.org	VFB_fw034719	VFB_00101567	0	1	16.0
2025-06-25	v2.virtualflybrain.org	VFB_fw034789	VFB_00101567	0	1	0.0
2025-06-25	v2.virtualflybrain.org	VFB_fw034796	VFB_00101567	0	1	0.0
2025-06-25	v2.virtualflybrain.org	VFB_fw034919	VFB_00101567	0	1	0.0
2025-06-25	v2.virtualflybrain.org	VFB_fw034989	VFB_00101567	0	1	0.0
2025-06-25	v2.virtualflybrain.org	VFB_fw035023	VFB_00101567	0	1	1.0
2025-06-25	v2.virtualflybrain.org	VFB_fw035067	VFB_00101567	0	1	0.0
2025-06-25	v2.virtualflybrain.org	VFB_fw035124	VFB_00101567	0	1	0.0
2025-06-25	v2.virtualflybrain.org	VFB_fw035199	VFB_00101567	0	1	0.0
2025-06-25	v2.virtualflybrain.org	VFB_fw035211	VFB_00101567	0	1	0.0
2025-06-25	v2.virtualflybrain.org	VFB_fw035228	VFB_00101567	0	1	0.0
2025-06-25	v2.virtualflybrain.org	VFB_fw035339	VFB_00101567	0	1	0.0
2025-06-25	v2.virtualflybrain.org	VFB_fw035398	VFB_00101567	0	1	0.0
2025-06-25	v2.virtualflybrain.org	VFB_fw035404	VFB_00101567	0	1	1.0
2025-06-25	v2.virtualflybrain.org	VFB_fw035435	VFB_00101567	0	1	0.0
2025-06-25	v2.virtualflybrain.org	VFB_fw035507	VFB_00101567	0	1	0.0
2025-06-25	v2.virtualflybrain.org	VFB_fw035680	VFB_00101567	0	2	0.0
2025-06-25	v2.virtualflybrain.org	VFB_fw035909	VFB_00101567	0	1	0.0
2025-06-25	v2.virtualflybrain.org	VFB_fw035921	VFB_00101567	0	1	0.0
2025-06-25	v2.virtualflybrain.org	VFB_fw035933	VFB_00101567	0	1	0.0
2025-06-25	v2.virtualflybrain.org	VFB_fw035964	VFB_00101567	0	1	29.0
2025-06-25	v2.virtualflybrain.org	VFB_fw036187	VFB_00101567	0	1	0.0
2025-06-25	v2.virtualflybrain.org	VFB_fw036191	VFB_00101567	0	1	12.0
2025-06-25	v2.virtualflybrain.org	VFB_fw036199	VFB_00101567	0	1	10.0
2025-06-25	v2.virtualflybrain.org	VFB_fw036505	VFB_00101567	0	1	15.0
2025-06-25	v2.virtualflybrain.org	VFB_jrchjtle	VFB_00101567	0	2	73.0
2025-06-25	v2.virtualflybrain.org	VFB_jrchjtlh	VFB_00101567	0	2	21.0
2025-06-25	v2.virtualflybrain.org	VFB_jrchjtm6	VFB_00101567	0	1	35.0
2025-06-25	v2.virtualflybrain.org	VFB_jrchjtrp	VFB_00101567	0	1	0.0
2025-06-25	v2.virtualflybrain.org	VFB_jrchjtrq	VFB_00101567	0	1	0.0
2025-06-25	v2.virtualflybrain.org	VFB_jrchjtrr	VFB_00101567	0	1	0.0
2025-06-25	v2.virtualflybrain.org	VFB_jrchjtrs	VFB_00101567	0	1	0.0
2025-06-25	v2.virtualflybrain.org	VFB_jrchjtrt	VFB_00101567	0	1	8.0
2025-06-25	v2.virtualflybrain.org	VFB_jrchjtsg		1	1	1.0
2025-06-25	v2.virtualflybrain.org	VFB_jrchjtsg	VFB_00101567	0	1	0.0
2025-06-25	v2.virtualflybrain.org	VFB_jrchjujp	VFB_00101567	10	3	0.0
2025-06-25	v2.virtualflybrain.org	VFB_jrchk08c	VFB_00101567	0	2	26.0
2025-06-25	v2.virtualflybrain.org	VFB_jrchk3bq	VFB_00101567	0	1	17.0
2025-06-25	v2.virtualflybrain.org	VFB_jrchk3cg	VFB_00101567	0	2	53.0
2025-06-25	v2.virtualflybrain.org	VFB_jrchk45f	VFB_00101567	0	1	19.0
2025-06-25	v2.virtualflybrain.org	VFB_jrchk66t	VFB_00101567	1	2	32.0
2025-06-25	v2.virtualflybrain.org	VFB_jrchk7a7	VFB_00101567	0	1	30.0
2025-06-26		FBbt_00000001		2	1	18.0
2025-06-26		FBbt_00000001	VFB_00050000	2	1	0.0
2025-06-26		FBbt_00001727		1	1	0.0
2025-06-26		FBbt_00001727	VFB_00050000	1	1	0.0
2025-06-26		FBbt_00003004		9	2	0.0
2025-06-26		FBbt_00003004	VFB_00101567	10	4	0.0
2025-06-26		FBbt_00003624		10	4	11.0
2025-06-26		FBbt_00003624	VFB_00101567	11	5	0.0
2025-06-26		FBbt_00003632		2	1	0.0
2025-06-26		FBbt_00003632	VFB_00101567	2	1	0.0
2025-06-26		FBbt_00003678		1	1	0.0
2025-06-26		FBbt_00003678	VFB_00101567	1	1	0.0
2025-06-26		FBbt_00003681		2	2	0.0
2025-06-26		FBbt_00003681	VFB_00101567	2	2	0.0
2025-06-26		FBbt_00003682		2	1	3.0
2025-06-26		FBbt_00003682	VFB_00101567	3	1	0.0
2025-06-26		FBbt_00003684		2	2	0.0
2025-06-26		FBbt_00003684	VFB_00101567	2	2	0.0
2025-06-26		FBbt_00003685		1	1	0.0
2025-06-26		FBbt_00003685	VFB_00101567	1	1	0.0
2025-06-26		FBbt_00003701		3	2	0.0
2025-06-26		FBbt_00003701	VFB_00101567	3	2	0.0
2025-06-26		FBbt_00003748		6	4	0.0
2025-06-26		FBbt_00003748	VFB_00101567	6	4	0.0
2025-06-26		FBbt_00003951		1	1	0.0
2025-06-26		FBbt_00003951	VFB_00101567	1	1	0.0
2025-06-26		FBbt_00005093		4	1	2.0
2025-06-26		FBbt_00005093	VFB_00101567	4	2	0.0
2025-06-26		FBbt_00005095		2	1	11.0
2025-06-26		FBbt_00005095	VFB_00101567	2	1	0.0
2025-06-26		FBbt_00007050		4	2	0.0
2025-06-26		FBbt_00007050	VFB_00101567	4	2	0.0
2025-06-26		FBbt_00007127		1	1	0.0
2025-06-26		FBbt_00007127	VFB_00049000	2	1	0.0
2025-06-26		FBbt_00007147		2	1	0.0
2025-06-26		FBbt_00007147	VFB_00101567	2	1	0.0
2025-06-26		FBbt_00007401		17	2	0.0
2025-06-26		FBbt_00007401	VFB_00101567	17	3	0.0
2025-06-26		FBbt_00007453		3	1	0.0
2025-06-26		FBbt_00007453	VFB_00101567	3	1	0.0
2025-06-26		FBbt_00007694		1	1	0.0
2025-06-26		FBbt_00007694	VFB_00101567	1	1	0.0
2025-06-26		FBbt_00013688		2	1	0.0
2025-06-26		FBbt_00013688	VFB_00101567	2	1	0.0
2025-06-26		FBbt_00014013		1	1	0.0
2025-06-26		FBbt_00014013	VFB_00101567	1	1	0.0
2025-06-26		FBbt_00015407		1	1	0.0
2025-06-26		FBbt_00015407	VFB_00101567	1	1	0.0
2025-06-26		FBbt_00040001		3	2	1.0
2025-06-26		FBbt_00040001	VFB_00101567	3	2	0.0
2025-06-26		FBbt_00040002		4	2	0.0
2025-06-26		FBbt_00040002	VFB_00101567	4	2	0.0
2025-06-26		FBbt_00040037		2	1	0.0
2025-06-26		FBbt_00040037	VFB_00101567	2	1	0.0
2025-06-26		FBbt_00040041		6	3	0.0
2025-06-26		FBbt_00040041	VFB_00101567	6	4	0.0
2025-06-26		FBbt_00040042		2	1	0.0
2025-06-26		FBbt_00040042	VFB_00101567	2	1	0.0
2025-06-26		FBbt_00040043		1	1	0.0
2025-06-26		FBbt_00040043	VFB_00101567	1	1	0.0
2025-06-26		FBbt_00045021		2	1	0.0
2025-06-26		FBbt_00045021	VFB_00101567	2	1	0.0
2025-06-26		FBbt_00045027		1	1	0.0
2025-06-26		FBbt_00045027	VFB_00101567	1	1	0.0
2025-06-26		FBbt_00045050		4	3	0.0
2025-06-26		FBbt_00045050	VFB_00101567	4	3	0.0
2025-06-26		FBbt_00045051		3	2	0.0
2025-06-26		FBbt_00045051	VFB_00101567	3	2	0.0
2025-06-26		FBbt_00047348		3	1	0.0
2025-06-26		FBbt_00047348	VFB_00101567	3	2	0.0
2025-06-26		FBbt_00047365		1	1	0.0
2025-06-26		FBbt_00047365	VFB_00101567	1	1	0.0
2025-06-26		FBbt_00047887		1	1	0.0
2025-06-26		FBbt_00047887	VFB_00101567	1	1	0.0
2025-06-26		FBbt_00048114		1	1	0.0
2025-06-26		FBbt_00048114	VFB_00101567	1	1	0.0
2025-06-26		FBbt_00050138		1	1	0.0
2025-06-26		FBbt_00050138	VFB_00101567	1	1	0.0
2025-06-26		FBbt_00050254		1	1	1.0
2025-06-26		FBbt_00050254	VFB_00101567	1	1	0.0
2025-06-26		FBbt_00051217		1	1	0.0
2025-06-26		FBbt_00051217	VFB_00101567	1	1	0.0
2025-06-26		FBbt_00051245		1	1	0.0
2025-06-26		FBbt_00051245	VFB_00101567	1	1	0.0
2025-06-26		FBbt_00053384		3	2	0.0
2025-06-26		FBbt_00053384	VFB_00101567	3	2	0.0
2025-06-26		FBbt_00067013		1	1	0.0
2025-06-26		FBbt_00067013	VFB_00101567	1	1	0.0
2025-06-26		FBbt_00067353		1	1	0.0
2025-06-26		FBbt_00067353	VFB_00101567	1	1	0.0
2025-06-26		FBbt_00100222		2	1	0.0
2025-06-26		FBbt_00100222	VFB_00101567	2	1	0.0
2025-06-26		FBbt_00110167		16	1	0.0
2025-06-26		FBbt_00110167	VFB_00101567	16	1	0.0
2025-06-26		FBbt_00110636		2	1	0.0
2025-06-26		FBbt_00110636	VFB_00101567	2	1	0.0
2025-06-26		FBbt_00110660		2	1	0.0
2025-06-26		FBbt_00110660	VFB_00101567	2	1	0.0
2025-06-26		FBbt_00111061		1	1	0.0
2025-06-26		FBbt_00111061	VFB_00101567	1	1	0.0
2025-06-26		FBbt_20003955		1	1	0.0
2025-06-26		FBbt_20003955	VFB_00101567	1	1	0.0
2025-06-26		FBbt_20004361		2	1	0.0
2025-06-26		FBbt_20004361	VFB_00101567	2	1	0.0
2025-06-26		FBbt_20004678		4	1	1.0
2025-06-26		FBbt_20004678	VFB_00101567	2	2	0.0
2025-06-26		FBbt_20005878		2	1	31.0
2025-06-26		FBbt_20005878	VFB_00101567	3	1	0.0
2025-06-26		VFB_00017894		11	1	0.0
2025-06-26		VFB_00017894	VFB_00017894	11	1	0.0
2025-06-26		VFB_00020136		7	1	2.0
2025-06-26		VFB_00020136	VFB_00101567	9	1	0.0
2025-06-26		VFB_00023605		2	1	3.0
2025-06-26		VFB_00023605	VFB_00101567	2	1	0.0
2025-06-26		VFB_00030867		8	2	7.0
2025-06-26		VFB_00030867	VFB_00101567	8	2	0.0
2025-06-26		VFB_00030870		2	1	49.0
2025-06-26		VFB_00030870	VFB_00101567	2	1	0.0
2025-06-26		VFB_00049000	VFB_00049000	1	1	0.0
2025-06-26		VFB_00050000		15	2	35.0
2025-06-26		VFB_00050000	VFB_00050000	21	4	8.0
2025-06-26		VFB_00050299		5	1	2.0
2025-06-26		VFB_00050299	VFB_00049000	2	1	0.0
2025-06-26		VFB_00050299	VFB_00101567	2	1	0.0
2025-06-26		VFB_00100026		4	1	5.0
2025-06-26		VFB_00100026	VFB_00050000	4	1	0.0
2025-06-26		VFB_00100061		13	1	33.0
2025-06-26		VFB_00100061	VFB_00050000	8	1	0.0
2025-06-26		VFB_00100099		2	1	3.0
2025-06-26		VFB_00100099	VFB_00050000	2	1	0.0
2025-06-26		VFB_00100423		6	1	0.0
2025-06-26		VFB_00100423	VFB_00050000	1	1	0.0
2025-06-26		VFB_00100423	VFB_00101567	5	1	0.0
2025-06-26		VFB_00100584		3	1	12.0
2025-06-26		VFB_00100584	VFB_00050000	3	2	0.0
2025-06-26		VFB_00100663		2	1	0.0
2025-06-26		VFB_00100663	VFB_00050000	2	2	0.0
2025-06-26		VFB_00100972		1	1	0.0
2025-06-26		VFB_00100972	VFB_00050000	1	1	0.0
2025-06-26		VFB_00100w46		13	1	0.0
2025-06-26		VFB_00100w46	VFB_00101567	13	1	0.0
2025-06-26		VFB_00100x30		4	1	4.0
2025-06-26		VFB_00100x30	VFB_00101567	4	1	0.0
2025-06-26		VFB_00101109		5	1	0.0
2025-06-26		VFB_00101109	VFB_00050000	1	1	0.0
2025-06-26		VFB_00101109	VFB_00101567	4	1	0.0
2025-06-26		VFB_0010127x		1	1	6.0
2025-06-26		VFB_0010127x	VFB_00101567	1	1	0.0
2025-06-26		VFB_001013rc		4	1	1.0
2025-06-26		VFB_001013rc	VFB_00101567	4	1	0.0
2025-06-26		VFB_00101567		227	35	249.0
2025-06-26		VFB_00101567	VFB_00101567	254	49	0.0
2025-06-26		VFB_00101u49		2	1	2.0
2025-06-26		VFB_00101u49	VFB_00101567	2	1	0.0
2025-06-26		VFB_00101u4d		2	1	2.0
2025-06-26		VFB_00101u4d	VFB_00101567	2	1	0.0
2025-06-26		VFB_00102107		4	2	10.0
2025-06-26		VFB_00102107	VFB_00101567	4	3	0.0
2025-06-26		VFB_00102114		4	2	41.0
2025-06-26		VFB_00102114	VFB_00101567	4	3	0.0
2025-06-26		VFB_00102118		2	1	0.0
2025-06-26		VFB_00102118	VFB_00101567	2	1	0.0
2025-06-26		VFB_00102139		9	1	7.0
2025-06-26		VFB_00102139	VFB_00101567	8	2	0.0
2025-06-26		VFB_00102140		1	1	4.0
2025-06-26		VFB_00102140	VFB_00101567	1	1	0.0
2025-06-26		VFB_00102146		9	1	0.0
2025-06-26		VFB_00102146	VFB_00101567	9	1	0.0
2025-06-26		VFB_00102201		19	1	19.0
2025-06-26		VFB_00102201	VFB_00101567	14	1	0.0
2025-06-26		VFB_00102212		2	1	2.0
2025-06-26		VFB_00102212	VFB_00101567	2	1	0.0
2025-06-26		VFB_00104s04		1	1	0.0
2025-06-26		VFB_00104s04	VFB_00101567	1	1	0.0
2025-06-26		VFB_00200000		1	1	0.0
2025-06-26		VFB_00200000	VFB_00200000	2	2	9.0
2025-06-26		VFB_fw000137		1	1	0.0
2025-06-26		VFB_fw000137	VFB_00101567	1	1	0.0
2025-06-26		VFB_fw000916		1	1	0.0
2025-06-26		VFB_fw000916	VFB_00101567	1	1	0.0
2025-06-26		VFB_fw000938		6	1	0.0
2025-06-26		VFB_fw000938	VFB_00101567	6	1	0.0
2025-06-26		VFB_fw001051		2	1	0.0
2025-06-26		VFB_fw001051	VFB_00101567	2	1	0.0
2025-06-26		VFB_fw001437		1	1	1.0
2025-06-26		VFB_fw001437	VFB_00101567	1	1	0.0
2025-06-26		VFB_fw003103		13	1	423.0
2025-06-26		VFB_fw003103	VFB_00101567	13	3	0.0
2025-06-26		VFB_fw003280		1	1	14.0
2025-06-26		VFB_fw003280	VFB_00101567	1	1	0.0
2025-06-26		VFB_fw008282		1	1	3.0
2025-06-26		VFB_fw008282	VFB_00101567	1	1	0.0
2025-06-26		VFB_fw012432		1	1	0.0
2025-06-26		VFB_fw012432	VFB_00101567	1	1	0.0
2025-06-26		VFB_fw013587		1	1	0.0
2025-06-26		VFB_fw013587	VFB_00101567	1	1	0.0
2025-06-26		VFB_fw017806		3	1	0.0
2025-06-26		VFB_fw017806	VFB_00101567	2	1	0.0
2025-06-26		VFB_fw018513		2	1	1.0
2025-06-26		VFB_fw018513	VFB_00101567	3	2	0.0
2025-06-26		VFB_fw024053		3	1	0.0
2025-06-26		VFB_fw024053	VFB_00101567	3	2	0.0
2025-06-26		VFB_fw025959		3	1	0.0
2025-06-26		VFB_fw025959	VFB_00101567	3	2	0.0
2025-06-26		VFB_fw026572		2	1	0.0
2025-06-26		VFB_fw026572	VFB_00101567	1	1	0.0
2025-06-26		VFB_fw027104		1	1	0.0
2025-06-26		VFB_fw027104	VFB_00101567	1	1	0.0
2025-06-26		VFB_fw027312		1	1	0.0
2025-06-26		VFB_fw027312	VFB_00101567	1	1	0.0
2025-06-26		VFB_fw028509		2	1	0.0
2025-06-26		VFB_fw028509	VFB_00101567	3	2	0.0
2025-06-26		VFB_fw029039		2	1	0.0
2025-06-26		VFB_fw029039	VFB_00101567	1	1	0.0
2025-06-26		VFB_fw029563		1	1	0.0
2025-06-26		VFB_fw029563	VFB_00101567	1	1	0.0
2025-06-26		VFB_fw029982		1	1	0.0
2025-06-26		VFB_fw029982	VFB_00101567	1	1	0.0
2025-06-26		VFB_fw030384		13	1	1.0
2025-06-26		VFB_fw030384	VFB_00101567	9	1	0.0
2025-06-26		VFB_fw030502		1	1	0.0
2025-06-26		VFB_fw030502	VFB_00101567	1	1	0.0
2025-06-26		VFB_fw032022		1	1	0.0
2025-06-26		VFB_fw032022	VFB_00101567	1	1	0.0
2025-06-26		VFB_fw035754		1	1	0.0
2025-06-26		VFB_fw035754	VFB_00101567	6	1	0.0
2025-06-26		VFB_fw036157		7	1	54.0
2025-06-26		VFB_fw036157	VFB_00101567	2	2	0.0
2025-06-26		VFB_fw036611		1	1	0.0
2025-06-26		VFB_fw036611	VFB_00101567	1	1	0.0
2025-06-26		VFB_fw036844		5	1	0.0
2025-06-26		VFB_fw036844	VFB_00101567	4	2	0.0
2025-06-26		VFB_fw042406		4	1	7.0
2025-06-26		VFB_fw042406	VFB_00101567	4	2	0.0
2025-06-26		VFB_fw043515		19	1	31.0
2025-06-26		VFB_fw043515	VFB_00101567	13	2	0.0
2025-06-26		VFB_fw045793		1	1	15.0
2025-06-26		VFB_fw045793	VFB_00101567	1	1	0.0
2025-06-26		VFB_jrchjtu6		11	1	1.0
2025-06-26		VFB_jrchjtu6	VFB_00101567	11	1	0.0
2025-06-26		VFB_jrchjujp		13	1	0.0
2025-06-26		VFB_jrchjujp	VFB_00101567	13	1	0.0
2025-06-26		VFBexp_FBtp0016		1	1	0.0
2025-06-26		VFBexp_FBtp0016	VFB_00101567	1	1	0.0
2025-06-26		VFBexp_FBtp0117		1	1	0.0
2025-06-26		VFBexp_FBtp0117	VFB_00101567	1	1	0.0
2025-06-26		VFBexp_FBtp0122		5	3	0.0
2025-06-26		VFBexp_FBtp0122	VFB_00101567	5	3	0.0
2025-06-26	v2.virtualflybrain.org	FBbt_00000001	VFB_00050000	0	2	40.0
2025-06-26	v2.virtualflybrain.org	FBbt_00001727	VFB_00050000	0	1	6.0
2025-06-26	v2.virtualflybrain.org	FBbt_00003004	VFB_00101567	0	6	159.0
2025-06-26	v2.virtualflybrain.org	FBbt_00003624	VFB_00101567	0	7	718.0
2025-06-26	v2.virtualflybrain.org	FBbt_00003632	VFB_00101567	0	1	16.0
2025-06-26	v2.virtualflybrain.org	FBbt_00003678	VFB_00101567	0	1	32.0
2025-06-26	v2.virtualflybrain.org	FBbt_00003681	VFB_00101567	0	2	5.0
2025-06-26	v2.virtualflybrain.org	FBbt_00003682	VFB_00101567	0	1	0.0
2025-06-26	v2.virtualflybrain.org	FBbt_00003684	VFB_00101567	0	2	30.0
2025-06-26	v2.virtualflybrain.org	FBbt_00003685	VFB_00101567	0	1	3.0
2025-06-26	v2.virtualflybrain.org	FBbt_00003701	VFB_00101567	0	2	25.0
2025-06-26	v2.virtualflybrain.org	FBbt_00003748	VFB_00101567	0	6	127.0
2025-06-26	v2.virtualflybrain.org	FBbt_00003951	VFB_00101567	0	1	0.0
2025-06-26	v2.virtualflybrain.org	FBbt_00005093	VFB_00101567	0	1	6.0
2025-06-26	v2.virtualflybrain.org	FBbt_00005095	VFB_00101567	0	2	42.0
2025-06-26	v2.virtualflybrain.org	FBbt_00007050	VFB_00101567	0	2	22.0
2025-06-26	v2.virtualflybrain.org	FBbt_00007127	VFB_00049000	0	1	6.0
2025-06-26	v2.virtualflybrain.org	FBbt_00007147	VFB_00101567	0	1	3.0
2025-06-26	v2.virtualflybrain.org	FBbt_00007401	VFB_00101567	0	3	190.0
2025-06-26	v2.virtualflybrain.org	FBbt_00007453		1	1	0.0
2025-06-26	v2.virtualflybrain.org	FBbt_00007453	VFB_00101567	0	1	5.0
2025-06-26	v2.virtualflybrain.org	FBbt_00007694		2	1	0.0
2025-06-26	v2.virtualflybrain.org	FBbt_00007694	VFB_00101567	0	1	527.0
2025-06-26	v2.virtualflybrain.org	FBbt_00013688	VFB_00101567	0	1	28.0
2025-06-26	v2.virtualflybrain.org	FBbt_00014013	VFB_00101567	0	2	40.0
2025-06-26	v2.virtualflybrain.org	FBbt_00015407	VFB_00101567	0	1	3.0
2025-06-26	v2.virtualflybrain.org	FBbt_00040001	VFB_00101567	0	2	21.0
2025-06-26	v2.virtualflybrain.org	FBbt_00040002	VFB_00101567	0	2	22.0
2025-06-26	v2.virtualflybrain.org	FBbt_00040037	VFB_00101567	0	1	4.0
2025-06-26	v2.virtualflybrain.org	FBbt_00040041	VFB_00101567	0	5	55.0
2025-06-26	v2.virtualflybrain.org	FBbt_00040042	VFB_00101567	1	2	16.0
2025-06-26	v2.virtualflybrain.org	FBbt_00040043	VFB_00101567	0	2	55.0
2025-06-26	v2.virtualflybrain.org	FBbt_00045021	VFB_00101567	0	1	3.0
2025-06-26	v2.virtualflybrain.org	FBbt_00045027	VFB_00101567	0	1	10.0
2025-06-26	v2.virtualflybrain.org	FBbt_00045050	VFB_00101567	0	5	86.0
2025-06-26	v2.virtualflybrain.org	FBbt_00045051	VFB_00101567	0	2	31.0
2025-06-26	v2.virtualflybrain.org	FBbt_00047348	VFB_00101567	2	3	39.0
2025-06-26	v2.virtualflybrain.org	FBbt_00047360	VFB_00101567	0	1	377.0
2025-06-26	v2.virtualflybrain.org	FBbt_00047365	VFB_00101567	0	1	10.0
2025-06-26	v2.virtualflybrain.org	FBbt_00047887	VFB_00101567	0	1	4.0
2025-06-26	v2.virtualflybrain.org	FBbt_00048114		1	1	0.0
2025-06-26	v2.virtualflybrain.org	FBbt_00048114	VFB_00101567	0	1	20.0
2025-06-26	v2.virtualflybrain.org	FBbt_00050138		1	1	0.0
2025-06-26	v2.virtualflybrain.org	FBbt_00050138	VFB_00101567	0	1	1.0
2025-06-26	v2.virtualflybrain.org	FBbt_00050254	VFB_00101567	0	2	168.0
2025-06-26	v2.virtualflybrain.org	FBbt_00051217	VFB_00101567	0	1	10.0
2025-06-26	v2.virtualflybrain.org	FBbt_00051245	VFB_00101567	0	1	60.0
2025-06-26	v2.virtualflybrain.org	FBbt_00053384	VFB_00101567	0	3	42.0
2025-06-26	v2.virtualflybrain.org	FBbt_00067013	VFB_00101567	0	1	12.0
2025-06-26	v2.virtualflybrain.org	FBbt_00100222	VFB_00101567	0	1	9.0
2025-06-26	v2.virtualflybrain.org	FBbt_00110167	VFB_00101567	16	1	0.0
2025-06-26	v2.virtualflybrain.org	FBbt_00110636	VFB_00101567	0	1	3.0
2025-06-26	v2.virtualflybrain.org	FBbt_00110660	VFB_00101567	0	2	139.0
2025-06-26	v2.virtualflybrain.org	FBbt_20003955		1	1	11.0
2025-06-26	v2.virtualflybrain.org	FBbt_20003955	VFB_00101567	0	1	16.0
2025-06-26	v2.virtualflybrain.org	FBbt_20004361		2	1	15.0
2025-06-26	v2.virtualflybrain.org	FBbt_20004361	VFB_00101567	0	1	99.0
2025-06-26	v2.virtualflybrain.org	FBbt_20004678		1	1	0.0
2025-06-26	v2.virtualflybrain.org	FBbt_20004678	VFB_00101567	0	2	13.0
2025-06-26	v2.virtualflybrain.org	FBbt_20005878	VFB_00101567	0	2	136.0
2025-06-26	v2.virtualflybrain.org	VFB_00001849	VFB_00101567	1	0	0.0
2025-06-26	v2.virtualflybrain.org	VFB_00017894	VFB_00017894	11	2	0.0
2025-06-26	v2.virtualflybrain.org	VFB_00020136	VFB_00101567	1	2	20.0
2025-06-26	v2.virtualflybrain.org	VFB_00023605	VFB_00101567	0	1	31.0
2025-06-26	v2.virtualflybrain.org	VFB_00030867	VFB_00101567	0	4	48.0
2025-06-26	v2.virtualflybrain.org	VFB_00030870	VFB_00101567	0	1	1.0
2025-06-26	v2.virtualflybrain.org	VFB_00049000	VFB_00049000	0	2	78.0
2025-06-26	v2.virtualflybrain.org	VFB_00050000	VFB_00050000	1	7	20.0
2025-06-26	v2.virtualflybrain.org	VFB_00050299	VFB_00049000	1	3	8.0
2025-06-26	v2.virtualflybrain.org	VFB_00050299	VFB_00101567	0	2	4.0
2025-06-26	v2.virtualflybrain.org	VFB_00100026		1	1	2.0
2025-06-26	v2.virtualflybrain.org	VFB_00100026	VFB_00050000	0	2	35.0
2025-06-26	v2.virtualflybrain.org	VFB_00100061	VFB_00050000	0	2	21.0
2025-06-26	v2.virtualflybrain.org	VFB_00100061	VFB_00100061	1	2	3.0
2025-06-26	v2.virtualflybrain.org	VFB_00100099		1	1	2.0
2025-06-26	v2.virtualflybrain.org	VFB_00100099	VFB_00050000	0	1	18.0
2025-06-26	v2.virtualflybrain.org	VFB_00100423	VFB_00050000	1	3	5.0
2025-06-26	v2.virtualflybrain.org	VFB_00100423	VFB_00101567	0	2	112.0
2025-06-26	v2.virtualflybrain.org	VFB_00100584	VFB_00050000	0	2	4.0
2025-06-26	v2.virtualflybrain.org	VFB_00100663	VFB_00050000	1	2	10.0
2025-06-26	v2.virtualflybrain.org	VFB_00100972	VFB_00050000	1	1	170.0
2025-06-26	v2.virtualflybrain.org	VFB_00100w46	VFB_00101567	10	2	0.0
2025-06-26	v2.virtualflybrain.org	VFB_00100x30	VFB_00101567	0	2	82.0
2025-06-26	v2.virtualflybrain.org	VFB_00101109	VFB_00050000	1	3	75.0
2025-06-26	v2.virtualflybrain.org	VFB_00101109	VFB_00101567	0	2	26.0
2025-06-26	v2.virtualflybrain.org	VFB_0010127x	VFB_00101567	0	1	32.0
2025-06-26	v2.virtualflybrain.org	VFB_001013rc	VFB_00101567	0	2	7.0
2025-06-26	v2.virtualflybrain.org	VFB_00101567	VFB_00101567	59	68	1003.0
2025-06-26	v2.virtualflybrain.org	VFB_00101u4d	VFB_00101567	0	1	9.0
2025-06-26	v2.virtualflybrain.org	VFB_00102107	VFB_00101567	0	1	27.0
2025-06-26	v2.virtualflybrain.org	VFB_00102114	VFB_00101567	3	3	246.0
2025-06-26	v2.virtualflybrain.org	VFB_00102118	VFB_00101567	0	1	4.0
2025-06-26	v2.virtualflybrain.org	VFB_00102139	VFB_00101567	0	1	204.0
2025-06-26	v2.virtualflybrain.org	VFB_00102140	VFB_00101567	0	1	16.0
2025-06-26	v2.virtualflybrain.org	VFB_00102146	VFB_00101567	8	2	0.0
2025-06-26	v2.virtualflybrain.org	VFB_00102201	VFB_00101567	0	2	52.0
2025-06-26	v2.virtualflybrain.org	VFB_00102212	VFB_00101567	0	1	0.0
2025-06-26	v2.virtualflybrain.org	VFB_00104s04	VFB_00101567	1	1	0.0
2025-06-26	v2.virtualflybrain.org	VFB_00200000	VFB_00200000	1	3	56.0
2025-06-26	v2.virtualflybrain.org	VFB_fw000137	VFB_00101567	1	2	64.0
2025-06-26	v2.virtualflybrain.org	VFB_fw000916	VFB_00101567	0	1	1.0
2025-06-26	v2.virtualflybrain.org	VFB_fw000938	VFB_00101567	10	1	0.0
2025-06-26	v2.virtualflybrain.org	VFB_fw001051	VFB_00101567	1	1	0.0
2025-06-26	v2.virtualflybrain.org	VFB_fw001437	VFB_00101567	0	2	27.0
2025-06-26	v2.virtualflybrain.org	VFB_fw003103	VFB_00101567	0	3	6.0
2025-06-26	v2.virtualflybrain.org	VFB_fw003280	VFB_00101567	0	1	74.0
2025-06-26	v2.virtualflybrain.org	VFB_fw008282	VFB_00101567	0	1	28.0
2025-06-26	v2.virtualflybrain.org	VFB_fw012432	VFB_00101567	0	1	10.0
2025-06-26	v2.virtualflybrain.org	VFB_fw013587	VFB_00101567	0	2	33.0
2025-06-26	v2.virtualflybrain.org	VFB_fw017806	VFB_00101567	0	1	22.0
2025-06-26	v2.virtualflybrain.org	VFB_fw018513	VFB_00101567	0	1	0.0
2025-06-26	v2.virtualflybrain.org	VFB_fw024053	VFB_00101567	0	1	0.0
2025-06-26	v2.virtualflybrain.org	VFB_fw025959	VFB_00101567	0	1	0.0
2025-06-26	v2.virtualflybrain.org	VFB_fw026572	VFB_00101567	0	1	1.0
2025-06-26	v2.virtualflybrain.org	VFB_fw027104	VFB_00101567	0	1	0.0
2025-06-26	v2.virtualflybrain.org	VFB_fw027312	VFB_00101567	0	1	0.0
2025-06-26	v2.virtualflybrain.org	VFB_fw028509	VFB_00101567	0	1	0.0
2025-06-26	v2.virtualflybrain.org	VFB_fw029039	VFB_00101567	0	1	1.0
2025-06-26	v2.virtualflybrain.org	VFB_fw029563	VFB_00101567	0	1	0.0
2025-06-26	v2.virtualflybrain.org	VFB_fw029982	VFB_00101567	0	1	1.0
2025-06-26	v2.virtualflybrain.org	VFB_fw030384		1	1	0.0
2025-06-26	v2.virtualflybrain.org	VFB_fw030502	VFB_00101567	0	1	0.0
2025-06-26	v2.virtualflybrain.org	VFB_fw032022	VFB_00101567	0	1	80.0
2025-06-26	v2.virtualflybrain.org	VFB_fw032170	VFB_00101567	1	1	0.0
2025-06-26	v2.virtualflybrain.org	VFB_fw035478		2	1	2.0
2025-06-26	v2.virtualflybrain.org	VFB_fw035754	VFB_00101567	0	1	18.0
2025-06-26	v2.virtualflybrain.org	VFB_fw036157	VFB_00101567	0	3	243.0
2025-06-26	v2.virtualflybrain.org	VFB_fw036611	VFB_00101567	0	1	5.0
2025-06-26	v2.virtualflybrain.org	VFB_fw036844	VFB_00101567	0	2	24.0
2025-06-26	v2.virtualflybrain.org	VFB_fw042406	VFB_00101567	0	2	0.0
2025-06-26	v2.virtualflybrain.org	VFB_fw043515	VFB_00101567	0	2	11.0
2025-06-26	v2.virtualflybrain.org	VFB_fw045793	VFB_00101567	0	1	34.0
2025-06-26	v2.virtualflybrain.org	VFB_jrchjtu6		1	1	12.0
2025-06-26	v2.virtualflybrain.org	VFB_jrchjtu6	VFB_00101567	0	2	49.0
2025-06-26	v2.virtualflybrain.org	VFB_jrchjujp	VFB_00101567	13	1	0.0
2025-06-26	v2.virtualflybrain.org	VFBexp_FBtp0016		1	1	1.0
2025-06-26	v2.virtualflybrain.org	VFBexp_FBtp0016	VFB_00101567	0	1	31.0
2025-06-26	v2.virtualflybrain.org	VFBexp_FBtp0117	VFB_00101567	0	1	31.0
2025-06-26	v2.virtualflybrain.org	VFBexp_FBtp0122		2	2	3.0
2025-06-26	v2.virtualflybrain.org	VFBexp_FBtp0122	VFB_00101567	0	4	166.0
2025-06-27		FBbt_00001727		1	1	1.0
2025-06-27		FBbt_00001727	VFB_00101567	1	1	0.0
2025-06-27		FBbt_00001920		2	1	1.0
2025-06-27		FBbt_00001920	VFB_00101567	2	1	0.0
2025-06-27		FBbt_00003004		2	2	0.0
2025-06-27		FBbt_00003004	VFB_00101567	2	2	0.0
2025-06-27		FBbt_00003624		9	6	33.0
2025-06-27		FBbt_00003624	VFB_00101567	9	6	0.0
2025-06-27		FBbt_00003632		1	1	0.0
2025-06-27		FBbt_00003632	VFB_00101567	1	1	0.0
2025-06-27		FBbt_00003678		1	1	0.0
2025-06-27		FBbt_00003678	VFB_00101567	1	1	0.0
2025-06-27		FBbt_00003681		5	5	0.0
2025-06-27		FBbt_00003681	VFB_00101567	5	5	0.0
2025-06-27		FBbt_00003748		6	4	0.0
2025-06-27		FBbt_00003748	VFB_00017894	1	1	0.0
2025-06-27		FBbt_00003748	VFB_00101567	5	4	0.0
2025-06-27		FBbt_00004101		11	1	3.0
2025-06-27		FBbt_00004101	VFB_00101567	11	1	0.0
2025-06-27		FBbt_00005093		11	4	2.0
2025-06-27		FBbt_00005093	VFB_00101567	13	5	0.0
2025-06-27		FBbt_00007050		2	1	0.0
2025-06-27		FBbt_00007050	VFB_00101567	2	1	0.0
2025-06-27		FBbt_00007055		2	1	0.0
2025-06-27		FBbt_00007055	VFB_00101567	2	1	0.0
2025-06-27		FBbt_00007401		4	2	0.0
2025-06-27		FBbt_00007401	VFB_00101567	4	3	0.0
2025-06-27		FBbt_00007453		1	1	0.0
2025-06-27		FBbt_00007453	VFB_00101567	1	1	0.0
2025-06-27		FBbt_00013695		4	1	0.0
2025-06-27		FBbt_00013695	VFB_00101567	4	2	0.0
2025-06-27		FBbt_00014013		9	4	0.0
2025-06-27		FBbt_00014013	VFB_00017894	1	1	0.0
2025-06-27		FBbt_00014013	VFB_00101567	16	4	0.0
2025-06-27		FBbt_00040002		2	1	0.0
2025-06-27		FBbt_00040002	VFB_00101567	3	1	0.0
2025-06-27		FBbt_00040005		1	1	0.0
2025-06-27		FBbt_00040005	VFB_00101567	1	1	0.0
2025-06-27		FBbt_00040007		1	1	0.0
2025-06-27		FBbt_00040007	VFB_00101567	1	1	0.0
2025-06-27		FBbt_00040041		4	3	0.0
2025-06-27		FBbt_00040041	VFB_00101567	4	3	0.0
2025-06-27		FBbt_00040042		3	2	0.0
2025-06-27		FBbt_00040042	VFB_00101567	3	2	0.0
2025-06-27		FBbt_00040043		6	4	0.0
2025-06-27		FBbt_00040043	VFB_00101567	6	4	0.0
2025-06-27		FBbt_00040044		2	1	0.0
2025-06-27		FBbt_00040044	VFB_00101567	2	2	0.0
2025-06-27		FBbt_00045003		3	1	0.0
2025-06-27		FBbt_00045003	VFB_00101567	3	2	0.0
2025-06-27		FBbt_00045027		1	1	0.0
2025-06-27		FBbt_00045027	VFB_00101567	1	1	0.0
2025-06-27		FBbt_00045030		1	1	0.0
2025-06-27		FBbt_00045030	VFB_00101567	1	1	0.0
2025-06-27		FBbt_00045040		3	1	0.0
2025-06-27		FBbt_00045040	VFB_00101567	3	1	0.0
2025-06-27		FBbt_00045047		2	1	0.0
2025-06-27		FBbt_00045047	VFB_00101567	2	1	0.0
2025-06-27		FBbt_00045048		1	1	0.0
2025-06-27		FBbt_00045048	VFB_00101567	1	1	0.0
2025-06-27		FBbt_00045050		1	1	0.0
2025-06-27		FBbt_00045050	VFB_00101567	1	1	0.0
2025-06-27		FBbt_00045051		3	1	0.0
2025-06-27		FBbt_00045051	VFB_00101567	3	1	0.0
2025-06-27		FBbt_00047857		2	1	9.0
2025-06-27		FBbt_00047857	VFB_00101567	2	1	0.0
2025-06-27		FBbt_00047887		8	2	0.0
2025-06-27		FBbt_00047887	VFB_00101567	9	2	0.0
2025-06-27		FBbt_00049827		7	1	0.0
2025-06-27		FBbt_00049827	VFB_00101567	7	1	0.0
2025-06-27		FBbt_00050250		3	1	168.0
2025-06-27		FBbt_00050250	VFB_00101567	3	1	0.0
2025-06-27		FBbt_00052370		1	1	0.0
2025-06-27		FBbt_00052370	VFB_00101567	1	1	0.0
2025-06-27		FBbt_00052694		1	1	0.0
2025-06-27		FBbt_00052694	VFB_00101567	1	1	0.0
2025-06-27		FBbt_00100240		2	1	0.0
2025-06-27		FBbt_00100240	VFB_00101567	2	1	0.0
2025-06-27		FBbt_00100382		1	1	0.0
2025-06-27		FBbt_00100382	VFB_00101567	1	1	0.0
2025-06-27		FBbt_00100383		3	1	0.0
2025-06-27		FBbt_00100383	VFB_00101567	3	2	0.0
2025-06-27		FBbt_00110167		13	1	0.0
2025-06-27		FBbt_00110167	VFB_00101567	13	1	0.0
2025-06-27		FBbt_00110636		1	1	0.0
2025-06-27		FBbt_00110636	VFB_00017894	1	1	0.0
2025-06-27		FBbt_00110882		1	1	0.0
2025-06-27		FBbt_00110882	VFB_00101567	1	1	0.0
2025-06-27		FBbt_00111303		4	1	0.0
2025-06-27		FBbt_00111303	VFB_00101567	4	2	0.0
2025-06-27		GO_0001227		2	1	42.0
2025-06-27		GO_0001227	VFB_00101567	2	1	0.0
2025-06-27		VFB_00000145		1	1	0.0
2025-06-27		VFB_00000145	VFB_00101567	1	1	0.0
2025-06-27		VFB_00017894		6	2	10.0
2025-06-27		VFB_00017894	VFB_00017894	7	2	0.0
2025-06-27		VFB_00020084		2	1	2.0
2025-06-27		VFB_00020084	VFB_00101567	2	1	0.0
2025-06-27		VFB_00023605		1	1	0.0
2025-06-27		VFB_00023605	VFB_00101567	1	1	0.0
2025-06-27		VFB_00025210		9	1	3.0
2025-06-27		VFB_00025210	VFB_00101567	9	2	0.0
2025-06-27		VFB_00028088		4	1	7.0
2025-06-27		VFB_00028088	VFB_00101567	2	1	0.0
2025-06-27		VFB_00030840		3	1	16.0
2025-06-27		VFB_00030840	VFB_00017894	2	1	0.0
2025-06-27		VFB_00030849		2	1	1.0
2025-06-27		VFB_00030849	VFB_00017894	2	1	0.0
2025-06-27		VFB_00030871		3	1	5.0
2025-06-27		VFB_00030871	VFB_00017894	1	1	0.0
2025-06-27		VFB_00030871	VFB_00101567	2	1	0.0
2025-06-27		VFB_00048573		9	1	12.0
2025-06-27		VFB_00048573	VFB_00101567	9	2	0.0
2025-06-27		VFB_001000q4		1	1	0.0
2025-06-27		VFB_001000q4	VFB_00101567	1	1	0.0
2025-06-27		VFB_00100613		17	1	12.0
2025-06-27		VFB_00100613	VFB_00050000	7	2	0.0
2025-06-27		VFB_00100614		11	1	9.0
2025-06-27		VFB_00100614	VFB_00050000	16	2	0.0
2025-06-27		VFB_00100663		6	1	5.0
2025-06-27		VFB_00100663	VFB_00050000	6	2	0.0
2025-06-27		VFB_00100972		1	1	79.0
2025-06-27		VFB_00100972	VFB_00050000	1	1	0.0
2025-06-27		VFB_00100dgv		3	1	22.0
2025-06-27		VFB_00100dgv	VFB_00101567	3	1	0.0
2025-06-27		VFB_00100w46		5	1	0.0
2025-06-27		VFB_00100w46	VFB_00101567	5	1	0.0
2025-06-27		VFB_00101096		21	1	55.0
2025-06-27		VFB_00101096	VFB_00050000	36	2	0.0
2025-06-27		VFB_00101125		41	1	58.0
2025-06-27		VFB_00101125	VFB_00050000	31	2	0.0
2025-06-27		VFB_001011pl		1	1	0.0
2025-06-27		VFB_001011pl	VFB_00101567	1	1	0.0
2025-06-27		VFB_00101223		2	1	4.0
2025-06-27		VFB_00101223	VFB_00101567	2	1	0.0
2025-06-27		VFB_001013cv		2	1	11.0
2025-06-27		VFB_001013cv	VFB_00101567	2	1	0.0
2025-06-27		VFB_0010140c		5	1	0.0
2025-06-27		VFB_0010140c	VFB_00101567	5	2	0.0
2025-06-27		VFB_0010140d		1	1	0.0
2025-06-27		VFB_0010140d	VFB_00101567	1	1	0.0
2025-06-27		VFB_001014pn		1	1	1.0
2025-06-27		VFB_001014pn	VFB_00101567	1	1	0.0
2025-06-27		VFB_001014q7		1	1	0.0
2025-06-27		VFB_001014q7	VFB_00101567	1	1	0.0
2025-06-27		VFB_001014uq		4	1	5.0
2025-06-27		VFB_001014uq	VFB_00101567	4	1	0.0
2025-06-27		VFB_00101567		137	23	242.0
2025-06-27		VFB_00101567	VFB_00101567	147	37	18.0
2025-06-27		VFB_00102107		4	1	1.0
2025-06-27		VFB_00102107	VFB_00101567	4	1	0.0
2025-06-27		VFB_00102108		5	1	0.0
2025-06-27		VFB_00102108	VFB_00101567	5	2	0.0
2025-06-27		VFB_00102118		1	1	0.0
2025-06-27		VFB_00102118	VFB_00101567	1	1	0.0
2025-06-27		VFB_00102123		1	1	0.0
2025-06-27		VFB_00102123	VFB_00101567	1	1	0.0
2025-06-27		VFB_00102124		1	1	0.0
2025-06-27		VFB_00102124	VFB_00101567	1	1	0.0
2025-06-27		VFB_00102133		9	1	38.0
2025-06-27		VFB_00102133	VFB_00101567	9	3	0.0
2025-06-27		VFB_00102135		9	1	30.0
2025-06-27		VFB_00102135	VFB_00101567	9	1	0.0
2025-06-27		VFB_00102140		16	2	5.0
2025-06-27		VFB_00102140	VFB_00101567	15	4	0.0
2025-06-27		VFB_00102146		9	1	0.0
2025-06-27		VFB_00102146	VFB_00101567	9	1	0.0
2025-06-27		VFB_00102152		4	1	2.0
2025-06-27		VFB_00102152	VFB_00101567	4	2	0.0
2025-06-27		VFB_00102201		3	1	6.0
2025-06-27		VFB_00102201	VFB_00101567	3	2	0.0
2025-06-27		VFB_00102212		4	1	4.0
2025-06-27		VFB_00102212	VFB_00101567	4	2	0.0
2025-06-27		VFB_00104s04		10	1	0.0
2025-06-27		VFB_00104s04	VFB_00101567	10	1	0.0
2025-06-27		VFB_fw000938		1	1	0.0
2025-06-27		VFB_fw000938	VFB_00101567	1	1	0.0
2025-06-27		VFB_fw005807		2	1	0.0
2025-06-27		VFB_fw005807	VFB_00101567	2	1	0.0
2025-06-27		VFB_fw013269		4	1	6.0
2025-06-27		VFB_fw013269	VFB_00101567	3	1	0.0
2025-06-27		VFB_fw014118		10	1	12.0
2025-06-27		VFB_fw014118	VFB_00101567	10	1	0.0
2025-06-27		VFB_fw035774		4	1	5.0
2025-06-27		VFB_fw035774	VFB_00101567	2	1	0.0
2025-06-27		VFB_jrchjujp		1	1	0.0
2025-06-27		VFB_jrchjujp	VFB_00101567	1	1	0.0
2025-06-27		VFB_jrchk10d		2	1	4.0
2025-06-27		VFB_jrchk10d	VFB_00101567	2	1	0.0
2025-06-27		VFB_jrchk7dv		2	1	59.0
2025-06-27		VFB_jrchk7dv	VFB_00101567	2	1	0.0
2025-06-27		VFBexp_FBti0168		2	1	0.0
2025-06-27		VFBexp_FBti0168	VFB_00101567	2	1	0.0
2025-06-27		VFBexp_FBtp0058		1	1	0.0
2025-06-27		VFBexp_FBtp0058	VFB_00101567	1	1	0.0
2025-06-27		VFBexp_FBtp0101		1	1	0.0
2025-06-27		VFBexp_FBtp0101	VFB_00101567	1	1	0.0
2025-06-27		VFBexp_FBtp0107		1	1	0.0
2025-06-27		VFBexp_FBtp0107	VFB_00101567	1	1	0.0
2025-06-27		VFBexp_FBtp0121		2	2	0.0
2025-06-27		VFBexp_FBtp0121	VFB_00101567	2	2	0.0
2025-06-27		VFBexp_FBtp0122		4	2	0.0
2025-06-27		VFBexp_FBtp0122	VFB_00101567	4	2	0.0
2025-06-27		VFBexp_FBtp0123		1	1	0.0
2025-06-27		VFBexp_FBtp0123	VFB_00101567	1	1	0.0
2025-06-27		VFBext_0000004		1	1	0.0
2025-06-27		VFBext_0000004	VFB_00101567	1	1	0.0
2025-06-27		VFBext_0000010		1	1	0.0
2025-06-27		VFBext_0000010	VFB_00101567	1	1	0.0
2025-06-27	v2.virtualflybrain.org	FBbt_00001727	VFB_00101567	0	2	40.0
2025-06-27	v2.virtualflybrain.org	FBbt_00001920	VFB_00101567	0	2	101.0
2025-06-27	v2.virtualflybrain.org	FBbt_00003004	VFB_00101567	0	4	35.0
2025-06-27	v2.virtualflybrain.org	FBbt_00003624	VFB_00101567	3	10	153.0
2025-06-27	v2.virtualflybrain.org	FBbt_00003632	VFB_00101567	0	1	15.0
2025-06-27	v2.virtualflybrain.org	FBbt_00003678	VFB_00101567	0	1	5.0
2025-06-27	v2.virtualflybrain.org	FBbt_00003681	VFB_00101567	0	7	98.0
2025-06-27	v2.virtualflybrain.org	FBbt_00003748	VFB_00017894	0	2	23.0
2025-06-27	v2.virtualflybrain.org	FBbt_00003748	VFB_00101567	1	4	97.0
2025-06-27	v2.virtualflybrain.org	FBbt_00004101	VFB_00101567	0	1	0.0
2025-06-27	v2.virtualflybrain.org	FBbt_00005093	VFB_00101567	0	5	38.0
2025-06-27	v2.virtualflybrain.org	FBbt_00007050	VFB_00101567	0	1	2.0
2025-06-27	v2.virtualflybrain.org	FBbt_00007055	VFB_00101567	0	1	5.0
2025-06-27	v2.virtualflybrain.org	FBbt_00007401	VFB_00101567	0	3	8.0
2025-06-27	v2.virtualflybrain.org	FBbt_00007453	VFB_00101567	0	1	23.0
2025-06-27	v2.virtualflybrain.org	FBbt_00013695	VFB_00101567	0	2	4.0
2025-06-27	v2.virtualflybrain.org	FBbt_00014013	VFB_00017894	0	1	1.0
2025-06-27	v2.virtualflybrain.org	FBbt_00014013	VFB_00101567	0	7	130.0
2025-06-27	v2.virtualflybrain.org	FBbt_00040002	VFB_00101567	0	2	6.0
2025-06-27	v2.virtualflybrain.org	FBbt_00040005	VFB_00101567	0	1	0.0
2025-06-27	v2.virtualflybrain.org	FBbt_00040007	VFB_00101567	0	1	2.0
2025-06-27	v2.virtualflybrain.org	FBbt_00040041	VFB_00101567	0	3	25.0
2025-06-27	v2.virtualflybrain.org	FBbt_00040042	VFB_00101567	0	2	41.0
2025-06-27	v2.virtualflybrain.org	FBbt_00040043	VFB_00101567	0	5	141.0
2025-06-27	v2.virtualflybrain.org	FBbt_00040044	VFB_00101567	0	2	10.0
2025-06-27	v2.virtualflybrain.org	FBbt_00045003	VFB_00101567	0	3	0.0
2025-06-27	v2.virtualflybrain.org	FBbt_00045027	VFB_00101567	0	1	15.0
2025-06-27	v2.virtualflybrain.org	FBbt_00045030	VFB_00101567	0	1	5.0
2025-06-27	v2.virtualflybrain.org	FBbt_00045040	VFB_00101567	4	1	0.0
2025-06-27	v2.virtualflybrain.org	FBbt_00045047	VFB_00101567	0	1	5.0
2025-06-27	v2.virtualflybrain.org	FBbt_00045048	VFB_00101567	0	1	37.0
2025-06-27	v2.virtualflybrain.org	FBbt_00045050	VFB_00101567	0	1	3.0
2025-06-27	v2.virtualflybrain.org	FBbt_00045051	VFB_00101567	0	2	25.0
2025-06-27	v2.virtualflybrain.org	FBbt_00047857	VFB_00101567	0	2	7.0
2025-06-27	v2.virtualflybrain.org	FBbt_00047887	VFB_00101567	0	2	17.0
2025-06-27	v2.virtualflybrain.org	FBbt_00049827	VFB_00101567	1	2	162.0
2025-06-27	v2.virtualflybrain.org	FBbt_00050250	VFB_00101567	0	2	33.0
2025-06-27	v2.virtualflybrain.org	FBbt_00052370		1	1	15.0
2025-06-27	v2.virtualflybrain.org	FBbt_00052370	VFB_00101567	0	1	38.0
2025-06-27	v2.virtualflybrain.org	FBbt_00052694	VFB_00101567	0	1	129.0
2025-06-27	v2.virtualflybrain.org	FBbt_00100240	VFB_00101567	0	1	895.0
2025-06-27	v2.virtualflybrain.org	FBbt_00100382		1	1	1.0
2025-06-27	v2.virtualflybrain.org	FBbt_00100382	VFB_00101567	0	1	136.0
2025-06-27	v2.virtualflybrain.org	FBbt_00100383		1	1	1.0
2025-06-27	v2.virtualflybrain.org	FBbt_00100383	VFB_00101567	0	3	49.0
2025-06-27	v2.virtualflybrain.org	FBbt_00110167	VFB_00101567	14	1	0.0
2025-06-27	v2.virtualflybrain.org	FBbt_00110636	VFB_00017894	0	1	29.0
2025-06-27	v2.virtualflybrain.org	FBbt_00110882		1	1	1.0
2025-06-27	v2.virtualflybrain.org	FBbt_00110882	VFB_00101567	0	1	90.0
2025-06-27	v2.virtualflybrain.org	FBbt_00111303	VFB_00101567	0	2	91.0
2025-06-27	v2.virtualflybrain.org	GO_0001227	VFB_00101567	0	1	0.0
2025-06-27	v2.virtualflybrain.org	VFB_00000145	VFB_00101567	2	1	10.0
2025-06-27	v2.virtualflybrain.org	VFB_00017894	VFB_00017894	0	2	4.0
2025-06-27	v2.virtualflybrain.org	VFB_00020084	VFB_00101567	0	1	59.0
2025-06-27	v2.virtualflybrain.org	VFB_00023605	VFB_00101567	1	1	85.0
2025-06-27	v2.virtualflybrain.org	VFB_00025210	VFB_00101567	0	4	322.0
2025-06-27	v2.virtualflybrain.org	VFB_00028088	VFB_00101567	0	1	0.0
2025-06-27	v2.virtualflybrain.org	VFB_00030840	VFB_00017894	0	1	0.0
2025-06-27	v2.virtualflybrain.org	VFB_00030849	VFB_00017894	0	1	0.0
2025-06-27	v2.virtualflybrain.org	VFB_00030871	VFB_00017894	1	2	3.0
2025-06-27	v2.virtualflybrain.org	VFB_00030871	VFB_00101567	0	1	1.0
2025-06-27	v2.virtualflybrain.org	VFB_00048573	VFB_00101567	1	2	12.0
2025-06-27	v2.virtualflybrain.org	VFB_00050000	VFB_00050000	0	1	4.0
2025-06-27	v2.virtualflybrain.org	VFB_001000q4	VFB_00101567	0	2	46.0
2025-06-27	v2.virtualflybrain.org	VFB_00100613	VFB_00050000	0	1	39.0
2025-06-27	v2.virtualflybrain.org	VFB_00100614	VFB_00050000	0	1	11.0
2025-06-27	v2.virtualflybrain.org	VFB_00100663	VFB_00050000	1	1	83.0
2025-06-27	v2.virtualflybrain.org	VFB_00100dgv	VFB_00101567	0	1	1.0
2025-06-27	v2.virtualflybrain.org	VFB_00100w46	VFB_00101567	5	1	0.0
2025-06-27	v2.virtualflybrain.org	VFB_00101096	VFB_00050000	0	2	38.0
2025-06-27	v2.virtualflybrain.org	VFB_00101125	VFB_00050000	0	1	132.0
2025-06-27	v2.virtualflybrain.org	VFB_001011pl	VFB_00101567	0	2	81.0
2025-06-27	v2.virtualflybrain.org	VFB_00101223	VFB_00101567	0	1	0.0
2025-06-27	v2.virtualflybrain.org	VFB_001013cv	VFB_00101567	0	2	18.0
2025-06-27	v2.virtualflybrain.org	VFB_0010140c	VFB_00101567	0	3	598.0
2025-06-27	v2.virtualflybrain.org	VFB_0010140d	VFB_00101567	0	1	49.0
2025-06-27	v2.virtualflybrain.org	VFB_001014pn	VFB_00101567	0	1	57.0
2025-06-27	v2.virtualflybrain.org	VFB_001014q7	VFB_001014q7	1	2	7.0
2025-06-27	v2.virtualflybrain.org	VFB_001014q7	VFB_00101567	0	1	41.0
2025-06-27	v2.virtualflybrain.org	VFB_001014uq	VFB_00101567	0	2	21.0
2025-06-27	v2.virtualflybrain.org	VFB_00101567		1	1	1.0
2025-06-27	v2.virtualflybrain.org	VFB_00101567	VFB_00101567	44	63	1725.0
2025-06-27	v2.virtualflybrain.org	VFB_00102107	VFB_00101567	0	1	0.0
2025-06-27	v2.virtualflybrain.org	VFB_00102108	VFB_00101567	0	1	1.0
2025-06-27	v2.virtualflybrain.org	VFB_00102118	VFB_00101567	0	1	5.0
2025-06-27	v2.virtualflybrain.org	VFB_00102123	VFB_00101567	0	1	3.0
2025-06-27	v2.virtualflybrain.org	VFB_00102124	VFB_00101567	0	1	163.0
2025-06-27	v2.virtualflybrain.org	VFB_00102133	VFB_00101567	0	4	18.0
2025-06-27	v2.virtualflybrain.org	VFB_00102135	VFB_00101567	0	2	29.0
2025-06-27	v2.virtualflybrain.org	VFB_00102135	VFB_00102135	1	2	20.0
2025-06-27	v2.virtualflybrain.org	VFB_00102140	VFB_00101567	2	4	39.0
2025-06-27	v2.virtualflybrain.org	VFB_00102146	VFB_00101567	9	1	0.0
2025-06-27	v2.virtualflybrain.org	VFB_00102152	VFB_00101567	0	2	7.0
2025-06-27	v2.virtualflybrain.org	VFB_00102201	VFB_00101567	0	2	59.0
2025-06-27	v2.virtualflybrain.org	VFB_00102212	VFB_00101567	0	2	4.0
2025-06-27	v2.virtualflybrain.org	VFB_00104s04	VFB_00101567	10	1	0.0
2025-06-27	v2.virtualflybrain.org	VFB_fw000938	VFB_00101567	2	1	0.0
2025-06-27	v2.virtualflybrain.org	VFB_fw005807	VFB_00101567	0	1	0.0
2025-06-27	v2.virtualflybrain.org	VFB_fw013269		1	1	1.0
2025-06-27	v2.virtualflybrain.org	VFB_fw014118		1	1	4.0
2025-06-27	v2.virtualflybrain.org	VFB_fw014118	VFB_00101567	0	2	4.0
2025-06-27	v2.virtualflybrain.org	VFB_fw035774		1	1	2.0
2025-06-27	v2.virtualflybrain.org	VFB_jrchjujp	VFB_00101567	1	1	0.0
2025-06-27	v2.virtualflybrain.org	VFB_jrchk10d		1	1	4.0
2025-06-27	v2.virtualflybrain.org	VFB_jrchk10d	VFB_00101567	0	1	0.0
2025-06-27	v2.virtualflybrain.org	VFB_jrchk7dv	VFB_00101567	0	2	29.0
2025-06-27	v2.virtualflybrain.org	VFBexp_FBti0168	VFB_00101567	0	2	26.0
2025-06-27	v2.virtualflybrain.org	VFBexp_FBtp0058	VFB_00101567	0	1	10.0
2025-06-27	v2.virtualflybrain.org	VFBexp_FBtp0101		2	1	0.0
2025-06-27	v2.virtualflybrain.org	VFBexp_FBtp0101	VFB_00101567	0	1	14.0
2025-06-27	v2.virtualflybrain.org	VFBexp_FBtp0107	VFB_00101567	1	1	6.0
2025-06-27	v2.virtualflybrain.org	VFBexp_FBtp0121		2	2	2.0
2025-06-27	v2.virtualflybrain.org	VFBexp_FBtp0121	VFB_00101567	0	2	45.0
2025-06-27	v2.virtualflybrain.org	VFBexp_FBtp0122	VFB_00101567	3	2	76.0
2025-06-27	v2.virtualflybrain.org	VFBexp_FBtp0123	VFB_00101567	0	1	7.0
2025-06-27	v2.virtualflybrain.org	VFBext_0000004	VFB_00101567	0	2	12.0
2025-06-27	v2.virtualflybrain.org	VFBext_0000010	VFB_00101567	0	1	88.0
2025-06-28		FBbt_00003624		16	3	5.0
2025-06-28		FBbt_00003624	VFB_00101567	16	4	0.0
2025-06-28		FBbt_00003701		1	1	0.0
2025-06-28		FBbt_00003701	VFB_00101567	1	1	0.0
2025-06-28		FBbt_00003748		6	2	0.0
2025-06-28		FBbt_00003748	VFB_00101567	6	2	0.0
2025-06-28		FBbt_00005095		2	1	1.0
2025-06-28		FBbt_00005095	VFB_00101567	2	1	0.0
2025-06-28		FBbt_00007001		2	1	3.0
2025-06-28		FBbt_00007001	VFB_00101567	2	1	0.0
2025-06-28		FBbt_00007010		2	1	3.0
2025-06-28		FBbt_00007010	VFB_00101567	2	1	0.0
2025-06-28		FBbt_00007016		2	1	4.0
2025-06-28		FBbt_00007016	VFB_00101567	2	1	0.0
2025-06-28		FBbt_00007050		5	2	0.0
2025-06-28		FBbt_00007050	VFB_00101567	5	2	0.0
2025-06-28		FBbt_00007146		5	1	0.0
2025-06-28		FBbt_00007146	VFB_00101567	5	2	0.0
2025-06-28		FBbt_00045021		1	1	0.0
2025-06-28		FBbt_00045021	VFB_00101567	1	1	0.0
2025-06-28		FBbt_00047887		2	1	0.0
2025-06-28		FBbt_00047887	VFB_00101567	3	1	0.0
2025-06-28		FBbt_00048356		2	1	3.0
2025-06-28		FBbt_00048356	VFB_00101567	2	1	0.0
2025-06-28		FBbt_00049827		8	1	0.0
2025-06-28		FBbt_00049827	VFB_00101567	8	1	0.0
2025-06-28		FBbt_00053384		4	1	0.0
2025-06-28		FBbt_00053384	VFB_00101567	4	1	0.0
2025-06-28		FBbt_00100313		2	1	5.0
2025-06-28		FBbt_00100313	VFB_00101567	2	1	0.0
2025-06-28		FBbt_00110107		1	1	0.0
2025-06-28		FBbt_00110107	VFB_00101567	1	1	0.0
2025-06-28		FBbt_00110139		2	1	0.0
2025-06-28		FBbt_00110139	VFB_00101567	2	1	0.0
2025-06-28		FBbt_00110167		11	1	0.0
2025-06-28		FBbt_00110167	VFB_00101567	11	1	0.0
2025-06-28		FBbt_00110419		1	1	0.0
2025-06-28		FBbt_00110419	VFB_00101567	1	1	0.0
2025-06-28		FBbt_10000000		2	1	1.0
2025-06-28		FBbt_10000000	VFB_00101567	2	1	0.0
2025-06-28		VFB_00017894		7	1	10.0
2025-06-28		VFB_00017894	VFB_00017894	8	2	69.0
2025-06-28		VFB_00048573		4	1	29.0
2025-06-28		VFB_00048573	VFB_00101567	4	2	0.0
2025-06-28		VFB_00100yc1		3	1	19.0
2025-06-28		VFB_00100yc1	VFB_00101567	3	2	0.0
2025-06-28		VFB_001014uq		6	1	18.0
2025-06-28		VFB_001014uq	VFB_00101567	6	2	0.0
2025-06-28		VFB_00101567		89	13	58.0
2025-06-28		VFB_00101567	VFB_00101567	120	28	0.0
2025-06-28		VFB_00102107		16	2	25.0
2025-06-28		VFB_00102107	VFB_00101567	15	3	0.0
2025-06-28		VFB_00102136		1	1	0.0
2025-06-28		VFB_00102136	VFB_00101567	1	1	0.0
2025-06-28		VFB_00102146		10	1	0.0
2025-06-28		VFB_00102146	VFB_00101567	10	1	0.0
2025-06-28		VFB_001040km		2	1	14.0
2025-06-28		VFB_001040km	VFB_00101567	2	1	0.0
2025-06-28		VFB_jrchk3r4		9	1	15.0
2025-06-28		VFB_jrchk3r4	VFB_00101567	4	2	0.0
2025-06-28		VFB_jrchk7dw		4	1	7.0
2025-06-28		VFB_jrchk7dw	VFB_00101567	4	1	0.0
2025-06-28		VFB_jrchk819		8	1	0.0
2025-06-28		VFB_jrchk819	VFB_00101567	8	2	0.0
2025-06-28		VFB_jrchk81z		2	1	0.0
2025-06-28		VFB_jrchk81z	VFB_00101567	2	2	0.0
2025-06-28		VFB_jrchk822		13	1	0.0
2025-06-28		VFB_jrchk822	VFB_00101567	13	1	0.0
2025-06-28		VFBexp_FBtp0014		4	1	0.0
2025-06-28		VFBexp_FBtp0014	VFB_00101567	4	1	0.0
2025-06-28		VFBexp_FBtp0018		2	1	0.0
2025-06-28		VFBexp_FBtp0018	VFB_00101567	2	1	0.0
2025-06-28		VFBexp_FBtp0057		5	2	0.0
2025-06-28		VFBexp_FBtp0057	VFB_00101567	5	2	0.0
2025-06-28		VFBexp_FBtp0060		1	1	0.0
2025-06-28		VFBexp_FBtp0060	VFB_00101567	1	1	0.0
2025-06-28	v2.virtualflybrain.org	FBbt_00003624		1	1	2.0
2025-06-28	v2.virtualflybrain.org	FBbt_00003624	VFB_00101567	0	4	39.0
2025-06-28	v2.virtualflybrain.org	FBbt_00003701	VFB_00101567	0	1	7.0
2025-06-28	v2.virtualflybrain.org	FBbt_00003748	VFB_00101567	0	3	47.0
2025-06-28	v2.virtualflybrain.org	FBbt_00005095	VFB_00101567	0	1	0.0
2025-06-28	v2.virtualflybrain.org	FBbt_00007001	VFB_00101567	0	1	0.0
2025-06-28	v2.virtualflybrain.org	FBbt_00007010	VFB_00101567	0	1	0.0
2025-06-28	v2.virtualflybrain.org	FBbt_00007016	VFB_00101567	0	1	0.0
2025-06-28	v2.virtualflybrain.org	FBbt_00007050	VFB_00101567	0	3	47.0
2025-06-28	v2.virtualflybrain.org	FBbt_00007146	VFB_00101567	2	3	29.0
2025-06-28	v2.virtualflybrain.org	FBbt_00045021	VFB_00101567	0	2	76.0
2025-06-28	v2.virtualflybrain.org	FBbt_00047887	VFB_00101567	0	1	24.0
2025-06-28	v2.virtualflybrain.org	FBbt_00048356	VFB_00101567	0	1	0.0
2025-06-28	v2.virtualflybrain.org	FBbt_00049827	VFB_00101567	8	1	0.0
2025-06-28	v2.virtualflybrain.org	FBbt_00053384	VFB_00101567	0	1	21.0
2025-06-28	v2.virtualflybrain.org	FBbt_00100313	VFB_00101567	0	1	0.0
2025-06-28	v2.virtualflybrain.org	FBbt_00110107	VFB_00101567	0	1	2.0
2025-06-28	v2.virtualflybrain.org	FBbt_00110139	VFB_00101567	0	2	50.0
2025-06-28	v2.virtualflybrain.org	FBbt_00110167	VFB_00101567	11	1	0.0
2025-06-28	v2.virtualflybrain.org	FBbt_00110419	VFB_00101567	0	1	10.0
2025-06-28	v2.virtualflybrain.org	FBbt_10000000	VFB_00101567	0	1	0.0
2025-06-28	v2.virtualflybrain.org	VFB_00017894	VFB_00017894	1	4	47.0
2025-06-28	v2.virtualflybrain.org	VFB_00048573	VFB_00101567	0	2	0.0
2025-06-28	v2.virtualflybrain.org	VFB_00100yc1	VFB_00101567	0	2	36.0
2025-06-28	v2.virtualflybrain.org	VFB_001014uq	VFB_00101567	0	2	3.0
2025-06-28	v2.virtualflybrain.org	VFB_00101567	VFB_00101567	55	43	717.0
2025-06-28	v2.virtualflybrain.org	VFB_00102107	VFB_00101567	0	2	23.0
2025-06-28	v2.virtualflybrain.org	VFB_00102136	VFB_00101567	2	1	0.0
2025-06-28	v2.virtualflybrain.org	VFB_00102146	VFB_00101567	10	1	0.0
2025-06-28	v2.virtualflybrain.org	VFB_001040km	VFB_00101567	1	2	35.0
2025-06-28	v2.virtualflybrain.org	VFB_jrchk3r4	VFB_00101567	0	1	26.0
2025-06-28	v2.virtualflybrain.org	VFB_jrchk7dw		1	1	2.0
2025-06-28	v2.virtualflybrain.org	VFB_jrchk7dw	VFB_00101567	0	2	8.0
2025-06-28	v2.virtualflybrain.org	VFB_jrchk819	VFB_00101567	7	2	397.0
2025-06-28	v2.virtualflybrain.org	VFB_jrchk81z	VFB_00101567	1	2	79.0
2025-06-28	v2.virtualflybrain.org	VFB_jrchk822	VFB_00101567	13	1	69.0
2025-06-28	v2.virtualflybrain.org	VFBexp_FBtp0014	VFB_00101567	0	1	147.0
2025-06-28	v2.virtualflybrain.org	VFBexp_FBtp0018	VFB_00101567	0	1	3868.0
2025-06-28	v2.virtualflybrain.org	VFBexp_FBtp0057	VFB_00101567	0	2	121.0
2025-06-28	v2.virtualflybrain.org	VFBexp_FBtp0060	VFB_00101567	0	1	16.0
2025-06-29		FBbt_00003004		2	2	0.0
2025-06-29		FBbt_00003004	VFB_00101567	2	2	0.0
2025-06-29		FBbt_00003281		4	1	0.0
2025-06-29		FBbt_00003281	VFB_00101567	4	1	0.0
2025-06-29		FBbt_00003624		7	2	3.0
2025-06-29		FBbt_00003624	VFB_00101567	7	2	0.0
2025-06-29		FBbt_00003682		3	1	0.0
2025-06-29		FBbt_00003682	VFB_00101567	3	1	0.0
2025-06-29		FBbt_00003684		2	1	0.0
2025-06-29		FBbt_00003684	VFB_00101567	2	1	0.0
2025-06-29		FBbt_00003686		3	1	0.0
2025-06-29		FBbt_00003686	VFB_00101567	3	2	0.0
2025-06-29		FBbt_00003748		1	1	0.0
2025-06-29		FBbt_00003748	VFB_00101567	1	1	0.0
2025-06-29		FBbt_00003885		1	1	0.0
2025-06-29		FBbt_00003885	VFB_00101567	1	1	0.0
2025-06-29		FBbt_00005069		2	1	0.0
2025-06-29		FBbt_00005069	VFB_00101567	2	1	0.0
2025-06-29		FBbt_00005074		2	1	20.0
2025-06-29		FBbt_00005074	VFB_00101567	2	1	0.0
2025-06-29		FBbt_00005801		1	1	0.0
2025-06-29		FBbt_00005801	VFB_00101567	1	1	0.0
2025-06-29		FBbt_00007146		1	1	0.0
2025-06-29		FBbt_00007146	VFB_00101567	1	1	0.0
2025-06-29		FBbt_00007385		1	1	0.0
2025-06-29		FBbt_00007385	VFB_00101567	1	1	0.0
2025-06-29		FBbt_00007677		4	1	0.0
2025-06-29		FBbt_00007677	VFB_00101567	5	1	0.0
2025-06-29		FBbt_00015407		1	1	0.0
2025-06-29		FBbt_00015407	VFB_00101567	1	1	0.0
2025-06-29		FBbt_00040041		3	2	0.0
2025-06-29		FBbt_00040041	VFB_00101567	3	3	0.0
2025-06-29		FBbt_00040044		1	1	0.0
2025-06-29		FBbt_00040044	VFB_00101567	1	1	0.0
2025-06-29		FBbt_00048714		1	1	0.0
2025-06-29		FBbt_00048714	VFB_00050000	1	1	0.0
2025-06-29		FBbt_00049825		1	1	0.0
2025-06-29		FBbt_00049825	VFB_00101567	1	1	0.0
2025-06-29		FBbt_00049827		15	1	0.0
2025-06-29		FBbt_00049827	VFB_00101567	15	1	0.0
2025-06-29		FBbt_00058805		6	1	0.0
2025-06-29		FBbt_00058805	VFB_00101567	11	2	0.0
2025-06-29		FBbt_00100243		1	1	0.0
2025-06-29		FBbt_00100243	VFB_00017894	1	1	0.0
2025-06-29		FBbt_00100291		1	1	0.0
2025-06-29		FBbt_00100291	VFB_00101567	1	1	0.0
2025-06-29		FBbt_00110107		1	1	0.0
2025-06-29		FBbt_00110107	VFB_00101567	1	1	0.0
2025-06-29		FBbt_00110140		1	1	0.0
2025-06-29		FBbt_00110140	VFB_00101567	1	1	0.0
2025-06-29		FBbt_00110141		2	1	16.0
2025-06-29		FBbt_00110141	VFB_00101567	3	1	0.0
2025-06-29		FBbt_00110167		12	1	0.0
2025-06-29		FBbt_00110167	VFB_00101567	12	1	0.0
2025-06-29		FBbt_00111438		1	1	0.0
2025-06-29		FBbt_00111438	VFB_00101567	1	1	0.0
2025-06-29		FBbt_20003885		6	2	0.0
2025-06-29		FBbt_20003885	VFB_00101567	6	2	0.0
2025-06-29		VFB_00015972		7	1	22.0
2025-06-29		VFB_00015972	VFB_00015972	2	1	0.0
2025-06-29		VFB_00015972	VFB_00101567	2	1	0.0
2025-06-29		VFB_00030867		3	1	0.0
2025-06-29		VFB_00030867	VFB_00017894	2	1	0.0
2025-06-29		VFB_00030867	VFB_00101567	1	1	0.0
2025-06-29		VFB_00050000		1	1	0.0
2025-06-29		VFB_00050000	VFB_00050000	3	3	6.0
2025-06-29		VFB_00050505		3	1	0.0
2025-06-29		VFB_00050505	VFB_00049000	1	1	0.0
2025-06-29		VFB_00050505	VFB_00101567	2	1	0.0
2025-06-29		VFB_00100000		1	1	0.0
2025-06-29		VFB_00100000	VFB_00100000	2	2	29.0
2025-06-29		VFB_001000nt		5	1	4.0
2025-06-29		VFB_001000nt	VFB_00101567	5	2	0.0
2025-06-29		VFB_001001ao		1	1	10.0
2025-06-29		VFB_001001ao	VFB_00101567	1	1	0.0
2025-06-29		VFB_00100907		1	1	0.0
2025-06-29		VFB_00100907	VFB_00050000	1	1	0.0
2025-06-29		VFB_001014qh		2	1	0.0
2025-06-29		VFB_001014qh	VFB_00101567	2	2	0.0
2025-06-29		VFB_001014qi		4	1	32.0
2025-06-29		VFB_001014qi	VFB_00101567	4	1	0.0
2025-06-29		VFB_00101567		118	21	52.0
2025-06-29		VFB_00101567	VFB_00101567	127	28	11.0
2025-06-29		VFB_00102110		1	1	0.0
2025-06-29		VFB_00102110	VFB_00101567	1	1	0.0
2025-06-29		VFB_00102114		4	1	0.0
2025-06-29		VFB_00102114	VFB_00101567	3	1	0.0
2025-06-29		VFB_00102118		2	1	0.0
2025-06-29		VFB_00102118	VFB_00101567	2	1	0.0
2025-06-29		VFB_00102123		2	1	0.0
2025-06-29		VFB_00102123	VFB_00101567	2	1	0.0
2025-06-29		VFB_00102124		2	1	0.0
2025-06-29		VFB_00102124	VFB_00101567	2	1	0.0
2025-06-29		VFB_00102133		3	2	0.0
2025-06-29		VFB_00102133	VFB_00101567	3	2	0.0
2025-06-29		VFB_00102146		10	1	0.0
2025-06-29		VFB_00102146	VFB_00101567	10	1	0.0
2025-06-29		VFB_00102154		2	1	12.0
2025-06-29		VFB_00102154	VFB_00101567	2	1	0.0
2025-06-29		VFB_00102212		2	1	6.0
2025-06-29		VFB_00102212	VFB_00101567	2	2	0.0
2025-06-29		VFB_00104s04		4	1	0.0
2025-06-29		VFB_00104s04	VFB_00101567	4	1	0.0
2025-06-29		VFB_00200000		1	1	0.0
2025-06-29		VFB_00200000	VFB_00200000	2	2	11.0
2025-06-29		VFB_fw036365		2	1	51.0
2025-06-29		VFB_fw036365	VFB_00101567	1	1	0.0
2025-06-29		VFB_fw036930		2	1	1.0
2025-06-29		VFB_fw036930	VFB_00101567	2	1	0.0
2025-06-29		VFB_jrchk45e		4	1	0.0
2025-06-29		VFB_jrchk45e	VFB_00017894	2	1	0.0
2025-06-29		VFB_jrchk45e	VFB_00101567	2	1	0.0
2025-06-29		VFB_jrchk819		6	1	15.0
2025-06-29		VFB_jrchk819	VFB_00101567	6	1	0.0
2025-06-29		VFB_jrchk81z		2	1	0.0
2025-06-29		VFB_jrchk81z	VFB_00101567	2	1	0.0
2025-06-29	v2.virtualflybrain.org	FBbt_00003004	VFB_00101567	1	3	385.0
2025-06-29	v2.virtualflybrain.org	FBbt_00003281	VFB_00101567	1	2	127.0
2025-06-29	v2.virtualflybrain.org	FBbt_00003624	VFB_00101567	3	4	276.0
2025-06-29	v2.virtualflybrain.org	FBbt_00003682	VFB_00101567	2	1	264.0
2025-06-29	v2.virtualflybrain.org	FBbt_00003684	VFB_00101567	0	2	39.0
2025-06-29	v2.virtualflybrain.org	FBbt_00003686	VFB_00101567	1	3	71.0
2025-06-29	v2.virtualflybrain.org	FBbt_00003748	VFB_00101567	1	1	1.0
2025-06-29	v2.virtualflybrain.org	FBbt_00003885	VFB_00101567	0	1	11.0
2025-06-29	v2.virtualflybrain.org	FBbt_00005069	VFB_00101567	0	2	5.0
2025-06-29	v2.virtualflybrain.org	FBbt_00005074	VFB_00101567	0	1	0.0
2025-06-29	v2.virtualflybrain.org	FBbt_00005801	VFB_00101567	1	1	0.0
2025-06-29	v2.virtualflybrain.org	FBbt_00007050	VFB_00101567	0	1	89.0
2025-06-29	v2.virtualflybrain.org	FBbt_00007146	VFB_00101567	1	1	0.0
2025-06-29	v2.virtualflybrain.org	FBbt_00007385	VFB_00101567	0	1	21.0
2025-06-29	v2.virtualflybrain.org	FBbt_00007677	VFB_00101567	0	1	16.0
2025-06-29	v2.virtualflybrain.org	FBbt_00015407	VFB_00101567	0	1	10.0
2025-06-29	v2.virtualflybrain.org	FBbt_00040041	VFB_00101567	0	4	46.0
2025-06-29	v2.virtualflybrain.org	FBbt_00040044	VFB_00101567	0	1	58.0
2025-06-29	v2.virtualflybrain.org	FBbt_00045046		1	1	0.0
2025-06-29	v2.virtualflybrain.org	FBbt_00048714	VFB_00050000	0	2	53.0
2025-06-29	v2.virtualflybrain.org	FBbt_00049827	VFB_00101567	15	3	550.0
2025-06-29	v2.virtualflybrain.org	FBbt_00053384	VFB_00101567	0	1	5.0
2025-06-29	v2.virtualflybrain.org	FBbt_00058805	VFB_00015972	1	1	0.0
2025-06-29	v2.virtualflybrain.org	FBbt_00058805	VFB_00101567	1	4	100.0
2025-06-29	v2.virtualflybrain.org	FBbt_00100243	VFB_00017894	0	1	21.0
2025-06-29	v2.virtualflybrain.org	FBbt_00100291	VFB_00101567	0	1	4.0
2025-06-29	v2.virtualflybrain.org	FBbt_00110107	VFB_00101567	1	1	1.0
2025-06-29	v2.virtualflybrain.org	FBbt_00110140	VFB_00101567	0	1	6.0
2025-06-29	v2.virtualflybrain.org	FBbt_00110141	VFB_00101567	0	2	33.0
2025-06-29	v2.virtualflybrain.org	FBbt_00110167	VFB_00101567	12	1	0.0
2025-06-29	v2.virtualflybrain.org	FBbt_00111438		1	1	1.0
2025-06-29	v2.virtualflybrain.org	FBbt_00111438	VFB_00101567	0	1	2.0
2025-06-29	v2.virtualflybrain.org	FBbt_20003885		4	2	3.0
2025-06-29	v2.virtualflybrain.org	FBbt_20003885	VFB_00101567	3	2	78.0
2025-06-29	v2.virtualflybrain.org	VFB_00015972	VFB_00015972	0	1	3.0
2025-06-29	v2.virtualflybrain.org	VFB_00015972	VFB_00101567	0	1	5.0
2025-06-29	v2.virtualflybrain.org	VFB_00017894	VFB_00017894	0	1	0.0
2025-06-29	v2.virtualflybrain.org	VFB_00030867	VFB_00017894	2	3	53.0
2025-06-29	v2.virtualflybrain.org	VFB_00030867	VFB_00101567	0	1	11.0
2025-06-29	v2.virtualflybrain.org	VFB_00050000	VFB_00050000	2	7	49.0
2025-06-29	v2.virtualflybrain.org	VFB_00050505	VFB_00049000	1	3	18.0
2025-06-29	v2.virtualflybrain.org	VFB_00050505	VFB_00101567	0	2	9.0
2025-06-29	v2.virtualflybrain.org	VFB_00100000	VFB_00100000	1	3	2.0
2025-06-29	v2.virtualflybrain.org	VFB_001000nt	VFB_00101567	0	2	8.0
2025-06-29	v2.virtualflybrain.org	VFB_001001ao	VFB_00101567	0	1	17.0
2025-06-29	v2.virtualflybrain.org	VFB_00100907	VFB_00050000	1	1	4.0
2025-06-29	v2.virtualflybrain.org	VFB_00101068	VFB_00050000	1	1	0.0
2025-06-29	v2.virtualflybrain.org	VFB_001014qh	VFB_00101567	1	3	208.0
2025-06-29	v2.virtualflybrain.org	VFB_001014qi	VFB_00101567	0	1	0.0
2025-06-29	v2.virtualflybrain.org	VFB_00101567		0	1	69.0
2025-06-29	v2.virtualflybrain.org	VFB_00101567	VFB_00101567	76	58	753.0
2025-06-29	v2.virtualflybrain.org	VFB_00102110	VFB_00101567	0	2	10.0
2025-06-29	v2.virtualflybrain.org	VFB_00102114	VFB_00101567	0	1	5.0
2025-06-29	v2.virtualflybrain.org	VFB_00102118	VFB_00101567	0	1	17.0
2025-06-29	v2.virtualflybrain.org	VFB_00102123	VFB_00101567	0	1	19.0
2025-06-29	v2.virtualflybrain.org	VFB_00102124	VFB_00101567	0	1	43.0
2025-06-29	v2.virtualflybrain.org	VFB_00102133	VFB_00101567	1	3	22.0
2025-06-29	v2.virtualflybrain.org	VFB_00102146	VFB_00101567	10	1	0.0
2025-06-29	v2.virtualflybrain.org	VFB_00102154	VFB_00101567	0	1	96.0
2025-06-29	v2.virtualflybrain.org	VFB_00102212	VFB_00101567	0	1	1.0
2025-06-29	v2.virtualflybrain.org	VFB_00104s04	VFB_00101567	4	1	18.0
2025-06-29	v2.virtualflybrain.org	VFB_00200000	VFB_00200000	1	3	3.0
2025-06-29	v2.virtualflybrain.org	VFB_fw030338		1	1	0.0
2025-06-29	v2.virtualflybrain.org	VFB_fw036365	VFB_00101567	0	1	0.0
2025-06-29	v2.virtualflybrain.org	VFB_fw036930		1	1	0.0
2025-06-29	v2.virtualflybrain.org	VFB_fw036930	VFB_00101567	0	1	29.0
2025-06-29	v2.virtualflybrain.org	VFB_jrchk45e	VFB_00017894	0	2	35.0
2025-06-29	v2.virtualflybrain.org	VFB_jrchk45e	VFB_00101567	2	3	9.0
2025-06-29	v2.virtualflybrain.org	VFB_jrchk819	VFB_00101567	1	1	0.0
2025-06-29	v2.virtualflybrain.org	VFB_jrchk81z	VFB_00101567	2	1	0.0
2025-06-30		FBbt_00001919		3	1	0.0
2025-06-30		FBbt_00001919	VFB_00050000	3	1	0.0
2025-06-30		FBbt_00003004		17	2	0.0
2025-06-30		FBbt_00003004	VFB_00101567	15	2	0.0
2025-06-30		FBbt_00003632		5	3	0.0
2025-06-30		FBbt_00003632	VFB_00101567	4	3	0.0
2025-06-30		FBbt_00003668		4	1	0.0
2025-06-30		FBbt_00003668	VFB_00101567	4	2	0.0
2025-06-30		FBbt_00003678		3	2	0.0
2025-06-30		FBbt_00003678	VFB_00101567	3	2	0.0
2025-06-30		FBbt_00003679		1	1	0.0
2025-06-30		FBbt_00003679	VFB_00101567	1	1	0.0
2025-06-30		FBbt_00003681		7	2	0.0
2025-06-30		FBbt_00003681	VFB_00101567	7	2	0.0
2025-06-30		FBbt_00003682		1	1	0.0
2025-06-30		FBbt_00003682	VFB_00101567	1	1	0.0
2025-06-30		FBbt_00003684		2	1	0.0
2025-06-30		FBbt_00003684	VFB_00101567	2	1	0.0
2025-06-30		FBbt_00003701		1	1	0.0
2025-06-30		FBbt_00003701	VFB_00101567	1	1	0.0
2025-06-30		FBbt_00003748		5	4	0.0
2025-06-30		FBbt_00003748	VFB_00101567	5	4	0.0
2025-06-30		FBbt_00005093		7	2	3.0
2025-06-30		FBbt_00005093	VFB_00050000	3	1	0.0
2025-06-30		FBbt_00005093	VFB_00101567	4	2	0.0
2025-06-30		FBbt_00007050		6	1	0.0
2025-06-30		FBbt_00007050	VFB_00101567	6	2	0.0
2025-06-30		FBbt_00007055		1	1	0.0
2025-06-30		FBbt_00007055	VFB_00101567	1	1	0.0
2025-06-30		FBbt_00007059		11	2	0.0
2025-06-30		FBbt_00007059	VFB_00101567	11	2	0.0
2025-06-30		FBbt_00007145		1	1	0.0
2025-06-30		FBbt_00007145	VFB_00101567	1	1	0.0
2025-06-30		FBbt_00007146		4	2	0.0
2025-06-30		FBbt_00007146	VFB_00101567	4	2	0.0
2025-06-30		FBbt_00007147		2	1	0.0
2025-06-30		FBbt_00007147	VFB_00101567	2	1	0.0
2025-06-30		FBbt_00007385		3	1	0.0
2025-06-30		FBbt_00007385	VFB_00101567	3	2	0.0
2025-06-30		FBbt_00007401		5	1	0.0
2025-06-30		FBbt_00007401	VFB_00101567	5	2	0.0
2025-06-30		FBbt_00007453		4	2	0.0
2025-06-30		FBbt_00007453	VFB_00101567	4	2	0.0
2025-06-30		FBbt_00013688		1	1	0.0
2025-06-30		FBbt_00013688	VFB_00101567	1	1	0.0
2025-06-30		FBbt_00014013		7	4	0.0
2025-06-30		FBbt_00014013	VFB_00017894	1	1	0.0
2025-06-30		FBbt_00014013	VFB_00101567	6	4	0.0
2025-06-30		FBbt_00040001		1	1	0.0
2025-06-30		FBbt_00040001	VFB_00101567	2	1	0.0
2025-06-30		FBbt_00040002		2	1	0.0
2025-06-30		FBbt_00040002	VFB_00101567	2	1	0.0
2025-06-30		FBbt_00040007		1	1	0.0
2025-06-30		FBbt_00040007	VFB_00101567	3	1	0.0
2025-06-30		FBbt_00040041		3	1	0.0
2025-06-30		FBbt_00040041	VFB_00101567	3	1	0.0
2025-06-30		FBbt_00040042		2	2	0.0
2025-06-30		FBbt_00040042	VFB_00101567	2	2	0.0
2025-06-30		FBbt_00040043		1	1	0.0
2025-06-30		FBbt_00040043	VFB_00101567	1	1	0.0
2025-06-30		FBbt_00040071		5	1	0.0
2025-06-30		FBbt_00040071	VFB_00101567	6	1	0.0
2025-06-30		FBbt_00045050		3	3	0.0
2025-06-30		FBbt_00045050	VFB_00101567	3	3	0.0
2025-06-30		FBbt_00047127		2	1	0.0
2025-06-30		FBbt_00047127	VFB_00017894	2	1	0.0
2025-06-30		FBbt_00047132		1	1	0.0
2025-06-30		FBbt_00047132	VFB_00017894	1	1	0.0
2025-06-30		FBbt_00047639		3	1	0.0
2025-06-30		FBbt_00047639	VFB_00101567	3	1	0.0
2025-06-30		FBbt_00047642		1	1	0.0
2025-06-30		FBbt_00047642	VFB_00049000	1	1	0.0
2025-06-30		FBbt_00047887		6	3	0.0
2025-06-30		FBbt_00047887	VFB_00101567	6	3	0.0
2025-06-30		FBbt_00048111		1	1	0.0
2025-06-30		FBbt_00048111	VFB_00200000	1	1	0.0
2025-06-30		FBbt_00048427		2	1	9.0
2025-06-30		FBbt_00048427	VFB_00017894	2	1	0.0
2025-06-30		FBbt_00048714		1	1	0.0
2025-06-30		FBbt_00048714	VFB_00050000	1	1	0.0
2025-06-30		FBbt_00049827		2	1	0.0
2025-06-30		FBbt_00049827	VFB_00101567	2	1	0.0
2025-06-30		FBbt_00051880		1	1	0.0
2025-06-30		FBbt_00051880	VFB_00101567	1	1	0.0
2025-06-30		FBbt_00053080		3	1	0.0
2025-06-30		FBbt_00053080	VFB_00200000	4	2	0.0
2025-06-30		FBbt_00053384		4	2	0.0
2025-06-30		FBbt_00053384	VFB_00101567	5	2	0.0
2025-06-30		FBbt_00110107		2	1	0.0
2025-06-30		FBbt_00110107	VFB_00101567	2	1	0.0
2025-06-30		FBbt_00110145		4	1	0.0
2025-06-30		FBbt_00110145	VFB_00101567	4	3	0.0
2025-06-30		FBbt_00110167		1	1	0.0
2025-06-30		FBbt_00110167	VFB_00101567	1	1	0.0
2025-06-30		FBbt_00110168		1	1	0.0
2025-06-30		FBbt_00110168	VFB_00101567	1	1	0.0
2025-06-30		FBbt_00110169		1	1	0.0
2025-06-30		FBbt_00110169	VFB_00101567	1	1	0.0
2025-06-30		FBbt_00110170		1	1	0.0
2025-06-30		FBbt_00110170	VFB_00101567	1	1	0.0
2025-06-30		FBbt_00110176		3	1	0.0
2025-06-30		FBbt_00110176	VFB_00200000	3	1	0.0
2025-06-30		FBbt_00110636		2	2	0.0
2025-06-30		FBbt_00110636	VFB_00101567	2	2	0.0
2025-06-30		FBbt_00110638		1	1	0.0
2025-06-30		FBbt_00110638	VFB_00101567	1	1	0.0
2025-06-30		FBbt_00110657		3	2	0.0
2025-06-30		FBbt_00110657	VFB_00101567	4	2	0.0
2025-06-30		FBbt_00110985		1	1	0.0
2025-06-30		FBbt_00110985	VFB_00101567	1	1	0.0
2025-06-30		FBbt_20001744		1	1	0.0
2025-06-30		FBbt_20001744	VFB_00101567	1	1	0.0
2025-06-30		FBbt_20004588		2	1	0.0
2025-06-30		FBbt_20004588	VFB_00101567	2	1	0.0
2025-06-30		FBbt_20009118		1	1	0.0
2025-06-30		FBbt_20009118	VFB_00200000	1	1	0.0
2025-06-30		FBbt_20009299		1	1	0.0
2025-06-30		FBbt_20009299	VFB_00200000	1	1	0.0
2025-06-30		FBbt_20009300		1	1	0.0
2025-06-30		FBbt_20009300	VFB_00200000	1	1	0.0
2025-06-30		FBbt_20009861		1	1	0.0
2025-06-30		FBbt_20009861	VFB_00200000	1	1	0.0
2025-06-30		FBbt_20010331		3	1	0.0
2025-06-30		FBbt_20010331	VFB_00200000	3	1	0.0
2025-06-30		FBbt_20010336		1	1	0.0
2025-06-30		FBbt_20010336	VFB_00200000	1	1	0.0
2025-06-30		FBbt_20010538		1	1	0.0
2025-06-30		FBbt_20010538	VFB_00200000	1	1	0.0
2025-06-30		FBbt_20011161		1	1	0.0
2025-06-30		FBbt_20011161	VFB_00200000	1	1	0.0
2025-06-30		FBbt_20011353		3	1	0.0
2025-06-30		FBbt_20011353	VFB_00200000	3	2	0.0
2025-06-30		VFB_00017894		1	1	0.0
2025-06-30		VFB_00017894	VFB_00017894	2	2	36.0
2025-06-30		VFB_00030849		3	1	2.0
2025-06-30		VFB_00030849	VFB_00017894	1	1	0.0
2025-06-30		VFB_00030849	VFB_00101567	2	1	0.0
2025-06-30		VFB_00030866		8	1	26.0
2025-06-30		VFB_00030866	VFB_00017894	3	1	0.0
2025-06-30		VFB_00030866	VFB_00101567	5	1	0.0
2025-06-30		VFB_00030880		2	1	1.0
2025-06-30		VFB_00030880	VFB_00101567	2	1	0.0
2025-06-30		VFB_00049000		2	1	0.0
2025-06-30		VFB_00049000	VFB_00049000	4	2	7.0
2025-06-30		VFB_00050000		39	6	9.0
2025-06-30		VFB_00050000	VFB_00050000	44	19	57.0
2025-06-30		VFB_00065902		3	1	0.0
2025-06-30		VFB_00065902	VFB_00101567	1	1	0.0
2025-06-30		VFB_00065902	VFB_00200000	2	1	0.0
2025-06-30		VFB_001001dq		6	1	8.0
2025-06-30		VFB_001001dq	VFB_00101567	6	2	0.0
2025-06-30		VFB_00100yc1		20	1	0.0
2025-06-30		VFB_00100yc1	VFB_00101567	20	1	0.0
2025-06-30		VFB_00101179		1	1	0.0
2025-06-30		VFB_00101179	VFB_00101567	1	1	0.0
2025-06-30		VFB_001011gs		1	1	0.0
2025-06-30		VFB_001011gs	VFB_00050000	1	1	0.0
2025-06-30		VFB_001012wk		2	1	5.0
2025-06-30		VFB_001012wk	VFB_00101567	2	1	0.0
2025-06-30		VFB_00101421		1	1	0.0
2025-06-30		VFB_00101421	VFB_00050000	1	1	0.0
2025-06-30		VFB_00101422		5	1	0.0
2025-06-30		VFB_00101422	VFB_00050000	5	2	0.0
2025-06-30		VFB_00101425		5	1	0.0
2025-06-30		VFB_00101425	VFB_00050000	5	2	0.0
2025-06-30		VFB_00101432		1	1	0.0
2025-06-30		VFB_00101432	VFB_00050000	1	1	0.0
2025-06-30		VFB_001014q8		16	1	18.0
2025-06-30		VFB_001014q8	VFB_00101567	15	4	0.0
2025-06-30		VFB_001014qi		3	1	1.0
2025-06-30		VFB_001014qi	VFB_00101567	3	2	0.0
2025-06-30		VFB_00101567		180	34	503.0
2025-06-30		VFB_00101567	VFB_00101567	174	41	9.0
2025-06-30		VFB_0010159s		2	1	0.0
2025-06-30		VFB_0010159s	VFB_00050000	2	2	0.0
2025-06-30		VFB_00102114		2	2	0.0
2025-06-30		VFB_00102114	VFB_00101567	2	2	0.0
2025-06-30		VFB_00102118		1	1	0.0
2025-06-30		VFB_00102118	VFB_00101567	1	1	0.0
2025-06-30		VFB_00102123		1	1	0.0
2025-06-30		VFB_00102123	VFB_00101567	1	1	0.0
2025-06-30		VFB_00102124		1	1	0.0
2025-06-30		VFB_00102124	VFB_00101567	1	1	0.0
2025-06-30		VFB_00102133		5	1	0.0
2025-06-30		VFB_00102133	VFB_00101567	5	3	0.0
2025-06-30		VFB_00102135		3	1	2.0
2025-06-30		VFB_00102135	VFB_00101567	3	2	0.0
2025-06-30		VFB_00102137		10	3	62.0
2025-06-30		VFB_00102137	VFB_00101567	8	5	0.0
2025-06-30		VFB_00102139		16	2	223.0
2025-06-30		VFB_00102139	VFB_00101567	14	2	0.0
2025-06-30		VFB_00102140		8	2	1.0
2025-06-30		VFB_00102140	VFB_00101567	8	4	0.0
2025-06-30		VFB_00102146		2	1	4.0
2025-06-30		VFB_00102146	VFB_00101567	2	2	0.0
2025-06-30		VFB_00102148		4	2	4.0
2025-06-30		VFB_00102148	VFB_00101567	4	3	0.0
2025-06-30		VFB_00102164		3	1	0.0
2025-06-30		VFB_00102164	VFB_00101567	3	1	0.0
2025-06-30		VFB_00102170		9	2	62.0
2025-06-30		VFB_00102170	VFB_00101567	9	3	0.0
2025-06-30		VFB_00102201		3	1	0.0
2025-06-30		VFB_00102201	VFB_00101567	2	1	0.0
2025-06-30		VFB_00102212		1	1	0.0
2025-06-30		VFB_00102212	VFB_00101567	1	1	0.0
2025-06-30		VFB_00102274		10	3	17.0
2025-06-30		VFB_00102274	VFB_00101567	10	4	0.0
2025-06-30		VFB_00102275		2	1	0.0
2025-06-30		VFB_00102275	VFB_00101567	2	1	0.0
2025-06-30		VFB_00102282		2	1	0.0
2025-06-30		VFB_00102282	VFB_00101567	2	1	0.0
2025-06-30		VFB_001029m7		1	1	0.0
2025-06-30		VFB_001029m7	VFB_00101567	1	1	0.0
2025-06-30		VFB_001029m9		17	1	11.0
2025-06-30		VFB_001029m9	VFB_00101567	17	4	0.0
2025-06-30		VFB_001029mg		16	1	0.0
2025-06-30		VFB_001029mg	VFB_00017894	3	1	0.0
2025-06-30		VFB_001029mg	VFB_00101567	19	3	0.0
2025-06-30		VFB_00102f3a		1	1	0.0
2025-06-30		VFB_00102f3a	VFB_00050000	1	1	0.0
2025-06-30		VFB_00102f8g		1	1	0.0
2025-06-30		VFB_00102f8g	VFB_00050000	1	1	0.0
2025-06-30		VFB_00102flp		1	1	0.0
2025-06-30		VFB_00102flp	VFB_00050000	1	1	0.0
2025-06-30		VFB_001040km		3	1	12.0
2025-06-30		VFB_001040km	VFB_00101567	3	2	0.0
2025-06-30		VFB_00104116		2	1	2.0
2025-06-30		VFB_00104116	VFB_00200000	2	1	0.0
2025-06-30		VFB_00200000		9	4	1.0
2025-06-30		VFB_00200000	VFB_00200000	17	8	14.0
2025-06-30		VFB_fw000581		3	1	5.0
2025-06-30		VFB_fw000581	VFB_00101567	3	1	0.0
2025-06-30		VFB_fw003616		4	1	7.0
2025-06-30		VFB_fw003616	VFB_00101567	4	1	0.0
2025-06-30		VFB_fw027922		6	1	10.0
2025-06-30		VFB_fw027922	VFB_00101567	1	1	0.0
2025-06-30		VFB_fw030338		2	1	7.0
2025-06-30		VFB_fw030338	VFB_00101567	2	1	0.0
2025-06-30		VFB_fw036561		3	1	7.0
2025-06-30		VFB_fw036561	VFB_00101567	3	3	0.0
2025-06-30		VFB_fw036819		3	1	10.0
2025-06-30		VFB_fw036819	VFB_00101567	3	3	0.0
2025-06-30		VFB_fw043564		6	1	1.0
2025-06-30		VFB_fw043564	VFB_00101567	6	2	0.0
2025-06-30		VFB_jrchjtg9		2	1	3.0
2025-06-30		VFB_jrchjtg9	VFB_00101567	2	1	0.0
2025-06-30		VFB_jrchjtsh		4	1	0.0
2025-06-30		VFB_jrchjtsh	VFB_00101567	4	1	0.0
2025-06-30		VFB_jrchk08a		4	1	87.0
2025-06-30		VFB_jrchk08a	VFB_00017894	3	1	0.0
2025-06-30		VFB_jrchk08a	VFB_00101384	1	1	0.0
2025-06-30		VFB_jrchk106		2	1	3.0
2025-06-30		VFB_jrchk106	VFB_00101567	2	1	0.0
2025-06-30		VFB_jrchk10c		3	1	36.0
2025-06-30		VFB_jrchk10c	VFB_00101567	3	3	0.0
2025-06-30		VFB_jrcv07ui		18	1	42.0
2025-06-30		VFB_jrcv07ui	VFB_00200000	18	3	0.0
2025-06-30		VFB_jrcv08sl		3	1	4.0
2025-06-30		VFB_jrcv08sl	VFB_00200000	3	2	0.0
2025-06-30		VFB_jrcv09yi		2	1	20.0
2025-06-30		VFB_jrcv09yi	VFB_00200000	2	1	0.0
2025-06-30		VFB_jrcv09z3		11	1	46.0
2025-06-30		VFB_jrcv09z3	VFB_00200000	6	2	0.0
2025-06-30		VFB_jrcv0a5a		3	1	7.0
2025-06-30		VFB_jrcv0a5a	VFB_00200000	3	2	0.0
2025-06-30		VFB_jrcv0amu		1	1	0.0
2025-06-30		VFB_jrcv0amu	VFB_00200000	1	1	0.0
2025-06-30		VFB_jrcv0aya		9	1	69.0
2025-06-30		VFB_jrcv0aya	VFB_00200000	10	4	0.0
2025-06-30		VFB_jrcv0b29		11	1	186.0
2025-06-30		VFB_jrcv0b29	VFB_00200000	9	3	0.0
2025-06-30		VFBexp_FBti0004		1	1	0.0
2025-06-30		VFBexp_FBti0004	VFB_00101567	6	1	0.0
2025-06-30		VFBexp_FBtp0018		19	1	0.0
2025-06-30		VFBexp_FBtp0018	VFB_00101567	19	1	0.0
2025-06-30		VFBexp_FBtp0060		1	1	0.0
2025-06-30		VFBexp_FBtp0060	VFB_00101567	1	1	0.0
2025-06-30		VFBexp_FBtp0061		1	1	0.0
2025-06-30		VFBexp_FBtp0061	VFB_00101567	1	1	0.0
2025-06-30		VFBexp_FBtp0099		1	1	0.0
2025-06-30		VFBexp_FBtp0099	VFB_00101567	1	1	0.0
2025-06-30		VFBexp_FBtp0118		1	1	0.0
2025-06-30		VFBexp_FBtp0118	VFB_00101567	1	1	0.0
2025-06-30		VFBexp_FBtp0123		3	2	10.0
2025-06-30		VFBexp_FBtp0123	VFB_00101567	3	2	0.0
2025-06-30		VFBexp_FBtp0124		1	1	0.0
2025-06-30		VFBexp_FBtp0124	VFB_00101567	1	1	0.0
2025-06-30		VFBexp_FBtp0150		1	1	0.0
2025-06-30		VFBexp_FBtp0150	VFB_00101567	6	1	0.0
2025-06-30	v2.virtualflybrain.org	FBbt_00001919	VFB_00050000	0	1	9.0
2025-06-30	v2.virtualflybrain.org	FBbt_00003004	VFB_00101567	13	2	4.0
2025-06-30	v2.virtualflybrain.org	FBbt_00003632	VFB_00101567	1	5	338.0
2025-06-30	v2.virtualflybrain.org	FBbt_00003668	VFB_00101567	0	4	65.0
2025-06-30	v2.virtualflybrain.org	FBbt_00003678	VFB_00101567	0	3	49.0
2025-06-30	v2.virtualflybrain.org	FBbt_00003679	VFB_00101567	0	2	27.0
2025-06-30	v2.virtualflybrain.org	FBbt_00003681	VFB_00101567	0	4	52.0
2025-06-30	v2.virtualflybrain.org	FBbt_00003682	VFB_00101567	0	1	1.0
2025-06-30	v2.virtualflybrain.org	FBbt_00003684	VFB_00101567	0	1	153.0
2025-06-30	v2.virtualflybrain.org	FBbt_00003701	VFB_00101567	1	2	4.0
2025-06-30	v2.virtualflybrain.org	FBbt_00003748	VFB_00101567	1	4	176.0
2025-06-30	v2.virtualflybrain.org	FBbt_00005093	VFB_00050000	2	2	7.0
2025-06-30	v2.virtualflybrain.org	FBbt_00005093	VFB_00101567	0	2	15.0
2025-06-30	v2.virtualflybrain.org	FBbt_00007050	VFB_00101567	0	2	8.0
2025-06-30	v2.virtualflybrain.org	FBbt_00007055	VFB_00101567	0	1	26.0
2025-06-30	v2.virtualflybrain.org	FBbt_00007059	VFB_00101567	4	2	15.0
2025-06-30	v2.virtualflybrain.org	FBbt_00007145	VFB_00101567	0	2	13.0
2025-06-30	v2.virtualflybrain.org	FBbt_00007146	VFB_00101567	0	2	88.0
2025-06-30	v2.virtualflybrain.org	FBbt_00007147	VFB_00101567	0	1	113.0
2025-06-30	v2.virtualflybrain.org	FBbt_00007385	VFB_00101567	0	2	59.0
2025-06-30	v2.virtualflybrain.org	FBbt_00007401	VFB_00101567	0	2	182.0
2025-06-30	v2.virtualflybrain.org	FBbt_00007453	VFB_00101567	0	3	214.0
2025-06-30	v2.virtualflybrain.org	FBbt_00013688	VFB_00101567	0	1	25.0
2025-06-30	v2.virtualflybrain.org	FBbt_00014013	VFB_00017894	0	2	21.0
2025-06-30	v2.virtualflybrain.org	FBbt_00014013	VFB_00101567	3	5	91.0
2025-06-30	v2.virtualflybrain.org	FBbt_00040001	VFB_00101567	0	1	40.0
2025-06-30	v2.virtualflybrain.org	FBbt_00040002	VFB_00101567	0	1	2.0
2025-06-30	v2.virtualflybrain.org	FBbt_00040007	VFB_00101567	0	1	1.0
2025-06-30	v2.virtualflybrain.org	FBbt_00040041	VFB_00101567	0	2	186.0
2025-06-30	v2.virtualflybrain.org	FBbt_00040042	VFB_00101567	0	2	32.0
2025-06-30	v2.virtualflybrain.org	FBbt_00040043	VFB_00101567	0	1	9.0
2025-06-30	v2.virtualflybrain.org	FBbt_00040071	VFB_00101567	0	1	16.0
2025-06-30	v2.virtualflybrain.org	FBbt_00045050	VFB_00101567	0	3	22.0
2025-06-30	v2.virtualflybrain.org	FBbt_00047127	VFB_00017894	0	2	179.0
2025-06-30	v2.virtualflybrain.org	FBbt_00047132	VFB_00017894	0	2	114.0
2025-06-30	v2.virtualflybrain.org	FBbt_00047639		2	1	2.0
2025-06-30	v2.virtualflybrain.org	FBbt_00047639	VFB_00101567	1	1	600.0
2025-06-30	v2.virtualflybrain.org	FBbt_00047642	VFB_00049000	0	2	2.0
2025-06-30	v2.virtualflybrain.org	FBbt_00047887	VFB_00101567	0	4	153.0
2025-06-30	v2.virtualflybrain.org	FBbt_00048111	VFB_00200000	0	1	67.0
2025-06-30	v2.virtualflybrain.org	FBbt_00048427	VFB_00017894	0	1	0.0
2025-06-30	v2.virtualflybrain.org	FBbt_00048714	VFB_00050000	0	2	41.0
2025-06-30	v2.virtualflybrain.org	FBbt_00049827	VFB_00101567	2	1	0.0
2025-06-30	v2.virtualflybrain.org	FBbt_00051880	VFB_00101567	0	1	7.0
2025-06-30	v2.virtualflybrain.org	FBbt_00053080	VFB_00200000	0	3	98.0
2025-06-30	v2.virtualflybrain.org	FBbt_00053384	VFB_00101567	0	2	72.0
2025-06-30	v2.virtualflybrain.org	FBbt_00110107	VFB_00101567	2	1	5.0
2025-06-30	v2.virtualflybrain.org	FBbt_00110145	VFB_00101567	0	2	15.0
2025-06-30	v2.virtualflybrain.org	FBbt_00110167	VFB_00101567	1	1	0.0
2025-06-30	v2.virtualflybrain.org	FBbt_00110176	VFB_00200000	0	2	18.0
2025-06-30	v2.virtualflybrain.org	FBbt_00110636	VFB_00101567	0	2	4.0
2025-06-30	v2.virtualflybrain.org	FBbt_00110657	VFB_00101567	0	1	8.0
2025-06-30	v2.virtualflybrain.org	FBbt_00110985	VFB_00101567	0	1	7.0
2025-06-30	v2.virtualflybrain.org	FBbt_20001744	VFB_00101567	0	1	16.0
2025-06-30	v2.virtualflybrain.org	FBbt_20004588		2	1	0.0
2025-06-30	v2.virtualflybrain.org	FBbt_20004588	VFB_00101567	0	1	2.0
2025-06-30	v2.virtualflybrain.org	FBbt_20009118	VFB_00200000	0	1	51.0
2025-06-30	v2.virtualflybrain.org	FBbt_20009299	VFB_00200000	0	1	16.0
2025-06-30	v2.virtualflybrain.org	FBbt_20009300	VFB_00200000	0	1	5.0
2025-06-30	v2.virtualflybrain.org	FBbt_20009861	VFB_00200000	0	1	12.0
2025-06-30	v2.virtualflybrain.org	FBbt_20010331	VFB_00200000	0	2	510.0
2025-06-30	v2.virtualflybrain.org	FBbt_20010336	VFB_00200000	0	1	18.0
2025-06-30	v2.virtualflybrain.org	FBbt_20010538	VFB_00200000	0	1	0.0
2025-06-30	v2.virtualflybrain.org	FBbt_20011161	VFB_00200000	0	2	107.0
2025-06-30	v2.virtualflybrain.org	FBbt_20011353	VFB_00200000	0	1	65.0
2025-06-30	v2.virtualflybrain.org	VFB_00017894	VFB_00017894	1	4	11.0
2025-06-30	v2.virtualflybrain.org	VFB_00030849	VFB_00017894	1	2	3.0
2025-06-30	v2.virtualflybrain.org	VFB_00030849	VFB_00101567	0	2	4.0
2025-06-30	v2.virtualflybrain.org	VFB_00030866	VFB_00017894	1	4	31.0
2025-06-30	v2.virtualflybrain.org	VFB_00030866	VFB_00101567	0	2	11.0
2025-06-30	v2.virtualflybrain.org	VFB_00030880	VFB_00101567	0	2	111.0
2025-06-30	v2.virtualflybrain.org	VFB_00049000	VFB_00049000	2	3	6.0
2025-06-30	v2.virtualflybrain.org	VFB_00050000	VFB_00050000	8	28	626.0
2025-06-30	v2.virtualflybrain.org	VFB_00065902	VFB_00101567	1	2	6.0
2025-06-30	v2.virtualflybrain.org	VFB_00065902	VFB_00200000	0	2	7.0
2025-06-30	v2.virtualflybrain.org	VFB_001001dq	VFB_00101567	0	2	22.0
2025-06-30	v2.virtualflybrain.org	VFB_00100yc1	VFB_00101567	20	1	0.0
2025-06-30	v2.virtualflybrain.org	VFB_00101179	VFB_00101179	1	2	5.0
2025-06-30	v2.virtualflybrain.org	VFB_00101179	VFB_00101567	0	1	11.0
2025-06-30	v2.virtualflybrain.org	VFB_001011gs	VFB_00050000	0	1	70.0
2025-06-30	v2.virtualflybrain.org	VFB_001012wk	VFB_00101567	0	2	15.0
2025-06-30	v2.virtualflybrain.org	VFB_00101421	VFB_00050000	0	1	14.0
2025-06-30	v2.virtualflybrain.org	VFB_00101422	VFB_00050000	0	2	11.0
2025-06-30	v2.virtualflybrain.org	VFB_00101425	VFB_00050000	0	2	88.0
2025-06-30	v2.virtualflybrain.org	VFB_00101432	VFB_00050000	0	1	5.0
2025-06-30	v2.virtualflybrain.org	VFB_001014q8	VFB_00101567	1	5	88.0
2025-06-30	v2.virtualflybrain.org	VFB_001014qi	VFB_00101567	1	2	1.0
2025-06-30	v2.virtualflybrain.org	VFB_00101567		2	1	3.0
2025-06-30	v2.virtualflybrain.org	VFB_00101567	VFB_00101567	68	72	582.0
2025-06-30	v2.virtualflybrain.org	VFB_0010159s	VFB_00050000	1	2	77.0
2025-06-30	v2.virtualflybrain.org	VFB_00102114	VFB_00101567	0	2	91.0
2025-06-30	v2.virtualflybrain.org	VFB_00102118	VFB_00101567	0	1	23.0
2025-06-30	v2.virtualflybrain.org	VFB_00102123	VFB_00101567	0	1	36.0
2025-06-30	v2.virtualflybrain.org	VFB_00102124	VFB_00101567	0	1	12.0
2025-06-30	v2.virtualflybrain.org	VFB_00102133	VFB_00101567	5	4	149.0
2025-06-30	v2.virtualflybrain.org	VFB_00102135	VFB_00101567	0	2	16.0
2025-06-30	v2.virtualflybrain.org	VFB_00102137	VFB_00101567	0	3	73.0
2025-06-30	v2.virtualflybrain.org	VFB_00102139	VFB_00101567	0	3	6.0
2025-06-30	v2.virtualflybrain.org	VFB_00102140	VFB_00101567	2	5	9.0
2025-06-30	v2.virtualflybrain.org	VFB_00102146	VFB_00101567	0	1	12.0
2025-06-30	v2.virtualflybrain.org	VFB_00102148	VFB_00101567	0	1	39.0
2025-06-30	v2.virtualflybrain.org	VFB_00102164	VFB_00101567	4	1	0.0
2025-06-30	v2.virtualflybrain.org	VFB_00102170	VFB_00101567	0	2	0.0
2025-06-30	v2.virtualflybrain.org	VFB_00102201	VFB_00101567	0	1	708.0
2025-06-30	v2.virtualflybrain.org	VFB_00102212	VFB_00101567	0	2	31.0
2025-06-30	v2.virtualflybrain.org	VFB_00102274	VFB_00101567	5	4	108.0
2025-06-30	v2.virtualflybrain.org	VFB_00102275	VFB_00101567	0	1	3.0
2025-06-30	v2.virtualflybrain.org	VFB_00102282	VFB_00101567	0	1	14.0
2025-06-30	v2.virtualflybrain.org	VFB_001029m7	VFB_00101567	0	2	30.0
2025-06-30	v2.virtualflybrain.org	VFB_001029m9	VFB_00101567	0	6	162.0
2025-06-30	v2.virtualflybrain.org	VFB_001029mg	VFB_00017894	1	2	31.0
2025-06-30	v2.virtualflybrain.org	VFB_001029mg	VFB_00101567	0	5	94.0
2025-06-30	v2.virtualflybrain.org	VFB_00102f3a	VFB_00050000	0	1	17.0
2025-06-30	v2.virtualflybrain.org	VFB_00102f8g	VFB_00050000	0	1	49.0
2025-06-30	v2.virtualflybrain.org	VFB_00102flp	VFB_00050000	0	1	4.0
2025-06-30	v2.virtualflybrain.org	VFB_001040km	VFB_00101567	0	1	138.0
2025-06-30	v2.virtualflybrain.org	VFB_00104116		1	1	1.0
2025-06-30	v2.virtualflybrain.org	VFB_00200000	VFB_00200000	2	11	198.0
2025-06-30	v2.virtualflybrain.org	VFB_fw000581	VFB_00101567	0	1	39.0
2025-06-30	v2.virtualflybrain.org	VFB_fw003328		1	1	3.0
2025-06-30	v2.virtualflybrain.org	VFB_fw003616		2	1	3.0
2025-06-30	v2.virtualflybrain.org	VFB_fw003616	VFB_00101567	0	1	0.0
2025-06-30	v2.virtualflybrain.org	VFB_fw027922	VFB_00101567	0	2	32.0
2025-06-30	v2.virtualflybrain.org	VFB_fw030338		2	1	1.0
2025-06-30	v2.virtualflybrain.org	VFB_fw036553		1	1	0.0
2025-06-30	v2.virtualflybrain.org	VFB_fw036561	VFB_00101567	0	2	45.0
2025-06-30	v2.virtualflybrain.org	VFB_fw036819	VFB_00101567	0	2	9.0
2025-06-30	v2.virtualflybrain.org	VFB_fw043564	VFB_00101567	0	1	26.0
2025-06-30	v2.virtualflybrain.org	VFB_jrchjtg9		1	1	0.0
2025-06-30	v2.virtualflybrain.org	VFB_jrchjtg9	VFB_00101567	0	1	13.0
2025-06-30	v2.virtualflybrain.org	VFB_jrchjtsh	VFB_00101567	2	2	109.0
2025-06-30	v2.virtualflybrain.org	VFB_jrchk08a	VFB_00017894	0	2	8.0
2025-06-30	v2.virtualflybrain.org	VFB_jrchk08a	VFB_00101384	1	3	26.0
2025-06-30	v2.virtualflybrain.org	VFB_jrchk106	VFB_00101567	0	1	10.0
2025-06-30	v2.virtualflybrain.org	VFB_jrchk10c	VFB_00101567	0	2	24.0
2025-06-30	v2.virtualflybrain.org	VFB_jrcv07ui	VFB_00200000	1	1	37.0
2025-06-30	v2.virtualflybrain.org	VFB_jrcv08sl	VFB_00200000	0	2	119.0
2025-06-30	v2.virtualflybrain.org	VFB_jrcv09yi	VFB_00200000	0	1	0.0
2025-06-30	v2.virtualflybrain.org	VFB_jrcv09z3	VFB_00200000	0	2	0.0
2025-06-30	v2.virtualflybrain.org	VFB_jrcv0a5a	VFB_00200000	0	2	21.0
2025-06-30	v2.virtualflybrain.org	VFB_jrcv0amu	VFB_00200000	0	1	11.0
2025-06-30	v2.virtualflybrain.org	VFB_jrcv0aya	VFB_00200000	0	1	0.0
2025-06-30	v2.virtualflybrain.org	VFB_jrcv0b29	VFB_00200000	0	2	38.0
2025-06-30	v2.virtualflybrain.org	VFBexp_FBti0004	VFB_00101567	0	2	84.0
2025-06-30	v2.virtualflybrain.org	VFBexp_FBtp0018	VFB_00101567	19	1	0.0
2025-06-30	v2.virtualflybrain.org	VFBexp_FBtp0060	VFB_00101567	0	1	4.0
2025-06-30	v2.virtualflybrain.org	VFBexp_FBtp0061		1	1	0.0
2025-06-30	v2.virtualflybrain.org	VFBexp_FBtp0061	VFB_00101567	0	1	37.0
2025-06-30	v2.virtualflybrain.org	VFBexp_FBtp0099		1	1	0.0
2025-06-30	v2.virtualflybrain.org	VFBexp_FBtp0099	VFB_00101567	0	1	3.0
2025-06-30	v2.virtualflybrain.org	VFBexp_FBtp0118		1	1	0.0
2025-06-30	v2.virtualflybrain.org	VFBexp_FBtp0118	VFB_00101567	0	1	91.0
2025-06-30	v2.virtualflybrain.org	VFBexp_FBtp0123		2	1	0.0
2025-06-30	v2.virtualflybrain.org	VFBexp_FBtp0123	VFB_00101567	0	3	19.0
2025-06-30	v2.virtualflybrain.org	VFBexp_FBtp0124		1	1	2.0
2025-06-30	v2.virtualflybrain.org	VFBexp_FBtp0124	VFB_00101567	0	1	6.0
2025-06-30	v2.virtualflybrain.org	VFBexp_FBtp0150	VFB_00101567	0	1	19.0
