date	hostName	term	template	screenPageViews	activeUsersSum	userEngagementDuration
2025-03-01		FBbt_00003624		6	2	0.0
2025-03-01		FBbt_00003624	VFB_00101567	7	2	0.0
2025-03-01		FBbt_00003684		1	1	1.0
2025-03-01		FBbt_00003684	VFB_00101567	1	1	0.0
2025-03-01		FBbt_00005801		11	1	0.0
2025-03-01		FBbt_00005801	VFB_00050000	11	1	0.0
2025-03-01		FBbt_00040041		10	2	0.0
2025-03-01		FBbt_00040041	VFB_00017894	5	1	0.0
2025-03-01		FBbt_00040041	VFB_00101567	5	1	0.0
2025-03-01		FBbt_00040042		2	1	0.0
2025-03-01		FBbt_00040042	VFB_00101567	2	1	0.0
2025-03-01		FBbt_00045027		1	1	0.0
2025-03-01		FBbt_00045027	VFB_00101567	1	1	0.0
2025-03-01		FBbt_00045048		1	1	0.0
2025-03-01		FBbt_00045048	VFB_00101567	1	1	0.0
2025-03-01		FBbt_00047352		1	1	0.0
2025-03-01		FBbt_00047352	VFB_00101567	1	1	0.0
2025-03-01		FBbt_00110327		1	1	0.0
2025-03-01		FBbt_00110327	VFB_00101567	1	1	0.0
2025-03-01		VFB_00002575		8	1	0.0
2025-03-01		VFB_00002575	VFB_00101567	8	1	0.0
2025-03-01		VFB_00030852		48	1	0.0
2025-03-01		VFB_00030852	VFB_00030786	48	1	0.0
2025-03-01		VFB_00030867		7	2	2.0
2025-03-01		VFB_00030867	VFB_00101567	7	2	0.0
2025-03-01		VFB_00046536		1	1	0.0
2025-03-01		VFB_00046536	VFB_00101567	1	1	0.0
2025-03-01		VFB_00050000		24	1	0.0
2025-03-01		VFB_00050000	VFB_00050000	24	1	0.0
2025-03-01		VFB_00055119		24	1	0.0
2025-03-01		VFB_00055119	VFB_00049000	24	1	0.0
2025-03-01		VFB_00100ww0		4	1	0.0
2025-03-01		VFB_00100ww0	VFB_00101567	4	2	0.0
2025-03-01		VFB_00100y5z		7	1	0.0
2025-03-01		VFB_00100y5z	VFB_00101567	7	2	0.0
2025-03-01		VFB_001011g9		1	1	0.0
2025-03-01		VFB_001011g9	VFB_00050000	1	1	0.0
2025-03-01		VFB_001012mx		1	1	0.0
2025-03-01		VFB_001012mx	VFB_00101567	1	1	0.0
2025-03-01		VFB_001013bo		12	1	0.0
2025-03-01		VFB_001013bo	VFB_00101567	12	1	0.0
2025-03-01		VFB_001014b2		24	1	0.0
2025-03-01		VFB_001014b2	VFB_00101567	24	1	0.0
2025-03-01		VFB_00101567		90	14	81.0
2025-03-01		VFB_00101567	VFB_00101567	98	22	0.0
2025-03-01		VFB_00102114		3	1	0.0
2025-03-01		VFB_00102114	VFB_00101567	3	1	0.0
2025-03-01		VFB_00102118		2	1	0.0
2025-03-01		VFB_00102118	VFB_00101567	2	1	0.0
2025-03-01		VFB_00102119		2	1	0.0
2025-03-01		VFB_00102119	VFB_00101567	2	1	0.0
2025-03-01		VFB_00102121		2	1	0.0
2025-03-01		VFB_00102121	VFB_00101567	2	1	0.0
2025-03-01		VFB_00102123		2	1	0.0
2025-03-01		VFB_00102123	VFB_00101567	2	1	0.0
2025-03-01		VFB_00102124		2	1	0.0
2025-03-01		VFB_00102124	VFB_00101567	2	1	0.0
2025-03-01		VFB_00102133		2	1	0.0
2025-03-01		VFB_00102133	VFB_00101567	2	1	0.0
2025-03-01		VFB_00102134		1	1	0.0
2025-03-01		VFB_00102134	VFB_00101567	1	1	0.0
2025-03-01		VFB_00102170		24	1	0.0
2025-03-01		VFB_00102170	VFB_00101567	24	1	0.0
2025-03-01		VFB_00102274		24	1	0.0
2025-03-01		VFB_00102274	VFB_00101567	24	1	0.0
2025-03-01		VFB_fw008249		24	1	0.0
2025-03-01		VFB_fw008249	VFB_00101567	24	1	0.0
2025-03-01		VFB_fw034617		24	1	0.0
2025-03-01		VFB_fw034617	VFB_00101567	24	1	0.0
2025-03-01		VFB_fw036930		2	1	4.0
2025-03-01		VFB_fw036930	VFB_00101567	2	1	0.0
2025-03-01		VFB_fw043301		24	1	0.0
2025-03-01		VFB_fw043301	VFB_00101567	24	1	0.0
2025-03-01		VFBexp_FBti0004		2	1	0.0
2025-03-01		VFBexp_FBti0004	VFB_00101567	2	1	0.0
2025-03-01		VFBexp_FBtp0012		3	1	0.0
2025-03-01		VFBexp_FBtp0012	VFB_00101567	3	1	0.0
2025-03-01		VFBexp_FBtp0060		1	1	0.0
2025-03-01		VFBexp_FBtp0060	VFB_00101567	1	1	0.0
2025-03-01		VFBexp_FBtp0099		2	1	0.0
2025-03-01		VFBexp_FBtp0099	VFB_00101567	2	2	0.0
2025-03-01	v2.virtualflybrain.org	FBbt_00002191		1	1	0.0
2025-03-01	v2.virtualflybrain.org	FBbt_00003624	VFB_00101567	0	1	10.0
2025-03-01	v2.virtualflybrain.org	FBbt_00003684	VFB_00101567	0	1	4.0
2025-03-01	v2.virtualflybrain.org	FBbt_00005801	VFB_00050000	11	1	0.0
2025-03-01	v2.virtualflybrain.org	FBbt_00040041	VFB_00017894	5	1	0.0
2025-03-01	v2.virtualflybrain.org	FBbt_00040041	VFB_00101567	5	1	0.0
2025-03-01	v2.virtualflybrain.org	FBbt_00040042	VFB_00101567	5	2	4.0
2025-03-01	v2.virtualflybrain.org	FBbt_00045027		1	1	0.0
2025-03-01	v2.virtualflybrain.org	FBbt_00045027	VFB_00101567	0	1	4.0
2025-03-01	v2.virtualflybrain.org	FBbt_00045048	VFB_00101567	0	2	5.0
2025-03-01	v2.virtualflybrain.org	FBbt_00047352	VFB_00101567	1	1	0.0
2025-03-01	v2.virtualflybrain.org	FBbt_00051800		1	1	0.0
2025-03-01	v2.virtualflybrain.org	FBbt_00052176		1	1	0.0
2025-03-01	v2.virtualflybrain.org	FBbt_00100657		2	2	0.0
2025-03-01	v2.virtualflybrain.org	FBbt_00110327	VFB_00101567	0	2	273.0
2025-03-01	v2.virtualflybrain.org	VFB_00002575	VFB_00101567	8	1	0.0
2025-03-01	v2.virtualflybrain.org	VFB_00017894	VFB_00017894	0	1	0.0
2025-03-01	v2.virtualflybrain.org	VFB_00020363	VFB_00101567	2	1	0.0
2025-03-01	v2.virtualflybrain.org	VFB_00030786	VFB_00030786	0	1	0.0
2025-03-01	v2.virtualflybrain.org	VFB_00030852	VFB_00030786	48	1	0.0
2025-03-01	v2.virtualflybrain.org	VFB_00030867	VFB_00101567	4	3	2.0
2025-03-01	v2.virtualflybrain.org	VFB_00046536	VFB_00101567	0	1	39.0
2025-03-01	v2.virtualflybrain.org	VFB_00049000	VFB_00049000	0	1	0.0
2025-03-01	v2.virtualflybrain.org	VFB_00050000	VFB_00050000	24	4	0.0
2025-03-01	v2.virtualflybrain.org	VFB_00055119	VFB_00049000	24	1	0.0
2025-03-01	v2.virtualflybrain.org	VFB_00100ww0	VFB_00101567	3	2	0.0
2025-03-01	v2.virtualflybrain.org	VFB_00100y5z	VFB_00101567	5	3	0.0
2025-03-01	v2.virtualflybrain.org	VFB_001011g9	VFB_00050000	2	1	0.0
2025-03-01	v2.virtualflybrain.org	VFB_001012mx	VFB_00101567	0	1	99.0
2025-03-01	v2.virtualflybrain.org	VFB_001013bo	VFB_00101567	12	1	0.0
2025-03-01	v2.virtualflybrain.org	VFB_001014b2	VFB_00101567	24	1	0.0
2025-03-01	v2.virtualflybrain.org	VFB_001014qe	VFB_00101567	0	1	0.0
2025-03-01	v2.virtualflybrain.org	VFB_00101567	VFB_00101567	69	40	529.0
2025-03-01	v2.virtualflybrain.org	VFB_00102114	VFB_00101567	1	1	10.0
2025-03-01	v2.virtualflybrain.org	VFB_00102118	VFB_00101567	0	1	27.0
2025-03-01	v2.virtualflybrain.org	VFB_00102119	VFB_00101567	0	1	0.0
2025-03-01	v2.virtualflybrain.org	VFB_00102121	VFB_00101567	0	1	5.0
2025-03-01	v2.virtualflybrain.org	VFB_00102123	VFB_00101567	0	1	1.0
2025-03-01	v2.virtualflybrain.org	VFB_00102124	VFB_00101567	0	1	2.0
2025-03-01	v2.virtualflybrain.org	VFB_00102133	VFB_00101567	0	1	1.0
2025-03-01	v2.virtualflybrain.org	VFB_00102134	VFB_00101567	2	2	0.0
2025-03-01	v2.virtualflybrain.org	VFB_00102170	VFB_00101567	24	1	0.0
2025-03-01	v2.virtualflybrain.org	VFB_00102274	VFB_00101567	24	1	0.0
2025-03-01	v2.virtualflybrain.org	VFB_fw008249	VFB_00101567	24	1	0.0
2025-03-01	v2.virtualflybrain.org	VFB_fw034617	VFB_00101567	24	1	0.0
2025-03-01	v2.virtualflybrain.org	VFB_fw036930		1	1	0.0
2025-03-01	v2.virtualflybrain.org	VFB_fw036930	VFB_00101567	0	1	51.0
2025-03-01	v2.virtualflybrain.org	VFB_fw043301	VFB_00101567	24	1	0.0
2025-03-01	v2.virtualflybrain.org	VFBexp_FBti0004	VFB_00101567	0	2	132.0
2025-03-01	v2.virtualflybrain.org	VFBexp_FBtp0012	VFB_00101567	0	2	103.0
2025-03-01	v2.virtualflybrain.org	VFBexp_FBtp0060	VFB_00101567	0	2	74.0
2025-03-01	v2.virtualflybrain.org	VFBexp_FBtp0099		1	1	2.0
2025-03-01	v2.virtualflybrain.org	VFBexp_FBtp0099	VFB_00101567	0	1	155.0
2025-03-02		FBbt_00001945		1	1	0.0
2025-03-02		FBbt_00001945	VFB_00050000	1	1	0.0
2025-03-02		FBbt_00003668		1	1	0.0
2025-03-02		FBbt_00003668	VFB_00101567	1	1	0.0
2025-03-02		FBbt_00003679		1	1	0.0
2025-03-02		FBbt_00003679	VFB_00101567	1	1	0.0
2025-03-02		FBbt_00003681		1	1	0.0
2025-03-02		FBbt_00003681	VFB_00101567	1	1	0.0
2025-03-02		FBbt_00007059		1	1	0.0
2025-03-02		FBbt_00007059	VFB_00101567	1	1	0.0
2025-03-02		FBbt_00040041		3	2	0.0
2025-03-02		FBbt_00040041	VFB_00017894	2	1	0.0
2025-03-02		FBbt_00040041	VFB_00101567	1	1	0.0
2025-03-02		FBbt_00047352		1	1	0.0
2025-03-02		FBbt_00047352	VFB_00101567	1	1	0.0
2025-03-02		FBbt_00110369		1	1	0.0
2025-03-02		FBbt_00110369	VFB_00101567	1	1	0.0
2025-03-02		VFB_00002575		4	1	0.0
2025-03-02		VFB_00002575	VFB_00101567	4	1	0.0
2025-03-02		VFB_00020099		2	1	1.0
2025-03-02		VFB_00020099	VFB_00101567	2	1	0.0
2025-03-02		VFB_00030852		29	1	0.0
2025-03-02		VFB_00030852	VFB_00030786	29	1	0.0
2025-03-02		VFB_00055119		5	1	0.0
2025-03-02		VFB_00055119	VFB_00049000	5	1	0.0
2025-03-02		VFB_00066067		3	1	0.0
2025-03-02		VFB_00066067	VFB_00101567	3	2	0.0
2025-03-02		VFB_00100y5z		3	1	0.0
2025-03-02		VFB_00100y5z	VFB_00101567	3	1	0.0
2025-03-02		VFB_001011g9		2	1	0.0
2025-03-02		VFB_001011g9	VFB_00050000	2	1	0.0
2025-03-02		VFB_001014b2		5	1	0.0
2025-03-02		VFB_001014b2	VFB_00101567	5	1	0.0
2025-03-02		VFB_00101567		65	12	45.0
2025-03-02		VFB_00101567	VFB_00101567	69	16	0.0
2025-03-02		VFB_00102134		4	1	0.0
2025-03-02		VFB_00102134	VFB_00101567	4	1	0.0
2025-03-02		VFB_00102170		24	1	0.0
2025-03-02		VFB_00102170	VFB_00101567	24	1	0.0
2025-03-02		VFB_00102274		24	1	0.0
2025-03-02		VFB_00102274	VFB_00101567	24	1	0.0
2025-03-02		VFB_fw008249		24	1	0.0
2025-03-02		VFB_fw008249	VFB_00101567	24	1	0.0
2025-03-02		VFB_fw008883		2	1	5.0
2025-03-02		VFB_fw008883	VFB_00101567	2	1	0.0
2025-03-02		VFB_fw014854		2	1	3.0
2025-03-02		VFB_fw014854	VFB_00101567	2	1	0.0
2025-03-02		VFB_fw030853		1	1	0.0
2025-03-02		VFB_fw030853	VFB_00101567	1	1	0.0
2025-03-02		VFB_fw034617		24	1	0.0
2025-03-02		VFB_fw034617	VFB_00101567	24	1	0.0
2025-03-02		VFB_fw041760		2	1	1.0
2025-03-02		VFB_fw041760	VFB_00101567	2	1	0.0
2025-03-02		VFB_fw043301		24	1	0.0
2025-03-02		VFB_fw043301	VFB_00101567	24	1	0.0
2025-03-02		VFB_jrchjsla		2	1	3.0
2025-03-02		VFB_jrchjsla	VFB_00101567	2	1	0.0
2025-03-02		VFB_jrchjslr		2	1	3.0
2025-03-02		VFB_jrchjslr	VFB_00101567	2	1	0.0
2025-03-02		VFB_jrchjsro		2	1	4.0
2025-03-02		VFB_jrchjsro	VFB_00101567	2	1	0.0
2025-03-02		VFB_jrchjssz		2	1	3.0
2025-03-02		VFB_jrchjssz	VFB_00101567	2	1	0.0
2025-03-02		VFB_jrchjt09		4	1	3.0
2025-03-02		VFB_jrchjt09	VFB_00101567	4	1	0.0
2025-03-02		VFB_jrchjtn1		1	1	0.0
2025-03-02		VFB_jrchjtn1	VFB_00101567	1	1	0.0
2025-03-02		VFB_jrchjtpj		1	1	0.0
2025-03-02		VFB_jrchjtpj	VFB_00101567	1	1	0.0
2025-03-02		VFBexp_FBtp0099		7	1	0.0
2025-03-02		VFBexp_FBtp0099	VFB_00101567	7	1	0.0
2025-03-02	v2.virtualflybrain.org	FBbt_00001300		1	1	0.0
2025-03-02	v2.virtualflybrain.org	FBbt_00001945	VFB_00050000	1	1	0.0
2025-03-02	v2.virtualflybrain.org	FBbt_00002842		1	1	0.0
2025-03-02	v2.virtualflybrain.org	FBbt_00003668	VFB_00101567	0	1	17.0
2025-03-02	v2.virtualflybrain.org	FBbt_00003679	VFB_00101567	0	1	13.0
2025-03-02	v2.virtualflybrain.org	FBbt_00003681	VFB_00101567	0	1	24.0
2025-03-02	v2.virtualflybrain.org	FBbt_00003769		1	1	23.0
2025-03-02	v2.virtualflybrain.org	FBbt_00007059	VFB_00101567	0	2	567.0
2025-03-02	v2.virtualflybrain.org	FBbt_00040041	VFB_00017894	3	1	0.0
2025-03-02	v2.virtualflybrain.org	FBbt_00040041	VFB_00101567	1	1	0.0
2025-03-02	v2.virtualflybrain.org	FBbt_00047119		1	1	0.0
2025-03-02	v2.virtualflybrain.org	FBbt_00047352	VFB_00101567	1	1	0.0
2025-03-02	v2.virtualflybrain.org	FBbt_00047971		1	1	9.0
2025-03-02	v2.virtualflybrain.org	FBbt_00049782		1	1	7.0
2025-03-02	v2.virtualflybrain.org	FBbt_00050040		1	1	0.0
2025-03-02	v2.virtualflybrain.org	FBbt_00051734		1	1	0.0
2025-03-02	v2.virtualflybrain.org	FBbt_00067368		2	2	0.0
2025-03-02	v2.virtualflybrain.org	FBbt_00100664		1	1	0.0
2025-03-02	v2.virtualflybrain.org	FBbt_00110167		1	1	0.0
2025-03-02	v2.virtualflybrain.org	FBbt_00110326		1	1	0.0
2025-03-02	v2.virtualflybrain.org	FBbt_00110369	VFB_00101567	0	1	27.0
2025-03-02	v2.virtualflybrain.org	FBbt_00111007		1	1	26.0
2025-03-02	v2.virtualflybrain.org	FBbt_20011315		1	1	0.0
2025-03-02	v2.virtualflybrain.org	VFB_00002575	VFB_00101567	5	1	0.0
2025-03-02	v2.virtualflybrain.org	VFB_00017894	VFB_00017894	0	1	0.0
2025-03-02	v2.virtualflybrain.org	VFB_00020099	VFB_00101567	0	1	2.0
2025-03-02	v2.virtualflybrain.org	VFB_00030786	VFB_00030786	0	1	0.0
2025-03-02	v2.virtualflybrain.org	VFB_00030852	VFB_00030786	30	1	0.0
2025-03-02	v2.virtualflybrain.org	VFB_00030867	VFB_00101567	0	1	0.0
2025-03-02	v2.virtualflybrain.org	VFB_00049000	VFB_00049000	0	1	0.0
2025-03-02	v2.virtualflybrain.org	VFB_00050000	VFB_00050000	0	2	0.0
2025-03-02	v2.virtualflybrain.org	VFB_00055119	VFB_00049000	6	1	0.0
2025-03-02	v2.virtualflybrain.org	VFB_00066067	VFB_00101567	1	2	0.0
2025-03-02	v2.virtualflybrain.org	VFB_00100y5z	VFB_00101567	6	1	0.0
2025-03-02	v2.virtualflybrain.org	VFB_001011g9	VFB_00050000	2	1	0.0
2025-03-02	v2.virtualflybrain.org	VFB_001014b2	VFB_00101567	6	1	0.0
2025-03-02	v2.virtualflybrain.org	VFB_00101567	VFB_00101567	43	33	116.0
2025-03-02	v2.virtualflybrain.org	VFB_00102134	VFB_00101567	3	2	0.0
2025-03-02	v2.virtualflybrain.org	VFB_00102170	VFB_00101567	24	1	0.0
2025-03-02	v2.virtualflybrain.org	VFB_00102274	VFB_00101567	24	1	0.0
2025-03-02	v2.virtualflybrain.org	VFB_fw008249	VFB_00101567	24	1	0.0
2025-03-02	v2.virtualflybrain.org	VFB_fw008883		1	1	2.0
2025-03-02	v2.virtualflybrain.org	VFB_fw008883	VFB_00101567	0	1	3.0
2025-03-02	v2.virtualflybrain.org	VFB_fw014854		2	1	1.0
2025-03-02	v2.virtualflybrain.org	VFB_fw014854	VFB_00101567	0	1	76.0
2025-03-02	v2.virtualflybrain.org	VFB_fw030853	VFB_00101567	1	1	0.0
2025-03-02	v2.virtualflybrain.org	VFB_fw034617	VFB_00101567	24	1	0.0
2025-03-02	v2.virtualflybrain.org	VFB_fw041760		1	1	0.0
2025-03-02	v2.virtualflybrain.org	VFB_fw041760	VFB_00101567	0	1	4.0
2025-03-02	v2.virtualflybrain.org	VFB_fw043301	VFB_00101567	24	1	0.0
2025-03-02	v2.virtualflybrain.org	VFB_jrchjsla		1	1	0.0
2025-03-02	v2.virtualflybrain.org	VFB_jrchjsla	VFB_00101567	0	1	8.0
2025-03-02	v2.virtualflybrain.org	VFB_jrchjslr		1	1	0.0
2025-03-02	v2.virtualflybrain.org	VFB_jrchjslr	VFB_00101567	0	1	13.0
2025-03-02	v2.virtualflybrain.org	VFB_jrchjsro		1	1	0.0
2025-03-02	v2.virtualflybrain.org	VFB_jrchjsro	VFB_00101567	0	1	17.0
2025-03-02	v2.virtualflybrain.org	VFB_jrchjssz		1	1	0.0
2025-03-02	v2.virtualflybrain.org	VFB_jrchjssz	VFB_00101567	0	1	16.0
2025-03-02	v2.virtualflybrain.org	VFB_jrchjt09		2	1	0.0
2025-03-02	v2.virtualflybrain.org	VFB_jrchjt09	VFB_00101567	0	1	29.0
2025-03-02	v2.virtualflybrain.org	VFB_jrchjtn1	VFB_00101567	1	1	0.0
2025-03-02	v2.virtualflybrain.org	VFB_jrchjtpj	VFB_00101567	1	1	0.0
2025-03-02	v2.virtualflybrain.org	VFB_jrchk8dj	VFB_00101567	1	1	0.0
2025-03-02	v2.virtualflybrain.org	VFBexp_FBtp0099		1	1	2.0
2025-03-02	v2.virtualflybrain.org	VFBexp_FBtp0099	VFB_00101567	6	1	0.0
2025-03-03		FBbt_00001945		6	1	0.0
2025-03-03		FBbt_00001945	VFB_00050000	6	1	0.0
2025-03-03		FBbt_00003624		1	1	0.0
2025-03-03		FBbt_00003624	VFB_00101567	1	1	0.0
2025-03-03		FBbt_00003650		1	1	0.0
2025-03-03		FBbt_00003650	VFB_00101567	1	1	0.0
2025-03-03		FBbt_00003679		2	1	0.0
2025-03-03		FBbt_00003679	VFB_00101567	2	1	0.0
2025-03-03		FBbt_00003680		1	1	0.0
2025-03-03		FBbt_00003680	VFB_00101567	1	1	0.0
2025-03-03		FBbt_00003681		2	1	0.0
2025-03-03		FBbt_00003681	VFB_00101567	2	2	0.0
2025-03-03		FBbt_00003748		9	2	0.0
2025-03-03		FBbt_00003748	VFB_00101567	9	4	0.0
2025-03-03		FBbt_00003852		4	1	0.0
2025-03-03		FBbt_00003852	VFB_00101567	5	2	0.0
2025-03-03		FBbt_00004013		3	1	5.0
2025-03-03		FBbt_00004013	VFB_00101567	3	2	0.0
2025-03-03		FBbt_00005097		1	1	0.0
2025-03-03		FBbt_00005097	VFB_00101567	1	1	0.0
2025-03-03		FBbt_00005801		1	1	0.0
2025-03-03		FBbt_00005801	VFB_00101567	1	1	0.0
2025-03-03		FBbt_00007053		2	1	0.0
2025-03-03		FBbt_00007053	VFB_00101567	2	2	0.0
2025-03-03		FBbt_00007401		1	1	0.0
2025-03-03		FBbt_00007401	VFB_00101567	1	1	0.0
2025-03-03		FBbt_00007430		1	1	0.0
2025-03-03		FBbt_00007430	VFB_00101567	1	1	0.0
2025-03-03		FBbt_00007453		1	1	0.0
2025-03-03		FBbt_00007453	VFB_00101567	1	1	0.0
2025-03-03		FBbt_00014013		1	1	0.0
2025-03-03		FBbt_00014013	VFB_00101567	1	1	0.0
2025-03-03		FBbt_00040041		6	4	0.0
2025-03-03		FBbt_00040041	VFB_00017894	2	1	0.0
2025-03-03		FBbt_00040041	VFB_00101567	4	3	0.0
2025-03-03		FBbt_00040042		9	4	0.0
2025-03-03		FBbt_00040042	VFB_00101567	9	4	0.0
2025-03-03		FBbt_00040043		1	1	0.0
2025-03-03		FBbt_00040043	VFB_00101567	1	1	0.0
2025-03-03		FBbt_00040044		3	1	0.0
2025-03-03		FBbt_00040044	VFB_00101567	3	1	0.0
2025-03-03		FBbt_00040049		2	1	0.0
2025-03-03		FBbt_00040049	VFB_00101567	2	2	0.0
2025-03-03		FBbt_00045002		1	1	0.0
2025-03-03		FBbt_00045002	VFB_00101567	1	1	0.0
2025-03-03		FBbt_00045027		2	1	0.0
2025-03-03		FBbt_00045027	VFB_00101567	2	1	0.0
2025-03-03		FBbt_00045046		1	1	0.0
2025-03-03		FBbt_00045046	VFB_00101567	1	1	0.0
2025-03-03		FBbt_00045048		3	2	0.0
2025-03-03		FBbt_00045048	VFB_00101567	3	2	0.0
2025-03-03		FBbt_00047352		2	1	0.0
2025-03-03		FBbt_00047352	VFB_00101567	2	1	0.0
2025-03-03		FBbt_00047603		2	1	0.0
2025-03-03		FBbt_00047603	VFB_00101567	2	2	0.0
2025-03-03		FBbt_00047887		2	2	0.0
2025-03-03		FBbt_00047887	VFB_00101567	2	2	0.0
2025-03-03		FBbt_00052147		1	1	0.0
2025-03-03		FBbt_00052147	VFB_00101567	1	1	0.0
2025-03-03		FBbt_00100234		1	1	0.0
2025-03-03		FBbt_00100234	VFB_00101567	1	1	0.0
2025-03-03		FBbt_00100236		1	1	0.0
2025-03-03		FBbt_00100236	VFB_00101567	1	1	0.0
2025-03-03		FBbt_00110658		1	1	0.0
2025-03-03		FBbt_00110658	VFB_00101567	1	1	0.0
2025-03-03		FBbt_00111015		1	1	0.0
2025-03-03		FBbt_00111015	VFB_00101567	1	1	0.0
2025-03-03		FBbt_00111421		1	1	0.0
2025-03-03		FBbt_00111421	VFB_00101567	1	1	0.0
2025-03-03		FBbt_00111647		4	2	0.0
2025-03-03		FBbt_00111647	VFB_00101567	4	3	0.0
2025-03-03		FBbt_20001063		1	1	0.0
2025-03-03		FBbt_20001063	VFB_00101567	1	1	0.0
2025-03-03		FBbt_20007818		7	1	0.0
2025-03-03		FBbt_20007818	VFB_00101567	4	2	0.0
2025-03-03		FBbt_20007818	VFB_00200000	3	2	0.0
2025-03-03		VFB_00020363		4	1	1.0
2025-03-03		VFB_00020363	VFB_00101567	4	1	0.0
2025-03-03		VFB_00024463		2	1	3.0
2025-03-03		VFB_00024463	VFB_00101567	2	1	0.0
2025-03-03		VFB_00026204		1	1	1.0
2025-03-03		VFB_00026204	VFB_00101567	1	1	0.0
2025-03-03		VFB_00026491		1	1	1.0
2025-03-03		VFB_00026491	VFB_00101567	1	1	0.0
2025-03-03		VFB_00026529		1	1	1.0
2025-03-03		VFB_00026529	VFB_00101567	1	1	0.0
2025-03-03		VFB_00026608		1	1	1.0
2025-03-03		VFB_00026608	VFB_00101567	1	1	0.0
2025-03-03		VFB_00026698		2	1	1.0
2025-03-03		VFB_00026698	VFB_00101567	2	1	0.0
2025-03-03		VFB_00026760		1	1	2.0
2025-03-03		VFB_00026760	VFB_00101567	1	1	0.0
2025-03-03		VFB_00026946		1	1	0.0
2025-03-03		VFB_00026946	VFB_00101567	1	1	0.0
2025-03-03		VFB_00027128		4	1	13.0
2025-03-03		VFB_00027128	VFB_00101567	4	2	0.0
2025-03-03		VFB_00027198		3	1	1.0
2025-03-03		VFB_00027198	VFB_00101567	3	2	0.0
2025-03-03		VFB_00029598		12	1	4.0
2025-03-03		VFB_00029598	VFB_00101567	12	5	0.0
2025-03-03		VFB_00029749		2	1	3.0
2025-03-03		VFB_00029749	VFB_00101567	2	1	0.0
2025-03-03		VFB_00030786		2	1	0.0
2025-03-03		VFB_00030786	VFB_00030786	2	1	0.0
2025-03-03		VFB_00030852		13	1	4.0
2025-03-03		VFB_00030852	VFB_00030786	13	1	0.0
2025-03-03		VFB_00030867		11	2	15.0
2025-03-03		VFB_00030867	VFB_00017894	7	1	0.0
2025-03-03		VFB_00030867	VFB_00101567	4	2	0.0
2025-03-03		VFB_00036945		2	1	1.0
2025-03-03		VFB_00036945	VFB_00101567	2	1	0.0
2025-03-03		VFB_00039314		2	1	1.0
2025-03-03		VFB_00039314	VFB_00101567	2	1	0.0
2025-03-03		VFB_00042913		6	1	6.0
2025-03-03		VFB_00042913	VFB_00101567	6	3	0.0
2025-03-03		VFB_00043326		2	1	1.0
2025-03-03		VFB_00043326	VFB_00101567	2	1	0.0
2025-03-03		VFB_00043476		4	1	4.0
2025-03-03		VFB_00043476	VFB_00101567	4	2	0.0
2025-03-03		VFB_00043976		2	1	1.0
2025-03-03		VFB_00043976	VFB_00101567	2	1	0.0
2025-03-03		VFB_00046973		12	1	4.0
2025-03-03		VFB_00046973	VFB_00101567	12	2	0.0
2025-03-03		VFB_00047781		9	1	1.0
2025-03-03		VFB_00047781	VFB_00101567	9	2	0.0
2025-03-03		VFB_00047941		2	1	1.0
2025-03-03		VFB_00047941	VFB_00101567	2	1	0.0
2025-03-03		VFB_00048464		1	1	3.0
2025-03-03		VFB_00048464	VFB_00101567	1	1	0.0
2025-03-03		VFB_00049000		2	1	1.0
2025-03-03		VFB_00049000	VFB_00049000	2	1	0.0
2025-03-03		VFB_00050000		3	1	0.0
2025-03-03		VFB_00050000	VFB_00050000	5	4	27.0
2025-03-03		VFB_00055119		2	1	4.0
2025-03-03		VFB_00055119	VFB_00049000	2	1	0.0
2025-03-03		VFB_00063656		2	1	10.0
2025-03-03		VFB_00063656	VFB_00101567	2	1	0.0
2025-03-03		VFB_00063941		1	1	1.0
2025-03-03		VFB_00063941	VFB_00101567	1	1	0.0
2025-03-03		VFB_00065158		2	1	1.0
2025-03-03		VFB_00065158	VFB_00101567	2	1	0.0
2025-03-03		VFB_00066067		5	1	0.0
2025-03-03		VFB_00066067	VFB_00101567	5	1	0.0
2025-03-03		VFB_00066609		2	1	2.0
2025-03-03		VFB_00066609	VFB_00101567	2	1	0.0
2025-03-03		VFB_00067106		2	1	1.0
2025-03-03		VFB_00067106	VFB_00101567	2	1	0.0
2025-03-03		VFB_00067130		1	1	0.0
2025-03-03		VFB_00067130	VFB_00101567	1	1	0.0
2025-03-03		VFB_00067563		2	1	1.0
2025-03-03		VFB_00067563	VFB_00101567	2	1	0.0
2025-03-03		VFB_00068306		3	1	4.0
2025-03-03		VFB_00068306	VFB_00101567	3	2	0.0
2025-03-03		VFB_00068336		1	1	0.0
2025-03-03		VFB_00068336	VFB_00101567	1	1	0.0
2025-03-03		VFB_00068859		1	1	1.0
2025-03-03		VFB_00068859	VFB_00101567	1	1	0.0
2025-03-03		VFB_00090001		1	1	1.0
2025-03-03		VFB_00090001	VFB_00101567	1	1	0.0
2025-03-03		VFB_00100000		4	1	32.0
2025-03-03		VFB_00100000	VFB_00100000	5	2	15.0
2025-03-03		VFB_0010023n		2	1	1.0
2025-03-03		VFB_0010023n	VFB_00050000	2	1	0.0
2025-03-03		VFB_0010027b		12	1	0.0
2025-03-03		VFB_0010027b	VFB_00101567	12	4	0.0
2025-03-03		VFB_00100362		1	1	0.0
2025-03-03		VFB_00100362	VFB_00050000	1	1	0.0
2025-03-03		VFB_00100367		2	1	0.0
2025-03-03		VFB_00100367	VFB_00050000	2	1	0.0
2025-03-03		VFB_00100422		2	1	0.0
2025-03-03		VFB_00100422	VFB_00101567	2	1	0.0
2025-03-03		VFB_00100507		2	1	0.0
2025-03-03		VFB_00100507	VFB_00101567	2	1	0.0
2025-03-03		VFB_00100685		2	1	0.0
2025-03-03		VFB_00100685	VFB_00101567	2	1	0.0
2025-03-03		VFB_00100712		3	1	1.0
2025-03-03		VFB_00100712	VFB_00050000	1	1	0.0
2025-03-03		VFB_00100712	VFB_00101567	2	1	0.0
2025-03-03		VFB_00100734		37	1	332.0
2025-03-03		VFB_00100734	VFB_00050000	12	1	0.0
2025-03-03		VFB_00100739		5	1	1.0
2025-03-03		VFB_00100739	VFB_00050000	5	1	0.0
2025-03-03		VFB_00100752		15	1	48.0
2025-03-03		VFB_00100752	VFB_00050000	10	1	0.0
2025-03-03		VFB_00100768		5	1	10.0
2025-03-03		VFB_00100768	VFB_00050000	5	1	0.0
2025-03-03		VFB_00100847		10	1	454.0
2025-03-03		VFB_00100847	VFB_00050000	15	2	0.0
2025-03-03		VFB_00100850		42	1	423.0
2025-03-03		VFB_00100850	VFB_00050000	62	2	0.0
2025-03-03		VFB_00100d2k		5	1	73.0
2025-03-03		VFB_00100d2k	VFB_00050000	3	1	0.0
2025-03-03		VFB_00100d2k	VFB_00200000	1	1	0.0
2025-03-03		VFB_001010hd		2	1	22.0
2025-03-03		VFB_001010hd	VFB_00101567	2	1	0.0
2025-03-03		VFB_001011zp		1	1	0.0
2025-03-03		VFB_001011zp	VFB_00101567	1	1	0.0
2025-03-03		VFB_001012au		3	1	6.0
2025-03-03		VFB_001012au	VFB_00101567	3	2	0.0
2025-03-03		VFB_001012b1		1	1	0.0
2025-03-03		VFB_001012b1	VFB_00101567	1	1	0.0
2025-03-03		VFB_001012b9		4	1	2.0
2025-03-03		VFB_001012b9	VFB_00101567	3	2	0.0
2025-03-03		VFB_001012ba		10	1	9.0
2025-03-03		VFB_001012ba	VFB_00101567	11	4	0.0
2025-03-03		VFB_001012bl		3	1	36.0
2025-03-03		VFB_001012bl	VFB_00101567	3	2	0.0
2025-03-03		VFB_00101382		4	2	14.0
2025-03-03		VFB_00101382	VFB_00101567	4	2	0.0
2025-03-03		VFB_00101383		2	1	0.0
2025-03-03		VFB_00101383	VFB_00101567	2	2	0.0
2025-03-03		VFB_001013bo		3	1	0.0
2025-03-03		VFB_001013bo	VFB_00101567	3	1	0.0
2025-03-03		VFB_001014u7		1	1	18.0
2025-03-03		VFB_001014u7	VFB_00101567	1	1	0.0
2025-03-03		VFB_00101567		158	29	549.0
2025-03-03		VFB_00101567	VFB_00101567	179	44	14.0
2025-03-03		VFB_00101655		5	1	10.0
2025-03-03		VFB_00101655	VFB_00050000	5	1	0.0
2025-03-03		VFB_00101682		15	1	199.0
2025-03-03		VFB_00101682	VFB_00050000	20	1	0.0
2025-03-03		VFB_00101748		5	1	18.0
2025-03-03		VFB_00101748	VFB_00050000	5	1	0.0
2025-03-03		VFB_00101wb8		8	1	13.0
2025-03-03		VFB_00101wb8	VFB_00101567	8	1	0.0
2025-03-03		VFB_00102062		5	1	10.0
2025-03-03		VFB_00102062	VFB_00050000	5	1	0.0
2025-03-03		VFB_00102140		7	2	30.0
2025-03-03		VFB_00102140	VFB_00101567	7	3	0.0
2025-03-03		VFB_00102159		4	1	86.0
2025-03-03		VFB_00102159	VFB_00101567	3	2	0.0
2025-03-03		VFB_00102170		9	1	0.0
2025-03-03		VFB_00102170	VFB_00101567	9	1	0.0
2025-03-03		VFB_00102218		2	1	10.0
2025-03-03		VFB_00102218	VFB_00101567	3	2	0.0
2025-03-03		VFB_00102273		1	1	0.0
2025-03-03		VFB_00102273	VFB_00101567	1	1	0.0
2025-03-03		VFB_00102274		23	1	0.0
2025-03-03		VFB_00102274	VFB_00101567	23	1	0.0
2025-03-03		VFB_00102280		2	1	2.0
2025-03-03		VFB_00102280	VFB_00101567	2	2	0.0
2025-03-03		VFB_00102282		6	1	5.0
2025-03-03		VFB_00102282	VFB_00101567	6	2	0.0
2025-03-03		VFB_00102ekk		1	1	0.0
2025-03-03		VFB_00102ekk	VFB_00050000	1	1	0.0
2025-03-03		VFB_00102eml		3	1	1.0
2025-03-03		VFB_00102eml	VFB_00050000	1	1	0.0
2025-03-03		VFB_00102eml	VFB_00101567	2	1	0.0
2025-03-03		VFB_00102fbb		5	1	1.0
2025-03-03		VFB_00102fbb	VFB_00050000	1	1	0.0
2025-03-03		VFB_00102fbb	VFB_00101567	4	1	0.0
2025-03-03		VFB_00103xkg		2	1	0.0
2025-03-03		VFB_00103xkg	VFB_00101567	2	1	0.0
2025-03-03		VFB_00200000		20	1	49.0
2025-03-03		VFB_00200000	VFB_00200000	26	5	0.0
2025-03-03		VFB_fw004270		9	1	12.0
2025-03-03		VFB_fw004270	VFB_00101567	9	2	0.0
2025-03-03		VFB_fw008249		24	1	0.0
2025-03-03		VFB_fw008249	VFB_00101567	24	1	0.0
2025-03-03		VFB_fw030219		6	1	7.0
2025-03-03		VFB_fw030219	VFB_00101567	6	2	0.0
2025-03-03		VFB_fw030853		1	1	0.0
2025-03-03		VFB_fw030853	VFB_00101567	1	1	0.0
2025-03-03		VFB_fw031660		4	1	6.0
2025-03-03		VFB_fw031660	VFB_00101567	4	1	0.0
2025-03-03		VFB_fw032899		4	1	0.0
2025-03-03		VFB_fw032899	VFB_00101567	4	2	0.0
2025-03-03		VFB_fw034617		18	1	0.0
2025-03-03		VFB_fw034617	VFB_00101567	18	1	0.0
2025-03-03		VFB_fw043301		10	1	0.0
2025-03-03		VFB_fw043301	VFB_00101567	10	1	0.0
2025-03-03		VFB_fw077933		3	1	2.0
2025-03-03		VFB_fw077933	VFB_00101567	1	1	0.0
2025-03-03		VFB_fw077933	VFB_00200000	2	1	0.0
2025-03-03		VFB_jrchjrfy		2	1	3.0
2025-03-03		VFB_jrchjrfy	VFB_00101567	2	1	0.0
2025-03-03		VFB_jrchjspu		2	1	3.0
2025-03-03		VFB_jrchjspu	VFB_00101567	2	1	0.0
2025-03-03		VFB_jrchjszi		3	1	3.0
2025-03-03		VFB_jrchjszi	VFB_00101567	3	1	0.0
2025-03-03		VFB_jrchjt08		2	1	2.0
2025-03-03		VFB_jrchjt08	VFB_00101567	2	1	0.0
2025-03-03		VFB_jrchjt35		4	1	6.0
2025-03-03		VFB_jrchjt35	VFB_00101567	4	1	0.0
2025-03-03		VFB_jrchjtf5		1	1	5.0
2025-03-03		VFB_jrchjtf5	VFB_00101567	1	1	0.0
2025-03-03		VFB_jrchjtn1		3	1	0.0
2025-03-03		VFB_jrchjtn1	VFB_00101567	3	1	0.0
2025-03-03		VFB_jrchjtpj		6	1	0.0
2025-03-03		VFB_jrchjtpj	VFB_00101567	6	1	0.0
2025-03-03		VFB_jrchjuwg		2	1	2.0
2025-03-03		VFB_jrchjuwg	VFB_00101567	2	1	0.0
2025-03-03		VFB_jrchjzmr		1	1	3.0
2025-03-03		VFB_jrchjzmr	VFB_00101567	1	1	0.0
2025-03-03		VFB_jrchk32k		3	1	8.0
2025-03-03		VFB_jrchk32k	VFB_00101567	3	2	0.0
2025-03-03		VFB_jrchk64p		3	1	6.0
2025-03-03		VFB_jrchk64p	VFB_00101567	3	1	0.0
2025-03-03		VFB_jrchk66t		2	1	1.0
2025-03-03		VFB_jrchk66t	VFB_00101567	2	1	0.0
2025-03-03		VFB_jrchk816		2	1	1.0
2025-03-03		VFB_jrchk816	VFB_00101567	2	1	0.0
2025-03-03		VFB_jrcv07yq		4	1	21.0
2025-03-03		VFB_jrcv07yq	VFB_00101567	3	1	0.0
2025-03-03		VFB_jrcv07yq	VFB_00200000	1	1	0.0
2025-03-03		VFB_jrcv0j9h		1	1	0.0
2025-03-03		VFB_jrcv0j9h	VFB_00200000	1	1	0.0
2025-03-03		VFB_jrcv0k81		21	1	18.0
2025-03-03		VFB_jrcv0k81	VFB_00101567	2	2	0.0
2025-03-03		VFB_jrcv0k81	VFB_00200000	14	2	0.0
2025-03-03		VFB_jrcv25ei		3	1	3.0
2025-03-03		VFB_jrcv25ei	VFB_00200000	3	2	0.0
2025-03-03		VFBexp_FBtp0058		3	1	21.0
2025-03-03		VFBexp_FBtp0058	VFB_00050000	1	1	0.0
2025-03-03		VFBexp_FBtp0058	VFB_00200000	3	1	0.0
2025-03-03		VFBexp_FBtp0063		1	1	0.0
2025-03-03		VFBexp_FBtp0063	VFB_00101567	1	1	0.0
2025-03-03		VFBexp_FBtp0081		1	1	0.0
2025-03-03		VFBexp_FBtp0081	VFB_00101567	1	1	0.0
2025-03-03		VFBexp_FBtp0099		9	3	0.0
2025-03-03		VFBexp_FBtp0099	VFB_00101567	9	5	0.0
2025-03-03		VFBexp_FBtp0100		1	1	0.0
2025-03-03		VFBexp_FBtp0100	VFB_00101567	1	1	0.0
2025-03-03		VFBexp_FBtp0101		4	2	0.0
2025-03-03		VFBexp_FBtp0101	VFB_00101567	4	2	0.0
2025-03-03		VFBexp_FBtp0102		2	2	0.0
2025-03-03		VFBexp_FBtp0102	VFB_00101567	2	2	0.0
2025-03-03		VFBexp_FBtp0103		4	3	0.0
2025-03-03		VFBexp_FBtp0103	VFB_00101567	4	4	0.0
2025-03-03		VFBexp_FBtp0104		4	4	0.0
2025-03-03		VFBexp_FBtp0104	VFB_00101567	4	4	0.0
2025-03-03		VFBexp_FBtp0105		3	3	0.0
2025-03-03		VFBexp_FBtp0105	VFB_00101567	3	3	0.0
2025-03-03		VFBexp_FBtp0106		5	3	0.0
2025-03-03		VFBexp_FBtp0106	VFB_00101567	5	3	0.0
2025-03-03		VFBexp_FBtp0107		6	5	0.0
2025-03-03		VFBexp_FBtp0107	VFB_00101567	6	6	0.0
2025-03-03		VFBexp_FBtp0108		8	6	0.0
2025-03-03		VFBexp_FBtp0108	VFB_00101567	8	8	0.0
2025-03-03		VFBexp_FBtp0123		1	1	0.0
2025-03-03		VFBexp_FBtp0123	VFB_00101567	1	1	0.0
2025-03-03		VFBexp_FBtp0124		1	1	0.0
2025-03-03		VFBexp_FBtp0124	VFB_00101567	1	1	0.0
2025-03-03	v2.virtualflybrain.org	FBbt_00001263		1	1	0.0
2025-03-03	v2.virtualflybrain.org	FBbt_00001945	VFB_00050000	7	1	0.0
2025-03-03	v2.virtualflybrain.org	FBbt_00001953		1	1	0.0
2025-03-03	v2.virtualflybrain.org	FBbt_00002696		1	1	0.0
2025-03-03	v2.virtualflybrain.org	FBbt_00002750		2	2	29.0
2025-03-03	v2.virtualflybrain.org	FBbt_00002883		1	1	9.0
2025-03-03	v2.virtualflybrain.org	FBbt_00002931		1	1	0.0
2025-03-03	v2.virtualflybrain.org	FBbt_00003624	VFB_00101567	0	1	29.0
2025-03-03	v2.virtualflybrain.org	FBbt_00003650	VFB_00101567	0	1	13.0
2025-03-03	v2.virtualflybrain.org	FBbt_00003679	VFB_00101567	0	1	3.0
2025-03-03	v2.virtualflybrain.org	FBbt_00003680	VFB_00101567	0	1	5.0
2025-03-03	v2.virtualflybrain.org	FBbt_00003748	VFB_00101567	0	3	313.0
2025-03-03	v2.virtualflybrain.org	FBbt_00003852	VFB_00101567	0	2	34.0
2025-03-03	v2.virtualflybrain.org	FBbt_00004013	VFB_00101567	0	2	41.0
2025-03-03	v2.virtualflybrain.org	FBbt_00005097	VFB_00101567	0	1	17.0
2025-03-03	v2.virtualflybrain.org	FBbt_00005801	VFB_00101567	0	1	14.0
2025-03-03	v2.virtualflybrain.org	FBbt_00007053	VFB_00101567	0	2	25.0
2025-03-03	v2.virtualflybrain.org	FBbt_00007401	VFB_00101567	0	2	44.0
2025-03-03	v2.virtualflybrain.org	FBbt_00007430	VFB_00101567	0	1	10.0
2025-03-03	v2.virtualflybrain.org	FBbt_00007453	VFB_00101567	0	1	53.0
2025-03-03	v2.virtualflybrain.org	FBbt_00014013	VFB_00101567	0	1	11.0
2025-03-03	v2.virtualflybrain.org	FBbt_00040041	VFB_00017894	2	1	0.0
2025-03-03	v2.virtualflybrain.org	FBbt_00040041	VFB_00101567	2	3	168.0
2025-03-03	v2.virtualflybrain.org	FBbt_00040042	VFB_00101567	0	4	28.0
2025-03-03	v2.virtualflybrain.org	FBbt_00040043	VFB_00101567	0	1	15.0
2025-03-03	v2.virtualflybrain.org	FBbt_00040044	VFB_00101567	0	2	121.0
2025-03-03	v2.virtualflybrain.org	FBbt_00040049	VFB_00101567	0	2	61.0
2025-03-03	v2.virtualflybrain.org	FBbt_00045002	VFB_00101567	0	1	26.0
2025-03-03	v2.virtualflybrain.org	FBbt_00045027	VFB_00101567	0	2	73.0
2025-03-03	v2.virtualflybrain.org	FBbt_00045046	VFB_00101567	1	2	5.0
2025-03-03	v2.virtualflybrain.org	FBbt_00045048	VFB_00101567	0	2	18.0
2025-03-03	v2.virtualflybrain.org	FBbt_00047352	VFB_00101567	2	1	0.0
2025-03-03	v2.virtualflybrain.org	FBbt_00047488		1	1	0.0
2025-03-03	v2.virtualflybrain.org	FBbt_00047603	VFB_00101567	0	3	155.0
2025-03-03	v2.virtualflybrain.org	FBbt_00047887	VFB_00101567	2	3	38.0
2025-03-03	v2.virtualflybrain.org	FBbt_00047928		1	1	10.0
2025-03-03	v2.virtualflybrain.org	FBbt_00047939		1	1	11.0
2025-03-03	v2.virtualflybrain.org	FBbt_00047954		1	1	0.0
2025-03-03	v2.virtualflybrain.org	FBbt_00048304		1	1	14.0
2025-03-03	v2.virtualflybrain.org	FBbt_00048471		1	1	0.0
2025-03-03	v2.virtualflybrain.org	FBbt_00049226		1	1	0.0
2025-03-03	v2.virtualflybrain.org	FBbt_00049324		1	1	11.0
2025-03-03	v2.virtualflybrain.org	FBbt_00049807		1	1	7.0
2025-03-03	v2.virtualflybrain.org	FBbt_00049911		1	1	15.0
2025-03-03	v2.virtualflybrain.org	FBbt_00050054		1	1	0.0
2025-03-03	v2.virtualflybrain.org	FBbt_00051364		1	1	0.0
2025-03-03	v2.virtualflybrain.org	FBbt_00051736		1	1	8.0
2025-03-03	v2.virtualflybrain.org	FBbt_00051751		1	1	8.0
2025-03-03	v2.virtualflybrain.org	FBbt_00051841		2	2	0.0
2025-03-03	v2.virtualflybrain.org	FBbt_00052147	VFB_00101567	0	1	112.0
2025-03-03	v2.virtualflybrain.org	FBbt_00052594		2	2	33.0
2025-03-03	v2.virtualflybrain.org	FBbt_00052712		1	1	0.0
2025-03-03	v2.virtualflybrain.org	FBbt_00058046		1	1	0.0
2025-03-03	v2.virtualflybrain.org	FBbt_00100034		1	1	21.0
2025-03-03	v2.virtualflybrain.org	FBbt_00100211		1	1	0.0
2025-03-03	v2.virtualflybrain.org	FBbt_00100234	VFB_00101567	0	1	8.0
2025-03-03	v2.virtualflybrain.org	FBbt_00100236	VFB_00101567	0	1	40.0
2025-03-03	v2.virtualflybrain.org	FBbt_00110085		1	1	0.0
2025-03-03	v2.virtualflybrain.org	FBbt_00110396		1	1	19.0
2025-03-03	v2.virtualflybrain.org	FBbt_00110442		2	2	25.0
2025-03-03	v2.virtualflybrain.org	FBbt_00110468		1	1	19.0
2025-03-03	v2.virtualflybrain.org	FBbt_00110658	VFB_00101567	0	1	17.0
2025-03-03	v2.virtualflybrain.org	FBbt_00111064		1	1	12.0
2025-03-03	v2.virtualflybrain.org	FBbt_00111421	VFB_00101567	0	1	43.0
2025-03-03	v2.virtualflybrain.org	FBbt_00111647	VFB_00101567	1	3	27.0
2025-03-03	v2.virtualflybrain.org	FBbt_20001063	VFB_00101567	0	1	195.0
2025-03-03	v2.virtualflybrain.org	FBbt_20007818	VFB_00101567	3	3	205.0
2025-03-03	v2.virtualflybrain.org	FBbt_20007818	VFB_00200000	1	3	56.0
2025-03-03	v2.virtualflybrain.org	FBbt_20011317		1	1	0.0
2025-03-03	v2.virtualflybrain.org	VFB_00017894	VFB_00017894	0	2	0.0
2025-03-03	v2.virtualflybrain.org	VFB_00020363	VFB_00101567	1	3	0.0
2025-03-03	v2.virtualflybrain.org	VFB_00024463	VFB_00101567	0	1	0.0
2025-03-03	v2.virtualflybrain.org	VFB_00026204	VFB_00101567	0	1	9.0
2025-03-03	v2.virtualflybrain.org	VFB_00026491	VFB_00101567	0	1	9.0
2025-03-03	v2.virtualflybrain.org	VFB_00026529	VFB_00101567	0	1	8.0
2025-03-03	v2.virtualflybrain.org	VFB_00026608	VFB_00101567	0	1	25.0
2025-03-03	v2.virtualflybrain.org	VFB_00026698	VFB_00101567	0	1	0.0
2025-03-03	v2.virtualflybrain.org	VFB_00026760	VFB_00101567	0	1	11.0
2025-03-03	v2.virtualflybrain.org	VFB_00026946	VFB_00101567	0	1	16.0
2025-03-03	v2.virtualflybrain.org	VFB_00027128	VFB_00101567	0	2	0.0
2025-03-03	v2.virtualflybrain.org	VFB_00027198	VFB_00101567	2	1	0.0
2025-03-03	v2.virtualflybrain.org	VFB_00029598	VFB_00101567	0	3	0.0
2025-03-03	v2.virtualflybrain.org	VFB_00029749	VFB_00101567	0	1	0.0
2025-03-03	v2.virtualflybrain.org	VFB_00030786	VFB_00030786	1	1	1.0
2025-03-03	v2.virtualflybrain.org	VFB_00030852	VFB_00030786	12	4	68.0
2025-03-03	v2.virtualflybrain.org	VFB_00030867	VFB_00017894	7	3	0.0
2025-03-03	v2.virtualflybrain.org	VFB_00030867	VFB_00101567	2	2	1.0
2025-03-03	v2.virtualflybrain.org	VFB_00036945	VFB_00101567	0	1	0.0
2025-03-03	v2.virtualflybrain.org	VFB_00039314	VFB_00101567	0	1	0.0
2025-03-03	v2.virtualflybrain.org	VFB_00042913	VFB_00101567	2	3	0.0
2025-03-03	v2.virtualflybrain.org	VFB_00043326	VFB_00101567	0	1	0.0
2025-03-03	v2.virtualflybrain.org	VFB_00043476	VFB_00101567	0	2	0.0
2025-03-03	v2.virtualflybrain.org	VFB_00043976	VFB_00101567	0	1	0.0
2025-03-03	v2.virtualflybrain.org	VFB_00046973	VFB_00101567	0	1	0.0
2025-03-03	v2.virtualflybrain.org	VFB_00047781	VFB_00101567	7	2	7.0
2025-03-03	v2.virtualflybrain.org	VFB_00047941	VFB_00101567	0	1	0.0
2025-03-03	v2.virtualflybrain.org	VFB_00048464	VFB_00101567	0	1	13.0
2025-03-03	v2.virtualflybrain.org	VFB_00049000	VFB_00049000	1	1	2.0
2025-03-03	v2.virtualflybrain.org	VFB_00050000	VFB_00050000	2	8	17.0
2025-03-03	v2.virtualflybrain.org	VFB_00050274	VFB_00050000	0	1	51.0
2025-03-03	v2.virtualflybrain.org	VFB_00055119	VFB_00049000	0	2	2.0
2025-03-03	v2.virtualflybrain.org	VFB_00063656	VFB_00101567	0	1	0.0
2025-03-03	v2.virtualflybrain.org	VFB_00063941	VFB_00101567	0	1	9.0
2025-03-03	v2.virtualflybrain.org	VFB_00065158	VFB_00101567	0	1	0.0
2025-03-03	v2.virtualflybrain.org	VFB_00066067	VFB_00101567	5	1	0.0
2025-03-03	v2.virtualflybrain.org	VFB_00066609	VFB_00101567	0	1	0.0
2025-03-03	v2.virtualflybrain.org	VFB_00067106	VFB_00101567	0	1	0.0
2025-03-03	v2.virtualflybrain.org	VFB_00067130	VFB_00101567	0	1	9.0
2025-03-03	v2.virtualflybrain.org	VFB_00067563	VFB_00101567	0	1	0.0
2025-03-03	v2.virtualflybrain.org	VFB_00068306	VFB_00101567	0	2	16.0
2025-03-03	v2.virtualflybrain.org	VFB_00068336	VFB_00101567	0	1	15.0
2025-03-03	v2.virtualflybrain.org	VFB_00068859	VFB_00101567	0	1	10.0
2025-03-03	v2.virtualflybrain.org	VFB_00090001	VFB_00101567	0	1	11.0
2025-03-03	v2.virtualflybrain.org	VFB_00100000	VFB_00100000	2	4	1.0
2025-03-03	v2.virtualflybrain.org	VFB_0010023n	VFB_00050000	0	2	21.0
2025-03-03	v2.virtualflybrain.org	VFB_0010027b	VFB_00101567	2	6	404.0
2025-03-03	v2.virtualflybrain.org	VFB_00100362	VFB_00050000	1	1	0.0
2025-03-03	v2.virtualflybrain.org	VFB_00100367	VFB_00050000	2	1	9.0
2025-03-03	v2.virtualflybrain.org	VFB_00100422	VFB_00101567	0	2	381.0
2025-03-03	v2.virtualflybrain.org	VFB_00100507	VFB_00101567	0	2	127.0
2025-03-03	v2.virtualflybrain.org	VFB_00100685	VFB_00101567	0	2	202.0
2025-03-03	v2.virtualflybrain.org	VFB_00100712	VFB_00050000	1	2	1.0
2025-03-03	v2.virtualflybrain.org	VFB_00100712	VFB_00101567	0	2	6.0
2025-03-03	v2.virtualflybrain.org	VFB_00100850	VFB_00050000	0	1	0.0
2025-03-03	v2.virtualflybrain.org	VFB_00100d2k	VFB_00050000	0	2	4.0
2025-03-03	v2.virtualflybrain.org	VFB_00100d2k	VFB_00200000	1	3	3.0
2025-03-03	v2.virtualflybrain.org	VFB_00100wl5	VFB_00101567	0	1	11.0
2025-03-03	v2.virtualflybrain.org	VFB_001010hd	VFB_00101567	0	1	28.0
2025-03-03	v2.virtualflybrain.org	VFB_001011g9	VFB_00050000	1	1	0.0
2025-03-03	v2.virtualflybrain.org	VFB_001011zp	VFB_00101567	0	1	30.0
2025-03-03	v2.virtualflybrain.org	VFB_001012au	VFB_00101567	0	1	15.0
2025-03-03	v2.virtualflybrain.org	VFB_001012b1	VFB_00101567	0	1	43.0
2025-03-03	v2.virtualflybrain.org	VFB_001012b9	VFB_00101567	0	1	13.0
2025-03-03	v2.virtualflybrain.org	VFB_001012ba	VFB_00101567	0	2	178.0
2025-03-03	v2.virtualflybrain.org	VFB_001012bl	VFB_00101567	1	1	14.0
2025-03-03	v2.virtualflybrain.org	VFB_00101382	VFB_00101567	0	3	21.0
2025-03-03	v2.virtualflybrain.org	VFB_00101383	VFB_00101567	0	2	275.0
2025-03-03	v2.virtualflybrain.org	VFB_001013bo	VFB_00101567	3	1	0.0
2025-03-03	v2.virtualflybrain.org	VFB_001014u7	VFB_00101567	0	1	0.0
2025-03-03	v2.virtualflybrain.org	VFB_00101567		1	1	0.0
2025-03-03	v2.virtualflybrain.org	VFB_00101567	VFB_00101567	51	83	466.0
2025-03-03	v2.virtualflybrain.org	VFB_00101wb8	VFB_00101567	0	1	33.0
2025-03-03	v2.virtualflybrain.org	VFB_00102124	VFB_00101567	0	1	23.0
2025-03-03	v2.virtualflybrain.org	VFB_00102140	VFB_00101567	1	3	317.0
2025-03-03	v2.virtualflybrain.org	VFB_00102159	VFB_00101567	0	1	130.0
2025-03-03	v2.virtualflybrain.org	VFB_00102170	VFB_00101567	9	1	18.0
2025-03-03	v2.virtualflybrain.org	VFB_00102218	VFB_00101567	0	1	89.0
2025-03-03	v2.virtualflybrain.org	VFB_00102273	VFB_00101567	1	1	2.0
2025-03-03	v2.virtualflybrain.org	VFB_00102274	VFB_00101567	23	1	10.0
2025-03-03	v2.virtualflybrain.org	VFB_00102280	VFB_00101567	0	1	0.0
2025-03-03	v2.virtualflybrain.org	VFB_00102282	VFB_00101567	2	1	5.0
2025-03-03	v2.virtualflybrain.org	VFB_00102ekk	VFB_00050000	1	1	6.0
2025-03-03	v2.virtualflybrain.org	VFB_00102eml	VFB_00050000	1	3	18.0
2025-03-03	v2.virtualflybrain.org	VFB_00102eml	VFB_00101567	0	2	5.0
2025-03-03	v2.virtualflybrain.org	VFB_00102fbb	VFB_00050000	1	3	3.0
2025-03-03	v2.virtualflybrain.org	VFB_00102fbb	VFB_00101567	0	2	6.0
2025-03-03	v2.virtualflybrain.org	VFB_00103xkg	VFB_00101567	0	1	11.0
2025-03-03	v2.virtualflybrain.org	VFB_00200000	VFB_00200000	5	9	108.0
2025-03-03	v2.virtualflybrain.org	VFB_fw004270	VFB_00101567	7	2	18.0
2025-03-03	v2.virtualflybrain.org	VFB_fw008249	VFB_00101567	24	1	3.0
2025-03-03	v2.virtualflybrain.org	VFB_fw030219		1	1	2.0
2025-03-03	v2.virtualflybrain.org	VFB_fw030219	VFB_00101567	0	1	55.0
2025-03-03	v2.virtualflybrain.org	VFB_fw030853	VFB_00101567	1	1	0.0
2025-03-03	v2.virtualflybrain.org	VFB_fw031660	VFB_00101567	0	2	13.0
2025-03-03	v2.virtualflybrain.org	VFB_fw032899	VFB_00101567	2	3	0.0
2025-03-03	v2.virtualflybrain.org	VFB_fw034617	VFB_00101567	18	1	3.0
2025-03-03	v2.virtualflybrain.org	VFB_fw036234		1	1	0.0
2025-03-03	v2.virtualflybrain.org	VFB_fw043301	VFB_00101567	10	1	5.0
2025-03-03	v2.virtualflybrain.org	VFB_fw077933	VFB_00101567	1	2	0.0
2025-03-03	v2.virtualflybrain.org	VFB_fw077933	VFB_00200000	0	2	54.0
2025-03-03	v2.virtualflybrain.org	VFB_jrchjrfy		1	1	0.0
2025-03-03	v2.virtualflybrain.org	VFB_jrchjrfy	VFB_00101567	0	1	30.0
2025-03-03	v2.virtualflybrain.org	VFB_jrchjspu		1	1	0.0
2025-03-03	v2.virtualflybrain.org	VFB_jrchjspu	VFB_00101567	0	1	16.0
2025-03-03	v2.virtualflybrain.org	VFB_jrchjszi		1	1	0.0
2025-03-03	v2.virtualflybrain.org	VFB_jrchjszi	VFB_00101567	1	1	0.0
2025-03-03	v2.virtualflybrain.org	VFB_jrchjt08		1	1	0.0
2025-03-03	v2.virtualflybrain.org	VFB_jrchjt08	VFB_00101567	0	1	7.0
2025-03-03	v2.virtualflybrain.org	VFB_jrchjt35		2	1	0.0
2025-03-03	v2.virtualflybrain.org	VFB_jrchjt35	VFB_00101567	0	1	85.0
2025-03-03	v2.virtualflybrain.org	VFB_jrchjtf5	VFB_00101567	0	1	25.0
2025-03-03	v2.virtualflybrain.org	VFB_jrchjtn1	VFB_00101567	4	1	10.0
2025-03-03	v2.virtualflybrain.org	VFB_jrchjtpj	VFB_00101567	6	1	0.0
2025-03-03	v2.virtualflybrain.org	VFB_jrchjuwg		1	1	0.0
2025-03-03	v2.virtualflybrain.org	VFB_jrchjuwg	VFB_00101567	0	1	14.0
2025-03-03	v2.virtualflybrain.org	VFB_jrchjzmr	VFB_00101567	1	1	12.0
2025-03-03	v2.virtualflybrain.org	VFB_jrchk32k	VFB_00101567	2	1	0.0
2025-03-03	v2.virtualflybrain.org	VFB_jrchk64p		1	1	1.0
2025-03-03	v2.virtualflybrain.org	VFB_jrchk64p	VFB_00101567	1	1	214.0
2025-03-03	v2.virtualflybrain.org	VFB_jrchk66t	VFB_00101567	0	1	13.0
2025-03-03	v2.virtualflybrain.org	VFB_jrchk816		1	1	0.0
2025-03-03	v2.virtualflybrain.org	VFB_jrchk816	VFB_00101567	0	1	3.0
2025-03-03	v2.virtualflybrain.org	VFB_jrcv07yq	VFB_00101567	0	2	3.0
2025-03-03	v2.virtualflybrain.org	VFB_jrcv07yq	VFB_00200000	1	3	9.0
2025-03-03	v2.virtualflybrain.org	VFB_jrcv0j9h	VFB_00200000	0	1	10.0
2025-03-03	v2.virtualflybrain.org	VFB_jrcv0k81		1	1	5.0
2025-03-03	v2.virtualflybrain.org	VFB_jrcv0k81	VFB_00101567	0	1	38.0
2025-03-03	v2.virtualflybrain.org	VFB_jrcv0k81	VFB_00200000	2	6	94.0
2025-03-03	v2.virtualflybrain.org	VFB_jrcv25ei	VFB_00200000	0	2	104.0
2025-03-03	v2.virtualflybrain.org	VFBexp_FBtp0058	VFB_00050000	0	1	22.0
2025-03-03	v2.virtualflybrain.org	VFBexp_FBtp0058	VFB_00200000	0	2	17.0
2025-03-03	v2.virtualflybrain.org	VFBexp_FBtp0063	VFB_00101567	0	1	7.0
2025-03-03	v2.virtualflybrain.org	VFBexp_FBtp0081	VFB_00101567	0	1	28.0
2025-03-03	v2.virtualflybrain.org	VFBexp_FBtp0099	VFB_00101567	5	4	50.0
2025-03-03	v2.virtualflybrain.org	VFBexp_FBtp0100	VFB_00101567	0	1	22.0
2025-03-03	v2.virtualflybrain.org	VFBexp_FBtp0101	VFB_00101567	0	3	66.0
2025-03-03	v2.virtualflybrain.org	VFBexp_FBtp0102	VFB_00101567	0	2	14.0
2025-03-03	v2.virtualflybrain.org	VFBexp_FBtp0103	VFB_00101567	1	3	36.0
2025-03-03	v2.virtualflybrain.org	VFBexp_FBtp0104	VFB_00101567	0	2	33.0
2025-03-03	v2.virtualflybrain.org	VFBexp_FBtp0105	VFB_00101567	0	2	25.0
2025-03-03	v2.virtualflybrain.org	VFBexp_FBtp0106	VFB_00101567	0	3	43.0
2025-03-03	v2.virtualflybrain.org	VFBexp_FBtp0107	VFB_00101567	0	4	78.0
2025-03-03	v2.virtualflybrain.org	VFBexp_FBtp0108	VFB_00101567	0	8	166.0
2025-03-03	v2.virtualflybrain.org	VFBexp_FBtp0123	VFB_00101567	1	1	0.0
2025-03-03	v2.virtualflybrain.org	VFBexp_FBtp0124		1	1	0.0
2025-03-03	v2.virtualflybrain.org	VFBexp_FBtp0124	VFB_00101567	0	1	6.0
2025-03-03	v2.virtualflybrain.org	VFBu_a9i4ba01		1	1	3.0
2025-03-03	v2.virtualflybrain.org	VFBu_bwl568on		1	1	5.0
2025-03-03	v2.virtualflybrain.org	VFBu_tovidihy		1	1	8.0
2025-03-03	v2.virtualflybrain.org	VFBu_vq787030		2	1	17.0
2025-03-04		FBbt_00001945		4	1	0.0
2025-03-04		FBbt_00001945	VFB_00050000	4	1	0.0
2025-03-04		FBbt_00003624		9	6	0.0
2025-03-04		FBbt_00003624	VFB_00101567	10	6	0.0
2025-03-04		FBbt_00003668		2	1	0.0
2025-03-04		FBbt_00003668	VFB_00101567	2	1	0.0
2025-03-04		FBbt_00003678		12	5	0.0
2025-03-04		FBbt_00003678	VFB_00017894	1	1	0.0
2025-03-04		FBbt_00003678	VFB_00101567	11	6	0.0
2025-03-04		FBbt_00003679		10	2	0.0
2025-03-04		FBbt_00003679	VFB_00101567	10	3	0.0
2025-03-04		FBbt_00003680		4	1	0.0
2025-03-04		FBbt_00003680	VFB_00101567	4	2	0.0
2025-03-04		FBbt_00003681		7	5	0.0
2025-03-04		FBbt_00003681	VFB_00101567	7	6	0.0
2025-03-04		FBbt_00003684		13	3	0.0
2025-03-04		FBbt_00003684	VFB_00101567	13	4	0.0
2025-03-04		FBbt_00003748		21	7	68.0
2025-03-04		FBbt_00003748	VFB_00017894	1	1	0.0
2025-03-04		FBbt_00003748	VFB_00101567	22	11	0.0
2025-03-04		FBbt_00003852		1	1	0.0
2025-03-04		FBbt_00003852	VFB_00101567	1	1	0.0
2025-03-04		FBbt_00003885		1	1	0.0
2025-03-04		FBbt_00003885	VFB_00101567	1	1	0.0
2025-03-04		FBbt_00005180		3	1	0.0
2025-03-04		FBbt_00005180	VFB_00101567	3	2	0.0
2025-03-04		FBbt_00007001		1	1	0.0
2025-03-04		FBbt_00007001	VFB_00101567	1	1	0.0
2025-03-04		FBbt_00007050		7	3	0.0
2025-03-04		FBbt_00007050	VFB_00101567	7	3	0.0
2025-03-04		FBbt_00007053		6	1	0.0
2025-03-04		FBbt_00007053	VFB_00101567	6	1	0.0
2025-03-04		FBbt_00007054		4	2	0.0
2025-03-04		FBbt_00007054	VFB_00101567	5	3	0.0
2025-03-04		FBbt_00007055		8	3	0.0
2025-03-04		FBbt_00007055	VFB_00101567	8	4	0.0
2025-03-04		FBbt_00007059		2	1	0.0
2025-03-04		FBbt_00007059	VFB_00101567	2	1	0.0
2025-03-04		FBbt_00007146		2	1	0.0
2025-03-04		FBbt_00007146	VFB_00017894	2	1	0.0
2025-03-04		FBbt_00007147		2	1	0.0
2025-03-04		FBbt_00007147	VFB_00101567	2	1	0.0
2025-03-04		FBbt_00007401		2	2	0.0
2025-03-04		FBbt_00007401	VFB_00017894	1	1	0.0
2025-03-04		FBbt_00007401	VFB_00101567	1	1	0.0
2025-03-04		FBbt_00013688		1	1	0.0
2025-03-04		FBbt_00013688	VFB_00101567	1	1	0.0
2025-03-04		FBbt_00013691		1	1	0.0
2025-03-04		FBbt_00013691	VFB_00101567	1	1	0.0
2025-03-04		FBbt_00013695		2	1	0.0
2025-03-04		FBbt_00013695	VFB_00101567	4	2	0.0
2025-03-04		FBbt_00014013		6	4	0.0
2025-03-04		FBbt_00014013	VFB_00017894	2	1	0.0
2025-03-04		FBbt_00014013	VFB_00101567	10	4	0.0
2025-03-04		FBbt_00040001		1	1	0.0
2025-03-04		FBbt_00040001	VFB_00017894	1	1	0.0
2025-03-04		FBbt_00040002		2	1	0.0
2025-03-04		FBbt_00040002	VFB_00101567	2	1	0.0
2025-03-04		FBbt_00040037		2	1	0.0
2025-03-04		FBbt_00040037	VFB_00101567	2	1	0.0
2025-03-04		FBbt_00040040		3	2	0.0
2025-03-04		FBbt_00040040	VFB_00017894	2	1	0.0
2025-03-04		FBbt_00040040	VFB_00101567	1	1	0.0
2025-03-04		FBbt_00040041		13	7	0.0
2025-03-04		FBbt_00040041	VFB_00017894	4	2	0.0
2025-03-04		FBbt_00040041	VFB_00101567	9	5	0.0
2025-03-04		FBbt_00040042		6	3	0.0
2025-03-04		FBbt_00040042	VFB_00017894	1	1	0.0
2025-03-04		FBbt_00040042	VFB_00101567	5	3	0.0
2025-03-04		FBbt_00040043		7	3	0.0
2025-03-04		FBbt_00040043	VFB_00101567	7	5	0.0
2025-03-04		FBbt_00040044		1	1	0.0
2025-03-04		FBbt_00040044	VFB_00101567	1	1	0.0
2025-03-04		FBbt_00040048		1	1	0.0
2025-03-04		FBbt_00040048	VFB_00101567	1	1	0.0
2025-03-04		FBbt_00040049		3	2	0.0
2025-03-04		FBbt_00040049	VFB_00101567	3	2	0.0
2025-03-04		FBbt_00040050		17	2	0.0
2025-03-04		FBbt_00040050	VFB_00101567	17	2	0.0
2025-03-04		FBbt_00040051		1	1	0.0
2025-03-04		FBbt_00040051	VFB_00101567	1	1	0.0
2025-03-04		FBbt_00045027		4	2	0.0
2025-03-04		FBbt_00045027	VFB_00101567	4	2	0.0
2025-03-04		FBbt_00045030		4	2	0.0
2025-03-04		FBbt_00045030	VFB_00017894	2	1	0.0
2025-03-04		FBbt_00045030	VFB_00101567	2	1	0.0
2025-03-04		FBbt_00045032		3	2	0.0
2025-03-04		FBbt_00045032	VFB_00101567	3	3	0.0
2025-03-04		FBbt_00045037		1	1	0.0
2025-03-04		FBbt_00045037	VFB_00101567	1	1	0.0
2025-03-04		FBbt_00045039		1	1	0.0
2025-03-04		FBbt_00045039	VFB_00101567	1	1	0.0
2025-03-04		FBbt_00045040		1	1	0.0
2025-03-04		FBbt_00045040	VFB_00101567	1	1	0.0
2025-03-04		FBbt_00045046		2	2	0.0
2025-03-04		FBbt_00045046	VFB_00101567	2	2	0.0
2025-03-04		FBbt_00045047		4	2	0.0
2025-03-04		FBbt_00045047	VFB_00017894	2	1	0.0
2025-03-04		FBbt_00045047	VFB_00101567	2	1	0.0
2025-03-04		FBbt_00045048		8	6	0.0
2025-03-04		FBbt_00045048	VFB_00017894	1	1	0.0
2025-03-04		FBbt_00045048	VFB_00101567	7	6	0.0
2025-03-04		FBbt_00045050		3	3	0.0
2025-03-04		FBbt_00045050	VFB_00101567	3	3	0.0
2025-03-04		FBbt_00045051		4	1	0.0
2025-03-04		FBbt_00045051	VFB_00101567	4	1	0.0
2025-03-04		FBbt_00047119		1	1	0.0
2025-03-04		FBbt_00047119	VFB_00049000	1	1	0.0
2025-03-04		FBbt_00047887		15	5	0.0
2025-03-04		FBbt_00047887	VFB_00101567	15	6	0.0
2025-03-04		FBbt_00047927		1	1	0.0
2025-03-04		FBbt_00047927	VFB_00017894	1	1	0.0
2025-03-04		FBbt_00049841		1	1	0.0
2025-03-04		FBbt_00049841	VFB_00101567	1	1	0.0
2025-03-04		FBbt_00051068		2	1	0.0
2025-03-04		FBbt_00051068	VFB_00101567	2	1	0.0
2025-03-04		FBbt_00053170		6	1	0.0
2025-03-04		FBbt_00053170	VFB_00101567	6	1	0.0
2025-03-04		FBbt_00058156		2	1	89.0
2025-03-04		FBbt_00058156	VFB_00101567	2	1	0.0
2025-03-04		FBbt_00058207		1	1	0.0
2025-03-04		FBbt_00058207	VFB_00101567	1	1	0.0
2025-03-04		FBbt_00058208		4	1	11.0
2025-03-04		FBbt_00058208	VFB_00101567	4	1	0.0
2025-03-04		FBbt_00100282		1	1	0.0
2025-03-04		FBbt_00100282	VFB_00101567	1	1	0.0
2025-03-04		FBbt_00100291		2	1	6.0
2025-03-04		FBbt_00100291	VFB_00101567	1	1	0.0
2025-03-04		FBbt_00110107		1	1	0.0
2025-03-04		FBbt_00110107	VFB_00101567	1	1	0.0
2025-03-04		FBbt_00110138		1	1	0.0
2025-03-04		FBbt_00110138	VFB_00101567	1	1	0.0
2025-03-04		FBbt_00110636		9	3	0.0
2025-03-04		FBbt_00110636	VFB_00101567	9	3	0.0
2025-03-04		FBbt_00110638		1	1	0.0
2025-03-04		FBbt_00110638	VFB_00101567	1	1	0.0
2025-03-04		FBbt_00110639		1	1	0.0
2025-03-04		FBbt_00110639	VFB_00101567	1	1	0.0
2025-03-04		FBbt_00110657		1	1	0.0
2025-03-04		FBbt_00110657	VFB_00101567	1	1	0.0
2025-03-04		FBbt_00110658		1	1	0.0
2025-03-04		FBbt_00110658	VFB_00101567	1	1	0.0
2025-03-04		FBbt_00111647		1	1	0.0
2025-03-04		FBbt_00111647	VFB_00101567	1	1	0.0
2025-03-04		FBbt_20001063		3	1	0.0
2025-03-04		FBbt_20001063	VFB_00101567	3	1	0.0
2025-03-04		FBbt_20007671		2	1	0.0
2025-03-04		FBbt_20007671	VFB_00101567	2	1	0.0
2025-03-04		VFB_00017894		1	1	1.0
2025-03-04		VFB_00017894	VFB_00017894	1	1	0.0
2025-03-04		VFB_00020363		8	1	0.0
2025-03-04		VFB_00020363	VFB_00101567	8	1	0.0
2025-03-04		VFB_00022145		2	1	7.0
2025-03-04		VFB_00022145	VFB_00101567	2	1	0.0
2025-03-04		VFB_00025859		1	1	1.0
2025-03-04		VFB_00025859	VFB_00101567	1	1	0.0
2025-03-04		VFB_00026896		1	1	1.0
2025-03-04		VFB_00026896	VFB_00101567	1	1	0.0
2025-03-04		VFB_00030600		2	1	4.0
2025-03-04		VFB_00030600	VFB_00017894	2	1	0.0
2025-03-04		VFB_00030620		2	1	3.0
2025-03-04		VFB_00030620	VFB_00017894	2	1	0.0
2025-03-04		VFB_00030629		4	1	8.0
2025-03-04		VFB_00030629	VFB_00017894	4	2	0.0
2025-03-04		VFB_00030786		1	1	0.0
2025-03-04		VFB_00030786	VFB_00030786	2	2	25.0
2025-03-04		VFB_00030849		4	1	14.0
2025-03-04		VFB_00030849	VFB_00017894	1	1	0.0
2025-03-04		VFB_00030849	VFB_00101567	3	2	0.0
2025-03-04		VFB_00030856		8	1	14.0
2025-03-04		VFB_00030856	VFB_00017894	2	1	0.0
2025-03-04		VFB_00030856	VFB_00101567	6	1	0.0
2025-03-04		VFB_00030867		55	3	9.0
2025-03-04		VFB_00030867	VFB_00017894	48	2	0.0
2025-03-04		VFB_00030867	VFB_00101567	7	2	0.0
2025-03-04		VFB_00037979		1	1	1.0
2025-03-04		VFB_00037979	VFB_00101567	1	1	0.0
2025-03-04		VFB_00038254		1	1	1.0
2025-03-04		VFB_00038254	VFB_00101567	1	1	0.0
2025-03-04		VFB_00038275		1	1	1.0
2025-03-04		VFB_00038275	VFB_00101567	1	1	0.0
2025-03-04		VFB_00039138		1	1	1.0
2025-03-04		VFB_00039138	VFB_00101567	1	1	0.0
2025-03-04		VFB_00040025		5	1	9.0
2025-03-04		VFB_00040025	VFB_00017894	1	1	0.0
2025-03-04		VFB_00040025	VFB_00101567	3	2	0.0
2025-03-04		VFB_00040026		4	1	3.0
2025-03-04		VFB_00040026	VFB_00017894	1	1	0.0
2025-03-04		VFB_00040026	VFB_00101567	3	1	0.0
2025-03-04		VFB_00040421		1	1	2.0
2025-03-04		VFB_00040421	VFB_00101567	1	1	0.0
2025-03-04		VFB_00042913		1	1	1.0
2025-03-04		VFB_00042913	VFB_00101567	1	1	0.0
2025-03-04		VFB_00043141		1	1	1.0
2025-03-04		VFB_00043141	VFB_00101567	1	1	0.0
2025-03-04		VFB_00044559		1	1	1.0
2025-03-04		VFB_00044559	VFB_00101567	1	1	0.0
2025-03-04		VFB_00045333		1	1	1.0
2025-03-04		VFB_00045333	VFB_00101567	1	1	0.0
2025-03-04		VFB_00046516		1	1	2.0
2025-03-04		VFB_00046516	VFB_00101567	1	1	0.0
2025-03-04		VFB_00048275		1	1	2.0
2025-03-04		VFB_00048275	VFB_00101567	1	1	0.0
2025-03-04		VFB_00048454		1	1	2.0
2025-03-04		VFB_00048454	VFB_00101567	1	1	0.0
2025-03-04		VFB_00049000	VFB_00049000	3	1	0.0
2025-03-04		VFB_00055119		17	2	3.0
2025-03-04		VFB_00055119	VFB_00049000	16	2	0.0
2025-03-04		VFB_00064235		1	1	5.0
2025-03-04		VFB_00064235	VFB_00101567	1	1	0.0
2025-03-04		VFB_00064395		2	1	3.0
2025-03-04		VFB_00064395	VFB_00101567	2	1	0.0
2025-03-04		VFB_00065394		1	1	1.0
2025-03-04		VFB_00065394	VFB_00101567	1	1	0.0
2025-03-04		VFB_00065848		1	1	3.0
2025-03-04		VFB_00065848	VFB_00101567	1	1	0.0
2025-03-04		VFB_00066053		1	1	2.0
2025-03-04		VFB_00066053	VFB_00101567	1	1	0.0
2025-03-04		VFB_00066067		3	1	0.0
2025-03-04		VFB_00066067	VFB_00101567	3	1	0.0
2025-03-04		VFB_00066347		2	1	5.0
2025-03-04		VFB_00066347	VFB_00101567	2	1	0.0
2025-03-04		VFB_00066359		1	1	2.0
2025-03-04		VFB_00066359	VFB_00101567	1	1	0.0
2025-03-04		VFB_00067106		1	1	3.0
2025-03-04		VFB_00067106	VFB_00101567	1	1	0.0
2025-03-04		VFB_00067145		2	1	2.0
2025-03-04		VFB_00067145	VFB_00101567	2	1	0.0
2025-03-04		VFB_00067255		1	1	1.0
2025-03-04		VFB_00067255	VFB_00101567	1	1	0.0
2025-03-04		VFB_00067289		1	1	1.0
2025-03-04		VFB_00067289	VFB_00101567	1	1	0.0
2025-03-04		VFB_00067563		1	1	2.0
2025-03-04		VFB_00067563	VFB_00101567	1	1	0.0
2025-03-04		VFB_00067647		3	1	3.0
2025-03-04		VFB_00067647	VFB_00101567	3	1	0.0
2025-03-04		VFB_00067735		1	1	3.0
2025-03-04		VFB_00067735	VFB_00101567	1	1	0.0
2025-03-04		VFB_00100000		7	2	5.0
2025-03-04		VFB_00100000	VFB_00100000	8	3	7.0
2025-03-04		VFB_00100422		1	1	0.0
2025-03-04		VFB_00100422	VFB_00101567	1	1	0.0
2025-03-04		VFB_00100733		9	1	0.0
2025-03-04		VFB_00100733	VFB_00050000	7	1	0.0
2025-03-04		VFB_00100733	VFB_00101567	2	1	0.0
2025-03-04		VFB_00100740		1	1	2.0
2025-03-04		VFB_00100740	VFB_00050000	1	1	0.0
2025-03-04		VFB_00100850		5	1	49.0
2025-03-04		VFB_00100850	VFB_00050000	5	1	0.0
2025-03-04		VFB_00100d2k		14	1	4.0
2025-03-04		VFB_00100d2k	VFB_00101567	2	1	0.0
2025-03-04		VFB_00100d2k	VFB_00200000	12	1	0.0
2025-03-04		VFB_00101132		3	1	0.0
2025-03-04		VFB_00101132	VFB_00101567	3	1	0.0
2025-03-04		VFB_00101384		1	1	1.0
2025-03-04		VFB_00101384	VFB_00101384	2	2	5.0
2025-03-04		VFB_001014u7		2	1	0.0
2025-03-04		VFB_001014u7	VFB_00101567	2	1	0.0
2025-03-04		VFB_001014uq		5	1	3.0
2025-03-04		VFB_001014uq	VFB_00101567	4	1	0.0
2025-03-04		VFB_001014uq	VFB_00110000	1	1	0.0
2025-03-04		VFB_00101567		88	29	69.0
2025-03-04		VFB_00101567	VFB_00101567	124	49	112.0
2025-03-04		VFB_00102107		16	3	53.0
2025-03-04		VFB_00102107	VFB_00101567	8	5	0.0
2025-03-04		VFB_00102108		4	2	0.0
2025-03-04		VFB_00102108	VFB_00101567	4	3	0.0
2025-03-04		VFB_00102109		2	1	11.0
2025-03-04		VFB_00102109	VFB_00101567	3	2	0.0
2025-03-04		VFB_00102110		2	1	4.0
2025-03-04		VFB_00102110	VFB_00101567	2	2	0.0
2025-03-04		VFB_00102114		1	1	0.0
2025-03-04		VFB_00102114	VFB_00101567	1	1	0.0
2025-03-04		VFB_00102118		1	1	0.0
2025-03-04		VFB_00102118	VFB_00101567	1	1	0.0
2025-03-04		VFB_00102119		1	1	1.0
2025-03-04		VFB_00102119	VFB_00101567	1	1	0.0
2025-03-04		VFB_00102121		1	1	2.0
2025-03-04		VFB_00102121	VFB_00101567	1	1	0.0
2025-03-04		VFB_00102123		1	1	1.0
2025-03-04		VFB_00102123	VFB_00101567	1	1	0.0
2025-03-04		VFB_00102133		5	1	2.0
2025-03-04		VFB_00102133	VFB_00101567	3	2	0.0
2025-03-04		VFB_00102134		5	2	3.0
2025-03-04		VFB_00102134	VFB_00101567	5	2	0.0
2025-03-04		VFB_00102135		1	1	2.0
2025-03-04		VFB_00102135	VFB_00101567	1	1	0.0
2025-03-04		VFB_00102140		6	1	36.0
2025-03-04		VFB_00102140	VFB_00101567	11	3	0.0
2025-03-04		VFB_00102146		1	1	2.0
2025-03-04		VFB_00102146	VFB_00101567	1	1	0.0
2025-03-04		VFB_00102148		1	1	1.0
2025-03-04		VFB_00102148	VFB_00101567	1	1	0.0
2025-03-04		VFB_00102152		1	1	1.0
2025-03-04		VFB_00102152	VFB_00101567	1	1	0.0
2025-03-04		VFB_00102154		1	1	2.0
2025-03-04		VFB_00102154	VFB_00101567	1	1	0.0
2025-03-04		VFB_00102159		2	2	17.0
2025-03-04		VFB_00102159	VFB_00101567	2	2	0.0
2025-03-04		VFB_00102162		6	1	5.0
2025-03-04		VFB_00102162	VFB_00101567	6	2	0.0
2025-03-04		VFB_00102164		10	4	36.0
2025-03-04		VFB_00102164	VFB_00101567	9	5	0.0
2025-03-04		VFB_00102170		2	2	1.0
2025-03-04		VFB_00102170	VFB_00101567	2	2	0.0
2025-03-04		VFB_00102171		2	1	3.0
2025-03-04		VFB_00102171	VFB_00101567	2	2	0.0
2025-03-04		VFB_00102176		1	1	1.0
2025-03-04		VFB_00102176	VFB_00101567	1	1	0.0
2025-03-04		VFB_00102179		1	1	1.0
2025-03-04		VFB_00102179	VFB_00101567	1	1	0.0
2025-03-04		VFB_00102185		2	1	5.0
2025-03-04		VFB_00102185	VFB_00101567	2	2	0.0
2025-03-04		VFB_00102201		2	2	1.0
2025-03-04		VFB_00102201	VFB_00101567	2	2	0.0
2025-03-04		VFB_00102212		5	3	1.0
2025-03-04		VFB_00102212	VFB_00101567	5	4	0.0
2025-03-04		VFB_00102213		3	2	4.0
2025-03-04		VFB_00102213	VFB_00101567	3	3	0.0
2025-03-04		VFB_00102214		1	1	0.0
2025-03-04		VFB_00102214	VFB_00101567	1	1	0.0
2025-03-04		VFB_00102215		1	1	1.0
2025-03-04		VFB_00102215	VFB_00101567	1	1	0.0
2025-03-04		VFB_00102218		2	2	7.0
2025-03-04		VFB_00102218	VFB_00101567	2	2	0.0
2025-03-04		VFB_00102271		8	2	22.0
2025-03-04		VFB_00102271	VFB_00101567	8	3	0.0
2025-03-04		VFB_00102274		43	3	17.0
2025-03-04		VFB_00102274	VFB_00101567	43	5	0.0
2025-03-04		VFB_00102275		9	1	0.0
2025-03-04		VFB_00102275	VFB_00101567	9	2	0.0
2025-03-04		VFB_00102276		1	1	1.0
2025-03-04		VFB_00102276	VFB_00101567	1	1	0.0
2025-03-04		VFB_00102280		6	3	3.0
2025-03-04		VFB_00102280	VFB_00101567	6	4	0.0
2025-03-04		VFB_001029i4		27	1	653.0
2025-03-04		VFB_001029i4	VFB_00017894	2	1	0.0
2025-03-04		VFB_001029i4	VFB_00101567	18	4	0.0
2025-03-04		VFB_001029iv		2	1	0.0
2025-03-04		VFB_001029iv	VFB_00101567	2	1	0.0
2025-03-04		VFB_001029m3		3	1	3.0
2025-03-04		VFB_001029m3	VFB_00101567	3	1	0.0
2025-03-04		VFB_001029m4		1	1	0.0
2025-03-04		VFB_001029m4	VFB_00101567	2	1	0.0
2025-03-04		VFB_001029m9		6	1	2.0
2025-03-04		VFB_001029m9	VFB_00101567	6	1	0.0
2025-03-04		VFB_001029mg		7	1	21.0
2025-03-04		VFB_001029mg	VFB_00101567	7	2	0.0
2025-03-04		VFB_001029mk		2	1	0.0
2025-03-04		VFB_001029mk	VFB_00101567	2	2	0.0
2025-03-04		VFB_00110000		1	1	4.0
2025-03-04		VFB_00110000	VFB_00110000	2	2	105.0
2025-03-04		VFB_00200000		3	3	5.0
2025-03-04		VFB_00200000	VFB_00200000	5	5	24.0
2025-03-04		VFB_fw001048		2	1	0.0
2025-03-04		VFB_fw001048	VFB_00101567	2	1	0.0
2025-03-04		VFB_fw004270		5	1	0.0
2025-03-04		VFB_fw004270	VFB_00101567	5	1	0.0
2025-03-04		VFB_fw008249		24	1	0.0
2025-03-04		VFB_fw008249	VFB_00101567	24	1	0.0
2025-03-04		VFB_fw032899		1	1	0.0
2025-03-04		VFB_fw032899	VFB_00101567	1	1	0.0
2025-03-04		VFB_fw035398		2	1	0.0
2025-03-04		VFB_fw035398	VFB_00101567	2	1	0.0
2025-03-04		VFB_fw036641		3	1	33.0
2025-03-04		VFB_fw036641	VFB_00017894	3	1	0.0
2025-03-04		VFB_fw038471		2	1	2.0
2025-03-04		VFB_fw038471	VFB_00101567	2	1	0.0
2025-03-04		VFB_jrchjtn1		1	1	0.0
2025-03-04		VFB_jrchjtn1	VFB_00101567	1	1	0.0
2025-03-04		VFB_jrchjtpj		1	1	0.0
2025-03-04		VFB_jrchjtpj	VFB_00101567	1	1	0.0
2025-03-04		VFB_jrchk0xv		3	1	0.0
2025-03-04		VFB_jrchk0xv	VFB_00101567	3	1	0.0
2025-03-04		VFB_jrchk32k		7	1	15.0
2025-03-04		VFB_jrchk32k	VFB_00101567	7	1	0.0
2025-03-04		VFB_jrchk461		3	1	0.0
2025-03-04		VFB_jrchk461	VFB_00101567	3	1	0.0
2025-03-04		VFB_jrchk7yf		4	1	0.0
2025-03-04		VFB_jrchk7yf	VFB_00101567	4	1	0.0
2025-03-04		VFBexp_FBtp0058		2	2	0.0
2025-03-04		VFBexp_FBtp0058	VFB_00049000	1	1	0.0
2025-03-04		VFBexp_FBtp0058	VFB_00101567	1	1	0.0
2025-03-04		VFBexp_FBtp0099		3	2	0.0
2025-03-04		VFBexp_FBtp0099	VFB_00101567	3	2	0.0
2025-03-04		VFBexp_FBtp0100		4	4	0.0
2025-03-04		VFBexp_FBtp0100	VFB_00101567	4	4	0.0
2025-03-04		VFBexp_FBtp0102		6	6	0.0
2025-03-04		VFBexp_FBtp0102	VFB_00101567	6	6	0.0
2025-03-04		VFBexp_FBtp0103		1	1	0.0
2025-03-04		VFBexp_FBtp0103	VFB_00101567	1	1	0.0
2025-03-04		VFBexp_FBtp0104		1	1	0.0
2025-03-04		VFBexp_FBtp0104	VFB_00101567	1	1	0.0
2025-03-04		VFBexp_FBtp0105		1	1	0.0
2025-03-04		VFBexp_FBtp0105	VFB_00101567	1	1	0.0
2025-03-04		VFBexp_FBtp0106		2	2	0.0
2025-03-04		VFBexp_FBtp0106	VFB_00101567	2	2	0.0
2025-03-04		VFBexp_FBtp0107		6	6	0.0
2025-03-04		VFBexp_FBtp0107	VFB_00101567	6	6	0.0
2025-03-04		VFBexp_FBtp0108		6	5	0.0
2025-03-04		VFBexp_FBtp0108	VFB_00101567	7	6	0.0
2025-03-04		VFBexp_FBtp0123		2	1	35.0
2025-03-04		VFBexp_FBtp0123	VFB_00101567	2	1	0.0
2025-03-04		VFBexp_FBtp0124		6	1	0.0
2025-03-04		VFBexp_FBtp0124	VFB_00101567	4	1	0.0
2025-03-04		VFBexp_FBtp0124	VFB_00200000	2	1	0.0
2025-03-04	v2-dev.virtualflybrain.org	VFB_00101567	VFB_00101567	0	2	42.0
2025-03-04	v2-dev.virtualflybrain.org	VFB_jrchk7yf	VFB_00101567	6	1	5.0
2025-03-04	v2.virtualflybrain.org	FBbt_00001945	VFB_00050000	5	1	0.0
2025-03-04	v2.virtualflybrain.org	FBbt_00003624	VFB_00101567	0	7	435.0
2025-03-04	v2.virtualflybrain.org	FBbt_00003668	VFB_00101567	0	1	1.0
2025-03-04	v2.virtualflybrain.org	FBbt_00003678	VFB_00017894	0	1	5.0
2025-03-04	v2.virtualflybrain.org	FBbt_00003678	VFB_00101567	0	6	271.0
2025-03-04	v2.virtualflybrain.org	FBbt_00003679	VFB_00101567	1	3	46.0
2025-03-04	v2.virtualflybrain.org	FBbt_00003680	VFB_00101567	1	3	19.0
2025-03-04	v2.virtualflybrain.org	FBbt_00003681	VFB_00101567	1	5	59.0
2025-03-04	v2.virtualflybrain.org	FBbt_00003684	VFB_00101567	0	4	24.0
2025-03-04	v2.virtualflybrain.org	FBbt_00003748	VFB_00017894	0	1	7.0
2025-03-04	v2.virtualflybrain.org	FBbt_00003748	VFB_00101567	0	10	72.0
2025-03-04	v2.virtualflybrain.org	FBbt_00003852	VFB_00101567	0	1	1.0
2025-03-04	v2.virtualflybrain.org	FBbt_00005180	VFB_00101567	2	3	185.0
2025-03-04	v2.virtualflybrain.org	FBbt_00007001	VFB_00101567	0	1	19.0
2025-03-04	v2.virtualflybrain.org	FBbt_00007050	VFB_00101567	0	3	16.0
2025-03-04	v2.virtualflybrain.org	FBbt_00007053	VFB_00101567	0	1	20.0
2025-03-04	v2.virtualflybrain.org	FBbt_00007054	VFB_00101567	0	2	19.0
2025-03-04	v2.virtualflybrain.org	FBbt_00007055	VFB_00101567	5	4	95.0
2025-03-04	v2.virtualflybrain.org	FBbt_00007059	VFB_00101567	0	1	1.0
2025-03-04	v2.virtualflybrain.org	FBbt_00007146	VFB_00017894	0	1	1.0
2025-03-04	v2.virtualflybrain.org	FBbt_00007147	VFB_00101567	0	1	1.0
2025-03-04	v2.virtualflybrain.org	FBbt_00007401	VFB_00017894	0	1	26.0
2025-03-04	v2.virtualflybrain.org	FBbt_00013688	VFB_00101567	0	1	0.0
2025-03-04	v2.virtualflybrain.org	FBbt_00014013	VFB_00017894	0	1	300.0
2025-03-04	v2.virtualflybrain.org	FBbt_00014013	VFB_00101567	0	2	53.0
2025-03-04	v2.virtualflybrain.org	FBbt_00040001	VFB_00017894	0	1	2.0
2025-03-04	v2.virtualflybrain.org	FBbt_00040002	VFB_00101567	0	1	3.0
2025-03-04	v2.virtualflybrain.org	FBbt_00040037	VFB_00101567	0	1	2.0
2025-03-04	v2.virtualflybrain.org	FBbt_00040040	VFB_00017894	0	1	3.0
2025-03-04	v2.virtualflybrain.org	FBbt_00040041	VFB_00017894	3	2	333.0
2025-03-04	v2.virtualflybrain.org	FBbt_00040041	VFB_00101567	3	4	31.0
2025-03-04	v2.virtualflybrain.org	FBbt_00040042	VFB_00017894	0	1	10.0
2025-03-04	v2.virtualflybrain.org	FBbt_00040042	VFB_00101567	0	3	15.0
2025-03-04	v2.virtualflybrain.org	FBbt_00040043	VFB_00101567	2	6	27.0
2025-03-04	v2.virtualflybrain.org	FBbt_00040049	VFB_00101567	0	1	2.0
2025-03-04	v2.virtualflybrain.org	FBbt_00040050	VFB_00101567	16	1	2.0
2025-03-04	v2.virtualflybrain.org	FBbt_00045027	VFB_00101567	0	2	39.0
2025-03-04	v2.virtualflybrain.org	FBbt_00045030	VFB_00017894	0	1	29.0
2025-03-04	v2.virtualflybrain.org	FBbt_00045030	VFB_00101567	0	1	1.0
2025-03-04	v2.virtualflybrain.org	FBbt_00045032	VFB_00101567	0	2	8.0
2025-03-04	v2.virtualflybrain.org	FBbt_00045037	VFB_00101567	0	1	1.0
2025-03-04	v2.virtualflybrain.org	FBbt_00045039	VFB_00101567	0	1	23.0
2025-03-04	v2.virtualflybrain.org	FBbt_00045047	VFB_00017894	0	1	4.0
2025-03-04	v2.virtualflybrain.org	FBbt_00045047	VFB_00101567	0	1	1.0
2025-03-04	v2.virtualflybrain.org	FBbt_00045048	VFB_00017894	0	1	41.0
2025-03-04	v2.virtualflybrain.org	FBbt_00045048	VFB_00101567	0	7	105.0
2025-03-04	v2.virtualflybrain.org	FBbt_00045050	VFB_00101567	0	3	47.0
2025-03-04	v2.virtualflybrain.org	FBbt_00045051	VFB_00101567	0	1	27.0
2025-03-04	v2.virtualflybrain.org	FBbt_00047119	VFB_00049000	0	1	567.0
2025-03-04	v2.virtualflybrain.org	FBbt_00047887	VFB_00101567	3	7	50.0
2025-03-04	v2.virtualflybrain.org	FBbt_00047927	VFB_00017894	0	1	51.0
2025-03-04	v2.virtualflybrain.org	FBbt_00049841		2	1	0.0
2025-03-04	v2.virtualflybrain.org	FBbt_00051068	VFB_00101567	1	2	131.0
2025-03-04	v2.virtualflybrain.org	FBbt_00053170	VFB_00101567	5	2	5.0
2025-03-04	v2.virtualflybrain.org	FBbt_00058156	VFB_00101567	0	1	0.0
2025-03-04	v2.virtualflybrain.org	FBbt_00058207	VFB_00101567	0	1	84.0
2025-03-04	v2.virtualflybrain.org	FBbt_00058208	VFB_00101567	0	1	205.0
2025-03-04	v2.virtualflybrain.org	FBbt_00100282	VFB_00101567	0	1	61.0
2025-03-04	v2.virtualflybrain.org	FBbt_00100291	VFB_00101567	0	1	20.0
2025-03-04	v2.virtualflybrain.org	FBbt_00110107	VFB_00101567	1	1	0.0
2025-03-04	v2.virtualflybrain.org	FBbt_00110138	VFB_00101567	0	1	68.0
2025-03-04	v2.virtualflybrain.org	FBbt_00110636	VFB_00101567	0	3	6.0
2025-03-04	v2.virtualflybrain.org	FBbt_00110638	VFB_00101567	0	1	1.0
2025-03-04	v2.virtualflybrain.org	FBbt_00110639	VFB_00101567	0	1	4.0
2025-03-04	v2.virtualflybrain.org	FBbt_00111647	VFB_00101567	1	1	0.0
2025-03-04	v2.virtualflybrain.org	FBbt_20001063	VFB_00101567	3	1	3.0
2025-03-04	v2.virtualflybrain.org	FBbt_20007671	VFB_00101567	0	2	1115.0
2025-03-04	v2.virtualflybrain.org	VFB_00017894	VFB_00017894	0	4	0.0
2025-03-04	v2.virtualflybrain.org	VFB_00020363	VFB_00101567	10	2	0.0
2025-03-04	v2.virtualflybrain.org	VFB_00022145		1	1	1.0
2025-03-04	v2.virtualflybrain.org	VFB_00025859	VFB_00101567	0	1	17.0
2025-03-04	v2.virtualflybrain.org	VFB_00026896	VFB_00101567	0	1	35.0
2025-03-04	v2.virtualflybrain.org	VFB_00030600	VFB_00017894	0	2	7.0
2025-03-04	v2.virtualflybrain.org	VFB_00030620	VFB_00030620	1	2	1.0
2025-03-04	v2.virtualflybrain.org	VFB_00030629	VFB_00017894	0	1	0.0
2025-03-04	v2.virtualflybrain.org	VFB_00030786	VFB_00030786	1	3	19.0
2025-03-04	v2.virtualflybrain.org	VFB_00030849	VFB_00017894	1	2	0.0
2025-03-04	v2.virtualflybrain.org	VFB_00030849	VFB_00101567	1	2	4.0
2025-03-04	v2.virtualflybrain.org	VFB_00030856	VFB_00017894	2	3	113.0
2025-03-04	v2.virtualflybrain.org	VFB_00030856	VFB_00101567	0	2	10.0
2025-03-04	v2.virtualflybrain.org	VFB_00030867	VFB_00017894	48	4	1.0
2025-03-04	v2.virtualflybrain.org	VFB_00030867	VFB_00101567	5	3	3.0
2025-03-04	v2.virtualflybrain.org	VFB_00037979	VFB_00101567	0	1	20.0
2025-03-04	v2.virtualflybrain.org	VFB_00038254	VFB_00101567	0	1	13.0
2025-03-04	v2.virtualflybrain.org	VFB_00038275	VFB_00101567	0	1	38.0
2025-03-04	v2.virtualflybrain.org	VFB_00039138	VFB_00101567	0	1	16.0
2025-03-04	v2.virtualflybrain.org	VFB_00040025	VFB_00017894	1	3	85.0
2025-03-04	v2.virtualflybrain.org	VFB_00040025	VFB_00101567	0	2	5.0
2025-03-04	v2.virtualflybrain.org	VFB_00040026	VFB_00017894	1	3	3.0
2025-03-04	v2.virtualflybrain.org	VFB_00040026	VFB_00101567	0	2	24.0
2025-03-04	v2.virtualflybrain.org	VFB_00040421	VFB_00101567	0	1	19.0
2025-03-04	v2.virtualflybrain.org	VFB_00042913	VFB_00101567	0	1	13.0
2025-03-04	v2.virtualflybrain.org	VFB_00043141	VFB_00101567	0	1	30.0
2025-03-04	v2.virtualflybrain.org	VFB_00044559	VFB_00101567	0	1	14.0
2025-03-04	v2.virtualflybrain.org	VFB_00045333	VFB_00101567	0	1	15.0
2025-03-04	v2.virtualflybrain.org	VFB_00046516	VFB_00101567	0	1	19.0
2025-03-04	v2.virtualflybrain.org	VFB_00048275	VFB_00101567	0	1	15.0
2025-03-04	v2.virtualflybrain.org	VFB_00048454	VFB_00101567	0	1	18.0
2025-03-04	v2.virtualflybrain.org	VFB_00049000	VFB_00049000	0	3	0.0
2025-03-04	v2.virtualflybrain.org	VFB_00050000	VFB_00050000	0	2	0.0
2025-03-04	v2.virtualflybrain.org	VFB_00055119	VFB_00049000	14	2	45.0
2025-03-04	v2.virtualflybrain.org	VFB_00064235	VFB_00101567	0	1	12.0
2025-03-04	v2.virtualflybrain.org	VFB_00064395	VFB_00101567	0	1	11.0
2025-03-04	v2.virtualflybrain.org	VFB_00065394	VFB_00101567	0	1	14.0
2025-03-04	v2.virtualflybrain.org	VFB_00065848	VFB_00101567	0	1	49.0
2025-03-04	v2.virtualflybrain.org	VFB_00066053	VFB_00101567	0	1	33.0
2025-03-04	v2.virtualflybrain.org	VFB_00066067	VFB_00101567	3	1	0.0
2025-03-04	v2.virtualflybrain.org	VFB_00066359	VFB_00101567	0	1	14.0
2025-03-04	v2.virtualflybrain.org	VFB_00067106	VFB_00101567	0	1	15.0
2025-03-04	v2.virtualflybrain.org	VFB_00067145	VFB_00101567	0	1	146.0
2025-03-04	v2.virtualflybrain.org	VFB_00067255	VFB_00101567	0	1	13.0
2025-03-04	v2.virtualflybrain.org	VFB_00067289	VFB_00101567	0	1	16.0
2025-03-04	v2.virtualflybrain.org	VFB_00067563	VFB_00101567	0	1	16.0
2025-03-04	v2.virtualflybrain.org	VFB_00067647	VFB_00101567	1	2	13.0
2025-03-04	v2.virtualflybrain.org	VFB_00067735	VFB_00101567	0	1	17.0
2025-03-04	v2.virtualflybrain.org	VFB_00100000	VFB_00100000	7	4	0.0
2025-03-04	v2.virtualflybrain.org	VFB_00100422	VFB_00101567	1	1	0.0
2025-03-04	v2.virtualflybrain.org	VFB_00100733	VFB_00050000	7	3	0.0
2025-03-04	v2.virtualflybrain.org	VFB_00100733	VFB_00101567	0	2	16.0
2025-03-04	v2.virtualflybrain.org	VFB_00100740	VFB_00050000	0	1	42.0
2025-03-04	v2.virtualflybrain.org	VFB_00100740	VFB_00100740	1	2	4.0
2025-03-04	v2.virtualflybrain.org	VFB_00100d2k	VFB_00101567	0	2	187.0
2025-03-04	v2.virtualflybrain.org	VFB_00100d2k	VFB_00200000	12	3	21.0
2025-03-04	v2.virtualflybrain.org	VFB_00101132	VFB_00101567	4	1	0.0
2025-03-04	v2.virtualflybrain.org	VFB_00101384	VFB_00101384	1	3	15.0
2025-03-04	v2.virtualflybrain.org	VFB_001014u7	VFB_00101567	2	1	31.0
2025-03-04	v2.virtualflybrain.org	VFB_001014uq	VFB_00101567	0	2	6.0
2025-03-04	v2.virtualflybrain.org	VFB_001014uq	VFB_00110000	1	2	0.0
2025-03-04	v2.virtualflybrain.org	VFB_00101567	VFB_00101567	39	86	868.0
2025-03-04	v2.virtualflybrain.org	VFB_00102107	VFB_00101567	0	5	20.0
2025-03-04	v2.virtualflybrain.org	VFB_00102108	VFB_00101567	0	1	2.0
2025-03-04	v2.virtualflybrain.org	VFB_00102109	VFB_00101567	0	1	2.0
2025-03-04	v2.virtualflybrain.org	VFB_00102110	VFB_00101567	0	2	1.0
2025-03-04	v2.virtualflybrain.org	VFB_00102114	VFB_00101567	0	1	6.0
2025-03-04	v2.virtualflybrain.org	VFB_00102118	VFB_00101567	0	1	41.0
2025-03-04	v2.virtualflybrain.org	VFB_00102119	VFB_00101567	0	1	2.0
2025-03-04	v2.virtualflybrain.org	VFB_00102121	VFB_00101567	0	1	1.0
2025-03-04	v2.virtualflybrain.org	VFB_00102123	VFB_00101567	0	1	1.0
2025-03-04	v2.virtualflybrain.org	VFB_00102133	VFB_00101567	0	2	1.0
2025-03-04	v2.virtualflybrain.org	VFB_00102134	VFB_00101567	4	2	2.0
2025-03-04	v2.virtualflybrain.org	VFB_00102135	VFB_00101567	0	1	3.0
2025-03-04	v2.virtualflybrain.org	VFB_00102140	VFB_00101567	0	1	6.0
2025-03-04	v2.virtualflybrain.org	VFB_00102146	VFB_00101567	0	1	3.0
2025-03-04	v2.virtualflybrain.org	VFB_00102148	VFB_00101567	0	1	2.0
2025-03-04	v2.virtualflybrain.org	VFB_00102152	VFB_00101567	0	1	2.0
2025-03-04	v2.virtualflybrain.org	VFB_00102154	VFB_00101567	0	1	2.0
2025-03-04	v2.virtualflybrain.org	VFB_00102159	VFB_00101567	0	1	5.0
2025-03-04	v2.virtualflybrain.org	VFB_00102162	VFB_00101567	0	1	2.0
2025-03-04	v2.virtualflybrain.org	VFB_00102164	VFB_00101567	1	4	13.0
2025-03-04	v2.virtualflybrain.org	VFB_00102170	VFB_00101567	0	2	12.0
2025-03-04	v2.virtualflybrain.org	VFB_00102171	VFB_00101567	0	2	3.0
2025-03-04	v2.virtualflybrain.org	VFB_00102176	VFB_00101567	0	1	1.0
2025-03-04	v2.virtualflybrain.org	VFB_00102179	VFB_00101567	0	1	21.0
2025-03-04	v2.virtualflybrain.org	VFB_00102185	VFB_00101567	0	2	4.0
2025-03-04	v2.virtualflybrain.org	VFB_00102201	VFB_00101567	0	2	37.0
2025-03-04	v2.virtualflybrain.org	VFB_00102212	VFB_00101567	0	2	4.0
2025-03-04	v2.virtualflybrain.org	VFB_00102213	VFB_00101567	0	3	6.0
2025-03-04	v2.virtualflybrain.org	VFB_00102214	VFB_00101567	0	1	1.0
2025-03-04	v2.virtualflybrain.org	VFB_00102215	VFB_00101567	0	1	2.0
2025-03-04	v2.virtualflybrain.org	VFB_00102218	VFB_00101567	0	1	3.0
2025-03-04	v2.virtualflybrain.org	VFB_00102271	VFB_00101567	0	3	15.0
2025-03-04	v2.virtualflybrain.org	VFB_00102274	VFB_00101567	24	7	37.0
2025-03-04	v2.virtualflybrain.org	VFB_00102275	VFB_00101567	0	2	3.0
2025-03-04	v2.virtualflybrain.org	VFB_00102276	VFB_00101567	0	1	5.0
2025-03-04	v2.virtualflybrain.org	VFB_00102280	VFB_00101567	0	2	5.0
2025-03-04	v2.virtualflybrain.org	VFB_001029i4	VFB_00017894	0	2	26.0
2025-03-04	v2.virtualflybrain.org	VFB_001029i4	VFB_00101567	1	5	384.0
2025-03-04	v2.virtualflybrain.org	VFB_001029m3	VFB_00101567	1	2	79.0
2025-03-04	v2.virtualflybrain.org	VFB_001029m4	VFB_00101567	0	1	97.0
2025-03-04	v2.virtualflybrain.org	VFB_001029m9	VFB_00101567	0	2	207.0
2025-03-04	v2.virtualflybrain.org	VFB_001029mg	VFB_00101567	0	1	0.0
2025-03-04	v2.virtualflybrain.org	VFB_001029mk	VFB_00101567	0	1	10.0
2025-03-04	v2.virtualflybrain.org	VFB_00110000	VFB_00110000	1	3	1.0
2025-03-04	v2.virtualflybrain.org	VFB_00200000	VFB_00200000	2	8	281.0
2025-03-04	v2.virtualflybrain.org	VFB_fw001048	VFB_00101567	0	1	0.0
2025-03-04	v2.virtualflybrain.org	VFB_fw004270	VFB_00101567	5	1	0.0
2025-03-04	v2.virtualflybrain.org	VFB_fw008249	VFB_00101567	24	1	0.0
2025-03-04	v2.virtualflybrain.org	VFB_fw032899	VFB_00101567	2	1	0.0
2025-03-04	v2.virtualflybrain.org	VFB_fw035398	VFB_00101567	0	1	0.0
2025-03-04	v2.virtualflybrain.org	VFB_fw036641	VFB_00017894	0	2	1.0
2025-03-04	v2.virtualflybrain.org	VFB_fw038471		1	1	0.0
2025-03-04	v2.virtualflybrain.org	VFB_fw038471	VFB_00101567	0	1	5.0
2025-03-04	v2.virtualflybrain.org	VFB_jrchjtn1	VFB_00101567	1	1	0.0
2025-03-04	v2.virtualflybrain.org	VFB_jrchjtpj	VFB_00101567	2	1	0.0
2025-03-04	v2.virtualflybrain.org	VFB_jrchk0xv	VFB_00101567	3	1	0.0
2025-03-04	v2.virtualflybrain.org	VFB_jrchk32k	VFB_00101567	7	1	33.0
2025-03-04	v2.virtualflybrain.org	VFB_jrchk461	VFB_00101567	3	1	0.0
2025-03-04	v2.virtualflybrain.org	VFB_jrchk66t	VFB_00101567	1	1	20.0
2025-03-04	v2.virtualflybrain.org	VFB_jrcv07q5		1	1	2.0
2025-03-04	v2.virtualflybrain.org	VFBexp_FBtp0058	VFB_00049000	0	2	27.0
2025-03-04	v2.virtualflybrain.org	VFBexp_FBtp0058	VFB_00101567	0	1	10.0
2025-03-04	v2.virtualflybrain.org	VFBexp_FBtp0099		1	1	0.0
2025-03-04	v2.virtualflybrain.org	VFBexp_FBtp0099	VFB_00101567	2	2	11.0
2025-03-04	v2.virtualflybrain.org	VFBexp_FBtp0102	VFB_00101567	0	1	19.0
2025-03-04	v2.virtualflybrain.org	VFBexp_FBtp0107	VFB_00101567	0	1	17.0
2025-03-04	v2.virtualflybrain.org	VFBexp_FBtp0108	VFB_00101567	0	2	44.0
2025-03-04	v2.virtualflybrain.org	VFBexp_FBtp0123	VFB_00101567	0	1	0.0
2025-03-04	v2.virtualflybrain.org	VFBexp_FBtp0124	VFB_00101567	2	2	30.0
2025-03-04	v2.virtualflybrain.org	VFBexp_FBtp0124	VFB_00200000	1	2	7.0
2025-03-05		FBbt_00001945		6	1	0.0
2025-03-05		FBbt_00001945	VFB_00050000	6	1	0.0
2025-03-05		FBbt_00001988		2	1	6.0
2025-03-05		FBbt_00001988	VFB_00050000	2	1	0.0
2025-03-05		FBbt_00002208		2	1	25.0
2025-03-05		FBbt_00002208	VFB_00050000	3	1	0.0
2025-03-05		FBbt_00003004		1	1	0.0
2025-03-05		FBbt_00003004	VFB_00101567	1	1	0.0
2025-03-05		FBbt_00003624		8	4	0.0
2025-03-05		FBbt_00003624	VFB_00101567	8	5	0.0
2025-03-05		FBbt_00003651		5	1	0.0
2025-03-05		FBbt_00003651	VFB_00101567	5	1	0.0
2025-03-05		FBbt_00003681		1	1	0.0
2025-03-05		FBbt_00003681	VFB_00101567	1	1	0.0
2025-03-05		FBbt_00003684		1	1	0.0
2025-03-05		FBbt_00003684	VFB_00101567	2	1	0.0
2025-03-05		FBbt_00003686		1	1	0.0
2025-03-05		FBbt_00003686	VFB_00101567	1	1	0.0
2025-03-05		FBbt_00003748		3	1	0.0
2025-03-05		FBbt_00003748	VFB_00017894	2	1	0.0
2025-03-05		FBbt_00003748	VFB_00101567	1	1	0.0
2025-03-05		FBbt_00003763		1	1	0.0
2025-03-05		FBbt_00003763	VFB_00101567	1	1	0.0
2025-03-05		FBbt_00005801		6	2	0.0
2025-03-05		FBbt_00005801	VFB_00050000	4	1	0.0
2025-03-05		FBbt_00005801	VFB_00101567	2	1	0.0
2025-03-05		FBbt_00007050		1	1	0.0
2025-03-05		FBbt_00007050	VFB_00101567	1	1	0.0
2025-03-05		FBbt_00007053		1	1	0.0
2025-03-05		FBbt_00007053	VFB_00101567	1	1	0.0
2025-03-05		FBbt_00007055		2	1	0.0
2025-03-05		FBbt_00007055	VFB_00101567	2	1	0.0
2025-03-05		FBbt_00007385		2	1	0.0
2025-03-05		FBbt_00007385	VFB_00101567	2	1	0.0
2025-03-05		FBbt_00007453		1	1	0.0
2025-03-05		FBbt_00007453	VFB_00101567	1	1	0.0
2025-03-05		FBbt_00013688		2	1	0.0
2025-03-05		FBbt_00013688	VFB_00101567	3	1	0.0
2025-03-05		FBbt_00013774		2	1	0.0
2025-03-05		FBbt_00013774	VFB_00101567	2	2	0.0
2025-03-05		FBbt_00014013		2	1	0.0
2025-03-05		FBbt_00014013	VFB_00101567	2	2	0.0
2025-03-05		FBbt_00040001		4	1	0.0
2025-03-05		FBbt_00040001	VFB_00017894	4	1	0.0
2025-03-05		FBbt_00040041		7	5	0.0
2025-03-05		FBbt_00040041	VFB_00017894	2	1	0.0
2025-03-05		FBbt_00040041	VFB_00101567	5	4	0.0
2025-03-05		FBbt_00040042		3	2	0.0
2025-03-05		FBbt_00040042	VFB_00101567	3	2	0.0
2025-03-05		FBbt_00040043		6	3	0.0
2025-03-05		FBbt_00040043	VFB_00101567	6	4	0.0
2025-03-05		FBbt_00040050		3	2	0.0
2025-03-05		FBbt_00040050	VFB_00101567	3	2	0.0
2025-03-05		FBbt_00045027		3	2	0.0
2025-03-05		FBbt_00045027	VFB_00101567	3	2	0.0
2025-03-05		FBbt_00045048		1	1	0.0
2025-03-05		FBbt_00045048	VFB_00101567	1	1	0.0
2025-03-05		FBbt_00045051		7	1	0.0
2025-03-05		FBbt_00045051	VFB_00101567	14	2	0.0
2025-03-05		FBbt_00047574		1	1	0.0
2025-03-05		FBbt_00047574	VFB_00101567	1	1	0.0
2025-03-05		FBbt_00047788		1	1	0.0
2025-03-05		FBbt_00047788	VFB_00050000	1	1	0.0
2025-03-05		FBbt_00047887		8	4	22.0
2025-03-05		FBbt_00047887	VFB_00101567	8	4	0.0
2025-03-05		FBbt_00067123		1	1	0.0
2025-03-05		FBbt_00067123	VFB_00017894	1	1	0.0
2025-03-05		FBbt_20007671		5	1	0.0
2025-03-05		FBbt_20007671	VFB_00101567	5	1	0.0
2025-03-05		VFB_00014647		1	1	4.0
2025-03-05		VFB_00014647	VFB_00101567	1	1	0.0
2025-03-05		VFB_00017894		2	1	28.0
2025-03-05		VFB_00017894	VFB_00017894	4	2	0.0
2025-03-05		VFB_00017901		2	1	3.0
2025-03-05		VFB_00017901	VFB_00101567	2	1	0.0
2025-03-05		VFB_00020363		4	1	0.0
2025-03-05		VFB_00020363	VFB_00101567	4	1	0.0
2025-03-05		VFB_00022034		4	1	164.0
2025-03-05		VFB_00022034	VFB_00101567	4	2	0.0
2025-03-05		VFB_00030849		4	1	0.0
2025-03-05		VFB_00030849	VFB_00101567	4	1	0.0
2025-03-05		VFB_00030852		35	1	0.0
2025-03-05		VFB_00030852	VFB_00030786	18	1	0.0
2025-03-05		VFB_00030852	VFB_00101567	17	1	0.0
2025-03-05		VFB_00030867		35	5	21.0
2025-03-05		VFB_00030867	VFB_00017894	29	4	0.0
2025-03-05		VFB_00030867	VFB_00101567	6	3	0.0
2025-03-05		VFB_00043112		7	2	20.0
2025-03-05		VFB_00043112	VFB_00101567	7	4	0.0
2025-03-05		VFB_00050274		15	1	0.0
2025-03-05		VFB_00050274	VFB_00049000	15	1	0.0
2025-03-05		VFB_00055119		36	1	0.0
2025-03-05		VFB_00055119	VFB_00049000	36	1	0.0
2025-03-05		VFB_00058300		2	1	0.0
2025-03-05		VFB_00058300	VFB_00101567	2	1	0.0
2025-03-05		VFB_00066067		8	1	0.0
2025-03-05		VFB_00066067	VFB_00101567	8	1	0.0
2025-03-05		VFB_00066375		11	1	149.0
2025-03-05		VFB_00066375	VFB_00101567	4	1	0.0
2025-03-05		VFB_00066376		1	1	0.0
2025-03-05		VFB_00066376	VFB_00101567	1	1	0.0
2025-03-05		VFB_00066955		23	1	33.0
2025-03-05		VFB_00066955	VFB_00101567	24	2	0.0
2025-03-05		VFB_00067537		1	1	0.0
2025-03-05		VFB_00067537	VFB_00101567	1	1	0.0
2025-03-05		VFB_00069510		2	1	4.0
2025-03-05		VFB_00069510	VFB_00101567	2	1	0.0
2025-03-05		VFB_00100000		2	1	0.0
2025-03-05		VFB_00100000	VFB_00100000	2	1	0.0
2025-03-05		VFB_00100506		2	1	0.0
2025-03-05		VFB_00100506	VFB_00050000	2	1	0.0
2025-03-05		VFB_00100659		3	1	2.0
2025-03-05		VFB_00100659	VFB_00050000	3	2	0.0
2025-03-05		VFB_00100850		3	1	0.0
2025-03-05		VFB_00100850	VFB_00050000	3	2	0.0
2025-03-05		VFB_00100d2k		23	1	0.0
2025-03-05		VFB_00100d2k	VFB_00101567	7	1	0.0
2025-03-05		VFB_00100d2k	VFB_00200000	16	1	0.0
2025-03-05		VFB_00100y5z		4	1	0.0
2025-03-05		VFB_00100y5z	VFB_00101567	4	2	0.0
2025-03-05		VFB_00101382		16	1	0.0
2025-03-05		VFB_00101382	VFB_00101567	16	1	0.0
2025-03-05		VFB_0010138k		2	1	0.0
2025-03-05		VFB_0010138k	VFB_00101567	2	1	0.0
2025-03-05		VFB_00101450		2	1	5.0
2025-03-05		VFB_00101450	VFB_00101567	2	1	0.0
2025-03-05		VFB_00101482		23	1	30.0
2025-03-05		VFB_00101482	VFB_00050000	22	1	0.0
2025-03-05		VFB_001014uq		5	2	47.0
2025-03-05		VFB_001014uq	VFB_00101567	4	2	0.0
2025-03-05		VFB_001014uq	VFB_00110000	1	1	0.0
2025-03-05		VFB_00101567		126	25	62.0
2025-03-05		VFB_00101567	VFB_00101567	164	42	0.0
2025-03-05		VFB_00102114		2	1	0.0
2025-03-05		VFB_00102114	VFB_00101567	2	1	0.0
2025-03-05		VFB_00102118		4	1	14.0
2025-03-05		VFB_00102118	VFB_00101567	3	1	0.0
2025-03-05		VFB_00102119		5	1	28.0
2025-03-05		VFB_00102119	VFB_00101567	6	2	0.0
2025-03-05		VFB_00102121		4	1	9.0
2025-03-05		VFB_00102121	VFB_00101567	5	3	0.0
2025-03-05		VFB_00102123		11	1	69.0
2025-03-05		VFB_00102123	VFB_00101567	10	3	0.0
2025-03-05		VFB_00102124		10	1	69.0
2025-03-05		VFB_00102124	VFB_00101567	9	3	0.0
2025-03-05		VFB_00102133		22	1	201.0
2025-03-05		VFB_00102133	VFB_00101567	23	3	0.0
2025-03-05		VFB_00102146		4	1	7.0
2025-03-05		VFB_00102146	VFB_00101567	4	2	0.0
2025-03-05		VFB_00102162		7	1	0.0
2025-03-05		VFB_00102162	VFB_00101567	7	1	0.0
2025-03-05		VFB_00102170		16	1	0.0
2025-03-05		VFB_00102170	VFB_00101567	16	1	0.0
2025-03-05		VFB_00102185		5	1	2.0
2025-03-05		VFB_00102185	VFB_00101567	4	2	0.0
2025-03-05		VFB_00102274		22	1	0.0
2025-03-05		VFB_00102274	VFB_00101567	22	1	0.0
2025-03-05		VFB_00102280		4	1	167.0
2025-03-05		VFB_00102280	VFB_00101567	4	2	0.0
2025-03-05		VFB_001029mg		2	1	3.0
2025-03-05		VFB_001029mg	VFB_00101567	2	1	0.0
2025-03-05		VFB_00102eyc		16	1	0.0
2025-03-05		VFB_00102eyc	VFB_00050000	16	1	0.0
2025-03-05		VFB_00102f29		14	1	2.0
2025-03-05		VFB_00102f29	VFB_00050000	14	2	0.0
2025-03-05		VFB_00103nwm		7	1	9.0
2025-03-05		VFB_00103nwm	VFB_00101567	7	2	0.0
2025-03-05		VFB_fw001048		5	1	0.0
2025-03-05		VFB_fw001048	VFB_00101567	5	1	0.0
2025-03-05		VFB_fw004270		6	1	0.0
2025-03-05		VFB_fw004270	VFB_00101567	6	1	0.0
2025-03-05		VFB_fw008249		22	1	0.0
2025-03-05		VFB_fw008249	VFB_00101567	22	1	0.0
2025-03-05		VFB_fw033045		2	1	0.0
2025-03-05		VFB_fw033045	VFB_00101567	2	1	0.0
2025-03-05		VFB_fw034617		16	1	0.0
2025-03-05		VFB_fw034617	VFB_00101567	16	1	0.0
2025-03-05		VFB_fw035398		2	1	0.0
2025-03-05		VFB_fw035398	VFB_00101567	2	1	0.0
2025-03-05		VFB_fw119592		3	1	22.0
2025-03-05		VFB_fw119592	VFB_00101567	3	2	0.0
2025-03-05		VFB_jrchjtn1		5	1	0.0
2025-03-05		VFB_jrchjtn1	VFB_00101567	5	1	0.0
2025-03-05		VFB_jrchk32k		1	1	0.0
2025-03-05		VFB_jrchk32k	VFB_00101567	1	1	0.0
2025-03-05		VFB_jrchk7yf		7	1	0.0
2025-03-05		VFB_jrchk7yf	VFB_00101567	7	2	0.0
2025-03-05		VFB_jrchk7zt		1	1	0.0
2025-03-05		VFB_jrchk7zt	VFB_00101567	1	1	0.0
2025-03-05		VFB_jrchk88x		12	1	48.0
2025-03-05		VFB_jrchk88x	VFB_00101384	3	1	0.0
2025-03-05		VFB_jrchk88x	VFB_00101567	9	2	0.0
2025-03-05		VFBexp_FBtp0001		2	1	0.0
2025-03-05		VFBexp_FBtp0001	VFB_00017894	2	1	0.0
2025-03-05		VFBexp_FBtp0060		1	1	0.0
2025-03-05		VFBexp_FBtp0060	VFB_00101567	1	1	0.0
2025-03-05		VFBexp_FBtp0061		2	1	0.0
2025-03-05		VFBexp_FBtp0061	VFB_00101567	2	1	0.0
2025-03-05		VFBexp_FBtp0101		5	1	1.0
2025-03-05		VFBexp_FBtp0101	VFB_00101567	3	3	0.0
2025-03-05		VFBexp_FBtp0121		1	1	0.0
2025-03-05		VFBexp_FBtp0121	VFB_00101567	1	1	0.0
2025-03-05		VFBexp_FBtp0123		1	1	0.0
2025-03-05		VFBexp_FBtp0123	VFB_00101567	1	1	0.0
2025-03-05		VFBexp_FBtp0124		12	1	0.0
2025-03-05		VFBexp_FBtp0124	VFB_00101567	1	1	0.0
2025-03-05		VFBexp_FBtp0124	VFB_00200000	11	1	0.0
2025-03-05	v2-dev.virtualflybrain.org	VFB_00101567	VFB_00101567	2	3	0.0
2025-03-05	v2-dev.virtualflybrain.org	VFB_jrchk7yf	VFB_00101567	8	1	0.0
2025-03-05	v2.virtualflybrain.org	FBbt_00001453		1	1	16.0
2025-03-05	v2.virtualflybrain.org	FBbt_00001945	VFB_00050000	6	1	0.0
2025-03-05	v2.virtualflybrain.org	FBbt_00001988	VFB_00050000	0	1	0.0
2025-03-05	v2.virtualflybrain.org	FBbt_00002208	VFB_00050000	0	1	0.0
2025-03-05	v2.virtualflybrain.org	FBbt_00003004	VFB_00101567	0	1	6.0
2025-03-05	v2.virtualflybrain.org	FBbt_00003624		1	1	1.0
2025-03-05	v2.virtualflybrain.org	FBbt_00003624	VFB_00101567	0	5	182.0
2025-03-05	v2.virtualflybrain.org	FBbt_00003651	VFB_00101567	6	1	0.0
2025-03-05	v2.virtualflybrain.org	FBbt_00003681	VFB_00101567	0	1	7.0
2025-03-05	v2.virtualflybrain.org	FBbt_00003684	VFB_00101567	0	1	3.0
2025-03-05	v2.virtualflybrain.org	FBbt_00003686	VFB_00101567	0	1	54.0
2025-03-05	v2.virtualflybrain.org	FBbt_00003748	VFB_00017894	0	2	64.0
2025-03-05	v2.virtualflybrain.org	FBbt_00003748	VFB_00101567	0	1	8.0
2025-03-05	v2.virtualflybrain.org	FBbt_00003763	VFB_00101567	0	1	16.0
2025-03-05	v2.virtualflybrain.org	FBbt_00005801	VFB_00050000	7	1	1.0
2025-03-05	v2.virtualflybrain.org	FBbt_00005801	VFB_00101567	0	1	72.0
2025-03-05	v2.virtualflybrain.org	FBbt_00007050	VFB_00101567	0	1	240.0
2025-03-05	v2.virtualflybrain.org	FBbt_00007053	VFB_00101567	1	1	0.0
2025-03-05	v2.virtualflybrain.org	FBbt_00007055	VFB_00101567	2	1	0.0
2025-03-05	v2.virtualflybrain.org	FBbt_00007385	VFB_00101567	0	1	2.0
2025-03-05	v2.virtualflybrain.org	FBbt_00007453	VFB_00101567	0	1	1.0
2025-03-05	v2.virtualflybrain.org	FBbt_00013688	VFB_00101567	0	1	18.0
2025-03-05	v2.virtualflybrain.org	FBbt_00013774	VFB_00101567	0	3	234.0
2025-03-05	v2.virtualflybrain.org	FBbt_00014013	VFB_00101567	0	2	1.0
2025-03-05	v2.virtualflybrain.org	FBbt_00040001	VFB_00017894	4	2	0.0
2025-03-05	v2.virtualflybrain.org	FBbt_00040041	VFB_00017894	3	1	0.0
2025-03-05	v2.virtualflybrain.org	FBbt_00040041	VFB_00101567	1	5	40.0
2025-03-05	v2.virtualflybrain.org	FBbt_00040042	VFB_00101567	0	2	117.0
2025-03-05	v2.virtualflybrain.org	FBbt_00040043	VFB_00101567	0	5	24.0
2025-03-05	v2.virtualflybrain.org	FBbt_00040050	VFB_00101567	2	2	35.0
2025-03-05	v2.virtualflybrain.org	FBbt_00045027	VFB_00101567	0	2	28.0
2025-03-05	v2.virtualflybrain.org	FBbt_00045048	VFB_00101567	0	1	9.0
2025-03-05	v2.virtualflybrain.org	FBbt_00045051	VFB_00101567	5	3	0.0
2025-03-05	v2.virtualflybrain.org	FBbt_00047574	VFB_00101567	0	2	38.0
2025-03-05	v2.virtualflybrain.org	FBbt_00047788	VFB_00050000	0	1	9.0
2025-03-05	v2.virtualflybrain.org	FBbt_00047887	VFB_00101567	7	5	0.0
2025-03-05	v2.virtualflybrain.org	FBbt_00050275		1	1	0.0
2025-03-05	v2.virtualflybrain.org	FBbt_00067123	VFB_00017894	2	1	0.0
2025-03-05	v2.virtualflybrain.org	FBbt_00110866		1	1	0.0
2025-03-05	v2.virtualflybrain.org	FBbt_20007671	VFB_00101567	5	1	0.0
2025-03-05	v2.virtualflybrain.org	GO_0014055		2	1	0.0
2025-03-05	v2.virtualflybrain.org	VFB_00014647	VFB_00101567	2	1	7.0
2025-03-05	v2.virtualflybrain.org	VFB_00017894	VFB_00017894	0	8	82.0
2025-03-05	v2.virtualflybrain.org	VFB_00017901	VFB_00017901	1	2	0.0
2025-03-05	v2.virtualflybrain.org	VFB_00017901	VFB_00101567	0	1	34.0
2025-03-05	v2.virtualflybrain.org	VFB_00020363	VFB_00101567	5	1	0.0
2025-03-05	v2.virtualflybrain.org	VFB_00022034	VFB_00101567	0	2	129.0
2025-03-05	v2.virtualflybrain.org	VFB_00030786	VFB_00030786	0	1	0.0
2025-03-05	v2.virtualflybrain.org	VFB_00030849	VFB_00101567	4	1	0.0
2025-03-05	v2.virtualflybrain.org	VFB_00030852	VFB_00030786	24	1	4728.0
2025-03-05	v2.virtualflybrain.org	VFB_00030852	VFB_00101567	20	2	2737.0
2025-03-05	v2.virtualflybrain.org	VFB_00030867	VFB_00017894	33	7	47.0
2025-03-05	v2.virtualflybrain.org	VFB_00030867	VFB_00101567	1	5	118.0
2025-03-05	v2.virtualflybrain.org	VFB_00043112	VFB_00101567	0	2	40.0
2025-03-05	v2.virtualflybrain.org	VFB_00049000	VFB_00049000	0	2	0.0
2025-03-05	v2.virtualflybrain.org	VFB_00050000	VFB_00050000	0	7	0.0
2025-03-05	v2.virtualflybrain.org	VFB_00050274	VFB_00049000	18	1	11.0
2025-03-05	v2.virtualflybrain.org	VFB_00055119	VFB_00049000	47	1	1263.0
2025-03-05	v2.virtualflybrain.org	VFB_00058300	VFB_00101567	0	2	41.0
2025-03-05	v2.virtualflybrain.org	VFB_00066067	VFB_00101567	8	1	0.0
2025-03-05	v2.virtualflybrain.org	VFB_00066375	VFB_00017894	1	2	1.0
2025-03-05	v2.virtualflybrain.org	VFB_00066375	VFB_00101567	0	2	180.0
2025-03-05	v2.virtualflybrain.org	VFB_00066955	VFB_00101567	5	3	1713.0
2025-03-05	v2.virtualflybrain.org	VFB_00067537	VFB_00101567	0	1	22.0
2025-03-05	v2.virtualflybrain.org	VFB_00069510	VFB_00069510	2	2	33.0
2025-03-05	v2.virtualflybrain.org	VFB_00069510	VFB_00101567	1	1	62.0
2025-03-05	v2.virtualflybrain.org	VFB_00100000	VFB_00100000	2	2	4.0
2025-03-05	v2.virtualflybrain.org	VFB_00100506	VFB_00050000	3	1	0.0
2025-03-05	v2.virtualflybrain.org	VFB_00100659	VFB_00050000	0	1	2.0
2025-03-05	v2.virtualflybrain.org	VFB_00100850	VFB_00050000	8	3	195.0
2025-03-05	v2.virtualflybrain.org	VFB_00100d2k	VFB_00101567	10	1	0.0
2025-03-05	v2.virtualflybrain.org	VFB_00100d2k	VFB_00200000	19	1	0.0
2025-03-05	v2.virtualflybrain.org	VFB_00100ww0	VFB_00101567	0	1	0.0
2025-03-05	v2.virtualflybrain.org	VFB_00100y5z	VFB_00101567	2	3	0.0
2025-03-05	v2.virtualflybrain.org	VFB_00101382	VFB_00101567	19	2	207.0
2025-03-05	v2.virtualflybrain.org	VFB_0010138k	VFB_00101567	0	1	38.0
2025-03-05	v2.virtualflybrain.org	VFB_00101450	VFB_00101567	0	2	12.0
2025-03-05	v2.virtualflybrain.org	VFB_00101482	VFB_00050000	0	1	0.0
2025-03-05	v2.virtualflybrain.org	VFB_00101482	VFB_00101482	1	2	1.0
2025-03-05	v2.virtualflybrain.org	VFB_001014uq	VFB_00101567	1	3	83.0
2025-03-05	v2.virtualflybrain.org	VFB_001014uq	VFB_00110000	1	2	0.0
2025-03-05	v2.virtualflybrain.org	VFB_00101567	VFB_00101567	58	84	1467.0
2025-03-05	v2.virtualflybrain.org	VFB_00102114	VFB_00101567	0	1	4.0
2025-03-05	v2.virtualflybrain.org	VFB_00102118	VFB_00101567	0	1	7.0
2025-03-05	v2.virtualflybrain.org	VFB_00102119	VFB_00101567	0	1	2.0
2025-03-05	v2.virtualflybrain.org	VFB_00102121	VFB_00101567	0	1	13.0
2025-03-05	v2.virtualflybrain.org	VFB_00102123	VFB_00101567	0	1	3.0
2025-03-05	v2.virtualflybrain.org	VFB_00102124	VFB_00101567	0	1	0.0
2025-03-05	v2.virtualflybrain.org	VFB_00102133	VFB_00101567	11	3	1412.0
2025-03-05	v2.virtualflybrain.org	VFB_00102146	VFB_00101567	0	2	28.0
2025-03-05	v2.virtualflybrain.org	VFB_00102162	VFB_00101567	7	2	45.0
2025-03-05	v2.virtualflybrain.org	VFB_00102170	VFB_00101567	19	1	107.0
2025-03-05	v2.virtualflybrain.org	VFB_00102185	VFB_00101567	1	2	11.0
2025-03-05	v2.virtualflybrain.org	VFB_00102274	VFB_00101567	25	1	0.0
2025-03-05	v2.virtualflybrain.org	VFB_00102280	VFB_00101567	0	3	294.0
2025-03-05	v2.virtualflybrain.org	VFB_001029mg	VFB_00101567	0	2	114.0
2025-03-05	v2.virtualflybrain.org	VFB_00102eyc	VFB_00050000	19	1	5.0
2025-03-05	v2.virtualflybrain.org	VFB_00102f29	VFB_00050000	0	2	5.0
2025-03-05	v2.virtualflybrain.org	VFB_00103nol	VFB_00101567	1	0	0.0
2025-03-05	v2.virtualflybrain.org	VFB_00103nwm	VFB_00101567	0	1	53.0
2025-03-05	v2.virtualflybrain.org	VFB_00200000	VFB_00200000	0	2	0.0
2025-03-05	v2.virtualflybrain.org	VFB_fw001048	VFB_00101567	5	2	0.0
2025-03-05	v2.virtualflybrain.org	VFB_fw004270	VFB_00101567	6	1	0.0
2025-03-05	v2.virtualflybrain.org	VFB_fw008249	VFB_00101567	25	1	0.0
2025-03-05	v2.virtualflybrain.org	VFB_fw033045	VFB_00101567	0	1	0.0
2025-03-05	v2.virtualflybrain.org	VFB_fw034617	VFB_00101567	19	1	124.0
2025-03-05	v2.virtualflybrain.org	VFB_fw035398	VFB_00101567	3	2	0.0
2025-03-05	v2.virtualflybrain.org	VFB_fw119592	VFB_00101567	0	1	0.0
2025-03-05	v2.virtualflybrain.org	VFB_jrchjtn1	VFB_00101567	5	1	0.0
2025-03-05	v2.virtualflybrain.org	VFB_jrchk32k	VFB_00101567	1	1	3.0
2025-03-05	v2.virtualflybrain.org	VFB_jrchk66t	VFB_00101567	0	1	0.0
2025-03-05	v2.virtualflybrain.org	VFB_jrchk7zt	VFB_00101567	2	1	0.0
2025-03-05	v2.virtualflybrain.org	VFB_jrchk88x	VFB_00101384	1	3	1.0
2025-03-05	v2.virtualflybrain.org	VFB_jrchk88x	VFB_00101567	0	2	13.0
2025-03-05	v2.virtualflybrain.org	VFBexp_FBti0201	VFB_00101567	1	0	0.0
2025-03-05	v2.virtualflybrain.org	VFBexp_FBtp0001	VFB_00017894	0	2	212.0
2025-03-05	v2.virtualflybrain.org	VFBexp_FBtp0060	VFB_00101567	0	1	14.0
2025-03-05	v2.virtualflybrain.org	VFBexp_FBtp0061	VFB_00101567	0	2	54.0
2025-03-05	v2.virtualflybrain.org	VFBexp_FBtp0101	VFB_00101567	1	3	335.0
2025-03-05	v2.virtualflybrain.org	VFBexp_FBtp0121		1	1	0.0
2025-03-05	v2.virtualflybrain.org	VFBexp_FBtp0123	VFB_00101567	1	1	0.0
2025-03-05	v2.virtualflybrain.org	VFBexp_FBtp0124	VFB_00101567	1	1	0.0
2025-03-05	v2.virtualflybrain.org	VFBexp_FBtp0124	VFB_00200000	11	1	0.0
2025-03-06		FBbt_00001371		1	1	0.0
2025-03-06		FBbt_00001371	VFB_00200000	1	1	0.0
2025-03-06		FBbt_00001453		9	1	0.0
2025-03-06		FBbt_00001453	VFB_00050000	9	2	0.0
2025-03-06		FBbt_00001567		1	1	0.0
2025-03-06		FBbt_00001567	VFB_00050000	1	1	0.0
2025-03-06		FBbt_00001919		1	1	0.0
2025-03-06		FBbt_00001919	VFB_00050000	1	1	0.0
2025-03-06		FBbt_00001945		3	1	0.0
2025-03-06		FBbt_00001945	VFB_00050000	3	1	0.0
2025-03-06		FBbt_00002208		8	1	0.0
2025-03-06		FBbt_00002208	VFB_00050000	8	1	0.0
2025-03-06		FBbt_00003007		3	1	0.0
2025-03-06		FBbt_00003007	VFB_00110000	4	1	0.0
2025-03-06		FBbt_00003624		21	5	2.0
2025-03-06		FBbt_00003624	VFB_00101567	27	7	0.0
2025-03-06		FBbt_00003625		16	1	11.0
2025-03-06		FBbt_00003625	VFB_00101567	16	1	0.0
2025-03-06		FBbt_00003632		11	3	0.0
2025-03-06		FBbt_00003632	VFB_00101567	11	3	0.0
2025-03-06		FBbt_00003668		1	1	0.0
2025-03-06		FBbt_00003668	VFB_00101567	1	1	0.0
2025-03-06		FBbt_00003678		3	1	0.0
2025-03-06		FBbt_00003678	VFB_00101567	8	2	0.0
2025-03-06		FBbt_00003679		4	2	0.0
2025-03-06		FBbt_00003679	VFB_00101567	4	2	0.0
2025-03-06		FBbt_00003680		5	4	0.0
2025-03-06		FBbt_00003680	VFB_00101567	5	4	0.0
2025-03-06		FBbt_00003681		11	5	0.0
2025-03-06		FBbt_00003681	VFB_00101567	11	5	0.0
2025-03-06		FBbt_00003684		14	5	0.0
2025-03-06		FBbt_00003684	VFB_00101567	15	5	0.0
2025-03-06		FBbt_00003700		1	1	0.0
2025-03-06		FBbt_00003700	VFB_00101567	1	1	0.0
2025-03-06		FBbt_00003720		2	2	0.0
2025-03-06		FBbt_00003720	VFB_00101567	2	2	0.0
2025-03-06		FBbt_00003727		7	1	11.0
2025-03-06		FBbt_00003727	VFB_00101567	7	1	0.0
2025-03-06		FBbt_00003748		18	8	0.0
2025-03-06		FBbt_00003748	VFB_00101567	18	9	0.0
2025-03-06		FBbt_00003852		1	1	0.0
2025-03-06		FBbt_00003852	VFB_00101567	1	1	0.0
2025-03-06		FBbt_00003924		1	1	0.0
2025-03-06		FBbt_00003924	VFB_00101567	1	1	0.0
2025-03-06		FBbt_00004052		1	1	0.0
2025-03-06		FBbt_00004052	VFB_00200000	1	1	0.0
2025-03-06		FBbt_00004066		3	1	0.0
2025-03-06		FBbt_00004066	VFB_00200000	3	2	0.0
2025-03-06		FBbt_00004068		3	1	0.0
2025-03-06		FBbt_00004068	VFB_00200000	3	3	0.0
2025-03-06		FBbt_00005801		3	1	0.0
2025-03-06		FBbt_00005801	VFB_00050000	3	1	0.0
2025-03-06		FBbt_00007050		3	2	0.0
2025-03-06		FBbt_00007050	VFB_00101567	3	2	0.0
2025-03-06		FBbt_00007053		3	2	0.0
2025-03-06		FBbt_00007053	VFB_00101567	3	2	0.0
2025-03-06		FBbt_00007054		2	1	0.0
2025-03-06		FBbt_00007054	VFB_00101567	2	1	0.0
2025-03-06		FBbt_00007055		2	1	0.0
2025-03-06		FBbt_00007055	VFB_00101567	2	1	0.0
2025-03-06		FBbt_00007059		2	1	0.0
2025-03-06		FBbt_00007059	VFB_00101567	2	1	0.0
2025-03-06		FBbt_00007066		2	1	0.0
2025-03-06		FBbt_00007066	VFB_00050000	2	1	0.0
2025-03-06		FBbt_00007145		7	2	0.0
2025-03-06		FBbt_00007145	VFB_00101567	7	2	0.0
2025-03-06		FBbt_00007147		5	3	0.0
2025-03-06		FBbt_00007147	VFB_00101567	5	3	0.0
2025-03-06		FBbt_00007677		1	1	0.0
2025-03-06		FBbt_00007677	VFB_00101567	1	1	0.0
2025-03-06		FBbt_00013688		2	1	0.0
2025-03-06		FBbt_00013688	VFB_00101567	2	1	0.0
2025-03-06		FBbt_00013691		1	1	0.0
2025-03-06		FBbt_00013691	VFB_00101567	1	1	0.0
2025-03-06		FBbt_00013695		1	1	0.0
2025-03-06		FBbt_00013695	VFB_00101567	1	1	0.0
2025-03-06		FBbt_00014013		3	2	0.0
2025-03-06		FBbt_00014013	VFB_00101567	3	3	0.0
2025-03-06		FBbt_00040001		9	3	0.0
2025-03-06		FBbt_00040001	VFB_00101567	9	3	0.0
2025-03-06		FBbt_00040002		4	2	0.0
2025-03-06		FBbt_00040002	VFB_00101567	5	2	0.0
2025-03-06		FBbt_00040037		3	1	0.0
2025-03-06		FBbt_00040037	VFB_00101567	3	1	0.0
2025-03-06		FBbt_00040041		5	1	0.0
2025-03-06		FBbt_00040041	VFB_00101567	5	1	0.0
2025-03-06		FBbt_00040042		6	4	0.0
2025-03-06		FBbt_00040042	VFB_00101567	6	4	0.0
2025-03-06		FBbt_00040043		10	5	0.0
2025-03-06		FBbt_00040043	VFB_00101567	10	6	0.0
2025-03-06		FBbt_00040049		4	1	0.0
2025-03-06		FBbt_00040049	VFB_00101567	4	1	0.0
2025-03-06		FBbt_00040071		2	1	0.0
2025-03-06		FBbt_00040071	VFB_00101567	2	1	0.0
2025-03-06		FBbt_00040072		2	1	0.0
2025-03-06		FBbt_00040072	VFB_00101567	2	1	0.0
2025-03-06		FBbt_00045003		2	1	0.0
2025-03-06		FBbt_00045003	VFB_00101567	2	1	0.0
2025-03-06		FBbt_00045004		1	1	0.0
2025-03-06		FBbt_00045004	VFB_00101567	1	1	0.0
2025-03-06		FBbt_00045027		3	2	0.0
2025-03-06		FBbt_00045027	VFB_00101567	3	2	0.0
2025-03-06		FBbt_00045032		1	1	0.0
2025-03-06		FBbt_00045032	VFB_00101567	1	1	0.0
2025-03-06		FBbt_00045047		2	1	0.0
2025-03-06		FBbt_00045047	VFB_00101567	2	1	0.0
2025-03-06		FBbt_00045048		8	4	0.0
2025-03-06		FBbt_00045048	VFB_00101567	8	6	0.0
2025-03-06		FBbt_00045050		11	3	0.0
2025-03-06		FBbt_00045050	VFB_00101567	11	4	0.0
2025-03-06		FBbt_00045051		5	1	0.0
2025-03-06		FBbt_00045051	VFB_00101567	5	1	0.0
2025-03-06		FBbt_00047348		1	1	0.0
2025-03-06		FBbt_00047348	VFB_00101567	1	1	0.0
2025-03-06		FBbt_00047887		9	5	0.0
2025-03-06		FBbt_00047887	VFB_00101567	9	5	0.0
2025-03-06		FBbt_00048686		1	1	0.0
2025-03-06		FBbt_00048686	VFB_00101567	1	1	0.0
2025-03-06		FBbt_00049466		3	1	3.0
2025-03-06		FBbt_00049466	VFB_00101567	3	1	0.0
2025-03-06		FBbt_00051522		10	1	23.0
2025-03-06		FBbt_00051522	VFB_00101567	10	1	0.0
2025-03-06		FBbt_00052193		3	1	100.0
2025-03-06		FBbt_00052193	VFB_00050000	3	1	0.0
2025-03-06		FBbt_00052725		4	1	4.0
2025-03-06		FBbt_00052725	VFB_00200000	7	2	0.0
2025-03-06		FBbt_00052726		1	1	0.0
2025-03-06		FBbt_00052726	VFB_00200000	1	1	0.0
2025-03-06		FBbt_00058206		1	1	0.0
2025-03-06		FBbt_00058206	VFB_00101567	6	1	0.0
2025-03-06		FBbt_00059075		1	1	0.0
2025-03-06		FBbt_00059075	VFB_00200000	1	1	0.0
2025-03-06		FBbt_00067123		10	1	0.0
2025-03-06		FBbt_00067123	VFB_00017894	10	1	0.0
2025-03-06		FBbt_00100483		2	1	0.0
2025-03-06		FBbt_00100483	VFB_00101567	2	1	0.0
2025-03-06		FBbt_00110273		2	1	0.0
2025-03-06		FBbt_00110273	VFB_00049000	12	1	0.0
2025-03-06		FBbt_00110273	VFB_00050000	1	1	0.0
2025-03-06		FBbt_00110636		9	3	0.0
2025-03-06		FBbt_00110636	VFB_00101567	9	3	0.0
2025-03-06		FBbt_00110638		6	2	0.0
2025-03-06		FBbt_00110638	VFB_00101567	6	2	0.0
2025-03-06		FBbt_00110639		2	1	0.0
2025-03-06		FBbt_00110639	VFB_00101567	2	1	0.0
2025-03-06		FBbt_00110658		5	1	0.0
2025-03-06		FBbt_00110658	VFB_00101567	5	1	0.0
2025-03-06		FBbt_00110931		2	1	0.0
2025-03-06		FBbt_00110931	VFB_00101567	2	2	0.0
2025-03-06		FBbt_00111154		3	1	42.0
2025-03-06		FBbt_00111154	VFB_00101567	3	1	0.0
2025-03-06		FBbt_00111203		2	1	16.0
2025-03-06		FBbt_00111203	VFB_00050000	2	1	0.0
2025-03-06		FBbt_00111291		2	1	0.0
2025-03-06		FBbt_00111291	VFB_00101567	2	1	0.0
2025-03-06		FBbt_00111635		1	1	0.0
2025-03-06		FBbt_00111635	VFB_00050000	1	1	0.0
2025-03-06		FBbt_00111636		1	1	0.0
2025-03-06		FBbt_00111636	VFB_00050000	1	1	0.0
2025-03-06		FBbt_00111742		2	1	10.0
2025-03-06		FBbt_00111742	VFB_00101567	2	1	0.0
2025-03-06		FBbt_20001721		1	1	0.0
2025-03-06		FBbt_20001721	VFB_00101567	1	1	0.0
2025-03-06		FBbt_20002047		1	1	0.0
2025-03-06		FBbt_20002047	VFB_00101567	1	1	0.0
2025-03-06		FBbt_20003732		3	1	0.0
2025-03-06		FBbt_20003732	VFB_00101567	3	2	0.0
2025-03-06		FBbt_20011355		1	1	0.0
2025-03-06		FBbt_20011355	VFB_00101567	1	1	0.0
2025-03-06		VFB_00001482		2	1	1.0
2025-03-06		VFB_00001482	VFB_00101567	2	1	0.0
2025-03-06		VFB_00005465		1	1	2.0
2025-03-06		VFB_00005465	VFB_00101567	1	1	0.0
2025-03-06		VFB_00005580		24	1	25.0
2025-03-06		VFB_00005580	VFB_00101567	24	2	0.0
2025-03-06		VFB_00017894		2	1	0.0
2025-03-06		VFB_00017894	VFB_00017894	2	1	0.0
2025-03-06		VFB_00021478		3	1	0.0
2025-03-06		VFB_00021478	VFB_00101567	2	2	0.0
2025-03-06		VFB_00030786		5	2	0.0
2025-03-06		VFB_00030786	VFB_00030786	6	3	25.0
2025-03-06		VFB_00030852		25	1	4.0
2025-03-06		VFB_00030852	VFB_00030786	15	1	0.0
2025-03-06		VFB_00030852	VFB_00101567	10	1	0.0
2025-03-06		VFB_00030867		8	1	3.0
2025-03-06		VFB_00030867	VFB_00017894	8	1	0.0
2025-03-06		VFB_00030877		4	1	5.0
2025-03-06		VFB_00030877	VFB_00017894	1	1	0.0
2025-03-06		VFB_00030877	VFB_00101567	3	1	0.0
2025-03-06		VFB_00049000		18	2	22.0
2025-03-06		VFB_00049000	VFB_00049000	8	3	4.0
2025-03-06		VFB_00050000		9	3	8.0
2025-03-06		VFB_00050000	VFB_00050000	11	5	30.0
2025-03-06		VFB_00050274		5	1	2.0
2025-03-06		VFB_00050274	VFB_00049000	5	1	0.0
2025-03-06		VFB_00055119		24	1	2.0
2025-03-06		VFB_00055119	VFB_00049000	24	1	0.0
2025-03-06		VFB_00065866		7	2	7.0
2025-03-06		VFB_00065866	VFB_00101567	7	3	0.0
2025-03-06		VFB_00066067		2	1	0.0
2025-03-06		VFB_00066067	VFB_00101567	2	1	0.0
2025-03-06		VFB_0010022d		5	1	257.0
2025-03-06		VFB_0010022d	VFB_00050000	5	1	0.0
2025-03-06		VFB_0010022e		9	1	52.0
2025-03-06		VFB_0010022e	VFB_00050000	9	1	0.0
2025-03-06		VFB_00100239		2	1	12.0
2025-03-06		VFB_00100239	VFB_00050000	2	1	0.0
2025-03-06		VFB_00100362		13	1	3.0
2025-03-06		VFB_00100362	VFB_00050000	13	2	0.0
2025-03-06		VFB_00100388		9	1	1.0
2025-03-06		VFB_00100388	VFB_00050000	1	1	0.0
2025-03-06		VFB_00100388	VFB_00101567	8	1	0.0
2025-03-06		VFB_00100850		10	1	0.0
2025-03-06		VFB_00100850	VFB_00050000	10	2	0.0
2025-03-06		VFB_00100d2k		37	1	0.0
2025-03-06		VFB_00100d2k	VFB_00101567	17	1	0.0
2025-03-06		VFB_00100d2k	VFB_00200000	20	1	0.0
2025-03-06		VFB_00100ypt		6	1	33.0
2025-03-06		VFB_00100ypt	VFB_00101567	6	2	0.0
2025-03-06		VFB_00100zkv		13	1	13.0
2025-03-06		VFB_00100zkv	VFB_00101567	17	5	0.0
2025-03-06		VFB_00101132		3	1	4.0
2025-03-06		VFB_00101132	VFB_00101567	3	1	0.0
2025-03-06		VFB_001011g9		8	1	0.0
2025-03-06		VFB_001011g9	VFB_00050000	8	1	0.0
2025-03-06		VFB_001011l4		3	1	0.0
2025-03-06		VFB_001011l4	VFB_00050000	3	1	0.0
2025-03-06		VFB_00101382		9	1	0.0
2025-03-06		VFB_00101382	VFB_00101567	9	1	0.0
2025-03-06		VFB_00101384		4	2	20.0
2025-03-06		VFB_00101384	VFB_00101384	6	4	31.0
2025-03-06		VFB_00101476		4	1	0.0
2025-03-06		VFB_00101476	VFB_00050000	3	1	0.0
2025-03-06		VFB_00101482		2	1	2.0
2025-03-06		VFB_00101482	VFB_00050000	2	1	0.0
2025-03-06		VFB_001014q9		3	1	1.0
2025-03-06		VFB_001014q9	VFB_00101567	3	1	0.0
2025-03-06		VFB_001014uq		7	2	9.0
2025-03-06		VFB_001014uq	VFB_00101567	7	3	0.0
2025-03-06		VFB_00101567		215	41	367.0
2025-03-06		VFB_00101567	VFB_00101567	252	65	285.0
2025-03-06		VFB_00102107		27	4	13.0
2025-03-06		VFB_00102107	VFB_00101567	26	6	0.0
2025-03-06		VFB_00102114		1	1	0.0
2025-03-06		VFB_00102114	VFB_00101567	1	1	0.0
2025-03-06		VFB_00102115		3	1	0.0
2025-03-06		VFB_00102115	VFB_00049000	2	1	0.0
2025-03-06		VFB_00102115	VFB_00050000	1	1	0.0
2025-03-06		VFB_00102123		4	1	1.0
2025-03-06		VFB_00102123	VFB_00101567	4	1	0.0
2025-03-06		VFB_00102133		5	1	0.0
2025-03-06		VFB_00102133	VFB_00101567	5	1	0.0
2025-03-06		VFB_00102134		5	1	0.0
2025-03-06		VFB_00102134	VFB_00101567	5	1	0.0
2025-03-06		VFB_00102137		1	1	0.0
2025-03-06		VFB_00102137	VFB_00101567	1	1	0.0
2025-03-06		VFB_00102139		3	2	1.0
2025-03-06		VFB_00102139	VFB_00101567	3	2	0.0
2025-03-06		VFB_00102140		4	3	4.0
2025-03-06		VFB_00102140	VFB_00101567	4	3	0.0
2025-03-06		VFB_00102141		2	1	0.0
2025-03-06		VFB_00102141	VFB_00101567	2	1	0.0
2025-03-06		VFB_00102146		3	2	8.0
2025-03-06		VFB_00102146	VFB_00101567	3	2	0.0
2025-03-06		VFB_00102148		2	1	1.0
2025-03-06		VFB_00102148	VFB_00101567	2	1	0.0
2025-03-06		VFB_00102152		2	1	0.0
2025-03-06		VFB_00102152	VFB_00101567	2	1	0.0
2025-03-06		VFB_00102154		2	1	1.0
2025-03-06		VFB_00102154	VFB_00101567	2	1	0.0
2025-03-06		VFB_00102159		2	1	1.0
2025-03-06		VFB_00102159	VFB_00101567	2	1	0.0
2025-03-06		VFB_00102162		11	2	0.0
2025-03-06		VFB_00102162	VFB_00101567	11	2	0.0
2025-03-06		VFB_00102164		2	1	0.0
2025-03-06		VFB_00102164	VFB_00101567	2	1	0.0
2025-03-06		VFB_00102166		5	1	56.0
2025-03-06		VFB_00102166	VFB_00050000	5	1	0.0
2025-03-06		VFB_00102170		24	2	1.0
2025-03-06		VFB_00102170	VFB_00101567	24	2	0.0
2025-03-06		VFB_00102171		2	1	0.0
2025-03-06		VFB_00102171	VFB_00101567	2	1	0.0
2025-03-06		VFB_00102176		2	1	0.0
2025-03-06		VFB_00102176	VFB_00101567	2	1	0.0
2025-03-06		VFB_00102179		2	1	0.0
2025-03-06		VFB_00102179	VFB_00101567	2	1	0.0
2025-03-06		VFB_00102185		2	1	0.0
2025-03-06		VFB_00102185	VFB_00101567	2	1	0.0
2025-03-06		VFB_00102190		2	1	1.0
2025-03-06		VFB_00102190	VFB_00101567	2	1	0.0
2025-03-06		VFB_00102196		5	1	0.0
2025-03-06		VFB_00102196	VFB_00050000	5	1	0.0
2025-03-06		VFB_00102201		2	2	3.0
2025-03-06		VFB_00102201	VFB_00101567	2	2	0.0
2025-03-06		VFB_00102212		2	1	0.0
2025-03-06		VFB_00102212	VFB_00101567	2	1	0.0
2025-03-06		VFB_00102213		2	1	0.0
2025-03-06		VFB_00102213	VFB_00101567	2	1	0.0
2025-03-06		VFB_00102214		2	1	1.0
2025-03-06		VFB_00102214	VFB_00101567	2	1	0.0
2025-03-06		VFB_00102215		2	1	1.0
2025-03-06		VFB_00102215	VFB_00101567	2	1	0.0
2025-03-06		VFB_00102218		2	1	1.0
2025-03-06		VFB_00102218	VFB_00101567	2	1	0.0
2025-03-06		VFB_00102271		4	2	1.0
2025-03-06		VFB_00102271	VFB_00101567	5	3	0.0
2025-03-06		VFB_00102273		2	1	1.0
2025-03-06		VFB_00102273	VFB_00101567	2	1	0.0
2025-03-06		VFB_00102274		40	4	14.0
2025-03-06		VFB_00102274	VFB_00101567	38	5	0.0
2025-03-06		VFB_00102275		3	2	1.0
2025-03-06		VFB_00102275	VFB_00101567	3	2	0.0
2025-03-06		VFB_00102276		2	1	1.0
2025-03-06		VFB_00102276	VFB_00101567	2	1	0.0
2025-03-06		VFB_00102282		1	1	0.0
2025-03-06		VFB_00102282	VFB_00101567	1	1	0.0
2025-03-06		VFB_00102eyc		3	1	0.0
2025-03-06		VFB_00102eyc	VFB_00050000	3	1	0.0
2025-03-06		VFB_00104bu1		7	1	76.0
2025-03-06		VFB_00104bu1	VFB_00101567	7	1	0.0
2025-03-06		VFB_00110000		3	1	3.0
2025-03-06		VFB_00110000	VFB_00110000	3	2	18.0
2025-03-06		VFB_00200000		12	2	20.0
2025-03-06		VFB_00200000	VFB_00200000	12	4	0.0
2025-03-06		VFB_fw000265		2	1	1.0
2025-03-06		VFB_fw000265	VFB_00101567	2	1	0.0
2025-03-06		VFB_fw000400		2	1	6.0
2025-03-06		VFB_fw000400	VFB_00101567	2	1	0.0
2025-03-06		VFB_fw000718		18	1	63.0
2025-03-06		VFB_fw000718	VFB_00101567	18	4	0.0
2025-03-06		VFB_fw001048		2	1	0.0
2025-03-06		VFB_fw001048	VFB_00101567	2	1	0.0
2025-03-06		VFB_fw004270		2	1	0.0
2025-03-06		VFB_fw004270	VFB_00101567	2	1	0.0
2025-03-06		VFB_fw004586		2	1	1.0
2025-03-06		VFB_fw004586	VFB_00101567	2	1	0.0
2025-03-06		VFB_fw007760		2	1	2.0
2025-03-06		VFB_fw007760	VFB_00101567	2	1	0.0
2025-03-06		VFB_fw007889		2	1	2.0
2025-03-06		VFB_fw007889	VFB_00101567	2	1	0.0
2025-03-06		VFB_fw008249		11	1	0.0
2025-03-06		VFB_fw008249	VFB_00101567	11	1	0.0
2025-03-06		VFB_fw008701		2	1	2.0
2025-03-06		VFB_fw008701	VFB_00101567	2	1	0.0
2025-03-06		VFB_fw008924		23	1	118.0
2025-03-06		VFB_fw008924	VFB_00101567	23	4	0.0
2025-03-06		VFB_fw010670		3	1	2.0
2025-03-06		VFB_fw010670	VFB_00101567	3	2	0.0
2025-03-06		VFB_fw024674		1	1	67.0
2025-03-06		VFB_fw024674	VFB_00101567	1	1	0.0
2025-03-06		VFB_fw033045		3	1	0.0
2025-03-06		VFB_fw033045	VFB_00101567	3	1	0.0
2025-03-06		VFB_fw034617		10	1	0.0
2025-03-06		VFB_fw034617	VFB_00101567	10	1	0.0
2025-03-06		VFB_fw035421		39	1	403.0
2025-03-06		VFB_fw035421	VFB_00101567	33	5	0.0
2025-03-06		VFB_fw035533		2	1	2.0
2025-03-06		VFB_fw035533	VFB_00101567	2	1	0.0
2025-03-06		VFB_fw035596		2	1	2.0
2025-03-06		VFB_fw035596	VFB_00101567	2	1	0.0
2025-03-06		VFB_fw036522		24	1	23.0
2025-03-06		VFB_fw036522	VFB_00101567	16	2	0.0
2025-03-06		VFB_fw036610		49	1	334.0
2025-03-06		VFB_fw036610	VFB_00101567	49	5	0.0
2025-03-06		VFB_fw036868		2	1	5.0
2025-03-06		VFB_fw036868	VFB_00101567	2	1	0.0
2025-03-06		VFB_fw036878		2	1	0.0
2025-03-06		VFB_fw036878	VFB_00101567	2	1	0.0
2025-03-06		VFB_fw036971		2	1	2.0
2025-03-06		VFB_fw036971	VFB_00101567	2	1	0.0
2025-03-06		VFB_fw036972		2	1	4.0
2025-03-06		VFB_fw036972	VFB_00101567	2	1	0.0
2025-03-06		VFB_fw042922		2	1	1.0
2025-03-06		VFB_fw042922	VFB_00101567	2	1	0.0
2025-03-06		VFB_fw101120		3	1	5.0
2025-03-06		VFB_fw101120	VFB_00101567	3	2	0.0
2025-03-06		VFB_fw128854		3	1	4.0
2025-03-06		VFB_fw128854	VFB_00101567	3	1	0.0
2025-03-06		VFB_jrchjtn1		2	1	0.0
2025-03-06		VFB_jrchjtn1	VFB_00101567	2	1	0.0
2025-03-06		VFB_jrchjtsq		2	1	7.0
2025-03-06		VFB_jrchjtsq	VFB_00101567	2	1	0.0
2025-03-06		VFB_jrchjtsr		2	1	5.0
2025-03-06		VFB_jrchjtsr	VFB_00101567	2	1	0.0
2025-03-06		VFB_jrchk0xv		2	1	0.0
2025-03-06		VFB_jrchk0xv	VFB_00101567	2	1	0.0
2025-03-06		VFB_jrchk461		7	1	0.0
2025-03-06		VFB_jrchk461	VFB_00101567	7	1	0.0
2025-03-06		VFB_jrchk7x7		8	1	77.0
2025-03-06		VFB_jrchk7x7	VFB_00101567	8	2	0.0
2025-03-06		VFB_jrchk7yf		19	1	0.0
2025-03-06		VFB_jrchk7yf	VFB_00101567	19	1	0.0
2025-03-06		VFB_jrcv07q5		3	1	9.0
2025-03-06		VFB_jrcv07q5	VFB_00200000	3	2	0.0
2025-03-06		VFB_jrcv07rb		21	1	44.0
2025-03-06		VFB_jrcv07rb	VFB_00200000	18	2	0.0
2025-03-06		VFB_jrcv07rk		2	1	3.0
2025-03-06		VFB_jrcv07rk	VFB_00200000	2	1	0.0
2025-03-06		VFB_jrcv07tf		17	1	32.0
2025-03-06		VFB_jrcv07tf	VFB_00200000	17	4	0.0
2025-03-06		VFB_jrcv0o11		2	1	0.0
2025-03-06		VFB_jrcv0o11	VFB_00101567	2	1	0.0
2025-03-06		VFBexp_FBtp0058		1	1	0.0
2025-03-06		VFBexp_FBtp0058	VFB_00101567	1	1	0.0
2025-03-06		VFBexp_FBtp0062		3	1	131.0
2025-03-06		VFBexp_FBtp0062	VFB_00101567	4	2	0.0
2025-03-06		VFBexp_FBtp0088		1	1	0.0
2025-03-06		VFBexp_FBtp0088	VFB_00101567	1	1	0.0
2025-03-06		VFBexp_FBtp0124		18	2	0.0
2025-03-06		VFBexp_FBtp0124	VFB_00101567	8	1	0.0
2025-03-06		VFBexp_FBtp0124	VFB_00200000	10	1	0.0
2025-03-06	v2-dev.virtualflybrain.org	VFB_00101567	VFB_00101567	0	1	0.0
2025-03-06	v2-dev.virtualflybrain.org	VFB_jrchk7yf	VFB_00101567	19	1	0.0
2025-03-06	v2.virtualflybrain.org	FBbt_00001371	VFB_00200000	4	1	8.0
2025-03-06	v2.virtualflybrain.org	FBbt_00001453	VFB_00050000	8	2	19.0
2025-03-06	v2.virtualflybrain.org	FBbt_00001567	VFB_00050000	0	1	36.0
2025-03-06	v2.virtualflybrain.org	FBbt_00001919	VFB_00050000	0	2	13.0
2025-03-06	v2.virtualflybrain.org	FBbt_00001945	VFB_00050000	3	1	0.0
2025-03-06	v2.virtualflybrain.org	FBbt_00002208	VFB_00050000	8	1	0.0
2025-03-06	v2.virtualflybrain.org	FBbt_00002847		1	1	0.0
2025-03-06	v2.virtualflybrain.org	FBbt_00002896		1	1	13.0
2025-03-06	v2.virtualflybrain.org	FBbt_00003007	VFB_00110000	0	1	14.0
2025-03-06	v2.virtualflybrain.org	FBbt_00003624	VFB_00101567	0	8	232.0
2025-03-06	v2.virtualflybrain.org	FBbt_00003625	VFB_00101567	14	2	24.0
2025-03-06	v2.virtualflybrain.org	FBbt_00003632	VFB_00101567	0	4	30.0
2025-03-06	v2.virtualflybrain.org	FBbt_00003668	VFB_00101567	0	1	0.0
2025-03-06	v2.virtualflybrain.org	FBbt_00003678	VFB_00101567	2	3	247.0
2025-03-06	v2.virtualflybrain.org	FBbt_00003679	VFB_00101567	0	2	10.0
2025-03-06	v2.virtualflybrain.org	FBbt_00003680	VFB_00101567	0	5	366.0
2025-03-06	v2.virtualflybrain.org	FBbt_00003681	VFB_00101567	1	9	111.0
2025-03-06	v2.virtualflybrain.org	FBbt_00003684	VFB_00101567	0	5	513.0
2025-03-06	v2.virtualflybrain.org	FBbt_00003700	VFB_00101567	0	1	71.0
2025-03-06	v2.virtualflybrain.org	FBbt_00003720	VFB_00101567	0	1	9.0
2025-03-06	v2.virtualflybrain.org	FBbt_00003727	VFB_00101567	0	1	122.0
2025-03-06	v2.virtualflybrain.org	FBbt_00003748	VFB_00101567	0	13	202.0
2025-03-06	v2.virtualflybrain.org	FBbt_00003852	VFB_00101567	0	1	0.0
2025-03-06	v2.virtualflybrain.org	FBbt_00003924	VFB_00101567	0	1	33.0
2025-03-06	v2.virtualflybrain.org	FBbt_00004052	VFB_00200000	0	1	26.0
2025-03-06	v2.virtualflybrain.org	FBbt_00004066	VFB_00200000	1	2	101.0
2025-03-06	v2.virtualflybrain.org	FBbt_00004068	VFB_00101567	1	1	49.0
2025-03-06	v2.virtualflybrain.org	FBbt_00004068	VFB_00200000	0	3	257.0
2025-03-06	v2.virtualflybrain.org	FBbt_00004152		1	1	0.0
2025-03-06	v2.virtualflybrain.org	FBbt_00004260		1	1	0.0
2025-03-06	v2.virtualflybrain.org	FBbt_00005239		2	2	26.0
2025-03-06	v2.virtualflybrain.org	FBbt_00005801		1	1	8.0
2025-03-06	v2.virtualflybrain.org	FBbt_00005801	VFB_00050000	4	1	4.0
2025-03-06	v2.virtualflybrain.org	FBbt_00007050	VFB_00101567	0	2	10.0
2025-03-06	v2.virtualflybrain.org	FBbt_00007053	VFB_00101567	0	2	13.0
2025-03-06	v2.virtualflybrain.org	FBbt_00007054	VFB_00101567	0	1	0.0
2025-03-06	v2.virtualflybrain.org	FBbt_00007055	VFB_00101567	0	1	0.0
2025-03-06	v2.virtualflybrain.org	FBbt_00007059	VFB_00101567	0	1	1.0
2025-03-06	v2.virtualflybrain.org	FBbt_00007066	VFB_00050000	0	1	142.0
2025-03-06	v2.virtualflybrain.org	FBbt_00007145	VFB_00101567	0	2	22.0
2025-03-06	v2.virtualflybrain.org	FBbt_00007147	VFB_00101567	0	4	21.0
2025-03-06	v2.virtualflybrain.org	FBbt_00007677	VFB_00101567	0	1	7.0
2025-03-06	v2.virtualflybrain.org	FBbt_00013688	VFB_00101567	0	1	12.0
2025-03-06	v2.virtualflybrain.org	FBbt_00013691	VFB_00101567	0	1	3.0
2025-03-06	v2.virtualflybrain.org	FBbt_00013695	VFB_00101567	0	1	4.0
2025-03-06	v2.virtualflybrain.org	FBbt_00014013	VFB_00101567	0	4	27.0
2025-03-06	v2.virtualflybrain.org	FBbt_00040001	VFB_00017894	1	1	0.0
2025-03-06	v2.virtualflybrain.org	FBbt_00040001	VFB_00101567	0	4	100.0
2025-03-06	v2.virtualflybrain.org	FBbt_00040002	VFB_00101567	0	2	46.0
2025-03-06	v2.virtualflybrain.org	FBbt_00040037	VFB_00101567	0	1	4.0
2025-03-06	v2.virtualflybrain.org	FBbt_00040041	VFB_00101567	5	1	0.0
2025-03-06	v2.virtualflybrain.org	FBbt_00040042	VFB_00101567	1	4	65.0
2025-03-06	v2.virtualflybrain.org	FBbt_00040043	VFB_00101567	0	8	338.0
2025-03-06	v2.virtualflybrain.org	FBbt_00040049	VFB_00101567	0	1	205.0
2025-03-06	v2.virtualflybrain.org	FBbt_00040071	VFB_00101567	0	1	1.0
2025-03-06	v2.virtualflybrain.org	FBbt_00040072	VFB_00101567	0	1	1.0
2025-03-06	v2.virtualflybrain.org	FBbt_00045003	VFB_00101567	0	1	4.0
2025-03-06	v2.virtualflybrain.org	FBbt_00045004	VFB_00101567	0	1	15.0
2025-03-06	v2.virtualflybrain.org	FBbt_00045027	VFB_00101567	0	3	18.0
2025-03-06	v2.virtualflybrain.org	FBbt_00045032	VFB_00101567	0	1	0.0
2025-03-06	v2.virtualflybrain.org	FBbt_00045047	VFB_00101567	0	1	11.0
2025-03-06	v2.virtualflybrain.org	FBbt_00045048	VFB_00101567	0	7	70.0
2025-03-06	v2.virtualflybrain.org	FBbt_00045050	VFB_00101567	0	6	17.0
2025-03-06	v2.virtualflybrain.org	FBbt_00045051	VFB_00101567	0	1	17.0
2025-03-06	v2.virtualflybrain.org	FBbt_00047122		1	1	0.0
2025-03-06	v2.virtualflybrain.org	FBbt_00047348	VFB_00101567	0	1	32.0
2025-03-06	v2.virtualflybrain.org	FBbt_00047559		1	1	0.0
2025-03-06	v2.virtualflybrain.org	FBbt_00047887	VFB_00101567	4	6	17.0
2025-03-06	v2.virtualflybrain.org	FBbt_00048686		1	1	2.0
2025-03-06	v2.virtualflybrain.org	FBbt_00048686	VFB_00101567	0	1	7.0
2025-03-06	v2.virtualflybrain.org	FBbt_00049466	VFB_00101567	0	1	15.0
2025-03-06	v2.virtualflybrain.org	FBbt_00050205		1	1	0.0
2025-03-06	v2.virtualflybrain.org	FBbt_00051483		1	1	0.0
2025-03-06	v2.virtualflybrain.org	FBbt_00051513		1	1	0.0
2025-03-06	v2.virtualflybrain.org	FBbt_00051522	VFB_00101567	0	1	14.0
2025-03-06	v2.virtualflybrain.org	FBbt_00051657		2	2	0.0
2025-03-06	v2.virtualflybrain.org	FBbt_00051665		1	1	0.0
2025-03-06	v2.virtualflybrain.org	FBbt_00052193	VFB_00050000	1	2	262.0
2025-03-06	v2.virtualflybrain.org	FBbt_00052367		1	1	0.0
2025-03-06	v2.virtualflybrain.org	FBbt_00052725	VFB_00200000	0	2	104.0
2025-03-06	v2.virtualflybrain.org	FBbt_00052726	VFB_00200000	0	1	144.0
2025-03-06	v2.virtualflybrain.org	FBbt_00053066		1	1	0.0
2025-03-06	v2.virtualflybrain.org	FBbt_00058206	VFB_00101567	0	1	15.0
2025-03-06	v2.virtualflybrain.org	FBbt_00059075	VFB_00200000	0	2	24.0
2025-03-06	v2.virtualflybrain.org	FBbt_00059299		1	1	0.0
2025-03-06	v2.virtualflybrain.org	FBbt_00067123	VFB_00017894	10	1	0.0
2025-03-06	v2.virtualflybrain.org	FBbt_00100483	VFB_00101567	0	2	25.0
2025-03-06	v2.virtualflybrain.org	FBbt_00110273	VFB_00049000	0	1	15.0
2025-03-06	v2.virtualflybrain.org	FBbt_00110273	VFB_00050000	0	1	69.0
2025-03-06	v2.virtualflybrain.org	FBbt_00110306		1	1	0.0
2025-03-06	v2.virtualflybrain.org	FBbt_00110636	VFB_00101567	0	3	75.0
2025-03-06	v2.virtualflybrain.org	FBbt_00110638	VFB_00101567	0	2	39.0
2025-03-06	v2.virtualflybrain.org	FBbt_00110639	VFB_00101567	1	2	2.0
2025-03-06	v2.virtualflybrain.org	FBbt_00110658	VFB_00101567	0	1	33.0
2025-03-06	v2.virtualflybrain.org	FBbt_00110931	VFB_00101567	0	1	99.0
2025-03-06	v2.virtualflybrain.org	FBbt_00111154	VFB_00101567	0	2	20.0
2025-03-06	v2.virtualflybrain.org	FBbt_00111203	VFB_00050000	0	1	0.0
2025-03-06	v2.virtualflybrain.org	FBbt_00111291	VFB_00101567	0	2	5.0
2025-03-06	v2.virtualflybrain.org	FBbt_00111635	VFB_00050000	0	1	32.0
2025-03-06	v2.virtualflybrain.org	FBbt_00111636	VFB_00050000	0	1	406.0
2025-03-06	v2.virtualflybrain.org	FBbt_00111719		1	1	12.0
2025-03-06	v2.virtualflybrain.org	FBbt_00111742	VFB_00101567	0	1	0.0
2025-03-06	v2.virtualflybrain.org	FBbt_20001721	VFB_00101567	0	1	0.0
2025-03-06	v2.virtualflybrain.org	FBbt_20002047	VFB_00101567	0	1	23.0
2025-03-06	v2.virtualflybrain.org	FBbt_20003732	VFB_00101567	0	3	35.0
2025-03-06	v2.virtualflybrain.org	FBbt_20011355	VFB_00101567	0	1	2.0
2025-03-06	v2.virtualflybrain.org	GO_0003162		2	1	25.0
2025-03-06	v2.virtualflybrain.org	VFB_00001482	VFB_00101567	0	1	0.0
2025-03-06	v2.virtualflybrain.org	VFB_00005465	VFB_00101567	1	2	23.0
2025-03-06	v2.virtualflybrain.org	VFB_00005580	VFB_00101567	20	1	56.0
2025-03-06	v2.virtualflybrain.org	VFB_00017894	VFB_00017894	1	2	0.0
2025-03-06	v2.virtualflybrain.org	VFB_00021478	VFB_00101567	0	2	395.0
2025-03-06	v2.virtualflybrain.org	VFB_00030786	VFB_00030786	3	4	3.0
2025-03-06	v2.virtualflybrain.org	VFB_00030849	VFB_00101567	1	1	0.0
2025-03-06	v2.virtualflybrain.org	VFB_00030852	VFB_00030786	16	2	61.0
2025-03-06	v2.virtualflybrain.org	VFB_00030852	VFB_00101567	11	1	0.0
2025-03-06	v2.virtualflybrain.org	VFB_00030867	VFB_00017894	8	2	0.0
2025-03-06	v2.virtualflybrain.org	VFB_00030877	VFB_00017894	1	3	9.0
2025-03-06	v2.virtualflybrain.org	VFB_00030877	VFB_00101567	1	2	2.0
2025-03-06	v2.virtualflybrain.org	VFB_00049000	VFB_00049000	4	4	140.0
2025-03-06	v2.virtualflybrain.org	VFB_00050000	VFB_00050000	2	17	2.0
2025-03-06	v2.virtualflybrain.org	VFB_00050274	VFB_00049000	6	2	52.0
2025-03-06	v2.virtualflybrain.org	VFB_00055119	VFB_00049000	25	2	173.0
2025-03-06	v2.virtualflybrain.org	VFB_00065866	VFB_00101567	0	1	16.0
2025-03-06	v2.virtualflybrain.org	VFB_00066067	VFB_00101567	3	1	0.0
2025-03-06	v2.virtualflybrain.org	VFB_0010022e	VFB_00050000	1	2	44.0
2025-03-06	v2.virtualflybrain.org	VFB_00100239	VFB_00050000	0	1	0.0
2025-03-06	v2.virtualflybrain.org	VFB_00100362	VFB_00050000	11	2	477.0
2025-03-06	v2.virtualflybrain.org	VFB_00100388	VFB_00050000	1	2	0.0
2025-03-06	v2.virtualflybrain.org	VFB_00100388	VFB_00101567	0	2	54.0
2025-03-06	v2.virtualflybrain.org	VFB_00100850	VFB_00050000	10	2	205.0
2025-03-06	v2.virtualflybrain.org	VFB_00100d2k	VFB_00101567	16	2	30.0
2025-03-06	v2.virtualflybrain.org	VFB_00100d2k	VFB_00200000	27	8	55.0
2025-03-06	v2.virtualflybrain.org	VFB_00100ypt	VFB_00101567	0	2	41.0
2025-03-06	v2.virtualflybrain.org	VFB_00100zkv	VFB_00101567	2	5	297.0
2025-03-06	v2.virtualflybrain.org	VFB_00101132	VFB_00101567	4	1	6.0
2025-03-06	v2.virtualflybrain.org	VFB_001011g9	VFB_00050000	9	1	0.0
2025-03-06	v2.virtualflybrain.org	VFB_001011l4	VFB_00050000	1	2	269.0
2025-03-06	v2.virtualflybrain.org	VFB_00101382	VFB_00101567	12	1	0.0
2025-03-06	v2.virtualflybrain.org	VFB_00101384	VFB_00101384	2	7	22.0
2025-03-06	v2.virtualflybrain.org	VFB_00101482	VFB_00050000	0	1	0.0
2025-03-06	v2.virtualflybrain.org	VFB_001014q9	VFB_00101567	0	3	63.0
2025-03-06	v2.virtualflybrain.org	VFB_001014uq	VFB_00101567	0	4	34.0
2025-03-06	v2.virtualflybrain.org	VFB_001014uq	VFB_00110000	1	1	5.0
2025-03-06	v2.virtualflybrain.org	VFB_00101567	VFB_00101567	85	102	1217.0
2025-03-06	v2.virtualflybrain.org	VFB_00102107	VFB_00101567	0	5	41.0
2025-03-06	v2.virtualflybrain.org	VFB_00102114	VFB_00101567	0	1	31.0
2025-03-06	v2.virtualflybrain.org	VFB_00102115	VFB_00049000	0	2	15.0
2025-03-06	v2.virtualflybrain.org	VFB_00102115	VFB_00050000	1	2	0.0
2025-03-06	v2.virtualflybrain.org	VFB_00102123	VFB_00101567	2	1	13.0
2025-03-06	v2.virtualflybrain.org	VFB_00102133	VFB_00101567	7	1	0.0
2025-03-06	v2.virtualflybrain.org	VFB_00102134	VFB_00101567	4	2	0.0
2025-03-06	v2.virtualflybrain.org	VFB_00102137	VFB_00101567	0	1	2.0
2025-03-06	v2.virtualflybrain.org	VFB_00102139	VFB_00101567	0	2	26.0
2025-03-06	v2.virtualflybrain.org	VFB_00102140	VFB_00101567	0	3	20.0
2025-03-06	v2.virtualflybrain.org	VFB_00102146	VFB_00101567	0	2	15.0
2025-03-06	v2.virtualflybrain.org	VFB_00102148	VFB_00101567	0	1	0.0
2025-03-06	v2.virtualflybrain.org	VFB_00102152	VFB_00101567	0	1	30.0
2025-03-06	v2.virtualflybrain.org	VFB_00102154	VFB_00101567	0	1	4.0
2025-03-06	v2.virtualflybrain.org	VFB_00102159	VFB_00101567	0	1	6.0
2025-03-06	v2.virtualflybrain.org	VFB_00102162	VFB_00101567	10	1	0.0
2025-03-06	v2.virtualflybrain.org	VFB_00102164	VFB_00101567	0	1	0.0
2025-03-06	v2.virtualflybrain.org	VFB_00102170	VFB_00101567	21	3	33.0
2025-03-06	v2.virtualflybrain.org	VFB_00102171	VFB_00101567	0	1	21.0
2025-03-06	v2.virtualflybrain.org	VFB_00102176	VFB_00101567	0	1	9.0
2025-03-06	v2.virtualflybrain.org	VFB_00102190	VFB_00101567	0	1	0.0
2025-03-06	v2.virtualflybrain.org	VFB_00102201	VFB_00101567	0	2	10.0
2025-03-06	v2.virtualflybrain.org	VFB_00102212	VFB_00101567	0	1	0.0
2025-03-06	v2.virtualflybrain.org	VFB_00102214	VFB_00101567	0	1	15.0
2025-03-06	v2.virtualflybrain.org	VFB_00102215	VFB_00101567	0	1	137.0
2025-03-06	v2.virtualflybrain.org	VFB_00102218	VFB_00101567	0	1	1.0
2025-03-06	v2.virtualflybrain.org	VFB_00102271	VFB_00101567	0	3	21.0
2025-03-06	v2.virtualflybrain.org	VFB_00102273	VFB_00101567	0	1	9.0
2025-03-06	v2.virtualflybrain.org	VFB_00102274	VFB_00101567	21	7	95.0
2025-03-06	v2.virtualflybrain.org	VFB_00102275	VFB_00101567	0	2	4.0
2025-03-06	v2.virtualflybrain.org	VFB_00102276	VFB_00101567	0	1	23.0
2025-03-06	v2.virtualflybrain.org	VFB_00102282	VFB_00101567	0	1	19.0
2025-03-06	v2.virtualflybrain.org	VFB_00102eyc	VFB_00050000	3	1	22.0
2025-03-06	v2.virtualflybrain.org	VFB_00104bu1	VFB_00101567	0	1	164.0
2025-03-06	v2.virtualflybrain.org	VFB_00110000	VFB_00110000	1	2	0.0
2025-03-06	v2.virtualflybrain.org	VFB_00200000	VFB_00200000	1	9	29.0
2025-03-06	v2.virtualflybrain.org	VFB_fw000265	VFB_00101567	0	1	0.0
2025-03-06	v2.virtualflybrain.org	VFB_fw000718	VFB_00101567	0	3	23.0
2025-03-06	v2.virtualflybrain.org	VFB_fw001048	VFB_00101567	2	1	0.0
2025-03-06	v2.virtualflybrain.org	VFB_fw004270	VFB_00101567	3	1	0.0
2025-03-06	v2.virtualflybrain.org	VFB_fw007760	VFB_00101567	0	1	15.0
2025-03-06	v2.virtualflybrain.org	VFB_fw007889	VFB_00101567	0	1	10.0
2025-03-06	v2.virtualflybrain.org	VFB_fw008249	VFB_00101567	14	1	9.0
2025-03-06	v2.virtualflybrain.org	VFB_fw008701	VFB_00101567	0	1	47.0
2025-03-06	v2.virtualflybrain.org	VFB_fw008924	VFB_00101567	0	4	64.0
2025-03-06	v2.virtualflybrain.org	VFB_fw010670	VFB_00101567	0	3	6.0
2025-03-06	v2.virtualflybrain.org	VFB_fw024674	VFB_00101567	0	1	15.0
2025-03-06	v2.virtualflybrain.org	VFB_fw033045	VFB_00101567	3	2	0.0
2025-03-06	v2.virtualflybrain.org	VFB_fw034617	VFB_00101567	10	1	6.0
2025-03-06	v2.virtualflybrain.org	VFB_fw035421	VFB_00101567	0	3	101.0
2025-03-06	v2.virtualflybrain.org	VFB_fw035533	VFB_00101567	0	1	8.0
2025-03-06	v2.virtualflybrain.org	VFB_fw035596	VFB_00101567	0	1	52.0
2025-03-06	v2.virtualflybrain.org	VFB_fw036522	VFB_00101567	0	1	88.0
2025-03-06	v2.virtualflybrain.org	VFB_fw036610	VFB_00101567	0	1	39.0
2025-03-06	v2.virtualflybrain.org	VFB_fw036868	VFB_00101567	0	1	1.0
2025-03-06	v2.virtualflybrain.org	VFB_fw036878	VFB_00101567	0	1	3.0
2025-03-06	v2.virtualflybrain.org	VFB_fw036952		1	1	1.0
2025-03-06	v2.virtualflybrain.org	VFB_fw036971	VFB_00101567	0	1	0.0
2025-03-06	v2.virtualflybrain.org	VFB_fw042922	VFB_00101567	0	1	16.0
2025-03-06	v2.virtualflybrain.org	VFB_fw101120	VFB_00101567	0	2	211.0
2025-03-06	v2.virtualflybrain.org	VFB_fw128854	VFB_00101567	0	2	188.0
2025-03-06	v2.virtualflybrain.org	VFB_jrchjtn1	VFB_00101567	2	1	0.0
2025-03-06	v2.virtualflybrain.org	VFB_jrchjtsq	VFB_00101567	0	1	29.0
2025-03-06	v2.virtualflybrain.org	VFB_jrchjtsr	VFB_00101567	0	1	3.0
2025-03-06	v2.virtualflybrain.org	VFB_jrchk0xv	VFB_00101567	2	1	1.0
2025-03-06	v2.virtualflybrain.org	VFB_jrchk461	VFB_00101567	7	1	78.0
2025-03-06	v2.virtualflybrain.org	VFB_jrchk7x7	VFB_00101567	0	3	24.0
2025-03-06	v2.virtualflybrain.org	VFB_jrcv07q5	VFB_00200000	0	1	3.0
2025-03-06	v2.virtualflybrain.org	VFB_jrcv07rb	VFB_00200000	0	2	32.0
2025-03-06	v2.virtualflybrain.org	VFB_jrcv07rk	VFB_00200000	3	1	0.0
2025-03-06	v2.virtualflybrain.org	VFB_jrcv07rn		1	1	69.0
2025-03-06	v2.virtualflybrain.org	VFB_jrcv07tf	VFB_00200000	0	4	0.0
2025-03-06	v2.virtualflybrain.org	VFB_jrcv0o11	VFB_00101567	0	2	124.0
2025-03-06	v2.virtualflybrain.org	VFBexp_FBtp0058	VFB_00101567	0	1	16.0
2025-03-06	v2.virtualflybrain.org	VFBexp_FBtp0062	VFB_00101567	0	2	105.0
2025-03-06	v2.virtualflybrain.org	VFBexp_FBtp0088	VFB_00101567	0	1	83.0
2025-03-06	v2.virtualflybrain.org	VFBexp_FBtp0124		1	1	4.0
2025-03-06	v2.virtualflybrain.org	VFBexp_FBtp0124	VFB_00101567	7	1	0.0
2025-03-06	v2.virtualflybrain.org	VFBexp_FBtp0124	VFB_00200000	10	1	0.0
2025-03-07		FBbt_00001945		6	1	0.0
2025-03-07		FBbt_00001945	VFB_00050000	6	1	0.0
2025-03-07		FBbt_00003624		8	3	0.0
2025-03-07		FBbt_00003624	VFB_00101567	9	4	0.0
2025-03-07		FBbt_00003625		16	1	0.0
2025-03-07		FBbt_00003625	VFB_00101567	16	1	0.0
2025-03-07		FBbt_00003651		2	1	0.0
2025-03-07		FBbt_00003651	VFB_00101567	2	2	0.0
2025-03-07		FBbt_00003655		1	1	0.0
2025-03-07		FBbt_00003655	VFB_00101567	1	1	0.0
2025-03-07		FBbt_00003681		2	2	0.0
2025-03-07		FBbt_00003681	VFB_00101567	2	2	0.0
2025-03-07		FBbt_00003701		3	1	0.0
2025-03-07		FBbt_00003701	VFB_00101567	3	1	0.0
2025-03-07		FBbt_00003708		3	1	0.0
2025-03-07		FBbt_00003708	VFB_00017894	3	2	0.0
2025-03-07		FBbt_00003719		1	1	0.0
2025-03-07		FBbt_00003719	VFB_00101567	1	1	0.0
2025-03-07		FBbt_00003727		2	1	0.0
2025-03-07		FBbt_00003727	VFB_00101567	2	1	0.0
2025-03-07		FBbt_00003748		1	1	0.0
2025-03-07		FBbt_00003748	VFB_00101567	1	1	0.0
2025-03-07		FBbt_00003764		1	1	0.0
2025-03-07		FBbt_00003764	VFB_00101567	1	1	0.0
2025-03-07		FBbt_00003995		1	1	0.0
2025-03-07		FBbt_00003995	VFB_00101567	1	1	0.0
2025-03-07		FBbt_00007145		2	1	0.0
2025-03-07		FBbt_00007145	VFB_00101567	2	1	0.0
2025-03-07		FBbt_00007428		1	1	0.0
2025-03-07		FBbt_00007428	VFB_00101567	1	1	0.0
2025-03-07		FBbt_00007538		3	1	0.0
2025-03-07		FBbt_00007538	VFB_00101567	5	2	0.0
2025-03-07		FBbt_00014013		1	1	0.0
2025-03-07		FBbt_00014013	VFB_00101567	1	1	0.0
2025-03-07		FBbt_00040001		4	1	0.0
2025-03-07		FBbt_00040001	VFB_00017894	4	1	0.0
2025-03-07		FBbt_00040040		1	1	0.0
2025-03-07		FBbt_00040040	VFB_00101567	1	1	0.0
2025-03-07		FBbt_00040043		3	3	0.0
2025-03-07		FBbt_00040043	VFB_00101567	3	3	0.0
2025-03-07		FBbt_00045003		1	1	0.0
2025-03-07		FBbt_00045003	VFB_00101567	1	1	0.0
2025-03-07		FBbt_00045027		3	2	0.0
2025-03-07		FBbt_00045027	VFB_00101567	3	3	0.0
2025-03-07		FBbt_00045040		2	1	0.0
2025-03-07		FBbt_00045040	VFB_00101567	2	2	0.0
2025-03-07		FBbt_00045047		1	1	0.0
2025-03-07		FBbt_00045047	VFB_00101567	1	1	0.0
2025-03-07		FBbt_00045048		4	2	0.0
2025-03-07		FBbt_00045048	VFB_00101567	4	2	0.0
2025-03-07		FBbt_00045050		3	2	0.0
2025-03-07		FBbt_00045050	VFB_00101567	3	2	0.0
2025-03-07		FBbt_00047042		4	1	0.0
2025-03-07		FBbt_00047042	VFB_00101567	4	2	0.0
2025-03-07		FBbt_00047348		2	1	0.0
2025-03-07		FBbt_00047348	VFB_00101567	4	1	0.0
2025-03-07		FBbt_00047624		4	1	0.0
2025-03-07		FBbt_00047624	VFB_00101567	10	2	0.0
2025-03-07		FBbt_00047641		1	1	0.0
2025-03-07		FBbt_00047641	VFB_00101567	1	1	0.0
2025-03-07		FBbt_00049725		4	1	0.0
2025-03-07		FBbt_00049725	VFB_00101567	4	1	0.0
2025-03-07		FBbt_00049726		5	1	0.0
2025-03-07		FBbt_00049726	VFB_00101567	5	1	0.0
2025-03-07		FBbt_00049741		1	1	0.0
2025-03-07		FBbt_00049741	VFB_00101567	1	1	0.0
2025-03-07		FBbt_00049754		2	1	0.0
2025-03-07		FBbt_00049754	VFB_00101567	2	1	0.0
2025-03-07		FBbt_00052193		12	1	0.0
2025-03-07		FBbt_00052193	VFB_00050000	12	1	0.0
2025-03-07		FBbt_00052705		2	1	0.0
2025-03-07		FBbt_00052705	VFB_00101567	2	2	0.0
2025-03-07		FBbt_00053230		3	1	0.0
2025-03-07		FBbt_00053230	VFB_00101567	3	2	0.0
2025-03-07		FBbt_00067062		1	1	1.0
2025-03-07		FBbt_00067062	VFB_00101567	1	1	0.0
2025-03-07		FBbt_00067123		24	1	0.0
2025-03-07		FBbt_00067123	VFB_00017894	24	1	0.0
2025-03-07		FBbt_00100234		3	1	0.0
2025-03-07		FBbt_00100234	VFB_00101567	8	2	0.0
2025-03-07		FBbt_00110273		2	1	0.0
2025-03-07		FBbt_00110273	VFB_00050000	2	1	0.0
2025-03-07		FBbt_00110636		7	1	0.0
2025-03-07		FBbt_00110636	VFB_00101567	7	1	0.0
2025-03-07		FBbt_00110638		1	1	0.0
2025-03-07		FBbt_00110638	VFB_00101567	1	1	0.0
2025-03-07		FBbt_00110639		11	1	0.0
2025-03-07		FBbt_00110639	VFB_00101567	11	1	0.0
2025-03-07		FBbt_00111635		1	1	0.0
2025-03-07		FBbt_00111635	VFB_00050000	1	1	0.0
2025-03-07		FBbt_20003801		8	1	0.0
2025-03-07		FBbt_20003801	VFB_00101567	8	1	0.0
2025-03-07		FBbt_20003802		1	1	0.0
2025-03-07		FBbt_20003802	VFB_00101567	1	1	0.0
2025-03-07		FBbt_20007838		1	1	0.0
2025-03-07		FBbt_20007838	VFB_00101567	1	1	0.0
2025-03-07		VFB_00000192		7	1	9.0
2025-03-07		VFB_00000192	VFB_00101567	7	2	0.0
2025-03-07		VFB_00001482		5	1	6.0
2025-03-07		VFB_00001482	VFB_00101567	3	2	0.0
2025-03-07		VFB_00014647		2	1	4.0
2025-03-07		VFB_00014647	VFB_00101567	2	1	0.0
2025-03-07		VFB_00020197		3	1	3.0
2025-03-07		VFB_00020197	VFB_00101567	3	2	0.0
2025-03-07		VFB_00020198		3	1	8.0
2025-03-07		VFB_00020198	VFB_00101567	3	1	0.0
2025-03-07		VFB_00030852		12	1	0.0
2025-03-07		VFB_00030852	VFB_00030786	12	1	0.0
2025-03-07		VFB_00030870		7	1	2.0
2025-03-07		VFB_00030870	VFB_00017894	1	1	0.0
2025-03-07		VFB_00030870	VFB_00101567	6	1	0.0
2025-03-07		VFB_00050000		15	4	1.0
2025-03-07		VFB_00050000	VFB_00050000	17	7	40.0
2025-03-07		VFB_00050274		12	1	0.0
2025-03-07		VFB_00050274	VFB_00049000	12	1	0.0
2025-03-07		VFB_00055119		24	1	0.0
2025-03-07		VFB_00055119	VFB_00049000	24	1	0.0
2025-03-07		VFB_00100239		2	1	1.0
2025-03-07		VFB_00100239	VFB_00050000	2	1	0.0
2025-03-07		VFB_00100362		24	1	0.0
2025-03-07		VFB_00100362	VFB_00050000	24	1	0.0
2025-03-07		VFB_00100850		13	2	4.0
2025-03-07		VFB_00100850	VFB_00050000	13	2	0.0
2025-03-07		VFB_00100d2k		35	1	0.0
2025-03-07		VFB_00100d2k	VFB_00101567	12	1	0.0
2025-03-07		VFB_00100d2k	VFB_00200000	23	1	0.0
2025-03-07		VFB_001011g9		2	1	0.0
2025-03-07		VFB_001011g9	VFB_00050000	2	1	0.0
2025-03-07		VFB_00101382		19	1	77.0
2025-03-07		VFB_00101382	VFB_00101567	13	2	0.0
2025-03-07		VFB_00101476		3	1	0.0
2025-03-07		VFB_00101476	VFB_00050000	3	2	0.0
2025-03-07		VFB_001014q9		2	1	3.0
2025-03-07		VFB_001014q9	VFB_00101567	2	1	0.0
2025-03-07		VFB_001014qc		1	1	0.0
2025-03-07		VFB_001014qc	VFB_00101567	1	1	0.0
2025-03-07		VFB_001014qd		1	1	0.0
2025-03-07		VFB_001014qd	VFB_00101567	1	1	0.0
2025-03-07		VFB_001014qe		1	1	0.0
2025-03-07		VFB_001014qe	VFB_00101567	1	1	0.0
2025-03-07		VFB_001014uq		2	1	11.0
2025-03-07		VFB_001014uq	VFB_00101567	2	1	0.0
2025-03-07		VFB_00101567		98	31	111.0
2025-03-07		VFB_00101567	VFB_00101567	133	42	0.0
2025-03-07		VFB_00102098		1	1	1.0
2025-03-07		VFB_00102098	VFB_00050000	1	1	0.0
2025-03-07		VFB_00102115		2	1	0.0
2025-03-07		VFB_00102115	VFB_00049000	2	1	0.0
2025-03-07		VFB_00102134		3	1	0.0
2025-03-07		VFB_00102134	VFB_00101567	3	1	0.0
2025-03-07		VFB_00102140		11	2	28.0
2025-03-07		VFB_00102140	VFB_00101567	11	3	0.0
2025-03-07		VFB_00102154		7	1	62.0
2025-03-07		VFB_00102154	VFB_00101567	7	2	0.0
2025-03-07		VFB_00102164		1	1	0.0
2025-03-07		VFB_00102164	VFB_00101567	1	1	0.0
2025-03-07		VFB_00102170		26	2	0.0
2025-03-07		VFB_00102170	VFB_00101567	28	2	0.0
2025-03-07		VFB_00102274		19	1	0.0
2025-03-07		VFB_00102274	VFB_00101567	19	1	0.0
2025-03-07		VFB_00102276		4	1	94.0
2025-03-07		VFB_00102276	VFB_00101567	2	1	0.0
2025-03-07		VFB_00102eyc		4	1	0.0
2025-03-07		VFB_00102eyc	VFB_00050000	4	1	0.0
2025-03-07		VFB_00103sio		1	1	18.0
2025-03-07		VFB_00103sio	VFB_00101567	1	1	0.0
2025-03-07		VFB_fw000219		2	1	0.0
2025-03-07		VFB_fw000219	VFB_00101567	3	2	0.0
2025-03-07		VFB_fw001048		6	1	0.0
2025-03-07		VFB_fw001048	VFB_00101567	6	1	0.0
2025-03-07		VFB_fw001918		2	1	4.0
2025-03-07		VFB_fw001918	VFB_00101567	2	1	0.0
2025-03-07		VFB_fw004270		1	1	2.0
2025-03-07		VFB_fw004270	VFB_00101567	1	1	0.0
2025-03-07		VFB_fw008249		2	1	1.0
2025-03-07		VFB_fw008249	VFB_00101567	2	1	0.0
2025-03-07		VFB_fw028837		3	1	0.0
2025-03-07		VFB_fw028837	VFB_00101567	5	2	0.0
2025-03-07		VFB_fw029269		1	1	0.0
2025-03-07		VFB_fw029269	VFB_00101567	1	1	0.0
2025-03-07		VFB_fw033045		6	1	0.0
2025-03-07		VFB_fw033045	VFB_00101567	6	1	0.0
2025-03-07		VFB_fw034617		12	1	2.0
2025-03-07		VFB_fw034617	VFB_00101567	12	1	0.0
2025-03-07		VFB_fw035067		7	1	32.0
2025-03-07		VFB_fw035067	VFB_00101567	7	2	0.0
2025-03-07		VFB_fw035124		7	1	27.0
2025-03-07		VFB_fw035124	VFB_00101567	5	2	0.0
2025-03-07		VFB_fw035298		2	1	1.0
2025-03-07		VFB_fw035298	VFB_00101567	1	1	0.0
2025-03-07		VFB_fw035398		16	1	162.0
2025-03-07		VFB_fw035398	VFB_00101567	16	4	0.0
2025-03-07		VFB_fw035695		2	1	4.0
2025-03-07		VFB_fw035695	VFB_00101567	2	1	0.0
2025-03-07		VFB_fw035763		4	1	13.0
2025-03-07		VFB_fw035763	VFB_00101567	4	1	0.0
2025-03-07		VFB_fw036236		6	1	4.0
2025-03-07		VFB_fw036236	VFB_00101567	6	2	0.0
2025-03-07		VFB_fw036860		22	1	144.0
2025-03-07		VFB_fw036860	VFB_00101567	21	1	0.0
2025-03-07		VFB_fw036933		2	1	0.0
2025-03-07		VFB_fw036933	VFB_00101567	1	1	0.0
2025-03-07		VFB_fw039197		36	1	43.0
2025-03-07		VFB_fw039197	VFB_00101567	28	2	0.0
2025-03-07		VFB_fw039670		4	1	1.0
2025-03-07		VFB_fw039670	VFB_00101567	3	2	0.0
2025-03-07		VFB_fw041628		2	1	0.0
2025-03-07		VFB_fw041628	VFB_00101567	2	2	0.0
2025-03-07		VFB_fw042922		2	1	14.0
2025-03-07		VFB_fw042922	VFB_00101567	2	1	0.0
2025-03-07		VFB_fw063583		3	1	312.0
2025-03-07		VFB_fw063583	VFB_00101567	3	2	0.0
2025-03-07		VFB_fw065184		1	1	0.0
2025-03-07		VFB_fw065184	VFB_00101567	1	1	0.0
2025-03-07		VFB_fw097803		3	1	1.0
2025-03-07		VFB_fw097803	VFB_00101567	3	2	0.0
2025-03-07		VFB_fw106853		3	1	2.0
2025-03-07		VFB_fw106853	VFB_00101567	1	1	0.0
2025-03-07		VFB_fw106853	VFB_00200000	2	1	0.0
2025-03-07		VFB_fw112085		1	1	0.0
2025-03-07		VFB_fw112085	VFB_00101567	1	1	0.0
2025-03-07		VFB_fw128854		1	1	0.0
2025-03-07		VFB_fw128854	VFB_00101567	1	1	0.0
2025-03-07		VFB_jrchjtn1		6	1	0.0
2025-03-07		VFB_jrchjtn1	VFB_00101567	6	1	0.0
2025-03-07		VFB_jrchjts1		15	1	150.0
2025-03-07		VFB_jrchjts1	VFB_00101567	15	4	0.0
2025-03-07		VFB_jrchk461		5	1	0.0
2025-03-07		VFB_jrchk461	VFB_00101567	5	1	0.0
2025-03-07		VFB_jrchk7j0		2	1	0.0
2025-03-07		VFB_jrchk7j0	VFB_00101567	2	2	0.0
2025-03-07		VFB_jrchk7j2		6	1	4.0
2025-03-07		VFB_jrchk7j2	VFB_00101567	6	2	0.0
2025-03-07		VFB_jrchk7yf		14	1	0.0
2025-03-07		VFB_jrchk7yf	VFB_00101567	14	1	0.0
2025-03-07		VFB_jrchk8hh		4	1	3.0
2025-03-07		VFB_jrchk8hh	VFB_00101567	4	1	0.0
2025-03-07		VFB_jrcv25af		3	1	7.0
2025-03-07		VFB_jrcv25af	VFB_00101567	2	1	0.0
2025-03-07		VFB_jrcv25af	VFB_00200000	1	1	0.0
2025-03-07		VFBexp_FBti0201		1	1	0.0
2025-03-07		VFBexp_FBti0201	VFB_00101567	1	1	0.0
2025-03-07		VFBexp_FBtp0058		1	1	0.0
2025-03-07		VFBexp_FBtp0058	VFB_00101567	1	1	0.0
2025-03-07		VFBexp_FBtp0123		7	1	0.0
2025-03-07		VFBexp_FBtp0123	VFB_00101567	7	1	0.0
2025-03-07		VFBexp_FBtp0124		20	2	0.0
2025-03-07		VFBexp_FBtp0124	VFB_00101567	14	1	0.0
2025-03-07		VFBexp_FBtp0124	VFB_00200000	6	1	0.0
2025-03-07	v2-dev.virtualflybrain.org	VFB_00101567	VFB_00101567	0	1	0.0
2025-03-07	v2-dev.virtualflybrain.org	VFB_jrchk7yf	VFB_00101567	14	1	0.0
2025-03-07	v2.virtualflybrain.org	FBbt_00001945	VFB_00050000	6	1	0.0
2025-03-07	v2.virtualflybrain.org	FBbt_00002929		1	1	0.0
2025-03-07	v2.virtualflybrain.org	FBbt_00003624	VFB_00101567	0	3	98.0
2025-03-07	v2.virtualflybrain.org	FBbt_00003625	VFB_00101567	16	1	0.0
2025-03-07	v2.virtualflybrain.org	FBbt_00003651	VFB_00101567	0	2	39.0
2025-03-07	v2.virtualflybrain.org	FBbt_00003655	VFB_00101567	0	1	55.0
2025-03-07	v2.virtualflybrain.org	FBbt_00003681	VFB_00101567	0	2	35.0
2025-03-07	v2.virtualflybrain.org	FBbt_00003687		1	1	0.0
2025-03-07	v2.virtualflybrain.org	FBbt_00003701	VFB_00101567	0	1	30.0
2025-03-07	v2.virtualflybrain.org	FBbt_00003708	VFB_00017894	2	3	188.0
2025-03-07	v2.virtualflybrain.org	FBbt_00003719	VFB_00101567	0	1	74.0
2025-03-07	v2.virtualflybrain.org	FBbt_00003727	VFB_00101567	2	2	100.0
2025-03-07	v2.virtualflybrain.org	FBbt_00003764	VFB_00101567	0	1	48.0
2025-03-07	v2.virtualflybrain.org	FBbt_00003995	VFB_00101567	0	1	11.0
2025-03-07	v2.virtualflybrain.org	FBbt_00007145	VFB_00101567	0	2	86.0
2025-03-07	v2.virtualflybrain.org	FBbt_00007251		1	1	12.0
2025-03-07	v2.virtualflybrain.org	FBbt_00007428	VFB_00101567	0	1	29.0
2025-03-07	v2.virtualflybrain.org	FBbt_00007451		1	1	18.0
2025-03-07	v2.virtualflybrain.org	FBbt_00007538	VFB_00101567	0	2	105.0
2025-03-07	v2.virtualflybrain.org	FBbt_00007598		1	1	8.0
2025-03-07	v2.virtualflybrain.org	FBbt_00014013	VFB_00101567	0	1	1.0
2025-03-07	v2.virtualflybrain.org	FBbt_00040001	VFB_00017894	4	1	0.0
2025-03-07	v2.virtualflybrain.org	FBbt_00040040	VFB_00101567	0	1	3.0
2025-03-07	v2.virtualflybrain.org	FBbt_00040043	VFB_00101567	0	3	13.0
2025-03-07	v2.virtualflybrain.org	FBbt_00045003	VFB_00101567	0	2	19.0
2025-03-07	v2.virtualflybrain.org	FBbt_00045027	VFB_00101567	0	4	54.0
2025-03-07	v2.virtualflybrain.org	FBbt_00045040	VFB_00101567	1	2	4.0
2025-03-07	v2.virtualflybrain.org	FBbt_00045047	VFB_00101567	0	1	3.0
2025-03-07	v2.virtualflybrain.org	FBbt_00045048	VFB_00101567	1	4	35.0
2025-03-07	v2.virtualflybrain.org	FBbt_00045050	VFB_00101567	0	2	6.0
2025-03-07	v2.virtualflybrain.org	FBbt_00047042	VFB_00101567	0	3	86.0
2025-03-07	v2.virtualflybrain.org	FBbt_00047200		1	1	7.0
2025-03-07	v2.virtualflybrain.org	FBbt_00047309		1	1	7.0
2025-03-07	v2.virtualflybrain.org	FBbt_00047348	VFB_00101567	0	2	29.0
2025-03-07	v2.virtualflybrain.org	FBbt_00047624	VFB_00101567	0	3	430.0
2025-03-07	v2.virtualflybrain.org	FBbt_00047641	VFB_00101567	0	1	73.0
2025-03-07	v2.virtualflybrain.org	FBbt_00047701		1	1	22.0
2025-03-07	v2.virtualflybrain.org	FBbt_00047905		1	1	24.0
2025-03-07	v2.virtualflybrain.org	FBbt_00047910		1	1	0.0
2025-03-07	v2.virtualflybrain.org	FBbt_00048098		1	1	0.0
2025-03-07	v2.virtualflybrain.org	FBbt_00049725	VFB_00101567	0	2	146.0
2025-03-07	v2.virtualflybrain.org	FBbt_00049726	VFB_00101567	0	2	363.0
2025-03-07	v2.virtualflybrain.org	FBbt_00049741	VFB_00101567	0	1	17.0
2025-03-07	v2.virtualflybrain.org	FBbt_00049754	VFB_00101567	0	2	121.0
2025-03-07	v2.virtualflybrain.org	FBbt_00050007		1	1	0.0
2025-03-07	v2.virtualflybrain.org	FBbt_00051013		1	1	0.0
2025-03-07	v2.virtualflybrain.org	FBbt_00051029		1	1	0.0
2025-03-07	v2.virtualflybrain.org	FBbt_00051641		1	1	10.0
2025-03-07	v2.virtualflybrain.org	FBbt_00052193	VFB_00050000	12	1	1.0
2025-03-07	v2.virtualflybrain.org	FBbt_00052305		1	1	15.0
2025-03-07	v2.virtualflybrain.org	FBbt_00052314		2	2	0.0
2025-03-07	v2.virtualflybrain.org	FBbt_00052320		1	1	0.0
2025-03-07	v2.virtualflybrain.org	FBbt_00052705	VFB_00101567	0	2	24.0
2025-03-07	v2.virtualflybrain.org	FBbt_00053230	VFB_00101567	0	3	65.0
2025-03-07	v2.virtualflybrain.org	FBbt_00059281		1	1	0.0
2025-03-07	v2.virtualflybrain.org	FBbt_00067062		1	1	4.0
2025-03-07	v2.virtualflybrain.org	FBbt_00067062	VFB_00101567	0	1	34.0
2025-03-07	v2.virtualflybrain.org	FBbt_00067123	VFB_00017894	24	1	0.0
2025-03-07	v2.virtualflybrain.org	FBbt_00100149		1	1	23.0
2025-03-07	v2.virtualflybrain.org	FBbt_00100158		1	1	0.0
2025-03-07	v2.virtualflybrain.org	FBbt_00100200		1	1	18.0
2025-03-07	v2.virtualflybrain.org	FBbt_00100234	VFB_00101567	0	2	220.0
2025-03-07	v2.virtualflybrain.org	FBbt_00110273	VFB_00050000	2	2	4.0
2025-03-07	v2.virtualflybrain.org	FBbt_00110636	VFB_00101567	0	2	25.0
2025-03-07	v2.virtualflybrain.org	FBbt_00110638	VFB_00101567	0	1	9.0
2025-03-07	v2.virtualflybrain.org	FBbt_00110639	VFB_00101567	11	1	0.0
2025-03-07	v2.virtualflybrain.org	FBbt_00111185		1	1	24.0
2025-03-07	v2.virtualflybrain.org	FBbt_00111635	VFB_00050000	0	1	19.0
2025-03-07	v2.virtualflybrain.org	FBbt_20003801	VFB_00101567	0	2	144.0
2025-03-07	v2.virtualflybrain.org	FBbt_20003802	VFB_00101567	0	1	24.0
2025-03-07	v2.virtualflybrain.org	FBbt_20003860		1	1	10.0
2025-03-07	v2.virtualflybrain.org	FBbt_20003864		1	1	8.0
2025-03-07	v2.virtualflybrain.org	FBbt_20007838	VFB_00101567	0	1	38.0
2025-03-07	v2.virtualflybrain.org	VFB_00000192	VFB_00101567	4	3	56.0
2025-03-07	v2.virtualflybrain.org	VFB_00001482	VFB_00101567	0	2	0.0
2025-03-07	v2.virtualflybrain.org	VFB_00014647	VFB_00101567	2	1	32.0
2025-03-07	v2.virtualflybrain.org	VFB_00017894	VFB_00017894	0	4	1.0
2025-03-07	v2.virtualflybrain.org	VFB_00020197	VFB_00101567	0	3	18.0
2025-03-07	v2.virtualflybrain.org	VFB_00020198	VFB_00101567	1	1	17.0
2025-03-07	v2.virtualflybrain.org	VFB_00030786	VFB_00030786	0	1	0.0
2025-03-07	v2.virtualflybrain.org	VFB_00030852	VFB_00030786	12	1	0.0
2025-03-07	v2.virtualflybrain.org	VFB_00030870	VFB_00017894	1	2	0.0
2025-03-07	v2.virtualflybrain.org	VFB_00030870	VFB_00101567	2	2	25.0
2025-03-07	v2.virtualflybrain.org	VFB_00049000	VFB_00049000	0	3	0.0
2025-03-07	v2.virtualflybrain.org	VFB_00050000	VFB_00050000	14	17	12.0
2025-03-07	v2.virtualflybrain.org	VFB_00050274	VFB_00049000	12	1	0.0
2025-03-07	v2.virtualflybrain.org	VFB_00055119	VFB_00049000	24	1	0.0
2025-03-07	v2.virtualflybrain.org	VFB_00068216	VFB_00068216	1	2	3.0
2025-03-07	v2.virtualflybrain.org	VFB_00100239	VFB_00050000	0	1	0.0
2025-03-07	v2.virtualflybrain.org	VFB_00100362	VFB_00050000	24	1	0.0
2025-03-07	v2.virtualflybrain.org	VFB_00100850	VFB_00050000	13	1	0.0
2025-03-07	v2.virtualflybrain.org	VFB_00100850	VFB_00100850	1	2	16.0
2025-03-07	v2.virtualflybrain.org	VFB_00100d2k	VFB_00101567	12	1	0.0
2025-03-07	v2.virtualflybrain.org	VFB_00100d2k	VFB_00200000	24	2	0.0
2025-03-07	v2.virtualflybrain.org	VFB_001011g9	VFB_00050000	2	1	0.0
2025-03-07	v2.virtualflybrain.org	VFB_00101382	VFB_00101567	0	2	0.0
2025-03-07	v2.virtualflybrain.org	VFB_00101476	VFB_00050000	1	2	6.0
2025-03-07	v2.virtualflybrain.org	VFB_001014q9	VFB_00101567	0	1	164.0
2025-03-07	v2.virtualflybrain.org	VFB_001014qc	VFB_00101567	0	1	11.0
2025-03-07	v2.virtualflybrain.org	VFB_001014qd	VFB_00101567	0	1	26.0
2025-03-07	v2.virtualflybrain.org	VFB_001014qe	VFB_00101567	1	2	11.0
2025-03-07	v2.virtualflybrain.org	VFB_001014uq	VFB_00101567	0	1	1.0
2025-03-07	v2.virtualflybrain.org	VFB_00101567	VFB_00101567	57	67	766.0
2025-03-07	v2.virtualflybrain.org	VFB_00102098	VFB_00102098	1	2	23.0
2025-03-07	v2.virtualflybrain.org	VFB_00102115	VFB_00049000	2	1	0.0
2025-03-07	v2.virtualflybrain.org	VFB_00102134	VFB_00101567	3	1	0.0
2025-03-07	v2.virtualflybrain.org	VFB_00102140	VFB_00101567	8	3	36.0
2025-03-07	v2.virtualflybrain.org	VFB_00102154	VFB_00101567	0	2	13.0
2025-03-07	v2.virtualflybrain.org	VFB_00102164	VFB_00101567	1	1	0.0
2025-03-07	v2.virtualflybrain.org	VFB_00102170	VFB_00101567	24	2	24.0
2025-03-07	v2.virtualflybrain.org	VFB_00102274	VFB_00101567	19	1	0.0
2025-03-07	v2.virtualflybrain.org	VFB_00102eyc	VFB_00050000	4	1	0.0
2025-03-07	v2.virtualflybrain.org	VFB_00103sio	VFB_00101567	0	1	88.0
2025-03-07	v2.virtualflybrain.org	VFB_00200000	VFB_00200000	0	2	0.0
2025-03-07	v2.virtualflybrain.org	VFB_fw000219	VFB_00101567	0	2	65.0
2025-03-07	v2.virtualflybrain.org	VFB_fw001048	VFB_00101567	6	1	3.0
2025-03-07	v2.virtualflybrain.org	VFB_fw001918	VFB_00101567	0	1	0.0
2025-03-07	v2.virtualflybrain.org	VFB_fw004270	VFB_00101567	1	1	0.0
2025-03-07	v2.virtualflybrain.org	VFB_fw008249	VFB_00101567	2	1	0.0
2025-03-07	v2.virtualflybrain.org	VFB_fw028837	VFB_00101567	0	1	0.0
2025-03-07	v2.virtualflybrain.org	VFB_fw029269	VFB_00101567	0	1	107.0
2025-03-07	v2.virtualflybrain.org	VFB_fw033045	VFB_00101567	6	1	0.0
2025-03-07	v2.virtualflybrain.org	VFB_fw034617	VFB_00101567	12	1	0.0
2025-03-07	v2.virtualflybrain.org	VFB_fw035067	VFB_00101567	0	1	0.0
2025-03-07	v2.virtualflybrain.org	VFB_fw035124	VFB_00101567	0	2	0.0
2025-03-07	v2.virtualflybrain.org	VFB_fw035298	VFB_00101567	0	1	0.0
2025-03-07	v2.virtualflybrain.org	VFB_fw035398	VFB_00101567	4	3	141.0
2025-03-07	v2.virtualflybrain.org	VFB_fw035695	VFB_00101567	0	1	0.0
2025-03-07	v2.virtualflybrain.org	VFB_fw035763	VFB_00101567	0	1	0.0
2025-03-07	v2.virtualflybrain.org	VFB_fw036236	VFB_00101567	0	2	0.0
2025-03-07	v2.virtualflybrain.org	VFB_fw036860		1	1	2.0
2025-03-07	v2.virtualflybrain.org	VFB_fw036860	VFB_00101567	0	1	0.0
2025-03-07	v2.virtualflybrain.org	VFB_fw036933	VFB_00101567	0	1	10.0
2025-03-07	v2.virtualflybrain.org	VFB_fw039197	VFB_00101567	0	2	0.0
2025-03-07	v2.virtualflybrain.org	VFB_fw041628	VFB_00101567	0	2	124.0
2025-03-07	v2.virtualflybrain.org	VFB_fw042922	VFB_00101567	0	2	31.0
2025-03-07	v2.virtualflybrain.org	VFB_fw063583	VFB_00101567	0	1	0.0
2025-03-07	v2.virtualflybrain.org	VFB_fw065184	VFB_00101567	0	2	65.0
2025-03-07	v2.virtualflybrain.org	VFB_fw097803	VFB_00101567	0	2	521.0
2025-03-07	v2.virtualflybrain.org	VFB_fw106853	VFB_00101567	1	2	3.0
2025-03-07	v2.virtualflybrain.org	VFB_fw106853	VFB_00200000	0	2	59.0
2025-03-07	v2.virtualflybrain.org	VFB_fw112085	VFB_00101567	0	1	8.0
2025-03-07	v2.virtualflybrain.org	VFB_fw128854	VFB_00101567	0	1	41.0
2025-03-07	v2.virtualflybrain.org	VFB_jrchjtn1	VFB_00101567	6	1	0.0
2025-03-07	v2.virtualflybrain.org	VFB_jrchjts1	VFB_00101567	0	2	0.0
2025-03-07	v2.virtualflybrain.org	VFB_jrchk461	VFB_00101567	6	1	0.0
2025-03-07	v2.virtualflybrain.org	VFB_jrchk7iy		1	1	0.0
2025-03-07	v2.virtualflybrain.org	VFB_jrchk7j0	VFB_00101567	1	2	129.0
2025-03-07	v2.virtualflybrain.org	VFB_jrchk7j2	VFB_00101567	4	1	72.0
2025-03-07	v2.virtualflybrain.org	VFB_jrchk8hh		1	1	2.0
2025-03-07	v2.virtualflybrain.org	VFB_jrchk8hh	VFB_00101567	2	1	0.0
2025-03-07	v2.virtualflybrain.org	VFB_jrcv25af	VFB_00101567	0	2	6.0
2025-03-07	v2.virtualflybrain.org	VFB_jrcv25af	VFB_00200000	1	2	3.0
2025-03-07	v2.virtualflybrain.org	VFBexp_FBti0201		1	1	1.0
2025-03-07	v2.virtualflybrain.org	VFBexp_FBtp0058	VFB_00101567	1	1	1038.0
2025-03-07	v2.virtualflybrain.org	VFBexp_FBtp0121		1	1	0.0
2025-03-07	v2.virtualflybrain.org	VFBexp_FBtp0123	VFB_00101567	8	1	0.0
2025-03-07	v2.virtualflybrain.org	VFBexp_FBtp0124	VFB_00101567	14	1	0.0
2025-03-07	v2.virtualflybrain.org	VFBexp_FBtp0124	VFB_00200000	6	1	0.0
2025-03-07	www.virtualflybrain.org	FBbt_00067062		1	1	6.0
2025-03-08		FBbt_00003625		24	1	0.0
2025-03-08		FBbt_00003625	VFB_00101567	24	1	0.0
2025-03-08		FBbt_00003681		1	1	0.0
2025-03-08		FBbt_00003681	VFB_00101567	1	1	0.0
2025-03-08		FBbt_00003748		4	1	0.0
2025-03-08		FBbt_00003748	VFB_00101567	4	1	0.0
2025-03-08		FBbt_00007050		1	1	0.0
2025-03-08		FBbt_00007050	VFB_00101567	1	1	0.0
2025-03-08		FBbt_00040001		5	1	0.0
2025-03-08		FBbt_00040001	VFB_00017894	5	1	0.0
2025-03-08		FBbt_00040002		1	1	0.0
2025-03-08		FBbt_00040002	VFB_00101567	1	1	0.0
2025-03-08		FBbt_00040043		4	1	0.0
2025-03-08		FBbt_00040043	VFB_00101567	4	2	0.0
2025-03-08		FBbt_00045027		1	1	0.0
2025-03-08		FBbt_00045027	VFB_00101567	1	1	0.0
2025-03-08		FBbt_00045048		1	1	0.0
2025-03-08		FBbt_00045048	VFB_00101567	1	1	0.0
2025-03-08		FBbt_00052193		19	1	0.0
2025-03-08		FBbt_00052193	VFB_00050000	19	1	0.0
2025-03-08		FBbt_00067123		24	1	0.0
2025-03-08		FBbt_00067123	VFB_00017894	24	1	0.0
2025-03-08		FBbt_00110639		6	1	0.0
2025-03-08		FBbt_00110639	VFB_00101567	6	1	0.0
2025-03-08		VFB_00030852		24	1	0.0
2025-03-08		VFB_00030852	VFB_00030786	24	1	0.0
2025-03-08		VFB_00030873		2	1	1.0
2025-03-08		VFB_00030873	VFB_00101567	2	1	0.0
2025-03-08		VFB_00050000		2	1	0.0
2025-03-08		VFB_00050000	VFB_00050000	2	1	0.0
2025-03-08		VFB_00050274		9	1	0.0
2025-03-08		VFB_00050274	VFB_00049000	9	1	0.0
2025-03-08		VFB_00055119		24	1	0.0
2025-03-08		VFB_00055119	VFB_00049000	24	1	0.0
2025-03-08		VFB_00100239		5	1	0.0
2025-03-08		VFB_00100239	VFB_00050000	5	1	0.0
2025-03-08		VFB_00100362		21	1	0.0
2025-03-08		VFB_00100362	VFB_00050000	21	1	0.0
2025-03-08		VFB_00100850		6	1	0.0
2025-03-08		VFB_00100850	VFB_00050000	6	1	0.0
2025-03-08		VFB_00100d2k		26	1	0.0
2025-03-08		VFB_00100d2k	VFB_00101567	2	1	0.0
2025-03-08		VFB_00100d2k	VFB_00200000	24	1	0.0
2025-03-08		VFB_00101382		20	1	0.0
2025-03-08		VFB_00101382	VFB_00101567	20	1	0.0
2025-03-08		VFB_00101476		1	1	0.0
2025-03-08		VFB_00101476	VFB_00050000	1	1	0.0
2025-03-08		VFB_00101567		75	11	40.0
2025-03-08		VFB_00101567	VFB_00101567	104	15	0.0
2025-03-08		VFB_00102107		1	1	7.0
2025-03-08		VFB_00102107	VFB_00101567	1	1	0.0
2025-03-08		VFB_00102134		2	1	0.0
2025-03-08		VFB_00102134	VFB_00101567	2	1	0.0
2025-03-08		VFB_00102139		1	1	0.0
2025-03-08		VFB_00102139	VFB_00101567	1	1	0.0
2025-03-08		VFB_00102140		2	1	15.0
2025-03-08		VFB_00102140	VFB_00101567	2	1	0.0
2025-03-08		VFB_00102146		4	2	1.0
2025-03-08		VFB_00102146	VFB_00101567	4	3	0.0
2025-03-08		VFB_00102152		1	1	0.0
2025-03-08		VFB_00102152	VFB_00101567	1	1	0.0
2025-03-08		VFB_00102154		1	1	0.0
2025-03-08		VFB_00102154	VFB_00101567	1	1	0.0
2025-03-08		VFB_00102170		7	1	0.0
2025-03-08		VFB_00102170	VFB_00101567	7	1	0.0
2025-03-08		VFB_00102213		1	1	0.0
2025-03-08		VFB_00102213	VFB_00101567	1	1	0.0
2025-03-08		VFB_00102274		16	2	0.0
2025-03-08		VFB_00102274	VFB_00101567	16	2	0.0
2025-03-08		VFB_00102275		1	1	0.0
2025-03-08		VFB_00102275	VFB_00101567	1	1	0.0
2025-03-08		VFB_00102eyc		1	1	0.0
2025-03-08		VFB_00102eyc	VFB_00050000	1	1	0.0
2025-03-08		VFB_fw008249		21	1	0.0
2025-03-08		VFB_fw008249	VFB_00101567	21	1	0.0
2025-03-08		VFB_fw034617		24	1	0.0
2025-03-08		VFB_fw034617	VFB_00101567	24	1	0.0
2025-03-08		VFBexp_FBtp0121		3	1	0.0
2025-03-08		VFBexp_FBtp0121	VFB_00101567	3	1	0.0
2025-03-08		VFBext_0000010		1	1	0.0
2025-03-08		VFBext_0000010	VFB_00101567	1	1	0.0
2025-03-08	v2.virtualflybrain.org	FBbt_00001331		1	1	0.0
2025-03-08	v2.virtualflybrain.org	FBbt_00002652		1	1	13.0
2025-03-08	v2.virtualflybrain.org	FBbt_00003625	VFB_00101567	24	1	0.0
2025-03-08	v2.virtualflybrain.org	FBbt_00003681	VFB_00101567	0	1	15.0
2025-03-08	v2.virtualflybrain.org	FBbt_00003748	VFB_00101567	0	1	22.0
2025-03-08	v2.virtualflybrain.org	FBbt_00003882		1	1	4.0
2025-03-08	v2.virtualflybrain.org	FBbt_00005922		1	1	0.0
2025-03-08	v2.virtualflybrain.org	FBbt_00007050	VFB_00101567	0	1	21.0
2025-03-08	v2.virtualflybrain.org	FBbt_00040001	VFB_00017894	5	1	0.0
2025-03-08	v2.virtualflybrain.org	FBbt_00040043	VFB_00101567	0	1	31.0
2025-03-08	v2.virtualflybrain.org	FBbt_00045027	VFB_00101567	1	1	0.0
2025-03-08	v2.virtualflybrain.org	FBbt_00045048	VFB_00101567	0	1	0.0
2025-03-08	v2.virtualflybrain.org	FBbt_00047721		2	2	0.0
2025-03-08	v2.virtualflybrain.org	FBbt_00049703		1	1	15.0
2025-03-08	v2.virtualflybrain.org	FBbt_00049770		1	1	10.0
2025-03-08	v2.virtualflybrain.org	FBbt_00050019		2	2	31.0
2025-03-08	v2.virtualflybrain.org	FBbt_00052193	VFB_00050000	19	1	0.0
2025-03-08	v2.virtualflybrain.org	FBbt_00067123	VFB_00017894	24	1	0.0
2025-03-08	v2.virtualflybrain.org	FBbt_00110639	VFB_00101567	10	1	0.0
2025-03-08	v2.virtualflybrain.org	FBbt_00111155		2	2	41.0
2025-03-08	v2.virtualflybrain.org	VFB_00017894	VFB_00017894	0	2	0.0
2025-03-08	v2.virtualflybrain.org	VFB_00030786	VFB_00030786	0	1	0.0
2025-03-08	v2.virtualflybrain.org	VFB_00030852	VFB_00030786	24	1	0.0
2025-03-08	v2.virtualflybrain.org	VFB_00030873	VFB_00101567	0	1	2.0
2025-03-08	v2.virtualflybrain.org	VFB_00049000	VFB_00049000	0	2	0.0
2025-03-08	v2.virtualflybrain.org	VFB_00050000	VFB_00050000	7	10	0.0
2025-03-08	v2.virtualflybrain.org	VFB_00050274	VFB_00049000	9	1	0.0
2025-03-08	v2.virtualflybrain.org	VFB_00055119	VFB_00049000	24	1	0.0
2025-03-08	v2.virtualflybrain.org	VFB_00100239	VFB_00050000	5	2	26.0
2025-03-08	v2.virtualflybrain.org	VFB_00100362	VFB_00050000	21	1	0.0
2025-03-08	v2.virtualflybrain.org	VFB_00100850	VFB_00050000	6	1	0.0
2025-03-08	v2.virtualflybrain.org	VFB_00100d2k	VFB_00101567	2	1	0.0
2025-03-08	v2.virtualflybrain.org	VFB_00100d2k	VFB_00200000	24	1	0.0
2025-03-08	v2.virtualflybrain.org	VFB_00101382	VFB_00101567	20	1	14.0
2025-03-08	v2.virtualflybrain.org	VFB_00101476	VFB_00050000	1	1	0.0
2025-03-08	v2.virtualflybrain.org	VFB_00101567	VFB_00101567	88	33	437.0
2025-03-08	v2.virtualflybrain.org	VFB_00102107	VFB_00101567	0	1	15.0
2025-03-08	v2.virtualflybrain.org	VFB_00102134	VFB_00101567	3	1	0.0
2025-03-08	v2.virtualflybrain.org	VFB_00102139	VFB_00101567	0	1	63.0
2025-03-08	v2.virtualflybrain.org	VFB_00102140	VFB_00101567	0	1	0.0
2025-03-08	v2.virtualflybrain.org	VFB_00102146	VFB_00101567	0	1	23.0
2025-03-08	v2.virtualflybrain.org	VFB_00102152	VFB_00101567	0	1	11.0
2025-03-08	v2.virtualflybrain.org	VFB_00102154	VFB_00101567	0	1	6.0
2025-03-08	v2.virtualflybrain.org	VFB_00102170	VFB_00101567	7	1	0.0
2025-03-08	v2.virtualflybrain.org	VFB_00102213	VFB_00101567	0	2	35.0
2025-03-08	v2.virtualflybrain.org	VFB_00102274	VFB_00101567	15	2	2.0
2025-03-08	v2.virtualflybrain.org	VFB_00102275	VFB_00101567	0	1	29.0
2025-03-08	v2.virtualflybrain.org	VFB_00102eyc	VFB_00050000	1	1	0.0
2025-03-08	v2.virtualflybrain.org	VFB_00103nol	VFB_00101567	1	1	0.0
2025-03-08	v2.virtualflybrain.org	VFB_00200000	VFB_00200000	0	1	0.0
2025-03-08	v2.virtualflybrain.org	VFB_fw008249	VFB_00101567	21	1	0.0
2025-03-08	v2.virtualflybrain.org	VFB_fw034617	VFB_00101567	24	1	0.0
2025-03-08	v2.virtualflybrain.org	VFBexp_FBtp0121	VFB_00101567	1	2	35.0
2025-03-08	v2.virtualflybrain.org	VFBext_0000010	VFB_00101567	0	1	1.0
2025-03-09		FBbt_00003624		25	5	8.0
2025-03-09		FBbt_00003624	VFB_00101567	42	6	0.0
2025-03-09		FBbt_00003625		24	1	0.0
2025-03-09		FBbt_00003625	VFB_00101567	24	1	0.0
2025-03-09		FBbt_00003632		1	1	0.0
2025-03-09		FBbt_00003632	VFB_00101567	1	1	0.0
2025-03-09		FBbt_00003668		3	1	0.0
2025-03-09		FBbt_00003668	VFB_00101567	3	1	0.0
2025-03-09		FBbt_00003680		2	1	0.0
2025-03-09		FBbt_00003680	VFB_00101567	2	1	0.0
2025-03-09		FBbt_00003681		1	1	0.0
2025-03-09		FBbt_00003681	VFB_00101567	1	1	0.0
2025-03-09		FBbt_00003684		2	1	0.0
2025-03-09		FBbt_00003684	VFB_00101567	3	1	0.0
2025-03-09		FBbt_00003748		4	2	0.0
2025-03-09		FBbt_00003748	VFB_00101567	4	2	0.0
2025-03-09		FBbt_00004172		2	1	9.0
2025-03-09		FBbt_00004172	VFB_00101567	2	1	0.0
2025-03-09		FBbt_00004177		6	1	68.0
2025-03-09		FBbt_00004177	VFB_00101567	6	1	0.0
2025-03-09		FBbt_00007053		1	1	0.0
2025-03-09		FBbt_00007053	VFB_00101567	1	1	0.0
2025-03-09		FBbt_00007054		1	1	0.0
2025-03-09		FBbt_00007054	VFB_00101567	1	1	0.0
2025-03-09		FBbt_00007055		1	1	0.0
2025-03-09		FBbt_00007055	VFB_00101567	2	1	0.0
2025-03-09		FBbt_00040001		6	1	0.0
2025-03-09		FBbt_00040001	VFB_00017894	6	1	0.0
2025-03-09		FBbt_00040040		2	1	0.0
2025-03-09		FBbt_00040040	VFB_00101567	2	1	0.0
2025-03-09		FBbt_00040041		11	4	0.0
2025-03-09		FBbt_00040041	VFB_00017894	2	1	0.0
2025-03-09		FBbt_00040041	VFB_00101567	9	3	0.0
2025-03-09		FBbt_00040042		1	1	0.0
2025-03-09		FBbt_00040042	VFB_00101567	1	1	0.0
2025-03-09		FBbt_00040072		2	1	0.0
2025-03-09		FBbt_00040072	VFB_00101567	2	1	0.0
2025-03-09		FBbt_00045003		2	1	0.0
2025-03-09		FBbt_00045003	VFB_00101567	2	1	0.0
2025-03-09		FBbt_00045020		2	1	0.0
2025-03-09		FBbt_00045020	VFB_00101567	2	1	0.0
2025-03-09		FBbt_00045027		1	1	0.0
2025-03-09		FBbt_00045027	VFB_00101567	2	1	0.0
2025-03-09		FBbt_00045030		2	1	0.0
2025-03-09		FBbt_00045030	VFB_00101567	2	1	0.0
2025-03-09		FBbt_00045032		1	1	0.0
2025-03-09		FBbt_00045032	VFB_00101567	1	1	0.0
2025-03-09		FBbt_00048266		3	1	11.0
2025-03-09		FBbt_00048266	VFB_00101567	3	2	0.0
2025-03-09		FBbt_00049664		1	1	0.0
2025-03-09		FBbt_00049664	VFB_00101567	1	1	0.0
2025-03-09		FBbt_00052713		1	1	0.0
2025-03-09		FBbt_00052713	VFB_00101567	1	1	0.0
2025-03-09		FBbt_00067038		10	1	0.0
2025-03-09		FBbt_00067038	VFB_00101567	10	1	0.0
2025-03-09		FBbt_00067123		24	1	0.0
2025-03-09		FBbt_00067123	VFB_00017894	24	1	0.0
2025-03-09		FBbt_00110035		1	1	0.0
2025-03-09		FBbt_00110035	VFB_00101567	1	1	0.0
2025-03-09		FBbt_00110639		7	1	0.0
2025-03-09		FBbt_00110639	VFB_00101567	7	1	0.0
2025-03-09		FBbt_00110852		10	1	0.0
2025-03-09		FBbt_00110852	VFB_00101567	10	2	0.0
2025-03-09		FBbt_20004361		7	1	19.0
2025-03-09		FBbt_20004361	VFB_00101567	7	1	0.0
2025-03-09		VFB_00023207		9	1	33.0
2025-03-09		VFB_00023207	VFB_00101567	4	2	0.0
2025-03-09		VFB_00030852		24	1	0.0
2025-03-09		VFB_00030852	VFB_00030786	24	1	0.0
2025-03-09		VFB_00030867		3	1	0.0
2025-03-09		VFB_00030867	VFB_00101567	3	1	0.0
2025-03-09		VFB_00030873		1	1	0.0
2025-03-09		VFB_00030873	VFB_00101567	1	1	0.0
2025-03-09		VFB_00030877		2	1	0.0
2025-03-09		VFB_00030877	VFB_00101567	2	1	0.0
2025-03-09		VFB_00040050		5	1	16.0
2025-03-09		VFB_00040050	VFB_00101567	5	2	0.0
2025-03-09		VFB_00050000		7	1	0.0
2025-03-09		VFB_00050000	VFB_00050000	7	1	0.0
2025-03-09		VFB_00055119		8	1	0.0
2025-03-09		VFB_00055119	VFB_00049000	8	1	0.0
2025-03-09		VFB_00100850		4	1	196.0
2025-03-09		VFB_00100850	VFB_00050000	1	1	0.0
2025-03-09		VFB_00100850	VFB_00101567	3	1	0.0
2025-03-09		VFB_00100d2k		3	1	0.0
2025-03-09		VFB_00100d2k	VFB_00200000	3	1	0.0
2025-03-09		VFB_00100woh		7	1	10.0
2025-03-09		VFB_00100woh	VFB_00101567	2	1	0.0
2025-03-09		VFB_001012q2		2	1	2.0
2025-03-09		VFB_001012q2	VFB_00101567	2	1	0.0
2025-03-09		VFB_001012tg		5	1	3.0
2025-03-09		VFB_001012tg	VFB_00101567	5	1	0.0
2025-03-09		VFB_00101382		24	1	0.0
2025-03-09		VFB_00101382	VFB_00101567	24	1	0.0
2025-03-09		VFB_0010141c		2	1	2.0
2025-03-09		VFB_0010141c	VFB_00101567	2	1	0.0
2025-03-09		VFB_001014uq		7	1	7.0
2025-03-09		VFB_001014uq	VFB_00101567	6	1	0.0
2025-03-09		VFB_001014uq	VFB_00110000	1	1	0.0
2025-03-09		VFB_00101567		148	14	285.0
2025-03-09		VFB_00101567	VFB_00101567	169	28	0.0
2025-03-09		VFB_00101xw1		4	1	10.0
2025-03-09		VFB_00101xw1	VFB_00101567	9	2	0.0
2025-03-09		VFB_00102137		4	1	1.0
2025-03-09		VFB_00102137	VFB_00101567	3	1	0.0
2025-03-09		VFB_00102154		2	1	0.0
2025-03-09		VFB_00102154	VFB_00101567	2	1	0.0
2025-03-09		VFB_00102159		2	1	0.0
2025-03-09		VFB_00102159	VFB_00101567	2	1	0.0
2025-03-09		VFB_fw001342		4	1	10.0
2025-03-09		VFB_fw001342	VFB_00101567	4	2	0.0
2025-03-09		VFB_fw008249		24	1	0.0
2025-03-09		VFB_fw008249	VFB_00101567	24	1	0.0
2025-03-09		VFB_fw032677		4	1	4.0
2025-03-09		VFB_fw032677	VFB_00101567	4	1	0.0
2025-03-09		VFB_fw033578		2	1	0.0
2025-03-09		VFB_fw033578	VFB_00101567	2	1	0.0
2025-03-09		VFB_fw034617		13	1	0.0
2025-03-09		VFB_fw034617	VFB_00101567	13	1	0.0
2025-03-09		VFB_fw043515		7	1	7.0
2025-03-09		VFB_fw043515	VFB_00101567	7	1	0.0
2025-03-09		VFB_jrchk7zj		1	1	33.0
2025-03-09		VFB_jrchk7zj	VFB_00101567	1	1	0.0
2025-03-09		VFBexp_FBti0074		1	1	0.0
2025-03-09		VFBexp_FBti0074	VFB_00101567	1	1	0.0
2025-03-09		VFBexp_FBtp0058		2	1	0.0
2025-03-09		VFBexp_FBtp0058	VFB_00101567	2	1	0.0
2025-03-09		VFBexp_FBtp0060		1	1	0.0
2025-03-09		VFBexp_FBtp0060	VFB_00101567	1	1	0.0
2025-03-09		VFBexp_FBtp0102		1	1	0.0
2025-03-09		VFBexp_FBtp0102	VFB_00101567	1	1	0.0
2025-03-09		VFBexp_FBtp0106		3	2	1.0
2025-03-09		VFBexp_FBtp0106	VFB_00101567	3	2	0.0
2025-03-09	v2.virtualflybrain.org	FBbt_00003624		1	1	1.0
2025-03-09	v2.virtualflybrain.org	FBbt_00003624	VFB_00101567	1	7	418.0
2025-03-09	v2.virtualflybrain.org	FBbt_00003625	VFB_00101567	24	1	0.0
2025-03-09	v2.virtualflybrain.org	FBbt_00003632	VFB_00101567	0	2	4.0
2025-03-09	v2.virtualflybrain.org	FBbt_00003668	VFB_00101567	0	1	5.0
2025-03-09	v2.virtualflybrain.org	FBbt_00003680	VFB_00101567	0	1	20.0
2025-03-09	v2.virtualflybrain.org	FBbt_00003681	VFB_00101567	0	1	97.0
2025-03-09	v2.virtualflybrain.org	FBbt_00003684	VFB_00101567	0	1	2.0
2025-03-09	v2.virtualflybrain.org	FBbt_00003748	VFB_00101567	0	2	74.0
2025-03-09	v2.virtualflybrain.org	FBbt_00003796		1	1	10.0
2025-03-09	v2.virtualflybrain.org	FBbt_00004172	VFB_00101567	0	1	0.0
2025-03-09	v2.virtualflybrain.org	FBbt_00004177	VFB_00101567	0	2	19.0
2025-03-09	v2.virtualflybrain.org	FBbt_00007053	VFB_00101567	0	1	6.0
2025-03-09	v2.virtualflybrain.org	FBbt_00007054	VFB_00101567	0	2	6.0
2025-03-09	v2.virtualflybrain.org	FBbt_00007055	VFB_00101567	0	1	16.0
2025-03-09	v2.virtualflybrain.org	FBbt_00040001	VFB_00017894	6	1	0.0
2025-03-09	v2.virtualflybrain.org	FBbt_00040040	VFB_00101567	0	1	22.0
2025-03-09	v2.virtualflybrain.org	FBbt_00040041	VFB_00017894	2	1	0.0
2025-03-09	v2.virtualflybrain.org	FBbt_00040041	VFB_00101567	5	5	120.0
2025-03-09	v2.virtualflybrain.org	FBbt_00040042	VFB_00101567	0	1	26.0
2025-03-09	v2.virtualflybrain.org	FBbt_00040072	VFB_00101567	0	1	1.0
2025-03-09	v2.virtualflybrain.org	FBbt_00045003	VFB_00101567	0	1	17.0
2025-03-09	v2.virtualflybrain.org	FBbt_00045020	VFB_00101567	0	1	5.0
2025-03-09	v2.virtualflybrain.org	FBbt_00045027	VFB_00101567	0	1	14.0
2025-03-09	v2.virtualflybrain.org	FBbt_00045030	VFB_00101567	1	2	71.0
2025-03-09	v2.virtualflybrain.org	FBbt_00045032	VFB_00101567	0	1	5.0
2025-03-09	v2.virtualflybrain.org	FBbt_00048266	VFB_00101567	0	2	0.0
2025-03-09	v2.virtualflybrain.org	FBbt_00049664	VFB_00101567	0	1	27.0
2025-03-09	v2.virtualflybrain.org	FBbt_00049962		1	1	0.0
2025-03-09	v2.virtualflybrain.org	FBbt_00050248		1	1	0.0
2025-03-09	v2.virtualflybrain.org	FBbt_00051306		1	1	0.0
2025-03-09	v2.virtualflybrain.org	FBbt_00052713	VFB_00101567	0	1	58.0
2025-03-09	v2.virtualflybrain.org	FBbt_00052872		1	1	11.0
2025-03-09	v2.virtualflybrain.org	FBbt_00067038		5	1	1.0
2025-03-09	v2.virtualflybrain.org	FBbt_00067038	VFB_00101567	3	1	127.0
2025-03-09	v2.virtualflybrain.org	FBbt_00067123	VFB_00017894	24	1	0.0
2025-03-09	v2.virtualflybrain.org	FBbt_00110035	VFB_00101567	0	1	142.0
2025-03-09	v2.virtualflybrain.org	FBbt_00110550		1	1	0.0
2025-03-09	v2.virtualflybrain.org	FBbt_00110639	VFB_00101567	7	1	0.0
2025-03-09	v2.virtualflybrain.org	FBbt_00110849		1	1	0.0
2025-03-09	v2.virtualflybrain.org	FBbt_00110852	VFB_00101567	8	3	66.0
2025-03-09	v2.virtualflybrain.org	FBbt_00111254		2	2	21.0
2025-03-09	v2.virtualflybrain.org	FBbt_20004361	VFB_00101567	0	1	26.0
2025-03-09	v2.virtualflybrain.org	VFB_00017894	VFB_00017894	0	3	0.0
2025-03-09	v2.virtualflybrain.org	VFB_00023207	VFB_00101567	0	1	0.0
2025-03-09	v2.virtualflybrain.org	VFB_00030786	VFB_00030786	0	1	0.0
2025-03-09	v2.virtualflybrain.org	VFB_00030852	VFB_00030786	24	1	0.0
2025-03-09	v2.virtualflybrain.org	VFB_00030867	VFB_00101567	3	1	0.0
2025-03-09	v2.virtualflybrain.org	VFB_00030873	VFB_00101567	1	1	0.0
2025-03-09	v2.virtualflybrain.org	VFB_00030877	VFB_00101567	1	1	5.0
2025-03-09	v2.virtualflybrain.org	VFB_00040050	VFB_00101567	1	2	0.0
2025-03-09	v2.virtualflybrain.org	VFB_00049000	VFB_00049000	0	1	0.0
2025-03-09	v2.virtualflybrain.org	VFB_00050000	VFB_00050000	8	2	2.0
2025-03-09	v2.virtualflybrain.org	VFB_00055119	VFB_00049000	8	1	0.0
2025-03-09	v2.virtualflybrain.org	VFB_00100850	VFB_00050000	1	2	2.0
2025-03-09	v2.virtualflybrain.org	VFB_00100850	VFB_00101567	0	2	3.0
2025-03-09	v2.virtualflybrain.org	VFB_00100d2k	VFB_00200000	3	1	0.0
2025-03-09	v2.virtualflybrain.org	VFB_00100woh	VFB_00101567	0	1	27.0
2025-03-09	v2.virtualflybrain.org	VFB_001012q2	VFB_00101567	0	1	25.0
2025-03-09	v2.virtualflybrain.org	VFB_001012tg	VFB_00101567	0	1	167.0
2025-03-09	v2.virtualflybrain.org	VFB_0010136a	VFB_00101567	0	1	59.0
2025-03-09	v2.virtualflybrain.org	VFB_00101382	VFB_00101567	24	1	0.0
2025-03-09	v2.virtualflybrain.org	VFB_0010141c	VFB_00101567	0	1	113.0
2025-03-09	v2.virtualflybrain.org	VFB_001014qc	VFB_00101567	0	1	0.0
2025-03-09	v2.virtualflybrain.org	VFB_001014uq	VFB_00101567	0	2	16.0
2025-03-09	v2.virtualflybrain.org	VFB_001014uq	VFB_00110000	1	3	13.0
2025-03-09	v2.virtualflybrain.org	VFB_00101567	VFB_00101567	79	40	456.0
2025-03-09	v2.virtualflybrain.org	VFB_00101xw1	VFB_00101567	0	2	12.0
2025-03-09	v2.virtualflybrain.org	VFB_00102107	VFB_00101567	0	1	55.0
2025-03-09	v2.virtualflybrain.org	VFB_00102137	VFB_00101567	0	1	1.0
2025-03-09	v2.virtualflybrain.org	VFB_00102154	VFB_00101567	0	1	2.0
2025-03-09	v2.virtualflybrain.org	VFB_00102159	VFB_00101567	0	1	0.0
2025-03-09	v2.virtualflybrain.org	VFB_00200000	VFB_00200000	0	1	0.0
2025-03-09	v2.virtualflybrain.org	VFB_fw001342	VFB_00101567	0	2	18.0
2025-03-09	v2.virtualflybrain.org	VFB_fw008249	VFB_00101567	24	1	0.0
2025-03-09	v2.virtualflybrain.org	VFB_fw032677		1	1	0.0
2025-03-09	v2.virtualflybrain.org	VFB_fw032677	VFB_00101567	0	1	74.0
2025-03-09	v2.virtualflybrain.org	VFB_fw033578		1	1	0.0
2025-03-09	v2.virtualflybrain.org	VFB_fw034617	VFB_00101567	13	1	0.0
2025-03-09	v2.virtualflybrain.org	VFB_fw043515		1	1	1.0
2025-03-09	v2.virtualflybrain.org	VFB_jrchk7zj	VFB_00101567	0	1	46.0
2025-03-09	v2.virtualflybrain.org	VFBexp_FBti0074	VFB_00101567	0	1	249.0
2025-03-09	v2.virtualflybrain.org	VFBexp_FBtp0058	VFB_00101567	0	1	92.0
2025-03-09	v2.virtualflybrain.org	VFBexp_FBtp0060	VFB_00101567	0	1	17.0
2025-03-09	v2.virtualflybrain.org	VFBexp_FBtp0102	VFB_00101567	0	1	5.0
2025-03-09	v2.virtualflybrain.org	VFBexp_FBtp0106	VFB_00101567	0	2	246.0
2025-03-09	v2.virtualflybrain.org	VFBexp_FBtp0124	VFB_00101567	1	1	0.0
2025-03-09	v2.virtualflybrain.org	VFBexp_FBtp0124	VFB_00200000	1	1	0.0
2025-03-10		FBbt_00003624		8	3	0.0
2025-03-10		FBbt_00003624	VFB_00101567	9	3	0.0
2025-03-10		FBbt_00003625		10	1	0.0
2025-03-10		FBbt_00003625	VFB_00101567	10	1	0.0
2025-03-10		FBbt_00003632		1	1	0.0
2025-03-10		FBbt_00003632	VFB_00101567	1	1	0.0
2025-03-10		FBbt_00003680		1	1	0.0
2025-03-10		FBbt_00003680	VFB_00101567	1	1	0.0
2025-03-10		FBbt_00003681		2	2	0.0
2025-03-10		FBbt_00003681	VFB_00101567	2	2	0.0
2025-03-10		FBbt_00003682		1	1	0.0
2025-03-10		FBbt_00003682	VFB_00101567	1	1	0.0
2025-03-10		FBbt_00003684		1	1	0.0
2025-03-10		FBbt_00003684	VFB_00101567	1	1	0.0
2025-03-10		FBbt_00003748		1	1	0.0
2025-03-10		FBbt_00003748	VFB_00101567	1	1	0.0
2025-03-10		FBbt_00003982		1	1	0.0
2025-03-10		FBbt_00003982	VFB_00101567	2	1	0.0
2025-03-10		FBbt_00005134		1	1	0.0
2025-03-10		FBbt_00005134	VFB_00101567	1	1	0.0
2025-03-10		FBbt_00007054		1	1	0.0
2025-03-10		FBbt_00007054	VFB_00101567	1	1	0.0
2025-03-10		FBbt_00007385		11	2	0.0
2025-03-10		FBbt_00007385	VFB_00101567	11	3	0.0
2025-03-10		FBbt_00007401		1	1	0.0
2025-03-10		FBbt_00007401	VFB_00101567	1	1	0.0
2025-03-10		FBbt_00007453		5	2	0.0
2025-03-10		FBbt_00007453	VFB_00101567	6	2	0.0
2025-03-10		FBbt_00013694		13	1	0.0
2025-03-10		FBbt_00013694	VFB_00101567	13	2	0.0
2025-03-10		FBbt_00013695		4	1	0.0
2025-03-10		FBbt_00013695	VFB_00101567	4	1	0.0
2025-03-10		FBbt_00014013		1	1	0.0
2025-03-10		FBbt_00014013	VFB_00101567	1	1	0.0
2025-03-10		FBbt_00040001		9	1	0.0
2025-03-10		FBbt_00040001	VFB_00017894	9	1	0.0
2025-03-10		FBbt_00040041		7	3	0.0
2025-03-10		FBbt_00040041	VFB_00017894	3	1	0.0
2025-03-10		FBbt_00040041	VFB_00101567	4	3	0.0
2025-03-10		FBbt_00040042		1	1	0.0
2025-03-10		FBbt_00040042	VFB_00101567	1	1	0.0
2025-03-10		FBbt_00040043		2	1	0.0
2025-03-10		FBbt_00040043	VFB_00101567	2	1	0.0
2025-03-10		FBbt_00045007		1	1	0.0
2025-03-10		FBbt_00045007	VFB_00101567	1	1	0.0
2025-03-10		FBbt_00045027		1	1	0.0
2025-03-10		FBbt_00045027	VFB_00101567	1	1	0.0
2025-03-10		FBbt_00045032		2	1	0.0
2025-03-10		FBbt_00045032	VFB_00101567	2	1	0.0
2025-03-10		FBbt_00047887		1	1	0.0
2025-03-10		FBbt_00047887	VFB_00101567	1	1	0.0
2025-03-10		FBbt_00048138		3	1	13.0
2025-03-10		FBbt_00048138	VFB_00101567	3	1	0.0
2025-03-10		FBbt_00048531		1	1	0.0
2025-03-10		FBbt_00048531	VFB_00101567	1	1	0.0
2025-03-10		FBbt_00049772		5	1	56.0
2025-03-10		FBbt_00049772	VFB_00101567	5	1	0.0
2025-03-10		FBbt_00049917		4	1	32.0
2025-03-10		FBbt_00049917	VFB_00101567	5	2	0.0
2025-03-10		FBbt_00058208		1	1	0.0
2025-03-10		FBbt_00058208	VFB_00101567	1	1	0.0
2025-03-10		FBbt_00067123		24	1	0.0
2025-03-10		FBbt_00067123	VFB_00017894	24	1	0.0
2025-03-10		FBbt_00100226		5	1	8.0
2025-03-10		FBbt_00100226	VFB_00101567	5	2	0.0
2025-03-10		FBbt_00110636		2	1	0.0
2025-03-10		FBbt_00110636	VFB_00101567	2	1	0.0
2025-03-10		FBbt_00110639		3	1	0.0
2025-03-10		FBbt_00110639	VFB_00101567	3	1	0.0
2025-03-10		FBbt_00110657		3	1	0.0
2025-03-10		FBbt_00110657	VFB_00101567	3	1	0.0
2025-03-10		FBbt_00110658		12	1	0.0
2025-03-10		FBbt_00110658	VFB_00101567	12	2	0.0
2025-03-10		FBbt_00110931		1	1	0.0
2025-03-10		FBbt_00110931	VFB_00101567	1	1	0.0
2025-03-10		VFB_00012321		6	1	11.0
2025-03-10		VFB_00012321	VFB_00101567	6	1	0.0
2025-03-10		VFB_00020038		8	1	14.0
2025-03-10		VFB_00020038	VFB_00101567	3	1	0.0
2025-03-10		VFB_00023404		3	1	1.0
2025-03-10		VFB_00023404	VFB_00101567	3	1	0.0
2025-03-10		VFB_00027326		2	1	6.0
2025-03-10		VFB_00027326	VFB_00101567	2	1	0.0
2025-03-10		VFB_00030806		2	1	10.0
2025-03-10		VFB_00030806	VFB_00101567	2	1	0.0
2025-03-10		VFB_00030821		3	1	42.0
2025-03-10		VFB_00030821	VFB_00101567	3	1	0.0
2025-03-10		VFB_00030849		3	2	2.0
2025-03-10		VFB_00030849	VFB_00101567	3	2	0.0
2025-03-10		VFB_00030852		11	1	0.0
2025-03-10		VFB_00030852	VFB_00030786	11	1	0.0
2025-03-10		VFB_00030867		8	2	6.0
2025-03-10		VFB_00030867	VFB_00101567	13	2	0.0
2025-03-10		VFB_00044977		5	1	0.0
2025-03-10		VFB_00044977	VFB_00101567	5	1	0.0
2025-03-10		VFB_00049000		1	1	1.0
2025-03-10		VFB_00049000	VFB_00049000	2	2	6.0
2025-03-10		VFB_00050000		2	1	0.0
2025-03-10		VFB_00050000	VFB_00050000	2	1	0.0
2025-03-10		VFB_00050274		1	1	1.0
2025-03-10		VFB_00050274	VFB_00049000	1	1	0.0
2025-03-10		VFB_00055119		1	1	0.0
2025-03-10		VFB_00055119	VFB_00049000	1	1	0.0
2025-03-10		VFB_00100239		6	1	0.0
2025-03-10		VFB_00100239	VFB_00050000	6	1	0.0
2025-03-10		VFB_00100362		1	1	0.0
2025-03-10		VFB_00100362	VFB_00050000	1	1	0.0
2025-03-10		VFB_00100850		17	2	5.0
2025-03-10		VFB_00100850	VFB_00050000	9	2	0.0
2025-03-10		VFB_00100850	VFB_00101567	8	1	0.0
2025-03-10		VFB_00100f0r		2	1	0.0
2025-03-10		VFB_00100f0r	VFB_00101567	2	1	0.0
2025-03-10		VFB_001011g9		1	1	0.0
2025-03-10		VFB_001011g9	VFB_00050000	1	1	0.0
2025-03-10		VFB_00101221		13	1	32.0
2025-03-10		VFB_00101221	VFB_00101567	14	4	0.0
2025-03-10		VFB_001012k7		3	1	0.0
2025-03-10		VFB_001012k7	VFB_00101567	3	2	0.0
2025-03-10		VFB_001012kb		2	1	0.0
2025-03-10		VFB_001012kb	VFB_00101567	2	2	0.0
2025-03-10		VFB_00101382		24	1	2.0
2025-03-10		VFB_00101382	VFB_00101567	24	1	0.0
2025-03-10		VFB_00101476		1	1	0.0
2025-03-10		VFB_00101476	VFB_00050000	1	1	0.0
2025-03-10		VFB_001014uq		2	1	5.0
2025-03-10		VFB_001014uq	VFB_00101567	2	1	0.0
2025-03-10		VFB_00101567		117	29	191.0
2025-03-10		VFB_00101567	VFB_00101567	172	38	21.0
2025-03-10		VFB_00102114		9	2	9.0
2025-03-10		VFB_00102114	VFB_00101567	4	3	0.0
2025-03-10		VFB_00102118		3	1	10.0
2025-03-10		VFB_00102118	VFB_00101567	3	2	0.0
2025-03-10		VFB_00102133		46	1	10.0
2025-03-10		VFB_00102133	VFB_00101567	45	2	0.0
2025-03-10		VFB_00102139		1	1	1.0
2025-03-10		VFB_00102139	VFB_00101567	1	1	0.0
2025-03-10		VFB_00102170		1	1	0.0
2025-03-10		VFB_00102170	VFB_00101567	1	1	0.0
2025-03-10		VFB_00102201		1	1	2.0
2025-03-10		VFB_00102201	VFB_00101567	1	1	0.0
2025-03-10		VFB_00102273		3	1	6.0
2025-03-10		VFB_00102273	VFB_00101567	3	2	0.0
2025-03-10		VFB_00102274		1	1	0.0
2025-03-10		VFB_00102274	VFB_00101567	1	1	0.0
2025-03-10		VFB_00102280		7	2	11.0
2025-03-10		VFB_00102280	VFB_00101567	7	3	0.0
2025-03-10		VFB_00102eyc		5	1	0.0
2025-03-10		VFB_00102eyc	VFB_00050000	5	1	0.0
2025-03-10		VFB_fw000512		2	1	0.0
2025-03-10		VFB_fw000512	VFB_00101567	2	1	0.0
2025-03-10		VFB_fw008249		10	1	0.0
2025-03-10		VFB_fw008249	VFB_00101567	10	1	0.0
2025-03-10		VFB_fw022350		6	1	42.0
2025-03-10		VFB_fw022350	VFB_00101567	6	2	0.0
2025-03-10		VFB_fw024674		13	2	282.0
2025-03-10		VFB_fw024674	VFB_00101567	12	4	0.0
2025-03-10		VFB_fw033461		1	1	0.0
2025-03-10		VFB_fw033461	VFB_00101567	1	1	0.0
2025-03-10		VFB_fw033578		31	2	41.0
2025-03-10		VFB_fw033578	VFB_00101567	30	5	0.0
2025-03-10		VFB_fw034713		2	1	0.0
2025-03-10		VFB_fw034713	VFB_00101567	3	2	0.0
2025-03-10		VFB_fw035012		26	2	35.0
2025-03-10		VFB_fw035012	VFB_00101567	27	5	0.0
2025-03-10		VFB_fw035398		1	1	4.0
2025-03-10		VFB_fw035398	VFB_00101567	1	1	0.0
2025-03-10		VFB_fw036522		25	2	310.0
2025-03-10		VFB_fw036522	VFB_00101567	24	4	0.0
2025-03-10		VFB_fw036860		2	1	0.0
2025-03-10		VFB_fw036860	VFB_00101567	2	1	0.0
2025-03-10		VFB_fw043515		4	1	0.0
2025-03-10		VFB_fw043515	VFB_00101567	4	2	0.0
2025-03-10		VFB_jrchjtpj		3	1	2.0
2025-03-10		VFB_jrchjtpj	VFB_00101567	3	2	0.0
2025-03-10		VFB_jrchk0vt		11	1	52.0
2025-03-10		VFB_jrchk0vt	VFB_00101567	10	2	0.0
2025-03-10		VFB_jrchk0xv		1	1	0.0
2025-03-10		VFB_jrchk0xv	VFB_00101567	1	1	0.0
2025-03-10		VFB_jrchk7hv		1	1	0.0
2025-03-10		VFB_jrchk7hv	VFB_00101567	1	1	0.0
2025-03-10		VFB_jrchk7hw		1	1	0.0
2025-03-10		VFB_jrchk7hw	VFB_00101567	1	1	0.0
2025-03-10		VFB_jrchk7j0		1	1	0.0
2025-03-10		VFB_jrchk7j0	VFB_00101567	1	1	0.0
2025-03-10		VFB_jrchk7j2		8	1	4.0
2025-03-10		VFB_jrchk7j2	VFB_00101567	8	2	0.0
2025-03-10		VFB_jrchk7k3		2	1	0.0
2025-03-10		VFB_jrchk7k3	VFB_00101567	2	2	0.0
2025-03-10		VFBexp_FBtp0059		1	1	0.0
2025-03-10		VFBexp_FBtp0059	VFB_00101567	1	1	0.0
2025-03-10		VFBexp_FBtp0122		1	1	0.0
2025-03-10		VFBexp_FBtp0122	VFB_00101567	1	1	0.0
2025-03-10		VFBexp_FBtp0124		3	2	0.0
2025-03-10		VFBexp_FBtp0124	VFB_00101567	3	2	0.0
2025-03-10	v2.virtualflybrain.org	FBbt_00003624	VFB_00101567	1	3	31.0
2025-03-10	v2.virtualflybrain.org	FBbt_00003625	VFB_00101567	10	1	0.0
2025-03-10	v2.virtualflybrain.org	FBbt_00003632	VFB_00101567	0	1	30.0
2025-03-10	v2.virtualflybrain.org	FBbt_00003680	VFB_00101567	0	1	35.0
2025-03-10	v2.virtualflybrain.org	FBbt_00003681	VFB_00101567	0	2	7.0
2025-03-10	v2.virtualflybrain.org	FBbt_00003682	VFB_00101567	0	1	6.0
2025-03-10	v2.virtualflybrain.org	FBbt_00003748	VFB_00101567	0	1	10.0
2025-03-10	v2.virtualflybrain.org	FBbt_00003982	VFB_00101567	0	1	49.0
2025-03-10	v2.virtualflybrain.org	FBbt_00004222		1	1	0.0
2025-03-10	v2.virtualflybrain.org	FBbt_00005134		1	1	1.0
2025-03-10	v2.virtualflybrain.org	FBbt_00005134	VFB_00101567	0	1	137.0
2025-03-10	v2.virtualflybrain.org	FBbt_00005193		1	1	12.0
2025-03-10	v2.virtualflybrain.org	FBbt_00007054	VFB_00101567	1	1	0.0
2025-03-10	v2.virtualflybrain.org	FBbt_00007385	VFB_00101567	0	3	70.0
2025-03-10	v2.virtualflybrain.org	FBbt_00007453	VFB_00101567	0	1	10.0
2025-03-10	v2.virtualflybrain.org	FBbt_00007727		1	1	10.0
2025-03-10	v2.virtualflybrain.org	FBbt_00013694	VFB_00101567	0	2	15.0
2025-03-10	v2.virtualflybrain.org	FBbt_00013695	VFB_00101567	0	1	6.0
2025-03-10	v2.virtualflybrain.org	FBbt_00040001	VFB_00017894	9	1	0.0
2025-03-10	v2.virtualflybrain.org	FBbt_00040041	VFB_00017894	4	1	0.0
2025-03-10	v2.virtualflybrain.org	FBbt_00040041	VFB_00101567	2	5	90.0
2025-03-10	v2.virtualflybrain.org	FBbt_00040042	VFB_00101567	0	2	22.0
2025-03-10	v2.virtualflybrain.org	FBbt_00040043	VFB_00101567	0	1	14.0
2025-03-10	v2.virtualflybrain.org	FBbt_00045007	VFB_00101567	0	1	66.0
2025-03-10	v2.virtualflybrain.org	FBbt_00045027	VFB_00101567	0	1	6.0
2025-03-10	v2.virtualflybrain.org	FBbt_00045032	VFB_00101567	0	1	24.0
2025-03-10	v2.virtualflybrain.org	FBbt_00047466		1	1	0.0
2025-03-10	v2.virtualflybrain.org	FBbt_00047887	VFB_00101567	0	1	13.0
2025-03-10	v2.virtualflybrain.org	FBbt_00048138	VFB_00101567	0	1	58.0
2025-03-10	v2.virtualflybrain.org	FBbt_00048151		1	1	10.0
2025-03-10	v2.virtualflybrain.org	FBbt_00048531	VFB_00101567	0	2	7.0
2025-03-10	v2.virtualflybrain.org	FBbt_00049695		1	1	15.0
2025-03-10	v2.virtualflybrain.org	FBbt_00049772	VFB_00101567	0	2	27.0
2025-03-10	v2.virtualflybrain.org	FBbt_00049819		2	2	0.0
2025-03-10	v2.virtualflybrain.org	FBbt_00049917	VFB_00101567	0	3	89.0
2025-03-10	v2.virtualflybrain.org	FBbt_00050004		1	1	6.0
2025-03-10	v2.virtualflybrain.org	FBbt_00050274		1	1	0.0
2025-03-10	v2.virtualflybrain.org	FBbt_00052051		1	1	0.0
2025-03-10	v2.virtualflybrain.org	FBbt_00058208	VFB_00101567	1	2	78.0
2025-03-10	v2.virtualflybrain.org	FBbt_00067023		1	1	0.0
2025-03-10	v2.virtualflybrain.org	FBbt_00067123	VFB_00017894	24	1	0.0
2025-03-10	v2.virtualflybrain.org	FBbt_00100491		1	1	12.0
2025-03-10	v2.virtualflybrain.org	FBbt_00110320		1	1	20.0
2025-03-10	v2.virtualflybrain.org	FBbt_00110636	VFB_00101567	0	2	26.0
2025-03-10	v2.virtualflybrain.org	FBbt_00110639	VFB_00101567	3	1	0.0
2025-03-10	v2.virtualflybrain.org	FBbt_00110657	VFB_00101567	0	1	93.0
2025-03-10	v2.virtualflybrain.org	FBbt_00110658	VFB_00101567	0	2	92.0
2025-03-10	v2.virtualflybrain.org	FBbt_00110931	VFB_00101567	0	1	29.0
2025-03-10	v2.virtualflybrain.org	FBbt_00110992		1	1	8.0
2025-03-10	v2.virtualflybrain.org	FBbt_00111255		1	1	9.0
2025-03-10	v2.virtualflybrain.org	VFB_00012321	VFB_00101567	0	2	92.0
2025-03-10	v2.virtualflybrain.org	VFB_00017894	VFB_00017894	0	3	0.0
2025-03-10	v2.virtualflybrain.org	VFB_00020038		2	1	2.0
2025-03-10	v2.virtualflybrain.org	VFB_00023404	VFB_00101567	0	1	47.0
2025-03-10	v2.virtualflybrain.org	VFB_00027326		1	1	3.0
2025-03-10	v2.virtualflybrain.org	VFB_00027326	VFB_00027326	1	1	3.0
2025-03-10	v2.virtualflybrain.org	VFB_00027326	VFB_00101567	0	1	27.0
2025-03-10	v2.virtualflybrain.org	VFB_00030786	VFB_00030786	0	1	0.0
2025-03-10	v2.virtualflybrain.org	VFB_00030806	VFB_00101567	0	1	4.0
2025-03-10	v2.virtualflybrain.org	VFB_00030821	VFB_00101567	0	2	2.0
2025-03-10	v2.virtualflybrain.org	VFB_00030849	VFB_00101567	1	2	5.0
2025-03-10	v2.virtualflybrain.org	VFB_00030852	VFB_00030786	11	1	0.0
2025-03-10	v2.virtualflybrain.org	VFB_00030867	VFB_00101567	4	3	23.0
2025-03-10	v2.virtualflybrain.org	VFB_00044977	VFB_00101567	5	1	0.0
2025-03-10	v2.virtualflybrain.org	VFB_00049000	VFB_00049000	1	5	1.0
2025-03-10	v2.virtualflybrain.org	VFB_00050000	VFB_00050000	2	9	0.0
2025-03-10	v2.virtualflybrain.org	VFB_00050274	VFB_00049000	1	1	2.0
2025-03-10	v2.virtualflybrain.org	VFB_00055119	VFB_00049000	1	1	0.0
2025-03-10	v2.virtualflybrain.org	VFB_00100239	VFB_00050000	6	1	0.0
2025-03-10	v2.virtualflybrain.org	VFB_00100362	VFB_00050000	1	1	0.0
2025-03-10	v2.virtualflybrain.org	VFB_00100850	VFB_00050000	9	2	5.0
2025-03-10	v2.virtualflybrain.org	VFB_00100850	VFB_00101567	8	1	842.0
2025-03-10	v2.virtualflybrain.org	VFB_00100f0r	VFB_00101567	0	2	82.0
2025-03-10	v2.virtualflybrain.org	VFB_00100f0r	VFB_00200000	1	2	1.0
2025-03-10	v2.virtualflybrain.org	VFB_001011g9	VFB_00050000	1	1	0.0
2025-03-10	v2.virtualflybrain.org	VFB_00101221	VFB_00101567	0	1	0.0
2025-03-10	v2.virtualflybrain.org	VFB_001012k7	VFB_00101567	1	3	61.0
2025-03-10	v2.virtualflybrain.org	VFB_001012kb	VFB_00101567	0	2	49.0
2025-03-10	v2.virtualflybrain.org	VFB_00101382	VFB_00101567	24	1	0.0
2025-03-10	v2.virtualflybrain.org	VFB_00101476	VFB_00050000	1	1	0.0
2025-03-10	v2.virtualflybrain.org	VFB_001014uq	VFB_00101567	0	2	5.0
2025-03-10	v2.virtualflybrain.org	VFB_001014uq	VFB_00110000	1	2	3.0
2025-03-10	v2.virtualflybrain.org	VFB_00101567	VFB_00101567	76	60	169.0
2025-03-10	v2.virtualflybrain.org	VFB_00102114	VFB_00101567	0	1	62.0
2025-03-10	v2.virtualflybrain.org	VFB_00102118	VFB_00101567	0	1	0.0
2025-03-10	v2.virtualflybrain.org	VFB_00102133	VFB_00101567	0	2	112.0
2025-03-10	v2.virtualflybrain.org	VFB_00102139	VFB_00101567	0	1	72.0
2025-03-10	v2.virtualflybrain.org	VFB_00102170	VFB_00101567	1	1	0.0
2025-03-10	v2.virtualflybrain.org	VFB_00102201	VFB_00101567	0	1	8.0
2025-03-10	v2.virtualflybrain.org	VFB_00102273	VFB_00101567	0	2	6.0
2025-03-10	v2.virtualflybrain.org	VFB_00102274	VFB_00101567	1	1	0.0
2025-03-10	v2.virtualflybrain.org	VFB_00102280	VFB_00101567	0	1	11.0
2025-03-10	v2.virtualflybrain.org	VFB_00102eyc	VFB_00050000	6	1	0.0
2025-03-10	v2.virtualflybrain.org	VFB_fw000512		1	1	0.0
2025-03-10	v2.virtualflybrain.org	VFB_fw008249	VFB_00101567	10	1	0.0
2025-03-10	v2.virtualflybrain.org	VFB_fw022350	VFB_00101567	0	2	0.0
2025-03-10	v2.virtualflybrain.org	VFB_fw024674	VFB_00101567	0	2	113.0
2025-03-10	v2.virtualflybrain.org	VFB_fw033461	VFB_00101567	0	2	161.0
2025-03-10	v2.virtualflybrain.org	VFB_fw033578		1	1	0.0
2025-03-10	v2.virtualflybrain.org	VFB_fw033578	VFB_00101567	6	7	301.0
2025-03-10	v2.virtualflybrain.org	VFB_fw034713	VFB_00101567	0	1	155.0
2025-03-10	v2.virtualflybrain.org	VFB_fw035012	VFB_00101567	5	5	250.0
2025-03-10	v2.virtualflybrain.org	VFB_fw035398	VFB_00101567	1	1	0.0
2025-03-10	v2.virtualflybrain.org	VFB_fw036522		5	2	6.0
2025-03-10	v2.virtualflybrain.org	VFB_fw036522	VFB_00101567	0	4	221.0
2025-03-10	v2.virtualflybrain.org	VFB_fw036860	VFB_00101567	3	2	0.0
2025-03-10	v2.virtualflybrain.org	VFB_fw043515		1	1	0.0
2025-03-10	v2.virtualflybrain.org	VFB_fw043515	VFB_00101567	3	2	129.0
2025-03-10	v2.virtualflybrain.org	VFB_jrchjtpj	VFB_00101567	0	2	72.0
2025-03-10	v2.virtualflybrain.org	VFB_jrchk0vt	VFB_00101567	0	2	11.0
2025-03-10	v2.virtualflybrain.org	VFB_jrchk0xv	VFB_00101567	0	1	73.0
2025-03-10	v2.virtualflybrain.org	VFB_jrchk7hv	VFB_00101567	0	1	21.0
2025-03-10	v2.virtualflybrain.org	VFB_jrchk7hw	VFB_00101567	0	1	3.0
2025-03-10	v2.virtualflybrain.org	VFB_jrchk7j0	VFB_00101567	1	1	0.0
2025-03-10	v2.virtualflybrain.org	VFB_jrchk7j2	VFB_00101567	4	3	25.0
2025-03-10	v2.virtualflybrain.org	VFB_jrchk7k3	VFB_00101567	0	1	61.0
2025-03-10	v2.virtualflybrain.org	VFBexp_FBtp0059		1	1	1.0
2025-03-10	v2.virtualflybrain.org	VFBexp_FBtp0122		1	1	0.0
2025-03-10	v2.virtualflybrain.org	VFBexp_FBtp0122	VFB_00101567	0	1	10.0
2025-03-10	v2.virtualflybrain.org	VFBexp_FBtp0124		2	2	5.0
2025-03-10	v2.virtualflybrain.org	VFBexp_FBtp0124	VFB_00101567	1	2	32.0
2025-03-11		FBbt_00001945		2	1	0.0
2025-03-11		FBbt_00001945	VFB_00050000	2	1	0.0
2025-03-11		FBbt_00003624		13	5	0.0
2025-03-11		FBbt_00003624	VFB_00017894	1	1	0.0
2025-03-11		FBbt_00003624	VFB_00101567	14	4	0.0
2025-03-11		FBbt_00003626		2	1	34.0
2025-03-11		FBbt_00003626	VFB_00017894	2	1	0.0
2025-03-11		FBbt_00003632		6	1	0.0
2025-03-11		FBbt_00003632	VFB_00101567	6	1	0.0
2025-03-11		FBbt_00003668		1	1	0.0
2025-03-11		FBbt_00003668	VFB_00101567	1	1	0.0
2025-03-11		FBbt_00003678		3	2	0.0
2025-03-11		FBbt_00003678	VFB_00017894	1	1	0.0
2025-03-11		FBbt_00003678	VFB_00101567	2	2	0.0
2025-03-11		FBbt_00003681		12	5	0.0
2025-03-11		FBbt_00003681	VFB_00101567	12	6	0.0
2025-03-11		FBbt_00003684		4	1	0.0
2025-03-11		FBbt_00003684	VFB_00101567	4	1	0.0
2025-03-11		FBbt_00003748		7	4	0.0
2025-03-11		FBbt_00003748	VFB_00101567	7	5	0.0
2025-03-11		FBbt_00003852		8	3	0.0
2025-03-11		FBbt_00003852	VFB_00017894	6	1	0.0
2025-03-11		FBbt_00003852	VFB_00101567	2	2	0.0
2025-03-11		FBbt_00003885		1	1	0.0
2025-03-11		FBbt_00003885	VFB_00101567	1	1	0.0
2025-03-11		FBbt_00003982		1	1	0.0
2025-03-11		FBbt_00003982	VFB_00101567	1	1	0.0
2025-03-11		FBbt_00005801		1	1	0.0
2025-03-11		FBbt_00005801	VFB_00101567	1	1	0.0
2025-03-11		FBbt_00007050		9	3	0.0
2025-03-11		FBbt_00007050	VFB_00017894	6	1	0.0
2025-03-11		FBbt_00007050	VFB_00101567	3	2	0.0
2025-03-11		FBbt_00007053		2	1	0.0
2025-03-11		FBbt_00007053	VFB_00101567	2	1	0.0
2025-03-11		FBbt_00007054		2	1	0.0
2025-03-11		FBbt_00007054	VFB_00101567	2	1	0.0
2025-03-11		FBbt_00007145		2	1	0.0
2025-03-11		FBbt_00007145	VFB_00101567	2	1	0.0
2025-03-11		FBbt_00007146		5	2	0.0
2025-03-11		FBbt_00007146	VFB_00101567	5	2	0.0
2025-03-11		FBbt_00007147		4	1	0.0
2025-03-11		FBbt_00007147	VFB_00101567	4	1	0.0
2025-03-11		FBbt_00007539		1	1	0.0
2025-03-11		FBbt_00007539	VFB_00101567	1	1	0.0
2025-03-11		FBbt_00007564		1	1	0.0
2025-03-11		FBbt_00007564	VFB_00101567	1	1	0.0
2025-03-11		FBbt_00007703		2	1	0.0
2025-03-11		FBbt_00007703	VFB_00049000	2	1	0.0
2025-03-11		FBbt_00007704		1	1	0.0
2025-03-11		FBbt_00007704	VFB_00049000	1	1	0.0
2025-03-11		FBbt_00007708		1	1	0.0
2025-03-11		FBbt_00007708	VFB_00049000	1	1	0.0
2025-03-11		FBbt_00007709		1	1	0.0
2025-03-11		FBbt_00007709	VFB_00049000	1	1	0.0
2025-03-11		FBbt_00014013		4	3	0.0
2025-03-11		FBbt_00014013	VFB_00101567	4	3	0.0
2025-03-11		FBbt_00040001		10	2	0.0
2025-03-11		FBbt_00040001	VFB_00017894	6	1	0.0
2025-03-11		FBbt_00040001	VFB_00101567	4	1	0.0
2025-03-11		FBbt_00040002		6	2	0.0
2025-03-11		FBbt_00040002	VFB_00101567	6	2	0.0
2025-03-11		FBbt_00040037		4	1	0.0
2025-03-11		FBbt_00040037	VFB_00101567	4	1	0.0
2025-03-11		FBbt_00040041		8	6	0.0
2025-03-11		FBbt_00040041	VFB_00017894	1	1	0.0
2025-03-11		FBbt_00040041	VFB_00101567	7	5	0.0
2025-03-11		FBbt_00040042		2	2	0.0
2025-03-11		FBbt_00040042	VFB_00101567	2	2	0.0
2025-03-11		FBbt_00040043		9	7	0.0
2025-03-11		FBbt_00040043	VFB_00101567	9	7	0.0
2025-03-11		FBbt_00040044		4	2	0.0
2025-03-11		FBbt_00040044	VFB_00101567	5	2	0.0
2025-03-11		FBbt_00040049		1	1	0.0
2025-03-11		FBbt_00040049	VFB_00101567	1	1	0.0
2025-03-11		FBbt_00040072		1	1	0.0
2025-03-11		FBbt_00040072	VFB_00101567	1	1	0.0
2025-03-11		FBbt_00045021		4	1	0.0
2025-03-11		FBbt_00045021	VFB_00101567	5	1	0.0
2025-03-11		FBbt_00045027		3	2	0.0
2025-03-11		FBbt_00045027	VFB_00101567	3	2	0.0
2025-03-11		FBbt_00045030		4	1	0.0
2025-03-11		FBbt_00045030	VFB_00101567	4	1	0.0
2025-03-11		FBbt_00045032		1	1	0.0
2025-03-11		FBbt_00045032	VFB_00101567	1	1	0.0
2025-03-11		FBbt_00045040		6	1	0.0
2025-03-11		FBbt_00045040	VFB_00017894	1	1	0.0
2025-03-11		FBbt_00045040	VFB_00101567	5	1	0.0
2025-03-11		FBbt_00045046		1	1	0.0
2025-03-11		FBbt_00045046	VFB_00101567	1	1	0.0
2025-03-11		FBbt_00045047		4	1	0.0
2025-03-11		FBbt_00045047	VFB_00101567	4	1	0.0
2025-03-11		FBbt_00045048		8	6	0.0
2025-03-11		FBbt_00045048	VFB_00017894	1	1	0.0
2025-03-11		FBbt_00045048	VFB_00101567	7	5	0.0
2025-03-11		FBbt_00045050		2	1	0.0
2025-03-11		FBbt_00045050	VFB_00101567	2	1	0.0
2025-03-11		FBbt_00047030		1	1	0.0
2025-03-11		FBbt_00047030	VFB_00101567	1	1	0.0
2025-03-11		FBbt_00047631		2	1	0.0
2025-03-11		FBbt_00047631	VFB_00101567	2	1	0.0
2025-03-11		FBbt_00047887		8	3	0.0
2025-03-11		FBbt_00047887	VFB_00101567	13	3	0.0
2025-03-11		FBbt_00047996		1	1	0.0
2025-03-11		FBbt_00047996	VFB_00101567	1	1	0.0
2025-03-11		FBbt_00048138		1	1	0.0
2025-03-11		FBbt_00048138	VFB_00101567	1	1	0.0
2025-03-11		FBbt_00048262		1	1	0.0
2025-03-11		FBbt_00048262	VFB_00101567	1	1	0.0
2025-03-11		FBbt_00049860		2	1	0.0
2025-03-11		FBbt_00049860	VFB_00101567	2	1	0.0
2025-03-11		FBbt_00049917		6	1	0.0
2025-03-11		FBbt_00049917	VFB_00101567	6	1	0.0
2025-03-11		FBbt_00051068		1	1	0.0
2025-03-11		FBbt_00051068	VFB_00101567	1	1	0.0
2025-03-11		FBbt_00067123		24	1	0.0
2025-03-11		FBbt_00067123	VFB_00017894	24	1	0.0
2025-03-11		FBbt_00100041		2	1	0.0
2025-03-11		FBbt_00100041	VFB_00101567	4	2	0.0
2025-03-11		FBbt_00110636		5	4	0.0
2025-03-11		FBbt_00110636	VFB_00017894	1	1	0.0
2025-03-11		FBbt_00110636	VFB_00101567	4	3	0.0
2025-03-11		FBbt_00110638		3	2	0.0
2025-03-11		FBbt_00110638	VFB_00017894	1	1	0.0
2025-03-11		FBbt_00110638	VFB_00101567	2	1	0.0
2025-03-11		FBbt_00110658		1	1	0.0
2025-03-11		FBbt_00110658	VFB_00101567	1	1	0.0
2025-03-11		FBbt_00111378		1	1	0.0
2025-03-11		FBbt_00111378	VFB_00101567	1	1	0.0
2025-03-11		VFB_00000250		8	1	16.0
2025-03-11		VFB_00000250	VFB_00101567	8	2	0.0
2025-03-11		VFB_00001780		6	1	13.0
2025-03-11		VFB_00001780	VFB_00101567	11	2	0.0
2025-03-11		VFB_00001973		1	1	0.0
2025-03-11		VFB_00001973	VFB_00101567	1	1	0.0
2025-03-11		VFB_00002155		1	1	0.0
2025-03-11		VFB_00002155	VFB_00101567	1	1	0.0
2025-03-11		VFB_00002381		1	1	0.0
2025-03-11		VFB_00002381	VFB_00101567	1	1	0.0
2025-03-11		VFB_00002505		1	1	0.0
2025-03-11		VFB_00002505	VFB_00101567	1	1	0.0
2025-03-11		VFB_00003914		1	1	0.0
2025-03-11		VFB_00003914	VFB_00101567	1	1	0.0
2025-03-11		VFB_00004572		6	1	27.0
2025-03-11		VFB_00004572	VFB_00101567	1	1	0.0
2025-03-11		VFB_00004583		1	1	0.0
2025-03-11		VFB_00004583	VFB_00101567	1	1	0.0
2025-03-11		VFB_00006497		2	1	0.0
2025-03-11		VFB_00006497	VFB_00101567	2	2	0.0
2025-03-11		VFB_00007086		1	1	0.0
2025-03-11		VFB_00007086	VFB_00101567	1	1	0.0
2025-03-11		VFB_00009078		1	1	0.0
2025-03-11		VFB_00009078	VFB_00101567	1	1	0.0
2025-03-11		VFB_00011597		1	1	0.0
2025-03-11		VFB_00011597	VFB_00101567	1	1	0.0
2025-03-11		VFB_00011639		1	1	0.0
2025-03-11		VFB_00011639	VFB_00101567	1	1	0.0
2025-03-11		VFB_00012595		1	1	0.0
2025-03-11		VFB_00012595	VFB_00101567	1	1	0.0
2025-03-11		VFB_00012599		2	1	8.0
2025-03-11		VFB_00012599	VFB_00101567	2	2	0.0
2025-03-11		VFB_00012839		1	1	0.0
2025-03-11		VFB_00012839	VFB_00101567	1	1	0.0
2025-03-11		VFB_00013039		1	1	0.0
2025-03-11		VFB_00013039	VFB_00101567	1	1	0.0
2025-03-11		VFB_00013539		1	1	0.0
2025-03-11		VFB_00013539	VFB_00101567	1	1	0.0
2025-03-11		VFB_00013571		1	1	0.0
2025-03-11		VFB_00013571	VFB_00101567	1	1	0.0
2025-03-11		VFB_00013669		1	1	0.0
2025-03-11		VFB_00013669	VFB_00101567	1	1	0.0
2025-03-11		VFB_00014553		6	1	1.0
2025-03-11		VFB_00014553	VFB_00101567	11	2	0.0
2025-03-11		VFB_00014647		1	1	0.0
2025-03-11		VFB_00014647	VFB_00101567	1	1	0.0
2025-03-11		VFB_00014770		1	1	0.0
2025-03-11		VFB_00014770	VFB_00101567	1	1	0.0
2025-03-11		VFB_00014837		1	1	0.0
2025-03-11		VFB_00014837	VFB_00101567	1	1	0.0
2025-03-11		VFB_00014922		24	1	99.0
2025-03-11		VFB_00014922	VFB_00101567	24	4	0.0
2025-03-11		VFB_00015002		1	1	0.0
2025-03-11		VFB_00015002	VFB_00101567	1	1	0.0
2025-03-11		VFB_00015006		1	1	0.0
2025-03-11		VFB_00015006	VFB_00101567	1	1	0.0
2025-03-11		VFB_00015031		1	1	0.0
2025-03-11		VFB_00015031	VFB_00101567	1	1	0.0
2025-03-11		VFB_00015141		1	1	0.0
2025-03-11		VFB_00015141	VFB_00101567	1	1	0.0
2025-03-11		VFB_00015387		1	1	0.0
2025-03-11		VFB_00015387	VFB_00101567	1	1	0.0
2025-03-11		VFB_00015605		8	1	26.0
2025-03-11		VFB_00015605	VFB_00101567	3	2	0.0
2025-03-11		VFB_00030611		2	1	5.0
2025-03-11		VFB_00030611	VFB_00017894	2	1	0.0
2025-03-11		VFB_00030849		9	2	2.0
2025-03-11		VFB_00030849	VFB_00017894	9	3	0.0
2025-03-11		VFB_00030852		24	1	0.0
2025-03-11		VFB_00030852	VFB_00030786	24	1	0.0
2025-03-11		VFB_00030867		4	1	8.0
2025-03-11		VFB_00030867	VFB_00017894	1	1	0.0
2025-03-11		VFB_00030867	VFB_00101567	3	1	0.0
2025-03-11		VFB_00030879		3	1	16.0
2025-03-11		VFB_00030879	VFB_00017894	1	1	0.0
2025-03-11		VFB_00030879	VFB_00101567	2	1	0.0
2025-03-11		VFB_00044977		11	2	12.0
2025-03-11		VFB_00044977	VFB_00101567	11	3	0.0
2025-03-11		VFB_00049000		8	1	7.0
2025-03-11		VFB_00049000	VFB_00049000	11	3	31.0
2025-03-11		VFB_00050000		6	4	0.0
2025-03-11		VFB_00050000	VFB_00050000	13	9	107.0
2025-03-11		VFB_00050274		24	1	0.0
2025-03-11		VFB_00050274	VFB_00049000	24	1	0.0
2025-03-11		VFB_00050468		11	1	36.0
2025-03-11		VFB_00050468	VFB_00049000	11	2	0.0
2025-03-11		VFB_00055119		24	1	0.0
2025-03-11		VFB_00055119	VFB_00049000	24	1	0.0
2025-03-11		VFB_00068855		2	1	22.0
2025-03-11		VFB_00068855	VFB_00101567	2	1	0.0
2025-03-11		VFB_00069510		3	1	5.0
2025-03-11		VFB_00069510	VFB_00101567	3	1	0.0
2025-03-11		VFB_00070024		4	1	6.0
2025-03-11		VFB_00100183		3	1	29.0
2025-03-11		VFB_00100183	VFB_00050000	3	2	0.0
2025-03-11		VFB_00100362		2	1	0.0
2025-03-11		VFB_00100362	VFB_00050000	2	1	0.0
2025-03-11		VFB_00100850		19	2	0.0
2025-03-11		VFB_00100850	VFB_00050000	13	2	0.0
2025-03-11		VFB_00100850	VFB_00101567	6	1	0.0
2025-03-11		VFB_00100dbe		2	1	9.0
2025-03-11		VFB_00100dbe	VFB_00101567	2	1	0.0
2025-03-11		VFB_00100vlx		2	1	4.0
2025-03-11		VFB_00100vlx	VFB_00101567	2	1	0.0
2025-03-11		VFB_00100ww0		7	1	71.0
2025-03-11		VFB_00100ww0	VFB_00101567	11	2	0.0
2025-03-11		VFB_00100z3z		8	1	4.0
2025-03-11		VFB_00100z3z	VFB_00101567	9	3	0.0
2025-03-11		VFB_001012q2		2	1	2.0
2025-03-11		VFB_001012q2	VFB_00101567	2	1	0.0
2025-03-11		VFB_0010136a		1	1	0.0
2025-03-11		VFB_0010136a	VFB_00101567	1	1	0.0
2025-03-11		VFB_001014uq		4	1	2.0
2025-03-11		VFB_001014uq	VFB_00017894	4	1	0.0
2025-03-11		VFB_00101567		219	47	662.0
2025-03-11		VFB_00101567	VFB_00101567	254	67	361.0
2025-03-11		VFB_00101sud		2	1	1.0
2025-03-11		VFB_00101sud	VFB_00101567	2	1	0.0
2025-03-11		VFB_00101uqc		2	1	1.0
2025-03-11		VFB_00101uqc	VFB_00101567	2	1	0.0
2025-03-11		VFB_00102107		1	1	11.0
2025-03-11		VFB_00102107	VFB_00101567	1	1	0.0
2025-03-11		VFB_00102123		1	1	5.0
2025-03-11		VFB_00102123	VFB_00101567	1	1	0.0
2025-03-11		VFB_00102135		7	2	80.0
2025-03-11		VFB_00102135	VFB_00101567	6	4	0.0
2025-03-11		VFB_00102137		1	1	0.0
2025-03-11		VFB_00102137	VFB_00101567	1	1	0.0
2025-03-11		VFB_00102152		3	1	2.0
2025-03-11		VFB_00102152	VFB_00101567	3	2	0.0
2025-03-11		VFB_00102170		24	1	0.0
2025-03-11		VFB_00102170	VFB_00101567	24	1	0.0
2025-03-11		VFB_00102179		1	1	3.0
2025-03-11		VFB_00102179	VFB_00101567	1	1	0.0
2025-03-11		VFB_00102271		2	1	1.0
2025-03-11		VFB_00102271	VFB_00101567	2	1	0.0
2025-03-11		VFB_00102274		24	1	0.0
2025-03-11		VFB_00102274	VFB_00101567	24	1	0.0
2025-03-11		VFB_00102282		1	1	0.0
2025-03-11		VFB_00102282	VFB_00101567	1	1	0.0
2025-03-11		VFB_001029jl		6	1	23.0
2025-03-11		VFB_001029jl	VFB_00101567	4	2	0.0
2025-03-11		VFB_00103ox0		1	1	0.0
2025-03-11		VFB_00103ox0	VFB_00101567	1	1	0.0
2025-03-11		VFB_00104466		1	1	0.0
2025-03-11		VFB_00104466	VFB_00101567	1	1	0.0
2025-03-11		VFB_00200000		2	2	2.0
2025-03-11		VFB_00200000	VFB_00200000	4	4	24.0
2025-03-11		VFB_fw000160		2	1	3.0
2025-03-11		VFB_fw000160	VFB_00101567	2	1	0.0
2025-03-11		VFB_fw001048		2	1	16.0
2025-03-11		VFB_fw001048	VFB_00101567	2	1	0.0
2025-03-11		VFB_fw001862		14	1	2.0
2025-03-11		VFB_fw001862	VFB_00101567	26	3	0.0
2025-03-11		VFB_fw002351		5	1	7.0
2025-03-11		VFB_fw002351	VFB_00101567	5	2	0.0
2025-03-11		VFB_fw002817		8	1	20.0
2025-03-11		VFB_fw002817	VFB_00101567	1	1	0.0
2025-03-11		VFB_fw003867		10	1	2.0
2025-03-11		VFB_fw003867	VFB_00101567	10	3	0.0
2025-03-11		VFB_fw006190		3	1	9.0
2025-03-11		VFB_fw006190	VFB_00101567	3	2	0.0
2025-03-11		VFB_fw009472		10	1	1.0
2025-03-11		VFB_fw009472	VFB_00101567	10	3	0.0
2025-03-11		VFB_fw010781		1	1	0.0
2025-03-11		VFB_fw010781	VFB_00101567	1	1	0.0
2025-03-11		VFB_fw010926		11	1	26.0
2025-03-11		VFB_fw010926	VFB_00101567	12	3	0.0
2025-03-11		VFB_fw019405		3	1	5.0
2025-03-11		VFB_fw019405	VFB_00101567	3	2	0.0
2025-03-11		VFB_fw022900		1	1	0.0
2025-03-11		VFB_fw022900	VFB_00101567	1	1	0.0
2025-03-11		VFB_fw026339		3	1	8.0
2025-03-11		VFB_fw026339	VFB_00101567	3	2	0.0
2025-03-11		VFB_fw026414		2	1	2.0
2025-03-11		VFB_fw026414	VFB_00101567	2	1	0.0
2025-03-11		VFB_fw030308		2	1	34.0
2025-03-11		VFB_fw030308	VFB_00101567	2	1	0.0
2025-03-11		VFB_fw031660		4	1	36.0
2025-03-11		VFB_fw031660	VFB_00101567	4	3	0.0
2025-03-11		VFB_fw032078		2	1	1.0
2025-03-11		VFB_fw032078	VFB_00101567	2	1	0.0
2025-03-11		VFB_fw032106		8	1	62.0
2025-03-11		VFB_fw032106	VFB_00101567	12	3	0.0
2025-03-11		VFB_fw032620		1	1	0.0
2025-03-11		VFB_fw032620	VFB_00101567	1	1	0.0
2025-03-11		VFB_fw033045		1	1	7.0
2025-03-11		VFB_fw033045	VFB_00101567	1	1	0.0
2025-03-11		VFB_fw033451		11	1	5.0
2025-03-11		VFB_fw033451	VFB_00101567	6	2	0.0
2025-03-11		VFB_fw034040		4	1	9.0
2025-03-11		VFB_fw034040	VFB_00101567	5	2	0.0
2025-03-11		VFB_fw034064		9	1	39.0
2025-03-11		VFB_fw034064	VFB_00101567	9	2	0.0
2025-03-11		VFB_fw034550		1	1	0.0
2025-03-11		VFB_fw034550	VFB_00101567	1	1	0.0
2025-03-11		VFB_fw034751		4	1	8.0
2025-03-11		VFB_fw034751	VFB_00101567	3	2	0.0
2025-03-11		VFB_fw034989		10	1	199.0
2025-03-11		VFB_fw034989	VFB_00101567	10	2	0.0
2025-03-11		VFB_fw035398		6	1	8.0
2025-03-11		VFB_fw035398	VFB_00101567	6	2	0.0
2025-03-11		VFB_fw036434		25	1	139.0
2025-03-11		VFB_fw036434	VFB_00101567	20	4	0.0
2025-03-11		VFB_fw036522		2	1	6.0
2025-03-11		VFB_fw036522	VFB_00101567	2	1	0.0
2025-03-11		VFB_fw036795		1	1	0.0
2025-03-11		VFB_fw036795	VFB_00101567	1	1	0.0
2025-03-11		VFB_fw036972		1	1	28.0
2025-03-11		VFB_fw036972	VFB_00101567	1	1	0.0
2025-03-11		VFB_fw040322		1	1	0.0
2025-03-11		VFB_fw040322	VFB_00101567	1	1	0.0
2025-03-11		VFB_fw042338		4	1	13.0
2025-03-11		VFB_fw042338	VFB_00101567	4	3	0.0
2025-03-11		VFB_fw042922		2	1	15.0
2025-03-11		VFB_fw042922	VFB_00101567	2	2	0.0
2025-03-11		VFB_fw043857		7	1	18.0
2025-03-11		VFB_fw043857	VFB_00101567	7	2	0.0
2025-03-11		VFB_jrchjrco		5	1	36.0
2025-03-11		VFB_jrchjrco	VFB_00101567	5	1	0.0
2025-03-11		VFB_jrchjrcp		2	1	10.0
2025-03-11		VFB_jrchjrcp	VFB_00101567	2	1	0.0
2025-03-11		VFB_jrchjti3		3	1	12.0
2025-03-11		VFB_jrchjti3	VFB_00101567	4	2	0.0
2025-03-11		VFB_jrchjtn1		1	1	4.0
2025-03-11		VFB_jrchjtn1	VFB_00101567	1	1	0.0
2025-03-11		VFB_jrchjtpj		17	1	483.0
2025-03-11		VFB_jrchjtpj	VFB_00101567	17	4	0.0
2025-03-11		VFB_jrchk08c		2	1	0.0
2025-03-11		VFB_jrchk08c	VFB_00101567	2	1	0.0
2025-03-11		VFB_jrchk10d		2	2	21.0
2025-03-11		VFB_jrchk10d	VFB_00101567	2	2	0.0
2025-03-11		VFB_jrchk1z1		2	1	0.0
2025-03-11		VFB_jrchk1z1	VFB_00101567	2	1	0.0
2025-03-11		VFB_jrchk541		2	1	0.0
2025-03-11		VFB_jrchk541	VFB_00101567	1	1	0.0
2025-03-11		VFB_jrcv0dyz		4	1	0.0
2025-03-11		VFB_jrcv0dyz	VFB_00101567	1	1	0.0
2025-03-11		VFB_jrcv0dyz	VFB_00200000	3	1	0.0
2025-03-11		VFBexp_FBtp0040		1	1	0.0
2025-03-11		VFBexp_FBtp0040	VFB_00101567	1	1	0.0
2025-03-11		VFBexp_FBtp0058		5	1	0.0
2025-03-11		VFBexp_FBtp0058	VFB_00101567	5	2	0.0
2025-03-11		VFBexp_FBtp0061		1	1	0.0
2025-03-11		VFBexp_FBtp0061	VFB_00101567	1	1	0.0
2025-03-11		VFBexp_FBtp0104		2	1	0.0
2025-03-11		VFBexp_FBtp0104	VFB_00101567	2	1	0.0
2025-03-11		VFBexp_FBtp0106		1	1	0.0
2025-03-11		VFBexp_FBtp0106	VFB_00101567	1	1	0.0
2025-03-11		VFBexp_FBtp0114		3	1	0.0
2025-03-11		VFBexp_FBtp0114	VFB_00101567	3	2	0.0
2025-03-11		VFBexp_FBtp0121		2	2	0.0
2025-03-11		VFBexp_FBtp0121	VFB_00101567	2	2	0.0
2025-03-11		VFBexp_FBtp0124		24	1	0.0
2025-03-11		VFBexp_FBtp0124	VFB_00101567	24	1	0.0
2025-03-11		VFBext_0000004		1	1	0.0
2025-03-11		VFBext_0000004	VFB_00101567	1	1	0.0
2025-03-11	v2.virtualflybrain.org	FBbt_00001945	VFB_00050000	2	1	6.0
2025-03-11	v2.virtualflybrain.org	FBbt_00003624	VFB_00017894	0	1	37.0
2025-03-11	v2.virtualflybrain.org	FBbt_00003624	VFB_00101567	0	4	121.0
2025-03-11	v2.virtualflybrain.org	FBbt_00003626	VFB_00017894	0	1	0.0
2025-03-11	v2.virtualflybrain.org	FBbt_00003632	VFB_00101567	0	1	5.0
2025-03-11	v2.virtualflybrain.org	FBbt_00003668	VFB_00101567	0	1	16.0
2025-03-11	v2.virtualflybrain.org	FBbt_00003678	VFB_00017894	0	1	39.0
2025-03-11	v2.virtualflybrain.org	FBbt_00003678	VFB_00101567	0	2	106.0
2025-03-11	v2.virtualflybrain.org	FBbt_00003681	VFB_00101567	4	7	45.0
2025-03-11	v2.virtualflybrain.org	FBbt_00003684	VFB_00101567	0	1	4.0
2025-03-11	v2.virtualflybrain.org	FBbt_00003748	VFB_00101567	0	6	64.0
2025-03-11	v2.virtualflybrain.org	FBbt_00003852	VFB_00017894	0	1	5.0
2025-03-11	v2.virtualflybrain.org	FBbt_00003852	VFB_00101567	0	1	1.0
2025-03-11	v2.virtualflybrain.org	FBbt_00003885	VFB_00101567	0	1	17.0
2025-03-11	v2.virtualflybrain.org	FBbt_00005801	VFB_00101567	0	1	81.0
2025-03-11	v2.virtualflybrain.org	FBbt_00005889		1	1	29.0
2025-03-11	v2.virtualflybrain.org	FBbt_00007050	VFB_00017894	0	3	72.0
2025-03-11	v2.virtualflybrain.org	FBbt_00007050	VFB_00101567	1	4	11.0
2025-03-11	v2.virtualflybrain.org	FBbt_00007053	VFB_00101567	0	1	3.0
2025-03-11	v2.virtualflybrain.org	FBbt_00007054	VFB_00101567	1	2	4.0
2025-03-11	v2.virtualflybrain.org	FBbt_00007145	VFB_00101567	0	1	4.0
2025-03-11	v2.virtualflybrain.org	FBbt_00007146	VFB_00101567	0	3	23.0
2025-03-11	v2.virtualflybrain.org	FBbt_00007147	VFB_00101567	0	1	5.0
2025-03-11	v2.virtualflybrain.org	FBbt_00007539	VFB_00101567	0	2	34.0
2025-03-11	v2.virtualflybrain.org	FBbt_00007564		2	2	0.0
2025-03-11	v2.virtualflybrain.org	FBbt_00007703	VFB_00049000	0	1	3.0
2025-03-11	v2.virtualflybrain.org	FBbt_00007704	VFB_00049000	0	1	0.0
2025-03-11	v2.virtualflybrain.org	FBbt_00007708	VFB_00049000	0	2	96.0
2025-03-11	v2.virtualflybrain.org	FBbt_00007709	VFB_00049000	0	1	3.0
2025-03-11	v2.virtualflybrain.org	FBbt_00014013	VFB_00101567	0	3	33.0
2025-03-11	v2.virtualflybrain.org	FBbt_00040001	VFB_00017894	5	1	0.0
2025-03-11	v2.virtualflybrain.org	FBbt_00040001	VFB_00101567	0	1	31.0
2025-03-11	v2.virtualflybrain.org	FBbt_00040002	VFB_00101567	0	2	5.0
2025-03-11	v2.virtualflybrain.org	FBbt_00040037	VFB_00101567	0	1	12.0
2025-03-11	v2.virtualflybrain.org	FBbt_00040041	VFB_00017894	2	1	0.0
2025-03-11	v2.virtualflybrain.org	FBbt_00040041	VFB_00101567	0	6	137.0
2025-03-11	v2.virtualflybrain.org	FBbt_00040042	VFB_00101567	0	2	23.0
2025-03-11	v2.virtualflybrain.org	FBbt_00040043	VFB_00101567	2	9	180.0
2025-03-11	v2.virtualflybrain.org	FBbt_00040044	VFB_00101567	0	2	65.0
2025-03-11	v2.virtualflybrain.org	FBbt_00040049	VFB_00101567	0	1	2.0
2025-03-11	v2.virtualflybrain.org	FBbt_00040072	VFB_00101567	0	1	1.0
2025-03-11	v2.virtualflybrain.org	FBbt_00045021	VFB_00101567	0	1	20.0
2025-03-11	v2.virtualflybrain.org	FBbt_00045027	VFB_00101567	0	2	36.0
2025-03-11	v2.virtualflybrain.org	FBbt_00045030	VFB_00101567	0	1	4.0
2025-03-11	v2.virtualflybrain.org	FBbt_00045032	VFB_00101567	0	2	4.0
2025-03-11	v2.virtualflybrain.org	FBbt_00045040	VFB_00017894	0	1	47.0
2025-03-11	v2.virtualflybrain.org	FBbt_00045040	VFB_00101567	0	1	1.0
2025-03-11	v2.virtualflybrain.org	FBbt_00045046	VFB_00101567	0	1	0.0
2025-03-11	v2.virtualflybrain.org	FBbt_00045047	VFB_00101567	0	1	5.0
2025-03-11	v2.virtualflybrain.org	FBbt_00045048	VFB_00017894	0	1	28.0
2025-03-11	v2.virtualflybrain.org	FBbt_00045048	VFB_00101567	0	6	49.0
2025-03-11	v2.virtualflybrain.org	FBbt_00045050	VFB_00101567	0	1	190.0
2025-03-11	v2.virtualflybrain.org	FBbt_00047030	VFB_00101567	0	1	64.0
2025-03-11	v2.virtualflybrain.org	FBbt_00047631		3	1	0.0
2025-03-11	v2.virtualflybrain.org	FBbt_00047631	VFB_00101567	0	2	269.0
2025-03-11	v2.virtualflybrain.org	FBbt_00047887	VFB_00101567	0	4	111.0
2025-03-11	v2.virtualflybrain.org	FBbt_00047996	VFB_00101567	0	1	37.0
2025-03-11	v2.virtualflybrain.org	FBbt_00048138	VFB_00101567	1	1	0.0
2025-03-11	v2.virtualflybrain.org	FBbt_00048262	VFB_00101567	0	1	67.0
2025-03-11	v2.virtualflybrain.org	FBbt_00048309		1	1	0.0
2025-03-11	v2.virtualflybrain.org	FBbt_00049397		2	2	0.0
2025-03-11	v2.virtualflybrain.org	FBbt_00049860		1	1	0.0
2025-03-11	v2.virtualflybrain.org	FBbt_00049860	VFB_00101567	1	1	0.0
2025-03-11	v2.virtualflybrain.org	FBbt_00049917	VFB_00101567	6	2	0.0
2025-03-11	v2.virtualflybrain.org	FBbt_00051068	VFB_00101567	0	1	19.0
2025-03-11	v2.virtualflybrain.org	FBbt_00067123	VFB_00017894	24	1	0.0
2025-03-11	v2.virtualflybrain.org	FBbt_00100041	VFB_00101567	0	1	8.0
2025-03-11	v2.virtualflybrain.org	FBbt_00100309		1	1	27.0
2025-03-11	v2.virtualflybrain.org	FBbt_00100477		1	1	15.0
2025-03-11	v2.virtualflybrain.org	FBbt_00110636	VFB_00017894	0	1	1.0
2025-03-11	v2.virtualflybrain.org	FBbt_00110636	VFB_00101567	0	4	26.0
2025-03-11	v2.virtualflybrain.org	FBbt_00110638	VFB_00017894	0	1	3.0
2025-03-11	v2.virtualflybrain.org	FBbt_00110638	VFB_00101567	0	1	54.0
2025-03-11	v2.virtualflybrain.org	FBbt_00110658	VFB_00101567	0	1	82.0
2025-03-11	v2.virtualflybrain.org	FBbt_00111378	VFB_00101567	0	2	81.0
2025-03-11	v2.virtualflybrain.org	VFB_00000250	VFB_00101567	3	2	82.0
2025-03-11	v2.virtualflybrain.org	VFB_00001780	VFB_00101567	0	1	69.0
2025-03-11	v2.virtualflybrain.org	VFB_00001973	VFB_00101567	0	1	12.0
2025-03-11	v2.virtualflybrain.org	VFB_00002155	VFB_00101567	0	1	16.0
2025-03-11	v2.virtualflybrain.org	VFB_00002381	VFB_00101567	0	1	13.0
2025-03-11	v2.virtualflybrain.org	VFB_00002505	VFB_00101567	0	1	10.0
2025-03-11	v2.virtualflybrain.org	VFB_00003914	VFB_00101567	0	1	8.0
2025-03-11	v2.virtualflybrain.org	VFB_00004572	VFB_00101567	0	1	40.0
2025-03-11	v2.virtualflybrain.org	VFB_00004583	VFB_00101567	0	1	7.0
2025-03-11	v2.virtualflybrain.org	VFB_00006497	VFB_00101567	0	2	43.0
2025-03-11	v2.virtualflybrain.org	VFB_00007086	VFB_00101567	0	1	5.0
2025-03-11	v2.virtualflybrain.org	VFB_00009078	VFB_00101567	0	1	13.0
2025-03-11	v2.virtualflybrain.org	VFB_00011597	VFB_00101567	0	1	5.0
2025-03-11	v2.virtualflybrain.org	VFB_00011639	VFB_00101567	0	2	37.0
2025-03-11	v2.virtualflybrain.org	VFB_00012595	VFB_00101567	0	1	11.0
2025-03-11	v2.virtualflybrain.org	VFB_00012599	VFB_00101567	1	2	12.0
2025-03-11	v2.virtualflybrain.org	VFB_00012839	VFB_00101567	0	1	6.0
2025-03-11	v2.virtualflybrain.org	VFB_00013039	VFB_00101567	0	1	11.0
2025-03-11	v2.virtualflybrain.org	VFB_00013539	VFB_00101567	0	1	9.0
2025-03-11	v2.virtualflybrain.org	VFB_00013571	VFB_00101567	0	1	10.0
2025-03-11	v2.virtualflybrain.org	VFB_00013669	VFB_00101567	0	1	20.0
2025-03-11	v2.virtualflybrain.org	VFB_00014553	VFB_00101567	0	1	47.0
2025-03-11	v2.virtualflybrain.org	VFB_00014647	VFB_00101567	0	1	9.0
2025-03-11	v2.virtualflybrain.org	VFB_00014770	VFB_00101567	0	2	83.0
2025-03-11	v2.virtualflybrain.org	VFB_00014837	VFB_00101567	0	1	9.0
2025-03-11	v2.virtualflybrain.org	VFB_00014922	VFB_00101567	2	3	103.0
2025-03-11	v2.virtualflybrain.org	VFB_00015002	VFB_00101567	0	1	25.0
2025-03-11	v2.virtualflybrain.org	VFB_00015006	VFB_00101567	0	1	21.0
2025-03-11	v2.virtualflybrain.org	VFB_00015031	VFB_00101567	0	1	26.0
2025-03-11	v2.virtualflybrain.org	VFB_00015141	VFB_00101567	0	1	12.0
2025-03-11	v2.virtualflybrain.org	VFB_00015387	VFB_00101567	0	1	8.0
2025-03-11	v2.virtualflybrain.org	VFB_00015605	VFB_00101567	0	1	17.0
2025-03-11	v2.virtualflybrain.org	VFB_00017894	VFB_00017894	1	3	1.0
2025-03-11	v2.virtualflybrain.org	VFB_00030611	VFB_00017894	0	2	68.0
2025-03-11	v2.virtualflybrain.org	VFB_00030786	VFB_00030786	0	1	0.0
2025-03-11	v2.virtualflybrain.org	VFB_00030821	VFB_00101567	1	1	0.0
2025-03-11	v2.virtualflybrain.org	VFB_00030849	VFB_00017894	0	2	10.0
2025-03-11	v2.virtualflybrain.org	VFB_00030852	VFB_00030786	24	1	0.0
2025-03-11	v2.virtualflybrain.org	VFB_00030867	VFB_00017894	1	2	1.0
2025-03-11	v2.virtualflybrain.org	VFB_00030867	VFB_00101567	1	3	8.0
2025-03-11	v2.virtualflybrain.org	VFB_00030879	VFB_00017894	1	2	0.0
2025-03-11	v2.virtualflybrain.org	VFB_00030879	VFB_00101567	0	1	4.0
2025-03-11	v2.virtualflybrain.org	VFB_00044977	VFB_00101567	7	3	0.0
2025-03-11	v2.virtualflybrain.org	VFB_00049000	VFB_00049000	3	5	6.0
2025-03-11	v2.virtualflybrain.org	VFB_00050000	VFB_00050000	6	14	105.0
2025-03-11	v2.virtualflybrain.org	VFB_00050274	VFB_00049000	24	1	0.0
2025-03-11	v2.virtualflybrain.org	VFB_00050468	VFB_00049000	0	2	7.0
2025-03-11	v2.virtualflybrain.org	VFB_00055119	VFB_00049000	24	1	0.0
2025-03-11	v2.virtualflybrain.org	VFB_00068855	VFB_00101567	0	2	72.0
2025-03-11	v2.virtualflybrain.org	VFB_00069510	VFB_00101567	3	1	0.0
2025-03-11	v2.virtualflybrain.org	VFB_00100183	VFB_00050000	0	1	25.0
2025-03-11	v2.virtualflybrain.org	VFB_00100362	VFB_00050000	2	1	7.0
2025-03-11	v2.virtualflybrain.org	VFB_00100850	VFB_00050000	13	2	12.0
2025-03-11	v2.virtualflybrain.org	VFB_00100850	VFB_00101567	6	1	0.0
2025-03-11	v2.virtualflybrain.org	VFB_00100dbe	VFB_00101567	0	1	1.0
2025-03-11	v2.virtualflybrain.org	VFB_00100vlx	VFB_00101567	0	1	61.0
2025-03-11	v2.virtualflybrain.org	VFB_00100ww0	VFB_00101567	0	2	57.0
2025-03-11	v2.virtualflybrain.org	VFB_00100z3z	VFB_00101567	3	3	64.0
2025-03-11	v2.virtualflybrain.org	VFB_001012q2	VFB_00101567	0	1	10.0
2025-03-11	v2.virtualflybrain.org	VFB_0010136a	VFB_00101567	0	1	31.0
2025-03-11	v2.virtualflybrain.org	VFB_001014uq	VFB_00017894	0	2	1.0
2025-03-11	v2.virtualflybrain.org	VFB_00101567		1	1	1.0
2025-03-11	v2.virtualflybrain.org	VFB_00101567	VFB_00101567	73	99	1656.0
2025-03-11	v2.virtualflybrain.org	VFB_00101sud	VFB_00101567	0	1	27.0
2025-03-11	v2.virtualflybrain.org	VFB_00101uqc	VFB_00101567	0	1	62.0
2025-03-11	v2.virtualflybrain.org	VFB_00102107	VFB_00101567	0	1	15.0
2025-03-11	v2.virtualflybrain.org	VFB_00102123	VFB_00101567	0	1	0.0
2025-03-11	v2.virtualflybrain.org	VFB_00102133	VFB_00101567	1	1	0.0
2025-03-11	v2.virtualflybrain.org	VFB_00102135	VFB_00101567	0	2	0.0
2025-03-11	v2.virtualflybrain.org	VFB_00102137	VFB_00101567	0	1	30.0
2025-03-11	v2.virtualflybrain.org	VFB_00102152	VFB_00101567	1	2	0.0
2025-03-11	v2.virtualflybrain.org	VFB_00102164	VFB_00101567	1	0	0.0
2025-03-11	v2.virtualflybrain.org	VFB_00102170	VFB_00101567	24	1	0.0
2025-03-11	v2.virtualflybrain.org	VFB_00102179	VFB_00101567	0	1	5.0
2025-03-11	v2.virtualflybrain.org	VFB_00102271	VFB_00101567	0	1	21.0
2025-03-11	v2.virtualflybrain.org	VFB_00102274	VFB_00101567	24	1	0.0
2025-03-11	v2.virtualflybrain.org	VFB_00102282	VFB_00101567	0	1	4.0
2025-03-11	v2.virtualflybrain.org	VFB_001029jl	VFB_00101567	0	2	44.0
2025-03-11	v2.virtualflybrain.org	VFB_00103ox0	VFB_00101567	0	1	15.0
2025-03-11	v2.virtualflybrain.org	VFB_00104466	VFB_00101567	0	1	22.0
2025-03-11	v2.virtualflybrain.org	VFB_00104466	VFB_00200000	1	2	1.0
2025-03-11	v2.virtualflybrain.org	VFB_00200000	VFB_00200000	2	7	4.0
2025-03-11	v2.virtualflybrain.org	VFB_fw000160	VFB_00101567	0	1	5.0
2025-03-11	v2.virtualflybrain.org	VFB_fw001048	VFB_00101567	2	1	13.0
2025-03-11	v2.virtualflybrain.org	VFB_fw001862	VFB_00101567	0	3	58.0
2025-03-11	v2.virtualflybrain.org	VFB_fw002351	VFB_00101567	0	1	11.0
2025-03-11	v2.virtualflybrain.org	VFB_fw002817	VFB_00101567	0	1	16.0
2025-03-11	v2.virtualflybrain.org	VFB_fw003867	VFB_00101567	0	1	30.0
2025-03-11	v2.virtualflybrain.org	VFB_fw006190	VFB_00101567	0	1	13.0
2025-03-11	v2.virtualflybrain.org	VFB_fw009472	VFB_00101567	0	2	38.0
2025-03-11	v2.virtualflybrain.org	VFB_fw010781	VFB_00101567	0	1	12.0
2025-03-11	v2.virtualflybrain.org	VFB_fw010926	VFB_00101567	0	1	47.0
2025-03-11	v2.virtualflybrain.org	VFB_fw019405	VFB_00101567	0	1	29.0
2025-03-11	v2.virtualflybrain.org	VFB_fw022900	VFB_00101567	0	1	28.0
2025-03-11	v2.virtualflybrain.org	VFB_fw026339	VFB_00101567	0	1	11.0
2025-03-11	v2.virtualflybrain.org	VFB_fw026414	VFB_00101567	0	1	13.0
2025-03-11	v2.virtualflybrain.org	VFB_fw030308	VFB_00101567	0	1	0.0
2025-03-11	v2.virtualflybrain.org	VFB_fw031660	VFB_00101567	0	2	152.0
2025-03-11	v2.virtualflybrain.org	VFB_fw032106	VFB_00101567	0	2	110.0
2025-03-11	v2.virtualflybrain.org	VFB_fw032620	VFB_00101567	0	1	17.0
2025-03-11	v2.virtualflybrain.org	VFB_fw033045	VFB_00101567	1	1	20.0
2025-03-11	v2.virtualflybrain.org	VFB_fw033451	VFB_00101567	0	1	117.0
2025-03-11	v2.virtualflybrain.org	VFB_fw034040	VFB_00101567	0	1	2.0
2025-03-11	v2.virtualflybrain.org	VFB_fw034064	VFB_00101567	0	2	47.0
2025-03-11	v2.virtualflybrain.org	VFB_fw034126		3	1	0.0
2025-03-11	v2.virtualflybrain.org	VFB_fw034550	VFB_00101567	0	1	30.0
2025-03-11	v2.virtualflybrain.org	VFB_fw034989	VFB_00101567	7	1	23.0
2025-03-11	v2.virtualflybrain.org	VFB_fw035398	VFB_00101567	0	1	27.0
2025-03-11	v2.virtualflybrain.org	VFB_fw036434	VFB_00101567	0	2	60.0
2025-03-11	v2.virtualflybrain.org	VFB_fw036522		1	1	1.0
2025-03-11	v2.virtualflybrain.org	VFB_fw036795	VFB_00101567	0	1	12.0
2025-03-11	v2.virtualflybrain.org	VFB_fw036972	VFB_00101567	1	1	0.0
2025-03-11	v2.virtualflybrain.org	VFB_fw040322	VFB_00101567	0	1	13.0
2025-03-11	v2.virtualflybrain.org	VFB_fw042338	VFB_00101567	0	2	49.0
2025-03-11	v2.virtualflybrain.org	VFB_fw042922	VFB_00101567	0	1	5.0
2025-03-11	v2.virtualflybrain.org	VFB_fw043857	VFB_00101567	0	1	15.0
2025-03-11	v2.virtualflybrain.org	VFB_jrchjrcp	VFB_00101567	2	2	23.0
2025-03-11	v2.virtualflybrain.org	VFB_jrchjti3	VFB_00101567	2	2	66.0
2025-03-11	v2.virtualflybrain.org	VFB_jrchjtn1	VFB_00101567	1	1	0.0
2025-03-11	v2.virtualflybrain.org	VFB_jrchjtpj	VFB_00101567	2	4	173.0
2025-03-11	v2.virtualflybrain.org	VFB_jrchk08c	VFB_00101567	0	1	170.0
2025-03-11	v2.virtualflybrain.org	VFB_jrchk10d	VFB_00101567	2	2	6.0
2025-03-11	v2.virtualflybrain.org	VFB_jrchk1z1		2	1	1.0
2025-03-11	v2.virtualflybrain.org	VFB_jrchk1z1	VFB_00101567	0	1	1.0
2025-03-11	v2.virtualflybrain.org	VFB_jrchk541	VFB_00101567	0	1	29.0
2025-03-11	v2.virtualflybrain.org	VFB_jrcv0dyz	VFB_00101567	0	1	64.0
2025-03-11	v2.virtualflybrain.org	VFB_jrcv0dyz	VFB_00200000	3	3	7.0
2025-03-11	v2.virtualflybrain.org	VFBexp_FBtp0040		1	1	1.0
2025-03-11	v2.virtualflybrain.org	VFBexp_FBtp0058	VFB_00101567	0	4	71.0
2025-03-11	v2.virtualflybrain.org	VFBexp_FBtp0061	VFB_00101567	0	1	24.0
2025-03-11	v2.virtualflybrain.org	VFBexp_FBtp0104		2	1	2.0
2025-03-11	v2.virtualflybrain.org	VFBexp_FBtp0106		1	1	0.0
2025-03-11	v2.virtualflybrain.org	VFBexp_FBtp0114	VFB_00101567	0	3	216.0
2025-03-11	v2.virtualflybrain.org	VFBexp_FBtp0121		2	2	1.0
2025-03-11	v2.virtualflybrain.org	VFBexp_FBtp0121	VFB_00101567	0	1	178.0
2025-03-11	v2.virtualflybrain.org	VFBexp_FBtp0124	VFB_00101567	24	1	0.0
2025-03-11	v2.virtualflybrain.org	VFBext_0000004	VFB_00101567	0	2	31.0
2025-03-11	v2.virtualflybrain.org	VFBu_zk3rov4k		2	1	17.0
2025-03-11	www.virtualflybrain.org	FBbt_00110007		1	1	0.0
2025-03-12		FBbt_00003624		10	5	0.0
2025-03-12		FBbt_00003624	VFB_00017894	1	1	0.0
2025-03-12		FBbt_00003624	VFB_00101567	11	6	0.0
2025-03-12		FBbt_00003632		2	1	0.0
2025-03-12		FBbt_00003632	VFB_00101567	2	1	0.0
2025-03-12		FBbt_00003681		2	1	0.0
2025-03-12		FBbt_00003681	VFB_00101567	2	1	0.0
2025-03-12		FBbt_00003684		3	1	0.0
2025-03-12		FBbt_00003684	VFB_00101384	2	1	0.0
2025-03-12		FBbt_00003684	VFB_00101567	3	2	0.0
2025-03-12		FBbt_00003748		3	2	0.0
2025-03-12		FBbt_00003748	VFB_00101567	3	2	0.0
2025-03-12		FBbt_00003852		3	1	0.0
2025-03-12		FBbt_00003852	VFB_00101567	3	1	0.0
2025-03-12		FBbt_00004225		1	1	0.0
2025-03-12		FBbt_00004225	VFB_00101567	1	1	0.0
2025-03-12		FBbt_00005407		2	1	6.0
2025-03-12		FBbt_00005407	VFB_00101567	2	1	0.0
2025-03-12		FBbt_00007050		4	2	0.0
2025-03-12		FBbt_00007050	VFB_00101567	4	2	0.0
2025-03-12		FBbt_00007053		1	1	0.0
2025-03-12		FBbt_00007053	VFB_00101567	1	1	0.0
2025-03-12		FBbt_00007054		3	2	0.0
2025-03-12		FBbt_00007054	VFB_00101567	3	2	0.0
2025-03-12		FBbt_00007055		1	1	0.0
2025-03-12		FBbt_00007055	VFB_00101567	1	1	0.0
2025-03-12		FBbt_00007112		2	1	0.0
2025-03-12		FBbt_00007112	VFB_00101567	2	2	0.0
2025-03-12		FBbt_00007145		2	1	0.0
2025-03-12		FBbt_00007145	VFB_00101567	2	1	0.0
2025-03-12		FBbt_00007385		2	1	0.0
2025-03-12		FBbt_00007385	VFB_00017894	1	1	0.0
2025-03-12		FBbt_00007385	VFB_00101384	1	1	0.0
2025-03-12		FBbt_00007453		1	1	0.0
2025-03-12		FBbt_00007453	VFB_00017894	2	1	0.0
2025-03-12		FBbt_00007677		2	1	0.0
2025-03-12		FBbt_00007677	VFB_00017894	1	1	0.0
2025-03-12		FBbt_00007677	VFB_00101567	1	1	0.0
2025-03-12		FBbt_00013688		1	1	0.0
2025-03-12		FBbt_00013688	VFB_00017894	1	1	0.0
2025-03-12		FBbt_00013691		2	1	0.0
2025-03-12		FBbt_00013691	VFB_00101567	2	1	0.0
2025-03-12		FBbt_00013694		2	1	0.0
2025-03-12		FBbt_00013694	VFB_00101567	2	1	0.0
2025-03-12		FBbt_00013695		2	1	0.0
2025-03-12		FBbt_00013695	VFB_00101567	2	1	0.0
2025-03-12		FBbt_00014013		1	1	0.0
2025-03-12		FBbt_00014013	VFB_00101567	1	1	0.0
2025-03-12		FBbt_00015407		4	1	8.0
2025-03-12		FBbt_00015407	VFB_00017894	1	1	0.0
2025-03-12		FBbt_00015407	VFB_00101567	2	1	0.0
2025-03-12		FBbt_00040001		3	1	0.0
2025-03-12		FBbt_00040001	VFB_00017894	3	1	0.0
2025-03-12		FBbt_00040007		2	1	6.0
2025-03-12		FBbt_00040007	VFB_00101567	2	1	0.0
2025-03-12		FBbt_00040041		5	4	0.0
2025-03-12		FBbt_00040041	VFB_00101567	5	4	0.0
2025-03-12		FBbt_00040043		5	2	8.0
2025-03-12		FBbt_00040043	VFB_00101567	5	3	0.0
2025-03-12		FBbt_00040044		1	1	0.0
2025-03-12		FBbt_00040044	VFB_00101567	1	1	0.0
2025-03-12		FBbt_00040071		3	1	31.0
2025-03-12		FBbt_00040071	VFB_00101567	3	1	0.0
2025-03-12		FBbt_00045007		5	1	0.0
2025-03-12		FBbt_00045007	VFB_00101567	5	2	0.0
2025-03-12		FBbt_00045027		5	2	0.0
2025-03-12		FBbt_00045027	VFB_00101567	5	2	0.0
2025-03-12		FBbt_00045032		1	1	0.0
2025-03-12		FBbt_00045032	VFB_00101567	1	1	0.0
2025-03-12		FBbt_00045040		2	2	0.0
2025-03-12		FBbt_00045040	VFB_00101567	2	2	0.0
2025-03-12		FBbt_00045048		9	2	0.0
2025-03-12		FBbt_00045048	VFB_00017894	6	1	0.0
2025-03-12		FBbt_00045048	VFB_00101567	3	2	0.0
2025-03-12		FBbt_00047642		1	1	0.0
2025-03-12		FBbt_00047642	VFB_00101567	1	1	0.0
2025-03-12		FBbt_00047887		7	3	0.0
2025-03-12		FBbt_00047887	VFB_00101567	7	3	0.0
2025-03-12		FBbt_00047888		9	1	39.0
2025-03-12		FBbt_00047888	VFB_00101567	9	1	0.0
2025-03-12		FBbt_00048138		2	1	8.0
2025-03-12		FBbt_00048138	VFB_00101567	2	2	0.0
2025-03-12		FBbt_00049839		2	1	0.0
2025-03-12		FBbt_00049839	VFB_00101567	2	2	0.0
2025-03-12		FBbt_00049860		1	1	0.0
2025-03-12		FBbt_00049860	VFB_00101567	1	1	0.0
2025-03-12		FBbt_00049917		5	1	0.0
2025-03-12		FBbt_00049917	VFB_00101567	5	1	0.0
2025-03-12		FBbt_00067123		24	1	0.0
2025-03-12		FBbt_00067123	VFB_00017894	24	1	0.0
2025-03-12		FBbt_00100214		1	1	0.0
2025-03-12		FBbt_00100214	VFB_00101567	1	1	0.0
2025-03-12		FBbt_00100256		1	1	0.0
2025-03-12		FBbt_00100256	VFB_00101567	1	1	0.0
2025-03-12		FBbt_00100259		1	1	0.0
2025-03-12		FBbt_00100259	VFB_00101567	1	1	0.0
2025-03-12		FBbt_00110004		2	1	0.0
2025-03-12		FBbt_00110004	VFB_00101567	2	1	0.0
2025-03-12		FBbt_00110330		1	1	0.0
2025-03-12		FBbt_00110330	VFB_00050000	1	1	0.0
2025-03-12		FBbt_00110636		3	2	0.0
2025-03-12		FBbt_00110636	VFB_00101567	3	3	0.0
2025-03-12		FBbt_00110638		6	2	0.0
2025-03-12		FBbt_00110638	VFB_00101567	7	2	0.0
2025-03-12		FBbt_00110639		2	1	0.0
2025-03-12		FBbt_00110639	VFB_00101567	2	1	0.0
2025-03-12		FBbt_00110657		1	1	0.0
2025-03-12		FBbt_00110657	VFB_00101567	1	1	0.0
2025-03-12		FBbt_00110658		2	1	0.0
2025-03-12		FBbt_00110658	VFB_00101567	2	1	0.0
2025-03-12		FBbt_20001744		2	1	0.0
2025-03-12		FBbt_20001744	VFB_00050000	2	2	0.0
2025-03-12		FBbt_20003643		1	1	0.0
2025-03-12		FBbt_20003643	VFB_00101567	1	1	0.0
2025-03-12		VFB_00001780		33	1	28.0
2025-03-12		VFB_00001780	VFB_00101567	28	5	0.0
2025-03-12		VFB_00004572		18	1	37.0
2025-03-12		VFB_00004572	VFB_00101567	18	4	0.0
2025-03-12		VFB_00007086		40	1	313.0
2025-03-12		VFB_00007086	VFB_00101567	45	6	0.0
2025-03-12		VFB_00011597		32	1	43.0
2025-03-12		VFB_00011597	VFB_00101567	27	3	0.0
2025-03-12		VFB_00012839		28	1	34.0
2025-03-12		VFB_00012839	VFB_00101567	28	4	0.0
2025-03-12		VFB_00014553		2	1	0.0
2025-03-12		VFB_00014553	VFB_00101567	2	1	0.0
2025-03-12		VFB_00014837		19	1	24.0
2025-03-12		VFB_00014837	VFB_00101567	24	4	0.0
2025-03-12		VFB_00014922		15	1	44.0
2025-03-12		VFB_00014922	VFB_00101567	15	4	0.0
2025-03-12		VFB_00015031		31	1	69.0
2025-03-12		VFB_00015031	VFB_00101567	26	4	0.0
2025-03-12		VFB_00015605		16	1	13.0
2025-03-12		VFB_00015605	VFB_00101567	21	4	0.0
2025-03-12		VFB_00030624		2	1	24.0
2025-03-12		VFB_00030624	VFB_00101567	2	1	0.0
2025-03-12		VFB_00030806		6	1	3.0
2025-03-12		VFB_00030806	VFB_00101567	6	1	0.0
2025-03-12		VFB_00030838		10	2	67.0
2025-03-12		VFB_00030838	VFB_00017894	10	4	0.0
2025-03-12		VFB_00030852		24	1	0.0
2025-03-12		VFB_00030852	VFB_00030786	24	1	0.0
2025-03-12		VFB_00030867		40	2	268.0
2025-03-12		VFB_00030867	VFB_00017894	16	2	0.0
2025-03-12		VFB_00030867	VFB_00101384	4	1	0.0
2025-03-12		VFB_00030867	VFB_00101567	19	3	0.0
2025-03-12		VFB_00030875		10	2	11.0
2025-03-12		VFB_00030875	VFB_00017894	10	4	0.0
2025-03-12		VFB_00030901		13	2	62.0
2025-03-12		VFB_00030901	VFB_00017894	13	4	0.0
2025-03-12		VFB_00030902		4	1	7.0
2025-03-12		VFB_00030902	VFB_00017894	2	1	0.0
2025-03-12		VFB_00030902	VFB_00101567	3	1	0.0
2025-03-12		VFB_00030903		8	2	6.0
2025-03-12		VFB_00030903	VFB_00017894	5	3	0.0
2025-03-12		VFB_00030903	VFB_00101567	3	1	0.0
2025-03-12		VFB_00044977		4	1	0.0
2025-03-12		VFB_00044977	VFB_00101567	4	1	0.0
2025-03-12		VFB_00050000		1	1	0.0
2025-03-12		VFB_00050000	VFB_00050000	2	2	2.0
2025-03-12		VFB_00055119		24	1	0.0
2025-03-12		VFB_00055119	VFB_00049000	24	1	0.0
2025-03-12		VFB_00100059		18	1	50.0
2025-03-12		VFB_00100059	VFB_00050000	13	4	0.0
2025-03-12		VFB_00100187		6	1	7.0
2025-03-12		VFB_00100187	VFB_00050000	11	2	0.0
2025-03-12		VFB_0010022p		1	1	0.0
2025-03-12		VFB_0010022p	VFB_00050000	1	1	0.0
2025-03-12		VFB_0010022s		1	1	0.0
2025-03-12		VFB_0010022s	VFB_00050000	1	1	0.0
2025-03-12		VFB_0010022u		1	1	0.0
2025-03-12		VFB_0010022u	VFB_00050000	1	1	0.0
2025-03-12		VFB_0010023l		1	1	0.0
2025-03-12		VFB_0010023l	VFB_00050000	1	1	0.0
2025-03-12		VFB_0010024u		4	1	0.0
2025-03-12		VFB_0010024u	VFB_00050000	4	2	0.0
2025-03-12		VFB_0010024z		3	1	2.0
2025-03-12		VFB_0010024z	VFB_00050000	3	2	0.0
2025-03-12		VFB_0010027v		1	1	0.0
2025-03-12		VFB_0010027v	VFB_00050000	1	1	0.0
2025-03-12		VFB_00100425		6	1	4.0
2025-03-12		VFB_00100425	VFB_00050000	6	2	0.0
2025-03-12		VFB_00100850		18	1	0.0
2025-03-12		VFB_00100850	VFB_00050000	9	1	0.0
2025-03-12		VFB_00100850	VFB_00101567	9	1	0.0
2025-03-12		VFB_00100z3z		1	1	0.0
2025-03-12		VFB_00100z3z	VFB_00101567	1	1	0.0
2025-03-12		VFB_00101384		3	1	4.0
2025-03-12		VFB_00101384	VFB_00101384	3	2	64.0
2025-03-12		VFB_00101389		4	1	6.0
2025-03-12		VFB_00101389	VFB_00101384	4	1	0.0
2025-03-12		VFB_001013bo		5	2	17.0
2025-03-12		VFB_001013bo	VFB_00101567	5	2	0.0
2025-03-12		VFB_001013ht		1	1	0.0
2025-03-12		VFB_001013ht	VFB_00101567	1	1	0.0
2025-03-12		VFB_001014uq		7	2	34.0
2025-03-12		VFB_001014uq	VFB_00101567	7	2	0.0
2025-03-12		VFB_00101567		163	32	499.0
2025-03-12		VFB_00101567	VFB_00101567	199	47	0.0
2025-03-12		VFB_00102114		2	1	1.0
2025-03-12		VFB_00102114	VFB_00101567	2	1	0.0
2025-03-12		VFB_00102118		4	1	1.0
2025-03-12		VFB_00102118	VFB_00101567	3	1	0.0
2025-03-12		VFB_00102134		2	1	0.0
2025-03-12		VFB_00102134	VFB_00101567	2	1	0.0
2025-03-12		VFB_00102135		2	1	0.0
2025-03-12		VFB_00102135	VFB_00101567	2	1	0.0
2025-03-12		VFB_00102146		7	2	15.0
2025-03-12		VFB_00102146	VFB_00101567	7	3	0.0
2025-03-12		VFB_00102148		2	1	0.0
2025-03-12		VFB_00102148	VFB_00101567	2	1	0.0
2025-03-12		VFB_00102154		2	1	0.0
2025-03-12		VFB_00102154	VFB_00101567	2	1	0.0
2025-03-12		VFB_00102159		2	1	0.0
2025-03-12		VFB_00102159	VFB_00101567	2	1	0.0
2025-03-12		VFB_00102162		4	1	0.0
2025-03-12		VFB_00102162	VFB_00101567	4	2	0.0
2025-03-12		VFB_00102164		1	1	2.0
2025-03-12		VFB_00102164	VFB_00101567	1	1	0.0
2025-03-12		VFB_00102170		26	2	0.0
2025-03-12		VFB_00102170	VFB_00101567	26	2	0.0
2025-03-12		VFB_00102174		2	1	0.0
2025-03-12		VFB_00102174	VFB_00101567	2	1	0.0
2025-03-12		VFB_00102201		2	1	0.0
2025-03-12		VFB_00102201	VFB_00101567	2	1	0.0
2025-03-12		VFB_00102212		13	2	22.0
2025-03-12		VFB_00102212	VFB_00101567	18	3	0.0
2025-03-12		VFB_00102213		2	1	0.0
2025-03-12		VFB_00102213	VFB_00101567	2	1	0.0
2025-03-12		VFB_00102214		2	1	0.0
2025-03-12		VFB_00102214	VFB_00101567	2	1	0.0
2025-03-12		VFB_00102218		2	1	0.0
2025-03-12		VFB_00102218	VFB_00101567	2	1	0.0
2025-03-12		VFB_00102274		24	1	0.0
2025-03-12		VFB_00102274	VFB_00101567	24	1	0.0
2025-03-12		VFB_00102281		2	1	0.0
2025-03-12		VFB_00102281	VFB_00101567	2	1	0.0
2025-03-12		VFB_00102734		7	1	7.0
2025-03-12		VFB_00102734	VFB_00101567	7	3	0.0
2025-03-12		VFB_00102ekg		1	1	0.0
2025-03-12		VFB_00102ekg	VFB_00050000	1	1	0.0
2025-03-12		VFB_00102ele		3	1	31.0
2025-03-12		VFB_00102ele	VFB_00050000	3	2	0.0
2025-03-12		VFB_00102esu		1	1	0.0
2025-03-12		VFB_00102esu	VFB_00050000	1	1	0.0
2025-03-12		VFB_00200000		1	1	1.0
2025-03-12		VFB_00200000	VFB_00200000	2	2	47.0
2025-03-12		VFB_fw001612		10	1	14.0
2025-03-12		VFB_fw001612	VFB_00101567	5	2	0.0
2025-03-12		VFB_fw002700		2	1	22.0
2025-03-12		VFB_fw002700	VFB_00101567	2	1	0.0
2025-03-12		VFB_fw003867		1	1	0.0
2025-03-12		VFB_fw003867	VFB_00101567	1	1	0.0
2025-03-12		VFB_fw004350		7	1	3.0
2025-03-12		VFB_fw004350	VFB_00101567	12	1	0.0
2025-03-12		VFB_fw005953		2	1	1.0
2025-03-12		VFB_fw005953	VFB_00101567	2	1	0.0
2025-03-12		VFB_fw015195		2	1	1.0
2025-03-12		VFB_fw015195	VFB_00101567	2	1	0.0
2025-03-12		VFB_fw031805		6	1	17.0
2025-03-12		VFB_fw031805	VFB_00101567	6	2	0.0
2025-03-12		VFB_fw032124		2	1	0.0
2025-03-12		VFB_fw032124	VFB_00101567	2	1	0.0
2025-03-12		VFB_fw032258		1	1	0.0
2025-03-12		VFB_fw032258	VFB_00101567	1	1	0.0
2025-03-12		VFB_fw033504		13	1	56.0
2025-03-12		VFB_fw033504	VFB_00101567	8	3	0.0
2025-03-12		VFB_fw034126		2	1	1.0
2025-03-12		VFB_fw034126	VFB_00101567	2	1	0.0
2025-03-12		VFB_fw034545		1	1	0.0
2025-03-12		VFB_fw034545	VFB_00101567	1	1	0.0
2025-03-12		VFB_fw034989		5	1	32.0
2025-03-12		VFB_fw034989	VFB_00101567	5	1	0.0
2025-03-12		VFB_fw035873		4	1	8.0
2025-03-12		VFB_fw035873	VFB_00101567	9	3	0.0
2025-03-12		VFB_fw036029		1	1	0.0
2025-03-12		VFB_fw036029	VFB_00101567	1	1	0.0
2025-03-12		VFB_fw036272		2	1	0.0
2025-03-12		VFB_fw036272	VFB_00017894	2	1	0.0
2025-03-12		VFB_fw036520		2	1	3.0
2025-03-12		VFB_fw036520	VFB_00101567	2	1	0.0
2025-03-12		VFB_fw036522		2	1	5.0
2025-03-12		VFB_fw036522	VFB_00101567	2	1	0.0
2025-03-12		VFB_fw036952		2	1	18.0
2025-03-12		VFB_fw036952	VFB_00101567	2	1	0.0
2025-03-12		VFB_fw039169		3	1	5.0
2025-03-12		VFB_fw039169	VFB_00101567	3	1	0.0
2025-03-12		VFB_fw043515		4	1	6.0
2025-03-12		VFB_fw043515	VFB_00101567	4	2	0.0
2025-03-12		VFB_jrchk45v		2	1	0.0
2025-03-12		VFB_jrchk45v	VFB_00017894	2	1	0.0
2025-03-12		VFB_jrchk7zt		1	1	0.0
2025-03-12		VFB_jrchk7zt	VFB_00101567	1	1	0.0
2025-03-12		VFB_jrcv0mii		1	1	0.0
2025-03-12		VFB_jrcv0mii	VFB_00101567	1	1	0.0
2025-03-12		VFBexp_FBtp0121		1	1	0.0
2025-03-12		VFBexp_FBtp0121	VFB_00101567	1	1	0.0
2025-03-12		VFBexp_FBtp0124		26	2	0.0
2025-03-12		VFBexp_FBtp0124	VFB_00101567	26	2	0.0
2025-03-12	v2.virtualflybrain.org	FBbt_00002878		1	1	0.0
2025-03-12	v2.virtualflybrain.org	FBbt_00003624	VFB_00017894	0	1	360.0
2025-03-12	v2.virtualflybrain.org	FBbt_00003624	VFB_00101567	1	7	149.0
2025-03-12	v2.virtualflybrain.org	FBbt_00003632	VFB_00101567	0	1	82.0
2025-03-12	v2.virtualflybrain.org	FBbt_00003649		1	1	18.0
2025-03-12	v2.virtualflybrain.org	FBbt_00003681	VFB_00101567	0	2	118.0
2025-03-12	v2.virtualflybrain.org	FBbt_00003684	VFB_00101384	0	1	50.0
2025-03-12	v2.virtualflybrain.org	FBbt_00003684	VFB_00101567	0	2	98.0
2025-03-12	v2.virtualflybrain.org	FBbt_00003748	VFB_00101567	0	2	61.0
2025-03-12	v2.virtualflybrain.org	FBbt_00003795		1	1	0.0
2025-03-12	v2.virtualflybrain.org	FBbt_00003852	VFB_00101567	2	2	305.0
2025-03-12	v2.virtualflybrain.org	FBbt_00004225	VFB_00101567	1	1	0.0
2025-03-12	v2.virtualflybrain.org	FBbt_00005407	VFB_00101567	0	1	0.0
2025-03-12	v2.virtualflybrain.org	FBbt_00007050	VFB_00101567	0	2	8.0
2025-03-12	v2.virtualflybrain.org	FBbt_00007053	VFB_00101567	0	1	0.0
2025-03-12	v2.virtualflybrain.org	FBbt_00007054	VFB_00101567	1	2	3.0
2025-03-12	v2.virtualflybrain.org	FBbt_00007055	VFB_00101567	0	1	1.0
2025-03-12	v2.virtualflybrain.org	FBbt_00007112	VFB_00101567	0	1	140.0
2025-03-12	v2.virtualflybrain.org	FBbt_00007145	VFB_00101567	0	1	3.0
2025-03-12	v2.virtualflybrain.org	FBbt_00007385	VFB_00017894	0	1	3.0
2025-03-12	v2.virtualflybrain.org	FBbt_00007385	VFB_00101384	0	1	8.0
2025-03-12	v2.virtualflybrain.org	FBbt_00007453	VFB_00017894	0	1	57.0
2025-03-12	v2.virtualflybrain.org	FBbt_00007455		2	2	0.0
2025-03-12	v2.virtualflybrain.org	FBbt_00007677	VFB_00017894	0	1	14.0
2025-03-12	v2.virtualflybrain.org	FBbt_00007677	VFB_00101567	0	1	45.0
2025-03-12	v2.virtualflybrain.org	FBbt_00013688	VFB_00017894	0	1	7.0
2025-03-12	v2.virtualflybrain.org	FBbt_00013691	VFB_00101567	0	1	3.0
2025-03-12	v2.virtualflybrain.org	FBbt_00013694	VFB_00101567	0	1	1.0
2025-03-12	v2.virtualflybrain.org	FBbt_00013695	VFB_00101567	0	1	1.0
2025-03-12	v2.virtualflybrain.org	FBbt_00014013	VFB_00101567	0	1	59.0
2025-03-12	v2.virtualflybrain.org	FBbt_00015407	VFB_00017894	0	1	6.0
2025-03-12	v2.virtualflybrain.org	FBbt_00015407	VFB_00101567	0	1	1.0
2025-03-12	v2.virtualflybrain.org	FBbt_00040001	VFB_00017894	3	1	0.0
2025-03-12	v2.virtualflybrain.org	FBbt_00040007	VFB_00101567	0	1	0.0
2025-03-12	v2.virtualflybrain.org	FBbt_00040041	VFB_00101567	2	4	151.0
2025-03-12	v2.virtualflybrain.org	FBbt_00040043	VFB_00101567	2	2	10.0
2025-03-12	v2.virtualflybrain.org	FBbt_00040044	VFB_00101567	0	1	2.0
2025-03-12	v2.virtualflybrain.org	FBbt_00040071	VFB_00101567	1	2	29.0
2025-03-12	v2.virtualflybrain.org	FBbt_00045007	VFB_00101567	0	2	387.0
2025-03-12	v2.virtualflybrain.org	FBbt_00045027	VFB_00101567	2	3	92.0
2025-03-12	v2.virtualflybrain.org	FBbt_00045032	VFB_00101567	0	1	19.0
2025-03-12	v2.virtualflybrain.org	FBbt_00045040	VFB_00101567	0	2	30.0
2025-03-12	v2.virtualflybrain.org	FBbt_00045048	VFB_00017894	7	1	0.0
2025-03-12	v2.virtualflybrain.org	FBbt_00045048	VFB_00101567	0	2	61.0
2025-03-12	v2.virtualflybrain.org	FBbt_00047173		1	1	15.0
2025-03-12	v2.virtualflybrain.org	FBbt_00047642	VFB_00101567	0	1	34.0
2025-03-12	v2.virtualflybrain.org	FBbt_00047887	VFB_00101567	1	4	56.0
2025-03-12	v2.virtualflybrain.org	FBbt_00047888	VFB_00101567	0	1	0.0
2025-03-12	v2.virtualflybrain.org	FBbt_00048138	VFB_00101567	1	1	29.0
2025-03-12	v2.virtualflybrain.org	FBbt_00048267		1	1	20.0
2025-03-12	v2.virtualflybrain.org	FBbt_00049320		1	1	7.0
2025-03-12	v2.virtualflybrain.org	FBbt_00049839	VFB_00101567	0	2	86.0
2025-03-12	v2.virtualflybrain.org	FBbt_00049856		1	1	10.0
2025-03-12	v2.virtualflybrain.org	FBbt_00049860	VFB_00101567	1	1	0.0
2025-03-12	v2.virtualflybrain.org	FBbt_00049917	VFB_00101567	7	1	0.0
2025-03-12	v2.virtualflybrain.org	FBbt_00051003		1	1	0.0
2025-03-12	v2.virtualflybrain.org	FBbt_00052914		1	1	16.0
2025-03-12	v2.virtualflybrain.org	FBbt_00067123	VFB_00017894	24	1	0.0
2025-03-12	v2.virtualflybrain.org	FBbt_00100214	VFB_00101567	0	1	29.0
2025-03-12	v2.virtualflybrain.org	FBbt_00100256	VFB_00101567	0	1	145.0
2025-03-12	v2.virtualflybrain.org	FBbt_00100259	VFB_00101567	0	1	72.0
2025-03-12	v2.virtualflybrain.org	FBbt_00100481		1	1	0.0
2025-03-12	v2.virtualflybrain.org	FBbt_00110004	VFB_00101567	0	1	29.0
2025-03-12	v2.virtualflybrain.org	FBbt_00110330	VFB_00050000	0	1	13.0
2025-03-12	v2.virtualflybrain.org	FBbt_00110432		1	1	0.0
2025-03-12	v2.virtualflybrain.org	FBbt_00110636	VFB_00101567	0	2	20.0
2025-03-12	v2.virtualflybrain.org	FBbt_00110638	VFB_00101567	0	2	24.0
2025-03-12	v2.virtualflybrain.org	FBbt_00110639	VFB_00101567	0	1	29.0
2025-03-12	v2.virtualflybrain.org	FBbt_00110657	VFB_00101567	0	1	0.0
2025-03-12	v2.virtualflybrain.org	FBbt_00110658	VFB_00101567	0	1	48.0
2025-03-12	v2.virtualflybrain.org	FBbt_00110851		1	1	0.0
2025-03-12	v2.virtualflybrain.org	FBbt_00110944		1	1	0.0
2025-03-12	v2.virtualflybrain.org	FBbt_20001744	VFB_00050000	0	2	111.0
2025-03-12	v2.virtualflybrain.org	FBbt_20003643	VFB_00101567	0	2	112.0
2025-03-12	v2.virtualflybrain.org	VFB_00001780	VFB_00101567	0	4	170.0
2025-03-12	v2.virtualflybrain.org	VFB_00004572	VFB_00101567	0	2	81.0
2025-03-12	v2.virtualflybrain.org	VFB_00007086	VFB_00101567	0	3	150.0
2025-03-12	v2.virtualflybrain.org	VFB_00011597	VFB_00101567	0	1	71.0
2025-03-12	v2.virtualflybrain.org	VFB_00012839	VFB_00101567	0	2	71.0
2025-03-12	v2.virtualflybrain.org	VFB_00014837	VFB_00101567	0	3	134.0
2025-03-12	v2.virtualflybrain.org	VFB_00014922	VFB_00101567	0	1	11.0
2025-03-12	v2.virtualflybrain.org	VFB_00015031	VFB_00101567	0	2	32.0
2025-03-12	v2.virtualflybrain.org	VFB_00015605	VFB_00101567	0	1	59.0
2025-03-12	v2.virtualflybrain.org	VFB_00017894	VFB_00017894	0	4	0.0
2025-03-12	v2.virtualflybrain.org	VFB_00030624	VFB_00017894	1	2	2.0
2025-03-12	v2.virtualflybrain.org	VFB_00030624	VFB_00101567	0	1	2.0
2025-03-12	v2.virtualflybrain.org	VFB_00030786	VFB_00030786	0	1	0.0
2025-03-12	v2.virtualflybrain.org	VFB_00030806	VFB_00101567	0	2	20.0
2025-03-12	v2.virtualflybrain.org	VFB_00030838	VFB_00017894	0	1	0.0
2025-03-12	v2.virtualflybrain.org	VFB_00030852	VFB_00030786	24	1	0.0
2025-03-12	v2.virtualflybrain.org	VFB_00030867	VFB_00017894	12	4	95.0
2025-03-12	v2.virtualflybrain.org	VFB_00030867	VFB_00101384	0	2	3.0
2025-03-12	v2.virtualflybrain.org	VFB_00030867	VFB_00101567	10	4	61.0
2025-03-12	v2.virtualflybrain.org	VFB_00030875	VFB_00017894	0	1	0.0
2025-03-12	v2.virtualflybrain.org	VFB_00030901	VFB_00017894	0	2	0.0
2025-03-12	v2.virtualflybrain.org	VFB_00030902	VFB_00017894	0	1	0.0
2025-03-12	v2.virtualflybrain.org	VFB_00030902	VFB_00101567	0	1	2.0
2025-03-12	v2.virtualflybrain.org	VFB_00030903	VFB_00017894	0	1	0.0
2025-03-12	v2.virtualflybrain.org	VFB_00030903	VFB_00101567	0	1	7.0
2025-03-12	v2.virtualflybrain.org	VFB_00044977	VFB_00101567	4	1	0.0
2025-03-12	v2.virtualflybrain.org	VFB_00049000	VFB_00049000	0	1	0.0
2025-03-12	v2.virtualflybrain.org	VFB_00050000	VFB_00050000	1	6	0.0
2025-03-12	v2.virtualflybrain.org	VFB_00055119	VFB_00049000	24	1	0.0
2025-03-12	v2.virtualflybrain.org	VFB_00100059	VFB_00050000	1	2	17.0
2025-03-12	v2.virtualflybrain.org	VFB_00100187	VFB_00050000	0	1	28.0
2025-03-12	v2.virtualflybrain.org	VFB_0010022p	VFB_00050000	0	1	17.0
2025-03-12	v2.virtualflybrain.org	VFB_0010022s	VFB_00050000	0	1	13.0
2025-03-12	v2.virtualflybrain.org	VFB_0010022u	VFB_00050000	0	1	21.0
2025-03-12	v2.virtualflybrain.org	VFB_0010023l	VFB_00050000	0	1	39.0
2025-03-12	v2.virtualflybrain.org	VFB_0010024u	VFB_00050000	3	3	27.0
2025-03-12	v2.virtualflybrain.org	VFB_0010024z	VFB_00050000	0	2	42.0
2025-03-12	v2.virtualflybrain.org	VFB_0010027v	VFB_00050000	0	1	22.0
2025-03-12	v2.virtualflybrain.org	VFB_00100425	VFB_00050000	0	1	40.0
2025-03-12	v2.virtualflybrain.org	VFB_00100850	VFB_00050000	9	1	0.0
2025-03-12	v2.virtualflybrain.org	VFB_00100850	VFB_00101567	9	1	0.0
2025-03-12	v2.virtualflybrain.org	VFB_00100z3z	VFB_00101567	1	1	0.0
2025-03-12	v2.virtualflybrain.org	VFB_00101384	VFB_00101384	1	4	52.0
2025-03-12	v2.virtualflybrain.org	VFB_00101389	VFB_00101384	1	2	24.0
2025-03-12	v2.virtualflybrain.org	VFB_001013bo	VFB_00101567	0	1	7.0
2025-03-12	v2.virtualflybrain.org	VFB_001013ht	VFB_00101567	0	2	67.0
2025-03-12	v2.virtualflybrain.org	VFB_001014uq	VFB_00101567	1	4	164.0
2025-03-12	v2.virtualflybrain.org	VFB_001014uq	VFB_00110000	2	3	35.0
2025-03-12	v2.virtualflybrain.org	VFB_00101567	VFB_00101567	77	73	1151.0
2025-03-12	v2.virtualflybrain.org	VFB_00102114	VFB_00101567	0	1	229.0
2025-03-12	v2.virtualflybrain.org	VFB_00102118	VFB_00101567	0	1	3.0
2025-03-12	v2.virtualflybrain.org	VFB_00102134	VFB_00101567	0	1	3.0
2025-03-12	v2.virtualflybrain.org	VFB_00102135	VFB_00101567	0	1	14.0
2025-03-12	v2.virtualflybrain.org	VFB_00102146	VFB_00101567	0	3	34.0
2025-03-12	v2.virtualflybrain.org	VFB_00102148	VFB_00101567	0	1	20.0
2025-03-12	v2.virtualflybrain.org	VFB_00102154	VFB_00101567	0	1	2.0
2025-03-12	v2.virtualflybrain.org	VFB_00102159	VFB_00101567	0	1	16.0
2025-03-12	v2.virtualflybrain.org	VFB_00102162	VFB_00101567	0	1	69.0
2025-03-12	v2.virtualflybrain.org	VFB_00102164	VFB_00101567	0	1	10.0
2025-03-12	v2.virtualflybrain.org	VFB_00102170	VFB_00101567	24	2	7.0
2025-03-12	v2.virtualflybrain.org	VFB_00102174	VFB_00101567	0	1	4.0
2025-03-12	v2.virtualflybrain.org	VFB_00102201	VFB_00101567	0	1	7.0
2025-03-12	v2.virtualflybrain.org	VFB_00102212	VFB_00101567	0	2	31.0
2025-03-12	v2.virtualflybrain.org	VFB_00102213	VFB_00101567	0	1	10.0
2025-03-12	v2.virtualflybrain.org	VFB_00102214	VFB_00101567	0	1	7.0
2025-03-12	v2.virtualflybrain.org	VFB_00102218	VFB_00101567	0	1	18.0
2025-03-12	v2.virtualflybrain.org	VFB_00102274	VFB_00101567	24	1	0.0
2025-03-12	v2.virtualflybrain.org	VFB_00102281	VFB_00101567	0	1	28.0
2025-03-12	v2.virtualflybrain.org	VFB_00102734	VFB_00101567	0	2	0.0
2025-03-12	v2.virtualflybrain.org	VFB_00102ekg	VFB_00050000	0	1	22.0
2025-03-12	v2.virtualflybrain.org	VFB_00102ele	VFB_00050000	0	1	9.0
2025-03-12	v2.virtualflybrain.org	VFB_00102esu	VFB_00050000	0	1	38.0
2025-03-12	v2.virtualflybrain.org	VFB_00200000	VFB_00200000	1	3	77.0
2025-03-12	v2.virtualflybrain.org	VFB_fw001612	VFB_00101567	0	2	48.0
2025-03-12	v2.virtualflybrain.org	VFB_fw002700	VFB_00101567	0	2	30.0
2025-03-12	v2.virtualflybrain.org	VFB_fw003867	VFB_00101567	0	2	54.0
2025-03-12	v2.virtualflybrain.org	VFB_fw004350	VFB_00101567	0	1	30.0
2025-03-12	v2.virtualflybrain.org	VFB_fw005953	VFB_00101567	0	1	52.0
2025-03-12	v2.virtualflybrain.org	VFB_fw015195	VFB_00101567	0	1	80.0
2025-03-12	v2.virtualflybrain.org	VFB_fw031805	VFB_00101567	0	1	60.0
2025-03-12	v2.virtualflybrain.org	VFB_fw032124		1	1	5.0
2025-03-12	v2.virtualflybrain.org	VFB_fw032258	VFB_00101567	0	1	78.0
2025-03-12	v2.virtualflybrain.org	VFB_fw033504	VFB_00101567	1	3	86.0
2025-03-12	v2.virtualflybrain.org	VFB_fw034126		2	1	0.0
2025-03-12	v2.virtualflybrain.org	VFB_fw034126	VFB_00101567	0	1	21.0
2025-03-12	v2.virtualflybrain.org	VFB_fw034545	VFB_00101567	0	1	16.0
2025-03-12	v2.virtualflybrain.org	VFB_fw034989	VFB_00101567	3	1	52.0
2025-03-12	v2.virtualflybrain.org	VFB_fw035873	VFB_00101567	1	3	294.0
2025-03-12	v2.virtualflybrain.org	VFB_fw036029	VFB_00101567	1	2	76.0
2025-03-12	v2.virtualflybrain.org	VFB_fw036272	VFB_00017894	0	2	4.0
2025-03-12	v2.virtualflybrain.org	VFB_fw036520	VFB_00101567	0	1	20.0
2025-03-12	v2.virtualflybrain.org	VFB_fw036522		1	1	0.0
2025-03-12	v2.virtualflybrain.org	VFB_fw036952	VFB_00101567	0	1	26.0
2025-03-12	v2.virtualflybrain.org	VFB_fw039169	VFB_00101567	1	1	98.0
2025-03-12	v2.virtualflybrain.org	VFB_fw043515		1	1	0.0
2025-03-12	v2.virtualflybrain.org	VFB_fw043515	VFB_00101567	0	1	0.0
2025-03-12	v2.virtualflybrain.org	VFB_jrchk08c	VFB_00101567	1	1	0.0
2025-03-12	v2.virtualflybrain.org	VFB_jrchk45v	VFB_00017894	0	2	688.0
2025-03-12	v2.virtualflybrain.org	VFB_jrchk7zt	VFB_00101567	1	1	0.0
2025-03-12	v2.virtualflybrain.org	VFB_jrcv0mii	VFB_00101567	0	1	44.0
2025-03-12	v2.virtualflybrain.org	VFBexp_FBtp0121		1	1	5.0
2025-03-12	v2.virtualflybrain.org	VFBexp_FBtp0121	VFB_00101567	0	1	34.0
2025-03-12	v2.virtualflybrain.org	VFBexp_FBtp0124		1	1	3.0
2025-03-12	v2.virtualflybrain.org	VFBexp_FBtp0124	VFB_00101567	25	2	145.0
2025-03-12	v2.virtualflybrain.org	VFBu_zk3rov4k		4	1	52.0
2025-03-13		FBbt_00001453		1	1	0.0
2025-03-13		FBbt_00001453	VFB_00050000	1	1	0.0
2025-03-13		FBbt_00003004		1	1	0.0
2025-03-13		FBbt_00003004	VFB_00101567	1	1	0.0
2025-03-13		FBbt_00003624		11	3	0.0
2025-03-13		FBbt_00003624	VFB_00101567	12	3	0.0
2025-03-13		FBbt_00003632		3	1	0.0
2025-03-13		FBbt_00003632	VFB_00101567	3	1	0.0
2025-03-13		FBbt_00003668		4	3	0.0
2025-03-13		FBbt_00003668	VFB_00101567	4	3	0.0
2025-03-13		FBbt_00003678		9	1	1.0
2025-03-13		FBbt_00003678	VFB_00101567	9	4	0.0
2025-03-13		FBbt_00003679		7	3	0.0
2025-03-13		FBbt_00003679	VFB_00101567	7	4	0.0
2025-03-13		FBbt_00003680		2	1	0.0
2025-03-13		FBbt_00003680	VFB_00101567	2	1	0.0
2025-03-13		FBbt_00003681		12	6	0.0
2025-03-13		FBbt_00003681	VFB_00101567	12	6	0.0
2025-03-13		FBbt_00003682		1	1	0.0
2025-03-13		FBbt_00003682	VFB_00101567	1	1	0.0
2025-03-13		FBbt_00003684		7	2	0.0
2025-03-13		FBbt_00003684	VFB_00101567	7	2	0.0
2025-03-13		FBbt_00003748		3	2	1.0
2025-03-13		FBbt_00003748	VFB_00101567	3	2	0.0
2025-03-13		FBbt_00003764		4	1	0.0
2025-03-13		FBbt_00003764	VFB_00101567	4	2	0.0
2025-03-13		FBbt_00003852		2	1	0.0
2025-03-13		FBbt_00003852	VFB_00101567	2	1	0.0
2025-03-13		FBbt_00003924		1	1	0.0
2025-03-13		FBbt_00003924	VFB_00101567	1	1	0.0
2025-03-13		FBbt_00004213		1	1	0.0
2025-03-13		FBbt_00004213	VFB_00101567	1	1	0.0
2025-03-13		FBbt_00005137		2	1	8.0
2025-03-13		FBbt_00005137	VFB_00101567	2	1	0.0
2025-03-13		FBbt_00006007		2	1	13.0
2025-03-13		FBbt_00006007	VFB_00101567	2	1	0.0
2025-03-13		FBbt_00007050		5	2	0.0
2025-03-13		FBbt_00007050	VFB_00101567	5	2	0.0
2025-03-13		FBbt_00007054		2	1	0.0
2025-03-13		FBbt_00007054	VFB_00101567	3	2	0.0
2025-03-13		FBbt_00007055		9	2	0.0
2025-03-13		FBbt_00007055	VFB_00101567	9	3	0.0
2025-03-13		FBbt_00007059		4	2	0.0
2025-03-13		FBbt_00007059	VFB_00101567	4	2	0.0
2025-03-13		FBbt_00007145		2	1	0.0
2025-03-13		FBbt_00007145	VFB_00101567	2	1	0.0
2025-03-13		FBbt_00007146		2	1	0.0
2025-03-13		FBbt_00007146	VFB_00101567	2	1	0.0
2025-03-13		FBbt_00007147		2	1	0.0
2025-03-13		FBbt_00007147	VFB_00101567	2	1	0.0
2025-03-13		FBbt_00007385		3	3	0.0
2025-03-13		FBbt_00007385	VFB_00101567	4	3	0.0
2025-03-13		FBbt_00007401		4	2	0.0
2025-03-13		FBbt_00007401	VFB_00101567	4	2	0.0
2025-03-13		FBbt_00007428		4	1	0.0
2025-03-13		FBbt_00007428	VFB_00101567	4	2	0.0
2025-03-13		FBbt_00007433		3	1	0.0
2025-03-13		FBbt_00007433	VFB_00101567	3	2	0.0
2025-03-13		FBbt_00007453		2	1	0.0
2025-03-13		FBbt_00007453	VFB_00101567	2	1	0.0
2025-03-13		FBbt_00007544		1	1	2.0
2025-03-13		FBbt_00007544	VFB_00101567	1	1	0.0
2025-03-13		FBbt_00013688		4	1	0.0
2025-03-13		FBbt_00013688	VFB_00101567	4	1	0.0
2025-03-13		FBbt_00013694		2	1	0.0
2025-03-13		FBbt_00013694	VFB_00101567	2	2	0.0
2025-03-13		FBbt_00013695		7	1	0.0
2025-03-13		FBbt_00013695	VFB_00101567	7	2	0.0
2025-03-13		FBbt_00014013		1	1	0.0
2025-03-13		FBbt_00014013	VFB_00101567	1	1	0.0
2025-03-13		FBbt_00040002		4	1	0.0
2025-03-13		FBbt_00040002	VFB_00101567	4	1	0.0
2025-03-13		FBbt_00040041		1	1	0.0
2025-03-13		FBbt_00040041	VFB_00101567	1	1	0.0
2025-03-13		FBbt_00040042		4	2	15.0
2025-03-13		FBbt_00040042	VFB_00101567	4	3	0.0
2025-03-13		FBbt_00040043		5	3	0.0
2025-03-13		FBbt_00040043	VFB_00101567	5	3	0.0
2025-03-13		FBbt_00040044		8	3	0.0
2025-03-13		FBbt_00040044	VFB_00101567	8	3	0.0
2025-03-13		FBbt_00040050		1	1	0.0
2025-03-13		FBbt_00040050	VFB_00101567	1	1	0.0
2025-03-13		FBbt_00040051		4	2	0.0
2025-03-13		FBbt_00040051	VFB_00101567	4	2	0.0
2025-03-13		FBbt_00040071		2	1	0.0
2025-03-13		FBbt_00040071	VFB_00101567	2	1	0.0
2025-03-13		FBbt_00040072		2	1	0.0
2025-03-13		FBbt_00040072	VFB_00101567	2	1	0.0
2025-03-13		FBbt_00045020		4	2	0.0
2025-03-13		FBbt_00045020	VFB_00101567	4	2	0.0
2025-03-13		FBbt_00045027		1	1	0.0
2025-03-13		FBbt_00045027	VFB_00101567	1	1	0.0
2025-03-13		FBbt_00045030		1	1	0.0
2025-03-13		FBbt_00045030	VFB_00101567	1	1	0.0
2025-03-13		FBbt_00045037		3	2	2.0
2025-03-13		FBbt_00045037	VFB_00101567	3	2	0.0
2025-03-13		FBbt_00045039		3	1	0.0
2025-03-13		FBbt_00045039	VFB_00101567	3	1	0.0
2025-03-13		FBbt_00045048		11	6	1.0
2025-03-13		FBbt_00045048	VFB_00017894	2	1	0.0
2025-03-13		FBbt_00045048	VFB_00101567	9	5	0.0
2025-03-13		FBbt_00045050		5	3	0.0
2025-03-13		FBbt_00045050	VFB_00101567	5	4	0.0
2025-03-13		FBbt_00045051		3	2	0.0
2025-03-13		FBbt_00045051	VFB_00101567	3	2	0.0
2025-03-13		FBbt_00047887		4	2	0.0
2025-03-13		FBbt_00047887	VFB_00101567	4	2	0.0
2025-03-13		FBbt_00047927		1	1	0.0
2025-03-13		FBbt_00047927	VFB_00101567	1	1	0.0
2025-03-13		FBbt_00047966		1	1	0.0
2025-03-13		FBbt_00047966	VFB_00050000	1	1	0.0
2025-03-13		FBbt_00048509		1	1	0.0
2025-03-13		FBbt_00048509	VFB_00101567	1	1	0.0
2025-03-13		FBbt_00050185		2	1	1.0
2025-03-13		FBbt_00050185	VFB_00101567	2	2	0.0
2025-03-13		FBbt_00051393		1	1	0.0
2025-03-13		FBbt_00051393	VFB_00101567	1	1	0.0
2025-03-13		FBbt_00067123		16	1	0.0
2025-03-13		FBbt_00067123	VFB_00017894	16	1	0.0
2025-03-13		FBbt_00100222		1	1	0.0
2025-03-13		FBbt_00100222	VFB_00050000	1	1	0.0
2025-03-13		FBbt_00100707		1	1	0.0
2025-03-13		FBbt_00100707	VFB_00101567	1	1	0.0
2025-03-13		FBbt_00110337		1	1	0.0
2025-03-13		FBbt_00110337	VFB_00101567	1	1	0.0
2025-03-13		FBbt_00110636		2	2	0.0
2025-03-13		FBbt_00110636	VFB_00101567	2	2	0.0
2025-03-13		FBbt_00110638		2	1	0.0
2025-03-13		FBbt_00110638	VFB_00101567	2	1	0.0
2025-03-13		FBbt_00110639		2	1	0.0
2025-03-13		FBbt_00110639	VFB_00101567	3	1	0.0
2025-03-13		FBbt_00110658		3	1	0.0
2025-03-13		FBbt_00110658	VFB_00101567	3	3	0.0
2025-03-13		FBbt_00111337		3	1	0.0
2025-03-13		FBbt_00111337	VFB_00101567	3	1	0.0
2025-03-13		FBbt_00111631		1	1	8.0
2025-03-13		FBbt_00111631	VFB_00101567	1	1	0.0
2025-03-13		FBbt_00111632		1	1	0.0
2025-03-13		FBbt_00111632	VFB_00050000	1	1	0.0
2025-03-13		FBbt_20011355		1	1	0.0
2025-03-13		FBbt_20011355	VFB_00101567	1	1	0.0
2025-03-13		VFB_00012321		3	1	1.0
2025-03-13		VFB_00012321	VFB_00101567	3	2	0.0
2025-03-13		VFB_00020197		6	1	13.0
2025-03-13		VFB_00020197	VFB_00101567	6	1	0.0
2025-03-13		VFB_00021078		2	1	1.0
2025-03-13		VFB_00021078	VFB_00101567	2	1	0.0
2025-03-13		VFB_00030814		2	1	14.0
2025-03-13		VFB_00030814	VFB_00101567	2	1	0.0
2025-03-13		VFB_00030838		16	2	183.0
2025-03-13		VFB_00030838	VFB_00017894	16	3	0.0
2025-03-13		VFB_00030852		24	1	0.0
2025-03-13		VFB_00030852	VFB_00030786	24	1	0.0
2025-03-13		VFB_00030867		50	2	0.0
2025-03-13		VFB_00030867	VFB_00017894	24	1	0.0
2025-03-13		VFB_00030867	VFB_00101567	26	2	0.0
2025-03-13		VFB_00030901		8	1	13.0
2025-03-13		VFB_00030901	VFB_00017894	8	2	0.0
2025-03-13		VFB_00044977		6	2	14.0
2025-03-13		VFB_00044977	VFB_00101567	6	3	0.0
2025-03-13		VFB_00050000	VFB_00050000	2	2	0.0
2025-03-13		VFB_00050465		5	1	3.0
2025-03-13		VFB_00050465	VFB_00049000	2	1	0.0
2025-03-13		VFB_00050465	VFB_00101567	3	1	0.0
2025-03-13		VFB_00055119		12	1	0.0
2025-03-13		VFB_00055119	VFB_00049000	12	1	0.0
2025-03-13		VFB_0010024u		9	1	0.0
2025-03-13		VFB_0010024u	VFB_00050000	9	1	0.0
2025-03-13		VFB_00100425		11	1	15.0
2025-03-13		VFB_00100425	VFB_00050000	2	1	0.0
2025-03-13		VFB_00100425	VFB_00101567	9	1	0.0
2025-03-13		VFB_00100628		2	2	0.0
2025-03-13		VFB_00100628	VFB_00050000	2	2	0.0
2025-03-13		VFB_00100715		3	2	3.0
2025-03-13		VFB_00100715	VFB_00050000	3	2	0.0
2025-03-13		VFB_00101567		196	47	186.0
2025-03-13		VFB_00101567	VFB_00101567	234	54	0.0
2025-03-13		VFB_00102107		1	1	1.0
2025-03-13		VFB_00102107	VFB_00101567	1	1	0.0
2025-03-13		VFB_00102114		4	2	0.0
2025-03-13		VFB_00102114	VFB_00101567	4	3	0.0
2025-03-13		VFB_00102118		5	1	0.0
2025-03-13		VFB_00102118	VFB_00101567	4	2	0.0
2025-03-13		VFB_00102123		10	1	27.0
2025-03-13		VFB_00102123	VFB_00101567	10	3	0.0
2025-03-13		VFB_00102124		1	1	3.0
2025-03-13		VFB_00102124	VFB_00101567	1	1	0.0
2025-03-13		VFB_00102133		1	1	2.0
2025-03-13		VFB_00102133	VFB_00101567	1	1	0.0
2025-03-13		VFB_00102134		5	2	2.0
2025-03-13		VFB_00102134	VFB_00101567	5	3	0.0
2025-03-13		VFB_00102135		3	1	95.0
2025-03-13		VFB_00102135	VFB_00101567	2	2	0.0
2025-03-13		VFB_00102137		18	1	5.0
2025-03-13		VFB_00102137	VFB_00101567	18	3	0.0
2025-03-13		VFB_00102139		2	1	10.0
2025-03-13		VFB_00102139	VFB_00101567	3	2	0.0
2025-03-13		VFB_00102140		3	2	7.0
2025-03-13		VFB_00102140	VFB_00101567	3	2	0.0
2025-03-13		VFB_00102146		3	2	2.0
2025-03-13		VFB_00102146	VFB_00101567	3	2	0.0
2025-03-13		VFB_00102148		5	2	2.0
2025-03-13		VFB_00102148	VFB_00101567	5	3	0.0
2025-03-13		VFB_00102162		3	1	15.0
2025-03-13		VFB_00102162	VFB_00101567	2	2	0.0
2025-03-13		VFB_00102170		33	4	52.0
2025-03-13		VFB_00102170	VFB_00101567	33	6	0.0
2025-03-13		VFB_00102171		5	3	2.0
2025-03-13		VFB_00102171	VFB_00101567	5	4	0.0
2025-03-13		VFB_00102174		1	1	3.0
2025-03-13		VFB_00102174	VFB_00101567	1	1	0.0
2025-03-13		VFB_00102185		4	2	0.0
2025-03-13		VFB_00102185	VFB_00101567	4	3	0.0
2025-03-13		VFB_00102190		4	2	0.0
2025-03-13		VFB_00102190	VFB_00101567	4	3	0.0
2025-03-13		VFB_00102201		3	2	5.0
2025-03-13		VFB_00102201	VFB_00101567	3	2	0.0
2025-03-13		VFB_00102271		1	1	1.0
2025-03-13		VFB_00102271	VFB_00101567	1	1	0.0
2025-03-13		VFB_00102274		19	3	10.0
2025-03-13		VFB_00102274	VFB_00101567	10	4	0.0
2025-03-13		VFB_00102275		2	1	1.0
2025-03-13		VFB_00102275	VFB_00101567	2	1	0.0
2025-03-13		VFB_00102276		1	1	2.0
2025-03-13		VFB_00102276	VFB_00101567	1	1	0.0
2025-03-13		VFB_00102280		1	1	3.0
2025-03-13		VFB_00102280	VFB_00101567	1	1	0.0
2025-03-13		VFB_00102282		1	1	0.0
2025-03-13		VFB_00102282	VFB_00101567	1	1	0.0
2025-03-13		VFB_001029ad		3	1	2.0
2025-03-13		VFB_001029ad	VFB_00101567	3	1	0.0
2025-03-13		VFB_00103m9i		2	1	1.0
2025-03-13		VFB_00103m9i	VFB_00101567	2	1	0.0
2025-03-13		VFB_001045qv		5	1	5.0
2025-03-13		VFB_001045qv	VFB_00101567	5	1	0.0
2025-03-13		VFB_fw033869		2	1	3.0
2025-03-13		VFB_fw033869	VFB_00101567	2	1	0.0
2025-03-13		VFB_fw034989		9	1	0.0
2025-03-13		VFB_fw034989	VFB_00101567	9	1	0.0
2025-03-13		VFB_fw036236		2	1	11.0
2025-03-13		VFB_fw036236	VFB_00101567	2	1	0.0
2025-03-13		VFB_fw036522		4	1	0.0
2025-03-13		VFB_fw036522	VFB_00101567	4	1	0.0
2025-03-13		VFB_fw036641		3	1	12.0
2025-03-13		VFB_fw036641	VFB_00101567	3	1	0.0
2025-03-13		VFB_fw036952		5	1	0.0
2025-03-13		VFB_fw036952	VFB_00101567	5	1	0.0
2025-03-13		VFB_jrchjtep		1	1	1.0
2025-03-13		VFB_jrchjtep	VFB_00101384	1	1	0.0
2025-03-13		VFB_jrchk83y		2	1	0.0
2025-03-13		VFB_jrchk83y	VFB_00101567	2	1	0.0
2025-03-13		VFB_jrcv0o11		9	1	9.0
2025-03-13		VFB_jrcv0o11	VFB_00101567	8	2	0.0
2025-03-13		VFB_jrcv0o11	VFB_00200000	1	1	0.0
2025-03-13		VFBexp_FBti0187		1	1	0.0
2025-03-13		VFBexp_FBti0187	VFB_00101567	1	1	0.0
2025-03-13		VFBexp_FBtp0053		4	1	0.0
2025-03-13		VFBexp_FBtp0053	VFB_00101567	4	2	0.0
2025-03-13		VFBexp_FBtp0058		11	1	0.0
2025-03-13		VFBexp_FBtp0058	VFB_00101567	11	1	0.0
2025-03-13		VFBexp_FBtp0099		4	2	56.0
2025-03-13		VFBexp_FBtp0099	VFB_00101567	4	2	0.0
2025-03-13		VFBexp_FBtp0103		1	1	0.0
2025-03-13		VFBexp_FBtp0103	VFB_00101567	1	1	0.0
2025-03-13		VFBexp_FBtp0121		1	1	0.0
2025-03-13		VFBexp_FBtp0121	VFB_00101567	1	1	0.0
2025-03-13		VFBexp_FBtp0122		1	1	0.0
2025-03-13		VFBexp_FBtp0122	VFB_00101567	1	1	0.0
2025-03-13		VFBexp_FBtp0124		24	1	0.0
2025-03-13		VFBexp_FBtp0124	VFB_00101567	24	1	0.0
2025-03-13	v2.virtualflybrain.org	FBbt_00001453	VFB_00050000	1	1	0.0
2025-03-13	v2.virtualflybrain.org	FBbt_00003004	VFB_00101567	0	1	6.0
2025-03-13	v2.virtualflybrain.org	FBbt_00003624	VFB_00101567	0	4	240.0
2025-03-13	v2.virtualflybrain.org	FBbt_00003632	VFB_00101567	0	2	3.0
2025-03-13	v2.virtualflybrain.org	FBbt_00003668	VFB_00101567	0	3	15.0
2025-03-13	v2.virtualflybrain.org	FBbt_00003678	VFB_00101567	1	6	107.0
2025-03-13	v2.virtualflybrain.org	FBbt_00003679	VFB_00101567	0	5	47.0
2025-03-13	v2.virtualflybrain.org	FBbt_00003680	VFB_00101567	0	1	3.0
2025-03-13	v2.virtualflybrain.org	FBbt_00003681	VFB_00101567	1	6	115.0
2025-03-13	v2.virtualflybrain.org	FBbt_00003682	VFB_00101567	0	1	18.0
2025-03-13	v2.virtualflybrain.org	FBbt_00003684	VFB_00101567	0	3	43.0
2025-03-13	v2.virtualflybrain.org	FBbt_00003748	VFB_00101567	0	1	5.0
2025-03-13	v2.virtualflybrain.org	FBbt_00003764	VFB_00101567	0	2	199.0
2025-03-13	v2.virtualflybrain.org	FBbt_00003852	VFB_00101567	0	1	2.0
2025-03-13	v2.virtualflybrain.org	FBbt_00003924	VFB_00101567	0	1	17.0
2025-03-13	v2.virtualflybrain.org	FBbt_00004213	VFB_00101567	0	1	28.0
2025-03-13	v2.virtualflybrain.org	FBbt_00005137	VFB_00101567	0	1	0.0
2025-03-13	v2.virtualflybrain.org	FBbt_00006007	VFB_00101567	0	1	0.0
2025-03-13	v2.virtualflybrain.org	FBbt_00007050	VFB_00101567	0	2	122.0
2025-03-13	v2.virtualflybrain.org	FBbt_00007054	VFB_00101567	0	1	1.0
2025-03-13	v2.virtualflybrain.org	FBbt_00007055	VFB_00101567	0	2	66.0
2025-03-13	v2.virtualflybrain.org	FBbt_00007059	VFB_00101567	0	3	2.0
2025-03-13	v2.virtualflybrain.org	FBbt_00007145	VFB_00101567	0	1	4.0
2025-03-13	v2.virtualflybrain.org	FBbt_00007146	VFB_00101567	0	1	6.0
2025-03-13	v2.virtualflybrain.org	FBbt_00007147	VFB_00101567	0	1	10.0
2025-03-13	v2.virtualflybrain.org	FBbt_00007385	VFB_00101567	0	3	36.0
2025-03-13	v2.virtualflybrain.org	FBbt_00007401	VFB_00101567	0	2	16.0
2025-03-13	v2.virtualflybrain.org	FBbt_00007428	VFB_00101567	0	2	150.0
2025-03-13	v2.virtualflybrain.org	FBbt_00007433	VFB_00101567	0	3	58.0
2025-03-13	v2.virtualflybrain.org	FBbt_00007453	VFB_00101567	0	1	9.0
2025-03-13	v2.virtualflybrain.org	FBbt_00007544	VFB_00101567	0	1	0.0
2025-03-13	v2.virtualflybrain.org	FBbt_00013688	VFB_00101567	0	1	10.0
2025-03-13	v2.virtualflybrain.org	FBbt_00013694	VFB_00101567	0	1	12.0
2025-03-13	v2.virtualflybrain.org	FBbt_00013695	VFB_00101567	0	2	105.0
2025-03-13	v2.virtualflybrain.org	FBbt_00040002	VFB_00101567	0	2	43.0
2025-03-13	v2.virtualflybrain.org	FBbt_00040007	VFB_00101567	1	1	47.0
2025-03-13	v2.virtualflybrain.org	FBbt_00040041	VFB_00101567	1	1	0.0
2025-03-13	v2.virtualflybrain.org	FBbt_00040042	VFB_00101567	0	2	55.0
2025-03-13	v2.virtualflybrain.org	FBbt_00040043	VFB_00101567	0	3	188.0
2025-03-13	v2.virtualflybrain.org	FBbt_00040044	VFB_00101567	0	5	308.0
2025-03-13	v2.virtualflybrain.org	FBbt_00040047	VFB_00017894	0	1	10.0
2025-03-13	v2.virtualflybrain.org	FBbt_00040050	VFB_00017894	0	1	355.0
2025-03-13	v2.virtualflybrain.org	FBbt_00040050	VFB_00101567	0	1	12.0
2025-03-13	v2.virtualflybrain.org	FBbt_00040051	VFB_00101567	0	1	5.0
2025-03-13	v2.virtualflybrain.org	FBbt_00040071	VFB_00101567	0	1	4.0
2025-03-13	v2.virtualflybrain.org	FBbt_00040072	VFB_00101567	0	1	24.0
2025-03-13	v2.virtualflybrain.org	FBbt_00045020	VFB_00101567	0	2	122.0
2025-03-13	v2.virtualflybrain.org	FBbt_00045027	VFB_00101567	0	1	11.0
2025-03-13	v2.virtualflybrain.org	FBbt_00045030	VFB_00101567	0	1	68.0
2025-03-13	v2.virtualflybrain.org	FBbt_00045037	VFB_00017894	0	1	7.0
2025-03-13	v2.virtualflybrain.org	FBbt_00045037	VFB_00101567	0	2	25.0
2025-03-13	v2.virtualflybrain.org	FBbt_00045039	VFB_00101567	0	2	32.0
2025-03-13	v2.virtualflybrain.org	FBbt_00045048	VFB_00017894	2	1	0.0
2025-03-13	v2.virtualflybrain.org	FBbt_00045048	VFB_00101567	0	6	135.0
2025-03-13	v2.virtualflybrain.org	FBbt_00045050	VFB_00101567	0	4	21.0
2025-03-13	v2.virtualflybrain.org	FBbt_00045051	VFB_00101567	0	2	17.0
2025-03-13	v2.virtualflybrain.org	FBbt_00047086		1	1	6.0
2025-03-13	v2.virtualflybrain.org	FBbt_00047887	VFB_00101567	1	2	12.0
2025-03-13	v2.virtualflybrain.org	FBbt_00047927	VFB_00101567	0	1	31.0
2025-03-13	v2.virtualflybrain.org	FBbt_00047966	VFB_00050000	0	2	37.0
2025-03-13	v2.virtualflybrain.org	FBbt_00050185	VFB_00101567	2	3	59.0
2025-03-13	v2.virtualflybrain.org	FBbt_00051393	VFB_00101567	0	1	16.0
2025-03-13	v2.virtualflybrain.org	FBbt_00067123	VFB_00017894	16	1	0.0
2025-03-13	v2.virtualflybrain.org	FBbt_00100222	VFB_00050000	1	1	0.0
2025-03-13	v2.virtualflybrain.org	FBbt_00100707	VFB_00101567	0	1	49.0
2025-03-13	v2.virtualflybrain.org	FBbt_00110337	VFB_00101567	0	1	90.0
2025-03-13	v2.virtualflybrain.org	FBbt_00110636	VFB_00101567	0	2	8.0
2025-03-13	v2.virtualflybrain.org	FBbt_00110638	VFB_00101567	0	1	6.0
2025-03-13	v2.virtualflybrain.org	FBbt_00110639	VFB_00101567	0	1	26.0
2025-03-13	v2.virtualflybrain.org	FBbt_00110658	VFB_00101567	0	2	279.0
2025-03-13	v2.virtualflybrain.org	FBbt_00111337	VFB_00101567	3	1	0.0
2025-03-13	v2.virtualflybrain.org	FBbt_00111631	VFB_00101567	0	1	40.0
2025-03-13	v2.virtualflybrain.org	FBbt_00111632	VFB_00050000	0	1	20.0
2025-03-13	v2.virtualflybrain.org	FBbt_20011355	VFB_00101567	0	1	34.0
2025-03-13	v2.virtualflybrain.org	VFB_00012321	VFB_00101567	0	2	28.0
2025-03-13	v2.virtualflybrain.org	VFB_00017894	VFB_00017894	0	5	0.0
2025-03-13	v2.virtualflybrain.org	VFB_00020197	VFB_00101567	0	1	118.0
2025-03-13	v2.virtualflybrain.org	VFB_00021078	VFB_00101567	0	1	211.0
2025-03-13	v2.virtualflybrain.org	VFB_00030786	VFB_00030786	0	1	0.0
2025-03-13	v2.virtualflybrain.org	VFB_00030814	VFB_00101567	0	1	2.0
2025-03-13	v2.virtualflybrain.org	VFB_00030838	VFB_00017894	1	1	0.0
2025-03-13	v2.virtualflybrain.org	VFB_00030852	VFB_00030786	24	1	0.0
2025-03-13	v2.virtualflybrain.org	VFB_00030867	VFB_00017894	24	1	0.0
2025-03-13	v2.virtualflybrain.org	VFB_00030867	VFB_00101567	27	2	0.0
2025-03-13	v2.virtualflybrain.org	VFB_00030876	VFB_00017894	0	1	8.0
2025-03-13	v2.virtualflybrain.org	VFB_00030901	VFB_00017894	1	2	43.0
2025-03-13	v2.virtualflybrain.org	VFB_00044977	VFB_00101567	2	3	0.0
2025-03-13	v2.virtualflybrain.org	VFB_00049000	VFB_00049000	0	1	0.0
2025-03-13	v2.virtualflybrain.org	VFB_00050000	VFB_00050000	1	9	27.0
2025-03-13	v2.virtualflybrain.org	VFB_00050465	VFB_00049000	2	3	5.0
2025-03-13	v2.virtualflybrain.org	VFB_00050465	VFB_00101567	0	2	20.0
2025-03-13	v2.virtualflybrain.org	VFB_00055119	VFB_00049000	12	1	0.0
2025-03-13	v2.virtualflybrain.org	VFB_0010024u	VFB_00050000	9	1	0.0
2025-03-13	v2.virtualflybrain.org	VFB_00100425	VFB_00050000	2	3	9.0
2025-03-13	v2.virtualflybrain.org	VFB_00100425	VFB_00101567	0	2	7.0
2025-03-13	v2.virtualflybrain.org	VFB_00100628	VFB_00050000	0	3	74.0
2025-03-13	v2.virtualflybrain.org	VFB_00100715	VFB_00050000	4	2	8.0
2025-03-13	v2.virtualflybrain.org	VFB_00101384	VFB_00101384	0	1	0.0
2025-03-13	v2.virtualflybrain.org	VFB_00101567	VFB_00101567	80	71	640.0
2025-03-13	v2.virtualflybrain.org	VFB_00102107	VFB_00101567	0	1	43.0
2025-03-13	v2.virtualflybrain.org	VFB_00102114	VFB_00101567	0	1	9.0
2025-03-13	v2.virtualflybrain.org	VFB_00102118	VFB_00101567	0	2	71.0
2025-03-13	v2.virtualflybrain.org	VFB_00102123	VFB_00101567	0	3	11.0
2025-03-13	v2.virtualflybrain.org	VFB_00102124	VFB_00101567	0	1	29.0
2025-03-13	v2.virtualflybrain.org	VFB_00102133	VFB_00101567	0	1	26.0
2025-03-13	v2.virtualflybrain.org	VFB_00102134	VFB_00101567	0	3	60.0
2025-03-13	v2.virtualflybrain.org	VFB_00102135	VFB_00101567	0	1	1.0
2025-03-13	v2.virtualflybrain.org	VFB_00102137	VFB_00101567	1	2	68.0
2025-03-13	v2.virtualflybrain.org	VFB_00102139	VFB_00101567	0	1	4.0
2025-03-13	v2.virtualflybrain.org	VFB_00102140	VFB_00101567	0	2	9.0
2025-03-13	v2.virtualflybrain.org	VFB_00102146	VFB_00101567	0	2	22.0
2025-03-13	v2.virtualflybrain.org	VFB_00102148	VFB_00101567	0	3	13.0
2025-03-13	v2.virtualflybrain.org	VFB_00102162	VFB_00101567	0	2	81.0
2025-03-13	v2.virtualflybrain.org	VFB_00102170	VFB_00101567	24	5	73.0
2025-03-13	v2.virtualflybrain.org	VFB_00102171	VFB_00101567	0	2	14.0
2025-03-13	v2.virtualflybrain.org	VFB_00102174	VFB_00101567	0	1	5.0
2025-03-13	v2.virtualflybrain.org	VFB_00102185	VFB_00101567	0	1	1.0
2025-03-13	v2.virtualflybrain.org	VFB_00102190	VFB_00101567	0	1	2.0
2025-03-13	v2.virtualflybrain.org	VFB_00102201	VFB_00101567	0	2	21.0
2025-03-13	v2.virtualflybrain.org	VFB_00102271	VFB_00101567	0	1	2.0
2025-03-13	v2.virtualflybrain.org	VFB_00102274	VFB_00101567	7	4	0.0
2025-03-13	v2.virtualflybrain.org	VFB_00102275	VFB_00101567	0	1	110.0
2025-03-13	v2.virtualflybrain.org	VFB_00102276	VFB_00101567	0	1	8.0
2025-03-13	v2.virtualflybrain.org	VFB_00102280	VFB_00101567	0	1	2.0
2025-03-13	v2.virtualflybrain.org	VFB_00102282	VFB_00101567	0	1	11.0
2025-03-13	v2.virtualflybrain.org	VFB_001029ad	VFB_00101567	3	1	0.0
2025-03-13	v2.virtualflybrain.org	VFB_00103m9i	VFB_00101567	0	1	12.0
2025-03-13	v2.virtualflybrain.org	VFB_001045qv	VFB_00101567	0	1	45.0
2025-03-13	v2.virtualflybrain.org	VFB_fw033869		1	1	2.0
2025-03-13	v2.virtualflybrain.org	VFB_fw033869	VFB_00101567	0	1	76.0
2025-03-13	v2.virtualflybrain.org	VFB_fw034989	VFB_00101567	9	1	0.0
2025-03-13	v2.virtualflybrain.org	VFB_fw036236	VFB_00101567	0	1	141.0
2025-03-13	v2.virtualflybrain.org	VFB_fw036522	VFB_00101567	3	2	0.0
2025-03-13	v2.virtualflybrain.org	VFB_fw036641	VFB_00101567	0	1	202.0
2025-03-13	v2.virtualflybrain.org	VFB_fw036952	VFB_00101567	4	2	236.0
2025-03-13	v2.virtualflybrain.org	VFB_fw036972	VFB_00101567	1	1	0.0
2025-03-13	v2.virtualflybrain.org	VFB_jrchjtep	VFB_00101384	0	1	94.0
2025-03-13	v2.virtualflybrain.org	VFB_jrchjtep	VFB_jrchjtep	1	2	0.0
2025-03-13	v2.virtualflybrain.org	VFB_jrchk83y		1	1	0.0
2025-03-13	v2.virtualflybrain.org	VFB_jrchk83y	VFB_00101567	0	1	0.0
2025-03-13	v2.virtualflybrain.org	VFB_jrcv0o11	VFB_00101567	4	3	17.0
2025-03-13	v2.virtualflybrain.org	VFB_jrcv0o11	VFB_00200000	1	3	64.0
2025-03-13	v2.virtualflybrain.org	VFBexp_FBti0187	VFB_00101567	0	1	0.0
2025-03-13	v2.virtualflybrain.org	VFBexp_FBtp0053	VFB_00101567	1	3	298.0
2025-03-13	v2.virtualflybrain.org	VFBexp_FBtp0058		2	1	0.0
2025-03-13	v2.virtualflybrain.org	VFBexp_FBtp0058	VFB_00101567	7	2	72.0
2025-03-13	v2.virtualflybrain.org	VFBexp_FBtp0099	VFB_00101567	0	2	0.0
2025-03-13	v2.virtualflybrain.org	VFBexp_FBtp0103		1	1	0.0
2025-03-13	v2.virtualflybrain.org	VFBexp_FBtp0103	VFB_00101567	0	1	53.0
2025-03-13	v2.virtualflybrain.org	VFBexp_FBtp0121		1	1	0.0
2025-03-13	v2.virtualflybrain.org	VFBexp_FBtp0122	VFB_00101567	1	1	0.0
2025-03-13	v2.virtualflybrain.org	VFBexp_FBtp0124	VFB_00101567	24	1	0.0
2025-03-14		FBbt_00003624		3	1	1.0
2025-03-14		FBbt_00003624	VFB_00101567	2	1	0.0
2025-03-14		FBbt_00003679		1	1	0.0
2025-03-14		FBbt_00003679	VFB_00101567	1	1	0.0
2025-03-14		FBbt_00003681		4	2	0.0
2025-03-14		FBbt_00003681	VFB_00101567	10	2	0.0
2025-03-14		FBbt_00003748		1	1	0.0
2025-03-14		FBbt_00003748	VFB_00101567	1	1	0.0
2025-03-14		FBbt_00004055		9	1	0.0
2025-03-14		FBbt_00004055	VFB_00101567	9	1	0.0
2025-03-14		FBbt_00005095		2	1	1.0
2025-03-14		FBbt_00005095	VFB_00101567	2	1	0.0
2025-03-14		FBbt_00007010		2	1	1.0
2025-03-14		FBbt_00007010	VFB_00101567	2	1	0.0
2025-03-14		FBbt_00007054		2	2	0.0
2025-03-14		FBbt_00007054	VFB_00101567	2	2	0.0
2025-03-14		FBbt_00007055		3	2	0.0
2025-03-14		FBbt_00007055	VFB_00101567	3	2	0.0
2025-03-14		FBbt_00007392		1	1	0.0
2025-03-14		FBbt_00007392	VFB_00101567	1	1	0.0
2025-03-14		FBbt_00007395		1	1	0.0
2025-03-14		FBbt_00007395	VFB_00101567	1	1	0.0
2025-03-14		FBbt_00007401		2	1	2.0
2025-03-14		FBbt_00007401	VFB_00017894	2	1	0.0
2025-03-14		FBbt_00007428		1	1	0.0
2025-03-14		FBbt_00007428	VFB_00101567	1	1	0.0
2025-03-14		FBbt_00007453		1	1	0.0
2025-03-14		FBbt_00007453	VFB_00101567	1	1	0.0
2025-03-14		FBbt_00007456		1	1	0.0
2025-03-14		FBbt_00007456	VFB_00101567	1	1	0.0
2025-03-14		FBbt_00007544		4	1	0.0
2025-03-14		FBbt_00007544	VFB_00101567	4	1	0.0
2025-03-14		FBbt_00007677		1	1	0.0
2025-03-14		FBbt_00007677	VFB_00017894	1	1	0.0
2025-03-14		FBbt_00014013		3	3	1.0
2025-03-14		FBbt_00014013	VFB_00017894	1	1	0.0
2025-03-14		FBbt_00014013	VFB_00101567	2	2	0.0
2025-03-14		FBbt_00040001		2	1	0.0
2025-03-14		FBbt_00040001	VFB_00101567	3	1	0.0
2025-03-14		FBbt_00040039		1	1	0.0
2025-03-14		FBbt_00040039	VFB_00101567	1	1	0.0
2025-03-14		FBbt_00040040		1	1	0.0
2025-03-14		FBbt_00040040	VFB_00101567	1	1	0.0
2025-03-14		FBbt_00040041		4	3	1.0
2025-03-14		FBbt_00040041	VFB_00101567	4	3	0.0
2025-03-14		FBbt_00040042		4	3	0.0
2025-03-14		FBbt_00040042	VFB_00101567	4	4	0.0
2025-03-14		FBbt_00040043		3	3	1.0
2025-03-14		FBbt_00040043	VFB_00017894	1	1	0.0
2025-03-14		FBbt_00040043	VFB_00101567	2	2	0.0
2025-03-14		FBbt_00040044		1	1	0.0
2025-03-14		FBbt_00040044	VFB_00101567	1	1	0.0
2025-03-14		FBbt_00040047		1	1	0.0
2025-03-14		FBbt_00040047	VFB_00101567	1	1	0.0
2025-03-14		FBbt_00040048		1	1	0.0
2025-03-14		FBbt_00040048	VFB_00101567	1	1	0.0
2025-03-14		FBbt_00040049		1	1	0.0
2025-03-14		FBbt_00040049	VFB_00101567	1	1	0.0
2025-03-14		FBbt_00040050		1	1	0.0
2025-03-14		FBbt_00040050	VFB_00101567	1	1	0.0
2025-03-14		FBbt_00045027		4	2	0.0
2025-03-14		FBbt_00045027	VFB_00017894	2	1	0.0
2025-03-14		FBbt_00045027	VFB_00101567	2	2	0.0
2025-03-14		FBbt_00045032		1	1	0.0
2025-03-14		FBbt_00045032	VFB_00101567	1	1	0.0
2025-03-14		FBbt_00045040		1	1	0.0
2025-03-14		FBbt_00045040	VFB_00101567	1	1	0.0
2025-03-14		FBbt_00045046		1	1	0.0
2025-03-14		FBbt_00045046	VFB_00101567	1	1	0.0
2025-03-14		FBbt_00045047		1	1	0.0
2025-03-14		FBbt_00045047	VFB_00101567	1	1	0.0
2025-03-14		FBbt_00045048		10	2	0.0
2025-03-14		FBbt_00045048	VFB_00017894	9	1	0.0
2025-03-14		FBbt_00045048	VFB_00101567	7	1	0.0
2025-03-14		FBbt_00049036		1	1	0.0
2025-03-14		FBbt_00049036	VFB_00050000	1	1	0.0
2025-03-14		FBbt_00049647		1	1	0.0
2025-03-14		FBbt_00049647	VFB_00101567	1	1	0.0
2025-03-14		FBbt_00049649		1	1	0.0
2025-03-14		FBbt_00049649	VFB_00101567	1	1	0.0
2025-03-14		FBbt_00051206		1	1	0.0
2025-03-14		FBbt_00051206	VFB_00101567	1	1	0.0
2025-03-14		FBbt_00051299		1	1	0.0
2025-03-14		FBbt_00051299	VFB_00101567	1	1	0.0
2025-03-14		FBbt_00067047		1	1	0.0
2025-03-14		FBbt_00067047	VFB_00101567	1	1	0.0
2025-03-14		FBbt_00110632		1	1	0.0
2025-03-14		FBbt_00110632	VFB_00101567	1	1	0.0
2025-03-14		FBbt_00110657		1	1	0.0
2025-03-14		FBbt_00110657	VFB_00101567	1	1	0.0
2025-03-14		FBbt_00111024		1	1	0.0
2025-03-14		FBbt_00111024	VFB_00101567	1	1	0.0
2025-03-14		FBbt_00111207		2	1	0.0
2025-03-14		FBbt_00111207	VFB_00101567	2	1	0.0
2025-03-14		FBbt_00111337		7	1	0.0
2025-03-14		FBbt_00111337	VFB_00101567	7	1	0.0
2025-03-14		FBbt_00111647		1	1	0.0
2025-03-14		FBbt_00111647	VFB_00101567	1	1	0.0
2025-03-14		FBbt_00111688		1	1	0.0
2025-03-14		FBbt_00111688	VFB_00101567	1	1	0.0
2025-03-14		FBbt_20000758		1	1	0.0
2025-03-14		FBbt_20000758	VFB_00101567	1	1	0.0
2025-03-14		VFB_00002575		2	1	0.0
2025-03-14		VFB_00002575	VFB_00101567	2	1	0.0
2025-03-14		VFB_00002576		9	1	18.0
2025-03-14		VFB_00002576	VFB_00101567	9	3	0.0
2025-03-14		VFB_00004908		1	1	3.0
2025-03-14		VFB_00004908	VFB_00101567	1	1	0.0
2025-03-14		VFB_00012321		5	1	8.0
2025-03-14		VFB_00012321	VFB_00101567	5	2	0.0
2025-03-14		VFB_00017894		4	1	8.0
2025-03-14		VFB_00017894	VFB_00017894	5	2	30.0
2025-03-14		VFB_00030852		24	1	0.0
2025-03-14		VFB_00030852	VFB_00030786	24	1	0.0
2025-03-14		VFB_00030867		57	2	0.0
2025-03-14		VFB_00030867	VFB_00017894	24	1	0.0
2025-03-14		VFB_00030867	VFB_00101567	33	2	0.0
2025-03-14		VFB_00030876		2	1	1.0
2025-03-14		VFB_00030876	VFB_00101567	2	1	0.0
2025-03-14		VFB_00050000		2	1	0.0
2025-03-14		VFB_00050000	VFB_00050000	10	3	0.0
2025-03-14		VFB_00050277		20	1	4.0
2025-03-14		VFB_00050277	VFB_00049000	13	1	0.0
2025-03-14		VFB_00050277	VFB_00101567	7	1	0.0
2025-03-14		VFB_00053291		6	1	1.0
2025-03-14		VFB_00053291	VFB_00049000	3	1	0.0
2025-03-14		VFB_00053291	VFB_00101567	2	1	0.0
2025-03-14		VFB_0010024u		6	1	0.0
2025-03-14		VFB_0010024u	VFB_00050000	6	1	0.0
2025-03-14		VFB_0010024z		2	1	0.0
2025-03-14		VFB_0010024z	VFB_00050000	2	1	0.0
2025-03-14		VFB_00100615		1	1	0.0
2025-03-14		VFB_00100615	VFB_00050000	1	1	0.0
2025-03-14		VFB_00100628		3	1	38.0
2025-03-14		VFB_00100628	VFB_00050000	3	1	0.0
2025-03-14		VFB_00100636		3	1	4.0
2025-03-14		VFB_00100636	VFB_00050000	3	2	0.0
2025-03-14		VFB_00100734		16	1	42.0
2025-03-14		VFB_00100734	VFB_00050000	10	1	0.0
2025-03-14		VFB_00100739		15	1	878.0
2025-03-14		VFB_00100739	VFB_00050000	25	1	0.0
2025-03-14		VFB_00100768		10	1	61.0
2025-03-14		VFB_00100768	VFB_00050000	10	1	0.0
2025-03-14		VFB_00100850		6	1	0.0
2025-03-14		VFB_00100850	VFB_00050000	3	1	0.0
2025-03-14		VFB_00100850	VFB_00101567	3	1	0.0
2025-03-14		VFB_00100873		5	1	14.0
2025-03-14		VFB_00100873	VFB_00050000	5	1	0.0
2025-03-14		VFB_001011m7		6	1	7.0
2025-03-14		VFB_001011m7	VFB_00101567	6	2	0.0
2025-03-14		VFB_001012xf		2	1	3.0
2025-03-14		VFB_001012xf	VFB_00101567	2	1	0.0
2025-03-14		VFB_001014u7		2	1	2.0
2025-03-14		VFB_001014u7	VFB_00101567	2	1	0.0
2025-03-14		VFB_001014uq		2	1	2.0
2025-03-14		VFB_001014uq	VFB_00101567	3	1	0.0
2025-03-14		VFB_00101567		168	31	343.0
2025-03-14		VFB_00101567	VFB_00101567	200	42	49.0
2025-03-14		VFB_00101655		5	1	1.0
2025-03-14		VFB_00101655	VFB_00050000	5	1	0.0
2025-03-14		VFB_00101682		5	1	59.0
2025-03-14		VFB_00101682	VFB_00050000	5	1	0.0
2025-03-14		VFB_00101748		20	1	300.0
2025-03-14		VFB_00101748	VFB_00050000	10	1	0.0
2025-03-14		VFB_001018n1		2	1	1.0
2025-03-14		VFB_001018n1	VFB_00101567	2	1	0.0
2025-03-14		VFB_0010205o		5	1	4.0
2025-03-14		VFB_0010205o	VFB_00101567	4	1	0.0
2025-03-14		VFB_0010205o	VFB_00200000	1	1	0.0
2025-03-14		VFB_00102146		4	1	11.0
2025-03-14		VFB_00102146	VFB_00101567	4	4	0.0
2025-03-14		VFB_00102148		1	1	2.0
2025-03-14		VFB_00102148	VFB_00101567	1	1	0.0
2025-03-14		VFB_00102152		4	1	44.0
2025-03-14		VFB_00102152	VFB_00101567	4	4	0.0
2025-03-14		VFB_00102162		3	1	75.0
2025-03-14		VFB_00102162	VFB_00101567	3	3	0.0
2025-03-14		VFB_00102170		26	2	5.0
2025-03-14		VFB_00102170	VFB_00101567	26	3	0.0
2025-03-14		VFB_00102176		3	1	11.0
2025-03-14		VFB_00102176	VFB_00101567	3	3	0.0
2025-03-14		VFB_00102179		4	1	83.0
2025-03-14		VFB_00102179	VFB_00101567	4	4	0.0
2025-03-14		VFB_00102185		2	1	49.0
2025-03-14		VFB_00102185	VFB_00101567	2	2	0.0
2025-03-14		VFB_00102212		1	1	1.0
2025-03-14		VFB_00102212	VFB_00101567	1	1	0.0
2025-03-14		VFB_00102213		2	1	3.0
2025-03-14		VFB_00102213	VFB_00101567	1	1	0.0
2025-03-14		VFB_00102214		1	1	1.0
2025-03-14		VFB_00102214	VFB_00101567	1	1	0.0
2025-03-14		VFB_00102215		3	1	4.0
2025-03-14		VFB_00102215	VFB_00101567	4	3	0.0
2025-03-14		VFB_00102218		2	1	68.0
2025-03-14		VFB_00102218	VFB_00101567	2	2	0.0
2025-03-14		VFB_00102280		3	1	33.0
2025-03-14		VFB_00102280	VFB_00101567	3	2	0.0
2025-03-14		VFB_00200000		1	1	0.0
2025-03-14		VFB_00200000	VFB_00200000	2	2	14.0
2025-03-14		VFB_fw000687		2	1	13.0
2025-03-14		VFB_fw000687	VFB_00101567	2	2	0.0
2025-03-14		VFB_fw022793		1	1	2.0
2025-03-14		VFB_fw022793	VFB_00101567	1	1	0.0
2025-03-14		VFB_fw027937		1	1	4.0
2025-03-14		VFB_fw027937	VFB_00101567	1	1	0.0
2025-03-14		VFB_fw034617		13	1	3.0
2025-03-14		VFB_fw034617	VFB_00101567	13	1	0.0
2025-03-14		VFB_fw034989		7	1	0.0
2025-03-14		VFB_fw034989	VFB_00101567	7	1	0.0
2025-03-14		VFB_fw036236		3	1	5.0
2025-03-14		VFB_fw036236	VFB_00101567	3	2	0.0
2025-03-14		VFB_fw043515		8	1	0.0
2025-03-14		VFB_fw043515	VFB_00101567	8	1	0.0
2025-03-14		VFB_fw047557		1	1	3.0
2025-03-14		VFB_fw047557	VFB_00101567	1	1	0.0
2025-03-14		VFB_jrchk8a4		4	1	30.0
2025-03-14		VFB_jrchk8a4	VFB_00101567	4	3	0.0
2025-03-14		VFBexp_FBtp0058		8	2	23.0
2025-03-14		VFBexp_FBtp0058	VFB_00049000	3	1	0.0
2025-03-14		VFBexp_FBtp0058	VFB_00101567	6	1	0.0
2025-03-14		VFBexp_FBtp0122		2	1	0.0
2025-03-14		VFBexp_FBtp0122	VFB_00101567	2	1	0.0
2025-03-14		VFBexp_FBtp0124		24	1	0.0
2025-03-14		VFBexp_FBtp0124	VFB_00101567	24	1	0.0
2025-03-14		VFBexp_FBtp0125		1	1	0.0
2025-03-14		VFBexp_FBtp0125	VFB_00101567	1	1	0.0
2025-03-14	v2.virtualflybrain.org	FBbt_00003624	VFB_00101567	0	1	0.0
2025-03-14	v2.virtualflybrain.org	FBbt_00003679	VFB_00101567	0	2	57.0
2025-03-14	v2.virtualflybrain.org	FBbt_00003681	VFB_00101567	0	2	64.0
2025-03-14	v2.virtualflybrain.org	FBbt_00003748	VFB_00101567	0	1	2.0
2025-03-14	v2.virtualflybrain.org	FBbt_00004055	VFB_00101567	9	3	52.0
2025-03-14	v2.virtualflybrain.org	FBbt_00005095	VFB_00101567	0	1	0.0
2025-03-14	v2.virtualflybrain.org	FBbt_00006007		1	1	0.0
2025-03-14	v2.virtualflybrain.org	FBbt_00007010	VFB_00101567	0	1	0.0
2025-03-14	v2.virtualflybrain.org	FBbt_00007054	VFB_00101567	0	2	0.0
2025-03-14	v2.virtualflybrain.org	FBbt_00007055	VFB_00101567	1	2	22.0
2025-03-14	v2.virtualflybrain.org	FBbt_00007392	VFB_00101567	0	1	89.0
2025-03-14	v2.virtualflybrain.org	FBbt_00007401	VFB_00017894	0	1	39.0
2025-03-14	v2.virtualflybrain.org	FBbt_00007428	VFB_00101567	0	1	37.0
2025-03-14	v2.virtualflybrain.org	FBbt_00007453	VFB_00101567	0	1	0.0
2025-03-14	v2.virtualflybrain.org	FBbt_00007456	VFB_00101567	0	1	33.0
2025-03-14	v2.virtualflybrain.org	FBbt_00007544	VFB_00101567	4	1	0.0
2025-03-14	v2.virtualflybrain.org	FBbt_00007677	VFB_00017894	0	2	24.0
2025-03-14	v2.virtualflybrain.org	FBbt_00014013	VFB_00101567	0	1	1.0
2025-03-14	v2.virtualflybrain.org	FBbt_00040001	VFB_00101567	0	1	12.0
2025-03-14	v2.virtualflybrain.org	FBbt_00040040	VFB_00101567	0	1	55.0
2025-03-14	v2.virtualflybrain.org	FBbt_00040041	VFB_00101567	1	4	114.0
2025-03-14	v2.virtualflybrain.org	FBbt_00040042	VFB_00101567	1	4	57.0
2025-03-14	v2.virtualflybrain.org	FBbt_00040043	VFB_00017894	0	1	7.0
2025-03-14	v2.virtualflybrain.org	FBbt_00040043	VFB_00101567	0	1	6.0
2025-03-14	v2.virtualflybrain.org	FBbt_00040047	VFB_00101567	0	1	7.0
2025-03-14	v2.virtualflybrain.org	FBbt_00040049	VFB_00101567	0	1	0.0
2025-03-14	v2.virtualflybrain.org	FBbt_00040050	VFB_00101567	0	1	0.0
2025-03-14	v2.virtualflybrain.org	FBbt_00045027	VFB_00017894	0	2	43.0
2025-03-14	v2.virtualflybrain.org	FBbt_00045027	VFB_00101567	0	2	7.0
2025-03-14	v2.virtualflybrain.org	FBbt_00045032	VFB_00101567	0	1	15.0
2025-03-14	v2.virtualflybrain.org	FBbt_00045047	VFB_00101567	0	2	30.0
2025-03-14	v2.virtualflybrain.org	FBbt_00045048	VFB_00017894	10	1	0.0
2025-03-14	v2.virtualflybrain.org	FBbt_00045048	VFB_00101567	0	1	23.0
2025-03-14	v2.virtualflybrain.org	FBbt_00047734		1	1	0.0
2025-03-14	v2.virtualflybrain.org	FBbt_00049036	VFB_00050000	0	1	10.0
2025-03-14	v2.virtualflybrain.org	FBbt_00049647	VFB_00101567	0	1	70.0
2025-03-14	v2.virtualflybrain.org	FBbt_00051206	VFB_00101567	0	1	7.0
2025-03-14	v2.virtualflybrain.org	FBbt_00110657	VFB_00101567	0	1	35.0
2025-03-14	v2.virtualflybrain.org	FBbt_00111024	VFB_00101567	0	2	127.0
2025-03-14	v2.virtualflybrain.org	FBbt_00111207		1	1	0.0
2025-03-14	v2.virtualflybrain.org	FBbt_00111207	VFB_00101567	0	1	8.0
2025-03-14	v2.virtualflybrain.org	FBbt_00111337	VFB_00101567	7	1	0.0
2025-03-14	v2.virtualflybrain.org	FBbt_00111647	VFB_00101567	0	1	6.0
2025-03-14	v2.virtualflybrain.org	FBbt_00111688	VFB_00101567	0	1	42.0
2025-03-14	v2.virtualflybrain.org	FBbt_20000758	VFB_00101567	0	1	39.0
2025-03-14	v2.virtualflybrain.org	VFB_00002576	VFB_00101567	0	2	111.0
2025-03-14	v2.virtualflybrain.org	VFB_00004908	VFB_00101567	0	1	27.0
2025-03-14	v2.virtualflybrain.org	VFB_00012321	VFB_00101567	0	3	75.0
2025-03-14	v2.virtualflybrain.org	VFB_00017894	VFB_00017894	1	8	21.0
2025-03-14	v2.virtualflybrain.org	VFB_00030786	VFB_00030786	0	1	0.0
2025-03-14	v2.virtualflybrain.org	VFB_00030852	VFB_00030786	24	1	0.0
2025-03-14	v2.virtualflybrain.org	VFB_00030867	VFB_00017894	24	1	0.0
2025-03-14	v2.virtualflybrain.org	VFB_00030867	VFB_00101567	34	2	0.0
2025-03-14	v2.virtualflybrain.org	VFB_00030876	VFB_00101567	0	1	1.0
2025-03-14	v2.virtualflybrain.org	VFB_00049000	VFB_00049000	0	1	0.0
2025-03-14	v2.virtualflybrain.org	VFB_00050000	VFB_00050000	1	6	0.0
2025-03-14	v2.virtualflybrain.org	VFB_00050277	VFB_00049000	13	3	24.0
2025-03-14	v2.virtualflybrain.org	VFB_00050277	VFB_00101567	4	2	141.0
2025-03-14	v2.virtualflybrain.org	VFB_00053291	VFB_00049000	1	3	58.0
2025-03-14	v2.virtualflybrain.org	VFB_00053291	VFB_00101567	0	2	335.0
2025-03-14	v2.virtualflybrain.org	VFB_0010024u	VFB_00050000	8	1	0.0
2025-03-14	v2.virtualflybrain.org	VFB_0010024z	VFB_00050000	0	2	0.0
2025-03-14	v2.virtualflybrain.org	VFB_00100615	VFB_00050000	0	1	72.0
2025-03-14	v2.virtualflybrain.org	VFB_00100628	VFB_00050000	1	2	0.0
2025-03-14	v2.virtualflybrain.org	VFB_00100636	VFB_00050000	2	3	486.0
2025-03-14	v2.virtualflybrain.org	VFB_00100850	VFB_00050000	3	1	0.0
2025-03-14	v2.virtualflybrain.org	VFB_00100850	VFB_00101567	3	1	0.0
2025-03-14	v2.virtualflybrain.org	VFB_001011m7	VFB_00101567	0	2	163.0
2025-03-14	v2.virtualflybrain.org	VFB_001012xf	VFB_00101567	0	1	17.0
2025-03-14	v2.virtualflybrain.org	VFB_001014u7	VFB_00101567	1	1	0.0
2025-03-14	v2.virtualflybrain.org	VFB_001014uq	VFB_00101567	0	1	2.0
2025-03-14	v2.virtualflybrain.org	VFB_00101567	VFB_00101567	123	75	771.0
2025-03-14	v2.virtualflybrain.org	VFB_001018n1	VFB_00101567	0	1	143.0
2025-03-14	v2.virtualflybrain.org	VFB_0010205o	VFB_00101567	1	2	5.0
2025-03-14	v2.virtualflybrain.org	VFB_0010205o	VFB_00200000	1	3	62.0
2025-03-14	v2.virtualflybrain.org	VFB_00102146	VFB_00101567	0	1	109.0
2025-03-14	v2.virtualflybrain.org	VFB_00102148	VFB_00101567	0	1	0.0
2025-03-14	v2.virtualflybrain.org	VFB_00102152	VFB_00101567	0	1	0.0
2025-03-14	v2.virtualflybrain.org	VFB_00102162	VFB_00101567	0	1	11.0
2025-03-14	v2.virtualflybrain.org	VFB_00102170	VFB_00101567	24	2	10.0
2025-03-14	v2.virtualflybrain.org	VFB_00102176	VFB_00101567	0	1	39.0
2025-03-14	v2.virtualflybrain.org	VFB_00102179	VFB_00101567	0	1	1.0
2025-03-14	v2.virtualflybrain.org	VFB_00102185	VFB_00101567	0	1	24.0
2025-03-14	v2.virtualflybrain.org	VFB_00102212	VFB_00101567	0	1	18.0
2025-03-14	v2.virtualflybrain.org	VFB_00102213	VFB_00101567	0	1	0.0
2025-03-14	v2.virtualflybrain.org	VFB_00102214	VFB_00101567	0	1	0.0
2025-03-14	v2.virtualflybrain.org	VFB_00102215	VFB_00101567	0	1	2.0
2025-03-14	v2.virtualflybrain.org	VFB_00102218	VFB_00101567	0	2	0.0
2025-03-14	v2.virtualflybrain.org	VFB_00102280	VFB_00101567	0	3	12.0
2025-03-14	v2.virtualflybrain.org	VFB_00200000	VFB_00200000	7	8	75.0
2025-03-14	v2.virtualflybrain.org	VFB_fw000687	VFB_00101567	0	2	6.0
2025-03-14	v2.virtualflybrain.org	VFB_fw022793	VFB_00101567	0	1	63.0
2025-03-14	v2.virtualflybrain.org	VFB_fw027937	VFB_00101567	0	1	0.0
2025-03-14	v2.virtualflybrain.org	VFB_fw034617	VFB_00101567	13	1	0.0
2025-03-14	v2.virtualflybrain.org	VFB_fw034989	VFB_00101567	8	1	0.0
2025-03-14	v2.virtualflybrain.org	VFB_fw036236	VFB_00101567	1	2	167.0
2025-03-14	v2.virtualflybrain.org	VFB_fw043515	VFB_00101567	8	2	0.0
2025-03-14	v2.virtualflybrain.org	VFB_fw047557	VFB_00101567	0	1	92.0
2025-03-14	v2.virtualflybrain.org	VFB_jrchk8a4	VFB_00101567	0	1	82.0
2025-03-14	v2.virtualflybrain.org	VFBexp_FBtp0058	VFB_00049000	0	1	0.0
2025-03-14	v2.virtualflybrain.org	VFBexp_FBtp0058	VFB_00101567	6	1	0.0
2025-03-14	v2.virtualflybrain.org	VFBexp_FBtp0122		2	1	0.0
2025-03-14	v2.virtualflybrain.org	VFBexp_FBtp0122	VFB_00101567	0	1	64.0
2025-03-14	v2.virtualflybrain.org	VFBexp_FBtp0124	VFB_00101567	24	1	0.0
2025-03-14	v2.virtualflybrain.org	VFBexp_FBtp0125		1	1	2.0
2025-03-14	v2.virtualflybrain.org	VFBexp_FBtp0125	VFB_00101567	0	1	11.0
2025-03-15		FBbt_00001956		2	1	0.0
2025-03-15		FBbt_00001956	VFB_00101567	2	1	0.0
2025-03-15		FBbt_00003624		2	2	3.0
2025-03-15		FBbt_00003624	VFB_00101567	2	2	0.0
2025-03-15		FBbt_00003678		3	1	0.0
2025-03-15		FBbt_00003678	VFB_00101567	3	1	0.0
2025-03-15		FBbt_00003681		3	1	0.0
2025-03-15		FBbt_00003681	VFB_00101567	3	1	0.0
2025-03-15		FBbt_00003748		2	1	0.0
2025-03-15		FBbt_00003748	VFB_00101567	2	1	0.0
2025-03-15		FBbt_00003852		5	2	0.0
2025-03-15		FBbt_00003852	VFB_00101567	5	2	0.0
2025-03-15		FBbt_00007544		2	1	0.0
2025-03-15		FBbt_00007544	VFB_00101567	2	1	0.0
2025-03-15		FBbt_00040041		2	1	0.0
2025-03-15		FBbt_00040041	VFB_00101567	2	1	0.0
2025-03-15		FBbt_00040042		3	2	0.0
2025-03-15		FBbt_00040042	VFB_00101567	3	2	0.0
2025-03-15		FBbt_00040043		5	2	0.0
2025-03-15		FBbt_00040043	VFB_00101567	5	2	0.0
2025-03-15		FBbt_00040044		1	1	0.0
2025-03-15		FBbt_00040044	VFB_00101567	1	1	0.0
2025-03-15		FBbt_00045027		1	1	0.0
2025-03-15		FBbt_00045027	VFB_00101567	1	1	0.0
2025-03-15		FBbt_00045048		9	3	0.0
2025-03-15		FBbt_00045048	VFB_00017894	7	1	0.0
2025-03-15		FBbt_00045048	VFB_00101567	2	2	0.0
2025-03-15		FBbt_00045050		2	1	0.0
2025-03-15		FBbt_00045050	VFB_00101567	2	1	0.0
2025-03-15		FBbt_00111337		4	1	0.0
2025-03-15		FBbt_00111337	VFB_00101567	4	1	0.0
2025-03-15		VFB_00017894		1	1	0.0
2025-03-15		VFB_00017894	VFB_00101567	1	1	0.0
2025-03-15		VFB_00030852		24	1	0.0
2025-03-15		VFB_00030852	VFB_00030786	24	1	0.0
2025-03-15		VFB_00030867		52	2	0.0
2025-03-15		VFB_00030867	VFB_00017894	24	1	0.0
2025-03-15		VFB_00030867	VFB_00101567	28	2	0.0
2025-03-15		VFB_00050277		9	1	0.0
2025-03-15		VFB_00050277	VFB_00049000	9	1	0.0
2025-03-15		VFB_0010024z		1	1	0.0
2025-03-15		VFB_0010024z	VFB_00050000	1	1	0.0
2025-03-15		VFB_00100850		28	1	0.0
2025-03-15		VFB_00100850	VFB_00050000	13	1	0.0
2025-03-15		VFB_00100850	VFB_00101567	15	1	0.0
2025-03-15		VFB_001011g9		1	1	0.0
2025-03-15		VFB_001011g9	VFB_00050000	1	1	0.0
2025-03-15		VFB_00101567		120	18	150.0
2025-03-15		VFB_00101567	VFB_00101567	147	21	0.0
2025-03-15		VFB_00102170		24	1	0.0
2025-03-15		VFB_00102170	VFB_00101567	24	1	0.0
2025-03-15		VFB_00102218		6	1	0.0
2025-03-15		VFB_00102218	VFB_00101567	6	1	0.0
2025-03-15		VFB_fw034617		24	1	0.0
2025-03-15		VFB_fw034617	VFB_00101567	24	1	0.0
2025-03-15		VFB_fw034989		1	1	0.0
2025-03-15		VFB_fw034989	VFB_00101567	1	1	0.0
2025-03-15		VFB_jrcv0o11		1	1	0.0
2025-03-15		VFB_jrcv0o11	VFB_00101567	1	1	0.0
2025-03-15		VFBexp_FBtp0058		2	1	0.0
2025-03-15		VFBexp_FBtp0058	VFB_00101567	2	1	0.0
2025-03-15		VFBexp_FBtp0124		24	1	0.0
2025-03-15		VFBexp_FBtp0124	VFB_00101567	24	1	0.0
2025-03-15	v2.virtualflybrain.org	FBbt_00001956	VFB_00101567	0	2	18.0
2025-03-15	v2.virtualflybrain.org	FBbt_00003624	VFB_00101567	0	3	41.0
2025-03-15	v2.virtualflybrain.org	FBbt_00003678	VFB_00101567	0	3	16.0
2025-03-15	v2.virtualflybrain.org	FBbt_00003681	VFB_00101567	0	2	170.0
2025-03-15	v2.virtualflybrain.org	FBbt_00003748	VFB_00101567	1	2	32.0
2025-03-15	v2.virtualflybrain.org	FBbt_00003852	VFB_00101567	0	2	75.0
2025-03-15	v2.virtualflybrain.org	FBbt_00007544	VFB_00101567	2	1	0.0
2025-03-15	v2.virtualflybrain.org	FBbt_00040041	VFB_00101567	0	2	16.0
2025-03-15	v2.virtualflybrain.org	FBbt_00040042	VFB_00101567	0	2	102.0
2025-03-15	v2.virtualflybrain.org	FBbt_00040043	VFB_00101567	1	4	181.0
2025-03-15	v2.virtualflybrain.org	FBbt_00045027	VFB_00101567	0	2	80.0
2025-03-15	v2.virtualflybrain.org	FBbt_00045048	VFB_00017894	8	1	0.0
2025-03-15	v2.virtualflybrain.org	FBbt_00045048	VFB_00101567	0	2	9.0
2025-03-15	v2.virtualflybrain.org	FBbt_00045050	VFB_00101567	0	2	1.0
2025-03-15	v2.virtualflybrain.org	FBbt_00048021		1	1	17.0
2025-03-15	v2.virtualflybrain.org	FBbt_00048255		1	1	11.0
2025-03-15	v2.virtualflybrain.org	FBbt_00053024		1	1	68.0
2025-03-15	v2.virtualflybrain.org	FBbt_00111337	VFB_00101567	4	1	0.0
2025-03-15	v2.virtualflybrain.org	VFB_00017894	VFB_00017894	0	2	0.0
2025-03-15	v2.virtualflybrain.org	VFB_00030786	VFB_00030786	0	1	0.0
2025-03-15	v2.virtualflybrain.org	VFB_00030852	VFB_00030786	24	1	0.0
2025-03-15	v2.virtualflybrain.org	VFB_00030867	VFB_00017894	24	1	0.0
2025-03-15	v2.virtualflybrain.org	VFB_00030867	VFB_00101567	29	3	0.0
2025-03-15	v2.virtualflybrain.org	VFB_00049000	VFB_00049000	0	1	0.0
2025-03-15	v2.virtualflybrain.org	VFB_00050000	VFB_00050000	0	3	0.0
2025-03-15	v2.virtualflybrain.org	VFB_00050277	VFB_00049000	9	1	0.0
2025-03-15	v2.virtualflybrain.org	VFB_0010024z	VFB_00050000	1	1	0.0
2025-03-15	v2.virtualflybrain.org	VFB_00100850	VFB_00050000	13	1	0.0
2025-03-15	v2.virtualflybrain.org	VFB_00100850	VFB_00101567	15	1	0.0
2025-03-15	v2.virtualflybrain.org	VFB_001011g9	VFB_00050000	3	1	0.0
2025-03-15	v2.virtualflybrain.org	VFB_00101567	VFB_00101567	105	39	180.0
2025-03-15	v2.virtualflybrain.org	VFB_00102170	VFB_00101567	24	1	0.0
2025-03-15	v2.virtualflybrain.org	VFB_00102218	VFB_00101567	7	2	0.0
2025-03-15	v2.virtualflybrain.org	VFB_fw034617	VFB_00101567	24	1	0.0
2025-03-15	v2.virtualflybrain.org	VFB_fw034989	VFB_00101567	1	1	0.0
2025-03-15	v2.virtualflybrain.org	VFB_jrcv0o11	VFB_00101567	1	1	0.0
2025-03-15	v2.virtualflybrain.org	VFBexp_FBtp0058	VFB_00101567	2	1	0.0
2025-03-15	v2.virtualflybrain.org	VFBexp_FBtp0124	VFB_00101567	24	1	0.0
2025-03-16		FBbt_00001919		1	1	0.0
2025-03-16		FBbt_00001919	VFB_00049000	1	1	0.0
2025-03-16		FBbt_00002019		1	1	0.0
2025-03-16		FBbt_00002019	VFB_00101567	1	1	0.0
2025-03-16		FBbt_00003624		1	1	0.0
2025-03-16		FBbt_00003624	VFB_00101567	1	1	0.0
2025-03-16		FBbt_00003681		2	2	0.0
2025-03-16		FBbt_00003681	VFB_00101567	2	2	0.0
2025-03-16		FBbt_00003748		2	1	0.0
2025-03-16		FBbt_00003748	VFB_00101567	2	1	0.0
2025-03-16		FBbt_00003749		1	1	0.0
2025-03-16		FBbt_00003749	VFB_00101567	1	1	0.0
2025-03-16		FBbt_00005801		1	1	0.0
2025-03-16		FBbt_00005801	VFB_00101567	1	1	0.0
2025-03-16		FBbt_00007544		3	1	0.0
2025-03-16		FBbt_00007544	VFB_00101567	3	1	0.0
2025-03-16		FBbt_00011929		1	1	0.0
2025-03-16		FBbt_00011929	VFB_00049000	3	1	0.0
2025-03-16		FBbt_00040043		5	2	0.0
2025-03-16		FBbt_00040043	VFB_00101567	5	2	0.0
2025-03-16		FBbt_00040051		1	1	0.0
2025-03-16		FBbt_00040051	VFB_00101567	1	1	0.0
2025-03-16		FBbt_00045027		4	1	0.0
2025-03-16		FBbt_00045027	VFB_00101567	4	2	0.0
2025-03-16		FBbt_00045048		9	2	0.0
2025-03-16		FBbt_00045048	VFB_00017894	8	1	0.0
2025-03-16		FBbt_00045048	VFB_00101567	1	1	0.0
2025-03-16		FBbt_00045050		1	1	0.0
2025-03-16		FBbt_00045050	VFB_00101567	1	1	0.0
2025-03-16		FBbt_00047268		2	2	0.0
2025-03-16		FBbt_00047268	VFB_00050000	2	2	0.0
2025-03-16		FBbt_00049027		1	1	0.0
2025-03-16		FBbt_00049027	VFB_00050000	6	1	0.0
2025-03-16		FBbt_00100250		1	1	0.0
2025-03-16		FBbt_00100250	VFB_00017894	1	1	0.0
2025-03-16		FBbt_00100285		1	1	0.0
2025-03-16		FBbt_00100285	VFB_00017894	1	1	0.0
2025-03-16		FBbt_00110657		5	2	0.0
2025-03-16		FBbt_00110657	VFB_00017894	2	1	0.0
2025-03-16		FBbt_00110657	VFB_00101567	3	1	0.0
2025-03-16		FBbt_00110930		1	1	0.0
2025-03-16		FBbt_00110930	VFB_00017894	1	1	0.0
2025-03-16		FBbt_00111337		2	1	0.0
2025-03-16		FBbt_00111337	VFB_00101567	2	1	0.0
2025-03-16		VFB_00012995		2	1	5.0
2025-03-16		VFB_00012995	VFB_00017894	2	1	0.0
2025-03-16		VFB_00017894		10	1	31.0
2025-03-16		VFB_00017894	VFB_00017894	15	1	0.0
2025-03-16		VFB_00030852		24	1	0.0
2025-03-16		VFB_00030852	VFB_00030786	24	1	0.0
2025-03-16		VFB_00030867		73	2	66.0
2025-03-16		VFB_00030867	VFB_00017894	41	2	0.0
2025-03-16		VFB_00030867	VFB_00101567	27	2	0.0
2025-03-16		VFB_00049000		20	2	223.0
2025-03-16		VFB_00049000	VFB_00049000	32	5	53.0
2025-03-16		VFB_00050000		5	3	1.0
2025-03-16		VFB_00050000	VFB_00050000	10	6	141.0
2025-03-16		VFB_00050505		24	2	33.0
2025-03-16		VFB_00050505	VFB_00049000	13	3	0.0
2025-03-16		VFB_001001vq		1	1	0.0
2025-03-16		VFB_001001vq	VFB_00050000	1	1	0.0
2025-03-16		VFB_001001vr		1	1	0.0
2025-03-16		VFB_001001vr	VFB_00050000	1	1	0.0
2025-03-16		VFB_001001ws		1	1	0.0
2025-03-16		VFB_001001ws	VFB_00050000	1	1	0.0
2025-03-16		VFB_001001x1		1	1	0.0
2025-03-16		VFB_001001x1	VFB_00050000	1	1	0.0
2025-03-16		VFB_0010022m		6	1	2.0
2025-03-16		VFB_0010022m	VFB_00050000	1	1	0.0
2025-03-16		VFB_0010022n		2	1	1.0
2025-03-16		VFB_0010022n	VFB_00050000	2	2	0.0
2025-03-16		VFB_0010022p		6	1	1.0
2025-03-16		VFB_0010022p	VFB_00050000	6	2	0.0
2025-03-16		VFB_0010022r		1	1	0.0
2025-03-16		VFB_0010022r	VFB_00050000	1	1	0.0
2025-03-16		VFB_0010022s		23	1	6.0
2025-03-16		VFB_0010022s	VFB_00050000	18	3	0.0
2025-03-16		VFB_0010022u		26	1	31.0
2025-03-16		VFB_0010022u	VFB_00050000	26	4	0.0
2025-03-16		VFB_0010023l		7	1	13.0
2025-03-16		VFB_0010023l	VFB_00050000	7	2	0.0
2025-03-16		VFB_0010024u		7	1	1.0
2025-03-16		VFB_0010024u	VFB_00049000	2	1	0.0
2025-03-16		VFB_0010024u	VFB_00050000	5	1	0.0
2025-03-16		VFB_0010024z		28	1	10.0
2025-03-16		VFB_0010024z	VFB_00050000	33	3	0.0
2025-03-16		VFB_0010025a		1	1	0.0
2025-03-16		VFB_0010025a	VFB_00050000	1	1	0.0
2025-03-16		VFB_0010027v		7	1	70.0
2025-03-16		VFB_0010027v	VFB_00050000	7	2	0.0
2025-03-16		VFB_0010028x		1	1	0.0
2025-03-16		VFB_0010028x	VFB_00050000	1	1	0.0
2025-03-16		VFB_00100593		1	1	0.0
2025-03-16		VFB_00100593	VFB_00050000	1	1	0.0
2025-03-16		VFB_00100594		7	2	3.0
2025-03-16		VFB_00100594	VFB_00050000	7	3	0.0
2025-03-16		VFB_00100596		3	1	1.0
2025-03-16		VFB_00100596	VFB_00050000	1	1	0.0
2025-03-16		VFB_00100596	VFB_00101567	2	1	0.0
2025-03-16		VFB_00100607		6	1	41.0
2025-03-16		VFB_00100607	VFB_00050000	6	2	0.0
2025-03-16		VFB_00100612		11	2	18.0
2025-03-16		VFB_00100612	VFB_00050000	16	3	0.0
2025-03-16		VFB_00100614		1	1	0.0
2025-03-16		VFB_00100614	VFB_00050000	1	1	0.0
2025-03-16		VFB_00100615		1	1	0.0
2025-03-16		VFB_00100615	VFB_00050000	1	1	0.0
2025-03-16		VFB_00100617		1	1	0.0
2025-03-16		VFB_00100617	VFB_00050000	1	1	0.0
2025-03-16		VFB_00100675		1	1	0.0
2025-03-16		VFB_00100675	VFB_00050000	1	1	0.0
2025-03-16		VFB_00100676		9	2	119.0
2025-03-16		VFB_00100676	VFB_00050000	4	3	0.0
2025-03-16		VFB_00100685		1	1	0.0
2025-03-16		VFB_00100685	VFB_00050000	1	1	0.0
2025-03-16		VFB_00100718		1	1	0.0
2025-03-16		VFB_00100718	VFB_00050000	1	1	0.0
2025-03-16		VFB_00100790		2	1	0.0
2025-03-16		VFB_00100790	VFB_00050000	2	2	0.0
2025-03-16		VFB_00100836		6	1	0.0
2025-03-16		VFB_00100836	VFB_00050000	11	2	0.0
2025-03-16		VFB_00100850		19	1	0.0
2025-03-16		VFB_00100850	VFB_00050000	7	1	0.0
2025-03-16		VFB_00100850	VFB_00101567	12	1	0.0
2025-03-16		VFB_001011gv		1	1	0.0
2025-03-16		VFB_001011gv	VFB_00050000	1	1	0.0
2025-03-16		VFB_001011ha		11	1	4.0
2025-03-16		VFB_001011ha	VFB_00050000	21	3	0.0
2025-03-16		VFB_00101567		177	24	286.0
2025-03-16		VFB_00101567	VFB_00101567	207	27	0.0
2025-03-16		VFB_00101586		6	1	2.0
2025-03-16		VFB_00101586	VFB_00050000	11	2	0.0
2025-03-16		VFB_001015bk		7	2	0.0
2025-03-16		VFB_001015bk	VFB_00050000	1	1	0.0
2025-03-16		VFB_001015bk	VFB_00101567	6	2	0.0
2025-03-16		VFB_001015cv		1	1	0.0
2025-03-16		VFB_001015cv	VFB_00050000	1	1	0.0
2025-03-16		VFB_00101600		1	1	0.0
2025-03-16		VFB_00101600	VFB_00050000	1	1	0.0
2025-03-16		VFB_00101601		1	1	0.0
2025-03-16		VFB_00101601	VFB_00050000	1	1	0.0
2025-03-16		VFB_00101602		1	1	0.0
2025-03-16		VFB_00101602	VFB_00050000	1	1	0.0
2025-03-16		VFB_00101604		6	1	2.0
2025-03-16		VFB_00101604	VFB_00050000	6	2	0.0
2025-03-16		VFB_00101615		11	1	3.0
2025-03-16		VFB_00101615	VFB_00050000	6	2	0.0
2025-03-16		VFB_0010205o		1	1	0.0
2025-03-16		VFB_0010205o	VFB_00101567	1	1	0.0
2025-03-16		VFB_00102119		10	1	9.0
2025-03-16		VFB_00102119	VFB_00017894	9	1	0.0
2025-03-16		VFB_00102119	VFB_00101567	1	1	0.0
2025-03-16		VFB_00102154		5	1	17.0
2025-03-16		VFB_00102154	VFB_00101567	5	2	0.0
2025-03-16		VFB_00102170		24	1	0.0
2025-03-16		VFB_00102170	VFB_00101567	24	1	0.0
2025-03-16		VFB_00102ehj		9	1	16.0
2025-03-16		VFB_00102ehj	VFB_00050000	11	2	0.0
2025-03-16		VFB_00102ehu		3	1	0.0
2025-03-16		VFB_00102ehu	VFB_00050000	1	1	0.0
2025-03-16		VFB_00102ehu	VFB_00101567	2	1	0.0
2025-03-16		VFB_00102ekg		10	1	5.0
2025-03-16		VFB_00102ekg	VFB_00050000	10	1	0.0
2025-03-16		VFB_00102enk		1	1	0.0
2025-03-16		VFB_00102enk	VFB_00050000	1	1	0.0
2025-03-16		VFB_00102eoq		1	1	0.0
2025-03-16		VFB_00102eoq	VFB_00050000	1	1	0.0
2025-03-16		VFB_00102esu		7	1	195.0
2025-03-16		VFB_00102esu	VFB_00050000	7	2	0.0
2025-03-16		VFB_00102eu8		1	1	0.0
2025-03-16		VFB_00102eu8	VFB_00050000	1	1	0.0
2025-03-16		VFB_00102evt		8	1	1.0
2025-03-16		VFB_00102evt	VFB_00049000	2	1	0.0
2025-03-16		VFB_00102evt	VFB_00050000	1	1	0.0
2025-03-16		VFB_00102ew1		1	1	0.0
2025-03-16		VFB_00102ew1	VFB_00050000	1	1	0.0
2025-03-16		VFB_00102f12		6	1	2.0
2025-03-16		VFB_00102f12	VFB_00050000	1	1	0.0
2025-03-16		VFB_00102f1o		6	1	3.0
2025-03-16		VFB_00102f1o	VFB_00050000	1	1	0.0
2025-03-16		VFB_00102f2w		6	1	14.0
2025-03-16		VFB_00102f2w	VFB_00050000	1	1	0.0
2025-03-16		VFB_00102f71		2	1	7.0
2025-03-16		VFB_00102f71	VFB_00050000	5	2	0.0
2025-03-16		VFB_00102f74		1	1	0.0
2025-03-16		VFB_00102f74	VFB_00050000	1	1	0.0
2025-03-16		VFB_00102f9u		8	1	15.0
2025-03-16		VFB_00102f9u	VFB_00050000	3	2	0.0
2025-03-16		VFB_00102fb4		1	1	0.0
2025-03-16		VFB_00102fb4	VFB_00050000	1	1	0.0
2025-03-16		VFB_00102fbl		2	1	0.0
2025-03-16		VFB_00102fbl	VFB_00050000	2	2	0.0
2025-03-16		VFB_00102fc0		2	1	0.0
2025-03-16		VFB_00102fc0	VFB_00050000	2	2	0.0
2025-03-16		VFB_00102feq		6	1	19.0
2025-03-16		VFB_00102feq	VFB_00050000	11	2	0.0
2025-03-16		VFB_00102fhb		1	1	0.0
2025-03-16		VFB_00102fhb	VFB_00050000	1	1	0.0
2025-03-16		VFB_00102fhc		1	1	0.0
2025-03-16		VFB_00102fhc	VFB_00050000	1	1	0.0
2025-03-16		VFB_00102fhd		1	1	0.0
2025-03-16		VFB_00102fhd	VFB_00050000	1	1	0.0
2025-03-16		VFB_00102fil		1	1	0.0
2025-03-16		VFB_00102fil	VFB_00050000	1	1	0.0
2025-03-16		VFB_00102fjq		1	1	0.0
2025-03-16		VFB_00102fjq	VFB_00050000	1	1	0.0
2025-03-16		VFB_fw000366		7	1	61.0
2025-03-16		VFB_fw000366	VFB_00101567	3	2	0.0
2025-03-16		VFB_fw004842		2	1	4.0
2025-03-16		VFB_fw004842	VFB_00101567	2	1	0.0
2025-03-16		VFB_fw008858		3	1	10.0
2025-03-16		VFB_fw008858	VFB_00101567	2	2	0.0
2025-03-16		VFB_fw032151		3	1	3.0
2025-03-16		VFB_fw032151	VFB_00101567	3	1	0.0
2025-03-16		VFB_fw033187		5	1	3.0
2025-03-16		VFB_fw033187	VFB_00101567	5	1	0.0
2025-03-16		VFB_fw033718		3	1	3.0
2025-03-16		VFB_fw033718	VFB_00101567	3	1	0.0
2025-03-16		VFB_fw034617		24	1	0.0
2025-03-16		VFB_fw034617	VFB_00101567	24	1	0.0
2025-03-16		VFB_fw034713		2	1	4.0
2025-03-16		VFB_fw034713	VFB_00101567	2	1	0.0
2025-03-16		VFB_fw034989		7	1	0.0
2025-03-16		VFB_fw034989	VFB_00101567	7	1	0.0
2025-03-16		VFB_fw042922		5	1	2.0
2025-03-16		VFB_fw042922	VFB_00050000	2	1	0.0
2025-03-16		VFB_fw042922	VFB_00101567	3	1	0.0
2025-03-16		VFB_jrchjtpj		6	1	12.0
2025-03-16		VFB_jrchjtpj	VFB_00101567	11	2	0.0
2025-03-16		VFBexp_FBtp0058		1	1	0.0
2025-03-16		VFBexp_FBtp0058	VFB_00101567	1	1	0.0
2025-03-16		VFBexp_FBtp0124		24	1	0.0
2025-03-16		VFBexp_FBtp0124	VFB_00101567	24	1	0.0
2025-03-16	v2.virtualflybrain.org	FBbt_00001919	VFB_00049000	0	1	6.0
2025-03-16	v2.virtualflybrain.org	FBbt_00003624	VFB_00101567	0	1	4.0
2025-03-16	v2.virtualflybrain.org	FBbt_00003681	VFB_00101567	0	2	15.0
2025-03-16	v2.virtualflybrain.org	FBbt_00003748	VFB_00101567	0	1	45.0
2025-03-16	v2.virtualflybrain.org	FBbt_00003749	VFB_00101567	0	1	46.0
2025-03-16	v2.virtualflybrain.org	FBbt_00003818		1	1	13.0
2025-03-16	v2.virtualflybrain.org	FBbt_00007544	VFB_00101567	3	1	0.0
2025-03-16	v2.virtualflybrain.org	FBbt_00011929	VFB_00049000	0	1	21.0
2025-03-16	v2.virtualflybrain.org	FBbt_00040043	VFB_00101567	0	3	34.0
2025-03-16	v2.virtualflybrain.org	FBbt_00040051	VFB_00101567	1	2	2.0
2025-03-16	v2.virtualflybrain.org	FBbt_00045027	VFB_00101567	0	2	13.0
2025-03-16	v2.virtualflybrain.org	FBbt_00045048	VFB_00017894	8	1	0.0
2025-03-16	v2.virtualflybrain.org	FBbt_00045050	VFB_00101567	0	1	16.0
2025-03-16	v2.virtualflybrain.org	FBbt_00047268	VFB_00050000	0	2	72.0
2025-03-16	v2.virtualflybrain.org	FBbt_00049027	VFB_00050000	0	1	7.0
2025-03-16	v2.virtualflybrain.org	FBbt_00051822		1	1	18.0
2025-03-16	v2.virtualflybrain.org	FBbt_00059209		1	1	12.0
2025-03-16	v2.virtualflybrain.org	FBbt_00100250	VFB_00017894	0	1	13.0
2025-03-16	v2.virtualflybrain.org	FBbt_00100285	VFB_00017894	0	1	26.0
2025-03-16	v2.virtualflybrain.org	FBbt_00110657	VFB_00017894	0	1	96.0
2025-03-16	v2.virtualflybrain.org	FBbt_00110657	VFB_00101567	0	2	8.0
2025-03-16	v2.virtualflybrain.org	FBbt_00110930	VFB_00017894	0	1	18.0
2025-03-16	v2.virtualflybrain.org	FBbt_00111337	VFB_00101567	2	1	0.0
2025-03-16	v2.virtualflybrain.org	VFB_00012995	VFB_00017894	0	1	0.0
2025-03-16	v2.virtualflybrain.org	VFB_00017894	VFB_00017894	0	2	0.0
2025-03-16	v2.virtualflybrain.org	VFB_00030786	VFB_00030786	0	1	0.0
2025-03-16	v2.virtualflybrain.org	VFB_00030852	VFB_00030786	24	1	0.0
2025-03-16	v2.virtualflybrain.org	VFB_00030867	VFB_00017894	25	4	0.0
2025-03-16	v2.virtualflybrain.org	VFB_00030867	VFB_00101567	24	2	1.0
2025-03-16	v2.virtualflybrain.org	VFB_00049000	VFB_00049000	4	6	30.0
2025-03-16	v2.virtualflybrain.org	VFB_00050000	VFB_00050000	5	14	62.0
2025-03-16	v2.virtualflybrain.org	VFB_00050505	VFB_00049000	0	4	131.0
2025-03-16	v2.virtualflybrain.org	VFB_001001vq	VFB_00050000	0	1	11.0
2025-03-16	v2.virtualflybrain.org	VFB_001001vr	VFB_00050000	0	1	22.0
2025-03-16	v2.virtualflybrain.org	VFB_001001ws	VFB_00050000	0	1	9.0
2025-03-16	v2.virtualflybrain.org	VFB_001001x1	VFB_00050000	0	1	24.0
2025-03-16	v2.virtualflybrain.org	VFB_0010022m	VFB_00050000	0	1	16.0
2025-03-16	v2.virtualflybrain.org	VFB_0010022n	VFB_00050000	0	1	21.0
2025-03-16	v2.virtualflybrain.org	VFB_0010022p	VFB_00050000	0	1	17.0
2025-03-16	v2.virtualflybrain.org	VFB_0010022r	VFB_00050000	0	1	34.0
2025-03-16	v2.virtualflybrain.org	VFB_0010022s	VFB_00050000	0	3	44.0
2025-03-16	v2.virtualflybrain.org	VFB_0010022u	VFB_00050000	0	1	18.0
2025-03-16	v2.virtualflybrain.org	VFB_0010023l	VFB_00050000	0	1	28.0
2025-03-16	v2.virtualflybrain.org	VFB_0010024u	VFB_00049000	0	2	10.0
2025-03-16	v2.virtualflybrain.org	VFB_0010024z	VFB_00050000	7	4	46.0
2025-03-16	v2.virtualflybrain.org	VFB_0010025a	VFB_00050000	0	1	16.0
2025-03-16	v2.virtualflybrain.org	VFB_0010027v	VFB_00050000	0	1	30.0
2025-03-16	v2.virtualflybrain.org	VFB_0010028x	VFB_00050000	0	1	17.0
2025-03-16	v2.virtualflybrain.org	VFB_00100593	VFB_00050000	0	1	11.0
2025-03-16	v2.virtualflybrain.org	VFB_00100594	VFB_00050000	1	3	554.0
2025-03-16	v2.virtualflybrain.org	VFB_00100596	VFB_00050000	1	2	0.0
2025-03-16	v2.virtualflybrain.org	VFB_00100596	VFB_00101567	0	2	123.0
2025-03-16	v2.virtualflybrain.org	VFB_00100607	VFB_00050000	0	1	41.0
2025-03-16	v2.virtualflybrain.org	VFB_00100612	VFB_00050000	4	3	52.0
2025-03-16	v2.virtualflybrain.org	VFB_00100614	VFB_00050000	0	1	22.0
2025-03-16	v2.virtualflybrain.org	VFB_00100615	VFB_00050000	0	1	12.0
2025-03-16	v2.virtualflybrain.org	VFB_00100617	VFB_00050000	0	1	41.0
2025-03-16	v2.virtualflybrain.org	VFB_00100675	VFB_00050000	0	1	8.0
2025-03-16	v2.virtualflybrain.org	VFB_00100676	VFB_00050000	1	3	314.0
2025-03-16	v2.virtualflybrain.org	VFB_00100685	VFB_00050000	0	1	24.0
2025-03-16	v2.virtualflybrain.org	VFB_00100718	VFB_00050000	0	1	73.0
2025-03-16	v2.virtualflybrain.org	VFB_00100790	VFB_00050000	0	2	46.0
2025-03-16	v2.virtualflybrain.org	VFB_00100836	VFB_00050000	0	1	87.0
2025-03-16	v2.virtualflybrain.org	VFB_00100850	VFB_00050000	8	1	0.0
2025-03-16	v2.virtualflybrain.org	VFB_00100850	VFB_00101567	13	1	0.0
2025-03-16	v2.virtualflybrain.org	VFB_001011gv	VFB_00050000	0	1	20.0
2025-03-16	v2.virtualflybrain.org	VFB_001011ha	VFB_00050000	0	1	26.0
2025-03-16	v2.virtualflybrain.org	VFB_00101567		0	1	6.0
2025-03-16	v2.virtualflybrain.org	VFB_00101567	VFB_00101567	149	53	493.0
2025-03-16	v2.virtualflybrain.org	VFB_00101586	VFB_00050000	0	1	13.0
2025-03-16	v2.virtualflybrain.org	VFB_001015bk	VFB_00050000	1	2	0.0
2025-03-16	v2.virtualflybrain.org	VFB_001015bk	VFB_00101567	5	4	153.0
2025-03-16	v2.virtualflybrain.org	VFB_001015cv	VFB_00050000	0	1	19.0
2025-03-16	v2.virtualflybrain.org	VFB_00101600	VFB_00050000	0	1	31.0
2025-03-16	v2.virtualflybrain.org	VFB_00101601	VFB_00050000	0	1	26.0
2025-03-16	v2.virtualflybrain.org	VFB_00101602	VFB_00050000	0	1	24.0
2025-03-16	v2.virtualflybrain.org	VFB_00101604	VFB_00050000	0	1	12.0
2025-03-16	v2.virtualflybrain.org	VFB_00101615	VFB_00050000	0	1	13.0
2025-03-16	v2.virtualflybrain.org	VFB_0010205o	VFB_00101567	1	1	0.0
2025-03-16	v2.virtualflybrain.org	VFB_00102119	VFB_00017894	0	2	10.0
2025-03-16	v2.virtualflybrain.org	VFB_00102119	VFB_00101567	1	3	2.0
2025-03-16	v2.virtualflybrain.org	VFB_00102154	VFB_00101567	0	2	1.0
2025-03-16	v2.virtualflybrain.org	VFB_00102170	VFB_00101567	24	1	0.0
2025-03-16	v2.virtualflybrain.org	VFB_00102ehj	VFB_00050000	0	1	26.0
2025-03-16	v2.virtualflybrain.org	VFB_00102ehu	VFB_00050000	1	2	0.0
2025-03-16	v2.virtualflybrain.org	VFB_00102ehu	VFB_00101567	0	1	34.0
2025-03-16	v2.virtualflybrain.org	VFB_00102enk	VFB_00050000	0	2	72.0
2025-03-16	v2.virtualflybrain.org	VFB_00102eoq	VFB_00050000	0	1	19.0
2025-03-16	v2.virtualflybrain.org	VFB_00102esu	VFB_00050000	0	1	23.0
2025-03-16	v2.virtualflybrain.org	VFB_00102eu8	VFB_00050000	0	1	27.0
2025-03-16	v2.virtualflybrain.org	VFB_00102evt	VFB_00049000	0	2	32.0
2025-03-16	v2.virtualflybrain.org	VFB_00102evt	VFB_00050000	0	1	11.0
2025-03-16	v2.virtualflybrain.org	VFB_00102ew1	VFB_00050000	0	1	27.0
2025-03-16	v2.virtualflybrain.org	VFB_00102f12	VFB_00050000	0	1	19.0
2025-03-16	v2.virtualflybrain.org	VFB_00102f1o	VFB_00050000	0	1	14.0
2025-03-16	v2.virtualflybrain.org	VFB_00102f2w	VFB_00050000	0	1	87.0
2025-03-16	v2.virtualflybrain.org	VFB_00102f71	VFB_00050000	0	1	41.0
2025-03-16	v2.virtualflybrain.org	VFB_00102f74	VFB_00050000	0	1	13.0
2025-03-16	v2.virtualflybrain.org	VFB_00102f9u	VFB_00050000	0	1	23.0
2025-03-16	v2.virtualflybrain.org	VFB_00102fb4	VFB_00050000	0	1	28.0
2025-03-16	v2.virtualflybrain.org	VFB_00102fbl	VFB_00050000	0	1	55.0
2025-03-16	v2.virtualflybrain.org	VFB_00102fc0	VFB_00050000	0	2	42.0
2025-03-16	v2.virtualflybrain.org	VFB_00102feq	VFB_00050000	0	1	33.0
2025-03-16	v2.virtualflybrain.org	VFB_00102fhb	VFB_00050000	0	1	25.0
2025-03-16	v2.virtualflybrain.org	VFB_00102fhc	VFB_00050000	0	1	12.0
2025-03-16	v2.virtualflybrain.org	VFB_00102fhd	VFB_00050000	0	1	15.0
2025-03-16	v2.virtualflybrain.org	VFB_00102fil	VFB_00050000	0	1	22.0
2025-03-16	v2.virtualflybrain.org	VFB_00102fjq	VFB_00050000	0	1	10.0
2025-03-16	v2.virtualflybrain.org	VFB_fw000366	VFB_00101567	0	1	12.0
2025-03-16	v2.virtualflybrain.org	VFB_fw004842		1	1	2.0
2025-03-16	v2.virtualflybrain.org	VFB_fw004842	VFB_00101567	0	1	71.0
2025-03-16	v2.virtualflybrain.org	VFB_fw008858	VFB_00101567	1	1	9.0
2025-03-16	v2.virtualflybrain.org	VFB_fw032151		1	1	0.0
2025-03-16	v2.virtualflybrain.org	VFB_fw032151	VFB_00101567	1	1	37.0
2025-03-16	v2.virtualflybrain.org	VFB_fw033187		1	1	0.0
2025-03-16	v2.virtualflybrain.org	VFB_fw033187	VFB_00101567	2	1	9.0
2025-03-16	v2.virtualflybrain.org	VFB_fw033718		1	1	0.0
2025-03-16	v2.virtualflybrain.org	VFB_fw033718	VFB_00101567	1	1	147.0
2025-03-16	v2.virtualflybrain.org	VFB_fw034617	VFB_00101567	24	1	0.0
2025-03-16	v2.virtualflybrain.org	VFB_fw034713		1	1	1.0
2025-03-16	v2.virtualflybrain.org	VFB_fw034713	VFB_00101567	0	1	25.0
2025-03-16	v2.virtualflybrain.org	VFB_fw034989	VFB_00101567	7	1	0.0
2025-03-16	v2.virtualflybrain.org	VFB_fw042922	VFB_00050000	0	2	55.0
2025-03-16	v2.virtualflybrain.org	VFB_fw042922	VFB_00101567	1	2	0.0
2025-03-16	v2.virtualflybrain.org	VFB_jrchjtpj	VFB_00101567	0	1	23.0
2025-03-16	v2.virtualflybrain.org	VFBexp_FBtp0058	VFB_00101567	1	1	0.0
2025-03-16	v2.virtualflybrain.org	VFBexp_FBtp0124	VFB_00101567	24	1	0.0
2025-03-16	v2.virtualflybrain.org	VFBt_00100000		1	1	1.0
2025-03-17		FBbt_00000396		1	1	0.0
2025-03-17		FBbt_00000396	VFB_00049000	1	1	0.0
2025-03-17		FBbt_00001446		3	1	16.0
2025-03-17		FBbt_00001446	VFB_00050000	3	2	0.0
2025-03-17		FBbt_00001675		1	1	0.0
2025-03-17		FBbt_00001675	VFB_00049000	1	1	0.0
2025-03-17		FBbt_00001760		1	1	0.0
2025-03-17		FBbt_00001760	VFB_00049000	1	1	0.0
2025-03-17		FBbt_00001761		1	1	0.0
2025-03-17		FBbt_00001761	VFB_00049000	1	1	0.0
2025-03-17		FBbt_00001911		7	1	9.0
2025-03-17		FBbt_00001911	VFB_00050000	6	2	0.0
2025-03-17		FBbt_00003625		3	1	0.0
2025-03-17		FBbt_00003625	VFB_00101567	3	1	0.0
2025-03-17		FBbt_00003679		1	1	0.0
2025-03-17		FBbt_00003679	VFB_00101567	1	1	0.0
2025-03-17		FBbt_00003681		5	4	1.0
2025-03-17		FBbt_00003681	VFB_00101567	6	4	0.0
2025-03-17		FBbt_00003682		1	1	0.0
2025-03-17		FBbt_00003682	VFB_00101567	1	1	0.0
2025-03-17		FBbt_00003748		3	2	0.0
2025-03-17		FBbt_00003748	VFB_00101567	3	2	0.0
2025-03-17		FBbt_00005780		1	1	0.0
2025-03-17		FBbt_00005780	VFB_00101567	1	1	0.0
2025-03-17		FBbt_00005801		3	2	0.0
2025-03-17		FBbt_00005801	VFB_00049000	3	3	0.0
2025-03-17		FBbt_00007066		1	1	0.0
2025-03-17		FBbt_00007066	VFB_00049000	1	1	0.0
2025-03-17		FBbt_00007145		1	1	0.0
2025-03-17		FBbt_00007145	VFB_00101567	1	1	0.0
2025-03-17		FBbt_00007224		1	1	0.0
2025-03-17		FBbt_00007224	VFB_00049000	1	1	0.0
2025-03-17		FBbt_00040041		1	1	0.0
2025-03-17		FBbt_00040041	VFB_00101567	1	1	0.0
2025-03-17		FBbt_00040042		5	2	0.0
2025-03-17		FBbt_00040042	VFB_00101567	5	2	0.0
2025-03-17		FBbt_00045048		4	1	0.0
2025-03-17		FBbt_00045048	VFB_00017894	4	1	0.0
2025-03-17		FBbt_00045051		2	1	0.0
2025-03-17		FBbt_00045051	VFB_00101567	2	1	0.0
2025-03-17		FBbt_00047143		1	1	0.0
2025-03-17		FBbt_00047143	VFB_00101567	1	1	0.0
2025-03-17		FBbt_00047224		3	1	5.0
2025-03-17		FBbt_00047224	VFB_00101567	4	1	0.0
2025-03-17		FBbt_00048126		1	1	0.0
2025-03-17		FBbt_00048126	VFB_00101567	1	1	0.0
2025-03-17		FBbt_00049036		3	1	447.0
2025-03-17		FBbt_00049036	VFB_00050000	6	1	0.0
2025-03-17		FBbt_00049268		1	1	0.0
2025-03-17		FBbt_00049268	VFB_00049000	1	1	0.0
2025-03-17		FBbt_00049721		2	1	6.0
2025-03-17		FBbt_00049721	VFB_00101567	3	1	0.0
2025-03-17		FBbt_00049724		2	1	4.0
2025-03-17		FBbt_00049724	VFB_00101567	3	1	0.0
2025-03-17		FBbt_00049727		2	1	7.0
2025-03-17		FBbt_00049727	VFB_00101567	3	1	0.0
2025-03-17		FBbt_00049730		2	1	3.0
2025-03-17		FBbt_00049730	VFB_00101567	3	1	0.0
2025-03-17		FBbt_00049731		4	1	2.0
2025-03-17		FBbt_00049731	VFB_00101567	5	2	0.0
2025-03-17		FBbt_00049772		4	1	14.0
2025-03-17		FBbt_00049772	VFB_00101567	6	1	0.0
2025-03-17		FBbt_00049856		2	1	0.0
2025-03-17		FBbt_00049856	VFB_00049000	2	2	0.0
2025-03-17		FBbt_00049917		1	1	0.0
2025-03-17		FBbt_00049917	VFB_00101567	1	1	0.0
2025-03-17		FBbt_00052193		1	1	0.0
2025-03-17		FBbt_00052193	VFB_00050000	1	1	0.0
2025-03-17		FBbt_00052249		1	1	0.0
2025-03-17		FBbt_00052249	VFB_00101567	1	1	0.0
2025-03-17		FBbt_00052610		2	1	622.0
2025-03-17		FBbt_00052610	VFB_00101567	2	1	0.0
2025-03-17		FBbt_00052611		1	1	0.0
2025-03-17		FBbt_00052611	VFB_00101567	1	1	0.0
2025-03-17		FBbt_00110019		1	1	0.0
2025-03-17		FBbt_00110019	VFB_00101567	1	1	0.0
2025-03-17		FBbt_00110035		6	1	0.0
2025-03-17		FBbt_00110035	VFB_00049000	6	1	0.0
2025-03-17		FBbt_00110197		1	1	0.0
2025-03-17		FBbt_00110197	VFB_00049000	1	1	0.0
2025-03-17		FBbt_00110199		1	1	0.0
2025-03-17		FBbt_00110199	VFB_00049000	1	1	0.0
2025-03-17		FBbt_00110273		2	1	0.0
2025-03-17		FBbt_00110273	VFB_00050000	2	1	0.0
2025-03-17		FBbt_00111203		1	1	0.0
2025-03-17		FBbt_00111203	VFB_00049000	1	1	0.0
2025-03-17		FBbt_00111308		1	1	0.0
2025-03-17		FBbt_00111308	VFB_00101567	1	1	0.0
2025-03-17		FBbt_00111339		3	1	3.0
2025-03-17		FBbt_00111339	VFB_00101567	4	2	0.0
2025-03-17		FBbt_00111341		2	1	5.0
2025-03-17		FBbt_00111341	VFB_00101567	3	1	0.0
2025-03-17		FBbt_00111670		1	1	0.0
2025-03-17		FBbt_00111670	VFB_00101567	1	1	0.0
2025-03-17		FBbt_00111688		3	1	0.0
2025-03-17		FBbt_00111688	VFB_00101567	3	1	0.0
2025-03-17		GO_0004993		2	1	39.0
2025-03-17		GO_0004993	VFB_00101567	2	1	0.0
2025-03-17		GO_0008227		2	1	18.0
2025-03-17		GO_0008227	VFB_00101567	2	1	0.0
2025-03-17		VFB_00004662		3	1	0.0
2025-03-17		VFB_00004662	VFB_00101567	2	1	0.0
2025-03-17		VFB_00006343		25	1	0.0
2025-03-17		VFB_00006343	VFB_00101567	25	1	0.0
2025-03-17		VFB_00009862		2	1	0.0
2025-03-17		VFB_00009862	VFB_00101567	2	1	0.0
2025-03-17		VFB_00017894		2	1	0.0
2025-03-17		VFB_00017894	VFB_00017894	2	1	0.0
2025-03-17		VFB_00030852		24	1	0.0
2025-03-17		VFB_00030852	VFB_00030786	24	1	0.0
2025-03-17		VFB_00030867		50	2	0.0
2025-03-17		VFB_00030867	VFB_00017894	26	2	0.0
2025-03-17		VFB_00030867	VFB_00101567	24	1	0.0
2025-03-17		VFB_00049000		3	3	2.0
2025-03-17		VFB_00049000	VFB_00049000	15	10	298.0
2025-03-17		VFB_00050000		5	1	37.0
2025-03-17		VFB_00050000	VFB_00050000	5	1	0.0
2025-03-17		VFB_00050277		21	2	648.0
2025-03-17		VFB_00050277	VFB_00049000	26	6	0.0
2025-03-17		VFB_00050505		26	3	510.0
2025-03-17		VFB_00050505	VFB_00049000	20	5	0.0
2025-03-17		VFB_00050505	VFB_00101567	1	1	0.0
2025-03-17		VFB_00051212		6	1	32.0
2025-03-17		VFB_00051212	VFB_00049000	11	2	0.0
2025-03-17		VFB_00051214		6	1	22.0
2025-03-17		VFB_00051214	VFB_00049000	1	1	0.0
2025-03-17		VFB_00053291		12	1	3.0
2025-03-17		VFB_00053291	VFB_00049000	7	1	0.0
2025-03-17		VFB_00053291	VFB_00101567	5	1	0.0
2025-03-17		VFB_00069371		2	1	2.0
2025-03-17		VFB_00069371	VFB_00101567	2	1	0.0
2025-03-17		VFB_00069617		4	1	12.0
2025-03-17		VFB_00069617	VFB_00101567	4	1	0.0
2025-03-17		VFB_001001mx		20	1	212.0
2025-03-17		VFB_001001mx	VFB_00050000	16	3	0.0
2025-03-17		VFB_0010024z		14	1	0.0
2025-03-17		VFB_0010024z	VFB_00050000	14	1	0.0
2025-03-17		VFB_00100258		1	1	0.0
2025-03-17		VFB_00100258	VFB_00050000	1	1	0.0
2025-03-17		VFB_00100500		6	1	43.0
2025-03-17		VFB_00100500	VFB_00050000	11	2	0.0
2025-03-17		VFB_00100612		8	1	0.0
2025-03-17		VFB_00100612	VFB_00050000	8	1	0.0
2025-03-17		VFB_00100734		5	1	8.0
2025-03-17		VFB_00100734	VFB_00050000	10	1	0.0
2025-03-17		VFB_00100739		10	1	438.0
2025-03-17		VFB_00100739	VFB_00050000	5	1	0.0
2025-03-17		VFB_00100768		4	1	0.0
2025-03-17		VFB_00100768	VFB_00050000	4	1	0.0
2025-03-17		VFB_00100850		24	2	194.0
2025-03-17		VFB_00100850	VFB_00050000	12	2	0.0
2025-03-17		VFB_00100850	VFB_00101567	2	1	0.0
2025-03-17		VFB_00100d2k		14	1	4.0
2025-03-17		VFB_00100d2k	VFB_00101567	1	1	0.0
2025-03-17		VFB_00100d2k	VFB_00200000	13	1	0.0
2025-03-17		VFB_001011rh		11	1	162.0
2025-03-17		VFB_001011rh	VFB_00101567	10	2	0.0
2025-03-17		VFB_001013ef		1	1	0.0
2025-03-17		VFB_001013ef	VFB_00101567	1	1	0.0
2025-03-17		VFB_001013vq		7	1	49.0
2025-03-17		VFB_001013vq	VFB_00101567	7	1	0.0
2025-03-17		VFB_001014uq		1	1	3.0
2025-03-17		VFB_001014uq	VFB_00110000	1	1	0.0
2025-03-17		VFB_00101567		230	38	269.0
2025-03-17		VFB_00101567	VFB_00101567	251	49	0.0
2025-03-17		VFB_00101655		5	1	9.0
2025-03-17		VFB_00101655	VFB_00050000	10	1	0.0
2025-03-17		VFB_00101748		38	1	579.0
2025-03-17		VFB_00101748	VFB_00050000	35	2	0.0
2025-03-17		VFB_00102107		2	1	0.0
2025-03-17		VFB_00102107	VFB_00101567	2	1	0.0
2025-03-17		VFB_00102119		2	1	5.0
2025-03-17		VFB_00102119	VFB_00101567	2	2	0.0
2025-03-17		VFB_00102123		1	1	0.0
2025-03-17		VFB_00102123	VFB_00101567	1	1	0.0
2025-03-17		VFB_00102170		13	1	0.0
2025-03-17		VFB_00102170	VFB_00101567	13	1	0.0
2025-03-17		VFB_00200000		1	1	0.0
2025-03-17		VFB_00200000	VFB_00200000	1	1	0.0
2025-03-17		VFB_fw000366		15	1	48.0
2025-03-17		VFB_fw001747		3	1	20.0
2025-03-17		VFB_fw001747	VFB_00101567	3	2	0.0
2025-03-17		VFB_fw009094		2	1	1.0
2025-03-17		VFB_fw009094	VFB_00101567	2	1	0.0
2025-03-17		VFB_fw009143		2	1	1.0
2025-03-17		VFB_fw009143	VFB_00101567	2	1	0.0
2025-03-17		VFB_fw034617		24	1	0.0
2025-03-17		VFB_fw034617	VFB_00101567	24	1	0.0
2025-03-17		VFB_fw034989		15	1	0.0
2025-03-17		VFB_fw034989	VFB_00101567	15	1	0.0
2025-03-17		VFB_fw036522		2	1	5.0
2025-03-17		VFB_fw036522	VFB_00101567	2	1	0.0
2025-03-17		VFB_jrch01rj		5	1	12.0
2025-03-17		VFB_jrch01rj	VFB_00101567	5	1	0.0
2025-03-17		VFB_jrchjte0		1	1	43.0
2025-03-17		VFB_jrchjte0	VFB_00101567	1	1	0.0
2025-03-17		VFB_jrchjtpj		30	1	103.0
2025-03-17		VFB_jrchjtpj	VFB_00101567	45	1	0.0
2025-03-17		VFB_jrchk0ve		4	1	3.0
2025-03-17		VFB_jrchk0ve	VFB_00101567	4	1	0.0
2025-03-17		VFB_jrchk45v		3	1	9.0
2025-03-17		VFB_jrchk45v	VFB_00101567	3	1	0.0
2025-03-17		VFB_jrchk7hw		6	1	0.0
2025-03-17		VFB_jrchk7hw	VFB_00101567	4	2	0.0
2025-03-17		VFB_jrchk7in		2	1	0.0
2025-03-17		VFB_jrchk7in	VFB_00101567	1	1	0.0
2025-03-17		VFB_jrchk7iq		3	1	0.0
2025-03-17		VFB_jrchk7iq	VFB_00101567	2	2	0.0
2025-03-17		VFB_jrchk7is		2	1	0.0
2025-03-17		VFB_jrchk7is	VFB_00101567	1	1	0.0
2025-03-17		VFB_jrchk7j2		2	1	0.0
2025-03-17		VFB_jrchk7j2	VFB_00101567	1	1	0.0
2025-03-17		VFB_jrchk7j6		2	1	0.0
2025-03-17		VFB_jrchk7j6	VFB_00101567	1	1	0.0
2025-03-17		VFB_jrchk7ja		9	1	17.0
2025-03-17		VFB_jrchk7ja	VFB_00101567	9	2	0.0
2025-03-17		VFB_jrchk7jb		2	1	0.0
2025-03-17		VFB_jrchk7jb	VFB_00101567	1	1	0.0
2025-03-17		VFB_jrchk7je		1	1	0.0
2025-03-17		VFB_jrchk7je	VFB_00101567	1	1	0.0
2025-03-17		VFB_jrchk7jg		2	1	0.0
2025-03-17		VFB_jrchk7jg	VFB_00101567	1	1	0.0
2025-03-17		VFB_jrchk7jh		1	1	0.0
2025-03-17		VFB_jrchk7jh	VFB_00101567	1	1	0.0
2025-03-17		VFBexp_FBtp0058		6	1	0.0
2025-03-17		VFBexp_FBtp0058	VFB_00049000	1	1	0.0
2025-03-17		VFBexp_FBtp0058	VFB_00050000	8	3	0.0
2025-03-17		VFBexp_FBtp0058	VFB_00101567	2	1	0.0
2025-03-17		VFBexp_FBtp0099		1	1	0.0
2025-03-17		VFBexp_FBtp0099	VFB_00101567	1	1	0.0
2025-03-17		VFBexp_FBtp0124		24	1	0.0
2025-03-17		VFBexp_FBtp0124	VFB_00101567	24	1	0.0
2025-03-17	v2-dev.virtualflybrain.org	VFB_00049000	VFB_00049000	1	3	2.0
2025-03-17	v2-dev.virtualflybrain.org	VFB_00101567	VFB_00101567	0	4	29.0
2025-03-17	v2-dev.virtualflybrain.org	VFB_00102107	VFB_00101567	0	1	19.0
2025-03-17	v2-dev.virtualflybrain.org	VFB_fw009094	VFB_00101567	0	1	8.0
2025-03-17	v2-dev.virtualflybrain.org	VFB_fw009143	VFB_00101567	0	1	5.0
2025-03-17	v2-dev.virtualflybrain.org	VFB_jrchk45v	VFB_00101567	1	1	232.0
2025-03-17	v2.virtualflybrain.org	FBbt_00000396	VFB_00049000	0	1	81.0
2025-03-17	v2.virtualflybrain.org	FBbt_00001446	VFB_00050000	0	1	60.0
2025-03-17	v2.virtualflybrain.org	FBbt_00001675	VFB_00049000	0	1	139.0
2025-03-17	v2.virtualflybrain.org	FBbt_00001760	VFB_00049000	0	1	18.0
2025-03-17	v2.virtualflybrain.org	FBbt_00001761	VFB_00049000	0	1	194.0
2025-03-17	v2.virtualflybrain.org	FBbt_00001911	VFB_00050000	0	3	18.0
2025-03-17	v2.virtualflybrain.org	FBbt_00003625	VFB_00101567	3	1	40.0
2025-03-17	v2.virtualflybrain.org	FBbt_00003679	VFB_00101567	0	1	13.0
2025-03-17	v2.virtualflybrain.org	FBbt_00003681	VFB_00101567	1	5	81.0
2025-03-17	v2.virtualflybrain.org	FBbt_00003682	VFB_00101567	0	1	26.0
2025-03-17	v2.virtualflybrain.org	FBbt_00003748	VFB_00101567	1	2	7.0
2025-03-17	v2.virtualflybrain.org	FBbt_00005780	VFB_00101567	0	1	10.0
2025-03-17	v2.virtualflybrain.org	FBbt_00005801	VFB_00049000	1	3	118.0
2025-03-17	v2.virtualflybrain.org	FBbt_00007066	VFB_00049000	0	1	143.0
2025-03-17	v2.virtualflybrain.org	FBbt_00007145	VFB_00101567	0	2	47.0
2025-03-17	v2.virtualflybrain.org	FBbt_00007224	VFB_00049000	0	1	232.0
2025-03-17	v2.virtualflybrain.org	FBbt_00040041	VFB_00101567	0	2	4.0
2025-03-17	v2.virtualflybrain.org	FBbt_00040042	VFB_00101567	4	3	3.0
2025-03-17	v2.virtualflybrain.org	FBbt_00045048	VFB_00017894	5	1	0.0
2025-03-17	v2.virtualflybrain.org	FBbt_00045051	VFB_00101567	2	1	0.0
2025-03-17	v2.virtualflybrain.org	FBbt_00047143	VFB_00101567	0	1	402.0
2025-03-17	v2.virtualflybrain.org	FBbt_00047224	VFB_00101567	0	2	8.0
2025-03-17	v2.virtualflybrain.org	FBbt_00048126	VFB_00101567	0	1	37.0
2025-03-17	v2.virtualflybrain.org	FBbt_00049036	VFB_00050000	0	1	125.0
2025-03-17	v2.virtualflybrain.org	FBbt_00049268	VFB_00049000	0	1	20.0
2025-03-17	v2.virtualflybrain.org	FBbt_00049721	VFB_00101567	0	1	0.0
2025-03-17	v2.virtualflybrain.org	FBbt_00049724	VFB_00101567	0	1	0.0
2025-03-17	v2.virtualflybrain.org	FBbt_00049727	VFB_00101567	0	1	0.0
2025-03-17	v2.virtualflybrain.org	FBbt_00049730	VFB_00101567	0	1	0.0
2025-03-17	v2.virtualflybrain.org	FBbt_00049731	VFB_00101567	0	3	5.0
2025-03-17	v2.virtualflybrain.org	FBbt_00049772	VFB_00101567	0	1	0.0
2025-03-17	v2.virtualflybrain.org	FBbt_00049856	VFB_00049000	1	2	99.0
2025-03-17	v2.virtualflybrain.org	FBbt_00049917	VFB_00101567	2	1	0.0
2025-03-17	v2.virtualflybrain.org	FBbt_00052193	VFB_00050000	1	1	0.0
2025-03-17	v2.virtualflybrain.org	FBbt_00052249	VFB_00101567	1	1	124.0
2025-03-17	v2.virtualflybrain.org	FBbt_00052610	VFB_00101567	0	1	0.0
2025-03-17	v2.virtualflybrain.org	FBbt_00052611	VFB_00101567	0	1	278.0
2025-03-17	v2.virtualflybrain.org	FBbt_00110019		1	1	0.0
2025-03-17	v2.virtualflybrain.org	FBbt_00110035	VFB_00049000	0	2	74.0
2025-03-17	v2.virtualflybrain.org	FBbt_00110197	VFB_00049000	0	1	65.0
2025-03-17	v2.virtualflybrain.org	FBbt_00110199	VFB_00049000	0	1	32.0
2025-03-17	v2.virtualflybrain.org	FBbt_00110273	VFB_00050000	2	1	0.0
2025-03-17	v2.virtualflybrain.org	FBbt_00111203	VFB_00049000	0	1	500.0
2025-03-17	v2.virtualflybrain.org	FBbt_00111308	VFB_00101567	0	1	938.0
2025-03-17	v2.virtualflybrain.org	FBbt_00111339	VFB_00101567	0	2	1.0
2025-03-17	v2.virtualflybrain.org	FBbt_00111341	VFB_00101567	0	1	0.0
2025-03-17	v2.virtualflybrain.org	FBbt_00111670	VFB_00101567	0	2	138.0
2025-03-17	v2.virtualflybrain.org	FBbt_00111688	VFB_00101567	2	3	347.0
2025-03-17	v2.virtualflybrain.org	FBcv_0006003		1	1	0.0
2025-03-17	v2.virtualflybrain.org	GO_0004993	VFB_00101567	0	1	0.0
2025-03-17	v2.virtualflybrain.org	GO_0008227	VFB_00101567	0	2	54.0
2025-03-17	v2.virtualflybrain.org	VFB_00004662	VFB_00101567	0	1	10.0
2025-03-17	v2.virtualflybrain.org	VFB_00006343	VFB_00101567	21	2	10.0
2025-03-17	v2.virtualflybrain.org	VFB_00009862	VFB_00101567	0	1	16.0
2025-03-17	v2.virtualflybrain.org	VFB_00017894	VFB_00017894	1	4	88.0
2025-03-17	v2.virtualflybrain.org	VFB_00030786	VFB_00030786	0	1	0.0
2025-03-17	v2.virtualflybrain.org	VFB_00030852	VFB_00030786	24	1	1.0
2025-03-17	v2.virtualflybrain.org	VFB_00030867	VFB_00017894	24	2	0.0
2025-03-17	v2.virtualflybrain.org	VFB_00030867	VFB_00101567	24	1	0.0
2025-03-17	v2.virtualflybrain.org	VFB_00049000	VFB_00049000	2	14	91.0
2025-03-17	v2.virtualflybrain.org	VFB_00050000	VFB_00050000	0	5	0.0
2025-03-17	v2.virtualflybrain.org	VFB_00050277	VFB_00049000	3	4	329.0
2025-03-17	v2.virtualflybrain.org	VFB_00050505	VFB_00049000	3	5	0.0
2025-03-17	v2.virtualflybrain.org	VFB_00050505	VFB_00101567	0	1	11.0
2025-03-17	v2.virtualflybrain.org	VFB_00051212	VFB_00049000	0	2	372.0
2025-03-17	v2.virtualflybrain.org	VFB_00051214	VFB_00049000	0	1	335.0
2025-03-17	v2.virtualflybrain.org	VFB_00053291	VFB_00049000	6	3	76.0
2025-03-17	v2.virtualflybrain.org	VFB_00053291	VFB_00101567	0	2	217.0
2025-03-17	v2.virtualflybrain.org	VFB_00069371	VFB_00101567	0	1	79.0
2025-03-17	v2.virtualflybrain.org	VFB_00069617	VFB_00101567	0	2	12.0
2025-03-17	v2.virtualflybrain.org	VFB_001001mx	VFB_00050000	0	4	121.0
2025-03-17	v2.virtualflybrain.org	VFB_0010024z	VFB_00050000	16	1	0.0
2025-03-17	v2.virtualflybrain.org	VFB_00100258	VFB_00050000	0	1	18.0
2025-03-17	v2.virtualflybrain.org	VFB_00100362	VFB_00050000	0	1	30.0
2025-03-17	v2.virtualflybrain.org	VFB_00100500	VFB_00050000	0	1	14.0
2025-03-17	v2.virtualflybrain.org	VFB_00100612	VFB_00050000	8	1	0.0
2025-03-17	v2.virtualflybrain.org	VFB_00100768	VFB_00050000	0	1	7.0
2025-03-17	v2.virtualflybrain.org	VFB_00100850	VFB_00050000	2	1	0.0
2025-03-17	v2.virtualflybrain.org	VFB_00100850	VFB_00101567	2	1	0.0
2025-03-17	v2.virtualflybrain.org	VFB_00100d2k	VFB_00101567	1	1	4.0
2025-03-17	v2.virtualflybrain.org	VFB_00100d2k	VFB_00200000	13	1	3.0
2025-03-17	v2.virtualflybrain.org	VFB_001011rh	VFB_00101567	0	3	4.0
2025-03-17	v2.virtualflybrain.org	VFB_001013ef	VFB_00101567	0	2	145.0
2025-03-17	v2.virtualflybrain.org	VFB_001013vq	VFB_001013vq	3	2	24.0
2025-03-17	v2.virtualflybrain.org	VFB_001013vq	VFB_00101567	1	2	0.0
2025-03-17	v2.virtualflybrain.org	VFB_001014uq	VFB_00110000	1	1	119.0
2025-03-17	v2.virtualflybrain.org	VFB_00101567	VFB_00101567	127	73	2450.0
2025-03-17	v2.virtualflybrain.org	VFB_00102119	VFB_00101567	1	2	81.0
2025-03-17	v2.virtualflybrain.org	VFB_00102123	VFB_00101567	0	1	22.0
2025-03-17	v2.virtualflybrain.org	VFB_00102170	VFB_00101567	13	1	4.0
2025-03-17	v2.virtualflybrain.org	VFB_00102efi	VFB_00120000	13	1	4.0
2025-03-17	v2.virtualflybrain.org	VFB_00110000	VFB_00110000	0	1	1.0
2025-03-17	v2.virtualflybrain.org	VFB_00200000	VFB_00200000	1	2	0.0
2025-03-17	v2.virtualflybrain.org	VFB_fw001747	VFB_00101567	0	2	173.0
2025-03-17	v2.virtualflybrain.org	VFB_fw034617	VFB_00101567	24	1	14.0
2025-03-17	v2.virtualflybrain.org	VFB_fw034989	VFB_00101567	15	1	0.0
2025-03-17	v2.virtualflybrain.org	VFB_fw036522		1	1	0.0
2025-03-17	v2.virtualflybrain.org	VFB_fw036522	VFB_00101567	0	1	26.0
2025-03-17	v2.virtualflybrain.org	VFB_jrch01rj	VFB_00101567	3	2	0.0
2025-03-17	v2.virtualflybrain.org	VFB_jrch01rj	VFB_jrch01rj	2	2	35.0
2025-03-17	v2.virtualflybrain.org	VFB_jrchjte0	VFB_00101567	0	1	57.0
2025-03-17	v2.virtualflybrain.org	VFB_jrchjtpj	VFB_00101567	16	1	16.0
2025-03-17	v2.virtualflybrain.org	VFB_jrchk0ve	VFB_00101567	0	1	0.0
2025-03-17	v2.virtualflybrain.org	VFB_jrchk7hw	VFB_00101567	0	2	218.0
2025-03-17	v2.virtualflybrain.org	VFB_jrchk7in	VFB_00101567	0	1	40.0
2025-03-17	v2.virtualflybrain.org	VFB_jrchk7iq	VFB_00101567	0	2	113.0
2025-03-17	v2.virtualflybrain.org	VFB_jrchk7is	VFB_00101567	0	1	0.0
2025-03-17	v2.virtualflybrain.org	VFB_jrchk7j2	VFB_00101567	0	1	18.0
2025-03-17	v2.virtualflybrain.org	VFB_jrchk7j6	VFB_00101567	0	1	756.0
2025-03-17	v2.virtualflybrain.org	VFB_jrchk7ja	VFB_00101567	0	2	61.0
2025-03-17	v2.virtualflybrain.org	VFB_jrchk7jb	VFB_00101567	0	1	37.0
2025-03-17	v2.virtualflybrain.org	VFB_jrchk7je	VFB_00101567	0	1	88.0
2025-03-17	v2.virtualflybrain.org	VFB_jrchk7jg	VFB_00101567	0	1	20.0
2025-03-17	v2.virtualflybrain.org	VFB_jrchk7jh	VFB_00101567	0	1	75.0
2025-03-17	v2.virtualflybrain.org	VFBexp_FBtp0058	VFB_00049000	0	1	55.0
2025-03-17	v2.virtualflybrain.org	VFBexp_FBtp0058	VFB_00050000	0	3	362.0
2025-03-17	v2.virtualflybrain.org	VFBexp_FBtp0058	VFB_00101567	0	1	122.0
2025-03-17	v2.virtualflybrain.org	VFBexp_FBtp0099		1	1	1.0
2025-03-17	v2.virtualflybrain.org	VFBexp_FBtp0124	VFB_00101567	24	1	0.0
2025-03-18		FBbt_00003624		14	7	0.0
2025-03-18		FBbt_00003624	VFB_00101567	20	8	0.0
2025-03-18		FBbt_00003629		1	1	0.0
2025-03-18		FBbt_00003629	VFB_00101567	1	1	0.0
2025-03-18		FBbt_00003681		1	1	0.0
2025-03-18		FBbt_00003681	VFB_00101567	1	1	0.0
2025-03-18		FBbt_00003682		1	1	0.0
2025-03-18		FBbt_00003682	VFB_00101567	1	1	0.0
2025-03-18		FBbt_00003684		1	1	0.0
2025-03-18		FBbt_00003684	VFB_00101567	1	1	0.0
2025-03-18		FBbt_00003748		2	2	0.0
2025-03-18		FBbt_00003748	VFB_00101567	2	2	0.0
2025-03-18		FBbt_00003761		3	1	0.0
2025-03-18		FBbt_00003761	VFB_00049000	2	2	0.0
2025-03-18		FBbt_00003761	VFB_00050000	1	1	0.0
2025-03-18		FBbt_00004011		11	1	95.0
2025-03-18		FBbt_00004011	VFB_00050000	11	1	0.0
2025-03-18		FBbt_00004045		1	1	0.0
2025-03-18		FBbt_00004045	VFB_00101567	1	1	0.0
2025-03-18		FBbt_00005801		1	1	0.0
2025-03-18		FBbt_00005801	VFB_00101567	1	1	0.0
2025-03-18		FBbt_00007385		1	1	0.0
2025-03-18		FBbt_00007385	VFB_00101567	1	1	0.0
2025-03-18		FBbt_00007401		2	1	14.0
2025-03-18		FBbt_00007401	VFB_00101567	4	1	0.0
2025-03-18		FBbt_00007429		1	1	0.0
2025-03-18		FBbt_00007429	VFB_00101567	1	1	0.0
2025-03-18		FBbt_00007453		4	1	0.0
2025-03-18		FBbt_00007453	VFB_00101567	4	1	0.0
2025-03-18		FBbt_00007677		4	1	0.0
2025-03-18		FBbt_00007677	VFB_00101567	4	2	0.0
2025-03-18		FBbt_00007703		2	1	0.0
2025-03-18		FBbt_00007703	VFB_00049000	2	1	0.0
2025-03-18		FBbt_00007707		1	1	0.0
2025-03-18		FBbt_00007707	VFB_00049000	1	1	0.0
2025-03-18		FBbt_00007708		1	1	0.0
2025-03-18		FBbt_00007708	VFB_00049000	1	1	0.0
2025-03-18		FBbt_00007709		2	2	0.0
2025-03-18		FBbt_00007709	VFB_00049000	2	2	0.0
2025-03-18		FBbt_00013688		9	1	0.0
2025-03-18		FBbt_00013688	VFB_00101567	9	2	0.0
2025-03-18		FBbt_00014013		1	1	0.0
2025-03-18		FBbt_00014013	VFB_00101567	1	1	0.0
2025-03-18		FBbt_00015407		1	1	0.0
2025-03-18		FBbt_00015407	VFB_00101567	1	1	0.0
2025-03-18		FBbt_00040039		2	1	0.0
2025-03-18		FBbt_00040039	VFB_00101567	2	1	0.0
2025-03-18		FBbt_00040041		3	3	0.0
2025-03-18		FBbt_00040041	VFB_00101567	3	3	0.0
2025-03-18		FBbt_00040042		9	2	0.0
2025-03-18		FBbt_00040042	VFB_00101567	9	2	0.0
2025-03-18		FBbt_00040043		2	2	0.0
2025-03-18		FBbt_00040043	VFB_00101567	2	2	0.0
2025-03-18		FBbt_00040049		1	1	1.0
2025-03-18		FBbt_00040049	VFB_00101567	1	1	0.0
2025-03-18		FBbt_00045027		1	1	0.0
2025-03-18		FBbt_00045027	VFB_00101567	1	1	0.0
2025-03-18		FBbt_00045048		7	3	0.0
2025-03-18		FBbt_00045048	VFB_00017894	4	1	0.0
2025-03-18		FBbt_00045048	VFB_00101567	3	3	0.0
2025-03-18		FBbt_00045051		2	1	0.0
2025-03-18		FBbt_00045051	VFB_00101567	2	1	0.0
2025-03-18		FBbt_00047126		2	1	30.0
2025-03-18		FBbt_00047126	VFB_00101567	2	1	0.0
2025-03-18		FBbt_00047127		1	1	0.0
2025-03-18		FBbt_00047127	VFB_00101567	1	1	0.0
2025-03-18		FBbt_00047185		4	1	23.0
2025-03-18		FBbt_00047185	VFB_00101567	4	1	0.0
2025-03-18		FBbt_00047631		1	1	1.0
2025-03-18		FBbt_00047631	VFB_00101567	1	1	0.0
2025-03-18		FBbt_00048357		3	1	0.0
2025-03-18		FBbt_00048357	VFB_00101567	3	1	0.0
2025-03-18		FBbt_00048427		6	1	40.0
2025-03-18		FBbt_00048427	VFB_00101567	6	2	0.0
2025-03-18		FBbt_00049851		1	1	0.0
2025-03-18		FBbt_00049851	VFB_00101567	1	1	0.0
2025-03-18		FBbt_00050113		5	2	7.0
2025-03-18		FBbt_00050113	VFB_00101567	8	3	0.0
2025-03-18		FBbt_00050114		1	1	0.0
2025-03-18		FBbt_00050114	VFB_00101567	1	1	0.0
2025-03-18		FBbt_00051201		1	1	0.0
2025-03-18		FBbt_00051201	VFB_00101567	1	1	0.0
2025-03-18		FBbt_00052273		3	1	29.0
2025-03-18		FBbt_00052273	VFB_00101567	4	2	0.0
2025-03-18		FBbt_00052692		1	1	0.0
2025-03-18		FBbt_00052692	VFB_00101567	1	1	0.0
2025-03-18		FBbt_00110035		2	1	0.0
2025-03-18		FBbt_00110035	VFB_00050000	1	1	0.0
2025-03-18		FBbt_00110035	VFB_00101567	1	1	0.0
2025-03-18		FBbt_00110120		1	1	0.0
2025-03-18		FBbt_00110120	VFB_00101567	1	1	0.0
2025-03-18		FBbt_00110414		3	1	0.0
2025-03-18		FBbt_00110414	VFB_00101567	3	3	0.0
2025-03-18		FBbt_00110415		1	1	0.0
2025-03-18		FBbt_00110415	VFB_00101567	1	1	0.0
2025-03-18		FBbt_00110416		1	1	0.0
2025-03-18		FBbt_00110416	VFB_00101567	1	1	0.0
2025-03-18		FBbt_00110423		5	1	0.0
2025-03-18		FBbt_00110423	VFB_00101567	5	2	0.0
2025-03-18		FBbt_00110486		1	1	0.0
2025-03-18		FBbt_00110486	VFB_00101567	1	1	0.0
2025-03-18		FBbt_00110544		3	1	0.0
2025-03-18		FBbt_00110544	VFB_00101567	3	1	0.0
2025-03-18		FBbt_00110545		3	1	0.0
2025-03-18		FBbt_00110545	VFB_00101567	3	1	0.0
2025-03-18		FBbt_00110552		1	1	0.0
2025-03-18		FBbt_00110552	VFB_00101567	1	1	0.0
2025-03-18		FBbt_00110632		1	1	0.0
2025-03-18		FBbt_00110632	VFB_00101567	1	1	0.0
2025-03-18		FBbt_00110933		2	1	0.0
2025-03-18		FBbt_00110933	VFB_00101567	2	1	0.0
2025-03-18		FBbt_00111341		5	1	0.0
2025-03-18		FBbt_00111341	VFB_00101567	5	1	0.0
2025-03-18		FBbt_00111747		1	1	0.0
2025-03-18		FBbt_00111747	VFB_00101567	1	1	0.0
2025-03-18		FBbt_20003492		1	1	0.0
2025-03-18		FBbt_20003492	VFB_00101567	1	1	0.0
2025-03-18		VFB_00000733		2	1	0.0
2025-03-18		VFB_00000733	VFB_00101567	2	1	0.0
2025-03-18		VFB_00001142		4	1	0.0
2025-03-18		VFB_00001142	VFB_00101567	4	2	0.0
2025-03-18		VFB_00001503		5	1	2.0
2025-03-18		VFB_00001503	VFB_00101567	5	1	0.0
2025-03-18		VFB_00001577		6	1	2.0
2025-03-18		VFB_00001577	VFB_00101567	6	1	0.0
2025-03-18		VFB_00001780		28	1	50.0
2025-03-18		VFB_00001780	VFB_00101567	33	6	0.0
2025-03-18		VFB_00001922		10	1	58.0
2025-03-18		VFB_00001922	VFB_00101567	5	3	0.0
2025-03-18		VFB_00003721		2	1	0.0
2025-03-18		VFB_00003721	VFB_00101567	2	1	0.0
2025-03-18		VFB_00003757		2	1	0.0
2025-03-18		VFB_00003757	VFB_00101567	2	1	0.0
2025-03-18		VFB_00004474		2	1	0.0
2025-03-18		VFB_00004474	VFB_00101567	2	1	0.0
2025-03-18		VFB_00004510		2	1	0.0
2025-03-18		VFB_00004510	VFB_00101567	2	1	0.0
2025-03-18		VFB_00004572		34	1	27.0
2025-03-18		VFB_00004572	VFB_00101567	34	6	0.0
2025-03-18		VFB_00004581		2	1	0.0
2025-03-18		VFB_00004581	VFB_00101567	2	1	0.0
2025-03-18		VFB_00004651		2	1	0.0
2025-03-18		VFB_00004651	VFB_00101567	2	1	0.0
2025-03-18		VFB_00004654		2	1	0.0
2025-03-18		VFB_00004654	VFB_00101567	2	1	0.0
2025-03-18		VFB_00004667		2	1	0.0
2025-03-18		VFB_00004667	VFB_00101567	2	1	0.0
2025-03-18		VFB_00004710		2	1	0.0
2025-03-18		VFB_00004710	VFB_00101567	2	2	0.0
2025-03-18		VFB_00004729		2	1	1.0
2025-03-18		VFB_00004729	VFB_00101567	2	1	0.0
2025-03-18		VFB_00004748		2	1	0.0
2025-03-18		VFB_00004748	VFB_00101567	2	1	0.0
2025-03-18		VFB_00006252		2	1	0.0
2025-03-18		VFB_00006252	VFB_00101567	2	1	0.0
2025-03-18		VFB_00006279		2	1	0.0
2025-03-18		VFB_00006279	VFB_00101567	2	1	0.0
2025-03-18		VFB_00006282		7	1	35.0
2025-03-18		VFB_00006282	VFB_00101567	7	1	0.0
2025-03-18		VFB_00006313		2	1	0.0
2025-03-18		VFB_00006313	VFB_00101567	2	1	0.0
2025-03-18		VFB_00006343		18	1	24.0
2025-03-18		VFB_00006343	VFB_00101567	18	1	0.0
2025-03-18		VFB_00006344		2	1	0.0
2025-03-18		VFB_00006344	VFB_00101567	2	1	0.0
2025-03-18		VFB_00006362		2	1	0.0
2025-03-18		VFB_00006362	VFB_00101567	2	1	0.0
2025-03-18		VFB_00006370		2	1	0.0
2025-03-18		VFB_00006370	VFB_00101567	2	1	0.0
2025-03-18		VFB_00006374		2	1	0.0
2025-03-18		VFB_00006374	VFB_00101567	2	1	0.0
2025-03-18		VFB_00007086		7	1	10.0
2025-03-18		VFB_00007086	VFB_00101567	7	2	0.0
2025-03-18		VFB_00007292		1	1	0.0
2025-03-18		VFB_00007292	VFB_00101567	2	1	0.0
2025-03-18		VFB_00007325		2	1	0.0
2025-03-18		VFB_00007325	VFB_00101567	2	1	0.0
2025-03-18		VFB_00007347		2	1	0.0
2025-03-18		VFB_00007347	VFB_00101567	2	1	0.0
2025-03-18		VFB_00007358		2	1	0.0
2025-03-18		VFB_00007358	VFB_00101567	2	1	0.0
2025-03-18		VFB_00007366		2	1	0.0
2025-03-18		VFB_00007366	VFB_00101567	2	1	0.0
2025-03-18		VFB_00007807		2	1	0.0
2025-03-18		VFB_00007807	VFB_00101567	2	1	0.0
2025-03-18		VFB_00007815		2	1	0.0
2025-03-18		VFB_00007815	VFB_00101567	2	1	0.0
2025-03-18		VFB_00007873		2	1	0.0
2025-03-18		VFB_00007873	VFB_00101567	2	1	0.0
2025-03-18		VFB_00007897		2	1	0.0
2025-03-18		VFB_00007897	VFB_00101567	2	1	0.0
2025-03-18		VFB_00009543		2	1	0.0
2025-03-18		VFB_00009543	VFB_00101567	2	1	0.0
2025-03-18		VFB_00009862		3	1	0.0
2025-03-18		VFB_00009862	VFB_00101567	3	2	0.0
2025-03-18		VFB_00009963		2	1	0.0
2025-03-18		VFB_00009963	VFB_00101567	2	1	0.0
2025-03-18		VFB_00010570		2	1	0.0
2025-03-18		VFB_00010570	VFB_00101567	2	1	0.0
2025-03-18		VFB_00011438		2	1	0.0
2025-03-18		VFB_00011438	VFB_00101567	2	1	0.0
2025-03-18		VFB_00011450		2	1	0.0
2025-03-18		VFB_00011450	VFB_00101567	2	1	0.0
2025-03-18		VFB_00011486		2	1	0.0
2025-03-18		VFB_00011486	VFB_00101567	2	1	0.0
2025-03-18		VFB_00011560		6	1	10.0
2025-03-18		VFB_00011560	VFB_00101567	11	1	0.0
2025-03-18		VFB_00011597		7	1	12.0
2025-03-18		VFB_00011597	VFB_00101567	2	1	0.0
2025-03-18		VFB_00012839		35	1	23.0
2025-03-18		VFB_00012839	VFB_00101567	58	5	0.0
2025-03-18		VFB_00012868		2	1	0.0
2025-03-18		VFB_00012868	VFB_00101567	2	1	0.0
2025-03-18		VFB_00012918		2	1	4.0
2025-03-18		VFB_00012918	VFB_00101567	2	1	0.0
2025-03-18		VFB_00014553		2	1	0.0
2025-03-18		VFB_00014553	VFB_00101567	2	1	0.0
2025-03-18		VFB_00014922		2	1	0.0
2025-03-18		VFB_00014922	VFB_00101567	2	1	0.0
2025-03-18		VFB_00015677		3	1	5.0
2025-03-18		VFB_00015677	VFB_00101567	3	2	0.0
2025-03-18		VFB_00017894		1	1	1.0
2025-03-18		VFB_00017894	VFB_00017894	1	1	0.0
2025-03-18		VFB_00020038		16	2	17.0
2025-03-18		VFB_00020038	VFB_00101567	12	3	0.0
2025-03-18		VFB_00020116		8	1	1.0
2025-03-18		VFB_00020116	VFB_00101567	8	1	0.0
2025-03-18		VFB_00020150		1	1	25.0
2025-03-18		VFB_00020150	VFB_00101567	1	1	0.0
2025-03-18		VFB_00022559		5	1	9.0
2025-03-18		VFB_00022559	VFB_00101567	5	2	0.0
2025-03-18		VFB_00022739		5	1	9.0
2025-03-18		VFB_00022739	VFB_00101567	5	2	0.0
2025-03-18		VFB_00022744		2	1	0.0
2025-03-18		VFB_00022744	VFB_00101567	2	1	0.0
2025-03-18		VFB_00024203		1	1	0.0
2025-03-18		VFB_00024203	VFB_00101567	2	1	0.0
2025-03-18		VFB_00030852		24	1	0.0
2025-03-18		VFB_00030852	VFB_00030786	24	1	0.0
2025-03-18		VFB_00030867		56	3	25.0
2025-03-18		VFB_00030867	VFB_00017894	25	2	0.0
2025-03-18		VFB_00030867	VFB_00101567	31	3	0.0
2025-03-18		VFB_00039593		2	1	7.0
2025-03-18		VFB_00039593	VFB_00101567	2	1	0.0
2025-03-18		VFB_00048234		4	1	67.0
2025-03-18		VFB_00048234	VFB_00101567	4	2	0.0
2025-03-18		VFB_00049000		7	3	3.0
2025-03-18		VFB_00049000	VFB_00049000	11	6	16.0
2025-03-18		VFB_00050000		4	3	0.0
2025-03-18		VFB_00050000	VFB_00050000	63	29	79.0
2025-03-18		VFB_00050315		6	1	10.0
2025-03-18		VFB_00050315	VFB_00049000	6	2	0.0
2025-03-18		VFB_00050505		6	1	27.0
2025-03-18		VFB_00050505	VFB_00049000	5	1	0.0
2025-03-18		VFB_00050505	VFB_00101567	1	1	0.0
2025-03-18		VFB_00059495		5	1	29.0
2025-03-18		VFB_00059495	VFB_00049000	3	1	0.0
2025-03-18		VFB_00059495	VFB_00050000	2	1	0.0
2025-03-18		VFB_00068949		1	1	0.0
2025-03-18		VFB_00068949	VFB_00101567	1	1	0.0
2025-03-18		VFB_00069081		2	1	0.0
2025-03-18		VFB_00069081	VFB_00101567	2	1	0.0
2025-03-18		VFB_001001su		2	1	0.0
2025-03-18		VFB_001001su	VFB_00101567	2	1	0.0
2025-03-18		VFB_0010024z		2	1	0.0
2025-03-18		VFB_0010024z	VFB_00050000	2	1	0.0
2025-03-18		VFB_00100565		15	1	52.0
2025-03-18		VFB_00100565	VFB_00049000	11	2	0.0
2025-03-18		VFB_00100565	VFB_00050000	4	1	0.0
2025-03-18		VFB_00100612		2	1	0.0
2025-03-18		VFB_00100612	VFB_00050000	2	1	0.0
2025-03-18		VFB_00100732		1	1	0.0
2025-03-18		VFB_00100732	VFB_00050000	1	1	0.0
2025-03-18		VFB_00100733		1	1	0.0
2025-03-18		VFB_00100733	VFB_00050000	1	1	0.0
2025-03-18		VFB_00100735		1	1	0.0
2025-03-18		VFB_00100735	VFB_00050000	1	1	0.0
2025-03-18		VFB_00100740		1	1	0.0
2025-03-18		VFB_00100740	VFB_00050000	1	1	0.0
2025-03-18		VFB_00100761		1	1	0.0
2025-03-18		VFB_00100761	VFB_00050000	1	1	0.0
2025-03-18		VFB_00100765		1	1	0.0
2025-03-18		VFB_00100765	VFB_00050000	1	1	0.0
2025-03-18		VFB_00100770		1	1	0.0
2025-03-18		VFB_00100770	VFB_00050000	1	1	0.0
2025-03-18		VFB_00100785		1	1	0.0
2025-03-18		VFB_00100785	VFB_00050000	1	1	0.0
2025-03-18		VFB_00100786		1	1	0.0
2025-03-18		VFB_00100786	VFB_00050000	1	1	0.0
2025-03-18		VFB_00100848		1	1	0.0
2025-03-18		VFB_00100848	VFB_00050000	1	1	0.0
2025-03-18		VFB_00100850		13	2	89.0
2025-03-18		VFB_00100850	VFB_00050000	11	3	0.0
2025-03-18		VFB_00100865		6	1	36.0
2025-03-18		VFB_00100865	VFB_00050000	6	2	0.0
2025-03-18		VFB_00100870		6	1	125.0
2025-03-18		VFB_00100870	VFB_00050000	1	1	0.0
2025-03-18		VFB_00100878		1	1	0.0
2025-03-18		VFB_00100878	VFB_00050000	6	1	0.0
2025-03-18		VFB_00100d2k		27	2	0.0
2025-03-18		VFB_00100d2k	VFB_00101567	1	1	0.0
2025-03-18		VFB_00100d2k	VFB_00200000	26	2	0.0
2025-03-18		VFB_00100v15		14	1	49.0
2025-03-18		VFB_00100v15	VFB_00101567	12	1	0.0
2025-03-18		VFB_00100wkq		9	1	20.0
2025-03-18		VFB_00100wkq	VFB_00101567	9	1	0.0
2025-03-18		VFB_00100wl5		24	1	60.0
2025-03-18		VFB_00100wl5	VFB_00101567	25	4	0.0
2025-03-18		VFB_00100zc9		13	1	45.0
2025-03-18		VFB_00100zc9	VFB_00101567	13	3	0.0
2025-03-18		VFB_0010133r		1	1	0.0
2025-03-18		VFB_0010133r	VFB_00101567	1	1	0.0
2025-03-18		VFB_001013tq		4	1	0.0
2025-03-18		VFB_001013tq	VFB_00101567	4	2	0.0
2025-03-18		VFB_001013tv		1	1	0.0
2025-03-18		VFB_001013tv	VFB_00101567	1	1	0.0
2025-03-18		VFB_001013tx		3	1	5.0
2025-03-18		VFB_001013tx	VFB_00101567	3	2	0.0
2025-03-18		VFB_001013vf		1	1	0.0
2025-03-18		VFB_001013vf	VFB_00101567	1	1	0.0
2025-03-18		VFB_0010141c		2	1	1.0
2025-03-18		VFB_0010141c	VFB_00101567	2	1	0.0
2025-03-18		VFB_001014uq		3	1	55.0
2025-03-18		VFB_001014uq	VFB_00101567	3	1	0.0
2025-03-18		VFB_00101567		215	43	197.0
2025-03-18		VFB_00101567	VFB_00101567	239	66	0.0
2025-03-18		VFB_00101748		5	1	52.0
2025-03-18		VFB_00101748	VFB_00050000	5	1	0.0
2025-03-18		VFB_00101877		4	1	14.0
2025-03-18		VFB_00101877	VFB_00050000	4	2	0.0
2025-03-18		VFB_00101st0		2	1	1.0
2025-03-18		VFB_00101st0	VFB_00101567	2	1	0.0
2025-03-18		VFB_00102107		2	1	4.0
2025-03-18		VFB_00102107	VFB_00101567	2	2	0.0
2025-03-18		VFB_00102108		3	1	0.0
2025-03-18		VFB_00102108	VFB_00101567	1	1	0.0
2025-03-18		VFB_00102109		2	1	0.0
2025-03-18		VFB_00102109	VFB_00101567	1	1	0.0
2025-03-18		VFB_00102110		2	1	0.0
2025-03-18		VFB_00102110	VFB_00101567	2	2	0.0
2025-03-18		VFB_00102114		2	1	0.0
2025-03-18		VFB_00102114	VFB_00101567	2	2	0.0
2025-03-18		VFB_00102118		2	1	0.0
2025-03-18		VFB_00102118	VFB_00101567	2	2	0.0
2025-03-18		VFB_00102119		3	1	0.0
2025-03-18		VFB_00102119	VFB_00101567	1	1	0.0
2025-03-18		VFB_00102121		2	1	0.0
2025-03-18		VFB_00102121	VFB_00101567	1	1	0.0
2025-03-18		VFB_00102123		2	1	0.0
2025-03-18		VFB_00102123	VFB_00101567	2	2	0.0
2025-03-18		VFB_00102124		2	1	0.0
2025-03-18		VFB_00102124	VFB_00101567	2	2	0.0
2025-03-18		VFB_00102133		2	1	0.0
2025-03-18		VFB_00102133	VFB_00101567	2	2	0.0
2025-03-18		VFB_00102134		2	1	0.0
2025-03-18		VFB_00102134	VFB_00101567	2	2	0.0
2025-03-18		VFB_00102135		2	1	0.0
2025-03-18		VFB_00102135	VFB_00101567	2	2	0.0
2025-03-18		VFB_00102137		1	1	0.0
2025-03-18		VFB_00102137	VFB_00101567	1	1	0.0
2025-03-18		VFB_00102139		2	1	0.0
2025-03-18		VFB_00102139	VFB_00101567	1	1	0.0
2025-03-18		VFB_00102140		1	1	0.0
2025-03-18		VFB_00102140	VFB_00101567	1	1	0.0
2025-03-18		VFB_00102141		2	1	0.0
2025-03-18		VFB_00102141	VFB_00101567	1	1	0.0
2025-03-18		VFB_00102146		2	1	0.0
2025-03-18		VFB_00102146	VFB_00101567	1	1	0.0
2025-03-18		VFB_00102148		2	1	0.0
2025-03-18		VFB_00102148	VFB_00101567	1	1	0.0
2025-03-18		VFB_00102152		2	1	0.0
2025-03-18		VFB_00102152	VFB_00101567	1	1	0.0
2025-03-18		VFB_00102154		2	1	0.0
2025-03-18		VFB_00102154	VFB_00101567	1	1	0.0
2025-03-18		VFB_00102159		1	1	0.0
2025-03-18		VFB_00102159	VFB_00101567	1	1	0.0
2025-03-18		VFB_00102162		3	1	0.0
2025-03-18		VFB_00102162	VFB_00101567	1	1	0.0
2025-03-18		VFB_00102164		1	1	0.0
2025-03-18		VFB_00102164	VFB_00101567	1	1	0.0
2025-03-18		VFB_00102170		3	1	0.0
2025-03-18		VFB_00102170	VFB_00101567	1	1	0.0
2025-03-18		VFB_00102171		1	1	0.0
2025-03-18		VFB_00102171	VFB_00101567	1	1	0.0
2025-03-18		VFB_00102174		3	1	0.0
2025-03-18		VFB_00102174	VFB_00101567	1	1	0.0
2025-03-18		VFB_00102175		2	1	0.0
2025-03-18		VFB_00102175	VFB_00101567	1	1	0.0
2025-03-18		VFB_00102176		2	1	0.0
2025-03-18		VFB_00102176	VFB_00101567	1	1	0.0
2025-03-18		VFB_00102179		2	1	0.0
2025-03-18		VFB_00102179	VFB_00101567	1	1	0.0
2025-03-18		VFB_00102185		2	1	0.0
2025-03-18		VFB_00102185	VFB_00101567	1	1	0.0
2025-03-18		VFB_00102190		2	1	0.0
2025-03-18		VFB_00102190	VFB_00101567	1	1	0.0
2025-03-18		VFB_00102201		7	1	11.0
2025-03-18		VFB_00102201	VFB_00101567	5	2	0.0
2025-03-18		VFB_00102212		6	2	3.0
2025-03-18		VFB_00102212	VFB_00101567	3	3	0.0
2025-03-18		VFB_00102213		2	1	0.0
2025-03-18		VFB_00102213	VFB_00101567	1	1	0.0
2025-03-18		VFB_00102214		3	1	0.0
2025-03-18		VFB_00102214	VFB_00101567	1	1	0.0
2025-03-18		VFB_00102215		3	1	0.0
2025-03-18		VFB_00102215	VFB_00101567	1	1	0.0
2025-03-18		VFB_00102218		4	2	2.0
2025-03-18		VFB_00102218	VFB_00101567	2	2	0.0
2025-03-18		VFB_00102271		14	2	630.0
2025-03-18		VFB_00102271	VFB_00101567	18	6	0.0
2025-03-18		VFB_00102273		3	1	0.0
2025-03-18		VFB_00102273	VFB_00101567	1	1	0.0
2025-03-18		VFB_00102274		3	1	0.0
2025-03-18		VFB_00102274	VFB_00101567	1	1	0.0
2025-03-18		VFB_00102275		2	1	0.0
2025-03-18		VFB_00102275	VFB_00101567	1	1	0.0
2025-03-18		VFB_00102276		4	1	0.0
2025-03-18		VFB_00102276	VFB_00101567	1	1	0.0
2025-03-18		VFB_00102280		1	1	0.0
2025-03-18		VFB_00102280	VFB_00101567	1	1	0.0
2025-03-18		VFB_00102281		4	1	0.0
2025-03-18		VFB_00102281	VFB_00101567	1	1	0.0
2025-03-18		VFB_00102282		2	1	0.0
2025-03-18		VFB_00102282	VFB_00101567	1	1	0.0
2025-03-18		VFB_001029ad		1	1	2.0
2025-03-18		VFB_001029ad	VFB_00101567	1	1	0.0
2025-03-18		VFB_00102dvm		3	1	1.0
2025-03-18		VFB_00102dvm	VFB_00101567	3	1	0.0
2025-03-18		VFB_00102esu		4	1	0.0
2025-03-18		VFB_00102esu	VFB_00050000	4	2	0.0
2025-03-18		VFB_00103576		6	1	2.0
2025-03-18		VFB_00103576	VFB_00101567	6	1	0.0
2025-03-18		VFB_00103vlw		2	1	0.0
2025-03-18		VFB_00103vlw	VFB_00101567	2	1	0.0
2025-03-18		VFB_fw000225		33	1	18.0
2025-03-18		VFB_fw000225	VFB_00101567	27	4	0.0
2025-03-18		VFB_fw000261		24	1	47.0
2025-03-18		VFB_fw000261	VFB_00101567	29	3	0.0
2025-03-18		VFB_fw000366		5	1	4.0
2025-03-18		VFB_fw000366	VFB_00101567	10	2	0.0
2025-03-18		VFB_fw001862		51	1	32.0
2025-03-18		VFB_fw001862	VFB_00101567	41	5	0.0
2025-03-18		VFB_fw002351		7	1	2.0
2025-03-18		VFB_fw002351	VFB_00101567	2	1	0.0
2025-03-18		VFB_fw002817		11	1	11.0
2025-03-18		VFB_fw002817	VFB_00101567	16	2	0.0
2025-03-18		VFB_fw007088		10	1	8.0
2025-03-18		VFB_fw007088	VFB_00101567	14	3	0.0
2025-03-18		VFB_fw008535		2	1	3.0
2025-03-18		VFB_fw008535	VFB_00101567	2	1	0.0
2025-03-18		VFB_fw009094		1	1	1.0
2025-03-18		VFB_fw009094	VFB_00101567	1	1	0.0
2025-03-18		VFB_fw009143		5	1	0.0
2025-03-18		VFB_fw009143	VFB_00101567	5	1	0.0
2025-03-18		VFB_fw009472		12	1	5.0
2025-03-18		VFB_fw009472	VFB_00101567	7	2	0.0
2025-03-18		VFB_fw014302		9	1	6.0
2025-03-18		VFB_fw014302	VFB_00101567	9	3	0.0
2025-03-18		VFB_fw019405		2	1	2.0
2025-03-18		VFB_fw019405	VFB_00101567	2	1	0.0
2025-03-18		VFB_fw022900		2	1	1.0
2025-03-18		VFB_fw022900	VFB_00101567	2	1	0.0
2025-03-18		VFB_fw025115		12	1	17.0
2025-03-18		VFB_fw025115	VFB_00101567	7	2	0.0
2025-03-18		VFB_fw031805		7	1	4.0
2025-03-18		VFB_fw031805	VFB_00101567	2	1	0.0
2025-03-18		VFB_fw032454		18	1	0.0
2025-03-18		VFB_fw032454	VFB_00101567	21	3	0.0
2025-03-18		VFB_fw032982		1	1	0.0
2025-03-18		VFB_fw032982	VFB_00101567	1	1	0.0
2025-03-18		VFB_fw033183		2	1	2.0
2025-03-18		VFB_fw033183	VFB_00101567	2	1	0.0
2025-03-18		VFB_fw033276		2	1	1.0
2025-03-18		VFB_fw033276	VFB_00101567	2	1	0.0
2025-03-18		VFB_fw033919		14	1	9.0
2025-03-18		VFB_fw033919	VFB_00101567	19	3	0.0
2025-03-18		VFB_fw034064		32	1	73.0
2025-03-18		VFB_fw034064	VFB_00101567	16	3	0.0
2025-03-18		VFB_fw034126		2	1	1.0
2025-03-18		VFB_fw034126	VFB_00101567	2	1	0.0
2025-03-18		VFB_fw034215		2	1	1.0
2025-03-18		VFB_fw034215	VFB_00101567	2	1	0.0
2025-03-18		VFB_fw034381		2	1	1.0
2025-03-18		VFB_fw034381	VFB_00101567	2	1	0.0
2025-03-18		VFB_fw034545		2	1	1.0
2025-03-18		VFB_fw034545	VFB_00101567	2	1	0.0
2025-03-18		VFB_fw034550		44	1	76.0
2025-03-18		VFB_fw034550	VFB_00101567	44	5	0.0
2025-03-18		VFB_fw034617		24	1	0.0
2025-03-18		VFB_fw034617	VFB_00101567	24	1	0.0
2025-03-18		VFB_fw034680		17	1	16.0
2025-03-18		VFB_fw034680	VFB_00101567	22	2	0.0
2025-03-18		VFB_fw034713		12	1	6.0
2025-03-18		VFB_fw034713	VFB_00101567	8	3	0.0
2025-03-18		VFB_fw034902		2	1	1.0
2025-03-18		VFB_fw034902	VFB_00101567	2	1	0.0
2025-03-18		VFB_fw034989		2	1	0.0
2025-03-18		VFB_fw034989	VFB_00101567	2	1	0.0
2025-03-18		VFB_fw035224		12	1	31.0
2025-03-18		VFB_fw035224	VFB_00101567	12	2	0.0
2025-03-18		VFB_fw035255		2	1	0.0
2025-03-18		VFB_fw035255	VFB_00101567	3	2	0.0
2025-03-18		VFB_fw035436		8	1	2.0
2025-03-18		VFB_fw035436	VFB_00101567	13	2	0.0
2025-03-18		VFB_fw035699		2	1	1.0
2025-03-18		VFB_fw035699	VFB_00101567	2	1	0.0
2025-03-18		VFB_fw035719		3	1	8.0
2025-03-18		VFB_fw035719	VFB_00101567	4	2	0.0
2025-03-18		VFB_fw035844		7	1	24.0
2025-03-18		VFB_fw035844	VFB_00101567	3	1	0.0
2025-03-18		VFB_fw036459		12	1	11.0
2025-03-18		VFB_fw036459	VFB_00101567	12	2	0.0
2025-03-18		VFB_fw036522		12	2	28.0
2025-03-18		VFB_fw036522	VFB_00101567	7	2	0.0
2025-03-18		VFB_fw036623		2	1	1.0
2025-03-18		VFB_fw036623	VFB_00101567	2	1	0.0
2025-03-18		VFB_fw036795		12	1	8.0
2025-03-18		VFB_fw036795	VFB_00101567	7	1	0.0
2025-03-18		VFB_fw038813		3	1	31.0
2025-03-18		VFB_fw038813	VFB_00101567	3	2	0.0
2025-03-18		VFB_fw039169		12	1	4.0
2025-03-18		VFB_fw039169	VFB_00101567	2	1	0.0
2025-03-18		VFB_fw040049		7	1	11.0
2025-03-18		VFB_fw040049	VFB_00101567	7	2	0.0
2025-03-18		VFB_fw040251		2	1	1.0
2025-03-18		VFB_fw040251	VFB_00101567	2	1	0.0
2025-03-18		VFB_fw040461		2	1	1.0
2025-03-18		VFB_fw040461	VFB_00101567	2	1	0.0
2025-03-18		VFB_fw041462		2	1	1.0
2025-03-18		VFB_fw041462	VFB_00101567	2	1	0.0
2025-03-18		VFB_fw042337		2	1	4.0
2025-03-18		VFB_fw042337	VFB_00101567	2	1	0.0
2025-03-18		VFB_fw043515		2	1	0.0
2025-03-18		VFB_fw043515	VFB_00101567	2	2	0.0
2025-03-18		VFB_fw043857		27	1	20.0
2025-03-18		VFB_fw043857	VFB_00101567	36	3	0.0
2025-03-18		VFB_fw044604		6	1	1.0
2025-03-18		VFB_fw044604	VFB_00101567	11	2	0.0
2025-03-18		VFB_jrch01rj		1	1	0.0
2025-03-18		VFB_jrch01rj	VFB_00101567	1	1	0.0
2025-03-18		VFB_jrchjtf1		3	1	16.0
2025-03-18		VFB_jrchjtf1	VFB_00101567	2	1	0.0
2025-03-18		VFB_jrchjtfl		2	1	3.0
2025-03-18		VFB_jrchjtfl	VFB_00101567	2	1	0.0
2025-03-18		VFB_jrchjtpj		12	1	17.0
2025-03-18		VFB_jrchjtpj	VFB_00101567	7	2	0.0
2025-03-18		VFB_jrchjyds		1	1	0.0
2025-03-18		VFB_jrchjyds	VFB_00101567	1	1	0.0
2025-03-18		VFB_jrchjyhb		2	1	2.0
2025-03-18		VFB_jrchjyhb	VFB_00101567	2	1	0.0
2025-03-18		VFB_jrchk08a		2	1	16.0
2025-03-18		VFB_jrchk08a	VFB_00101567	2	2	0.0
2025-03-18		VFB_jrchk0fr		4	1	20.0
2025-03-18		VFB_jrchk0fr	VFB_00101384	1	1	0.0
2025-03-18		VFB_jrchk0fr	VFB_00101567	3	2	0.0
2025-03-18		VFB_jrchk32k		2	1	1.0
2025-03-18		VFB_jrchk32k	VFB_00101567	2	1	0.0
2025-03-18		VFB_jrchk383		2	1	1.0
2025-03-18		VFB_jrchk383	VFB_00101567	2	1	0.0
2025-03-18		VFB_jrchk391		2	1	1.0
2025-03-18		VFB_jrchk391	VFB_00101567	2	1	0.0
2025-03-18		VFB_jrchk39l		2	1	1.0
2025-03-18		VFB_jrchk39l	VFB_00101567	2	1	0.0
2025-03-18		VFB_jrchk45h		2	1	0.0
2025-03-18		VFB_jrchk45h	VFB_00101567	2	1	0.0
2025-03-18		VFB_jrchk544		3	1	2.0
2025-03-18		VFB_jrchk544	VFB_00101567	3	1	0.0
2025-03-18		VFB_jrchk6e0		2	1	3.0
2025-03-18		VFB_jrchk6e0	VFB_00101567	2	1	0.0
2025-03-18		VFB_jrchk6f6		2	1	2.0
2025-03-18		VFB_jrchk6f6	VFB_00101567	2	1	0.0
2025-03-18		VFB_jrchk6g6		2	1	2.0
2025-03-18		VFB_jrchk6g6	VFB_00101567	2	1	0.0
2025-03-18		VFB_jrchk7f4		1	1	16.0
2025-03-18		VFB_jrchk7f4	VFB_00101567	1	1	0.0
2025-03-18		VFBexp_FBti0027		2	1	0.0
2025-03-18		VFBexp_FBti0027	VFB_00101567	2	1	0.0
2025-03-18		VFBexp_FBtp0058		1	1	0.0
2025-03-18		VFBexp_FBtp0058	VFB_00101567	1	1	0.0
2025-03-18		VFBexp_FBtp0098		1	1	0.0
2025-03-18		VFBexp_FBtp0098	VFB_00101567	1	1	0.0
2025-03-18		VFBexp_FBtp0099		1	1	0.0
2025-03-18		VFBexp_FBtp0099	VFB_00101567	1	1	0.0
2025-03-18		VFBexp_FBtp0114		7	1	0.0
2025-03-18		VFBexp_FBtp0114	VFB_00101567	7	1	0.0
2025-03-18		VFBexp_FBtp0117		3	1	0.0
2025-03-18		VFBexp_FBtp0117	VFB_00101567	3	1	0.0
2025-03-18		VFBexp_FBtp0121		6	2	0.0
2025-03-18		VFBexp_FBtp0121	VFB_00101567	6	3	0.0
2025-03-18		VFBexp_FBtp0124		25	2	0.0
2025-03-18		VFBexp_FBtp0124	VFB_00101567	25	2	0.0
2025-03-18		VFBext_0000010		4	2	20.0
2025-03-18		VFBext_0000010	VFB_00101567	4	2	0.0
2025-03-18		VFBlicense_FlyCircu		2	1	164.0
2025-03-18		VFBlicense_FlyCircu	VFB_00101567	2	1	0.0
2025-03-18	v2-dev.virtualflybrain.org	FBbt_00007401	VFB_00101567	0	2	29.0
2025-03-18	v2-dev.virtualflybrain.org	FBbt_00045048	VFB_00101567	0	1	9.0
2025-03-18	v2-dev.virtualflybrain.org	VFB_00049000	VFB_00049000	5	2	340.0
2025-03-18	v2-dev.virtualflybrain.org	VFB_00101567	VFB_00101567	2	9	22.0
2025-03-18	v2-dev.virtualflybrain.org	VFB_00102201	VFB_00101567	0	1	9.0
2025-03-18	v2-dev.virtualflybrain.org	VFB_00102271	VFB_00101567	5	2	33.0
2025-03-18	v2-dev.virtualflybrain.org	VFB_00102282	VFB_00101567	0	1	322.0
2025-03-18	v2-dev.virtualflybrain.org	VFB_fw009143	VFB_00101567	5	1	0.0
2025-03-18	v2.virtualflybrain.org	FBbt_00001081		1	1	12.0
2025-03-18	v2.virtualflybrain.org	FBbt_00003624	VFB_00101567	2	6	195.0
2025-03-18	v2.virtualflybrain.org	FBbt_00003681	VFB_00101567	0	1	43.0
2025-03-18	v2.virtualflybrain.org	FBbt_00003682	VFB_00101567	0	1	143.0
2025-03-18	v2.virtualflybrain.org	FBbt_00003684	VFB_00101567	0	1	55.0
2025-03-18	v2.virtualflybrain.org	FBbt_00003748	VFB_00101567	0	1	37.0
2025-03-18	v2.virtualflybrain.org	FBbt_00003761	VFB_00049000	0	2	34.0
2025-03-18	v2.virtualflybrain.org	FBbt_00003761	VFB_00050000	0	2	38.0
2025-03-18	v2.virtualflybrain.org	FBbt_00004011	VFB_00050000	0	2	263.0
2025-03-18	v2.virtualflybrain.org	FBbt_00004045	VFB_00101567	0	2	10.0
2025-03-18	v2.virtualflybrain.org	FBbt_00005801	VFB_00101567	0	1	27.0
2025-03-18	v2.virtualflybrain.org	FBbt_00007385	VFB_00101567	0	1	2.0
2025-03-18	v2.virtualflybrain.org	FBbt_00007429	VFB_00101567	0	1	17.0
2025-03-18	v2.virtualflybrain.org	FBbt_00007453	VFB_00101567	0	1	10.0
2025-03-18	v2.virtualflybrain.org	FBbt_00007677	VFB_00101567	0	2	7.0
2025-03-18	v2.virtualflybrain.org	FBbt_00007703	VFB_00049000	0	2	32.0
2025-03-18	v2.virtualflybrain.org	FBbt_00007707	VFB_00049000	0	1	1.0
2025-03-18	v2.virtualflybrain.org	FBbt_00007708	VFB_00049000	0	1	28.0
2025-03-18	v2.virtualflybrain.org	FBbt_00007709	VFB_00049000	0	2	34.0
2025-03-18	v2.virtualflybrain.org	FBbt_00013688	VFB_00101567	0	2	15.0
2025-03-18	v2.virtualflybrain.org	FBbt_00014013	VFB_00101567	0	1	3.0
2025-03-18	v2.virtualflybrain.org	FBbt_00015407	VFB_00101567	0	1	2.0
2025-03-18	v2.virtualflybrain.org	FBbt_00040039	VFB_00101567	0	1	125.0
2025-03-18	v2.virtualflybrain.org	FBbt_00040041	VFB_00101567	0	4	46.0
2025-03-18	v2.virtualflybrain.org	FBbt_00040042	VFB_00101567	8	2	9.0
2025-03-18	v2.virtualflybrain.org	FBbt_00040043	VFB_00101567	0	3	91.0
2025-03-18	v2.virtualflybrain.org	FBbt_00040049	VFB_00101567	0	1	7.0
2025-03-18	v2.virtualflybrain.org	FBbt_00045027	VFB_00101567	0	1	26.0
2025-03-18	v2.virtualflybrain.org	FBbt_00045048	VFB_00017894	7	1	0.0
2025-03-18	v2.virtualflybrain.org	FBbt_00045048	VFB_00101567	0	2	12.0
2025-03-18	v2.virtualflybrain.org	FBbt_00045051	VFB_00101567	2	1	0.0
2025-03-18	v2.virtualflybrain.org	FBbt_00047126	VFB_00101567	0	1	0.0
2025-03-18	v2.virtualflybrain.org	FBbt_00047127	VFB_00101567	0	2	27.0
2025-03-18	v2.virtualflybrain.org	FBbt_00047185	VFB_00101567	0	2	80.0
2025-03-18	v2.virtualflybrain.org	FBbt_00047631	VFB_00101567	0	1	33.0
2025-03-18	v2.virtualflybrain.org	FBbt_00048357	VFB_00101567	0	2	52.0
2025-03-18	v2.virtualflybrain.org	FBbt_00048427	VFB_00101567	0	2	7.0
2025-03-18	v2.virtualflybrain.org	FBbt_00049851	VFB_00101567	0	1	39.0
2025-03-18	v2.virtualflybrain.org	FBbt_00050113	VFB_00101567	0	3	47.0
2025-03-18	v2.virtualflybrain.org	FBbt_00050114	VFB_00101567	0	1	7.0
2025-03-18	v2.virtualflybrain.org	FBbt_00051201	VFB_00101567	0	1	13.0
2025-03-18	v2.virtualflybrain.org	FBbt_00052273		1	1	1.0
2025-03-18	v2.virtualflybrain.org	FBbt_00052273	VFB_00101567	0	3	31.0
2025-03-18	v2.virtualflybrain.org	FBbt_00052692	VFB_00101567	0	1	14.0
2025-03-18	v2.virtualflybrain.org	FBbt_00100507		1	1	13.0
2025-03-18	v2.virtualflybrain.org	FBbt_00110035	VFB_00050000	0	1	49.0
2025-03-18	v2.virtualflybrain.org	FBbt_00110035	VFB_00101567	0	1	0.0
2025-03-18	v2.virtualflybrain.org	FBbt_00110120	VFB_00101567	0	1	37.0
2025-03-18	v2.virtualflybrain.org	FBbt_00110414	VFB_00101567	0	2	121.0
2025-03-18	v2.virtualflybrain.org	FBbt_00110415	VFB_00101567	0	1	19.0
2025-03-18	v2.virtualflybrain.org	FBbt_00110416	VFB_00101567	0	1	34.0
2025-03-18	v2.virtualflybrain.org	FBbt_00110423	VFB_00101567	0	3	184.0
2025-03-18	v2.virtualflybrain.org	FBbt_00110486	VFB_00101567	0	1	14.0
2025-03-18	v2.virtualflybrain.org	FBbt_00110544	VFB_00101567	0	1	57.0
2025-03-18	v2.virtualflybrain.org	FBbt_00110545	VFB_00101567	0	1	26.0
2025-03-18	v2.virtualflybrain.org	FBbt_00110552	VFB_00101567	0	1	21.0
2025-03-18	v2.virtualflybrain.org	FBbt_00110632	VFB_00101567	0	1	18.0
2025-03-18	v2.virtualflybrain.org	FBbt_00110854	VFB_00101567	0	1	20.0
2025-03-18	v2.virtualflybrain.org	FBbt_00110933	VFB_00101567	0	2	41.0
2025-03-18	v2.virtualflybrain.org	FBbt_00111341	VFB_00101567	5	2	0.0
2025-03-18	v2.virtualflybrain.org	FBbt_00111747	VFB_00101567	0	1	6.0
2025-03-18	v2.virtualflybrain.org	FBbt_20003492	VFB_00101567	0	1	159.0
2025-03-18	v2.virtualflybrain.org	VFB_00000733	VFB_00101567	0	1	531.0
2025-03-18	v2.virtualflybrain.org	VFB_00001142	VFB_00101567	0	2	56.0
2025-03-18	v2.virtualflybrain.org	VFB_00001503	VFB_00101567	3	1	23.0
2025-03-18	v2.virtualflybrain.org	VFB_00001577	VFB_00101567	3	3	56.0
2025-03-18	v2.virtualflybrain.org	VFB_00001780	VFB_00101567	0	4	89.0
2025-03-18	v2.virtualflybrain.org	VFB_00001922	VFB_00101567	0	2	47.0
2025-03-18	v2.virtualflybrain.org	VFB_00003721	VFB_00101567	0	1	23.0
2025-03-18	v2.virtualflybrain.org	VFB_00003757	VFB_00101567	0	1	19.0
2025-03-18	v2.virtualflybrain.org	VFB_00004474	VFB_00101567	0	1	9.0
2025-03-18	v2.virtualflybrain.org	VFB_00004510	VFB_00101567	0	1	33.0
2025-03-18	v2.virtualflybrain.org	VFB_00004572	VFB_00101567	0	3	20.0
2025-03-18	v2.virtualflybrain.org	VFB_00004581	VFB_00101567	0	1	26.0
2025-03-18	v2.virtualflybrain.org	VFB_00004651	VFB_00101567	0	1	32.0
2025-03-18	v2.virtualflybrain.org	VFB_00004654	VFB_00101567	0	1	31.0
2025-03-18	v2.virtualflybrain.org	VFB_00004667	VFB_00101567	0	1	48.0
2025-03-18	v2.virtualflybrain.org	VFB_00004710	VFB_00101567	2	3	16.0
2025-03-18	v2.virtualflybrain.org	VFB_00004729	VFB_00101567	0	1	89.0
2025-03-18	v2.virtualflybrain.org	VFB_00004748	VFB_00101567	0	1	31.0
2025-03-18	v2.virtualflybrain.org	VFB_00006252	VFB_00101567	0	1	28.0
2025-03-18	v2.virtualflybrain.org	VFB_00006279	VFB_00101567	0	1	33.0
2025-03-18	v2.virtualflybrain.org	VFB_00006282	VFB_00101567	0	1	23.0
2025-03-18	v2.virtualflybrain.org	VFB_00006313	VFB_00101567	0	1	18.0
2025-03-18	v2.virtualflybrain.org	VFB_00006343	VFB_00101567	11	3	207.0
2025-03-18	v2.virtualflybrain.org	VFB_00006344	VFB_00101567	0	1	20.0
2025-03-18	v2.virtualflybrain.org	VFB_00006362	VFB_00101567	0	1	39.0
2025-03-18	v2.virtualflybrain.org	VFB_00006370	VFB_00101567	0	1	20.0
2025-03-18	v2.virtualflybrain.org	VFB_00006374	VFB_00101567	0	1	24.0
2025-03-18	v2.virtualflybrain.org	VFB_00007086	VFB_00101567	0	1	4.0
2025-03-18	v2.virtualflybrain.org	VFB_00007292	VFB_00101567	0	1	13.0
2025-03-18	v2.virtualflybrain.org	VFB_00007325	VFB_00101567	0	1	16.0
2025-03-18	v2.virtualflybrain.org	VFB_00007347	VFB_00101567	0	1	63.0
2025-03-18	v2.virtualflybrain.org	VFB_00007358	VFB_00101567	0	1	36.0
2025-03-18	v2.virtualflybrain.org	VFB_00007366	VFB_00101567	0	1	12.0
2025-03-18	v2.virtualflybrain.org	VFB_00007807	VFB_00101567	0	1	29.0
2025-03-18	v2.virtualflybrain.org	VFB_00007815	VFB_00101567	0	1	40.0
2025-03-18	v2.virtualflybrain.org	VFB_00007873	VFB_00101567	0	1	29.0
2025-03-18	v2.virtualflybrain.org	VFB_00007897	VFB_00101567	0	1	13.0
2025-03-18	v2.virtualflybrain.org	VFB_00009543	VFB_00101567	0	1	34.0
2025-03-18	v2.virtualflybrain.org	VFB_00009862	VFB_00101567	0	2	111.0
2025-03-18	v2.virtualflybrain.org	VFB_00009963	VFB_00101567	0	1	21.0
2025-03-18	v2.virtualflybrain.org	VFB_00010570	VFB_00101567	0	1	17.0
2025-03-18	v2.virtualflybrain.org	VFB_00011438	VFB_00101567	0	1	28.0
2025-03-18	v2.virtualflybrain.org	VFB_00011450	VFB_00101567	0	1	30.0
2025-03-18	v2.virtualflybrain.org	VFB_00011486	VFB_00101567	0	1	4.0
2025-03-18	v2.virtualflybrain.org	VFB_00011560	VFB_00101567	0	1	49.0
2025-03-18	v2.virtualflybrain.org	VFB_00011597	VFB_00101567	0	1	3.0
2025-03-18	v2.virtualflybrain.org	VFB_00012839	VFB_00101567	0	1	3.0
2025-03-18	v2.virtualflybrain.org	VFB_00012868	VFB_00101567	0	1	43.0
2025-03-18	v2.virtualflybrain.org	VFB_00012918	VFB_00101567	2	2	36.0
2025-03-18	v2.virtualflybrain.org	VFB_00014553	VFB_00101567	0	1	14.0
2025-03-18	v2.virtualflybrain.org	VFB_00014922	VFB_00101567	0	1	25.0
2025-03-18	v2.virtualflybrain.org	VFB_00015677	VFB_00101567	0	1	8.0
2025-03-18	v2.virtualflybrain.org	VFB_00017894	VFB_00017894	1	4	2.0
2025-03-18	v2.virtualflybrain.org	VFB_00020038	VFB_00101567	0	3	11.0
2025-03-18	v2.virtualflybrain.org	VFB_00020116	VFB_00101567	6	1	112.0
2025-03-18	v2.virtualflybrain.org	VFB_00020150	VFB_00101567	0	1	0.0
2025-03-18	v2.virtualflybrain.org	VFB_00022559	VFB_00101567	3	2	7.0
2025-03-18	v2.virtualflybrain.org	VFB_00022739	VFB_00101567	0	2	28.0
2025-03-18	v2.virtualflybrain.org	VFB_00022744	VFB_00101567	0	1	30.0
2025-03-18	v2.virtualflybrain.org	VFB_00024203	VFB_00101567	0	1	3.0
2025-03-18	v2.virtualflybrain.org	VFB_00030786	VFB_00030786	0	1	0.0
2025-03-18	v2.virtualflybrain.org	VFB_00030852	VFB_00030786	24	1	0.0
2025-03-18	v2.virtualflybrain.org	VFB_00030867	VFB_00017894	25	3	0.0
2025-03-18	v2.virtualflybrain.org	VFB_00030867	VFB_00101567	24	4	20.0
2025-03-18	v2.virtualflybrain.org	VFB_00039593		1	1	1.0
2025-03-18	v2.virtualflybrain.org	VFB_00039593	VFB_00101567	0	1	27.0
2025-03-18	v2.virtualflybrain.org	VFB_00048234	VFB_00101567	0	1	0.0
2025-03-18	v2.virtualflybrain.org	VFB_00049000	VFB_00049000	4	6	203.0
2025-03-18	v2.virtualflybrain.org	VFB_00050000	VFB_00050000	4	37	1247.0
2025-03-18	v2.virtualflybrain.org	VFB_00050315	VFB_00049000	0	2	0.0
2025-03-18	v2.virtualflybrain.org	VFB_00050505	VFB_00049000	1	3	0.0
2025-03-18	v2.virtualflybrain.org	VFB_00050505	VFB_00101567	0	1	42.0
2025-03-18	v2.virtualflybrain.org	VFB_00059495	VFB_00049000	1	3	0.0
2025-03-18	v2.virtualflybrain.org	VFB_00059495	VFB_00050000	0	2	59.0
2025-03-18	v2.virtualflybrain.org	VFB_00068949	VFB_00100000	1	2	3.0
2025-03-18	v2.virtualflybrain.org	VFB_00069081	VFB_00100000	1	2	2.0
2025-03-18	v2.virtualflybrain.org	VFB_00069081	VFB_00101567	0	2	34.0
2025-03-18	v2.virtualflybrain.org	VFB_001001su	VFB_00101567	0	2	169.0
2025-03-18	v2.virtualflybrain.org	VFB_0010024z	VFB_00050000	2	1	0.0
2025-03-18	v2.virtualflybrain.org	VFB_00100565	VFB_00049000	0	4	126.0
2025-03-18	v2.virtualflybrain.org	VFB_00100565	VFB_00050000	3	3	55.0
2025-03-18	v2.virtualflybrain.org	VFB_00100612	VFB_00050000	2	1	0.0
2025-03-18	v2.virtualflybrain.org	VFB_00100732	VFB_00050000	0	1	126.0
2025-03-18	v2.virtualflybrain.org	VFB_00100733	VFB_00050000	0	1	2.0
2025-03-18	v2.virtualflybrain.org	VFB_00100735	VFB_00050000	0	1	1.0
2025-03-18	v2.virtualflybrain.org	VFB_00100740	VFB_00050000	0	1	3.0
2025-03-18	v2.virtualflybrain.org	VFB_00100761	VFB_00050000	0	1	4.0
2025-03-18	v2.virtualflybrain.org	VFB_00100765	VFB_00050000	0	1	1.0
2025-03-18	v2.virtualflybrain.org	VFB_00100770	VFB_00050000	0	1	3.0
2025-03-18	v2.virtualflybrain.org	VFB_00100785	VFB_00050000	0	1	3.0
2025-03-18	v2.virtualflybrain.org	VFB_00100786	VFB_00050000	0	1	2.0
2025-03-18	v2.virtualflybrain.org	VFB_00100848	VFB_00050000	0	1	3.0
2025-03-18	v2.virtualflybrain.org	VFB_00100850	VFB_00050000	1	1	0.0
2025-03-18	v2.virtualflybrain.org	VFB_00100865	VFB_00050000	0	1	4.0
2025-03-18	v2.virtualflybrain.org	VFB_00100870	VFB_00050000	0	1	3.0
2025-03-18	v2.virtualflybrain.org	VFB_00100878	VFB_00050000	0	1	5.0
2025-03-18	v2.virtualflybrain.org	VFB_00100d2k	VFB_00101567	0	1	93.0
2025-03-18	v2.virtualflybrain.org	VFB_00100d2k	VFB_00200000	26	4	0.0
2025-03-18	v2.virtualflybrain.org	VFB_00100wkq	VFB_00101567	0	1	15.0
2025-03-18	v2.virtualflybrain.org	VFB_00100wl5	VFB_00101567	1	1	52.0
2025-03-18	v2.virtualflybrain.org	VFB_00100zc9	VFB_00101567	1	2	109.0
2025-03-18	v2.virtualflybrain.org	VFB_0010133r	VFB_00101567	0	1	18.0
2025-03-18	v2.virtualflybrain.org	VFB_001013tq	VFB_00101567	3	3	10.0
2025-03-18	v2.virtualflybrain.org	VFB_001013tv	VFB_00101567	0	1	14.0
2025-03-18	v2.virtualflybrain.org	VFB_001013tx	VFB_00101567	0	2	40.0
2025-03-18	v2.virtualflybrain.org	VFB_001013vf	VFB_00101567	0	1	36.0
2025-03-18	v2.virtualflybrain.org	VFB_0010141c	VFB_00101567	0	1	48.0
2025-03-18	v2.virtualflybrain.org	VFB_001014uq	VFB_00101567	0	2	1.0
2025-03-18	v2.virtualflybrain.org	VFB_00101567	VFB_00101567	86	104	1022.0
2025-03-18	v2.virtualflybrain.org	VFB_00101877	VFB_00050000	1	1	5.0
2025-03-18	v2.virtualflybrain.org	VFB_00101st0	VFB_00101567	0	1	49.0
2025-03-18	v2.virtualflybrain.org	VFB_00102212	VFB_00101567	1	1	0.0
2025-03-18	v2.virtualflybrain.org	VFB_00102218	VFB_00101567	2	1	0.0
2025-03-18	v2.virtualflybrain.org	VFB_00102271	VFB_00101567	0	1	0.0
2025-03-18	v2.virtualflybrain.org	VFB_001029ad	VFB_00101567	1	1	0.0
2025-03-18	v2.virtualflybrain.org	VFB_00102dvm	VFB_00101567	1	1	118.0
2025-03-18	v2.virtualflybrain.org	VFB_00102esu	VFB_00050000	2	3	0.0
2025-03-18	v2.virtualflybrain.org	VFB_00103576	VFB_00101567	0	1	33.0
2025-03-18	v2.virtualflybrain.org	VFB_00103vlw	VFB_00101567	0	1	18.0
2025-03-18	v2.virtualflybrain.org	VFB_00200000	VFB_00200000	0	2	0.0
2025-03-18	v2.virtualflybrain.org	VFB_fw000225	VFB_00101567	0	2	18.0
2025-03-18	v2.virtualflybrain.org	VFB_fw000261	VFB_00101567	0	2	21.0
2025-03-18	v2.virtualflybrain.org	VFB_fw000366	VFB_00101567	2	3	0.0
2025-03-18	v2.virtualflybrain.org	VFB_fw001862	VFB_00101567	0	3	31.0
2025-03-18	v2.virtualflybrain.org	VFB_fw002351	VFB_00101567	0	1	11.0
2025-03-18	v2.virtualflybrain.org	VFB_fw002817	VFB_00101567	0	2	36.0
2025-03-18	v2.virtualflybrain.org	VFB_fw007088	VFB_00101567	3	1	14.0
2025-03-18	v2.virtualflybrain.org	VFB_fw008535		1	1	2.0
2025-03-18	v2.virtualflybrain.org	VFB_fw008535	VFB_00101567	0	1	55.0
2025-03-18	v2.virtualflybrain.org	VFB_fw009472	VFB_00101567	0	2	43.0
2025-03-18	v2.virtualflybrain.org	VFB_fw014302	VFB_00101567	0	2	27.0
2025-03-18	v2.virtualflybrain.org	VFB_fw019405	VFB_00101567	0	1	9.0
2025-03-18	v2.virtualflybrain.org	VFB_fw022900	VFB_00101567	0	1	11.0
2025-03-18	v2.virtualflybrain.org	VFB_fw025115	VFB_00101567	0	1	9.0
2025-03-18	v2.virtualflybrain.org	VFB_fw031805	VFB_00101567	0	1	8.0
2025-03-18	v2.virtualflybrain.org	VFB_fw032454	VFB_00101567	1	4	190.0
2025-03-18	v2.virtualflybrain.org	VFB_fw032982	VFB_00101567	0	2	35.0
2025-03-18	v2.virtualflybrain.org	VFB_fw033276	VFB_00101567	0	1	16.0
2025-03-18	v2.virtualflybrain.org	VFB_fw033919	VFB_00101567	0	2	53.0
2025-03-18	v2.virtualflybrain.org	VFB_fw034064	VFB_00101567	0	1	11.0
2025-03-18	v2.virtualflybrain.org	VFB_fw034126	VFB_00101567	0	1	28.0
2025-03-18	v2.virtualflybrain.org	VFB_fw034215	VFB_00101567	0	1	13.0
2025-03-18	v2.virtualflybrain.org	VFB_fw034381	VFB_00101567	0	1	9.0
2025-03-18	v2.virtualflybrain.org	VFB_fw034545	VFB_00101567	0	1	21.0
2025-03-18	v2.virtualflybrain.org	VFB_fw034550	VFB_00101567	0	2	55.0
2025-03-18	v2.virtualflybrain.org	VFB_fw034617	VFB_00101567	24	1	0.0
2025-03-18	v2.virtualflybrain.org	VFB_fw034680	VFB_00101567	0	1	21.0
2025-03-18	v2.virtualflybrain.org	VFB_fw034713		2	1	1.0
2025-03-18	v2.virtualflybrain.org	VFB_fw034713	VFB_00101567	0	2	35.0
2025-03-18	v2.virtualflybrain.org	VFB_fw034902	VFB_00101567	0	1	11.0
2025-03-18	v2.virtualflybrain.org	VFB_fw034989	VFB_00101567	2	1	0.0
2025-03-18	v2.virtualflybrain.org	VFB_fw035224	VFB_00101567	10	2	70.0
2025-03-18	v2.virtualflybrain.org	VFB_fw035255	VFB_00101567	0	1	8.0
2025-03-18	v2.virtualflybrain.org	VFB_fw035436	VFB_00101567	0	3	41.0
2025-03-18	v2.virtualflybrain.org	VFB_fw035699	VFB_00101567	0	1	20.0
2025-03-18	v2.virtualflybrain.org	VFB_fw035719	VFB_00101567	1	1	103.0
2025-03-18	v2.virtualflybrain.org	VFB_fw035844	VFB_00101567	0	2	77.0
2025-03-18	v2.virtualflybrain.org	VFB_fw036459	VFB_00101567	0	1	28.0
2025-03-18	v2.virtualflybrain.org	VFB_fw036522		1	1	1.0
2025-03-18	v2.virtualflybrain.org	VFB_fw036522	VFB_00101567	0	2	36.0
2025-03-18	v2.virtualflybrain.org	VFB_fw036623	VFB_00101567	0	1	12.0
2025-03-18	v2.virtualflybrain.org	VFB_fw036795	VFB_00101567	0	1	14.0
2025-03-18	v2.virtualflybrain.org	VFB_fw038813	VFB_00101567	0	2	22.0
2025-03-18	v2.virtualflybrain.org	VFB_fw039169	VFB_00101567	0	1	16.0
2025-03-18	v2.virtualflybrain.org	VFB_fw040049	VFB_00101567	0	1	11.0
2025-03-18	v2.virtualflybrain.org	VFB_fw040251	VFB_00101567	0	1	15.0
2025-03-18	v2.virtualflybrain.org	VFB_fw040461	VFB_00101567	0	1	14.0
2025-03-18	v2.virtualflybrain.org	VFB_fw041462	VFB_00101567	0	1	21.0
2025-03-18	v2.virtualflybrain.org	VFB_fw042337	VFB_00101567	0	1	9.0
2025-03-18	v2.virtualflybrain.org	VFB_fw043515	VFB_00101567	1	3	70.0
2025-03-18	v2.virtualflybrain.org	VFB_fw043857	VFB_00101567	0	1	36.0
2025-03-18	v2.virtualflybrain.org	VFB_fw044604	VFB_00101567	0	2	18.0
2025-03-18	v2.virtualflybrain.org	VFB_jrch01rj	VFB_00101567	1	1	0.0
2025-03-18	v2.virtualflybrain.org	VFB_jrchjtf1	VFB_00101567	0	1	0.0
2025-03-18	v2.virtualflybrain.org	VFB_jrchjtfl	VFB_00101567	0	1	145.0
2025-03-18	v2.virtualflybrain.org	VFB_jrchjtpj	VFB_00101567	2	1	1.0
2025-03-18	v2.virtualflybrain.org	VFB_jrchjyds	VFB_00101567	0	1	91.0
2025-03-18	v2.virtualflybrain.org	VFB_jrchjyhb	VFB_00101567	1	1	76.0
2025-03-18	v2.virtualflybrain.org	VFB_jrchk08a	VFB_00101567	0	3	33.0
2025-03-18	v2.virtualflybrain.org	VFB_jrchk0fr	VFB_00101384	1	3	27.0
2025-03-18	v2.virtualflybrain.org	VFB_jrchk0fr	VFB_00101567	0	2	40.0
2025-03-18	v2.virtualflybrain.org	VFB_jrchk32k	VFB_00101567	0	1	4.0
2025-03-18	v2.virtualflybrain.org	VFB_jrchk383	VFB_00101567	0	1	1.0
2025-03-18	v2.virtualflybrain.org	VFB_jrchk391	VFB_00101567	0	1	5.0
2025-03-18	v2.virtualflybrain.org	VFB_jrchk39l	VFB_00101567	0	1	34.0
2025-03-18	v2.virtualflybrain.org	VFB_jrchk45h		1	1	0.0
2025-03-18	v2.virtualflybrain.org	VFB_jrchk45h	VFB_00101567	0	1	17.0
2025-03-18	v2.virtualflybrain.org	VFB_jrchk544	VFB_00101567	0	2	142.0
2025-03-18	v2.virtualflybrain.org	VFB_jrchk6e0	VFB_00101567	0	1	1.0
2025-03-18	v2.virtualflybrain.org	VFB_jrchk6f6	VFB_00101567	0	1	0.0
2025-03-18	v2.virtualflybrain.org	VFB_jrchk6g6	VFB_00101567	0	1	77.0
2025-03-18	v2.virtualflybrain.org	VFB_jrchk7f4	VFB_00101567	0	1	83.0
2025-03-18	v2.virtualflybrain.org	VFBexp_FBti0027	VFB_00101567	0	2	9.0
2025-03-18	v2.virtualflybrain.org	VFBexp_FBtp0058		1	1	0.0
2025-03-18	v2.virtualflybrain.org	VFBexp_FBtp0098	VFB_00101567	0	1	28.0
2025-03-18	v2.virtualflybrain.org	VFBexp_FBtp0099		1	1	0.0
2025-03-18	v2.virtualflybrain.org	VFBexp_FBtp0114	VFB_00101567	4	2	53.0
2025-03-18	v2.virtualflybrain.org	VFBexp_FBtp0117		1	1	4.0
2025-03-18	v2.virtualflybrain.org	VFBexp_FBtp0117	VFB_00101567	2	1	0.0
2025-03-18	v2.virtualflybrain.org	VFBexp_FBtp0121		4	2	19.0
2025-03-18	v2.virtualflybrain.org	VFBexp_FBtp0121	VFB_00101567	0	3	272.0
2025-03-18	v2.virtualflybrain.org	VFBexp_FBtp0124		1	1	1.0
2025-03-18	v2.virtualflybrain.org	VFBexp_FBtp0124	VFB_00101567	24	1	0.0
2025-03-18	v2.virtualflybrain.org	VFBext_0000010	VFB_00101567	0	3	64.0
2025-03-18	v2.virtualflybrain.org	VFBlicense_FlyCircu	VFB_00101567	0	2	32.0
2025-03-18	v2a.virtualflybrain.org	FBbt_00003748	VFB_00101567	1	1	37.0
2025-03-18	v2a.virtualflybrain.org	VFB_00101567	VFB_00101567	0	1	4.0
2025-03-18	v2a.virtualflybrain.org	VFB_fw009094	VFB_00101567	0	1	1.0
2025-03-19		FBbt_00001919		7	1	4.0
2025-03-19		FBbt_00001919	VFB_00049000	3	1	0.0
2025-03-19		FBbt_00003004		1	1	0.0
2025-03-19		FBbt_00003004	VFB_00101567	1	1	0.0
2025-03-19		FBbt_00003624		6	4	0.0
2025-03-19		FBbt_00003624	VFB_00101567	10	4	0.0
2025-03-19		FBbt_00003679		4	3	0.0
2025-03-19		FBbt_00003679	VFB_00101567	5	3	0.0
2025-03-19		FBbt_00003680		10	5	2.0
2025-03-19		FBbt_00003680	VFB_00101567	11	6	0.0
2025-03-19		FBbt_00003681		10	6	0.0
2025-03-19		FBbt_00003681	VFB_00101567	15	7	0.0
2025-03-19		FBbt_00003682		2	1	0.0
2025-03-19		FBbt_00003682	VFB_00101567	2	1	0.0
2025-03-19		FBbt_00003684		1	1	0.0
2025-03-19		FBbt_00003684	VFB_00101567	1	1	0.0
2025-03-19		FBbt_00003748		6	3	0.0
2025-03-19		FBbt_00003748	VFB_00101567	8	3	0.0
2025-03-19		FBbt_00003928		1	1	0.0
2025-03-19		FBbt_00003928	VFB_00101567	1	1	0.0
2025-03-19		FBbt_00004052		1	1	0.0
2025-03-19		FBbt_00004052	VFB_00200000	1	1	0.0
2025-03-19		FBbt_00004210		3	1	14.0
2025-03-19		FBbt_00004210	VFB_00101567	3	1	0.0
2025-03-19		FBbt_00004223		3	1	0.0
2025-03-19		FBbt_00004223	VFB_00101567	3	1	0.0
2025-03-19		FBbt_00005123		2	1	1.0
2025-03-19		FBbt_00005123	VFB_00050000	1	1	0.0
2025-03-19		FBbt_00005123	VFB_00101567	1	1	0.0
2025-03-19		FBbt_00007059		4	1	0.0
2025-03-19		FBbt_00007059	VFB_00101567	5	1	0.0
2025-03-19		FBbt_00007104		2	1	0.0
2025-03-19		FBbt_00007104	VFB_00101567	2	1	0.0
2025-03-19		FBbt_00007401		16	2	0.0
2025-03-19		FBbt_00007401	VFB_00101567	16	3	0.0
2025-03-19		FBbt_00007453		3	1	0.0
2025-03-19		FBbt_00007453	VFB_00017894	3	1	0.0
2025-03-19		FBbt_00007677		2	1	0.0
2025-03-19		FBbt_00007677	VFB_00101567	2	1	0.0
2025-03-19		FBbt_00007709		1	1	0.0
2025-03-19		FBbt_00007709	VFB_00049000	6	1	0.0
2025-03-19		FBbt_00013688		1	1	0.0
2025-03-19		FBbt_00013688	VFB_00101567	2	1	0.0
2025-03-19		FBbt_00013694		1	1	0.0
2025-03-19		FBbt_00013694	VFB_00101567	1	1	0.0
2025-03-19		FBbt_00013695		12	2	0.0
2025-03-19		FBbt_00013695	VFB_00101567	12	2	0.0
2025-03-19		FBbt_00014013		5	4	0.0
2025-03-19		FBbt_00014013	VFB_00101567	5	5	0.0
2025-03-19		FBbt_00040041		5	4	0.0
2025-03-19		FBbt_00040041	VFB_00017894	1	1	0.0
2025-03-19		FBbt_00040041	VFB_00101567	4	3	0.0
2025-03-19		FBbt_00040042		1	1	0.0
2025-03-19		FBbt_00040042	VFB_00101567	1	1	0.0
2025-03-19		FBbt_00040043		2	2	0.0
2025-03-19		FBbt_00040043	VFB_00101567	2	2	0.0
2025-03-19		FBbt_00040048		2	2	0.0
2025-03-19		FBbt_00040048	VFB_00017894	1	1	0.0
2025-03-19		FBbt_00040048	VFB_00101567	1	1	0.0
2025-03-19		FBbt_00040049		13	2	0.0
2025-03-19		FBbt_00040049	VFB_00101567	13	2	0.0
2025-03-19		FBbt_00040051		2	1	0.0
2025-03-19		FBbt_00040051	VFB_00101567	2	2	0.0
2025-03-19		FBbt_00045027		1	1	0.0
2025-03-19		FBbt_00045027	VFB_00017894	1	1	0.0
2025-03-19		FBbt_00045040		1	1	0.0
2025-03-19		FBbt_00045040	VFB_00101567	1	1	0.0
2025-03-19		FBbt_00045046		1	1	0.0
2025-03-19		FBbt_00045046	VFB_00101567	1	1	0.0
2025-03-19		FBbt_00045048		11	5	0.0
2025-03-19		FBbt_00045048	VFB_00017894	3	1	0.0
2025-03-19		FBbt_00045048	VFB_00101567	13	7	0.0
2025-03-19		FBbt_00045050		1	1	0.0
2025-03-19		FBbt_00045050	VFB_00101567	1	1	0.0
2025-03-19		FBbt_00045051		1	1	0.0
2025-03-19		FBbt_00045051	VFB_00101567	1	1	0.0
2025-03-19		FBbt_00047228		2	1	6.0
2025-03-19		FBbt_00047228	VFB_00101567	2	1	0.0
2025-03-19		FBbt_00047594		1	1	0.0
2025-03-19		FBbt_00047594	VFB_00200000	1	1	0.0
2025-03-19		FBbt_00047935		3	2	0.0
2025-03-19		FBbt_00047935	VFB_00101567	3	2	0.0
2025-03-19		FBbt_00047950		3	2	1.0
2025-03-19		FBbt_00047950	VFB_00101567	3	2	0.0
2025-03-19		FBbt_00048093		2	1	3.0
2025-03-19		FBbt_00048093	VFB_00101567	3	1	0.0
2025-03-19		FBbt_00049454		1	1	0.0
2025-03-19		FBbt_00049454	VFB_00101567	1	1	0.0
2025-03-19		FBbt_00049656		2	1	4.0
2025-03-19		FBbt_00049656	VFB_00101567	3	1	0.0
2025-03-19		FBbt_00049727		2	1	130.0
2025-03-19		FBbt_00049727	VFB_00101567	3	1	0.0
2025-03-19		FBbt_00051293		1	1	0.0
2025-03-19		FBbt_00051293	VFB_00101567	1	1	0.0
2025-03-19		FBbt_00051393		2	1	0.0
2025-03-19		FBbt_00051393	VFB_00101567	2	1	0.0
2025-03-19		FBbt_00051488		2	1	0.0
2025-03-19		FBbt_00051488	VFB_00101567	2	1	0.0
2025-03-19		FBbt_00051489		1	1	0.0
2025-03-19		FBbt_00051489	VFB_00101567	1	1	0.0
2025-03-19		FBbt_00058208		9	1	16.0
2025-03-19		FBbt_00058208	VFB_00101567	12	4	0.0
2025-03-19		FBbt_00067056		1	1	0.0
2025-03-19		FBbt_00067056	VFB_00101567	1	1	0.0
2025-03-19		FBbt_00100500		2	1	14.0
2025-03-19		FBbt_00100500	VFB_00101567	2	1	0.0
2025-03-19		FBbt_00100507		2	1	0.0
2025-03-19		FBbt_00100507	VFB_00101567	2	1	0.0
2025-03-19		FBbt_00100519		1	1	0.0
2025-03-19		FBbt_00100519	VFB_00101567	1	1	0.0
2025-03-19		FBbt_00110658		3	2	0.0
2025-03-19		FBbt_00110658	VFB_00101567	3	2	0.0
2025-03-19		FBbt_00111205		1	1	0.0
2025-03-19		FBbt_00111205	VFB_00049000	5	1	0.0
2025-03-19		FBbt_00111336		2	1	0.0
2025-03-19		FBbt_00111336	VFB_00101567	2	1	0.0
2025-03-19		FBbt_20000031		5	1	1.0
2025-03-19		FBbt_20000031	VFB_00101567	5	3	0.0
2025-03-19		GO_0061535		2	1	1.0
2025-03-19		GO_0061535	VFB_00101567	3	1	0.0
2025-03-19		VFB_00000250		1	1	0.0
2025-03-19		VFB_00000250	VFB_00101567	6	1	0.0
2025-03-19		VFB_00000773		16	1	5.0
2025-03-19		VFB_00000773	VFB_00101567	26	2	0.0
2025-03-19		VFB_00001577		4	1	0.0
2025-03-19		VFB_00001577	VFB_00101567	4	1	0.0
2025-03-19		VFB_00001780		2	1	0.0
2025-03-19		VFB_00001780	VFB_00101567	2	1	0.0
2025-03-19		VFB_00004710		15	1	0.0
2025-03-19		VFB_00004710	VFB_00101567	15	1	0.0
2025-03-19		VFB_00011508		4	1	0.0
2025-03-19		VFB_00011508	VFB_00101567	4	1	0.0
2025-03-19		VFB_00012839		17	1	16.0
2025-03-19		VFB_00012839	VFB_00101567	17	2	0.0
2025-03-19		VFB_00014553		58	1	53.0
2025-03-19		VFB_00014553	VFB_00101567	73	7	0.0
2025-03-19		VFB_00014837		30	1	29.0
2025-03-19		VFB_00014837	VFB_00017894	6	2	0.0
2025-03-19		VFB_00014837	VFB_00101567	24	5	0.0
2025-03-19		VFB_00014922		50	1	18.0
2025-03-19		VFB_00014922	VFB_00101567	50	8	0.0
2025-03-19		VFB_00015031		102	1	291.0
2025-03-19		VFB_00015031	VFB_00017894	1	1	0.0
2025-03-19		VFB_00015031	VFB_00101567	96	10	0.0
2025-03-19		VFB_00015605		29	1	19.0
2025-03-19		VFB_00015605	VFB_00101567	29	6	0.0
2025-03-19		VFB_00017894		1	1	1.0
2025-03-19		VFB_00017894	VFB_00017894	2	2	18.0
2025-03-19		VFB_00020407		11	1	87.0
2025-03-19		VFB_00020407	VFB_00101567	7	2	0.0
2025-03-19		VFB_00030766		5	1	2.0
2025-03-19		VFB_00030766	VFB_00101567	5	1	0.0
2025-03-19		VFB_00030852		24	1	0.0
2025-03-19		VFB_00030852	VFB_00030786	24	1	0.0
2025-03-19		VFB_00030867		56	3	71.0
2025-03-19		VFB_00030867	VFB_00017894	27	3	0.0
2025-03-19		VFB_00030867	VFB_00101567	28	3	0.0
2025-03-19		VFB_00049000		22	1	123.0
2025-03-19		VFB_00049000	VFB_00049000	17	2	0.0
2025-03-19		VFB_00050000		5	1	16.0
2025-03-19		VFB_00050000	VFB_00050000	5	1	0.0
2025-03-19		VFB_00050312		2	1	1.0
2025-03-19		VFB_00050312	VFB_00049000	1	1	0.0
2025-03-19		VFB_00050312	VFB_00101567	1	1	0.0
2025-03-19		VFB_00050430		9	1	6.0
2025-03-19		VFB_00050430	VFB_00049000	4	1	0.0
2025-03-19		VFB_00050430	VFB_00101567	4	1	0.0
2025-03-19		VFB_00050505		1	1	0.0
2025-03-19		VFB_00050505	VFB_00049000	1	1	0.0
2025-03-19		VFB_00066989		6	1	38.0
2025-03-19		VFB_00066989	VFB_00101567	10	2	0.0
2025-03-19		VFB_001001su		1	1	0.0
2025-03-19		VFB_001001su	VFB_00101567	1	1	0.0
2025-03-19		VFB_00100612		6	1	0.0
2025-03-19		VFB_00100612	VFB_00050000	6	1	0.0
2025-03-19		VFB_00100d2k		28	2	0.0
2025-03-19		VFB_00100d2k	VFB_00200000	28	2	0.0
2025-03-19		VFB_00100v15		2	1	0.0
2025-03-19		VFB_00100v15	VFB_00101567	2	1	0.0
2025-03-19		VFB_00100wl5		1	1	0.0
2025-03-19		VFB_00100wl5	VFB_00101567	1	1	0.0
2025-03-19		VFB_00100ww0		26	1	82.0
2025-03-19		VFB_00100ww0	VFB_00101567	13	4	0.0
2025-03-19		VFB_001011g9		1	1	0.0
2025-03-19		VFB_001011g9	VFB_00050000	1	1	0.0
2025-03-19		VFB_001011rb		2	1	5.0
2025-03-19		VFB_001011rb	VFB_00101567	2	1	0.0
2025-03-19		VFB_0010127s		1	1	0.0
2025-03-19		VFB_0010127s	VFB_00101567	1	1	0.0
2025-03-19		VFB_001012at		6	1	0.0
2025-03-19		VFB_001012at	VFB_00101567	6	2	0.0
2025-03-19		VFB_0010131e		1	1	0.0
2025-03-19		VFB_0010131e	VFB_00101567	1	1	0.0
2025-03-19		VFB_001013bn		5	1	30.0
2025-03-19		VFB_001013bn	VFB_00101567	1	1	0.0
2025-03-19		VFB_001013r8		6	1	32.0
2025-03-19		VFB_001013r8	VFB_00101567	6	2	0.0
2025-03-19		VFB_00101467		15	1	48.0
2025-03-19		VFB_00101467	VFB_00050000	9	1	0.0
2025-03-19		VFB_00101467	VFB_00101567	6	1	0.0
2025-03-19		VFB_0010150h		13	1	91.0
2025-03-19		VFB_0010150h	VFB_00101567	17	4	0.0
2025-03-19		VFB_00101567		270	41	404.0
2025-03-19		VFB_00101567	VFB_00101567	263	64	0.0
2025-03-19		VFB_00101cb7		12	1	64.0
2025-03-19		VFB_00101cb7	VFB_00101567	10	3	0.0
2025-03-19		VFB_00101e7h		5	1	0.0
2025-03-19		VFB_00101e7h	VFB_00101567	5	2	0.0
2025-03-19		VFB_00101run		22	1	68.0
2025-03-19		VFB_00101run	VFB_00101567	18	4	0.0
2025-03-19		VFB_00101w64		13	1	23.0
2025-03-19		VFB_00101w64	VFB_00101567	13	4	0.0
2025-03-19		VFB_0010205o		1	1	0.0
2025-03-19		VFB_0010205o	VFB_00101567	1	1	0.0
2025-03-19		VFB_00102114		4	1	1.0
2025-03-19		VFB_00102114	VFB_00101567	3	1	0.0
2025-03-19		VFB_00102118		2	1	1.0
2025-03-19		VFB_00102118	VFB_00101567	2	1	0.0
2025-03-19		VFB_00102119		2	1	1.0
2025-03-19		VFB_00102119	VFB_00101567	2	1	0.0
2025-03-19		VFB_00102121		2	1	1.0
2025-03-19		VFB_00102121	VFB_00101567	2	1	0.0
2025-03-19		VFB_00102123		3	2	4.0
2025-03-19		VFB_00102123	VFB_00101567	3	2	0.0
2025-03-19		VFB_00102124		3	1	0.0
2025-03-19		VFB_00102124	VFB_00101567	2	1	0.0
2025-03-19		VFB_00102133		3	2	12.0
2025-03-19		VFB_00102133	VFB_00101567	3	2	0.0
2025-03-19		VFB_00102134		4	1	1.0
2025-03-19		VFB_00102134	VFB_00101567	3	1	0.0
2025-03-19		VFB_00102135		2	1	1.0
2025-03-19		VFB_00102135	VFB_00101567	2	1	0.0
2025-03-19		VFB_00102143		2	1	0.0
2025-03-19		VFB_00102143	VFB_00101567	2	1	0.0
2025-03-19		VFB_00102146		1	1	2.0
2025-03-19		VFB_00102146	VFB_00101567	1	1	0.0
2025-03-19		VFB_00102170		2	1	1.0
2025-03-19		VFB_00102170	VFB_00101567	2	1	0.0
2025-03-19		VFB_00102176		5	2	3.0
2025-03-19		VFB_00102176	VFB_00017894	3	1	0.0
2025-03-19		VFB_00102176	VFB_00101567	3	2	0.0
2025-03-19		VFB_00102179		1	1	1.0
2025-03-19		VFB_00102179	VFB_00101567	1	1	0.0
2025-03-19		VFB_00102201		2	2	20.0
2025-03-19		VFB_00102201	VFB_00101567	2	2	0.0
2025-03-19		VFB_00102228		4	1	1.0
2025-03-19		VFB_00102228	VFB_00050000	1	1	0.0
2025-03-19		VFB_00102228	VFB_00101567	3	2	0.0
2025-03-19		VFB_00102271		14	2	14.0
2025-03-19		VFB_00102271	VFB_00101567	14	5	0.0
2025-03-19		VFB_00102274		16	1	20.0
2025-03-19		VFB_00102274	VFB_00101567	21	3	0.0
2025-03-19		VFB_00102276		1	1	2.0
2025-03-19		VFB_00102276	VFB_00101567	1	1	0.0
2025-03-19		VFB_00102280		2	1	114.0
2025-03-19		VFB_00102280	VFB_00101567	2	2	0.0
2025-03-19		VFB_00102282		4	2	1.0
2025-03-19		VFB_00102282	VFB_00101567	5	2	0.0
2025-03-19		VFB_00102esu		5	1	0.0
2025-03-19		VFB_00102esu	VFB_00050000	5	1	0.0
2025-03-19		VFB_00200000	VFB_00200000	3	2	0.0
2025-03-19		VFB_fw000225		2	1	1.0
2025-03-19		VFB_fw000225	VFB_00101567	2	1	0.0
2025-03-19		VFB_fw000261		2	1	1.0
2025-03-19		VFB_fw000261	VFB_00101567	2	1	0.0
2025-03-19		VFB_fw000725		36	1	92.0
2025-03-19		VFB_fw000725	VFB_00101567	34	4	0.0
2025-03-19		VFB_fw001862		13	1	7.0
2025-03-19		VFB_fw001862	VFB_00017894	2	1	0.0
2025-03-19		VFB_fw001862	VFB_00101567	10	4	0.0
2025-03-19		VFB_fw002351		4	1	2.0
2025-03-19		VFB_fw002351	VFB_00101567	4	2	0.0
2025-03-19		VFB_fw002817		22	1	68.0
2025-03-19		VFB_fw002817	VFB_00101567	11	5	0.0
2025-03-19		VFB_fw003867		6	1	0.0
2025-03-19		VFB_fw003867	VFB_00101567	6	2	0.0
2025-03-19		VFB_fw004350		64	1	47.0
2025-03-19		VFB_fw004350	VFB_00101567	63	5	0.0
2025-03-19		VFB_fw005953		35	1	98.0
2025-03-19		VFB_fw005953	VFB_00101567	25	4	0.0
2025-03-19		VFB_fw006870		2	1	1.0
2025-03-19		VFB_fw006870	VFB_00101567	2	1	0.0
2025-03-19		VFB_fw008833		2	1	1.0
2025-03-19		VFB_fw008833	VFB_00101567	2	1	0.0
2025-03-19		VFB_fw009472		42	1	64.0
2025-03-19		VFB_fw009472	VFB_00101567	52	7	0.0
2025-03-19		VFB_fw010336		3	1	0.0
2025-03-19		VFB_fw010336	VFB_00101567	4	2	0.0
2025-03-19		VFB_fw010781		31	1	41.0
2025-03-19		VFB_fw010781	VFB_00101567	21	5	0.0
2025-03-19		VFB_fw014070		8	1	30.0
2025-03-19		VFB_fw014070	VFB_00101567	6	3	0.0
2025-03-19		VFB_fw014302		6	1	2.0
2025-03-19		VFB_fw014302	VFB_00101567	5	2	0.0
2025-03-19		VFB_fw018391		1	1	3.0
2025-03-19		VFB_fw018391	VFB_00101567	1	1	0.0
2025-03-19		VFB_fw018899		2	1	1.0
2025-03-19		VFB_fw018899	VFB_00101567	2	1	0.0
2025-03-19		VFB_fw019405		16	1	6.0
2025-03-19		VFB_fw019405	VFB_00101567	20	5	0.0
2025-03-19		VFB_fw022900		11	1	15.0
2025-03-19		VFB_fw022900	VFB_00101567	6	3	0.0
2025-03-19		VFB_fw026339		4	1	4.0
2025-03-19		VFB_fw026339	VFB_00101567	9	2	0.0
2025-03-19		VFB_fw030809		2	1	1.0
2025-03-19		VFB_fw030809	VFB_00101567	2	1	0.0
2025-03-19		VFB_fw031805		14	1	28.0
2025-03-19		VFB_fw031805	VFB_00101567	19	4	0.0
2025-03-19		VFB_fw032258		29	1	121.0
2025-03-19		VFB_fw032258	VFB_00017894	4	1	0.0
2025-03-19		VFB_fw032258	VFB_00101567	20	4	0.0
2025-03-19		VFB_fw032620		6	1	31.0
2025-03-19		VFB_fw032620	VFB_00101567	1	1	0.0
2025-03-19		VFB_fw032800		15	1	19.0
2025-03-19		VFB_fw032800	VFB_00101567	15	4	0.0
2025-03-19		VFB_fw033504		7	1	8.0
2025-03-19		VFB_fw033504	VFB_00101567	2	1	0.0
2025-03-19		VFB_fw033654		8	1	8.0
2025-03-19		VFB_fw033654	VFB_00017894	2	1	0.0
2025-03-19		VFB_fw033654	VFB_00101567	1	1	0.0
2025-03-19		VFB_fw034064		23	1	11.0
2025-03-19		VFB_fw034064	VFB_00101567	13	6	0.0
2025-03-19		VFB_fw034126		52	1	158.0
2025-03-19		VFB_fw034126	VFB_00101567	47	8	0.0
2025-03-19		VFB_fw034381		7	1	2.0
2025-03-19		VFB_fw034381	VFB_00101567	7	2	0.0
2025-03-19		VFB_fw034477		3	1	9.0
2025-03-19		VFB_fw034477	VFB_00101567	3	2	0.0
2025-03-19		VFB_fw034518		27	1	13.0
2025-03-19		VFB_fw034518	VFB_00101567	42	2	0.0
2025-03-19		VFB_fw034550		14	1	19.0
2025-03-19		VFB_fw034550	VFB_00101567	15	5	0.0
2025-03-19		VFB_fw034617		24	1	0.0
2025-03-19		VFB_fw034617	VFB_00101567	24	1	0.0
2025-03-19		VFB_fw034680		7	1	3.0
2025-03-19		VFB_fw034680	VFB_00101567	7	2	0.0
2025-03-19		VFB_fw034765		4	1	26.0
2025-03-19		VFB_fw034765	VFB_00101567	4	2	0.0
2025-03-19		VFB_fw034841		2	1	1.0
2025-03-19		VFB_fw034841	VFB_00101567	2	1	0.0
2025-03-19		VFB_fw035224		2	1	0.0
2025-03-19		VFB_fw035224	VFB_00101567	2	1	0.0
2025-03-19		VFB_fw035311		7	1	27.0
2025-03-19		VFB_fw035311	VFB_00101567	7	2	0.0
2025-03-19		VFB_fw035436		4	1	2.0
2025-03-19		VFB_fw035436	VFB_00101567	4	2	0.0
2025-03-19		VFB_fw035500		2	1	1.0
2025-03-19		VFB_fw035500	VFB_00101567	2	1	0.0
2025-03-19		VFB_fw035524		16	1	18.0
2025-03-19		VFB_fw035524	VFB_00101567	16	2	0.0
2025-03-19		VFB_fw035873		2	1	3.0
2025-03-19		VFB_fw035873	VFB_00101567	2	1	0.0
2025-03-19		VFB_fw036434		28	1	53.0
2025-03-19		VFB_fw036434	VFB_00101567	28	7	0.0
2025-03-19		VFB_fw036520		5	1	0.0
2025-03-19		VFB_fw036520	VFB_00101567	5	2	0.0
2025-03-19		VFB_fw036522		6	2	10.0
2025-03-19		VFB_fw036522	VFB_00101567	6	2	0.0
2025-03-19		VFB_fw036754		1	1	0.0
2025-03-19		VFB_fw036754	VFB_00101567	1	1	0.0
2025-03-19		VFB_fw036795		38	1	96.0
2025-03-19		VFB_fw036795	VFB_00101567	37	7	0.0
2025-03-19		VFB_fw036952		4	1	7.0
2025-03-19		VFB_fw036952	VFB_00101567	3	2	0.0
2025-03-19		VFB_fw039169		22	1	38.0
2025-03-19		VFB_fw039169	VFB_00101567	12	4	0.0
2025-03-19		VFB_fw039173		2	1	1.0
2025-03-19		VFB_fw039173	VFB_00101567	2	1	0.0
2025-03-19		VFB_fw039182		12	1	4.0
2025-03-19		VFB_fw039182	VFB_00101567	17	2	0.0
2025-03-19		VFB_fw040322		9	1	8.0
2025-03-19		VFB_fw040322	VFB_00101567	4	2	0.0
2025-03-19		VFB_fw042107		2	1	1.0
2025-03-19		VFB_fw042107	VFB_00101567	7	1	0.0
2025-03-19		VFB_fw043857		6	1	4.0
2025-03-19		VFB_fw043857	VFB_00101567	6	3	0.0
2025-03-19		VFB_fw044496		7	1	2.0
2025-03-19		VFB_fw044496	VFB_00101567	7	2	0.0
2025-03-19		VFB_jrchjrez		19	1	54.0
2025-03-19		VFB_jrchjrez	VFB_00101567	19	3	0.0
2025-03-19		VFB_jrchjrf0		5	1	9.0
2025-03-19		VFB_jrchjrf0	VFB_00101567	5	2	0.0
2025-03-19		VFB_jrchjrf1		5	1	12.0
2025-03-19		VFB_jrchjrf1	VFB_00101567	5	2	0.0
2025-03-19		VFB_jrchjthy		5	1	6.0
2025-03-19		VFB_jrchjthy	VFB_00101384	3	1	0.0
2025-03-19		VFB_jrchjthy	VFB_00101567	2	1	0.0
2025-03-19		VFB_jrchjurq		6	1	5.0
2025-03-19		VFB_jrchjurq	VFB_00101567	6	3	0.0
2025-03-19		VFB_jrchk45v		1	1	0.0
2025-03-19		VFB_jrchk45v	VFB_00101567	1	1	0.0
2025-03-19		VFB_jrchk7cv		2	1	0.0
2025-03-19		VFB_jrchk7cv	VFB_00101567	2	1	0.0
2025-03-19		VFB_jrchk7in		6	1	0.0
2025-03-19		VFB_jrchk7in	VFB_00101567	5	2	0.0
2025-03-19		VFB_jrchk7j0		1	1	0.0
2025-03-19		VFB_jrchk7j0	VFB_00101567	1	1	0.0
2025-03-19		VFB_jrchk7j3		1	1	1.0
2025-03-19		VFB_jrchk7j3	VFB_00101567	1	1	0.0
2025-03-19		VFB_jrchk7j5		1	1	0.0
2025-03-19		VFB_jrchk7j5	VFB_00101567	1	1	0.0
2025-03-19		VFB_jrchk7j8		2	1	0.0
2025-03-19		VFB_jrchk7j8	VFB_00101567	1	1	0.0
2025-03-19		VFB_jrchk7j9		6	1	0.0
2025-03-19		VFB_jrchk7j9	VFB_00101567	5	2	0.0
2025-03-19		VFB_jrchk7mf		3	1	28.0
2025-03-19		VFB_jrchk7mf	VFB_00101567	3	2	0.0
2025-03-19		VFB_jrcv0a1a		8	2	44.0
2025-03-19		VFB_jrcv0a1a	VFB_00101567	4	1	0.0
2025-03-19		VFB_jrcv0a1a	VFB_00200000	4	2	0.0
2025-03-19		VFB_jrcv0d94		4	1	17.0
2025-03-19		VFB_jrcv0d94	VFB_00050000	3	1	0.0
2025-03-19		VFB_jrcv0d94	VFB_00200000	1	1	0.0
2025-03-19		VFB_jrcv0mii		3	1	6.0
2025-03-19		VFB_jrcv0mii	VFB_00101567	2	1	0.0
2025-03-19		VFB_jrcv0mii	VFB_00200000	1	1	0.0
2025-03-19		VFB_jrcvnm02		3	1	3.0
2025-03-19		VFB_jrcvnm02	VFB_00101567	2	1	0.0
2025-03-19		VFB_jrcvnm02	VFB_00200000	1	1	0.0
2025-03-19		VFBexp_FBti0002		1	1	0.0
2025-03-19		VFBexp_FBti0002	VFB_00101567	1	1	0.0
2025-03-19		VFBexp_FBti0023		3	1	0.0
2025-03-19		VFBexp_FBti0023	VFB_00050000	2	1	0.0
2025-03-19		VFBexp_FBti0023	VFB_00101567	1	1	0.0
2025-03-19		VFBexp_FBtp0058		5	1	1.0
2025-03-19		VFBexp_FBtp0058	VFB_00101567	6	4	0.0
2025-03-19		VFBexp_FBtp0100		2	1	7.0
2025-03-19		VFBexp_FBtp0100	VFB_00101567	7	1	0.0
2025-03-19		VFBexp_FBtp0114		24	1	0.0
2025-03-19		VFBexp_FBtp0114	VFB_00101567	24	1	0.0
2025-03-19		VFBexp_FBtp0117		3	1	0.0
2025-03-19		VFBexp_FBtp0117	VFB_00101567	3	1	0.0
2025-03-19		VFBexp_FBtp0122		2	1	0.0
2025-03-19		VFBexp_FBtp0122	VFB_00101567	2	1	0.0
2025-03-19		VFBexp_FBtp0123		1	1	0.0
2025-03-19		VFBexp_FBtp0123	VFB_00101567	1	1	0.0
2025-03-19		VFBexp_FBtp0124		18	2	0.0
2025-03-19		VFBexp_FBtp0124	VFB_00101567	18	2	0.0
2025-03-19	v2-dev.virtualflybrain.org	FBbt_00003748	VFB_00101567	1	2	61.0
2025-03-19	v2-dev.virtualflybrain.org	VFB_00101567	VFB_00101567	4	9	54.0
2025-03-19	v2-dev.virtualflybrain.org	VFB_00102271	VFB_00101567	0	1	0.0
2025-03-19	v2-dev.virtualflybrain.org	VFB_00102282	VFB_00101567	1	1	0.0
2025-03-19	v2.virtualflybrain.org	FBbt_00001919	VFB_00049000	0	1	4.0
2025-03-19	v2.virtualflybrain.org	FBbt_00003004	VFB_00101567	0	1	1.0
2025-03-19	v2.virtualflybrain.org	FBbt_00003624	VFB_00101567	0	6	130.0
2025-03-19	v2.virtualflybrain.org	FBbt_00003679	VFB_00101567	0	3	147.0
2025-03-19	v2.virtualflybrain.org	FBbt_00003680	VFB_00101567	1	5	188.0
2025-03-19	v2.virtualflybrain.org	FBbt_00003681	VFB_00101567	0	9	322.0
2025-03-19	v2.virtualflybrain.org	FBbt_00003682	VFB_00101567	0	1	9.0
2025-03-19	v2.virtualflybrain.org	FBbt_00003684	VFB_00101567	0	1	49.0
2025-03-19	v2.virtualflybrain.org	FBbt_00003748	VFB_00101567	0	2	400.0
2025-03-19	v2.virtualflybrain.org	FBbt_00003928	VFB_00101567	0	1	9.0
2025-03-19	v2.virtualflybrain.org	FBbt_00004052	VFB_00200000	0	1	69.0
2025-03-19	v2.virtualflybrain.org	FBbt_00004210	VFB_00101567	1	2	25.0
2025-03-19	v2.virtualflybrain.org	FBbt_00004223		1	1	3.0
2025-03-19	v2.virtualflybrain.org	FBbt_00004223	VFB_00101567	2	1	0.0
2025-03-19	v2.virtualflybrain.org	FBbt_00005123	VFB_00050000	0	1	22.0
2025-03-19	v2.virtualflybrain.org	FBbt_00005123	VFB_00101567	0	1	28.0
2025-03-19	v2.virtualflybrain.org	FBbt_00007059	VFB_00101567	0	1	171.0
2025-03-19	v2.virtualflybrain.org	FBbt_00007104	VFB_00101567	0	2	190.0
2025-03-19	v2.virtualflybrain.org	FBbt_00007401	VFB_00101567	0	3	192.0
2025-03-19	v2.virtualflybrain.org	FBbt_00007453	VFB_00017894	0	1	70.0
2025-03-19	v2.virtualflybrain.org	FBbt_00007677	VFB_00101567	0	1	19.0
2025-03-19	v2.virtualflybrain.org	FBbt_00007709	VFB_00049000	0	1	11.0
2025-03-19	v2.virtualflybrain.org	FBbt_00013688	VFB_00101567	0	2	21.0
2025-03-19	v2.virtualflybrain.org	FBbt_00013694	VFB_00101567	0	1	5.0
2025-03-19	v2.virtualflybrain.org	FBbt_00013695	VFB_00101567	0	2	85.0
2025-03-19	v2.virtualflybrain.org	FBbt_00014013	VFB_00101567	0	4	22.0
2025-03-19	v2.virtualflybrain.org	FBbt_00040041	VFB_00017894	0	2	47.0
2025-03-19	v2.virtualflybrain.org	FBbt_00040041	VFB_00101567	0	4	36.0
2025-03-19	v2.virtualflybrain.org	FBbt_00040042	VFB_00101567	0	2	25.0
2025-03-19	v2.virtualflybrain.org	FBbt_00040043	VFB_00101567	0	1	2.0
2025-03-19	v2.virtualflybrain.org	FBbt_00040048	VFB_00017894	0	1	3.0
2025-03-19	v2.virtualflybrain.org	FBbt_00040048	VFB_00101567	0	1	4.0
2025-03-19	v2.virtualflybrain.org	FBbt_00040049	VFB_00101567	12	2	0.0
2025-03-19	v2.virtualflybrain.org	FBbt_00040051	VFB_00101567	0	2	5.0
2025-03-19	v2.virtualflybrain.org	FBbt_00045027	VFB_00017894	1	1	0.0
2025-03-19	v2.virtualflybrain.org	FBbt_00045040	VFB_00101567	0	1	11.0
2025-03-19	v2.virtualflybrain.org	FBbt_00045046	VFB_00101567	0	1	13.0
2025-03-19	v2.virtualflybrain.org	FBbt_00045048	VFB_00017894	3	1	0.0
2025-03-19	v2.virtualflybrain.org	FBbt_00045048	VFB_00101567	0	6	69.0
2025-03-19	v2.virtualflybrain.org	FBbt_00045050	VFB_00101567	0	1	44.0
2025-03-19	v2.virtualflybrain.org	FBbt_00045051	VFB_00101567	1	1	0.0
2025-03-19	v2.virtualflybrain.org	FBbt_00047228	VFB_00101567	0	1	0.0
2025-03-19	v2.virtualflybrain.org	FBbt_00047594	VFB_00200000	0	1	60.0
2025-03-19	v2.virtualflybrain.org	FBbt_00047935		1	1	0.0
2025-03-19	v2.virtualflybrain.org	FBbt_00047935	VFB_00101567	2	3	108.0
2025-03-19	v2.virtualflybrain.org	FBbt_00047950	VFB_00101567	0	2	179.0
2025-03-19	v2.virtualflybrain.org	FBbt_00048093	VFB_00101567	0	1	0.0
2025-03-19	v2.virtualflybrain.org	FBbt_00049454	VFB_00101567	0	1	63.0
2025-03-19	v2.virtualflybrain.org	FBbt_00049656	VFB_00101567	0	1	0.0
2025-03-19	v2.virtualflybrain.org	FBbt_00049727	VFB_00101567	0	1	0.0
2025-03-19	v2.virtualflybrain.org	FBbt_00051293	VFB_00101567	0	1	49.0
2025-03-19	v2.virtualflybrain.org	FBbt_00051393	VFB_00101567	0	2	35.0
2025-03-19	v2.virtualflybrain.org	FBbt_00051488	VFB_00101567	0	1	35.0
2025-03-19	v2.virtualflybrain.org	FBbt_00051489	VFB_00101567	0	1	99.0
2025-03-19	v2.virtualflybrain.org	FBbt_00058208	VFB_00101567	1	5	118.0
2025-03-19	v2.virtualflybrain.org	FBbt_00067056		1	1	3.0
2025-03-19	v2.virtualflybrain.org	FBbt_00067056	VFB_00101567	0	1	14.0
2025-03-19	v2.virtualflybrain.org	FBbt_00100500	VFB_00101567	0	1	0.0
2025-03-19	v2.virtualflybrain.org	FBbt_00100507	VFB_00101567	2	2	98.0
2025-03-19	v2.virtualflybrain.org	FBbt_00100519	VFB_00101567	0	1	61.0
2025-03-19	v2.virtualflybrain.org	FBbt_00110658	VFB_00101567	0	1	3.0
2025-03-19	v2.virtualflybrain.org	FBbt_00111205	VFB_00049000	0	1	0.0
2025-03-19	v2.virtualflybrain.org	FBbt_00111336	VFB_00101567	0	1	105.0
2025-03-19	v2.virtualflybrain.org	FBbt_20000031	VFB_00101567	1	3	206.0
2025-03-19	v2.virtualflybrain.org	GO_0061535	VFB_00101567	0	1	0.0
2025-03-19	v2.virtualflybrain.org	VFB_00000250	VFB_00101567	0	1	8.0
2025-03-19	v2.virtualflybrain.org	VFB_00000773	VFB_00101567	0	2	46.0
2025-03-19	v2.virtualflybrain.org	VFB_00001503	VFB_00101567	0	1	0.0
2025-03-19	v2.virtualflybrain.org	VFB_00001577	VFB_00101567	4	1	0.0
2025-03-19	v2.virtualflybrain.org	VFB_00001780	VFB_00101567	0	1	5.0
2025-03-19	v2.virtualflybrain.org	VFB_00004710	VFB_00101567	14	1	0.0
2025-03-19	v2.virtualflybrain.org	VFB_00011508	VFB_00101567	2	1	42.0
2025-03-19	v2.virtualflybrain.org	VFB_00012839	VFB_00101567	0	1	63.0
2025-03-19	v2.virtualflybrain.org	VFB_00014553	VFB_00101567	2	2	20.0
2025-03-19	v2.virtualflybrain.org	VFB_00014837	VFB_00017894	0	2	3.0
2025-03-19	v2.virtualflybrain.org	VFB_00014837	VFB_00101567	0	4	38.0
2025-03-19	v2.virtualflybrain.org	VFB_00014922	VFB_00101567	0	6	137.0
2025-03-19	v2.virtualflybrain.org	VFB_00015031	VFB_00017894	1	2	0.0
2025-03-19	v2.virtualflybrain.org	VFB_00015031	VFB_00101567	1	4	94.0
2025-03-19	v2.virtualflybrain.org	VFB_00015605	VFB_00101567	0	3	36.0
2025-03-19	v2.virtualflybrain.org	VFB_00017894	VFB_00017894	1	6	3.0
2025-03-19	v2.virtualflybrain.org	VFB_00020407	VFB_00101567	0	2	155.0
2025-03-19	v2.virtualflybrain.org	VFB_00030766	VFB_00101567	3	1	558.0
2025-03-19	v2.virtualflybrain.org	VFB_00030786	VFB_00030786	0	1	0.0
2025-03-19	v2.virtualflybrain.org	VFB_00030852	VFB_00030786	24	1	0.0
2025-03-19	v2.virtualflybrain.org	VFB_00030867	VFB_00017894	26	4	5346.0
2025-03-19	v2.virtualflybrain.org	VFB_00030867	VFB_00101567	25	4	20.0
2025-03-19	v2.virtualflybrain.org	VFB_00049000	VFB_00049000	1	4	49.0
2025-03-19	v2.virtualflybrain.org	VFB_00050000	VFB_00050000	0	3	0.0
2025-03-19	v2.virtualflybrain.org	VFB_00050312	VFB_00049000	1	3	9.0
2025-03-19	v2.virtualflybrain.org	VFB_00050430	VFB_00049000	2	4	7.0
2025-03-19	v2.virtualflybrain.org	VFB_00050430	VFB_00101567	2	2	141.0
2025-03-19	v2.virtualflybrain.org	VFB_00050505	VFB_00049000	1	1	0.0
2025-03-19	v2.virtualflybrain.org	VFB_00066989	VFB_00101567	0	2	69.0
2025-03-19	v2.virtualflybrain.org	VFB_001001su	VFB_00101567	2	1	0.0
2025-03-19	v2.virtualflybrain.org	VFB_00100612	VFB_00050000	7	1	0.0
2025-03-19	v2.virtualflybrain.org	VFB_00100d2k	VFB_00200000	27	2	0.0
2025-03-19	v2.virtualflybrain.org	VFB_00100v15	VFB_00101567	1	3	0.0
2025-03-19	v2.virtualflybrain.org	VFB_00100wl5	VFB_00101567	2	1	0.0
2025-03-19	v2.virtualflybrain.org	VFB_00100ww0	VFB_00101567	1	3	5.0
2025-03-19	v2.virtualflybrain.org	VFB_001011g9	VFB_00050000	2	1	0.0
2025-03-19	v2.virtualflybrain.org	VFB_001011rb	VFB_00101567	0	1	0.0
2025-03-19	v2.virtualflybrain.org	VFB_0010127s	VFB_00101567	0	1	166.0
2025-03-19	v2.virtualflybrain.org	VFB_001012at	VFB_00101567	6	3	54.0
2025-03-19	v2.virtualflybrain.org	VFB_0010131e	VFB_00101567	0	2	60.0
2025-03-19	v2.virtualflybrain.org	VFB_001013bn	VFB_00101567	0	1	27.0
2025-03-19	v2.virtualflybrain.org	VFB_001013r8	VFB_00101567	0	1	0.0
2025-03-19	v2.virtualflybrain.org	VFB_00101467	VFB_00050000	1	3	0.0
2025-03-19	v2.virtualflybrain.org	VFB_00101467	VFB_00101567	0	2	5.0
2025-03-19	v2.virtualflybrain.org	VFB_0010150h	VFB_00101567	0	2	98.0
2025-03-19	v2.virtualflybrain.org	VFB_00101567	VFB_00101567	76	97	885.0
2025-03-19	v2.virtualflybrain.org	VFB_00101cb7	VFB_00101567	0	2	10.0
2025-03-19	v2.virtualflybrain.org	VFB_00101e7h	VFB_00101567	0	2	3.0
2025-03-19	v2.virtualflybrain.org	VFB_00101run	VFB_00101567	0	2	16.0
2025-03-19	v2.virtualflybrain.org	VFB_00101w64	VFB_00101567	0	2	36.0
2025-03-19	v2.virtualflybrain.org	VFB_0010205o	VFB_00101567	2	1	0.0
2025-03-19	v2.virtualflybrain.org	VFB_00102114	VFB_00101567	0	1	0.0
2025-03-19	v2.virtualflybrain.org	VFB_00102118	VFB_00101567	0	1	18.0
2025-03-19	v2.virtualflybrain.org	VFB_00102119	VFB_00101567	0	1	107.0
2025-03-19	v2.virtualflybrain.org	VFB_00102121	VFB_00101567	0	1	2.0
2025-03-19	v2.virtualflybrain.org	VFB_00102123	VFB_00101567	0	2	15.0
2025-03-19	v2.virtualflybrain.org	VFB_00102124	VFB_00101567	0	1	8.0
2025-03-19	v2.virtualflybrain.org	VFB_00102133	VFB_00101567	0	2	12.0
2025-03-19	v2.virtualflybrain.org	VFB_00102134	VFB_00101567	0	1	9.0
2025-03-19	v2.virtualflybrain.org	VFB_00102135	VFB_00101567	0	1	2.0
2025-03-19	v2.virtualflybrain.org	VFB_00102143	VFB_00101567	0	2	17.0
2025-03-19	v2.virtualflybrain.org	VFB_00102146	VFB_00101567	0	1	2.0
2025-03-19	v2.virtualflybrain.org	VFB_00102170	VFB_00101567	0	1	6.0
2025-03-19	v2.virtualflybrain.org	VFB_00102176	VFB_00017894	0	2	91.0
2025-03-19	v2.virtualflybrain.org	VFB_00102176	VFB_00101567	2	4	2.0
2025-03-19	v2.virtualflybrain.org	VFB_00102179	VFB_00101567	0	1	0.0
2025-03-19	v2.virtualflybrain.org	VFB_00102201	VFB_00101567	0	2	41.0
2025-03-19	v2.virtualflybrain.org	VFB_00102228	VFB_00050000	1	2	1.0
2025-03-19	v2.virtualflybrain.org	VFB_00102228	VFB_00101567	1	2	153.0
2025-03-19	v2.virtualflybrain.org	VFB_00102271	VFB_00101567	0	4	8.0
2025-03-19	v2.virtualflybrain.org	VFB_00102274	VFB_00101567	0	4	29.0
2025-03-19	v2.virtualflybrain.org	VFB_00102276	VFB_00101567	0	1	3.0
2025-03-19	v2.virtualflybrain.org	VFB_00102280	VFB_00101567	0	1	10.0
2025-03-19	v2.virtualflybrain.org	VFB_00102282	VFB_00101567	0	1	5.0
2025-03-19	v2.virtualflybrain.org	VFB_00102esu	VFB_00050000	6	1	1.0
2025-03-19	v2.virtualflybrain.org	VFB_00200000	VFB_00200000	0	5	185.0
2025-03-19	v2.virtualflybrain.org	VFB_fw000225	VFB_00101567	0	1	25.0
2025-03-19	v2.virtualflybrain.org	VFB_fw000261	VFB_00101567	0	1	44.0
2025-03-19	v2.virtualflybrain.org	VFB_fw000725	VFB_00101567	0	6	3.0
2025-03-19	v2.virtualflybrain.org	VFB_fw001862	VFB_00017894	0	2	10.0
2025-03-19	v2.virtualflybrain.org	VFB_fw001862	VFB_00101567	0	4	78.0
2025-03-19	v2.virtualflybrain.org	VFB_fw002351	VFB_00101567	0	1	13.0
2025-03-19	v2.virtualflybrain.org	VFB_fw002817	VFB_00101567	0	5	76.0
2025-03-19	v2.virtualflybrain.org	VFB_fw003867	VFB_00101567	0	2	13.0
2025-03-19	v2.virtualflybrain.org	VFB_fw004350	VFB_00101567	0	3	66.0
2025-03-19	v2.virtualflybrain.org	VFB_fw005953	VFB_00101567	0	2	69.0
2025-03-19	v2.virtualflybrain.org	VFB_fw006870	VFB_00101567	0	1	30.0
2025-03-19	v2.virtualflybrain.org	VFB_fw008833	VFB_00101567	0	1	9.0
2025-03-19	v2.virtualflybrain.org	VFB_fw009472	VFB_00101567	0	4	48.0
2025-03-19	v2.virtualflybrain.org	VFB_fw010336	VFB_00101567	0	2	203.0
2025-03-19	v2.virtualflybrain.org	VFB_fw010781	VFB_00101567	0	3	42.0
2025-03-19	v2.virtualflybrain.org	VFB_fw011002	VFB_00101567	1	1	0.0
2025-03-19	v2.virtualflybrain.org	VFB_fw014070	VFB_00101567	0	3	0.0
2025-03-19	v2.virtualflybrain.org	VFB_fw014302	VFB_00101567	0	1	8.0
2025-03-19	v2.virtualflybrain.org	VFB_fw018391	VFB_00101567	0	1	0.0
2025-03-19	v2.virtualflybrain.org	VFB_fw018899	VFB_00101567	0	1	14.0
2025-03-19	v2.virtualflybrain.org	VFB_fw019405	VFB_00101567	0	4	57.0
2025-03-19	v2.virtualflybrain.org	VFB_fw022900	VFB_00101567	0	3	41.0
2025-03-19	v2.virtualflybrain.org	VFB_fw026339	VFB_00101567	0	2	146.0
2025-03-19	v2.virtualflybrain.org	VFB_fw030809	VFB_00101567	0	1	13.0
2025-03-19	v2.virtualflybrain.org	VFB_fw031805	VFB_00101567	0	2	27.0
2025-03-19	v2.virtualflybrain.org	VFB_fw032258	VFB_00017894	0	3	40.0
2025-03-19	v2.virtualflybrain.org	VFB_fw032258	VFB_00101567	1	4	23.0
2025-03-19	v2.virtualflybrain.org	VFB_fw032620	VFB_00101567	0	1	5.0
2025-03-19	v2.virtualflybrain.org	VFB_fw032800	VFB_00101567	0	3	14.0
2025-03-19	v2.virtualflybrain.org	VFB_fw033504	VFB_00101567	0	1	21.0
2025-03-19	v2.virtualflybrain.org	VFB_fw033654	VFB_00017894	0	2	10.0
2025-03-19	v2.virtualflybrain.org	VFB_fw033654	VFB_00101567	0	1	12.0
2025-03-19	v2.virtualflybrain.org	VFB_fw034064	VFB_00101567	0	7	88.0
2025-03-19	v2.virtualflybrain.org	VFB_fw034126	VFB_00101567	0	4	55.0
2025-03-19	v2.virtualflybrain.org	VFB_fw034381	VFB_00101567	0	1	16.0
2025-03-19	v2.virtualflybrain.org	VFB_fw034477	VFB_00101567	0	1	26.0
2025-03-19	v2.virtualflybrain.org	VFB_fw034518	VFB_00101567	0	1	25.0
2025-03-19	v2.virtualflybrain.org	VFB_fw034550	VFB_00101567	0	3	43.0
2025-03-19	v2.virtualflybrain.org	VFB_fw034617	VFB_00101567	24	1	0.0
2025-03-19	v2.virtualflybrain.org	VFB_fw034680	VFB_00101567	0	1	10.0
2025-03-19	v2.virtualflybrain.org	VFB_fw034765	VFB_00101567	0	1	18.0
2025-03-19	v2.virtualflybrain.org	VFB_fw034841	VFB_00101567	0	1	23.0
2025-03-19	v2.virtualflybrain.org	VFB_fw035224	VFB_00101567	1	1	0.0
2025-03-19	v2.virtualflybrain.org	VFB_fw035311	VFB_00101567	0	1	21.0
2025-03-19	v2.virtualflybrain.org	VFB_fw035436	VFB_00101567	0	2	66.0
2025-03-19	v2.virtualflybrain.org	VFB_fw035500	VFB_00101567	0	1	14.0
2025-03-19	v2.virtualflybrain.org	VFB_fw035524	VFB_00101567	1	3	75.0
2025-03-19	v2.virtualflybrain.org	VFB_fw035873	VFB_00101567	0	1	39.0
2025-03-19	v2.virtualflybrain.org	VFB_fw036434	VFB_00101567	1	6	48.0
2025-03-19	v2.virtualflybrain.org	VFB_fw036520	VFB_00101567	0	2	60.0
2025-03-19	v2.virtualflybrain.org	VFB_fw036522		1	1	1.0
2025-03-19	v2.virtualflybrain.org	VFB_fw036522	VFB_00101567	5	2	54.0
2025-03-19	v2.virtualflybrain.org	VFB_fw036754	VFB_00101567	0	1	29.0
2025-03-19	v2.virtualflybrain.org	VFB_fw036795	VFB_00101567	0	4	58.0
2025-03-19	v2.virtualflybrain.org	VFB_fw036952	VFB_00101567	2	2	13.0
2025-03-19	v2.virtualflybrain.org	VFB_fw039169	VFB_00101567	0	3	43.0
2025-03-19	v2.virtualflybrain.org	VFB_fw039173	VFB_00101567	0	1	35.0
2025-03-19	v2.virtualflybrain.org	VFB_fw039182	VFB_00101567	0	1	32.0
2025-03-19	v2.virtualflybrain.org	VFB_fw040322	VFB_00101567	0	2	30.0
2025-03-19	v2.virtualflybrain.org	VFB_fw042107	VFB_00101567	0	1	15.0
2025-03-19	v2.virtualflybrain.org	VFB_fw043857	VFB_00101567	0	3	337.0
2025-03-19	v2.virtualflybrain.org	VFB_fw044496	VFB_00101567	0	1	10.0
2025-03-19	v2.virtualflybrain.org	VFB_jrchjrez	VFB_00101567	0	2	97.0
2025-03-19	v2.virtualflybrain.org	VFB_jrchjrf0	VFB_00101567	0	1	15.0
2025-03-19	v2.virtualflybrain.org	VFB_jrchjrf1	VFB_00101567	0	1	57.0
2025-03-19	v2.virtualflybrain.org	VFB_jrchjthy	VFB_00101384	0	2	62.0
2025-03-19	v2.virtualflybrain.org	VFB_jrchjthy	VFB_00101567	2	3	40.0
2025-03-19	v2.virtualflybrain.org	VFB_jrchjthy	VFB_jrchjthy	1	2	1.0
2025-03-19	v2.virtualflybrain.org	VFB_jrchjurq	VFB_00101567	0	1	118.0
2025-03-19	v2.virtualflybrain.org	VFB_jrchk45v	VFB_00101567	0	1	38.0
2025-03-19	v2.virtualflybrain.org	VFB_jrchk7cv	VFB_00101567	0	1	179.0
2025-03-19	v2.virtualflybrain.org	VFB_jrchk7in	VFB_00101567	0	2	7.0
2025-03-19	v2.virtualflybrain.org	VFB_jrchk7j0	VFB_00101567	0	2	28.0
2025-03-19	v2.virtualflybrain.org	VFB_jrchk7j3	VFB_00101567	0	1	50.0
2025-03-19	v2.virtualflybrain.org	VFB_jrchk7j3	VFB_jrchk7j3	1	2	0.0
2025-03-19	v2.virtualflybrain.org	VFB_jrchk7j5	VFB_00101567	0	1	17.0
2025-03-19	v2.virtualflybrain.org	VFB_jrchk7j8	VFB_00101567	0	1	24.0
2025-03-19	v2.virtualflybrain.org	VFB_jrchk7j9	VFB_00101567	0	2	29.0
2025-03-19	v2.virtualflybrain.org	VFB_jrchk7mf	VFB_00101567	1	1	39.0
2025-03-19	v2.virtualflybrain.org	VFB_jrcv0a1a	VFB_00101567	1	2	8.0
2025-03-19	v2.virtualflybrain.org	VFB_jrcv0a1a	VFB_00200000	1	3	14.0
2025-03-19	v2.virtualflybrain.org	VFB_jrcv0d94	VFB_00050000	0	2	7.0
2025-03-19	v2.virtualflybrain.org	VFB_jrcv0d94	VFB_00200000	1	3	15.0
2025-03-19	v2.virtualflybrain.org	VFB_jrcv0mii	VFB_00101567	0	2	2.0
2025-03-19	v2.virtualflybrain.org	VFB_jrcv0mii	VFB_00200000	1	2	0.0
2025-03-19	v2.virtualflybrain.org	VFB_jrcvnm02	VFB_00101567	0	2	47.0
2025-03-19	v2.virtualflybrain.org	VFB_jrcvnm02	VFB_00200000	1	3	14.0
2025-03-19	v2.virtualflybrain.org	VFBexp_FBti0002	VFB_00101567	0	2	14.0
2025-03-19	v2.virtualflybrain.org	VFBexp_FBti0023	VFB_00050000	0	1	75.0
2025-03-19	v2.virtualflybrain.org	VFBexp_FBti0023	VFB_00101567	0	1	9.0
2025-03-19	v2.virtualflybrain.org	VFBexp_FBtp0058	VFB_00101567	0	3	51.0
2025-03-19	v2.virtualflybrain.org	VFBexp_FBtp0100	VFB_00101567	0	1	0.0
2025-03-19	v2.virtualflybrain.org	VFBexp_FBtp0114	VFB_00101567	24	1	0.0
2025-03-19	v2.virtualflybrain.org	VFBexp_FBtp0117	VFB_00101567	3	1	0.0
2025-03-19	v2.virtualflybrain.org	VFBexp_FBtp0122	VFB_00101567	0	1	1366.0
2025-03-19	v2.virtualflybrain.org	VFBexp_FBtp0123		1	1	1.0
2025-03-19	v2.virtualflybrain.org	VFBexp_FBtp0123	VFB_00101567	0	1	2.0
2025-03-19	v2.virtualflybrain.org	VFBexp_FBtp0124	VFB_00101567	18	2	0.0
2025-03-19	v2a.virtualflybrain.org	FBbt_00003679	VFB_00101567	0	1	2.0
2025-03-20		FBbt_00003624		5	2	35.0
2025-03-20		FBbt_00003624	VFB_00101567	6	3	0.0
2025-03-20		FBbt_00003679		1	1	0.0
2025-03-20		FBbt_00003679	VFB_00101567	1	1	0.0
2025-03-20		FBbt_00003680		1	1	1.0
2025-03-20		FBbt_00003680	VFB_00101567	1	1	0.0
2025-03-20		FBbt_00003681		2	2	0.0
2025-03-20		FBbt_00003681	VFB_00101567	2	2	0.0
2025-03-20		FBbt_00003748		2	1	0.0
2025-03-20		FBbt_00003748	VFB_00101567	2	1	0.0
2025-03-20		FBbt_00003995		6	1	4.0
2025-03-20		FBbt_00003995	VFB_00101567	5	3	0.0
2025-03-20		FBbt_00005780		10	1	0.0
2025-03-20		FBbt_00005780	VFB_00101567	16	2	0.0
2025-03-20		FBbt_00007053		1	1	0.0
2025-03-20		FBbt_00007053	VFB_00101567	1	1	0.0
2025-03-20		FBbt_00013691		1	1	0.0
2025-03-20		FBbt_00013691	VFB_00101567	3	1	0.0
2025-03-20		FBbt_00013694		9	2	0.0
2025-03-20		FBbt_00013694	VFB_00101567	9	2	0.0
2025-03-20		FBbt_00013695		1	1	0.0
2025-03-20		FBbt_00013695	VFB_00101567	1	1	0.0
2025-03-20		FBbt_00014013		3	1	0.0
2025-03-20		FBbt_00014013	VFB_00101567	3	2	0.0
2025-03-20		FBbt_00040041		7	3	0.0
2025-03-20		FBbt_00040041	VFB_00101567	7	3	0.0
2025-03-20		FBbt_00040042		3	3	0.0
2025-03-20		FBbt_00040042	VFB_00101567	3	3	0.0
2025-03-20		FBbt_00040043		1	1	0.0
2025-03-20		FBbt_00040043	VFB_00101567	1	1	0.0
2025-03-20		FBbt_00040044		1	1	0.0
2025-03-20		FBbt_00040044	VFB_00101567	1	1	0.0
2025-03-20		FBbt_00040049		3	1	0.0
2025-03-20		FBbt_00040049	VFB_00101567	3	1	0.0
2025-03-20		FBbt_00040050		1	1	0.0
2025-03-20		FBbt_00040050	VFB_00101567	1	1	0.0
2025-03-20		FBbt_00047127		1	1	1.0
2025-03-20		FBbt_00047127	VFB_00101567	1	1	0.0
2025-03-20		FBbt_00047349		3	1	0.0
2025-03-20		FBbt_00047349	VFB_00101567	3	2	0.0
2025-03-20		FBbt_00047350		1	1	0.0
2025-03-20		FBbt_00047350	VFB_00101567	1	1	0.0
2025-03-20		FBbt_00047887		4	1	0.0
2025-03-20		FBbt_00047887	VFB_00101567	4	1	0.0
2025-03-20		FBbt_00047928		7	1	0.0
2025-03-20		FBbt_00047928	VFB_00101567	7	2	0.0
2025-03-20		FBbt_00047935		4	1	0.0
2025-03-20		FBbt_00047935	VFB_00101567	4	1	0.0
2025-03-20		FBbt_00048014		2	1	0.0
2025-03-20		FBbt_00048014	VFB_00101567	2	1	0.0
2025-03-20		FBbt_00048028		2	1	70.0
2025-03-20		FBbt_00048028	VFB_00101567	2	1	0.0
2025-03-20		FBbt_00048326		3	1	0.0
2025-03-20		FBbt_00048326	VFB_00101567	3	2	0.0
2025-03-20		FBbt_00048427		2	1	9.0
2025-03-20		FBbt_00048427	VFB_00101567	2	1	0.0
2025-03-20		FBbt_00049724		3	1	1.0
2025-03-20		FBbt_00049724	VFB_00101567	4	2	0.0
2025-03-20		FBbt_00049743		1	1	0.0
2025-03-20		FBbt_00049743	VFB_00101567	1	1	0.0
2025-03-20		FBbt_00049746		3	2	67.0
2025-03-20		FBbt_00049746	VFB_00101567	4	2	0.0
2025-03-20		FBbt_00049922		1	1	0.0
2025-03-20		FBbt_00049922	VFB_00101567	1	1	0.0
2025-03-20		FBbt_00051212		2	1	27.0
2025-03-20		FBbt_00051212	VFB_00101567	3	1	0.0
2025-03-20		FBbt_00051936		1	1	0.0
2025-03-20		FBbt_00051936	VFB_00101567	1	1	0.0
2025-03-20		FBbt_00058205		1	1	0.0
2025-03-20		FBbt_00058205	VFB_00101567	1	1	0.0
2025-03-20		FBbt_00058206		1	1	0.0
2025-03-20		FBbt_00058206	VFB_00101567	1	1	0.0
2025-03-20		FBbt_00100251		1	1	0.0
2025-03-20		FBbt_00100251	VFB_00101567	1	1	0.0
2025-03-20		FBbt_00110530		1	1	0.0
2025-03-20		FBbt_00110530	VFB_00101567	1	1	0.0
2025-03-20		FBbt_00110531		2	1	0.0
2025-03-20		FBbt_00110531	VFB_00101567	2	1	0.0
2025-03-20		FBbt_00110570		1	1	0.0
2025-03-20		FBbt_00110570	VFB_00101567	1	1	0.0
2025-03-20		FBbt_00110636		1	1	0.0
2025-03-20		FBbt_00110636	VFB_00101567	1	1	0.0
2025-03-20		FBbt_00110657		1	1	0.0
2025-03-20		FBbt_00110657	VFB_00101567	2	1	0.0
2025-03-20		FBbt_00110658		2	2	0.0
2025-03-20		FBbt_00110658	VFB_00101567	2	2	0.0
2025-03-20		FBbt_00111172		4	1	0.0
2025-03-20		FBbt_00111172	VFB_00101567	4	1	0.0
2025-03-20		FBbt_00111304		4	1	0.0
2025-03-20		FBbt_00111304	VFB_00101567	4	2	0.0
2025-03-20		FBbt_20002628		1	1	0.0
2025-03-20		FBbt_20002628	VFB_00101567	1	1	0.0
2025-03-20		FBbt_20003827		2	1	0.0
2025-03-20		FBbt_20003827	VFB_00101567	2	1	0.0
2025-03-20		FBbt_20007478		1	1	0.0
2025-03-20		FBbt_20007478	VFB_00101567	1	1	0.0
2025-03-20		FBbt_20007595		1	1	0.0
2025-03-20		FBbt_20007595	VFB_00101567	1	1	0.0
2025-03-20		GO_0061527		2	1	370.0
2025-03-20		GO_0061527	VFB_00101567	2	1	0.0
2025-03-20		VFB_00000250		88	1	66.0
2025-03-20		VFB_00000250	VFB_00101567	91	15	0.0
2025-03-20		VFB_00000773		48	1	223.0
2025-03-20		VFB_00000773	VFB_00101567	33	6	0.0
2025-03-20		VFB_00001780		2	1	0.0
2025-03-20		VFB_00001780	VFB_00101567	7	1	0.0
2025-03-20		VFB_00001973		98	1	127.0
2025-03-20		VFB_00001973	VFB_00101567	78	8	0.0
2025-03-20		VFB_00002381		49	1	122.0
2025-03-20		VFB_00002381	VFB_00101567	79	10	0.0
2025-03-20		VFB_00004477		1	1	0.0
2025-03-20		VFB_00004477	VFB_00101567	1	1	0.0
2025-03-20		VFB_00004529		1	1	0.0
2025-03-20		VFB_00004529	VFB_00101567	1	1	0.0
2025-03-20		VFB_00004583		84	1	286.0
2025-03-20		VFB_00004583	VFB_00101567	84	10	0.0
2025-03-20		VFB_00004710		1	1	0.0
2025-03-20		VFB_00004710	VFB_00101567	1	1	0.0
2025-03-20		VFB_00009775		1	1	0.0
2025-03-20		VFB_00009775	VFB_00101567	1	1	0.0
2025-03-20		VFB_00009882		1	1	0.0
2025-03-20		VFB_00009882	VFB_00101567	1	1	0.0
2025-03-20		VFB_00009971		2	1	0.0
2025-03-20		VFB_00009971	VFB_00101567	2	2	0.0
2025-03-20		VFB_00011508		1	1	0.0
2025-03-20		VFB_00011508	VFB_00101567	1	1	0.0
2025-03-20		VFB_00011639		32	1	17.0
2025-03-20		VFB_00011639	VFB_00101567	32	6	0.0
2025-03-20		VFB_00014647		37	1	258.0
2025-03-20		VFB_00014647	VFB_00101567	37	8	0.0
2025-03-20		VFB_00015002		97	1	404.0
2025-03-20		VFB_00015002	VFB_00101567	82	10	0.0
2025-03-20		VFB_00015141		26	1	49.0
2025-03-20		VFB_00015141	VFB_00101567	36	5	0.0
2025-03-20		VFB_00020111		1	1	0.0
2025-03-20		VFB_00020111	VFB_00101567	1	1	0.0
2025-03-20		VFB_00030766		1	1	0.0
2025-03-20		VFB_00030766	VFB_00101567	1	1	0.0
2025-03-20		VFB_00030852		24	1	0.0
2025-03-20		VFB_00030852	VFB_00030786	24	1	0.0
2025-03-20		VFB_00030867		21	1	0.0
2025-03-20		VFB_00030867	VFB_00017894	14	1	0.0
2025-03-20		VFB_00030867	VFB_00101567	7	1	0.0
2025-03-20		VFB_00050000		2	1	0.0
2025-03-20		VFB_00050000	VFB_00050000	10	4	0.0
2025-03-20		VFB_00050430		1	1	0.0
2025-03-20		VFB_00050430	VFB_00101567	1	1	0.0
2025-03-20		VFB_00063429		2	1	4.0
2025-03-20		VFB_00063429	VFB_00101567	2	1	0.0
2025-03-20		VFB_00063691		1	1	0.0
2025-03-20		VFB_00063691	VFB_00101567	1	1	0.0
2025-03-20		VFB_00063692		2	1	0.0
2025-03-20		VFB_00063692	VFB_00101567	2	2	0.0
2025-03-20		VFB_00063693		1	1	0.0
2025-03-20		VFB_00063693	VFB_00101567	1	1	0.0
2025-03-20		VFB_00068504		2	1	14.0
2025-03-20		VFB_00068504	VFB_00101567	2	1	0.0
2025-03-20		VFB_001001mx		5	1	20.0
2025-03-20		VFB_001001mx	VFB_00050000	5	1	0.0
2025-03-20		VFB_00100612		4	1	1.0
2025-03-20		VFB_00100612	VFB_00050000	4	1	0.0
2025-03-20		VFB_00100734		11	1	417.0
2025-03-20		VFB_00100734	VFB_00050000	12	1	0.0
2025-03-20		VFB_00100739		5	1	5.0
2025-03-20		VFB_00100739	VFB_00050000	10	1	0.0
2025-03-20		VFB_00100752		11	1	10.0
2025-03-20		VFB_00100752	VFB_00050000	6	1	0.0
2025-03-20		VFB_00100850		6	1	6.0
2025-03-20		VFB_00100850	VFB_00050000	5	1	0.0
2025-03-20		VFB_00100873		5	1	7.0
2025-03-20		VFB_00100873	VFB_00050000	5	1	0.0
2025-03-20		VFB_00100d2k		24	1	0.0
2025-03-20		VFB_00100d2k	VFB_00200000	24	1	0.0
2025-03-20		VFB_00100eb5		6	1	0.0
2025-03-20		VFB_00100eb5	VFB_00101567	6	1	0.0
2025-03-20		VFB_00100v15		5	1	0.0
2025-03-20		VFB_00100v15	VFB_00101567	2	1	0.0
2025-03-20		VFB_00100v15	VFB_00200000	3	2	0.0
2025-03-20		VFB_00100wl5		4	1	0.0
2025-03-20		VFB_00100wl5	VFB_00101567	2	1	0.0
2025-03-20		VFB_00100wl5	VFB_00200000	2	1	0.0
2025-03-20		VFB_001011g9		2	1	0.0
2025-03-20		VFB_001011g9	VFB_00050000	2	1	0.0
2025-03-20		VFB_001012at		2	1	0.0
2025-03-20		VFB_001012at	VFB_00101567	2	1	0.0
2025-03-20		VFB_001013vs		8	1	0.0
2025-03-20		VFB_001013vs	VFB_00101567	8	3	0.0
2025-03-20		VFB_0010144u		3	1	3.0
2025-03-20		VFB_0010144u	VFB_00101567	3	1	0.0
2025-03-20		VFB_001014qb		7	1	32.0
2025-03-20		VFB_001014qb	VFB_00101567	7	3	0.0
2025-03-20		VFB_001014qd		5	1	0.0
2025-03-20		VFB_001014qd	VFB_00101567	5	2	0.0
2025-03-20		VFB_001014qf		5	1	0.0
2025-03-20		VFB_001014qf	VFB_00101567	5	2	0.0
2025-03-20		VFB_00101567		216	30	281.0
2025-03-20		VFB_00101567	VFB_00101567	245	53	0.0
2025-03-20		VFB_00101682		5	1	0.0
2025-03-20		VFB_00101682	VFB_00050000	5	1	0.0
2025-03-20		VFB_00101eb5		1	1	0.0
2025-03-20		VFB_00101eb5	VFB_00101567	1	1	0.0
2025-03-20		VFB_00101v0w		1	1	0.0
2025-03-20		VFB_00101v0w	VFB_00101567	1	1	0.0
2025-03-20		VFB_00102119		3	1	1.0
2025-03-20		VFB_00102119	VFB_00101567	3	1	0.0
2025-03-20		VFB_00102121		3	1	0.0
2025-03-20		VFB_00102121	VFB_00101567	1	1	0.0
2025-03-20		VFB_00102123		51	2	17.0
2025-03-20		VFB_00102123	VFB_00101567	47	4	0.0
2025-03-20		VFB_00102124		40	2	2.0
2025-03-20		VFB_00102124	VFB_00101567	39	4	0.0
2025-03-20		VFB_00102133		33	1	0.0
2025-03-20		VFB_00102133	VFB_00101567	32	3	0.0
2025-03-20		VFB_00102146		2	1	0.0
2025-03-20		VFB_00102146	VFB_00101567	2	1	0.0
2025-03-20		VFB_00102148		1	1	1.0
2025-03-20		VFB_00102148	VFB_00101567	1	1	0.0
2025-03-20		VFB_00102170		2	1	0.0
2025-03-20		VFB_00102170	VFB_00101567	2	1	0.0
2025-03-20		VFB_00102179		7	1	0.0
2025-03-20		VFB_00102179	VFB_00101567	7	1	0.0
2025-03-20		VFB_00102280		2	1	0.0
2025-03-20		VFB_00102280	VFB_00101567	2	1	0.0
2025-03-20		VFB_00102ekg		3	1	0.0
2025-03-20		VFB_00102ekg	VFB_00050000	3	2	0.0
2025-03-20		VFB_00200000	VFB_00200000	1	1	0.0
2025-03-20		VFB_fw000872		50	1	74.0
2025-03-20		VFB_fw000872	VFB_00101567	50	9	0.0
2025-03-20		VFB_fw001747		15	1	147.0
2025-03-20		VFB_fw001747	VFB_00101567	9	2	0.0
2025-03-20		VFB_fw003867		147	1	213.0
2025-03-20		VFB_fw003867	VFB_00101567	141	17	0.0
2025-03-20		VFB_fw004675		7	1	4.0
2025-03-20		VFB_fw004675	VFB_00101567	12	2	0.0
2025-03-20		VFB_fw006190		48	1	106.0
2025-03-20		VFB_fw006190	VFB_00101567	58	9	0.0
2025-03-20		VFB_fw009779		7	1	6.0
2025-03-20		VFB_fw009779	VFB_00101567	7	2	0.0
2025-03-20		VFB_fw010336		14	1	0.0
2025-03-20		VFB_fw010336	VFB_00101567	14	1	0.0
2025-03-20		VFB_fw030493		47	1	61.0
2025-03-20		VFB_fw030493	VFB_00101567	47	8	0.0
2025-03-20		VFB_fw031745		96	1	191.0
2025-03-20		VFB_fw031745	VFB_00101567	101	19	0.0
2025-03-20		VFB_fw032620		136	1	180.0
2025-03-20		VFB_fw032620	VFB_00101567	127	20	0.0
2025-03-20		VFB_fw034451		9	1	4.0
2025-03-20		VFB_fw034451	VFB_00101567	8	3	0.0
2025-03-20		VFB_fw034617		16	1	0.0
2025-03-20		VFB_fw034617	VFB_00101567	16	1	0.0
2025-03-20		VFB_fw036333		6	1	16.0
2025-03-20		VFB_fw036333	VFB_00101567	1	1	0.0
2025-03-20		VFB_fw036641		102	1	163.0
2025-03-20		VFB_fw036641	VFB_00101567	107	21	0.0
2025-03-20		VFB_fw036754		14	1	0.0
2025-03-20		VFB_fw036754	VFB_00101567	14	1	0.0
2025-03-20		VFB_fw036794		10	1	3.0
2025-03-20		VFB_fw036794	VFB_00101567	10	3	0.0
2025-03-20		VFB_fw037214		6	1	2.0
2025-03-20		VFB_fw037214	VFB_00101567	1	1	0.0
2025-03-20		VFB_fw042338		2	1	3.0
2025-03-20		VFB_fw042338	VFB_00101567	2	1	0.0
2025-03-20		VFB_fw045561		22	1	112.0
2025-03-20		VFB_fw045561	VFB_00101567	22	2	0.0
2025-03-20		VFB_jrchjrco		3	1	28.0
2025-03-20		VFB_jrchjrco	VFB_00101567	3	2	0.0
2025-03-20		VFB_jrchjrcp		1	1	0.0
2025-03-20		VFB_jrchjrcp	VFB_00101567	1	1	0.0
2025-03-20		VFB_jrchjtf3		3	1	189.0
2025-03-20		VFB_jrchjtf3	VFB_00101567	3	2	0.0
2025-03-20		VFB_jrchjthm		4	1	68.0
2025-03-20		VFB_jrchjthm	VFB_00101567	4	1	0.0
2025-03-20		VFB_jrchjtpj		3	1	0.0
2025-03-20		VFB_jrchjtpj	VFB_00101567	3	2	0.0
2025-03-20		VFB_jrchju72		6	1	101.0
2025-03-20		VFB_jrchju72	VFB_00101567	6	1	0.0
2025-03-20		VFB_jrchjzmr		2	1	4.0
2025-03-20		VFB_jrchjzmr	VFB_00101567	2	1	0.0
2025-03-20		VFB_jrchjzxw		3	1	4.0
2025-03-20		VFB_jrchjzxw	VFB_00101567	3	1	0.0
2025-03-20		VFB_jrchjzxx		2	1	4.0
2025-03-20		VFB_jrchjzxx	VFB_00101567	2	1	0.0
2025-03-20		VFB_jrchjzxy		8	1	22.0
2025-03-20		VFB_jrchjzxy	VFB_00101567	8	1	0.0
2025-03-20		VFB_jrchk06x		1	1	3.0
2025-03-20		VFB_jrchk06x	VFB_00101567	1	1	0.0
2025-03-20		VFB_jrchk08a		11	1	14.0
2025-03-20		VFB_jrchk08a	VFB_00101567	9	2	0.0
2025-03-20		VFB_jrchk6no		2	1	4.0
2025-03-20		VFB_jrchk6no	VFB_00101567	2	1	0.0
2025-03-20		VFB_jrchk6ql		2	1	4.0
2025-03-20		VFB_jrchk6ql	VFB_00101567	2	1	0.0
2025-03-20		VFB_jrchk6qm		7	1	49.0
2025-03-20		VFB_jrchk6qm	VFB_00101567	7	1	0.0
2025-03-20		VFB_jrchk6qn		3	1	4.0
2025-03-20		VFB_jrchk6qn	VFB_00101567	3	1	0.0
2025-03-20		VFB_jrchk6qo		3	1	4.0
2025-03-20		VFB_jrchk6qo	VFB_00101567	3	1	0.0
2025-03-20		VFB_jrchk6u9		4	1	78.0
2025-03-20		VFB_jrchk6u9	VFB_00101567	4	1	0.0
2025-03-20		VFB_jrchk7j0		1	1	0.0
2025-03-20		VFB_jrchk7j0	VFB_00101567	1	1	0.0
2025-03-20		VFB_jrchk7j1		3	1	2.0
2025-03-20		VFB_jrchk7j1	VFB_00101567	3	1	0.0
2025-03-20		VFB_jrchk7jb		2	1	0.0
2025-03-20		VFB_jrchk7jb	VFB_00101567	1	1	0.0
2025-03-20		VFB_jrchk7k4		2	1	0.0
2025-03-20		VFB_jrchk7k4	VFB_00101567	3	2	0.0
2025-03-20		VFB_jrchk8e0		2	1	3.0
2025-03-20		VFB_jrchk8e0	VFB_00101567	2	1	0.0
2025-03-20		VFBexp_FBal0276		2	1	15.0
2025-03-20		VFBexp_FBal0276	VFB_00101567	3	1	0.0
2025-03-20		VFBexp_FBtp0087		3	1	0.0
2025-03-20		VFBexp_FBtp0087	VFB_00101567	3	1	0.0
2025-03-20		VFBexp_FBtp0106		2	2	0.0
2025-03-20		VFBexp_FBtp0106	VFB_00101567	2	2	0.0
2025-03-20		VFBexp_FBtp0114		24	1	0.0
2025-03-20		VFBexp_FBtp0114	VFB_00101567	24	1	0.0
2025-03-20		VFBexp_FBtp0121		2	1	0.0
2025-03-20		VFBexp_FBtp0121	VFB_00101567	2	1	0.0
2025-03-20		VFBexp_FBtp0122		2	1	83.0
2025-03-20		VFBexp_FBtp0122	VFB_00101567	2	1	0.0
2025-03-20	v2-dev.virtualflybrain.org	FBbt_00003748	VFB_00101567	1	2	14.0
2025-03-20	v2-dev.virtualflybrain.org	VFB_00101567	VFB_00101567	6	5	40.0
2025-03-20	v2.virtualflybrain.org	FBbt_00003624	VFB_00101567	0	4	104.0
2025-03-20	v2.virtualflybrain.org	FBbt_00003679	VFB_00101567	0	2	30.0
2025-03-20	v2.virtualflybrain.org	FBbt_00003680	VFB_00101567	0	1	17.0
2025-03-20	v2.virtualflybrain.org	FBbt_00003681	VFB_00101567	1	3	107.0
2025-03-20	v2.virtualflybrain.org	FBbt_00003995	VFB_00101567	1	4	41.0
2025-03-20	v2.virtualflybrain.org	FBbt_00005780	VFB_00101567	0	3	317.0
2025-03-20	v2.virtualflybrain.org	FBbt_00007053	VFB_00101567	0	2	1.0
2025-03-20	v2.virtualflybrain.org	FBbt_00013694	VFB_00101567	0	2	46.0
2025-03-20	v2.virtualflybrain.org	FBbt_00013695	VFB_00101567	0	1	39.0
2025-03-20	v2.virtualflybrain.org	FBbt_00014013	VFB_00101567	2	2	0.0
2025-03-20	v2.virtualflybrain.org	FBbt_00040041	VFB_00101567	1	6	512.0
2025-03-20	v2.virtualflybrain.org	FBbt_00040042	VFB_00101567	0	2	27.0
2025-03-20	v2.virtualflybrain.org	FBbt_00040043	VFB_00101567	0	1	0.0
2025-03-20	v2.virtualflybrain.org	FBbt_00040044	VFB_00101567	0	1	39.0
2025-03-20	v2.virtualflybrain.org	FBbt_00040049	VFB_00101567	4	2	0.0
2025-03-20	v2.virtualflybrain.org	FBbt_00040050	VFB_00101567	0	1	71.0
2025-03-20	v2.virtualflybrain.org	FBbt_00047127	VFB_00101567	0	2	155.0
2025-03-20	v2.virtualflybrain.org	FBbt_00047349	VFB_00101567	0	1	174.0
2025-03-20	v2.virtualflybrain.org	FBbt_00047350	VFB_00101567	0	1	41.0
2025-03-20	v2.virtualflybrain.org	FBbt_00047660		1	1	0.0
2025-03-20	v2.virtualflybrain.org	FBbt_00047887	VFB_00101567	0	2	34.0
2025-03-20	v2.virtualflybrain.org	FBbt_00047928	VFB_00101567	5	3	51.0
2025-03-20	v2.virtualflybrain.org	FBbt_00047935	VFB_00101567	3	2	6.0
2025-03-20	v2.virtualflybrain.org	FBbt_00048014	VFB_00101567	0	2	55.0
2025-03-20	v2.virtualflybrain.org	FBbt_00048028	VFB_00101567	0	1	0.0
2025-03-20	v2.virtualflybrain.org	FBbt_00048266	VFB_00101567	0	1	46.0
2025-03-20	v2.virtualflybrain.org	FBbt_00048326	VFB_00101567	0	3	209.0
2025-03-20	v2.virtualflybrain.org	FBbt_00048427	VFB_00101567	0	1	191.0
2025-03-20	v2.virtualflybrain.org	FBbt_00049724	VFB_00101567	1	2	0.0
2025-03-20	v2.virtualflybrain.org	FBbt_00049743	VFB_00101567	0	1	11.0
2025-03-20	v2.virtualflybrain.org	FBbt_00049746	VFB_00101567	0	3	25.0
2025-03-20	v2.virtualflybrain.org	FBbt_00049922	VFB_00101567	0	1	14.0
2025-03-20	v2.virtualflybrain.org	FBbt_00051212	VFB_00101567	0	1	0.0
2025-03-20	v2.virtualflybrain.org	FBbt_00051936	VFB_00101567	0	1	13.0
2025-03-20	v2.virtualflybrain.org	FBbt_00058205	VFB_00101567	0	1	342.0
2025-03-20	v2.virtualflybrain.org	FBbt_00058206		1	1	0.0
2025-03-20	v2.virtualflybrain.org	FBbt_00058206	VFB_00101567	0	2	80.0
2025-03-20	v2.virtualflybrain.org	FBbt_00100251	VFB_00101567	0	1	19.0
2025-03-20	v2.virtualflybrain.org	FBbt_00110530	VFB_00101567	0	1	20.0
2025-03-20	v2.virtualflybrain.org	FBbt_00110531	VFB_00101567	0	1	22.0
2025-03-20	v2.virtualflybrain.org	FBbt_00110570	VFB_00101567	0	1	13.0
2025-03-20	v2.virtualflybrain.org	FBbt_00110636	VFB_00101567	0	2	3.0
2025-03-20	v2.virtualflybrain.org	FBbt_00110658	VFB_00101567	0	1	99.0
2025-03-20	v2.virtualflybrain.org	FBbt_00111172	VFB_00101567	0	1	67.0
2025-03-20	v2.virtualflybrain.org	FBbt_00111304	VFB_00101567	0	3	170.0
2025-03-20	v2.virtualflybrain.org	FBbt_20002628	VFB_00101567	0	1	12.0
2025-03-20	v2.virtualflybrain.org	FBbt_20003177		2	1	0.0
2025-03-20	v2.virtualflybrain.org	FBbt_20003827	VFB_00101567	0	2	13.0
2025-03-20	v2.virtualflybrain.org	FBbt_20007478	VFB_00101567	0	1	22.0
2025-03-20	v2.virtualflybrain.org	FBbt_20007595	VFB_00101567	0	1	4.0
2025-03-20	v2.virtualflybrain.org	GO_0061527	VFB_00101567	0	1	0.0
2025-03-20	v2.virtualflybrain.org	VFB_00000250	VFB_00101567	0	9	212.0
2025-03-20	v2.virtualflybrain.org	VFB_00000773	VFB_00101567	0	2	22.0
2025-03-20	v2.virtualflybrain.org	VFB_00001780	VFB_00101567	0	1	77.0
2025-03-20	v2.virtualflybrain.org	VFB_00001973	VFB_00101567	0	2	22.0
2025-03-20	v2.virtualflybrain.org	VFB_00002381	VFB_00101567	0	7	110.0
2025-03-20	v2.virtualflybrain.org	VFB_00004477	VFB_00101567	0	1	0.0
2025-03-20	v2.virtualflybrain.org	VFB_00004529	VFB_00101567	0	1	17.0
2025-03-20	v2.virtualflybrain.org	VFB_00004583	VFB_00101567	0	4	12.0
2025-03-20	v2.virtualflybrain.org	VFB_00004710	VFB_00101567	1	1	0.0
2025-03-20	v2.virtualflybrain.org	VFB_00009775	VFB_00101567	0	1	0.0
2025-03-20	v2.virtualflybrain.org	VFB_00009882	VFB_00101567	0	1	134.0
2025-03-20	v2.virtualflybrain.org	VFB_00009971	VFB_00101567	0	2	16.0
2025-03-20	v2.virtualflybrain.org	VFB_00011508	VFB_00101567	1	1	4.0
2025-03-20	v2.virtualflybrain.org	VFB_00011639	VFB_00101567	0	3	22.0
2025-03-20	v2.virtualflybrain.org	VFB_00014647	VFB_00101567	0	3	24.0
2025-03-20	v2.virtualflybrain.org	VFB_00015002	VFB_00101567	0	5	101.0
2025-03-20	v2.virtualflybrain.org	VFB_00015141	VFB_00101567	4	5	46.0
2025-03-20	v2.virtualflybrain.org	VFB_00017894	VFB_00017894	0	1	0.0
2025-03-20	v2.virtualflybrain.org	VFB_00020111	VFB_00101567	0	1	44.0
2025-03-20	v2.virtualflybrain.org	VFB_00030766	VFB_00101567	1	1	0.0
2025-03-20	v2.virtualflybrain.org	VFB_00030786	VFB_00030786	0	1	0.0
2025-03-20	v2.virtualflybrain.org	VFB_00030852	VFB_00030786	24	1	0.0
2025-03-20	v2.virtualflybrain.org	VFB_00030867	VFB_00017894	14	1	0.0
2025-03-20	v2.virtualflybrain.org	VFB_00030867	VFB_00101567	7	1	0.0
2025-03-20	v2.virtualflybrain.org	VFB_00050000	VFB_00050000	3	9	0.0
2025-03-20	v2.virtualflybrain.org	VFB_00050430	VFB_00101567	0	1	40.0
2025-03-20	v2.virtualflybrain.org	VFB_00063429	VFB_00101567	0	1	60.0
2025-03-20	v2.virtualflybrain.org	VFB_00063691	VFB_00101567	0	1	50.0
2025-03-20	v2.virtualflybrain.org	VFB_00063692	VFB_00101567	1	2	78.0
2025-03-20	v2.virtualflybrain.org	VFB_00063693	VFB_00101567	0	1	13.0
2025-03-20	v2.virtualflybrain.org	VFB_00068504		1	1	0.0
2025-03-20	v2.virtualflybrain.org	VFB_00068504	VFB_00101567	0	1	0.0
2025-03-20	v2.virtualflybrain.org	VFB_00100612	VFB_00050000	4	1	0.0
2025-03-20	v2.virtualflybrain.org	VFB_00100d2k	VFB_00200000	24	1	0.0
2025-03-20	v2.virtualflybrain.org	VFB_00100eb5	VFB_00101567	0	3	55.0
2025-03-20	v2.virtualflybrain.org	VFB_00100eb5	VFB_00200000	1	2	4.0
2025-03-20	v2.virtualflybrain.org	VFB_00100v15	VFB_00101567	2	3	276.0
2025-03-20	v2.virtualflybrain.org	VFB_00100v15	VFB_00200000	1	2	99.0
2025-03-20	v2.virtualflybrain.org	VFB_00100wl5	VFB_00101567	2	3	8.0
2025-03-20	v2.virtualflybrain.org	VFB_00100wl5	VFB_00200000	0	2	76.0
2025-03-20	v2.virtualflybrain.org	VFB_001011g9	VFB_00050000	2	1	0.0
2025-03-20	v2.virtualflybrain.org	VFB_001012at	VFB_00101567	3	1	0.0
2025-03-20	v2.virtualflybrain.org	VFB_001013vs	VFB_00101567	4	4	22.0
2025-03-20	v2.virtualflybrain.org	VFB_0010144u	VFB_00101567	0	1	49.0
2025-03-20	v2.virtualflybrain.org	VFB_001014qb	VFB_00101567	4	4	0.0
2025-03-20	v2.virtualflybrain.org	VFB_001014qd	VFB_00101567	0	2	51.0
2025-03-20	v2.virtualflybrain.org	VFB_001014qf	VFB_00101567	0	2	101.0
2025-03-20	v2.virtualflybrain.org	VFB_00101567	VFB_00101567	78	96	1188.0
2025-03-20	v2.virtualflybrain.org	VFB_00101eb5	VFB_00101567	0	1	38.0
2025-03-20	v2.virtualflybrain.org	VFB_00101v0w	VFB_00101567	0	2	49.0
2025-03-20	v2.virtualflybrain.org	VFB_00102119	VFB_00101567	1	1	2.0
2025-03-20	v2.virtualflybrain.org	VFB_00102121	VFB_00101567	0	1	7.0
2025-03-20	v2.virtualflybrain.org	VFB_00102123	VFB_00101567	0	4	118.0
2025-03-20	v2.virtualflybrain.org	VFB_00102124	VFB_00101567	0	4	46.0
2025-03-20	v2.virtualflybrain.org	VFB_00102133	VFB_00101567	0	4	19.0
2025-03-20	v2.virtualflybrain.org	VFB_00102148	VFB_00101567	0	1	83.0
2025-03-20	v2.virtualflybrain.org	VFB_00102170	VFB_00101567	0	1	153.0
2025-03-20	v2.virtualflybrain.org	VFB_00102179	VFB_00101567	7	1	0.0
2025-03-20	v2.virtualflybrain.org	VFB_00102280	VFB_00101567	0	1	96.0
2025-03-20	v2.virtualflybrain.org	VFB_00102ekg	VFB_00050000	1	2	0.0
2025-03-20	v2.virtualflybrain.org	VFB_00102esu	VFB_00050000	1	1	0.0
2025-03-20	v2.virtualflybrain.org	VFB_00200000	VFB_00200000	1	4	1.0
2025-03-20	v2.virtualflybrain.org	VFB_fw000366	VFB_00101567	0	1	0.0
2025-03-20	v2.virtualflybrain.org	VFB_fw000872	VFB_00101567	0	3	76.0
2025-03-20	v2.virtualflybrain.org	VFB_fw001747	VFB_00101567	0	2	252.0
2025-03-20	v2.virtualflybrain.org	VFB_fw003867	VFB_00101567	3	9	177.0
2025-03-20	v2.virtualflybrain.org	VFB_fw004675	VFB_00101567	0	1	4.0
2025-03-20	v2.virtualflybrain.org	VFB_fw006190	VFB_00101567	1	4	14.0
2025-03-20	v2.virtualflybrain.org	VFB_fw009779	VFB_00101567	0	1	0.0
2025-03-20	v2.virtualflybrain.org	VFB_fw010336	VFB_00101567	14	1	0.0
2025-03-20	v2.virtualflybrain.org	VFB_fw030493	VFB_00101567	0	4	166.0
2025-03-20	v2.virtualflybrain.org	VFB_fw031745	VFB_00101567	0	9	131.0
2025-03-20	v2.virtualflybrain.org	VFB_fw032620	VFB_00101567	1	10	116.0
2025-03-20	v2.virtualflybrain.org	VFB_fw034451	VFB_00101567	0	2	22.0
2025-03-20	v2.virtualflybrain.org	VFB_fw034617	VFB_00101567	16	1	0.0
2025-03-20	v2.virtualflybrain.org	VFB_fw036333	VFB_00101567	0	1	34.0
2025-03-20	v2.virtualflybrain.org	VFB_fw036641	VFB_00101567	0	11	192.0
2025-03-20	v2.virtualflybrain.org	VFB_fw036754	VFB_00101567	14	2	56.0
2025-03-20	v2.virtualflybrain.org	VFB_fw036794	VFB_00101567	0	3	73.0
2025-03-20	v2.virtualflybrain.org	VFB_fw037214	VFB_00101567	0	1	24.0
2025-03-20	v2.virtualflybrain.org	VFB_fw042338	VFB_00101567	0	1	37.0
2025-03-20	v2.virtualflybrain.org	VFB_fw045561	VFB_00101567	6	1	41.0
2025-03-20	v2.virtualflybrain.org	VFB_jrchjrco	VFB_00101567	0	1	8.0
2025-03-20	v2.virtualflybrain.org	VFB_jrchjrcp	VFB_00101567	0	1	26.0
2025-03-20	v2.virtualflybrain.org	VFB_jrchjtf3	VFB_00101567	1	1	0.0
2025-03-20	v2.virtualflybrain.org	VFB_jrchjthm		1	1	0.0
2025-03-20	v2.virtualflybrain.org	VFB_jrchjthm	VFB_00101567	0	2	35.0
2025-03-20	v2.virtualflybrain.org	VFB_jrchjtpj	VFB_00101567	2	3	0.0
2025-03-20	v2.virtualflybrain.org	VFB_jrchju72		1	1	0.0
2025-03-20	v2.virtualflybrain.org	VFB_jrchju72	VFB_00101567	0	2	20.0
2025-03-20	v2.virtualflybrain.org	VFB_jrchjzmr		1	1	0.0
2025-03-20	v2.virtualflybrain.org	VFB_jrchjzmr	VFB_00101567	0	1	38.0
2025-03-20	v2.virtualflybrain.org	VFB_jrchjzxw		1	1	0.0
2025-03-20	v2.virtualflybrain.org	VFB_jrchjzxw	VFB_00101567	0	1	207.0
2025-03-20	v2.virtualflybrain.org	VFB_jrchjzxx		1	1	0.0
2025-03-20	v2.virtualflybrain.org	VFB_jrchjzxx	VFB_00101567	0	1	126.0
2025-03-20	v2.virtualflybrain.org	VFB_jrchjzxy		2	1	0.0
2025-03-20	v2.virtualflybrain.org	VFB_jrchjzxy	VFB_00101567	0	2	161.0
2025-03-20	v2.virtualflybrain.org	VFB_jrchk06x	VFB_00101567	1	1	0.0
2025-03-20	v2.virtualflybrain.org	VFB_jrchk08a	VFB_00101567	0	1	0.0
2025-03-20	v2.virtualflybrain.org	VFB_jrchk6no		1	1	0.0
2025-03-20	v2.virtualflybrain.org	VFB_jrchk6no	VFB_00101567	0	1	109.0
2025-03-20	v2.virtualflybrain.org	VFB_jrchk6ql		1	1	0.0
2025-03-20	v2.virtualflybrain.org	VFB_jrchk6ql	VFB_00101567	0	1	71.0
2025-03-20	v2.virtualflybrain.org	VFB_jrchk6qm		1	1	0.0
2025-03-20	v2.virtualflybrain.org	VFB_jrchk6qm	VFB_00101567	1	2	8.0
2025-03-20	v2.virtualflybrain.org	VFB_jrchk6qn		1	1	0.0
2025-03-20	v2.virtualflybrain.org	VFB_jrchk6qn	VFB_00101567	0	1	7.0
2025-03-20	v2.virtualflybrain.org	VFB_jrchk6qo		1	1	1.0
2025-03-20	v2.virtualflybrain.org	VFB_jrchk6qo	VFB_00101567	0	1	8.0
2025-03-20	v2.virtualflybrain.org	VFB_jrchk6u9		1	1	0.0
2025-03-20	v2.virtualflybrain.org	VFB_jrchk6u9	VFB_00101567	0	2	27.0
2025-03-20	v2.virtualflybrain.org	VFB_jrchk7j0	VFB_00101567	1	1	0.0
2025-03-20	v2.virtualflybrain.org	VFB_jrchk7j1	VFB_00101567	1	1	37.0
2025-03-20	v2.virtualflybrain.org	VFB_jrchk7jb	VFB_00101567	0	1	0.0
2025-03-20	v2.virtualflybrain.org	VFB_jrchk7k4	VFB_00101567	0	1	12.0
2025-03-20	v2.virtualflybrain.org	VFB_jrchk8e0		1	1	1.0
2025-03-20	v2.virtualflybrain.org	VFBexp_FBal0276	VFB_00101567	0	1	0.0
2025-03-20	v2.virtualflybrain.org	VFBexp_FBtp0087	VFB_00101567	0	2	28.0
2025-03-20	v2.virtualflybrain.org	VFBexp_FBtp0106		2	1	0.0
2025-03-20	v2.virtualflybrain.org	VFBexp_FBtp0106	VFB_00101567	0	1	10.0
2025-03-20	v2.virtualflybrain.org	VFBexp_FBtp0114	VFB_00101567	24	1	0.0
2025-03-20	v2.virtualflybrain.org	VFBexp_FBtp0121	VFB_00101567	0	1	62.0
2025-03-20	v2.virtualflybrain.org	VFBexp_FBtp0122	VFB_00101567	0	1	0.0
2025-03-21		FBbt_00001259		6	1	0.0
2025-03-21		FBbt_00001259	VFB_00101567	6	1	0.0
2025-03-21		FBbt_00001911		2	1	3.0
2025-03-21		FBbt_00001911	VFB_00101567	2	1	0.0
2025-03-21		FBbt_00001920		1	1	0.0
2025-03-21		FBbt_00001920	VFB_00101567	1	1	0.0
2025-03-21		FBbt_00003004		7	1	1.0
2025-03-21		FBbt_00003004	VFB_00101567	6	1	0.0
2025-03-21		FBbt_00003007		3	1	2.0
2025-03-21		FBbt_00003007	VFB_00110000	4	1	0.0
2025-03-21		FBbt_00003624		13	2	0.0
2025-03-21		FBbt_00003624	VFB_00101567	15	2	0.0
2025-03-21		FBbt_00003678		8	3	0.0
2025-03-21		FBbt_00003678	VFB_00101567	8	4	0.0
2025-03-21		FBbt_00003679		2	1	0.0
2025-03-21		FBbt_00003679	VFB_00101567	2	1	0.0
2025-03-21		FBbt_00003680		1	1	0.0
2025-03-21		FBbt_00003680	VFB_00101567	1	1	0.0
2025-03-21		FBbt_00003681		3	2	0.0
2025-03-21		FBbt_00003681	VFB_00101567	3	2	0.0
2025-03-21		FBbt_00003698		1	1	0.0
2025-03-21		FBbt_00003698	VFB_00017894	1	1	0.0
2025-03-21		FBbt_00003748		23	8	101.0
2025-03-21		FBbt_00003748	VFB_00101567	25	11	0.0
2025-03-21		FBbt_00003924		2	1	0.0
2025-03-21		FBbt_00003924	VFB_00049000	1	1	0.0
2025-03-21		FBbt_00003924	VFB_00101567	1	1	0.0
2025-03-21		FBbt_00007054		2	1	0.0
2025-03-21		FBbt_00007054	VFB_00101567	2	1	0.0
2025-03-21		FBbt_00007070		1	1	0.0
2025-03-21		FBbt_00007070	VFB_00050000	1	1	0.0
2025-03-21		FBbt_00007453		2	1	0.0
2025-03-21		FBbt_00007453	VFB_00101567	2	1	0.0
2025-03-21		FBbt_00013695		2	1	0.0
2025-03-21		FBbt_00013695	VFB_00101567	2	1	0.0
2025-03-21		FBbt_00014013		17	2	0.0
2025-03-21		FBbt_00014013	VFB_00101567	17	2	0.0
2025-03-21		FBbt_00040000		1	1	0.0
2025-03-21		FBbt_00040000	VFB_00101567	1	1	0.0
2025-03-21		FBbt_00040041		8	3	0.0
2025-03-21		FBbt_00040041	VFB_00101567	10	4	0.0
2025-03-21		FBbt_00040042		1	1	0.0
2025-03-21		FBbt_00040042	VFB_00101567	1	1	0.0
2025-03-21		FBbt_00040043		3	2	0.0
2025-03-21		FBbt_00040043	VFB_00101567	3	2	0.0
2025-03-21		FBbt_00045027		2	1	0.0
2025-03-21		FBbt_00045027	VFB_00101567	2	1	0.0
2025-03-21		FBbt_00045040		1	1	0.0
2025-03-21		FBbt_00045040	VFB_00101567	1	1	0.0
2025-03-21		FBbt_00045048		3	2	0.0
2025-03-21		FBbt_00045048	VFB_00101567	3	2	0.0
2025-03-21		FBbt_00047128		1	1	0.0
2025-03-21		FBbt_00047128	VFB_00050000	6	1	0.0
2025-03-21		FBbt_00047556		3	1	0.0
2025-03-21		FBbt_00047556	VFB_00050000	3	3	0.0
2025-03-21		FBbt_00047594		7	1	0.0
2025-03-21		FBbt_00047594	VFB_00101567	7	3	0.0
2025-03-21		FBbt_00047883		1	1	0.0
2025-03-21		FBbt_00047883	VFB_00050000	1	1	0.0
2025-03-21		FBbt_00047887		3	3	0.0
2025-03-21		FBbt_00047887	VFB_00101567	3	3	0.0
2025-03-21		FBbt_00047927		1	1	0.0
2025-03-21		FBbt_00047927	VFB_00049000	1	1	0.0
2025-03-21		FBbt_00047965		2	1	0.0
2025-03-21		FBbt_00047965	VFB_00049000	1	1	0.0
2025-03-21		FBbt_00047965	VFB_00101567	1	1	0.0
2025-03-21		FBbt_00047973		2	1	0.0
2025-03-21		FBbt_00047973	VFB_00050000	2	2	0.0
2025-03-21		FBbt_00048427		1	1	0.0
2025-03-21		FBbt_00048427	VFB_00101567	1	1	0.0
2025-03-21		FBbt_00049120		3	1	0.0
2025-03-21		FBbt_00049120	VFB_00050000	3	2	0.0
2025-03-21		FBbt_00049724		6	1	0.0
2025-03-21		FBbt_00049724	VFB_00101567	6	1	0.0
2025-03-21		FBbt_00049853		1	1	0.0
2025-03-21		FBbt_00049853	VFB_00101567	1	1	0.0
2025-03-21		FBbt_00051298		5	1	0.0
2025-03-21		FBbt_00051298	VFB_00101567	5	1	0.0
2025-03-21		FBbt_00051299		3	1	4.0
2025-03-21		FBbt_00051299	VFB_00101567	3	1	0.0
2025-03-21		FBbt_00052193		1	1	0.0
2025-03-21		FBbt_00052193	VFB_00050000	1	1	0.0
2025-03-21		FBbt_00052618		1	1	0.0
2025-03-21		FBbt_00052618	VFB_00050000	6	1	0.0
2025-03-21		FBbt_00058205		1	1	0.0
2025-03-21		FBbt_00058205	VFB_00101567	19	1	0.0
2025-03-21		FBbt_00058213		1	1	0.0
2025-03-21		FBbt_00058213	VFB_00050000	1	1	0.0
2025-03-21		FBbt_00067369		1	1	1.0
2025-03-21		FBbt_00067369	VFB_00101567	1	1	0.0
2025-03-21		FBbt_00110035		2	1	0.0
2025-03-21		FBbt_00110035	VFB_00049000	2	1	0.0
2025-03-21		FBbt_00110657		1	1	0.0
2025-03-21		FBbt_00110657	VFB_00101567	1	1	0.0
2025-03-21		FBbt_00110930		2	1	0.0
2025-03-21		FBbt_00110930	VFB_00101567	3	2	0.0
2025-03-21		FBbt_00111632		1	1	0.0
2025-03-21		FBbt_00111632	VFB_00050000	1	1	0.0
2025-03-21		FBbt_10000000		23	1	31.0
2025-03-21		FBbt_10000000	VFB_00101567	5	1	0.0
2025-03-21		VFB_00001503		1	1	0.0
2025-03-21		VFB_00001503	VFB_00101567	1	1	0.0
2025-03-21		VFB_00017894		2	2	3.0
2025-03-21		VFB_00017894	VFB_00017894	4	4	70.0
2025-03-21		VFB_00023290		3	1	3.0
2025-03-21		VFB_00023290	VFB_00101567	3	1	0.0
2025-03-21		VFB_00030852		14	1	0.0
2025-03-21		VFB_00030852	VFB_00030786	14	1	0.0
2025-03-21		VFB_00047152		2	1	5.0
2025-03-21		VFB_00047152	VFB_00101567	2	1	0.0
2025-03-21		VFB_00049000		5	1	7.0
2025-03-21		VFB_00049000	VFB_00049000	3	2	31.0
2025-03-21		VFB_00049000	VFB_00101567	3	1	0.0
2025-03-21		VFB_00050000		5	2	0.0
2025-03-21		VFB_00050000	VFB_00050000	18	7	138.0
2025-03-21		VFB_00050274		2	1	0.0
2025-03-21		VFB_00050274	VFB_00049000	2	1	0.0
2025-03-21		VFB_00050277		2	1	0.0
2025-03-21		VFB_00050277	VFB_00049000	2	1	0.0
2025-03-21		VFB_00050465		3	1	0.0
2025-03-21		VFB_00050465	VFB_00017894	2	1	0.0
2025-03-21		VFB_00050465	VFB_00049000	1	1	0.0
2025-03-21		VFB_00055119		2	1	0.0
2025-03-21		VFB_00055119	VFB_00049000	2	1	0.0
2025-03-21		VFB_00065866		2	1	0.0
2025-03-21		VFB_00065866	VFB_00101567	2	1	0.0
2025-03-21		VFB_00068372		2	1	6.0
2025-03-21		VFB_00068372	VFB_00101567	2	1	0.0
2025-03-21		VFB_00100037		1	1	0.0
2025-03-21		VFB_00100037	VFB_00050000	1	1	0.0
2025-03-21		VFB_00100057		1	1	0.0
2025-03-21		VFB_00100057	VFB_00050000	1	1	0.0
2025-03-21		VFB_00100059		6	1	14.0
2025-03-21		VFB_00100059	VFB_00050000	1	1	0.0
2025-03-21		VFB_00100076		2	1	3.0
2025-03-21		VFB_00100076	VFB_00050000	2	2	0.0
2025-03-21		VFB_00100096		1	1	0.0
2025-03-21		VFB_00100096	VFB_00050000	6	1	0.0
2025-03-21		VFB_00100097		11	1	7.0
2025-03-21		VFB_00100097	VFB_00050000	11	2	0.0
2025-03-21		VFB_00100121		1	1	0.0
2025-03-21		VFB_00100121	VFB_00050000	1	1	0.0
2025-03-21		VFB_00100156		1	1	0.0
2025-03-21		VFB_00100156	VFB_00050000	1	1	0.0
2025-03-21		VFB_00100162		33	1	33.0
2025-03-21		VFB_00100162	VFB_00050000	23	5	0.0
2025-03-21		VFB_00100164		1	1	0.0
2025-03-21		VFB_00100164	VFB_00050000	6	1	0.0
2025-03-21		VFB_00100168		1	1	0.0
2025-03-21		VFB_00100168	VFB_00050000	1	1	0.0
2025-03-21		VFB_00100183		21	1	83.0
2025-03-21		VFB_00100183	VFB_00050000	11	3	0.0
2025-03-21		VFB_00100193		2	1	0.0
2025-03-21		VFB_00100193	VFB_00050000	7	2	0.0
2025-03-21		VFB_00100215		7	1	23.0
2025-03-21		VFB_00100215	VFB_00050000	2	2	0.0
2025-03-21		VFB_0010022u		7	1	13.0
2025-03-21		VFB_0010022u	VFB_00050000	7	1	0.0
2025-03-21		VFB_00100239		2	1	0.0
2025-03-21		VFB_00100239	VFB_00050000	2	1	0.0
2025-03-21		VFB_0010023d		6	1	14.0
2025-03-21		VFB_0010023d	VFB_00050000	1	1	0.0
2025-03-21		VFB_0010023e		6	1	26.0
2025-03-21		VFB_0010023e	VFB_00050000	6	2	0.0
2025-03-21		VFB_0010024u		5	1	15.0
2025-03-21		VFB_0010024u	VFB_00050000	5	1	0.0
2025-03-21		VFB_00100271		2	1	1.0
2025-03-21		VFB_00100271	VFB_00050000	2	1	0.0
2025-03-21		VFB_0010028a		1	1	0.0
2025-03-21		VFB_0010028a	VFB_00050000	1	1	0.0
2025-03-21		VFB_0010029l		11	1	31.0
2025-03-21		VFB_0010029l	VFB_00050000	11	2	0.0
2025-03-21		VFB_00100301		1	1	0.0
2025-03-21		VFB_00100301	VFB_00050000	6	1	0.0
2025-03-21		VFB_00100317		1	1	0.0
2025-03-21		VFB_00100317	VFB_00050000	1	1	0.0
2025-03-21		VFB_00100343		2	1	0.0
2025-03-21		VFB_00100343	VFB_00050000	1	1	0.0
2025-03-21		VFB_00100343	VFB_00101567	1	1	0.0
2025-03-21		VFB_00100352		8	1	14.0
2025-03-21		VFB_00100352	VFB_00049000	5	1	0.0
2025-03-21		VFB_00100352	VFB_00050000	1	1	0.0
2025-03-21		VFB_00100352	VFB_00101567	2	1	0.0
2025-03-21		VFB_00100382		11	1	0.0
2025-03-21		VFB_00100382	VFB_00049000	10	1	0.0
2025-03-21		VFB_00100382	VFB_00050000	1	1	0.0
2025-03-21		VFB_00100393		1	1	0.0
2025-03-21		VFB_00100393	VFB_00050000	1	1	0.0
2025-03-21		VFB_00100404		2	1	2.0
2025-03-21		VFB_00100404	VFB_00050000	2	1	0.0
2025-03-21		VFB_00100511		1	1	0.0
2025-03-21		VFB_00100511	VFB_00050000	6	1	0.0
2025-03-21		VFB_00100612		5	1	1.0
2025-03-21		VFB_00100612	VFB_00050000	5	1	0.0
2025-03-21		VFB_00100683		3	1	11.0
2025-03-21		VFB_00100683	VFB_00101567	3	1	0.0
2025-03-21		VFB_00100715		4	1	2.0
2025-03-21		VFB_00100715	VFB_00050000	4	1	0.0
2025-03-21		VFB_00100734		6	1	6.0
2025-03-21		VFB_00100734	VFB_00050000	6	2	0.0
2025-03-21		VFB_00100739		1	1	0.0
2025-03-21		VFB_00100739	VFB_00050000	1	1	0.0
2025-03-21		VFB_00100743		1	1	0.0
2025-03-21		VFB_00100743	VFB_00050000	1	1	0.0
2025-03-21		VFB_00100744		8	1	42.0
2025-03-21		VFB_00100744	VFB_00050000	6	2	0.0
2025-03-21		VFB_00100765		1	1	0.0
2025-03-21		VFB_00100765	VFB_00050000	1	1	0.0
2025-03-21		VFB_00100768		10	1	8.0
2025-03-21		VFB_00100768	VFB_00050000	17	3	0.0
2025-03-21		VFB_00100769		11	1	9.0
2025-03-21		VFB_00100769	VFB_00050000	11	3	0.0
2025-03-21		VFB_00100774		1	1	0.0
2025-03-21		VFB_00100774	VFB_00050000	6	1	0.0
2025-03-21		VFB_00100785		1	1	0.0
2025-03-21		VFB_00100785	VFB_00050000	1	1	0.0
2025-03-21		VFB_00100790		1	1	0.0
2025-03-21		VFB_00100790	VFB_00050000	1	1	0.0
2025-03-21		VFB_00100794		1	1	0.0
2025-03-21		VFB_00100794	VFB_00050000	6	1	0.0
2025-03-21		VFB_00100836		1	1	0.0
2025-03-21		VFB_00100836	VFB_00050000	1	1	0.0
2025-03-21		VFB_00100840		5	1	0.0
2025-03-21		VFB_00100840	VFB_00050000	10	2	0.0
2025-03-21		VFB_00100842		3	1	9.0
2025-03-21		VFB_00100842	VFB_00050000	3	2	0.0
2025-03-21		VFB_00100846		6	1	8.0
2025-03-21		VFB_00100846	VFB_00050000	6	2	0.0
2025-03-21		VFB_00100848		6	1	2.0
2025-03-21		VFB_00100848	VFB_00050000	6	2	0.0
2025-03-21		VFB_00100849		53	1	222.0
2025-03-21		VFB_00100849	VFB_00050000	28	4	0.0
2025-03-21		VFB_00100850		6	1	5.0
2025-03-21		VFB_00100850	VFB_00050000	6	2	0.0
2025-03-21		VFB_00100851		16	1	41.0
2025-03-21		VFB_00100851	VFB_00050000	6	2	0.0
2025-03-21		VFB_00100865		1	1	0.0
2025-03-21		VFB_00100865	VFB_00050000	1	1	0.0
2025-03-21		VFB_00100874		21	1	59.0
2025-03-21		VFB_00100874	VFB_00050000	11	3	0.0
2025-03-21		VFB_00100908		1	1	0.0
2025-03-21		VFB_00100908	VFB_00050000	1	1	0.0
2025-03-21		VFB_00100963		1	1	0.0
2025-03-21		VFB_00100963	VFB_00050000	1	1	0.0
2025-03-21		VFB_00100ct2		2	1	6.0
2025-03-21		VFB_00100ct2	VFB_00101567	2	1	0.0
2025-03-21		VFB_00100ct2	VFB_00200000	3	1	0.0
2025-03-21		VFB_00100d2k		15	1	0.0
2025-03-21		VFB_00100d2k	VFB_00200000	15	1	0.0
2025-03-21		VFB_00100v15		13	1	0.0
2025-03-21		VFB_00100v15	VFB_00101567	6	1	0.0
2025-03-21		VFB_00100v15	VFB_00200000	7	1	0.0
2025-03-21		VFB_00100w7i		22	2	151.0
2025-03-21		VFB_00100w7i	VFB_00101567	22	5	0.0
2025-03-21		VFB_00100wa7		2	1	10.0
2025-03-21		VFB_00100wa7	VFB_00101567	2	1	0.0
2025-03-21		VFB_00100wl5		8	1	0.0
2025-03-21		VFB_00100wl5	VFB_00101567	8	1	0.0
2025-03-21		VFB_00100z3z		18	1	204.0
2025-03-21		VFB_00100z3z	VFB_00101567	16	2	0.0
2025-03-21		VFB_001011eq		9	1	6.0
2025-03-21		VFB_001011eq	VFB_00050000	14	3	0.0
2025-03-21		VFB_001011gv		1	1	0.0
2025-03-21		VFB_001011gv	VFB_00050000	1	1	0.0
2025-03-21		VFB_001011ji		11	1	8.0
2025-03-21		VFB_001011ji	VFB_00050000	11	2	0.0
2025-03-21		VFB_001011p2		1	1	0.0
2025-03-21		VFB_001011p2	VFB_00101567	1	1	0.0
2025-03-21		VFB_001011py		1	1	11.0
2025-03-21		VFB_001011py	VFB_00101567	1	1	0.0
2025-03-21		VFB_0010126c		1	1	0.0
2025-03-21		VFB_0010126c	VFB_00101567	1	1	0.0
2025-03-21		VFB_00101275		4	1	9.0
2025-03-21		VFB_00101275	VFB_00101567	4	2	0.0
2025-03-21		VFB_00101382		1	1	0.0
2025-03-21		VFB_00101382	VFB_00101567	1	1	0.0
2025-03-21		VFB_00101384		3	1	131.0
2025-03-21		VFB_00101384	VFB_00101384	4	1	0.0
2025-03-21		VFB_00101385		2	1	5.0
2025-03-21		VFB_00101385	VFB_00101567	2	1	0.0
2025-03-21		VFB_001013qq		2	1	2.0
2025-03-21		VFB_001013qq	VFB_00101567	2	1	0.0
2025-03-21		VFB_001013vs		6	1	0.0
2025-03-21		VFB_001013vs	VFB_00101567	6	1	0.0
2025-03-21		VFB_001014qb		7	1	0.0
2025-03-21		VFB_001014qb	VFB_00101567	7	2	0.0
2025-03-21		VFB_001014uq		2	1	2.0
2025-03-21		VFB_001014uq	VFB_00101567	2	1	0.0
2025-03-21		VFB_00101567		192	40	333.0
2025-03-21		VFB_00101567	VFB_00101567	211	57	0.0
2025-03-21		VFB_001015a0		6	1	4.0
2025-03-21		VFB_001015a0	VFB_00050000	6	2	0.0
2025-03-21		VFB_001015b4		3	1	19.0
2025-03-21		VFB_001015b4	VFB_00050000	3	2	0.0
2025-03-21		VFB_001015d7		6	1	8.0
2025-03-21		VFB_001015d7	VFB_00050000	6	2	0.0
2025-03-21		VFB_00101624		1	1	0.0
2025-03-21		VFB_00101624	VFB_00050000	1	1	0.0
2025-03-21		VFB_00101625		1	1	0.0
2025-03-21		VFB_00101625	VFB_00050000	1	1	0.0
2025-03-21		VFB_00101666		1	1	0.0
2025-03-21		VFB_00101666	VFB_00050000	1	1	0.0
2025-03-21		VFB_00101667		1	1	0.0
2025-03-21		VFB_00101667	VFB_00050000	1	1	0.0
2025-03-21		VFB_00101677		6	1	22.0
2025-03-21		VFB_00101677	VFB_00050000	6	1	0.0
2025-03-21		VFB_00101681		1	1	0.0
2025-03-21		VFB_00101681	VFB_00050000	1	1	0.0
2025-03-21		VFB_00101748		10	1	1.0
2025-03-21		VFB_00101748	VFB_00050000	15	3	0.0
2025-03-21		VFB_00101753		1	1	0.0
2025-03-21		VFB_00101753	VFB_00050000	1	1	0.0
2025-03-21		VFB_00101794		1	1	0.0
2025-03-21		VFB_00101794	VFB_00050000	1	1	0.0
2025-03-21		VFB_00101924		5	1	0.0
2025-03-21		VFB_00101924	VFB_00050000	10	2	0.0
2025-03-21		VFB_00101rt4		2	1	4.0
2025-03-21		VFB_00101rt4	VFB_00101567	2	1	0.0
2025-03-21		VFB_00101rt8		3	1	14.0
2025-03-21		VFB_00101rt8	VFB_00101567	3	1	0.0
2025-03-21		VFB_00101sud		3	1	4.0
2025-03-21		VFB_00101sud	VFB_00101567	3	1	0.0
2025-03-21		VFB_00102023		1	1	0.0
2025-03-21		VFB_00102023	VFB_00050000	6	1	0.0
2025-03-21		VFB_00102034		7	1	2.0
2025-03-21		VFB_00102034	VFB_00050000	12	2	0.0
2025-03-21		VFB_001020ws		3	1	0.0
2025-03-21		VFB_001020ws	VFB_00101567	2	1	0.0
2025-03-21		VFB_001020ws	VFB_00200000	1	1	0.0
2025-03-21		VFB_00102107		11	3	110.0
2025-03-21		VFB_00102107	VFB_00101567	9	4	0.0
2025-03-21		VFB_00102135		2	1	0.0
2025-03-21		VFB_00102135	VFB_00101567	2	1	0.0
2025-03-21		VFB_00102140		2	1	0.0
2025-03-21		VFB_00102140	VFB_00101567	2	1	0.0
2025-03-21		VFB_00102146		4	2	0.0
2025-03-21		VFB_00102146	VFB_00101567	4	2	0.0
2025-03-21		VFB_00102148		2	1	3.0
2025-03-21		VFB_00102148	VFB_00101567	2	2	0.0
2025-03-21		VFB_00102154		2	1	1.0
2025-03-21		VFB_00102154	VFB_00101567	2	1	0.0
2025-03-21		VFB_00102164		2	1	0.0
2025-03-21		VFB_00102164	VFB_00101567	2	1	0.0
2025-03-21		VFB_00102170		4	2	0.0
2025-03-21		VFB_00102170	VFB_00101567	4	2	0.0
2025-03-21		VFB_00102179		6	1	0.0
2025-03-21		VFB_00102179	VFB_00101567	6	1	0.0
2025-03-21		VFB_00102201		8	1	7.0
2025-03-21		VFB_00102201	VFB_00101567	6	3	0.0
2025-03-21		VFB_00102212		2	1	1.0
2025-03-21		VFB_00102212	VFB_00101567	2	1	0.0
2025-03-21		VFB_00102215		11	1	137.0
2025-03-21		VFB_00102215	VFB_00101567	11	2	0.0
2025-03-21		VFB_00102274		4	2	0.0
2025-03-21		VFB_00102274	VFB_00101567	4	2	0.0
2025-03-21		VFB_00102280		5	1	12.0
2025-03-21		VFB_00102280	VFB_00101567	5	1	0.0
2025-03-21		VFB_00102282		2	1	0.0
2025-03-21		VFB_00102282	VFB_00101567	2	1	0.0
2025-03-21		VFB_00102eg2		6	1	15.0
2025-03-21		VFB_00102eg2	VFB_00050000	6	2	0.0
2025-03-21		VFB_00102ekg		7	1	5.0
2025-03-21		VFB_00102ekg	VFB_00050000	12	2	0.0
2025-03-21		VFB_00102esu		5	1	9.0
2025-03-21		VFB_00102esu	VFB_00050000	5	1	0.0
2025-03-21		VFB_00102euw		6	1	8.0
2025-03-21		VFB_00102euw	VFB_00050000	6	2	0.0
2025-03-21		VFB_00102evt		1	1	0.0
2025-03-21		VFB_00102evt	VFB_00050000	1	1	0.0
2025-03-21		VFB_00102ew1		1	1	0.0
2025-03-21		VFB_00102ew1	VFB_00050000	1	1	0.0
2025-03-21		VFB_00102exs		1	1	0.0
2025-03-21		VFB_00102exs	VFB_00050000	1	1	0.0
2025-03-21		VFB_00102eyc		2	1	0.0
2025-03-21		VFB_00102eyc	VFB_00050000	2	1	0.0
2025-03-21		VFB_00102f08		1	1	0.0
2025-03-21		VFB_00102f08	VFB_00050000	1	1	0.0
2025-03-21		VFB_00102f4m		11	1	2.0
2025-03-21		VFB_00102f4m	VFB_00050000	6	2	0.0
2025-03-21		VFB_00102f7w		1	1	0.0
2025-03-21		VFB_00102f7w	VFB_00050000	1	1	0.0
2025-03-21		VFB_00102fhv		3	1	13.0
2025-03-21		VFB_00102fhv	VFB_00050000	3	2	0.0
2025-03-21		VFB_00104478		1	1	3.0
2025-03-21		VFB_00104478	VFB_00200000	1	1	0.0
2025-03-21		VFB_00110000		16	1	26.0
2025-03-21		VFB_00110000	VFB_00110000	16	2	11.0
2025-03-21		VFB_00200000		1	1	1.0
2025-03-21		VFB_00200000	VFB_00200000	1	1	0.0
2025-03-21		VFB_fw000366		6	1	0.0
2025-03-21		VFB_fw000366	VFB_00101567	6	2	0.0
2025-03-21		VFB_fw003337		2	1	4.0
2025-03-21		VFB_fw003337	VFB_00101567	2	1	0.0
2025-03-21		VFB_fw003616		2	1	5.0
2025-03-21		VFB_fw003616	VFB_00101567	2	1	0.0
2025-03-21		VFB_fw007259		2	1	0.0
2025-03-21		VFB_fw007259	VFB_00101567	2	1	0.0
2025-03-21		VFB_fw015884		2	1	1.0
2025-03-21		VFB_fw015884	VFB_00101567	2	1	0.0
2025-03-21		VFB_fw017064		2	1	4.0
2025-03-21		VFB_fw017064	VFB_00101567	1	1	0.0
2025-03-21		VFB_fw023215		2	1	2.0
2025-03-21		VFB_fw023215	VFB_00101567	2	1	0.0
2025-03-21		VFB_fw034529		2	1	0.0
2025-03-21		VFB_fw034529	VFB_00101567	2	1	0.0
2025-03-21		VFB_fw034617		2	1	0.0
2025-03-21		VFB_fw034617	VFB_00101567	2	1	0.0
2025-03-21		VFB_fw035161		2	1	4.0
2025-03-21		VFB_fw035161	VFB_00101567	2	1	0.0
2025-03-21		VFB_fw035380		8	1	20.0
2025-03-21		VFB_fw035380	VFB_00101567	8	1	0.0
2025-03-21		VFB_fw035426		2	1	1.0
2025-03-21		VFB_fw035426	VFB_00101567	2	1	0.0
2025-03-21		VFB_fw036565		4	1	3.0
2025-03-21		VFB_fw036565	VFB_00101567	4	1	0.0
2025-03-21		VFB_fw036579		12	1	9.0
2025-03-21		VFB_fw036579	VFB_00101567	2	1	0.0
2025-03-21		VFB_fw036641		10	1	88.0
2025-03-21		VFB_fw036641	VFB_00049000	3	1	0.0
2025-03-21		VFB_fw036641	VFB_00101567	9	2	0.0
2025-03-21		VFB_fw036894		13	1	137.0
2025-03-21		VFB_fw036894	VFB_00101567	23	2	0.0
2025-03-21		VFB_jrchjtnd		6	1	122.0
2025-03-21		VFB_jrchjtnd	VFB_00101384	5	1	0.0
2025-03-21		VFB_jrchjtnn		3	1	44.0
2025-03-21		VFB_jrchjtnn	VFB_00101384	3	1	0.0
2025-03-21		VFB_jrchjtnx		3	1	12.0
2025-03-21		VFB_jrchjtnx	VFB_00101384	3	1	0.0
2025-03-21		VFB_jrchk06x		1	1	0.0
2025-03-21		VFB_jrchk06x	VFB_00101567	1	1	0.0
2025-03-21		VFB_jrcv0lll		3	1	4.0
2025-03-21		VFB_jrcv0lll	VFB_00200000	3	1	0.0
2025-03-21		VFBexp_FBti0004		3	1	0.0
2025-03-21		VFBexp_FBti0004	VFB_00101567	3	1	0.0
2025-03-21		VFBexp_FBti0100		2	1	0.0
2025-03-21		VFBexp_FBti0100	VFB_00101567	2	1	0.0
2025-03-21		VFBexp_FBtp0012		2	1	0.0
2025-03-21		VFBexp_FBtp0012	VFB_00101567	2	1	0.0
2025-03-21		VFBexp_FBtp0057		6	2	1.0
2025-03-21		VFBexp_FBtp0057	VFB_00101567	3	3	0.0
2025-03-21		VFBexp_FBtp0057	VFB_00200000	3	1	0.0
2025-03-21		VFBexp_FBtp0058		2	1	0.0
2025-03-21		VFBexp_FBtp0058	VFB_00101567	2	1	0.0
2025-03-21		VFBexp_FBtp0061		1	1	0.0
2025-03-21		VFBexp_FBtp0061	VFB_00101567	1	1	0.0
2025-03-21		VFBexp_FBtp0114		14	1	0.0
2025-03-21		VFBexp_FBtp0114	VFB_00101567	14	1	0.0
2025-03-21		VFBexp_FBtp0121		1	1	0.0
2025-03-21		VFBexp_FBtp0121	VFB_00101567	1	1	0.0
2025-03-21		VFBexp_FBtp0123		2	1	0.0
2025-03-21		VFBexp_FBtp0123	VFB_00101567	2	1	0.0
2025-03-21	v2-dev.virtualflybrain.org	FBbt_00003007	VFB_00110000	1	2	32.0
2025-03-21	v2-dev.virtualflybrain.org	FBbt_00003748	VFB_00101567	2	2	18.0
2025-03-21	v2-dev.virtualflybrain.org	VFB_00017894	VFB_00017894	1	3	1.0
2025-03-21	v2-dev.virtualflybrain.org	VFB_00101567	VFB_00101567	1	3	4.0
2025-03-21	v2-dev.virtualflybrain.org	VFB_00110000	VFB_00110000	9	5	96.0
2025-03-21	v2.virtualflybrain.org	FBbt_00001259	VFB_00101567	5	2	41.0
2025-03-21	v2.virtualflybrain.org	FBbt_00001911	VFB_00101567	0	1	0.0
2025-03-21	v2.virtualflybrain.org	FBbt_00001920	VFB_00101567	0	1	24.0
2025-03-21	v2.virtualflybrain.org	FBbt_00002858		1	1	19.0
2025-03-21	v2.virtualflybrain.org	FBbt_00003004	VFB_00101567	0	1	76.0
2025-03-21	v2.virtualflybrain.org	FBbt_00003624	VFB_00101567	4	4	268.0
2025-03-21	v2.virtualflybrain.org	FBbt_00003678	VFB_00101567	0	6	32.0
2025-03-21	v2.virtualflybrain.org	FBbt_00003679	VFB_00101567	0	1	14.0
2025-03-21	v2.virtualflybrain.org	FBbt_00003680	VFB_00101567	0	1	17.0
2025-03-21	v2.virtualflybrain.org	FBbt_00003681	VFB_00101567	1	2	182.0
2025-03-21	v2.virtualflybrain.org	FBbt_00003698	VFB_00017894	0	1	152.0
2025-03-21	v2.virtualflybrain.org	FBbt_00003748	VFB_00101567	1	11	285.0
2025-03-21	v2.virtualflybrain.org	FBbt_00003924	VFB_00049000	0	1	43.0
2025-03-21	v2.virtualflybrain.org	FBbt_00003924	VFB_00101567	0	1	11.0
2025-03-21	v2.virtualflybrain.org	FBbt_00007054	VFB_00101567	0	1	46.0
2025-03-21	v2.virtualflybrain.org	FBbt_00007070	VFB_00050000	0	1	19.0
2025-03-21	v2.virtualflybrain.org	FBbt_00007453	VFB_00101567	0	2	242.0
2025-03-21	v2.virtualflybrain.org	FBbt_00013695	VFB_00101567	1	2	31.0
2025-03-21	v2.virtualflybrain.org	FBbt_00014013	VFB_00101567	16	3	2.0
2025-03-21	v2.virtualflybrain.org	FBbt_00040000	VFB_00101567	0	1	26.0
2025-03-21	v2.virtualflybrain.org	FBbt_00040041	VFB_00101567	1	6	47.0
2025-03-21	v2.virtualflybrain.org	FBbt_00040042	VFB_00101567	0	1	2.0
2025-03-21	v2.virtualflybrain.org	FBbt_00040043	VFB_00101567	0	3	44.0
2025-03-21	v2.virtualflybrain.org	FBbt_00045027	VFB_00101567	0	1	8.0
2025-03-21	v2.virtualflybrain.org	FBbt_00045040	VFB_00101567	0	1	29.0
2025-03-21	v2.virtualflybrain.org	FBbt_00045048	VFB_00101567	1	3	367.0
2025-03-21	v2.virtualflybrain.org	FBbt_00047128	VFB_00050000	0	1	2.0
2025-03-21	v2.virtualflybrain.org	FBbt_00047556	VFB_00050000	0	3	56.0
2025-03-21	v2.virtualflybrain.org	FBbt_00047594	VFB_00101567	0	5	88.0
2025-03-21	v2.virtualflybrain.org	FBbt_00047883	VFB_00050000	0	2	68.0
2025-03-21	v2.virtualflybrain.org	FBbt_00047887	VFB_00101567	4	4	58.0
2025-03-21	v2.virtualflybrain.org	FBbt_00047927	VFB_00049000	0	1	15.0
2025-03-21	v2.virtualflybrain.org	FBbt_00047965	VFB_00049000	0	1	18.0
2025-03-21	v2.virtualflybrain.org	FBbt_00047965	VFB_00101567	0	1	10.0
2025-03-21	v2.virtualflybrain.org	FBbt_00047973	VFB_00050000	0	1	60.0
2025-03-21	v2.virtualflybrain.org	FBbt_00048427	VFB_00101567	1	2	167.0
2025-03-21	v2.virtualflybrain.org	FBbt_00049120	VFB_00050000	0	2	48.0
2025-03-21	v2.virtualflybrain.org	FBbt_00049724	VFB_00101567	7	1	0.0
2025-03-21	v2.virtualflybrain.org	FBbt_00049853	VFB_00101567	1	1	0.0
2025-03-21	v2.virtualflybrain.org	FBbt_00051298	VFB_00101567	4	2	4.0
2025-03-21	v2.virtualflybrain.org	FBbt_00051299	VFB_00101567	0	1	34.0
2025-03-21	v2.virtualflybrain.org	FBbt_00052193	VFB_00050000	1	1	5.0
2025-03-21	v2.virtualflybrain.org	FBbt_00052618	VFB_00050000	0	1	24.0
2025-03-21	v2.virtualflybrain.org	FBbt_00058205	VFB_00101567	0	2	8.0
2025-03-21	v2.virtualflybrain.org	FBbt_00058213	VFB_00050000	0	1	23.0
2025-03-21	v2.virtualflybrain.org	FBbt_00067369	VFB_00101567	0	1	8.0
2025-03-21	v2.virtualflybrain.org	FBbt_00100234		1	1	1.0
2025-03-21	v2.virtualflybrain.org	FBbt_00110035	VFB_00049000	2	2	317.0
2025-03-21	v2.virtualflybrain.org	FBbt_00110657	VFB_00101567	0	1	74.0
2025-03-21	v2.virtualflybrain.org	FBbt_00110930	VFB_00101567	0	2	78.0
2025-03-21	v2.virtualflybrain.org	FBbt_00111632	VFB_00050000	0	1	50.0
2025-03-21	v2.virtualflybrain.org	FBbt_10000000	VFB_00101567	0	1	0.0
2025-03-21	v2.virtualflybrain.org	VFB_00001503	VFB_00101567	1	1	0.0
2025-03-21	v2.virtualflybrain.org	VFB_00017894	VFB_00017894	1	2	1.0
2025-03-21	v2.virtualflybrain.org	VFB_00023290	VFB_00101567	1	1	40.0
2025-03-21	v2.virtualflybrain.org	VFB_00030786	VFB_00030786	0	1	0.0
2025-03-21	v2.virtualflybrain.org	VFB_00030852	VFB_00030786	14	1	0.0
2025-03-21	v2.virtualflybrain.org	VFB_00047152	VFB_00101567	0	1	19.0
2025-03-21	v2.virtualflybrain.org	VFB_00049000	VFB_00049000	2	10	6.0
2025-03-21	v2.virtualflybrain.org	VFB_00049000	VFB_00101567	0	1	21.0
2025-03-21	v2.virtualflybrain.org	VFB_00050000	VFB_00050000	13	22	235.0
2025-03-21	v2.virtualflybrain.org	VFB_00050274	VFB_00049000	2	1	1.0
2025-03-21	v2.virtualflybrain.org	VFB_00050277	VFB_00049000	2	1	95.0
2025-03-21	v2.virtualflybrain.org	VFB_00050465	VFB_00017894	0	2	178.0
2025-03-21	v2.virtualflybrain.org	VFB_00050465	VFB_00049000	1	3	16.0
2025-03-21	v2.virtualflybrain.org	VFB_00055119	VFB_00049000	2	1	11.0
2025-03-21	v2.virtualflybrain.org	VFB_00065866	VFB_00101567	1	2	434.0
2025-03-21	v2.virtualflybrain.org	VFB_00068372	VFB_00068372	2	2	0.0
2025-03-21	v2.virtualflybrain.org	VFB_00100037	VFB_00050000	0	1	14.0
2025-03-21	v2.virtualflybrain.org	VFB_00100057	VFB_00050000	0	1	10.0
2025-03-21	v2.virtualflybrain.org	VFB_00100059	VFB_00050000	0	1	1.0
2025-03-21	v2.virtualflybrain.org	VFB_00100076	VFB_00050000	2	2	27.0
2025-03-21	v2.virtualflybrain.org	VFB_00100096	VFB_00050000	0	1	12.0
2025-03-21	v2.virtualflybrain.org	VFB_00100097	VFB_00050000	0	1	8.0
2025-03-21	v2.virtualflybrain.org	VFB_00100121	VFB_00050000	0	1	7.0
2025-03-21	v2.virtualflybrain.org	VFB_00100156	VFB_00050000	0	1	19.0
2025-03-21	v2.virtualflybrain.org	VFB_00100162	VFB_00050000	1	4	115.0
2025-03-21	v2.virtualflybrain.org	VFB_00100164	VFB_00050000	0	1	23.0
2025-03-21	v2.virtualflybrain.org	VFB_00100168	VFB_00050000	0	1	18.0
2025-03-21	v2.virtualflybrain.org	VFB_00100183	VFB_00050000	0	1	10.0
2025-03-21	v2.virtualflybrain.org	VFB_00100193	VFB_00050000	0	2	18.0
2025-03-21	v2.virtualflybrain.org	VFB_00100215	VFB_00050000	0	2	61.0
2025-03-21	v2.virtualflybrain.org	VFB_00100239	VFB_00050000	2	1	0.0
2025-03-21	v2.virtualflybrain.org	VFB_0010023d	VFB_00050000	0	1	21.0
2025-03-21	v2.virtualflybrain.org	VFB_0010023e	VFB_00050000	0	2	45.0
2025-03-21	v2.virtualflybrain.org	VFB_00100271	VFB_00050000	0	1	0.0
2025-03-21	v2.virtualflybrain.org	VFB_0010028a	VFB_00050000	0	1	11.0
2025-03-21	v2.virtualflybrain.org	VFB_0010029l	VFB_00050000	0	1	15.0
2025-03-21	v2.virtualflybrain.org	VFB_00100301	VFB_00050000	0	1	8.0
2025-03-21	v2.virtualflybrain.org	VFB_00100317	VFB_00050000	0	1	9.0
2025-03-21	v2.virtualflybrain.org	VFB_00100343	VFB_00050000	1	3	17.0
2025-03-21	v2.virtualflybrain.org	VFB_00100343	VFB_00101567	0	2	207.0
2025-03-21	v2.virtualflybrain.org	VFB_00100352	VFB_00049000	0	2	26.0
2025-03-21	v2.virtualflybrain.org	VFB_00100352	VFB_00050000	1	3	67.0
2025-03-21	v2.virtualflybrain.org	VFB_00100352	VFB_00101567	0	1	1.0
2025-03-21	v2.virtualflybrain.org	VFB_00100382	VFB_00049000	0	2	52.0
2025-03-21	v2.virtualflybrain.org	VFB_00100382	VFB_00050000	1	2	0.0
2025-03-21	v2.virtualflybrain.org	VFB_00100393	VFB_00050000	0	1	6.0
2025-03-21	v2.virtualflybrain.org	VFB_00100404	VFB_00050000	0	1	0.0
2025-03-21	v2.virtualflybrain.org	VFB_00100511	VFB_00050000	0	1	8.0
2025-03-21	v2.virtualflybrain.org	VFB_00100612	VFB_00050000	5	1	0.0
2025-03-21	v2.virtualflybrain.org	VFB_00100683	VFB_00101567	1	2	31.0
2025-03-21	v2.virtualflybrain.org	VFB_00100715	VFB_00050000	5	1	1.0
2025-03-21	v2.virtualflybrain.org	VFB_00100734	VFB_00050000	0	1	16.0
2025-03-21	v2.virtualflybrain.org	VFB_00100739	VFB_00050000	0	1	19.0
2025-03-21	v2.virtualflybrain.org	VFB_00100743	VFB_00050000	0	1	14.0
2025-03-21	v2.virtualflybrain.org	VFB_00100744	VFB_00050000	0	1	4.0
2025-03-21	v2.virtualflybrain.org	VFB_00100765	VFB_00050000	0	2	88.0
2025-03-21	v2.virtualflybrain.org	VFB_00100768	VFB_00050000	0	2	7.0
2025-03-21	v2.virtualflybrain.org	VFB_00100769	VFB_00050000	0	1	6.0
2025-03-21	v2.virtualflybrain.org	VFB_00100774	VFB_00050000	0	1	16.0
2025-03-21	v2.virtualflybrain.org	VFB_00100785	VFB_00050000	0	1	29.0
2025-03-21	v2.virtualflybrain.org	VFB_00100790	VFB_00050000	0	1	29.0
2025-03-21	v2.virtualflybrain.org	VFB_00100794	VFB_00050000	0	1	12.0
2025-03-21	v2.virtualflybrain.org	VFB_00100836	VFB_00050000	0	1	44.0
2025-03-21	v2.virtualflybrain.org	VFB_00100840	VFB_00050000	0	2	23.0
2025-03-21	v2.virtualflybrain.org	VFB_00100842	VFB_00050000	0	1	14.0
2025-03-21	v2.virtualflybrain.org	VFB_00100846	VFB_00050000	0	1	9.0
2025-03-21	v2.virtualflybrain.org	VFB_00100848	VFB_00050000	0	1	39.0
2025-03-21	v2.virtualflybrain.org	VFB_00100849	VFB_00050000	0	2	29.0
2025-03-21	v2.virtualflybrain.org	VFB_00100850	VFB_00050000	0	1	24.0
2025-03-21	v2.virtualflybrain.org	VFB_00100851	VFB_00050000	0	1	62.0
2025-03-21	v2.virtualflybrain.org	VFB_00100865	VFB_00050000	0	1	13.0
2025-03-21	v2.virtualflybrain.org	VFB_00100874	VFB_00050000	0	1	26.0
2025-03-21	v2.virtualflybrain.org	VFB_00100908	VFB_00050000	0	1	6.0
2025-03-21	v2.virtualflybrain.org	VFB_00100963	VFB_00050000	0	1	49.0
2025-03-21	v2.virtualflybrain.org	VFB_00100ct2	VFB_00101567	0	1	1.0
2025-03-21	v2.virtualflybrain.org	VFB_00100ct2	VFB_00200000	2	3	82.0
2025-03-21	v2.virtualflybrain.org	VFB_00100d2k	VFB_00200000	15	1	0.0
2025-03-21	v2.virtualflybrain.org	VFB_00100v15	VFB_00101567	6	1	0.0
2025-03-21	v2.virtualflybrain.org	VFB_00100v15	VFB_00200000	7	1	0.0
2025-03-21	v2.virtualflybrain.org	VFB_00100w7i	VFB_00101567	2	5	2.0
2025-03-21	v2.virtualflybrain.org	VFB_00100wa7		1	1	1.0
2025-03-21	v2.virtualflybrain.org	VFB_00100wl5	VFB_00101567	6	2	0.0
2025-03-21	v2.virtualflybrain.org	VFB_00100z3z	VFB_00101567	0	2	2.0
2025-03-21	v2.virtualflybrain.org	VFB_001011eq	VFB_00050000	2	3	56.0
2025-03-21	v2.virtualflybrain.org	VFB_001011gv	VFB_00050000	0	1	19.0
2025-03-21	v2.virtualflybrain.org	VFB_001011ji	VFB_00050000	0	1	4.0
2025-03-21	v2.virtualflybrain.org	VFB_001011p2	VFB_00101567	0	1	0.0
2025-03-21	v2.virtualflybrain.org	VFB_001011py	VFB_00101567	0	1	24.0
2025-03-21	v2.virtualflybrain.org	VFB_0010126c	VFB_00101567	0	2	24.0
2025-03-21	v2.virtualflybrain.org	VFB_00101275	VFB_00101567	0	2	0.0
2025-03-21	v2.virtualflybrain.org	VFB_00101382	VFB_00101567	1	1	0.0
2025-03-21	v2.virtualflybrain.org	VFB_00101384	VFB_00101384	0	2	63.0
2025-03-21	v2.virtualflybrain.org	VFB_00101385	VFB_00101384	1	2	0.0
2025-03-21	v2.virtualflybrain.org	VFB_00101385	VFB_00101567	0	2	4.0
2025-03-21	v2.virtualflybrain.org	VFB_001013qq	VFB_00101567	0	1	78.0
2025-03-21	v2.virtualflybrain.org	VFB_001013vs	VFB_00101567	7	1	0.0
2025-03-21	v2.virtualflybrain.org	VFB_001014qb	VFB_00101567	6	3	0.0
2025-03-21	v2.virtualflybrain.org	VFB_001014uq	VFB_00101567	0	1	2.0
2025-03-21	v2.virtualflybrain.org	VFB_00101567		2	1	0.0
2025-03-21	v2.virtualflybrain.org	VFB_00101567	VFB_00101567	76	95	1499.0
2025-03-21	v2.virtualflybrain.org	VFB_001015a0	VFB_00050000	0	1	7.0
2025-03-21	v2.virtualflybrain.org	VFB_001015b4	VFB_00050000	0	1	20.0
2025-03-21	v2.virtualflybrain.org	VFB_001015d7	VFB_00050000	0	1	4.0
2025-03-21	v2.virtualflybrain.org	VFB_00101624	VFB_00050000	0	1	28.0
2025-03-21	v2.virtualflybrain.org	VFB_00101625	VFB_00050000	0	1	15.0
2025-03-21	v2.virtualflybrain.org	VFB_00101666	VFB_00050000	0	1	18.0
2025-03-21	v2.virtualflybrain.org	VFB_00101667	VFB_00050000	0	1	14.0
2025-03-21	v2.virtualflybrain.org	VFB_00101677	VFB_00050000	0	1	15.0
2025-03-21	v2.virtualflybrain.org	VFB_00101681	VFB_00050000	0	1	8.0
2025-03-21	v2.virtualflybrain.org	VFB_00101748	VFB_00050000	0	2	34.0
2025-03-21	v2.virtualflybrain.org	VFB_00101753	VFB_00050000	0	1	9.0
2025-03-21	v2.virtualflybrain.org	VFB_00101794	VFB_00050000	0	1	13.0
2025-03-21	v2.virtualflybrain.org	VFB_00101924	VFB_00050000	0	1	44.0
2025-03-21	v2.virtualflybrain.org	VFB_00101rt4	VFB_00101567	0	1	24.0
2025-03-21	v2.virtualflybrain.org	VFB_00101rt8	VFB_00101567	0	2	30.0
2025-03-21	v2.virtualflybrain.org	VFB_00101sud	VFB_00101567	1	1	105.0
2025-03-21	v2.virtualflybrain.org	VFB_00102023	VFB_00050000	0	1	25.0
2025-03-21	v2.virtualflybrain.org	VFB_00102034	VFB_00050000	0	1	43.0
2025-03-21	v2.virtualflybrain.org	VFB_001020ws	VFB_00101567	0	2	40.0
2025-03-21	v2.virtualflybrain.org	VFB_001020ws	VFB_00200000	1	1	0.0
2025-03-21	v2.virtualflybrain.org	VFB_00102107	VFB_00101567	0	4	54.0
2025-03-21	v2.virtualflybrain.org	VFB_00102135	VFB_00101567	0	1	1.0
2025-03-21	v2.virtualflybrain.org	VFB_00102140	VFB_00101567	0	1	0.0
2025-03-21	v2.virtualflybrain.org	VFB_00102146	VFB_00101567	0	2	0.0
2025-03-21	v2.virtualflybrain.org	VFB_00102148	VFB_00101567	0	2	7.0
2025-03-21	v2.virtualflybrain.org	VFB_00102154	VFB_00101567	0	1	0.0
2025-03-21	v2.virtualflybrain.org	VFB_00102164	VFB_00101567	0	1	0.0
2025-03-21	v2.virtualflybrain.org	VFB_00102170	VFB_00101567	2	2	1.0
2025-03-21	v2.virtualflybrain.org	VFB_00102179	VFB_00101567	7	1	0.0
2025-03-21	v2.virtualflybrain.org	VFB_00102201	VFB_00101567	0	4	157.0
2025-03-21	v2.virtualflybrain.org	VFB_00102212	VFB_00101567	0	1	40.0
2025-03-21	v2.virtualflybrain.org	VFB_00102215	VFB_00101567	1	2	65.0
2025-03-21	v2.virtualflybrain.org	VFB_00102274	VFB_00101567	2	2	3.0
2025-03-21	v2.virtualflybrain.org	VFB_00102280	VFB_00101567	0	2	3.0
2025-03-21	v2.virtualflybrain.org	VFB_00102282	VFB_00101567	0	1	29.0
2025-03-21	v2.virtualflybrain.org	VFB_00102eg2	VFB_00050000	0	1	25.0
2025-03-21	v2.virtualflybrain.org	VFB_00102ekg	VFB_00050000	3	1	0.0
2025-03-21	v2.virtualflybrain.org	VFB_00102euw	VFB_00050000	0	1	9.0
2025-03-21	v2.virtualflybrain.org	VFB_00102evt	VFB_00050000	0	1	43.0
2025-03-21	v2.virtualflybrain.org	VFB_00102ew1	VFB_00050000	0	1	11.0
2025-03-21	v2.virtualflybrain.org	VFB_00102exs	VFB_00050000	0	1	17.0
2025-03-21	v2.virtualflybrain.org	VFB_00102eyc	VFB_00050000	2	1	36.0
2025-03-21	v2.virtualflybrain.org	VFB_00102f08	VFB_00050000	0	1	18.0
2025-03-21	v2.virtualflybrain.org	VFB_00102f4m	VFB_00050000	0	1	10.0
2025-03-21	v2.virtualflybrain.org	VFB_00102f7w	VFB_00050000	0	1	7.0
2025-03-21	v2.virtualflybrain.org	VFB_00102fhv	VFB_00050000	0	1	16.0
2025-03-21	v2.virtualflybrain.org	VFB_00104478	VFB_00104478	1	2	0.0
2025-03-21	v2.virtualflybrain.org	VFB_00104478	VFB_00200000	0	1	11.0
2025-03-21	v2.virtualflybrain.org	VFB_00200000	VFB_00200000	0	3	0.0
2025-03-21	v2.virtualflybrain.org	VFB_fw000366	VFB_00101567	7	4	0.0
2025-03-21	v2.virtualflybrain.org	VFB_fw003337		1	1	0.0
2025-03-21	v2.virtualflybrain.org	VFB_fw003337	VFB_00101567	0	1	5.0
2025-03-21	v2.virtualflybrain.org	VFB_fw003616		1	1	0.0
2025-03-21	v2.virtualflybrain.org	VFB_fw003616	VFB_00101567	0	1	3.0
2025-03-21	v2.virtualflybrain.org	VFB_fw007259		2	1	0.0
2025-03-21	v2.virtualflybrain.org	VFB_fw007259	VFB_00101567	0	1	55.0
2025-03-21	v2.virtualflybrain.org	VFB_fw015884		1	1	0.0
2025-03-21	v2.virtualflybrain.org	VFB_fw017064	VFB_00101567	0	1	89.0
2025-03-21	v2.virtualflybrain.org	VFB_fw023215		1	1	0.0
2025-03-21	v2.virtualflybrain.org	VFB_fw023215	VFB_00101567	0	1	0.0
2025-03-21	v2.virtualflybrain.org	VFB_fw034529		1	1	0.0
2025-03-21	v2.virtualflybrain.org	VFB_fw034529	VFB_00101567	0	1	4.0
2025-03-21	v2.virtualflybrain.org	VFB_fw034617	VFB_00101567	2	1	1747.0
2025-03-21	v2.virtualflybrain.org	VFB_fw035161		1	1	0.0
2025-03-21	v2.virtualflybrain.org	VFB_fw035161	VFB_00101567	0	1	13.0
2025-03-21	v2.virtualflybrain.org	VFB_fw035380		2	1	0.0
2025-03-21	v2.virtualflybrain.org	VFB_fw035380	VFB_00101567	0	2	12.0
2025-03-21	v2.virtualflybrain.org	VFB_fw035426		1	1	0.0
2025-03-21	v2.virtualflybrain.org	VFB_fw035426	VFB_00101567	0	1	3.0
2025-03-21	v2.virtualflybrain.org	VFB_fw036565		1	1	0.0
2025-03-21	v2.virtualflybrain.org	VFB_fw036565	VFB_00101567	0	2	4.0
2025-03-21	v2.virtualflybrain.org	VFB_fw036579	VFB_00101567	0	1	17.0
2025-03-21	v2.virtualflybrain.org	VFB_fw036641	VFB_00049000	0	2	3.0
2025-03-21	v2.virtualflybrain.org	VFB_fw036641	VFB_00101567	1	3	1.0
2025-03-21	v2.virtualflybrain.org	VFB_fw036894	VFB_00101567	1	3	60.0
2025-03-21	v2.virtualflybrain.org	VFB_jrchjtnd		1	1	0.0
2025-03-21	v2.virtualflybrain.org	VFB_jrchjtnd	VFB_00101384	0	1	0.0
2025-03-21	v2.virtualflybrain.org	VFB_jrchjtnd	VFB_jrchjtnd	1	2	1.0
2025-03-21	v2.virtualflybrain.org	VFB_jrchjtnn	VFB_00101384	0	2	42.0
2025-03-21	v2.virtualflybrain.org	VFB_jrchjtnn	VFB_jrchjtnn	1	2	1.0
2025-03-21	v2.virtualflybrain.org	VFB_jrchjtnx		1	1	3.0
2025-03-21	v2.virtualflybrain.org	VFB_jrchjtnx	VFB_00101384	0	2	92.0
2025-03-21	v2.virtualflybrain.org	VFB_jrchjtnx	VFB_jrchjtnx	1	2	1.0
2025-03-21	v2.virtualflybrain.org	VFB_jrchk06x	VFB_00101567	1	1	0.0
2025-03-21	v2.virtualflybrain.org	VFB_jrcv0lll		2	1	0.0
2025-03-21	v2.virtualflybrain.org	VFB_jrcv0lll	VFB_00200000	1	1	0.0
2025-03-21	v2.virtualflybrain.org	VFBexp_FBti0004	VFB_00101567	0	1	95.0
2025-03-21	v2.virtualflybrain.org	VFBexp_FBti0100	VFB_00101567	0	1	21.0
2025-03-21	v2.virtualflybrain.org	VFBexp_FBtp0012	VFB_00101567	0	2	297.0
2025-03-21	v2.virtualflybrain.org	VFBexp_FBtp0057	VFB_00101567	0	2	13.0
2025-03-21	v2.virtualflybrain.org	VFBexp_FBtp0057	VFB_00200000	0	1	73.0
2025-03-21	v2.virtualflybrain.org	VFBexp_FBtp0058	VFB_00101567	2	1	11.0
2025-03-21	v2.virtualflybrain.org	VFBexp_FBtp0061	VFB_00101567	0	1	0.0
2025-03-21	v2.virtualflybrain.org	VFBexp_FBtp0114	VFB_00101567	14	1	0.0
2025-03-21	v2.virtualflybrain.org	VFBexp_FBtp0121		2	1	0.0
2025-03-21	v2.virtualflybrain.org	VFBexp_FBtp0121	VFB_00101567	0	1	97.0
2025-03-21	v2.virtualflybrain.org	VFBexp_FBtp0123		1	1	2.0
2025-03-21	v2.virtualflybrain.org	VFBexp_FBtp0123	VFB_00101567	0	1	36.0
2025-03-22		FBbt_00001259		11	1	0.0
2025-03-22		FBbt_00001259	VFB_00101567	11	1	0.0
2025-03-22		FBbt_00003632		5	1	1.0
2025-03-22		FBbt_00003632	VFB_00101567	5	2	0.0
2025-03-22		FBbt_00003678		2	1	0.0
2025-03-22		FBbt_00003678	VFB_00101567	2	1	0.0
2025-03-22		FBbt_00003679		3	2	0.0
2025-03-22		FBbt_00003679	VFB_00101567	3	2	0.0
2025-03-22		FBbt_00003681		13	3	0.0
2025-03-22		FBbt_00003681	VFB_00101567	13	3	0.0
2025-03-22		FBbt_00003684		4	1	0.0
2025-03-22		FBbt_00003684	VFB_00101567	4	1	0.0
2025-03-22		FBbt_00003701		2	1	0.0
2025-03-22		FBbt_00003701	VFB_00101567	3	2	0.0
2025-03-22		FBbt_00003748		13	5	1.0
2025-03-22		FBbt_00003748	VFB_00017894	1	1	0.0
2025-03-22		FBbt_00003748	VFB_00101567	12	7	0.0
2025-03-22		FBbt_00003852		3	2	0.0
2025-03-22		FBbt_00003852	VFB_00101567	3	2	0.0
2025-03-22		FBbt_00003885		4	1	0.0
2025-03-22		FBbt_00003885	VFB_00101567	4	1	0.0
2025-03-22		FBbt_00007050		5	2	0.0
2025-03-22		FBbt_00007050	VFB_00101567	5	2	0.0
2025-03-22		FBbt_00007053		1	1	0.0
2025-03-22		FBbt_00007053	VFB_00101567	1	1	0.0
2025-03-22		FBbt_00007054		2	1	0.0
2025-03-22		FBbt_00007054	VFB_00101567	2	2	0.0
2025-03-22		FBbt_00007055		1	1	0.0
2025-03-22		FBbt_00007055	VFB_00101567	1	1	0.0
2025-03-22		FBbt_00007059		5	1	0.0
2025-03-22		FBbt_00007059	VFB_00101567	5	1	0.0
2025-03-22		FBbt_00007075		1	1	0.0
2025-03-22		FBbt_00007075	VFB_00101567	1	1	0.0
2025-03-22		FBbt_00007145		5	1	0.0
2025-03-22		FBbt_00007145	VFB_00101567	5	1	0.0
2025-03-22		FBbt_00007146		4	1	0.0
2025-03-22		FBbt_00007146	VFB_00101567	9	1	0.0
2025-03-22		FBbt_00007453		6	2	0.0
2025-03-22		FBbt_00007453	VFB_00101567	6	2	0.0
2025-03-22		FBbt_00013695		1	1	0.0
2025-03-22		FBbt_00013695	VFB_00101567	1	1	0.0
2025-03-22		FBbt_00040001		2	1	0.0
2025-03-22		FBbt_00040001	VFB_00101567	2	1	0.0
2025-03-22		FBbt_00040041		1	1	0.0
2025-03-22		FBbt_00040041	VFB_00101567	1	1	0.0
2025-03-22		FBbt_00040042		4	1	0.0
2025-03-22		FBbt_00040042	VFB_00101567	4	1	0.0
2025-03-22		FBbt_00040043		1	1	0.0
2025-03-22		FBbt_00040043	VFB_00101567	1	1	0.0
2025-03-22		FBbt_00040048		5	1	0.0
2025-03-22		FBbt_00040048	VFB_00101567	5	2	0.0
2025-03-22		FBbt_00045003		2	1	0.0
2025-03-22		FBbt_00045003	VFB_00101567	2	1	0.0
2025-03-22		FBbt_00045004		2	1	0.0
2025-03-22		FBbt_00045004	VFB_00101567	2	1	0.0
2025-03-22		FBbt_00045021		4	1	0.0
2025-03-22		FBbt_00045021	VFB_00101567	4	1	0.0
2025-03-22		FBbt_00045032		5	1	0.0
2025-03-22		FBbt_00045032	VFB_00101567	5	2	0.0
2025-03-22		FBbt_00045048		1	1	0.0
2025-03-22		FBbt_00045048	VFB_00101567	1	1	0.0
2025-03-22		FBbt_00047887		1	1	0.0
2025-03-22		FBbt_00047887	VFB_00101567	1	1	0.0
2025-03-22		FBbt_00049270		3	1	0.0
2025-03-22		FBbt_00049270	VFB_00101567	3	2	0.0
2025-03-22		FBbt_00050111		2	1	21.0
2025-03-22		FBbt_00050111	VFB_00101567	2	1	0.0
2025-03-22		FBbt_00051298		10	1	0.0
2025-03-22		FBbt_00051298	VFB_00101567	10	1	0.0
2025-03-22		FBbt_00100285		6	1	0.0
2025-03-22		FBbt_00100285	VFB_00101567	6	2	0.0
2025-03-22		FBbt_00110658		1	1	0.0
2025-03-22		FBbt_00110658	VFB_00101567	1	1	0.0
2025-03-22		FBbt_00110945		3	1	0.0
2025-03-22		FBbt_00110945	VFB_00101567	3	2	0.0
2025-03-22		FBbt_20001531		1	1	0.0
2025-03-22		FBbt_20001531	VFB_00101567	6	1	0.0
2025-03-22		FBbt_20007300		1	1	0.0
2025-03-22		FBbt_20007300	VFB_00101567	1	1	0.0
2025-03-22		VFB_00017894		1	1	0.0
2025-03-22		VFB_00017894	VFB_00017894	1	1	0.0
2025-03-22		VFB_00030870		5	1	4.0
2025-03-22		VFB_00030870	VFB_00017894	1	1	0.0
2025-03-22		VFB_00030870	VFB_00101567	4	1	0.0
2025-03-22		VFB_00030872		4	1	2.0
2025-03-22		VFB_00030872	VFB_00017894	1	1	0.0
2025-03-22		VFB_00030872	VFB_00101567	3	1	0.0
2025-03-22		VFB_00050000	VFB_00050000	6	1	0.0
2025-03-22		VFB_00100612		12	1	71.0
2025-03-22		VFB_00100612	VFB_00050000	22	3	0.0
2025-03-22		VFB_00100668		8	1	83.0
2025-03-22		VFB_00100668	VFB_00050000	3	2	0.0
2025-03-22		VFB_00100683		11	1	6.0
2025-03-22		VFB_00100683	VFB_00050000	6	2	0.0
2025-03-22		VFB_00100715		6	1	0.0
2025-03-22		VFB_00100715	VFB_00050000	6	1	0.0
2025-03-22		VFB_00100v15		16	1	0.0
2025-03-22		VFB_00100v15	VFB_00101567	8	1	0.0
2025-03-22		VFB_00100v15	VFB_00200000	8	1	0.0
2025-03-22		VFB_00100wl5		8	1	0.0
2025-03-22		VFB_00100wl5	VFB_00101567	8	1	0.0
2025-03-22		VFB_00100xi5		2	1	10.0
2025-03-22		VFB_00100xi5	VFB_00101567	2	1	0.0
2025-03-22		VFB_00100yov		37	2	48.0
2025-03-22		VFB_00100yov	VFB_00101567	32	6	0.0
2025-03-22		VFB_001011g9		1	1	0.0
2025-03-22		VFB_001011g9	VFB_00050000	1	1	0.0
2025-03-22		VFB_00101567		101	19	133.0
2025-03-22		VFB_00101567	VFB_00101567	117	25	161.0
2025-03-22		VFB_001015bk		2	1	0.0
2025-03-22		VFB_001015bk	VFB_00050000	2	2	0.0
2025-03-22		VFB_00102107		6	3	4.0
2025-03-22		VFB_00102107	VFB_00101567	6	4	0.0
2025-03-22		VFB_00102110		1	1	3.0
2025-03-22		VFB_00102110	VFB_00101567	1	1	0.0
2025-03-22		VFB_00102123		2	1	2.0
2025-03-22		VFB_00102123	VFB_00101567	2	1	0.0
2025-03-22		VFB_00102134		2	1	1.0
2025-03-22		VFB_00102134	VFB_00101567	2	1	0.0
2025-03-22		VFB_00102164		2	1	2.0
2025-03-22		VFB_00102164	VFB_00101567	2	1	0.0
2025-03-22		VFB_00102170		7	1	20.0
2025-03-22		VFB_00102170	VFB_00101567	7	2	0.0
2025-03-22		VFB_00102179		2	1	0.0
2025-03-22		VFB_00102179	VFB_00101567	2	1	0.0
2025-03-22		VFB_00110000		8	1	0.0
2025-03-22		VFB_00110000	VFB_00110000	8	1	0.0
2025-03-22		VFB_00200000		1	1	4.0
2025-03-22		VFB_00200000	VFB_00200000	2	2	85.0
2025-03-22		VFB_fw001745		3	1	3.0
2025-03-22		VFB_fw001745	VFB_00101567	3	1	0.0
2025-03-22		VFB_fw036088		2	1	2.0
2025-03-22		VFB_fw036088	VFB_00101567	2	1	0.0
2025-03-22		VFB_fw036579		2	1	5.0
2025-03-22		VFB_fw036579	VFB_00101567	2	1	0.0
2025-03-22		VFB_fw036829		2	1	6.0
2025-03-22		VFB_fw036829	VFB_00101567	2	1	0.0
2025-03-22		VFB_fw036976		2	1	11.0
2025-03-22		VFB_fw036976	VFB_00101567	2	1	0.0
2025-03-22		VFB_fw040896		2	1	3.0
2025-03-22		VFB_fw040896	VFB_00101567	2	1	0.0
2025-03-22		VFB_fw050511		2	1	9.0
2025-03-22		VFB_fw050511	VFB_00101567	2	1	0.0
2025-03-22		VFB_jrchk3t9		7	1	27.0
2025-03-22		VFB_jrchk3t9	VFB_00101567	2	1	0.0
2025-03-22		VFBexp_FBtp0059		1	1	0.0
2025-03-22		VFBexp_FBtp0059	VFB_00101567	1	1	0.0
2025-03-22		VFBexp_FBtp0060		3	1	0.0
2025-03-22		VFBexp_FBtp0060	VFB_00101567	3	2	0.0
2025-03-22	v2-dev.virtualflybrain.org	FBbt_00003748	VFB_00017894	0	1	24.0
2025-03-22	v2-dev.virtualflybrain.org	FBbt_00003748	VFB_00101567	2	1	2.0
2025-03-22	v2-dev.virtualflybrain.org	VFB_00017894	VFB_00017894	1	2	1.0
2025-03-22	v2-dev.virtualflybrain.org	VFB_00101567	VFB_00101567	0	1	2.0
2025-03-22	v2-dev.virtualflybrain.org	VFB_00110000	VFB_00110000	9	3	132.0
2025-03-22	v2.virtualflybrain.org	FBbt_00001259	VFB_00101567	11	1	0.0
2025-03-22	v2.virtualflybrain.org	FBbt_00003632	VFB_00101567	1	2	5.0
2025-03-22	v2.virtualflybrain.org	FBbt_00003678	VFB_00101567	0	1	4.0
2025-03-22	v2.virtualflybrain.org	FBbt_00003679	VFB_00101567	0	3	35.0
2025-03-22	v2.virtualflybrain.org	FBbt_00003681	VFB_00101567	11	4	181.0
2025-03-22	v2.virtualflybrain.org	FBbt_00003684	VFB_00101567	0	1	9.0
2025-03-22	v2.virtualflybrain.org	FBbt_00003701	VFB_00101567	0	3	39.0
2025-03-22	v2.virtualflybrain.org	FBbt_00003748	VFB_00101567	0	5	60.0
2025-03-22	v2.virtualflybrain.org	FBbt_00003852	VFB_00101567	0	3	204.0
2025-03-22	v2.virtualflybrain.org	FBbt_00003885	VFB_00101567	0	1	5.0
2025-03-22	v2.virtualflybrain.org	FBbt_00007050	VFB_00101567	0	2	14.0
2025-03-22	v2.virtualflybrain.org	FBbt_00007053	VFB_00101567	0	1	5.0
2025-03-22	v2.virtualflybrain.org	FBbt_00007054	VFB_00101567	0	2	27.0
2025-03-22	v2.virtualflybrain.org	FBbt_00007055	VFB_00101567	0	1	5.0
2025-03-22	v2.virtualflybrain.org	FBbt_00007059	VFB_00101567	0	1	0.0
2025-03-22	v2.virtualflybrain.org	FBbt_00007075	VFB_00101567	0	1	8.0
2025-03-22	v2.virtualflybrain.org	FBbt_00007145	VFB_00101567	0	1	12.0
2025-03-22	v2.virtualflybrain.org	FBbt_00007146	VFB_00101567	0	2	40.0
2025-03-22	v2.virtualflybrain.org	FBbt_00007453	VFB_00101567	0	3	52.0
2025-03-22	v2.virtualflybrain.org	FBbt_00013695	VFB_00101567	0	1	21.0
2025-03-22	v2.virtualflybrain.org	FBbt_00040001	VFB_00101567	0	1	7.0
2025-03-22	v2.virtualflybrain.org	FBbt_00040041	VFB_00101567	0	1	86.0
2025-03-22	v2.virtualflybrain.org	FBbt_00040042	VFB_00101567	0	2	25.0
2025-03-22	v2.virtualflybrain.org	FBbt_00040043	VFB_00101567	0	1	9.0
2025-03-22	v2.virtualflybrain.org	FBbt_00040048	VFB_00101567	0	2	12.0
2025-03-22	v2.virtualflybrain.org	FBbt_00045004	VFB_00101567	0	1	265.0
2025-03-22	v2.virtualflybrain.org	FBbt_00045021	VFB_00101567	0	1	1.0
2025-03-22	v2.virtualflybrain.org	FBbt_00045032	VFB_00101567	0	2	17.0
2025-03-22	v2.virtualflybrain.org	FBbt_00045048	VFB_00101567	0	1	9.0
2025-03-22	v2.virtualflybrain.org	FBbt_00047887	VFB_00101567	0	1	1.0
2025-03-22	v2.virtualflybrain.org	FBbt_00049270	VFB_00101567	1	2	10.0
2025-03-22	v2.virtualflybrain.org	FBbt_00050111		1	1	0.0
2025-03-22	v2.virtualflybrain.org	FBbt_00050111	VFB_00101567	0	1	0.0
2025-03-22	v2.virtualflybrain.org	FBbt_00051298	VFB_00101567	10	1	0.0
2025-03-22	v2.virtualflybrain.org	FBbt_00100285	VFB_00101567	5	3	82.0
2025-03-22	v2.virtualflybrain.org	FBbt_00110658	VFB_00101567	0	1	59.0
2025-03-22	v2.virtualflybrain.org	FBbt_00110945	VFB_00101567	0	4	188.0
2025-03-22	v2.virtualflybrain.org	FBbt_20001531	VFB_00101567	0	1	11.0
2025-03-22	v2.virtualflybrain.org	FBbt_20007300	VFB_00101567	0	1	33.0
2025-03-22	v2.virtualflybrain.org	VFB_00001503	VFB_00101567	1	1	0.0
2025-03-22	v2.virtualflybrain.org	VFB_00030870	VFB_00017894	1	3	49.0
2025-03-22	v2.virtualflybrain.org	VFB_00030870	VFB_00101567	0	2	4.0
2025-03-22	v2.virtualflybrain.org	VFB_00030872	VFB_00017894	1	3	9.0
2025-03-22	v2.virtualflybrain.org	VFB_00030872	VFB_00101567	0	2	2.0
2025-03-22	v2.virtualflybrain.org	VFB_00050000	VFB_00050000	7	7	0.0
2025-03-22	v2.virtualflybrain.org	VFB_00100612	VFB_00050000	3	1	2.0
2025-03-22	v2.virtualflybrain.org	VFB_00100668	VFB_00050000	0	1	104.0
2025-03-22	v2.virtualflybrain.org	VFB_00100683	VFB_00050000	0	1	39.0
2025-03-22	v2.virtualflybrain.org	VFB_00100715	VFB_00050000	6	1	0.0
2025-03-22	v2.virtualflybrain.org	VFB_00100v15	VFB_00101567	8	1	0.0
2025-03-22	v2.virtualflybrain.org	VFB_00100v15	VFB_00200000	8	1	0.0
2025-03-22	v2.virtualflybrain.org	VFB_00100wl5	VFB_00101567	7	2	0.0
2025-03-22	v2.virtualflybrain.org	VFB_00100xi5	VFB_00101567	0	1	11.0
2025-03-22	v2.virtualflybrain.org	VFB_00100yov	VFB_00101567	0	3	0.0
2025-03-22	v2.virtualflybrain.org	VFB_001011eq	VFB_00050000	1	1	0.0
2025-03-22	v2.virtualflybrain.org	VFB_001011g9	VFB_00050000	2	1	0.0
2025-03-22	v2.virtualflybrain.org	VFB_00101567		1	1	8.0
2025-03-22	v2.virtualflybrain.org	VFB_00101567	VFB_00101567	60	44	170.0
2025-03-22	v2.virtualflybrain.org	VFB_001015bk	VFB_00050000	1	2	0.0
2025-03-22	v2.virtualflybrain.org	VFB_00102107	VFB_00101567	0	2	8.0
2025-03-22	v2.virtualflybrain.org	VFB_00102110	VFB_00101567	0	1	4.0
2025-03-22	v2.virtualflybrain.org	VFB_00102123	VFB_00101567	0	1	0.0
2025-03-22	v2.virtualflybrain.org	VFB_00102134	VFB_00101567	0	1	0.0
2025-03-22	v2.virtualflybrain.org	VFB_00102164	VFB_00101567	0	1	0.0
2025-03-22	v2.virtualflybrain.org	VFB_00102170	VFB_00101567	0	1	0.0
2025-03-22	v2.virtualflybrain.org	VFB_00102179	VFB_00101567	3	1	0.0
2025-03-22	v2.virtualflybrain.org	VFB_00200000	VFB_00200000	1	4	13.0
2025-03-22	v2.virtualflybrain.org	VFB_fw001745		1	1	0.0
2025-03-22	v2.virtualflybrain.org	VFB_fw036088	VFB_00101567	0	1	0.0
2025-03-22	v2.virtualflybrain.org	VFB_fw036579	VFB_00101567	0	1	205.0
2025-03-22	v2.virtualflybrain.org	VFB_fw036976		1	1	0.0
2025-03-22	v2.virtualflybrain.org	VFB_fw040896		1	1	0.0
2025-03-22	v2.virtualflybrain.org	VFB_fw040896	VFB_00101567	0	1	40.0
2025-03-22	v2.virtualflybrain.org	VFB_jrchk3t9	VFB_00101567	0	1	53.0
2025-03-22	v2.virtualflybrain.org	VFBexp_FBtp0059	VFB_00101567	0	1	23.0
2025-03-22	v2.virtualflybrain.org	VFBexp_FBtp0060	VFB_00101567	0	2	64.0
2025-03-23		FBbt_00003678		9	2	0.0
2025-03-23		FBbt_00003678	VFB_00101567	9	5	0.0
2025-03-23		FBbt_00003679		6	1	0.0
2025-03-23		FBbt_00003679	VFB_00101567	6	2	0.0
2025-03-23		FBbt_00003681		20	2	0.0
2025-03-23		FBbt_00003681	VFB_00101567	20	2	0.0
2025-03-23		FBbt_00003748		3	2	0.0
2025-03-23		FBbt_00003748	VFB_00101567	3	2	0.0
2025-03-23		FBbt_00007050		1	1	0.0
2025-03-23		FBbt_00007050	VFB_00101567	1	1	0.0
2025-03-23		FBbt_00007058		1	1	0.0
2025-03-23		FBbt_00007058	VFB_00101567	1	1	0.0
2025-03-23		FBbt_00007059		3	1	0.0
2025-03-23		FBbt_00007059	VFB_00101567	3	2	0.0
2025-03-23		FBbt_00007067		1	1	0.0
2025-03-23		FBbt_00007067	VFB_00049000	1	1	0.0
2025-03-23		FBbt_00014013		2	2	1.0
2025-03-23		FBbt_00014013	VFB_00017894	1	1	0.0
2025-03-23		FBbt_00014013	VFB_00101567	1	1	0.0
2025-03-23		FBbt_00040039		2	1	0.0
2025-03-23		FBbt_00040039	VFB_00101567	2	1	0.0
2025-03-23		FBbt_00040040		3	1	0.0
2025-03-23		FBbt_00040040	VFB_00101567	3	2	0.0
2025-03-23		FBbt_00040041		5	1	0.0
2025-03-23		FBbt_00040041	VFB_00101567	5	2	0.0
2025-03-23		FBbt_00040042		4	1	0.0
2025-03-23		FBbt_00040042	VFB_00017894	1	1	0.0
2025-03-23		FBbt_00040042	VFB_00101567	3	3	0.0
2025-03-23		FBbt_00045003		1	1	0.0
2025-03-23		FBbt_00045003	VFB_00101567	2	1	0.0
2025-03-23		FBbt_00045027		1	1	0.0
2025-03-23		FBbt_00045027	VFB_00101567	1	1	0.0
2025-03-23		FBbt_00045046		2	1	0.0
2025-03-23		FBbt_00045046	VFB_00101567	2	1	0.0
2025-03-23		FBbt_00045048		2	2	0.0
2025-03-23		FBbt_00045048	VFB_00101567	2	2	0.0
2025-03-23		FBbt_00047128		1	1	0.0
2025-03-23		FBbt_00047128	VFB_00050000	1	1	0.0
2025-03-23		FBbt_00049270		6	1	0.0
2025-03-23		FBbt_00049270	VFB_00101567	6	1	0.0
2025-03-23		FBbt_00051298		4	1	0.0
2025-03-23		FBbt_00051298	VFB_00101567	4	1	0.0
2025-03-23		FBbt_00051479		3	1	0.0
2025-03-23		FBbt_00051479	VFB_00101567	3	1	0.0
2025-03-23		FBbt_00052193		1	1	0.0
2025-03-23		FBbt_00052193	VFB_00050000	1	1	0.0
2025-03-23		FBbt_00067042		1	1	1.0
2025-03-23		FBbt_00067042	VFB_00101567	1	1	0.0
2025-03-23		FBbt_00100267		1	1	0.0
2025-03-23		FBbt_00100267	VFB_00101567	1	1	0.0
2025-03-23		FBbt_00100285		2	1	0.0
2025-03-23		FBbt_00100285	VFB_00101567	2	1	0.0
2025-03-23		FBbt_00110035		5	1	0.0
2025-03-23		FBbt_00110035	VFB_00049000	5	1	0.0
2025-03-23		FBbt_00110187		1	1	0.0
2025-03-23		FBbt_00110187	VFB_00049000	1	1	0.0
2025-03-23		FBbt_00111204		4	1	0.0
2025-03-23		FBbt_00111204	VFB_00049000	4	3	0.0
2025-03-23		FBbt_20007587		1	1	0.0
2025-03-23		FBbt_20007587	VFB_00017894	1	1	0.0
2025-03-23		VFB_00030633		2	1	26.0
2025-03-23		VFB_00030633	VFB_00101567	4	1	0.0
2025-03-23		VFB_00030852		4	1	0.0
2025-03-23		VFB_00030852	VFB_00030786	4	1	0.0
2025-03-23		VFB_00030878		3	1	5.0
2025-03-23		VFB_00030878	VFB_00017894	1	1	0.0
2025-03-23		VFB_00030878	VFB_00101567	2	1	0.0
2025-03-23		VFB_00049000		1	1	1.0
2025-03-23		VFB_00049000	VFB_00049000	2	2	10.0
2025-03-23		VFB_00050000		32	3	35.0
2025-03-23		VFB_00050000	VFB_00050000	39	11	94.0
2025-03-23		VFB_00050274		5	1	0.0
2025-03-23		VFB_00050274	VFB_00049000	5	1	0.0
2025-03-23		VFB_00050314		2	1	3.0
2025-03-23		VFB_00050314	VFB_00049000	2	1	0.0
2025-03-23		VFB_00050433		2	1	8.0
2025-03-23		VFB_00050433	VFB_00049000	2	1	0.0
2025-03-23		VFB_00050500		2	1	2.0
2025-03-23		VFB_00050500	VFB_00049000	2	1	0.0
2025-03-23		VFB_0010022u		3	1	7.0
2025-03-23		VFB_0010022u	VFB_00050000	3	2	0.0
2025-03-23		VFB_00100239		4	1	0.0
2025-03-23		VFB_00100239	VFB_00050000	4	1	0.0
2025-03-23		VFB_00100715		8	1	0.0
2025-03-23		VFB_00100715	VFB_00050000	8	1	0.0
2025-03-23		VFB_00100719		14	1	31.0
2025-03-23		VFB_00100719	VFB_00050000	20	7	0.0
2025-03-23		VFB_00100768		11	1	29.0
2025-03-23		VFB_00100768	VFB_00050000	6	2	0.0
2025-03-23		VFB_00100782		3	1	11.0
2025-03-23		VFB_00100782	VFB_00050000	3	2	0.0
2025-03-23		VFB_00100784		1	1	1.0
2025-03-23		VFB_00100784	VFB_00050000	1	1	0.0
2025-03-23		VFB_00100794		12	1	18.0
2025-03-23		VFB_00100794	VFB_00050000	12	4	0.0
2025-03-23		VFB_00100798		11	1	22.0
2025-03-23		VFB_00100798	VFB_00050000	6	2	0.0
2025-03-23		VFB_00100815		11	1	26.0
2025-03-23		VFB_00100815	VFB_00050000	11	3	0.0
2025-03-23		VFB_00100840		8	1	22.0
2025-03-23		VFB_00100840	VFB_00050000	10	3	0.0
2025-03-23		VFB_00100846		15	1	19.0
2025-03-23		VFB_00100846	VFB_00050000	15	6	0.0
2025-03-23		VFB_00100849		6	1	3.0
2025-03-23		VFB_00100849	VFB_00050000	11	2	0.0
2025-03-23		VFB_00100851		21	1	17.0
2025-03-23		VFB_00100851	VFB_00050000	16	3	0.0
2025-03-23		VFB_00100897		6	1	2.0
2025-03-23		VFB_00100897	VFB_00050000	6	2	0.0
2025-03-23		VFB_00100898		11	1	12.0
2025-03-23		VFB_00100898	VFB_00050000	11	3	0.0
2025-03-23		VFB_00100908		7	1	7.0
2025-03-23		VFB_00100908	VFB_00050000	6	2	0.0
2025-03-23		VFB_00100d2k		5	1	0.0
2025-03-23		VFB_00100d2k	VFB_00200000	5	1	0.0
2025-03-23		VFB_00100v15		24	1	0.0
2025-03-23		VFB_00100v15	VFB_00101567	11	1	0.0
2025-03-23		VFB_00100v15	VFB_00200000	13	1	0.0
2025-03-23		VFB_001011g9		1	1	3.0
2025-03-23		VFB_001011g9	VFB_00050000	1	1	0.0
2025-03-23		VFB_001012fj		2	1	22.0
2025-03-23		VFB_001012fj	VFB_00101567	2	1	0.0
2025-03-23		VFB_00101382		5	1	0.0
2025-03-23		VFB_00101382	VFB_00101567	5	1	0.0
2025-03-23		VFB_00101567		95	18	87.0
2025-03-23		VFB_00101567	VFB_00101567	115	25	22.0
2025-03-23		VFB_001015bk		5	1	0.0
2025-03-23		VFB_001015bk	VFB_00050000	5	1	0.0
2025-03-23		VFB_00101607		12	1	62.0
2025-03-23		VFB_00101607	VFB_00050000	12	4	0.0
2025-03-23		VFB_00101609		6	1	10.0
2025-03-23		VFB_00101609	VFB_00050000	6	2	0.0
2025-03-23		VFB_00101662		19	1	40.0
2025-03-23		VFB_00101662	VFB_00050000	19	6	0.0
2025-03-23		VFB_00101677		6	1	16.0
2025-03-23		VFB_00101677	VFB_00050000	6	2	0.0
2025-03-23		VFB_00101681		6	1	5.0
2025-03-23		VFB_00101681	VFB_00050000	6	2	0.0
2025-03-23		VFB_00101730		2	1	9.0
2025-03-23		VFB_00101730	VFB_00050000	2	2	0.0
2025-03-23		VFB_00101748		6	1	5.0
2025-03-23		VFB_00101748	VFB_00050000	11	2	0.0
2025-03-23		VFB_00101772		11	1	15.0
2025-03-23		VFB_00101772	VFB_00050000	16	3	0.0
2025-03-23		VFB_00101792		6	1	10.0
2025-03-23		VFB_00101792	VFB_00050000	6	2	0.0
2025-03-23		VFB_00101794		18	1	17.0
2025-03-23		VFB_00101794	VFB_00050000	18	4	0.0
2025-03-23		VFB_00101924		6	1	38.0
2025-03-23		VFB_00101924	VFB_00050000	6	2	0.0
2025-03-23		VFB_00101926		6	1	2.0
2025-03-23		VFB_00101926	VFB_00050000	6	2	0.0
2025-03-23		VFB_00102022		15	1	23.0
2025-03-23		VFB_00102022	VFB_00050000	15	6	0.0
2025-03-23		VFB_00102034		6	1	32.0
2025-03-23		VFB_00102034	VFB_00050000	6	2	0.0
2025-03-23		VFB_00102035		11	1	30.0
2025-03-23		VFB_00102035	VFB_00050000	11	3	0.0
2025-03-23		VFB_00102039		13	1	17.0
2025-03-23		VFB_00102039	VFB_00050000	12	4	0.0
2025-03-23		VFB_00102040		10	1	23.0
2025-03-23		VFB_00102040	VFB_00050000	10	4	0.0
2025-03-23		VFB_00102108		1	1	6.0
2025-03-23		VFB_00102108	VFB_00101567	1	1	0.0
2025-03-23		VFB_00102134		5	1	25.0
2025-03-23		VFB_00102134	VFB_00101567	3	1	0.0
2025-03-23		VFB_00102135		2	2	4.0
2025-03-23		VFB_00102135	VFB_00101567	2	2	0.0
2025-03-23		VFB_00102141		1	1	3.0
2025-03-23		VFB_00102141	VFB_00101567	1	1	0.0
2025-03-23		VFB_00102148		1	1	24.0
2025-03-23		VFB_00102148	VFB_00101567	1	1	0.0
2025-03-23		VFB_00102170		5	1	0.0
2025-03-23		VFB_00102170	VFB_00101567	5	1	0.0
2025-03-23		VFB_00102212		1	1	2.0
2025-03-23		VFB_00102212	VFB_00101567	1	1	0.0
2025-03-23		VFB_00102213		4	2	35.0
2025-03-23		VFB_00102213	VFB_00101567	4	3	0.0
2025-03-23		VFB_00102274		5	1	0.0
2025-03-23		VFB_00102274	VFB_00101567	5	1	0.0
2025-03-23		VFB_00102ewm		1	1	0.0
2025-03-23		VFB_00102ewm	VFB_00050000	1	1	0.0
2025-03-23		VFB_00102eyc		5	1	0.0
2025-03-23		VFB_00102eyc	VFB_00050000	5	1	0.0
2025-03-23		VFB_00110000		4	1	0.0
2025-03-23		VFB_00110000	VFB_00110000	4	1	0.0
2025-03-23		VFB_fw015251		2	1	0.0
2025-03-23		VFB_fw015251	VFB_00101567	2	1	0.0
2025-03-23		VFB_fw033302		4	1	2.0
2025-03-23		VFB_fw033302	VFB_00101567	3	1	0.0
2025-03-23		VFB_fw034617		5	1	0.0
2025-03-23		VFB_fw034617	VFB_00101567	5	1	0.0
2025-03-23		VFB_fw035993		3	1	5.0
2025-03-23		VFB_fw035993	VFB_00017894	3	1	0.0
2025-03-23		VFB_jrchjti2		2	1	5.0
2025-03-23		VFB_jrchjti2	VFB_00101567	2	1	0.0
2025-03-23		VFB_jrchjti4		2	1	7.0
2025-03-23		VFB_jrchjti4	VFB_00101567	2	1	0.0
2025-03-23		VFB_jrchjti6		2	1	3.0
2025-03-23		VFB_jrchjti6	VFB_00101567	2	1	0.0
2025-03-23		VFB_jrchjti7		2	1	3.0
2025-03-23		VFB_jrchjti7	VFB_00101567	2	1	0.0
2025-03-23		VFB_jrchjuxv		2	1	3.0
2025-03-23		VFB_jrchjuxv	VFB_00101567	2	1	0.0
2025-03-23		VFB_jrchk6ck		2	1	1.0
2025-03-23		VFB_jrchk6ck	VFB_00101567	2	1	0.0
2025-03-23		VFB_jrchk8dr		2	1	4.0
2025-03-23		VFB_jrchk8dr	VFB_00101567	2	1	0.0
2025-03-23		VFBexp_FBti0002		4	1	0.0
2025-03-23		VFBexp_FBti0002	VFB_00101567	4	1	0.0
2025-03-23		VFBexp_FBtp0058		1	1	0.0
2025-03-23		VFBexp_FBtp0058	VFB_00101567	1	1	0.0
2025-03-23		VFBexp_FBtp0122		1	1	0.0
2025-03-23		VFBexp_FBtp0122	VFB_00101567	1	1	0.0
2025-03-23		VFBexp_FBtp0123		2	1	0.0
2025-03-23		VFBexp_FBtp0123	VFB_00101567	2	1	0.0
2025-03-23	v2-dev.virtualflybrain.org	FBbt_00003748		1	1	0.0
2025-03-23	v2-dev.virtualflybrain.org	FBbt_00003748	VFB_00017894	0	1	0.0
2025-03-23	v2-dev.virtualflybrain.org	FBbt_00003748	VFB_00101567	1	2	15.0
2025-03-23	v2-dev.virtualflybrain.org	VFB_00101567	VFB_00101567	10	4	410.0
2025-03-23	v2-dev.virtualflybrain.org	VFB_00110000	VFB_00110000	4	2	66.0
2025-03-23	v2.virtualflybrain.org	FBbt_00002037		1	1	16.0
2025-03-23	v2.virtualflybrain.org	FBbt_00003678	VFB_00101567	0	4	76.0
2025-03-23	v2.virtualflybrain.org	FBbt_00003679	VFB_00101567	0	2	139.0
2025-03-23	v2.virtualflybrain.org	FBbt_00003681	VFB_00101567	19	1	0.0
2025-03-23	v2.virtualflybrain.org	FBbt_00003748	VFB_00101567	0	1	17.0
2025-03-23	v2.virtualflybrain.org	FBbt_00007050	VFB_00101567	0	1	5.0
2025-03-23	v2.virtualflybrain.org	FBbt_00007058	VFB_00101567	0	1	44.0
2025-03-23	v2.virtualflybrain.org	FBbt_00007059	VFB_00101567	0	1	2.0
2025-03-23	v2.virtualflybrain.org	FBbt_00007067	VFB_00049000	0	1	16.0
2025-03-23	v2.virtualflybrain.org	FBbt_00014013	VFB_00017894	0	1	45.0
2025-03-23	v2.virtualflybrain.org	FBbt_00014013	VFB_00101567	0	1	33.0
2025-03-23	v2.virtualflybrain.org	FBbt_00040039	VFB_00101567	0	1	24.0
2025-03-23	v2.virtualflybrain.org	FBbt_00040040	VFB_00101567	0	2	17.0
2025-03-23	v2.virtualflybrain.org	FBbt_00040041	VFB_00101567	0	3	45.0
2025-03-23	v2.virtualflybrain.org	FBbt_00040042	VFB_00017894	0	1	4.0
2025-03-23	v2.virtualflybrain.org	FBbt_00040042	VFB_00101567	0	2	32.0
2025-03-23	v2.virtualflybrain.org	FBbt_00045003	VFB_00101567	0	1	51.0
2025-03-23	v2.virtualflybrain.org	FBbt_00045027	VFB_00101567	0	1	11.0
2025-03-23	v2.virtualflybrain.org	FBbt_00045046	VFB_00101567	1	1	2.0
2025-03-23	v2.virtualflybrain.org	FBbt_00045048	VFB_00101567	0	2	29.0
2025-03-23	v2.virtualflybrain.org	FBbt_00047128	VFB_00050000	0	1	76.0
2025-03-23	v2.virtualflybrain.org	FBbt_00049270	VFB_00101567	6	1	0.0
2025-03-23	v2.virtualflybrain.org	FBbt_00051298	VFB_00101567	5	1	0.0
2025-03-23	v2.virtualflybrain.org	FBbt_00051479	VFB_00101567	0	2	34.0
2025-03-23	v2.virtualflybrain.org	FBbt_00052193	VFB_00050000	1	1	0.0
2025-03-23	v2.virtualflybrain.org	FBbt_00067042		1	1	0.0
2025-03-23	v2.virtualflybrain.org	FBbt_00067042	VFB_00101567	0	1	7.0
2025-03-23	v2.virtualflybrain.org	FBbt_00100267	VFB_00101567	0	1	48.0
2025-03-23	v2.virtualflybrain.org	FBbt_00100285	VFB_00101567	2	1	0.0
2025-03-23	v2.virtualflybrain.org	FBbt_00110035	VFB_00049000	5	1	0.0
2025-03-23	v2.virtualflybrain.org	FBbt_00110187	VFB_00049000	0	1	5.0
2025-03-23	v2.virtualflybrain.org	FBbt_00111204	VFB_00049000	2	4	154.0
2025-03-23	v2.virtualflybrain.org	FBbt_20007587	VFB_00017894	0	1	35.0
2025-03-23	v2.virtualflybrain.org	VFB_00030633	VFB_00101567	0	1	1.0
2025-03-23	v2.virtualflybrain.org	VFB_00030786	VFB_00030786	0	1	0.0
2025-03-23	v2.virtualflybrain.org	VFB_00030852	VFB_00030786	4	1	0.0
2025-03-23	v2.virtualflybrain.org	VFB_00030878	VFB_00017894	1	2	0.0
2025-03-23	v2.virtualflybrain.org	VFB_00030878	VFB_00101567	0	1	2.0
2025-03-23	v2.virtualflybrain.org	VFB_00049000	VFB_00049000	1	8	0.0
2025-03-23	v2.virtualflybrain.org	VFB_00050000	VFB_00050000	17	20	35.0
2025-03-23	v2.virtualflybrain.org	VFB_00050274	VFB_00049000	5	1	0.0
2025-03-23	v2.virtualflybrain.org	VFB_00050277	VFB_00049000	1	1	0.0
2025-03-23	v2.virtualflybrain.org	VFB_00050314	VFB_00049000	0	1	0.0
2025-03-23	v2.virtualflybrain.org	VFB_00050433	VFB_00049000	0	1	0.0
2025-03-23	v2.virtualflybrain.org	VFB_00050500	VFB_00049000	0	1	0.0
2025-03-23	v2.virtualflybrain.org	VFB_00055119	VFB_00049000	1	1	0.0
2025-03-23	v2.virtualflybrain.org	VFB_0010022u	VFB_00050000	2	2	0.0
2025-03-23	v2.virtualflybrain.org	VFB_00100239	VFB_00050000	4	1	0.0
2025-03-23	v2.virtualflybrain.org	VFB_00100715	VFB_00050000	8	1	0.0
2025-03-23	v2.virtualflybrain.org	VFB_00100719	VFB_00050000	0	3	0.0
2025-03-23	v2.virtualflybrain.org	VFB_00100768	VFB_00050000	0	1	1.0
2025-03-23	v2.virtualflybrain.org	VFB_00100782	VFB_00050000	0	1	1.0
2025-03-23	v2.virtualflybrain.org	VFB_00100784	VFB_00050000	0	1	98.0
2025-03-23	v2.virtualflybrain.org	VFB_00100794	VFB_00050000	0	2	0.0
2025-03-23	v2.virtualflybrain.org	VFB_00100798	VFB_00050000	0	1	0.0
2025-03-23	v2.virtualflybrain.org	VFB_00100815	VFB_00050000	0	1	1.0
2025-03-23	v2.virtualflybrain.org	VFB_00100840	VFB_00050000	0	1	0.0
2025-03-23	v2.virtualflybrain.org	VFB_00100846	VFB_00050000	0	3	4.0
2025-03-23	v2.virtualflybrain.org	VFB_00100849	VFB_00050000	0	1	19.0
2025-03-23	v2.virtualflybrain.org	VFB_00100851	VFB_00050000	0	1	27.0
2025-03-23	v2.virtualflybrain.org	VFB_00100897	VFB_00050000	0	1	1.0
2025-03-23	v2.virtualflybrain.org	VFB_00100898	VFB_00050000	0	1	0.0
2025-03-23	v2.virtualflybrain.org	VFB_00100908	VFB_00050000	0	1	2.0
2025-03-23	v2.virtualflybrain.org	VFB_00100d2k	VFB_00200000	5	1	0.0
2025-03-23	v2.virtualflybrain.org	VFB_00100v15	VFB_00101567	11	1	0.0
2025-03-23	v2.virtualflybrain.org	VFB_00100v15	VFB_00200000	14	1	0.0
2025-03-23	v2.virtualflybrain.org	VFB_00100wl5	VFB_00101567	1	2	0.0
2025-03-23	v2.virtualflybrain.org	VFB_001011g9	VFB_00050000	1	1	2.0
2025-03-23	v2.virtualflybrain.org	VFB_001012fj	VFB_00101567	0	2	42.0
2025-03-23	v2.virtualflybrain.org	VFB_00101382	VFB_00101567	5	1	0.0
2025-03-23	v2.virtualflybrain.org	VFB_00101567	VFB_00101567	72	42	386.0
2025-03-23	v2.virtualflybrain.org	VFB_001015bk	VFB_00050000	5	1	0.0
2025-03-23	v2.virtualflybrain.org	VFB_00101607	VFB_00050000	0	2	1.0
2025-03-23	v2.virtualflybrain.org	VFB_00101609	VFB_00050000	0	1	1.0
2025-03-23	v2.virtualflybrain.org	VFB_00101662	VFB_00050000	0	3	5.0
2025-03-23	v2.virtualflybrain.org	VFB_00101677	VFB_00050000	0	1	1.0
2025-03-23	v2.virtualflybrain.org	VFB_00101681	VFB_00050000	0	1	1.0
2025-03-23	v2.virtualflybrain.org	VFB_00101748	VFB_00050000	0	1	1.0
2025-03-23	v2.virtualflybrain.org	VFB_00101792	VFB_00050000	0	1	13.0
2025-03-23	v2.virtualflybrain.org	VFB_00101794	VFB_00050000	0	1	1.0
2025-03-23	v2.virtualflybrain.org	VFB_00101924	VFB_00050000	1	2	18.0
2025-03-23	v2.virtualflybrain.org	VFB_00101926	VFB_00050000	0	1	0.0
2025-03-23	v2.virtualflybrain.org	VFB_00102022	VFB_00050000	0	2	32.0
2025-03-23	v2.virtualflybrain.org	VFB_00102034	VFB_00050000	0	1	2.0
2025-03-23	v2.virtualflybrain.org	VFB_00102035	VFB_00050000	0	1	0.0
2025-03-23	v2.virtualflybrain.org	VFB_00102039	VFB_00050000	0	2	3.0
2025-03-23	v2.virtualflybrain.org	VFB_00102040	VFB_00050000	1	2	94.0
2025-03-23	v2.virtualflybrain.org	VFB_00102108	VFB_00101567	0	1	62.0
2025-03-23	v2.virtualflybrain.org	VFB_00102134	VFB_00101567	0	1	55.0
2025-03-23	v2.virtualflybrain.org	VFB_00102135	VFB_00101567	0	2	84.0
2025-03-23	v2.virtualflybrain.org	VFB_00102135	VFB_00102135	1	2	1.0
2025-03-23	v2.virtualflybrain.org	VFB_00102141	VFB_00101567	0	1	78.0
2025-03-23	v2.virtualflybrain.org	VFB_00102148	VFB_00101567	0	1	94.0
2025-03-23	v2.virtualflybrain.org	VFB_00102170	VFB_00101567	5	1	0.0
2025-03-23	v2.virtualflybrain.org	VFB_00102212	VFB_00101567	0	1	69.0
2025-03-23	v2.virtualflybrain.org	VFB_00102213	VFB_00101567	0	1	28.0
2025-03-23	v2.virtualflybrain.org	VFB_00102274	VFB_00101567	5	1	0.0
2025-03-23	v2.virtualflybrain.org	VFB_00102ewm	VFB_00050000	0	1	93.0
2025-03-23	v2.virtualflybrain.org	VFB_00102eyc	VFB_00050000	5	1	0.0
2025-03-23	v2.virtualflybrain.org	VFB_00200000	VFB_00200000	0	2	0.0
2025-03-23	v2.virtualflybrain.org	VFB_fw015251	VFB_00101567	0	1	84.0
2025-03-23	v2.virtualflybrain.org	VFB_fw033302	VFB_00101567	0	1	62.0
2025-03-23	v2.virtualflybrain.org	VFB_fw034617	VFB_00101567	5	1	0.0
2025-03-23	v2.virtualflybrain.org	VFB_fw035993	VFB_00017894	0	2	23.0
2025-03-23	v2.virtualflybrain.org	VFB_jrchjti2	VFB_00101567	0	1	21.0
2025-03-23	v2.virtualflybrain.org	VFB_jrchjti4	VFB_00101567	0	1	2.0
2025-03-23	v2.virtualflybrain.org	VFB_jrchjti6	VFB_00101567	0	1	16.0
2025-03-23	v2.virtualflybrain.org	VFB_jrchjti7	VFB_00101567	0	1	6.0
2025-03-23	v2.virtualflybrain.org	VFB_jrchk6ck	VFB_00101567	0	1	0.0
2025-03-23	v2.virtualflybrain.org	VFB_jrchk8dr	VFB_00101567	0	1	158.0
2025-03-23	v2.virtualflybrain.org	VFBexp_FBti0002	VFB_00101567	0	1	41.0
2025-03-23	v2.virtualflybrain.org	VFBexp_FBtp0058	VFB_00101567	1	1	0.0
2025-03-23	v2.virtualflybrain.org	VFBexp_FBtp0122		1	1	0.0
2025-03-23	v2.virtualflybrain.org	VFBexp_FBtp0123	VFB_00101567	3	1	0.0
2025-03-23	v2a.virtualflybrain.org	VFB_00101567	VFB_00101567	0	1	36.0
2025-03-24		FBbt_00001464		1	1	0.0
2025-03-24		FBbt_00001464	VFB_00050000	1	1	0.0
2025-03-24		FBbt_00001498		1	1	0.0
2025-03-24		FBbt_00001498	VFB_00050000	1	1	0.0
2025-03-24		FBbt_00001507		1	1	0.0
2025-03-24		FBbt_00001507	VFB_00050000	1	1	0.0
2025-03-24		FBbt_00003004		2	1	0.0
2025-03-24		FBbt_00003004	VFB_00101567	2	1	0.0
2025-03-24		FBbt_00003624		18	7	0.0
2025-03-24		FBbt_00003624	VFB_00101567	26	7	0.0
2025-03-24		FBbt_00003627		1	1	0.0
2025-03-24		FBbt_00003627	VFB_00017894	1	1	0.0
2025-03-24		FBbt_00003632		18	3	1.0
2025-03-24		FBbt_00003632	VFB_00101567	19	4	0.0
2025-03-24		FBbt_00003668		4	1	0.0
2025-03-24		FBbt_00003668	VFB_00101567	4	1	0.0
2025-03-24		FBbt_00003678		9	4	4.0
2025-03-24		FBbt_00003678	VFB_00101567	9	4	0.0
2025-03-24		FBbt_00003679		8	3	0.0
2025-03-24		FBbt_00003679	VFB_00101567	8	4	0.0
2025-03-24		FBbt_00003680		10	5	2.0
2025-03-24		FBbt_00003680	VFB_00101567	10	5	0.0
2025-03-24		FBbt_00003681		9	6	1.0
2025-03-24		FBbt_00003681	VFB_00017894	1	1	0.0
2025-03-24		FBbt_00003681	VFB_00101567	8	5	0.0
2025-03-24		FBbt_00003682		2	1	0.0
2025-03-24		FBbt_00003682	VFB_00101567	2	1	0.0
2025-03-24		FBbt_00003684		28	2	0.0
2025-03-24		FBbt_00003684	VFB_00101567	28	3	0.0
2025-03-24		FBbt_00003748		11	4	2.0
2025-03-24		FBbt_00003748	VFB_00017894	1	1	0.0
2025-03-24		FBbt_00003748	VFB_00101567	10	4	0.0
2025-03-24		FBbt_00003876		1	1	0.0
2025-03-24		FBbt_00003876	VFB_00101567	1	1	0.0
2025-03-24		FBbt_00003923		1	1	0.0
2025-03-24		FBbt_00003923	VFB_00017894	1	1	0.0
2025-03-24		FBbt_00003982		1	1	0.0
2025-03-24		FBbt_00003982	VFB_00101567	1	1	0.0
2025-03-24		FBbt_00003999		1	1	0.0
2025-03-24		FBbt_00003999	VFB_00017894	1	1	0.0
2025-03-24		FBbt_00004007		1	1	0.0
2025-03-24		FBbt_00004007	VFB_00101567	1	1	0.0
2025-03-24		FBbt_00004024		1	1	0.0
2025-03-24		FBbt_00004024	VFB_00101567	1	1	0.0
2025-03-24		FBbt_00004052		11	1	419.0
2025-03-24		FBbt_00004052	VFB_00200000	11	2	0.0
2025-03-24		FBbt_00005125		2	1	10.0
2025-03-24		FBbt_00005125	VFB_00101567	2	1	0.0
2025-03-24		FBbt_00007050		4	2	0.0
2025-03-24		FBbt_00007050	VFB_00101567	4	2	0.0
2025-03-24		FBbt_00007053		2	1	0.0
2025-03-24		FBbt_00007053	VFB_00101567	2	1	0.0
2025-03-24		FBbt_00007054		1	1	6.0
2025-03-24		FBbt_00007054	VFB_00101567	1	1	0.0
2025-03-24		FBbt_00007059		1	1	1.0
2025-03-24		FBbt_00007059	VFB_00101567	1	1	0.0
2025-03-24		FBbt_00007060		2	1	2.0
2025-03-24		FBbt_00007060	VFB_00101567	2	1	0.0
2025-03-24		FBbt_00007145		2	1	0.0
2025-03-24		FBbt_00007145	VFB_00101567	2	1	0.0
2025-03-24		FBbt_00007146		2	1	0.0
2025-03-24		FBbt_00007146	VFB_00101567	2	1	0.0
2025-03-24		FBbt_00007147		2	1	0.0
2025-03-24		FBbt_00007147	VFB_00101567	2	1	0.0
2025-03-24		FBbt_00007385		1	1	0.0
2025-03-24		FBbt_00007385	VFB_00101567	1	1	0.0
2025-03-24		FBbt_00007401		1	1	0.0
2025-03-24		FBbt_00007401	VFB_00101567	1	1	0.0
2025-03-24		FBbt_00007453		4	2	0.0
2025-03-24		FBbt_00007453	VFB_00101567	4	2	0.0
2025-03-24		FBbt_00007709		1	1	0.0
2025-03-24		FBbt_00007709	VFB_00049000	1	1	0.0
2025-03-24		FBbt_00013688		4	1	0.0
2025-03-24		FBbt_00013688	VFB_00101567	4	1	0.0
2025-03-24		FBbt_00014013		4	2	1.0
2025-03-24		FBbt_00014013	VFB_00101567	4	3	0.0
2025-03-24		FBbt_00025991		2	1	31.0
2025-03-24		FBbt_00025991	VFB_00101567	2	1	0.0
2025-03-24		FBbt_00040001		2	1	0.0
2025-03-24		FBbt_00040001	VFB_00101567	2	1	0.0
2025-03-24		FBbt_00040002		4	1	0.0
2025-03-24		FBbt_00040002	VFB_00101567	4	1	0.0
2025-03-24		FBbt_00040007		2	1	5.0
2025-03-24		FBbt_00040007	VFB_00101567	2	1	0.0
2025-03-24		FBbt_00040037		1	1	0.0
2025-03-24		FBbt_00040037	VFB_00101567	1	1	0.0
2025-03-24		FBbt_00040041		4	3	0.0
2025-03-24		FBbt_00040041	VFB_00017894	1	1	0.0
2025-03-24		FBbt_00040041	VFB_00101567	3	2	0.0
2025-03-24		FBbt_00040042		8	3	2.0
2025-03-24		FBbt_00040042	VFB_00101567	8	3	0.0
2025-03-24		FBbt_00040043		1	1	0.0
2025-03-24		FBbt_00040043	VFB_00101567	1	1	0.0
2025-03-24		FBbt_00040050		1	1	7.0
2025-03-24		FBbt_00040050	VFB_00101384	1	1	0.0
2025-03-24		FBbt_00045020		12	1	0.0
2025-03-24		FBbt_00045020	VFB_00101567	12	2	0.0
2025-03-24		FBbt_00045021		2	1	0.0
2025-03-24		FBbt_00045021	VFB_00101567	2	1	0.0
2025-03-24		FBbt_00045027		9	4	0.0
2025-03-24		FBbt_00045027	VFB_00101567	9	4	0.0
2025-03-24		FBbt_00045030		2	1	0.0
2025-03-24		FBbt_00045030	VFB_00101567	2	1	0.0
2025-03-24		FBbt_00045037		3	1	0.0
2025-03-24		FBbt_00045037	VFB_00101567	3	1	0.0
2025-03-24		FBbt_00045047		4	1	0.0
2025-03-24		FBbt_00045047	VFB_00101567	4	1	0.0
2025-03-24		FBbt_00045048		3	2	3.0
2025-03-24		FBbt_00045048	VFB_00101567	3	2	0.0
2025-03-24		FBbt_00045050		1	1	0.0
2025-03-24		FBbt_00045050	VFB_00017894	1	1	0.0
2025-03-24		FBbt_00047176		2	1	0.0
2025-03-24		FBbt_00047176	VFB_00200000	2	1	0.0
2025-03-24		FBbt_00047347		6	1	16.0
2025-03-24		FBbt_00047347	VFB_00101567	6	2	0.0
2025-03-24		FBbt_00047348		1	1	0.0
2025-03-24		FBbt_00047348	VFB_00101567	1	1	0.0
2025-03-24		FBbt_00047349		6	2	15.0
2025-03-24		FBbt_00047349	VFB_00101567	9	4	0.0
2025-03-24		FBbt_00047352		1	1	0.0
2025-03-24		FBbt_00047352	VFB_00101567	1	1	0.0
2025-03-24		FBbt_00047365		2	1	0.0
2025-03-24		FBbt_00047365	VFB_00101567	2	1	0.0
2025-03-24		FBbt_00047749		4	1	0.0
2025-03-24		FBbt_00047749	VFB_00050000	4	3	0.0
2025-03-24		FBbt_00047759		1	1	0.0
2025-03-24		FBbt_00047759	VFB_00050000	1	1	0.0
2025-03-24		FBbt_00047763		1	1	0.0
2025-03-24		FBbt_00047763	VFB_00050000	1	1	0.0
2025-03-24		FBbt_00047764		1	1	0.0
2025-03-24		FBbt_00047764	VFB_00050000	1	1	0.0
2025-03-24		FBbt_00047766		2	1	0.0
2025-03-24		FBbt_00047766	VFB_00050000	2	1	0.0
2025-03-24		FBbt_00047887		6	4	0.0
2025-03-24		FBbt_00047887	VFB_00101567	6	4	0.0
2025-03-24		FBbt_00047965		1	1	0.0
2025-03-24		FBbt_00047965	VFB_00050000	1	1	0.0
2025-03-24		FBbt_00048113		1	1	0.0
2025-03-24		FBbt_00048113	VFB_00101567	1	1	0.0
2025-03-24		FBbt_00049037		1	1	0.0
2025-03-24		FBbt_00049037	VFB_00050000	1	1	0.0
2025-03-24		FBbt_00049477		1	1	0.0
2025-03-24		FBbt_00049477	VFB_00101567	1	1	0.0
2025-03-24		FBbt_00049571		1	1	0.0
2025-03-24		FBbt_00049571	VFB_00200000	1	1	0.0
2025-03-24		FBbt_00049819		1	1	0.0
2025-03-24		FBbt_00049819	VFB_00101567	1	1	0.0
2025-03-24		FBbt_00049826		1	1	0.0
2025-03-24		FBbt_00049826	VFB_00050000	1	1	0.0
2025-03-24		FBbt_00051205		1	1	1.0
2025-03-24		FBbt_00051205	VFB_00050000	1	1	0.0
2025-03-24		FBbt_00051479		3	1	0.0
2025-03-24		FBbt_00051479	VFB_00101567	3	1	0.0
2025-03-24		FBbt_00051949		4	1	299.0
2025-03-24		FBbt_00051949	VFB_00101567	4	1	0.0
2025-03-24		FBbt_00052046		3	1	13.0
2025-03-24		FBbt_00052046	VFB_00101567	3	1	0.0
2025-03-24		FBbt_00052193		1	1	0.0
2025-03-24		FBbt_00052193	VFB_00050000	1	1	0.0
2025-03-24		FBbt_00053219		8	1	56.0
2025-03-24		FBbt_00053219	VFB_00101567	8	2	0.0
2025-03-24		FBbt_00100480		2	1	0.0
2025-03-24		FBbt_00100480	VFB_00101567	2	1	0.0
2025-03-24		FBbt_00100752		1	1	0.0
2025-03-24		FBbt_00100752	VFB_00050000	1	1	0.0
2025-03-24		FBbt_00110035		2	1	0.0
2025-03-24		FBbt_00110035	VFB_00049000	2	1	0.0
2025-03-24		FBbt_00110119		4	2	1.0
2025-03-24		FBbt_00110119	VFB_00101567	4	2	0.0
2025-03-24		FBbt_00110173		2	1	0.0
2025-03-24		FBbt_00110173	VFB_00200000	2	1	0.0
2025-03-24		FBbt_00110174		1	1	0.0
2025-03-24		FBbt_00110174	VFB_00200000	1	1	0.0
2025-03-24		FBbt_00110176		2	2	0.0
2025-03-24		FBbt_00110176	VFB_00200000	2	2	0.0
2025-03-24		FBbt_00110340		1	1	0.0
2025-03-24		FBbt_00110340	VFB_00050000	6	1	0.0
2025-03-24		FBbt_00110638		2	1	0.0
2025-03-24		FBbt_00110638	VFB_00101567	2	1	0.0
2025-03-24		FBbt_00110639		2	1	0.0
2025-03-24		FBbt_00110639	VFB_00101567	2	1	0.0
2025-03-24		FBbt_00110657		2	1	0.0
2025-03-24		FBbt_00110657	VFB_00101567	2	2	0.0
2025-03-24		FBbt_00111204		3	1	0.0
2025-03-24		FBbt_00111204	VFB_00049000	3	1	0.0
2025-03-24		FBbt_00111352		4	2	0.0
2025-03-24		FBbt_00111352	VFB_00101567	4	3	0.0
2025-03-24		FBbt_00111672		1	1	0.0
2025-03-24		FBbt_00111672	VFB_00050000	1	1	0.0
2025-03-24		FBbt_10000000		2	1	49.0
2025-03-24		FBbt_10000000	VFB_00101567	2	1	0.0
2025-03-24		GO_0004879		3	1	14.0
2025-03-24		GO_0004879	VFB_00101567	3	1	0.0
2025-03-24		VFB_00001482		2	1	0.0
2025-03-24		VFB_00001482	VFB_00101567	2	1	0.0
2025-03-24		VFB_00006393		2	1	0.0
2025-03-24		VFB_00006393	VFB_00101567	2	1	0.0
2025-03-24		VFB_00009843		1	1	0.0
2025-03-24		VFB_00009843	VFB_00101567	1	1	0.0
2025-03-24		VFB_00009882		8	1	0.0
2025-03-24		VFB_00009882	VFB_00101567	8	2	0.0
2025-03-24		VFB_00017894		20	2	240.0
2025-03-24		VFB_00017894	VFB_00017894	23	3	0.0
2025-03-24		VFB_00020115		2	1	4.0
2025-03-24		VFB_00020115	VFB_00101567	2	1	0.0
2025-03-24		VFB_00020125		2	1	0.0
2025-03-24		VFB_00020125	VFB_00101567	2	1	0.0
2025-03-24		VFB_00020142		2	1	4.0
2025-03-24		VFB_00020142	VFB_00101567	2	1	0.0
2025-03-24		VFB_00020154		3	1	1.0
2025-03-24		VFB_00020154	VFB_00101567	3	1	0.0
2025-03-24		VFB_00020156		1	1	0.0
2025-03-24		VFB_00020156	VFB_00101567	1	1	0.0
2025-03-24		VFB_00024229		4	1	0.0
2025-03-24		VFB_00024229	VFB_00017894	1	1	0.0
2025-03-24		VFB_00024229	VFB_00049000	9	1	0.0
2025-03-24		VFB_00030413		10	1	30.0
2025-03-24		VFB_00030413	VFB_00101567	10	2	0.0
2025-03-24		VFB_00030605		2	1	2.0
2025-03-24		VFB_00030605	VFB_00017894	2	1	0.0
2025-03-24		VFB_00030620		2	1	4.0
2025-03-24		VFB_00030620	VFB_00017894	2	1	0.0
2025-03-24		VFB_00030753		2	1	6.0
2025-03-24		VFB_00030753	VFB_00101567	2	1	0.0
2025-03-24		VFB_00030754		1	1	10.0
2025-03-24		VFB_00030754	VFB_00101567	1	1	0.0
2025-03-24		VFB_00030852		2	1	0.0
2025-03-24		VFB_00030852	VFB_00030786	2	1	0.0
2025-03-24		VFB_00030866		32	2	138.0
2025-03-24		VFB_00030866	VFB_00017894	12	2	0.0
2025-03-24		VFB_00030866	VFB_00101567	16	3	0.0
2025-03-24		VFB_00030867		4	1	3.0
2025-03-24		VFB_00030867	VFB_00017894	1	1	0.0
2025-03-24		VFB_00030867	VFB_00101567	3	1	0.0
2025-03-24		VFB_00030873		6	2	0.0
2025-03-24		VFB_00030873	VFB_00101567	6	2	0.0
2025-03-24		VFB_00030874		8	1	2.0
2025-03-24		VFB_00030874	VFB_00017894	2	1	0.0
2025-03-24		VFB_00030874	VFB_00101567	6	1	0.0
2025-03-24		VFB_00049000		20	3	32.0
2025-03-24		VFB_00049000	VFB_00049000	10	4	9.0
2025-03-24		VFB_00050000		413	4	683.0
2025-03-24		VFB_00050000	VFB_00050000	288	56	70.0
2025-03-24		VFB_00050483		4	1	5.0
2025-03-24		VFB_00050483	VFB_00049000	1	1	0.0
2025-03-24		VFB_00050483	VFB_00101567	3	1	0.0
2025-03-24		VFB_00055119		2	1	0.0
2025-03-24		VFB_00055119	VFB_00049000	2	1	0.0
2025-03-24		VFB_00060079		5	1	0.0
2025-03-24		VFB_00060079	VFB_00101567	5	1	0.0
2025-03-24		VFB_00100037		5	1	1.0
2025-03-24		VFB_00100037	VFB_00050000	5	2	0.0
2025-03-24		VFB_00100059		7	1	10.0
2025-03-24		VFB_00100059	VFB_00050000	7	3	0.0
2025-03-24		VFB_00100107		6	1	4.0
2025-03-24		VFB_00100107	VFB_00050000	6	2	0.0
2025-03-24		VFB_00100155		3	1	0.0
2025-03-24		VFB_00100155	VFB_00050000	6	2	0.0
2025-03-24		VFB_00100183		14	1	25.0
2025-03-24		VFB_00100183	VFB_00050000	14	3	0.0
2025-03-24		VFB_00100193		13	1	10.0
2025-03-24		VFB_00100193	VFB_00050000	15	5	0.0
2025-03-24		VFB_00100210		52	1	29.0
2025-03-24		VFB_00100210	VFB_00050000	32	7	0.0
2025-03-24		VFB_00100219		12	1	6.0
2025-03-24		VFB_00100219	VFB_00050000	17	4	0.0
2025-03-24		VFB_00100226		2	2	0.0
2025-03-24		VFB_00100226	VFB_00050000	2	2	0.0
2025-03-24		VFB_00100227		3	1	22.0
2025-03-24		VFB_00100227	VFB_00050000	3	2	0.0
2025-03-24		VFB_00100228		8	1	19.0
2025-03-24		VFB_00100228	VFB_00050000	3	3	0.0
2025-03-24		VFB_0010022g		9	1	41.0
2025-03-24		VFB_0010022g	VFB_00050000	15	5	0.0
2025-03-24		VFB_0010022m		1	1	0.0
2025-03-24		VFB_0010022m	VFB_00050000	1	1	0.0
2025-03-24		VFB_0010022p		10	1	6.0
2025-03-24		VFB_0010022p	VFB_00050000	10	2	0.0
2025-03-24		VFB_0010022s		10	1	6.0
2025-03-24		VFB_0010022s	VFB_00050000	15	2	0.0
2025-03-24		VFB_0010022y		2	1	0.0
2025-03-24		VFB_0010022y	VFB_00050000	2	1	0.0
2025-03-24		VFB_0010022z		1	1	0.0
2025-03-24		VFB_0010022z	VFB_00050000	1	1	0.0
2025-03-24		VFB_00100239		1	1	0.0
2025-03-24		VFB_00100239	VFB_00050000	1	1	0.0
2025-03-24		VFB_0010023a		1	1	0.0
2025-03-24		VFB_0010023a	VFB_00050000	1	1	0.0
2025-03-24		VFB_0010023e		3	1	0.0
2025-03-24		VFB_0010023e	VFB_00050000	3	2	0.0
2025-03-24		VFB_0010023f		1	1	0.0
2025-03-24		VFB_0010023f	VFB_00050000	1	1	0.0
2025-03-24		VFB_0010023j		1	1	0.0
2025-03-24		VFB_0010023j	VFB_00050000	6	1	0.0
2025-03-24		VFB_0010023l		10	1	35.0
2025-03-24		VFB_0010023l	VFB_00050000	10	1	0.0
2025-03-24		VFB_0010023m		8	1	7.0
2025-03-24		VFB_0010023m	VFB_00050000	8	2	0.0
2025-03-24		VFB_0010023r		11	1	15.0
2025-03-24		VFB_0010023r	VFB_00050000	6	2	0.0
2025-03-24		VFB_0010023x		1	1	0.0
2025-03-24		VFB_0010023x	VFB_00050000	1	1	0.0
2025-03-24		VFB_0010023y		2	1	0.0
2025-03-24		VFB_0010023y	VFB_00050000	2	2	0.0
2025-03-24		VFB_00100246		1	1	0.0
2025-03-24		VFB_00100246	VFB_00050000	1	1	0.0
2025-03-24		VFB_0010024e		1	1	0.0
2025-03-24		VFB_0010024e	VFB_00050000	6	1	0.0
2025-03-24		VFB_0010024j		9	1	85.0
2025-03-24		VFB_0010024j	VFB_00050000	9	4	0.0
2025-03-24		VFB_0010024l		1	1	0.0
2025-03-24		VFB_0010024l	VFB_00050000	1	1	0.0
2025-03-24		VFB_0010024r		10	1	91.0
2025-03-24		VFB_0010024r	VFB_00050000	12	3	0.0
2025-03-24		VFB_0010024u		15	1	47.0
2025-03-24		VFB_0010024u	VFB_00050000	10	2	0.0
2025-03-24		VFB_0010024v		9	1	24.0
2025-03-24		VFB_0010024v	VFB_00050000	15	5	0.0
2025-03-24		VFB_0010024z		29	1	49.0
2025-03-24		VFB_0010024z	VFB_00050000	34	6	0.0
2025-03-24		VFB_00100251		1	1	0.0
2025-03-24		VFB_00100251	VFB_00050000	1	1	0.0
2025-03-24		VFB_00100257		2	1	1.0
2025-03-24		VFB_00100257	VFB_00050000	1	1	0.0
2025-03-24		VFB_00100258		1	1	0.0
2025-03-24		VFB_00100258	VFB_00050000	1	1	0.0
2025-03-24		VFB_0010025k		39	1	54.0
2025-03-24		VFB_0010025k	VFB_00050000	45	9	0.0
2025-03-24		VFB_0010025l		11	1	34.0
2025-03-24		VFB_0010025l	VFB_00050000	11	2	0.0
2025-03-24		VFB_0010025o		1	1	0.0
2025-03-24		VFB_0010025o	VFB_00050000	6	1	0.0
2025-03-24		VFB_0010025r		1	1	0.0
2025-03-24		VFB_0010025r	VFB_00050000	6	1	0.0
2025-03-24		VFB_0010025s		11	1	12.0
2025-03-24		VFB_0010025s	VFB_00050000	16	3	0.0
2025-03-24		VFB_0010025t		3	1	3.0
2025-03-24		VFB_0010025t	VFB_00050000	3	2	0.0
2025-03-24		VFB_00100266		11	1	34.0
2025-03-24		VFB_00100266	VFB_00050000	16	4	0.0
2025-03-24		VFB_0010026a		1	1	0.0
2025-03-24		VFB_0010026a	VFB_00050000	1	1	0.0
2025-03-24		VFB_0010026e		19	1	43.0
2025-03-24		VFB_0010026e	VFB_00050000	14	3	0.0
2025-03-24		VFB_0010026g		6	1	2.0
2025-03-24		VFB_0010026g	VFB_00050000	11	2	0.0
2025-03-24		VFB_0010026p		6	1	0.0
2025-03-24		VFB_0010026p	VFB_00050000	11	2	0.0
2025-03-24		VFB_0010026r		1	1	0.0
2025-03-24		VFB_0010026r	VFB_00050000	1	1	0.0
2025-03-24		VFB_0010026u		6	1	2.0
2025-03-24		VFB_0010026u	VFB_00050000	11	2	0.0
2025-03-24		VFB_0010026w		1	1	0.0
2025-03-24		VFB_0010026w	VFB_00050000	1	1	0.0
2025-03-24		VFB_0010026y		10	1	12.0
2025-03-24		VFB_0010026y	VFB_00050000	11	5	0.0
2025-03-24		VFB_0010026z		8	1	4.0
2025-03-24		VFB_0010026z	VFB_00050000	7	3	0.0
2025-03-24		VFB_0010027a		1	1	0.0
2025-03-24		VFB_0010027a	VFB_00050000	1	1	0.0
2025-03-24		VFB_0010027i		1	1	0.0
2025-03-24		VFB_0010027i	VFB_00050000	6	1	0.0
2025-03-24		VFB_0010027p		4	1	1.0
2025-03-24		VFB_0010027p	VFB_00050000	3	2	0.0
2025-03-24		VFB_0010027v		11	1	8.0
2025-03-24		VFB_0010027v	VFB_00050000	16	3	0.0
2025-03-24		VFB_0010028a		16	1	8.0
2025-03-24		VFB_0010028a	VFB_00050000	15	5	0.0
2025-03-24		VFB_0010028z		1	1	0.0
2025-03-24		VFB_0010028z	VFB_00050000	1	1	0.0
2025-03-24		VFB_0010029g		1	1	0.0
2025-03-24		VFB_0010029g	VFB_00050000	1	1	0.0
2025-03-24		VFB_0010029i		14	1	71.0
2025-03-24		VFB_0010029i	VFB_00050000	14	3	0.0
2025-03-24		VFB_00100301		12	1	8.0
2025-03-24		VFB_00100301	VFB_00050000	17	4	0.0
2025-03-24		VFB_00100317		1	1	0.0
2025-03-24		VFB_00100317	VFB_00050000	1	1	0.0
2025-03-24		VFB_00100343		3	1	4.0
2025-03-24		VFB_00100343	VFB_00050000	3	2	0.0
2025-03-24		VFB_00100352		1	1	0.0
2025-03-24		VFB_00100352	VFB_00050000	1	1	0.0
2025-03-24		VFB_00100355		4	1	29.0
2025-03-24		VFB_00100355	VFB_00050000	4	3	0.0
2025-03-24		VFB_00100361		5	1	0.0
2025-03-24		VFB_00100361	VFB_00050000	5	2	0.0
2025-03-24		VFB_00100382		1	1	0.0
2025-03-24		VFB_00100382	VFB_00050000	1	1	0.0
2025-03-24		VFB_00100385		32	1	36.0
2025-03-24		VFB_00100385	VFB_00050000	52	4	0.0
2025-03-24		VFB_00100392		3	1	21.0
2025-03-24		VFB_00100392	VFB_00050000	3	3	0.0
2025-03-24		VFB_00100393		23	1	202.0
2025-03-24		VFB_00100393	VFB_00050000	26	6	0.0
2025-03-24		VFB_00100404		6	1	7.0
2025-03-24		VFB_00100404	VFB_00050000	4	1	0.0
2025-03-24		VFB_00100429		1	1	0.0
2025-03-24		VFB_00100429	VFB_00050000	1	1	0.0
2025-03-24		VFB_00100511		7	2	0.0
2025-03-24		VFB_00100511	VFB_00050000	12	3	0.0
2025-03-24		VFB_00100623		2	1	23.0
2025-03-24		VFB_00100623	VFB_00050000	2	2	0.0
2025-03-24		VFB_00100715		8	1	0.0
2025-03-24		VFB_00100715	VFB_00050000	8	1	0.0
2025-03-24		VFB_00100d2k		2	1	0.0
2025-03-24		VFB_00100d2k	VFB_00200000	2	1	0.0
2025-03-24		VFB_00100v15		12	1	0.0
2025-03-24		VFB_00100v15	VFB_00101567	6	1	0.0
2025-03-24		VFB_00100v15	VFB_00200000	6	1	0.0
2025-03-24		VFB_00100ww0		23	1	138.0
2025-03-24		VFB_00100ww0	VFB_00101567	28	5	0.0
2025-03-24		VFB_00101003		1	1	0.0
2025-03-24		VFB_00101003	VFB_00050000	1	1	0.0
2025-03-24		VFB_001011eg		1	1	0.0
2025-03-24		VFB_001011eg	VFB_00050000	1	1	0.0
2025-03-24		VFB_001011gr		17	1	11.0
2025-03-24		VFB_001011gr	VFB_00050000	22	5	0.0
2025-03-24		VFB_001011h6		1	1	0.0
2025-03-24		VFB_001011h6	VFB_00050000	6	1	0.0
2025-03-24		VFB_001011ip		7	1	10.0
2025-03-24		VFB_001011ip	VFB_00050000	7	3	0.0
2025-03-24		VFB_001012c9		8	1	20.0
2025-03-24		VFB_001012c9	VFB_00101567	8	2	0.0
2025-03-24		VFB_00101382		1	1	0.0
2025-03-24		VFB_00101382	VFB_00101567	1	1	0.0
2025-03-24		VFB_00101384		1	1	2.0
2025-03-24		VFB_00101384	VFB_00101384	2	2	8.0
2025-03-24		VFB_00101422		1	1	0.0
2025-03-24		VFB_00101422	VFB_00050000	1	1	0.0
2025-03-24		VFB_00101443		2	1	7.0
2025-03-24		VFB_00101443	VFB_00101384	2	1	0.0
2025-03-24		VFB_001014q9		3	1	4.0
2025-03-24		VFB_001014q9	VFB_00101567	3	1	0.0
2025-03-24		VFB_001014qe		2	1	4.0
2025-03-24		VFB_001014qe	VFB_00101567	2	1	0.0
2025-03-24		VFB_00101541		1	1	0.0
2025-03-24		VFB_00101541	VFB_00050000	1	1	0.0
2025-03-24		VFB_00101567		324	45	1715.0
2025-03-24		VFB_00101567	VFB_00101567	340	85	191.0
2025-03-24		VFB_00101569		1	1	0.0
2025-03-24		VFB_00101569	VFB_00050000	2	1	0.0
2025-03-24		VFB_001015aw		12	1	62.0
2025-03-24		VFB_001015aw	VFB_00050000	13	4	0.0
2025-03-24		VFB_001015b3		1	1	0.0
2025-03-24		VFB_001015b3	VFB_00050000	1	1	0.0
2025-03-24		VFB_001015c5		1	1	0.0
2025-03-24		VFB_001015c5	VFB_00050000	6	1	0.0
2025-03-24		VFB_001015c9		6	1	0.0
2025-03-24		VFB_001015c9	VFB_00050000	5	2	0.0
2025-03-24		VFB_00101926		2	1	1.0
2025-03-24		VFB_00101926	VFB_00050000	1	1	0.0
2025-03-24		VFB_00102038		1	1	0.0
2025-03-24		VFB_00102038	VFB_00050000	1	1	0.0
2025-03-24		VFB_00102114		3	2	0.0
2025-03-24		VFB_00102114	VFB_00101567	3	2	0.0
2025-03-24		VFB_00102118		3	1	0.0
2025-03-24		VFB_00102118	VFB_00101567	3	2	0.0
2025-03-24		VFB_00102119		2	1	32.0
2025-03-24		VFB_00102119	VFB_00101567	2	2	0.0
2025-03-24		VFB_00102134		87	4	274.0
2025-03-24		VFB_00102134	VFB_00101567	70	6	0.0
2025-03-24		VFB_00102135		83	4	281.0
2025-03-24		VFB_00102135	VFB_00101567	97	8	0.0
2025-03-24		VFB_00102137		68	2	30.0
2025-03-24		VFB_00102137	VFB_00101567	63	4	0.0
2025-03-24		VFB_00102140		33	1	44.0
2025-03-24		VFB_00102140	VFB_00101567	58	3	0.0
2025-03-24		VFB_00102148		3	1	0.0
2025-03-24		VFB_00102148	VFB_00101567	2	1	0.0
2025-03-24		VFB_00102154		4	2	10.0
2025-03-24		VFB_00102154	VFB_00101567	4	3	0.0
2025-03-24		VFB_00102170		2	1	0.0
2025-03-24		VFB_00102170	VFB_00101567	2	1	0.0
2025-03-24		VFB_00102201		2	1	4.0
2025-03-24		VFB_00102201	VFB_00101567	2	1	0.0
2025-03-24		VFB_00102215		3	1	0.0
2025-03-24		VFB_00102215	VFB_00101567	3	1	0.0
2025-03-24		VFB_00102273		2	1	3.0
2025-03-24		VFB_00102273	VFB_00101567	2	1	0.0
2025-03-24		VFB_00102274		2	1	0.0
2025-03-24		VFB_00102274	VFB_00101567	2	1	0.0
2025-03-24		VFB_00102282		49	2	528.0
2025-03-24		VFB_00102282	VFB_00101567	48	3	0.0
2025-03-24		VFB_001027l2		2	1	2.0
2025-03-24		VFB_001027l2	VFB_00200000	2	1	0.0
2025-03-24		VFB_0010297h		2	1	2.0
2025-03-24		VFB_0010297h	VFB_00200000	2	1	0.0
2025-03-24		VFB_00102eg1		3	1	29.0
2025-03-24		VFB_00102eg1	VFB_00050000	3	3	0.0
2025-03-24		VFB_00102eg6		3	1	0.0
2025-03-24		VFB_00102eg6	VFB_00050000	6	2	0.0
2025-03-24		VFB_00102egd		1	1	0.0
2025-03-24		VFB_00102egd	VFB_00050000	1	1	0.0
2025-03-24		VFB_00102egp		3	1	1.0
2025-03-24		VFB_00102egp	VFB_00050000	1	1	0.0
2025-03-24		VFB_00102ekd		4	1	0.0
2025-03-24		VFB_00102ekd	VFB_00050000	3	2	0.0
2025-03-24		VFB_00102ekg		17	1	6.0
2025-03-24		VFB_00102ekg	VFB_00050000	17	2	0.0
2025-03-24		VFB_00102ela		1	1	0.0
2025-03-24		VFB_00102ela	VFB_00050000	1	1	0.0
2025-03-24		VFB_00102ely		6	1	0.0
2025-03-24		VFB_00102ely	VFB_00050000	11	2	0.0
2025-03-24		VFB_00102emo		6	1	28.0
2025-03-24		VFB_00102emo	VFB_00050000	6	5	0.0
2025-03-24		VFB_00102emv		23	1	19.0
2025-03-24		VFB_00102emv	VFB_00050000	25	4	0.0
2025-03-24		VFB_00102esu		10	1	6.0
2025-03-24		VFB_00102esu	VFB_00050000	10	2	0.0
2025-03-24		VFB_00102et1		1	1	0.0
2025-03-24		VFB_00102et1	VFB_00050000	1	1	0.0
2025-03-24		VFB_00102ev7		8	1	89.0
2025-03-24		VFB_00102ev7	VFB_00050000	8	3	0.0
2025-03-24		VFB_00102ewm		2	1	0.0
2025-03-24		VFB_00102ewm	VFB_00050000	5	1	0.0
2025-03-24		VFB_00102ex8		12	1	7.0
2025-03-24		VFB_00102ex8	VFB_00050000	11	3	0.0
2025-03-24		VFB_00102exo		1	1	0.0
2025-03-24		VFB_00102exo	VFB_00050000	1	1	0.0
2025-03-24		VFB_00102ey5		2	1	5.0
2025-03-24		VFB_00102ey5	VFB_00050000	2	2	0.0
2025-03-24		VFB_00102eyc		2	1	0.0
2025-03-24		VFB_00102eyc	VFB_00050000	2	1	0.0
2025-03-24		VFB_00102ezo		1	1	0.0
2025-03-24		VFB_00102ezo	VFB_00050000	1	1	0.0
2025-03-24		VFB_00102ezz		1	1	0.0
2025-03-24		VFB_00102ezz	VFB_00050000	1	1	0.0
2025-03-24		VFB_00102f0e		1	1	0.0
2025-03-24		VFB_00102f0e	VFB_00050000	1	1	0.0
2025-03-24		VFB_00102f0k		1	1	0.0
2025-03-24		VFB_00102f0k	VFB_00050000	1	1	0.0
2025-03-24		VFB_00102f30		1	1	0.0
2025-03-24		VFB_00102f30	VFB_00050000	1	1	0.0
2025-03-24		VFB_00102f37		1	1	0.0
2025-03-24		VFB_00102f37	VFB_00050000	1	1	0.0
2025-03-24		VFB_00102f54		1	1	0.0
2025-03-24		VFB_00102f54	VFB_00050000	1	1	0.0
2025-03-24		VFB_00102f7w		14	1	17.0
2025-03-24		VFB_00102f7w	VFB_00050000	20	6	0.0
2025-03-24		VFB_00102f8b		1	1	0.0
2025-03-24		VFB_00102f8b	VFB_00050000	1	1	0.0
2025-03-24		VFB_00102f8x		1	1	0.0
2025-03-24		VFB_00102f8x	VFB_00050000	1	1	0.0
2025-03-24		VFB_00102f9z		3	1	2.0
2025-03-24		VFB_00102f9z	VFB_00050000	2	2	0.0
2025-03-24		VFB_00102fa7		17	1	13.0
2025-03-24		VFB_00102fa7	VFB_00050000	15	3	0.0
2025-03-24		VFB_00102fah		21	1	55.0
2025-03-24		VFB_00102fah	VFB_00050000	25	8	0.0
2025-03-24		VFB_00102fbh		1	1	0.0
2025-03-24		VFB_00102fbh	VFB_00050000	1	1	0.0
2025-03-24		VFB_00102fcb		1	1	0.0
2025-03-24		VFB_00102fcb	VFB_00050000	1	1	0.0
2025-03-24		VFB_00102fcf		5	1	1.0
2025-03-24		VFB_00102fcf	VFB_00050000	4	2	0.0
2025-03-24		VFB_00102fdd		4	1	3.0
2025-03-24		VFB_00102fdd	VFB_00050000	4	3	0.0
2025-03-24		VFB_00102fe1		6	1	1.0
2025-03-24		VFB_00102fe1	VFB_00050000	11	2	0.0
2025-03-24		VFB_00102fe2		6	1	0.0
2025-03-24		VFB_00102fe2	VFB_00050000	6	2	0.0
2025-03-24		VFB_00102fe3		15	1	5.0
2025-03-24		VFB_00102fe3	VFB_00050000	14	2	0.0
2025-03-24		VFB_00102feh		11	1	1.0
2025-03-24		VFB_00102feh	VFB_00050000	11	2	0.0
2025-03-24		VFB_00102fgt		1	1	0.0
2025-03-24		VFB_00102fgt	VFB_00050000	1	1	0.0
2025-03-24		VFB_00102fj5		1	1	0.0
2025-03-24		VFB_00102fj5	VFB_00050000	1	1	0.0
2025-03-24		VFB_00102fly		1	1	0.0
2025-03-24		VFB_00102fly	VFB_00050000	1	1	0.0
2025-03-24		VFB_00102fm2		6	1	12.0
2025-03-24		VFB_00102fm2	VFB_00050000	6	2	0.0
2025-03-24		VFB_00104652		2	1	1.0
2025-03-24		VFB_00104652	VFB_00200000	2	1	0.0
2025-03-24		VFB_00110000		1	1	0.0
2025-03-24		VFB_00110000	VFB_00110000	1	1	0.0
2025-03-24		VFB_00200000		36	3	59.0
2025-03-24		VFB_00200000	VFB_00200000	44	6	28.0
2025-03-24		VFB_fw011800		14	1	56.0
2025-03-24		VFB_fw011800	VFB_00101567	14	2	0.0
2025-03-24		VFB_fw033748		1	1	19.0
2025-03-24		VFB_fw033748	VFB_00101567	1	1	0.0
2025-03-24		VFB_fw034617		1	1	0.0
2025-03-24		VFB_fw034617	VFB_00101567	1	1	0.0
2025-03-24		VFB_fw036283		4	2	10.0
2025-03-24		VFB_fw036283	VFB_00101567	4	2	0.0
2025-03-24		VFB_fw045049		2	1	0.0
2025-03-24		VFB_fw045049	VFB_00101567	2	2	0.0
2025-03-24		VFB_jrch05va		1	1	3.0
2025-03-24		VFB_jrch05va	VFB_00101384	1	1	0.0
2025-03-24		VFB_jrchjsj3		3	1	12.0
2025-03-24		VFB_jrchjsj3	VFB_00101567	3	1	0.0
2025-03-24		VFB_jrchjtkw		8	1	5.0
2025-03-24		VFB_jrchjtkw	VFB_00101567	3	2	0.0
2025-03-24		VFB_jrchjtl3		11	1	7.0
2025-03-24		VFB_jrchjtl3	VFB_00101567	16	3	0.0
2025-03-24		VFB_jrchk7mf		2	1	0.0
2025-03-24		VFB_jrchk7mf	VFB_00101567	2	1	0.0
2025-03-24		VFB_jrchk8du		11	2	20.0
2025-03-24		VFB_jrchk8du	VFB_00101567	8	4	0.0
2025-03-24		VFB_jrcv09tl		1	1	0.0
2025-03-24		VFB_jrcv09tl	VFB_00200000	1	1	0.0
2025-03-24		VFB_jrcv0mii		17	1	27.0
2025-03-24		VFB_jrcv0mii	VFB_00049000	7	1	0.0
2025-03-24		VFB_jrcv0mii	VFB_00200000	9	1	0.0
2025-03-24		VFB_jrcv3iy9		1	1	0.0
2025-03-24		VFB_jrcv3iy9	VFB_00200000	1	1	0.0
2025-03-24		VFBexp_FBtp0058		4	2	0.0
2025-03-24		VFBexp_FBtp0058	VFB_00101567	4	3	0.0
2025-03-24		VFBexp_FBtp0102		2	1	0.0
2025-03-24		VFBexp_FBtp0102	VFB_00101567	2	1	0.0
2025-03-24		VFBexp_FBtp0104		1	1	0.0
2025-03-24		VFBexp_FBtp0104	VFB_00101567	1	1	0.0
2025-03-24		VFBexp_FBtp0121		5	2	0.0
2025-03-24		VFBexp_FBtp0121	VFB_00101567	5	2	0.0
2025-03-24		VFBexp_FBtp0123		2	1	0.0
2025-03-24		VFBexp_FBtp0123	VFB_00101567	2	1	0.0
2025-03-24		VFBexp_FBtp0124		4	1	0.0
2025-03-24		VFBexp_FBtp0124	VFB_00101567	4	1	0.0
2025-03-24		VFBext_0000010		4	1	465.0
2025-03-24		VFBext_0000010	VFB_00101567	4	1	0.0
2025-03-24	v2-dev.virtualflybrain.org	VFB_00101567	VFB_00101567	16	3	1489.0
2025-03-24	v2-dev.virtualflybrain.org	VFB_00110000	VFB_00110000	1	2	0.0
2025-03-24	v2.virtualflybrain.org	FBbt_00001464	VFB_00050000	1	1	13.0
2025-03-24	v2.virtualflybrain.org	FBbt_00001498	VFB_00050000	0	1	34.0
2025-03-24	v2.virtualflybrain.org	FBbt_00001507	VFB_00050000	0	1	43.0
2025-03-24	v2.virtualflybrain.org	FBbt_00002771	VFB_00050000	1	1	36.0
2025-03-24	v2.virtualflybrain.org	FBbt_00003004	VFB_00101567	0	1	26.0
2025-03-24	v2.virtualflybrain.org	FBbt_00003624	VFB_00101567	2	7	386.0
2025-03-24	v2.virtualflybrain.org	FBbt_00003627	VFB_00017894	0	1	50.0
2025-03-24	v2.virtualflybrain.org	FBbt_00003632	VFB_00101567	0	3	115.0
2025-03-24	v2.virtualflybrain.org	FBbt_00003668	VFB_00101567	0	1	16.0
2025-03-24	v2.virtualflybrain.org	FBbt_00003678	VFB_00101567	0	4	109.0
2025-03-24	v2.virtualflybrain.org	FBbt_00003679	VFB_00101567	0	3	48.0
2025-03-24	v2.virtualflybrain.org	FBbt_00003680	VFB_00101567	2	6	126.0
2025-03-24	v2.virtualflybrain.org	FBbt_00003681	VFB_00017894	0	1	8.0
2025-03-24	v2.virtualflybrain.org	FBbt_00003681	VFB_00101567	4	6	178.0
2025-03-24	v2.virtualflybrain.org	FBbt_00003682	VFB_00101567	0	1	122.0
2025-03-24	v2.virtualflybrain.org	FBbt_00003684	VFB_00101567	0	3	125.0
2025-03-24	v2.virtualflybrain.org	FBbt_00003748	VFB_00017894	0	1	4.0
2025-03-24	v2.virtualflybrain.org	FBbt_00003748	VFB_00101567	0	5	81.0
2025-03-24	v2.virtualflybrain.org	FBbt_00003876	VFB_00101567	0	1	8.0
2025-03-24	v2.virtualflybrain.org	FBbt_00003923	VFB_00017894	0	1	18.0
2025-03-24	v2.virtualflybrain.org	FBbt_00003982	VFB_00101567	0	1	19.0
2025-03-24	v2.virtualflybrain.org	FBbt_00003999	VFB_00017894	0	2	78.0
2025-03-24	v2.virtualflybrain.org	FBbt_00004007		1	1	2.0
2025-03-24	v2.virtualflybrain.org	FBbt_00004007	VFB_00101567	0	1	43.0
2025-03-24	v2.virtualflybrain.org	FBbt_00004024		1	1	1.0
2025-03-24	v2.virtualflybrain.org	FBbt_00004052	VFB_00200000	9	4	0.0
2025-03-24	v2.virtualflybrain.org	FBbt_00005125	VFB_00101567	0	1	0.0
2025-03-24	v2.virtualflybrain.org	FBbt_00007050	VFB_00101567	0	2	18.0
2025-03-24	v2.virtualflybrain.org	FBbt_00007053	VFB_00101567	0	1	3.0
2025-03-24	v2.virtualflybrain.org	FBbt_00007054	VFB_00101567	0	1	13.0
2025-03-24	v2.virtualflybrain.org	FBbt_00007059	VFB_00101567	0	1	27.0
2025-03-24	v2.virtualflybrain.org	FBbt_00007060	VFB_00101567	0	1	0.0
2025-03-24	v2.virtualflybrain.org	FBbt_00007145	VFB_00101567	0	1	10.0
2025-03-24	v2.virtualflybrain.org	FBbt_00007146	VFB_00101567	0	1	1.0
2025-03-24	v2.virtualflybrain.org	FBbt_00007147	VFB_00101567	0	1	4.0
2025-03-24	v2.virtualflybrain.org	FBbt_00007385	VFB_00101567	0	1	8.0
2025-03-24	v2.virtualflybrain.org	FBbt_00007401	VFB_00101567	0	1	40.0
2025-03-24	v2.virtualflybrain.org	FBbt_00007453	VFB_00101567	2	3	15.0
2025-03-24	v2.virtualflybrain.org	FBbt_00007709	VFB_00049000	0	2	11.0
2025-03-24	v2.virtualflybrain.org	FBbt_00013688	VFB_00101567	0	1	39.0
2025-03-24	v2.virtualflybrain.org	FBbt_00014013	VFB_00101567	2	3	182.0
2025-03-24	v2.virtualflybrain.org	FBbt_00025991	VFB_00101567	0	1	0.0
2025-03-24	v2.virtualflybrain.org	FBbt_00040001	VFB_00101567	0	1	5.0
2025-03-24	v2.virtualflybrain.org	FBbt_00040002	VFB_00101567	0	1	2.0
2025-03-24	v2.virtualflybrain.org	FBbt_00040007	VFB_00101567	0	1	0.0
2025-03-24	v2.virtualflybrain.org	FBbt_00040037	VFB_00101567	0	1	1.0
2025-03-24	v2.virtualflybrain.org	FBbt_00040041	VFB_00017894	0	1	10.0
2025-03-24	v2.virtualflybrain.org	FBbt_00040041	VFB_00101567	0	2	53.0
2025-03-24	v2.virtualflybrain.org	FBbt_00040042	VFB_00101567	5	4	65.0
2025-03-24	v2.virtualflybrain.org	FBbt_00040043	VFB_00101567	1	1	0.0
2025-03-24	v2.virtualflybrain.org	FBbt_00040050	VFB_00101384	0	1	26.0
2025-03-24	v2.virtualflybrain.org	FBbt_00045020	VFB_00101567	0	2	355.0
2025-03-24	v2.virtualflybrain.org	FBbt_00045021	VFB_00101567	0	1	1.0
2025-03-24	v2.virtualflybrain.org	FBbt_00045027	VFB_00101567	2	5	197.0
2025-03-24	v2.virtualflybrain.org	FBbt_00045030	VFB_00101567	0	1	1.0
2025-03-24	v2.virtualflybrain.org	FBbt_00045037	VFB_00101384	0	1	8.0
2025-03-24	v2.virtualflybrain.org	FBbt_00045037	VFB_00101567	2	2	38.0
2025-03-24	v2.virtualflybrain.org	FBbt_00045047	VFB_00101567	0	1	4.0
2025-03-24	v2.virtualflybrain.org	FBbt_00045048	VFB_00101567	0	2	11.0
2025-03-24	v2.virtualflybrain.org	FBbt_00045050	VFB_00017894	0	1	11.0
2025-03-24	v2.virtualflybrain.org	FBbt_00047176	VFB_00200000	0	1	37.0
2025-03-24	v2.virtualflybrain.org	FBbt_00047347	VFB_00101567	0	2	4.0
2025-03-24	v2.virtualflybrain.org	FBbt_00047348	VFB_00101567	1	1	39.0
2025-03-24	v2.virtualflybrain.org	FBbt_00047349	VFB_00101567	0	4	135.0
2025-03-24	v2.virtualflybrain.org	FBbt_00047352	VFB_00101567	0	1	40.0
2025-03-24	v2.virtualflybrain.org	FBbt_00047365	VFB_00101567	0	1	77.0
2025-03-24	v2.virtualflybrain.org	FBbt_00047749	VFB_00050000	1	3	33.0
2025-03-24	v2.virtualflybrain.org	FBbt_00047759	VFB_00050000	0	1	54.0
2025-03-24	v2.virtualflybrain.org	FBbt_00047763	VFB_00050000	0	1	25.0
2025-03-24	v2.virtualflybrain.org	FBbt_00047764	VFB_00050000	0	1	13.0
2025-03-24	v2.virtualflybrain.org	FBbt_00047766	VFB_00050000	0	1	38.0
2025-03-24	v2.virtualflybrain.org	FBbt_00047887	VFB_00101567	0	4	15.0
2025-03-24	v2.virtualflybrain.org	FBbt_00047965	VFB_00050000	0	1	15.0
2025-03-24	v2.virtualflybrain.org	FBbt_00048113	VFB_00101567	0	1	39.0
2025-03-24	v2.virtualflybrain.org	FBbt_00049037	VFB_00050000	0	1	1.0
2025-03-24	v2.virtualflybrain.org	FBbt_00049477	VFB_00101567	0	1	141.0
2025-03-24	v2.virtualflybrain.org	FBbt_00049571	VFB_00200000	0	1	9.0
2025-03-24	v2.virtualflybrain.org	FBbt_00049819	VFB_00101567	0	1	23.0
2025-03-24	v2.virtualflybrain.org	FBbt_00049826	VFB_00050000	0	1	15.0
2025-03-24	v2.virtualflybrain.org	FBbt_00051205	VFB_00050000	0	1	0.0
2025-03-24	v2.virtualflybrain.org	FBbt_00051479	VFB_00101567	3	1	0.0
2025-03-24	v2.virtualflybrain.org	FBbt_00051949	VFB_00101567	0	2	444.0
2025-03-24	v2.virtualflybrain.org	FBbt_00052046	VFB_00101567	0	2	18.0
2025-03-24	v2.virtualflybrain.org	FBbt_00052193	VFB_00050000	1	1	0.0
2025-03-24	v2.virtualflybrain.org	FBbt_00052539		1	1	3.0
2025-03-24	v2.virtualflybrain.org	FBbt_00053219	VFB_00101567	0	4	103.0
2025-03-24	v2.virtualflybrain.org	FBbt_00100480	VFB_00101567	0	1	16.0
2025-03-24	v2.virtualflybrain.org	FBbt_00100752	VFB_00050000	0	1	25.0
2025-03-24	v2.virtualflybrain.org	FBbt_00110035	VFB_00049000	2	1	0.0
2025-03-24	v2.virtualflybrain.org	FBbt_00110119	VFB_00101567	0	2	154.0
2025-03-24	v2.virtualflybrain.org	FBbt_00110173	VFB_00200000	0	1	2.0
2025-03-24	v2.virtualflybrain.org	FBbt_00110174	VFB_00200000	0	1	1.0
2025-03-24	v2.virtualflybrain.org	FBbt_00110176	VFB_00200000	0	2	35.0
2025-03-24	v2.virtualflybrain.org	FBbt_00110340	VFB_00050000	0	1	18.0
2025-03-24	v2.virtualflybrain.org	FBbt_00110638	VFB_00101567	0	1	1.0
2025-03-24	v2.virtualflybrain.org	FBbt_00110639	VFB_00101567	0	1	8.0
2025-03-24	v2.virtualflybrain.org	FBbt_00110657	VFB_00101567	0	2	31.0
2025-03-24	v2.virtualflybrain.org	FBbt_00111204	VFB_00049000	3	1	0.0
2025-03-24	v2.virtualflybrain.org	FBbt_00111352	VFB_00101567	0	2	171.0
2025-03-24	v2.virtualflybrain.org	FBbt_00111672	VFB_00050000	0	1	32.0
2025-03-24	v2.virtualflybrain.org	FBbt_10000000	VFB_00101567	0	1	0.0
2025-03-24	v2.virtualflybrain.org	GO_0004879	VFB_00101567	0	1	0.0
2025-03-24	v2.virtualflybrain.org	VFB_00001482	VFB_00101567	0	1	0.0
2025-03-24	v2.virtualflybrain.org	VFB_00006393	VFB_00101567	0	1	186.0
2025-03-24	v2.virtualflybrain.org	VFB_00009843	VFB_00101567	0	1	132.0
2025-03-24	v2.virtualflybrain.org	VFB_00009882	VFB_00101567	3	3	73.0
2025-03-24	v2.virtualflybrain.org	VFB_00017894	VFB_00017894	0	3	58.0
2025-03-24	v2.virtualflybrain.org	VFB_00020115	VFB_00101567	0	1	127.0
2025-03-24	v2.virtualflybrain.org	VFB_00020125	VFB_00101567	0	1	20.0
2025-03-24	v2.virtualflybrain.org	VFB_00020142	VFB_00101567	0	1	16.0
2025-03-24	v2.virtualflybrain.org	VFB_00020154	VFB_00101567	1	1	27.0
2025-03-24	v2.virtualflybrain.org	VFB_00020156	VFB_00101567	0	1	30.0
2025-03-24	v2.virtualflybrain.org	VFB_00024229	VFB_00017894	1	2	0.0
2025-03-24	v2.virtualflybrain.org	VFB_00024229	VFB_00049000	0	2	51.0
2025-03-24	v2.virtualflybrain.org	VFB_00030413	VFB_00101567	0	2	30.0
2025-03-24	v2.virtualflybrain.org	VFB_00030605	VFB_00017894	0	1	0.0
2025-03-24	v2.virtualflybrain.org	VFB_00030620	VFB_00017894	0	1	0.0
2025-03-24	v2.virtualflybrain.org	VFB_00030753	VFB_00101567	0	1	0.0
2025-03-24	v2.virtualflybrain.org	VFB_00030754	VFB_00101567	0	1	33.0
2025-03-24	v2.virtualflybrain.org	VFB_00030786	VFB_00030786	0	1	0.0
2025-03-24	v2.virtualflybrain.org	VFB_00030852	VFB_00030786	2	1	0.0
2025-03-24	v2.virtualflybrain.org	VFB_00030866	VFB_00017894	8	7	111.0
2025-03-24	v2.virtualflybrain.org	VFB_00030866	VFB_00101567	1	5	48.0
2025-03-24	v2.virtualflybrain.org	VFB_00030867	VFB_00017894	1	3	10.0
2025-03-24	v2.virtualflybrain.org	VFB_00030867	VFB_00101567	0	1	1.0
2025-03-24	v2.virtualflybrain.org	VFB_00030873	VFB_00101567	6	3	0.0
2025-03-24	v2.virtualflybrain.org	VFB_00030874	VFB_00017894	2	3	37.0
2025-03-24	v2.virtualflybrain.org	VFB_00030874	VFB_00101567	0	2	12.0
2025-03-24	v2.virtualflybrain.org	VFB_00049000		1	1	2.0
2025-03-24	v2.virtualflybrain.org	VFB_00049000	VFB_00049000	2	7	0.0
2025-03-24	v2.virtualflybrain.org	VFB_00050000	VFB_00050000	18	29	40.0
2025-03-24	v2.virtualflybrain.org	VFB_00050274	VFB_00049000	1	1	0.0
2025-03-24	v2.virtualflybrain.org	VFB_00050483	VFB_00049000	1	2	0.0
2025-03-24	v2.virtualflybrain.org	VFB_00050483	VFB_00101567	0	2	1.0
2025-03-24	v2.virtualflybrain.org	VFB_00055119	VFB_00049000	0	1	0.0
2025-03-24	v2.virtualflybrain.org	VFB_00060079	VFB_00049000	1	1	9.0
2025-03-24	v2.virtualflybrain.org	VFB_00060079	VFB_00101567	0	2	59.0
2025-03-24	v2.virtualflybrain.org	VFB_00100037	VFB_00050000	0	1	5.0
2025-03-24	v2.virtualflybrain.org	VFB_00100059	VFB_00050000	3	5	9.0
2025-03-24	v2.virtualflybrain.org	VFB_00100107	VFB_00050000	0	1	4.0
2025-03-24	v2.virtualflybrain.org	VFB_00100155	VFB_00050000	0	1	9.0
2025-03-24	v2.virtualflybrain.org	VFB_00100183	VFB_00050000	0	2	39.0
2025-03-24	v2.virtualflybrain.org	VFB_00100193	VFB_00050000	0	2	20.0
2025-03-24	v2.virtualflybrain.org	VFB_00100210	VFB_00050000	0	2	8.0
2025-03-24	v2.virtualflybrain.org	VFB_00100219	VFB_00050000	0	3	17.0
2025-03-24	v2.virtualflybrain.org	VFB_00100226	VFB_00050000	0	2	20.0
2025-03-24	v2.virtualflybrain.org	VFB_00100227	VFB_00050000	0	1	1.0
2025-03-24	v2.virtualflybrain.org	VFB_00100228	VFB_00050000	0	2	11.0
2025-03-24	v2.virtualflybrain.org	VFB_0010022g	VFB_00050000	0	2	4.0
2025-03-24	v2.virtualflybrain.org	VFB_0010022m	VFB_00050000	0	1	9.0
2025-03-24	v2.virtualflybrain.org	VFB_0010022y	VFB_00050000	0	2	1.0
2025-03-24	v2.virtualflybrain.org	VFB_0010022z	VFB_00050000	0	1	1.0
2025-03-24	v2.virtualflybrain.org	VFB_00100239	VFB_00050000	1	1	0.0
2025-03-24	v2.virtualflybrain.org	VFB_0010023a	VFB_00050000	0	1	12.0
2025-03-24	v2.virtualflybrain.org	VFB_0010023e	VFB_00050000	0	1	0.0
2025-03-24	v2.virtualflybrain.org	VFB_0010023f	VFB_00050000	0	1	8.0
2025-03-24	v2.virtualflybrain.org	VFB_0010023j	VFB_00050000	0	1	8.0
2025-03-24	v2.virtualflybrain.org	VFB_0010023m	VFB_00050000	0	1	18.0
2025-03-24	v2.virtualflybrain.org	VFB_0010023r	VFB_00050000	0	1	12.0
2025-03-24	v2.virtualflybrain.org	VFB_0010023x	VFB_00050000	0	1	11.0
2025-03-24	v2.virtualflybrain.org	VFB_0010023y	VFB_00050000	0	2	92.0
2025-03-24	v2.virtualflybrain.org	VFB_00100246	VFB_00050000	0	1	45.0
2025-03-24	v2.virtualflybrain.org	VFB_0010024e	VFB_00050000	0	1	12.0
2025-03-24	v2.virtualflybrain.org	VFB_0010024j	VFB_00050000	0	2	4.0
2025-03-24	v2.virtualflybrain.org	VFB_0010024l	VFB_00050000	0	1	59.0
2025-03-24	v2.virtualflybrain.org	VFB_0010024r	VFB_00050000	0	1	18.0
2025-03-24	v2.virtualflybrain.org	VFB_0010024v	VFB_00050000	0	2	6.0
2025-03-24	v2.virtualflybrain.org	VFB_0010024z	VFB_00050000	0	1	12.0
2025-03-24	v2.virtualflybrain.org	VFB_00100251	VFB_00050000	0	1	1.0
2025-03-24	v2.virtualflybrain.org	VFB_00100257	VFB_00050000	0	1	1.0
2025-03-24	v2.virtualflybrain.org	VFB_00100258	VFB_00050000	0	1	1.0
2025-03-24	v2.virtualflybrain.org	VFB_0010025k	VFB_00050000	0	3	14.0
2025-03-24	v2.virtualflybrain.org	VFB_0010025l	VFB_00050000	0	1	9.0
2025-03-24	v2.virtualflybrain.org	VFB_0010025o	VFB_00050000	0	1	8.0
2025-03-24	v2.virtualflybrain.org	VFB_0010025r	VFB_00050000	0	1	10.0
2025-03-24	v2.virtualflybrain.org	VFB_0010025s	VFB_00050000	0	1	7.0
2025-03-24	v2.virtualflybrain.org	VFB_0010025t	VFB_00050000	0	1	97.0
2025-03-24	v2.virtualflybrain.org	VFB_00100266	VFB_00050000	0	2	26.0
2025-03-24	v2.virtualflybrain.org	VFB_0010026a	VFB_00050000	0	1	2.0
2025-03-24	v2.virtualflybrain.org	VFB_0010026e	VFB_00050000	1	1	63.0
2025-03-24	v2.virtualflybrain.org	VFB_0010026g	VFB_00050000	0	1	1.0
2025-03-24	v2.virtualflybrain.org	VFB_0010026p	VFB_00050000	0	1	22.0
2025-03-24	v2.virtualflybrain.org	VFB_0010026r	VFB_00050000	0	1	9.0
2025-03-24	v2.virtualflybrain.org	VFB_0010026u	VFB_00050000	0	1	10.0
2025-03-24	v2.virtualflybrain.org	VFB_0010026w	VFB_00050000	0	1	52.0
2025-03-24	v2.virtualflybrain.org	VFB_0010026y	VFB_00050000	0	2	191.0
2025-03-24	v2.virtualflybrain.org	VFB_0010026z	VFB_00050000	0	2	11.0
2025-03-24	v2.virtualflybrain.org	VFB_0010027a	VFB_00050000	0	1	14.0
2025-03-24	v2.virtualflybrain.org	VFB_0010027i	VFB_00050000	0	1	9.0
2025-03-24	v2.virtualflybrain.org	VFB_0010027p	VFB_00050000	0	1	5.0
2025-03-24	v2.virtualflybrain.org	VFB_0010027v	VFB_00050000	0	1	21.0
2025-03-24	v2.virtualflybrain.org	VFB_0010028a	VFB_00050000	0	3	29.0
2025-03-24	v2.virtualflybrain.org	VFB_0010028z	VFB_00050000	0	1	1.0
2025-03-24	v2.virtualflybrain.org	VFB_0010029g	VFB_00050000	0	1	1.0
2025-03-24	v2.virtualflybrain.org	VFB_0010029i	VFB_00050000	0	2	5.0
2025-03-24	v2.virtualflybrain.org	VFB_00100301	VFB_00050000	0	2	8.0
2025-03-24	v2.virtualflybrain.org	VFB_00100317	VFB_00050000	0	1	1.0
2025-03-24	v2.virtualflybrain.org	VFB_00100343	VFB_00050000	0	2	32.0
2025-03-24	v2.virtualflybrain.org	VFB_00100352	VFB_00050000	0	1	27.0
2025-03-24	v2.virtualflybrain.org	VFB_00100355	VFB_00050000	0	2	4.0
2025-03-24	v2.virtualflybrain.org	VFB_00100361	VFB_00050000	0	2	82.0
2025-03-24	v2.virtualflybrain.org	VFB_00100382	VFB_00050000	0	1	23.0
2025-03-24	v2.virtualflybrain.org	VFB_00100385	VFB_00050000	0	2	6.0
2025-03-24	v2.virtualflybrain.org	VFB_00100392	VFB_00050000	0	2	42.0
2025-03-24	v2.virtualflybrain.org	VFB_00100393	VFB_00050000	0	1	18.0
2025-03-24	v2.virtualflybrain.org	VFB_00100404	VFB_00050000	0	1	0.0
2025-03-24	v2.virtualflybrain.org	VFB_00100429	VFB_00050000	1	2	119.0
2025-03-24	v2.virtualflybrain.org	VFB_00100511	VFB_00050000	1	3	44.0
2025-03-24	v2.virtualflybrain.org	VFB_00100623	VFB_00050000	0	1	1.0
2025-03-24	v2.virtualflybrain.org	VFB_00100715	VFB_00050000	8	1	0.0
2025-03-24	v2.virtualflybrain.org	VFB_00100d2k	VFB_00200000	2	1	0.0
2025-03-24	v2.virtualflybrain.org	VFB_00100v15	VFB_00101567	6	1	0.0
2025-03-24	v2.virtualflybrain.org	VFB_00100v15	VFB_00200000	6	1	0.0
2025-03-24	v2.virtualflybrain.org	VFB_00100ww0	VFB_00101567	2	3	3.0
2025-03-24	v2.virtualflybrain.org	VFB_00101003	VFB_00050000	0	1	22.0
2025-03-24	v2.virtualflybrain.org	VFB_001011eg	VFB_00050000	0	1	0.0
2025-03-24	v2.virtualflybrain.org	VFB_001011gr	VFB_00050000	0	2	6.0
2025-03-24	v2.virtualflybrain.org	VFB_001011h6	VFB_00050000	0	1	34.0
2025-03-24	v2.virtualflybrain.org	VFB_001011ip	VFB_00050000	0	2	1.0
2025-03-24	v2.virtualflybrain.org	VFB_001012c9	VFB_00101567	0	3	17.0
2025-03-24	v2.virtualflybrain.org	VFB_00101382	VFB_00101567	1	1	0.0
2025-03-24	v2.virtualflybrain.org	VFB_00101384	VFB_00101384	1	2	0.0
2025-03-24	v2.virtualflybrain.org	VFB_001013vs	VFB_00101567	0	1	1.0
2025-03-24	v2.virtualflybrain.org	VFB_00101422	VFB_00050000	0	1	16.0
2025-03-24	v2.virtualflybrain.org	VFB_00101443	VFB_00101384	0	2	94.0
2025-03-24	v2.virtualflybrain.org	VFB_001014q9	VFB_00101567	0	3	284.0
2025-03-24	v2.virtualflybrain.org	VFB_001014qe	VFB_00101567	0	1	0.0
2025-03-24	v2.virtualflybrain.org	VFB_00101541	VFB_00050000	0	1	18.0
2025-03-24	v2.virtualflybrain.org	VFB_00101567	VFB_00101567	60	142	2817.0
2025-03-24	v2.virtualflybrain.org	VFB_00101569	VFB_00050000	0	1	23.0
2025-03-24	v2.virtualflybrain.org	VFB_001015aw	VFB_00050000	0	2	8.0
2025-03-24	v2.virtualflybrain.org	VFB_001015b3	VFB_00050000	0	1	43.0
2025-03-24	v2.virtualflybrain.org	VFB_001015c5	VFB_00050000	0	1	28.0
2025-03-24	v2.virtualflybrain.org	VFB_001015c9	VFB_00050000	0	1	15.0
2025-03-24	v2.virtualflybrain.org	VFB_00101926	VFB_00050000	0	2	23.0
2025-03-24	v2.virtualflybrain.org	VFB_00102038	VFB_00050000	0	1	13.0
2025-03-24	v2.virtualflybrain.org	VFB_00102114	VFB_00101567	0	2	9.0
2025-03-24	v2.virtualflybrain.org	VFB_00102118	VFB_00101567	2	3	79.0
2025-03-24	v2.virtualflybrain.org	VFB_00102119	VFB_00101567	0	1	1.0
2025-03-24	v2.virtualflybrain.org	VFB_00102134	VFB_00101567	0	5	19.0
2025-03-24	v2.virtualflybrain.org	VFB_00102135	VFB_00101567	5	8	1312.0
2025-03-24	v2.virtualflybrain.org	VFB_00102137	VFB_00101567	0	3	31.0
2025-03-24	v2.virtualflybrain.org	VFB_00102140	VFB_00101567	0	3	5.0
2025-03-24	v2.virtualflybrain.org	VFB_00102154	VFB_00101567	0	3	6.0
2025-03-24	v2.virtualflybrain.org	VFB_00102170	VFB_00101567	2	1	0.0
2025-03-24	v2.virtualflybrain.org	VFB_00102201	VFB_00101567	0	1	0.0
2025-03-24	v2.virtualflybrain.org	VFB_00102215	VFB_00101567	4	1	0.0
2025-03-24	v2.virtualflybrain.org	VFB_00102273	VFB_00101567	0	1	0.0
2025-03-24	v2.virtualflybrain.org	VFB_00102274	VFB_00101567	2	1	0.0
2025-03-24	v2.virtualflybrain.org	VFB_00102282	VFB_00101567	0	2	341.0
2025-03-24	v2.virtualflybrain.org	VFB_001027l2	VFB_00200000	0	1	0.0
2025-03-24	v2.virtualflybrain.org	VFB_0010297h		1	1	1.0
2025-03-24	v2.virtualflybrain.org	VFB_00102eg1	VFB_00050000	0	2	75.0
2025-03-24	v2.virtualflybrain.org	VFB_00102eg6	VFB_00050000	0	1	17.0
2025-03-24	v2.virtualflybrain.org	VFB_00102egd	VFB_00050000	0	1	873.0
2025-03-24	v2.virtualflybrain.org	VFB_00102egp	VFB_00050000	0	1	0.0
2025-03-24	v2.virtualflybrain.org	VFB_00102ekd	VFB_00050000	0	1	15.0
2025-03-24	v2.virtualflybrain.org	VFB_00102ekg	VFB_00050000	8	1	0.0
2025-03-24	v2.virtualflybrain.org	VFB_00102ela	VFB_00050000	0	1	48.0
2025-03-24	v2.virtualflybrain.org	VFB_00102ely	VFB_00050000	0	1	15.0
2025-03-24	v2.virtualflybrain.org	VFB_00102emo	VFB_00050000	0	3	35.0
2025-03-24	v2.virtualflybrain.org	VFB_00102emv	VFB_00050000	0	2	50.0
2025-03-24	v2.virtualflybrain.org	VFB_00102et1	VFB_00050000	0	1	15.0
2025-03-24	v2.virtualflybrain.org	VFB_00102ev7	VFB_00050000	0	1	13.0
2025-03-24	v2.virtualflybrain.org	VFB_00102ex8	VFB_00050000	2	2	142.0
2025-03-24	v2.virtualflybrain.org	VFB_00102exo	VFB_00050000	0	1	14.0
2025-03-24	v2.virtualflybrain.org	VFB_00102ey5	VFB_00050000	0	1	36.0
2025-03-24	v2.virtualflybrain.org	VFB_00102eyc	VFB_00050000	2	1	0.0
2025-03-24	v2.virtualflybrain.org	VFB_00102ezo	VFB_00050000	0	1	24.0
2025-03-24	v2.virtualflybrain.org	VFB_00102ezz	VFB_00050000	0	1	38.0
2025-03-24	v2.virtualflybrain.org	VFB_00102f0e	VFB_00050000	0	1	16.0
2025-03-24	v2.virtualflybrain.org	VFB_00102f0k	VFB_00050000	0	1	93.0
2025-03-24	v2.virtualflybrain.org	VFB_00102f30	VFB_00050000	0	1	18.0
2025-03-24	v2.virtualflybrain.org	VFB_00102f37	VFB_00050000	0	1	44.0
2025-03-24	v2.virtualflybrain.org	VFB_00102f54	VFB_00050000	0	1	58.0
2025-03-24	v2.virtualflybrain.org	VFB_00102f7w	VFB_00050000	0	2	15.0
2025-03-24	v2.virtualflybrain.org	VFB_00102f8b	VFB_00050000	0	1	17.0
2025-03-24	v2.virtualflybrain.org	VFB_00102f8x	VFB_00050000	0	1	28.0
2025-03-24	v2.virtualflybrain.org	VFB_00102f9z	VFB_00050000	0	1	15.0
2025-03-24	v2.virtualflybrain.org	VFB_00102fa7	VFB_00050000	0	1	19.0
2025-03-24	v2.virtualflybrain.org	VFB_00102fah	VFB_00050000	0	3	12.0
2025-03-24	v2.virtualflybrain.org	VFB_00102fbh	VFB_00050000	0	1	32.0
2025-03-24	v2.virtualflybrain.org	VFB_00102fcb	VFB_00050000	0	1	2.0
2025-03-24	v2.virtualflybrain.org	VFB_00102fcf	VFB_00050000	0	1	19.0
2025-03-24	v2.virtualflybrain.org	VFB_00102fdd	VFB_00050000	0	1	0.0
2025-03-24	v2.virtualflybrain.org	VFB_00102fe1	VFB_00050000	0	1	16.0
2025-03-24	v2.virtualflybrain.org	VFB_00102fe2	VFB_00050000	0	1	12.0
2025-03-24	v2.virtualflybrain.org	VFB_00102fe3	VFB_00050000	0	1	20.0
2025-03-24	v2.virtualflybrain.org	VFB_00102feh	VFB_00050000	0	1	27.0
2025-03-24	v2.virtualflybrain.org	VFB_00102fgt	VFB_00050000	0	1	2.0
2025-03-24	v2.virtualflybrain.org	VFB_00102fj5	VFB_00050000	0	1	16.0
2025-03-24	v2.virtualflybrain.org	VFB_00102fly	VFB_00050000	0	1	16.0
2025-03-24	v2.virtualflybrain.org	VFB_00102fm2	VFB_00050000	0	1	18.0
2025-03-24	v2.virtualflybrain.org	VFB_00104652	VFB_00200000	0	1	0.0
2025-03-24	v2.virtualflybrain.org	VFB_00200000	VFB_00200000	6	12	30.0
2025-03-24	v2.virtualflybrain.org	VFB_fw011800	VFB_00101567	1	2	25.0
2025-03-24	v2.virtualflybrain.org	VFB_fw015251	VFB_00101567	1	1	0.0
2025-03-24	v2.virtualflybrain.org	VFB_fw033748	VFB_00101567	0	1	60.0
2025-03-24	v2.virtualflybrain.org	VFB_fw034617	VFB_00101567	1	1	0.0
2025-03-24	v2.virtualflybrain.org	VFB_fw036283	VFB_00101567	0	3	259.0
2025-03-24	v2.virtualflybrain.org	VFB_fw045049	VFB_00101567	0	1	54.0
2025-03-24	v2.virtualflybrain.org	VFB_jrch05va	VFB_jrch05va	1	2	4.0
2025-03-24	v2.virtualflybrain.org	VFB_jrchjsj3	VFB_00101567	4	1	1.0
2025-03-24	v2.virtualflybrain.org	VFB_jrchjtkw	VFB_00101567	0	2	24.0
2025-03-24	v2.virtualflybrain.org	VFB_jrchjtl3	VFB_00101567	0	3	249.0
2025-03-24	v2.virtualflybrain.org	VFB_jrchk7mf	VFB_00101567	0	2	56.0
2025-03-24	v2.virtualflybrain.org	VFB_jrchk8du	VFB_00101567	0	4	43.0
2025-03-24	v2.virtualflybrain.org	VFB_jrcv09tl	VFB_00200000	0	1	25.0
2025-03-24	v2.virtualflybrain.org	VFB_jrcv0mii	VFB_00049000	0	2	19.0
2025-03-24	v2.virtualflybrain.org	VFB_jrcv0mii	VFB_00200000	1	3	0.0
2025-03-24	v2.virtualflybrain.org	VFB_jrcv3iy9	VFB_00200000	0	1	37.0
2025-03-24	v2.virtualflybrain.org	VFBexp_FBtp0058	VFB_00101567	2	3	100.0
2025-03-24	v2.virtualflybrain.org	VFBexp_FBtp0102		1	1	1.0
2025-03-24	v2.virtualflybrain.org	VFBexp_FBtp0102	VFB_00101567	1	1	0.0
2025-03-24	v2.virtualflybrain.org	VFBexp_FBtp0104		1	1	1.0
2025-03-24	v2.virtualflybrain.org	VFBexp_FBtp0104	VFB_00101567	0	1	433.0
2025-03-24	v2.virtualflybrain.org	VFBexp_FBtp0121		5	2	4.0
2025-03-24	v2.virtualflybrain.org	VFBexp_FBtp0123		1	1	1.0
2025-03-24	v2.virtualflybrain.org	VFBexp_FBtp0123	VFB_00101567	1	1	0.0
2025-03-24	v2.virtualflybrain.org	VFBexp_FBtp0124		4	1	7.0
2025-03-24	v2.virtualflybrain.org	VFBexp_FBtp0124	VFB_00101567	1	1	58.0
2025-03-24	v2.virtualflybrain.org	VFBext_0000010	VFB_00101567	0	2	22.0
2025-03-24	v2.virtualflybrain.org	VFBu_j0bgskb1		2	1	24.0
2025-03-25		FBbt_00003624		11	4	6.0
2025-03-25		FBbt_00003624	VFB_00101567	12	4	0.0
2025-03-25		FBbt_00003679		2	1	0.0
2025-03-25		FBbt_00003679	VFB_00101567	2	1	0.0
2025-03-25		FBbt_00003680		2	2	2.0
2025-03-25		FBbt_00003680	VFB_00101567	2	2	0.0
2025-03-25		FBbt_00003681		7	2	1.0
2025-03-25		FBbt_00003681	VFB_00101567	7	2	0.0
2025-03-25		FBbt_00003701		2	1	18.0
2025-03-25		FBbt_00003701	VFB_00101567	2	1	0.0
2025-03-25		FBbt_00003748		9	4	0.0
2025-03-25		FBbt_00003748	VFB_00101567	9	4	0.0
2025-03-25		FBbt_00003764		3	1	9.0
2025-03-25		FBbt_00003764	VFB_00101567	2	1	0.0
2025-03-25		FBbt_00003982		1	1	0.0
2025-03-25		FBbt_00003982	VFB_00101567	1	1	0.0
2025-03-25		FBbt_00005801		1	1	0.0
2025-03-25		FBbt_00005801	VFB_00101567	1	1	0.0
2025-03-25		FBbt_00007054		2	1	0.0
2025-03-25		FBbt_00007054	VFB_00101567	2	1	0.0
2025-03-25		FBbt_00007055		3	1	1.0
2025-03-25		FBbt_00007055	VFB_00101567	4	1	0.0
2025-03-25		FBbt_00007385		1	1	0.0
2025-03-25		FBbt_00007385	VFB_00101567	1	1	0.0
2025-03-25		FBbt_00007401		2	1	0.0
2025-03-25		FBbt_00007401	VFB_00101567	2	1	0.0
2025-03-25		FBbt_00007428		6	1	121.0
2025-03-25		FBbt_00007428	VFB_00101567	12	3	0.0
2025-03-25		FBbt_00007453		2	1	0.0
2025-03-25		FBbt_00007453	VFB_00101567	2	1	0.0
2025-03-25		FBbt_00007684		1	1	0.0
2025-03-25		FBbt_00007684	VFB_00101567	1	1	0.0
2025-03-25		FBbt_00040037		1	1	0.0
2025-03-25		FBbt_00040037	VFB_00101567	4	1	0.0
2025-03-25		FBbt_00040042		6	2	0.0
2025-03-25		FBbt_00040042	VFB_00101567	6	2	0.0
2025-03-25		FBbt_00040043		2	2	0.0
2025-03-25		FBbt_00040043	VFB_00101567	2	2	0.0
2025-03-25		FBbt_00040060		2	1	0.0
2025-03-25		FBbt_00040060	VFB_00101567	2	1	0.0
2025-03-25		FBbt_00045048		2	1	0.0
2025-03-25		FBbt_00045048	VFB_00101567	2	1	0.0
2025-03-25		FBbt_00045050		2	1	1.0
2025-03-25		FBbt_00045050	VFB_00101567	2	1	0.0
2025-03-25		FBbt_00047042		1	1	0.0
2025-03-25		FBbt_00047042	VFB_00101567	1	1	0.0
2025-03-25		FBbt_00047427		1	1	1.0
2025-03-25		FBbt_00047427	VFB_00101567	1	1	0.0
2025-03-25		FBbt_00047662		1	1	0.0
2025-03-25		FBbt_00047662	VFB_00101567	1	1	0.0
2025-03-25		FBbt_00049803		1	1	1.0
2025-03-25		FBbt_00049803	VFB_00101567	1	1	0.0
2025-03-25		FBbt_00051479		3	1	0.0
2025-03-25		FBbt_00051479	VFB_00101567	3	1	0.0
2025-03-25		FBbt_00067349		1	1	0.0
2025-03-25		FBbt_00067349	VFB_00101567	1	1	0.0
2025-03-25		FBbt_00100249		1	1	0.0
2025-03-25		FBbt_00100249	VFB_00101567	1	1	0.0
2025-03-25		FBbt_00110035		24	1	0.0
2025-03-25		FBbt_00110035	VFB_00049000	24	1	0.0
2025-03-25		FBbt_00110127		2	1	0.0
2025-03-25		FBbt_00110127	VFB_00101567	2	1	0.0
2025-03-25		FBbt_00110532		1	1	1.0
2025-03-25		FBbt_00110532	VFB_00101567	1	1	0.0
2025-03-25		FBbt_00110657		1	1	1.0
2025-03-25		FBbt_00110657	VFB_00101567	1	1	0.0
2025-03-25		FBbt_00111204		3	1	0.0
2025-03-25		FBbt_00111204	VFB_00049000	3	1	0.0
2025-03-25		FBbt_20002578		1	1	0.0
2025-03-25		FBbt_20002578	VFB_00101567	1	1	0.0
2025-03-25		FBbt_20003663		1	1	3.0
2025-03-25		FBbt_20003663	VFB_00101567	1	1	0.0
2025-03-25		VFB_00006282		4	1	15.0
2025-03-25		VFB_00006282	VFB_00101567	2	1	0.0
2025-03-25		VFB_00006368		2	1	1.0
2025-03-25		VFB_00006368	VFB_00101567	2	1	0.0
2025-03-25		VFB_00007855		2	1	0.0
2025-03-25		VFB_00007855	VFB_00101567	4	1	0.0
2025-03-25		VFB_00011604		10	2	96.0
2025-03-25		VFB_00011604	VFB_00101567	11	6	0.0
2025-03-25		VFB_00020150		6	1	11.0
2025-03-25		VFB_00020150	VFB_00101567	6	3	0.0
2025-03-25		VFB_00030852		16	1	0.0
2025-03-25		VFB_00030852	VFB_00030786	16	1	0.0
2025-03-25		VFB_00030867		10	1	94.0
2025-03-25		VFB_00030867	VFB_00017894	6	1	0.0
2025-03-25		VFB_00030867	VFB_00101567	4	1	0.0
2025-03-25		VFB_00050000		8	2	11.0
2025-03-25		VFB_00050000	VFB_00050000	8	2	0.0
2025-03-25		VFB_00063692		2	1	2.0
2025-03-25		VFB_00063692	VFB_00101567	2	1	0.0
2025-03-25		VFB_00069635		1	1	31.0
2025-03-25		VFB_00069635	VFB_00101567	1	1	0.0
2025-03-25		VFB_00100715		2	1	0.0
2025-03-25		VFB_00100715	VFB_00050000	2	1	0.0
2025-03-25		VFB_00100d2k		24	1	0.0
2025-03-25		VFB_00100d2k	VFB_00200000	24	1	0.0
2025-03-25		VFB_00100woh		3	1	2.0
2025-03-25		VFB_00100woh	VFB_00101567	3	2	0.0
2025-03-25		VFB_00101384		1	1	2.0
2025-03-25		VFB_00101384	VFB_00101384	2	2	8.0
2025-03-25		VFB_001014uq		2	1	30.0
2025-03-25		VFB_001014uq	VFB_00101567	2	1	0.0
2025-03-25		VFB_00101567		155	40	443.0
2025-03-25		VFB_00101567	VFB_00101567	176	54	20.0
2025-03-25		VFB_00102107		4	1	16.0
2025-03-25		VFB_00102107	VFB_00101567	6	3	0.0
2025-03-25		VFB_00102108		8	1	0.0
2025-03-25		VFB_00102108	VFB_00101567	8	2	0.0
2025-03-25		VFB_00102109		7	1	16.0
2025-03-25		VFB_00102109	VFB_00101567	7	3	0.0
2025-03-25		VFB_00102110		8	1	0.0
2025-03-25		VFB_00102110	VFB_00101567	8	4	0.0
2025-03-25		VFB_00102114		3	1	0.0
2025-03-25		VFB_00102114	VFB_00101567	1	1	0.0
2025-03-25		VFB_00102118		6	2	1.0
2025-03-25		VFB_00102118	VFB_00101567	8	3	0.0
2025-03-25		VFB_00102119		5	1	1.0
2025-03-25		VFB_00102119	VFB_00101567	6	3	0.0
2025-03-25		VFB_00102121		3	1	0.0
2025-03-25		VFB_00102121	VFB_00101567	2	1	0.0
2025-03-25		VFB_00102123		2	1	0.0
2025-03-25		VFB_00102124		2	1	0.0
2025-03-25		VFB_00102124	VFB_00101567	1	1	0.0
2025-03-25		VFB_00102133		2	1	0.0
2025-03-25		VFB_00102134		3	1	0.0
2025-03-25		VFB_00102134	VFB_00101567	3	2	0.0
2025-03-25		VFB_00102135		3	1	0.0
2025-03-25		VFB_00102135	VFB_00101567	3	2	0.0
2025-03-25		VFB_00102137		1	1	0.0
2025-03-25		VFB_00102137	VFB_00101567	1	1	0.0
2025-03-25		VFB_00102139		2	1	0.0
2025-03-25		VFB_00102139	VFB_00101567	2	2	0.0
2025-03-25		VFB_00102140		4	1	0.0
2025-03-25		VFB_00102140	VFB_00101567	4	2	0.0
2025-03-25		VFB_00102141		4	1	2.0
2025-03-25		VFB_00102141	VFB_00101567	4	2	0.0
2025-03-25		VFB_00102146		4	1	3.0
2025-03-25		VFB_00102146	VFB_00101567	6	3	0.0
2025-03-25		VFB_00102148		3	1	2.0
2025-03-25		VFB_00102148	VFB_00101567	3	2	0.0
2025-03-25		VFB_00102152		1	1	0.0
2025-03-25		VFB_00102152	VFB_00101567	1	1	0.0
2025-03-25		VFB_00102154		3	1	0.0
2025-03-25		VFB_00102154	VFB_00101567	1	1	0.0
2025-03-25		VFB_00102159		3	1	0.0
2025-03-25		VFB_00102159	VFB_00101567	5	2	0.0
2025-03-25		VFB_00102162		5	1	0.0
2025-03-25		VFB_00102162	VFB_00101567	2	2	0.0
2025-03-25		VFB_00102164		2	1	0.0
2025-03-25		VFB_00102164	VFB_00101567	3	2	0.0
2025-03-25		VFB_00102170		28	2	1.0
2025-03-25		VFB_00102170	VFB_00101567	26	3	0.0
2025-03-25		VFB_00102171		2	1	0.0
2025-03-25		VFB_00102171	VFB_00101567	2	2	0.0
2025-03-25		VFB_00102174		4	1	0.0
2025-03-25		VFB_00102174	VFB_00101567	3	2	0.0
2025-03-25		VFB_00102175		4	1	0.0
2025-03-25		VFB_00102175	VFB_00101567	4	2	0.0
2025-03-25		VFB_00102176		4	1	0.0
2025-03-25		VFB_00102176	VFB_00101567	1	1	0.0
2025-03-25		VFB_00102179		4	1	0.0
2025-03-25		VFB_00102179	VFB_00101567	4	2	0.0
2025-03-25		VFB_00102185		1	1	0.0
2025-03-25		VFB_00102185	VFB_00101567	1	1	0.0
2025-03-25		VFB_00102190		6	2	0.0
2025-03-25		VFB_00102190	VFB_00101567	6	3	0.0
2025-03-25		VFB_00102201		4	1	1.0
2025-03-25		VFB_00102201	VFB_00101567	6	3	0.0
2025-03-25		VFB_00102212		3	1	0.0
2025-03-25		VFB_00102212	VFB_00101567	3	2	0.0
2025-03-25		VFB_00102213		3	1	0.0
2025-03-25		VFB_00102213	VFB_00101567	3	2	0.0
2025-03-25		VFB_00102214		3	1	0.0
2025-03-25		VFB_00102214	VFB_00101567	3	2	0.0
2025-03-25		VFB_00102215		7	2	0.0
2025-03-25		VFB_00102215	VFB_00101567	7	2	0.0
2025-03-25		VFB_00102218		3	1	0.0
2025-03-25		VFB_00102218	VFB_00101567	3	2	0.0
2025-03-25		VFB_00102271		3	1	0.0
2025-03-25		VFB_00102271	VFB_00101567	3	2	0.0
2025-03-25		VFB_00102273		4	1	0.0
2025-03-25		VFB_00102273	VFB_00101567	4	1	0.0
2025-03-25		VFB_00102274		26	2	1.0
2025-03-25		VFB_00102274	VFB_00101567	26	2	0.0
2025-03-25		VFB_00102275		3	1	0.0
2025-03-25		VFB_00102275	VFB_00101567	1	1	0.0
2025-03-25		VFB_00102276		1	1	0.0
2025-03-25		VFB_00102276	VFB_00101567	1	1	0.0
2025-03-25		VFB_00102281		9	2	51.0
2025-03-25		VFB_00102281	VFB_00101567	8	4	0.0
2025-03-25		VFB_00102282		3	1	0.0
2025-03-25		VFB_00102282	VFB_00101567	3	2	0.0
2025-03-25		VFB_00102eg5		1	1	0.0
2025-03-25		VFB_00102eg5	VFB_00050000	1	1	0.0
2025-03-25		VFB_00102egc		1	1	0.0
2025-03-25		VFB_00102egc	VFB_00050000	1	1	0.0
2025-03-25		VFB_00102eox		1	1	0.0
2025-03-25		VFB_00102eox	VFB_00050000	1	1	0.0
2025-03-25		VFB_00102eyc		13	1	0.0
2025-03-25		VFB_00102eyc	VFB_00050000	13	1	0.0
2025-03-25		VFB_00102fhl		1	1	0.0
2025-03-25		VFB_00102fhl	VFB_00050000	1	1	0.0
2025-03-25		VFB_00104kug		7	1	10.0
2025-03-25		VFB_00104kug	VFB_00101567	7	2	0.0
2025-03-25		VFB_00110000		7	1	0.0
2025-03-25		VFB_00110000	VFB_00110000	7	1	0.0
2025-03-25		VFB_00200000		1	1	0.0
2025-03-25		VFB_00200000	VFB_00200000	1	1	0.0
2025-03-25		VFB_fw002900		10	1	73.0
2025-03-25		VFB_fw002900	VFB_00101567	7	2	0.0
2025-03-25		VFB_fw036236		11	1	14.0
2025-03-25		VFB_fw036236	VFB_00101567	8	2	0.0
2025-03-25		VFB_fw043535		1	1	1.0
2025-03-25		VFB_fw043535	VFB_00101567	1	1	0.0
2025-03-25		VFB_jrchjsj3		1	1	6.0
2025-03-25		VFB_jrchjsj3	VFB_00101567	1	1	0.0
2025-03-25		VFB_jrchjts1		2	1	9.0
2025-03-25		VFB_jrchjts1	VFB_00101567	2	2	0.0
2025-03-25		VFB_jrchk103		1	1	1.0
2025-03-25		VFB_jrchk103	VFB_00101567	1	1	0.0
2025-03-25		VFB_jrchk104		1	1	42.0
2025-03-25		VFB_jrchk104	VFB_00101567	1	1	0.0
2025-03-25		VFB_jrchk3b3		2	1	12.0
2025-03-25		VFB_jrchk3b3	VFB_00101567	2	2	0.0
2025-03-25		VFB_jrchk542		1	1	9.0
2025-03-25		VFB_jrchk542	VFB_00101567	1	1	0.0
2025-03-25		VFB_jrchk8e0		3	1	1.0
2025-03-25		VFB_jrchk8e0	VFB_00101567	3	1	0.0
2025-03-25		VFBexp_FBtp0058		27	2	1.0
2025-03-25		VFBexp_FBtp0058	VFB_00101567	27	3	0.0
2025-03-25		VFBexp_FBtp0099		2	1	18.0
2025-03-25		VFBexp_FBtp0099	VFB_00101567	3	1	0.0
2025-03-25		VFBexp_FBtp0104		2	1	1.0
2025-03-25		VFBexp_FBtp0104	VFB_00101567	2	1	0.0
2025-03-25		VFBexp_FBtp0114		1	1	0.0
2025-03-25		VFBexp_FBtp0114	VFB_00101567	1	1	0.0
2025-03-25	v2-dev.virtualflybrain.org	FBbt_00003748	VFB_00101567	4	2	373.0
2025-03-25	v2-dev.virtualflybrain.org	VFB_00101567	VFB_00101567	13	4	487.0
2025-03-25	v2-dev.virtualflybrain.org	VFB_00110000	VFB_00110000	7	2	91.0
2025-03-25	v2.virtualflybrain.org	FBbt_00003624	VFB_00101567	2	5	143.0
2025-03-25	v2.virtualflybrain.org	FBbt_00003679	VFB_00101567	0	1	55.0
2025-03-25	v2.virtualflybrain.org	FBbt_00003680	VFB_00101567	3	3	1.0
2025-03-25	v2.virtualflybrain.org	FBbt_00003681	VFB_00101567	0	3	24.0
2025-03-25	v2.virtualflybrain.org	FBbt_00003701	VFB_00101567	0	1	0.0
2025-03-25	v2.virtualflybrain.org	FBbt_00003748	VFB_00101567	0	3	60.0
2025-03-25	v2.virtualflybrain.org	FBbt_00003764	VFB_00101567	0	1	64.0
2025-03-25	v2.virtualflybrain.org	FBbt_00003982	VFB_00101567	0	1	320.0
2025-03-25	v2.virtualflybrain.org	FBbt_00005801	VFB_00101567	0	1	82.0
2025-03-25	v2.virtualflybrain.org	FBbt_00007054	VFB_00101567	0	1	2.0
2025-03-25	v2.virtualflybrain.org	FBbt_00007055	VFB_00101567	0	1	52.0
2025-03-25	v2.virtualflybrain.org	FBbt_00007385	VFB_00101567	0	2	1.0
2025-03-25	v2.virtualflybrain.org	FBbt_00007401	VFB_00101567	0	1	12.0
2025-03-25	v2.virtualflybrain.org	FBbt_00007428	VFB_00101567	0	3	0.0
2025-03-25	v2.virtualflybrain.org	FBbt_00007453	VFB_00101567	0	1	6.0
2025-03-25	v2.virtualflybrain.org	FBbt_00007684	VFB_00101567	0	1	14.0
2025-03-25	v2.virtualflybrain.org	FBbt_00013695	VFB_00101567	1	0	0.0
2025-03-25	v2.virtualflybrain.org	FBbt_00040037	VFB_00101567	0	1	7.0
2025-03-25	v2.virtualflybrain.org	FBbt_00040042	VFB_00101567	5	2	8.0
2025-03-25	v2.virtualflybrain.org	FBbt_00040043	VFB_00101567	0	2	63.0
2025-03-25	v2.virtualflybrain.org	FBbt_00040060	VFB_00101567	0	1	13.0
2025-03-25	v2.virtualflybrain.org	FBbt_00045048	VFB_00101567	0	1	11.0
2025-03-25	v2.virtualflybrain.org	FBbt_00045050	VFB_00101567	2	3	36.0
2025-03-25	v2.virtualflybrain.org	FBbt_00047042	VFB_00101567	0	1	10.0
2025-03-25	v2.virtualflybrain.org	FBbt_00047427	VFB_00101567	0	1	30.0
2025-03-25	v2.virtualflybrain.org	FBbt_00047662	VFB_00101567	0	1	14.0
2025-03-25	v2.virtualflybrain.org	FBbt_00049803	VFB_00101567	0	1	17.0
2025-03-25	v2.virtualflybrain.org	FBbt_00051479	VFB_00101567	3	1	0.0
2025-03-25	v2.virtualflybrain.org	FBbt_00067349	VFB_00101567	0	2	57.0
2025-03-25	v2.virtualflybrain.org	FBbt_00100249	VFB_00101567	0	1	78.0
2025-03-25	v2.virtualflybrain.org	FBbt_00110035	VFB_00049000	24	1	0.0
2025-03-25	v2.virtualflybrain.org	FBbt_00110127	VFB_00101567	0	1	90.0
2025-03-25	v2.virtualflybrain.org	FBbt_00110532	VFB_00101567	0	1	11.0
2025-03-25	v2.virtualflybrain.org	FBbt_00110657	VFB_00101567	3	1	3.0
2025-03-25	v2.virtualflybrain.org	FBbt_00111204	VFB_00049000	3	1	0.0
2025-03-25	v2.virtualflybrain.org	FBbt_20002578	VFB_00101567	0	2	66.0
2025-03-25	v2.virtualflybrain.org	FBbt_20003663		1	1	2.0
2025-03-25	v2.virtualflybrain.org	FBbt_20003663	VFB_00101567	0	1	55.0
2025-03-25	v2.virtualflybrain.org	VFB_00006282	VFB_00101567	0	1	22.0
2025-03-25	v2.virtualflybrain.org	VFB_00006368	VFB_00101567	0	1	79.0
2025-03-25	v2.virtualflybrain.org	VFB_00007855	VFB_00101567	0	1	78.0
2025-03-25	v2.virtualflybrain.org	VFB_00011604	VFB_00101567	1	3	91.0
2025-03-25	v2.virtualflybrain.org	VFB_00017894	VFB_00017894	0	1	0.0
2025-03-25	v2.virtualflybrain.org	VFB_00020150	VFB_00101567	3	3	0.0
2025-03-25	v2.virtualflybrain.org	VFB_00030786	VFB_00030786	0	1	0.0
2025-03-25	v2.virtualflybrain.org	VFB_00030852	VFB_00030786	16	1	0.0
2025-03-25	v2.virtualflybrain.org	VFB_00030867	VFB_00017894	2	4	5.0
2025-03-25	v2.virtualflybrain.org	VFB_00030867	VFB_00101567	2	2	8.0
2025-03-25	v2.virtualflybrain.org	VFB_00049000	VFB_00049000	0	2	0.0
2025-03-25	v2.virtualflybrain.org	VFB_00050000		1	1	0.0
2025-03-25	v2.virtualflybrain.org	VFB_00050000	VFB_00050000	3	5	33.0
2025-03-25	v2.virtualflybrain.org	VFB_00063692	VFB_00101567	0	1	49.0
2025-03-25	v2.virtualflybrain.org	VFB_00066603	VFB_00101567	4	1	235.0
2025-03-25	v2.virtualflybrain.org	VFB_00069635	VFB_00101567	0	1	58.0
2025-03-25	v2.virtualflybrain.org	VFB_00100715	VFB_00050000	2	1	0.0
2025-03-25	v2.virtualflybrain.org	VFB_00100d2k	VFB_00200000	24	1	0.0
2025-03-25	v2.virtualflybrain.org	VFB_00100woh	VFB_00101567	0	1	104.0
2025-03-25	v2.virtualflybrain.org	VFB_00101384	VFB_00101384	1	2	0.0
2025-03-25	v2.virtualflybrain.org	VFB_001014uq	VFB_00101567	0	1	3.0
2025-03-25	v2.virtualflybrain.org	VFB_00101567	VFB_00101567	38	76	1267.0
2025-03-25	v2.virtualflybrain.org	VFB_00102108	VFB_00101567	0	1	39.0
2025-03-25	v2.virtualflybrain.org	VFB_00102110	VFB_00101567	0	1	0.0
2025-03-25	v2.virtualflybrain.org	VFB_00102114	VFB_00101567	0	2	26.0
2025-03-25	v2.virtualflybrain.org	VFB_00102118	VFB_00101567	2	2	0.0
2025-03-25	v2.virtualflybrain.org	VFB_00102121	VFB_00101567	0	1	7.0
2025-03-25	v2.virtualflybrain.org	VFB_00102124	VFB_00101567	0	1	0.0
2025-03-25	v2.virtualflybrain.org	VFB_00102133	VFB_00101567	0	1	0.0
2025-03-25	v2.virtualflybrain.org	VFB_00102137	VFB_00101567	0	1	9.0
2025-03-25	v2.virtualflybrain.org	VFB_00102139	VFB_00101567	0	1	1.0
2025-03-25	v2.virtualflybrain.org	VFB_00102140	VFB_00101567	0	1	0.0
2025-03-25	v2.virtualflybrain.org	VFB_00102141	VFB_00101567	0	1	6.0
2025-03-25	v2.virtualflybrain.org	VFB_00102148	VFB_00101567	0	1	8.0
2025-03-25	v2.virtualflybrain.org	VFB_00102152	VFB_00101567	0	1	5.0
2025-03-25	v2.virtualflybrain.org	VFB_00102154	VFB_00101567	0	1	4.0
2025-03-25	v2.virtualflybrain.org	VFB_00102162	VFB_00101567	0	1	11.0
2025-03-25	v2.virtualflybrain.org	VFB_00102164	VFB_00101567	0	1	3.0
2025-03-25	v2.virtualflybrain.org	VFB_00102170	VFB_00101567	24	2	4.0
2025-03-25	v2.virtualflybrain.org	VFB_00102171	VFB_00101567	0	1	1.0
2025-03-25	v2.virtualflybrain.org	VFB_00102176	VFB_00101567	0	1	0.0
2025-03-25	v2.virtualflybrain.org	VFB_00102179	VFB_00101567	0	1	1.0
2025-03-25	v2.virtualflybrain.org	VFB_00102185	VFB_00101567	0	1	0.0
2025-03-25	v2.virtualflybrain.org	VFB_00102190	VFB_00101567	0	1	0.0
2025-03-25	v2.virtualflybrain.org	VFB_00102212	VFB_00101567	0	1	16.0
2025-03-25	v2.virtualflybrain.org	VFB_00102215	VFB_00101567	7	2	0.0
2025-03-25	v2.virtualflybrain.org	VFB_00102218	VFB_00101567	0	1	7.0
2025-03-25	v2.virtualflybrain.org	VFB_00102271	VFB_00101567	0	1	0.0
2025-03-25	v2.virtualflybrain.org	VFB_00102273	VFB_00101567	0	1	28.0
2025-03-25	v2.virtualflybrain.org	VFB_00102274	VFB_00101567	24	2	4.0
2025-03-25	v2.virtualflybrain.org	VFB_00102275	VFB_00101567	0	1	0.0
2025-03-25	v2.virtualflybrain.org	VFB_00102276	VFB_00101567	0	1	30.0
2025-03-25	v2.virtualflybrain.org	VFB_00102281	VFB_00101567	1	2	60.0
2025-03-25	v2.virtualflybrain.org	VFB_00102eg5	VFB_00050000	0	1	112.0
2025-03-25	v2.virtualflybrain.org	VFB_00102egc	VFB_00050000	0	1	22.0
2025-03-25	v2.virtualflybrain.org	VFB_00102eox	VFB_00050000	0	1	53.0
2025-03-25	v2.virtualflybrain.org	VFB_00102eyc	VFB_00050000	13	1	0.0
2025-03-25	v2.virtualflybrain.org	VFB_00102fhl	VFB_00050000	0	1	27.0
2025-03-25	v2.virtualflybrain.org	VFB_00104kug	VFB_00101567	0	2	60.0
2025-03-25	v2.virtualflybrain.org	VFB_00200000	VFB_00200000	2	3	0.0
2025-03-25	v2.virtualflybrain.org	VFB_fw002900	VFB_00101567	2	3	12.0
2025-03-25	v2.virtualflybrain.org	VFB_fw036236	VFB_00101567	2	2	119.0
2025-03-25	v2.virtualflybrain.org	VFB_fw043535	VFB_00101567	0	1	207.0
2025-03-25	v2.virtualflybrain.org	VFB_jrchjsj3	VFB_00101567	1	1	0.0
2025-03-25	v2.virtualflybrain.org	VFB_jrchjts1	VFB_00101567	2	1	0.0
2025-03-25	v2.virtualflybrain.org	VFB_jrchk103	VFB_00101567	1	1	0.0
2025-03-25	v2.virtualflybrain.org	VFB_jrchk104	VFB_00101567	0	1	12.0
2025-03-25	v2.virtualflybrain.org	VFB_jrchk3b3	VFB_00101567	0	2	49.0
2025-03-25	v2.virtualflybrain.org	VFB_jrchk542	VFB_00101567	0	1	88.0
2025-03-25	v2.virtualflybrain.org	VFB_jrchk8e0	VFB_00101567	3	1	0.0
2025-03-25	v2.virtualflybrain.org	VFBexp_FBtp0058	VFB_00101567	24	4	33.0
2025-03-25	v2.virtualflybrain.org	VFBexp_FBtp0099	VFB_00101567	0	1	0.0
2025-03-25	v2.virtualflybrain.org	VFBexp_FBtp0104	VFB_00101567	0	2	411.0
2025-03-25	v2.virtualflybrain.org	VFBu_j0bgskb1		1	1	3.0
2025-03-26		FBbt_00003624		14	7	1.0
2025-03-26		FBbt_00003624	VFB_00101567	18	7	0.0
2025-03-26		FBbt_00003627		3	1	0.0
2025-03-26		FBbt_00003627	VFB_00101567	3	1	0.0
2025-03-26		FBbt_00003632		1	1	0.0
2025-03-26		FBbt_00003632	VFB_00101567	1	1	0.0
2025-03-26		FBbt_00003650		1	1	0.0
2025-03-26		FBbt_00003650	VFB_00101567	1	1	0.0
2025-03-26		FBbt_00003651		1	1	0.0
2025-03-26		FBbt_00003651	VFB_00101567	1	1	0.0
2025-03-26		FBbt_00003668		3	1	3.0
2025-03-26		FBbt_00003668	VFB_00017894	1	1	0.0
2025-03-26		FBbt_00003668	VFB_00101567	2	2	0.0
2025-03-26		FBbt_00003678		15	5	8.0
2025-03-26		FBbt_00003678	VFB_00017894	2	1	0.0
2025-03-26		FBbt_00003678	VFB_00101567	13	5	0.0
2025-03-26		FBbt_00003679		18	5	0.0
2025-03-26		FBbt_00003679	VFB_00101567	18	6	0.0
2025-03-26		FBbt_00003680		4	1	0.0
2025-03-26		FBbt_00003680	VFB_00101567	4	1	0.0
2025-03-26		FBbt_00003681		13	6	2.0
2025-03-26		FBbt_00003681	VFB_00101567	15	8	0.0
2025-03-26		FBbt_00003684		5	2	0.0
2025-03-26		FBbt_00003684	VFB_00101567	5	2	0.0
2025-03-26		FBbt_00003748		8	3	1.0
2025-03-26		FBbt_00003748	VFB_00101567	8	4	0.0
2025-03-26		FBbt_00003773		2	1	0.0
2025-03-26		FBbt_00003773	VFB_00101567	2	1	0.0
2025-03-26		FBbt_00003912		2	1	0.0
2025-03-26		FBbt_00003912	VFB_00101567	2	1	0.0
2025-03-26		FBbt_00005801		1	1	0.0
2025-03-26		FBbt_00005801	VFB_00050000	1	1	0.0
2025-03-26		FBbt_00007050		4	1	0.0
2025-03-26		FBbt_00007050	VFB_00101567	4	1	0.0
2025-03-26		FBbt_00007054		4	1	0.0
2025-03-26		FBbt_00007054	VFB_00101567	4	1	0.0
2025-03-26		FBbt_00007055		1	1	0.0
2025-03-26		FBbt_00007055	VFB_00101567	1	1	0.0
2025-03-26		FBbt_00007145		1	1	0.0
2025-03-26		FBbt_00007145	VFB_00101567	1	1	0.0
2025-03-26		FBbt_00007453		1	1	0.0
2025-03-26		FBbt_00007453	VFB_00101567	1	1	0.0
2025-03-26		FBbt_00007537		1	1	0.0
2025-03-26		FBbt_00007537	VFB_00101567	1	1	0.0
2025-03-26		FBbt_00013688		1	1	0.0
2025-03-26		FBbt_00013688	VFB_00017894	1	1	0.0
2025-03-26		FBbt_00040040		1	1	0.0
2025-03-26		FBbt_00040040	VFB_00101567	2	1	0.0
2025-03-26		FBbt_00040041		13	4	0.0
2025-03-26		FBbt_00040041	VFB_00101567	13	5	0.0
2025-03-26		FBbt_00040042		5	3	0.0
2025-03-26		FBbt_00040042	VFB_00101567	5	3	0.0
2025-03-26		FBbt_00040043		11	6	1.0
2025-03-26		FBbt_00040043	VFB_00017894	1	1	0.0
2025-03-26		FBbt_00040043	VFB_00101567	11	5	0.0
2025-03-26		FBbt_00040044		1	1	0.0
2025-03-26		FBbt_00040044	VFB_00101567	1	1	0.0
2025-03-26		FBbt_00040050		4	1	5.0
2025-03-26		FBbt_00040050	VFB_00101567	4	1	0.0
2025-03-26		FBbt_00040060		6	1	0.0
2025-03-26		FBbt_00040060	VFB_00101567	6	1	0.0
2025-03-26		FBbt_00040071		2	1	0.0
2025-03-26		FBbt_00040071	VFB_00101567	3	1	0.0
2025-03-26		FBbt_00040072		3	1	0.0
2025-03-26		FBbt_00040072	VFB_00101567	3	1	0.0
2025-03-26		FBbt_00045027		1	1	0.0
2025-03-26		FBbt_00045027	VFB_00101567	1	1	0.0
2025-03-26		FBbt_00045037		2	1	0.0
2025-03-26		FBbt_00045037	VFB_00101567	2	1	0.0
2025-03-26		FBbt_00045047		9	1	0.0
2025-03-26		FBbt_00045047	VFB_00101567	9	1	0.0
2025-03-26		FBbt_00045048		1	1	0.0
2025-03-26		FBbt_00045048	VFB_00101567	1	1	0.0
2025-03-26		FBbt_00045050		1	1	0.0
2025-03-26		FBbt_00045050	VFB_00101567	1	1	0.0
2025-03-26		FBbt_00047030		5	1	1.0
2025-03-26		FBbt_00047030	VFB_00017894	1	1	0.0
2025-03-26		FBbt_00047030	VFB_00101567	4	3	0.0
2025-03-26		FBbt_00047050		1	1	2.0
2025-03-26		FBbt_00047050	VFB_00101567	1	1	0.0
2025-03-26		FBbt_00047090		4	1	1.0
2025-03-26		FBbt_00047090	VFB_00101567	4	2	0.0
2025-03-26		FBbt_00067355		2	1	0.0
2025-03-26		FBbt_00067355	VFB_00101567	2	1	0.0
2025-03-26		FBbt_00100222		2	1	0.0
2025-03-26		FBbt_00100222	VFB_00017894	1	1	0.0
2025-03-26		FBbt_00100222	VFB_00050000	1	1	0.0
2025-03-26		FBbt_00100249		1	1	0.0
2025-03-26		FBbt_00100249	VFB_00101567	1	1	0.0
2025-03-26		FBbt_00110035		24	1	0.0
2025-03-26		FBbt_00110035	VFB_00049000	24	1	0.0
2025-03-26		FBbt_00110414		1	1	0.0
2025-03-26		FBbt_00110414	VFB_00101567	1	1	0.0
2025-03-26		FBbt_00110428		1	1	1.0
2025-03-26		FBbt_00110428	VFB_00101567	1	1	0.0
2025-03-26		FBbt_00110636		1	1	0.0
2025-03-26		FBbt_00110636	VFB_00101567	1	1	0.0
2025-03-26		FBbt_00110638		2	1	0.0
2025-03-26		FBbt_00110638	VFB_00101567	2	1	0.0
2025-03-26		FBbt_00110657		7	1	0.0
2025-03-26		FBbt_00110657	VFB_00101567	7	2	0.0
2025-03-26		FBcv_0005054		1	1	0.0
2025-03-26		FBcv_0005054	VFB_00101567	1	1	0.0
2025-03-26		VFB_00017892		2	1	8.0
2025-03-26		VFB_00017892	VFB_00101567	2	1	0.0
2025-03-26		VFB_00020121		1	1	13.0
2025-03-26		VFB_00020121	VFB_00101567	1	1	0.0
2025-03-26		VFB_00022531		1	1	0.0
2025-03-26		VFB_00022531	VFB_00101567	1	1	0.0
2025-03-26		VFB_00022912		7	1	15.0
2025-03-26		VFB_00022912	VFB_00101567	7	2	0.0
2025-03-26		VFB_00023641		1	1	5.0
2025-03-26		VFB_00023641	VFB_00101567	1	1	0.0
2025-03-26		VFB_00030608		8	1	20.0
2025-03-26		VFB_00030608	VFB_00017894	8	2	0.0
2025-03-26		VFB_00030611		17	1	16.0
2025-03-26		VFB_00030611	VFB_00017894	7	2	0.0
2025-03-26		VFB_00030619		7	1	16.0
2025-03-26		VFB_00030619	VFB_00017894	7	2	0.0
2025-03-26		VFB_00030849		2	1	2.0
2025-03-26		VFB_00030849	VFB_00101567	2	1	0.0
2025-03-26		VFB_00030866		14	1	18.0
2025-03-26		VFB_00030866	VFB_00017894	21	3	0.0
2025-03-26		VFB_00030866	VFB_00101567	3	1	0.0
2025-03-26		VFB_00030867		9	2	12.0
2025-03-26		VFB_00030867	VFB_00017894	5	2	0.0
2025-03-26		VFB_00030867	VFB_00050000	3	1	0.0
2025-03-26		VFB_00030867	VFB_00101567	1	1	0.0
2025-03-26		VFB_00043397		4	1	4.0
2025-03-26		VFB_00043397	VFB_00017894	4	1	0.0
2025-03-26		VFB_00049000		1	1	0.0
2025-03-26		VFB_00049000	VFB_00049000	1	1	0.0
2025-03-26		VFB_00050314		38	1	7.0
2025-03-26		VFB_00050314	VFB_00049000	18	1	0.0
2025-03-26		VFB_00050314	VFB_00101567	20	3	0.0
2025-03-26		VFB_001000s4		2	1	4.0
2025-03-26		VFB_001000s4	VFB_00101567	2	1	0.0
2025-03-26		VFB_00100d2k		24	1	0.0
2025-03-26		VFB_00100d2k	VFB_00200000	24	1	0.0
2025-03-26		VFB_00101220		1	1	0.0
2025-03-26		VFB_00101220	VFB_00101567	1	1	0.0
2025-03-26		VFB_00101567		110	31	142.0
2025-03-26		VFB_00101567	VFB_00101567	113	37	0.0
2025-03-26		VFB_00101fv5		5	1	1.0
2025-03-26		VFB_00101fv5	VFB_00101567	4	1	0.0
2025-03-26		VFB_00101fv5	VFB_00200000	1	1	0.0
2025-03-26		VFB_00102107		6	2	3.0
2025-03-26		VFB_00102107	VFB_00101567	6	3	0.0
2025-03-26		VFB_00102114		2	1	1.0
2025-03-26		VFB_00102114	VFB_00101567	2	1	0.0
2025-03-26		VFB_00102118		2	1	1.0
2025-03-26		VFB_00102118	VFB_00101567	2	1	0.0
2025-03-26		VFB_00102134		18	4	11.0
2025-03-26		VFB_00102134	VFB_00101567	18	6	0.0
2025-03-26		VFB_00102135		23	3	49.0
2025-03-26		VFB_00102135	VFB_00101567	22	7	0.0
2025-03-26		VFB_00102137		2	1	5.0
2025-03-26		VFB_00102137	VFB_00101567	2	1	0.0
2025-03-26		VFB_00102146		6	2	14.0
2025-03-26		VFB_00102146	VFB_00101567	6	4	0.0
2025-03-26		VFB_00102152		2	1	1.0
2025-03-26		VFB_00102152	VFB_00101567	2	2	0.0
2025-03-26		VFB_00102154		1	1	1.0
2025-03-26		VFB_00102154	VFB_00101567	1	1	0.0
2025-03-26		VFB_00102162		2	1	0.0
2025-03-26		VFB_00102162	VFB_00101567	2	1	0.0
2025-03-26		VFB_00102164		2	1	0.0
2025-03-26		VFB_00102164	VFB_00101567	2	1	0.0
2025-03-26		VFB_00102170		26	2	0.0
2025-03-26		VFB_00102170	VFB_00101567	26	2	0.0
2025-03-26		VFB_00102205		1	1	1.0
2025-03-26		VFB_00102205	VFB_00050000	1	1	0.0
2025-03-26		VFB_00102212		5	1	4.0
2025-03-26		VFB_00102212	VFB_00101567	4	2	0.0
2025-03-26		VFB_00102213		2	1	0.0
2025-03-26		VFB_00102213	VFB_00101567	2	1	0.0
2025-03-26		VFB_00102214		2	1	0.0
2025-03-26		VFB_00102214	VFB_00101567	2	1	0.0
2025-03-26		VFB_00102215		9	2	0.0
2025-03-26		VFB_00102215	VFB_00101567	9	2	0.0
2025-03-26		VFB_00102218		2	1	0.0
2025-03-26		VFB_00102218	VFB_00101567	2	1	0.0
2025-03-26		VFB_00102274		28	2	0.0
2025-03-26		VFB_00102274	VFB_00101567	27	2	0.0
2025-03-26		VFB_00102275		2	1	0.0
2025-03-26		VFB_00102275	VFB_00101567	2	1	0.0
2025-03-26		VFB_00102281		3	1	25.0
2025-03-26		VFB_00102281	VFB_00101567	3	2	0.0
2025-03-26		VFB_00110000		2	1	0.0
2025-03-26		VFB_00110000	VFB_00110000	2	1	0.0
2025-03-26		VFB_00200000		1	1	0.0
2025-03-26		VFB_00200000	VFB_00101567	1	1	0.0
2025-03-26		VFB_00200000	VFB_00200000	1	1	0.0
2025-03-26		VFB_fw001918		5	1	5.0
2025-03-26		VFB_fw001918	VFB_00101567	2	1	0.0
2025-03-26		VFB_fw004270		1	1	29.0
2025-03-26		VFB_fw004270	VFB_00101567	1	1	0.0
2025-03-26		VFB_fw010336		1	1	5.0
2025-03-26		VFB_fw010336	VFB_00101567	1	1	0.0
2025-03-26		VFB_fw022036		1	1	57.0
2025-03-26		VFB_fw022036	VFB_00101567	1	1	0.0
2025-03-26		VFB_fw027897		1	1	1.0
2025-03-26		VFB_fw027897	VFB_00101567	1	1	0.0
2025-03-26		VFB_fw030308		48	1	203.0
2025-03-26		VFB_fw030308	VFB_00017894	6	1	0.0
2025-03-26		VFB_fw030308	VFB_00101567	55	8	0.0
2025-03-26		VFB_fw033275		3	1	13.0
2025-03-26		VFB_fw033275	VFB_00101567	3	2	0.0
2025-03-26		VFB_fw035524		1	1	0.0
2025-03-26		VFB_fw035524	VFB_00101567	1	1	0.0
2025-03-26		VFB_fw036754		4	1	17.0
2025-03-26		VFB_fw036754	VFB_00101567	4	2	0.0
2025-03-26		VFB_fw036952		6	1	13.0
2025-03-26		VFB_fw036952	VFB_00101567	6	1	0.0
2025-03-26		VFB_fw036977		5	1	9.0
2025-03-26		VFB_fw036977	VFB_00017894	4	1	0.0
2025-03-26		VFB_fw036977	VFB_00101567	1	1	0.0
2025-03-26		VFB_jrchjrhd		3	1	3.0
2025-03-26		VFB_jrchjrhd	VFB_00017894	2	1	0.0
2025-03-26		VFB_jrchjrhd	VFB_00101567	1	1	0.0
2025-03-26		VFB_jrchjtl3		44	1	79.0
2025-03-26		VFB_jrchjtl3	VFB_00101567	14	3	0.0
2025-03-26		VFB_jrchjtro		1	1	2.0
2025-03-26		VFB_jrchjtro	VFB_00101567	1	1	0.0
2025-03-26		VFB_jrchjtwl		30	1	24.0
2025-03-26		VFB_jrchjtwl	VFB_00101567	47	1	0.0
2025-03-26		VFB_jrchjuja		3	1	6.0
2025-03-26		VFB_jrchjuja	VFB_00101567	3	2	0.0
2025-03-26		VFB_jrchjujg		3	1	4.0
2025-03-26		VFB_jrchjujg	VFB_00101567	3	2	0.0
2025-03-26		VFBexp_FBti0002		1	1	0.0
2025-03-26		VFBexp_FBti0002	VFB_00101567	1	1	0.0
2025-03-26		VFBexp_FBtp0058		24	1	0.0
2025-03-26		VFBexp_FBtp0058	VFB_00101567	24	1	0.0
2025-03-26		VFBexp_FBtp0061		1	1	0.0
2025-03-26		VFBexp_FBtp0061	VFB_00101567	1	1	0.0
2025-03-26		VFBexp_FBtp0088		1	1	0.0
2025-03-26		VFBexp_FBtp0088	VFB_00101567	1	1	0.0
2025-03-26		VFBexp_FBtp0105		1	1	0.0
2025-03-26		VFBexp_FBtp0105	VFB_00017894	1	1	0.0
2025-03-26		VFBexp_FBtp0121		8	2	0.0
2025-03-26		VFBexp_FBtp0121	VFB_00101567	8	2	0.0
2025-03-26	v2-dev.virtualflybrain.org	VFB_00049000	VFB_00049000	1	2	33.0
2025-03-26	v2-dev.virtualflybrain.org	VFB_00101567	VFB_00101567	4	2	5.0
2025-03-26	v2-dev.virtualflybrain.org	VFB_00110000	VFB_00110000	2	2	166.0
2025-03-26	v2.virtualflybrain.org	FBbt_00001569		1	1	14.0
2025-03-26	v2.virtualflybrain.org	FBbt_00002446		1	1	10.0
2025-03-26	v2.virtualflybrain.org	FBbt_00003624		1	1	1.0
2025-03-26	v2.virtualflybrain.org	FBbt_00003624	VFB_00101567	1	6	204.0
2025-03-26	v2.virtualflybrain.org	FBbt_00003627	VFB_00101567	0	1	28.0
2025-03-26	v2.virtualflybrain.org	FBbt_00003632	VFB_00101567	0	1	88.0
2025-03-26	v2.virtualflybrain.org	FBbt_00003668	VFB_00017894	0	1	20.0
2025-03-26	v2.virtualflybrain.org	FBbt_00003668	VFB_00101567	0	2	35.0
2025-03-26	v2.virtualflybrain.org	FBbt_00003678	VFB_00017894	0	2	24.0
2025-03-26	v2.virtualflybrain.org	FBbt_00003678	VFB_00101567	0	5	72.0
2025-03-26	v2.virtualflybrain.org	FBbt_00003679	VFB_00101567	4	7	93.0
2025-03-26	v2.virtualflybrain.org	FBbt_00003680	VFB_00101567	0	2	15.0
2025-03-26	v2.virtualflybrain.org	FBbt_00003681	VFB_00101567	4	10	1414.0
2025-03-26	v2.virtualflybrain.org	FBbt_00003684	VFB_00101567	1	3	151.0
2025-03-26	v2.virtualflybrain.org	FBbt_00003748	VFB_00101567	0	5	108.0
2025-03-26	v2.virtualflybrain.org	FBbt_00003773	VFB_00101567	0	2	90.0
2025-03-26	v2.virtualflybrain.org	FBbt_00003912	VFB_00101567	0	2	62.0
2025-03-26	v2.virtualflybrain.org	FBbt_00005801	VFB_00050000	0	1	15.0
2025-03-26	v2.virtualflybrain.org	FBbt_00007050	VFB_00101567	0	1	28.0
2025-03-26	v2.virtualflybrain.org	FBbt_00007054	VFB_00101567	3	2	108.0
2025-03-26	v2.virtualflybrain.org	FBbt_00007145	VFB_00101567	0	1	27.0
2025-03-26	v2.virtualflybrain.org	FBbt_00007453	VFB_00101567	0	1	23.0
2025-03-26	v2.virtualflybrain.org	FBbt_00007537	VFB_00101567	0	1	189.0
2025-03-26	v2.virtualflybrain.org	FBbt_00013688	VFB_00017894	0	1	13.0
2025-03-26	v2.virtualflybrain.org	FBbt_00040040	VFB_00101567	0	1	3.0
2025-03-26	v2.virtualflybrain.org	FBbt_00040041	VFB_00101567	6	5	1274.0
2025-03-26	v2.virtualflybrain.org	FBbt_00040042	VFB_00101567	4	4	869.0
2025-03-26	v2.virtualflybrain.org	FBbt_00040043	VFB_00017894	0	1	2.0
2025-03-26	v2.virtualflybrain.org	FBbt_00040043	VFB_00101567	5	6	313.0
2025-03-26	v2.virtualflybrain.org	FBbt_00040044	VFB_00101567	1	1	66.0
2025-03-26	v2.virtualflybrain.org	FBbt_00040050	VFB_00101567	0	1	43.0
2025-03-26	v2.virtualflybrain.org	FBbt_00040060	VFB_00101567	0	1	94.0
2025-03-26	v2.virtualflybrain.org	FBbt_00040071	VFB_00101567	0	1	6.0
2025-03-26	v2.virtualflybrain.org	FBbt_00040072	VFB_00101567	0	1	3.0
2025-03-26	v2.virtualflybrain.org	FBbt_00045027	VFB_00101567	1	1	89.0
2025-03-26	v2.virtualflybrain.org	FBbt_00045037	VFB_00101567	0	1	10.0
2025-03-26	v2.virtualflybrain.org	FBbt_00045047	VFB_00101567	0	1	36.0
2025-03-26	v2.virtualflybrain.org	FBbt_00045048	VFB_00101567	0	1	0.0
2025-03-26	v2.virtualflybrain.org	FBbt_00045050	VFB_00101567	2	2	0.0
2025-03-26	v2.virtualflybrain.org	FBbt_00047030	VFB_00017894	0	1	45.0
2025-03-26	v2.virtualflybrain.org	FBbt_00047030	VFB_00101567	0	4	124.0
2025-03-26	v2.virtualflybrain.org	FBbt_00047090	VFB_00101567	3	3	0.0
2025-03-26	v2.virtualflybrain.org	FBbt_00067355	VFB_00101567	0	1	32.0
2025-03-26	v2.virtualflybrain.org	FBbt_00100222	VFB_00017894	0	1	14.0
2025-03-26	v2.virtualflybrain.org	FBbt_00100222	VFB_00050000	1	1	0.0
2025-03-26	v2.virtualflybrain.org	FBbt_00100249	VFB_00101567	0	1	45.0
2025-03-26	v2.virtualflybrain.org	FBbt_00110035	VFB_00049000	24	1	0.0
2025-03-26	v2.virtualflybrain.org	FBbt_00110414	VFB_00101567	0	1	48.0
2025-03-26	v2.virtualflybrain.org	FBbt_00110428	VFB_00101567	0	1	23.0
2025-03-26	v2.virtualflybrain.org	FBbt_00110636	VFB_00101567	0	1	1.0
2025-03-26	v2.virtualflybrain.org	FBbt_00110638	VFB_00101567	0	1	11.0
2025-03-26	v2.virtualflybrain.org	FBbt_00110657	VFB_00101567	0	2	71.0
2025-03-26	v2.virtualflybrain.org	FBcv_0005054	VFB_00101567	0	1	40.0
2025-03-26	v2.virtualflybrain.org	VFB_00006368	VFB_00101567	0	1	1.0
2025-03-26	v2.virtualflybrain.org	VFB_00017892	VFB_00101567	0	1	7.0
2025-03-26	v2.virtualflybrain.org	VFB_00017894	VFB_00017894	0	1	0.0
2025-03-26	v2.virtualflybrain.org	VFB_00020121	VFB_00101567	0	1	55.0
2025-03-26	v2.virtualflybrain.org	VFB_00022531	VFB_00101567	0	2	163.0
2025-03-26	v2.virtualflybrain.org	VFB_00022912	VFB_00101567	1	2	145.0
2025-03-26	v2.virtualflybrain.org	VFB_00023641	VFB_00023641	2	4	9.0
2025-03-26	v2.virtualflybrain.org	VFB_00030608	VFB_00017894	0	1	0.0
2025-03-26	v2.virtualflybrain.org	VFB_00030611	VFB_00017894	0	1	0.0
2025-03-26	v2.virtualflybrain.org	VFB_00030619	VFB_00017894	0	1	16.0
2025-03-26	v2.virtualflybrain.org	VFB_00030849	VFB_00101567	0	1	2.0
2025-03-26	v2.virtualflybrain.org	VFB_00030866	VFB_00017894	1	2	1.0
2025-03-26	v2.virtualflybrain.org	VFB_00030866	VFB_00101567	1	2	28.0
2025-03-26	v2.virtualflybrain.org	VFB_00030867	VFB_00017894	5	3	1.0
2025-03-26	v2.virtualflybrain.org	VFB_00030867	VFB_00050000	0	2	2.0
2025-03-26	v2.virtualflybrain.org	VFB_00030867	VFB_00101567	1	1	0.0
2025-03-26	v2.virtualflybrain.org	VFB_00043397	VFB_00017894	0	1	0.0
2025-03-26	v2.virtualflybrain.org	VFB_00049000	VFB_00049000	0	2	0.0
2025-03-26	v2.virtualflybrain.org	VFB_00050000	VFB_00050000	0	1	1.0
2025-03-26	v2.virtualflybrain.org	VFB_00050314	VFB_00049000	19	3	109.0
2025-03-26	v2.virtualflybrain.org	VFB_00050314	VFB_00101567	2	7	383.0
2025-03-26	v2.virtualflybrain.org	VFB_001000s4	VFB_00101567	0	1	0.0
2025-03-26	v2.virtualflybrain.org	VFB_00100d2k	VFB_00200000	24	1	0.0
2025-03-26	v2.virtualflybrain.org	VFB_00101220	VFB_00101567	0	1	24.0
2025-03-26	v2.virtualflybrain.org	VFB_00101567	VFB_00101567	30	73	947.0
2025-03-26	v2.virtualflybrain.org	VFB_00101fv5	VFB_00101567	4	3	40.0
2025-03-26	v2.virtualflybrain.org	VFB_00101fv5	VFB_00200000	1	2	6.0
2025-03-26	v2.virtualflybrain.org	VFB_00102107	VFB_00101567	0	2	11.0
2025-03-26	v2.virtualflybrain.org	VFB_00102114	VFB_00101567	0	1	1.0
2025-03-26	v2.virtualflybrain.org	VFB_00102118	VFB_00101567	0	1	15.0
2025-03-26	v2.virtualflybrain.org	VFB_00102134	VFB_00101567	0	4	21.0
2025-03-26	v2.virtualflybrain.org	VFB_00102135	VFB_00101567	4	6	158.0
2025-03-26	v2.virtualflybrain.org	VFB_00102137	VFB_00101567	0	1	0.0
2025-03-26	v2.virtualflybrain.org	VFB_00102146	VFB_00101567	5	4	806.0
2025-03-26	v2.virtualflybrain.org	VFB_00102152	VFB_00101567	0	1	73.0
2025-03-26	v2.virtualflybrain.org	VFB_00102154	VFB_00101567	0	1	5.0
2025-03-26	v2.virtualflybrain.org	VFB_00102162	VFB_00101567	0	1	2.0
2025-03-26	v2.virtualflybrain.org	VFB_00102164	VFB_00101567	0	1	2.0
2025-03-26	v2.virtualflybrain.org	VFB_00102170	VFB_00101567	24	2	3.0
2025-03-26	v2.virtualflybrain.org	VFB_00102205	VFB_00102205	1	2	24.0
2025-03-26	v2.virtualflybrain.org	VFB_00102212	VFB_00101567	0	2	4.0
2025-03-26	v2.virtualflybrain.org	VFB_00102213	VFB_00101567	0	1	1.0
2025-03-26	v2.virtualflybrain.org	VFB_00102214	VFB_00101567	0	1	3.0
2025-03-26	v2.virtualflybrain.org	VFB_00102215	VFB_00101567	9	2	9.0
2025-03-26	v2.virtualflybrain.org	VFB_00102218	VFB_00101567	0	1	1.0
2025-03-26	v2.virtualflybrain.org	VFB_00102274	VFB_00101567	24	2	3.0
2025-03-26	v2.virtualflybrain.org	VFB_00102275	VFB_00101567	0	1	4.0
2025-03-26	v2.virtualflybrain.org	VFB_00102281	VFB_00101567	0	1	0.0
2025-03-26	v2.virtualflybrain.org	VFB_00200000	VFB_00101567	0	1	0.0
2025-03-26	v2.virtualflybrain.org	VFB_00200000	VFB_00200000	1	3	82.0
2025-03-26	v2.virtualflybrain.org	VFB_fw001918	VFB_00101567	0	1	0.0
2025-03-26	v2.virtualflybrain.org	VFB_fw004270	VFB_00101567	0	1	82.0
2025-03-26	v2.virtualflybrain.org	VFB_fw010336	VFB_00101567	2	1	1.0
2025-03-26	v2.virtualflybrain.org	VFB_fw022036	VFB_00101567	0	1	44.0
2025-03-26	v2.virtualflybrain.org	VFB_fw027897	VFB_00101567	0	1	11.0
2025-03-26	v2.virtualflybrain.org	VFB_fw030308	VFB_00017894	0	2	5.0
2025-03-26	v2.virtualflybrain.org	VFB_fw030308	VFB_00101567	2	7	244.0
2025-03-26	v2.virtualflybrain.org	VFB_fw033275	VFB_00101567	0	2	12.0
2025-03-26	v2.virtualflybrain.org	VFB_fw035524	VFB_00101567	0	1	14.0
2025-03-26	v2.virtualflybrain.org	VFB_fw036754		1	1	2.0
2025-03-26	v2.virtualflybrain.org	VFB_fw036754	VFB_00101567	4	2	43.0
2025-03-26	v2.virtualflybrain.org	VFB_fw036952		1	1	1.0
2025-03-26	v2.virtualflybrain.org	VFB_fw036952	VFB_00101567	1	2	68.0
2025-03-26	v2.virtualflybrain.org	VFB_fw036977	VFB_00017894	0	2	3.0
2025-03-26	v2.virtualflybrain.org	VFB_fw036977	VFB_00101567	1	2	0.0
2025-03-26	v2.virtualflybrain.org	VFB_jrchjrhd	VFB_00017894	0	2	61.0
2025-03-26	v2.virtualflybrain.org	VFB_jrchjrhd	VFB_00101567	1	2	0.0
2025-03-26	v2.virtualflybrain.org	VFB_jrchjtl3	VFB_00101567	0	2	15.0
2025-03-26	v2.virtualflybrain.org	VFB_jrchjtro	VFB_00101567	0	1	103.0
2025-03-26	v2.virtualflybrain.org	VFB_jrchjtwl	VFB_00101567	0	2	74.0
2025-03-26	v2.virtualflybrain.org	VFB_jrchjuja	VFB_00101567	0	2	50.0
2025-03-26	v2.virtualflybrain.org	VFB_jrchjujg	VFB_00101567	0	2	89.0
2025-03-26	v2.virtualflybrain.org	VFBexp_FBti0002	VFB_00101567	0	1	36.0
2025-03-26	v2.virtualflybrain.org	VFBexp_FBtp0058	VFB_00101567	24	1	0.0
2025-03-26	v2.virtualflybrain.org	VFBexp_FBtp0061		1	1	2.0
2025-03-26	v2.virtualflybrain.org	VFBexp_FBtp0088	VFB_00101567	0	1	55.0
2025-03-26	v2.virtualflybrain.org	VFBexp_FBtp0105	VFB_00017894	0	1	22.0
2025-03-26	v2.virtualflybrain.org	VFBexp_FBtp0121		2	2	2.0
2025-03-26	v2.virtualflybrain.org	VFBexp_FBtp0121	VFB_00101567	6	2	22.0
2025-03-27		FBbt_00001103		1	1	0.0
2025-03-27		FBbt_00001103	VFB_00049000	1	1	0.0
2025-03-27		FBbt_00003624		9	3	5.0
2025-03-27		FBbt_00003624	VFB_00101567	8	3	0.0
2025-03-27		FBbt_00003632		1	1	0.0
2025-03-27		FBbt_00003632	VFB_00101567	1	1	0.0
2025-03-27		FBbt_00003652		3	1	0.0
2025-03-27		FBbt_00003652	VFB_00101567	3	2	0.0
2025-03-27		FBbt_00003678		3	2	0.0
2025-03-27		FBbt_00003678	VFB_00101567	3	2	0.0
2025-03-27		FBbt_00003679		4	3	0.0
2025-03-27		FBbt_00003679	VFB_00101567	4	3	0.0
2025-03-27		FBbt_00003681		2	2	0.0
2025-03-27		FBbt_00003681	VFB_00101567	2	2	0.0
2025-03-27		FBbt_00003748		4	3	0.0
2025-03-27		FBbt_00003748	VFB_00101567	4	3	0.0
2025-03-27		FBbt_00003764		1	1	0.0
2025-03-27		FBbt_00003764	VFB_00101567	1	1	0.0
2025-03-27		FBbt_00003789		1	1	0.0
2025-03-27		FBbt_00003789	VFB_00101567	1	1	0.0
2025-03-27		FBbt_00003924		1	1	0.0
2025-03-27		FBbt_00003924	VFB_00101567	1	1	0.0
2025-03-27		FBbt_00005097		4	2	0.0
2025-03-27		FBbt_00005097	VFB_00049000	2	1	0.0
2025-03-27		FBbt_00005097	VFB_00101567	2	2	0.0
2025-03-27		FBbt_00007050		6	1	0.0
2025-03-27		FBbt_00007050	VFB_00101567	6	1	0.0
2025-03-27		FBbt_00007054		1	1	0.0
2025-03-27		FBbt_00007054	VFB_00101567	1	1	0.0
2025-03-27		FBbt_00007145		1	1	0.0
2025-03-27		FBbt_00007145	VFB_00101567	3	1	0.0
2025-03-27		FBbt_00007428		2	1	7.0
2025-03-27		FBbt_00007428	VFB_00101567	2	1	0.0
2025-03-27		FBbt_00014013		2	2	0.0
2025-03-27		FBbt_00014013	VFB_00101567	2	2	0.0
2025-03-27		FBbt_00040001		1	1	0.0
2025-03-27		FBbt_00040001	VFB_00101567	1	1	0.0
2025-03-27		FBbt_00040002		2	1	0.0
2025-03-27		FBbt_00040002	VFB_00101567	2	1	0.0
2025-03-27		FBbt_00040041		8	4	0.0
2025-03-27		FBbt_00040041	VFB_00101567	8	4	0.0
2025-03-27		FBbt_00040042		2	2	0.0
2025-03-27		FBbt_00040042	VFB_00101567	2	2	0.0
2025-03-27		FBbt_00040043		7	2	0.0
2025-03-27		FBbt_00040043	VFB_00101567	7	3	0.0
2025-03-27		FBbt_00040071		1	1	0.0
2025-03-27		FBbt_00040071	VFB_00101567	1	1	0.0
2025-03-27		FBbt_00045047		2	1	0.0
2025-03-27		FBbt_00045047	VFB_00101567	2	1	0.0
2025-03-27		FBbt_00045048		7	1	0.0
2025-03-27		FBbt_00045048	VFB_00101567	7	2	0.0
2025-03-27		FBbt_00045050		1	1	0.0
2025-03-27		FBbt_00045050	VFB_00101567	1	1	0.0
2025-03-27		FBbt_00045051		1	1	0.0
2025-03-27		FBbt_00045051	VFB_00101567	1	1	0.0
2025-03-27		FBbt_00047090		8	1	0.0
2025-03-27		FBbt_00047090	VFB_00101567	8	1	0.0
2025-03-27		FBbt_00047887		8	2	0.0
2025-03-27		FBbt_00047887	VFB_00101567	9	4	0.0
2025-03-27		FBbt_00048370		2	1	14.0
2025-03-27		FBbt_00048370	VFB_00101567	2	1	0.0
2025-03-27		FBbt_00048372		1	1	1.0
2025-03-27		FBbt_00048372	VFB_00101567	1	1	0.0
2025-03-27		FBbt_00048376		1	1	0.0
2025-03-27		FBbt_00048376	VFB_00101567	1	1	0.0
2025-03-27		FBbt_00048516		1	1	0.0
2025-03-27		FBbt_00048516	VFB_00101567	1	1	0.0
2025-03-27		FBbt_00049320		1	1	0.0
2025-03-27		FBbt_00049320	VFB_00101567	1	1	0.0
2025-03-27		FBbt_00050138		2	1	1.0
2025-03-27		FBbt_00050138	VFB_00101567	2	2	0.0
2025-03-27		FBbt_00052299		1	1	0.0
2025-03-27		FBbt_00052299	VFB_00101567	8	1	0.0
2025-03-27		FBbt_00058799		3	1	0.0
2025-03-27		FBbt_00058799	VFB_00110000	3	1	0.0
2025-03-27		FBbt_00058800		1	1	0.0
2025-03-27		FBbt_00058800	VFB_00110000	1	1	0.0
2025-03-27		FBbt_00059089		3	1	0.0
2025-03-27		FBbt_00059089	VFB_00110000	3	1	0.0
2025-03-27		FBbt_00059256		1	1	0.0
2025-03-27		FBbt_00059256	VFB_00101567	1	1	0.0
2025-03-27		FBbt_00100313		2	1	3.0
2025-03-27		FBbt_00100313	VFB_00101567	2	1	0.0
2025-03-27		FBbt_00100480		3	2	0.0
2025-03-27		FBbt_00100480	VFB_00101567	3	2	0.0
2025-03-27		FBbt_00100483		1	1	0.0
2025-03-27		FBbt_00100483	VFB_00101567	1	1	0.0
2025-03-27		FBbt_00100503		5	1	0.0
2025-03-27		FBbt_00100503	VFB_00101567	5	1	0.0
2025-03-27		FBbt_00110035		24	1	0.0
2025-03-27		FBbt_00110035	VFB_00049000	24	1	0.0
2025-03-27		FBbt_00110632		1	1	0.0
2025-03-27		FBbt_00110632	VFB_00101567	1	1	0.0
2025-03-27		FBbt_00110636		8	2	0.0
2025-03-27		FBbt_00110636	VFB_00101567	10	3	0.0
2025-03-27		FBbt_00110638		2	1	0.0
2025-03-27		FBbt_00110638	VFB_00101567	2	1	0.0
2025-03-27		FBbt_00110639		2	1	0.0
2025-03-27		FBbt_00110639	VFB_00101567	2	1	0.0
2025-03-27		FBbt_20001480		1	1	0.0
2025-03-27		FBbt_20001480	VFB_00101567	1	1	0.0
2025-03-27		FBbt_20003230		1	1	0.0
2025-03-27		FBbt_20003230	VFB_00101567	1	1	0.0
2025-03-27		FBcv_0005054		1	1	0.0
2025-03-27		FBcv_0005054	VFB_00101567	1	1	0.0
2025-03-27		GO_0014055		6	1	0.0
2025-03-27		GO_0014055	VFB_00101567	7	2	0.0
2025-03-27		VFB_00002381		2	1	0.0
2025-03-27		VFB_00002381	VFB_00101567	2	1	0.0
2025-03-27		VFB_00004583		2	1	0.0
2025-03-27		VFB_00004583	VFB_00101567	2	1	0.0
2025-03-27		VFB_00021996		4	2	16.0
2025-03-27		VFB_00021996	VFB_00101567	5	3	0.0
2025-03-27		VFB_00022309		22	2	50.0
2025-03-27		VFB_00022309	VFB_00017894	1	1	0.0
2025-03-27		VFB_00022309	VFB_00101567	20	4	0.0
2025-03-27		VFB_00023413		11	1	14.0
2025-03-27		VFB_00023413	VFB_00101567	7	2	0.0
2025-03-27		VFB_00030413		2	1	2.0
2025-03-27		VFB_00030413	VFB_00101567	2	2	0.0
2025-03-27		VFB_00030856		4	1	4.0
2025-03-27		VFB_00030856	VFB_00017894	1	1	0.0
2025-03-27		VFB_00030856	VFB_00101567	3	1	0.0
2025-03-27		VFB_00043349		3	1	4.0
2025-03-27		VFB_00043349	VFB_00101567	4	1	0.0
2025-03-27		VFB_00044977		18	1	30.0
2025-03-27		VFB_00044977	VFB_00101567	15	2	0.0
2025-03-27		VFB_00050000		1	1	1.0
2025-03-27		VFB_00050000	VFB_00050000	4	3	0.0
2025-03-27		VFB_00050314		3	1	0.0
2025-03-27		VFB_00050314	VFB_00049000	3	1	0.0
2025-03-27		VFB_00056590		1	1	0.0
2025-03-27		VFB_00056590	VFB_00049000	1	1	0.0
2025-03-27		VFB_00058445		1	1	0.0
2025-03-27		VFB_00058445	VFB_00049000	1	1	0.0
2025-03-27		VFB_00058447		3	1	2.0
2025-03-27		VFB_00058447	VFB_00049000	1	1	0.0
2025-03-27		VFB_00058447	VFB_00200000	2	1	0.0
2025-03-27		VFB_00100613		2	1	0.0
2025-03-27		VFB_00100613	VFB_00050000	2	2	0.0
2025-03-27		VFB_00100614		1	1	0.0
2025-03-27		VFB_00100614	VFB_00050000	1	1	0.0
2025-03-27		VFB_00100620		2	1	2.0
2025-03-27		VFB_00100620	VFB_00050000	2	1	0.0
2025-03-27		VFB_00100d2k		8	1	0.0
2025-03-27		VFB_00100d2k	VFB_00200000	8	1	0.0
2025-03-27		VFB_00100dgk		2	1	7.0
2025-03-27		VFB_00100dgk	VFB_00101567	1	1	0.0
2025-03-27		VFB_00100dgk	VFB_00200000	1	1	0.0
2025-03-27		VFB_00100w7i		3	1	28.0
2025-03-27		VFB_00100w7i	VFB_00101567	3	2	0.0
2025-03-27		VFB_00100yov		4	1	2.0
2025-03-27		VFB_00100yov	VFB_00101567	4	1	0.0
2025-03-27		VFB_00101065		1	1	2.0
2025-03-27		VFB_00101065	VFB_00050000	1	1	0.0
2025-03-27		VFB_00101091		1	1	2.0
2025-03-27		VFB_00101091	VFB_00050000	1	1	0.0
2025-03-27		VFB_00101220		5	1	0.0
2025-03-27		VFB_00101220	VFB_00101567	5	2	0.0
2025-03-27		VFB_00101275		2	1	0.0
2025-03-27		VFB_00101275	VFB_00101567	2	1	0.0
2025-03-27		VFB_001014uq		11	2	23.0
2025-03-27		VFB_001014uq	VFB_00101567	6	2	0.0
2025-03-27		VFB_001014uq	VFB_00110000	4	1	0.0
2025-03-27		VFB_00101567		145	35	715.0
2025-03-27		VFB_00101567	VFB_00101567	156	52	0.0
2025-03-27		VFB_00102103		2	1	4.0
2025-03-27		VFB_00102103	VFB_00050000	2	1	0.0
2025-03-27		VFB_00102114		2	1	0.0
2025-03-27		VFB_00102114	VFB_00101567	2	1	0.0
2025-03-27		VFB_00102118		2	1	0.0
2025-03-27		VFB_00102118	VFB_00101567	2	1	0.0
2025-03-27		VFB_00102119		4	1	0.0
2025-03-27		VFB_00102119	VFB_00101567	3	1	0.0
2025-03-27		VFB_00102121		2	1	0.0
2025-03-27		VFB_00102121	VFB_00101567	2	1	0.0
2025-03-27		VFB_00102123		2	1	0.0
2025-03-27		VFB_00102123	VFB_00101567	2	1	0.0
2025-03-27		VFB_00102124		2	1	0.0
2025-03-27		VFB_00102124	VFB_00101567	2	1	0.0
2025-03-27		VFB_00102133		2	1	0.0
2025-03-27		VFB_00102133	VFB_00101567	2	1	0.0
2025-03-27		VFB_00102134		2	2	386.0
2025-03-27		VFB_00102134	VFB_00101567	2	2	0.0
2025-03-27		VFB_00102135		2	2	8.0
2025-03-27		VFB_00102135	VFB_00101567	2	2	0.0
2025-03-27		VFB_00102146		6	1	14.0
2025-03-27		VFB_00102146	VFB_00101567	6	2	0.0
2025-03-27		VFB_00102154		2	1	1.0
2025-03-27		VFB_00102154	VFB_00101567	2	1	0.0
2025-03-27		VFB_00102162		2	1	0.0
2025-03-27		VFB_00102162	VFB_00101567	2	1	0.0
2025-03-27		VFB_00102164		2	1	0.0
2025-03-27		VFB_00102164	VFB_00101567	2	1	0.0
2025-03-27		VFB_00102170		26	2	0.0
2025-03-27		VFB_00102170	VFB_00101567	26	2	0.0
2025-03-27		VFB_00102171		2	1	0.0
2025-03-27		VFB_00102171	VFB_00101567	2	1	0.0
2025-03-27		VFB_00102176		2	1	0.0
2025-03-27		VFB_00102176	VFB_00101567	2	1	0.0
2025-03-27		VFB_00102179		2	1	0.0
2025-03-27		VFB_00102179	VFB_00101567	2	1	0.0
2025-03-27		VFB_00102190		2	1	0.0
2025-03-27		VFB_00102190	VFB_00101567	2	1	0.0
2025-03-27		VFB_00102201		1	1	1.0
2025-03-27		VFB_00102201	VFB_00101567	1	1	0.0
2025-03-27		VFB_00102271		10	1	0.0
2025-03-27		VFB_00102271	VFB_00101567	9	1	0.0
2025-03-27		VFB_00102274		28	3	0.0
2025-03-27		VFB_00102274	VFB_00101567	28	4	0.0
2025-03-27		VFB_00102276		9	1	0.0
2025-03-27		VFB_00102276	VFB_00101567	9	2	0.0
2025-03-27		VFB_00102281		4	2	51.0
2025-03-27		VFB_00102281	VFB_00101567	3	2	0.0
2025-03-27		VFB_001026xw		5	1	28.0
2025-03-27		VFB_001026xw	VFB_00050000	3	2	0.0
2025-03-27		VFB_001026xw	VFB_00200000	2	1	0.0
2025-03-27		VFB_00110000		15	2	19.0
2025-03-27		VFB_00110000	VFB_00110000	16	2	0.0
2025-03-27		VFB_00200000		16	2	1.0
2025-03-27		VFB_00200000	VFB_00101567	15	1	0.0
2025-03-27		VFB_00200000	VFB_00200000	5	4	29.0
2025-03-27		VFB_fw011800		13	2	83.0
2025-03-27		VFB_fw011800	VFB_00101567	12	4	0.0
2025-03-27		VFB_fw030308		1	1	2.0
2025-03-27		VFB_fw030308	VFB_00101567	2	1	0.0
2025-03-27		VFB_fw032620		2	1	1.0
2025-03-27		VFB_fw032620	VFB_00101567	2	1	0.0
2025-03-27		VFB_fw032899		3	1	41.0
2025-03-27		VFB_fw032899	VFB_00101567	3	2	0.0
2025-03-27		VFB_fw033275		1	1	7.0
2025-03-27		VFB_fw033275	VFB_00101567	1	1	0.0
2025-03-27		VFB_fw036236		1	1	4.0
2025-03-27		VFB_fw036236	VFB_00101567	1	1	0.0
2025-03-27		VFB_fw036976		1	1	0.0
2025-03-27		VFB_fw036976	VFB_00101567	1	1	0.0
2025-03-27		VFB_fw073840		7	1	30.0
2025-03-27		VFB_fw073840	VFB_00101567	7	3	0.0
2025-03-27		VFB_jrchjrhd		2	1	0.0
2025-03-27		VFB_jrchjrhd	VFB_00101567	2	1	0.0
2025-03-27		VFB_jrchjtff		2	1	4.0
2025-03-27		VFB_jrchjtff	VFB_00101567	2	1	0.0
2025-03-27		VFB_jrchjx8u		1	1	10.0
2025-03-27		VFB_jrchjx8u	VFB_00101567	1	1	0.0
2025-03-27		VFB_jrchjxl7		3	1	1.0
2025-03-27		VFB_jrchjxl7	VFB_00101567	3	1	0.0
2025-03-27		VFB_jrchjxvi		10	1	0.0
2025-03-27		VFB_jrchjxvi	VFB_00101567	10	1	0.0
2025-03-27		VFB_jrchjxz5		3	1	2.0
2025-03-27		VFB_jrchjxz5	VFB_00101567	3	1	0.0
2025-03-27		VFB_jrchjzxu		2	1	3.0
2025-03-27		VFB_jrchjzxu	VFB_00101567	2	1	0.0
2025-03-27		VFB_jrchk0eb		2	1	0.0
2025-03-27		VFB_jrchk0eb	VFB_00101567	2	1	0.0
2025-03-27		VFB_jrchk2m6		3	1	0.0
2025-03-27		VFB_jrchk2m6	VFB_00101567	3	1	0.0
2025-03-27		VFBexp_FBtp0017		2	1	0.0
2025-03-27		VFBexp_FBtp0017	VFB_00101567	1	1	0.0
2025-03-27		VFBexp_FBtp0017	VFB_00200000	1	1	0.0
2025-03-27		VFBexp_FBtp0039		1	1	0.0
2025-03-27		VFBexp_FBtp0039	VFB_00101567	1	1	0.0
2025-03-27		VFBexp_FBtp0057		3	2	10.0
2025-03-27		VFBexp_FBtp0057	VFB_00101567	4	2	0.0
2025-03-27		VFBexp_FBtp0058		24	1	0.0
2025-03-27		VFBexp_FBtp0058	VFB_00101567	24	1	0.0
2025-03-27		VFBexp_FBtp0060		1	1	0.0
2025-03-27		VFBexp_FBtp0060	VFB_00101567	1	1	0.0
2025-03-27		VFBexp_FBtp0099		1	1	0.0
2025-03-27		VFBexp_FBtp0099	VFB_00101567	1	1	0.0
2025-03-27		VFBexp_FBtp0121		11	2	0.0
2025-03-27		VFBexp_FBtp0121	VFB_00101567	11	2	0.0
2025-03-27		VFBexp_FBtp0122		1	1	0.0
2025-03-27		VFBexp_FBtp0122	VFB_00101567	1	1	0.0
2025-03-27		VFBexp_FBtp0125		3	1	0.0
2025-03-27		VFBexp_FBtp0125	VFB_00101567	3	3	0.0
2025-03-27	v2-dev.virtualflybrain.org	VFB_00101567	VFB_00101567	13	2	3.0
2025-03-27	v2-dev.virtualflybrain.org	VFB_00110000	VFB_00110000	8	2	16.0
2025-03-27	v2.virtualflybrain.org	FBbt_00001103	VFB_00049000	0	1	41.0
2025-03-27	v2.virtualflybrain.org	FBbt_00003624	VFB_00101567	0	5	41.0
2025-03-27	v2.virtualflybrain.org	FBbt_00003632	VFB_00101567	1	1	0.0
2025-03-27	v2.virtualflybrain.org	FBbt_00003652	VFB_00101567	0	2	65.0
2025-03-27	v2.virtualflybrain.org	FBbt_00003678	VFB_00101567	0	2	49.0
2025-03-27	v2.virtualflybrain.org	FBbt_00003679	VFB_00101567	2	4	30.0
2025-03-27	v2.virtualflybrain.org	FBbt_00003681	VFB_00101567	0	2	10.0
2025-03-27	v2.virtualflybrain.org	FBbt_00003748	VFB_00101567	2	4	93.0
2025-03-27	v2.virtualflybrain.org	FBbt_00003764	VFB_00101567	0	1	13.0
2025-03-27	v2.virtualflybrain.org	FBbt_00003789	VFB_00101567	0	1	50.0
2025-03-27	v2.virtualflybrain.org	FBbt_00003924	VFB_00101567	0	1	0.0
2025-03-27	v2.virtualflybrain.org	FBbt_00005097	VFB_00049000	0	1	45.0
2025-03-27	v2.virtualflybrain.org	FBbt_00005097	VFB_00101567	0	1	84.0
2025-03-27	v2.virtualflybrain.org	FBbt_00007050	VFB_00101567	0	1	4.0
2025-03-27	v2.virtualflybrain.org	FBbt_00007054	VFB_00101567	0	1	0.0
2025-03-27	v2.virtualflybrain.org	FBbt_00007145	VFB_00101567	0	1	6.0
2025-03-27	v2.virtualflybrain.org	FBbt_00007428	VFB_00101567	0	1	0.0
2025-03-27	v2.virtualflybrain.org	FBbt_00014013	VFB_00101567	0	2	12.0
2025-03-27	v2.virtualflybrain.org	FBbt_00040001	VFB_00101567	0	1	8.0
2025-03-27	v2.virtualflybrain.org	FBbt_00040002	VFB_00101567	0	1	6.0
2025-03-27	v2.virtualflybrain.org	FBbt_00040041	VFB_00101567	3	5	57.0
2025-03-27	v2.virtualflybrain.org	FBbt_00040042	VFB_00101567	1	1	0.0
2025-03-27	v2.virtualflybrain.org	FBbt_00040043	VFB_00101567	1	3	57.0
2025-03-27	v2.virtualflybrain.org	FBbt_00040071	VFB_00101567	0	2	9.0
2025-03-27	v2.virtualflybrain.org	FBbt_00045047	VFB_00101567	0	2	7.0
2025-03-27	v2.virtualflybrain.org	FBbt_00045048	VFB_00101567	0	3	27.0
2025-03-27	v2.virtualflybrain.org	FBbt_00045050	VFB_00101567	0	1	25.0
2025-03-27	v2.virtualflybrain.org	FBbt_00045051	VFB_00101567	0	1	4.0
2025-03-27	v2.virtualflybrain.org	FBbt_00047090	VFB_00101567	8	1	0.0
2025-03-27	v2.virtualflybrain.org	FBbt_00047887	VFB_00101567	0	8	80.0
2025-03-27	v2.virtualflybrain.org	FBbt_00048370	VFB_00101567	0	2	12.0
2025-03-27	v2.virtualflybrain.org	FBbt_00048372		1	1	3.0
2025-03-27	v2.virtualflybrain.org	FBbt_00048376		1	1	2.0
2025-03-27	v2.virtualflybrain.org	FBbt_00048376	VFB_00101567	0	1	20.0
2025-03-27	v2.virtualflybrain.org	FBbt_00048516	VFB_00101567	0	1	38.0
2025-03-27	v2.virtualflybrain.org	FBbt_00049320	VFB_00101567	0	2	27.0
2025-03-27	v2.virtualflybrain.org	FBbt_00050138	VFB_00101567	1	2	21.0
2025-03-27	v2.virtualflybrain.org	FBbt_00052299	VFB_00101567	0	1	41.0
2025-03-27	v2.virtualflybrain.org	FBbt_00058799	VFB_00110000	0	2	4.0
2025-03-27	v2.virtualflybrain.org	FBbt_00058800	VFB_00110000	0	1	1.0
2025-03-27	v2.virtualflybrain.org	FBbt_00059089	VFB_00110000	0	2	3.0
2025-03-27	v2.virtualflybrain.org	FBbt_00059256	VFB_00101567	0	1	15.0
2025-03-27	v2.virtualflybrain.org	FBbt_00100313	VFB_00101567	0	1	0.0
2025-03-27	v2.virtualflybrain.org	FBbt_00100480	VFB_00101567	0	2	35.0
2025-03-27	v2.virtualflybrain.org	FBbt_00100483	VFB_00101567	0	1	39.0
2025-03-27	v2.virtualflybrain.org	FBbt_00100503	VFB_00101567	0	2	43.0
2025-03-27	v2.virtualflybrain.org	FBbt_00110035	VFB_00049000	24	1	0.0
2025-03-27	v2.virtualflybrain.org	FBbt_00110632	VFB_00101567	0	1	48.0
2025-03-27	v2.virtualflybrain.org	FBbt_00110636	VFB_00101567	0	2	35.0
2025-03-27	v2.virtualflybrain.org	FBbt_00110638	VFB_00101567	0	1	3.0
2025-03-27	v2.virtualflybrain.org	FBbt_00110639	VFB_00101567	0	2	26.0
2025-03-27	v2.virtualflybrain.org	FBbt_20001480		1	1	3.0
2025-03-27	v2.virtualflybrain.org	FBbt_20003230	VFB_00101567	1	1	18.0
2025-03-27	v2.virtualflybrain.org	FBcv_0005054	VFB_00101567	1	1	0.0
2025-03-27	v2.virtualflybrain.org	GO_0014055	VFB_00101567	2	3	62.0
2025-03-27	v2.virtualflybrain.org	VFB_00002381	VFB_00101567	0	1	6.0
2025-03-27	v2.virtualflybrain.org	VFB_00004583	VFB_00101567	0	1	8.0
2025-03-27	v2.virtualflybrain.org	VFB_00021996	VFB_00101567	0	3	62.0
2025-03-27	v2.virtualflybrain.org	VFB_00022309	VFB_00017894	1	2	0.0
2025-03-27	v2.virtualflybrain.org	VFB_00022309	VFB_00101567	2	5	532.0
2025-03-27	v2.virtualflybrain.org	VFB_00023413	VFB_00101567	0	1	0.0
2025-03-27	v2.virtualflybrain.org	VFB_00030413	VFB_00101567	0	1	2.0
2025-03-27	v2.virtualflybrain.org	VFB_00030856	VFB_00017894	1	3	7.0
2025-03-27	v2.virtualflybrain.org	VFB_00030856	VFB_00101567	0	2	2.0
2025-03-27	v2.virtualflybrain.org	VFB_00043349	VFB_00043349	1	2	2.0
2025-03-27	v2.virtualflybrain.org	VFB_00043349	VFB_00101567	0	1	6.0
2025-03-27	v2.virtualflybrain.org	VFB_00044977	VFB_00101567	1	2	0.0
2025-03-27	v2.virtualflybrain.org	VFB_00049000	VFB_00049000	0	2	0.0
2025-03-27	v2.virtualflybrain.org	VFB_00050000	VFB_00050000	0	5	60.0
2025-03-27	v2.virtualflybrain.org	VFB_00050314	VFB_00049000	3	1	0.0
2025-03-27	v2.virtualflybrain.org	VFB_00056590	VFB_00049000	0	1	35.0
2025-03-27	v2.virtualflybrain.org	VFB_00058445	VFB_00049000	0	2	32.0
2025-03-27	v2.virtualflybrain.org	VFB_00058447	VFB_00049000	1	2	2.0
2025-03-27	v2.virtualflybrain.org	VFB_00058447	VFB_00200000	0	2	48.0
2025-03-27	v2.virtualflybrain.org	VFB_00100613	VFB_00050000	1	2	237.0
2025-03-27	v2.virtualflybrain.org	VFB_00100614	VFB_00050000	0	1	348.0
2025-03-27	v2.virtualflybrain.org	VFB_00100620	VFB_00050000	1	1	0.0
2025-03-27	v2.virtualflybrain.org	VFB_00100620	VFB_00100620	1	2	2.0
2025-03-27	v2.virtualflybrain.org	VFB_00100d2k	VFB_00200000	8	1	0.0
2025-03-27	v2.virtualflybrain.org	VFB_00100dgk	VFB_00101567	1	2	57.0
2025-03-27	v2.virtualflybrain.org	VFB_00100dgk	VFB_00200000	1	2	0.0
2025-03-27	v2.virtualflybrain.org	VFB_00100w7i	VFB_00101567	0	2	13.0
2025-03-27	v2.virtualflybrain.org	VFB_00100yov	VFB_00101567	0	1	0.0
2025-03-27	v2.virtualflybrain.org	VFB_00101065	VFB_00050000	0	1	33.0
2025-03-27	v2.virtualflybrain.org	VFB_00101065	VFB_00101065	1	2	2.0
2025-03-27	v2.virtualflybrain.org	VFB_00101091	VFB_00101091	1	2	1.0
2025-03-27	v2.virtualflybrain.org	VFB_00101220	VFB_00101567	3	3	3.0
2025-03-27	v2.virtualflybrain.org	VFB_00101275	VFB_00101567	0	2	0.0
2025-03-27	v2.virtualflybrain.org	VFB_001014uq	VFB_00101567	0	2	3.0
2025-03-27	v2.virtualflybrain.org	VFB_001014uq	VFB_00110000	1	3	16.0
2025-03-27	v2.virtualflybrain.org	VFB_00101567	VFB_00101567	27	68	1227.0
2025-03-27	v2.virtualflybrain.org	VFB_00102103		1	1	2.0
2025-03-27	v2.virtualflybrain.org	VFB_00102103	VFB_00050000	0	1	0.0
2025-03-27	v2.virtualflybrain.org	VFB_00102114	VFB_00101567	0	1	1.0
2025-03-27	v2.virtualflybrain.org	VFB_00102118	VFB_00101567	0	1	7.0
2025-03-27	v2.virtualflybrain.org	VFB_00102119	VFB_00101567	0	1	0.0
2025-03-27	v2.virtualflybrain.org	VFB_00102121	VFB_00101567	0	1	23.0
2025-03-27	v2.virtualflybrain.org	VFB_00102123	VFB_00101567	0	1	7.0
2025-03-27	v2.virtualflybrain.org	VFB_00102124	VFB_00101567	0	1	3.0
2025-03-27	v2.virtualflybrain.org	VFB_00102133	VFB_00101567	0	1	1.0
2025-03-27	v2.virtualflybrain.org	VFB_00102134	VFB_00101567	0	1	13.0
2025-03-27	v2.virtualflybrain.org	VFB_00102135	VFB_00101567	0	1	14.0
2025-03-27	v2.virtualflybrain.org	VFB_00102146	VFB_00101567	0	2	19.0
2025-03-27	v2.virtualflybrain.org	VFB_00102154	VFB_00101567	0	1	27.0
2025-03-27	v2.virtualflybrain.org	VFB_00102162	VFB_00101567	0	1	1.0
2025-03-27	v2.virtualflybrain.org	VFB_00102164	VFB_00101567	0	1	2.0
2025-03-27	v2.virtualflybrain.org	VFB_00102170	VFB_00101567	24	2	23.0
2025-03-27	v2.virtualflybrain.org	VFB_00102171	VFB_00101567	0	1	112.0
2025-03-27	v2.virtualflybrain.org	VFB_00102176	VFB_00101567	0	1	107.0
2025-03-27	v2.virtualflybrain.org	VFB_00102179	VFB_00101567	0	1	2.0
2025-03-27	v2.virtualflybrain.org	VFB_00102190	VFB_00101567	0	1	4.0
2025-03-27	v2.virtualflybrain.org	VFB_00102201	VFB_00101567	0	1	0.0
2025-03-27	v2.virtualflybrain.org	VFB_00102271	VFB_00101567	0	1	1.0
2025-03-27	v2.virtualflybrain.org	VFB_00102274	VFB_00101567	25	2	771.0
2025-03-27	v2.virtualflybrain.org	VFB_00102276	VFB_00101567	0	1	6.0
2025-03-27	v2.virtualflybrain.org	VFB_00102281	VFB_00101567	2	1	0.0
2025-03-27	v2.virtualflybrain.org	VFB_001026xw	VFB_00050000	1	2	103.0
2025-03-27	v2.virtualflybrain.org	VFB_001026xw	VFB_00200000	1	2	42.0
2025-03-27	v2.virtualflybrain.org	VFB_00110000	VFB_00110000	0	1	0.0
2025-03-27	v2.virtualflybrain.org	VFB_00200000	VFB_00101567	16	1	0.0
2025-03-27	v2.virtualflybrain.org	VFB_00200000	VFB_00200000	2	8	2.0
2025-03-27	v2.virtualflybrain.org	VFB_fw011800	VFB_00101567	0	3	52.0
2025-03-27	v2.virtualflybrain.org	VFB_fw032620	VFB_00101567	0	1	34.0
2025-03-27	v2.virtualflybrain.org	VFB_fw032899	VFB_00101567	0	1	102.0
2025-03-27	v2.virtualflybrain.org	VFB_fw033275	VFB_00101567	2	1	144.0
2025-03-27	v2.virtualflybrain.org	VFB_fw036236	VFB_00101567	0	1	0.0
2025-03-27	v2.virtualflybrain.org	VFB_fw036976	VFB_00101567	0	1	23.0
2025-03-27	v2.virtualflybrain.org	VFB_fw036977	VFB_00101567	0	1	0.0
2025-03-27	v2.virtualflybrain.org	VFB_fw073840	VFB_00101567	0	2	17.0
2025-03-27	v2.virtualflybrain.org	VFB_jrchjrhd	VFB_00101567	0	2	1.0
2025-03-27	v2.virtualflybrain.org	VFB_jrchjtff	VFB_00101567	0	1	20.0
2025-03-27	v2.virtualflybrain.org	VFB_jrchjuja	VFB_00101567	1	1	0.0
2025-03-27	v2.virtualflybrain.org	VFB_jrchjx8u	VFB_00101567	0	1	39.0
2025-03-27	v2.virtualflybrain.org	VFB_jrchjxl7	VFB_00101567	0	1	34.0
2025-03-27	v2.virtualflybrain.org	VFB_jrchjxvi	VFB_00101567	8	1	0.0
2025-03-27	v2.virtualflybrain.org	VFB_jrchjxz5	VFB_00101567	0	1	28.0
2025-03-27	v2.virtualflybrain.org	VFB_jrchjzxu		1	1	0.0
2025-03-27	v2.virtualflybrain.org	VFB_jrchjzxu	VFB_00101567	0	1	677.0
2025-03-27	v2.virtualflybrain.org	VFB_jrchk0eb		1	1	0.0
2025-03-27	v2.virtualflybrain.org	VFB_jrchk0eb	VFB_00101567	0	1	14.0
2025-03-27	v2.virtualflybrain.org	VFB_jrchk2m6		1	1	3.0
2025-03-27	v2.virtualflybrain.org	VFB_jrchk2m6	VFB_00101567	1	1	0.0
2025-03-27	v2.virtualflybrain.org	VFB_jrchk8e0	VFB_00101567	0	1	0.0
2025-03-27	v2.virtualflybrain.org	VFBexp_FBti0152		1	1	0.0
2025-03-27	v2.virtualflybrain.org	VFBexp_FBtp0017	VFB_00101567	0	1	10.0
2025-03-27	v2.virtualflybrain.org	VFBexp_FBtp0017	VFB_00200000	0	1	12.0
2025-03-27	v2.virtualflybrain.org	VFBexp_FBtp0039	VFB_00101567	0	1	19.0
2025-03-27	v2.virtualflybrain.org	VFBexp_FBtp0057	VFB_00101567	0	2	28.0
2025-03-27	v2.virtualflybrain.org	VFBexp_FBtp0058	VFB_00101567	24	1	0.0
2025-03-27	v2.virtualflybrain.org	VFBexp_FBtp0060	VFB_00101567	0	1	20.0
2025-03-27	v2.virtualflybrain.org	VFBexp_FBtp0099		1	1	2.0
2025-03-27	v2.virtualflybrain.org	VFBexp_FBtp0121		1	1	0.0
2025-03-27	v2.virtualflybrain.org	VFBexp_FBtp0121	VFB_00101567	10	1	0.0
2025-03-27	v2.virtualflybrain.org	VFBexp_FBtp0122		1	1	0.0
2025-03-27	v2.virtualflybrain.org	VFBexp_FBtp0122	VFB_00101567	0	1	74.0
2025-03-27	v2.virtualflybrain.org	VFBexp_FBtp0125		1	1	1.0
2025-03-27	v2.virtualflybrain.org	VFBexp_FBtp0125	VFB_00101567	0	3	364.0
2025-03-28		FBbt_00003624		14	5	60.0
2025-03-28		FBbt_00003624	VFB_00017894	2	1	0.0
2025-03-28		FBbt_00003624	VFB_00101567	16	4	0.0
2025-03-28		FBbt_00003651		1	1	1.0
2025-03-28		FBbt_00003651	VFB_00101567	1	1	0.0
2025-03-28		FBbt_00003678		1	1	0.0
2025-03-28		FBbt_00003678	VFB_00101567	1	1	0.0
2025-03-28		FBbt_00003680		3	2	3.0
2025-03-28		FBbt_00003680	VFB_00101567	2	2	0.0
2025-03-28		FBbt_00003681		4	2	0.0
2025-03-28		FBbt_00003681	VFB_00101567	4	2	0.0
2025-03-28		FBbt_00003684		3	2	0.0
2025-03-28		FBbt_00003684	VFB_00101567	3	2	0.0
2025-03-28		FBbt_00003701		3	1	0.0
2025-03-28		FBbt_00003701	VFB_00101567	4	1	0.0
2025-03-28		FBbt_00003719		1	1	0.0
2025-03-28		FBbt_00003719	VFB_00101567	1	1	0.0
2025-03-28		FBbt_00003748		9	4	29.0
2025-03-28		FBbt_00003748	VFB_00017894	3	1	0.0
2025-03-28		FBbt_00003748	VFB_00101567	7	5	0.0
2025-03-28		FBbt_00003785		1	1	0.0
2025-03-28		FBbt_00003785	VFB_00101567	1	1	0.0
2025-03-28		FBbt_00003907		1	1	15.0
2025-03-28		FBbt_00003907	VFB_00101567	1	1	0.0
2025-03-28		FBbt_00003924		1	1	0.0
2025-03-28		FBbt_00003924	VFB_00101567	1	1	0.0
2025-03-28		FBbt_00003982		2	1	0.0
2025-03-28		FBbt_00003982	VFB_00101567	3	1	0.0
2025-03-28		FBbt_00004219		1	1	5.0
2025-03-28		FBbt_00004219	VFB_00101384	1	1	0.0
2025-03-28		FBbt_00004225		2	2	34.0
2025-03-28		FBbt_00004225	VFB_00017894	1	1	0.0
2025-03-28		FBbt_00004225	VFB_00101384	1	1	0.0
2025-03-28		FBbt_00005097		1	1	0.0
2025-03-28		FBbt_00005097	VFB_00049000	1	1	0.0
2025-03-28		FBbt_00007001		1	1	0.0
2025-03-28		FBbt_00007001	VFB_00101567	1	1	0.0
2025-03-28		FBbt_00007016		1	1	0.0
2025-03-28		FBbt_00007016	VFB_00101567	1	1	0.0
2025-03-28		FBbt_00007055		1	1	0.0
2025-03-28		FBbt_00007055	VFB_00101567	1	1	0.0
2025-03-28		FBbt_00007059		1	1	0.0
2025-03-28		FBbt_00007059	VFB_00101567	1	1	0.0
2025-03-28		FBbt_00007385		7	1	0.0
2025-03-28		FBbt_00007385	VFB_00101567	7	1	0.0
2025-03-28		FBbt_00007401		1	1	0.0
2025-03-28		FBbt_00007401	VFB_00101567	1	1	0.0
2025-03-28		FBbt_00007537		1	1	0.0
2025-03-28		FBbt_00007537	VFB_00101567	1	1	0.0
2025-03-28		FBbt_00013688		4	1	0.0
2025-03-28		FBbt_00013688	VFB_00101567	4	2	0.0
2025-03-28		FBbt_00013774		1	1	0.0
2025-03-28		FBbt_00013774	VFB_00101567	1	1	0.0
2025-03-28		FBbt_00040001		3	1	0.0
2025-03-28		FBbt_00040001	VFB_00101567	3	1	0.0
2025-03-28		FBbt_00040007		3	1	8.0
2025-03-28		FBbt_00040007	VFB_00101567	3	1	0.0
2025-03-28		FBbt_00040039		1	1	0.0
2025-03-28		FBbt_00040039	VFB_00101567	1	1	0.0
2025-03-28		FBbt_00040041		1	1	0.0
2025-03-28		FBbt_00040041	VFB_00101567	1	1	0.0
2025-03-28		FBbt_00040042		3	2	0.0
2025-03-28		FBbt_00040042	VFB_00101567	3	2	0.0
2025-03-28		FBbt_00040043		4	3	0.0
2025-03-28		FBbt_00040043	VFB_00101567	4	3	0.0
2025-03-28		FBbt_00040060		1	1	0.0
2025-03-28		FBbt_00040060	VFB_00101567	1	1	0.0
2025-03-28		FBbt_00045032		1	1	0.0
2025-03-28		FBbt_00045032	VFB_00101567	1	1	0.0
2025-03-28		FBbt_00045047		2	1	1.0
2025-03-28		FBbt_00045047	VFB_00101567	2	1	0.0
2025-03-28		FBbt_00047030		1	1	0.0
2025-03-28		FBbt_00047030	VFB_00101567	3	1	0.0
2025-03-28		FBbt_00047031		1	1	0.0
2025-03-28		FBbt_00047031	VFB_00101567	1	1	0.0
2025-03-28		FBbt_00047047		1	1	0.0
2025-03-28		FBbt_00047047	VFB_00101567	1	1	0.0
2025-03-28		FBbt_00047090		3	1	0.0
2025-03-28		FBbt_00047090	VFB_00101567	3	1	0.0
2025-03-28		FBbt_00047887		1	1	0.0
2025-03-28		FBbt_00047887	VFB_00101567	1	1	0.0
2025-03-28		FBbt_00048138		6	1	266.0
2025-03-28		FBbt_00048138	VFB_00101384	7	2	0.0
2025-03-28		FBbt_00049180		4	1	0.0
2025-03-28		FBbt_00049180	VFB_00101567	6	4	0.0
2025-03-28		FBbt_00049803		3	1	0.0
2025-03-28		FBbt_00049803	VFB_00101567	3	3	0.0
2025-03-28		FBbt_00049804		4	1	0.0
2025-03-28		FBbt_00049804	VFB_00101567	6	3	0.0
2025-03-28		FBbt_00051220		1	1	0.0
2025-03-28		FBbt_00051220	VFB_00101567	1	1	0.0
2025-03-28		FBbt_00051225		2	1	0.0
2025-03-28		FBbt_00051225	VFB_00101567	2	2	0.0
2025-03-28		FBbt_00051226		3	1	0.0
2025-03-28		FBbt_00051226	VFB_00101567	3	2	0.0
2025-03-28		FBbt_00051229		2	1	0.0
2025-03-28		FBbt_00051229	VFB_00101567	2	2	0.0
2025-03-28		FBbt_00058205		5	1	85.0
2025-03-28		FBbt_00058205	VFB_00101384	5	1	0.0
2025-03-28		FBbt_00067056		1	1	8.0
2025-03-28		FBbt_00067056	VFB_00101384	1	1	0.0
2025-03-28		FBbt_00100001		1	1	0.0
2025-03-28		FBbt_00100001	VFB_00101567	1	1	0.0
2025-03-28		FBbt_00100222		1	1	0.0
2025-03-28		FBbt_00100222	VFB_00101567	1	1	0.0
2025-03-28		FBbt_00100384		3	1	0.0
2025-03-28		FBbt_00100384	VFB_00101384	3	2	0.0
2025-03-28		FBbt_00110035		16	1	0.0
2025-03-28		FBbt_00110035	VFB_00049000	16	1	0.0
2025-03-28		FBbt_00110636		5	3	0.0
2025-03-28		FBbt_00110636	VFB_00101567	6	3	0.0
2025-03-28		FBbt_00110657		3	3	0.0
2025-03-28		FBbt_00110657	VFB_00101567	3	3	0.0
2025-03-28		FBbt_00110932		1	1	0.0
2025-03-28		FBbt_00110932	VFB_00101384	1	1	0.0
2025-03-28		FBbt_20000045		2	1	0.0
2025-03-28		FBbt_20000045	VFB_00101567	2	2	0.0
2025-03-28		FBbt_20004313		1	1	0.0
2025-03-28		FBbt_20004313	VFB_00101567	1	1	0.0
2025-03-28		FBbt_20004895		1	1	0.0
2025-03-28		FBbt_20004895	VFB_00101567	1	1	0.0
2025-03-28		FBbt_20007248		1	1	0.0
2025-03-28		FBbt_20007248	VFB_00101567	1	1	0.0
2025-03-28		FBbt_20007270		1	1	0.0
2025-03-28		FBbt_20007270	VFB_00101567	1	1	0.0
2025-03-28		FBbt_20007279		1	1	0.0
2025-03-28		FBbt_20007279	VFB_00101567	1	1	0.0
2025-03-28		FBbt_20010253		3	1	0.0
2025-03-28		FBbt_20010253	VFB_00101384	3	1	0.0
2025-03-28		VFB_00021983		2	1	9.0
2025-03-28		VFB_00021983	VFB_00101567	2	2	0.0
2025-03-28		VFB_00030413		4	1	5.0
2025-03-28		VFB_00030413	VFB_00101567	3	1	0.0
2025-03-28		VFB_00030624		16	1	67.0
2025-03-28		VFB_00030624	VFB_00017894	12	1	0.0
2025-03-28		VFB_00030624	VFB_00101567	2	1	0.0
2025-03-28		VFB_00049000		2	1	0.0
2025-03-28		VFB_00049000	VFB_00049000	2	1	0.0
2025-03-28		VFB_00100000		1	1	4.0
2025-03-28		VFB_00100000	VFB_00100000	2	2	12.0
2025-03-28		VFB_00100193		3	1	1.0
2025-03-28		VFB_00100193	VFB_00050000	1	1	0.0
2025-03-28		VFB_00100193	VFB_00101567	2	1	0.0
2025-03-28		VFB_00101275		4	1	0.0
2025-03-28		VFB_00101275	VFB_00101567	4	1	0.0
2025-03-28		VFB_00101384		10	4	10.0
2025-03-28		VFB_00101384	VFB_00101384	15	11	214.0
2025-03-28		VFB_001013rm		10	1	30.0
2025-03-28		VFB_001013rm	VFB_00101567	10	2	0.0
2025-03-28		VFB_00101485		7	1	10.0
2025-03-28		VFB_00101485	VFB_00101384	7	2	0.0
2025-03-28		VFB_00101567		112	28	256.0
2025-03-28		VFB_00101567	VFB_00101567	118	36	117.0
2025-03-28		VFB_00102107		2	1	5.0
2025-03-28		VFB_00102107	VFB_00101567	2	1	0.0
2025-03-28		VFB_00102114		13	4	0.0
2025-03-28		VFB_00102114	VFB_00101567	13	4	0.0
2025-03-28		VFB_00102118		2	1	0.0
2025-03-28		VFB_00102118	VFB_00101567	2	1	0.0
2025-03-28		VFB_00102119		2	1	0.0
2025-03-28		VFB_00102119	VFB_00101567	2	1	0.0
2025-03-28		VFB_00102121		2	1	0.0
2025-03-28		VFB_00102121	VFB_00101567	2	1	0.0
2025-03-28		VFB_00102134		7	1	62.0
2025-03-28		VFB_00102134	VFB_00101567	3	1	0.0
2025-03-28		VFB_00102135		1	1	4.0
2025-03-28		VFB_00102135	VFB_00101567	6	1	0.0
2025-03-28		VFB_00102139		4	1	0.0
2025-03-28		VFB_00102139	VFB_00101567	3	1	0.0
2025-03-28		VFB_00102141		11	1	78.0
2025-03-28		VFB_00102141	VFB_00101567	11	4	0.0
2025-03-28		VFB_00102148		4	1	11.0
2025-03-28		VFB_00102148	VFB_00101567	4	2	0.0
2025-03-28		VFB_00102170		22	2	6.0
2025-03-28		VFB_00102170	VFB_00101567	21	2	0.0
2025-03-28		VFB_00102201		2	1	7.0
2025-03-28		VFB_00102201	VFB_00101567	2	2	0.0
2025-03-28		VFB_00102212		1	1	2.0
2025-03-28		VFB_00102212	VFB_00101567	1	1	0.0
2025-03-28		VFB_00102214		1	1	1.0
2025-03-28		VFB_00102214	VFB_00101567	1	1	0.0
2025-03-28		VFB_00102274		16	1	0.0
2025-03-28		VFB_00102274	VFB_00101567	16	1	0.0
2025-03-28		VFB_00102275		2	1	0.0
2025-03-28		VFB_00102275	VFB_00101567	2	1	0.0
2025-03-28		VFB_00102281		5	1	3.0
2025-03-28		VFB_00102281	VFB_00101567	5	1	0.0
2025-03-28		VFB_00102282		4	1	0.0
2025-03-28		VFB_00102282	VFB_00101567	5	2	0.0
2025-03-28		VFB_00104pu0		2	1	1.0
2025-03-28		VFB_00104pu0	VFB_00101567	2	1	0.0
2025-03-28		VFB_00110000		6	1	0.0
2025-03-28		VFB_00110000	VFB_00110000	6	1	0.0
2025-03-28		VFB_00200000		12	2	1.0
2025-03-28		VFB_00200000	VFB_00101567	11	1	0.0
2025-03-28		VFB_00200000	VFB_00200000	1	1	0.0
2025-03-28		VFB_fw000137		17	2	96.0
2025-03-28		VFB_fw000137	VFB_00101567	7	4	0.0
2025-03-28		VFB_fw001344		2	1	3.0
2025-03-28		VFB_fw001344	VFB_00101567	2	1	0.0
2025-03-28		VFB_fw001918		49	1	98.0
2025-03-28		VFB_fw001918	VFB_00101567	46	4	0.0
2025-03-28		VFB_fw006515		39	1	20.0
2025-03-28		VFB_fw006515	VFB_00101567	29	3	0.0
2025-03-28		VFB_fw007088		6	2	7.0
2025-03-28		VFB_fw007088	VFB_00101567	5	3	0.0
2025-03-28		VFB_fw011800		1	1	0.0
2025-03-28		VFB_fw011800	VFB_00101567	1	1	0.0
2025-03-28		VFB_fw020781		16	1	70.0
2025-03-28		VFB_fw020781	VFB_00101567	11	4	0.0
2025-03-28		VFB_fw024731		2	1	84.0
2025-03-28		VFB_fw024731	VFB_00101567	2	1	0.0
2025-03-28		VFB_fw030308		13	1	150.0
2025-03-28		VFB_fw030308	VFB_00101567	10	5	0.0
2025-03-28		VFB_fw032353		2	1	4.0
2025-03-28		VFB_fw032353	VFB_00101567	2	1	0.0
2025-03-28		VFB_fw033342		45	1	78.0
2025-03-28		VFB_fw033342	VFB_00101567	38	8	0.0
2025-03-28		VFB_fw035097		66	1	95.0
2025-03-28		VFB_fw035097	VFB_00101567	65	6	0.0
2025-03-28		VFB_fw035719		2	1	0.0
2025-03-28		VFB_fw035719	VFB_00101567	3	2	0.0
2025-03-28		VFB_fw036210		2	1	2.0
2025-03-28		VFB_fw036210	VFB_00101567	2	1	0.0
2025-03-28		VFB_fw036298		5	1	5.0
2025-03-28		VFB_fw036298	VFB_00101567	5	1	0.0
2025-03-28		VFB_fw036976		1	1	0.0
2025-03-28		VFB_fw036976	VFB_00101567	1	1	0.0
2025-03-28		VFB_fw039745		21	2	1.0
2025-03-28		VFB_fw039745	VFB_00101567	31	4	0.0
2025-03-28		VFB_fw064655		3	1	16.0
2025-03-28		VFB_fw064655	VFB_00101567	3	2	0.0
2025-03-28		VFB_fw109225		2	1	18.0
2025-03-28		VFB_fw109225	VFB_00101567	2	1	0.0
2025-03-28		VFB_fw126293		4	1	13.0
2025-03-28		VFB_fw126293	VFB_00017894	3	1	0.0
2025-03-28		VFB_fw126293	VFB_00101567	1	1	0.0
2025-03-28		VFB_jrchjtdn		3	1	47.0
2025-03-28		VFB_jrchjtdn	VFB_00101384	3	2	0.0
2025-03-28		VFB_jrchjtro		22	1	55.0
2025-03-28		VFB_jrchjtro	VFB_00101567	27	4	0.0
2025-03-28		VFB_jrchjtsy		28	1	71.0
2025-03-28		VFB_jrchjtsy	VFB_00101567	38	5	0.0
2025-03-28		VFB_jrchjvzs		3	1	72.0
2025-03-28		VFB_jrchjvzs	VFB_00101384	2	1	0.0
2025-03-28		VFB_jrchjxvi		14	1	0.0
2025-03-28		VFB_jrchjxvi	VFB_00101567	14	1	0.0
2025-03-28		VFB_jrchk103		1	1	0.0
2025-03-28		VFB_jrchk103	VFB_00101567	1	1	0.0
2025-03-28		VFB_jrchk3b3		13	1	10.0
2025-03-28		VFB_jrchk3b3	VFB_00101567	13	3	0.0
2025-03-28		VFB_jrchk7bb		9	1	36.0
2025-03-28		VFB_jrchk7bb	VFB_00101567	9	3	0.0
2025-03-28		VFB_jrchk7ca		11	1	20.0
2025-03-28		VFB_jrchk7ca	VFB_00101567	16	3	0.0
2025-03-28		VFBexp_FBtp0058		16	1	0.0
2025-03-28		VFBexp_FBtp0058	VFB_00101567	16	1	0.0
2025-03-28		VFBexp_FBtp0059		1	1	0.0
2025-03-28		VFBexp_FBtp0059	VFB_00101567	1	1	0.0
2025-03-28		VFBexp_FBtp0121		10	2	0.0
2025-03-28		VFBexp_FBtp0121	VFB_00101567	10	2	0.0
2025-03-28		VFBexp_FBtp0125		6	1	0.0
2025-03-28		VFBexp_FBtp0125	VFB_00101567	6	1	0.0
2025-03-28		VFBext_0000010		5	1	26.0
2025-03-28		VFBext_0000010	VFB_00101567	5	1	0.0
2025-03-28	v2-dev.virtualflybrain.org	VFB_00049000	VFB_00049000	2	2	62.0
2025-03-28	v2-dev.virtualflybrain.org	VFB_00101567	VFB_00101567	13	4	277.0
2025-03-28	v2-dev.virtualflybrain.org	VFB_00110000	VFB_00110000	6	2	67.0
2025-03-28	v2.virtualflybrain.org	FBbt_00003624	VFB_00017894	0	1	55.0
2025-03-28	v2.virtualflybrain.org	FBbt_00003624	VFB_00101567	3	5	89.0
2025-03-28	v2.virtualflybrain.org	FBbt_00003651	VFB_00101567	0	1	40.0
2025-03-28	v2.virtualflybrain.org	FBbt_00003678	VFB_00101567	0	1	1.0
2025-03-28	v2.virtualflybrain.org	FBbt_00003680	VFB_00101567	0	2	157.0
2025-03-28	v2.virtualflybrain.org	FBbt_00003681	VFB_00101567	0	1	10.0
2025-03-28	v2.virtualflybrain.org	FBbt_00003684	VFB_00101567	0	2	54.0
2025-03-28	v2.virtualflybrain.org	FBbt_00003701	VFB_00101567	0	1	12.0
2025-03-28	v2.virtualflybrain.org	FBbt_00003719		1	1	0.0
2025-03-28	v2.virtualflybrain.org	FBbt_00003719	VFB_00101567	0	1	6.0
2025-03-28	v2.virtualflybrain.org	FBbt_00003748	VFB_00017894	0	1	0.0
2025-03-28	v2.virtualflybrain.org	FBbt_00003748	VFB_00101567	0	6	214.0
2025-03-28	v2.virtualflybrain.org	FBbt_00003785		1	1	0.0
2025-03-28	v2.virtualflybrain.org	FBbt_00003907	VFB_00101567	0	1	110.0
2025-03-28	v2.virtualflybrain.org	FBbt_00003924	VFB_00101567	0	1	37.0
2025-03-28	v2.virtualflybrain.org	FBbt_00003982	VFB_00101567	0	1	58.0
2025-03-28	v2.virtualflybrain.org	FBbt_00004219	VFB_00101384	0	1	48.0
2025-03-28	v2.virtualflybrain.org	FBbt_00004225	VFB_00017894	0	1	17.0
2025-03-28	v2.virtualflybrain.org	FBbt_00004225	VFB_00101384	0	1	24.0
2025-03-28	v2.virtualflybrain.org	FBbt_00005097	VFB_00049000	1	1	0.0
2025-03-28	v2.virtualflybrain.org	FBbt_00007001	VFB_00101567	0	1	33.0
2025-03-28	v2.virtualflybrain.org	FBbt_00007016	VFB_00101567	0	1	1.0
2025-03-28	v2.virtualflybrain.org	FBbt_00007055	VFB_00101567	0	1	23.0
2025-03-28	v2.virtualflybrain.org	FBbt_00007059	VFB_00101567	0	1	0.0
2025-03-28	v2.virtualflybrain.org	FBbt_00007385	VFB_00101567	0	1	17.0
2025-03-28	v2.virtualflybrain.org	FBbt_00007401	VFB_00101567	0	1	80.0
2025-03-28	v2.virtualflybrain.org	FBbt_00007537	VFB_00101567	0	1	17.0
2025-03-28	v2.virtualflybrain.org	FBbt_00013688	VFB_00101567	0	2	8.0
2025-03-28	v2.virtualflybrain.org	FBbt_00013774	VFB_00101567	0	2	412.0
2025-03-28	v2.virtualflybrain.org	FBbt_00040001	VFB_00101567	3	2	0.0
2025-03-28	v2.virtualflybrain.org	FBbt_00040007	VFB_00101567	0	1	0.0
2025-03-28	v2.virtualflybrain.org	FBbt_00040039	VFB_00101567	0	1	0.0
2025-03-28	v2.virtualflybrain.org	FBbt_00040041	VFB_00101567	0	1	7.0
2025-03-28	v2.virtualflybrain.org	FBbt_00040042	VFB_00101567	0	2	12.0
2025-03-28	v2.virtualflybrain.org	FBbt_00040043	VFB_00101567	2	3	48.0
2025-03-28	v2.virtualflybrain.org	FBbt_00040060	VFB_00101567	0	1	64.0
2025-03-28	v2.virtualflybrain.org	FBbt_00045032	VFB_00101567	0	1	37.0
2025-03-28	v2.virtualflybrain.org	FBbt_00045047	VFB_00101567	0	1	20.0
2025-03-28	v2.virtualflybrain.org	FBbt_00047030	VFB_00101567	0	1	14.0
2025-03-28	v2.virtualflybrain.org	FBbt_00047031	VFB_00101567	0	1	16.0
2025-03-28	v2.virtualflybrain.org	FBbt_00047047	VFB_00101567	0	1	43.0
2025-03-28	v2.virtualflybrain.org	FBbt_00047090	VFB_00101567	3	1	0.0
2025-03-28	v2.virtualflybrain.org	FBbt_00047887	VFB_00101567	0	1	6.0
2025-03-28	v2.virtualflybrain.org	FBbt_00048138	VFB_00101384	4	3	100.0
2025-03-28	v2.virtualflybrain.org	FBbt_00049180	VFB_00101567	0	4	271.0
2025-03-28	v2.virtualflybrain.org	FBbt_00049803	VFB_00101567	0	3	142.0
2025-03-28	v2.virtualflybrain.org	FBbt_00049804	VFB_00101567	0	3	86.0
2025-03-28	v2.virtualflybrain.org	FBbt_00051220	VFB_00101567	0	1	29.0
2025-03-28	v2.virtualflybrain.org	FBbt_00051225	VFB_00101567	0	2	52.0
2025-03-28	v2.virtualflybrain.org	FBbt_00051226	VFB_00101567	0	2	95.0
2025-03-28	v2.virtualflybrain.org	FBbt_00051229	VFB_00101567	0	2	96.0
2025-03-28	v2.virtualflybrain.org	FBbt_00058205	VFB_00101384	1	2	100.0
2025-03-28	v2.virtualflybrain.org	FBbt_00067056	VFB_00101384	0	1	158.0
2025-03-28	v2.virtualflybrain.org	FBbt_00100001		1	1	0.0
2025-03-28	v2.virtualflybrain.org	FBbt_00100001	VFB_00101567	0	1	39.0
2025-03-28	v2.virtualflybrain.org	FBbt_00100222	VFB_00101567	0	2	78.0
2025-03-28	v2.virtualflybrain.org	FBbt_00100384	VFB_00101384	0	3	89.0
2025-03-28	v2.virtualflybrain.org	FBbt_00110035	VFB_00049000	16	1	0.0
2025-03-28	v2.virtualflybrain.org	FBbt_00110636	VFB_00101567	1	4	79.0
2025-03-28	v2.virtualflybrain.org	FBbt_00110657	VFB_00101567	0	3	96.0
2025-03-28	v2.virtualflybrain.org	FBbt_00110932	VFB_00101384	0	1	48.0
2025-03-28	v2.virtualflybrain.org	FBbt_20000045	VFB_00101567	0	2	53.0
2025-03-28	v2.virtualflybrain.org	FBbt_20004313		1	1	1.0
2025-03-28	v2.virtualflybrain.org	FBbt_20004313	VFB_00101567	0	1	37.0
2025-03-28	v2.virtualflybrain.org	FBbt_20004895	VFB_00101567	0	1	27.0
2025-03-28	v2.virtualflybrain.org	FBbt_20007248		1	1	0.0
2025-03-28	v2.virtualflybrain.org	FBbt_20007270		1	1	1.0
2025-03-28	v2.virtualflybrain.org	FBbt_20007279		1	1	0.0
2025-03-28	v2.virtualflybrain.org	FBbt_20007279	VFB_00101567	0	1	32.0
2025-03-28	v2.virtualflybrain.org	FBbt_20010253	VFB_00101384	0	1	98.0
2025-03-28	v2.virtualflybrain.org	VFB_00021983	VFB_00101567	1	1	0.0
2025-03-28	v2.virtualflybrain.org	VFB_00030413	VFB_00101567	0	1	40.0
2025-03-28	v2.virtualflybrain.org	VFB_00030624	VFB_00017894	1	3	7.0
2025-03-28	v2.virtualflybrain.org	VFB_00030624	VFB_00101567	0	2	159.0
2025-03-28	v2.virtualflybrain.org	VFB_00049000	VFB_00049000	0	2	0.0
2025-03-28	v2.virtualflybrain.org	VFB_00100000	VFB_00100000	1	2	1.0
2025-03-28	v2.virtualflybrain.org	VFB_00100193	VFB_00050000	1	3	1.0
2025-03-28	v2.virtualflybrain.org	VFB_00100193	VFB_00101567	0	2	15.0
2025-03-28	v2.virtualflybrain.org	VFB_00100yov	VFB_00101567	1	1	0.0
2025-03-28	v2.virtualflybrain.org	VFB_00101275	VFB_00101567	4	2	0.0
2025-03-28	v2.virtualflybrain.org	VFB_00101384	VFB_00101384	4	14	62.0
2025-03-28	v2.virtualflybrain.org	VFB_001013rm	VFB_00101567	0	2	92.0
2025-03-28	v2.virtualflybrain.org	VFB_00101485	VFB_00101384	0	1	24.0
2025-03-28	v2.virtualflybrain.org	VFB_00101567	VFB_00101567	14	55	346.0
2025-03-28	v2.virtualflybrain.org	VFB_00102107	VFB_00101567	0	1	0.0
2025-03-28	v2.virtualflybrain.org	VFB_00102114	VFB_00101567	4	5	163.0
2025-03-28	v2.virtualflybrain.org	VFB_00102118	VFB_00101567	0	1	125.0
2025-03-28	v2.virtualflybrain.org	VFB_00102119	VFB_00101567	0	1	4.0
2025-03-28	v2.virtualflybrain.org	VFB_00102121	VFB_00101567	0	1	3.0
2025-03-28	v2.virtualflybrain.org	VFB_00102139	VFB_00101567	0	1	20.0
2025-03-28	v2.virtualflybrain.org	VFB_00102141	VFB_00101567	0	1	0.0
2025-03-28	v2.virtualflybrain.org	VFB_00102148	VFB_00101567	2	2	36.0
2025-03-28	v2.virtualflybrain.org	VFB_00102170	VFB_00101567	17	3	67.0
2025-03-28	v2.virtualflybrain.org	VFB_00102201	VFB_00101567	0	2	0.0
2025-03-28	v2.virtualflybrain.org	VFB_00102212	VFB_00101567	0	1	5.0
2025-03-28	v2.virtualflybrain.org	VFB_00102214	VFB_00101567	0	1	14.0
2025-03-28	v2.virtualflybrain.org	VFB_00102274	VFB_00101567	16	1	0.0
2025-03-28	v2.virtualflybrain.org	VFB_00102275	VFB_00101567	0	1	26.0
2025-03-28	v2.virtualflybrain.org	VFB_00102282	VFB_00101567	0	1	54.0
2025-03-28	v2.virtualflybrain.org	VFB_00104pu0	VFB_00101567	0	1	36.0
2025-03-28	v2.virtualflybrain.org	VFB_00200000	VFB_00101567	11	1	0.0
2025-03-28	v2.virtualflybrain.org	VFB_00200000	VFB_00200000	1	3	24.0
2025-03-28	v2.virtualflybrain.org	VFB_fw000137		2	2	1.0
2025-03-28	v2.virtualflybrain.org	VFB_fw000137	VFB_00101567	0	3	41.0
2025-03-28	v2.virtualflybrain.org	VFB_fw001344	VFB_00101567	0	1	0.0
2025-03-28	v2.virtualflybrain.org	VFB_fw001918	VFB_00101567	0	1	0.0
2025-03-28	v2.virtualflybrain.org	VFB_fw006515	VFB_00101567	0	1	0.0
2025-03-28	v2.virtualflybrain.org	VFB_fw007088		8	2	616.0
2025-03-28	v2.virtualflybrain.org	VFB_fw007088	VFB_00101567	0	2	10.0
2025-03-28	v2.virtualflybrain.org	VFB_fw011800	VFB_00101567	1	1	4.0
2025-03-28	v2.virtualflybrain.org	VFB_fw020781	VFB_00101567	0	2	0.0
2025-03-28	v2.virtualflybrain.org	VFB_fw024731	VFB_00101567	0	2	136.0
2025-03-28	v2.virtualflybrain.org	VFB_fw030308	VFB_00101567	1	3	0.0
2025-03-28	v2.virtualflybrain.org	VFB_fw032353	VFB_00101567	0	2	131.0
2025-03-28	v2.virtualflybrain.org	VFB_fw033342	VFB_00101567	0	4	0.0
2025-03-28	v2.virtualflybrain.org	VFB_fw035097	VFB_00101567	0	3	0.0
2025-03-28	v2.virtualflybrain.org	VFB_fw035719	VFB_00101567	0	1	39.0
2025-03-28	v2.virtualflybrain.org	VFB_fw036210	VFB_00101567	0	1	0.0
2025-03-28	v2.virtualflybrain.org	VFB_fw036298		3	1	0.0
2025-03-28	v2.virtualflybrain.org	VFB_fw036298	VFB_00101567	0	1	209.0
2025-03-28	v2.virtualflybrain.org	VFB_fw036976	VFB_00101567	1	1	0.0
2025-03-28	v2.virtualflybrain.org	VFB_fw039745	VFB_00101567	0	4	777.0
2025-03-28	v2.virtualflybrain.org	VFB_fw064655	VFB_00101567	1	2	1.0
2025-03-28	v2.virtualflybrain.org	VFB_fw109225	VFB_00101567	0	2	133.0
2025-03-28	v2.virtualflybrain.org	VFB_fw126293	VFB_00017894	0	2	1.0
2025-03-28	v2.virtualflybrain.org	VFB_fw126293	VFB_00101567	1	2	0.0
2025-03-28	v2.virtualflybrain.org	VFB_jrchjtdn	VFB_00101384	0	1	0.0
2025-03-28	v2.virtualflybrain.org	VFB_jrchjtro	VFB_00101567	0	1	0.0
2025-03-28	v2.virtualflybrain.org	VFB_jrchjtsy	VFB_00101567	0	3	0.0
2025-03-28	v2.virtualflybrain.org	VFB_jrchjvzs	VFB_00101384	0	1	0.0
2025-03-28	v2.virtualflybrain.org	VFB_jrchjxvi	VFB_00101567	14	1	0.0
2025-03-28	v2.virtualflybrain.org	VFB_jrchk103	VFB_00101567	1	1	0.0
2025-03-28	v2.virtualflybrain.org	VFB_jrchk3b3	VFB_00101567	0	3	0.0
2025-03-28	v2.virtualflybrain.org	VFB_jrchk7bb	VFB_00101567	0	1	0.0
2025-03-28	v2.virtualflybrain.org	VFB_jrchk7ca	VFB_00101567	0	2	0.0
2025-03-28	v2.virtualflybrain.org	VFBexp_FBtp0058	VFB_00101567	16	1	0.0
2025-03-28	v2.virtualflybrain.org	VFBexp_FBtp0059	VFB_00101567	0	1	14.0
2025-03-28	v2.virtualflybrain.org	VFBexp_FBtp0121		1	1	1.0
2025-03-28	v2.virtualflybrain.org	VFBexp_FBtp0121	VFB_00101567	9	2	41.0
2025-03-28	v2.virtualflybrain.org	VFBexp_FBtp0125		3	1	0.0
2025-03-28	v2.virtualflybrain.org	VFBexp_FBtp0125	VFB_00101567	0	2	83.0
2025-03-28	v2.virtualflybrain.org	VFBext_0000010	VFB_00101567	0	2	1.0
2025-03-29		FBbt_00003624		2	1	5.0
2025-03-29		FBbt_00003624	VFB_00101567	3	1	0.0
2025-03-29		FBbt_00003632		2	1	0.0
2025-03-29		FBbt_00003632	VFB_00101567	2	1	0.0
2025-03-29		FBbt_00003678		1	1	0.0
2025-03-29		FBbt_00003678	VFB_00101567	1	1	0.0
2025-03-29		FBbt_00003679		1	1	0.0
2025-03-29		FBbt_00003679	VFB_00101567	1	1	0.0
2025-03-29		FBbt_00003681		6	3	0.0
2025-03-29		FBbt_00003681	VFB_00101567	6	3	0.0
2025-03-29		FBbt_00007050		2	1	0.0
2025-03-29		FBbt_00007050	VFB_00101567	3	1	0.0
2025-03-29		FBbt_00007054		1	1	0.0
2025-03-29		FBbt_00007054	VFB_00101567	1	1	0.0
2025-03-29		FBbt_00014013		4	1	0.0
2025-03-29		FBbt_00014013	VFB_00101567	4	1	0.0
2025-03-29		FBbt_00040042		1	1	0.0
2025-03-29		FBbt_00040042	VFB_00101567	1	1	0.0
2025-03-29		FBbt_00040043		3	1	0.0
2025-03-29		FBbt_00040043	VFB_00101567	3	1	0.0
2025-03-29		FBbt_00045030		1	1	0.0
2025-03-29		FBbt_00045030	VFB_00101567	1	1	0.0
2025-03-29		FBbt_00045048		3	1	0.0
2025-03-29		FBbt_00045048	VFB_00101567	3	2	0.0
2025-03-29		FBbt_00047887		9	1	0.0
2025-03-29		FBbt_00047887	VFB_00101567	9	1	0.0
2025-03-29		FBbt_00048138		7	1	0.0
2025-03-29		FBbt_00048138	VFB_00101384	7	1	0.0
2025-03-29		FBbt_00058440		2	1	0.0
2025-03-29		FBbt_00058440	VFB_00101567	2	1	0.0
2025-03-29		FBbt_00110638		1	1	0.0
2025-03-29		FBbt_00110638	VFB_00101567	1	1	0.0
2025-03-29		FBbt_00110639		2	1	0.0
2025-03-29		FBbt_00110639	VFB_00101567	2	1	0.0
2025-03-29		FBbt_20001309		1	1	0.0
2025-03-29		FBbt_20001309	VFB_00101567	1	1	0.0
2025-03-29		FBbt_20001951		1	1	0.0
2025-03-29		FBbt_20001951	VFB_00101567	1	1	0.0
2025-03-29		VFB_00020363		1	1	7.0
2025-03-29		VFB_00020363	VFB_00101567	1	1	0.0
2025-03-29		VFB_00050000	VFB_00050000	7	1	0.0
2025-03-29		VFB_00100ww0		2	1	23.0
2025-03-29		VFB_00100ww0	VFB_00101567	2	1	0.0
2025-03-29		VFB_00101567		70	14	99.0
2025-03-29		VFB_00101567	VFB_00101567	70	15	0.0
2025-03-29		VFB_00102114		1	1	0.0
2025-03-29		VFB_00102114	VFB_00101567	1	1	0.0
2025-03-29		VFB_00102280		3	1	22.0
2025-03-29		VFB_00102280	VFB_00101567	3	2	0.0
2025-03-29		VFB_00200000		2	1	0.0
2025-03-29		VFB_00200000	VFB_00101567	2	1	0.0
2025-03-29		VFB_jrchjwj5		5	1	211.0
2025-03-29		VFB_jrchjwj5	VFB_00101567	5	3	0.0
2025-03-29		VFB_jrchk49a		2	1	4.0
2025-03-29		VFB_jrchk49a	VFB_00101567	2	1	0.0
2025-03-29		VFB_jrchk4h2		2	1	1.0
2025-03-29		VFB_jrchk4h2	VFB_00101567	2	1	0.0
2025-03-29		VFBexp_FBtp0058		2	1	0.0
2025-03-29		VFBexp_FBtp0058	VFB_00101567	2	2	0.0
2025-03-29		VFBexp_FBtp0121		5	1	0.0
2025-03-29		VFBexp_FBtp0121	VFB_00101567	5	1	0.0
2025-03-29	v2-dev.virtualflybrain.org	VFB_00101567	VFB_00101567	5	2	361.0
2025-03-29	v2.virtualflybrain.org	FBbt_00003624	VFB_00101567	0	2	4.0
2025-03-29	v2.virtualflybrain.org	FBbt_00003632	VFB_00101567	0	2	70.0
2025-03-29	v2.virtualflybrain.org	FBbt_00003678	VFB_00101567	0	1	0.0
2025-03-29	v2.virtualflybrain.org	FBbt_00003679	VFB_00101567	0	1	2.0
2025-03-29	v2.virtualflybrain.org	FBbt_00003681	VFB_00101567	2	5	118.0
2025-03-29	v2.virtualflybrain.org	FBbt_00007050	VFB_00101567	0	1	50.0
2025-03-29	v2.virtualflybrain.org	FBbt_00007054	VFB_00101567	0	2	19.0
2025-03-29	v2.virtualflybrain.org	FBbt_00014013	VFB_00101567	0	1	6.0
2025-03-29	v2.virtualflybrain.org	FBbt_00040042	VFB_00101567	0	1	1.0
2025-03-29	v2.virtualflybrain.org	FBbt_00040043	VFB_00101567	0	2	38.0
2025-03-29	v2.virtualflybrain.org	FBbt_00045030	VFB_00101567	0	1	16.0
2025-03-29	v2.virtualflybrain.org	FBbt_00045048	VFB_00101567	0	2	20.0
2025-03-29	v2.virtualflybrain.org	FBbt_00047887	VFB_00101567	0	2	59.0
2025-03-29	v2.virtualflybrain.org	FBbt_00048138	VFB_00101384	8	1	0.0
2025-03-29	v2.virtualflybrain.org	FBbt_00050248		1	1	0.0
2025-03-29	v2.virtualflybrain.org	FBbt_00058440	VFB_00101567	0	2	91.0
2025-03-29	v2.virtualflybrain.org	FBbt_00110638	VFB_00101567	0	2	30.0
2025-03-29	v2.virtualflybrain.org	FBbt_00110639	VFB_00101567	0	2	9.0
2025-03-29	v2.virtualflybrain.org	FBbt_20001309	VFB_00101567	0	1	13.0
2025-03-29	v2.virtualflybrain.org	FBbt_20001951	VFB_00101567	0	1	17.0
2025-03-29	v2.virtualflybrain.org	VFB_00020363	VFB_00101567	1	1	39.0
2025-03-29	v2.virtualflybrain.org	VFB_00050000	VFB_00050000	8	3	4.0
2025-03-29	v2.virtualflybrain.org	VFB_00100ww0	VFB_00101567	0	2	32.0
2025-03-29	v2.virtualflybrain.org	VFB_001011g9	VFB_00050000	2	1	0.0
2025-03-29	v2.virtualflybrain.org	VFB_00101384	VFB_00101384	0	1	0.0
2025-03-29	v2.virtualflybrain.org	VFB_00101567	VFB_00101567	7	25	60.0
2025-03-29	v2.virtualflybrain.org	VFB_00102114	VFB_00101567	1	1	0.0
2025-03-29	v2.virtualflybrain.org	VFB_00102280	VFB_00101567	0	2	14.0
2025-03-29	v2.virtualflybrain.org	VFB_00200000	VFB_00101567	2	1	2.0
2025-03-29	v2.virtualflybrain.org	VFB_jrchjwj5	VFB_00101567	0	4	132.0
2025-03-29	v2.virtualflybrain.org	VFB_jrchk49a	VFB_00101567	0	1	33.0
2025-03-29	v2.virtualflybrain.org	VFB_jrchk4h2	VFB_00101567	0	1	20.0
2025-03-29	v2.virtualflybrain.org	VFBexp_FBtp0058	VFB_00101567	1	2	244.0
2025-03-29	v2.virtualflybrain.org	VFBexp_FBtp0121	VFB_00101567	5	1	0.0
2025-03-29	v2.virtualflybrain.org	VFBexp_FBtp0123		1	1	0.0
2025-03-30		FBbt_00003678		2	1	0.0
2025-03-30		FBbt_00003678	VFB_00101567	2	1	0.0
2025-03-30		FBbt_00003681		2	2	0.0
2025-03-30		FBbt_00003681	VFB_00101567	2	2	0.0
2025-03-30		FBbt_00003748		2	1	0.0
2025-03-30		FBbt_00003748	VFB_00101567	2	1	0.0
2025-03-30		FBbt_00003982		2	1	0.0
2025-03-30		FBbt_00003982	VFB_00101567	3	1	0.0
2025-03-30		FBbt_00007401		3	1	0.0
2025-03-30		FBbt_00007401	VFB_00101567	4	1	0.0
2025-03-30		FBbt_00013695		1	1	0.0
2025-03-30		FBbt_00013695	VFB_00101567	1	1	0.0
2025-03-30		FBbt_00014013		1	1	0.0
2025-03-30		FBbt_00014013	VFB_00101567	1	1	0.0
2025-03-30		FBbt_00040048		1	1	0.0
2025-03-30		FBbt_00040048	VFB_00101567	1	1	0.0
2025-03-30		FBbt_00040051		1	1	0.0
2025-03-30		FBbt_00040051	VFB_00101567	2	1	0.0
2025-03-30		FBbt_00045047		1	1	0.0
2025-03-30		FBbt_00045047	VFB_00101567	1	1	0.0
2025-03-30		FBbt_00045051		2	1	0.0
2025-03-30		FBbt_00045051	VFB_00101567	2	1	0.0
2025-03-30		FBbt_00110657		1	1	0.0
2025-03-30		FBbt_00110657	VFB_00101567	1	1	0.0
2025-03-30		FBbt_20004073		1	1	0.0
2025-03-30		FBbt_20004073	VFB_00101567	1	1	0.0
2025-03-30		FBbt_20005272		1	1	0.0
2025-03-30		FBbt_20005272	VFB_00101567	1	1	0.0
2025-03-30		VFB_00017894		5	1	0.0
2025-03-30		VFB_00017894	VFB_00017894	5	1	0.0
2025-03-30		VFB_00050000		7	2	14.0
2025-03-30		VFB_00050000	VFB_00050000	9	4	129.0
2025-03-30		VFB_00101567		44	10	114.0
2025-03-30		VFB_00101567	VFB_00101567	49	13	0.0
2025-03-30		VFB_00102275		4	1	0.0
2025-03-30		VFB_00102275	VFB_00101567	3	1	0.0
2025-03-30		VFB_00102276		5	1	0.0
2025-03-30		VFB_00102276	VFB_00101567	4	1	0.0
2025-03-30		VFB_fw036298		2	1	0.0
2025-03-30		VFB_fw036298	VFB_00101567	2	1	0.0
2025-03-30		VFB_jrchk103		1	1	0.0
2025-03-30		VFB_jrchk103	VFB_00101567	1	1	0.0
2025-03-30		VFBexp_FBtp0059		1	1	0.0
2025-03-30		VFBexp_FBtp0059	VFB_00101567	1	1	0.0
2025-03-30		VFBexp_FBtp0123		2	1	0.0
2025-03-30		VFBexp_FBtp0123	VFB_00101567	2	1	0.0
2025-03-30	v2-dev.virtualflybrain.org	VFB_00101567	VFB_00101567	11	2	52.0
2025-03-30	v2.virtualflybrain.org	FBbt_00003678	VFB_00101567	0	2	75.0
2025-03-30	v2.virtualflybrain.org	FBbt_00003681	VFB_00101567	0	3	27.0
2025-03-30	v2.virtualflybrain.org	FBbt_00003748	VFB_00101567	1	2	2.0
2025-03-30	v2.virtualflybrain.org	FBbt_00003982	VFB_00101567	0	1	3.0
2025-03-30	v2.virtualflybrain.org	FBbt_00007401	VFB_00101567	0	1	8.0
2025-03-30	v2.virtualflybrain.org	FBbt_00013695	VFB_00101567	0	1	4.0
2025-03-30	v2.virtualflybrain.org	FBbt_00014013	VFB_00101567	0	1	20.0
2025-03-30	v2.virtualflybrain.org	FBbt_00040048	VFB_00101567	0	1	0.0
2025-03-30	v2.virtualflybrain.org	FBbt_00040051	VFB_00101567	0	1	23.0
2025-03-30	v2.virtualflybrain.org	FBbt_00045047	VFB_00101567	0	1	3.0
2025-03-30	v2.virtualflybrain.org	FBbt_00045051	VFB_00101567	0	1	9.0
2025-03-30	v2.virtualflybrain.org	FBbt_20004073		1	1	1.0
2025-03-30	v2.virtualflybrain.org	FBbt_20004073	VFB_00101567	0	1	28.0
2025-03-30	v2.virtualflybrain.org	FBbt_20005272		1	1	4.0
2025-03-30	v2.virtualflybrain.org	VFB_00017894		1	1	0.0
2025-03-30	v2.virtualflybrain.org	VFB_00017894	VFB_00017894	6	3	0.0
2025-03-30	v2.virtualflybrain.org	VFB_00050000	VFB_00050000	7	8	447.0
2025-03-30	v2.virtualflybrain.org	VFB_00101567	VFB_00101567	9	18	257.0
2025-03-30	v2.virtualflybrain.org	VFB_00102275	VFB_00101567	0	1	0.0
2025-03-30	v2.virtualflybrain.org	VFB_00102276	VFB_00101567	0	2	11.0
2025-03-30	v2.virtualflybrain.org	VFB_fw036298	VFB_00101567	2	1	0.0
2025-03-30	v2.virtualflybrain.org	VFB_jrchk103	VFB_00101567	1	1	0.0
2025-03-30	v2.virtualflybrain.org	VFBexp_FBtp0059		1	1	2.0
2025-03-30	v2.virtualflybrain.org	VFBexp_FBtp0059	VFB_00101567	0	1	0.0
2025-03-30	v2.virtualflybrain.org	VFBexp_FBtp0123		1	1	0.0
2025-03-30	v2.virtualflybrain.org	VFBexp_FBtp0123	VFB_00101567	2	2	0.0
2025-03-31		FBbt_00003624		5	4	0.0
2025-03-31		FBbt_00003624	VFB_00101567	7	4	0.0
2025-03-31		FBbt_00003629		2	1	3.0
2025-03-31		FBbt_00003629	VFB_00101567	2	1	0.0
2025-03-31		FBbt_00003678		4	1	0.0
2025-03-31		FBbt_00003678	VFB_00101567	4	1	0.0
2025-03-31		FBbt_00003680		1	1	0.0
2025-03-31		FBbt_00003680	VFB_00101567	1	1	0.0
2025-03-31		FBbt_00003681		6	3	0.0
2025-03-31		FBbt_00003681	VFB_00101567	6	3	0.0
2025-03-31		FBbt_00003684		3	1	0.0
2025-03-31		FBbt_00003684	VFB_00101567	3	1	0.0
2025-03-31		FBbt_00003743		2	1	2.0
2025-03-31		FBbt_00003743	VFB_00101567	2	1	0.0
2025-03-31		FBbt_00003748		20	4	0.0
2025-03-31		FBbt_00003748	VFB_00101567	20	4	0.0
2025-03-31		FBbt_00003982		3	1	0.0
2025-03-31		FBbt_00003982	VFB_00101567	3	1	0.0
2025-03-31		FBbt_00004020		3	1	0.0
2025-03-31		FBbt_00004020	VFB_00101567	3	3	0.0
2025-03-31		FBbt_00005097		3	1	0.0
2025-03-31		FBbt_00005097	VFB_00049000	3	1	0.0
2025-03-31		FBbt_00007053		1	1	0.0
2025-03-31		FBbt_00007053	VFB_00101567	1	1	0.0
2025-03-31		FBbt_00007054		1	1	0.0
2025-03-31		FBbt_00007054	VFB_00101567	1	1	0.0
2025-03-31		FBbt_00007055		1	1	0.0
2025-03-31		FBbt_00007055	VFB_00101567	1	1	0.0
2025-03-31		FBbt_00007059		2	1	0.0
2025-03-31		FBbt_00007059	VFB_00101567	2	1	0.0
2025-03-31		FBbt_00007064		1	1	0.0
2025-03-31		FBbt_00007064	VFB_00049000	1	1	0.0
2025-03-31		FBbt_00007145		2	1	0.0
2025-03-31		FBbt_00007145	VFB_00101567	2	1	0.0
2025-03-31		FBbt_00007191		2	1	0.0
2025-03-31		FBbt_00007191	VFB_00049000	2	2	0.0
2025-03-31		FBbt_00007385		2	2	0.0
2025-03-31		FBbt_00007385	VFB_00101567	2	2	0.0
2025-03-31		FBbt_00007401		7	1	0.0
2025-03-31		FBbt_00007401	VFB_00101567	7	1	0.0
2025-03-31		FBbt_00007422		2	1	0.0
2025-03-31		FBbt_00007422	VFB_00101567	2	2	0.0
2025-03-31		FBbt_00007453		1	1	0.0
2025-03-31		FBbt_00007453	VFB_00101567	1	1	0.0
2025-03-31		FBbt_00013694		1	1	0.0
2025-03-31		FBbt_00013694	VFB_00101567	1	1	0.0
2025-03-31		FBbt_00013695		12	1	0.0
2025-03-31		FBbt_00013695	VFB_00101567	12	1	0.0
2025-03-31		FBbt_00014013		9	1	0.0
2025-03-31		FBbt_00014013	VFB_00101567	9	1	0.0
2025-03-31		FBbt_00040039		1	1	0.0
2025-03-31		FBbt_00040039	VFB_00101567	1	1	0.0
2025-03-31		FBbt_00040041		3	1	0.0
2025-03-31		FBbt_00040041	VFB_00101567	3	1	0.0
2025-03-31		FBbt_00040042		1	1	0.0
2025-03-31		FBbt_00040042	VFB_00101567	1	1	0.0
2025-03-31		FBbt_00040043		4	2	0.0
2025-03-31		FBbt_00040043	VFB_00101567	4	2	0.0
2025-03-31		FBbt_00040048		1	1	0.0
2025-03-31		FBbt_00040048	VFB_00101567	1	1	0.0
2025-03-31		FBbt_00040049		2	2	0.0
2025-03-31		FBbt_00040049	VFB_00101567	2	2	0.0
2025-03-31		FBbt_00040050		1	1	0.0
2025-03-31		FBbt_00040050	VFB_00101384	1	1	0.0
2025-03-31		FBbt_00040072		3	1	0.0
2025-03-31		FBbt_00040072	VFB_00101567	3	1	0.0
2025-03-31		FBbt_00045007		1	1	0.0
2025-03-31		FBbt_00045007	VFB_00101567	1	1	0.0
2025-03-31		FBbt_00045021		2	1	0.0
2025-03-31		FBbt_00045021	VFB_00101567	2	1	0.0
2025-03-31		FBbt_00045027		8	1	0.0
2025-03-31		FBbt_00045027	VFB_00101567	8	1	0.0
2025-03-31		FBbt_00045048		3	1	0.0
2025-03-31		FBbt_00045048	VFB_00101567	3	1	0.0
2025-03-31		FBbt_00045050		3	2	0.0
2025-03-31		FBbt_00045050	VFB_00101567	3	2	0.0
2025-03-31		FBbt_00047326		1	1	0.0
2025-03-31		FBbt_00047326	VFB_00101567	1	1	0.0
2025-03-31		FBbt_00049757		1	1	0.0
2025-03-31		FBbt_00049757	VFB_00101567	1	1	0.0
2025-03-31		FBbt_00051479		9	1	0.0
2025-03-31		FBbt_00051479	VFB_00101567	9	1	0.0
2025-03-31		FBbt_00051867		2	1	0.0
2025-03-31		FBbt_00051867	VFB_00101567	2	1	0.0
2025-03-31		FBbt_00052193		1	1	0.0
2025-03-31		FBbt_00052193	VFB_00050000	1	1	0.0
2025-03-31		FBbt_00058207		2	1	2.0
2025-03-31		FBbt_00058207	VFB_00101567	3	1	0.0
2025-03-31		FBbt_00067013		4	1	63.0
2025-03-31		FBbt_00067013	VFB_00101567	6	2	0.0
2025-03-31		FBbt_00100001		1	1	0.0
2025-03-31		FBbt_00100001	VFB_00101567	1	1	0.0
2025-03-31		FBbt_00100163		1	1	0.0
2025-03-31		FBbt_00100163	VFB_00101567	1	1	0.0
2025-03-31		FBbt_00100222		1	1	0.0
2025-03-31		FBbt_00100222	VFB_00050000	1	1	0.0
2025-03-31		FBbt_00100480		2	1	0.0
2025-03-31		FBbt_00100480	VFB_00101567	2	1	0.0
2025-03-31		FBbt_00110035		13	1	0.0
2025-03-31		FBbt_00110035	VFB_00049000	13	1	0.0
2025-03-31		FBbt_00110187		1	1	0.0
2025-03-31		FBbt_00110187	VFB_00049000	1	1	0.0
2025-03-31		FBbt_00110636		1	1	0.0
2025-03-31		FBbt_00110636	VFB_00101567	1	1	0.0
2025-03-31		FBbt_00110657		1	1	0.0
2025-03-31		FBbt_00110657	VFB_00101567	1	1	0.0
2025-03-31		FBbt_00110854		1	1	0.0
2025-03-31		FBbt_00110854	VFB_00101567	1	1	0.0
2025-03-31		FBbt_00111204		10	1	0.0
2025-03-31		FBbt_00111204	VFB_00049000	10	1	0.0
2025-03-31		FBbt_00111316		2	1	6.0
2025-03-31		FBbt_00111316	VFB_00101567	2	1	0.0
2025-03-31		FBcv_0005054		2	1	0.0
2025-03-31		FBcv_0005054	VFB_00101567	2	1	0.0
2025-03-31		GO_0061535		2	1	14.0
2025-03-31		GO_0061535	VFB_00101567	3	1	0.0
2025-03-31		VFB_00015362		6	1	4.0
2025-03-31		VFB_00015362	VFB_00101567	6	1	0.0
2025-03-31		VFB_00030629		4	1	70.0
2025-03-31		VFB_00030629	VFB_00101567	4	1	0.0
2025-03-31		VFB_00030852		13	1	0.0
2025-03-31		VFB_00030852	VFB_00030786	13	1	0.0
2025-03-31		VFB_00042080		2	1	0.0
2025-03-31		VFB_00042080	VFB_00101567	2	1	0.0
2025-03-31		VFB_00049000		2	1	1.0
2025-03-31		VFB_00049000	VFB_00049000	2	1	0.0
2025-03-31		VFB_00050000		3	1	0.0
2025-03-31		VFB_00050000	VFB_00050000	16	2	0.0
2025-03-31		VFB_00050274		2	1	3.0
2025-03-31		VFB_00050274	VFB_00049000	2	1	0.0
2025-03-31		VFB_00050433		2	1	2.0
2025-03-31		VFB_00050433	VFB_00049000	2	1	0.0
2025-03-31		VFB_00050464		2	1	2.0
2025-03-31		VFB_00050464	VFB_00049000	2	1	0.0
2025-03-31		VFB_00050500		2	1	2.0
2025-03-31		VFB_00050500	VFB_00049000	2	1	0.0
2025-03-31		VFB_00055119		13	1	1.0
2025-03-31		VFB_00055119	VFB_00049000	13	1	0.0
2025-03-31		VFB_00069630		1	1	13.0
2025-03-31		VFB_00069630	VFB_00101567	1	1	0.0
2025-03-31		VFB_00100239		1	1	1.0
2025-03-31		VFB_00100239	VFB_00050000	1	1	0.0
2025-03-31		VFB_00100506		7	1	1.0
2025-03-31		VFB_00100506	VFB_00050000	7	1	0.0
2025-03-31		VFB_00100614		7	1	3.0
2025-03-31		VFB_00100614	VFB_00050000	7	2	0.0
2025-03-31		VFB_00100617		1	1	0.0
2025-03-31		VFB_00100617	VFB_00050000	1	1	0.0
2025-03-31		VFB_00100636		1	1	2.0
2025-03-31		VFB_00100636	VFB_00050000	1	1	0.0
2025-03-31		VFB_00100679		7	1	0.0
2025-03-31		VFB_00100679	VFB_00050000	7	3	0.0
2025-03-31		VFB_00100682		3	1	0.0
2025-03-31		VFB_00100682	VFB_00050000	2	2	0.0
2025-03-31		VFB_00100691		2	1	0.0
2025-03-31		VFB_00100691	VFB_00050000	3	2	0.0
2025-03-31		VFB_00100713		8	1	22.0
2025-03-31		VFB_00100713	VFB_00050000	9	4	0.0
2025-03-31		VFB_00100714		2	1	0.0
2025-03-31		VFB_00100714	VFB_00050000	1	1	0.0
2025-03-31		VFB_00100d2k		1	1	5.0
2025-03-31		VFB_00100d2k	VFB_00200000	1	1	0.0
2025-03-31		VFB_001011g9		2	1	0.0
2025-03-31		VFB_001011g9	VFB_00050000	2	1	0.0
2025-03-31		VFB_00101275		3	2	11.0
2025-03-31		VFB_00101275	VFB_00101567	3	3	0.0
2025-03-31		VFB_00101382		14	1	8.0
2025-03-31		VFB_00101382	VFB_00101567	14	1	0.0
2025-03-31		VFB_00101488		3	1	0.0
2025-03-31		VFB_00101488	VFB_00101384	1	1	0.0
2025-03-31		VFB_00101488	VFB_00101567	2	1	0.0
2025-03-31		VFB_00101567		99	28	93.0
2025-03-31		VFB_00101567	VFB_00101567	120	39	0.0
2025-03-31		VFB_0010182m		7	1	20.0
2025-03-31		VFB_0010182m	VFB_00101567	7	1	0.0
2025-03-31		VFB_00101bf1		2	1	1.0
2025-03-31		VFB_00101bf1	VFB_00101567	2	1	0.0
2025-03-31		VFB_00102107		1	1	7.0
2025-03-31		VFB_00102107	VFB_00101567	1	1	0.0
2025-03-31		VFB_00102114		4	2	1.0
2025-03-31		VFB_00102114	VFB_00101567	4	2	0.0
2025-03-31		VFB_00102118		4	2	1.0
2025-03-31		VFB_00102118	VFB_00101567	4	2	0.0
2025-03-31		VFB_00102119		2	1	0.0
2025-03-31		VFB_00102119	VFB_00101567	2	1	0.0
2025-03-31		VFB_00102121		4	1	0.0
2025-03-31		VFB_00102121	VFB_00101567	4	2	0.0
2025-03-31		VFB_00102123		2	1	0.0
2025-03-31		VFB_00102123	VFB_00101567	2	1	0.0
2025-03-31		VFB_00102124		2	1	0.0
2025-03-31		VFB_00102124	VFB_00101567	2	1	0.0
2025-03-31		VFB_00102133		2	1	0.0
2025-03-31		VFB_00102133	VFB_00101567	2	1	0.0
2025-03-31		VFB_00102159		1	1	2.0
2025-03-31		VFB_00102159	VFB_00101567	1	1	0.0
2025-03-31		VFB_00102170		13	1	2.0
2025-03-31		VFB_00102170	VFB_00101567	13	1	0.0
2025-03-31		VFB_00102176		2	1	1.0
2025-03-31		VFB_00102176	VFB_00101567	2	1	0.0
2025-03-31		VFB_00102179		3	2	18.0
2025-03-31		VFB_00102179	VFB_00101567	3	2	0.0
2025-03-31		VFB_00102274		13	1	2.0
2025-03-31		VFB_00102274	VFB_00101567	13	1	0.0
2025-03-31		VFB_00102275		2	1	0.0
2025-03-31		VFB_00102275	VFB_00101567	2	1	0.0
2025-03-31		VFB_00102eyc		13	1	5.0
2025-03-31		VFB_00102eyc	VFB_00050000	13	1	0.0
2025-03-31		VFB_fw000172		9	1	6.0
2025-03-31		VFB_fw000172	VFB_00101567	8	2	0.0
2025-03-31		VFB_fw008249		1	1	4.0
2025-03-31		VFB_fw008249	VFB_00101567	1	1	0.0
2025-03-31		VFB_fw008701		4	1	57.0
2025-03-31		VFB_fw008701	VFB_00101567	4	1	0.0
2025-03-31		VFB_fw011800		5	1	34.0
2025-03-31		VFB_fw011800	VFB_00101567	5	2	0.0
2025-03-31		VFB_fw016115		13	2	1.0
2025-03-31		VFB_fw016115	VFB_00101384	2	1	0.0
2025-03-31		VFB_fw016115	VFB_00101567	9	4	0.0
2025-03-31		VFB_fw016115	VFB_00200000	2	1	0.0
2025-03-31		VFB_fw030308		6	1	0.0
2025-03-31		VFB_fw030308	VFB_00101567	6	1	0.0
2025-03-31		VFB_fw034617		1	1	3.0
2025-03-31		VFB_fw034617	VFB_00101567	1	1	0.0
2025-03-31		VFB_fw036298		2	1	0.0
2025-03-31		VFB_fw036298	VFB_00101567	2	1	0.0
2025-03-31		VFB_fw040796		3	1	2.0
2025-03-31		VFB_fw040796	VFB_00101567	3	3	0.0
2025-03-31		VFB_fw041395		3	1	0.0
2025-03-31		VFB_fw041395	VFB_00101384	2	1	0.0
2025-03-31		VFB_fw041395	VFB_00101567	1	1	0.0
2025-03-31		VFB_fw042922		10	1	33.0
2025-03-31		VFB_fw042922	VFB_00101567	9	3	0.0
2025-03-31		VFB_jrchjuj5		1	1	0.0
2025-03-31		VFB_jrchjuj5	VFB_00101384	1	1	0.0
2025-03-31		VFB_jrchjujg		3	1	2.0
2025-03-31		VFB_jrchjujg	VFB_00050000	2	1	0.0
2025-03-31		VFB_jrchjujg	VFB_00101384	1	1	0.0
2025-03-31		VFB_jrchjujn		1	1	0.0
2025-03-31		VFB_jrchjujn	VFB_00101384	1	1	0.0
2025-03-31		VFB_jrchjz3d		2	1	2.0
2025-03-31		VFB_jrchjz3d	VFB_00101567	2	1	0.0
2025-03-31		VFB_jrchk0x5		2	1	0.0
2025-03-31		VFB_jrchk0x5	VFB_00101567	2	1	0.0
2025-03-31		VFB_jrchk103		1	1	0.0
2025-03-31		VFB_jrchk103	VFB_00101567	1	1	0.0
2025-03-31		VFB_jrchk1fh		2	1	0.0
2025-03-31		VFB_jrchk1fh	VFB_00101567	2	1	0.0
2025-03-31		VFB_jrchk1fi		2	1	0.0
2025-03-31		VFB_jrchk1fi	VFB_00101567	2	1	0.0
2025-03-31		VFB_jrchk1fk		2	1	0.0
2025-03-31		VFB_jrchk1fk	VFB_00101567	2	1	0.0
2025-03-31		VFB_jrchk1fl		2	1	0.0
2025-03-31		VFB_jrchk1fl	VFB_00101567	2	1	0.0
2025-03-31		VFB_jrchk1fm		2	1	0.0
2025-03-31		VFB_jrchk1fm	VFB_00101567	2	1	0.0
2025-03-31		VFB_jrchk1fn		2	1	0.0
2025-03-31		VFB_jrchk1fn	VFB_00101567	2	1	0.0
2025-03-31		VFB_jrchk1fo		2	1	0.0
2025-03-31		VFB_jrchk1fo	VFB_00101567	2	1	0.0
2025-03-31		VFB_jrchk1fp		2	1	0.0
2025-03-31		VFB_jrchk1fp	VFB_00101567	2	1	0.0
2025-03-31		VFB_jrchk1fq		2	1	0.0
2025-03-31		VFB_jrchk1fq	VFB_00101567	2	1	0.0
2025-03-31		VFB_jrchk1fr		8	1	125.0
2025-03-31		VFB_jrchk1fr	VFB_00101567	7	2	0.0
2025-03-31		VFB_jrchk64p		2	1	0.0
2025-03-31		VFB_jrchk64p	VFB_00101567	1	1	0.0
2025-03-31		VFB_jrchk7yg		12	2	2.0
2025-03-31		VFB_jrchk7yg	VFB_00101567	11	5	0.0
2025-03-31		VFB_jrchk7yh		2	1	1.0
2025-03-31		VFB_jrchk7yh	VFB_00101567	2	1	0.0
2025-03-31		VFB_jrchk83l		8	1	4.0
2025-03-31		VFB_jrchk83l	VFB_00101384	8	2	0.0
2025-03-31		VFB_jrcvm1f1		2	1	0.0
2025-03-31		VFB_jrcvm1f1	VFB_00101567	1	1	0.0
2025-03-31		VFB_jrcvm1f1	VFB_00200000	1	1	0.0
2025-03-31		VFBexp_FBtp0058		1	1	0.0
2025-03-31		VFBexp_FBtp0058	VFB_00101567	1	1	0.0
2025-03-31		VFBexp_FBtp0117		2	1	0.0
2025-03-31		VFBexp_FBtp0117	VFB_00101567	3	2	0.0
2025-03-31		VFBexp_FBtp0122		5	1	0.0
2025-03-31		VFBexp_FBtp0122	VFB_00101567	5	1	0.0
2025-03-31	v2-dev.virtualflybrain.org	FBbt_00003629	VFB_00101567	0	1	0.0
2025-03-31	v2-dev.virtualflybrain.org	FBbt_00003743	VFB_00101567	0	2	29.0
2025-03-31	v2-dev.virtualflybrain.org	FBbt_00003748	VFB_00101567	0	2	1024.0
2025-03-31	v2-dev.virtualflybrain.org	FBbt_00004020	VFB_00101567	0	3	81.0
2025-03-31	v2-dev.virtualflybrain.org	FBbt_00007053	VFB_00101567	0	1	6.0
2025-03-31	v2-dev.virtualflybrain.org	FBbt_00007422	VFB_00101567	0	2	64.0
2025-03-31	v2-dev.virtualflybrain.org	FBbt_00047326	VFB_00101567	0	1	16.0
2025-03-31	v2-dev.virtualflybrain.org	FBbt_00051867	VFB_00101567	0	1	96.0
2025-03-31	v2-dev.virtualflybrain.org	FBbt_00100163	VFB_00101567	0	1	15.0
2025-03-31	v2-dev.virtualflybrain.org	FBbt_00110854	VFB_00101567	0	1	9.0
2025-03-31	v2-dev.virtualflybrain.org	FBbt_00111316	VFB_00101567	0	1	0.0
2025-03-31	v2-dev.virtualflybrain.org	GO_0061535	VFB_00101567	0	2	3.0
2025-03-31	v2-dev.virtualflybrain.org	VFB_00069630	VFB_00101567	0	1	57.0
2025-03-31	v2-dev.virtualflybrain.org	VFB_00101275	VFB_00101567	0	1	0.0
2025-03-31	v2-dev.virtualflybrain.org	VFB_00101488	VFB_00101384	1	3	9.0
2025-03-31	v2-dev.virtualflybrain.org	VFB_00101488	VFB_00101567	0	2	20.0
2025-03-31	v2-dev.virtualflybrain.org	VFB_00101567	VFB_00101567	5	13	404.0
2025-03-31	v2-dev.virtualflybrain.org	VFB_00102159	VFB_00101567	0	1	31.0
2025-03-31	v2-dev.virtualflybrain.org	VFB_00102275	VFB_00101567	0	1	43.0
2025-03-31	v2-dev.virtualflybrain.org	VFB_fw016115	VFB_00101384	0	2	10.0
2025-03-31	v2-dev.virtualflybrain.org	VFB_fw016115	VFB_00101567	2	4	31.0
2025-03-31	v2-dev.virtualflybrain.org	VFB_fw016115	VFB_00200000	0	2	2.0
2025-03-31	v2-dev.virtualflybrain.org	VFB_fw040796	VFB_00101567	0	3	29.0
2025-03-31	v2-dev.virtualflybrain.org	VFB_fw041395	VFB_00101384	0	2	7.0
2025-03-31	v2-dev.virtualflybrain.org	VFB_fw041395	VFB_00101567	1	3	10.0
2025-03-31	v2-dev.virtualflybrain.org	VFB_jrchjz3d	VFB_00101567	0	1	73.0
2025-03-31	v2-dev.virtualflybrain.org	VFB_jrchk0x5	VFB_00101567	0	1	34.0
2025-03-31	v2-dev.virtualflybrain.org	VFB_jrchk64p	VFB_00101567	0	1	2.0
2025-03-31	v2-dev.virtualflybrain.org	VFB_jrchk7yg	VFB_00101567	0	3	907.0
2025-03-31	v2-dev.virtualflybrain.org	VFB_jrchk7yh	VFB_00101567	0	1	50.0
2025-03-31	v2-dev.virtualflybrain.org	VFB_jrcvm1f1	VFB_00101567	0	1	6.0
2025-03-31	v2-dev.virtualflybrain.org	VFB_jrcvm1f1	VFB_00200000	1	3	26.0
2025-03-31	v2.virtualflybrain.org	FBbt_00002161		1	1	16.0
2025-03-31	v2.virtualflybrain.org	FBbt_00002436		1	1	18.0
2025-03-31	v2.virtualflybrain.org	FBbt_00003624	VFB_00101567	2	6	51.0
2025-03-31	v2.virtualflybrain.org	FBbt_00003678	VFB_00101567	0	1	25.0
2025-03-31	v2.virtualflybrain.org	FBbt_00003680	VFB_00101567	0	2	27.0
2025-03-31	v2.virtualflybrain.org	FBbt_00003681	VFB_00101567	1	4	99.0
2025-03-31	v2.virtualflybrain.org	FBbt_00003684	VFB_00101567	0	2	37.0
2025-03-31	v2.virtualflybrain.org	FBbt_00003748	VFB_00101567	9	4	84.0
2025-03-31	v2.virtualflybrain.org	FBbt_00003982	VFB_00101567	0	2	43.0
2025-03-31	v2.virtualflybrain.org	FBbt_00005097	VFB_00049000	3	1	0.0
2025-03-31	v2.virtualflybrain.org	FBbt_00007054	VFB_00101567	0	1	19.0
2025-03-31	v2.virtualflybrain.org	FBbt_00007055	VFB_00101567	0	1	4.0
2025-03-31	v2.virtualflybrain.org	FBbt_00007059	VFB_00101567	0	1	15.0
2025-03-31	v2.virtualflybrain.org	FBbt_00007064	VFB_00049000	0	1	70.0
2025-03-31	v2.virtualflybrain.org	FBbt_00007191	VFB_00049000	1	2	27.0
2025-03-31	v2.virtualflybrain.org	FBbt_00007385	VFB_00101567	0	2	424.0
2025-03-31	v2.virtualflybrain.org	FBbt_00007401	VFB_00101567	0	1	284.0
2025-03-31	v2.virtualflybrain.org	FBbt_00007453	VFB_00101567	0	1	2.0
2025-03-31	v2.virtualflybrain.org	FBbt_00013694	VFB_00101567	0	1	2.0
2025-03-31	v2.virtualflybrain.org	FBbt_00013695	VFB_00101567	12	1	0.0
2025-03-31	v2.virtualflybrain.org	FBbt_00014013	VFB_00101567	0	1	271.0
2025-03-31	v2.virtualflybrain.org	FBbt_00040039	VFB_00101567	0	1	112.0
2025-03-31	v2.virtualflybrain.org	FBbt_00040041	VFB_00101567	0	1	13.0
2025-03-31	v2.virtualflybrain.org	FBbt_00040042	VFB_00101567	0	1	18.0
2025-03-31	v2.virtualflybrain.org	FBbt_00040043	VFB_00101567	0	2	335.0
2025-03-31	v2.virtualflybrain.org	FBbt_00040048	VFB_00101567	0	1	16.0
2025-03-31	v2.virtualflybrain.org	FBbt_00040049	VFB_00101567	0	2	6.0
2025-03-31	v2.virtualflybrain.org	FBbt_00040050	VFB_00101384	0	1	9.0
2025-03-31	v2.virtualflybrain.org	FBbt_00040072	VFB_00101567	0	2	27.0
2025-03-31	v2.virtualflybrain.org	FBbt_00045007	VFB_00101567	0	1	95.0
2025-03-31	v2.virtualflybrain.org	FBbt_00045021	VFB_00101567	0	2	2.0
2025-03-31	v2.virtualflybrain.org	FBbt_00045027	VFB_00101567	0	2	14.0
2025-03-31	v2.virtualflybrain.org	FBbt_00045048	VFB_00101567	0	1	3.0
2025-03-31	v2.virtualflybrain.org	FBbt_00045050	VFB_00101567	0	1	1.0
2025-03-31	v2.virtualflybrain.org	FBbt_00047837		3	1	11.0
2025-03-31	v2.virtualflybrain.org	FBbt_00049757	VFB_00101567	0	1	11.0
2025-03-31	v2.virtualflybrain.org	FBbt_00051479	VFB_00101567	11	1	0.0
2025-03-31	v2.virtualflybrain.org	FBbt_00052193	VFB_00050000	1	1	4.0
2025-03-31	v2.virtualflybrain.org	FBbt_00058207	VFB_00101567	0	1	0.0
2025-03-31	v2.virtualflybrain.org	FBbt_00067013	VFB_00101567	0	2	0.0
2025-03-31	v2.virtualflybrain.org	FBbt_00100001		1	1	1.0
2025-03-31	v2.virtualflybrain.org	FBbt_00100001	VFB_00101567	0	1	36.0
2025-03-31	v2.virtualflybrain.org	FBbt_00100222	VFB_00050000	1	1	0.0
2025-03-31	v2.virtualflybrain.org	FBbt_00100480	VFB_00101567	0	1	65.0
2025-03-31	v2.virtualflybrain.org	FBbt_00110035	VFB_00049000	13	1	2.0
2025-03-31	v2.virtualflybrain.org	FBbt_00110187	VFB_00049000	0	1	61.0
2025-03-31	v2.virtualflybrain.org	FBbt_00110636	VFB_00101567	0	1	6.0
2025-03-31	v2.virtualflybrain.org	FBbt_00110657	VFB_00101567	0	1	59.0
2025-03-31	v2.virtualflybrain.org	FBbt_00111204	VFB_00049000	9	2	25.0
2025-03-31	v2.virtualflybrain.org	FBcv_0005054	VFB_00101567	2	1	0.0
2025-03-31	v2.virtualflybrain.org	VFB_00015362	VFB_00101567	6	1	0.0
2025-03-31	v2.virtualflybrain.org	VFB_00030629	VFB_00101567	0	2	43.0
2025-03-31	v2.virtualflybrain.org	VFB_00030786	VFB_00030786	0	1	0.0
2025-03-31	v2.virtualflybrain.org	VFB_00030852	VFB_00030786	13	1	114.0
2025-03-31	v2.virtualflybrain.org	VFB_00042080	VFB_00042080	1	2	1.0
2025-03-31	v2.virtualflybrain.org	VFB_00049000	VFB_00049000	1	6	0.0
2025-03-31	v2.virtualflybrain.org	VFB_00050000	VFB_00050000	16	12	11.0
2025-03-31	v2.virtualflybrain.org	VFB_00050274	VFB_00049000	0	1	0.0
2025-03-31	v2.virtualflybrain.org	VFB_00050433	VFB_00049000	0	1	0.0
2025-03-31	v2.virtualflybrain.org	VFB_00050464	VFB_00049000	0	1	0.0
2025-03-31	v2.virtualflybrain.org	VFB_00050500	VFB_00049000	0	1	0.0
2025-03-31	v2.virtualflybrain.org	VFB_00055119	VFB_00049000	13	1	1.0
2025-03-31	v2.virtualflybrain.org	VFB_00100239	VFB_00050000	1	1	19.0
2025-03-31	v2.virtualflybrain.org	VFB_00100506	VFB_00050000	8	1	2.0
2025-03-31	v2.virtualflybrain.org	VFB_00100614	VFB_00050000	0	2	8.0
2025-03-31	v2.virtualflybrain.org	VFB_00100617	VFB_00050000	0	1	62.0
2025-03-31	v2.virtualflybrain.org	VFB_00100636	VFB_00050000	2	1	2.0
2025-03-31	v2.virtualflybrain.org	VFB_00100679	VFB_00050000	0	3	55.0
2025-03-31	v2.virtualflybrain.org	VFB_00100682	VFB_00050000	0	2	720.0
2025-03-31	v2.virtualflybrain.org	VFB_00100691	VFB_00050000	0	1	27.0
2025-03-31	v2.virtualflybrain.org	VFB_00100713	VFB_00050000	3	4	2.0
2025-03-31	v2.virtualflybrain.org	VFB_00100714	VFB_00050000	0	1	54.0
2025-03-31	v2.virtualflybrain.org	VFB_00100d2k	VFB_00200000	1	1	0.0
2025-03-31	v2.virtualflybrain.org	VFB_001011g9	VFB_00050000	2	1	0.0
2025-03-31	v2.virtualflybrain.org	VFB_00101275	VFB_00101567	2	1	0.0
2025-03-31	v2.virtualflybrain.org	VFB_00101382	VFB_00101567	14	1	1692.0
2025-03-31	v2.virtualflybrain.org	VFB_00101384	VFB_00101384	0	1	0.0
2025-03-31	v2.virtualflybrain.org	VFB_00101567	VFB_00101567	36	60	1834.0
2025-03-31	v2.virtualflybrain.org	VFB_0010182m	VFB_00101567	1	1	14.0
2025-03-31	v2.virtualflybrain.org	VFB_00101bf1	VFB_00101567	0	1	56.0
2025-03-31	v2.virtualflybrain.org	VFB_00102107	VFB_00101567	0	1	0.0
2025-03-31	v2.virtualflybrain.org	VFB_00102114	VFB_00101567	0	2	0.0
2025-03-31	v2.virtualflybrain.org	VFB_00102118	VFB_00101567	0	2	140.0
2025-03-31	v2.virtualflybrain.org	VFB_00102121	VFB_00101567	0	1	188.0
2025-03-31	v2.virtualflybrain.org	VFB_00102123	VFB_00101567	0	1	11.0
2025-03-31	v2.virtualflybrain.org	VFB_00102124	VFB_00101567	0	1	0.0
2025-03-31	v2.virtualflybrain.org	VFB_00102170	VFB_00101567	13	1	0.0
2025-03-31	v2.virtualflybrain.org	VFB_00102176	VFB_00101567	0	1	0.0
2025-03-31	v2.virtualflybrain.org	VFB_00102179	VFB_00101567	0	2	27.0
2025-03-31	v2.virtualflybrain.org	VFB_00102274	VFB_00101567	13	1	3.0
2025-03-31	v2.virtualflybrain.org	VFB_00102eyc	VFB_00050000	13	1	0.0
2025-03-31	v2.virtualflybrain.org	VFB_00200000	VFB_00200000	0	1	0.0
2025-03-31	v2.virtualflybrain.org	VFB_fw000172	VFB_00101567	4	2	0.0
2025-03-31	v2.virtualflybrain.org	VFB_fw008249	VFB_00101567	1	1	8.0
2025-03-31	v2.virtualflybrain.org	VFB_fw008701	VFB_00101567	0	2	415.0
2025-03-31	v2.virtualflybrain.org	VFB_fw011800	VFB_00101567	0	2	945.0
2025-03-31	v2.virtualflybrain.org	VFB_fw016115	VFB_00101567	0	1	6.0
2025-03-31	v2.virtualflybrain.org	VFB_fw030308	VFB_00101567	6	1	0.0
2025-03-31	v2.virtualflybrain.org	VFB_fw034617	VFB_00101567	1	1	14.0
2025-03-31	v2.virtualflybrain.org	VFB_fw036298	VFB_00101567	3	1	0.0
2025-03-31	v2.virtualflybrain.org	VFB_fw040796	VFB_00101567	0	2	13.0
2025-03-31	v2.virtualflybrain.org	VFB_fw042922	VFB_00101567	0	2	106.0
2025-03-31	v2.virtualflybrain.org	VFB_jrchjuj5	VFB_00101384	0	1	6.0
2025-03-31	v2.virtualflybrain.org	VFB_jrchjujg	VFB_00050000	0	2	20.0
2025-03-31	v2.virtualflybrain.org	VFB_jrchjujg	VFB_00101384	1	2	0.0
2025-03-31	v2.virtualflybrain.org	VFB_jrchjujn	VFB_00101384	0	2	35.0
2025-03-31	v2.virtualflybrain.org	VFB_jrchk103	VFB_00101567	1	1	0.0
2025-03-31	v2.virtualflybrain.org	VFB_jrchk1fh	VFB_00101567	0	1	3.0
2025-03-31	v2.virtualflybrain.org	VFB_jrchk1fi	VFB_00101567	0	1	1.0
2025-03-31	v2.virtualflybrain.org	VFB_jrchk1fk	VFB_00101567	0	1	0.0
2025-03-31	v2.virtualflybrain.org	VFB_jrchk1fl	VFB_00101567	0	1	0.0
2025-03-31	v2.virtualflybrain.org	VFB_jrchk1fm	VFB_00101567	0	1	0.0
2025-03-31	v2.virtualflybrain.org	VFB_jrchk1fn	VFB_00101567	0	1	0.0
2025-03-31	v2.virtualflybrain.org	VFB_jrchk1fo	VFB_00101567	0	1	1.0
2025-03-31	v2.virtualflybrain.org	VFB_jrchk1fp	VFB_00101567	0	1	0.0
2025-03-31	v2.virtualflybrain.org	VFB_jrchk1fq	VFB_00101567	0	1	0.0
2025-03-31	v2.virtualflybrain.org	VFB_jrchk1fr	VFB_00101567	0	1	15.0
2025-03-31	v2.virtualflybrain.org	VFB_jrchk7yg	VFB_00101567	1	2	59.0
2025-03-31	v2.virtualflybrain.org	VFB_jrchk83l	VFB_00101384	1	3	0.0
2025-03-31	v2.virtualflybrain.org	VFBexp_FBtp0058	VFB_00101567	1	1	12.0
2025-03-31	v2.virtualflybrain.org	VFBexp_FBtp0122		1	1	0.0
2025-03-31	v2.virtualflybrain.org	VFBexp_FBtp0122	VFB_00101567	4	1	0.0
