date	hostName	term	template	screenPageViews	activeUsersSum	userEngagementDuration
2025-02-01		FBbt_00003624		4	1	0.0
2025-02-01		FBbt_00003624	VFB_00101567	4	1	0.0
2025-02-01		FBbt_00003632		2	1	0.0
2025-02-01		FBbt_00003632	VFB_00101567	2	1	0.0
2025-02-01		FBbt_00004091		5	1	0.0
2025-02-01		FBbt_00004091	VFB_00200000	5	2	0.0
2025-02-01		FBbt_00007145		1	1	0.0
2025-02-01		FBbt_00007145	VFB_00101567	1	1	0.0
2025-02-01		FBbt_00007146		2	1	0.0
2025-02-01		FBbt_00007146	VFB_00101567	2	1	0.0
2025-02-01		FBbt_00007385		2	1	0.0
2025-02-01		FBbt_00007385	VFB_00101567	2	1	0.0
2025-02-01		FBbt_00007453		2	1	0.0
2025-02-01		FBbt_00007453	VFB_00101567	3	1	0.0
2025-02-01		FBbt_00040043		1	1	0.0
2025-02-01		FBbt_00040043	VFB_00101567	1	1	0.0
2025-02-01		FBbt_00045027		1	1	0.0
2025-02-01		FBbt_00045027	VFB_00101567	3	1	0.0
2025-02-01		FBbt_00045040		2	1	0.0
2025-02-01		FBbt_00045040	VFB_00101567	2	1	0.0
2025-02-01		FBbt_00045048		1	1	0.0
2025-02-01		FBbt_00045048	VFB_00101567	1	1	0.0
2025-02-01		FBbt_00045051		2	1	1.0
2025-02-01		FBbt_00045051	VFB_00101567	2	1	0.0
2025-02-01		FBbt_00049853		1	1	0.0
2025-02-01		FBbt_00049853	VFB_00101567	1	1	0.0
2025-02-01		FBbt_00110175		1	1	0.0
2025-02-01		FBbt_00110175	VFB_00200000	1	1	0.0
2025-02-01		FBbt_00110638		2	1	0.0
2025-02-01		FBbt_00110638	VFB_00101567	2	1	0.0
2025-02-01		FBbt_00110665		2	1	14.0
2025-02-01		FBbt_00110665	VFB_00101567	3	1	0.0
2025-02-01		FBbt_20007068		2	1	5.0
2025-02-01		FBbt_20007068	VFB_00101567	3	1	0.0
2025-02-01		GO_0061534		2	1	7.0
2025-02-01		GO_0061534	VFB_00101567	3	1	0.0
2025-02-01		VFB_00014647		2	1	0.0
2025-02-01		VFB_00014647	VFB_00101567	2	1	0.0
2025-02-01		VFB_00015903		2	1	0.0
2025-02-01		VFB_00015903	VFB_00101567	1	1	0.0
2025-02-01		VFB_00017894		13	1	0.0
2025-02-01		VFB_00017894	VFB_00017894	13	1	0.0
2025-02-01		VFB_00030867		48	1	0.0
2025-02-01		VFB_00030867	VFB_00017894	24	1	0.0
2025-02-01		VFB_00030867	VFB_00101567	24	1	0.0
2025-02-01		VFB_00050000		4	1	13.0
2025-02-01		VFB_00050000	VFB_00050000	4	2	0.0
2025-02-01		VFB_00061615		2	1	0.0
2025-02-01		VFB_00061615	VFB_00050000	2	1	0.0
2025-02-01		VFB_00100235		4	1	0.0
2025-02-01		VFB_00100235	VFB_00050000	4	1	0.0
2025-02-01		VFB_001011dd		13	1	0.0
2025-02-01		VFB_001011dd	VFB_00101384	13	1	0.0
2025-02-01		VFB_001011fp		5	1	4.0
2025-02-01		VFB_001011fp	VFB_00050000	5	1	0.0
2025-02-01		VFB_001014qg		1	1	0.0
2025-02-01		VFB_001014qg	VFB_00101567	1	1	0.0
2025-02-01		VFB_00101567		53	15	75.0
2025-02-01		VFB_00101567	VFB_00101567	59	21	0.0
2025-02-01		VFB_00101umm		2	1	0.0
2025-02-01		VFB_00101umm	VFB_00101567	2	1	0.0
2025-02-01		VFB_00102271		5	1	9.0
2025-02-01		VFB_00102271	VFB_00101567	3	2	0.0
2025-02-01		VFB_00102el1		5	1	7.0
2025-02-01		VFB_00102el1	VFB_00050000	5	1	0.0
2025-02-01		VFB_00104648		2	1	2.0
2025-02-01		VFB_00104648	VFB_00200000	2	1	0.0
2025-02-01		VFB_fw019534		4	1	0.0
2025-02-01		VFB_fw019534	VFB_00101567	4	2	0.0
2025-02-01		VFB_fw025524		29	2	2.0
2025-02-01		VFB_fw025524	VFB_00101567	29	2	0.0
2025-02-01		VFB_fw030841		35	1	96.0
2025-02-01		VFB_fw030841	VFB_00101567	34	3	0.0
2025-02-01		VFB_fw035647		13	1	7.0
2025-02-01		VFB_fw035647	VFB_00101567	12	2	0.0
2025-02-01		VFB_fw038818		8	2	462.0
2025-02-01		VFB_fw038818	VFB_00101567	8	3	0.0
2025-02-01		VFB_fw041732		2	1	0.0
2025-02-01		VFB_fw041732	VFB_00101567	2	1	0.0
2025-02-01		VFB_fw044466		11	1	28.0
2025-02-01		VFB_fw044466	VFB_00101567	11	3	0.0
2025-02-01		VFB_jrchjz8p		2	1	1.0
2025-02-01		VFB_jrchjz8p	VFB_00101567	2	1	0.0
2025-02-01		VFB_jrchk09e		9	1	0.0
2025-02-01		VFB_jrchk09e	VFB_00101567	9	1	0.0
2025-02-01		VFB_jrchk32k		8	1	0.0
2025-02-01		VFB_jrchk32k	VFB_00101567	8	2	0.0
2025-02-01		VFB_jrchk336		10	1	0.0
2025-02-01		VFB_jrchk336	VFB_00101567	10	2	0.0
2025-02-01		VFB_jrchk3rd		1	1	0.0
2025-02-01		VFB_jrchk3rd	VFB_00101567	1	1	0.0
2025-02-01		VFB_jrchk6ge		1	1	39.0
2025-02-01		VFB_jrchk6ge	VFB_00101567	1	1	0.0
2025-02-01		VFB_jrcv0dh7		8	1	4.0
2025-02-01		VFB_jrcv0dh7	VFB_00101567	5	2	0.0
2025-02-01		VFB_jrcv0dh7	VFB_00200000	3	1	0.0
2025-02-01	v2.virtualflybrain.org	FBbt_00003624	VFB_00101567	4	1	0.0
2025-02-01	v2.virtualflybrain.org	FBbt_00003632	VFB_00101567	0	1	8.0
2025-02-01	v2.virtualflybrain.org	FBbt_00004091	VFB_00200000	4	3	102.0
2025-02-01	v2.virtualflybrain.org	FBbt_00007145	VFB_00101567	0	2	128.0
2025-02-01	v2.virtualflybrain.org	FBbt_00007146	VFB_00101567	0	1	2.0
2025-02-01	v2.virtualflybrain.org	FBbt_00007385	VFB_00101567	0	1	27.0
2025-02-01	v2.virtualflybrain.org	FBbt_00007453	VFB_00101567	0	1	8.0
2025-02-01	v2.virtualflybrain.org	FBbt_00040043	VFB_00101567	2	1	0.0
2025-02-01	v2.virtualflybrain.org	FBbt_00045040	VFB_00101567	1	2	29.0
2025-02-01	v2.virtualflybrain.org	FBbt_00045051	VFB_00101567	0	1	2.0
2025-02-01	v2.virtualflybrain.org	FBbt_00049853	VFB_00101567	1	1	0.0
2025-02-01	v2.virtualflybrain.org	FBbt_00051646		1	1	0.0
2025-02-01	v2.virtualflybrain.org	FBbt_00110175	VFB_00200000	0	1	1.0
2025-02-01	v2.virtualflybrain.org	FBbt_00110638	VFB_00101567	0	1	7.0
2025-02-01	v2.virtualflybrain.org	FBbt_00110665	VFB_00101567	0	1	0.0
2025-02-01	v2.virtualflybrain.org	FBbt_20007068	VFB_00101567	0	1	0.0
2025-02-01	v2.virtualflybrain.org	GO_0061534	VFB_00101567	0	2	3.0
2025-02-01	v2.virtualflybrain.org	VFB_00014647	VFB_00101567	3	1	0.0
2025-02-01	v2.virtualflybrain.org	VFB_00015903	VFB_00101567	0	1	10.0
2025-02-01	v2.virtualflybrain.org	VFB_00017894	VFB_00017894	13	3	0.0
2025-02-01	v2.virtualflybrain.org	VFB_00030867	VFB_00017894	24	1	0.0
2025-02-01	v2.virtualflybrain.org	VFB_00030867	VFB_00101567	24	1	0.0
2025-02-01	v2.virtualflybrain.org	VFB_00050000	VFB_00050000	2	5	0.0
2025-02-01	v2.virtualflybrain.org	VFB_00061615	VFB_00050000	2	1	0.0
2025-02-01	v2.virtualflybrain.org	VFB_001001dr		1	1	2.0
2025-02-01	v2.virtualflybrain.org	VFB_00100235	VFB_00050000	1	3	28.0
2025-02-01	v2.virtualflybrain.org	VFB_001011dd	VFB_00101384	13	1	0.0
2025-02-01	v2.virtualflybrain.org	VFB_001011fp	VFB_00050000	5	1	0.0
2025-02-01	v2.virtualflybrain.org	VFB_00101384	VFB_00101384	0	1	0.0
2025-02-01	v2.virtualflybrain.org	VFB_001014qb	VFB_00101567	0	1	0.0
2025-02-01	v2.virtualflybrain.org	VFB_001014qg	VFB_00101567	1	1	0.0
2025-02-01	v2.virtualflybrain.org	VFB_00101567	VFB_00101567	33	51	357.0
2025-02-01	v2.virtualflybrain.org	VFB_00101umm	VFB_00101567	3	1	0.0
2025-02-01	v2.virtualflybrain.org	VFB_00102141	VFB_00101567	2	1	0.0
2025-02-01	v2.virtualflybrain.org	VFB_00102271	VFB_00101567	0	2	23.0
2025-02-01	v2.virtualflybrain.org	VFB_00102el1	VFB_00050000	5	1	78.0
2025-02-01	v2.virtualflybrain.org	VFB_00104648	VFB_00200000	0	1	0.0
2025-02-01	v2.virtualflybrain.org	VFB_00200000	VFB_00200000	0	2	0.0
2025-02-01	v2.virtualflybrain.org	VFB_fw001866		1	1	1.0
2025-02-01	v2.virtualflybrain.org	VFB_fw019534	VFB_00101567	0	2	11.0
2025-02-01	v2.virtualflybrain.org	VFB_fw025524	VFB_00101567	29	2	5.0
2025-02-01	v2.virtualflybrain.org	VFB_fw029447	VFB_00101567	0	1	0.0
2025-02-01	v2.virtualflybrain.org	VFB_fw030841	VFB_00101567	0	4	66.0
2025-02-01	v2.virtualflybrain.org	VFB_fw035647	VFB_00101567	0	2	3.0
2025-02-01	v2.virtualflybrain.org	VFB_fw038818	VFB_00101567	7	5	13631.0
2025-02-01	v2.virtualflybrain.org	VFB_fw041732	VFB_00101567	3	1	0.0
2025-02-01	v2.virtualflybrain.org	VFB_fw044466	VFB_00101567	0	3	159.0
2025-02-01	v2.virtualflybrain.org	VFB_jrchjz8p		1	1	1.0
2025-02-01	v2.virtualflybrain.org	VFB_jrchk09e	VFB_00101567	11	1	0.0
2025-02-01	v2.virtualflybrain.org	VFB_jrchk32k	VFB_00101567	6	4	0.0
2025-02-01	v2.virtualflybrain.org	VFB_jrchk336	VFB_00101567	9	3	0.0
2025-02-01	v2.virtualflybrain.org	VFB_jrchk3rd	VFB_00101567	1	1	0.0
2025-02-01	v2.virtualflybrain.org	VFB_jrchk6ge	VFB_00101567	1	1	0.0
2025-02-01	v2.virtualflybrain.org	VFB_jrcv0dh7	VFB_00101567	4	2	0.0
2025-02-01	v2.virtualflybrain.org	VFB_jrcv0dh7	VFB_00200000	1	3	0.0
2025-02-02		FBbt_00003624		2	2	0.0
2025-02-02		FBbt_00003624	VFB_00101567	2	2	0.0
2025-02-02		FBbt_00003678		4	1	0.0
2025-02-02		FBbt_00003678	VFB_00101567	4	2	0.0
2025-02-02		FBbt_00003681		2	1	0.0
2025-02-02		FBbt_00003681	VFB_00101567	2	1	0.0
2025-02-02		FBbt_00003682		1	1	0.0
2025-02-02		FBbt_00003682	VFB_00101567	1	1	0.0
2025-02-02		FBbt_00003748		3	2	0.0
2025-02-02		FBbt_00003748	VFB_00101567	3	2	0.0
2025-02-02		FBbt_00004091		7	1	0.0
2025-02-02		FBbt_00004091	VFB_00200000	7	1	0.0
2025-02-02		FBbt_00040042		2	1	0.0
2025-02-02		FBbt_00040042	VFB_00101567	2	1	0.0
2025-02-02		FBbt_00040043		2	2	0.0
2025-02-02		FBbt_00040043	VFB_00101567	2	2	0.0
2025-02-02		FBbt_00045027		1	1	0.0
2025-02-02		FBbt_00045027	VFB_00101567	1	1	0.0
2025-02-02		FBbt_00045040		2	1	0.0
2025-02-02		FBbt_00045040	VFB_00101567	2	1	0.0
2025-02-02		FBbt_00045048		1	1	0.0
2025-02-02		FBbt_00045048	VFB_00101567	1	1	0.0
2025-02-02		FBbt_00048138		1	1	0.0
2025-02-02		FBbt_00048138	VFB_00101567	1	1	0.0
2025-02-02		FBbt_00049867		2	1	0.0
2025-02-02		FBbt_00049867	VFB_00101567	2	2	0.0
2025-02-02		FBbt_00100231		1	1	0.0
2025-02-02		FBbt_00100231	VFB_00101567	1	1	0.0
2025-02-02		FBbt_00110665		2	1	0.0
2025-02-02		FBbt_00110665	VFB_00101567	2	1	0.0
2025-02-02		FBbt_00110993		1	1	1.0
2025-02-02		FBbt_00110993	VFB_00101567	1	1	0.0
2025-02-02		FBbt_00111015		1	1	0.0
2025-02-02		FBbt_00111015	VFB_00101567	1	1	0.0
2025-02-02		VFB_00014647		6	1	0.0
2025-02-02		VFB_00014647	VFB_00101567	6	1	0.0
2025-02-02		VFB_00015903		3	2	6.0
2025-02-02		VFB_00015903	VFB_00101567	3	2	0.0
2025-02-02		VFB_00017894		9	1	0.0
2025-02-02		VFB_00017894	VFB_00017894	9	1	0.0
2025-02-02		VFB_00030867		48	1	0.0
2025-02-02		VFB_00030867	VFB_00017894	24	1	0.0
2025-02-02		VFB_00030867	VFB_00101567	24	1	0.0
2025-02-02		VFB_00050000		10	1	0.0
2025-02-02		VFB_00050000	VFB_00050000	10	3	0.0
2025-02-02		VFB_00069205		4	1	15.0
2025-02-02		VFB_00069205	VFB_00101567	4	1	0.0
2025-02-02		VFB_00100235		10	1	0.0
2025-02-02		VFB_00100235	VFB_00050000	10	2	0.0
2025-02-02		VFB_001011dd		6	1	0.0
2025-02-02		VFB_001011dd	VFB_00101384	6	1	0.0
2025-02-02		VFB_001011fp		16	1	0.0
2025-02-02		VFB_001011fp	VFB_00050000	16	1	0.0
2025-02-02		VFB_001012m5		8	1	35.0
2025-02-02		VFB_001012m5	VFB_00101567	8	1	0.0
2025-02-02		VFB_00101567		61	16	153.0
2025-02-02		VFB_00101567	VFB_00101567	64	20	62.0
2025-02-02		VFB_00102135		7	1	30.0
2025-02-02		VFB_00102135	VFB_00101567	7	2	0.0
2025-02-02		VFB_00102139		4	1	34.0
2025-02-02		VFB_00102139	VFB_00101567	4	2	0.0
2025-02-02		VFB_00200000		3	2	2.0
2025-02-02		VFB_00200000	VFB_00101567	2	1	0.0
2025-02-02		VFB_00200000	VFB_00200000	2	2	37.0
2025-02-02		VFB_fw000213		1	1	57.0
2025-02-02		VFB_fw000213	VFB_00101567	1	1	0.0
2025-02-02		VFB_fw001866		2	1	3.0
2025-02-02		VFB_fw001866	VFB_00101567	2	1	0.0
2025-02-02		VFB_fw025486		3	1	4.0
2025-02-02		VFB_fw025486	VFB_00101567	3	1	0.0
2025-02-02		VFB_fw025524		27	2	0.0
2025-02-02		VFB_fw025524	VFB_00101567	27	2	0.0
2025-02-02		VFB_fw027461		5	1	47.0
2025-02-02		VFB_fw027461	VFB_00101567	3	1	0.0
2025-02-02		VFB_fw029447		4	2	31.0
2025-02-02		VFB_fw029447	VFB_00101567	5	2	0.0
2025-02-02		VFB_fw036220		2	1	46.0
2025-02-02		VFB_fw036220	VFB_00101567	2	2	0.0
2025-02-02		VFB_fw038818		25	2	1016.0
2025-02-02		VFB_fw038818	VFB_00101567	25	3	0.0
2025-02-02		VFB_jrchjyas		2	1	2.0
2025-02-02		VFB_jrchjyas	VFB_00101567	2	1	0.0
2025-02-02		VFB_jrchk09e		18	1	0.0
2025-02-02		VFB_jrchk09e	VFB_00101567	18	1	0.0
2025-02-02		VFB_jrchk0e3		1	1	29.0
2025-02-02		VFB_jrchk0e3	VFB_00101567	1	1	0.0
2025-02-02		VFB_jrchk32k		8	1	231.0
2025-02-02		VFB_jrchk32k	VFB_00101567	7	1	0.0
2025-02-02		VFB_jrchk37q		1	1	2.0
2025-02-02		VFB_jrchk37q	VFB_00101567	2	1	0.0
2025-02-02		VFB_jrchk38p		3	1	68.0
2025-02-02		VFB_jrchk38p	VFB_00101567	4	1	0.0
2025-02-02		VFB_jrchk45h		13	1	133.0
2025-02-02		VFB_jrchk45h	VFB_00101567	13	1	0.0
2025-02-02		VFB_jrchk45i		2	1	208.0
2025-02-02		VFB_jrchk45i	VFB_00101567	2	1	0.0
2025-02-02		VFB_jrchk45l		2	1	25.0
2025-02-02		VFB_jrchk45l	VFB_00101567	2	1	0.0
2025-02-02		VFB_jrchk45n		2	1	27.0
2025-02-02		VFB_jrchk45n	VFB_00101567	2	1	0.0
2025-02-02		VFB_jrchk45o		2	1	124.0
2025-02-02		VFB_jrchk45o	VFB_00101567	2	1	0.0
2025-02-02		VFB_jrchk6fb		4	1	0.0
2025-02-02		VFB_jrchk6fb	VFB_00101567	4	1	0.0
2025-02-02		VFB_jrchk6ge		6	1	195.0
2025-02-02		VFB_jrchk6ge	VFB_00101567	6	1	0.0
2025-02-02		VFB_jrcv0dh7		6	1	0.0
2025-02-02		VFB_jrcv0dh7	VFB_00101567	6	1	0.0
2025-02-02		VFB_jrcv0q1c		2	1	0.0
2025-02-02		VFB_jrcv0q1c	VFB_00101567	2	1	0.0
2025-02-02		VFBexp_FBtp0099		2	1	0.0
2025-02-02		VFBexp_FBtp0099	VFB_00101567	2	1	0.0
2025-02-02	v2.virtualflybrain.org	FBbt_00003624	VFB_00101567	3	2	0.0
2025-02-02	v2.virtualflybrain.org	FBbt_00003678	VFB_00101567	0	2	40.0
2025-02-02	v2.virtualflybrain.org	FBbt_00003681	VFB_00101567	0	2	21.0
2025-02-02	v2.virtualflybrain.org	FBbt_00003682	VFB_00101567	0	1	22.0
2025-02-02	v2.virtualflybrain.org	FBbt_00003748	VFB_00101567	0	4	65.0
2025-02-02	v2.virtualflybrain.org	FBbt_00004091	VFB_00200000	7	1	4.0
2025-02-02	v2.virtualflybrain.org	FBbt_00040042	VFB_00101567	0	2	1.0
2025-02-02	v2.virtualflybrain.org	FBbt_00040043	VFB_00101567	1	2	10.0
2025-02-02	v2.virtualflybrain.org	FBbt_00045027	VFB_00101567	0	1	24.0
2025-02-02	v2.virtualflybrain.org	FBbt_00045040	VFB_00101567	2	1	0.0
2025-02-02	v2.virtualflybrain.org	FBbt_00045048	VFB_00101567	0	1	0.0
2025-02-02	v2.virtualflybrain.org	FBbt_00048138	VFB_00101567	0	2	120.0
2025-02-02	v2.virtualflybrain.org	FBbt_00049409		1	1	7.0
2025-02-02	v2.virtualflybrain.org	FBbt_00049867	VFB_00101567	0	1	40.0
2025-02-02	v2.virtualflybrain.org	FBbt_00050238		1	1	0.0
2025-02-02	v2.virtualflybrain.org	FBbt_00100231	VFB_00101567	0	1	46.0
2025-02-02	v2.virtualflybrain.org	FBbt_00110665	VFB_00101567	2	2	0.0
2025-02-02	v2.virtualflybrain.org	FBbt_00110993	VFB_00101567	0	1	15.0
2025-02-02	v2.virtualflybrain.org	FBbt_00111015	VFB_00101567	0	1	122.0
2025-02-02	v2.virtualflybrain.org	VFB_00014647	VFB_00101567	7	1	0.0
2025-02-02	v2.virtualflybrain.org	VFB_00015903	VFB_00101567	2	3	216.0
2025-02-02	v2.virtualflybrain.org	VFB_00017894	VFB_00017894	9	3	0.0
2025-02-02	v2.virtualflybrain.org	VFB_00030867	VFB_00017894	24	1	0.0
2025-02-02	v2.virtualflybrain.org	VFB_00030867	VFB_00101567	24	1	0.0
2025-02-02	v2.virtualflybrain.org	VFB_00050000	VFB_00050000	4	3	8.0
2025-02-02	v2.virtualflybrain.org	VFB_00069205	VFB_00101567	0	1	0.0
2025-02-02	v2.virtualflybrain.org	VFB_00100235	VFB_00050000	6	4	164.0
2025-02-02	v2.virtualflybrain.org	VFB_001011dd	VFB_00101384	6	1	0.0
2025-02-02	v2.virtualflybrain.org	VFB_001011fp	VFB_00050000	17	1	2.0
2025-02-02	v2.virtualflybrain.org	VFB_001012m5	VFB_00101567	0	2	133.0
2025-02-02	v2.virtualflybrain.org	VFB_00101384	VFB_00101384	0	1	0.0
2025-02-02	v2.virtualflybrain.org	VFB_00101567	VFB_00101567	32	43	1176.0
2025-02-02	v2.virtualflybrain.org	VFB_00102135	VFB_00101567	0	1	42.0
2025-02-02	v2.virtualflybrain.org	VFB_00102139	VFB_00101567	1	1	0.0
2025-02-02	v2.virtualflybrain.org	VFB_00102el1	VFB_00050000	2	1	0.0
2025-02-02	v2.virtualflybrain.org	VFB_00200000	VFB_00200000	1	4	2.0
2025-02-02	v2.virtualflybrain.org	VFB_fw001866	VFB_00101567	0	1	8.0
2025-02-02	v2.virtualflybrain.org	VFB_fw025486	VFB_00101567	0	1	0.0
2025-02-02	v2.virtualflybrain.org	VFB_fw025524	VFB_00101567	28	2	2.0
2025-02-02	v2.virtualflybrain.org	VFB_fw029447	VFB_00101567	0	2	0.0
2025-02-02	v2.virtualflybrain.org	VFB_fw036220	VFB_00101567	0	1	31.0
2025-02-02	v2.virtualflybrain.org	VFB_fw038818	VFB_00101567	25	4	43840.0
2025-02-02	v2.virtualflybrain.org	VFB_jrchjyas		1	1	1.0
2025-02-02	v2.virtualflybrain.org	VFB_jrchjyas	VFB_00101567	0	1	4.0
2025-02-02	v2.virtualflybrain.org	VFB_jrchjz8p	VFB_00101567	0	1	3.0
2025-02-02	v2.virtualflybrain.org	VFB_jrchk09e	VFB_00101567	17	1	0.0
2025-02-02	v2.virtualflybrain.org	VFB_jrchk6fb	VFB_00101567	4	1	0.0
2025-02-02	v2.virtualflybrain.org	VFB_jrchk6ge	VFB_00101567	1	1	18.0
2025-02-02	v2.virtualflybrain.org	VFB_jrcv0dh7	VFB_00101567	6	1	0.0
2025-02-02	v2.virtualflybrain.org	VFB_jrcv0q1c	VFB_00101567	1	3	23.0
2025-02-02	v2.virtualflybrain.org	VFBexp_FBtp0099		2	1	0.0
2025-02-03		FBbt_00001102		2	1	0.0
2025-02-03		FBbt_00001102	VFB_00049000	2	1	0.0
2025-02-03		FBbt_00001919		2	1	0.0
2025-02-03		FBbt_00001919	VFB_00049000	2	1	0.0
2025-02-03		FBbt_00003008		1	1	0.0
2025-02-03		FBbt_00003008	VFB_00101567	1	1	0.0
2025-02-03		FBbt_00003624		9	3	0.0
2025-02-03		FBbt_00003624	VFB_00101567	10	3	0.0
2025-02-03		FBbt_00003632		1	1	0.0
2025-02-03		FBbt_00003632	VFB_00101567	1	1	0.0
2025-02-03		FBbt_00003678		3	1	0.0
2025-02-03		FBbt_00003678	VFB_00101567	3	2	0.0
2025-02-03		FBbt_00003680		1	1	0.0
2025-02-03		FBbt_00003680	VFB_00101567	1	1	0.0
2025-02-03		FBbt_00003681		2	1	0.0
2025-02-03		FBbt_00003681	VFB_00101567	2	1	0.0
2025-02-03		FBbt_00003682		2	1	0.0
2025-02-03		FBbt_00003682	VFB_00101567	2	1	0.0
2025-02-03		FBbt_00003684		5	2	0.0
2025-02-03		FBbt_00003684	VFB_00101567	5	2	0.0
2025-02-03		FBbt_00003701		5	1	0.0
2025-02-03		FBbt_00003701	VFB_00101567	6	1	0.0
2025-02-03		FBbt_00003748		7	3	0.0
2025-02-03		FBbt_00003748	VFB_00101567	7	3	0.0
2025-02-03		FBbt_00003919		1	1	0.0
2025-02-03		FBbt_00003919	VFB_00101567	1	1	0.0
2025-02-03		FBbt_00003982		1	1	0.0
2025-02-03		FBbt_00003982	VFB_00101567	1	1	0.0
2025-02-03		FBbt_00007050		4	2	0.0
2025-02-03		FBbt_00007050	VFB_00101567	4	2	0.0
2025-02-03		FBbt_00007145		1	1	0.0
2025-02-03		FBbt_00007145	VFB_00101567	1	1	0.0
2025-02-03		FBbt_00007147		2	1	0.0
2025-02-03		FBbt_00007147	VFB_00101567	2	1	0.0
2025-02-03		FBbt_00007401		1	1	0.0
2025-02-03		FBbt_00007401	VFB_00101567	1	1	0.0
2025-02-03		FBbt_00015045		1	1	0.0
2025-02-03		FBbt_00015045	VFB_00049000	1	1	0.0
2025-02-03		FBbt_00015073		1	1	0.0
2025-02-03		FBbt_00015073	VFB_00049000	1	1	0.0
2025-02-03		FBbt_00040041		3	2	0.0
2025-02-03		FBbt_00040041	VFB_00101567	3	2	0.0
2025-02-03		FBbt_00040042		3	2	0.0
2025-02-03		FBbt_00040042	VFB_00101567	3	2	0.0
2025-02-03		FBbt_00040043		7	3	0.0
2025-02-03		FBbt_00040043	VFB_00101567	7	3	0.0
2025-02-03		FBbt_00040051		2	1	0.0
2025-02-03		FBbt_00040051	VFB_00101567	2	1	0.0
2025-02-03		FBbt_00045021		1	1	0.0
2025-02-03		FBbt_00045021	VFB_00101567	1	1	0.0
2025-02-03		FBbt_00045027		1	1	0.0
2025-02-03		FBbt_00045027	VFB_00101567	1	1	0.0
2025-02-03		FBbt_00045048		6	2	0.0
2025-02-03		FBbt_00045048	VFB_00101567	6	2	0.0
2025-02-03		FBbt_00045050		2	1	0.0
2025-02-03		FBbt_00045050	VFB_00101567	2	1	0.0
2025-02-03		FBbt_00047511		1	1	0.0
2025-02-03		FBbt_00047511	VFB_00101567	1	1	0.0
2025-02-03		FBbt_00047887		2	1	0.0
2025-02-03		FBbt_00047887	VFB_00101567	2	1	0.0
2025-02-03		FBbt_00049725		2	1	0.0
2025-02-03		FBbt_00049725	VFB_00101567	2	2	0.0
2025-02-03		FBbt_00053040		1	1	0.0
2025-02-03		FBbt_00053040	VFB_00101567	1	1	0.0
2025-02-03		FBbt_00110636		2	1	0.0
2025-02-03		FBbt_00110636	VFB_00101567	2	1	0.0
2025-02-03		FBbt_00110638		2	1	0.0
2025-02-03		FBbt_00110638	VFB_00101567	2	1	0.0
2025-02-03		FBbt_00110665		6	1	0.0
2025-02-03		FBbt_00110665	VFB_00101567	6	1	0.0
2025-02-03		FBbt_00111029		1	1	0.0
2025-02-03		FBbt_00111029	VFB_00049000	1	1	0.0
2025-02-03		FBbt_00111037		1	1	0.0
2025-02-03		FBbt_00111037	VFB_00049000	1	1	0.0
2025-02-03		FBbt_00111173		1	1	0.0
2025-02-03		FBbt_00111173	VFB_00101567	1	1	0.0
2025-02-03		FBbt_00111174		2	1	0.0
2025-02-03		FBbt_00111174	VFB_00101567	2	1	0.0
2025-02-03		FBbt_20004257		2	1	4.0
2025-02-03		FBbt_20004257	VFB_00101567	3	1	0.0
2025-02-03		FBbt_20004302		2	1	1.0
2025-02-03		FBbt_20004302	VFB_00101567	3	1	0.0
2025-02-03		FBbt_20004429		2	1	16.0
2025-02-03		FBbt_20004429	VFB_00101567	3	1	0.0
2025-02-03		VFB_00014647		6	1	0.0
2025-02-03		VFB_00014647	VFB_00101567	6	1	0.0
2025-02-03		VFB_00017894		17	2	0.0
2025-02-03		VFB_00017894	VFB_00017894	17	3	0.0
2025-02-03		VFB_00025621		5	1	6.0
2025-02-03		VFB_00025621	VFB_00101567	5	2	0.0
2025-02-03		VFB_00030608		2	1	0.0
2025-02-03		VFB_00030608	VFB_00017894	2	1	0.0
2025-02-03		VFB_00030867		51	2	4.0
2025-02-03		VFB_00030867	VFB_00017894	25	2	0.0
2025-02-03		VFB_00030867	VFB_00101567	26	2	0.0
2025-02-03		VFB_00030872		4	1	2.0
2025-02-03		VFB_00030872	VFB_00017894	1	1	0.0
2025-02-03		VFB_00030872	VFB_00101567	3	1	0.0
2025-02-03		VFB_00041975		2	1	4.0
2025-02-03		VFB_00041975	VFB_00101567	2	2	0.0
2025-02-03		VFB_00045107		6	1	0.0
2025-02-03		VFB_00045107	VFB_00101567	6	1	0.0
2025-02-03		VFB_00049000		2	2	3.0
2025-02-03		VFB_00049000	VFB_00049000	4	4	179.0
2025-02-03		VFB_00050000		4	2	3.0
2025-02-03		VFB_00050000	VFB_00050000	9	5	183.0
2025-02-03		VFB_00050313		3	3	0.0
2025-02-03		VFB_00050313	VFB_00049000	3	3	0.0
2025-02-03		VFB_00050330		4	2	0.0
2025-02-03		VFB_00050330	VFB_00049000	4	3	0.0
2025-02-03		VFB_00050375		1	1	0.0
2025-02-03		VFB_00050375	VFB_00049000	1	1	0.0
2025-02-03		VFB_00050377		1	1	0.0
2025-02-03		VFB_00050377	VFB_00049000	1	1	0.0
2025-02-03		VFB_00050379		5	1	0.0
2025-02-03		VFB_00050379	VFB_00049000	5	2	0.0
2025-02-03		VFB_00050420		1	1	0.0
2025-02-03		VFB_00050420	VFB_00049000	1	1	0.0
2025-02-03		VFB_00050465		2	2	0.0
2025-02-03		VFB_00050465	VFB_00049000	2	2	0.0
2025-02-03		VFB_00050510		1	1	0.0
2025-02-03		VFB_00050510	VFB_00049000	1	1	0.0
2025-02-03		VFB_00054437		4	1	13.0
2025-02-03		VFB_00054437	VFB_00049000	1	1	0.0
2025-02-03		VFB_00054437	VFB_00050000	3	1	0.0
2025-02-03		VFB_00068372		7	1	12.0
2025-02-03		VFB_00068372	VFB_00101567	6	1	0.0
2025-02-03		VFB_00100123		3	1	1.0
2025-02-03		VFB_00100123	VFB_00050000	3	1	0.0
2025-02-03		VFB_00100210		5	1	0.0
2025-02-03		VFB_00100210	VFB_00050000	5	2	0.0
2025-02-03		VFB_00100235		1	1	0.0
2025-02-03		VFB_00100235	VFB_00050000	1	1	0.0
2025-02-03		VFB_001011f6		5	1	1.0
2025-02-03		VFB_001011f6	VFB_00050000	4	2	0.0
2025-02-03		VFB_001011fg		2	1	0.0
2025-02-03		VFB_001011fg	VFB_00050000	1	1	0.0
2025-02-03		VFB_001011fk		5	1	0.0
2025-02-03		VFB_001011fk	VFB_00050000	6	2	0.0
2025-02-03		VFB_001011hf		6	1	0.0
2025-02-03		VFB_001011hf	VFB_00050000	6	3	0.0
2025-02-03		VFB_001011hq		3	1	0.0
2025-02-03		VFB_001011hq	VFB_00050000	2	1	0.0
2025-02-03		VFB_001011jr		5	1	0.0
2025-02-03		VFB_001011jr	VFB_00050000	8	3	0.0
2025-02-03		VFB_001011kl		2	1	0.0
2025-02-03		VFB_001011kl	VFB_00050000	1	1	0.0
2025-02-03		VFB_001014uq		3	1	8.0
2025-02-03		VFB_001014uq	VFB_00101567	2	1	0.0
2025-02-03		VFB_001014uq	VFB_00110000	1	1	0.0
2025-02-03		VFB_00101567		83	28	158.0
2025-02-03		VFB_00101567	VFB_00101567	89	34	0.0
2025-02-03		VFB_001015bw		2	1	0.0
2025-02-03		VFB_001015bw	VFB_00050000	2	1	0.0
2025-02-03		VFB_001015ch		2	1	0.0
2025-02-03		VFB_001015ch	VFB_00050000	2	1	0.0
2025-02-03		VFB_00102107		2	1	11.0
2025-02-03		VFB_00102107	VFB_00101567	2	2	0.0
2025-02-03		VFB_00102135		1	1	20.0
2025-02-03		VFB_00102135	VFB_00101567	1	1	0.0
2025-02-03		VFB_00102139		1	1	0.0
2025-02-03		VFB_00102139	VFB_00101567	1	1	0.0
2025-02-03		VFB_00102146		4	2	5.0
2025-02-03		VFB_00102146	VFB_00101567	4	3	0.0
2025-02-03		VFB_00102162		1	1	0.0
2025-02-03		VFB_00102162	VFB_00101567	1	1	0.0
2025-02-03		VFB_00102164		1	1	0.0
2025-02-03		VFB_00102164	VFB_00101567	1	1	0.0
2025-02-03		VFB_00102170		1	1	0.0
2025-02-03		VFB_00102170	VFB_00101567	1	1	0.0
2025-02-03		VFB_00102190		4	1	3.0
2025-02-03		VFB_00102190	VFB_00101567	4	1	0.0
2025-02-03		VFB_00102201		3	2	0.0
2025-02-03		VFB_00102201	VFB_00101567	3	2	0.0
2025-02-03		VFB_00102273		1	1	5.0
2025-02-03		VFB_00102273	VFB_00101567	1	1	0.0
2025-02-03		VFB_00102275		2	1	0.0
2025-02-03		VFB_00102275	VFB_00101567	2	1	0.0
2025-02-03		VFB_00102281		1	1	0.0
2025-02-03		VFB_00102281	VFB_00101567	1	1	0.0
2025-02-03		VFB_00102ehj		2	1	0.0
2025-02-03		VFB_00102ehj	VFB_00050000	2	1	0.0
2025-02-03		VFB_fw000281		10	2	12.0
2025-02-03		VFB_fw000281	VFB_00101567	10	3	0.0
2025-02-03		VFB_fw000316		5	1	2.0
2025-02-03		VFB_fw000316	VFB_00101567	4	1	0.0
2025-02-03		VFB_fw008858		3	1	1.0
2025-02-03		VFB_fw008858	VFB_00101567	3	1	0.0
2025-02-03		VFB_fw025486		2	1	0.0
2025-02-03		VFB_fw025486	VFB_00101567	2	1	0.0
2025-02-03		VFB_fw025524		24	1	0.0
2025-02-03		VFB_fw025524	VFB_00101567	24	1	0.0
2025-02-03		VFB_fw027629		3	1	58.0
2025-02-03		VFB_fw027629	VFB_00101567	3	2	0.0
2025-02-03		VFB_fw029447		1	1	0.0
2025-02-03		VFB_fw029447	VFB_00101567	1	1	0.0
2025-02-03		VFB_fw034365		3	1	2.0
2025-02-03		VFB_fw034365	VFB_00101567	2	1	0.0
2025-02-03		VFB_fw035588		3	1	2.0
2025-02-03		VFB_fw035588	VFB_00101567	2	1	0.0
2025-02-03		VFB_fw043648		2	1	0.0
2025-02-03		VFB_fw043648	VFB_00101567	2	1	0.0
2025-02-03		VFB_jrchk06x		1	1	0.0
2025-02-03		VFB_jrchk06x	VFB_00101567	1	1	0.0
2025-02-03		VFB_jrchk09e		14	1	1.0
2025-02-03		VFB_jrchk09e	VFB_00101567	14	1	0.0
2025-02-03		VFB_jrchk0wa		2	1	3.0
2025-02-03		VFB_jrchk0wa	VFB_00101567	2	1	0.0
2025-02-03		VFB_jrchk6fb		1	1	0.0
2025-02-03		VFB_jrchk6fb	VFB_00101567	1	1	0.0
2025-02-03		VFB_jrchk7iy		2	1	0.0
2025-02-03		VFB_jrchk7iy	VFB_00101567	2	1	0.0
2025-02-03		VFBexp_FBtp0069		2	1	0.0
2025-02-03		VFBexp_FBtp0069	VFB_00101567	2	1	0.0
2025-02-03		VFBexp_FBtp0122		1	1	0.0
2025-02-03		VFBexp_FBtp0122	VFB_00101567	1	1	0.0
2025-02-03	v2.virtualflybrain.org	FBbt_00001102	VFB_00049000	0	1	5.0
2025-02-03	v2.virtualflybrain.org	FBbt_00001320		1	1	0.0
2025-02-03	v2.virtualflybrain.org	FBbt_00001919	VFB_00049000	0	1	47.0
2025-02-03	v2.virtualflybrain.org	FBbt_00003624	VFB_00101567	2	3	26.0
2025-02-03	v2.virtualflybrain.org	FBbt_00003632	VFB_00101567	0	1	21.0
2025-02-03	v2.virtualflybrain.org	FBbt_00003678	VFB_00101567	0	2	110.0
2025-02-03	v2.virtualflybrain.org	FBbt_00003680	VFB_00101567	0	1	26.0
2025-02-03	v2.virtualflybrain.org	FBbt_00003682	VFB_00101567	0	1	19.0
2025-02-03	v2.virtualflybrain.org	FBbt_00003684	VFB_00101567	0	2	49.0
2025-02-03	v2.virtualflybrain.org	FBbt_00003701	VFB_00101567	0	1	120.0
2025-02-03	v2.virtualflybrain.org	FBbt_00003748	VFB_00101567	1	4	34.0
2025-02-03	v2.virtualflybrain.org	FBbt_00003919		1	1	1.0
2025-02-03	v2.virtualflybrain.org	FBbt_00003919	VFB_00101567	0	1	14.0
2025-02-03	v2.virtualflybrain.org	FBbt_00003982	VFB_00101567	0	1	51.0
2025-02-03	v2.virtualflybrain.org	FBbt_00007050	VFB_00101567	0	2	144.0
2025-02-03	v2.virtualflybrain.org	FBbt_00007145	VFB_00101567	0	2	27.0
2025-02-03	v2.virtualflybrain.org	FBbt_00007147	VFB_00101567	0	1	13.0
2025-02-03	v2.virtualflybrain.org	FBbt_00007401	VFB_00101567	0	1	58.0
2025-02-03	v2.virtualflybrain.org	FBbt_00015045	VFB_00049000	0	1	13.0
2025-02-03	v2.virtualflybrain.org	FBbt_00015073	VFB_00049000	0	1	26.0
2025-02-03	v2.virtualflybrain.org	FBbt_00040041	VFB_00101567	0	2	38.0
2025-02-03	v2.virtualflybrain.org	FBbt_00040042	VFB_00101567	0	2	73.0
2025-02-03	v2.virtualflybrain.org	FBbt_00040043	VFB_00101567	5	3	27.0
2025-02-03	v2.virtualflybrain.org	FBbt_00040051	VFB_00101567	0	1	12.0
2025-02-03	v2.virtualflybrain.org	FBbt_00045021	VFB_00101567	0	1	7.0
2025-02-03	v2.virtualflybrain.org	FBbt_00045027	VFB_00101567	0	1	1.0
2025-02-03	v2.virtualflybrain.org	FBbt_00045048	VFB_00101567	0	3	312.0
2025-02-03	v2.virtualflybrain.org	FBbt_00045050	VFB_00101567	0	1	16.0
2025-02-03	v2.virtualflybrain.org	FBbt_00047511	VFB_00101567	0	1	18.0
2025-02-03	v2.virtualflybrain.org	FBbt_00049725	VFB_00101567	0	2	18.0
2025-02-03	v2.virtualflybrain.org	FBbt_00050119		1	1	0.0
2025-02-03	v2.virtualflybrain.org	FBbt_00051629		1	1	6.0
2025-02-03	v2.virtualflybrain.org	FBbt_00051719		1	1	0.0
2025-02-03	v2.virtualflybrain.org	FBbt_00053040	VFB_00101567	0	1	35.0
2025-02-03	v2.virtualflybrain.org	FBbt_00110636	VFB_00101567	1	2	19.0
2025-02-03	v2.virtualflybrain.org	FBbt_00110638	VFB_00101567	0	1	14.0
2025-02-03	v2.virtualflybrain.org	FBbt_00110665	VFB_00101567	6	1	0.0
2025-02-03	v2.virtualflybrain.org	FBbt_00111029	VFB_00049000	0	1	3.0
2025-02-03	v2.virtualflybrain.org	FBbt_00111037	VFB_00049000	0	1	1.0
2025-02-03	v2.virtualflybrain.org	FBbt_00111173	VFB_00101567	0	1	15.0
2025-02-03	v2.virtualflybrain.org	FBbt_00111174	VFB_00101567	0	2	132.0
2025-02-03	v2.virtualflybrain.org	FBbt_20004257	VFB_00101567	0	1	0.0
2025-02-03	v2.virtualflybrain.org	FBbt_20004302	VFB_00101567	0	1	0.0
2025-02-03	v2.virtualflybrain.org	FBbt_20004429	VFB_00101567	0	1	0.0
2025-02-03	v2.virtualflybrain.org	VFB_00014647	VFB_00101567	7	1	0.0
2025-02-03	v2.virtualflybrain.org	VFB_00017894	VFB_00017894	17	6	0.0
2025-02-03	v2.virtualflybrain.org	VFB_00025621	VFB_00101567	0	1	16.0
2025-02-03	v2.virtualflybrain.org	VFB_00030608	VFB_00017894	0	1	0.0
2025-02-03	v2.virtualflybrain.org	VFB_00030849	VFB_00017894	2	2	0.0
2025-02-03	v2.virtualflybrain.org	VFB_00030867	VFB_00017894	25	3	1.0
2025-02-03	v2.virtualflybrain.org	VFB_00030867	VFB_00101567	24	3	6.0
2025-02-03	v2.virtualflybrain.org	VFB_00030872	VFB_00017894	1	3	1.0
2025-02-03	v2.virtualflybrain.org	VFB_00030872	VFB_00101567	0	1	1.0
2025-02-03	v2.virtualflybrain.org	VFB_00041975	VFB_00101567	0	1	0.0
2025-02-03	v2.virtualflybrain.org	VFB_00045107	VFB_00101567	7	1	0.0
2025-02-03	v2.virtualflybrain.org	VFB_00049000	VFB_00049000	2	7	22.0
2025-02-03	v2.virtualflybrain.org	VFB_00050000	VFB_00050000	4	8	59.0
2025-02-03	v2.virtualflybrain.org	VFB_00050313	VFB_00049000	0	2	16.0
2025-02-03	v2.virtualflybrain.org	VFB_00050330	VFB_00049000	0	1	2.0
2025-02-03	v2.virtualflybrain.org	VFB_00050375	VFB_00049000	0	1	6.0
2025-02-03	v2.virtualflybrain.org	VFB_00050377	VFB_00049000	0	2	7.0
2025-02-03	v2.virtualflybrain.org	VFB_00050379	VFB_00049000	2	3	68.0
2025-02-03	v2.virtualflybrain.org	VFB_00050420	VFB_00049000	0	1	4.0
2025-02-03	v2.virtualflybrain.org	VFB_00050465	VFB_00049000	0	2	53.0
2025-02-03	v2.virtualflybrain.org	VFB_00050510	VFB_00049000	0	1	0.0
2025-02-03	v2.virtualflybrain.org	VFB_00054437	VFB_00049000	1	3	19.0
2025-02-03	v2.virtualflybrain.org	VFB_00054437	VFB_00050000	0	2	3.0
2025-02-03	v2.virtualflybrain.org	VFB_00068372		1	1	0.0
2025-02-03	v2.virtualflybrain.org	VFB_00068372	VFB_00068372	1	2	1.0
2025-02-03	v2.virtualflybrain.org	VFB_00068372	VFB_00101567	0	1	67.0
2025-02-03	v2.virtualflybrain.org	VFB_00100123	VFB_00050000	2	1	0.0
2025-02-03	v2.virtualflybrain.org	VFB_00100123	VFB_00100123	1	2	0.0
2025-02-03	v2.virtualflybrain.org	VFB_00100210	VFB_00050000	0	2	44.0
2025-02-03	v2.virtualflybrain.org	VFB_00100235	VFB_00050000	2	1	0.0
2025-02-03	v2.virtualflybrain.org	VFB_001011f6	VFB_00050000	0	1	1.0
2025-02-03	v2.virtualflybrain.org	VFB_001011fg	VFB_00050000	0	1	1.0
2025-02-03	v2.virtualflybrain.org	VFB_001011fk	VFB_00050000	0	2	4.0
2025-02-03	v2.virtualflybrain.org	VFB_001011hf	VFB_00050000	0	5	46.0
2025-02-03	v2.virtualflybrain.org	VFB_001011hq	VFB_00050000	0	1	145.0
2025-02-03	v2.virtualflybrain.org	VFB_001011jr	VFB_00050000	0	4	206.0
2025-02-03	v2.virtualflybrain.org	VFB_001011kl	VFB_00050000	0	1	5.0
2025-02-03	v2.virtualflybrain.org	VFB_001014uq	VFB_00101567	0	1	2.0
2025-02-03	v2.virtualflybrain.org	VFB_001014uq	VFB_00110000	1	3	8.0
2025-02-03	v2.virtualflybrain.org	VFB_00101567	VFB_00101567	18	50	338.0
2025-02-03	v2.virtualflybrain.org	VFB_001015bw	VFB_00050000	0	1	25.0
2025-02-03	v2.virtualflybrain.org	VFB_001015ch	VFB_00050000	0	1	1.0
2025-02-03	v2.virtualflybrain.org	VFB_00102107	VFB_00101567	0	2	4.0
2025-02-03	v2.virtualflybrain.org	VFB_00102135	VFB_00101567	0	1	22.0
2025-02-03	v2.virtualflybrain.org	VFB_00102139	VFB_00101567	1	1	1.0
2025-02-03	v2.virtualflybrain.org	VFB_00102146	VFB_00101567	0	1	4.0
2025-02-03	v2.virtualflybrain.org	VFB_00102162	VFB_00101567	0	1	1.0
2025-02-03	v2.virtualflybrain.org	VFB_00102164	VFB_00101567	0	2	74.0
2025-02-03	v2.virtualflybrain.org	VFB_00102170	VFB_00101567	0	1	0.0
2025-02-03	v2.virtualflybrain.org	VFB_00102190	VFB_00101567	1	1	2.0
2025-02-03	v2.virtualflybrain.org	VFB_00102201	VFB_00101567	0	2	76.0
2025-02-03	v2.virtualflybrain.org	VFB_00102273	VFB_00101567	0	1	0.0
2025-02-03	v2.virtualflybrain.org	VFB_00102275	VFB_00101567	0	1	60.0
2025-02-03	v2.virtualflybrain.org	VFB_00102281	VFB_00101567	0	1	4.0
2025-02-03	v2.virtualflybrain.org	VFB_00102ehj	VFB_00050000	0	1	134.0
2025-02-03	v2.virtualflybrain.org	VFB_fw000281		2	1	1.0
2025-02-03	v2.virtualflybrain.org	VFB_fw000281	VFB_00101567	3	4	346.0
2025-02-03	v2.virtualflybrain.org	VFB_fw000316	VFB_00101567	0	1	8.0
2025-02-03	v2.virtualflybrain.org	VFB_fw008858	VFB_00101567	1	1	10.0
2025-02-03	v2.virtualflybrain.org	VFB_fw025486	VFB_00101567	1	2	0.0
2025-02-03	v2.virtualflybrain.org	VFB_fw025524	VFB_00101567	24	1	0.0
2025-02-03	v2.virtualflybrain.org	VFB_fw027629	VFB_00101567	0	1	0.0
2025-02-03	v2.virtualflybrain.org	VFB_fw029447	VFB_00101567	2	3	0.0
2025-02-03	v2.virtualflybrain.org	VFB_fw034365	VFB_00101567	0	1	6.0
2025-02-03	v2.virtualflybrain.org	VFB_fw035588	VFB_00101567	0	1	15.0
2025-02-03	v2.virtualflybrain.org	VFB_fw043648	VFB_00101567	0	1	16.0
2025-02-03	v2.virtualflybrain.org	VFB_jrchk06x	VFB_00101567	1	1	0.0
2025-02-03	v2.virtualflybrain.org	VFB_jrchk09e	VFB_00101567	13	1	31.0
2025-02-03	v2.virtualflybrain.org	VFB_jrchk0wa		1	1	0.0
2025-02-03	v2.virtualflybrain.org	VFB_jrchk45h	VFB_00101567	1	1	0.0
2025-02-03	v2.virtualflybrain.org	VFB_jrchk6fb	VFB_00101567	1	1	0.0
2025-02-03	v2.virtualflybrain.org	VFB_jrchk7iy		1	1	0.0
2025-02-03	v2.virtualflybrain.org	VFB_jrchk7iy	VFB_00101567	0	1	82.0
2025-02-03	v2.virtualflybrain.org	VFB_jrcv07z6		1	1	9.0
2025-02-03	v2.virtualflybrain.org	VFBexp_FBtp0069	VFB_00101567	0	1	66.0
2025-02-03	v2.virtualflybrain.org	VFBexp_FBtp0122		1	1	1.0
2025-02-03	v2.virtualflybrain.org	VFBexp_FBtp0122	VFB_00101567	0	1	14.0
2025-02-03	www.virtualflybrain.org	VFB_00000001		1	1	0.0
2025-02-04		FBbt_00001911		3	1	19.0
2025-02-04		FBbt_00001911	VFB_00049000	1	1	0.0
2025-02-04		FBbt_00001911	VFB_00050000	3	1	0.0
2025-02-04		FBbt_00001919		1	1	0.0
2025-02-04		FBbt_00001919	VFB_00049000	1	1	0.0
2025-02-04		FBbt_00003624		16	6	22.0
2025-02-04		FBbt_00003624	VFB_00101567	27	6	0.0
2025-02-04		FBbt_00003627		1	1	0.0
2025-02-04		FBbt_00003627	VFB_00101567	15	1	0.0
2025-02-04		FBbt_00003678		2	2	0.0
2025-02-04		FBbt_00003678	VFB_00101567	2	2	0.0
2025-02-04		FBbt_00003681		7	5	0.0
2025-02-04		FBbt_00003681	VFB_00101567	7	5	0.0
2025-02-04		FBbt_00003682		3	2	0.0
2025-02-04		FBbt_00003682	VFB_00101567	3	2	0.0
2025-02-04		FBbt_00003684		1	1	0.0
2025-02-04		FBbt_00003684	VFB_00101567	1	1	0.0
2025-02-04		FBbt_00003700		3	1	0.0
2025-02-04		FBbt_00003700	VFB_00101567	3	1	0.0
2025-02-04		FBbt_00003748		23	4	0.0
2025-02-04		FBbt_00003748	VFB_00030786	1	1	0.0
2025-02-04		FBbt_00003748	VFB_00101567	23	5	0.0
2025-02-04		FBbt_00003852		1	1	0.0
2025-02-04		FBbt_00003852	VFB_00101567	1	1	0.0
2025-02-04		FBbt_00007054		2	1	0.0
2025-02-04		FBbt_00007054	VFB_00101567	2	2	0.0
2025-02-04		FBbt_00007147		2	1	0.0
2025-02-04		FBbt_00007147	VFB_00101567	3	1	0.0
2025-02-04		FBbt_00007401		1	1	0.0
2025-02-04		FBbt_00007401	VFB_00101567	1	1	0.0
2025-02-04		FBbt_00007427		10	1	0.0
2025-02-04		FBbt_00007427	VFB_00101567	10	2	0.0
2025-02-04		FBbt_00007428		3	1	0.0
2025-02-04		FBbt_00007428	VFB_00101567	3	1	0.0
2025-02-04		FBbt_00007453		1	1	0.0
2025-02-04		FBbt_00007453	VFB_00101567	1	1	0.0
2025-02-04		FBbt_00007706		2	1	0.0
2025-02-04		FBbt_00007706	VFB_00049000	2	1	0.0
2025-02-04		FBbt_00013688		2	1	0.0
2025-02-04		FBbt_00013688	VFB_00101567	2	1	0.0
2025-02-04		FBbt_00014013		2	2	0.0
2025-02-04		FBbt_00014013	VFB_00017894	1	1	0.0
2025-02-04		FBbt_00014013	VFB_00101567	1	1	0.0
2025-02-04		FBbt_00040037		2	1	0.0
2025-02-04		FBbt_00040037	VFB_00101567	2	1	0.0
2025-02-04		FBbt_00040041		1	1	0.0
2025-02-04		FBbt_00040041	VFB_00101567	2	1	0.0
2025-02-04		FBbt_00040042		5	2	0.0
2025-02-04		FBbt_00040042	VFB_00101567	5	3	0.0
2025-02-04		FBbt_00040043		11	5	0.0
2025-02-04		FBbt_00040043	VFB_00101567	11	6	0.0
2025-02-04		FBbt_00045003		2	1	0.0
2025-02-04		FBbt_00045003	VFB_00101567	2	1	0.0
2025-02-04		FBbt_00045027		4	3	0.0
2025-02-04		FBbt_00045027	VFB_00017894	1	1	0.0
2025-02-04		FBbt_00045027	VFB_00030786	1	1	0.0
2025-02-04		FBbt_00045027	VFB_00101567	2	1	0.0
2025-02-04		FBbt_00045032		4	2	0.0
2025-02-04		FBbt_00045032	VFB_00101567	4	2	0.0
2025-02-04		FBbt_00045048		5	5	1.0
2025-02-04		FBbt_00045048	VFB_00101567	5	5	0.0
2025-02-04		FBbt_00045050		4	3	0.0
2025-02-04		FBbt_00045050	VFB_00101567	5	3	0.0
2025-02-04		FBbt_00047127		2	1	0.0
2025-02-04		FBbt_00047127	VFB_00101567	2	1	0.0
2025-02-04		FBbt_00047354		2	1	0.0
2025-02-04		FBbt_00047354	VFB_00101567	2	1	0.0
2025-02-04		FBbt_00047887		3	1	0.0
2025-02-04		FBbt_00047887	VFB_00101567	3	1	0.0
2025-02-04		FBbt_00047889		1	1	0.0
2025-02-04		FBbt_00047889	VFB_00049000	1	1	0.0
2025-02-04		FBbt_00048326		3	1	0.0
2025-02-04		FBbt_00048326	VFB_00101567	3	1	0.0
2025-02-04		FBbt_00051054		1	1	0.0
2025-02-04		FBbt_00051054	VFB_00101567	1	1	0.0
2025-02-04		FBbt_00051393		2	1	0.0
2025-02-04		FBbt_00051393	VFB_00101567	2	1	0.0
2025-02-04		FBbt_00110054		1	1	0.0
2025-02-04		FBbt_00110054	VFB_00101567	1	1	0.0
2025-02-04		FBbt_00110056		1	1	0.0
2025-02-04		FBbt_00110056	VFB_00101567	1	1	0.0
2025-02-04		FBbt_00110058		1	1	0.0
2025-02-04		FBbt_00110058	VFB_00101567	1	1	0.0
2025-02-04		FBbt_00110636		7	4	5.0
2025-02-04		FBbt_00110636	VFB_00101567	8	4	0.0
2025-02-04		FBbt_00110639		2	1	0.0
2025-02-04		FBbt_00110639	VFB_00101567	2	1	0.0
2025-02-04		FBbt_00111418		1	1	0.0
2025-02-04		FBbt_00111418	VFB_00101567	1	1	0.0
2025-02-04		VFB_00014647		11	1	0.0
2025-02-04		VFB_00014647	VFB_00101567	11	1	0.0
2025-02-04		VFB_00017894		11	1	0.0
2025-02-04		VFB_00017894	VFB_00017894	11	1	0.0
2025-02-04		VFB_00030194		2	1	4.0
2025-02-04		VFB_00030194	VFB_00101567	2	1	0.0
2025-02-04		VFB_00030810		3	1	16.0
2025-02-04		VFB_00030810	VFB_00030786	2	1	0.0
2025-02-04		VFB_00030816		6	1	50.0
2025-02-04		VFB_00030816	VFB_00030786	3	2	0.0
2025-02-04		VFB_00030816	VFB_00101567	4	1	0.0
2025-02-04		VFB_00030849		3	1	4.0
2025-02-04		VFB_00030849	VFB_00017894	1	1	0.0
2025-02-04		VFB_00030849	VFB_00101567	2	1	0.0
2025-02-04		VFB_00030867		32	1	0.0
2025-02-04		VFB_00030867	VFB_00017894	16	1	0.0
2025-02-04		VFB_00030867	VFB_00101567	16	1	0.0
2025-02-04		VFB_00045107		2	1	0.0
2025-02-04		VFB_00045107	VFB_00101567	2	1	0.0
2025-02-04		VFB_00049000		6	1	2.0
2025-02-04		VFB_00049000	VFB_00049000	6	1	0.0
2025-02-04		VFB_00050000		24	3	93.0
2025-02-04		VFB_00050000	VFB_00050000	31	7	55.0
2025-02-04		VFB_00050505		4	1	4.0
2025-02-04		VFB_00050505	VFB_00049000	2	1	0.0
2025-02-04		VFB_00050505	VFB_00101567	2	2	0.0
2025-02-04		VFB_00050511		1	1	0.0
2025-02-04		VFB_00050511	VFB_00049000	1	1	0.0
2025-02-04		VFB_00100123		7	1	0.0
2025-02-04		VFB_00100123	VFB_00050000	7	1	0.0
2025-02-04		VFB_00100235		3	2	0.0
2025-02-04		VFB_00100235	VFB_00050000	3	2	0.0
2025-02-04		VFB_0010024e		4	1	0.0
2025-02-04		VFB_0010024e	VFB_00049000	4	1	0.0
2025-02-04		VFB_00100257		6	1	2.0
2025-02-04		VFB_00100257	VFB_00050000	6	2	0.0
2025-02-04		VFB_0010026x		1	1	0.0
2025-02-04		VFB_0010026x	VFB_00050000	1	1	0.0
2025-02-04		VFB_0010027x		6	1	3.0
2025-02-04		VFB_0010027x	VFB_00049000	4	1	0.0
2025-02-04		VFB_0010027x	VFB_00050000	2	1	0.0
2025-02-04		VFB_00100405		1	1	0.0
2025-02-04		VFB_00100405	VFB_00050000	1	1	0.0
2025-02-04		VFB_00100500		7	1	6.0
2025-02-04		VFB_00100500	VFB_00050000	7	2	0.0
2025-02-04		VFB_00100743		1	1	0.0
2025-02-04		VFB_00100743	VFB_00050000	1	1	0.0
2025-02-04		VFB_001011fg		6	1	2.0
2025-02-04		VFB_001011fg	VFB_00049000	4	1	0.0
2025-02-04		VFB_001011fg	VFB_00050000	2	1	0.0
2025-02-04		VFB_001011fp		16	1	0.0
2025-02-04		VFB_001011fp	VFB_00050000	16	1	0.0
2025-02-04		VFB_001011k2		3	1	0.0
2025-02-04		VFB_001011k2	VFB_00050000	3	1	0.0
2025-02-04		VFB_001011kc		14	1	96.0
2025-02-04		VFB_001011kc	VFB_00050000	12	2	0.0
2025-02-04		VFB_00101285		1	1	9.0
2025-02-04		VFB_00101285	VFB_00101567	1	1	0.0
2025-02-04		VFB_001014qf		6	1	82.0
2025-02-04		VFB_001014qf	VFB_00101567	6	1	0.0
2025-02-04		VFB_001014uq		3	1	6.0
2025-02-04		VFB_001014uq	VFB_00101567	2	1	0.0
2025-02-04		VFB_001014uq	VFB_00110000	1	1	0.0
2025-02-04		VFB_00101567		190	43	435.0
2025-02-04		VFB_00101567	VFB_00101567	181	49	128.0
2025-02-04		VFB_00101slr		2	1	3.0
2025-02-04		VFB_00101slr	VFB_00101567	2	1	0.0
2025-02-04		VFB_00102107		2	1	3.0
2025-02-04		VFB_00102107	VFB_00101567	2	1	0.0
2025-02-04		VFB_00102109		1	1	5.0
2025-02-04		VFB_00102109	VFB_00101567	1	1	0.0
2025-02-04		VFB_00102118		1	1	0.0
2025-02-04		VFB_00102118	VFB_00101567	1	1	0.0
2025-02-04		VFB_00102135		1	1	6.0
2025-02-04		VFB_00102135	VFB_00101567	1	1	0.0
2025-02-04		VFB_00102139		1	1	2.0
2025-02-04		VFB_00102139	VFB_00101567	1	1	0.0
2025-02-04		VFB_00102140		15	2	55.0
2025-02-04		VFB_00102140	VFB_00101567	4	3	0.0
2025-02-04		VFB_00102164		3	2	2.0
2025-02-04		VFB_00102164	VFB_00101567	3	3	0.0
2025-02-04		VFB_00102271		2	1	3.0
2025-02-04		VFB_00102271	VFB_00101567	2	2	0.0
2025-02-04		VFB_00102274		6	3	0.0
2025-02-04		VFB_00102274	VFB_00101567	6	4	0.0
2025-02-04		VFB_00102282		3	1	28.0
2025-02-04		VFB_00102282	VFB_00101567	2	1	0.0
2025-02-04		VFB_00102er5		17	1	193.0
2025-02-04		VFB_00102er5	VFB_00050000	13	3	0.0
2025-02-04		VFB_00102flb		1	1	0.0
2025-02-04		VFB_00102flb	VFB_00050000	1	1	0.0
2025-02-04		VFB_fw000281		7	1	2.0
2025-02-04		VFB_fw000281	VFB_00101567	7	1	0.0
2025-02-04		VFB_fw025524		24	1	0.0
2025-02-04		VFB_fw025524	VFB_00101567	24	1	0.0
2025-02-04		VFB_fw036610		2	1	7.0
2025-02-04		VFB_fw036610	VFB_00101567	2	1	0.0
2025-02-04		VFB_jrch013z		2	1	4.0
2025-02-04		VFB_jrch013z	VFB_00101567	2	1	0.0
2025-02-04		VFB_jrchjtkw		1	1	6.0
2025-02-04		VFB_jrchjtkw	VFB_00101567	1	1	0.0
2025-02-04		VFB_jrchk0ei		4	1	0.0
2025-02-04		VFB_jrchk0ei	VFB_00101567	4	1	0.0
2025-02-04		VFB_jrchk6fb		9	1	0.0
2025-02-04		VFB_jrchk6fb	VFB_00101567	9	1	0.0
2025-02-04		VFB_jrchk8e2		2	1	0.0
2025-02-04		VFB_jrchk8e2	VFB_00101567	2	1	0.0
2025-02-04		VFB_jrchk8e4		3	1	0.0
2025-02-04		VFB_jrchk8e4	VFB_00101567	3	1	0.0
2025-02-04		VFB_jrcv0o11		2	1	1.0
2025-02-04		VFB_jrcv0o11	VFB_00101567	1	1	0.0
2025-02-04		VFB_jrcv0o11	VFB_00200000	1	1	0.0
2025-02-04		VFBexp_FBtp0122		1	1	0.0
2025-02-04		VFBexp_FBtp0122	VFB_00101567	1	1	0.0
2025-02-04		VFBexp_FBtp0124		2	2	0.0
2025-02-04		VFBexp_FBtp0124	VFB_00101567	2	2	0.0
2025-02-04		VFBext_0000010		8	1	146.0
2025-02-04		VFBext_0000010	VFB_00101567	8	1	0.0
2025-02-04	v2.virtualflybrain.org	FBbt_00001911	VFB_00049000	0	1	2.0
2025-02-04	v2.virtualflybrain.org	FBbt_00001911	VFB_00050000	0	1	0.0
2025-02-04	v2.virtualflybrain.org	FBbt_00001919	VFB_00049000	0	1	7.0
2025-02-04	v2.virtualflybrain.org	FBbt_00003624	VFB_00101567	4	6	139.0
2025-02-04	v2.virtualflybrain.org	FBbt_00003627	VFB_00101567	1	2	26.0
2025-02-04	v2.virtualflybrain.org	FBbt_00003678	VFB_00101567	0	3	138.0
2025-02-04	v2.virtualflybrain.org	FBbt_00003681	VFB_00101567	0	7	149.0
2025-02-04	v2.virtualflybrain.org	FBbt_00003682	VFB_00101567	0	2	11.0
2025-02-04	v2.virtualflybrain.org	FBbt_00003684	VFB_00101567	1	1	0.0
2025-02-04	v2.virtualflybrain.org	FBbt_00003700	VFB_00101567	0	1	46.0
2025-02-04	v2.virtualflybrain.org	FBbt_00003748	VFB_00030786	0	1	5.0
2025-02-04	v2.virtualflybrain.org	FBbt_00003748	VFB_00101567	13	7	475.0
2025-02-04	v2.virtualflybrain.org	FBbt_00003852	VFB_00101567	0	1	10.0
2025-02-04	v2.virtualflybrain.org	FBbt_00007054	VFB_00101567	0	3	39.0
2025-02-04	v2.virtualflybrain.org	FBbt_00007147	VFB_00101567	0	1	62.0
2025-02-04	v2.virtualflybrain.org	FBbt_00007401	VFB_00101567	1	1	27.0
2025-02-04	v2.virtualflybrain.org	FBbt_00007427	VFB_00101567	9	3	237.0
2025-02-04	v2.virtualflybrain.org	FBbt_00007428	VFB_00101567	0	1	90.0
2025-02-04	v2.virtualflybrain.org	FBbt_00007453	VFB_00101567	0	2	5.0
2025-02-04	v2.virtualflybrain.org	FBbt_00007706	VFB_00049000	0	3	63.0
2025-02-04	v2.virtualflybrain.org	FBbt_00013688	VFB_00101567	0	1	4.0
2025-02-04	v2.virtualflybrain.org	FBbt_00014013	VFB_00017894	0	1	21.0
2025-02-04	v2.virtualflybrain.org	FBbt_00014013	VFB_00101567	0	1	107.0
2025-02-04	v2.virtualflybrain.org	FBbt_00040037	VFB_00101567	0	1	5.0
2025-02-04	v2.virtualflybrain.org	FBbt_00040041	VFB_00101567	0	1	32.0
2025-02-04	v2.virtualflybrain.org	FBbt_00040042	VFB_00101567	0	4	108.0
2025-02-04	v2.virtualflybrain.org	FBbt_00040043	VFB_00101567	4	6	120.0
2025-02-04	v2.virtualflybrain.org	FBbt_00045003	VFB_00101567	0	1	30.0
2025-02-04	v2.virtualflybrain.org	FBbt_00045027	VFB_00017894	0	1	31.0
2025-02-04	v2.virtualflybrain.org	FBbt_00045027	VFB_00030786	0	1	25.0
2025-02-04	v2.virtualflybrain.org	FBbt_00045027	VFB_00101567	1	2	18.0
2025-02-04	v2.virtualflybrain.org	FBbt_00045032	VFB_00101567	0	1	6.0
2025-02-04	v2.virtualflybrain.org	FBbt_00045048	VFB_00101567	1	6	125.0
2025-02-04	v2.virtualflybrain.org	FBbt_00045050	VFB_00101567	0	3	69.0
2025-02-04	v2.virtualflybrain.org	FBbt_00047127	VFB_00101567	1	2	21.0
2025-02-04	v2.virtualflybrain.org	FBbt_00047354	VFB_00101567	2	3	287.0
2025-02-04	v2.virtualflybrain.org	FBbt_00047557		1	1	7.0
2025-02-04	v2.virtualflybrain.org	FBbt_00047887	VFB_00101567	0	1	16.0
2025-02-04	v2.virtualflybrain.org	FBbt_00047889	VFB_00049000	0	1	1.0
2025-02-04	v2.virtualflybrain.org	FBbt_00048326	VFB_00101567	0	2	240.0
2025-02-04	v2.virtualflybrain.org	FBbt_00051054	VFB_00101567	0	2	5.0
2025-02-04	v2.virtualflybrain.org	FBbt_00051393	VFB_00101567	0	1	2.0
2025-02-04	v2.virtualflybrain.org	FBbt_00051644		1	1	0.0
2025-02-04	v2.virtualflybrain.org	FBbt_00051767		1	1	11.0
2025-02-04	v2.virtualflybrain.org	FBbt_00110054		1	1	1.0
2025-02-04	v2.virtualflybrain.org	FBbt_00110054	VFB_00101567	0	1	17.0
2025-02-04	v2.virtualflybrain.org	FBbt_00110056		1	1	0.0
2025-02-04	v2.virtualflybrain.org	FBbt_00110058		1	1	2.0
2025-02-04	v2.virtualflybrain.org	FBbt_00110058	VFB_00101567	0	1	69.0
2025-02-04	v2.virtualflybrain.org	FBbt_00110636	VFB_00101567	0	3	236.0
2025-02-04	v2.virtualflybrain.org	FBbt_00110639	VFB_00101567	0	1	4.0
2025-02-04	v2.virtualflybrain.org	FBbt_00111418	VFB_00101567	0	1	40.0
2025-02-04	v2.virtualflybrain.org	VFB_00014647	VFB_00101567	11	1	0.0
2025-02-04	v2.virtualflybrain.org	VFB_00017894	VFB_00017894	11	3	0.0
2025-02-04	v2.virtualflybrain.org	VFB_00030194	VFB_00101567	0	1	208.0
2025-02-04	v2.virtualflybrain.org	VFB_00030810	VFB_00030786	0	1	0.0
2025-02-04	v2.virtualflybrain.org	VFB_00030816	VFB_00030786	1	3	6.0
2025-02-04	v2.virtualflybrain.org	VFB_00030816	VFB_00101567	0	2	5.0
2025-02-04	v2.virtualflybrain.org	VFB_00030849	VFB_00017894	1	2	1.0
2025-02-04	v2.virtualflybrain.org	VFB_00030849	VFB_00101567	0	2	20.0
2025-02-04	v2.virtualflybrain.org	VFB_00030867	VFB_00017894	16	1	0.0
2025-02-04	v2.virtualflybrain.org	VFB_00030867	VFB_00101567	16	1	0.0
2025-02-04	v2.virtualflybrain.org	VFB_00045107	VFB_00101567	4	1	0.0
2025-02-04	v2.virtualflybrain.org	VFB_00049000	VFB_00049000	1	2	0.0
2025-02-04	v2.virtualflybrain.org	VFB_00050000		2	2	3.0
2025-02-04	v2.virtualflybrain.org	VFB_00050000	VFB_00050000	6	13	1.0
2025-02-04	v2.virtualflybrain.org	VFB_00050505	VFB_00049000	2	3	7.0
2025-02-04	v2.virtualflybrain.org	VFB_00050505	VFB_00101567	0	2	73.0
2025-02-04	v2.virtualflybrain.org	VFB_00050511	VFB_00049000	0	1	46.0
2025-02-04	v2.virtualflybrain.org	VFB_00100123	VFB_00050000	7	1	0.0
2025-02-04	v2.virtualflybrain.org	VFB_00100235	VFB_00050000	2	2	0.0
2025-02-04	v2.virtualflybrain.org	VFB_0010024e	VFB_00049000	0	2	87.0
2025-02-04	v2.virtualflybrain.org	VFB_00100257	VFB_00050000	0	1	3.0
2025-02-04	v2.virtualflybrain.org	VFB_0010026x	VFB_00050000	0	1	24.0
2025-02-04	v2.virtualflybrain.org	VFB_0010027x	VFB_00049000	0	2	7.0
2025-02-04	v2.virtualflybrain.org	VFB_0010027x	VFB_00050000	2	3	2.0
2025-02-04	v2.virtualflybrain.org	VFB_00100362	VFB_00050000	0	1	0.0
2025-02-04	v2.virtualflybrain.org	VFB_00100405	VFB_00050000	0	1	2.0
2025-02-04	v2.virtualflybrain.org	VFB_00100500	VFB_00050000	1	2	267.0
2025-02-04	v2.virtualflybrain.org	VFB_00100743	VFB_00050000	0	1	71.0
2025-02-04	v2.virtualflybrain.org	VFB_001011fg	VFB_00049000	0	2	7.0
2025-02-04	v2.virtualflybrain.org	VFB_001011fg	VFB_00050000	2	3	2.0
2025-02-04	v2.virtualflybrain.org	VFB_001011fp	VFB_00050000	16	1	0.0
2025-02-04	v2.virtualflybrain.org	VFB_001011k2	VFB_00050000	3	2	0.0
2025-02-04	v2.virtualflybrain.org	VFB_001011kc	VFB_00050000	0	1	2.0
2025-02-04	v2.virtualflybrain.org	VFB_00101285	VFB_00101567	2	1	16.0
2025-02-04	v2.virtualflybrain.org	VFB_001014qf	VFB_00101567	0	1	45.0
2025-02-04	v2.virtualflybrain.org	VFB_001014uq	VFB_00101567	0	1	2.0
2025-02-04	v2.virtualflybrain.org	VFB_001014uq	VFB_00110000	1	3	12.0
2025-02-04	v2.virtualflybrain.org	VFB_00101567	VFB_00101567	36	66	627.0
2025-02-04	v2.virtualflybrain.org	VFB_00101794	VFB_00050000	1	1	0.0
2025-02-04	v2.virtualflybrain.org	VFB_00102107	VFB_00101567	0	1	2.0
2025-02-04	v2.virtualflybrain.org	VFB_00102109	VFB_00101567	0	1	17.0
2025-02-04	v2.virtualflybrain.org	VFB_00102118	VFB_00101567	0	2	40.0
2025-02-04	v2.virtualflybrain.org	VFB_00102135	VFB_00101567	0	1	23.0
2025-02-04	v2.virtualflybrain.org	VFB_00102139	VFB_00101567	0	1	19.0
2025-02-04	v2.virtualflybrain.org	VFB_00102140	VFB_00101567	0	2	0.0
2025-02-04	v2.virtualflybrain.org	VFB_00102164	VFB_00101567	2	2	0.0
2025-02-04	v2.virtualflybrain.org	VFB_00102271	VFB_00101567	0	1	1.0
2025-02-04	v2.virtualflybrain.org	VFB_00102274	VFB_00101567	0	2	28.0
2025-02-04	v2.virtualflybrain.org	VFB_00102282	VFB_00101567	0	1	34.0
2025-02-04	v2.virtualflybrain.org	VFB_00102er5	VFB_00050000	1	3	296.0
2025-02-04	v2.virtualflybrain.org	VFB_00102flb	VFB_00050000	0	1	219.0
2025-02-04	v2.virtualflybrain.org	VFB_fw000281	VFB_00101567	5	2	30.0
2025-02-04	v2.virtualflybrain.org	VFB_fw008858	VFB_00101567	2	2	0.0
2025-02-04	v2.virtualflybrain.org	VFB_fw025486	VFB_00101567	0	1	0.0
2025-02-04	v2.virtualflybrain.org	VFB_fw025524	VFB_00101567	24	1	0.0
2025-02-04	v2.virtualflybrain.org	VFB_fw036610	VFB_00101567	0	1	24.0
2025-02-04	v2.virtualflybrain.org	VFB_jrch013z	VFB_00101567	0	2	42.0
2025-02-04	v2.virtualflybrain.org	VFB_jrchjtkw	VFB_00101567	0	1	15.0
2025-02-04	v2.virtualflybrain.org	VFB_jrchk0ei	VFB_00101567	4	1	0.0
2025-02-04	v2.virtualflybrain.org	VFB_jrchk6fb	VFB_00101567	9	1	0.0
2025-02-04	v2.virtualflybrain.org	VFB_jrchk8e2	VFB_00101567	0	1	10.0
2025-02-04	v2.virtualflybrain.org	VFB_jrchk8e4	VFB_00101567	0	1	60.0
2025-02-04	v2.virtualflybrain.org	VFB_jrcv0o11	VFB_00101567	0	2	29.0
2025-02-04	v2.virtualflybrain.org	VFB_jrcv0o11	VFB_00200000	1	3	14.0
2025-02-04	v2.virtualflybrain.org	VFBexp_FBtp0107		1	1	13.0
2025-02-04	v2.virtualflybrain.org	VFBexp_FBtp0122	VFB_00101567	0	1	19.0
2025-02-04	v2.virtualflybrain.org	VFBexp_FBtp0124		2	2	5.0
2025-02-04	v2.virtualflybrain.org	VFBexp_FBtp0124	VFB_00101567	0	2	78.0
2025-02-04	v2.virtualflybrain.org	VFBext_0000010	VFB_00101567	0	1	0.0
2025-02-04	www.virtualflybrain.org	VFB_00000001		0	1	7.0
2025-02-05		FBbt_00000000		4	1	0.0
2025-02-05		FBbt_00000000	VFB_00050000	4	3	0.0
2025-02-05		FBbt_00001333		2	1	0.0
2025-02-05		FBbt_00001333	VFB_00050000	2	2	0.0
2025-02-05		FBbt_00001334		3	1	0.0
2025-02-05		FBbt_00001334	VFB_00050000	3	3	0.0
2025-02-05		FBbt_00001366		3	1	0.0
2025-02-05		FBbt_00001366	VFB_00050000	4	3	0.0
2025-02-05		FBbt_00001369		1	1	0.0
2025-02-05		FBbt_00001369	VFB_00050000	1	1	0.0
2025-02-05		FBbt_00001446		6	1	0.0
2025-02-05		FBbt_00001446	VFB_00050000	8	3	0.0
2025-02-05		FBbt_00001919		1	1	0.0
2025-02-05		FBbt_00001919	VFB_00050000	1	1	0.0
2025-02-05		FBbt_00001938		1	1	0.0
2025-02-05		FBbt_00001938	VFB_00050000	1	1	0.0
2025-02-05		FBbt_00001942		7	1	0.0
2025-02-05		FBbt_00001942	VFB_00050000	7	3	0.0
2025-02-05		FBbt_00001945		3	1	0.0
2025-02-05		FBbt_00001945	VFB_00050000	3	1	0.0
2025-02-05		FBbt_00001955		1	1	0.0
2025-02-05		FBbt_00001955	VFB_00050000	1	1	0.0
2025-02-05		FBbt_00003584		1	1	0.0
2025-02-05		FBbt_00003584	VFB_00050000	1	1	0.0
2025-02-05		FBbt_00003624		46	6	3.0
2025-02-05		FBbt_00003624	VFB_00101567	53	8	0.0
2025-02-05		FBbt_00003632		3	2	0.0
2025-02-05		FBbt_00003632	VFB_00101567	3	2	0.0
2025-02-05		FBbt_00003668		1	1	0.0
2025-02-05		FBbt_00003668	VFB_00049000	1	1	0.0
2025-02-05		FBbt_00003678		1	1	0.0
2025-02-05		FBbt_00003678	VFB_00101567	1	1	0.0
2025-02-05		FBbt_00003679		3	2	0.0
2025-02-05		FBbt_00003679	VFB_00101567	3	2	0.0
2025-02-05		FBbt_00003680		5	2	0.0
2025-02-05		FBbt_00003680	VFB_00101567	5	2	0.0
2025-02-05		FBbt_00003681		10	5	0.0
2025-02-05		FBbt_00003681	VFB_00101567	10	5	0.0
2025-02-05		FBbt_00003682		2	2	0.0
2025-02-05		FBbt_00003682	VFB_00101567	2	2	0.0
2025-02-05		FBbt_00003684		15	4	5.0
2025-02-05		FBbt_00003684	VFB_00017894	2	1	0.0
2025-02-05		FBbt_00003684	VFB_00101567	14	4	0.0
2025-02-05		FBbt_00003701		2	1	0.0
2025-02-05		FBbt_00003701	VFB_00101567	3	1	0.0
2025-02-05		FBbt_00003748		5	2	0.0
2025-02-05		FBbt_00003748	VFB_00101567	5	3	0.0
2025-02-05		FBbt_00004091		4	1	0.0
2025-02-05		FBbt_00004091	VFB_00101567	3	1	0.0
2025-02-05		FBbt_00004091	VFB_00200000	1	1	0.0
2025-02-05		FBbt_00005095		1	1	0.0
2025-02-05		FBbt_00005095	VFB_00101567	1	1	0.0
2025-02-05		FBbt_00005106		6	2	1.0
2025-02-05		FBbt_00005106	VFB_00050000	5	3	0.0
2025-02-05		FBbt_00005106	VFB_00101567	1	1	0.0
2025-02-05		FBbt_00005146		6	1	0.0
2025-02-05		FBbt_00005146	VFB_00050000	7	3	0.0
2025-02-05		FBbt_00005495		3	1	0.0
2025-02-05		FBbt_00005495	VFB_00050000	3	2	0.0
2025-02-05		FBbt_00007001		7	1	0.0
2025-02-05		FBbt_00007001	VFB_00050000	7	5	0.0
2025-02-05		FBbt_00007002		8	1	0.0
2025-02-05		FBbt_00007002	VFB_00050000	8	5	0.0
2025-02-05		FBbt_00007006		7	1	0.0
2025-02-05		FBbt_00007006	VFB_00050000	7	3	0.0
2025-02-05		FBbt_00007008		4	1	0.0
2025-02-05		FBbt_00007008	VFB_00050000	4	2	0.0
2025-02-05		FBbt_00007010		1	1	1.0
2025-02-05		FBbt_00007010	VFB_00101567	1	1	0.0
2025-02-05		FBbt_00007014		4	1	0.0
2025-02-05		FBbt_00007014	VFB_00050000	4	2	0.0
2025-02-05		FBbt_00007016		7	1	1.0
2025-02-05		FBbt_00007016	VFB_00050000	7	4	0.0
2025-02-05		FBbt_00007050		5	3	0.0
2025-02-05		FBbt_00007050	VFB_00101567	5	3	0.0
2025-02-05		FBbt_00007053		2	2	1.0
2025-02-05		FBbt_00007053	VFB_00017894	1	1	0.0
2025-02-05		FBbt_00007053	VFB_00101567	1	1	0.0
2025-02-05		FBbt_00007055		2	2	1.0
2025-02-05		FBbt_00007055	VFB_00101567	2	2	0.0
2025-02-05		FBbt_00007115		8	1	0.0
2025-02-05		FBbt_00007115	VFB_00050000	9	3	0.0
2025-02-05		FBbt_00007146		1	1	0.0
2025-02-05		FBbt_00007146	VFB_00101567	2	1	0.0
2025-02-05		FBbt_00007344		4	1	0.0
2025-02-05		FBbt_00007344	VFB_00050000	4	2	0.0
2025-02-05		FBbt_00007385		2	2	1.0
2025-02-05		FBbt_00007385	VFB_00017894	1	1	0.0
2025-02-05		FBbt_00007385	VFB_00101567	1	1	0.0
2025-02-05		FBbt_00007401		4	1	5.0
2025-02-05		FBbt_00007401	VFB_00017894	3	2	0.0
2025-02-05		FBbt_00007418		2	1	0.0
2025-02-05		FBbt_00007418	VFB_00050000	2	2	0.0
2025-02-05		FBbt_00007440		6	2	0.0
2025-02-05		FBbt_00007440	VFB_00017894	1	1	0.0
2025-02-05		FBbt_00007440	VFB_00101567	7	3	0.0
2025-02-05		FBbt_00007453		2	2	0.0
2025-02-05		FBbt_00007453	VFB_00101567	2	2	0.0
2025-02-05		FBbt_00013691		9	2	0.0
2025-02-05		FBbt_00013691	VFB_00101567	9	2	0.0
2025-02-05		FBbt_00013694		8	1	0.0
2025-02-05		FBbt_00013694	VFB_00101567	8	1	0.0
2025-02-05		FBbt_00013695		3	1	0.0
2025-02-05		FBbt_00013695	VFB_00101567	3	1	0.0
2025-02-05		FBbt_00014013		1	1	0.0
2025-02-05		FBbt_00014013	VFB_00101567	1	1	0.0
2025-02-05		FBbt_00015407		2	1	0.0
2025-02-05		FBbt_00015407	VFB_00101567	2	1	0.0
2025-02-05		FBbt_00025990		7	1	0.0
2025-02-05		FBbt_00025990	VFB_00050000	7	3	0.0
2025-02-05		FBbt_00025991		8	1	0.0
2025-02-05		FBbt_00025991	VFB_00050000	8	4	0.0
2025-02-05		FBbt_00025993		2	1	0.0
2025-02-05		FBbt_00025993	VFB_00050000	2	1	0.0
2025-02-05		FBbt_00040002		5	2	0.0
2025-02-05		FBbt_00040002	VFB_00101567	6	2	0.0
2025-02-05		FBbt_00040037		8	3	1.0
2025-02-05		FBbt_00040037	VFB_00101567	9	3	0.0
2025-02-05		FBbt_00040038		7	1	1.0
2025-02-05		FBbt_00040038	VFB_00101567	7	3	0.0
2025-02-05		FBbt_00040039		1	1	0.0
2025-02-05		FBbt_00040039	VFB_00101567	1	1	0.0
2025-02-05		FBbt_00040041		2	2	0.0
2025-02-05		FBbt_00040041	VFB_00017894	1	1	0.0
2025-02-05		FBbt_00040041	VFB_00101567	1	1	0.0
2025-02-05		FBbt_00040042		6	3	0.0
2025-02-05		FBbt_00040042	VFB_00101567	6	3	0.0
2025-02-05		FBbt_00040043		10	6	0.0
2025-02-05		FBbt_00040043	VFB_00017894	1	1	0.0
2025-02-05		FBbt_00040043	VFB_00101567	9	5	0.0
2025-02-05		FBbt_00040049		1	1	0.0
2025-02-05		FBbt_00040049	VFB_00101567	1	1	0.0
2025-02-05		FBbt_00040071		2	1	1.0
2025-02-05		FBbt_00040071	VFB_00101567	2	1	0.0
2025-02-05		FBbt_00040072		1	1	0.0
2025-02-05		FBbt_00040072	VFB_00101567	1	1	0.0
2025-02-05		FBbt_00045003		3	1	0.0
2025-02-05		FBbt_00045003	VFB_00101567	3	2	0.0
2025-02-05		FBbt_00045020		2	1	0.0
2025-02-05		FBbt_00045020	VFB_00101567	2	1	0.0
2025-02-05		FBbt_00045027		2	1	0.0
2025-02-05		FBbt_00045027	VFB_00101567	2	1	0.0
2025-02-05		FBbt_00045030		3	2	0.0
2025-02-05		FBbt_00045030	VFB_00101567	4	2	0.0
2025-02-05		FBbt_00045037		2	1	0.0
2025-02-05		FBbt_00045037	VFB_00101567	2	1	0.0
2025-02-05		FBbt_00045047		2	1	0.0
2025-02-05		FBbt_00045047	VFB_00101567	2	2	0.0
2025-02-05		FBbt_00045048		5	3	2.0
2025-02-05		FBbt_00045048	VFB_00101567	5	3	0.0
2025-02-05		FBbt_00045050		14	2	0.0
2025-02-05		FBbt_00045050	VFB_00101567	14	2	0.0
2025-02-05		FBbt_00045051		1	1	0.0
2025-02-05		FBbt_00045051	VFB_00101567	1	1	0.0
2025-02-05		FBbt_00047096		4	1	0.0
2025-02-05		FBbt_00047096	VFB_00050000	4	3	0.0
2025-02-05		FBbt_00047190		1	1	0.0
2025-02-05		FBbt_00047190	VFB_00101567	1	1	0.0
2025-02-05		FBbt_00047639		1	1	0.0
2025-02-05		FBbt_00047639	VFB_00101567	1	1	0.0
2025-02-05		FBbt_00047887		7	4	0.0
2025-02-05		FBbt_00047887	VFB_00101567	7	5	0.0
2025-02-05		FBbt_00048511		2	1	0.0
2025-02-05		FBbt_00048511	VFB_00050000	2	1	0.0
2025-02-05		FBbt_00049782		1	1	0.0
2025-02-05		FBbt_00049782	VFB_00101567	1	1	0.0
2025-02-05		FBbt_00049825		1	1	1.0
2025-02-05		FBbt_00049825	VFB_00101567	1	1	0.0
2025-02-05		FBbt_00049919		1	1	0.0
2025-02-05		FBbt_00049919	VFB_00101567	1	1	0.0
2025-02-05		FBbt_00051235		1	1	0.0
2025-02-05		FBbt_00051235	VFB_00101567	1	1	0.0
2025-02-05		FBbt_00051241		4	1	2.0
2025-02-05		FBbt_00051241	VFB_00101567	5	3	0.0
2025-02-05		FBbt_00051362		1	1	0.0
2025-02-05		FBbt_00051362	VFB_00050000	1	1	0.0
2025-02-05		FBbt_00051423		5	1	0.0
2025-02-05		FBbt_00051423	VFB_00050000	6	3	0.0
2025-02-05		FBbt_00051424		5	1	0.0
2025-02-05		FBbt_00051424	VFB_00050000	6	5	0.0
2025-02-05		FBbt_00051443		2	1	0.0
2025-02-05		FBbt_00051443	VFB_00050000	2	2	0.0
2025-02-05		FBbt_00051444		2	1	0.0
2025-02-05		FBbt_00051444	VFB_00050000	2	1	0.0
2025-02-05		FBbt_00051445		2	1	0.0
2025-02-05		FBbt_00051445	VFB_00050000	2	1	0.0
2025-02-05		FBbt_00051447		2	1	0.0
2025-02-05		FBbt_00051447	VFB_00050000	2	1	0.0
2025-02-05		FBbt_00051454		4	1	0.0
2025-02-05		FBbt_00051454	VFB_00050000	4	2	0.0
2025-02-05		FBbt_00052344		3	1	0.0
2025-02-05		FBbt_00052344	VFB_00050000	3	2	0.0
2025-02-05		FBbt_00052392		1	1	0.0
2025-02-05		FBbt_00052392	VFB_00050000	1	1	0.0
2025-02-05		FBbt_00052664		5	1	0.0
2025-02-05		FBbt_00052664	VFB_00050000	7	4	0.0
2025-02-05		FBbt_00059271		4	1	0.0
2025-02-05		FBbt_00059271	VFB_00050000	4	3	0.0
2025-02-05		FBbt_00059273		8	1	0.0
2025-02-05		FBbt_00059273	VFB_00050000	9	6	0.0
2025-02-05		FBbt_00067056		2	1	0.0
2025-02-05		FBbt_00067056	VFB_00101567	2	2	0.0
2025-02-05		FBbt_00100313		1	1	0.0
2025-02-05		FBbt_00100313	VFB_00101567	1	1	0.0
2025-02-05		FBbt_00100318		7	1	0.0
2025-02-05		FBbt_00100318	VFB_00050000	7	5	0.0
2025-02-05		FBbt_00100643		2	1	0.0
2025-02-05		FBbt_00100643	VFB_00050000	3	2	0.0
2025-02-05		FBbt_00110016		1	1	0.0
2025-02-05		FBbt_00110016	VFB_00101567	1	1	0.0
2025-02-05		FBbt_00110636		2	1	0.0
2025-02-05		FBbt_00110636	VFB_00101567	2	1	0.0
2025-02-05		FBbt_00110638		6	2	0.0
2025-02-05		FBbt_00110638	VFB_00101567	6	3	0.0
2025-02-05		FBbt_00110639		1	1	0.0
2025-02-05		FBbt_00110639	VFB_00101567	1	1	0.0
2025-02-05		FBbt_00110657		9	3	0.0
2025-02-05		FBbt_00110657	VFB_00017894	1	1	0.0
2025-02-05		FBbt_00110657	VFB_00101567	8	3	0.0
2025-02-05		FBbt_00110658		7	2	0.0
2025-02-05		FBbt_00110658	VFB_00101567	7	2	0.0
2025-02-05		FBbt_10000000		6	2	0.0
2025-02-05		FBbt_10000000	VFB_00050000	5	4	0.0
2025-02-05		FBbt_10000000	VFB_00101567	1	1	0.0
2025-02-05		FBbt_20003541		1	1	0.0
2025-02-05		FBbt_20003541	VFB_00101567	1	1	0.0
2025-02-05		FBbt_20011349		1	1	0.0
2025-02-05		FBbt_20011349	VFB_00101567	1	1	0.0
2025-02-05		VFB_00011736		11	2	17.0
2025-02-05		VFB_00011736	VFB_00017894	2	1	0.0
2025-02-05		VFB_00011736	VFB_00101567	7	3	0.0
2025-02-05		VFB_00017894		12	2	3.0
2025-02-05		VFB_00017894	VFB_00017894	12	2	0.0
2025-02-05		VFB_00024308		21	1	63.0
2025-02-05		VFB_00024308	VFB_00101567	38	1	0.0
2025-02-05		VFB_00024331		29	1	164.0
2025-02-05		VFB_00024331	VFB_00101567	11	3	0.0
2025-02-05		VFB_00024371		2	1	11.0
2025-02-05		VFB_00024371	VFB_00101567	2	1	0.0
2025-02-05		VFB_00024613		1	1	0.0
2025-02-05		VFB_00024613	VFB_00101567	1	1	0.0
2025-02-05		VFB_00024767		1	1	0.0
2025-02-05		VFB_00024767	VFB_00101567	1	1	0.0
2025-02-05		VFB_00024805		1	1	0.0
2025-02-05		VFB_00024805	VFB_00101567	1	1	0.0
2025-02-05		VFB_00024847		1	1	0.0
2025-02-05		VFB_00024847	VFB_00101567	1	1	0.0
2025-02-05		VFB_00025299		1	1	1.0
2025-02-05		VFB_00025299	VFB_00101567	1	1	0.0
2025-02-05		VFB_00025425		1	1	0.0
2025-02-05		VFB_00025425	VFB_00101567	1	1	0.0
2025-02-05		VFB_00025549		1	1	0.0
2025-02-05		VFB_00025549	VFB_00101567	1	1	0.0
2025-02-05		VFB_00025610		1	1	0.0
2025-02-05		VFB_00025610	VFB_00101567	1	1	0.0
2025-02-05		VFB_00025614		1	1	0.0
2025-02-05		VFB_00025614	VFB_00101567	1	1	0.0
2025-02-05		VFB_00025758		1	1	0.0
2025-02-05		VFB_00025758	VFB_00101567	1	1	0.0
2025-02-05		VFB_00025831		1	1	0.0
2025-02-05		VFB_00025831	VFB_00101567	1	1	0.0
2025-02-05		VFB_00025854		1	1	0.0
2025-02-05		VFB_00025854	VFB_00101567	1	1	0.0
2025-02-05		VFB_00025887		1	1	0.0
2025-02-05		VFB_00025887	VFB_00101567	1	1	0.0
2025-02-05		VFB_00025935		1	1	0.0
2025-02-05		VFB_00025935	VFB_00101567	1	1	0.0
2025-02-05		VFB_00025943		1	1	0.0
2025-02-05		VFB_00025943	VFB_00101567	1	1	0.0
2025-02-05		VFB_00026041		1	1	0.0
2025-02-05		VFB_00026041	VFB_00101567	1	1	0.0
2025-02-05		VFB_00026519		1	1	0.0
2025-02-05		VFB_00026519	VFB_00101567	1	1	0.0
2025-02-05		VFB_00026687		1	1	0.0
2025-02-05		VFB_00026687	VFB_00101567	1	1	0.0
2025-02-05		VFB_00026911		1	1	0.0
2025-02-05		VFB_00026911	VFB_00101567	1	1	0.0
2025-02-05		VFB_00026975		1	1	1.0
2025-02-05		VFB_00026975	VFB_00101567	1	1	0.0
2025-02-05		VFB_00027033		1	1	0.0
2025-02-05		VFB_00027033	VFB_00101567	1	1	0.0
2025-02-05		VFB_00027038		1	1	0.0
2025-02-05		VFB_00027038	VFB_00101567	1	1	0.0
2025-02-05		VFB_00027057		1	1	0.0
2025-02-05		VFB_00027057	VFB_00101567	1	1	0.0
2025-02-05		VFB_00027109		1	1	0.0
2025-02-05		VFB_00027109	VFB_00101567	1	1	0.0
2025-02-05		VFB_00027149		1	1	0.0
2025-02-05		VFB_00027149	VFB_00101567	1	1	0.0
2025-02-05		VFB_00027164		1	1	0.0
2025-02-05		VFB_00027164	VFB_00101567	1	1	0.0
2025-02-05		VFB_00027290		1	1	0.0
2025-02-05		VFB_00027290	VFB_00101567	1	1	0.0
2025-02-05		VFB_00028025		4	1	89.0
2025-02-05		VFB_00028025	VFB_00101567	4	1	0.0
2025-02-05		VFB_00028038		5	1	9.0
2025-02-05		VFB_00028038	VFB_00101567	5	1	0.0
2025-02-05		VFB_00028101		2	1	0.0
2025-02-05		VFB_00028101	VFB_00101567	2	2	0.0
2025-02-05		VFB_00028216		1	1	0.0
2025-02-05		VFB_00028216	VFB_00101567	1	1	0.0
2025-02-05		VFB_00028286		1	1	1.0
2025-02-05		VFB_00028286	VFB_00101567	1	1	0.0
2025-02-05		VFB_00028433		1	1	0.0
2025-02-05		VFB_00028433	VFB_00101567	1	1	0.0
2025-02-05		VFB_00028438		1	1	0.0
2025-02-05		VFB_00028438	VFB_00101567	1	1	0.0
2025-02-05		VFB_00028441		1	1	0.0
2025-02-05		VFB_00028441	VFB_00101567	1	1	0.0
2025-02-05		VFB_00028475		1	1	0.0
2025-02-05		VFB_00028475	VFB_00101567	1	1	0.0
2025-02-05		VFB_00028479		1	1	0.0
2025-02-05		VFB_00028479	VFB_00101567	1	1	0.0
2025-02-05		VFB_00028483		1	1	0.0
2025-02-05		VFB_00028483	VFB_00101567	1	1	0.0
2025-02-05		VFB_00028497		1	1	0.0
2025-02-05		VFB_00028497	VFB_00101567	1	1	0.0
2025-02-05		VFB_00028664		1	1	0.0
2025-02-05		VFB_00028664	VFB_00101567	1	1	0.0
2025-02-05		VFB_00028669		1	1	0.0
2025-02-05		VFB_00028669	VFB_00101567	1	1	0.0
2025-02-05		VFB_00028670		1	1	0.0
2025-02-05		VFB_00028670	VFB_00101567	1	1	0.0
2025-02-05		VFB_00028759		1	1	0.0
2025-02-05		VFB_00028759	VFB_00101567	1	1	0.0
2025-02-05		VFB_00028760		1	1	0.0
2025-02-05		VFB_00028760	VFB_00101567	1	1	0.0
2025-02-05		VFB_00028830		1	1	0.0
2025-02-05		VFB_00028830	VFB_00101567	1	1	0.0
2025-02-05		VFB_00028981		1	1	0.0
2025-02-05		VFB_00028981	VFB_00101567	1	1	0.0
2025-02-05		VFB_00029000		1	1	0.0
2025-02-05		VFB_00029000	VFB_00101567	1	1	0.0
2025-02-05		VFB_00029039		1	1	0.0
2025-02-05		VFB_00029039	VFB_00101567	1	1	0.0
2025-02-05		VFB_00029055		1	1	0.0
2025-02-05		VFB_00029055	VFB_00101567	1	1	0.0
2025-02-05		VFB_00029117		1	1	0.0
2025-02-05		VFB_00029117	VFB_00101567	1	1	0.0
2025-02-05		VFB_00029296		1	1	0.0
2025-02-05		VFB_00029296	VFB_00101567	1	1	0.0
2025-02-05		VFB_00029299		1	1	0.0
2025-02-05		VFB_00029299	VFB_00101567	1	1	0.0
2025-02-05		VFB_00029313		1	1	0.0
2025-02-05		VFB_00029313	VFB_00101567	1	1	0.0
2025-02-05		VFB_00029325		1	1	0.0
2025-02-05		VFB_00029325	VFB_00101567	1	1	0.0
2025-02-05		VFB_00029345		1	1	0.0
2025-02-05		VFB_00029345	VFB_00101567	1	1	0.0
2025-02-05		VFB_00029346		1	1	0.0
2025-02-05		VFB_00029346	VFB_00101567	1	1	0.0
2025-02-05		VFB_00029473		1	1	0.0
2025-02-05		VFB_00029473	VFB_00101567	1	1	0.0
2025-02-05		VFB_00029537		1	1	0.0
2025-02-05		VFB_00029537	VFB_00101567	1	1	0.0
2025-02-05		VFB_00029694		1	1	0.0
2025-02-05		VFB_00029694	VFB_00101567	1	1	0.0
2025-02-05		VFB_00029695		1	1	0.0
2025-02-05		VFB_00029695	VFB_00101567	1	1	0.0
2025-02-05		VFB_00029726		1	1	0.0
2025-02-05		VFB_00029726	VFB_00101567	1	1	0.0
2025-02-05		VFB_00029761		1	1	0.0
2025-02-05		VFB_00029761	VFB_00101567	1	1	0.0
2025-02-05		VFB_00029985		1	1	0.0
2025-02-05		VFB_00029985	VFB_00101567	1	1	0.0
2025-02-05		VFB_00030082		1	1	0.0
2025-02-05		VFB_00030082	VFB_00101567	1	1	0.0
2025-02-05		VFB_00030176		1	1	0.0
2025-02-05		VFB_00030176	VFB_00101567	1	1	0.0
2025-02-05		VFB_00030198		1	1	0.0
2025-02-05		VFB_00030198	VFB_00101567	1	1	0.0
2025-02-05		VFB_00030567		1	1	0.0
2025-02-05		VFB_00030567	VFB_00101567	1	1	0.0
2025-02-05		VFB_00030619		5	1	4.0
2025-02-05		VFB_00030619	VFB_00017894	2	1	0.0
2025-02-05		VFB_00030619	VFB_00049000	3	1	0.0
2025-02-05		VFB_00030629		3	1	2.0
2025-02-05		VFB_00030629	VFB_00017894	4	2	0.0
2025-02-05		VFB_00030838		4	1	11.0
2025-02-05		VFB_00030838	VFB_00017894	4	2	0.0
2025-02-05		VFB_00030867		19	3	57.0
2025-02-05		VFB_00030867	VFB_00017894	4	3	0.0
2025-02-05		VFB_00030867	VFB_00101567	14	3	0.0
2025-02-05		VFB_00030900		2	1	6.0
2025-02-05		VFB_00030900	VFB_00017894	2	1	0.0
2025-02-05		VFB_00036945		1	1	0.0
2025-02-05		VFB_00036945	VFB_00101567	1	1	0.0
2025-02-05		VFB_00036981		1	1	0.0
2025-02-05		VFB_00036981	VFB_00101567	1	1	0.0
2025-02-05		VFB_00037046		1	1	0.0
2025-02-05		VFB_00037046	VFB_00101567	1	1	0.0
2025-02-05		VFB_00037076		1	1	0.0
2025-02-05		VFB_00037076	VFB_00101567	1	1	0.0
2025-02-05		VFB_00037280		1	1	0.0
2025-02-05		VFB_00037280	VFB_00101567	1	1	0.0
2025-02-05		VFB_00037361		1	1	0.0
2025-02-05		VFB_00037361	VFB_00101567	1	1	0.0
2025-02-05		VFB_00037409		1	1	0.0
2025-02-05		VFB_00037409	VFB_00101567	1	1	0.0
2025-02-05		VFB_00037657		1	1	0.0
2025-02-05		VFB_00037657	VFB_00101567	1	1	0.0
2025-02-05		VFB_00037709		1	1	0.0
2025-02-05		VFB_00037709	VFB_00101567	1	1	0.0
2025-02-05		VFB_00037736		1	1	0.0
2025-02-05		VFB_00037736	VFB_00101567	1	1	0.0
2025-02-05		VFB_00037739		1	1	0.0
2025-02-05		VFB_00037739	VFB_00101567	1	1	0.0
2025-02-05		VFB_00037754		1	1	0.0
2025-02-05		VFB_00037754	VFB_00101567	1	1	0.0
2025-02-05		VFB_00038040		1	1	0.0
2025-02-05		VFB_00038040	VFB_00101567	1	1	0.0
2025-02-05		VFB_00038044		1	1	0.0
2025-02-05		VFB_00038044	VFB_00101567	1	1	0.0
2025-02-05		VFB_00038059		1	1	0.0
2025-02-05		VFB_00038059	VFB_00101567	1	1	0.0
2025-02-05		VFB_00038241		1	1	0.0
2025-02-05		VFB_00038241	VFB_00101567	1	1	0.0
2025-02-05		VFB_00038253		1	1	0.0
2025-02-05		VFB_00038253	VFB_00101567	1	1	0.0
2025-02-05		VFB_00038272		1	1	1.0
2025-02-05		VFB_00038272	VFB_00101567	1	1	0.0
2025-02-05		VFB_00038282		1	1	0.0
2025-02-05		VFB_00038282	VFB_00101567	1	1	0.0
2025-02-05		VFB_00038347		1	1	0.0
2025-02-05		VFB_00038347	VFB_00101567	1	1	0.0
2025-02-05		VFB_00038365		1	1	0.0
2025-02-05		VFB_00038365	VFB_00101567	1	1	0.0
2025-02-05		VFB_00038508		1	1	0.0
2025-02-05		VFB_00038508	VFB_00101567	1	1	0.0
2025-02-05		VFB_00038517		1	1	0.0
2025-02-05		VFB_00038517	VFB_00101567	1	1	0.0
2025-02-05		VFB_00038523		1	1	0.0
2025-02-05		VFB_00038523	VFB_00101567	1	1	0.0
2025-02-05		VFB_00038538		1	1	0.0
2025-02-05		VFB_00038538	VFB_00101567	1	1	0.0
2025-02-05		VFB_00038550		1	1	0.0
2025-02-05		VFB_00038550	VFB_00101567	1	1	0.0
2025-02-05		VFB_00038577		1	1	0.0
2025-02-05		VFB_00038577	VFB_00101567	1	1	0.0
2025-02-05		VFB_00038617		1	1	0.0
2025-02-05		VFB_00038617	VFB_00101567	1	1	0.0
2025-02-05		VFB_00038713		1	1	0.0
2025-02-05		VFB_00038713	VFB_00101567	1	1	0.0
2025-02-05		VFB_00038812		1	1	0.0
2025-02-05		VFB_00038812	VFB_00101567	1	1	0.0
2025-02-05		VFB_00038815		1	1	0.0
2025-02-05		VFB_00038815	VFB_00101567	1	1	0.0
2025-02-05		VFB_00038816		1	1	0.0
2025-02-05		VFB_00038816	VFB_00101567	1	1	0.0
2025-02-05		VFB_00038970		1	1	0.0
2025-02-05		VFB_00038970	VFB_00101567	1	1	0.0
2025-02-05		VFB_00039022		1	1	0.0
2025-02-05		VFB_00039022	VFB_00101567	1	1	0.0
2025-02-05		VFB_00039307		1	1	0.0
2025-02-05		VFB_00039307	VFB_00101567	1	1	0.0
2025-02-05		VFB_00039377		1	1	0.0
2025-02-05		VFB_00039377	VFB_00101567	1	1	0.0
2025-02-05		VFB_00039388		1	1	0.0
2025-02-05		VFB_00039388	VFB_00101567	1	1	0.0
2025-02-05		VFB_00039435		1	1	0.0
2025-02-05		VFB_00039435	VFB_00101567	1	1	0.0
2025-02-05		VFB_00039478		1	1	0.0
2025-02-05		VFB_00039478	VFB_00101567	1	1	0.0
2025-02-05		VFB_00039496		1	1	0.0
2025-02-05		VFB_00039496	VFB_00101567	1	1	0.0
2025-02-05		VFB_00039541		1	1	0.0
2025-02-05		VFB_00039541	VFB_00101567	1	1	0.0
2025-02-05		VFB_00039592		1	1	0.0
2025-02-05		VFB_00039592	VFB_00101567	1	1	0.0
2025-02-05		VFB_00039792		1	1	0.0
2025-02-05		VFB_00039792	VFB_00101567	1	1	0.0
2025-02-05		VFB_00039801		1	1	0.0
2025-02-05		VFB_00039801	VFB_00101567	1	1	0.0
2025-02-05		VFB_00039844		1	1	0.0
2025-02-05		VFB_00039844	VFB_00101567	1	1	0.0
2025-02-05		VFB_00039852		1	1	0.0
2025-02-05		VFB_00039852	VFB_00101567	1	1	0.0
2025-02-05		VFB_00039865		1	1	0.0
2025-02-05		VFB_00039865	VFB_00101567	1	1	0.0
2025-02-05		VFB_00039889		1	1	0.0
2025-02-05		VFB_00039889	VFB_00101567	1	1	0.0
2025-02-05		VFB_00039953		1	1	0.0
2025-02-05		VFB_00039953	VFB_00101567	1	1	0.0
2025-02-05		VFB_00039961		1	1	0.0
2025-02-05		VFB_00039961	VFB_00101567	1	1	0.0
2025-02-05		VFB_00040002		4	1	0.0
2025-02-05		VFB_00040002	VFB_00101567	4	1	0.0
2025-02-05		VFB_00040008		2	1	0.0
2025-02-05		VFB_00040008	VFB_00101567	2	1	0.0
2025-02-05		VFB_00040076		2	1	0.0
2025-02-05		VFB_00040076	VFB_00101567	2	2	0.0
2025-02-05		VFB_00040087		1	1	0.0
2025-02-05		VFB_00040087	VFB_00101567	1	1	0.0
2025-02-05		VFB_00040095		1	1	1.0
2025-02-05		VFB_00040095	VFB_00101567	1	1	0.0
2025-02-05		VFB_00040181		1	1	0.0
2025-02-05		VFB_00040181	VFB_00101567	1	1	0.0
2025-02-05		VFB_00040184		1	1	0.0
2025-02-05		VFB_00040184	VFB_00101567	1	1	0.0
2025-02-05		VFB_00040187		1	1	0.0
2025-02-05		VFB_00040187	VFB_00101567	1	1	0.0
2025-02-05		VFB_00040202		1	1	0.0
2025-02-05		VFB_00040202	VFB_00101567	1	1	0.0
2025-02-05		VFB_00040233		1	1	0.0
2025-02-05		VFB_00040233	VFB_00101567	1	1	0.0
2025-02-05		VFB_00040284		1	1	0.0
2025-02-05		VFB_00040284	VFB_00101567	1	1	0.0
2025-02-05		VFB_00040396		1	1	1.0
2025-02-05		VFB_00040396	VFB_00101567	1	1	0.0
2025-02-05		VFB_00040413		1	1	0.0
2025-02-05		VFB_00040413	VFB_00101567	1	1	0.0
2025-02-05		VFB_00040555		1	1	0.0
2025-02-05		VFB_00040555	VFB_00101567	1	1	0.0
2025-02-05		VFB_00040623		1	1	0.0
2025-02-05		VFB_00040623	VFB_00101567	1	1	0.0
2025-02-05		VFB_00040721		1	1	0.0
2025-02-05		VFB_00040721	VFB_00101567	1	1	0.0
2025-02-05		VFB_00040841		1	1	0.0
2025-02-05		VFB_00040841	VFB_00101567	1	1	0.0
2025-02-05		VFB_00040896		1	1	0.0
2025-02-05		VFB_00040896	VFB_00101567	1	1	0.0
2025-02-05		VFB_00040952		1	1	0.0
2025-02-05		VFB_00040952	VFB_00101567	1	1	0.0
2025-02-05		VFB_00040994		1	1	0.0
2025-02-05		VFB_00040994	VFB_00101567	1	1	0.0
2025-02-05		VFB_00041100		1	1	0.0
2025-02-05		VFB_00041100	VFB_00101567	1	1	0.0
2025-02-05		VFB_00041121		1	1	0.0
2025-02-05		VFB_00041121	VFB_00101567	1	1	0.0
2025-02-05		VFB_00041146		1	1	1.0
2025-02-05		VFB_00041146	VFB_00101567	1	1	0.0
2025-02-05		VFB_00041149		1	1	0.0
2025-02-05		VFB_00041149	VFB_00101567	1	1	0.0
2025-02-05		VFB_00041173		1	1	0.0
2025-02-05		VFB_00041173	VFB_00101567	1	1	0.0
2025-02-05		VFB_00041178		1	1	0.0
2025-02-05		VFB_00041178	VFB_00101567	1	1	0.0
2025-02-05		VFB_00041182		1	1	0.0
2025-02-05		VFB_00041182	VFB_00101567	1	1	0.0
2025-02-05		VFB_00041248		1	1	1.0
2025-02-05		VFB_00041248	VFB_00101567	1	1	0.0
2025-02-05		VFB_00041296		1	1	0.0
2025-02-05		VFB_00041296	VFB_00101567	1	1	0.0
2025-02-05		VFB_00041459		1	1	0.0
2025-02-05		VFB_00041459	VFB_00101567	1	1	0.0
2025-02-05		VFB_00041519		1	1	0.0
2025-02-05		VFB_00041519	VFB_00101567	1	1	0.0
2025-02-05		VFB_00041548		1	1	0.0
2025-02-05		VFB_00041548	VFB_00101567	1	1	0.0
2025-02-05		VFB_00041557		1	1	0.0
2025-02-05		VFB_00041557	VFB_00101567	1	1	0.0
2025-02-05		VFB_00041561		1	1	0.0
2025-02-05		VFB_00041561	VFB_00101567	1	1	0.0
2025-02-05		VFB_00041570		1	1	0.0
2025-02-05		VFB_00041570	VFB_00101567	1	1	0.0
2025-02-05		VFB_00041608		1	1	0.0
2025-02-05		VFB_00041608	VFB_00101567	1	1	0.0
2025-02-05		VFB_00041686		1	1	0.0
2025-02-05		VFB_00041686	VFB_00101567	1	1	0.0
2025-02-05		VFB_00041877		1	1	0.0
2025-02-05		VFB_00041877	VFB_00101567	1	1	0.0
2025-02-05		VFB_00041882		3	1	0.0
2025-02-05		VFB_00041882	VFB_00101567	3	2	0.0
2025-02-05		VFB_00041992		1	1	0.0
2025-02-05		VFB_00041992	VFB_00101567	1	1	0.0
2025-02-05		VFB_00042118		1	1	0.0
2025-02-05		VFB_00042118	VFB_00101567	1	1	0.0
2025-02-05		VFB_00042139		1	1	0.0
2025-02-05		VFB_00042139	VFB_00101567	1	1	0.0
2025-02-05		VFB_00042178		1	1	0.0
2025-02-05		VFB_00042178	VFB_00101567	1	1	0.0
2025-02-05		VFB_00042220		1	1	0.0
2025-02-05		VFB_00042220	VFB_00101567	1	1	0.0
2025-02-05		VFB_00042319		1	1	0.0
2025-02-05		VFB_00042319	VFB_00101567	1	1	0.0
2025-02-05		VFB_00042384		2	1	0.0
2025-02-05		VFB_00042384	VFB_00101567	2	2	0.0
2025-02-05		VFB_00042705		1	1	0.0
2025-02-05		VFB_00042705	VFB_00101567	1	1	0.0
2025-02-05		VFB_00042724		1	1	0.0
2025-02-05		VFB_00042724	VFB_00101567	1	1	0.0
2025-02-05		VFB_00042859		1	1	0.0
2025-02-05		VFB_00042859	VFB_00101567	1	1	0.0
2025-02-05		VFB_00042908		1	1	0.0
2025-02-05		VFB_00042908	VFB_00101567	1	1	0.0
2025-02-05		VFB_00042913		1	1	0.0
2025-02-05		VFB_00042913	VFB_00101567	1	1	0.0
2025-02-05		VFB_00043189		1	1	0.0
2025-02-05		VFB_00043189	VFB_00101567	1	1	0.0
2025-02-05		VFB_00043214		1	1	0.0
2025-02-05		VFB_00043214	VFB_00101567	1	1	0.0
2025-02-05		VFB_00043218		1	1	0.0
2025-02-05		VFB_00043218	VFB_00101567	1	1	0.0
2025-02-05		VFB_00043532		1	1	0.0
2025-02-05		VFB_00043532	VFB_00101567	1	1	0.0
2025-02-05		VFB_00043546		1	1	0.0
2025-02-05		VFB_00043546	VFB_00101567	1	1	0.0
2025-02-05		VFB_00043584		1	1	0.0
2025-02-05		VFB_00043584	VFB_00101567	1	1	0.0
2025-02-05		VFB_00043596		1	1	0.0
2025-02-05		VFB_00043596	VFB_00101567	1	1	0.0
2025-02-05		VFB_00043614		1	1	0.0
2025-02-05		VFB_00043614	VFB_00101567	1	1	0.0
2025-02-05		VFB_00043718		1	1	0.0
2025-02-05		VFB_00043718	VFB_00101567	1	1	0.0
2025-02-05		VFB_00043803		1	1	0.0
2025-02-05		VFB_00043803	VFB_00101567	1	1	0.0
2025-02-05		VFB_00043807		1	1	0.0
2025-02-05		VFB_00043807	VFB_00101567	1	1	0.0
2025-02-05		VFB_00043863		1	1	0.0
2025-02-05		VFB_00043863	VFB_00101567	1	1	0.0
2025-02-05		VFB_00043879		1	1	0.0
2025-02-05		VFB_00043879	VFB_00101567	1	1	0.0
2025-02-05		VFB_00044074		1	1	0.0
2025-02-05		VFB_00044074	VFB_00101567	1	1	0.0
2025-02-05		VFB_00044088		1	1	0.0
2025-02-05		VFB_00044088	VFB_00101567	1	1	0.0
2025-02-05		VFB_00044123		1	1	0.0
2025-02-05		VFB_00044123	VFB_00101567	1	1	0.0
2025-02-05		VFB_00044221		1	1	0.0
2025-02-05		VFB_00044221	VFB_00101567	1	1	0.0
2025-02-05		VFB_00044235		1	1	0.0
2025-02-05		VFB_00044235	VFB_00101567	1	1	0.0
2025-02-05		VFB_00044245		1	1	0.0
2025-02-05		VFB_00044245	VFB_00101567	1	1	0.0
2025-02-05		VFB_00044295		1	1	0.0
2025-02-05		VFB_00044295	VFB_00101567	1	1	0.0
2025-02-05		VFB_00044323		1	1	0.0
2025-02-05		VFB_00044323	VFB_00101567	1	1	0.0
2025-02-05		VFB_00044340		1	1	0.0
2025-02-05		VFB_00044340	VFB_00101567	1	1	0.0
2025-02-05		VFB_00044394		1	1	0.0
2025-02-05		VFB_00044394	VFB_00101567	1	1	0.0
2025-02-05		VFB_00044485		1	1	0.0
2025-02-05		VFB_00044485	VFB_00101567	1	1	0.0
2025-02-05		VFB_00044592		1	1	0.0
2025-02-05		VFB_00044592	VFB_00101567	1	1	0.0
2025-02-05		VFB_00044678		1	1	0.0
2025-02-05		VFB_00044678	VFB_00101567	1	1	0.0
2025-02-05		VFB_00044696		1	1	0.0
2025-02-05		VFB_00044696	VFB_00101567	1	1	0.0
2025-02-05		VFB_00044726		1	1	0.0
2025-02-05		VFB_00044726	VFB_00101567	1	1	0.0
2025-02-05		VFB_00044845		1	1	1.0
2025-02-05		VFB_00044845	VFB_00101567	1	1	0.0
2025-02-05		VFB_00044922		1	1	0.0
2025-02-05		VFB_00044922	VFB_00101567	1	1	0.0
2025-02-05		VFB_00044938		1	1	0.0
2025-02-05		VFB_00044938	VFB_00101567	1	1	0.0
2025-02-05		VFB_00044992		1	1	0.0
2025-02-05		VFB_00044992	VFB_00101567	1	1	0.0
2025-02-05		VFB_00045107		3	1	0.0
2025-02-05		VFB_00045107	VFB_00101567	3	1	0.0
2025-02-05		VFB_00045119		1	1	0.0
2025-02-05		VFB_00045119	VFB_00101567	1	1	0.0
2025-02-05		VFB_00045143		1	1	0.0
2025-02-05		VFB_00045143	VFB_00101567	1	1	0.0
2025-02-05		VFB_00045241		1	1	0.0
2025-02-05		VFB_00045241	VFB_00101567	1	1	0.0
2025-02-05		VFB_00045253		1	1	0.0
2025-02-05		VFB_00045253	VFB_00101567	1	1	0.0
2025-02-05		VFB_00045307		1	1	0.0
2025-02-05		VFB_00045307	VFB_00101567	1	1	0.0
2025-02-05		VFB_00045375		1	1	0.0
2025-02-05		VFB_00045375	VFB_00101567	1	1	0.0
2025-02-05		VFB_00045462		1	1	0.0
2025-02-05		VFB_00045462	VFB_00101567	1	1	0.0
2025-02-05		VFB_00045491		1	1	0.0
2025-02-05		VFB_00045491	VFB_00101567	1	1	0.0
2025-02-05		VFB_00045791		1	1	0.0
2025-02-05		VFB_00045791	VFB_00101567	1	1	0.0
2025-02-05		VFB_00045813		1	1	0.0
2025-02-05		VFB_00045813	VFB_00101567	1	1	0.0
2025-02-05		VFB_00045937		1	1	0.0
2025-02-05		VFB_00045937	VFB_00101567	1	1	0.0
2025-02-05		VFB_00045999		1	1	0.0
2025-02-05		VFB_00045999	VFB_00101567	1	1	0.0
2025-02-05		VFB_00046137		1	1	0.0
2025-02-05		VFB_00046137	VFB_00101567	1	1	0.0
2025-02-05		VFB_00046217		2	1	0.0
2025-02-05		VFB_00046217	VFB_00101567	2	2	0.0
2025-02-05		VFB_00046299		1	1	0.0
2025-02-05		VFB_00046299	VFB_00101567	1	1	0.0
2025-02-05		VFB_00046307		1	1	0.0
2025-02-05		VFB_00046307	VFB_00101567	1	1	0.0
2025-02-05		VFB_00046316		1	1	0.0
2025-02-05		VFB_00046316	VFB_00101567	1	1	0.0
2025-02-05		VFB_00046326		1	1	0.0
2025-02-05		VFB_00046326	VFB_00101567	1	1	0.0
2025-02-05		VFB_00046346		1	1	0.0
2025-02-05		VFB_00046346	VFB_00101567	1	1	0.0
2025-02-05		VFB_00046352		1	1	0.0
2025-02-05		VFB_00046352	VFB_00101567	1	1	0.0
2025-02-05		VFB_00046355		1	1	0.0
2025-02-05		VFB_00046355	VFB_00101567	1	1	0.0
2025-02-05		VFB_00046376		1	1	0.0
2025-02-05		VFB_00046376	VFB_00101567	1	1	0.0
2025-02-05		VFB_00046400		1	1	0.0
2025-02-05		VFB_00046400	VFB_00101567	1	1	0.0
2025-02-05		VFB_00046423		1	1	0.0
2025-02-05		VFB_00046423	VFB_00101567	1	1	0.0
2025-02-05		VFB_00046445		1	1	0.0
2025-02-05		VFB_00046445	VFB_00101567	1	1	0.0
2025-02-05		VFB_00046455		1	1	0.0
2025-02-05		VFB_00046455	VFB_00101567	1	1	0.0
2025-02-05		VFB_00046473		1	1	0.0
2025-02-05		VFB_00046473	VFB_00101567	1	1	0.0
2025-02-05		VFB_00046475		1	1	0.0
2025-02-05		VFB_00046475	VFB_00101567	1	1	0.0
2025-02-05		VFB_00046477		1	1	0.0
2025-02-05		VFB_00046477	VFB_00101567	1	1	0.0
2025-02-05		VFB_00046527		1	1	0.0
2025-02-05		VFB_00046527	VFB_00101567	1	1	0.0
2025-02-05		VFB_00046617		1	1	0.0
2025-02-05		VFB_00046617	VFB_00101567	1	1	0.0
2025-02-05		VFB_00046785		1	1	0.0
2025-02-05		VFB_00046785	VFB_00101567	1	1	0.0
2025-02-05		VFB_00046839		1	1	0.0
2025-02-05		VFB_00046839	VFB_00101567	1	1	0.0
2025-02-05		VFB_00046879		1	1	0.0
2025-02-05		VFB_00046879	VFB_00101567	1	1	0.0
2025-02-05		VFB_00047126		1	1	0.0
2025-02-05		VFB_00047126	VFB_00101567	1	1	0.0
2025-02-05		VFB_00047195		1	1	0.0
2025-02-05		VFB_00047195	VFB_00101567	1	1	0.0
2025-02-05		VFB_00047200		1	1	0.0
2025-02-05		VFB_00047200	VFB_00101567	1	1	0.0
2025-02-05		VFB_00047261		1	1	0.0
2025-02-05		VFB_00047261	VFB_00101567	1	1	0.0
2025-02-05		VFB_00047301		1	1	0.0
2025-02-05		VFB_00047301	VFB_00101567	1	1	0.0
2025-02-05		VFB_00047454		1	1	1.0
2025-02-05		VFB_00047454	VFB_00101567	1	1	0.0
2025-02-05		VFB_00047463		1	1	0.0
2025-02-05		VFB_00047463	VFB_00101567	1	1	0.0
2025-02-05		VFB_00047778		1	1	0.0
2025-02-05		VFB_00047778	VFB_00101567	1	1	0.0
2025-02-05		VFB_00047786		1	1	0.0
2025-02-05		VFB_00047786	VFB_00101567	1	1	0.0
2025-02-05		VFB_00047958		1	1	0.0
2025-02-05		VFB_00047958	VFB_00101567	1	1	0.0
2025-02-05		VFB_00047963		1	1	0.0
2025-02-05		VFB_00047963	VFB_00101567	1	1	0.0
2025-02-05		VFB_00048063		1	1	0.0
2025-02-05		VFB_00048063	VFB_00101567	1	1	0.0
2025-02-05		VFB_00048184		1	1	0.0
2025-02-05		VFB_00048184	VFB_00101567	1	1	0.0
2025-02-05		VFB_00048396		1	1	0.0
2025-02-05		VFB_00048396	VFB_00101567	1	1	0.0
2025-02-05		VFB_00048428		1	1	0.0
2025-02-05		VFB_00048428	VFB_00101567	1	1	0.0
2025-02-05		VFB_00048436		1	1	0.0
2025-02-05		VFB_00048436	VFB_00101567	1	1	0.0
2025-02-05		VFB_00048527		1	1	0.0
2025-02-05		VFB_00048527	VFB_00101567	1	1	0.0
2025-02-05		VFB_00048536		1	1	0.0
2025-02-05		VFB_00048536	VFB_00101567	1	1	0.0
2025-02-05		VFB_00050000		3	2	0.0
2025-02-05		VFB_00050000	VFB_00050000	9	7	62.0
2025-02-05		VFB_00050396		2	1	1.0
2025-02-05		VFB_00050396	VFB_00049000	1	1	0.0
2025-02-05		VFB_00050396	VFB_00101567	1	1	0.0
2025-02-05		VFB_00061188		4	1	23.0
2025-02-05		VFB_00061188	VFB_00049000	1	1	0.0
2025-02-05		VFB_00061188	VFB_00050000	3	1	0.0
2025-02-05		VFB_00061615		1	1	0.0
2025-02-05		VFB_00061615	VFB_00050000	1	1	0.0
2025-02-05		VFB_00062481		3	1	2.0
2025-02-05		VFB_00062481	VFB_00049000	1	1	0.0
2025-02-05		VFB_00062481	VFB_00050000	2	1	0.0
2025-02-05		VFB_00066067		2	1	6.0
2025-02-05		VFB_00066067	VFB_00101567	2	1	0.0
2025-02-05		VFB_00069250		2	1	3.0
2025-02-05		VFB_00069250	VFB_00101567	2	1	0.0
2025-02-05		VFB_00069445		5	1	6.0
2025-02-05		VFB_00069445	VFB_00101567	5	2	0.0
2025-02-05		VFB_00100020		4	1	29.0
2025-02-05		VFB_00100020	VFB_00101567	4	1	0.0
2025-02-05		VFB_00100032		3	1	4.0
2025-02-05		VFB_00100032	VFB_00050000	3	2	0.0
2025-02-05		VFB_00100069		1	1	0.0
2025-02-05		VFB_00100069	VFB_00050000	1	1	0.0
2025-02-05		VFB_00100086		8	1	4.0
2025-02-05		VFB_00100086	VFB_00050000	1	1	0.0
2025-02-05		VFB_00100086	VFB_00101567	7	2	0.0
2025-02-05		VFB_001000o9		3	1	9.0
2025-02-05		VFB_001000o9	VFB_00101567	3	1	0.0
2025-02-05		VFB_00100123		1	1	0.0
2025-02-05		VFB_00100123	VFB_00050000	1	1	0.0
2025-02-05		VFB_00100179		1	1	0.0
2025-02-05		VFB_00100179	VFB_00101567	1	1	0.0
2025-02-05		VFB_00100184		14	1	6.0
2025-02-05		VFB_00100184	VFB_00050000	3	1	0.0
2025-02-05		VFB_00100184	VFB_00101567	11	2	0.0
2025-02-05		VFB_001001oo		1	1	0.0
2025-02-05		VFB_001001oo	VFB_00050000	1	1	0.0
2025-02-05		VFB_001001p2		6	1	4.0
2025-02-05		VFB_001001p2	VFB_00050000	11	2	0.0
2025-02-05		VFB_001001wu		1	1	0.0
2025-02-05		VFB_001001wu	VFB_00050000	1	1	0.0
2025-02-05		VFB_001001ya		1	1	0.0
2025-02-05		VFB_001001ya	VFB_00050000	1	1	0.0
2025-02-05		VFB_00100210		3	1	19.0
2025-02-05		VFB_00100210	VFB_00050000	2	1	0.0
2025-02-05		VFB_0010024n		1	1	0.0
2025-02-05		VFB_0010024n	VFB_00050000	1	1	0.0
2025-02-05		VFB_0010025d		20	1	74.0
2025-02-05		VFB_0010025d	VFB_00050000	21	4	0.0
2025-02-05		VFB_0010025j		1	1	0.0
2025-02-05		VFB_0010025j	VFB_00050000	1	1	0.0
2025-02-05		VFB_0010025n		1	1	0.0
2025-02-05		VFB_0010025n	VFB_00050000	1	1	0.0
2025-02-05		VFB_0010026z		1	1	0.0
2025-02-05		VFB_0010026z	VFB_00050000	1	1	0.0
2025-02-05		VFB_0010027g		1	1	0.0
2025-02-05		VFB_0010027g	VFB_00050000	1	1	0.0
2025-02-05		VFB_0010027j		6	1	2.0
2025-02-05		VFB_0010027j	VFB_00050000	1	1	0.0
2025-02-05		VFB_0010027l		1	1	0.0
2025-02-05		VFB_0010027l	VFB_00050000	1	1	0.0
2025-02-05		VFB_00100323		9	1	21.0
2025-02-05		VFB_00100323	VFB_00050000	7	3	0.0
2025-02-05		VFB_00100460		2	1	19.0
2025-02-05		VFB_00100460	VFB_00050000	2	1	0.0
2025-02-05		VFB_00100506		1	1	0.0
2025-02-05		VFB_00100506	VFB_00050000	1	1	0.0
2025-02-05		VFB_00100507		8	1	13.0
2025-02-05		VFB_00100507	VFB_00050000	7	2	0.0
2025-02-05		VFB_00100612		1	1	0.0
2025-02-05		VFB_00100612	VFB_00101567	1	1	0.0
2025-02-05		VFB_00100614		1	1	0.0
2025-02-05		VFB_00100614	VFB_00050000	1	1	0.0
2025-02-05		VFB_00100615		1	1	0.0
2025-02-05		VFB_00100615	VFB_00050000	1	1	0.0
2025-02-05		VFB_00100683		6	1	0.0
2025-02-05		VFB_00100683	VFB_00050000	3	1	0.0
2025-02-05		VFB_00100683	VFB_00101567	3	1	0.0
2025-02-05		VFB_00100713		1	1	0.0
2025-02-05		VFB_00100713	VFB_00101567	1	1	0.0
2025-02-05		VFB_00100768		1	1	0.0
2025-02-05		VFB_00100768	VFB_00050000	1	1	0.0
2025-02-05		VFB_00100802		9	1	17.0
2025-02-05		VFB_00100802	VFB_00050000	7	3	0.0
2025-02-05		VFB_00100843		1	1	0.0
2025-02-05		VFB_00100843	VFB_00050000	1	1	0.0
2025-02-05		VFB_00100875		7	1	18.0
2025-02-05		VFB_00100875	VFB_00050000	5	2	0.0
2025-02-05		VFB_00100905		1	1	0.0
2025-02-05		VFB_00100905	VFB_00050000	1	1	0.0
2025-02-05		VFB_00101106		8	1	7.0
2025-02-05		VFB_00101106	VFB_00050000	3	2	0.0
2025-02-05		VFB_001011ck		4	1	0.0
2025-02-05		VFB_001011dd		1	1	0.0
2025-02-05		VFB_001011dd	VFB_00101384	1	1	0.0
2025-02-05		VFB_001011dv		1	1	0.0
2025-02-05		VFB_001011fp		20	1	0.0
2025-02-05		VFB_001011fp	VFB_00050000	20	1	0.0
2025-02-05		VFB_001011hm		6	1	1.0
2025-02-05		VFB_001011hm	VFB_00050000	1	1	0.0
2025-02-05		VFB_001012qy		1	1	14.0
2025-02-05		VFB_001012qy	VFB_00101567	1	1	0.0
2025-02-05		VFB_001014uq		2	1	6.0
2025-02-05		VFB_001014uq	VFB_00101567	2	1	0.0
2025-02-05		VFB_00101567		210	36	710.0
2025-02-05		VFB_00101567	VFB_00101567	235	51	244.0
2025-02-05		VFB_001015as		16	1	14.0
2025-02-05		VFB_001015as	VFB_00050000	21	2	0.0
2025-02-05		VFB_001015b1		1	1	0.0
2025-02-05		VFB_001015b1	VFB_00050000	1	1	0.0
2025-02-05		VFB_001015c2		1	1	0.0
2025-02-05		VFB_001015c2	VFB_00050000	1	1	0.0
2025-02-05		VFB_001015dq		1	1	0.0
2025-02-05		VFB_001015dq	VFB_00050000	1	1	0.0
2025-02-05		VFB_00101766		1	1	0.0
2025-02-05		VFB_00101766	VFB_00050000	1	1	0.0
2025-02-05		VFB_00101944		1	1	0.0
2025-02-05		VFB_00101944	VFB_00050000	1	1	0.0
2025-02-05		VFB_00102107		18	2	10.0
2025-02-05		VFB_00102107	VFB_00101567	3	3	0.0
2025-02-05		VFB_00102108		2	1	0.0
2025-02-05		VFB_00102108	VFB_00101567	2	2	0.0
2025-02-05		VFB_00102109		1	1	0.0
2025-02-05		VFB_00102109	VFB_00101567	1	1	0.0
2025-02-05		VFB_00102110		1	1	1.0
2025-02-05		VFB_00102110	VFB_00101567	1	1	0.0
2025-02-05		VFB_00102114		8	3	0.0
2025-02-05		VFB_00102114	VFB_00101567	7	4	0.0
2025-02-05		VFB_00102118		8	3	0.0
2025-02-05		VFB_00102118	VFB_00101567	7	4	0.0
2025-02-05		VFB_00102119		12	4	81.0
2025-02-05		VFB_00102119	VFB_00017894	6	1	0.0
2025-02-05		VFB_00102119	VFB_00101567	6	5	0.0
2025-02-05		VFB_00102121		5	3	0.0
2025-02-05		VFB_00102121	VFB_00101567	5	4	0.0
2025-02-05		VFB_00102123		6	4	3.0
2025-02-05		VFB_00102123	VFB_00101567	6	4	0.0
2025-02-05		VFB_00102124		4	3	0.0
2025-02-05		VFB_00102124	VFB_00101567	4	3	0.0
2025-02-05		VFB_00102133		4	3	0.0
2025-02-05		VFB_00102133	VFB_00101567	4	3	0.0
2025-02-05		VFB_00102134		1	1	0.0
2025-02-05		VFB_00102134	VFB_00101567	1	1	0.0
2025-02-05		VFB_00102135		1	1	0.0
2025-02-05		VFB_00102135	VFB_00101567	1	1	0.0
2025-02-05		VFB_00102137		1	1	0.0
2025-02-05		VFB_00102137	VFB_00101567	1	1	0.0
2025-02-05		VFB_00102139		8	4	0.0
2025-02-05		VFB_00102139	VFB_00101567	8	6	0.0
2025-02-05		VFB_00102140		4	2	0.0
2025-02-05		VFB_00102140	VFB_00101567	4	3	0.0
2025-02-05		VFB_00102141		5	1	1.0
2025-02-05		VFB_00102141	VFB_00101567	4	2	0.0
2025-02-05		VFB_00102146		8	3	5.0
2025-02-05		VFB_00102146	VFB_00101567	9	5	0.0
2025-02-05		VFB_00102148		3	1	0.0
2025-02-05		VFB_00102148	VFB_00101567	2	2	0.0
2025-02-05		VFB_00102152		8	3	0.0
2025-02-05		VFB_00102152	VFB_00101567	8	5	0.0
2025-02-05		VFB_00102154		5	2	0.0
2025-02-05		VFB_00102154	VFB_00101567	6	4	0.0
2025-02-05		VFB_00102159		9	2	56.0
2025-02-05		VFB_00102159	VFB_00101567	9	4	0.0
2025-02-05		VFB_00102162		5	2	0.0
2025-02-05		VFB_00102162	VFB_00101567	5	3	0.0
2025-02-05		VFB_00102164		5	2	0.0
2025-02-05		VFB_00102164	VFB_00101567	5	3	0.0
2025-02-05		VFB_00102170		28	3	70.0
2025-02-05		VFB_00102170	VFB_00101567	22	7	0.0
2025-02-05		VFB_00102171		2	1	0.0
2025-02-05		VFB_00102171	VFB_00101567	2	2	0.0
2025-02-05		VFB_00102174		1	1	0.0
2025-02-05		VFB_00102174	VFB_00101567	1	1	0.0
2025-02-05		VFB_00102175		30	2	17.0
2025-02-05		VFB_00102175	VFB_00101567	29	6	0.0
2025-02-05		VFB_00102176		2	1	0.0
2025-02-05		VFB_00102176	VFB_00101567	2	2	0.0
2025-02-05		VFB_00102179		2	1	0.0
2025-02-05		VFB_00102179	VFB_00101567	2	2	0.0
2025-02-05		VFB_00102185		2	1	0.0
2025-02-05		VFB_00102185	VFB_00101567	2	2	0.0
2025-02-05		VFB_00102190		2	1	0.0
2025-02-05		VFB_00102190	VFB_00101567	2	2	0.0
2025-02-05		VFB_00102201		5	2	0.0
2025-02-05		VFB_00102201	VFB_00101567	5	3	0.0
2025-02-05		VFB_00102212		5	2	45.0
2025-02-05		VFB_00102212	VFB_00101567	5	2	0.0
2025-02-05		VFB_00102213		1	1	1.0
2025-02-05		VFB_00102213	VFB_00101567	1	1	0.0
2025-02-05		VFB_00102214		1	1	0.0
2025-02-05		VFB_00102214	VFB_00101567	1	1	0.0
2025-02-05		VFB_00102215		3	2	0.0
2025-02-05		VFB_00102215	VFB_00101567	3	2	0.0
2025-02-05		VFB_00102218		3	2	0.0
2025-02-05		VFB_00102218	VFB_00101567	3	2	0.0
2025-02-05		VFB_00102271		5	1	0.0
2025-02-05		VFB_00102271	VFB_00101567	5	3	0.0
2025-02-05		VFB_00102273		1	1	0.0
2025-02-05		VFB_00102273	VFB_00101567	1	1	0.0
2025-02-05		VFB_00102274		22	4	20.0
2025-02-05		VFB_00102274	VFB_00101567	25	8	0.0
2025-02-05		VFB_00102275		6	3	1.0
2025-02-05		VFB_00102275	VFB_00101567	6	4	0.0
2025-02-05		VFB_00102276		5	1	0.0
2025-02-05		VFB_00102276	VFB_00101567	5	3	0.0
2025-02-05		VFB_00102281		1	1	0.0
2025-02-05		VFB_00102281	VFB_00101567	1	1	0.0
2025-02-05		VFB_00102282		5	3	77.0
2025-02-05		VFB_00102282	VFB_00101567	5	4	0.0
2025-02-05		VFB_00102eg5		1	1	0.0
2025-02-05		VFB_00102eg5	VFB_00050000	1	1	0.0
2025-02-05		VFB_00102egd		1	1	0.0
2025-02-05		VFB_00102egd	VFB_00050000	1	1	0.0
2025-02-05		VFB_00102ehm		16	1	11.0
2025-02-05		VFB_00102ehm	VFB_00050000	26	4	0.0
2025-02-05		VFB_00102ei4		1	1	0.0
2025-02-05		VFB_00102ei4	VFB_00050000	1	1	0.0
2025-02-05		VFB_00102eim		7	1	34.0
2025-02-05		VFB_00102eim	VFB_00050000	12	3	0.0
2025-02-05		VFB_00102eip		6	1	8.0
2025-02-05		VFB_00102eip	VFB_00050000	3	2	0.0
2025-02-05		VFB_00102ejd		1	1	0.0
2025-02-05		VFB_00102ejd	VFB_00050000	1	1	0.0
2025-02-05		VFB_00102ejt		12	1	20.0
2025-02-05		VFB_00102ejt	VFB_00050000	17	4	0.0
2025-02-05		VFB_00102emd		1	1	0.0
2025-02-05		VFB_00102emd	VFB_00050000	1	1	0.0
2025-02-05		VFB_00102en9		1	1	0.0
2025-02-05		VFB_00102en9	VFB_00050000	1	1	0.0
2025-02-05		VFB_00102eo4		1	1	0.0
2025-02-05		VFB_00102eo4	VFB_00050000	1	1	0.0
2025-02-05		VFB_00102eof		1	1	0.0
2025-02-05		VFB_00102eof	VFB_00050000	1	1	0.0
2025-02-05		VFB_00102eoo		1	1	0.0
2025-02-05		VFB_00102eoo	VFB_00050000	1	1	0.0
2025-02-05		VFB_00102eop		28	1	19.0
2025-02-05		VFB_00102eop	VFB_00050000	23	5	0.0
2025-02-05		VFB_00102esf		1	1	0.0
2025-02-05		VFB_00102esf	VFB_00050000	1	1	0.0
2025-02-05		VFB_00102esl		1	1	0.0
2025-02-05		VFB_00102esl	VFB_00050000	1	1	0.0
2025-02-05		VFB_00102esw		5	1	0.0
2025-02-05		VFB_00102esw	VFB_00050000	5	2	0.0
2025-02-05		VFB_00102et1		1	1	0.0
2025-02-05		VFB_00102et1	VFB_00050000	1	1	0.0
2025-02-05		VFB_00102et4		1	1	0.0
2025-02-05		VFB_00102et4	VFB_00050000	1	1	0.0
2025-02-05		VFB_00102et7		1	1	0.0
2025-02-05		VFB_00102et7	VFB_00050000	1	1	0.0
2025-02-05		VFB_00102eti		6	1	1.0
2025-02-05		VFB_00102eti	VFB_00050000	6	2	0.0
2025-02-05		VFB_00102euc		1	1	0.0
2025-02-05		VFB_00102euc	VFB_00050000	1	1	0.0
2025-02-05		VFB_00102euy		6	1	1.0
2025-02-05		VFB_00102euy	VFB_00050000	1	1	0.0
2025-02-05		VFB_00102eva		1	1	0.0
2025-02-05		VFB_00102eva	VFB_00050000	1	1	0.0
2025-02-05		VFB_00102evi		6	1	11.0
2025-02-05		VFB_00102evi	VFB_00050000	6	2	0.0
2025-02-05		VFB_00102evq		15	1	3.0
2025-02-05		VFB_00102evq	VFB_00050000	10	2	0.0
2025-02-05		VFB_00102evt		20	1	19.0
2025-02-05		VFB_00102evt	VFB_00050000	25	4	0.0
2025-02-05		VFB_00102ewm		16	1	11.0
2025-02-05		VFB_00102ewm	VFB_00050000	15	3	0.0
2025-02-05		VFB_00102ewp		2	1	0.0
2025-02-05		VFB_00102ewp	VFB_00050000	2	2	0.0
2025-02-05		VFB_00102exy		1	1	0.0
2025-02-05		VFB_00102exy	VFB_00050000	1	1	0.0
2025-02-05		VFB_00102eyf		1	1	0.0
2025-02-05		VFB_00102eyf	VFB_00050000	1	1	0.0
2025-02-05		VFB_00102eyo		1	1	0.0
2025-02-05		VFB_00102eyo	VFB_00050000	1	1	0.0
2025-02-05		VFB_00102ez9		1	1	0.0
2025-02-05		VFB_00102ez9	VFB_00050000	1	1	0.0
2025-02-05		VFB_00102ezk		4	1	2.0
2025-02-05		VFB_00102ezk	VFB_00050000	4	2	0.0
2025-02-05		VFB_00102ezu		11	1	13.0
2025-02-05		VFB_00102ezu	VFB_00050000	6	2	0.0
2025-02-05		VFB_00102f06		1	1	0.0
2025-02-05		VFB_00102f06	VFB_00050000	1	1	0.0
2025-02-05		VFB_00102f0b		2	1	0.0
2025-02-05		VFB_00102f0b	VFB_00050000	2	2	0.0
2025-02-05		VFB_00102f0e		14	1	3.0
2025-02-05		VFB_00102f0e	VFB_00050000	16	3	0.0
2025-02-05		VFB_00102f0f		1	1	0.0
2025-02-05		VFB_00102f0f	VFB_00050000	1	1	0.0
2025-02-05		VFB_00102f11		9	1	4.0
2025-02-05		VFB_00102f11	VFB_00050000	9	2	0.0
2025-02-05		VFB_00102f1q		1	1	1.0
2025-02-05		VFB_00102f1q	VFB_00050000	1	1	0.0
2025-02-05		VFB_00102f3l		1	1	0.0
2025-02-05		VFB_00102f3l	VFB_00050000	1	1	0.0
2025-02-05		VFB_00102f3p		1	1	0.0
2025-02-05		VFB_00102f3p	VFB_00050000	1	1	0.0
2025-02-05		VFB_00102f3r		1	1	0.0
2025-02-05		VFB_00102f3r	VFB_00050000	1	1	0.0
2025-02-05		VFB_00102f6g		1	1	0.0
2025-02-05		VFB_00102f6g	VFB_00050000	1	1	0.0
2025-02-05		VFB_00102f6n		1	1	0.0
2025-02-05		VFB_00102f6n	VFB_00050000	1	1	0.0
2025-02-05		VFB_00102f8x		1	1	0.0
2025-02-05		VFB_00102f8x	VFB_00050000	1	1	0.0
2025-02-05		VFB_00102f9d		1	1	0.0
2025-02-05		VFB_00102f9d	VFB_00050000	1	1	0.0
2025-02-05		VFB_00102f9q		16	1	4.0
2025-02-05		VFB_00102f9q	VFB_00050000	11	2	0.0
2025-02-05		VFB_00102fa5		2	1	3.0
2025-02-05		VFB_00102fa5	VFB_00050000	2	2	0.0
2025-02-05		VFB_00102faf		1	1	0.0
2025-02-05		VFB_00102faf	VFB_00050000	1	1	0.0
2025-02-05		VFB_00102fam		11	1	3.0
2025-02-05		VFB_00102fam	VFB_00050000	16	3	0.0
2025-02-05		VFB_00102fbe		1	1	0.0
2025-02-05		VFB_00102fbe	VFB_00050000	1	1	0.0
2025-02-05		VFB_00102fbf		1	1	0.0
2025-02-05		VFB_00102fbf	VFB_00050000	1	1	0.0
2025-02-05		VFB_00102fbg		1	1	0.0
2025-02-05		VFB_00102fbg	VFB_00050000	6	1	0.0
2025-02-05		VFB_00102fd9		1	1	0.0
2025-02-05		VFB_00102fd9	VFB_00050000	1	1	0.0
2025-02-05		VFB_00102fdb		6	1	1.0
2025-02-05		VFB_00102fdb	VFB_00050000	6	2	0.0
2025-02-05		VFB_00102fej		1	1	0.0
2025-02-05		VFB_00102fej	VFB_00050000	1	1	0.0
2025-02-05		VFB_00102fhj		1	1	0.0
2025-02-05		VFB_00102fhj	VFB_00050000	1	1	0.0
2025-02-05		VFB_00102fkx		8	1	4.0
2025-02-05		VFB_00102fkx	VFB_00050000	3	2	0.0
2025-02-05		VFB_00102flf		1	1	0.0
2025-02-05		VFB_00102flf	VFB_00050000	1	1	0.0
2025-02-05		VFB_00102flg		16	1	170.0
2025-02-05		VFB_00102flg	VFB_00050000	13	3	0.0
2025-02-05		VFB_00102flh		1	1	0.0
2025-02-05		VFB_00102flh	VFB_00050000	1	1	0.0
2025-02-05		VFB_00102fli		13	1	7.0
2025-02-05		VFB_00102fli	VFB_00050000	13	3	0.0
2025-02-05		VFB_00102flr		1	1	0.0
2025-02-05		VFB_00102flr	VFB_00050000	1	1	0.0
2025-02-05		VFB_00104648		1	1	0.0
2025-02-05		VFB_00104648	VFB_00200000	1	1	0.0
2025-02-05		VFB_00104649		1	1	0.0
2025-02-05		VFB_00104649	VFB_00200000	1	1	0.0
2025-02-05		VFB_00104650		1	1	0.0
2025-02-05		VFB_00104650	VFB_00200000	1	1	0.0
2025-02-05		VFB_00104651		1	1	0.0
2025-02-05		VFB_00104651	VFB_00200000	1	1	0.0
2025-02-05		VFB_00104652		3	1	8.0
2025-02-05		VFB_00104652	VFB_00101567	1	1	0.0
2025-02-05		VFB_00104652	VFB_00200000	1	1	0.0
2025-02-05		VFB_00104653		1	1	0.0
2025-02-05		VFB_00104653	VFB_00200000	1	1	0.0
2025-02-05		VFB_00120000		1	1	2.0
2025-02-05		VFB_00120000	VFB_00120000	2	2	19.0
2025-02-05		VFB_00200000		3	1	2.0
2025-02-05		VFB_00200000	VFB_00200000	8	4	65.0
2025-02-05		VFB_fw000281		1	1	0.0
2025-02-05		VFB_fw000281	VFB_00101567	1	1	0.0
2025-02-05		VFB_fw003616		6	1	9.0
2025-02-05		VFB_fw003616	VFB_00101567	6	1	0.0
2025-02-05		VFB_fw025524		24	1	0.0
2025-02-05		VFB_fw025524	VFB_00101567	24	1	0.0
2025-02-05		VFB_fw038237		29	2	88.0
2025-02-05		VFB_fw038237	VFB_00101567	31	8	0.0
2025-02-05		VFB_fw041732		3	1	0.0
2025-02-05		VFB_fw041732	VFB_00101567	3	1	0.0
2025-02-05		VFB_fw050255		13	1	68.0
2025-02-05		VFB_fw050255	VFB_00101567	8	2	0.0
2025-02-05		VFB_jrch057g		6	1	5.0
2025-02-05		VFB_jrch057g	VFB_00101567	6	1	0.0
2025-02-05		VFB_jrchk0ei		6	1	0.0
2025-02-05		VFB_jrchk0ei	VFB_00101567	6	1	0.0
2025-02-05		VFB_jrchk6fb		2	1	0.0
2025-02-05		VFB_jrchk6fb	VFB_00101567	2	1	0.0
2025-02-05		VFB_jrchk6mn		5	1	7.0
2025-02-05		VFB_jrchk6mn	VFB_00101567	2	2	0.0
2025-02-05		VFB_jrchk8c2		1	1	0.0
2025-02-05		VFB_jrchk8c2	VFB_00101567	1	1	0.0
2025-02-05		VFB_jrcv0iek		3	1	3.0
2025-02-05		VFB_jrcv0iek	VFB_00050000	3	1	0.0
2025-02-05		VFBexp_FBtp0058		1	1	0.0
2025-02-05		VFBexp_FBtp0058	VFB_00049000	1	1	0.0
2025-02-05		VFBexp_FBtp0099		2	2	0.0
2025-02-05		VFBexp_FBtp0099	VFB_00101567	2	2	0.0
2025-02-05		VFBexp_FBtp0124		1	1	1.0
2025-02-05		VFBexp_FBtp0124	VFB_00101567	1	1	0.0
2025-02-05	v2.virtualflybrain.org	FBbt_00000000	VFB_00050000	0	3	30.0
2025-02-05	v2.virtualflybrain.org	FBbt_00001333	VFB_00050000	0	2	7.0
2025-02-05	v2.virtualflybrain.org	FBbt_00001334	VFB_00050000	0	3	4.0
2025-02-05	v2.virtualflybrain.org	FBbt_00001366	VFB_00050000	0	3	27.0
2025-02-05	v2.virtualflybrain.org	FBbt_00001369	VFB_00050000	0	1	2.0
2025-02-05	v2.virtualflybrain.org	FBbt_00001446	VFB_00050000	0	3	57.0
2025-02-05	v2.virtualflybrain.org	FBbt_00001919	VFB_00050000	0	1	6.0
2025-02-05	v2.virtualflybrain.org	FBbt_00001938	VFB_00050000	0	1	15.0
2025-02-05	v2.virtualflybrain.org	FBbt_00001942	VFB_00050000	0	3	130.0
2025-02-05	v2.virtualflybrain.org	FBbt_00001945	VFB_00050000	0	2	65.0
2025-02-05	v2.virtualflybrain.org	FBbt_00001955	VFB_00050000	0	1	2.0
2025-02-05	v2.virtualflybrain.org	FBbt_00003584	VFB_00050000	0	1	2.0
2025-02-05	v2.virtualflybrain.org	FBbt_00003624	VFB_00101567	18	9	715.0
2025-02-05	v2.virtualflybrain.org	FBbt_00003632	VFB_00101567	0	2	15.0
2025-02-05	v2.virtualflybrain.org	FBbt_00003668	VFB_00049000	0	1	30.0
2025-02-05	v2.virtualflybrain.org	FBbt_00003678	VFB_00101567	0	1	3.0
2025-02-05	v2.virtualflybrain.org	FBbt_00003679	VFB_00017894	0	1	21.0
2025-02-05	v2.virtualflybrain.org	FBbt_00003679	VFB_00101567	0	3	199.0
2025-02-05	v2.virtualflybrain.org	FBbt_00003680	VFB_00101567	0	2	32.0
2025-02-05	v2.virtualflybrain.org	FBbt_00003681	VFB_00101567	3	7	438.0
2025-02-05	v2.virtualflybrain.org	FBbt_00003682	VFB_00101567	0	2	6.0
2025-02-05	v2.virtualflybrain.org	FBbt_00003684	VFB_00101567	0	4	357.0
2025-02-05	v2.virtualflybrain.org	FBbt_00003701	VFB_00101567	0	1	31.0
2025-02-05	v2.virtualflybrain.org	FBbt_00003748	VFB_00101567	0	2	157.0
2025-02-05	v2.virtualflybrain.org	FBbt_00004091	VFB_00101567	0	2	38.0
2025-02-05	v2.virtualflybrain.org	FBbt_00004091	VFB_00200000	0	2	169.0
2025-02-05	v2.virtualflybrain.org	FBbt_00005095	VFB_00101567	0	1	0.0
2025-02-05	v2.virtualflybrain.org	FBbt_00005106	VFB_00050000	0	3	14.0
2025-02-05	v2.virtualflybrain.org	FBbt_00005106	VFB_00101567	0	1	81.0
2025-02-05	v2.virtualflybrain.org	FBbt_00005146	VFB_00050000	0	3	49.0
2025-02-05	v2.virtualflybrain.org	FBbt_00005495	VFB_00050000	0	2	8.0
2025-02-05	v2.virtualflybrain.org	FBbt_00007001	VFB_00050000	0	5	11.0
2025-02-05	v2.virtualflybrain.org	FBbt_00007002	VFB_00050000	0	5	21.0
2025-02-05	v2.virtualflybrain.org	FBbt_00007006	VFB_00050000	0	3	31.0
2025-02-05	v2.virtualflybrain.org	FBbt_00007008	VFB_00050000	0	2	6.0
2025-02-05	v2.virtualflybrain.org	FBbt_00007010	VFB_00101567	0	1	1.0
2025-02-05	v2.virtualflybrain.org	FBbt_00007014	VFB_00050000	0	2	5.0
2025-02-05	v2.virtualflybrain.org	FBbt_00007016	VFB_00050000	0	4	57.0
2025-02-05	v2.virtualflybrain.org	FBbt_00007050	VFB_00101567	0	3	40.0
2025-02-05	v2.virtualflybrain.org	FBbt_00007053	VFB_00017894	0	1	28.0
2025-02-05	v2.virtualflybrain.org	FBbt_00007053	VFB_00101567	0	1	26.0
2025-02-05	v2.virtualflybrain.org	FBbt_00007055	VFB_00101567	0	2	229.0
2025-02-05	v2.virtualflybrain.org	FBbt_00007115	VFB_00050000	1	4	65.0
2025-02-05	v2.virtualflybrain.org	FBbt_00007146	VFB_00101567	0	1	6.0
2025-02-05	v2.virtualflybrain.org	FBbt_00007344	VFB_00050000	0	2	17.0
2025-02-05	v2.virtualflybrain.org	FBbt_00007385	VFB_00017894	0	1	229.0
2025-02-05	v2.virtualflybrain.org	FBbt_00007385	VFB_00101567	1	2	193.0
2025-02-05	v2.virtualflybrain.org	FBbt_00007401	VFB_00017894	0	3	71.0
2025-02-05	v2.virtualflybrain.org	FBbt_00007418	VFB_00050000	0	2	2.0
2025-02-05	v2.virtualflybrain.org	FBbt_00007440	VFB_00017894	0	1	54.0
2025-02-05	v2.virtualflybrain.org	FBbt_00007440	VFB_00101567	0	3	291.0
2025-02-05	v2.virtualflybrain.org	FBbt_00007453	VFB_00101567	0	2	14.0
2025-02-05	v2.virtualflybrain.org	FBbt_00013691	VFB_00101567	0	2	5.0
2025-02-05	v2.virtualflybrain.org	FBbt_00013694	VFB_00101567	0	1	8.0
2025-02-05	v2.virtualflybrain.org	FBbt_00013695	VFB_00101567	0	1	2.0
2025-02-05	v2.virtualflybrain.org	FBbt_00014013	VFB_00101567	2	2	20.0
2025-02-05	v2.virtualflybrain.org	FBbt_00015407	VFB_00101567	0	1	17.0
2025-02-05	v2.virtualflybrain.org	FBbt_00025990	VFB_00050000	0	3	42.0
2025-02-05	v2.virtualflybrain.org	FBbt_00025991	VFB_00050000	0	4	35.0
2025-02-05	v2.virtualflybrain.org	FBbt_00025993	VFB_00050000	0	1	5.0
2025-02-05	v2.virtualflybrain.org	FBbt_00040002	VFB_00101567	0	2	14.0
2025-02-05	v2.virtualflybrain.org	FBbt_00040037	VFB_00101567	0	3	16.0
2025-02-05	v2.virtualflybrain.org	FBbt_00040038	VFB_00101567	0	4	89.0
2025-02-05	v2.virtualflybrain.org	FBbt_00040039	VFB_00101567	0	2	10.0
2025-02-05	v2.virtualflybrain.org	FBbt_00040041	VFB_00017894	1	1	68.0
2025-02-05	v2.virtualflybrain.org	FBbt_00040041	VFB_00101567	0	1	13.0
2025-02-05	v2.virtualflybrain.org	FBbt_00040042	VFB_00101567	0	3	52.0
2025-02-05	v2.virtualflybrain.org	FBbt_00040043	VFB_00017894	1	1	42.0
2025-02-05	v2.virtualflybrain.org	FBbt_00040043	VFB_00101567	1	8	231.0
2025-02-05	v2.virtualflybrain.org	FBbt_00040049	VFB_00101567	0	1	44.0
2025-02-05	v2.virtualflybrain.org	FBbt_00040071	VFB_00101567	0	1	2.0
2025-02-05	v2.virtualflybrain.org	FBbt_00040072	VFB_00101567	0	1	2.0
2025-02-05	v2.virtualflybrain.org	FBbt_00045003	VFB_00101567	2	4	31.0
2025-02-05	v2.virtualflybrain.org	FBbt_00045020	VFB_00101567	0	1	15.0
2025-02-05	v2.virtualflybrain.org	FBbt_00045027	VFB_00101567	0	1	9.0
2025-02-05	v2.virtualflybrain.org	FBbt_00045030	VFB_00101567	0	2	13.0
2025-02-05	v2.virtualflybrain.org	FBbt_00045037	VFB_00101567	0	1	1.0
2025-02-05	v2.virtualflybrain.org	FBbt_00045047	VFB_00101567	1	2	23.0
2025-02-05	v2.virtualflybrain.org	FBbt_00045048	VFB_00101567	0	3	107.0
2025-02-05	v2.virtualflybrain.org	FBbt_00045050	VFB_00101567	1	3	63.0
2025-02-05	v2.virtualflybrain.org	FBbt_00045051	VFB_00101567	0	1	4.0
2025-02-05	v2.virtualflybrain.org	FBbt_00047096	VFB_00050000	0	4	61.0
2025-02-05	v2.virtualflybrain.org	FBbt_00047190	VFB_00101567	0	1	51.0
2025-02-05	v2.virtualflybrain.org	FBbt_00047639	VFB_00101567	0	1	0.0
2025-02-05	v2.virtualflybrain.org	FBbt_00047887	VFB_00101567	0	5	28.0
2025-02-05	v2.virtualflybrain.org	FBbt_00048511	VFB_00050000	0	1	21.0
2025-02-05	v2.virtualflybrain.org	FBbt_00049782	VFB_00101567	0	2	87.0
2025-02-05	v2.virtualflybrain.org	FBbt_00049825		1	1	1.0
2025-02-05	v2.virtualflybrain.org	FBbt_00049825	VFB_00101567	0	1	27.0
2025-02-05	v2.virtualflybrain.org	FBbt_00049919	VFB_00101567	1	1	0.0
2025-02-05	v2.virtualflybrain.org	FBbt_00051235	VFB_00101567	0	1	115.0
2025-02-05	v2.virtualflybrain.org	FBbt_00051241	VFB_00101567	2	4	206.0
2025-02-05	v2.virtualflybrain.org	FBbt_00051362	VFB_00050000	0	1	1.0
2025-02-05	v2.virtualflybrain.org	FBbt_00051423	VFB_00050000	0	3	38.0
2025-02-05	v2.virtualflybrain.org	FBbt_00051424	VFB_00050000	0	5	45.0
2025-02-05	v2.virtualflybrain.org	FBbt_00051443	VFB_00050000	0	2	45.0
2025-02-05	v2.virtualflybrain.org	FBbt_00051444	VFB_00050000	0	1	18.0
2025-02-05	v2.virtualflybrain.org	FBbt_00051445	VFB_00050000	0	1	19.0
2025-02-05	v2.virtualflybrain.org	FBbt_00051447	VFB_00050000	0	1	28.0
2025-02-05	v2.virtualflybrain.org	FBbt_00051454	VFB_00050000	0	2	61.0
2025-02-05	v2.virtualflybrain.org	FBbt_00052344	VFB_00050000	0	2	65.0
2025-02-05	v2.virtualflybrain.org	FBbt_00052392	VFB_00050000	0	1	1.0
2025-02-05	v2.virtualflybrain.org	FBbt_00052664	VFB_00050000	0	4	27.0
2025-02-05	v2.virtualflybrain.org	FBbt_00059271	VFB_00050000	0	3	36.0
2025-02-05	v2.virtualflybrain.org	FBbt_00059273	VFB_00050000	0	6	33.0
2025-02-05	v2.virtualflybrain.org	FBbt_00067056	VFB_00101567	0	1	44.0
2025-02-05	v2.virtualflybrain.org	FBbt_00067350	VFB_00101567	0	1	11.0
2025-02-05	v2.virtualflybrain.org	FBbt_00100313	VFB_00101567	0	1	14.0
2025-02-05	v2.virtualflybrain.org	FBbt_00100318	VFB_00050000	0	5	17.0
2025-02-05	v2.virtualflybrain.org	FBbt_00100643	VFB_00050000	0	1	28.0
2025-02-05	v2.virtualflybrain.org	FBbt_00110016	VFB_00101567	0	1	18.0
2025-02-05	v2.virtualflybrain.org	FBbt_00110636	VFB_00101567	0	1	7.0
2025-02-05	v2.virtualflybrain.org	FBbt_00110638	VFB_00101567	0	4	12.0
2025-02-05	v2.virtualflybrain.org	FBbt_00110639	VFB_00101567	0	1	4.0
2025-02-05	v2.virtualflybrain.org	FBbt_00110657	VFB_00017894	0	1	108.0
2025-02-05	v2.virtualflybrain.org	FBbt_00110657	VFB_00101567	0	3	38.0
2025-02-05	v2.virtualflybrain.org	FBbt_00110658	VFB_00101567	0	2	103.0
2025-02-05	v2.virtualflybrain.org	FBbt_10000000	VFB_00050000	0	4	89.0
2025-02-05	v2.virtualflybrain.org	FBbt_10000000	VFB_00101567	0	1	9.0
2025-02-05	v2.virtualflybrain.org	FBbt_20003541	VFB_00101567	0	1	35.0
2025-02-05	v2.virtualflybrain.org	FBbt_20011349	VFB_00101567	0	1	20.0
2025-02-05	v2.virtualflybrain.org	VFB_00011736	VFB_00017894	0	1	0.0
2025-02-05	v2.virtualflybrain.org	VFB_00011736	VFB_00101567	0	3	20.0
2025-02-05	v2.virtualflybrain.org	VFB_00017894	VFB_00017894	12	7	2.0
2025-02-05	v2.virtualflybrain.org	VFB_00024308	VFB_00101567	0	1	97.0
2025-02-05	v2.virtualflybrain.org	VFB_00024331	VFB_00101567	0	2	150.0
2025-02-05	v2.virtualflybrain.org	VFB_00024371	VFB_00101567	3	1	0.0
2025-02-05	v2.virtualflybrain.org	VFB_00024613	VFB_00101567	0	1	8.0
2025-02-05	v2.virtualflybrain.org	VFB_00024767	VFB_00101567	0	1	15.0
2025-02-05	v2.virtualflybrain.org	VFB_00024805	VFB_00101567	0	1	14.0
2025-02-05	v2.virtualflybrain.org	VFB_00024847	VFB_00101567	0	1	11.0
2025-02-05	v2.virtualflybrain.org	VFB_00025299	VFB_00101567	0	1	8.0
2025-02-05	v2.virtualflybrain.org	VFB_00025425	VFB_00101567	0	1	17.0
2025-02-05	v2.virtualflybrain.org	VFB_00025549	VFB_00101567	0	1	9.0
2025-02-05	v2.virtualflybrain.org	VFB_00025610	VFB_00101567	0	1	9.0
2025-02-05	v2.virtualflybrain.org	VFB_00025614	VFB_00101567	0	1	11.0
2025-02-05	v2.virtualflybrain.org	VFB_00025758	VFB_00101567	0	1	8.0
2025-02-05	v2.virtualflybrain.org	VFB_00025831	VFB_00101567	0	1	12.0
2025-02-05	v2.virtualflybrain.org	VFB_00025854	VFB_00101567	0	1	9.0
2025-02-05	v2.virtualflybrain.org	VFB_00025887	VFB_00101567	0	1	9.0
2025-02-05	v2.virtualflybrain.org	VFB_00025935	VFB_00101567	0	1	8.0
2025-02-05	v2.virtualflybrain.org	VFB_00025943	VFB_00101567	0	1	13.0
2025-02-05	v2.virtualflybrain.org	VFB_00026041	VFB_00101567	0	1	16.0
2025-02-05	v2.virtualflybrain.org	VFB_00026519	VFB_00101567	0	1	10.0
2025-02-05	v2.virtualflybrain.org	VFB_00026687	VFB_00101567	0	1	9.0
2025-02-05	v2.virtualflybrain.org	VFB_00026911	VFB_00101567	0	1	9.0
2025-02-05	v2.virtualflybrain.org	VFB_00026975	VFB_00101567	0	1	13.0
2025-02-05	v2.virtualflybrain.org	VFB_00027033	VFB_00101567	0	1	9.0
2025-02-05	v2.virtualflybrain.org	VFB_00027038	VFB_00101567	0	1	8.0
2025-02-05	v2.virtualflybrain.org	VFB_00027057	VFB_00101567	0	1	8.0
2025-02-05	v2.virtualflybrain.org	VFB_00027109	VFB_00101567	0	1	8.0
2025-02-05	v2.virtualflybrain.org	VFB_00027149	VFB_00101567	0	1	9.0
2025-02-05	v2.virtualflybrain.org	VFB_00027164	VFB_00101567	0	1	9.0
2025-02-05	v2.virtualflybrain.org	VFB_00027290	VFB_00101567	0	2	32.0
2025-02-05	v2.virtualflybrain.org	VFB_00028025	VFB_00101567	0	1	195.0
2025-02-05	v2.virtualflybrain.org	VFB_00028038	VFB_00101567	3	1	61.0
2025-02-05	v2.virtualflybrain.org	VFB_00028101	VFB_00101567	0	2	5.0
2025-02-05	v2.virtualflybrain.org	VFB_00028216	VFB_00101567	0	1	91.0
2025-02-05	v2.virtualflybrain.org	VFB_00028286	VFB_00101567	0	1	179.0
2025-02-05	v2.virtualflybrain.org	VFB_00028433	VFB_00101567	0	1	39.0
2025-02-05	v2.virtualflybrain.org	VFB_00028438	VFB_00101567	0	1	33.0
2025-02-05	v2.virtualflybrain.org	VFB_00028441	VFB_00101567	0	1	29.0
2025-02-05	v2.virtualflybrain.org	VFB_00028475	VFB_00101567	0	1	21.0
2025-02-05	v2.virtualflybrain.org	VFB_00028479	VFB_00101567	0	1	123.0
2025-02-05	v2.virtualflybrain.org	VFB_00028483	VFB_00101567	0	1	22.0
2025-02-05	v2.virtualflybrain.org	VFB_00028497	VFB_00101567	0	1	24.0
2025-02-05	v2.virtualflybrain.org	VFB_00028664	VFB_00101567	0	1	19.0
2025-02-05	v2.virtualflybrain.org	VFB_00028669	VFB_00101567	0	1	24.0
2025-02-05	v2.virtualflybrain.org	VFB_00028670	VFB_00101567	0	1	17.0
2025-02-05	v2.virtualflybrain.org	VFB_00028759	VFB_00101567	0	1	379.0
2025-02-05	v2.virtualflybrain.org	VFB_00028760	VFB_00101567	0	1	15.0
2025-02-05	v2.virtualflybrain.org	VFB_00028830	VFB_00101567	0	1	15.0
2025-02-05	v2.virtualflybrain.org	VFB_00028981	VFB_00101567	0	1	18.0
2025-02-05	v2.virtualflybrain.org	VFB_00029000	VFB_00101567	0	1	27.0
2025-02-05	v2.virtualflybrain.org	VFB_00029039	VFB_00101567	0	1	15.0
2025-02-05	v2.virtualflybrain.org	VFB_00029055	VFB_00101567	0	1	15.0
2025-02-05	v2.virtualflybrain.org	VFB_00029117	VFB_00101567	0	1	18.0
2025-02-05	v2.virtualflybrain.org	VFB_00029296	VFB_00101567	0	1	53.0
2025-02-05	v2.virtualflybrain.org	VFB_00029299	VFB_00101567	0	1	17.0
2025-02-05	v2.virtualflybrain.org	VFB_00029313	VFB_00101567	0	1	18.0
2025-02-05	v2.virtualflybrain.org	VFB_00029325	VFB_00101567	0	1	15.0
2025-02-05	v2.virtualflybrain.org	VFB_00029345	VFB_00101567	0	1	12.0
2025-02-05	v2.virtualflybrain.org	VFB_00029346	VFB_00101567	0	1	11.0
2025-02-05	v2.virtualflybrain.org	VFB_00029473	VFB_00101567	0	1	10.0
2025-02-05	v2.virtualflybrain.org	VFB_00029537	VFB_00101567	0	1	17.0
2025-02-05	v2.virtualflybrain.org	VFB_00029694	VFB_00101567	0	1	15.0
2025-02-05	v2.virtualflybrain.org	VFB_00029695	VFB_00101567	0	1	14.0
2025-02-05	v2.virtualflybrain.org	VFB_00029726	VFB_00101567	0	1	12.0
2025-02-05	v2.virtualflybrain.org	VFB_00029761	VFB_00101567	0	1	12.0
2025-02-05	v2.virtualflybrain.org	VFB_00029985	VFB_00101567	0	1	13.0
2025-02-05	v2.virtualflybrain.org	VFB_00030082	VFB_00101567	0	1	12.0
2025-02-05	v2.virtualflybrain.org	VFB_00030176	VFB_00101567	0	1	13.0
2025-02-05	v2.virtualflybrain.org	VFB_00030198	VFB_00101567	0	1	12.0
2025-02-05	v2.virtualflybrain.org	VFB_00030567	VFB_00101567	0	1	9.0
2025-02-05	v2.virtualflybrain.org	VFB_00030619	VFB_00017894	2	3	103.0
2025-02-05	v2.virtualflybrain.org	VFB_00030619	VFB_00049000	0	2	1.0
2025-02-05	v2.virtualflybrain.org	VFB_00030629	VFB_00017894	0	1	0.0
2025-02-05	v2.virtualflybrain.org	VFB_00030838	VFB_00017894	0	2	0.0
2025-02-05	v2.virtualflybrain.org	VFB_00030867	VFB_00017894	4	5	25.0
2025-02-05	v2.virtualflybrain.org	VFB_00030867	VFB_00030867	1	2	2.0
2025-02-05	v2.virtualflybrain.org	VFB_00030867	VFB_00101567	3	5	34.0
2025-02-05	v2.virtualflybrain.org	VFB_00030900	VFB_00017894	1	2	0.0
2025-02-05	v2.virtualflybrain.org	VFB_00036945	VFB_00101567	0	1	12.0
2025-02-05	v2.virtualflybrain.org	VFB_00036981	VFB_00101567	0	1	9.0
2025-02-05	v2.virtualflybrain.org	VFB_00037046	VFB_00101567	0	1	8.0
2025-02-05	v2.virtualflybrain.org	VFB_00037076	VFB_00101567	0	1	12.0
2025-02-05	v2.virtualflybrain.org	VFB_00037280	VFB_00101567	0	1	10.0
2025-02-05	v2.virtualflybrain.org	VFB_00037361	VFB_00101567	0	1	10.0
2025-02-05	v2.virtualflybrain.org	VFB_00037409	VFB_00101567	0	1	9.0
2025-02-05	v2.virtualflybrain.org	VFB_00037657	VFB_00101567	0	1	9.0
2025-02-05	v2.virtualflybrain.org	VFB_00037709	VFB_00101567	0	1	10.0
2025-02-05	v2.virtualflybrain.org	VFB_00037736	VFB_00101567	0	1	10.0
2025-02-05	v2.virtualflybrain.org	VFB_00037739	VFB_00101567	0	1	12.0
2025-02-05	v2.virtualflybrain.org	VFB_00037754	VFB_00101567	0	1	10.0
2025-02-05	v2.virtualflybrain.org	VFB_00038040	VFB_00101567	0	1	12.0
2025-02-05	v2.virtualflybrain.org	VFB_00038044	VFB_00101567	0	1	10.0
2025-02-05	v2.virtualflybrain.org	VFB_00038059	VFB_00101567	0	1	8.0
2025-02-05	v2.virtualflybrain.org	VFB_00038241	VFB_00101567	0	1	9.0
2025-02-05	v2.virtualflybrain.org	VFB_00038253	VFB_00101567	0	1	10.0
2025-02-05	v2.virtualflybrain.org	VFB_00038272	VFB_00101567	0	1	14.0
2025-02-05	v2.virtualflybrain.org	VFB_00038282	VFB_00101567	0	1	8.0
2025-02-05	v2.virtualflybrain.org	VFB_00038347	VFB_00101567	0	1	10.0
2025-02-05	v2.virtualflybrain.org	VFB_00038365	VFB_00101567	0	1	9.0
2025-02-05	v2.virtualflybrain.org	VFB_00038508	VFB_00101567	0	1	14.0
2025-02-05	v2.virtualflybrain.org	VFB_00038517	VFB_00101567	0	1	13.0
2025-02-05	v2.virtualflybrain.org	VFB_00038523	VFB_00101567	0	1	12.0
2025-02-05	v2.virtualflybrain.org	VFB_00038538	VFB_00101567	0	1	8.0
2025-02-05	v2.virtualflybrain.org	VFB_00038550	VFB_00101567	0	1	10.0
2025-02-05	v2.virtualflybrain.org	VFB_00038577	VFB_00101567	0	1	9.0
2025-02-05	v2.virtualflybrain.org	VFB_00038617	VFB_00101567	0	1	9.0
2025-02-05	v2.virtualflybrain.org	VFB_00038713	VFB_00101567	0	1	50.0
2025-02-05	v2.virtualflybrain.org	VFB_00038812	VFB_00101567	0	1	14.0
2025-02-05	v2.virtualflybrain.org	VFB_00038815	VFB_00101567	0	1	10.0
2025-02-05	v2.virtualflybrain.org	VFB_00038816	VFB_00101567	0	1	9.0
2025-02-05	v2.virtualflybrain.org	VFB_00038970	VFB_00101567	0	1	11.0
2025-02-05	v2.virtualflybrain.org	VFB_00039022	VFB_00101567	0	1	9.0
2025-02-05	v2.virtualflybrain.org	VFB_00039307	VFB_00101567	0	1	19.0
2025-02-05	v2.virtualflybrain.org	VFB_00039377	VFB_00101567	0	1	12.0
2025-02-05	v2.virtualflybrain.org	VFB_00039388	VFB_00101567	0	1	9.0
2025-02-05	v2.virtualflybrain.org	VFB_00039435	VFB_00101567	0	1	9.0
2025-02-05	v2.virtualflybrain.org	VFB_00039478	VFB_00101567	0	1	9.0
2025-02-05	v2.virtualflybrain.org	VFB_00039496	VFB_00101567	0	1	14.0
2025-02-05	v2.virtualflybrain.org	VFB_00039541	VFB_00101567	0	1	9.0
2025-02-05	v2.virtualflybrain.org	VFB_00039592	VFB_00101567	0	1	19.0
2025-02-05	v2.virtualflybrain.org	VFB_00039792	VFB_00101567	0	1	11.0
2025-02-05	v2.virtualflybrain.org	VFB_00039801	VFB_00101567	0	1	9.0
2025-02-05	v2.virtualflybrain.org	VFB_00039844	VFB_00101567	0	1	10.0
2025-02-05	v2.virtualflybrain.org	VFB_00039852	VFB_00101567	0	1	12.0
2025-02-05	v2.virtualflybrain.org	VFB_00039865	VFB_00101567	0	1	9.0
2025-02-05	v2.virtualflybrain.org	VFB_00039889	VFB_00101567	0	1	16.0
2025-02-05	v2.virtualflybrain.org	VFB_00039953	VFB_00101567	0	1	9.0
2025-02-05	v2.virtualflybrain.org	VFB_00039961	VFB_00101567	0	1	13.0
2025-02-05	v2.virtualflybrain.org	VFB_00040002	VFB_00101567	0	3	118.0
2025-02-05	v2.virtualflybrain.org	VFB_00040008	VFB_00101567	0	2	39.0
2025-02-05	v2.virtualflybrain.org	VFB_00040076	VFB_00101567	1	2	17.0
2025-02-05	v2.virtualflybrain.org	VFB_00040087	VFB_00101567	0	1	24.0
2025-02-05	v2.virtualflybrain.org	VFB_00040095	VFB_00101567	0	1	10.0
2025-02-05	v2.virtualflybrain.org	VFB_00040181	VFB_00101567	0	1	12.0
2025-02-05	v2.virtualflybrain.org	VFB_00040184	VFB_00101567	0	1	11.0
2025-02-05	v2.virtualflybrain.org	VFB_00040187	VFB_00101567	0	1	7.0
2025-02-05	v2.virtualflybrain.org	VFB_00040202	VFB_00101567	0	1	10.0
2025-02-05	v2.virtualflybrain.org	VFB_00040233	VFB_00101567	0	1	9.0
2025-02-05	v2.virtualflybrain.org	VFB_00040284	VFB_00101567	0	1	13.0
2025-02-05	v2.virtualflybrain.org	VFB_00040396	VFB_00101567	0	1	9.0
2025-02-05	v2.virtualflybrain.org	VFB_00040413	VFB_00101567	0	1	7.0
2025-02-05	v2.virtualflybrain.org	VFB_00040555	VFB_00101567	0	1	15.0
2025-02-05	v2.virtualflybrain.org	VFB_00040623	VFB_00101567	0	1	7.0
2025-02-05	v2.virtualflybrain.org	VFB_00040721	VFB_00101567	0	1	10.0
2025-02-05	v2.virtualflybrain.org	VFB_00040841	VFB_00101567	0	1	9.0
2025-02-05	v2.virtualflybrain.org	VFB_00040896	VFB_00101567	0	1	7.0
2025-02-05	v2.virtualflybrain.org	VFB_00040952	VFB_00101567	0	1	8.0
2025-02-05	v2.virtualflybrain.org	VFB_00040994	VFB_00101567	0	1	10.0
2025-02-05	v2.virtualflybrain.org	VFB_00041100	VFB_00101567	0	1	13.0
2025-02-05	v2.virtualflybrain.org	VFB_00041121	VFB_00101567	0	1	8.0
2025-02-05	v2.virtualflybrain.org	VFB_00041146	VFB_00101567	0	1	10.0
2025-02-05	v2.virtualflybrain.org	VFB_00041149	VFB_00101567	0	1	8.0
2025-02-05	v2.virtualflybrain.org	VFB_00041173	VFB_00101567	0	1	11.0
2025-02-05	v2.virtualflybrain.org	VFB_00041178	VFB_00101567	0	1	8.0
2025-02-05	v2.virtualflybrain.org	VFB_00041182	VFB_00101567	0	1	9.0
2025-02-05	v2.virtualflybrain.org	VFB_00041248	VFB_00101567	0	1	8.0
2025-02-05	v2.virtualflybrain.org	VFB_00041296	VFB_00101567	0	1	7.0
2025-02-05	v2.virtualflybrain.org	VFB_00041459	VFB_00101567	0	1	8.0
2025-02-05	v2.virtualflybrain.org	VFB_00041519	VFB_00101567	0	1	6.0
2025-02-05	v2.virtualflybrain.org	VFB_00041548	VFB_00101567	0	1	9.0
2025-02-05	v2.virtualflybrain.org	VFB_00041557	VFB_00101567	0	1	7.0
2025-02-05	v2.virtualflybrain.org	VFB_00041561	VFB_00101567	0	1	9.0
2025-02-05	v2.virtualflybrain.org	VFB_00041570	VFB_00101567	0	1	8.0
2025-02-05	v2.virtualflybrain.org	VFB_00041608	VFB_00101567	0	1	11.0
2025-02-05	v2.virtualflybrain.org	VFB_00041686	VFB_00101567	0	1	9.0
2025-02-05	v2.virtualflybrain.org	VFB_00041877	VFB_00101567	0	1	9.0
2025-02-05	v2.virtualflybrain.org	VFB_00041882	VFB_00101567	0	3	46.0
2025-02-05	v2.virtualflybrain.org	VFB_00041992	VFB_00101567	0	1	22.0
2025-02-05	v2.virtualflybrain.org	VFB_00042118	VFB_00101567	0	1	21.0
2025-02-05	v2.virtualflybrain.org	VFB_00042139	VFB_00101567	0	1	11.0
2025-02-05	v2.virtualflybrain.org	VFB_00042178	VFB_00101567	0	1	14.0
2025-02-05	v2.virtualflybrain.org	VFB_00042220	VFB_00101567	0	1	8.0
2025-02-05	v2.virtualflybrain.org	VFB_00042319	VFB_00101567	0	1	9.0
2025-02-05	v2.virtualflybrain.org	VFB_00042384	VFB_00101567	0	2	20.0
2025-02-05	v2.virtualflybrain.org	VFB_00042705	VFB_00101567	0	1	9.0
2025-02-05	v2.virtualflybrain.org	VFB_00042724	VFB_00101567	0	1	10.0
2025-02-05	v2.virtualflybrain.org	VFB_00042859	VFB_00101567	0	1	10.0
2025-02-05	v2.virtualflybrain.org	VFB_00042908	VFB_00101567	0	1	8.0
2025-02-05	v2.virtualflybrain.org	VFB_00042913	VFB_00101567	0	1	8.0
2025-02-05	v2.virtualflybrain.org	VFB_00043189	VFB_00101567	0	1	21.0
2025-02-05	v2.virtualflybrain.org	VFB_00043214	VFB_00101567	0	1	12.0
2025-02-05	v2.virtualflybrain.org	VFB_00043218	VFB_00101567	0	1	8.0
2025-02-05	v2.virtualflybrain.org	VFB_00043532	VFB_00101567	0	1	9.0
2025-02-05	v2.virtualflybrain.org	VFB_00043546	VFB_00101567	0	1	11.0
2025-02-05	v2.virtualflybrain.org	VFB_00043584	VFB_00101567	0	1	12.0
2025-02-05	v2.virtualflybrain.org	VFB_00043596	VFB_00101567	0	1	12.0
2025-02-05	v2.virtualflybrain.org	VFB_00043614	VFB_00101567	0	1	11.0
2025-02-05	v2.virtualflybrain.org	VFB_00043718	VFB_00101567	0	1	8.0
2025-02-05	v2.virtualflybrain.org	VFB_00043803	VFB_00101567	0	1	8.0
2025-02-05	v2.virtualflybrain.org	VFB_00043807	VFB_00101567	0	1	11.0
2025-02-05	v2.virtualflybrain.org	VFB_00043863	VFB_00101567	0	1	8.0
2025-02-05	v2.virtualflybrain.org	VFB_00043879	VFB_00101567	0	1	9.0
2025-02-05	v2.virtualflybrain.org	VFB_00044074	VFB_00101567	0	1	9.0
2025-02-05	v2.virtualflybrain.org	VFB_00044088	VFB_00101567	0	1	9.0
2025-02-05	v2.virtualflybrain.org	VFB_00044123	VFB_00101567	0	1	8.0
2025-02-05	v2.virtualflybrain.org	VFB_00044221	VFB_00101567	0	1	8.0
2025-02-05	v2.virtualflybrain.org	VFB_00044235	VFB_00101567	0	1	7.0
2025-02-05	v2.virtualflybrain.org	VFB_00044245	VFB_00101567	0	1	8.0
2025-02-05	v2.virtualflybrain.org	VFB_00044295	VFB_00101567	0	1	10.0
2025-02-05	v2.virtualflybrain.org	VFB_00044323	VFB_00101567	0	1	10.0
2025-02-05	v2.virtualflybrain.org	VFB_00044340	VFB_00101567	0	1	8.0
2025-02-05	v2.virtualflybrain.org	VFB_00044394	VFB_00101567	0	1	9.0
2025-02-05	v2.virtualflybrain.org	VFB_00044485	VFB_00101567	0	1	8.0
2025-02-05	v2.virtualflybrain.org	VFB_00044592	VFB_00101567	0	1	10.0
2025-02-05	v2.virtualflybrain.org	VFB_00044678	VFB_00101567	0	1	9.0
2025-02-05	v2.virtualflybrain.org	VFB_00044696	VFB_00101567	0	1	9.0
2025-02-05	v2.virtualflybrain.org	VFB_00044726	VFB_00101567	0	1	8.0
2025-02-05	v2.virtualflybrain.org	VFB_00044845	VFB_00101567	0	1	10.0
2025-02-05	v2.virtualflybrain.org	VFB_00044922	VFB_00101567	0	1	7.0
2025-02-05	v2.virtualflybrain.org	VFB_00044938	VFB_00101567	0	1	9.0
2025-02-05	v2.virtualflybrain.org	VFB_00044992	VFB_00101567	0	1	10.0
2025-02-05	v2.virtualflybrain.org	VFB_00045107	VFB_00101567	4	1	0.0
2025-02-05	v2.virtualflybrain.org	VFB_00045119	VFB_00101567	0	1	11.0
2025-02-05	v2.virtualflybrain.org	VFB_00045143	VFB_00101567	0	1	12.0
2025-02-05	v2.virtualflybrain.org	VFB_00045241	VFB_00101567	0	1	8.0
2025-02-05	v2.virtualflybrain.org	VFB_00045253	VFB_00101567	0	1	11.0
2025-02-05	v2.virtualflybrain.org	VFB_00045307	VFB_00101567	0	1	9.0
2025-02-05	v2.virtualflybrain.org	VFB_00045375	VFB_00101567	0	1	8.0
2025-02-05	v2.virtualflybrain.org	VFB_00045462	VFB_00101567	0	1	11.0
2025-02-05	v2.virtualflybrain.org	VFB_00045491	VFB_00101567	0	1	9.0
2025-02-05	v2.virtualflybrain.org	VFB_00045791	VFB_00101567	0	1	17.0
2025-02-05	v2.virtualflybrain.org	VFB_00045813	VFB_00101567	0	1	8.0
2025-02-05	v2.virtualflybrain.org	VFB_00045937	VFB_00101567	0	1	7.0
2025-02-05	v2.virtualflybrain.org	VFB_00045999	VFB_00101567	0	1	7.0
2025-02-05	v2.virtualflybrain.org	VFB_00046137	VFB_00101567	0	1	14.0
2025-02-05	v2.virtualflybrain.org	VFB_00046217	VFB_00101567	1	2	12.0
2025-02-05	v2.virtualflybrain.org	VFB_00046299	VFB_00101567	0	1	19.0
2025-02-05	v2.virtualflybrain.org	VFB_00046307	VFB_00101567	0	1	13.0
2025-02-05	v2.virtualflybrain.org	VFB_00046316	VFB_00101567	0	1	9.0
2025-02-05	v2.virtualflybrain.org	VFB_00046326	VFB_00101567	0	1	9.0
2025-02-05	v2.virtualflybrain.org	VFB_00046346	VFB_00101567	0	1	7.0
2025-02-05	v2.virtualflybrain.org	VFB_00046352	VFB_00101567	0	1	12.0
2025-02-05	v2.virtualflybrain.org	VFB_00046355	VFB_00101567	0	1	11.0
2025-02-05	v2.virtualflybrain.org	VFB_00046376	VFB_00101567	0	1	7.0
2025-02-05	v2.virtualflybrain.org	VFB_00046400	VFB_00101567	0	1	20.0
2025-02-05	v2.virtualflybrain.org	VFB_00046423	VFB_00101567	0	1	10.0
2025-02-05	v2.virtualflybrain.org	VFB_00046445	VFB_00101567	0	1	8.0
2025-02-05	v2.virtualflybrain.org	VFB_00046455	VFB_00101567	0	1	7.0
2025-02-05	v2.virtualflybrain.org	VFB_00046473	VFB_00101567	0	1	7.0
2025-02-05	v2.virtualflybrain.org	VFB_00046475	VFB_00101567	0	1	8.0
2025-02-05	v2.virtualflybrain.org	VFB_00046477	VFB_00101567	0	1	9.0
2025-02-05	v2.virtualflybrain.org	VFB_00046527	VFB_00101567	0	1	10.0
2025-02-05	v2.virtualflybrain.org	VFB_00046617	VFB_00101567	0	1	8.0
2025-02-05	v2.virtualflybrain.org	VFB_00046785	VFB_00101567	0	1	10.0
2025-02-05	v2.virtualflybrain.org	VFB_00046839	VFB_00101567	0	1	8.0
2025-02-05	v2.virtualflybrain.org	VFB_00046879	VFB_00101567	0	1	9.0
2025-02-05	v2.virtualflybrain.org	VFB_00047126	VFB_00101567	0	1	8.0
2025-02-05	v2.virtualflybrain.org	VFB_00047195	VFB_00101567	0	1	8.0
2025-02-05	v2.virtualflybrain.org	VFB_00047200	VFB_00101567	0	1	8.0
2025-02-05	v2.virtualflybrain.org	VFB_00047261	VFB_00101567	0	1	7.0
2025-02-05	v2.virtualflybrain.org	VFB_00047301	VFB_00101567	0	1	9.0
2025-02-05	v2.virtualflybrain.org	VFB_00047454	VFB_00101567	0	1	8.0
2025-02-05	v2.virtualflybrain.org	VFB_00047463	VFB_00101567	0	1	8.0
2025-02-05	v2.virtualflybrain.org	VFB_00047778	VFB_00101567	0	1	13.0
2025-02-05	v2.virtualflybrain.org	VFB_00047786	VFB_00101567	0	1	8.0
2025-02-05	v2.virtualflybrain.org	VFB_00047958	VFB_00101567	0	1	7.0
2025-02-05	v2.virtualflybrain.org	VFB_00047963	VFB_00101567	0	1	8.0
2025-02-05	v2.virtualflybrain.org	VFB_00048063	VFB_00101567	0	1	18.0
2025-02-05	v2.virtualflybrain.org	VFB_00048184	VFB_00101567	0	1	10.0
2025-02-05	v2.virtualflybrain.org	VFB_00048396	VFB_00101567	0	1	10.0
2025-02-05	v2.virtualflybrain.org	VFB_00048428	VFB_00101567	0	1	6.0
2025-02-05	v2.virtualflybrain.org	VFB_00048436	VFB_00101567	0	1	8.0
2025-02-05	v2.virtualflybrain.org	VFB_00048527	VFB_00101567	0	1	9.0
2025-02-05	v2.virtualflybrain.org	VFB_00048536	VFB_00101567	0	1	11.0
2025-02-05	v2.virtualflybrain.org	VFB_00049000	VFB_00049000	0	1	0.0
2025-02-05	v2.virtualflybrain.org	VFB_00050000	VFB_00050000	4	16	53.0
2025-02-05	v2.virtualflybrain.org	VFB_00050396	VFB_00049000	1	2	0.0
2025-02-05	v2.virtualflybrain.org	VFB_00050396	VFB_00101567	0	2	12.0
2025-02-05	v2.virtualflybrain.org	VFB_00061188	VFB_00049000	1	3	4.0
2025-02-05	v2.virtualflybrain.org	VFB_00061188	VFB_00050000	0	2	1.0
2025-02-05	v2.virtualflybrain.org	VFB_00061615	VFB_00050000	1	1	0.0
2025-02-05	v2.virtualflybrain.org	VFB_00062481	VFB_00049000	1	3	3.0
2025-02-05	v2.virtualflybrain.org	VFB_00062481	VFB_00050000	0	2	14.0
2025-02-05	v2.virtualflybrain.org	VFB_00066067		1	1	1.0
2025-02-05	v2.virtualflybrain.org	VFB_00066067	VFB_00101567	0	1	16.0
2025-02-05	v2.virtualflybrain.org	VFB_00069250	VFB_00101567	0	1	70.0
2025-02-05	v2.virtualflybrain.org	VFB_00069445	VFB_00101567	1	2	0.0
2025-02-05	v2.virtualflybrain.org	VFB_00100020	VFB_00100000	2	2	3.0
2025-02-05	v2.virtualflybrain.org	VFB_00100020	VFB_00101567	0	2	13.0
2025-02-05	v2.virtualflybrain.org	VFB_00100032	VFB_00050000	0	1	25.0
2025-02-05	v2.virtualflybrain.org	VFB_00100069	VFB_00050000	0	1	14.0
2025-02-05	v2.virtualflybrain.org	VFB_00100086	VFB_00050000	2	3	7.0
2025-02-05	v2.virtualflybrain.org	VFB_00100086	VFB_00101567	1	4	190.0
2025-02-05	v2.virtualflybrain.org	VFB_001000o9	VFB_001000o9	1	2	1.0
2025-02-05	v2.virtualflybrain.org	VFB_001000o9	VFB_00101567	2	1	96.0
2025-02-05	v2.virtualflybrain.org	VFB_00100123	VFB_00050000	1	1	0.0
2025-02-05	v2.virtualflybrain.org	VFB_00100179	VFB_00101567	0	2	15.0
2025-02-05	v2.virtualflybrain.org	VFB_00100184	VFB_00050000	3	3	12.0
2025-02-05	v2.virtualflybrain.org	VFB_00100184	VFB_00101567	1	4	56.0
2025-02-05	v2.virtualflybrain.org	VFB_001001oo	VFB_00050000	0	1	27.0
2025-02-05	v2.virtualflybrain.org	VFB_001001p2	VFB_00050000	0	1	43.0
2025-02-05	v2.virtualflybrain.org	VFB_001001wu	VFB_00050000	0	1	11.0
2025-02-05	v2.virtualflybrain.org	VFB_001001ya	VFB_00050000	0	1	20.0
2025-02-05	v2.virtualflybrain.org	VFB_00100210	VFB_00050000	0	1	0.0
2025-02-05	v2.virtualflybrain.org	VFB_0010024n	VFB_00050000	0	1	23.0
2025-02-05	v2.virtualflybrain.org	VFB_0010025d	VFB_00050000	1	3	38.0
2025-02-05	v2.virtualflybrain.org	VFB_0010025j	VFB_00050000	0	1	26.0
2025-02-05	v2.virtualflybrain.org	VFB_0010025n	VFB_00050000	0	1	15.0
2025-02-05	v2.virtualflybrain.org	VFB_0010026z	VFB_00050000	0	1	72.0
2025-02-05	v2.virtualflybrain.org	VFB_0010027g	VFB_00050000	0	1	27.0
2025-02-05	v2.virtualflybrain.org	VFB_0010027j	VFB_00050000	0	1	27.0
2025-02-05	v2.virtualflybrain.org	VFB_0010027l	VFB_00050000	0	1	16.0
2025-02-05	v2.virtualflybrain.org	VFB_00100323	VFB_00050000	0	2	0.0
2025-02-05	v2.virtualflybrain.org	VFB_00100460	VFB_00050000	0	1	0.0
2025-02-05	v2.virtualflybrain.org	VFB_00100506	VFB_00050000	1	2	5.0
2025-02-05	v2.virtualflybrain.org	VFB_00100507	VFB_00050000	0	1	0.0
2025-02-05	v2.virtualflybrain.org	VFB_00100612	VFB_00101567	0	1	54.0
2025-02-05	v2.virtualflybrain.org	VFB_00100614	VFB_00050000	0	1	20.0
2025-02-05	v2.virtualflybrain.org	VFB_00100615	VFB_00050000	0	1	619.0
2025-02-05	v2.virtualflybrain.org	VFB_00100683	VFB_00050000	3	3	59.0
2025-02-05	v2.virtualflybrain.org	VFB_00100683	VFB_00101567	0	2	4.0
2025-02-05	v2.virtualflybrain.org	VFB_00100713	VFB_00101567	0	1	27.0
2025-02-05	v2.virtualflybrain.org	VFB_00100768	VFB_00050000	0	1	37.0
2025-02-05	v2.virtualflybrain.org	VFB_00100802	VFB_00050000	0	2	0.0
2025-02-05	v2.virtualflybrain.org	VFB_00100843	VFB_00050000	0	1	34.0
2025-02-05	v2.virtualflybrain.org	VFB_00100875	VFB_00050000	0	2	0.0
2025-02-05	v2.virtualflybrain.org	VFB_00100905	VFB_00050000	0	1	36.0
2025-02-05	v2.virtualflybrain.org	VFB_00101106	VFB_00050000	0	1	87.0
2025-02-05	v2.virtualflybrain.org	VFB_001011ck		1	1	151.0
2025-02-05	v2.virtualflybrain.org	VFB_001011dd	VFB_00101384	1	1	0.0
2025-02-05	v2.virtualflybrain.org	VFB_001011dv		1	1	1.0
2025-02-05	v2.virtualflybrain.org	VFB_001011fp	VFB_00050000	20	1	0.0
2025-02-05	v2.virtualflybrain.org	VFB_001011hm	VFB_00050000	0	1	19.0
2025-02-05	v2.virtualflybrain.org	VFB_001012qy	VFB_00101567	0	1	9.0
2025-02-05	v2.virtualflybrain.org	VFB_00101384	VFB_00101384	0	1	0.0
2025-02-05	v2.virtualflybrain.org	VFB_001014uq	VFB_00101567	0	1	3.0
2025-02-05	v2.virtualflybrain.org	VFB_001014uq	VFB_00110000	1	2	5.0
2025-02-05	v2.virtualflybrain.org	VFB_00101567	VFB_00101567	56	67	1634.0
2025-02-05	v2.virtualflybrain.org	VFB_001015as	VFB_00050000	0	1	17.0
2025-02-05	v2.virtualflybrain.org	VFB_001015b1	VFB_00050000	0	1	21.0
2025-02-05	v2.virtualflybrain.org	VFB_001015c2	VFB_00050000	0	2	139.0
2025-02-05	v2.virtualflybrain.org	VFB_001015dq	VFB_00050000	0	1	65.0
2025-02-05	v2.virtualflybrain.org	VFB_00101766	VFB_00050000	0	1	36.0
2025-02-05	v2.virtualflybrain.org	VFB_00101944	VFB_00050000	0	1	45.0
2025-02-05	v2.virtualflybrain.org	VFB_00102107	VFB_00101567	0	3	10.0
2025-02-05	v2.virtualflybrain.org	VFB_00102108	VFB_00101567	0	2	7.0
2025-02-05	v2.virtualflybrain.org	VFB_00102109	VFB_00101567	0	1	1.0
2025-02-05	v2.virtualflybrain.org	VFB_00102110	VFB_00101567	0	1	7.0
2025-02-05	v2.virtualflybrain.org	VFB_00102114	VFB_00101567	0	4	7.0
2025-02-05	v2.virtualflybrain.org	VFB_00102118	VFB_00101567	0	4	14.0
2025-02-05	v2.virtualflybrain.org	VFB_00102119	VFB_00017894	0	2	15.0
2025-02-05	v2.virtualflybrain.org	VFB_00102119	VFB_00101567	1	6	36.0
2025-02-05	v2.virtualflybrain.org	VFB_00102121	VFB_00101567	0	4	12.0
2025-02-05	v2.virtualflybrain.org	VFB_00102123	VFB_00101567	0	4	15.0
2025-02-05	v2.virtualflybrain.org	VFB_00102124	VFB_00101567	0	2	13.0
2025-02-05	v2.virtualflybrain.org	VFB_00102133	VFB_00101567	0	3	35.0
2025-02-05	v2.virtualflybrain.org	VFB_00102134	VFB_00101567	0	1	2.0
2025-02-05	v2.virtualflybrain.org	VFB_00102135	VFB_00101567	0	1	1.0
2025-02-05	v2.virtualflybrain.org	VFB_00102137	VFB_00101567	0	1	2.0
2025-02-05	v2.virtualflybrain.org	VFB_00102139	VFB_00101567	0	4	96.0
2025-02-05	v2.virtualflybrain.org	VFB_00102140	VFB_00101567	0	3	14.0
2025-02-05	v2.virtualflybrain.org	VFB_00102141	VFB_00101567	0	2	7.0
2025-02-05	v2.virtualflybrain.org	VFB_00102146	VFB_00101567	0	5	51.0
2025-02-05	v2.virtualflybrain.org	VFB_00102148	VFB_00101567	0	2	6.0
2025-02-05	v2.virtualflybrain.org	VFB_00102152	VFB_00101567	0	3	13.0
2025-02-05	v2.virtualflybrain.org	VFB_00102154	VFB_00101567	0	3	37.0
2025-02-05	v2.virtualflybrain.org	VFB_00102159	VFB_00101567	0	3	50.0
2025-02-05	v2.virtualflybrain.org	VFB_00102162	VFB_00101567	0	3	11.0
2025-02-05	v2.virtualflybrain.org	VFB_00102164	VFB_00101567	0	3	11.0
2025-02-05	v2.virtualflybrain.org	VFB_00102170	VFB_00101567	0	5	16.0
2025-02-05	v2.virtualflybrain.org	VFB_00102171	VFB_00101567	0	2	2.0
2025-02-05	v2.virtualflybrain.org	VFB_00102174	VFB_00101567	0	1	2.0
2025-02-05	v2.virtualflybrain.org	VFB_00102175	VFB_00101567	0	6	334.0
2025-02-05	v2.virtualflybrain.org	VFB_00102176	VFB_00101567	0	2	2.0
2025-02-05	v2.virtualflybrain.org	VFB_00102179	VFB_00101567	0	2	4.0
2025-02-05	v2.virtualflybrain.org	VFB_00102185	VFB_00101567	0	2	12.0
2025-02-05	v2.virtualflybrain.org	VFB_00102190	VFB_00101567	0	2	2.0
2025-02-05	v2.virtualflybrain.org	VFB_00102201	VFB_00101567	0	3	8.0
2025-02-05	v2.virtualflybrain.org	VFB_00102212	VFB_00101567	0	1	6.0
2025-02-05	v2.virtualflybrain.org	VFB_00102213	VFB_00101567	0	1	1.0
2025-02-05	v2.virtualflybrain.org	VFB_00102214	VFB_00101567	0	1	1.0
2025-02-05	v2.virtualflybrain.org	VFB_00102215	VFB_00101567	0	2	29.0
2025-02-05	v2.virtualflybrain.org	VFB_00102218	VFB_00101567	0	2	3.0
2025-02-05	v2.virtualflybrain.org	VFB_00102271	VFB_00101567	0	1	4.0
2025-02-05	v2.virtualflybrain.org	VFB_00102273	VFB_00101567	0	1	12.0
2025-02-05	v2.virtualflybrain.org	VFB_00102274	VFB_00101567	0	6	17.0
2025-02-05	v2.virtualflybrain.org	VFB_00102275	VFB_00101567	0	4	18.0
2025-02-05	v2.virtualflybrain.org	VFB_00102276	VFB_00101567	0	1	5.0
2025-02-05	v2.virtualflybrain.org	VFB_00102281	VFB_00101567	0	1	5.0
2025-02-05	v2.virtualflybrain.org	VFB_00102282	VFB_00101567	0	2	42.0
2025-02-05	v2.virtualflybrain.org	VFB_00102eg5	VFB_00050000	0	1	19.0
2025-02-05	v2.virtualflybrain.org	VFB_00102egd	VFB_00050000	0	1	43.0
2025-02-05	v2.virtualflybrain.org	VFB_00102ehm	VFB_00050000	0	1	43.0
2025-02-05	v2.virtualflybrain.org	VFB_00102ei4	VFB_00050000	0	1	21.0
2025-02-05	v2.virtualflybrain.org	VFB_00102eim	VFB_00050000	0	1	25.0
2025-02-05	v2.virtualflybrain.org	VFB_00102eip	VFB_00050000	0	2	0.0
2025-02-05	v2.virtualflybrain.org	VFB_00102ejd	VFB_00050000	0	1	16.0
2025-02-05	v2.virtualflybrain.org	VFB_00102ejt	VFB_00050000	0	1	107.0
2025-02-05	v2.virtualflybrain.org	VFB_00102emd	VFB_00050000	0	1	18.0
2025-02-05	v2.virtualflybrain.org	VFB_00102en9	VFB_00050000	0	1	29.0
2025-02-05	v2.virtualflybrain.org	VFB_00102eo4	VFB_00050000	0	1	39.0
2025-02-05	v2.virtualflybrain.org	VFB_00102eof	VFB_00050000	0	1	25.0
2025-02-05	v2.virtualflybrain.org	VFB_00102eoo	VFB_00050000	0	1	42.0
2025-02-05	v2.virtualflybrain.org	VFB_00102eop	VFB_00050000	0	1	27.0
2025-02-05	v2.virtualflybrain.org	VFB_00102epi	VFB_00050000	0	1	0.0
2025-02-05	v2.virtualflybrain.org	VFB_00102esf	VFB_00050000	0	1	51.0
2025-02-05	v2.virtualflybrain.org	VFB_00102esl	VFB_00050000	0	1	42.0
2025-02-05	v2.virtualflybrain.org	VFB_00102esw	VFB_00050000	0	2	43.0
2025-02-05	v2.virtualflybrain.org	VFB_00102et1	VFB_00050000	0	1	44.0
2025-02-05	v2.virtualflybrain.org	VFB_00102et4	VFB_00050000	0	1	12.0
2025-02-05	v2.virtualflybrain.org	VFB_00102et7	VFB_00050000	0	1	18.0
2025-02-05	v2.virtualflybrain.org	VFB_00102eti	VFB_00050000	0	1	23.0
2025-02-05	v2.virtualflybrain.org	VFB_00102euc	VFB_00050000	0	1	42.0
2025-02-05	v2.virtualflybrain.org	VFB_00102euy	VFB_00050000	0	1	38.0
2025-02-05	v2.virtualflybrain.org	VFB_00102eva	VFB_00050000	0	1	14.0
2025-02-05	v2.virtualflybrain.org	VFB_00102evi	VFB_00050000	0	1	27.0
2025-02-05	v2.virtualflybrain.org	VFB_00102evq	VFB_00050000	0	2	57.0
2025-02-05	v2.virtualflybrain.org	VFB_00102evt	VFB_00050000	0	2	22.0
2025-02-05	v2.virtualflybrain.org	VFB_00102ewm	VFB_00050000	0	2	38.0
2025-02-05	v2.virtualflybrain.org	VFB_00102ewp	VFB_00050000	0	2	60.0
2025-02-05	v2.virtualflybrain.org	VFB_00102exy	VFB_00050000	0	1	16.0
2025-02-05	v2.virtualflybrain.org	VFB_00102eyf	VFB_00050000	0	1	50.0
2025-02-05	v2.virtualflybrain.org	VFB_00102eyo	VFB_00050000	0	1	20.0
2025-02-05	v2.virtualflybrain.org	VFB_00102ez9	VFB_00050000	0	1	27.0
2025-02-05	v2.virtualflybrain.org	VFB_00102ezk	VFB_00050000	1	3	61.0
2025-02-05	v2.virtualflybrain.org	VFB_00102ezu	VFB_00050000	0	1	26.0
2025-02-05	v2.virtualflybrain.org	VFB_00102f06	VFB_00050000	0	1	23.0
2025-02-05	v2.virtualflybrain.org	VFB_00102f0b	VFB_00050000	0	2	24.0
2025-02-05	v2.virtualflybrain.org	VFB_00102f0e	VFB_00050000	0	1	240.0
2025-02-05	v2.virtualflybrain.org	VFB_00102f0f	VFB_00050000	0	1	13.0
2025-02-05	v2.virtualflybrain.org	VFB_00102f11	VFB_00050000	3	3	75.0
2025-02-05	v2.virtualflybrain.org	VFB_00102f1q	VFB_00050000	0	1	17.0
2025-02-05	v2.virtualflybrain.org	VFB_00102f3l	VFB_00050000	0	1	29.0
2025-02-05	v2.virtualflybrain.org	VFB_00102f3p	VFB_00050000	0	1	50.0
2025-02-05	v2.virtualflybrain.org	VFB_00102f3r	VFB_00050000	0	1	24.0
2025-02-05	v2.virtualflybrain.org	VFB_00102f41	VFB_00050000	0	1	0.0
2025-02-05	v2.virtualflybrain.org	VFB_00102f6g	VFB_00050000	0	1	28.0
2025-02-05	v2.virtualflybrain.org	VFB_00102f6n	VFB_00050000	0	1	18.0
2025-02-05	v2.virtualflybrain.org	VFB_00102f8x	VFB_00050000	0	1	26.0
2025-02-05	v2.virtualflybrain.org	VFB_00102f9d	VFB_00050000	0	1	38.0
2025-02-05	v2.virtualflybrain.org	VFB_00102f9q	VFB_00050000	0	1	30.0
2025-02-05	v2.virtualflybrain.org	VFB_00102fa5	VFB_00050000	0	1	17.0
2025-02-05	v2.virtualflybrain.org	VFB_00102faf	VFB_00050000	0	1	18.0
2025-02-05	v2.virtualflybrain.org	VFB_00102fam	VFB_00050000	0	1	31.0
2025-02-05	v2.virtualflybrain.org	VFB_00102fbe	VFB_00050000	0	1	28.0
2025-02-05	v2.virtualflybrain.org	VFB_00102fbf	VFB_00050000	0	1	56.0
2025-02-05	v2.virtualflybrain.org	VFB_00102fbg	VFB_00050000	0	1	21.0
2025-02-05	v2.virtualflybrain.org	VFB_00102fd9	VFB_00050000	0	1	13.0
2025-02-05	v2.virtualflybrain.org	VFB_00102fdb	VFB_00050000	0	1	32.0
2025-02-05	v2.virtualflybrain.org	VFB_00102fej	VFB_00050000	0	1	34.0
2025-02-05	v2.virtualflybrain.org	VFB_00102fhj	VFB_00050000	0	1	13.0
2025-02-05	v2.virtualflybrain.org	VFB_00102fkx	VFB_00050000	0	2	34.0
2025-02-05	v2.virtualflybrain.org	VFB_00102flf	VFB_00050000	0	1	29.0
2025-02-05	v2.virtualflybrain.org	VFB_00102flg	VFB_00050000	0	1	20.0
2025-02-05	v2.virtualflybrain.org	VFB_00102flh	VFB_00050000	0	1	21.0
2025-02-05	v2.virtualflybrain.org	VFB_00102fli	VFB_00050000	0	2	49.0
2025-02-05	v2.virtualflybrain.org	VFB_00102flr	VFB_00050000	0	1	17.0
2025-02-05	v2.virtualflybrain.org	VFB_00104647	VFB_00200000	1	1	1.0
2025-02-05	v2.virtualflybrain.org	VFB_00104648	VFB_00200000	0	2	20.0
2025-02-05	v2.virtualflybrain.org	VFB_00104649	VFB_00200000	0	1	1.0
2025-02-05	v2.virtualflybrain.org	VFB_00104650	VFB_00200000	0	1	1.0
2025-02-05	v2.virtualflybrain.org	VFB_00104651	VFB_00200000	0	1	21.0
2025-02-05	v2.virtualflybrain.org	VFB_00104652	VFB_00101567	0	1	12.0
2025-02-05	v2.virtualflybrain.org	VFB_00104652	VFB_00200000	1	2	0.0
2025-02-05	v2.virtualflybrain.org	VFB_00104653	VFB_00200000	0	1	43.0
2025-02-05	v2.virtualflybrain.org	VFB_00120000	VFB_00120000	1	3	16.0
2025-02-05	v2.virtualflybrain.org	VFB_00200000		1	1	0.0
2025-02-05	v2.virtualflybrain.org	VFB_00200000	VFB_00200000	3	7	36.0
2025-02-05	v2.virtualflybrain.org	VFB_fw000281	VFB_00101567	1	1	0.0
2025-02-05	v2.virtualflybrain.org	VFB_fw003616	VFB_00101567	0	1	44.0
2025-02-05	v2.virtualflybrain.org	VFB_fw025524	VFB_00101567	24	1	0.0
2025-02-05	v2.virtualflybrain.org	VFB_fw038237	VFB_00101567	0	2	97.0
2025-02-05	v2.virtualflybrain.org	VFB_fw041732	VFB_00101567	3	1	0.0
2025-02-05	v2.virtualflybrain.org	VFB_fw050255	VFB_00101567	0	1	0.0
2025-02-05	v2.virtualflybrain.org	VFB_jrch057g	VFB_00101567	0	1	0.0
2025-02-05	v2.virtualflybrain.org	VFB_jrchjtsr	VFB_00101567	1	1	0.0
2025-02-05	v2.virtualflybrain.org	VFB_jrchk0ei	VFB_00101567	7	1	0.0
2025-02-05	v2.virtualflybrain.org	VFB_jrchk6fb	VFB_00101567	2	1	0.0
2025-02-05	v2.virtualflybrain.org	VFB_jrchk6mn	VFB_00101567	0	1	21.0
2025-02-05	v2.virtualflybrain.org	VFB_jrchk8c2	VFB_00101567	0	1	17.0
2025-02-05	v2.virtualflybrain.org	VFB_jrcv0iek	VFB_00050000	0	2	1.0
2025-02-05	v2.virtualflybrain.org	VFBexp_FBtp0058	VFB_00049000	1	1	0.0
2025-02-05	v2.virtualflybrain.org	VFBexp_FBtp0124		1	1	7.0
2025-02-06		FBbt_00000001		2	1	1.0
2025-02-06		FBbt_00000001	VFB_00110000	2	1	0.0
2025-02-06		FBbt_00003004		2	2	0.0
2025-02-06		FBbt_00003004	VFB_00101567	1	1	0.0
2025-02-06		FBbt_00003004	VFB_00110000	1	1	0.0
2025-02-06		FBbt_00003624		76	12	21.0
2025-02-06		FBbt_00003624	VFB_00101567	80	13	0.0
2025-02-06		FBbt_00003624	VFB_00110000	1	1	0.0
2025-02-06		FBbt_00003632		4	1	0.0
2025-02-06		FBbt_00003632	VFB_00017894	1	1	0.0
2025-02-06		FBbt_00003632	VFB_00101567	4	1	0.0
2025-02-06		FBbt_00003668		1	1	0.0
2025-02-06		FBbt_00003668	VFB_00101567	1	1	0.0
2025-02-06		FBbt_00003678		8	4	1.0
2025-02-06		FBbt_00003678	VFB_00101567	8	4	0.0
2025-02-06		FBbt_00003679		6	3	1.0
2025-02-06		FBbt_00003679	VFB_00101567	6	3	0.0
2025-02-06		FBbt_00003680		3	2	0.0
2025-02-06		FBbt_00003680	VFB_00101567	3	2	0.0
2025-02-06		FBbt_00003681		8	3	0.0
2025-02-06		FBbt_00003681	VFB_00101567	8	3	0.0
2025-02-06		FBbt_00003684		11	1	136.0
2025-02-06		FBbt_00003684	VFB_00017894	7	1	0.0
2025-02-06		FBbt_00003684	VFB_00101567	6	1	0.0
2025-02-06		FBbt_00003701		2	1	0.0
2025-02-06		FBbt_00003701	VFB_00101567	2	1	0.0
2025-02-06		FBbt_00003748		25	6	0.0
2025-02-06		FBbt_00003748	VFB_00017894	8	2	0.0
2025-02-06		FBbt_00003748	VFB_00101567	17	6	0.0
2025-02-06		FBbt_00007004		3	1	0.0
2025-02-06		FBbt_00007004	VFB_00110000	3	1	0.0
2025-02-06		FBbt_00007050		11	2	0.0
2025-02-06		FBbt_00007050	VFB_00017894	7	2	0.0
2025-02-06		FBbt_00007050	VFB_00101567	4	2	0.0
2025-02-06		FBbt_00007053		12	1	0.0
2025-02-06		FBbt_00007053	VFB_00017894	12	1	0.0
2025-02-06		FBbt_00007054		7	2	2.0
2025-02-06		FBbt_00007054	VFB_00017894	5	1	0.0
2025-02-06		FBbt_00007054	VFB_00101567	2	1	0.0
2025-02-06		FBbt_00007055		5	2	0.0
2025-02-06		FBbt_00007055	VFB_00017894	4	1	0.0
2025-02-06		FBbt_00007055	VFB_00101567	1	1	0.0
2025-02-06		FBbt_00007058		2	1	0.0
2025-02-06		FBbt_00007058	VFB_00101567	2	1	0.0
2025-02-06		FBbt_00007059		1	1	0.0
2025-02-06		FBbt_00007059	VFB_00017894	1	1	0.0
2025-02-06		FBbt_00007145		1	1	0.0
2025-02-06		FBbt_00007145	VFB_00101567	1	1	0.0
2025-02-06		FBbt_00007146		15	3	0.0
2025-02-06		FBbt_00007146	VFB_00017894	10	1	0.0
2025-02-06		FBbt_00007146	VFB_00101567	5	2	0.0
2025-02-06		FBbt_00007147		41	3	0.0
2025-02-06		FBbt_00007147	VFB_00101567	41	4	0.0
2025-02-06		FBbt_00007453		2	1	0.0
2025-02-06		FBbt_00007453	VFB_00101567	2	1	0.0
2025-02-06		FBbt_00014013		4	1	0.0
2025-02-06		FBbt_00014013	VFB_00101567	4	1	0.0
2025-02-06		FBbt_00040001		3	3	0.0
2025-02-06		FBbt_00040001	VFB_00017894	2	1	0.0
2025-02-06		FBbt_00040001	VFB_00101567	2	2	0.0
2025-02-06		FBbt_00040002		11	2	0.0
2025-02-06		FBbt_00040002	VFB_00017894	4	1	0.0
2025-02-06		FBbt_00040002	VFB_00101567	7	2	0.0
2025-02-06		FBbt_00040037		11	2	0.0
2025-02-06		FBbt_00040037	VFB_00017894	2	1	0.0
2025-02-06		FBbt_00040037	VFB_00101567	9	1	0.0
2025-02-06		FBbt_00040041		4	1	0.0
2025-02-06		FBbt_00040041	VFB_00017894	4	2	0.0
2025-02-06		FBbt_00040042		16	3	0.0
2025-02-06		FBbt_00040042	VFB_00101567	16	4	0.0
2025-02-06		FBbt_00040043		29	4	0.0
2025-02-06		FBbt_00040043	VFB_00101567	29	6	0.0
2025-02-06		FBbt_00040044		1	1	0.0
2025-02-06		FBbt_00040044	VFB_00101567	1	1	0.0
2025-02-06		FBbt_00040047		7	1	0.0
2025-02-06		FBbt_00040047	VFB_00101567	8	2	0.0
2025-02-06		FBbt_00040071		1	1	0.0
2025-02-06		FBbt_00040071	VFB_00017894	2	1	0.0
2025-02-06		FBbt_00040072		1	1	0.0
2025-02-06		FBbt_00040072	VFB_00017894	1	1	0.0
2025-02-06		FBbt_00045003		2	1	0.0
2025-02-06		FBbt_00045003	VFB_00101567	2	1	0.0
2025-02-06		FBbt_00045004		2	1	0.0
2025-02-06		FBbt_00045004	VFB_00101567	2	1	0.0
2025-02-06		FBbt_00045021		1	1	0.0
2025-02-06		FBbt_00045021	VFB_00017894	1	1	0.0
2025-02-06		FBbt_00045027		4	2	0.0
2025-02-06		FBbt_00045027	VFB_00101567	4	2	0.0
2025-02-06		FBbt_00045030		27	2	0.0
2025-02-06		FBbt_00045030	VFB_00017894	1	1	0.0
2025-02-06		FBbt_00045030	VFB_00101567	26	2	0.0
2025-02-06		FBbt_00045032		15	1	1.0
2025-02-06		FBbt_00045032	VFB_00017894	13	1	0.0
2025-02-06		FBbt_00045032	VFB_00101567	2	1	0.0
2025-02-06		FBbt_00045047		11	4	0.0
2025-02-06		FBbt_00045047	VFB_00017894	5	2	0.0
2025-02-06		FBbt_00045047	VFB_00101567	6	4	0.0
2025-02-06		FBbt_00045048		5	4	0.0
2025-02-06		FBbt_00045048	VFB_00101567	5	4	0.0
2025-02-06		FBbt_00045051		2	1	0.0
2025-02-06		FBbt_00045051	VFB_00017894	1	1	0.0
2025-02-06		FBbt_00045051	VFB_00101567	2	1	0.0
2025-02-06		FBbt_00047887		19	4	0.0
2025-02-06		FBbt_00047887	VFB_00017894	2	1	0.0
2025-02-06		FBbt_00047887	VFB_00101567	18	5	0.0
2025-02-06		FBbt_00047888		4	1	13.0
2025-02-06		FBbt_00047888	VFB_00017894	4	1	0.0
2025-02-06		FBbt_00051925		8	1	14.0
2025-02-06		FBbt_00051925	VFB_00101567	8	1	0.0
2025-02-06		FBbt_00100313		2	1	2.0
2025-02-06		FBbt_00100313	VFB_00110000	2	1	0.0
2025-02-06		FBbt_00110636		13	3	0.0
2025-02-06		FBbt_00110636	VFB_00101567	13	3	0.0
2025-02-06		FBbt_00110638		6	1	0.0
2025-02-06		FBbt_00110638	VFB_00101567	6	2	0.0
2025-02-06		FBbt_00110639		4	2	0.0
2025-02-06		FBbt_00110639	VFB_00017894	2	1	0.0
2025-02-06		FBbt_00110639	VFB_00101567	2	1	0.0
2025-02-06		FBbt_00111283		2	1	0.0
2025-02-06		FBbt_00111283	VFB_00101567	2	1	0.0
2025-02-06		FBbt_20011347		3	1	9.0
2025-02-06		FBbt_20011347	VFB_00101567	2	1	0.0
2025-02-06		VFB_00017894		34	2	118.0
2025-02-06		VFB_00017894	VFB_00017894	33	2	0.0
2025-02-06		VFB_00030616		2	1	0.0
2025-02-06		VFB_00030616	VFB_00017894	2	1	0.0
2025-02-06		VFB_00030620		6	2	0.0
2025-02-06		VFB_00030620	VFB_00017894	6	3	0.0
2025-02-06		VFB_00030623		4	2	0.0
2025-02-06		VFB_00030623	VFB_00017894	4	3	0.0
2025-02-06		VFB_00030624		1	1	0.0
2025-02-06		VFB_00030624	VFB_00017894	1	1	0.0
2025-02-06		VFB_00030628		1	1	0.0
2025-02-06		VFB_00030628	VFB_00017894	1	1	0.0
2025-02-06		VFB_00030849		13	1	11.0
2025-02-06		VFB_00030849	VFB_00017894	9	2	0.0
2025-02-06		VFB_00030849	VFB_00101567	3	1	0.0
2025-02-06		VFB_00030856		4	1	5.0
2025-02-06		VFB_00030856	VFB_00017894	1	1	0.0
2025-02-06		VFB_00030856	VFB_00110000	3	1	0.0
2025-02-06		VFB_00030866		4	2	0.0
2025-02-06		VFB_00030866	VFB_00017894	4	3	0.0
2025-02-06		VFB_00030867		5	1	1.0
2025-02-06		VFB_00030867	VFB_00017894	2	2	0.0
2025-02-06		VFB_00030869		4	2	0.0
2025-02-06		VFB_00030869	VFB_00017894	4	3	0.0
2025-02-06		VFB_00030870		3	1	3.0
2025-02-06		VFB_00030870	VFB_00101567	3	1	0.0
2025-02-06		VFB_00030871		14	3	11.0
2025-02-06		VFB_00030871	VFB_00017894	5	3	0.0
2025-02-06		VFB_00030871	VFB_00101567	9	2	0.0
2025-02-06		VFB_00030872		4	2	0.0
2025-02-06		VFB_00030872	VFB_00017894	4	3	0.0
2025-02-06		VFB_00030873		4	1	6.0
2025-02-06		VFB_00030873	VFB_00017894	4	2	0.0
2025-02-06		VFB_00030900		5	1	10.0
2025-02-06		VFB_00030900	VFB_00017894	5	2	0.0
2025-02-06		VFB_00044084		1	1	10.0
2025-02-06		VFB_00044084	VFB_00101567	1	1	0.0
2025-02-06		VFB_00044085		10	1	9.0
2025-02-06		VFB_00044085	VFB_00101567	10	2	0.0
2025-02-06		VFB_00045107		2	1	0.0
2025-02-06		VFB_00045107	VFB_00101567	2	1	0.0
2025-02-06		VFB_00050000		28	2	25.0
2025-02-06		VFB_00050000	VFB_00050000	31	3	0.0
2025-02-06		VFB_00069445		1	1	0.0
2025-02-06		VFB_00069445	VFB_00101567	1	1	0.0
2025-02-06		VFB_00100362		5	1	0.0
2025-02-06		VFB_00100362	VFB_00050000	5	1	0.0
2025-02-06		VFB_00100612		2	1	0.0
2025-02-06		VFB_00100612	VFB_00101567	2	1	0.0
2025-02-06		VFB_00100683		5	1	0.0
2025-02-06		VFB_00100683	VFB_00101567	5	1	0.0
2025-02-06		VFB_00100715		5	1	0.0
2025-02-06		VFB_00100715	VFB_00050000	5	2	0.0
2025-02-06		VFB_00100z60		1	1	19.0
2025-02-06		VFB_00100z60	VFB_00101567	1	1	0.0
2025-02-06		VFB_0010106e		2	1	0.0
2025-02-06		VFB_0010106e	VFB_00101567	2	1	0.0
2025-02-06		VFB_001014uq		13	3	31.0
2025-02-06		VFB_001014uq	VFB_00101567	10	3	0.0
2025-02-06		VFB_001014uq	VFB_00110000	3	2	0.0
2025-02-06		VFB_00101567		192	39	356.0
2025-02-06		VFB_00101567	VFB_00101567	217	54	0.0
2025-02-06		VFB_001015c2		10	1	1.0
2025-02-06		VFB_001015c2	VFB_00050000	7	1	0.0
2025-02-06		VFB_00101x5s		2	1	4.0
2025-02-06		VFB_00101x5s	VFB_00101567	2	1	0.0
2025-02-06		VFB_00102107		10	3	57.0
2025-02-06		VFB_00102107	VFB_00101567	8	5	0.0
2025-02-06		VFB_00102108		2	1	0.0
2025-02-06		VFB_00102108	VFB_00101567	2	1	0.0
2025-02-06		VFB_00102114		2	1	0.0
2025-02-06		VFB_00102114	VFB_00101567	2	1	0.0
2025-02-06		VFB_00102118		2	1	0.0
2025-02-06		VFB_00102118	VFB_00101567	2	1	0.0
2025-02-06		VFB_00102119		2	1	0.0
2025-02-06		VFB_00102119	VFB_00101567	2	1	0.0
2025-02-06		VFB_00102121		2	1	0.0
2025-02-06		VFB_00102121	VFB_00101567	2	1	0.0
2025-02-06		VFB_00102123		3	1	0.0
2025-02-06		VFB_00102123	VFB_00101567	3	1	0.0
2025-02-06		VFB_00102134		6	1	41.0
2025-02-06		VFB_00102134	VFB_00101567	7	4	0.0
2025-02-06		VFB_00102135		3	1	1.0
2025-02-06		VFB_00102135	VFB_00101567	1	1	0.0
2025-02-06		VFB_00102141		2	1	0.0
2025-02-06		VFB_00102141	VFB_00101567	2	1	0.0
2025-02-06		VFB_00102152		2	1	1.0
2025-02-06		VFB_00102152	VFB_00101567	2	1	0.0
2025-02-06		VFB_00102154		22	2	19.0
2025-02-06		VFB_00102154	VFB_00101567	22	2	0.0
2025-02-06		VFB_00102159		6	1	0.0
2025-02-06		VFB_00102159	VFB_00101567	4	2	0.0
2025-02-06		VFB_00102162		5	1	7.0
2025-02-06		VFB_00102162	VFB_00101567	7	1	0.0
2025-02-06		VFB_00102170		2	1	0.0
2025-02-06		VFB_00102170	VFB_00101567	4	1	0.0
2025-02-06		VFB_00102171		2	1	1.0
2025-02-06		VFB_00102171	VFB_00101567	2	1	0.0
2025-02-06		VFB_00102190		4	1	1.0
2025-02-06		VFB_00102190	VFB_00101567	3	1	0.0
2025-02-06		VFB_00102274		9	3	4.0
2025-02-06		VFB_00102274	VFB_00101567	8	4	0.0
2025-02-06		VFB_00102275		4	1	1.0
2025-02-06		VFB_00102275	VFB_00101567	3	1	0.0
2025-02-06		VFB_00102276		3	1	8.0
2025-02-06		VFB_00102276	VFB_00101567	2	1	0.0
2025-02-06		VFB_00102er5		1	1	0.0
2025-02-06		VFB_00102er5	VFB_00050000	1	1	0.0
2025-02-06		VFB_fw025524		24	1	0.0
2025-02-06		VFB_fw025524	VFB_00101567	24	1	0.0
2025-02-06		VFB_jrchk6fb		4	1	0.0
2025-02-06		VFB_jrchk6fb	VFB_00101567	4	1	0.0
2025-02-06		VFB_jrcv0ikc		2	1	11.0
2025-02-06		VFB_jrcv0ikc	VFB_00101567	3	1	0.0
2025-02-06		VFB_jrcv0o11		1	1	0.0
2025-02-06		VFB_jrcv0o11	VFB_00101567	1	1	0.0
2025-02-06		VFBexp_FBtp0061		2	2	0.0
2025-02-06		VFBexp_FBtp0061	VFB_00101567	2	2	0.0
2025-02-06		VFBexp_FBtp0099		9	2	0.0
2025-02-06		VFBexp_FBtp0099	VFB_00101567	9	2	0.0
2025-02-06		VFBexp_FBtp0101		2	2	0.0
2025-02-06		VFBexp_FBtp0101	VFB_00101567	2	2	0.0
2025-02-06		VFBexp_FBtp0124		7	2	0.0
2025-02-06		VFBexp_FBtp0124	VFB_00101567	7	2	0.0
2025-02-06	v2.virtualflybrain.org	FBbt_00000001	VFB_00110000	0	1	0.0
2025-02-06	v2.virtualflybrain.org	FBbt_00003004	VFB_00101567	0	1	2.0
2025-02-06	v2.virtualflybrain.org	FBbt_00003004	VFB_00110000	0	1	1.0
2025-02-06	v2.virtualflybrain.org	FBbt_00003624	VFB_00101567	39	17	351.0
2025-02-06	v2.virtualflybrain.org	FBbt_00003624	VFB_00110000	0	1	2.0
2025-02-06	v2.virtualflybrain.org	FBbt_00003632	VFB_00017894	0	1	1.0
2025-02-06	v2.virtualflybrain.org	FBbt_00003632	VFB_00101567	0	1	8.0
2025-02-06	v2.virtualflybrain.org	FBbt_00003668	VFB_00101567	1	1	0.0
2025-02-06	v2.virtualflybrain.org	FBbt_00003678	VFB_00101567	0	5	284.0
2025-02-06	v2.virtualflybrain.org	FBbt_00003679	VFB_00101567	1	4	260.0
2025-02-06	v2.virtualflybrain.org	FBbt_00003680	VFB_00101567	0	2	45.0
2025-02-06	v2.virtualflybrain.org	FBbt_00003681	VFB_00101567	0	4	75.0
2025-02-06	v2.virtualflybrain.org	FBbt_00003684	VFB_00017894	0	2	17.0
2025-02-06	v2.virtualflybrain.org	FBbt_00003684	VFB_00101567	0	1	22.0
2025-02-06	v2.virtualflybrain.org	FBbt_00003701	VFB_00101567	0	1	0.0
2025-02-06	v2.virtualflybrain.org	FBbt_00003748	VFB_00017894	0	3	55.0
2025-02-06	v2.virtualflybrain.org	FBbt_00003748	VFB_00101567	0	7	244.0
2025-02-06	v2.virtualflybrain.org	FBbt_00007004	VFB_00110000	0	1	93.0
2025-02-06	v2.virtualflybrain.org	FBbt_00007050	VFB_00017894	0	3	18.0
2025-02-06	v2.virtualflybrain.org	FBbt_00007050	VFB_00101567	0	2	59.0
2025-02-06	v2.virtualflybrain.org	FBbt_00007053	VFB_00017894	0	1	11.0
2025-02-06	v2.virtualflybrain.org	FBbt_00007054	VFB_00017894	0	1	6.0
2025-02-06	v2.virtualflybrain.org	FBbt_00007054	VFB_00101567	0	1	0.0
2025-02-06	v2.virtualflybrain.org	FBbt_00007055	VFB_00017894	0	2	25.0
2025-02-06	v2.virtualflybrain.org	FBbt_00007055	VFB_00101567	0	1	5.0
2025-02-06	v2.virtualflybrain.org	FBbt_00007058	VFB_00101567	0	2	4.0
2025-02-06	v2.virtualflybrain.org	FBbt_00007059	VFB_00017894	0	1	4.0
2025-02-06	v2.virtualflybrain.org	FBbt_00007145	VFB_00101567	0	1	0.0
2025-02-06	v2.virtualflybrain.org	FBbt_00007146	VFB_00017894	0	2	17.0
2025-02-06	v2.virtualflybrain.org	FBbt_00007146	VFB_00101567	0	3	206.0
2025-02-06	v2.virtualflybrain.org	FBbt_00007147	VFB_00101567	0	4	63.0
2025-02-06	v2.virtualflybrain.org	FBbt_00007401	VFB_00101567	1	1	0.0
2025-02-06	v2.virtualflybrain.org	FBbt_00007453	VFB_00101567	0	1	33.0
2025-02-06	v2.virtualflybrain.org	FBbt_00014013	VFB_00101567	0	1	58.0
2025-02-06	v2.virtualflybrain.org	FBbt_00040001	VFB_00017894	0	1	25.0
2025-02-06	v2.virtualflybrain.org	FBbt_00040001	VFB_00101567	0	2	34.0
2025-02-06	v2.virtualflybrain.org	FBbt_00040002	VFB_00017894	0	1	2.0
2025-02-06	v2.virtualflybrain.org	FBbt_00040002	VFB_00101567	0	3	38.0
2025-02-06	v2.virtualflybrain.org	FBbt_00040037	VFB_00017894	0	1	1.0
2025-02-06	v2.virtualflybrain.org	FBbt_00040037	VFB_00101567	0	2	0.0
2025-02-06	v2.virtualflybrain.org	FBbt_00040041	VFB_00017894	0	2	25.0
2025-02-06	v2.virtualflybrain.org	FBbt_00040042	VFB_00101567	0	4	160.0
2025-02-06	v2.virtualflybrain.org	FBbt_00040043	VFB_00101567	10	8	185.0
2025-02-06	v2.virtualflybrain.org	FBbt_00040044	VFB_00101567	0	1	10.0
2025-02-06	v2.virtualflybrain.org	FBbt_00040047	VFB_00101567	0	2	15.0
2025-02-06	v2.virtualflybrain.org	FBbt_00040071	VFB_00017894	0	1	10.0
2025-02-06	v2.virtualflybrain.org	FBbt_00040072	VFB_00017894	0	1	1.0
2025-02-06	v2.virtualflybrain.org	FBbt_00045003	VFB_00101567	0	1	2.0
2025-02-06	v2.virtualflybrain.org	FBbt_00045021	VFB_00017894	0	1	1.0
2025-02-06	v2.virtualflybrain.org	FBbt_00045027	VFB_00101567	0	3	83.0
2025-02-06	v2.virtualflybrain.org	FBbt_00045030	VFB_00017894	0	1	4.0
2025-02-06	v2.virtualflybrain.org	FBbt_00045030	VFB_00101567	0	3	24.0
2025-02-06	v2.virtualflybrain.org	FBbt_00045032	VFB_00017894	0	1	26.0
2025-02-06	v2.virtualflybrain.org	FBbt_00045047	VFB_00017894	0	2	9.0
2025-02-06	v2.virtualflybrain.org	FBbt_00045047	VFB_00101567	1	5	29.0
2025-02-06	v2.virtualflybrain.org	FBbt_00045048	VFB_00101567	2	6	134.0
2025-02-06	v2.virtualflybrain.org	FBbt_00045051	VFB_00017894	0	1	8.0
2025-02-06	v2.virtualflybrain.org	FBbt_00045051	VFB_00101567	0	1	9.0
2025-02-06	v2.virtualflybrain.org	FBbt_00047887	VFB_00017894	0	1	4.0
2025-02-06	v2.virtualflybrain.org	FBbt_00047887	VFB_00101567	0	6	138.0
2025-02-06	v2.virtualflybrain.org	FBbt_00047888	VFB_00017894	0	1	0.0
2025-02-06	v2.virtualflybrain.org	FBbt_00051925	VFB_00101567	7	2	20.0
2025-02-06	v2.virtualflybrain.org	FBbt_00100313	VFB_00110000	0	1	0.0
2025-02-06	v2.virtualflybrain.org	FBbt_00110636	VFB_00101567	0	3	32.0
2025-02-06	v2.virtualflybrain.org	FBbt_00110638	VFB_00101567	0	2	83.0
2025-02-06	v2.virtualflybrain.org	FBbt_00110639	VFB_00017894	0	1	86.0
2025-02-06	v2.virtualflybrain.org	FBbt_00110639	VFB_00101567	0	1	1.0
2025-02-06	v2.virtualflybrain.org	FBbt_00111283	VFB_00101567	0	2	567.0
2025-02-06	v2.virtualflybrain.org	FBbt_00111738		1	1	11.0
2025-02-06	v2.virtualflybrain.org	FBbt_20011347	VFB_00101567	0	2	154.0
2025-02-06	v2.virtualflybrain.org	VFB_00017894	VFB_00017894	8	3	0.0
2025-02-06	v2.virtualflybrain.org	VFB_00030616	VFB_00017894	0	1	5.0
2025-02-06	v2.virtualflybrain.org	VFB_00030620	VFB_00017894	0	2	8.0
2025-02-06	v2.virtualflybrain.org	VFB_00030623	VFB_00017894	0	1	3.0
2025-02-06	v2.virtualflybrain.org	VFB_00030624	VFB_00017894	0	1	1.0
2025-02-06	v2.virtualflybrain.org	VFB_00030628	VFB_00017894	0	1	3.0
2025-02-06	v2.virtualflybrain.org	VFB_00030849	VFB_00017894	1	3	11.0
2025-02-06	v2.virtualflybrain.org	VFB_00030849	VFB_00101567	0	1	2.0
2025-02-06	v2.virtualflybrain.org	VFB_00030856	VFB_00017894	1	3	13.0
2025-02-06	v2.virtualflybrain.org	VFB_00030856	VFB_00110000	0	2	1.0
2025-02-06	v2.virtualflybrain.org	VFB_00030866	VFB_00017894	0	1	1.0
2025-02-06	v2.virtualflybrain.org	VFB_00030867	VFB_00017894	0	1	6.0
2025-02-06	v2.virtualflybrain.org	VFB_00030869	VFB_00017894	0	1	2.0
2025-02-06	v2.virtualflybrain.org	VFB_00030870	VFB_00101567	0	2	4.0
2025-02-06	v2.virtualflybrain.org	VFB_00030871	VFB_00017894	0	1	0.0
2025-02-06	v2.virtualflybrain.org	VFB_00030871	VFB_00101567	0	3	10.0
2025-02-06	v2.virtualflybrain.org	VFB_00030872	VFB_00017894	0	1	5.0
2025-02-06	v2.virtualflybrain.org	VFB_00030873	VFB_00017894	0	2	0.0
2025-02-06	v2.virtualflybrain.org	VFB_00030900	VFB_00017894	0	2	4.0
2025-02-06	v2.virtualflybrain.org	VFB_00044084	VFB_00101567	0	1	79.0
2025-02-06	v2.virtualflybrain.org	VFB_00044085	VFB_00101567	9	1	0.0
2025-02-06	v2.virtualflybrain.org	VFB_00045107	VFB_00101567	2	1	0.0
2025-02-06	v2.virtualflybrain.org	VFB_00050000	VFB_00050000	9	9	2.0
2025-02-06	v2.virtualflybrain.org	VFB_00069445	VFB_00101567	1	1	0.0
2025-02-06	v2.virtualflybrain.org	VFB_00100612	VFB_00101567	2	1	0.0
2025-02-06	v2.virtualflybrain.org	VFB_00100683	VFB_00101567	5	1	0.0
2025-02-06	v2.virtualflybrain.org	VFB_00100715	VFB_00050000	4	3	158.0
2025-02-06	v2.virtualflybrain.org	VFB_00100z60	VFB_00101567	0	1	61.0
2025-02-06	v2.virtualflybrain.org	VFB_0010106e	VFB_00101567	0	1	0.0
2025-02-06	v2.virtualflybrain.org	VFB_001014uq	VFB_00101567	0	4	9.0
2025-02-06	v2.virtualflybrain.org	VFB_001014uq	VFB_00110000	3	7	5.0
2025-02-06	v2.virtualflybrain.org	VFB_00101567	VFB_00101567	80	84	1097.0
2025-02-06	v2.virtualflybrain.org	VFB_001015c2	VFB_00050000	2	2	48.0
2025-02-06	v2.virtualflybrain.org	VFB_00101x5s	VFB_00101567	0	1	48.0
2025-02-06	v2.virtualflybrain.org	VFB_00102107	VFB_00101567	0	2	58.0
2025-02-06	v2.virtualflybrain.org	VFB_00102108	VFB_00101567	0	1	15.0
2025-02-06	v2.virtualflybrain.org	VFB_00102114	VFB_00101567	0	1	0.0
2025-02-06	v2.virtualflybrain.org	VFB_00102118	VFB_00101567	0	1	13.0
2025-02-06	v2.virtualflybrain.org	VFB_00102119	VFB_00101567	0	1	6.0
2025-02-06	v2.virtualflybrain.org	VFB_00102121	VFB_00101567	0	1	0.0
2025-02-06	v2.virtualflybrain.org	VFB_00102123	VFB_00101567	1	1	8.0
2025-02-06	v2.virtualflybrain.org	VFB_00102134	VFB_00101567	2	3	331.0
2025-02-06	v2.virtualflybrain.org	VFB_00102135	VFB_00101567	0	1	8.0
2025-02-06	v2.virtualflybrain.org	VFB_00102141	VFB_00101567	0	1	9.0
2025-02-06	v2.virtualflybrain.org	VFB_00102152	VFB_00101567	0	1	2.0
2025-02-06	v2.virtualflybrain.org	VFB_00102154	VFB_00101567	0	1	3.0
2025-02-06	v2.virtualflybrain.org	VFB_00102159	VFB_00101567	0	1	125.0
2025-02-06	v2.virtualflybrain.org	VFB_00102162	VFB_00101567	1	1	217.0
2025-02-06	v2.virtualflybrain.org	VFB_00102171	VFB_00101567	0	1	3.0
2025-02-06	v2.virtualflybrain.org	VFB_00102190	VFB_00101567	0	1	5.0
2025-02-06	v2.virtualflybrain.org	VFB_00102274	VFB_00101567	3	5	4.0
2025-02-06	v2.virtualflybrain.org	VFB_00102275	VFB_00101567	0	1	1.0
2025-02-06	v2.virtualflybrain.org	VFB_00102276	VFB_00101567	1	1	0.0
2025-02-06	v2.virtualflybrain.org	VFB_00102er5	VFB_00050000	1	1	0.0
2025-02-06	v2.virtualflybrain.org	VFB_00102et1	VFB_00050000	0	1	0.0
2025-02-06	v2.virtualflybrain.org	VFB_fw025524	VFB_00101567	24	1	98.0
2025-02-06	v2.virtualflybrain.org	VFB_jrchk6fb	VFB_00101567	6	1	0.0
2025-02-06	v2.virtualflybrain.org	VFB_jrcv0ikc	VFB_00101567	0	1	1.0
2025-02-06	v2.virtualflybrain.org	VFB_jrcv0o11	VFB_00101567	0	1	70.0
2025-02-06	v2.virtualflybrain.org	VFBexp_FBtp0061		1	1	0.0
2025-02-06	v2.virtualflybrain.org	VFBexp_FBtp0061	VFB_00101567	0	2	39.0
2025-02-06	v2.virtualflybrain.org	VFBexp_FBtp0099		2	2	2.0
2025-02-06	v2.virtualflybrain.org	VFBexp_FBtp0099	VFB_00101567	8	2	35.0
2025-02-06	v2.virtualflybrain.org	VFBexp_FBtp0124		3	2	2.0
2025-02-06	v2.virtualflybrain.org	VFBexp_FBtp0124	VFB_00101567	4	1	24.0
2025-02-07		FBbt_00001985		9	1	21.0
2025-02-07		FBbt_00001985	VFB_00200000	7	1	0.0
2025-02-07		FBbt_00003624		22	6	0.0
2025-02-07		FBbt_00003624	VFB_00101567	23	6	0.0
2025-02-07		FBbt_00003627		2	1	4.0
2025-02-07		FBbt_00003627	VFB_00017894	2	1	0.0
2025-02-07		FBbt_00003632		4	2	0.0
2025-02-07		FBbt_00003632	VFB_00101567	4	2	0.0
2025-02-07		FBbt_00003636		1	1	1.0
2025-02-07		FBbt_00003636	VFB_00101567	1	1	0.0
2025-02-07		FBbt_00003678		3	1	1.0
2025-02-07		FBbt_00003678	VFB_00101567	3	2	0.0
2025-02-07		FBbt_00003679		2	1	0.0
2025-02-07		FBbt_00003679	VFB_00101567	2	2	0.0
2025-02-07		FBbt_00003680		3	3	0.0
2025-02-07		FBbt_00003680	VFB_00101567	9	3	0.0
2025-02-07		FBbt_00003684		4	1	0.0
2025-02-07		FBbt_00003684	VFB_00101567	4	2	0.0
2025-02-07		FBbt_00003685		2	1	0.0
2025-02-07		FBbt_00003685	VFB_00049000	1	1	0.0
2025-02-07		FBbt_00003685	VFB_00101567	1	1	0.0
2025-02-07		FBbt_00003748		5	1	0.0
2025-02-07		FBbt_00003748	VFB_00101567	5	2	0.0
2025-02-07		FBbt_00003852		1	1	0.0
2025-02-07		FBbt_00003852	VFB_00101567	1	1	0.0
2025-02-07		FBbt_00003885		4	2	1.0
2025-02-07		FBbt_00003885	VFB_00101567	4	2	0.0
2025-02-07		FBbt_00003924		2	1	0.0
2025-02-07		FBbt_00003924	VFB_00049000	3	1	0.0
2025-02-07		FBbt_00003924	VFB_00101567	1	1	0.0
2025-02-07		FBbt_00004052		4	1	0.0
2025-02-07		FBbt_00004052	VFB_00200000	4	2	0.0
2025-02-07		FBbt_00004072		8	1	0.0
2025-02-07		FBbt_00004072	VFB_00200000	8	4	0.0
2025-02-07		FBbt_00004359		3	1	37.0
2025-02-07		FBbt_00004359	VFB_00200000	3	2	0.0
2025-02-07		FBbt_00005801		1	1	0.0
2025-02-07		FBbt_00005801	VFB_00101567	1	1	0.0
2025-02-07		FBbt_00005892		3	1	0.0
2025-02-07		FBbt_00005892	VFB_00101567	3	1	0.0
2025-02-07		FBbt_00007053		3	3	1.0
2025-02-07		FBbt_00007053	VFB_00017894	1	1	0.0
2025-02-07		FBbt_00007053	VFB_00101567	2	2	0.0
2025-02-07		FBbt_00007145		6	1	0.0
2025-02-07		FBbt_00007145	VFB_00017894	6	1	0.0
2025-02-07		FBbt_00007385		3	3	0.0
2025-02-07		FBbt_00007385	VFB_00101567	4	3	0.0
2025-02-07		FBbt_00007401		4	3	2.0
2025-02-07		FBbt_00007401	VFB_00017894	2	2	0.0
2025-02-07		FBbt_00007401	VFB_00101567	2	2	0.0
2025-02-07		FBbt_00007440		1	1	0.0
2025-02-07		FBbt_00007440	VFB_00017894	1	1	0.0
2025-02-07		FBbt_00007727		2	1	0.0
2025-02-07		FBbt_00007727	VFB_00200000	2	1	0.0
2025-02-07		FBbt_00013688		2	1	0.0
2025-02-07		FBbt_00013688	VFB_00101567	3	1	0.0
2025-02-07		FBbt_00014013		4	2	0.0
2025-02-07		FBbt_00014013	VFB_00101567	4	2	0.0
2025-02-07		FBbt_00040041		1	1	1.0
2025-02-07		FBbt_00040041	VFB_00101567	1	1	0.0
2025-02-07		FBbt_00040042		4	3	0.0
2025-02-07		FBbt_00040042	VFB_00101567	4	3	0.0
2025-02-07		FBbt_00040043		3	2	0.0
2025-02-07		FBbt_00040043	VFB_00101567	3	2	0.0
2025-02-07		FBbt_00040049		1	1	0.0
2025-02-07		FBbt_00040049	VFB_00101567	1	1	0.0
2025-02-07		FBbt_00045027		2	1	0.0
2025-02-07		FBbt_00045027	VFB_00101567	2	1	0.0
2025-02-07		FBbt_00045048		4	2	0.0
2025-02-07		FBbt_00045048	VFB_00017894	1	1	0.0
2025-02-07		FBbt_00045048	VFB_00101567	3	2	0.0
2025-02-07		FBbt_00045050		1	1	0.0
2025-02-07		FBbt_00045050	VFB_00101567	1	1	0.0
2025-02-07		FBbt_00047534		5	1	0.0
2025-02-07		FBbt_00047534	VFB_00200000	5	1	0.0
2025-02-07		FBbt_00047887		2	2	0.0
2025-02-07		FBbt_00047887	VFB_00101567	2	2	0.0
2025-02-07		FBbt_00048110		1	1	0.0
2025-02-07		FBbt_00048110	VFB_00200000	1	1	0.0
2025-02-07		FBbt_00048278		2	1	9.0
2025-02-07		FBbt_00048278	VFB_00200000	2	1	0.0
2025-02-07		FBbt_00048279		32	1	191.0
2025-02-07		FBbt_00048279	VFB_00200000	22	2	0.0
2025-02-07		FBbt_00048922		3	1	8.0
2025-02-07		FBbt_00048922	VFB_00200000	8	1	0.0
2025-02-07		FBbt_00049540		5	1	23.0
2025-02-07		FBbt_00049540	VFB_00200000	5	1	0.0
2025-02-07		FBbt_00049920		3	1	0.0
2025-02-07		FBbt_00049920	VFB_00101567	2	1	0.0
2025-02-07		FBbt_00049920	VFB_00200000	1	1	0.0
2025-02-07		FBbt_00049927		1	1	0.0
2025-02-07		FBbt_00049927	VFB_00101567	1	1	0.0
2025-02-07		FBbt_00051393		2	2	1.0
2025-02-07		FBbt_00051393	VFB_00101567	2	2	0.0
2025-02-07		FBbt_00051925		6	1	0.0
2025-02-07		FBbt_00051925	VFB_00101567	6	1	0.0
2025-02-07		FBbt_00052714		1	1	0.0
2025-02-07		FBbt_00052714	VFB_00101567	1	1	0.0
2025-02-07		FBbt_00052770		2	1	18.0
2025-02-07		FBbt_00052770	VFB_00200000	2	1	0.0
2025-02-07		FBbt_00053053		2	1	0.0
2025-02-07		FBbt_00053053	VFB_00200000	2	2	0.0
2025-02-07		FBbt_00053168		9	1	0.0
2025-02-07		FBbt_00053168	VFB_00200000	13	2	0.0
2025-02-07		FBbt_00059073		2	1	0.0
2025-02-07		FBbt_00059073	VFB_00200000	2	1	0.0
2025-02-07		FBbt_00100116		1	1	0.0
2025-02-07		FBbt_00100116	VFB_00200000	1	1	0.0
2025-02-07		FBbt_00100252		1	1	0.0
2025-02-07		FBbt_00100252	VFB_00101567	1	1	0.0
2025-02-07		FBbt_00100285		2	1	0.0
2025-02-07		FBbt_00100285	VFB_00101567	2	1	0.0
2025-02-07		FBbt_00110058		1	1	0.0
2025-02-07		FBbt_00110058	VFB_00101567	1	1	0.0
2025-02-07		FBbt_00110176		1	1	0.0
2025-02-07		FBbt_00110176	VFB_00200000	3	1	0.0
2025-02-07		FBbt_00110636		2	1	0.0
2025-02-07		FBbt_00110636	VFB_00101567	2	1	0.0
2025-02-07		FBbt_00110657		7	3	1.0
2025-02-07		FBbt_00110657	VFB_00101567	7	3	0.0
2025-02-07		FBbt_00110854		1	1	0.0
2025-02-07		FBbt_00110854	VFB_00101567	1	1	0.0
2025-02-07		FBbt_00111027		2	1	0.0
2025-02-07		FBbt_00111027	VFB_00200000	2	1	0.0
2025-02-07		FBbt_20011321		1	1	1.0
2025-02-07		FBbt_20011321	VFB_00200000	6	1	0.0
2025-02-07		FBbt_20011322		27	1	29.0
2025-02-07		FBbt_20011322	VFB_00200000	18	4	0.0
2025-02-07		FBbt_20011324		36	1	403.0
2025-02-07		FBbt_20011324	VFB_00200000	50	6	0.0
2025-02-07		VFB_00011736		2	1	1.0
2025-02-07		VFB_00011736	VFB_00017894	2	1	0.0
2025-02-07		VFB_00017894		4	1	0.0
2025-02-07		VFB_00017894	VFB_00017894	4	1	0.0
2025-02-07		VFB_00020850		2	1	11.0
2025-02-07		VFB_00020850	VFB_00101567	2	1	0.0
2025-02-07		VFB_00030608		1	1	0.0
2025-02-07		VFB_00030608	VFB_00017894	1	1	0.0
2025-02-07		VFB_00030629		8	1	27.0
2025-02-07		VFB_00030629	VFB_00017894	8	2	0.0
2025-02-07		VFB_00030867		14	3	15.0
2025-02-07		VFB_00030867	VFB_00017894	9	3	0.0
2025-02-07		VFB_00030867	VFB_00101567	5	2	0.0
2025-02-07		VFB_00030900		2	1	2.0
2025-02-07		VFB_00030900	VFB_00017894	2	1	0.0
2025-02-07		VFB_00038116		1	1	0.0
2025-02-07		VFB_00038116	VFB_00101567	1	1	0.0
2025-02-07		VFB_00038170		3	1	14.0
2025-02-07		VFB_00038170	VFB_00101567	3	2	0.0
2025-02-07		VFB_00050000		11	3	0.0
2025-02-07		VFB_00050000	VFB_00050000	17	5	0.0
2025-02-07		VFB_00050465		6	1	16.0
2025-02-07		VFB_00050465	VFB_00049000	2	1	0.0
2025-02-07		VFB_00050465	VFB_00101567	2	1	0.0
2025-02-07		VFB_00054437		2	1	0.0
2025-02-07		VFB_00054437	VFB_00101567	2	1	0.0
2025-02-07		VFB_00068037		3	1	4.0
2025-02-07		VFB_00068037	VFB_00101567	3	1	0.0
2025-02-07		VFB_00100184		2	1	0.0
2025-02-07		VFB_00100184	VFB_00017894	2	1	0.0
2025-02-07		VFB_00100235		2	1	0.0
2025-02-07		VFB_00100235	VFB_00050000	2	1	0.0
2025-02-07		VFB_00100362		2	1	0.0
2025-02-07		VFB_00100362	VFB_00050000	2	1	0.0
2025-02-07		VFB_00100424		4	1	2.0
2025-02-07		VFB_00100424	VFB_00050000	3	1	0.0
2025-02-07		VFB_00100424	VFB_00101567	1	1	0.0
2025-02-07		VFB_00100506		3	1	0.0
2025-02-07		VFB_00100506	VFB_00050000	3	1	0.0
2025-02-07		VFB_00100612		3	1	0.0
2025-02-07		VFB_00100612	VFB_00101567	3	1	0.0
2025-02-07		VFB_00100683		12	1	0.0
2025-02-07		VFB_00100683	VFB_00050000	6	1	0.0
2025-02-07		VFB_00100683	VFB_00101567	6	1	0.0
2025-02-07		VFB_00100715		5	1	0.0
2025-02-07		VFB_00100715	VFB_00050000	5	1	0.0
2025-02-07		VFB_00100z3k		2	1	5.0
2025-02-07		VFB_00100z3k	VFB_00101567	2	1	0.0
2025-02-07		VFB_0010106e		2	1	0.0
2025-02-07		VFB_0010106e	VFB_00101567	2	1	0.0
2025-02-07		VFB_001010rb		7	1	61.0
2025-02-07		VFB_001010rb	VFB_00101567	7	2	0.0
2025-02-07		VFB_001011fp		15	1	0.0
2025-02-07		VFB_001011fp	VFB_00050000	15	1	0.0
2025-02-07		VFB_001011k2		7	1	0.0
2025-02-07		VFB_001011k2	VFB_00050000	7	1	0.0
2025-02-07		VFB_00101223		12	1	114.0
2025-02-07		VFB_00101223	VFB_00101567	11	3	0.0
2025-02-07		VFB_0010123c		2	1	7.0
2025-02-07		VFB_0010123c	VFB_00101567	2	1	0.0
2025-02-07		VFB_001012oc		1	1	0.0
2025-02-07		VFB_001012oc	VFB_00101567	1	1	0.0
2025-02-07		VFB_0010137i		1	1	0.0
2025-02-07		VFB_0010137i	VFB_00101567	1	1	0.0
2025-02-07		VFB_001013vk		2	1	2.0
2025-02-07		VFB_001013vk	VFB_00101567	2	1	0.0
2025-02-07		VFB_001014hm		2	1	10.0
2025-02-07		VFB_001014hm	VFB_00101567	2	1	0.0
2025-02-07		VFB_001014uq		5	1	4.0
2025-02-07		VFB_001014uq	VFB_00101567	5	1	0.0
2025-02-07		VFB_00101567		184	38	343.0
2025-02-07		VFB_00101567	VFB_00101567	201	58	29.0
2025-02-07		VFB_00102114		14	5	36.0
2025-02-07		VFB_00102114	VFB_00101567	14	6	0.0
2025-02-07		VFB_00102118		15	2	1.0
2025-02-07		VFB_00102118	VFB_00101567	15	2	0.0
2025-02-07		VFB_00102119		11	4	53.0
2025-02-07		VFB_00102119	VFB_00101567	11	6	0.0
2025-02-07		VFB_00102121		1	1	0.0
2025-02-07		VFB_00102121	VFB_00101567	1	1	0.0
2025-02-07		VFB_00102123		5	2	1.0
2025-02-07		VFB_00102123	VFB_00101567	4	2	0.0
2025-02-07		VFB_00102124		1	1	0.0
2025-02-07		VFB_00102124	VFB_00101567	1	1	0.0
2025-02-07		VFB_00102133		1	1	0.0
2025-02-07		VFB_00102133	VFB_00101567	1	1	0.0
2025-02-07		VFB_00102134		41	2	298.0
2025-02-07		VFB_00102134	VFB_00101567	36	5	0.0
2025-02-07		VFB_00102135		4	1	0.0
2025-02-07		VFB_00102135	VFB_00101567	4	1	0.0
2025-02-07		VFB_00102152		2	1	0.0
2025-02-07		VFB_00102152	VFB_00101567	2	1	0.0
2025-02-07		VFB_00102159		16	2	83.0
2025-02-07		VFB_00102159	VFB_00101567	22	6	0.0
2025-02-07		VFB_00102201		18	2	35.0
2025-02-07		VFB_00102201	VFB_00101567	13	4	0.0
2025-02-07		VFB_00102271		9	1	29.0
2025-02-07		VFB_00102271	VFB_00101567	9	2	0.0
2025-02-07		VFB_00102274		4	1	0.0
2025-02-07		VFB_00102274	VFB_00101567	4	1	0.0
2025-02-07		VFB_00102275		6	2	0.0
2025-02-07		VFB_00102275	VFB_00101567	6	3	0.0
2025-02-07		VFB_00102276		2	1	0.0
2025-02-07		VFB_00102276	VFB_00101567	2	1	0.0
2025-02-07		VFB_001029a2		7	1	5.0
2025-02-07		VFB_001029a2	VFB_00200000	10	2	0.0
2025-02-07		VFB_001029a3		22	1	19.0
2025-02-07		VFB_001029a3	VFB_00200000	22	2	0.0
2025-02-07		VFB_00102er5		2	1	0.0
2025-02-07		VFB_00102er5	VFB_00050000	2	1	0.0
2025-02-07		VFB_00102fi3		2	1	0.0
2025-02-07		VFB_00102fi3	VFB_00017894	2	1	0.0
2025-02-07		VFB_00104638		6	1	20.0
2025-02-07		VFB_00104638	VFB_00200000	2	1	0.0
2025-02-07		VFB_00200000		45	2	91.0
2025-02-07		VFB_00200000	VFB_00200000	48	8	3.0
2025-02-07		VFB_fw009217		2	1	0.0
2025-02-07		VFB_fw009217	VFB_00101567	2	1	0.0
2025-02-07		VFB_fw017182		2	1	4.0
2025-02-07		VFB_fw017182	VFB_00101567	2	1	0.0
2025-02-07		VFB_fw025524		25	1	0.0
2025-02-07		VFB_fw025524	VFB_00101567	25	1	0.0
2025-02-07		VFB_fw029090		2	1	2.0
2025-02-07		VFB_fw029090	VFB_00101567	2	1	0.0
2025-02-07		VFB_fw036919		2	1	2.0
2025-02-07		VFB_fw036919	VFB_00101567	2	1	0.0
2025-02-07		VFB_fw038237		1	1	0.0
2025-02-07		VFB_fw038237	VFB_00101567	1	1	0.0
2025-02-07		VFB_fw049876		2	1	0.0
2025-02-07		VFB_fw049876	VFB_00101567	2	1	0.0
2025-02-07		VFB_fw119821		2	1	1.0
2025-02-07		VFB_fw119821	VFB_00101567	2	1	0.0
2025-02-07		VFB_jrchjtsg		1	1	0.0
2025-02-07		VFB_jrchjtsg	VFB_00101567	1	1	0.0
2025-02-07		VFB_jrchjyas		6	1	16.0
2025-02-07		VFB_jrchjyas	VFB_00101567	6	1	0.0
2025-02-07		VFB_jrcv084v		10	1	17.0
2025-02-07		VFB_jrcv084v	VFB_00200000	12	3	0.0
2025-02-07		VFB_jrcv08b2		4	1	34.0
2025-02-07		VFB_jrcv08b2	VFB_00200000	4	2	0.0
2025-02-07		VFB_jrcv08ge		2	1	3.0
2025-02-07		VFB_jrcv08ge	VFB_00200000	2	1	0.0
2025-02-07		VFB_jrcv08hi		6	1	18.0
2025-02-07		VFB_jrcv08hi	VFB_00200000	6	2	0.0
2025-02-07		VFB_jrcv08k1		1	1	0.0
2025-02-07		VFB_jrcv08k1	VFB_00200000	1	1	0.0
2025-02-07		VFB_jrcv08pq		27	1	75.0
2025-02-07		VFB_jrcv08pq	VFB_00200000	27	3	0.0
2025-02-07		VFB_jrcv09jl		3	1	4.0
2025-02-07		VFB_jrcv09jl	VFB_00200000	3	2	0.0
2025-02-07		VFB_jrcv0ahi		30	1	79.0
2025-02-07		VFB_jrcv0ahi	VFB_00200000	24	3	0.0
2025-02-07		VFB_jrcv0awl		11	1	9.0
2025-02-07		VFB_jrcv0awl	VFB_00101567	2	1	0.0
2025-02-07		VFB_jrcv0awl	VFB_00200000	9	1	0.0
2025-02-07		VFB_jrcv0cv0		6	1	16.0
2025-02-07		VFB_jrcv0cv0	VFB_00200000	3	1	0.0
2025-02-07		VFB_jrcv0czt		205	1	780.0
2025-02-07		VFB_jrcv0czt	VFB_00200000	222	12	0.0
2025-02-07		VFB_jrcv0d1k		3	1	4.0
2025-02-07		VFB_jrcv0d1k	VFB_00200000	3	2	0.0
2025-02-07		VFB_jrcv0d6m		3	1	32.0
2025-02-07		VFB_jrcv0d6m	VFB_00200000	3	2	0.0
2025-02-07		VFB_jrcv0dr0		10	1	1.0
2025-02-07		VFB_jrcv0dr0	VFB_00200000	10	2	0.0
2025-02-07		VFB_jrcv0dta		55	1	291.0
2025-02-07		VFB_jrcv0dta	VFB_00200000	41	7	0.0
2025-02-07		VFB_jrcv0ea4		6	1	39.0
2025-02-07		VFB_jrcv0ea4	VFB_00200000	1	1	0.0
2025-02-07		VFB_jrcv0ehf		6	1	13.0
2025-02-07		VFB_jrcv0ehf	VFB_00200000	1	1	0.0
2025-02-07		VFB_jrcv0epx		38	1	55.0
2025-02-07		VFB_jrcv0epx	VFB_00200000	33	3	0.0
2025-02-07		VFB_jrcv0f48		6	1	41.0
2025-02-07		VFB_jrcv0f48	VFB_00200000	8	2	0.0
2025-02-07		VFB_jrcv0haz		1	1	0.0
2025-02-07		VFB_jrcv0haz	VFB_00200000	1	1	0.0
2025-02-07		VFB_jrcv0hfc		6	1	41.0
2025-02-07		VFB_jrcv0hfc	VFB_00200000	6	2	0.0
2025-02-07		VFB_jrcv0i7a		41	1	71.0
2025-02-07		VFB_jrcv0i7a	VFB_00200000	48	3	0.0
2025-02-07		VFB_jrcv25px		9	1	42.0
2025-02-07		VFB_jrcv25px	VFB_00200000	9	2	0.0
2025-02-07		VFBexp_FBti0002		1	1	0.0
2025-02-07		VFBexp_FBti0002	VFB_00101567	1	1	0.0
2025-02-07		VFBexp_FBtp0014		2	1	0.0
2025-02-07		VFBexp_FBtp0014	VFB_00101567	2	1	0.0
2025-02-07		VFBexp_FBtp0060		2	1	1.0
2025-02-07		VFBexp_FBtp0060	VFB_00101567	2	2	0.0
2025-02-07		VFBexp_FBtp0061		1	1	0.0
2025-02-07		VFBexp_FBtp0061	VFB_00101567	1	1	0.0
2025-02-07		VFBexp_FBtp0063		1	1	0.0
2025-02-07		VFBexp_FBtp0063	VFB_00101567	1	1	0.0
2025-02-07		VFBexp_FBtp0099		15	3	0.0
2025-02-07		VFBexp_FBtp0099	VFB_00101567	15	3	0.0
2025-02-07		VFBexp_FBtp0121		2	2	0.0
2025-02-07		VFBexp_FBtp0121	VFB_00101567	2	2	0.0
2025-02-07		VFBexp_FBtp0124		7	1	0.0
2025-02-07		VFBexp_FBtp0124	VFB_00101567	7	1	0.0
2025-02-07	v2.virtualflybrain.org	FBbt_00001985	VFB_00200000	0	1	7.0
2025-02-07	v2.virtualflybrain.org	FBbt_00003624	VFB_00101567	18	6	28.0
2025-02-07	v2.virtualflybrain.org	FBbt_00003627	VFB_00017894	0	1	0.0
2025-02-07	v2.virtualflybrain.org	FBbt_00003632	VFB_00101567	0	2	9.0
2025-02-07	v2.virtualflybrain.org	FBbt_00003636		1	1	4.0
2025-02-07	v2.virtualflybrain.org	FBbt_00003678	VFB_00101567	1	2	153.0
2025-02-07	v2.virtualflybrain.org	FBbt_00003679	VFB_00101567	0	2	9.0
2025-02-07	v2.virtualflybrain.org	FBbt_00003680	VFB_00101567	0	3	112.0
2025-02-07	v2.virtualflybrain.org	FBbt_00003684	VFB_00101567	0	1	8.0
2025-02-07	v2.virtualflybrain.org	FBbt_00003685	VFB_00049000	0	2	85.0
2025-02-07	v2.virtualflybrain.org	FBbt_00003685	VFB_00101567	0	1	128.0
2025-02-07	v2.virtualflybrain.org	FBbt_00003748	VFB_00101567	9	3	147.0
2025-02-07	v2.virtualflybrain.org	FBbt_00003852	VFB_00101567	0	1	66.0
2025-02-07	v2.virtualflybrain.org	FBbt_00003885	VFB_00101567	0	1	4.0
2025-02-07	v2.virtualflybrain.org	FBbt_00003924	VFB_00049000	0	1	72.0
2025-02-07	v2.virtualflybrain.org	FBbt_00003924	VFB_00101567	0	1	45.0
2025-02-07	v2.virtualflybrain.org	FBbt_00004052	VFB_00200000	0	2	144.0
2025-02-07	v2.virtualflybrain.org	FBbt_00004072	VFB_00200000	0	4	138.0
2025-02-07	v2.virtualflybrain.org	FBbt_00004091	VFB_00200000	0	1	13.0
2025-02-07	v2.virtualflybrain.org	FBbt_00004359	VFB_00200000	1	1	14.0
2025-02-07	v2.virtualflybrain.org	FBbt_00005801	VFB_00101567	0	1	8.0
2025-02-07	v2.virtualflybrain.org	FBbt_00005892	VFB_00101567	0	2	71.0
2025-02-07	v2.virtualflybrain.org	FBbt_00007053	VFB_00017894	0	1	13.0
2025-02-07	v2.virtualflybrain.org	FBbt_00007053	VFB_00101567	0	2	278.0
2025-02-07	v2.virtualflybrain.org	FBbt_00007145	VFB_00017894	0	2	80.0
2025-02-07	v2.virtualflybrain.org	FBbt_00007385	VFB_00101567	0	3	57.0
2025-02-07	v2.virtualflybrain.org	FBbt_00007386		1	1	0.0
2025-02-07	v2.virtualflybrain.org	FBbt_00007401	VFB_00017894	1	2	18.0
2025-02-07	v2.virtualflybrain.org	FBbt_00007401	VFB_00101567	0	1	68.0
2025-02-07	v2.virtualflybrain.org	FBbt_00007440	VFB_00017894	0	1	16.0
2025-02-07	v2.virtualflybrain.org	FBbt_00007727	VFB_00200000	0	1	4.0
2025-02-07	v2.virtualflybrain.org	FBbt_00013688	VFB_00101567	0	1	108.0
2025-02-07	v2.virtualflybrain.org	FBbt_00014013	VFB_00101567	0	3	358.0
2025-02-07	v2.virtualflybrain.org	FBbt_00040041	VFB_00101567	0	2	14.0
2025-02-07	v2.virtualflybrain.org	FBbt_00040042	VFB_00101567	0	3	36.0
2025-02-07	v2.virtualflybrain.org	FBbt_00040043	VFB_00101567	0	4	64.0
2025-02-07	v2.virtualflybrain.org	FBbt_00045048	VFB_00017894	0	1	37.0
2025-02-07	v2.virtualflybrain.org	FBbt_00045048	VFB_00101567	0	2	3.0
2025-02-07	v2.virtualflybrain.org	FBbt_00047534	VFB_00200000	0	1	0.0
2025-02-07	v2.virtualflybrain.org	FBbt_00047887	VFB_00101567	0	3	246.0
2025-02-07	v2.virtualflybrain.org	FBbt_00048110	VFB_00200000	0	1	177.0
2025-02-07	v2.virtualflybrain.org	FBbt_00048278	VFB_00200000	0	1	0.0
2025-02-07	v2.virtualflybrain.org	FBbt_00048279	VFB_00200000	0	3	32.0
2025-02-07	v2.virtualflybrain.org	FBbt_00048922	VFB_00200000	0	1	1.0
2025-02-07	v2.virtualflybrain.org	FBbt_00049540	VFB_00200000	0	1	1.0
2025-02-07	v2.virtualflybrain.org	FBbt_00049920	VFB_00101567	0	1	14.0
2025-02-07	v2.virtualflybrain.org	FBbt_00049920	VFB_00200000	0	2	297.0
2025-02-07	v2.virtualflybrain.org	FBbt_00049927	VFB_00101567	0	1	16.0
2025-02-07	v2.virtualflybrain.org	FBbt_00050235		1	1	20.0
2025-02-07	v2.virtualflybrain.org	FBbt_00051393	VFB_00101567	0	2	25.0
2025-02-07	v2.virtualflybrain.org	FBbt_00051597		1	1	13.0
2025-02-07	v2.virtualflybrain.org	FBbt_00051723		1	1	0.0
2025-02-07	v2.virtualflybrain.org	FBbt_00051760		1	1	8.0
2025-02-07	v2.virtualflybrain.org	FBbt_00051925	VFB_00101567	7	2	0.0
2025-02-07	v2.virtualflybrain.org	FBbt_00052714	VFB_00101567	0	1	11.0
2025-02-07	v2.virtualflybrain.org	FBbt_00052770	VFB_00200000	0	1	0.0
2025-02-07	v2.virtualflybrain.org	FBbt_00053053	VFB_00200000	0	2	34.0
2025-02-07	v2.virtualflybrain.org	FBbt_00053168	VFB_00200000	0	3	31.0
2025-02-07	v2.virtualflybrain.org	FBbt_00059073	VFB_00200000	0	1	18.0
2025-02-07	v2.virtualflybrain.org	FBbt_00100116	VFB_00200000	0	1	27.0
2025-02-07	v2.virtualflybrain.org	FBbt_00100252	VFB_00101567	0	1	53.0
2025-02-07	v2.virtualflybrain.org	FBbt_00100285	VFB_00101567	0	1	105.0
2025-02-07	v2.virtualflybrain.org	FBbt_00110175	VFB_00200000	0	1	31.0
2025-02-07	v2.virtualflybrain.org	FBbt_00110176	VFB_00200000	0	2	339.0
2025-02-07	v2.virtualflybrain.org	FBbt_00110636	VFB_00101567	0	1	1.0
2025-02-07	v2.virtualflybrain.org	FBbt_00110657	VFB_00101567	0	3	106.0
2025-02-07	v2.virtualflybrain.org	FBbt_00110854	VFB_00101567	0	1	48.0
2025-02-07	v2.virtualflybrain.org	FBbt_00111027	VFB_00200000	0	1	2.0
2025-02-07	v2.virtualflybrain.org	FBbt_20011321	VFB_00200000	0	1	16.0
2025-02-07	v2.virtualflybrain.org	FBbt_20011322	VFB_00200000	0	4	129.0
2025-02-07	v2.virtualflybrain.org	FBbt_20011324	VFB_00200000	0	6	113.0
2025-02-07	v2.virtualflybrain.org	VFB_00011736	VFB_00017894	0	1	0.0
2025-02-07	v2.virtualflybrain.org	VFB_00017894	VFB_00017894	7	9	7.0
2025-02-07	v2.virtualflybrain.org	VFB_00020850	VFB_00101567	0	1	0.0
2025-02-07	v2.virtualflybrain.org	VFB_00030608	VFB_00017894	1	1	0.0
2025-02-07	v2.virtualflybrain.org	VFB_00030629	VFB_00017894	5	2	6.0
2025-02-07	v2.virtualflybrain.org	VFB_00030867	VFB_00017894	2	6	46.0
2025-02-07	v2.virtualflybrain.org	VFB_00030867	VFB_00101567	0	3	3.0
2025-02-07	v2.virtualflybrain.org	VFB_00030900	VFB_00017894	0	1	0.0
2025-02-07	v2.virtualflybrain.org	VFB_00038116	VFB_00101567	0	1	30.0
2025-02-07	v2.virtualflybrain.org	VFB_00038170	VFB_00101567	0	3	147.0
2025-02-07	v2.virtualflybrain.org	VFB_00050000	VFB_00050000	6	15	217.0
2025-02-07	v2.virtualflybrain.org	VFB_00050465	VFB_00049000	1	4	59.0
2025-02-07	v2.virtualflybrain.org	VFB_00050465	VFB_00101567	1	2	236.0
2025-02-07	v2.virtualflybrain.org	VFB_00054437	VFB_00049000	2	1	2.0
2025-02-07	v2.virtualflybrain.org	VFB_00054437	VFB_00101567	0	1	99.0
2025-02-07	v2.virtualflybrain.org	VFB_00068037	VFB_00101567	1	1	21.0
2025-02-07	v2.virtualflybrain.org	VFB_00100184	VFB_00017894	0	2	89.0
2025-02-07	v2.virtualflybrain.org	VFB_00100235	VFB_00050000	0	1	0.0
2025-02-07	v2.virtualflybrain.org	VFB_00100362	VFB_00050000	3	2	0.0
2025-02-07	v2.virtualflybrain.org	VFB_00100424	VFB_00050000	1	3	20.0
2025-02-07	v2.virtualflybrain.org	VFB_00100424	VFB_00101567	0	1	85.0
2025-02-07	v2.virtualflybrain.org	VFB_00100506	VFB_00050000	4	2	0.0
2025-02-07	v2.virtualflybrain.org	VFB_00100612	VFB_00101567	3	1	0.0
2025-02-07	v2.virtualflybrain.org	VFB_00100683	VFB_00050000	6	1	0.0
2025-02-07	v2.virtualflybrain.org	VFB_00100683	VFB_00101567	6	1	0.0
2025-02-07	v2.virtualflybrain.org	VFB_00100715	VFB_00050000	6	1	0.0
2025-02-07	v2.virtualflybrain.org	VFB_00100wcq		3	1	1.0
2025-02-07	v2.virtualflybrain.org	VFB_00100z3k	VFB_00101567	0	1	40.0
2025-02-07	v2.virtualflybrain.org	VFB_0010106e	VFB_00101567	2	2	1.0
2025-02-07	v2.virtualflybrain.org	VFB_001010rb	VFB_00101567	0	2	0.0
2025-02-07	v2.virtualflybrain.org	VFB_001011fp	VFB_00050000	16	1	0.0
2025-02-07	v2.virtualflybrain.org	VFB_001011k2	VFB_00050000	7	1	0.0
2025-02-07	v2.virtualflybrain.org	VFB_00101223	VFB_00101567	0	3	370.0
2025-02-07	v2.virtualflybrain.org	VFB_0010123c	VFB_00101567	0	1	310.0
2025-02-07	v2.virtualflybrain.org	VFB_001012oc	VFB_00101567	0	1	77.0
2025-02-07	v2.virtualflybrain.org	VFB_0010137i	VFB_00101567	0	1	18.0
2025-02-07	v2.virtualflybrain.org	VFB_001013vk	VFB_00101567	0	1	62.0
2025-02-07	v2.virtualflybrain.org	VFB_001014uq	VFB_00101567	0	2	14.0
2025-02-07	v2.virtualflybrain.org	VFB_00101567	VFB_00101567	75	100	1474.0
2025-02-07	v2.virtualflybrain.org	VFB_00102114	VFB_00101567	0	5	222.0
2025-02-07	v2.virtualflybrain.org	VFB_00102118	VFB_00101567	12	2	31.0
2025-02-07	v2.virtualflybrain.org	VFB_00102119	VFB_00101567	2	6	157.0
2025-02-07	v2.virtualflybrain.org	VFB_00102121	VFB_00101567	0	1	5.0
2025-02-07	v2.virtualflybrain.org	VFB_00102123	VFB_00101567	0	2	3.0
2025-02-07	v2.virtualflybrain.org	VFB_00102124	VFB_00101567	0	1	7.0
2025-02-07	v2.virtualflybrain.org	VFB_00102133	VFB_00101567	0	1	2.0
2025-02-07	v2.virtualflybrain.org	VFB_00102134	VFB_00101567	5	4	1508.0
2025-02-07	v2.virtualflybrain.org	VFB_00102135	VFB_00101567	0	1	12.0
2025-02-07	v2.virtualflybrain.org	VFB_00102152	VFB_00101567	0	1	199.0
2025-02-07	v2.virtualflybrain.org	VFB_00102159	VFB_00101567	7	6	93.0
2025-02-07	v2.virtualflybrain.org	VFB_00102201	VFB_00101567	0	3	113.0
2025-02-07	v2.virtualflybrain.org	VFB_00102271	VFB_00101567	0	2	114.0
2025-02-07	v2.virtualflybrain.org	VFB_00102274	VFB_00101567	5	1	0.0
2025-02-07	v2.virtualflybrain.org	VFB_00102275	VFB_00101567	2	4	175.0
2025-02-07	v2.virtualflybrain.org	VFB_00102276	VFB_00101567	0	1	6.0
2025-02-07	v2.virtualflybrain.org	VFB_001029a2	VFB_00200000	0	1	47.0
2025-02-07	v2.virtualflybrain.org	VFB_001029a3	VFB_00200000	0	1	23.0
2025-02-07	v2.virtualflybrain.org	VFB_00102er5	VFB_00050000	2	1	0.0
2025-02-07	v2.virtualflybrain.org	VFB_00102fi3	VFB_00017894	0	2	10.0
2025-02-07	v2.virtualflybrain.org	VFB_00104638	VFB_00200000	0	1	0.0
2025-02-07	v2.virtualflybrain.org	VFB_00200000	VFB_00200000	6	8	46.0
2025-02-07	v2.virtualflybrain.org	VFB_fw009217	VFB_00101567	0	1	45.0
2025-02-07	v2.virtualflybrain.org	VFB_fw017182		1	1	0.0
2025-02-07	v2.virtualflybrain.org	VFB_fw017182	VFB_00101567	0	1	34.0
2025-02-07	v2.virtualflybrain.org	VFB_fw025524	VFB_00101567	26	1	0.0
2025-02-07	v2.virtualflybrain.org	VFB_fw029090	VFB_00101567	0	1	21.0
2025-02-07	v2.virtualflybrain.org	VFB_fw036919	VFB_00101567	0	1	17.0
2025-02-07	v2.virtualflybrain.org	VFB_fw038237	VFB_00101567	1	1	0.0
2025-02-07	v2.virtualflybrain.org	VFB_fw049876		1	1	0.0
2025-02-07	v2.virtualflybrain.org	VFB_fw049876	VFB_00101567	0	1	0.0
2025-02-07	v2.virtualflybrain.org	VFB_fw119821	VFB_00101567	0	1	7.0
2025-02-07	v2.virtualflybrain.org	VFB_jrchjtsg	VFB_00101567	0	1	26.0
2025-02-07	v2.virtualflybrain.org	VFB_jrchjyas		2	1	0.0
2025-02-07	v2.virtualflybrain.org	VFB_jrchjyas	VFB_00101567	0	2	18.0
2025-02-07	v2.virtualflybrain.org	VFB_jrcv084v	VFB_00200000	0	2	70.0
2025-02-07	v2.virtualflybrain.org	VFB_jrcv08b2	VFB_00200000	0	2	0.0
2025-02-07	v2.virtualflybrain.org	VFB_jrcv08ge	VFB_00200000	0	1	0.0
2025-02-07	v2.virtualflybrain.org	VFB_jrcv08hi	VFB_00200000	0	1	88.0
2025-02-07	v2.virtualflybrain.org	VFB_jrcv08k1	VFB_00200000	0	1	140.0
2025-02-07	v2.virtualflybrain.org	VFB_jrcv08pq	VFB_00200000	0	1	124.0
2025-02-07	v2.virtualflybrain.org	VFB_jrcv09jl	VFB_00200000	0	1	193.0
2025-02-07	v2.virtualflybrain.org	VFB_jrcv0ahi	VFB_00200000	0	2	96.0
2025-02-07	v2.virtualflybrain.org	VFB_jrcv0awl	VFB_00101567	0	2	1.0
2025-02-07	v2.virtualflybrain.org	VFB_jrcv0awl	VFB_00200000	1	4	5.0
2025-02-07	v2.virtualflybrain.org	VFB_jrcv0cv0	VFB_00200000	0	1	42.0
2025-02-07	v2.virtualflybrain.org	VFB_jrcv0czt	VFB_00200000	0	7	309.0
2025-02-07	v2.virtualflybrain.org	VFB_jrcv0d1k	VFB_00200000	0	1	158.0
2025-02-07	v2.virtualflybrain.org	VFB_jrcv0d6m	VFB_00200000	0	1	0.0
2025-02-07	v2.virtualflybrain.org	VFB_jrcv0dr0	VFB_00200000	0	1	22.0
2025-02-07	v2.virtualflybrain.org	VFB_jrcv0dta	VFB_00200000	0	4	176.0
2025-02-07	v2.virtualflybrain.org	VFB_jrcv0ea4	VFB_00200000	0	1	85.0
2025-02-07	v2.virtualflybrain.org	VFB_jrcv0ehf	VFB_00200000	0	1	22.0
2025-02-07	v2.virtualflybrain.org	VFB_jrcv0epx	VFB_00200000	0	1	115.0
2025-02-07	v2.virtualflybrain.org	VFB_jrcv0f48	VFB_00200000	0	1	21.0
2025-02-07	v2.virtualflybrain.org	VFB_jrcv0haz	VFB_00200000	0	1	21.0
2025-02-07	v2.virtualflybrain.org	VFB_jrcv0hfc	VFB_00200000	0	2	0.0
2025-02-07	v2.virtualflybrain.org	VFB_jrcv0i7a	VFB_00200000	0	2	15.0
2025-02-07	v2.virtualflybrain.org	VFB_jrcv25px	VFB_00200000	0	2	22.0
2025-02-07	v2.virtualflybrain.org	VFBexp_FBti0002	VFB_00101567	0	1	14.0
2025-02-07	v2.virtualflybrain.org	VFBexp_FBtp0014	VFB_00101567	0	1	16.0
2025-02-07	v2.virtualflybrain.org	VFBexp_FBtp0060	VFB_00101567	1	2	147.0
2025-02-07	v2.virtualflybrain.org	VFBexp_FBtp0061	VFB_00101567	0	1	11.0
2025-02-07	v2.virtualflybrain.org	VFBexp_FBtp0063	VFB_00101567	0	1	30.0
2025-02-07	v2.virtualflybrain.org	VFBexp_FBtp0099		2	2	0.0
2025-02-07	v2.virtualflybrain.org	VFBexp_FBtp0099	VFB_00101567	13	4	36.0
2025-02-07	v2.virtualflybrain.org	VFBexp_FBtp0121		2	2	1.0
2025-02-07	v2.virtualflybrain.org	VFBexp_FBtp0121	VFB_00101567	0	2	56.0
2025-02-07	v2.virtualflybrain.org	VFBexp_FBtp0124	VFB_00101567	8	2	0.0
2025-02-08		FBbt_00003624		9	2	0.0
2025-02-08		FBbt_00003624	VFB_00101567	9	2	0.0
2025-02-08		FBbt_00003632		2	1	0.0
2025-02-08		FBbt_00003632	VFB_00101567	2	1	0.0
2025-02-08		FBbt_00003668		2	1	0.0
2025-02-08		FBbt_00003668	VFB_00101567	2	1	0.0
2025-02-08		FBbt_00003681		3	2	0.0
2025-02-08		FBbt_00003681	VFB_00101567	3	2	0.0
2025-02-08		FBbt_00003682		2	1	0.0
2025-02-08		FBbt_00003682	VFB_00101567	2	1	0.0
2025-02-08		FBbt_00003684		2	1	0.0
2025-02-08		FBbt_00003684	VFB_00101567	2	1	0.0
2025-02-08		FBbt_00003748		5	2	0.0
2025-02-08		FBbt_00003748	VFB_00101567	5	3	0.0
2025-02-08		FBbt_00003852		2	1	0.0
2025-02-08		FBbt_00003852	VFB_00101567	2	1	0.0
2025-02-08		FBbt_00003982		1	1	0.0
2025-02-08		FBbt_00003982	VFB_00101567	2	1	0.0
2025-02-08		FBbt_00007050		2	2	0.0
2025-02-08		FBbt_00007050	VFB_00101567	2	2	0.0
2025-02-08		FBbt_00007053		4	1	0.0
2025-02-08		FBbt_00007053	VFB_00101567	4	1	0.0
2025-02-08		FBbt_00007054		1	1	0.0
2025-02-08		FBbt_00007054	VFB_00101567	1	1	0.0
2025-02-08		FBbt_00013688		2	1	0.0
2025-02-08		FBbt_00013688	VFB_00101567	2	1	0.0
2025-02-08		FBbt_00040041		2	1	0.0
2025-02-08		FBbt_00040041	VFB_00101567	2	1	0.0
2025-02-08		FBbt_00040042		4	2	0.0
2025-02-08		FBbt_00040042	VFB_00101567	4	2	0.0
2025-02-08		FBbt_00040043		3	2	0.0
2025-02-08		FBbt_00040043	VFB_00101567	3	2	0.0
2025-02-08		FBbt_00045027		2	1	0.0
2025-02-08		FBbt_00045027	VFB_00101567	2	2	0.0
2025-02-08		FBbt_00045040		2	1	0.0
2025-02-08		FBbt_00045040	VFB_00101567	2	1	0.0
2025-02-08		FBbt_00045047		1	1	0.0
2025-02-08		FBbt_00045047	VFB_00101567	1	1	0.0
2025-02-08		FBbt_00045048		2	1	0.0
2025-02-08		FBbt_00045048	VFB_00101567	2	1	0.0
2025-02-08		FBbt_00045050		1	1	0.0
2025-02-08		FBbt_00045050	VFB_00101567	2	1	0.0
2025-02-08		FBbt_00047887		4	2	0.0
2025-02-08		FBbt_00047887	VFB_00101567	4	2	0.0
2025-02-08		FBbt_00052666		1	1	0.0
2025-02-08		FBbt_00052666	VFB_00101567	1	1	0.0
2025-02-08		FBbt_00110107		1	1	0.0
2025-02-08		FBbt_00110107	VFB_00101567	1	1	0.0
2025-02-08		VFB_00017894		6	1	0.0
2025-02-08		VFB_00017894	VFB_00017894	6	1	0.0
2025-02-08		VFB_00030608		1	1	1.0
2025-02-08		VFB_00030608	VFB_00017894	1	1	0.0
2025-02-08		VFB_00030828		1	1	0.0
2025-02-08		VFB_00030828	VFB_00101567	1	1	0.0
2025-02-08		VFB_00050000		1	1	0.0
2025-02-08		VFB_00050000	VFB_00050000	1	1	0.0
2025-02-08		VFB_00100506		7	1	0.0
2025-02-08		VFB_00100506	VFB_00050000	7	1	0.0
2025-02-08		VFB_001011fp		8	1	0.0
2025-02-08		VFB_001011fp	VFB_00050000	8	1	0.0
2025-02-08		VFB_00101567		99	13	76.0
2025-02-08		VFB_00101567	VFB_00101567	106	18	0.0
2025-02-08		VFB_00102107		1	1	202.0
2025-02-08		VFB_00102107	VFB_00101567	1	1	0.0
2025-02-08		VFB_00102118		5	1	0.0
2025-02-08		VFB_00102118	VFB_00101567	5	1	0.0
2025-02-08		VFB_00102134		1	1	3.0
2025-02-08		VFB_00102134	VFB_00101567	1	1	0.0
2025-02-08		VFB_00102274		4	1	0.0
2025-02-08		VFB_00102274	VFB_00101567	3	1	0.0
2025-02-08		VFB_00102275		4	1	0.0
2025-02-08		VFB_00102275	VFB_00101567	3	1	0.0
2025-02-08		VFB_fw004577		8	1	53.0
2025-02-08		VFB_fw004577	VFB_00101567	7	4	0.0
2025-02-08		VFB_fw004730		2	1	3.0
2025-02-08		VFB_fw004730	VFB_00101567	2	1	0.0
2025-02-08		VFB_fw007630		3	1	1.0
2025-02-08		VFB_fw007630	VFB_00101567	2	1	0.0
2025-02-08		VFB_fw009217		2	1	4.0
2025-02-08		VFB_fw009217	VFB_00101567	2	1	0.0
2025-02-08		VFB_fw009303		2	1	4.0
2025-02-08		VFB_fw009303	VFB_00101567	2	1	0.0
2025-02-08		VFB_fw025524		24	1	0.0
2025-02-08		VFB_fw025524	VFB_00101567	24	1	0.0
2025-02-08		VFB_fw036508		2	1	3.0
2025-02-08		VFB_fw036508	VFB_00101567	2	1	0.0
2025-02-08		VFB_fw041674		3	1	9.0
2025-02-08		VFB_fw041674	VFB_00101567	2	1	0.0
2025-02-08		VFB_fw043781		2	1	3.0
2025-02-08		VFB_fw043781	VFB_00101567	2	1	0.0
2025-02-08		VFB_fw119821		4	1	12.0
2025-02-08		VFB_fw119821	VFB_00101567	6	3	0.0
2025-02-08		VFB_jrchjrqj		2	1	4.0
2025-02-08		VFB_jrchjrqj	VFB_00101567	2	1	0.0
2025-02-08		VFB_jrchjrwk		2	1	3.0
2025-02-08		VFB_jrchjrwk	VFB_00101567	2	1	0.0
2025-02-08		VFB_jrchjrwn		2	1	3.0
2025-02-08		VFB_jrchjrwn	VFB_00101567	2	1	0.0
2025-02-08		VFB_jrchjrwp		2	1	4.0
2025-02-08		VFB_jrchjrwp	VFB_00101567	2	1	0.0
2025-02-08		VFB_jrchjsa9		2	1	5.0
2025-02-08		VFB_jrchjsa9	VFB_00101567	2	1	0.0
2025-02-08		VFB_jrchjsm3		2	1	3.0
2025-02-08		VFB_jrchjsm3	VFB_00101567	2	1	0.0
2025-02-08		VFB_jrchjt0r		2	1	3.0
2025-02-08		VFB_jrchjt0r	VFB_00101567	2	1	0.0
2025-02-08		VFB_jrchjtg0		2	1	4.0
2025-02-08		VFB_jrchjtg0	VFB_00101567	2	1	0.0
2025-02-08		VFB_jrchjthg		2	1	0.0
2025-02-08		VFB_jrchjthg	VFB_00101567	2	1	0.0
2025-02-08		VFB_jrchjyas		2	1	3.0
2025-02-08		VFB_jrchjyas	VFB_00101567	2	1	0.0
2025-02-08		VFB_jrchk4os		2	1	5.0
2025-02-08		VFB_jrchk4os	VFB_00101567	2	1	0.0
2025-02-08		VFB_jrchk4qy		2	1	4.0
2025-02-08		VFB_jrchk4qy	VFB_00101567	2	1	0.0
2025-02-08		VFB_jrchk6p0		2	1	4.0
2025-02-08		VFB_jrchk6p0	VFB_00101567	2	1	0.0
2025-02-08		VFB_jrchk6z4		2	1	3.0
2025-02-08		VFB_jrchk6z4	VFB_00101567	2	1	0.0
2025-02-08		VFB_jrchk7p9		2	1	4.0
2025-02-08		VFB_jrchk7p9	VFB_00101567	2	1	0.0
2025-02-08		VFB_jrcv09ho		1	1	0.0
2025-02-08		VFB_jrcv09ho	VFB_00200000	1	1	0.0
2025-02-08		VFB_jrcv0ahi		2	1	0.0
2025-02-08		VFB_jrcv0ahi	VFB_00200000	2	2	0.0
2025-02-08		VFB_jrcv0cr9		1	1	0.0
2025-02-08		VFB_jrcv0cr9	VFB_00200000	1	1	0.0
2025-02-08		VFB_jrcv0dkm		1	1	0.0
2025-02-08		VFB_jrcv0dkm	VFB_00200000	1	1	0.0
2025-02-08		VFB_jrcv0dta		2	1	0.0
2025-02-08		VFB_jrcv0dta	VFB_00200000	2	1	0.0
2025-02-08		VFB_jrcv0ea6		1	1	0.0
2025-02-08		VFB_jrcv0ea6	VFB_00200000	1	1	0.0
2025-02-08		VFB_jrcv0eeu		9	1	0.0
2025-02-08		VFB_jrcv0eeu	VFB_00200000	9	3	0.0
2025-02-08		VFB_jrcv0efa		1	1	0.0
2025-02-08		VFB_jrcv0efa	VFB_00200000	1	1	0.0
2025-02-08		VFB_jrcv0eh3		1	1	0.0
2025-02-08		VFB_jrcv0eh3	VFB_00200000	1	1	0.0
2025-02-08		VFB_jrcv0esc		1	1	0.0
2025-02-08		VFB_jrcv0esc	VFB_00200000	1	1	0.0
2025-02-08		VFB_jrcv0f0j		1	1	0.0
2025-02-08		VFB_jrcv0f0j	VFB_00200000	1	1	0.0
2025-02-08		VFB_jrcv0f9a		1	1	0.0
2025-02-08		VFB_jrcv0f9a	VFB_00200000	1	1	0.0
2025-02-08		VFB_jrcv0gle		5	1	0.0
2025-02-08		VFB_jrcv0gle	VFB_00200000	5	2	0.0
2025-02-08		VFB_jrcv0gpu		1	1	0.0
2025-02-08		VFB_jrcv0gpu	VFB_00200000	1	1	0.0
2025-02-08		VFB_jrcv0gqy		1	1	0.0
2025-02-08		VFB_jrcv0gqy	VFB_00200000	1	1	0.0
2025-02-08		VFB_jrcv0hqg		1	1	0.0
2025-02-08		VFB_jrcv0hqg	VFB_00200000	1	1	0.0
2025-02-08		VFB_jrcv0i7a		1	1	0.0
2025-02-08		VFB_jrcv0i7a	VFB_00200000	1	1	0.0
2025-02-08		VFB_jrcv0i7d		10	1	0.0
2025-02-08		VFB_jrcv0i7d	VFB_00200000	10	3	0.0
2025-02-08		VFB_jrcv0i7l		1	1	0.0
2025-02-08		VFB_jrcv0i7l	VFB_00200000	1	1	0.0
2025-02-08		VFB_jrcv0ijz		1	1	0.0
2025-02-08		VFB_jrcv0ijz	VFB_00200000	1	1	0.0
2025-02-08		VFB_jrcv0k0o		1	1	0.0
2025-02-08		VFB_jrcv0k0o	VFB_00200000	1	1	0.0
2025-02-08		VFB_jrcv0k2i		3	1	0.0
2025-02-08		VFB_jrcv0k2i	VFB_00200000	3	2	0.0
2025-02-08		VFB_jrcv0k4b		1	1	0.0
2025-02-08		VFB_jrcv0k4b	VFB_00200000	1	1	0.0
2025-02-08		VFB_jrcv0k6d		1	1	0.0
2025-02-08		VFB_jrcv0k6d	VFB_00200000	1	1	0.0
2025-02-08		VFBexp_FBtp0099		20	2	0.0
2025-02-08		VFBexp_FBtp0099	VFB_00101567	20	2	0.0
2025-02-08		VFBexp_FBtp0124		5	1	0.0
2025-02-08		VFBexp_FBtp0124	VFB_00101567	5	1	0.0
2025-02-08	v2.virtualflybrain.org	FBbt_00003624	VFB_00101567	5	2	16.0
2025-02-08	v2.virtualflybrain.org	FBbt_00003632	VFB_00101567	0	1	25.0
2025-02-08	v2.virtualflybrain.org	FBbt_00003668	VFB_00101567	0	1	4.0
2025-02-08	v2.virtualflybrain.org	FBbt_00003681	VFB_00101567	0	2	126.0
2025-02-08	v2.virtualflybrain.org	FBbt_00003682	VFB_00101567	0	1	40.0
2025-02-08	v2.virtualflybrain.org	FBbt_00003684	VFB_00101567	0	1	10.0
2025-02-08	v2.virtualflybrain.org	FBbt_00003748	VFB_00101567	0	3	70.0
2025-02-08	v2.virtualflybrain.org	FBbt_00003852	VFB_00101567	0	1	18.0
2025-02-08	v2.virtualflybrain.org	FBbt_00003982	VFB_00101567	0	1	82.0
2025-02-08	v2.virtualflybrain.org	FBbt_00007050	VFB_00101567	0	2	5.0
2025-02-08	v2.virtualflybrain.org	FBbt_00007053	VFB_00101567	0	1	18.0
2025-02-08	v2.virtualflybrain.org	FBbt_00007054	VFB_00101567	0	1	3.0
2025-02-08	v2.virtualflybrain.org	FBbt_00013688	VFB_00101567	0	1	3.0
2025-02-08	v2.virtualflybrain.org	FBbt_00040041	VFB_00101567	0	1	0.0
2025-02-08	v2.virtualflybrain.org	FBbt_00040042	VFB_00101567	0	2	53.0
2025-02-08	v2.virtualflybrain.org	FBbt_00040043	VFB_00101567	0	2	7.0
2025-02-08	v2.virtualflybrain.org	FBbt_00045027	VFB_00101567	0	2	630.0
2025-02-08	v2.virtualflybrain.org	FBbt_00045040	VFB_00101567	0	1	2.0
2025-02-08	v2.virtualflybrain.org	FBbt_00045047	VFB_00101567	0	1	2.0
2025-02-08	v2.virtualflybrain.org	FBbt_00045048	VFB_00101567	0	1	15.0
2025-02-08	v2.virtualflybrain.org	FBbt_00045050	VFB_00101567	0	1	3.0
2025-02-08	v2.virtualflybrain.org	FBbt_00047887	VFB_00101567	1	3	43.0
2025-02-08	v2.virtualflybrain.org	FBbt_00051678		1	1	0.0
2025-02-08	v2.virtualflybrain.org	FBbt_00052666	VFB_00101567	0	2	17.0
2025-02-08	v2.virtualflybrain.org	FBbt_00110107	VFB_00101567	1	1	0.0
2025-02-08	v2.virtualflybrain.org	VFB_00017894	VFB_00017894	6	3	0.0
2025-02-08	v2.virtualflybrain.org	VFB_00030608	VFB_00017894	1	1	0.0
2025-02-08	v2.virtualflybrain.org	VFB_00050000	VFB_00050000	1	4	0.0
2025-02-08	v2.virtualflybrain.org	VFB_00100506	VFB_00050000	8	1	0.0
2025-02-08	v2.virtualflybrain.org	VFB_00100wcq		2	1	0.0
2025-02-08	v2.virtualflybrain.org	VFB_001011fp	VFB_00050000	8	1	0.0
2025-02-08	v2.virtualflybrain.org	VFB_00101567	VFB_00101567	50	35	168.0
2025-02-08	v2.virtualflybrain.org	VFB_00102107	VFB_00101567	0	1	151.0
2025-02-08	v2.virtualflybrain.org	VFB_00102118	VFB_00101567	5	1	6.0
2025-02-08	v2.virtualflybrain.org	VFB_00102134	VFB_00101567	1	1	24.0
2025-02-08	v2.virtualflybrain.org	VFB_00102274	VFB_00101567	0	1	15.0
2025-02-08	v2.virtualflybrain.org	VFB_00102275	VFB_00101567	0	1	5.0
2025-02-08	v2.virtualflybrain.org	VFB_00200000	VFB_00200000	0	4	0.0
2025-02-08	v2.virtualflybrain.org	VFB_fw004577	VFB_00101567	0	2	12.0
2025-02-08	v2.virtualflybrain.org	VFB_fw004730		1	1	0.0
2025-02-08	v2.virtualflybrain.org	VFB_fw004730	VFB_00101567	0	1	16.0
2025-02-08	v2.virtualflybrain.org	VFB_fw007630	VFB_00101567	0	1	10.0
2025-02-08	v2.virtualflybrain.org	VFB_fw009217		1	1	0.0
2025-02-08	v2.virtualflybrain.org	VFB_fw009217	VFB_00101567	0	1	4.0
2025-02-08	v2.virtualflybrain.org	VFB_fw009303		1	1	1.0
2025-02-08	v2.virtualflybrain.org	VFB_fw009303	VFB_00101567	0	1	11.0
2025-02-08	v2.virtualflybrain.org	VFB_fw025524	VFB_00101567	24	1	0.0
2025-02-08	v2.virtualflybrain.org	VFB_fw036508		1	1	0.0
2025-02-08	v2.virtualflybrain.org	VFB_fw036508	VFB_00101567	0	1	11.0
2025-02-08	v2.virtualflybrain.org	VFB_fw041674	VFB_00101567	0	1	0.0
2025-02-08	v2.virtualflybrain.org	VFB_fw043781		1	1	0.0
2025-02-08	v2.virtualflybrain.org	VFB_fw043781	VFB_00101567	0	1	44.0
2025-02-08	v2.virtualflybrain.org	VFB_fw119821	VFB_00101567	0	1	0.0
2025-02-08	v2.virtualflybrain.org	VFB_jrchjrqj		1	1	0.0
2025-02-08	v2.virtualflybrain.org	VFB_jrchjrqj	VFB_00101567	0	1	5.0
2025-02-08	v2.virtualflybrain.org	VFB_jrchjrwk		1	1	0.0
2025-02-08	v2.virtualflybrain.org	VFB_jrchjrwk	VFB_00101567	0	1	12.0
2025-02-08	v2.virtualflybrain.org	VFB_jrchjrwn		1	1	0.0
2025-02-08	v2.virtualflybrain.org	VFB_jrchjrwn	VFB_00101567	0	1	14.0
2025-02-08	v2.virtualflybrain.org	VFB_jrchjrwp		1	1	0.0
2025-02-08	v2.virtualflybrain.org	VFB_jrchjrwp	VFB_00101567	0	1	20.0
2025-02-08	v2.virtualflybrain.org	VFB_jrchjsa9		1	1	0.0
2025-02-08	v2.virtualflybrain.org	VFB_jrchjsa9	VFB_00101567	0	1	4.0
2025-02-08	v2.virtualflybrain.org	VFB_jrchjsm3		1	1	0.0
2025-02-08	v2.virtualflybrain.org	VFB_jrchjsm3	VFB_00101567	0	1	21.0
2025-02-08	v2.virtualflybrain.org	VFB_jrchjt0r		1	1	0.0
2025-02-08	v2.virtualflybrain.org	VFB_jrchjt0r	VFB_00101567	0	1	38.0
2025-02-08	v2.virtualflybrain.org	VFB_jrchjtg0		1	1	0.0
2025-02-08	v2.virtualflybrain.org	VFB_jrchjtg0	VFB_00101567	0	1	14.0
2025-02-08	v2.virtualflybrain.org	VFB_jrchjthg	VFB_00101567	0	1	8.0
2025-02-08	v2.virtualflybrain.org	VFB_jrchjyas		1	1	0.0
2025-02-08	v2.virtualflybrain.org	VFB_jrchjyas	VFB_00101567	0	1	57.0
2025-02-08	v2.virtualflybrain.org	VFB_jrchk4os		1	1	0.0
2025-02-08	v2.virtualflybrain.org	VFB_jrchk4os	VFB_00101567	0	1	17.0
2025-02-08	v2.virtualflybrain.org	VFB_jrchk4qy		1	1	0.0
2025-02-08	v2.virtualflybrain.org	VFB_jrchk4qy	VFB_00101567	0	1	39.0
2025-02-08	v2.virtualflybrain.org	VFB_jrchk6p0		1	1	0.0
2025-02-08	v2.virtualflybrain.org	VFB_jrchk6p0	VFB_00101567	0	1	5.0
2025-02-08	v2.virtualflybrain.org	VFB_jrchk6z4		1	1	0.0
2025-02-08	v2.virtualflybrain.org	VFB_jrchk6z4	VFB_00101567	0	1	27.0
2025-02-08	v2.virtualflybrain.org	VFB_jrchk7p9		1	1	0.0
2025-02-08	v2.virtualflybrain.org	VFB_jrchk7p9	VFB_00101567	0	1	2.0
2025-02-08	v2.virtualflybrain.org	VFB_jrcv09ho	VFB_00200000	0	1	66.0
2025-02-08	v2.virtualflybrain.org	VFB_jrcv0ahi	VFB_00200000	0	2	54.0
2025-02-08	v2.virtualflybrain.org	VFB_jrcv0cr9	VFB_00200000	0	1	60.0
2025-02-08	v2.virtualflybrain.org	VFB_jrcv0dkm	VFB_00200000	0	1	17.0
2025-02-08	v2.virtualflybrain.org	VFB_jrcv0dta	VFB_00200000	2	2	0.0
2025-02-08	v2.virtualflybrain.org	VFB_jrcv0ea6	VFB_00200000	0	1	12.0
2025-02-08	v2.virtualflybrain.org	VFB_jrcv0eeu	VFB_00200000	0	3	115.0
2025-02-08	v2.virtualflybrain.org	VFB_jrcv0efa	VFB_00200000	0	1	29.0
2025-02-08	v2.virtualflybrain.org	VFB_jrcv0eh3	VFB_00200000	0	1	16.0
2025-02-08	v2.virtualflybrain.org	VFB_jrcv0esc	VFB_00200000	0	1	9.0
2025-02-08	v2.virtualflybrain.org	VFB_jrcv0f0j	VFB_00200000	0	1	71.0
2025-02-08	v2.virtualflybrain.org	VFB_jrcv0f9a	VFB_00200000	0	1	329.0
2025-02-08	v2.virtualflybrain.org	VFB_jrcv0gle	VFB_00200000	0	2	16.0
2025-02-08	v2.virtualflybrain.org	VFB_jrcv0gpu	VFB_00200000	0	1	9.0
2025-02-08	v2.virtualflybrain.org	VFB_jrcv0gqy	VFB_00200000	0	1	11.0
2025-02-08	v2.virtualflybrain.org	VFB_jrcv0hqg	VFB_00200000	0	1	10.0
2025-02-08	v2.virtualflybrain.org	VFB_jrcv0i7a	VFB_00200000	0	1	11.0
2025-02-08	v2.virtualflybrain.org	VFB_jrcv0i7d	VFB_00200000	0	4	102.0
2025-02-08	v2.virtualflybrain.org	VFB_jrcv0i7l	VFB_00200000	0	1	7.0
2025-02-08	v2.virtualflybrain.org	VFB_jrcv0ijz	VFB_00200000	0	1	13.0
2025-02-08	v2.virtualflybrain.org	VFB_jrcv0k0o	VFB_00200000	0	1	32.0
2025-02-08	v2.virtualflybrain.org	VFB_jrcv0k2i	VFB_00200000	2	3	7.0
2025-02-08	v2.virtualflybrain.org	VFB_jrcv0k4b	VFB_00200000	0	1	256.0
2025-02-08	v2.virtualflybrain.org	VFB_jrcv0k6d	VFB_00200000	0	1	15.0
2025-02-08	v2.virtualflybrain.org	VFBexp_FBtp0099	VFB_00101567	21	2	1.0
2025-02-08	v2.virtualflybrain.org	VFBexp_FBtp0124	VFB_00101567	6	1	0.0
2025-02-09		FBbt_00003004		1	1	0.0
2025-02-09		FBbt_00003004	VFB_00101567	1	1	0.0
2025-02-09		FBbt_00003624		8	3	0.0
2025-02-09		FBbt_00003624	VFB_00101567	15	3	0.0
2025-02-09		FBbt_00003678		1	1	1.0
2025-02-09		FBbt_00003678	VFB_00101567	1	1	0.0
2025-02-09		FBbt_00003680		1	1	0.0
2025-02-09		FBbt_00003680	VFB_00101567	1	1	0.0
2025-02-09		FBbt_00003681		3	2	1.0
2025-02-09		FBbt_00003681	VFB_00101567	3	2	0.0
2025-02-09		FBbt_00003748		5	3	0.0
2025-02-09		FBbt_00003748	VFB_00101567	5	3	0.0
2025-02-09		FBbt_00040041		1	1	0.0
2025-02-09		FBbt_00040041	VFB_00101567	1	1	0.0
2025-02-09		FBbt_00040043		1	1	1.0
2025-02-09		FBbt_00040043	VFB_00101567	1	1	0.0
2025-02-09		FBbt_00040048		1	1	0.0
2025-02-09		FBbt_00040048	VFB_00101567	1	1	0.0
2025-02-09		FBbt_00045048		2	1	1.0
2025-02-09		FBbt_00045048	VFB_00101567	2	1	0.0
2025-02-09		FBbt_00110639		3	1	0.0
2025-02-09		FBbt_00110639	VFB_00101567	3	1	0.0
2025-02-09		FBbt_00110657		1	1	0.0
2025-02-09		FBbt_00110657	VFB_00101567	1	1	0.0
2025-02-09		GO_0000981		2	1	27.0
2025-02-09		GO_0000981	VFB_00101567	2	1	0.0
2025-02-09		VFB_00017894		9	1	0.0
2025-02-09		VFB_00017894	VFB_00017894	9	1	0.0
2025-02-09		VFB_00050000		1	1	0.0
2025-02-09		VFB_00050000	VFB_00050000	1	1	0.0
2025-02-09		VFB_001014uq		2	1	26.0
2025-02-09		VFB_001014uq	VFB_00101567	2	1	0.0
2025-02-09		VFB_00101567		99	17	136.0
2025-02-09		VFB_00101567	VFB_00101567	101	21	0.0
2025-02-09		VFB_00102119		2	1	1.0
2025-02-09		VFB_00102119	VFB_00101567	2	1	0.0
2025-02-09		VFB_00102121		2	1	0.0
2025-02-09		VFB_00102121	VFB_00101567	2	1	0.0
2025-02-09		VFB_00102123		2	1	1.0
2025-02-09		VFB_00102123	VFB_00101567	2	1	0.0
2025-02-09		VFB_00102124		2	1	1.0
2025-02-09		VFB_00102124	VFB_00101567	2	1	0.0
2025-02-09		VFB_00102133		2	1	1.0
2025-02-09		VFB_00102133	VFB_00101567	2	1	0.0
2025-02-09		VFB_00102176		1	1	1.0
2025-02-09		VFB_00102176	VFB_00101567	1	1	0.0
2025-02-09		VFB_fw004577		9	1	0.0
2025-02-09		VFB_fw004577	VFB_00101567	9	1	0.0
2025-02-09		VFB_fw025524		24	1	0.0
2025-02-09		VFB_fw025524	VFB_00101567	24	1	0.0
2025-02-09	v2.virtualflybrain.org	FBbt_00003004	VFB_00101567	0	1	6.0
2025-02-09	v2.virtualflybrain.org	FBbt_00003624	VFB_00101567	0	6	121.0
2025-02-09	v2.virtualflybrain.org	FBbt_00003678	VFB_00101567	0	1	31.0
2025-02-09	v2.virtualflybrain.org	FBbt_00003680	VFB_00101567	0	2	17.0
2025-02-09	v2.virtualflybrain.org	FBbt_00003681	VFB_00101567	1	4	72.0
2025-02-09	v2.virtualflybrain.org	FBbt_00003748	VFB_00101567	0	3	40.0
2025-02-09	v2.virtualflybrain.org	FBbt_00040041	VFB_00101567	0	1	7.0
2025-02-09	v2.virtualflybrain.org	FBbt_00040043	VFB_00101567	0	1	86.0
2025-02-09	v2.virtualflybrain.org	FBbt_00040048	VFB_00101567	0	1	46.0
2025-02-09	v2.virtualflybrain.org	FBbt_00045048	VFB_00101567	1	2	52.0
2025-02-09	v2.virtualflybrain.org	FBbt_00059280		1	1	8.0
2025-02-09	v2.virtualflybrain.org	FBbt_00110639	VFB_00101567	2	2	7.0
2025-02-09	v2.virtualflybrain.org	FBbt_00110657	VFB_00101567	0	1	81.0
2025-02-09	v2.virtualflybrain.org	FBbt_00111128		1	1	0.0
2025-02-09	v2.virtualflybrain.org	GO_0000981	VFB_00101567	0	1	0.0
2025-02-09	v2.virtualflybrain.org	VFB_00017894	VFB_00017894	9	2	0.0
2025-02-09	v2.virtualflybrain.org	VFB_00049000		1	1	1.0
2025-02-09	v2.virtualflybrain.org	VFB_00050000	VFB_00050000	1	2	0.0
2025-02-09	v2.virtualflybrain.org	VFB_001014uq	VFB_00101567	0	1	2.0
2025-02-09	v2.virtualflybrain.org	VFB_00101567	VFB_00101567	33	29	1028.0
2025-02-09	v2.virtualflybrain.org	VFB_00102119	VFB_00101567	0	1	58.0
2025-02-09	v2.virtualflybrain.org	VFB_00102121	VFB_00101567	0	1	0.0
2025-02-09	v2.virtualflybrain.org	VFB_00102123	VFB_00101567	0	1	54.0
2025-02-09	v2.virtualflybrain.org	VFB_00102124	VFB_00101567	0	1	11.0
2025-02-09	v2.virtualflybrain.org	VFB_00102133	VFB_00101567	0	1	2.0
2025-02-09	v2.virtualflybrain.org	VFB_00102176	VFB_00101567	0	1	2.0
2025-02-09	v2.virtualflybrain.org	VFB_fw004577	VFB_00101567	9	2	0.0
2025-02-09	v2.virtualflybrain.org	VFB_fw025524	VFB_00101567	24	1	0.0
2025-02-09	v2.virtualflybrain.org	VFBu_rnq9btjg		50	3	155.0
2025-02-09	v2.virtualflybrain.org	VFBu_u18xw4bj		25	3	149.0
2025-02-10		FBbt_00003624		23	6	16.0
2025-02-10		FBbt_00003624	VFB_00101567	26	6	0.0
2025-02-10		FBbt_00003632		5	1	0.0
2025-02-10		FBbt_00003632	VFB_00101567	6	1	0.0
2025-02-10		FBbt_00003679		4	1	1.0
2025-02-10		FBbt_00003679	VFB_00101567	4	2	0.0
2025-02-10		FBbt_00003681		5	1	0.0
2025-02-10		FBbt_00003681	VFB_00101567	5	1	0.0
2025-02-10		FBbt_00003682		2	1	0.0
2025-02-10		FBbt_00003682	VFB_00101567	2	1	0.0
2025-02-10		FBbt_00003684		3	2	0.0
2025-02-10		FBbt_00003684	VFB_00101567	3	2	0.0
2025-02-10		FBbt_00003852		1	1	0.0
2025-02-10		FBbt_00003852	VFB_00101567	3	1	0.0
2025-02-10		FBbt_00004223		1	1	0.0
2025-02-10		FBbt_00004223	VFB_00101567	1	1	0.0
2025-02-10		FBbt_00005095		2	1	9.0
2025-02-10		FBbt_00005095	VFB_00101567	7	1	0.0
2025-02-10		FBbt_00007145		1	1	0.0
2025-02-10		FBbt_00007145	VFB_00101567	1	1	0.0
2025-02-10		FBbt_00007146		5	1	0.0
2025-02-10		FBbt_00007146	VFB_00101567	5	1	0.0
2025-02-10		FBbt_00007401		1	1	1.0
2025-02-10		FBbt_00007401	VFB_00101567	1	1	0.0
2025-02-10		FBbt_00040001		5	1	0.0
2025-02-10		FBbt_00040001	VFB_00101567	5	1	0.0
2025-02-10		FBbt_00040002		2	1	0.0
2025-02-10		FBbt_00040002	VFB_00101567	2	1	0.0
2025-02-10		FBbt_00040037		2	1	0.0
2025-02-10		FBbt_00040037	VFB_00101567	2	1	0.0
2025-02-10		FBbt_00040041		6	2	0.0
2025-02-10		FBbt_00040041	VFB_00101567	6	3	0.0
2025-02-10		FBbt_00045021		5	2	0.0
2025-02-10		FBbt_00045021	VFB_00101567	5	2	0.0
2025-02-10		FBbt_00045030		3	1	0.0
2025-02-10		FBbt_00045030	VFB_00101567	3	1	0.0
2025-02-10		FBbt_00045048		12	2	0.0
2025-02-10		FBbt_00045048	VFB_00101567	12	3	0.0
2025-02-10		FBbt_00045050		2	1	0.0
2025-02-10		FBbt_00045050	VFB_00101567	2	1	0.0
2025-02-10		FBbt_00045051		4	2	0.0
2025-02-10		FBbt_00045051	VFB_00101567	4	2	0.0
2025-02-10		FBbt_00047247		1	1	0.0
2025-02-10		FBbt_00047247	VFB_00200000	1	1	0.0
2025-02-10		FBbt_00047579		1	1	0.0
2025-02-10		FBbt_00047579	VFB_00200000	1	1	0.0
2025-02-10		FBbt_00047887		1	1	0.0
2025-02-10		FBbt_00047887	VFB_00101567	1	1	0.0
2025-02-10		FBbt_00048110		1	1	0.0
2025-02-10		FBbt_00048110	VFB_00200000	1	1	0.0
2025-02-10		FBbt_00048279		7	1	35.0
2025-02-10		FBbt_00048279	VFB_00200000	7	3	0.0
2025-02-10		FBbt_00048301		3	1	10.0
2025-02-10		FBbt_00048301	VFB_00200000	12	2	0.0
2025-02-10		FBbt_00048922		4	1	177.0
2025-02-10		FBbt_00048922	VFB_00200000	10	2	0.0
2025-02-10		FBbt_00049540		6	1	14.0
2025-02-10		FBbt_00049540	VFB_00200000	11	4	0.0
2025-02-10		FBbt_00049853		1	1	0.0
2025-02-10		FBbt_00049853	VFB_00101567	1	1	0.0
2025-02-10		FBbt_00051310		1	1	1.0
2025-02-10		FBbt_00051310	VFB_00200000	6	1	0.0
2025-02-10		FBbt_00100219		1	1	1.0
2025-02-10		FBbt_00100219	VFB_00101567	1	1	0.0
2025-02-10		FBbt_00110107		14	1	0.0
2025-02-10		FBbt_00110107	VFB_00101567	14	1	0.0
2025-02-10		FBbt_00110636		2	1	0.0
2025-02-10		FBbt_00110636	VFB_00101567	2	1	0.0
2025-02-10		FBbt_00110638		8	1	0.0
2025-02-10		FBbt_00110638	VFB_00101567	9	2	0.0
2025-02-10		FBbt_00110931		1	1	0.0
2025-02-10		FBbt_00110931	VFB_00101567	7	1	0.0
2025-02-10		FBbt_00111095		1	1	0.0
2025-02-10		FBbt_00111095	VFB_00200000	1	1	0.0
2025-02-10		FBbt_20011324		3	1	0.0
2025-02-10		FBbt_20011324	VFB_00200000	8	3	0.0
2025-02-10		VFB_00017894		5	1	0.0
2025-02-10		VFB_00017894	VFB_00017894	5	1	0.0
2025-02-10		VFB_00020124		6	1	0.0
2025-02-10		VFB_00020124	VFB_00101567	6	3	0.0
2025-02-10		VFB_00020128		1	1	0.0
2025-02-10		VFB_00020128	VFB_00101567	1	1	0.0
2025-02-10		VFB_00030867		1	1	0.0
2025-02-10		VFB_00030867	VFB_00017894	1	1	0.0
2025-02-10		VFB_00045107		17	1	0.0
2025-02-10		VFB_00045107	VFB_00101567	17	1	0.0
2025-02-10		VFB_00050000		11	4	0.0
2025-02-10		VFB_00050000	VFB_00050000	12	5	18.0
2025-02-10		VFB_00100683		2	1	0.0
2025-02-10		VFB_00100683	VFB_00050000	1	1	0.0
2025-02-10		VFB_00100683	VFB_00101567	1	1	0.0
2025-02-10		VFB_00100715		1	1	0.0
2025-02-10		VFB_00100715	VFB_00050000	1	1	0.0
2025-02-10		VFB_00100ww0		4	1	3.0
2025-02-10		VFB_00100ww0	VFB_00101567	4	2	0.0
2025-02-10		VFB_001014uq		4	2	2.0
2025-02-10		VFB_001014uq	VFB_00101567	6	2	0.0
2025-02-10		VFB_00101567		136	26	266.0
2025-02-10		VFB_00101567	VFB_00101567	120	30	13.0
2025-02-10		VFB_00101umm		1	1	5.0
2025-02-10		VFB_00101umm	VFB_00101567	1	1	0.0
2025-02-10		VFB_00102162		9	1	0.0
2025-02-10		VFB_00102162	VFB_00101567	9	2	0.0
2025-02-10		VFB_00102212		4	2	6.0
2025-02-10		VFB_00102212	VFB_00101567	4	4	0.0
2025-02-10		VFB_00102271		6	2	2.0
2025-02-10		VFB_00102271	VFB_00101567	5	2	0.0
2025-02-10		VFB_00102273		2	1	0.0
2025-02-10		VFB_00102273	VFB_00101567	2	1	0.0
2025-02-10		VFB_00102275		1	1	0.0
2025-02-10		VFB_00102275	VFB_00101567	1	1	0.0
2025-02-10		VFB_00102276		2	1	0.0
2025-02-10		VFB_00102276	VFB_00101567	2	1	0.0
2025-02-10		VFB_00200000		4	1	13.0
2025-02-10		VFB_00200000	VFB_00200000	11	6	46.0
2025-02-10		VFB_fw000586		2	1	0.0
2025-02-10		VFB_fw000586	VFB_00101567	2	1	0.0
2025-02-10		VFB_fw004577		6	1	0.0
2025-02-10		VFB_fw004577	VFB_00101567	6	1	0.0
2025-02-10		VFB_fw025524		25	1	0.0
2025-02-10		VFB_fw025524	VFB_00101567	25	1	0.0
2025-02-10		VFB_fw041732		1	1	0.0
2025-02-10		VFB_fw041732	VFB_00101567	1	1	0.0
2025-02-10		VFB_fw119821		2	1	0.0
2025-02-10		VFB_fw119821	VFB_00101567	2	2	0.0
2025-02-10		VFB_jrchjrp3		12	1	1.0
2025-02-10		VFB_jrchjrp3	VFB_00101567	12	1	0.0
2025-02-10		VFB_jrchjtso		1	1	0.0
2025-02-10		VFB_jrchjtso	VFB_00101567	1	1	0.0
2025-02-10		VFB_jrchjtyf		3	1	1.0
2025-02-10		VFB_jrchjtyf	VFB_00101567	3	2	0.0
2025-02-10		VFB_jrchjtyh		3	1	6.0
2025-02-10		VFB_jrchjtyh	VFB_00101567	3	1	0.0
2025-02-10		VFB_jrchk09e		16	1	0.0
2025-02-10		VFB_jrchk09e	VFB_00101567	16	1	0.0
2025-02-10		VFB_jrchk45r		1	1	0.0
2025-02-10		VFB_jrchk45r	VFB_00101567	1	1	0.0
2025-02-10		VFB_jrchk45t		26	1	30.0
2025-02-10		VFB_jrchk45t	VFB_00101567	26	2	0.0
2025-02-10		VFB_jrcv07vc		16	1	45.0
2025-02-10		VFB_jrcv07vc	VFB_00200000	16	3	0.0
2025-02-10		VFB_jrcv07zw		1	1	0.0
2025-02-10		VFB_jrcv07zw	VFB_00200000	1	1	0.0
2025-02-10		VFB_jrcv084v		87	1	313.0
2025-02-10		VFB_jrcv084v	VFB_00200000	83	12	0.0
2025-02-10		VFB_jrcv0882		33	1	267.0
2025-02-10		VFB_jrcv0882	VFB_00200000	24	7	0.0
2025-02-10		VFB_jrcv08hi		12	1	9.0
2025-02-10		VFB_jrcv08hi	VFB_00200000	12	3	0.0
2025-02-10		VFB_jrcv08k1		1	1	0.0
2025-02-10		VFB_jrcv08k1	VFB_00200000	1	1	0.0
2025-02-10		VFB_jrcv08pq		1	1	0.0
2025-02-10		VFB_jrcv08pq	VFB_00200000	1	1	0.0
2025-02-10		VFB_jrcv096z		48	1	162.0
2025-02-10		VFB_jrcv096z	VFB_00200000	46	4	0.0
2025-02-10		VFB_jrcv09ew		9	1	40.0
2025-02-10		VFB_jrcv09ew	VFB_00200000	9	3	0.0
2025-02-10		VFB_jrcv09f2		1	1	0.0
2025-02-10		VFB_jrcv09f2	VFB_00200000	1	1	0.0
2025-02-10		VFB_jrcv09ho		1	1	0.0
2025-02-10		VFB_jrcv09ho	VFB_00200000	1	1	0.0
2025-02-10		VFB_jrcv0a0r		3	1	13.0
2025-02-10		VFB_jrcv0a0r	VFB_00200000	3	2	0.0
2025-02-10		VFB_jrcv0ahi		9	1	0.0
2025-02-10		VFB_jrcv0ahi	VFB_00200000	9	3	0.0
2025-02-10		VFB_jrcv0b50		3	1	81.0
2025-02-10		VFB_jrcv0b50	VFB_00200000	3	2	0.0
2025-02-10		VFB_jrcv0bd9		1	1	0.0
2025-02-10		VFB_jrcv0bd9	VFB_00200000	1	1	0.0
2025-02-10		VFB_jrcv0bfg		3	1	3.0
2025-02-10		VFB_jrcv0bfg	VFB_00200000	3	2	0.0
2025-02-10		VFB_jrcv0bn6		3	1	44.0
2025-02-10		VFB_jrcv0bn6	VFB_00200000	3	2	0.0
2025-02-10		VFB_jrcv0bug		1	1	0.0
2025-02-10		VFB_jrcv0bug	VFB_00200000	1	1	0.0
2025-02-10		VFB_jrcv0cby		6	1	1.0
2025-02-10		VFB_jrcv0cby	VFB_00200000	1	1	0.0
2025-02-10		VFB_jrcv0cr9		1	1	0.0
2025-02-10		VFB_jrcv0cr9	VFB_00200000	1	1	0.0
2025-02-10		VFB_jrcv0czt		79	1	372.0
2025-02-10		VFB_jrcv0czt	VFB_00200000	64	10	0.0
2025-02-10		VFB_jrcv0d1k		2	1	0.0
2025-02-10		VFB_jrcv0d1k	VFB_00200000	2	2	0.0
2025-02-10		VFB_jrcv0dkm		1	1	0.0
2025-02-10		VFB_jrcv0dkm	VFB_00200000	1	1	0.0
2025-02-10		VFB_jrcv0dta		25	1	84.0
2025-02-10		VFB_jrcv0dta	VFB_00200000	25	7	0.0
2025-02-10		VFB_jrcv0ea6		1	1	0.0
2025-02-10		VFB_jrcv0ea6	VFB_00200000	1	1	0.0
2025-02-10		VFB_jrcv0eeu		1	1	0.0
2025-02-10		VFB_jrcv0eeu	VFB_00200000	1	1	0.0
2025-02-10		VFB_jrcv0efa		1	1	0.0
2025-02-10		VFB_jrcv0efa	VFB_00200000	1	1	0.0
2025-02-10		VFB_jrcv0eh3		1	1	0.0
2025-02-10		VFB_jrcv0eh3	VFB_00200000	1	1	0.0
2025-02-10		VFB_jrcv0ehf		1	1	0.0
2025-02-10		VFB_jrcv0ehf	VFB_00200000	1	1	0.0
2025-02-10		VFB_jrcv0eip		7	1	49.0
2025-02-10		VFB_jrcv0eip	VFB_00200000	12	2	0.0
2025-02-10		VFB_jrcv0esc		1	1	0.0
2025-02-10		VFB_jrcv0esc	VFB_00200000	1	1	0.0
2025-02-10		VFB_jrcv0f0j		3	1	0.0
2025-02-10		VFB_jrcv0f0j	VFB_00200000	3	2	0.0
2025-02-10		VFB_jrcv0f3r		9	1	14.0
2025-02-10		VFB_jrcv0f3r	VFB_00200000	9	3	0.0
2025-02-10		VFB_jrcv0f48		1	1	0.0
2025-02-10		VFB_jrcv0f48	VFB_00200000	1	1	0.0
2025-02-10		VFB_jrcv0f9a		7	1	2.0
2025-02-10		VFB_jrcv0f9a	VFB_00200000	12	3	0.0
2025-02-10		VFB_jrcv0fet		1	1	0.0
2025-02-10		VFB_jrcv0fet	VFB_00200000	1	1	0.0
2025-02-10		VFB_jrcv0g46		20	1	33.0
2025-02-10		VFB_jrcv0g46	VFB_00200000	20	3	0.0
2025-02-10		VFB_jrcv0gle		1	1	0.0
2025-02-10		VFB_jrcv0gle	VFB_00200000	1	1	0.0
2025-02-10		VFB_jrcv0gpu		1	1	0.0
2025-02-10		VFB_jrcv0gpu	VFB_00200000	1	1	0.0
2025-02-10		VFB_jrcv0gqy		5	1	0.0
2025-02-10		VFB_jrcv0gqy	VFB_00200000	5	2	0.0
2025-02-10		VFB_jrcv0haz		1	1	0.0
2025-02-10		VFB_jrcv0haz	VFB_00200000	1	1	0.0
2025-02-10		VFB_jrcv0hqg		5	1	0.0
2025-02-10		VFB_jrcv0hqg	VFB_00200000	5	2	0.0
2025-02-10		VFB_jrcv0i7a		2	1	0.0
2025-02-10		VFB_jrcv0i7a	VFB_00200000	2	2	0.0
2025-02-10		VFB_jrcv0i7d		1	1	0.0
2025-02-10		VFB_jrcv0i7d	VFB_00200000	1	1	0.0
2025-02-10		VFB_jrcv0i7l		1	1	0.0
2025-02-10		VFB_jrcv0i7l	VFB_00200000	1	1	0.0
2025-02-10		VFB_jrcv0ifi		1	1	0.0
2025-02-10		VFB_jrcv0ifi	VFB_00200000	1	1	0.0
2025-02-10		VFB_jrcv0ijz		2	1	0.0
2025-02-10		VFB_jrcv0ijz	VFB_00200000	2	2	0.0
2025-02-10		VFB_jrcv0k0o		1	1	0.0
2025-02-10		VFB_jrcv0k0o	VFB_00200000	1	1	0.0
2025-02-10		VFB_jrcv0k2i		2	1	0.0
2025-02-10		VFB_jrcv0k2i	VFB_00200000	2	2	0.0
2025-02-10		VFB_jrcv0k4b		1	1	0.0
2025-02-10		VFB_jrcv0k4b	VFB_00200000	1	1	0.0
2025-02-10		VFB_jrcv0k6d		1	1	0.0
2025-02-10		VFB_jrcv0k6d	VFB_00200000	1	1	0.0
2025-02-10		VFB_jrcv0men		1	1	0.0
2025-02-10		VFB_jrcv0men	VFB_00200000	1	1	0.0
2025-02-10		VFB_jrcv0osa		6	1	6.0
2025-02-10		VFB_jrcv0osa	VFB_00200000	1	1	0.0
2025-02-10		VFB_jrcv3igl		2	1	15.0
2025-02-10		VFB_jrcv3igl	VFB_00200000	2	1	0.0
2025-02-10		VFBexp_FBtp0058		7	2	1.0
2025-02-10		VFBexp_FBtp0058	VFB_00049000	4	1	0.0
2025-02-10		VFBexp_FBtp0058	VFB_00101567	3	2	0.0
2025-02-10		VFBexp_FBtp0122		6	1	0.0
2025-02-10		VFBexp_FBtp0122	VFB_00101567	6	1	0.0
2025-02-10	v2.virtualflybrain.org	FBbt_00002024		1	1	5.0
2025-02-10	v2.virtualflybrain.org	FBbt_00002632		1	1	21.0
2025-02-10	v2.virtualflybrain.org	FBbt_00003624	VFB_00101567	2	9	341.0
2025-02-10	v2.virtualflybrain.org	FBbt_00003632	VFB_00101567	0	1	129.0
2025-02-10	v2.virtualflybrain.org	FBbt_00003679	VFB_00101567	3	3	93.0
2025-02-10	v2.virtualflybrain.org	FBbt_00003681	VFB_00101567	0	2	9.0
2025-02-10	v2.virtualflybrain.org	FBbt_00003682	VFB_00101567	0	2	8.0
2025-02-10	v2.virtualflybrain.org	FBbt_00003684	VFB_00101567	0	2	6.0
2025-02-10	v2.virtualflybrain.org	FBbt_00003852	VFB_00101567	0	1	4.0
2025-02-10	v2.virtualflybrain.org	FBbt_00004223	VFB_00101567	1	1	0.0
2025-02-10	v2.virtualflybrain.org	FBbt_00005095	VFB_00101567	0	1	0.0
2025-02-10	v2.virtualflybrain.org	FBbt_00005927		1	1	0.0
2025-02-10	v2.virtualflybrain.org	FBbt_00007145	VFB_00101567	0	1	3.0
2025-02-10	v2.virtualflybrain.org	FBbt_00007146	VFB_00101567	0	1	3.0
2025-02-10	v2.virtualflybrain.org	FBbt_00007401	VFB_00101567	0	1	1.0
2025-02-10	v2.virtualflybrain.org	FBbt_00040001	VFB_00101567	0	2	46.0
2025-02-10	v2.virtualflybrain.org	FBbt_00040002	VFB_00101567	0	1	1.0
2025-02-10	v2.virtualflybrain.org	FBbt_00040037	VFB_00101567	0	1	2.0
2025-02-10	v2.virtualflybrain.org	FBbt_00040041	VFB_00101567	0	3	76.0
2025-02-10	v2.virtualflybrain.org	FBbt_00045021	VFB_00101567	0	3	34.0
2025-02-10	v2.virtualflybrain.org	FBbt_00045030	VFB_00101567	0	1	4.0
2025-02-10	v2.virtualflybrain.org	FBbt_00045048	VFB_00101567	9	5	158.0
2025-02-10	v2.virtualflybrain.org	FBbt_00045050	VFB_00101567	0	1	7.0
2025-02-10	v2.virtualflybrain.org	FBbt_00045051	VFB_00101567	0	2	17.0
2025-02-10	v2.virtualflybrain.org	FBbt_00047247	VFB_00200000	0	1	32.0
2025-02-10	v2.virtualflybrain.org	FBbt_00047579	VFB_00200000	0	1	101.0
2025-02-10	v2.virtualflybrain.org	FBbt_00047887	VFB_00101567	0	1	1.0
2025-02-10	v2.virtualflybrain.org	FBbt_00048110	VFB_00200000	0	1	22.0
2025-02-10	v2.virtualflybrain.org	FBbt_00048279	VFB_00200000	0	1	5.0
2025-02-10	v2.virtualflybrain.org	FBbt_00048301	VFB_00200000	0	1	124.0
2025-02-10	v2.virtualflybrain.org	FBbt_00048922	VFB_00200000	0	1	0.0
2025-02-10	v2.virtualflybrain.org	FBbt_00049220		1	1	0.0
2025-02-10	v2.virtualflybrain.org	FBbt_00049365		1	1	0.0
2025-02-10	v2.virtualflybrain.org	FBbt_00049540	VFB_00200000	0	2	155.0
2025-02-10	v2.virtualflybrain.org	FBbt_00049853	VFB_00101567	1	1	0.0
2025-02-10	v2.virtualflybrain.org	FBbt_00051310	VFB_00200000	0	1	11.0
2025-02-10	v2.virtualflybrain.org	FBbt_00051717		1	1	8.0
2025-02-10	v2.virtualflybrain.org	FBbt_00100217		1	1	0.0
2025-02-10	v2.virtualflybrain.org	FBbt_00100219	VFB_00101567	0	1	18.0
2025-02-10	v2.virtualflybrain.org	FBbt_00110107	VFB_00101567	14	1	0.0
2025-02-10	v2.virtualflybrain.org	FBbt_00110638	VFB_00101567	0	2	57.0
2025-02-10	v2.virtualflybrain.org	FBbt_00110931	VFB_00101567	0	1	97.0
2025-02-10	v2.virtualflybrain.org	FBbt_00111095	VFB_00200000	0	1	20.0
2025-02-10	v2.virtualflybrain.org	FBbt_20011324	VFB_00200000	0	3	114.0
2025-02-10	v2.virtualflybrain.org	VFB_00017894	VFB_00017894	7	4	8.0
2025-02-10	v2.virtualflybrain.org	VFB_00020124	VFB_00101567	3	4	27.0
2025-02-10	v2.virtualflybrain.org	VFB_00020128	VFB_00101567	1	2	21.0
2025-02-10	v2.virtualflybrain.org	VFB_00030867	VFB_00017894	1	1	0.0
2025-02-10	v2.virtualflybrain.org	VFB_00045107	VFB_00101567	18	1	0.0
2025-02-10	v2.virtualflybrain.org	VFB_00049000	VFB_00049000	0	1	1.0
2025-02-10	v2.virtualflybrain.org	VFB_00050000	VFB_00050000	13	12	27.0
2025-02-10	v2.virtualflybrain.org	VFB_00100612	VFB_00101567	1	1	1.0
2025-02-10	v2.virtualflybrain.org	VFB_00100683	VFB_00050000	2	1	0.0
2025-02-10	v2.virtualflybrain.org	VFB_00100683	VFB_00101567	1	1	0.0
2025-02-10	v2.virtualflybrain.org	VFB_00100715	VFB_00050000	2	1	0.0
2025-02-10	v2.virtualflybrain.org	VFB_00100ww0	VFB_00101567	0	2	1.0
2025-02-10	v2.virtualflybrain.org	VFB_001014uq	VFB_00101567	0	3	33.0
2025-02-10	v2.virtualflybrain.org	VFB_001014uq	VFB_00110000	1	2	2.0
2025-02-10	v2.virtualflybrain.org	VFB_00101567		2	2	1.0
2025-02-10	v2.virtualflybrain.org	VFB_00101567	VFB_00101567	40	50	284.0
2025-02-10	v2.virtualflybrain.org	VFB_00101umm	VFB_00101567	1	2	7.0
2025-02-10	v2.virtualflybrain.org	VFB_00102162	VFB_00101567	0	2	9.0
2025-02-10	v2.virtualflybrain.org	VFB_00102212	VFB_00101567	0	3	3.0
2025-02-10	v2.virtualflybrain.org	VFB_00102271	VFB_00101567	0	2	13.0
2025-02-10	v2.virtualflybrain.org	VFB_00102273	VFB_00101567	0	1	25.0
2025-02-10	v2.virtualflybrain.org	VFB_00102275	VFB_00101567	1	1	0.0
2025-02-10	v2.virtualflybrain.org	VFB_00102276	VFB_00101567	0	1	2.0
2025-02-10	v2.virtualflybrain.org	VFB_00200000	VFB_00200000	3	7	84.0
2025-02-10	v2.virtualflybrain.org	VFB_fw000586		1	1	3.0
2025-02-10	v2.virtualflybrain.org	VFB_fw000586	VFB_00101567	0	1	35.0
2025-02-10	v2.virtualflybrain.org	VFB_fw004577	VFB_00101567	6	1	0.0
2025-02-10	v2.virtualflybrain.org	VFB_fw025524	VFB_00101567	25	1	0.0
2025-02-10	v2.virtualflybrain.org	VFB_fw041732	VFB_00101567	1	1	156.0
2025-02-10	v2.virtualflybrain.org	VFB_fw119821	VFB_00101567	0	1	28.0
2025-02-10	v2.virtualflybrain.org	VFB_jrchjrp3	VFB_00101567	10	1	12.0
2025-02-10	v2.virtualflybrain.org	VFB_jrchjtso	VFB_00101567	0	1	0.0
2025-02-10	v2.virtualflybrain.org	VFB_jrchjtyf	VFB_00101567	0	2	28.0
2025-02-10	v2.virtualflybrain.org	VFB_jrchjtyh	VFB_00101567	0	2	45.0
2025-02-10	v2.virtualflybrain.org	VFB_jrchk09e	VFB_00101567	17	1	0.0
2025-02-10	v2.virtualflybrain.org	VFB_jrchk45r	VFB_00101567	0	1	60.0
2025-02-10	v2.virtualflybrain.org	VFB_jrchk45t	VFB_00101567	0	1	0.0
2025-02-10	v2.virtualflybrain.org	VFB_jrchk45t	VFB_jrchk45t	1	2	0.0
2025-02-10	v2.virtualflybrain.org	VFB_jrcv07vc	VFB_00200000	0	1	92.0
2025-02-10	v2.virtualflybrain.org	VFB_jrcv07zw	VFB_00200000	0	1	83.0
2025-02-10	v2.virtualflybrain.org	VFB_jrcv084v	VFB_00200000	0	4	337.0
2025-02-10	v2.virtualflybrain.org	VFB_jrcv0882	VFB_00200000	0	3	130.0
2025-02-10	v2.virtualflybrain.org	VFB_jrcv08hi	VFB_00200000	0	2	151.0
2025-02-10	v2.virtualflybrain.org	VFB_jrcv08k1	VFB_00200000	0	1	29.0
2025-02-10	v2.virtualflybrain.org	VFB_jrcv08pq	VFB_00200000	0	1	82.0
2025-02-10	v2.virtualflybrain.org	VFB_jrcv096z	VFB_00200000	0	5	271.0
2025-02-10	v2.virtualflybrain.org	VFB_jrcv09ew	VFB_00200000	0	2	58.0
2025-02-10	v2.virtualflybrain.org	VFB_jrcv09f2	VFB_00200000	0	1	35.0
2025-02-10	v2.virtualflybrain.org	VFB_jrcv09ho	VFB_00200000	0	1	63.0
2025-02-10	v2.virtualflybrain.org	VFB_jrcv0a0r	VFB_00200000	0	1	20.0
2025-02-10	v2.virtualflybrain.org	VFB_jrcv0ahi	VFB_00200000	0	3	323.0
2025-02-10	v2.virtualflybrain.org	VFB_jrcv0b50	VFB_00200000	0	1	18.0
2025-02-10	v2.virtualflybrain.org	VFB_jrcv0bd9	VFB_00200000	0	1	31.0
2025-02-10	v2.virtualflybrain.org	VFB_jrcv0bfg	VFB_00200000	2	2	191.0
2025-02-10	v2.virtualflybrain.org	VFB_jrcv0bn6	VFB_00200000	0	1	35.0
2025-02-10	v2.virtualflybrain.org	VFB_jrcv0bug	VFB_00200000	0	1	27.0
2025-02-10	v2.virtualflybrain.org	VFB_jrcv0cby	VFB_00200000	0	1	85.0
2025-02-10	v2.virtualflybrain.org	VFB_jrcv0cr9	VFB_00200000	0	1	10.0
2025-02-10	v2.virtualflybrain.org	VFB_jrcv0czt	VFB_00200000	0	2	120.0
2025-02-10	v2.virtualflybrain.org	VFB_jrcv0d1k	VFB_00200000	0	2	208.0
2025-02-10	v2.virtualflybrain.org	VFB_jrcv0dkm	VFB_00200000	0	1	57.0
2025-02-10	v2.virtualflybrain.org	VFB_jrcv0dta	VFB_00200000	0	3	57.0
2025-02-10	v2.virtualflybrain.org	VFB_jrcv0ea6	VFB_00200000	0	1	6.0
2025-02-10	v2.virtualflybrain.org	VFB_jrcv0eeu	VFB_00200000	0	1	11.0
2025-02-10	v2.virtualflybrain.org	VFB_jrcv0efa	VFB_00200000	0	1	8.0
2025-02-10	v2.virtualflybrain.org	VFB_jrcv0eh3	VFB_00200000	0	1	7.0
2025-02-10	v2.virtualflybrain.org	VFB_jrcv0ehf	VFB_00200000	0	1	39.0
2025-02-10	v2.virtualflybrain.org	VFB_jrcv0eip	VFB_00200000	0	1	37.0
2025-02-10	v2.virtualflybrain.org	VFB_jrcv0esc	VFB_00200000	0	1	10.0
2025-02-10	v2.virtualflybrain.org	VFB_jrcv0f0j	VFB_00200000	0	3	37.0
2025-02-10	v2.virtualflybrain.org	VFB_jrcv0f3r	VFB_00200000	1	1	23.0
2025-02-10	v2.virtualflybrain.org	VFB_jrcv0f48	VFB_00200000	0	1	30.0
2025-02-10	v2.virtualflybrain.org	VFB_jrcv0f9a	VFB_00200000	0	2	31.0
2025-02-10	v2.virtualflybrain.org	VFB_jrcv0fet	VFB_00200000	0	1	67.0
2025-02-10	v2.virtualflybrain.org	VFB_jrcv0g46	VFB_00200000	0	4	311.0
2025-02-10	v2.virtualflybrain.org	VFB_jrcv0gle	VFB_00200000	0	1	8.0
2025-02-10	v2.virtualflybrain.org	VFB_jrcv0gpu	VFB_00200000	0	1	10.0
2025-02-10	v2.virtualflybrain.org	VFB_jrcv0gqy	VFB_00200000	0	2	16.0
2025-02-10	v2.virtualflybrain.org	VFB_jrcv0haz	VFB_00200000	0	1	17.0
2025-02-10	v2.virtualflybrain.org	VFB_jrcv0hqg	VFB_00200000	0	2	17.0
2025-02-10	v2.virtualflybrain.org	VFB_jrcv0i7a	VFB_00200000	0	2	43.0
2025-02-10	v2.virtualflybrain.org	VFB_jrcv0i7d	VFB_00200000	0	1	9.0
2025-02-10	v2.virtualflybrain.org	VFB_jrcv0i7l	VFB_00200000	0	1	8.0
2025-02-10	v2.virtualflybrain.org	VFB_jrcv0ifi	VFB_00200000	0	1	219.0
2025-02-10	v2.virtualflybrain.org	VFB_jrcv0ijz	VFB_00200000	0	2	20.0
2025-02-10	v2.virtualflybrain.org	VFB_jrcv0k0o	VFB_00200000	0	1	7.0
2025-02-10	v2.virtualflybrain.org	VFB_jrcv0k2i	VFB_00200000	0	2	78.0
2025-02-10	v2.virtualflybrain.org	VFB_jrcv0k4b	VFB_00200000	0	1	13.0
2025-02-10	v2.virtualflybrain.org	VFB_jrcv0k6d	VFB_00200000	0	1	9.0
2025-02-10	v2.virtualflybrain.org	VFB_jrcv0men	VFB_00200000	0	1	89.0
2025-02-10	v2.virtualflybrain.org	VFB_jrcv0osa	VFB_00200000	0	1	86.0
2025-02-10	v2.virtualflybrain.org	VFB_jrcv3igl	VFB_00200000	0	1	0.0
2025-02-10	v2.virtualflybrain.org	VFBexp_FBtp0058	VFB_00049000	4	1	0.0
2025-02-10	v2.virtualflybrain.org	VFBexp_FBtp0058	VFB_00101567	0	2	37.0
2025-02-10	v2.virtualflybrain.org	VFBexp_FBtp0122		1	1	0.0
2025-02-10	v2.virtualflybrain.org	VFBexp_FBtp0122	VFB_00101567	5	1	55.0
2025-02-10	v2.virtualflybrain.org	VFBu_rnq9btjg		8	2	56.0
2025-02-10	v2.virtualflybrain.org	VFBu_u18xw4bj		12	2	71.0
2025-02-11		FBbt_00001919		2	1	0.0
2025-02-11		FBbt_00001919	VFB_00050000	2	1	0.0
2025-02-11		FBbt_00003624		7	6	0.0
2025-02-11		FBbt_00003624	VFB_00101567	7	6	0.0
2025-02-11		FBbt_00003678		1	1	0.0
2025-02-11		FBbt_00003678	VFB_00101567	1	1	0.0
2025-02-11		FBbt_00003679		2	1	0.0
2025-02-11		FBbt_00003679	VFB_00101567	2	1	0.0
2025-02-11		FBbt_00003681		5	1	0.0
2025-02-11		FBbt_00003681	VFB_00101567	5	1	0.0
2025-02-11		FBbt_00003701		1	1	0.0
2025-02-11		FBbt_00003701	VFB_00101567	1	1	0.0
2025-02-11		FBbt_00003748		11	5	15.0
2025-02-11		FBbt_00003748	VFB_00101567	9	6	0.0
2025-02-11		FBbt_00003852		1	1	2.0
2025-02-11		FBbt_00003852	VFB_00101567	1	1	0.0
2025-02-11		FBbt_00004225		4	1	0.0
2025-02-11		FBbt_00004225	VFB_00101567	4	1	0.0
2025-02-11		FBbt_00005106		4	2	3.0
2025-02-11		FBbt_00005106	VFB_00101567	4	2	0.0
2025-02-11		FBbt_00007001		2	1	0.0
2025-02-11		FBbt_00007001	VFB_00101567	2	1	0.0
2025-02-11		FBbt_00007002		2	1	1.0
2025-02-11		FBbt_00007002	VFB_00101567	2	1	0.0
2025-02-11		FBbt_00007016		2	1	2.0
2025-02-11		FBbt_00007016	VFB_00101567	2	1	0.0
2025-02-11		FBbt_00007401		1	1	0.0
2025-02-11		FBbt_00007401	VFB_00101567	1	1	0.0
2025-02-11		FBbt_00007407		2	1	2.0
2025-02-11		FBbt_00007407	VFB_00101567	2	1	0.0
2025-02-11		FBbt_00013688		1	1	0.0
2025-02-11		FBbt_00013688	VFB_00101567	2	1	0.0
2025-02-11		FBbt_00013694		1	1	0.0
2025-02-11		FBbt_00013694	VFB_00101567	1	1	0.0
2025-02-11		FBbt_00013695		1	1	0.0
2025-02-11		FBbt_00013695	VFB_00101567	1	1	0.0
2025-02-11		FBbt_00014013		1	1	0.0
2025-02-11		FBbt_00014013	VFB_00101567	1	1	0.0
2025-02-11		FBbt_00040002		1	1	0.0
2025-02-11		FBbt_00040002	VFB_00101567	1	1	0.0
2025-02-11		FBbt_00040041		2	2	0.0
2025-02-11		FBbt_00040041	VFB_00101567	2	2	0.0
2025-02-11		FBbt_00040042		1	1	0.0
2025-02-11		FBbt_00040042	VFB_00101567	1	1	0.0
2025-02-11		FBbt_00045032		2	1	0.0
2025-02-11		FBbt_00045032	VFB_00101567	2	1	0.0
2025-02-11		FBbt_00045048		25	1	0.0
2025-02-11		FBbt_00045048	VFB_00101567	25	1	0.0
2025-02-11		FBbt_00045050		2	1	0.0
2025-02-11		FBbt_00045050	VFB_00101567	2	1	0.0
2025-02-11		FBbt_00047095		4	2	5.0
2025-02-11		FBbt_00047095	VFB_00101567	4	2	0.0
2025-02-11		FBbt_00047354		1	1	0.0
2025-02-11		FBbt_00047354	VFB_00101567	1	1	0.0
2025-02-11		FBbt_00047887		1	1	0.0
2025-02-11		FBbt_00047887	VFB_00101567	2	1	0.0
2025-02-11		FBbt_00048557		1	1	0.0
2025-02-11		FBbt_00048557	VFB_00101567	1	1	0.0
2025-02-11		FBbt_00048572		1	1	0.0
2025-02-11		FBbt_00048572	VFB_00050000	1	1	0.0
2025-02-11		FBbt_00048574		1	1	0.0
2025-02-11		FBbt_00048574	VFB_00101567	1	1	0.0
2025-02-11		FBbt_00052249		1	1	0.0
2025-02-11		FBbt_00052249	VFB_00101567	1	1	0.0
2025-02-11		FBbt_00052342		4	1	0.0
2025-02-11		FBbt_00052342	VFB_00101567	7	2	0.0
2025-02-11		FBbt_00058205		2	1	33.0
2025-02-11		FBbt_00058205	VFB_00101567	3	1	0.0
2025-02-11		FBbt_00058208		4	1	167.0
2025-02-11		FBbt_00058208	VFB_00101567	6	2	0.0
2025-02-11		FBbt_00100318		2	1	2.0
2025-02-11		FBbt_00100318	VFB_00101567	2	1	0.0
2025-02-11		FBbt_00100486		3	1	14.0
2025-02-11		FBbt_00100486	VFB_00101567	3	2	0.0
2025-02-11		FBbt_00110107		24	1	0.0
2025-02-11		FBbt_00110107	VFB_00101567	24	1	0.0
2025-02-11		FBbt_00110657		11	1	0.0
2025-02-11		FBbt_00110657	VFB_00101567	11	1	0.0
2025-02-11		FBbt_00110658		1	1	0.0
2025-02-11		FBbt_00110658	VFB_00101567	1	1	0.0
2025-02-11		FBbt_00111015		3	1	0.0
2025-02-11		FBbt_00111015	VFB_00101567	5	2	0.0
2025-02-11		FBbt_00111308		1	1	0.0
2025-02-11		FBbt_00111308	VFB_00101567	1	1	0.0
2025-02-11		FBbt_10000000		2	1	1.0
2025-02-11		FBbt_10000000	VFB_00101567	2	1	0.0
2025-02-11		GO_0001588		3	1	19.0
2025-02-11		GO_0001588	VFB_00101567	3	1	0.0
2025-02-11		VFB_00014647		4	1	0.0
2025-02-11		VFB_00014647	VFB_00101567	4	1	0.0
2025-02-11		VFB_00020124		4	1	0.0
2025-02-11		VFB_00020124	VFB_00101567	4	1	0.0
2025-02-11		VFB_00030873		3	1	3.0
2025-02-11		VFB_00030873	VFB_00101567	3	1	0.0
2025-02-11		VFB_00045107		11	1	0.0
2025-02-11		VFB_00045107	VFB_00101567	11	1	0.0
2025-02-11		VFB_00050000		6	2	0.0
2025-02-11		VFB_00050000	VFB_00050000	6	2	0.0
2025-02-11		VFB_0010028k		1	1	0.0
2025-02-11		VFB_0010028k	VFB_00050000	1	1	0.0
2025-02-11		VFB_00100683		6	1	0.0
2025-02-11		VFB_00100683	VFB_00050000	3	1	0.0
2025-02-11		VFB_00100683	VFB_00101567	3	1	0.0
2025-02-11		VFB_00100715		3	1	0.0
2025-02-11		VFB_00100715	VFB_00050000	3	1	0.0
2025-02-11		VFB_00101412		1	1	0.0
2025-02-11		VFB_00101412	VFB_00050000	1	1	0.0
2025-02-11		VFB_00101415		1	1	0.0
2025-02-11		VFB_00101415	VFB_00050000	1	1	0.0
2025-02-11		VFB_00101426		6	1	1.0
2025-02-11		VFB_00101426	VFB_00050000	6	2	0.0
2025-02-11		VFB_00101429		1	1	0.0
2025-02-11		VFB_00101429	VFB_00050000	1	1	0.0
2025-02-11		VFB_00101431		3	1	5.0
2025-02-11		VFB_00101431	VFB_00050000	1	1	0.0
2025-02-11		VFB_00101431	VFB_00101567	2	1	0.0
2025-02-11		VFB_00101432		3	1	7.0
2025-02-11		VFB_00101432	VFB_00050000	1	1	0.0
2025-02-11		VFB_00101432	VFB_00101567	2	1	0.0
2025-02-11		VFB_00101433		1	1	0.0
2025-02-11		VFB_00101433	VFB_00050000	1	1	0.0
2025-02-11		VFB_00101446		1	1	0.0
2025-02-11		VFB_00101446	VFB_00050000	1	1	0.0
2025-02-11		VFB_001014u7		8	1	7.0
2025-02-11		VFB_001014u7	VFB_00101567	8	2	0.0
2025-02-11		VFB_001014uq		2	1	2.0
2025-02-11		VFB_001014uq	VFB_00101567	2	1	0.0
2025-02-11		VFB_00101567		101	31	128.0
2025-02-11		VFB_00101567	VFB_00101567	112	41	90.0
2025-02-11		VFB_00102107		2	1	2.0
2025-02-11		VFB_00102107	VFB_00101567	4	1	0.0
2025-02-11		VFB_00102108		1	1	0.0
2025-02-11		VFB_00102108	VFB_00101567	1	1	0.0
2025-02-11		VFB_00102109		1	1	0.0
2025-02-11		VFB_00102109	VFB_00101567	1	1	0.0
2025-02-11		VFB_00102110		1	1	0.0
2025-02-11		VFB_00102110	VFB_00101567	1	1	0.0
2025-02-11		VFB_00102114		2	2	0.0
2025-02-11		VFB_00102114	VFB_00101567	2	2	0.0
2025-02-11		VFB_00102118		2	2	0.0
2025-02-11		VFB_00102118	VFB_00101567	2	2	0.0
2025-02-11		VFB_00102119		3	2	0.0
2025-02-11		VFB_00102119	VFB_00101567	4	3	0.0
2025-02-11		VFB_00102121		4	2	0.0
2025-02-11		VFB_00102121	VFB_00101567	3	3	0.0
2025-02-11		VFB_00102123		4	2	0.0
2025-02-11		VFB_00102123	VFB_00101567	4	2	0.0
2025-02-11		VFB_00102124		3	2	0.0
2025-02-11		VFB_00102124	VFB_00101567	3	2	0.0
2025-02-11		VFB_00102133		8	2	28.0
2025-02-11		VFB_00102133	VFB_00101567	8	4	0.0
2025-02-11		VFB_00102134		1	1	0.0
2025-02-11		VFB_00102134	VFB_00101567	1	1	0.0
2025-02-11		VFB_00102135		1	1	0.0
2025-02-11		VFB_00102135	VFB_00101567	1	1	0.0
2025-02-11		VFB_00102137		1	1	0.0
2025-02-11		VFB_00102137	VFB_00101567	1	1	0.0
2025-02-11		VFB_00102139		1	1	0.0
2025-02-11		VFB_00102139	VFB_00101567	1	1	0.0
2025-02-11		VFB_00102140		1	1	0.0
2025-02-11		VFB_00102140	VFB_00101567	1	1	0.0
2025-02-11		VFB_00102141		6	3	0.0
2025-02-11		VFB_00102141	VFB_00101567	6	4	0.0
2025-02-11		VFB_00102148		5	2	16.0
2025-02-11		VFB_00102148	VFB_00101567	5	3	0.0
2025-02-11		VFB_00102152		1	1	0.0
2025-02-11		VFB_00102152	VFB_00101567	1	1	0.0
2025-02-11		VFB_00102159		1	1	0.0
2025-02-11		VFB_00102159	VFB_00101567	1	1	0.0
2025-02-11		VFB_00102174		1	1	0.0
2025-02-11		VFB_00102174	VFB_00101567	1	1	0.0
2025-02-11		VFB_00102183		12	1	35.0
2025-02-11		VFB_00102183	VFB_00050000	1	1	0.0
2025-02-11		VFB_00102183	VFB_00101567	11	1	0.0
2025-02-11		VFB_00102196		1	1	0.0
2025-02-11		VFB_00102196	VFB_00050000	1	1	0.0
2025-02-11		VFB_00102201		2	1	13.0
2025-02-11		VFB_00102201	VFB_00101567	2	2	0.0
2025-02-11		VFB_00102274		1	1	0.0
2025-02-11		VFB_00102274	VFB_00101567	1	1	0.0
2025-02-11		VFB_00102281		1	1	0.0
2025-02-11		VFB_00102281	VFB_00101567	1	1	0.0
2025-02-11		VFB_00102282		1	1	0.0
2025-02-11		VFB_00102282	VFB_00101567	1	1	0.0
2025-02-11		VFB_00200000		2	2	1.0
2025-02-11		VFB_00200000	VFB_00200000	3	3	21.0
2025-02-11		VFB_fw000083		2	1	4.0
2025-02-11		VFB_fw000083	VFB_00101567	2	1	0.0
2025-02-11		VFB_fw010396		3	1	26.0
2025-02-11		VFB_fw010396	VFB_00101567	2	2	0.0
2025-02-11		VFB_fw023587		16	1	32.0
2025-02-11		VFB_fw023587	VFB_00101567	15	2	0.0
2025-02-11		VFB_fw025524		24	1	0.0
2025-02-11		VFB_fw025524	VFB_00101567	24	1	0.0
2025-02-11		VFB_fw035110		15	1	2.0
2025-02-11		VFB_fw035110	VFB_00101567	15	1	0.0
2025-02-11		VFB_fw036697		4	1	2.0
2025-02-11		VFB_fw036697	VFB_00101567	4	2	0.0
2025-02-11		VFB_fw119821		3	1	0.0
2025-02-11		VFB_fw119821	VFB_00101567	2	1	0.0
2025-02-11		VFB_jrchjrp3		3	1	0.0
2025-02-11		VFB_jrchjrp3	VFB_00101567	3	1	0.0
2025-02-11		VFB_jrchk09e		25	1	0.0
2025-02-11		VFB_jrchk09e	VFB_00101567	25	1	0.0
2025-02-11		VFB_jrchk32k		9	1	31.0
2025-02-11		VFB_jrchk32k	VFB_00101567	7	2	0.0
2025-02-11		VFB_jrchk66t		1	1	3.0
2025-02-11		VFB_jrchk66t	VFB_00101567	1	1	0.0
2025-02-11		VFB_jrcv0ifi		2	1	2.0
2025-02-11		VFB_jrcv0ifi	VFB_00200000	2	1	0.0
2025-02-11		VFBexp_FBtp0118		1	1	0.0
2025-02-11		VFBexp_FBtp0118	VFB_00101567	1	1	0.0
2025-02-11	v2.virtualflybrain.org	FBbt_00001919	VFB_00050000	2	1	0.0
2025-02-11	v2.virtualflybrain.org	FBbt_00003624	VFB_00101567	3	7	92.0
2025-02-11	v2.virtualflybrain.org	FBbt_00003678	VFB_00101567	0	1	32.0
2025-02-11	v2.virtualflybrain.org	FBbt_00003679	VFB_00101567	0	1	12.0
2025-02-11	v2.virtualflybrain.org	FBbt_00003681	VFB_00101567	0	1	58.0
2025-02-11	v2.virtualflybrain.org	FBbt_00003701	VFB_00101567	0	1	8.0
2025-02-11	v2.virtualflybrain.org	FBbt_00003748	VFB_00101567	0	6	103.0
2025-02-11	v2.virtualflybrain.org	FBbt_00003852	VFB_00101567	1	1	147.0
2025-02-11	v2.virtualflybrain.org	FBbt_00004225	VFB_00101567	1	2	113.0
2025-02-11	v2.virtualflybrain.org	FBbt_00005106	VFB_00101567	0	2	0.0
2025-02-11	v2.virtualflybrain.org	FBbt_00007001	VFB_00101567	0	1	0.0
2025-02-11	v2.virtualflybrain.org	FBbt_00007002	VFB_00101567	0	1	0.0
2025-02-11	v2.virtualflybrain.org	FBbt_00007016	VFB_00101567	0	1	0.0
2025-02-11	v2.virtualflybrain.org	FBbt_00007401	VFB_00101567	0	2	34.0
2025-02-11	v2.virtualflybrain.org	FBbt_00007407	VFB_00101567	0	1	0.0
2025-02-11	v2.virtualflybrain.org	FBbt_00013688	VFB_00101567	0	1	64.0
2025-02-11	v2.virtualflybrain.org	FBbt_00013694	VFB_00101567	0	1	161.0
2025-02-11	v2.virtualflybrain.org	FBbt_00013695	VFB_00101567	0	1	2.0
2025-02-11	v2.virtualflybrain.org	FBbt_00014013	VFB_00101567	0	1	23.0
2025-02-11	v2.virtualflybrain.org	FBbt_00040002	VFB_00101567	0	1	6.0
2025-02-11	v2.virtualflybrain.org	FBbt_00040041	VFB_00101567	0	3	54.0
2025-02-11	v2.virtualflybrain.org	FBbt_00040042	VFB_00101567	0	1	11.0
2025-02-11	v2.virtualflybrain.org	FBbt_00045032	VFB_00101567	0	1	0.0
2025-02-11	v2.virtualflybrain.org	FBbt_00045048	VFB_00101567	25	1	0.0
2025-02-11	v2.virtualflybrain.org	FBbt_00045050	VFB_00101567	0	2	40.0
2025-02-11	v2.virtualflybrain.org	FBbt_00047095	VFB_00101567	0	2	0.0
2025-02-11	v2.virtualflybrain.org	FBbt_00047354	VFB_00101567	0	1	0.0
2025-02-11	v2.virtualflybrain.org	FBbt_00047887	VFB_00101567	0	2	28.0
2025-02-11	v2.virtualflybrain.org	FBbt_00048557	VFB_00101567	0	1	20.0
2025-02-11	v2.virtualflybrain.org	FBbt_00048572	VFB_00050000	0	1	41.0
2025-02-11	v2.virtualflybrain.org	FBbt_00048574	VFB_00101567	0	1	16.0
2025-02-11	v2.virtualflybrain.org	FBbt_00052249	VFB_00101567	0	1	12.0
2025-02-11	v2.virtualflybrain.org	FBbt_00052342	VFB_00101567	0	3	71.0
2025-02-11	v2.virtualflybrain.org	FBbt_00058205	VFB_00101567	0	1	0.0
2025-02-11	v2.virtualflybrain.org	FBbt_00058208	VFB_00101567	0	2	0.0
2025-02-11	v2.virtualflybrain.org	FBbt_00100318	VFB_00101567	0	1	0.0
2025-02-11	v2.virtualflybrain.org	FBbt_00100486	VFB_00101567	0	2	18.0
2025-02-11	v2.virtualflybrain.org	FBbt_00110107	VFB_00101567	24	1	0.0
2025-02-11	v2.virtualflybrain.org	FBbt_00110657	VFB_00101567	11	2	0.0
2025-02-11	v2.virtualflybrain.org	FBbt_00110658	VFB_00101567	0	1	13.0
2025-02-11	v2.virtualflybrain.org	FBbt_00111015	VFB_00101567	0	1	22.0
2025-02-11	v2.virtualflybrain.org	FBbt_00111308	VFB_00101567	0	1	17.0
2025-02-11	v2.virtualflybrain.org	FBbt_10000000	VFB_00101567	0	1	0.0
2025-02-11	v2.virtualflybrain.org	GO_0001588	VFB_00101567	1	2	0.0
2025-02-11	v2.virtualflybrain.org	VFB_00014647	VFB_00101567	5	1	0.0
2025-02-11	v2.virtualflybrain.org	VFB_00020124	VFB_00101567	4	1	0.0
2025-02-11	v2.virtualflybrain.org	VFB_00030873	VFB_00101567	0	2	2.0
2025-02-11	v2.virtualflybrain.org	VFB_00045107	VFB_00101567	11	1	0.0
2025-02-11	v2.virtualflybrain.org	VFB_00050000	VFB_00050000	2	6	27.0
2025-02-11	v2.virtualflybrain.org	VFB_0010028k	VFB_00050000	0	1	6.0
2025-02-11	v2.virtualflybrain.org	VFB_00100683	VFB_00050000	4	1	0.0
2025-02-11	v2.virtualflybrain.org	VFB_00100683	VFB_00101567	3	1	0.0
2025-02-11	v2.virtualflybrain.org	VFB_00100715	VFB_00050000	3	1	0.0
2025-02-11	v2.virtualflybrain.org	VFB_00101412	VFB_00050000	0	1	6.0
2025-02-11	v2.virtualflybrain.org	VFB_00101415	VFB_00050000	0	1	10.0
2025-02-11	v2.virtualflybrain.org	VFB_00101426	VFB_00050000	0	2	7.0
2025-02-11	v2.virtualflybrain.org	VFB_00101429	VFB_00050000	0	1	10.0
2025-02-11	v2.virtualflybrain.org	VFB_00101431	VFB_00050000	1	3	201.0
2025-02-11	v2.virtualflybrain.org	VFB_00101431	VFB_00101567	0	2	2.0
2025-02-11	v2.virtualflybrain.org	VFB_00101432	VFB_00050000	1	3	14.0
2025-02-11	v2.virtualflybrain.org	VFB_00101432	VFB_00101567	0	1	1.0
2025-02-11	v2.virtualflybrain.org	VFB_00101433	VFB_00050000	0	1	7.0
2025-02-11	v2.virtualflybrain.org	VFB_00101446	VFB_00050000	0	1	8.0
2025-02-11	v2.virtualflybrain.org	VFB_001014u7	VFB_00101567	6	2	0.0
2025-02-11	v2.virtualflybrain.org	VFB_001014uq	VFB_00101567	0	2	38.0
2025-02-11	v2.virtualflybrain.org	VFB_00101567	VFB_00101567	22	61	385.0
2025-02-11	v2.virtualflybrain.org	VFB_00102107	VFB_00101567	0	1	0.0
2025-02-11	v2.virtualflybrain.org	VFB_00102108	VFB_00101567	0	1	6.0
2025-02-11	v2.virtualflybrain.org	VFB_00102109	VFB_00101567	0	1	14.0
2025-02-11	v2.virtualflybrain.org	VFB_00102110	VFB_00101567	0	1	2.0
2025-02-11	v2.virtualflybrain.org	VFB_00102114	VFB_00101567	0	2	0.0
2025-02-11	v2.virtualflybrain.org	VFB_00102118	VFB_00101567	0	2	32.0
2025-02-11	v2.virtualflybrain.org	VFB_00102119	VFB_00101567	0	3	82.0
2025-02-11	v2.virtualflybrain.org	VFB_00102121	VFB_00101567	0	3	483.0
2025-02-11	v2.virtualflybrain.org	VFB_00102123	VFB_00101567	1	2	1.0
2025-02-11	v2.virtualflybrain.org	VFB_00102124	VFB_00101567	0	2	17.0
2025-02-11	v2.virtualflybrain.org	VFB_00102133	VFB_00101567	1	3	5.0
2025-02-11	v2.virtualflybrain.org	VFB_00102134	VFB_00101567	0	1	5.0
2025-02-11	v2.virtualflybrain.org	VFB_00102135	VFB_00101567	0	1	21.0
2025-02-11	v2.virtualflybrain.org	VFB_00102137	VFB_00101567	0	1	7.0
2025-02-11	v2.virtualflybrain.org	VFB_00102139	VFB_00101567	0	1	63.0
2025-02-11	v2.virtualflybrain.org	VFB_00102140	VFB_00101567	0	1	1.0
2025-02-11	v2.virtualflybrain.org	VFB_00102141	VFB_00101567	0	2	65.0
2025-02-11	v2.virtualflybrain.org	VFB_00102148	VFB_00101567	0	1	0.0
2025-02-11	v2.virtualflybrain.org	VFB_00102152	VFB_00101567	0	1	21.0
2025-02-11	v2.virtualflybrain.org	VFB_00102159	VFB_00101567	0	1	32.0
2025-02-11	v2.virtualflybrain.org	VFB_00102174	VFB_00101567	0	1	7.0
2025-02-11	v2.virtualflybrain.org	VFB_00102183	VFB_00050000	1	2	0.0
2025-02-11	v2.virtualflybrain.org	VFB_00102183	VFB_00101567	9	2	2.0
2025-02-11	v2.virtualflybrain.org	VFB_00102196	VFB_00050000	0	1	36.0
2025-02-11	v2.virtualflybrain.org	VFB_00102201	VFB_00101567	0	1	74.0
2025-02-11	v2.virtualflybrain.org	VFB_00102274	VFB_00101567	0	1	21.0
2025-02-11	v2.virtualflybrain.org	VFB_00102281	VFB_00101567	0	1	11.0
2025-02-11	v2.virtualflybrain.org	VFB_00102282	VFB_00101567	0	1	41.0
2025-02-11	v2.virtualflybrain.org	VFB_00200000	VFB_00200000	2	6	136.0
2025-02-11	v2.virtualflybrain.org	VFB_fw000083	VFB_00101567	0	1	0.0
2025-02-11	v2.virtualflybrain.org	VFB_fw010396	VFB_00101567	0	2	0.0
2025-02-11	v2.virtualflybrain.org	VFB_fw023587	VFB_00101567	0	2	104.0
2025-02-11	v2.virtualflybrain.org	VFB_fw025524	VFB_00101567	24	1	0.0
2025-02-11	v2.virtualflybrain.org	VFB_fw035110	VFB_00101567	13	1	5.0
2025-02-11	v2.virtualflybrain.org	VFB_fw036697	VFB_00101567	0	1	39.0
2025-02-11	v2.virtualflybrain.org	VFB_fw119821	VFB_00101567	0	1	118.0
2025-02-11	v2.virtualflybrain.org	VFB_jrchjrp3	VFB_00101567	3	1	0.0
2025-02-11	v2.virtualflybrain.org	VFB_jrchk09e	VFB_00101567	25	1	0.0
2025-02-11	v2.virtualflybrain.org	VFB_jrchk32k		1	1	1.0
2025-02-11	v2.virtualflybrain.org	VFB_jrchk32k	VFB_00101567	0	2	12.0
2025-02-11	v2.virtualflybrain.org	VFB_jrchk66t	VFB_00101567	1	2	78.0
2025-02-11	v2.virtualflybrain.org	VFB_jrcv0bfg	VFB_00200000	1	1	0.0
2025-02-11	v2.virtualflybrain.org	VFB_jrcv0czt	VFB_00200000	0	1	0.0
2025-02-11	v2.virtualflybrain.org	VFB_jrcv0ifi	VFB_00200000	2	2	0.0
2025-02-11	v2.virtualflybrain.org	VFBexp_FBtp0118	VFB_00101567	0	1	550.0
2025-02-12		FBbt_00001482		5	1	23.0
2025-02-12		FBbt_00001482	VFB_00200000	8	1	0.0
2025-02-12		FBbt_00001483		2	1	16.0
2025-02-12		FBbt_00001483	VFB_00200000	3	1	0.0
2025-02-12		FBbt_00003624		7	3	0.0
2025-02-12		FBbt_00003624	VFB_00101567	8	3	0.0
2025-02-12		FBbt_00003678		1	1	0.0
2025-02-12		FBbt_00003678	VFB_00101567	1	1	0.0
2025-02-12		FBbt_00003679		1	1	0.0
2025-02-12		FBbt_00003679	VFB_00101567	1	1	0.0
2025-02-12		FBbt_00003680		1	1	0.0
2025-02-12		FBbt_00003680	VFB_00101567	1	1	0.0
2025-02-12		FBbt_00003681		9	4	0.0
2025-02-12		FBbt_00003681	VFB_00101567	9	4	0.0
2025-02-12		FBbt_00003748		3	2	0.0
2025-02-12		FBbt_00003748	VFB_00101567	8	2	0.0
2025-02-12		FBbt_00003761		2	1	6.0
2025-02-12		FBbt_00003761	VFB_00101567	2	2	0.0
2025-02-12		FBbt_00003982		1	1	0.0
2025-02-12		FBbt_00003982	VFB_00101567	1	1	0.0
2025-02-12		FBbt_00004052		4	1	3.0
2025-02-12		FBbt_00004052	VFB_00200000	2	1	0.0
2025-02-12		FBbt_00007050		2	1	0.0
2025-02-12		FBbt_00007050	VFB_00101567	2	1	0.0
2025-02-12		FBbt_00007059		1	1	0.0
2025-02-12		FBbt_00007059	VFB_00101567	1	1	0.0
2025-02-12		FBbt_00007146		1	1	0.0
2025-02-12		FBbt_00007146	VFB_00101567	1	1	0.0
2025-02-12		FBbt_00007228		5	1	0.0
2025-02-12		FBbt_00007228	VFB_00101567	5	2	0.0
2025-02-12		FBbt_00007385		1	1	0.0
2025-02-12		FBbt_00007385	VFB_00101567	1	1	0.0
2025-02-12		FBbt_00040001		1	1	0.0
2025-02-12		FBbt_00040001	VFB_00101567	1	1	0.0
2025-02-12		FBbt_00040041		1	1	0.0
2025-02-12		FBbt_00040041	VFB_00101567	1	1	0.0
2025-02-12		FBbt_00040042		2	2	0.0
2025-02-12		FBbt_00040042	VFB_00101567	2	2	0.0
2025-02-12		FBbt_00040043		2	2	0.0
2025-02-12		FBbt_00040043	VFB_00101567	2	2	0.0
2025-02-12		FBbt_00040049		1	1	2.0
2025-02-12		FBbt_00040049	VFB_00101567	1	1	0.0
2025-02-12		FBbt_00045027		1	1	0.0
2025-02-12		FBbt_00045027	VFB_00101567	1	1	0.0
2025-02-12		FBbt_00045048		23	5	0.0
2025-02-12		FBbt_00045048	VFB_00101567	23	6	0.0
2025-02-12		FBbt_00045050		1	1	0.0
2025-02-12		FBbt_00045050	VFB_00101567	1	1	0.0
2025-02-12		FBbt_00047887		1	1	0.0
2025-02-12		FBbt_00047887	VFB_00101567	1	1	0.0
2025-02-12		FBbt_00048574		2	1	49.0
2025-02-12		FBbt_00048574	VFB_00200000	2	1	0.0
2025-02-12		FBbt_00051089		4	1	0.0
2025-02-12		FBbt_00051089	VFB_00101567	1	1	0.0
2025-02-12		FBbt_00051089	VFB_00200000	6	2	0.0
2025-02-12		FBbt_00051097		3	1	0.0
2025-02-12		FBbt_00051097	VFB_00200000	3	2	0.0
2025-02-12		FBbt_00051842		2	1	0.0
2025-02-12		FBbt_00051842	VFB_00200000	2	1	0.0
2025-02-12		FBbt_00053175		3	1	0.0
2025-02-12		FBbt_00053175	VFB_00101567	3	1	0.0
2025-02-12		FBbt_00110107		12	1	0.0
2025-02-12		FBbt_00110107	VFB_00101567	12	1	0.0
2025-02-12		FBbt_00110422		1	1	0.0
2025-02-12		FBbt_00110422	VFB_00101567	1	1	0.0
2025-02-12		FBbt_00110636		1	1	0.0
2025-02-12		FBbt_00110636	VFB_00101567	1	1	0.0
2025-02-12		FBbt_00110657		21	1	0.0
2025-02-12		FBbt_00110657	VFB_00101567	21	1	0.0
2025-02-12		VFB_00010949		1	1	0.0
2025-02-12		VFB_00010949	VFB_00101567	1	1	0.0
2025-02-12		VFB_00020011		1	1	0.0
2025-02-12		VFB_00020011	VFB_00101567	1	1	0.0
2025-02-12		VFB_00020091		3	1	16.0
2025-02-12		VFB_00020091	VFB_00101567	3	2	0.0
2025-02-12		VFB_00039973		4	1	7.0
2025-02-12		VFB_00039973	VFB_00101567	4	1	0.0
2025-02-12		VFB_00050000		1	1	0.0
2025-02-12		VFB_00050000	VFB_00050000	1	1	0.0
2025-02-12		VFB_00100683		10	1	0.0
2025-02-12		VFB_00100683	VFB_00050000	5	1	0.0
2025-02-12		VFB_00100683	VFB_00101567	5	1	0.0
2025-02-12		VFB_00100715		2	1	0.0
2025-02-12		VFB_00100715	VFB_00050000	2	1	0.0
2025-02-12		VFB_00101384		3	1	1.0
2025-02-12		VFB_00101384	VFB_00101384	1	1	0.0
2025-02-12		VFB_00101384	VFB_00101567	2	1	0.0
2025-02-12		VFB_001014iw		10	1	100.0
2025-02-12		VFB_001014iw	VFB_00101567	8	4	0.0
2025-02-12		VFB_001014u7		9	1	0.0
2025-02-12		VFB_001014u7	VFB_00101567	9	1	0.0
2025-02-12		VFB_001014uq		3	1	8.0
2025-02-12		VFB_001014uq	VFB_00101567	3	1	0.0
2025-02-12		VFB_00101567		115	25	354.0
2025-02-12		VFB_00101567	VFB_00101567	121	35	0.0
2025-02-12		VFB_00101t8x		1	1	0.0
2025-02-12		VFB_00101t8x	VFB_00101567	1	1	0.0
2025-02-12		VFB_00102121		9	1	0.0
2025-02-12		VFB_00102121	VFB_00101567	9	2	0.0
2025-02-12		VFB_00102133		1	1	0.0
2025-02-12		VFB_00102133	VFB_00101567	1	1	0.0
2025-02-12		VFB_00102135		1	1	4.0
2025-02-12		VFB_00102135	VFB_00101567	1	1	0.0
2025-02-12		VFB_00102140		4	1	168.0
2025-02-12		VFB_00102140	VFB_00101567	4	2	0.0
2025-02-12		VFB_00102183		7	1	0.0
2025-02-12		VFB_00102183	VFB_00101567	7	1	0.0
2025-02-12		VFB_00102196		3	1	0.0
2025-02-12		VFB_00102196	VFB_00050000	1	1	0.0
2025-02-12		VFB_00102196	VFB_00200000	2	1	0.0
2025-02-12		VFB_00102271		17	3	40.0
2025-02-12		VFB_00102271	VFB_00101567	17	4	0.0
2025-02-12		VFB_00102273		2	1	18.0
2025-02-12		VFB_00102273	VFB_00101567	2	1	0.0
2025-02-12		VFB_00102276		27	1	0.0
2025-02-12		VFB_00102276	VFB_00101567	27	1	0.0
2025-02-12		VFB_001029ad		1	1	3.0
2025-02-12		VFB_001029ad	VFB_00101567	1	1	0.0
2025-02-12		VFB_00103yh2		1	1	0.0
2025-02-12		VFB_00103yh2	VFB_00101567	1	1	0.0
2025-02-12		VFB_00103yj2		1	1	0.0
2025-02-12		VFB_00103yj2	VFB_00101567	1	1	0.0
2025-02-12		VFB_00200000		12	2	5.0
2025-02-12		VFB_00200000	VFB_00200000	14	3	0.0
2025-02-12		VFB_fw000809		12	1	13.0
2025-02-12		VFB_fw000809	VFB_00101567	7	2	0.0
2025-02-12		VFB_fw006026		2	1	0.0
2025-02-12		VFB_fw006026	VFB_00101567	1	1	0.0
2025-02-12		VFB_fw012642		3	1	0.0
2025-02-12		VFB_fw012642	VFB_00101567	3	2	0.0
2025-02-12		VFB_fw020073		2	1	0.0
2025-02-12		VFB_fw020073	VFB_00101567	3	2	0.0
2025-02-12		VFB_fw025524		24	1	0.0
2025-02-12		VFB_fw025524	VFB_00101567	24	1	0.0
2025-02-12		VFB_fw025843		1	1	0.0
2025-02-12		VFB_fw025843	VFB_00101567	1	1	0.0
2025-02-12		VFB_fw026419		1	1	0.0
2025-02-12		VFB_fw026419	VFB_00101567	1	1	0.0
2025-02-12		VFB_fw026613		1	1	0.0
2025-02-12		VFB_fw026613	VFB_00101567	1	1	0.0
2025-02-12		VFB_fw026790		1	1	0.0
2025-02-12		VFB_fw026790	VFB_00101567	1	1	0.0
2025-02-12		VFB_fw027202		1	1	0.0
2025-02-12		VFB_fw027202	VFB_00101567	1	1	0.0
2025-02-12		VFB_fw030371		1	1	0.0
2025-02-12		VFB_fw030371	VFB_00101567	1	1	0.0
2025-02-12		VFB_fw030580		1	1	0.0
2025-02-12		VFB_fw030580	VFB_00101567	1	1	0.0
2025-02-12		VFB_fw030981		1	1	0.0
2025-02-12		VFB_fw030981	VFB_00101567	1	1	0.0
2025-02-12		VFB_fw031898		1	1	0.0
2025-02-12		VFB_fw031898	VFB_00101567	1	1	0.0
2025-02-12		VFB_fw033152		2	1	0.0
2025-02-12		VFB_fw033152	VFB_00101567	2	2	0.0
2025-02-12		VFB_fw034355		3	1	0.0
2025-02-12		VFB_fw034355	VFB_00101567	3	2	0.0
2025-02-12		VFB_fw035110		10	1	0.0
2025-02-12		VFB_fw035110	VFB_00101567	10	1	0.0
2025-02-12		VFB_jrchjy7r		1	1	0.0
2025-02-12		VFB_jrchjy7r	VFB_00101384	1	1	0.0
2025-02-12		VFB_jrchjz67		3	1	9.0
2025-02-12		VFB_jrchjz67	VFB_00101567	2	2	0.0
2025-02-12		VFB_jrchk09e		28	1	0.0
2025-02-12		VFB_jrchk09e	VFB_00101567	28	1	0.0
2025-02-12		VFB_jrchk26m		4	2	11.0
2025-02-12		VFB_jrchk26m	VFB_00101567	4	3	0.0
2025-02-12		VFB_jrchk5wd		2	1	12.0
2025-02-12		VFB_jrchk5wd	VFB_00101567	2	2	0.0
2025-02-12		VFB_jrchk64v		2	1	6.0
2025-02-12		VFB_jrchk64v	VFB_00101567	2	2	0.0
2025-02-12		VFB_jrchk64w		2	1	2.0
2025-02-12		VFB_jrchk64w	VFB_00101567	2	2	0.0
2025-02-12		VFB_jrchk66t		35	1	62.0
2025-02-12		VFB_jrchk66t	VFB_00101567	22	4	0.0
2025-02-12		VFB_jrchk66u		17	1	11.0
2025-02-12		VFB_jrchk66u	VFB_00101567	30	3	0.0
2025-02-12		VFB_jrchk67a		1	1	0.0
2025-02-12		VFB_jrchk67a	VFB_00101567	1	1	0.0
2025-02-12		VFB_jrchk6j1		6	1	18.0
2025-02-12		VFB_jrchk6j1	VFB_00101567	6	2	0.0
2025-02-12		VFB_jrchk6j2		1	1	0.0
2025-02-12		VFB_jrchk6j2	VFB_00101567	1	1	0.0
2025-02-12		VFB_jrchk6ma		1	1	0.0
2025-02-12		VFB_jrchk6ma	VFB_00101567	1	1	0.0
2025-02-12		VFB_jrchk6mb		1	1	0.0
2025-02-12		VFB_jrchk6mb	VFB_00101567	1	1	0.0
2025-02-12		VFB_jrchk6md		2	1	9.0
2025-02-12		VFB_jrchk6md	VFB_00101567	3	2	0.0
2025-02-12		VFB_jrchk6mp		2	1	2.0
2025-02-12		VFB_jrchk6mp	VFB_00101567	3	2	0.0
2025-02-12		VFB_jrchk6oj		19	1	35.0
2025-02-12		VFB_jrchk6oj	VFB_00101567	28	4	0.0
2025-02-12		VFB_jrchk6qf		6	1	17.0
2025-02-12		VFB_jrchk6qf	VFB_00101567	6	2	0.0
2025-02-12		VFB_jrchk6vo		28	1	147.0
2025-02-12		VFB_jrchk6vo	VFB_00101567	25	4	0.0
2025-02-12		VFB_jrchk6y4		7	1	77.0
2025-02-12		VFB_jrchk6y4	VFB_00101567	9	3	0.0
2025-02-12		VFB_jrchk775		6	1	35.0
2025-02-12		VFB_jrchk775	VFB_00101567	3	3	0.0
2025-02-12		VFB_jrchk776		16	1	4.0
2025-02-12		VFB_jrchk776	VFB_00101567	6	2	0.0
2025-02-12		VFB_jrchk779		25	1	26.0
2025-02-12		VFB_jrchk779	VFB_00101567	30	4	0.0
2025-02-12		VFB_jrchk7a3		1	1	0.0
2025-02-12		VFB_jrchk7a3	VFB_00101567	1	1	0.0
2025-02-12		VFB_jrchk828		2	1	3.0
2025-02-12		VFB_jrchk828	VFB_00101567	3	2	0.0
2025-02-12		VFB_jrchk8s1		2	1	2.0
2025-02-12		VFB_jrchk8s1	VFB_00101567	2	1	0.0
2025-02-12		VFB_jrcv08v9		15	1	101.0
2025-02-12		VFB_jrcv08v9	VFB_00101567	2	1	0.0
2025-02-12		VFB_jrcv08v9	VFB_00200000	8	2	0.0
2025-02-12		VFB_jrcv094b		9	1	5.0
2025-02-12		VFB_jrcv094b	VFB_00200000	8	2	0.0
2025-02-12		VFBexp_FBtp0124		1	1	0.0
2025-02-12		VFBexp_FBtp0124	VFB_00101567	1	1	0.0
2025-02-12		VFBexp_FBtp0125		1	1	0.0
2025-02-12		VFBexp_FBtp0125	VFB_00101567	1	1	0.0
2025-02-12	v2.virtualflybrain.org	FBbt_00001482	VFB_00200000	0	1	1.0
2025-02-12	v2.virtualflybrain.org	FBbt_00001483	VFB_00200000	0	1	0.0
2025-02-12	v2.virtualflybrain.org	FBbt_00001583		1	1	0.0
2025-02-12	v2.virtualflybrain.org	FBbt_00002855		1	1	0.0
2025-02-12	v2.virtualflybrain.org	FBbt_00003624	VFB_00101567	6	2	9.0
2025-02-12	v2.virtualflybrain.org	FBbt_00003678	VFB_00101567	0	1	12.0
2025-02-12	v2.virtualflybrain.org	FBbt_00003679	VFB_00101567	0	1	12.0
2025-02-12	v2.virtualflybrain.org	FBbt_00003680	VFB_00101567	0	2	138.0
2025-02-12	v2.virtualflybrain.org	FBbt_00003681	VFB_00101567	3	5	61.0
2025-02-12	v2.virtualflybrain.org	FBbt_00003748	VFB_00101567	0	4	61.0
2025-02-12	v2.virtualflybrain.org	FBbt_00003761	VFB_00101567	0	1	24.0
2025-02-12	v2.virtualflybrain.org	FBbt_00003982	VFB_00101567	1	1	45.0
2025-02-12	v2.virtualflybrain.org	FBbt_00004052	VFB_00200000	0	2	12.0
2025-02-12	v2.virtualflybrain.org	FBbt_00007050	VFB_00101567	0	1	1.0
2025-02-12	v2.virtualflybrain.org	FBbt_00007059	VFB_00101567	0	1	35.0
2025-02-12	v2.virtualflybrain.org	FBbt_00007146	VFB_00101567	1	1	0.0
2025-02-12	v2.virtualflybrain.org	FBbt_00007228	VFB_00101567	1	3	285.0
2025-02-12	v2.virtualflybrain.org	FBbt_00007385	VFB_00101567	0	1	40.0
2025-02-12	v2.virtualflybrain.org	FBbt_00040001	VFB_00101567	0	1	0.0
2025-02-12	v2.virtualflybrain.org	FBbt_00040041	VFB_00101567	0	2	12.0
2025-02-12	v2.virtualflybrain.org	FBbt_00040042	VFB_00101567	0	1	2.0
2025-02-12	v2.virtualflybrain.org	FBbt_00040043	VFB_00101567	0	2	15.0
2025-02-12	v2.virtualflybrain.org	FBbt_00040049	VFB_00101567	0	1	16.0
2025-02-12	v2.virtualflybrain.org	FBbt_00045027	VFB_00101567	0	2	33.0
2025-02-12	v2.virtualflybrain.org	FBbt_00045048	VFB_00101567	16	7	61.0
2025-02-12	v2.virtualflybrain.org	FBbt_00045050	VFB_00101567	0	1	88.0
2025-02-12	v2.virtualflybrain.org	FBbt_00047887	VFB_00101567	0	1	1.0
2025-02-12	v2.virtualflybrain.org	FBbt_00048574	VFB_00200000	0	1	0.0
2025-02-12	v2.virtualflybrain.org	FBbt_00051089	VFB_00101567	0	1	24.0
2025-02-12	v2.virtualflybrain.org	FBbt_00051089	VFB_00200000	0	2	83.0
2025-02-12	v2.virtualflybrain.org	FBbt_00051097	VFB_00200000	0	3	6.0
2025-02-12	v2.virtualflybrain.org	FBbt_00051842	VFB_00200000	0	2	152.0
2025-02-12	v2.virtualflybrain.org	FBbt_00052339		1	1	0.0
2025-02-12	v2.virtualflybrain.org	FBbt_00053175	VFB_00101567	2	2	7.0
2025-02-12	v2.virtualflybrain.org	FBbt_00110107	VFB_00101567	12	1	0.0
2025-02-12	v2.virtualflybrain.org	FBbt_00110422		1	1	0.0
2025-02-12	v2.virtualflybrain.org	FBbt_00110636	VFB_00101567	0	1	4.0
2025-02-12	v2.virtualflybrain.org	FBbt_00110657	VFB_00101567	21	1	0.0
2025-02-12	v2.virtualflybrain.org	VFB_00010949	VFB_00101567	0	1	12.0
2025-02-12	v2.virtualflybrain.org	VFB_00020011	VFB_00101567	0	1	13.0
2025-02-12	v2.virtualflybrain.org	VFB_00020091	VFB_00101567	0	2	24.0
2025-02-12	v2.virtualflybrain.org	VFB_00039973	VFB_00101567	3	1	40.0
2025-02-12	v2.virtualflybrain.org	VFB_00049000		2	1	0.0
2025-02-12	v2.virtualflybrain.org	VFB_00050000	VFB_00050000	1	4	0.0
2025-02-12	v2.virtualflybrain.org	VFB_00100683	VFB_00050000	6	1	0.0
2025-02-12	v2.virtualflybrain.org	VFB_00100683	VFB_00101567	5	1	0.0
2025-02-12	v2.virtualflybrain.org	VFB_00100715	VFB_00050000	2	1	0.0
2025-02-12	v2.virtualflybrain.org	VFB_00100wcq		1	1	13.0
2025-02-12	v2.virtualflybrain.org	VFB_00101384	VFB_00101384	1	2	0.0
2025-02-12	v2.virtualflybrain.org	VFB_00101384	VFB_00101567	0	2	2.0
2025-02-12	v2.virtualflybrain.org	VFB_001014iw	VFB_00101567	0	1	11.0
2025-02-12	v2.virtualflybrain.org	VFB_001014u7	VFB_00101567	9	1	4.0
2025-02-12	v2.virtualflybrain.org	VFB_001014uq	VFB_00101567	0	2	6.0
2025-02-12	v2.virtualflybrain.org	VFB_00101567	VFB_00101567	25	50	533.0
2025-02-12	v2.virtualflybrain.org	VFB_00101t8x	VFB_00101567	0	2	95.0
2025-02-12	v2.virtualflybrain.org	VFB_00102121	VFB_00101567	2	3	226.0
2025-02-12	v2.virtualflybrain.org	VFB_00102133	VFB_00101567	1	1	0.0
2025-02-12	v2.virtualflybrain.org	VFB_00102135	VFB_00101567	0	1	73.0
2025-02-12	v2.virtualflybrain.org	VFB_00102140	VFB_00101567	0	2	33.0
2025-02-12	v2.virtualflybrain.org	VFB_00102183	VFB_00101567	7	1	0.0
2025-02-12	v2.virtualflybrain.org	VFB_00102196	VFB_00050000	1	3	82.0
2025-02-12	v2.virtualflybrain.org	VFB_00102196	VFB_00200000	0	2	19.0
2025-02-12	v2.virtualflybrain.org	VFB_00102271	VFB_00101567	0	6	103.0
2025-02-12	v2.virtualflybrain.org	VFB_00102273	VFB_00101567	0	2	12.0
2025-02-12	v2.virtualflybrain.org	VFB_00102276	VFB_00101567	0	2	66.0
2025-02-12	v2.virtualflybrain.org	VFB_001029ad	VFB_00101567	1	1	0.0
2025-02-12	v2.virtualflybrain.org	VFB_00103yh2	VFB_00101567	0	1	12.0
2025-02-12	v2.virtualflybrain.org	VFB_00103yj2	VFB_00101567	0	1	53.0
2025-02-12	v2.virtualflybrain.org	VFB_00110000		1	1	4.0
2025-02-12	v2.virtualflybrain.org	VFB_00200000	VFB_00200000	0	3	18.0
2025-02-12	v2.virtualflybrain.org	VFB_fw000809	VFB_00101567	0	2	1.0
2025-02-12	v2.virtualflybrain.org	VFB_fw006026	VFB_00101567	0	1	23.0
2025-02-12	v2.virtualflybrain.org	VFB_fw012642	VFB_00101567	0	1	0.0
2025-02-12	v2.virtualflybrain.org	VFB_fw020073	VFB_00101567	0	1	0.0
2025-02-12	v2.virtualflybrain.org	VFB_fw025524	VFB_00101567	24	1	0.0
2025-02-12	v2.virtualflybrain.org	VFB_fw025843	VFB_00101567	0	1	0.0
2025-02-12	v2.virtualflybrain.org	VFB_fw026419	VFB_00101567	0	1	1.0
2025-02-12	v2.virtualflybrain.org	VFB_fw026613	VFB_00101567	0	1	2.0
2025-02-12	v2.virtualflybrain.org	VFB_fw026790	VFB_00101567	0	1	0.0
2025-02-12	v2.virtualflybrain.org	VFB_fw027202	VFB_00101567	0	1	1.0
2025-02-12	v2.virtualflybrain.org	VFB_fw030371	VFB_00101567	0	1	2.0
2025-02-12	v2.virtualflybrain.org	VFB_fw030580	VFB_00101567	0	1	1.0
2025-02-12	v2.virtualflybrain.org	VFB_fw030981	VFB_00101567	0	1	2.0
2025-02-12	v2.virtualflybrain.org	VFB_fw031898	VFB_00101567	0	1	0.0
2025-02-12	v2.virtualflybrain.org	VFB_fw033152	VFB_00101567	1	2	208.0
2025-02-12	v2.virtualflybrain.org	VFB_fw034355	VFB_00101567	0	2	256.0
2025-02-12	v2.virtualflybrain.org	VFB_fw035110	VFB_00101567	10	1	0.0
2025-02-12	v2.virtualflybrain.org	VFB_jrchjy7r	VFB_00101384	0	1	33.0
2025-02-12	v2.virtualflybrain.org	VFB_jrchjz67	VFB_00101567	0	1	6.0
2025-02-12	v2.virtualflybrain.org	VFB_jrchk09e	VFB_00101567	26	2	0.0
2025-02-12	v2.virtualflybrain.org	VFB_jrchk26m	VFB_00101567	0	1	28.0
2025-02-12	v2.virtualflybrain.org	VFB_jrchk5wd	VFB_00101567	0	1	1.0
2025-02-12	v2.virtualflybrain.org	VFB_jrchk64v	VFB_00101567	0	2	1.0
2025-02-12	v2.virtualflybrain.org	VFB_jrchk64w	VFB_00101567	0	1	14.0
2025-02-12	v2.virtualflybrain.org	VFB_jrchk66t	VFB_00101567	1	1	0.0
2025-02-12	v2.virtualflybrain.org	VFB_jrchk66u	VFB_00101567	0	1	232.0
2025-02-12	v2.virtualflybrain.org	VFB_jrchk67a	VFB_00101567	0	1	2.0
2025-02-12	v2.virtualflybrain.org	VFB_jrchk6j1	VFB_00101567	0	1	1.0
2025-02-12	v2.virtualflybrain.org	VFB_jrchk6j2	VFB_00101567	0	1	2.0
2025-02-12	v2.virtualflybrain.org	VFB_jrchk6ma	VFB_00101567	0	1	9.0
2025-02-12	v2.virtualflybrain.org	VFB_jrchk6mb	VFB_00101567	0	1	17.0
2025-02-12	v2.virtualflybrain.org	VFB_jrchk6md	VFB_00101567	0	1	7.0
2025-02-12	v2.virtualflybrain.org	VFB_jrchk6mp	VFB_00101567	0	1	0.0
2025-02-12	v2.virtualflybrain.org	VFB_jrchk6oj	VFB_00101567	0	1	2.0
2025-02-12	v2.virtualflybrain.org	VFB_jrchk6qf	VFB_00101567	0	1	2.0
2025-02-12	v2.virtualflybrain.org	VFB_jrchk6vo	VFB_00101567	0	2	5.0
2025-02-12	v2.virtualflybrain.org	VFB_jrchk6y4	VFB_00101567	0	1	12.0
2025-02-12	v2.virtualflybrain.org	VFB_jrchk775	VFB_00101567	0	1	0.0
2025-02-12	v2.virtualflybrain.org	VFB_jrchk776	VFB_00101567	0	1	0.0
2025-02-12	v2.virtualflybrain.org	VFB_jrchk779	VFB_00101567	0	2	4.0
2025-02-12	v2.virtualflybrain.org	VFB_jrchk7a3	VFB_00101567	0	1	5.0
2025-02-12	v2.virtualflybrain.org	VFB_jrchk828	VFB_00101567	0	1	10.0
2025-02-12	v2.virtualflybrain.org	VFB_jrchk8s1		1	1	2.0
2025-02-12	v2.virtualflybrain.org	VFB_jrchk8s1	VFB_00101567	0	1	57.0
2025-02-12	v2.virtualflybrain.org	VFB_jrcv0813		2	1	0.0
2025-02-12	v2.virtualflybrain.org	VFB_jrcv08v9	VFB_00101567	0	2	21.0
2025-02-12	v2.virtualflybrain.org	VFB_jrcv08v9	VFB_00200000	1	4	11.0
2025-02-12	v2.virtualflybrain.org	VFB_jrcv094b	VFB_00200000	0	3	93.0
2025-02-12	v2.virtualflybrain.org	VFBexp_FBtp0124		1	1	11.0
2025-02-12	v2.virtualflybrain.org	VFBexp_FBtp0125		1	1	0.0
2025-02-12	v2.virtualflybrain.org	VFBexp_FBtp0125	VFB_00101567	0	1	43.0
2025-02-12	v2.virtualflybrain.org	VFBu_vq787030		6	1	52.0
2025-02-13		FBbt_00003624		21	6	0.0
2025-02-13		FBbt_00003624	VFB_00101567	23	6	0.0
2025-02-13		FBbt_00003632		4	1	0.0
2025-02-13		FBbt_00003632	VFB_00101567	4	1	0.0
2025-02-13		FBbt_00003678		2	1	0.0
2025-02-13		FBbt_00003678	VFB_00101567	2	1	0.0
2025-02-13		FBbt_00003679		1	1	0.0
2025-02-13		FBbt_00003679	VFB_00101567	1	1	0.0
2025-02-13		FBbt_00003680		1	1	0.0
2025-02-13		FBbt_00003680	VFB_00101567	1	1	0.0
2025-02-13		FBbt_00003681		10	3	0.0
2025-02-13		FBbt_00003681	VFB_00101567	10	5	0.0
2025-02-13		FBbt_00003684		11	1	0.0
2025-02-13		FBbt_00003684	VFB_00101567	11	1	0.0
2025-02-13		FBbt_00003743		1	1	0.0
2025-02-13		FBbt_00003743	VFB_00101567	1	1	0.0
2025-02-13		FBbt_00003748		2	2	0.0
2025-02-13		FBbt_00003748	VFB_00101567	2	2	0.0
2025-02-13		FBbt_00003776		1	1	0.0
2025-02-13		FBbt_00003776	VFB_00101567	1	1	0.0
2025-02-13		FBbt_00004020		4	1	4.0
2025-02-13		FBbt_00004020	VFB_00101384	5	2	0.0
2025-02-13		FBbt_00004097		1	1	0.0
2025-02-13		FBbt_00004097	VFB_00101567	1	1	0.0
2025-02-13		FBbt_00005097		3	1	0.0
2025-02-13		FBbt_00005097	VFB_00101567	3	1	0.0
2025-02-13		FBbt_00007058		9	2	36.0
2025-02-13		FBbt_00007058	VFB_00101567	9	2	0.0
2025-02-13		FBbt_00007059		4	1	0.0
2025-02-13		FBbt_00007059	VFB_00101567	4	1	0.0
2025-02-13		FBbt_00007145		1	1	0.0
2025-02-13		FBbt_00007145	VFB_00101567	1	1	0.0
2025-02-13		FBbt_00007146		4	1	0.0
2025-02-13		FBbt_00007146	VFB_00101567	4	1	0.0
2025-02-13		FBbt_00007147		2	1	0.0
2025-02-13		FBbt_00007147	VFB_00101567	2	1	0.0
2025-02-13		FBbt_00007228		4	1	0.0
2025-02-13		FBbt_00007228	VFB_00101567	4	1	0.0
2025-02-13		FBbt_00007727		1	1	0.0
2025-02-13		FBbt_00007727	VFB_00101567	1	1	0.0
2025-02-13		FBbt_00013694		2	1	0.0
2025-02-13		FBbt_00013694	VFB_00101567	2	1	0.0
2025-02-13		FBbt_00013695		1	1	0.0
2025-02-13		FBbt_00013695	VFB_00101567	1	1	0.0
2025-02-13		FBbt_00014013		4	2	0.0
2025-02-13		FBbt_00014013	VFB_00101567	4	3	0.0
2025-02-13		FBbt_00040001		2	1	0.0
2025-02-13		FBbt_00040001	VFB_00101567	2	1	0.0
2025-02-13		FBbt_00040002		4	1	0.0
2025-02-13		FBbt_00040002	VFB_00101567	4	1	0.0
2025-02-13		FBbt_00040037		6	1	0.0
2025-02-13		FBbt_00040037	VFB_00101567	6	1	0.0
2025-02-13		FBbt_00040041		5	4	0.0
2025-02-13		FBbt_00040041	VFB_00101567	5	4	0.0
2025-02-13		FBbt_00040042		16	3	0.0
2025-02-13		FBbt_00040042	VFB_00101567	16	3	0.0
2025-02-13		FBbt_00040043		18	4	0.0
2025-02-13		FBbt_00040043	VFB_00101567	18	6	0.0
2025-02-13		FBbt_00040044		4	2	0.0
2025-02-13		FBbt_00040044	VFB_00101567	4	2	0.0
2025-02-13		FBbt_00040048		1	1	0.0
2025-02-13		FBbt_00040048	VFB_00101567	1	1	0.0
2025-02-13		FBbt_00045021		10	3	10.0
2025-02-13		FBbt_00045021	VFB_00101567	10	3	0.0
2025-02-13		FBbt_00045027		8	5	0.0
2025-02-13		FBbt_00045027	VFB_00101567	8	6	0.0
2025-02-13		FBbt_00045030		4	1	0.0
2025-02-13		FBbt_00045030	VFB_00101567	4	1	0.0
2025-02-13		FBbt_00045040		1	1	0.0
2025-02-13		FBbt_00045040	VFB_00101567	1	1	0.0
2025-02-13		FBbt_00045046		1	1	0.0
2025-02-13		FBbt_00045046	VFB_00101567	1	1	0.0
2025-02-13		FBbt_00045047		2	1	0.0
2025-02-13		FBbt_00045047	VFB_00101567	2	1	0.0
2025-02-13		FBbt_00045048		12	3	1.0
2025-02-13		FBbt_00045048	VFB_00101567	12	6	0.0
2025-02-13		FBbt_00045050		2	2	0.0
2025-02-13		FBbt_00045050	VFB_00101567	2	2	0.0
2025-02-13		FBbt_00045051		1	1	0.0
2025-02-13		FBbt_00045051	VFB_00101567	1	1	0.0
2025-02-13		FBbt_00047526		1	1	0.0
2025-02-13		FBbt_00047526	VFB_00101567	1	1	0.0
2025-02-13		FBbt_00047660		1	1	0.0
2025-02-13		FBbt_00047660	VFB_00101567	1	1	0.0
2025-02-13		FBbt_00047662		3	1	0.0
2025-02-13		FBbt_00047662	VFB_00101567	3	1	0.0
2025-02-13		FBbt_00047887		7	2	0.0
2025-02-13		FBbt_00047887	VFB_00101567	7	2	0.0
2025-02-13		FBbt_00048113		1	1	0.0
2025-02-13		FBbt_00048113	VFB_00101567	1	1	0.0
2025-02-13		FBbt_00048114		2	1	0.0
2025-02-13		FBbt_00048114	VFB_00101567	2	1	0.0
2025-02-13		FBbt_00048121		2	1	0.0
2025-02-13		FBbt_00048121	VFB_00101567	2	1	0.0
2025-02-13		FBbt_00049150		2	1	28.0
2025-02-13		FBbt_00049150	VFB_00101567	2	1	0.0
2025-02-13		FBbt_00049579		1	1	0.0
2025-02-13		FBbt_00049579	VFB_00101567	1	1	0.0
2025-02-13		FBbt_00051068		1	1	0.0
2025-02-13		FBbt_00051068	VFB_00101567	1	1	0.0
2025-02-13		FBbt_00100114		1	1	0.0
2025-02-13		FBbt_00100114	VFB_00101567	1	1	0.0
2025-02-13		FBbt_00100201		2	1	55.0
2025-02-13		FBbt_00100201	VFB_00101567	2	1	0.0
2025-02-13		FBbt_00100222		3	2	0.0
2025-02-13		FBbt_00100222	VFB_00101567	3	2	0.0
2025-02-13		FBbt_00100672		1	1	0.0
2025-02-13		FBbt_00100672	VFB_00101567	1	1	0.0
2025-02-13		FBbt_00110065		6	1	0.0
2025-02-13		FBbt_00110065	VFB_00101567	6	1	0.0
2025-02-13		FBbt_00110636		3	2	0.0
2025-02-13		FBbt_00110636	VFB_00101567	3	2	0.0
2025-02-13		FBbt_00110638		4	1	0.0
2025-02-13		FBbt_00110638	VFB_00101567	4	1	0.0
2025-02-13		FBbt_00110658		2	1	0.0
2025-02-13		FBbt_00110658	VFB_00101567	2	1	0.0
2025-02-13		FBbt_00111153		2	1	12.0
2025-02-13		FBbt_00111153	VFB_00101567	2	1	0.0
2025-02-13		FBbt_00111271		1	1	0.0
2025-02-13		FBbt_00111271	VFB_00101567	1	1	0.0
2025-02-13		VFB_00021997		6	1	24.0
2025-02-13		VFB_00021997	VFB_00101567	4	2	0.0
2025-02-13		VFB_00030849		4	1	267.0
2025-02-13		VFB_00030849	VFB_00101567	4	1	0.0
2025-02-13		VFB_00030867		5	2	10.0
2025-02-13		VFB_00030867	VFB_00101567	5	2	0.0
2025-02-13		VFB_00050000		6	1	0.0
2025-02-13		VFB_00050000	VFB_00050000	7	2	19.0
2025-02-13		VFB_00067046		2	1	3.0
2025-02-13		VFB_00067046	VFB_00100000	2	1	0.0
2025-02-13		VFB_00100000		1	1	4.0
2025-02-13		VFB_00100000	VFB_00100000	1	1	0.0
2025-02-13		VFB_00100235		3	1	0.0
2025-02-13		VFB_00100235	VFB_00050000	3	1	0.0
2025-02-13		VFB_00100683		1	1	0.0
2025-02-13		VFB_00100683	VFB_00050000	1	1	0.0
2025-02-13		VFB_00100715		1	1	0.0
2025-02-13		VFB_00100715	VFB_00050000	1	1	0.0
2025-02-13		VFB_001011fp		2	1	0.0
2025-02-13		VFB_001011fp	VFB_00050000	2	1	0.0
2025-02-13		VFB_001011k2		3	1	0.0
2025-02-13		VFB_001011k2	VFB_00050000	3	1	0.0
2025-02-13		VFB_00101384		2	1	0.0
2025-02-13		VFB_00101384	VFB_00101567	2	1	0.0
2025-02-13		VFB_001014uq		7	1	7.0
2025-02-13		VFB_001014uq	VFB_00101567	6	1	0.0
2025-02-13		VFB_001014uq	VFB_00110000	1	1	0.0
2025-02-13		VFB_00101567		140	30	283.0
2025-02-13		VFB_00101567	VFB_00101567	147	37	78.0
2025-02-13		VFB_00102114		6	2	1.0
2025-02-13		VFB_00102114	VFB_00101567	6	2	0.0
2025-02-13		VFB_00102118		2	1	1.0
2025-02-13		VFB_00102118	VFB_00101567	2	1	0.0
2025-02-13		VFB_00102119		4	2	0.0
2025-02-13		VFB_00102119	VFB_00101567	4	3	0.0
2025-02-13		VFB_00102121		3	2	0.0
2025-02-13		VFB_00102121	VFB_00101567	3	2	0.0
2025-02-13		VFB_00102123		3	2	0.0
2025-02-13		VFB_00102123	VFB_00101567	3	2	0.0
2025-02-13		VFB_00102124		3	2	0.0
2025-02-13		VFB_00102124	VFB_00101567	3	2	0.0
2025-02-13		VFB_00102133		3	2	0.0
2025-02-13		VFB_00102133	VFB_00101567	3	2	0.0
2025-02-13		VFB_00102135		5	1	0.0
2025-02-13		VFB_00102135	VFB_00101567	5	1	0.0
2025-02-13		VFB_00102140		13	2	52.0
2025-02-13		VFB_00102140	VFB_00101567	12	4	0.0
2025-02-13		VFB_00102146		1	1	4.0
2025-02-13		VFB_00102146	VFB_00101567	1	1	0.0
2025-02-13		VFB_00102212		5	1	30.0
2025-02-13		VFB_00102212	VFB_00101567	5	2	0.0
2025-02-13		VFB_00102271		5	1	35.0
2025-02-13		VFB_00102271	VFB_00101567	5	2	0.0
2025-02-13		VFB_00102282		1	1	56.0
2025-02-13		VFB_00102282	VFB_00101567	1	1	0.0
2025-02-13		VFB_00200000	VFB_00200000	1	1	4.0
2025-02-13		VFB_fw003280		1	1	83.0
2025-02-13		VFB_fw003280	VFB_00101567	1	1	0.0
2025-02-13		VFB_fw025524		24	1	0.0
2025-02-13		VFB_fw025524	VFB_00101567	24	1	0.0
2025-02-13		VFB_fw070320		2	1	93.0
2025-02-13		VFB_fw070320	VFB_00101567	2	2	0.0
2025-02-13		VFB_fw119821		2	1	0.0
2025-02-13		VFB_fw119821	VFB_00101567	2	1	0.0
2025-02-13		VFB_fw122174		1	1	61.0
2025-02-13		VFB_fw122174	VFB_00101567	1	1	0.0
2025-02-13		VFB_jrchjup1		2	1	0.0
2025-02-13		VFB_jrchjup1	VFB_00101384	1	1	0.0
2025-02-13		VFB_jrchjzxw		4	1	15.0
2025-02-13		VFB_jrchjzxw	VFB_00101567	4	1	0.0
2025-02-13		VFB_jrchjzxx		9	1	11.0
2025-02-13		VFB_jrchjzxx	VFB_00101567	9	1	0.0
2025-02-13		VFB_jrchjzxy		2	1	3.0
2025-02-13		VFB_jrchjzxy	VFB_00101567	2	1	0.0
2025-02-13		VFB_jrchk09e		16	1	0.0
2025-02-13		VFB_jrchk09e	VFB_00101567	16	1	0.0
2025-02-13		VFB_jrcv0ikc		4	1	6.0
2025-02-13		VFB_jrcv0ikc	VFB_00101567	4	1	0.0
2025-02-13		VFBexp_FBtp0061		2	1	0.0
2025-02-13		VFBexp_FBtp0061	VFB_00101567	4	2	0.0
2025-02-13		VFBexp_FBtp0099		1	1	0.0
2025-02-13		VFBexp_FBtp0099	VFB_00101567	1	1	0.0
2025-02-13		VFBexp_FBtp0124		2	1	0.0
2025-02-13		VFBexp_FBtp0124	VFB_00101567	2	1	0.0
2025-02-13	v2.virtualflybrain.org	FBbt_00003624	VFB_00101567	11	6	69.0
2025-02-13	v2.virtualflybrain.org	FBbt_00003632	VFB_00101567	0	1	3.0
2025-02-13	v2.virtualflybrain.org	FBbt_00003678	VFB_00101567	0	2	108.0
2025-02-13	v2.virtualflybrain.org	FBbt_00003679	VFB_00101567	0	1	35.0
2025-02-13	v2.virtualflybrain.org	FBbt_00003680	VFB_00101567	0	1	38.0
2025-02-13	v2.virtualflybrain.org	FBbt_00003681	VFB_00101567	0	5	12.0
2025-02-13	v2.virtualflybrain.org	FBbt_00003684	VFB_00101567	0	1	67.0
2025-02-13	v2.virtualflybrain.org	FBbt_00003743	VFB_00101567	0	1	9.0
2025-02-13	v2.virtualflybrain.org	FBbt_00003748	VFB_00101567	0	2	133.0
2025-02-13	v2.virtualflybrain.org	FBbt_00003776	VFB_00101567	0	1	7.0
2025-02-13	v2.virtualflybrain.org	FBbt_00004020	VFB_00101384	2	3	0.0
2025-02-13	v2.virtualflybrain.org	FBbt_00004097	VFB_00101567	0	1	26.0
2025-02-13	v2.virtualflybrain.org	FBbt_00005097	VFB_00101567	0	2	153.0
2025-02-13	v2.virtualflybrain.org	FBbt_00007058	VFB_00101567	0	3	30.0
2025-02-13	v2.virtualflybrain.org	FBbt_00007059	VFB_00101567	0	1	8.0
2025-02-13	v2.virtualflybrain.org	FBbt_00007145	VFB_00101567	0	1	6.0
2025-02-13	v2.virtualflybrain.org	FBbt_00007146	VFB_00101567	0	1	9.0
2025-02-13	v2.virtualflybrain.org	FBbt_00007147	VFB_00101567	0	1	5.0
2025-02-13	v2.virtualflybrain.org	FBbt_00007228	VFB_00101567	4	2	0.0
2025-02-13	v2.virtualflybrain.org	FBbt_00007727	VFB_00101567	0	1	17.0
2025-02-13	v2.virtualflybrain.org	FBbt_00013694	VFB_00101567	0	1	2.0
2025-02-13	v2.virtualflybrain.org	FBbt_00013695	VFB_00101567	0	1	0.0
2025-02-13	v2.virtualflybrain.org	FBbt_00014013	VFB_00101567	0	3	14.0
2025-02-13	v2.virtualflybrain.org	FBbt_00040001	VFB_00101567	0	1	1.0
2025-02-13	v2.virtualflybrain.org	FBbt_00040002	VFB_00101567	0	1	4.0
2025-02-13	v2.virtualflybrain.org	FBbt_00040037	VFB_00101567	1	2	14.0
2025-02-13	v2.virtualflybrain.org	FBbt_00040041	VFB_00101567	0	5	112.0
2025-02-13	v2.virtualflybrain.org	FBbt_00040042	VFB_00101567	0	4	254.0
2025-02-13	v2.virtualflybrain.org	FBbt_00040043	VFB_00101567	0	7	197.0
2025-02-13	v2.virtualflybrain.org	FBbt_00040044	VFB_00101567	0	2	66.0
2025-02-13	v2.virtualflybrain.org	FBbt_00040048	VFB_00101567	0	1	43.0
2025-02-13	v2.virtualflybrain.org	FBbt_00045021	VFB_00101567	0	3	222.0
2025-02-13	v2.virtualflybrain.org	FBbt_00045027	VFB_00101567	0	7	49.0
2025-02-13	v2.virtualflybrain.org	FBbt_00045030	VFB_00101567	0	1	5.0
2025-02-13	v2.virtualflybrain.org	FBbt_00045040	VFB_00101567	0	1	71.0
2025-02-13	v2.virtualflybrain.org	FBbt_00045046	VFB_00101567	1	1	0.0
2025-02-13	v2.virtualflybrain.org	FBbt_00045047	VFB_00101567	0	1	1.0
2025-02-13	v2.virtualflybrain.org	FBbt_00045048	VFB_00101567	0	7	95.0
2025-02-13	v2.virtualflybrain.org	FBbt_00045050	VFB_00101567	0	2	67.0
2025-02-13	v2.virtualflybrain.org	FBbt_00045051	VFB_00101567	0	1	47.0
2025-02-13	v2.virtualflybrain.org	FBbt_00047526	VFB_00101567	0	1	22.0
2025-02-13	v2.virtualflybrain.org	FBbt_00047660	VFB_00101567	0	2	59.0
2025-02-13	v2.virtualflybrain.org	FBbt_00047662	VFB_00101567	0	2	96.0
2025-02-13	v2.virtualflybrain.org	FBbt_00047887	VFB_00101567	0	2	8.0
2025-02-13	v2.virtualflybrain.org	FBbt_00048113	VFB_00101567	0	1	219.0
2025-02-13	v2.virtualflybrain.org	FBbt_00048114	VFB_00101567	0	2	90.0
2025-02-13	v2.virtualflybrain.org	FBbt_00048121	VFB_00101567	0	2	134.0
2025-02-13	v2.virtualflybrain.org	FBbt_00049137		1	1	0.0
2025-02-13	v2.virtualflybrain.org	FBbt_00049150	VFB_00101567	0	1	0.0
2025-02-13	v2.virtualflybrain.org	FBbt_00049154		1	1	7.0
2025-02-13	v2.virtualflybrain.org	FBbt_00049349		2	1	0.0
2025-02-13	v2.virtualflybrain.org	FBbt_00049579	VFB_00101567	0	2	19.0
2025-02-13	v2.virtualflybrain.org	FBbt_00049752		1	1	0.0
2025-02-13	v2.virtualflybrain.org	FBbt_00051068	VFB_00101567	0	1	13.0
2025-02-13	v2.virtualflybrain.org	FBbt_00053175	VFB_00101567	2	1	0.0
2025-02-13	v2.virtualflybrain.org	FBbt_00100114	VFB_00101567	0	1	72.0
2025-02-13	v2.virtualflybrain.org	FBbt_00100201	VFB_00101567	0	1	0.0
2025-02-13	v2.virtualflybrain.org	FBbt_00100222	VFB_00101567	0	2	704.0
2025-02-13	v2.virtualflybrain.org	FBbt_00100469		1	1	0.0
2025-02-13	v2.virtualflybrain.org	FBbt_00100672	VFB_00101567	0	1	13.0
2025-02-13	v2.virtualflybrain.org	FBbt_00110065	VFB_00101567	5	1	0.0
2025-02-13	v2.virtualflybrain.org	FBbt_00110570		1	1	0.0
2025-02-13	v2.virtualflybrain.org	FBbt_00110636	VFB_00101567	0	2	9.0
2025-02-13	v2.virtualflybrain.org	FBbt_00110638	VFB_00101567	0	1	16.0
2025-02-13	v2.virtualflybrain.org	FBbt_00110658	VFB_00101567	0	1	7.0
2025-02-13	v2.virtualflybrain.org	FBbt_00111153	VFB_00101567	0	1	0.0
2025-02-13	v2.virtualflybrain.org	VFB_00015150	VFB_00101567	1	1	0.0
2025-02-13	v2.virtualflybrain.org	VFB_00017894	VFB_00017894	0	1	0.0
2025-02-13	v2.virtualflybrain.org	VFB_00021997	VFB_00101567	0	2	70.0
2025-02-13	v2.virtualflybrain.org	VFB_00030624	VFB_00017894	1	1	0.0
2025-02-13	v2.virtualflybrain.org	VFB_00030849	VFB_00101567	0	1	0.0
2025-02-13	v2.virtualflybrain.org	VFB_00030867	VFB_00101567	1	3	5.0
2025-02-13	v2.virtualflybrain.org	VFB_00050000	VFB_00050000	6	10	0.0
2025-02-13	v2.virtualflybrain.org	VFB_00067046	VFB_00067046	1	2	3.0
2025-02-13	v2.virtualflybrain.org	VFB_00067046	VFB_00100000	0	1	21.0
2025-02-13	v2.virtualflybrain.org	VFB_00100235	VFB_00050000	3	2	1.0
2025-02-13	v2.virtualflybrain.org	VFB_00100683	VFB_00050000	1	1	0.0
2025-02-13	v2.virtualflybrain.org	VFB_00100715	VFB_00050000	2	1	0.0
2025-02-13	v2.virtualflybrain.org	VFB_001011fp	VFB_00050000	2	1	21.0
2025-02-13	v2.virtualflybrain.org	VFB_001011k2	VFB_00050000	3	1	1.0
2025-02-13	v2.virtualflybrain.org	VFB_00101384	VFB_00101384	0	2	0.0
2025-02-13	v2.virtualflybrain.org	VFB_00101384	VFB_00101567	2	2	0.0
2025-02-13	v2.virtualflybrain.org	VFB_001014uq	VFB_00101567	0	2	12.0
2025-02-13	v2.virtualflybrain.org	VFB_001014uq	VFB_00110000	1	3	1.0
2025-02-13	v2.virtualflybrain.org	VFB_00101567	VFB_00101567	31	65	2417.0
2025-02-13	v2.virtualflybrain.org	VFB_00102114	VFB_00101567	3	2	245.0
2025-02-13	v2.virtualflybrain.org	VFB_00102118	VFB_00101567	0	1	285.0
2025-02-13	v2.virtualflybrain.org	VFB_00102119	VFB_00101567	1	3	2.0
2025-02-13	v2.virtualflybrain.org	VFB_00102121	VFB_00101567	0	1	6.0
2025-02-13	v2.virtualflybrain.org	VFB_00102123	VFB_00101567	0	2	3.0
2025-02-13	v2.virtualflybrain.org	VFB_00102124	VFB_00101567	0	2	2.0
2025-02-13	v2.virtualflybrain.org	VFB_00102133	VFB_00101567	0	1	0.0
2025-02-13	v2.virtualflybrain.org	VFB_00102135	VFB_00101567	5	1	0.0
2025-02-13	v2.virtualflybrain.org	VFB_00102140	VFB_00101567	0	5	30.0
2025-02-13	v2.virtualflybrain.org	VFB_00102146	VFB_00101567	0	1	47.0
2025-02-13	v2.virtualflybrain.org	VFB_00102212	VFB_00101567	0	2	3.0
2025-02-13	v2.virtualflybrain.org	VFB_00102271	VFB_00101567	0	2	4.0
2025-02-13	v2.virtualflybrain.org	VFB_00102282	VFB_00101567	0	1	28.0
2025-02-13	v2.virtualflybrain.org	VFB_fw003280	VFB_00101567	1	1	0.0
2025-02-13	v2.virtualflybrain.org	VFB_fw025524	VFB_00101567	24	1	0.0
2025-02-13	v2.virtualflybrain.org	VFB_fw070320	VFB_00101567	0	2	18.0
2025-02-13	v2.virtualflybrain.org	VFB_fw119821	VFB_00101567	0	1	50.0
2025-02-13	v2.virtualflybrain.org	VFB_fw122174	VFB_00101567	0	1	21.0
2025-02-13	v2.virtualflybrain.org	VFB_jrchjup1	VFB_00101384	0	1	0.0
2025-02-13	v2.virtualflybrain.org	VFB_jrchjzxw		1	1	2.0
2025-02-13	v2.virtualflybrain.org	VFB_jrchjzxw	VFB_00101567	0	1	44.0
2025-02-13	v2.virtualflybrain.org	VFB_jrchjzxx		1	1	1.0
2025-02-13	v2.virtualflybrain.org	VFB_jrchjzxx	VFB_00101384	1	2	2.0
2025-02-13	v2.virtualflybrain.org	VFB_jrchjzxx	VFB_00101567	1	2	23.0
2025-02-13	v2.virtualflybrain.org	VFB_jrchjzxy		1	1	2.0
2025-02-13	v2.virtualflybrain.org	VFB_jrchjzxy	VFB_00101567	0	1	12.0
2025-02-13	v2.virtualflybrain.org	VFB_jrchk09e	VFB_00101567	15	1	0.0
2025-02-13	v2.virtualflybrain.org	VFB_jrcv0ikc	VFB_00101567	2	2	402.0
2025-02-13	v2.virtualflybrain.org	VFBexp_FBtp0061	VFB_00101567	0	1	7.0
2025-02-13	v2.virtualflybrain.org	VFBexp_FBtp0099		1	1	1.0
2025-02-13	v2.virtualflybrain.org	VFBexp_FBtp0099	VFB_00101567	0	1	32.0
2025-02-13	v2.virtualflybrain.org	VFBexp_FBtp0102	VFB_00101567	1	0	0.0
2025-02-13	v2.virtualflybrain.org	VFBexp_FBtp0124		1	1	1.0
2025-02-13	v2.virtualflybrain.org	VFBexp_FBtp0124	VFB_00101567	1	1	37.0
2025-02-13	v2.virtualflybrain.org	VFBu_tovidihy		2	1	15.0
2025-02-13	v2.virtualflybrain.org	VFBu_vq787030		2	1	22.0
2025-02-13	v2a.virtualflybrain.org	FBbt_00003748	VFB_00101567	1	1	0.0
2025-02-13	v2a.virtualflybrain.org	VFB_00101567	VFB_00101567	1	3	29.0
2025-02-13	v2a.virtualflybrain.org	VFB_00200000	VFB_00200000	1	2	0.0
2025-02-14		FBbt_00003004		4	1	0.0
2025-02-14		FBbt_00003004	VFB_00101567	4	1	0.0
2025-02-14		FBbt_00003624		37	4	12.0
2025-02-14		FBbt_00003624	VFB_00101567	39	4	0.0
2025-02-14		FBbt_00003653		2	1	0.0
2025-02-14		FBbt_00003653	VFB_00101567	2	2	0.0
2025-02-14		FBbt_00003657		5	1	103.0
2025-02-14		FBbt_00003657	VFB_00101567	7	1	0.0
2025-02-14		FBbt_00003678		7	1	0.0
2025-02-14		FBbt_00003678	VFB_00101567	7	2	0.0
2025-02-14		FBbt_00003680		4	2	0.0
2025-02-14		FBbt_00003680	VFB_00101567	4	2	0.0
2025-02-14		FBbt_00003681		7	4	0.0
2025-02-14		FBbt_00003681	VFB_00101567	7	5	0.0
2025-02-14		FBbt_00003701		1	1	0.0
2025-02-14		FBbt_00003701	VFB_00101567	1	1	0.0
2025-02-14		FBbt_00003748		7	2	0.0
2025-02-14		FBbt_00003748	VFB_00101567	7	4	0.0
2025-02-14		FBbt_00003789		1	1	0.0
2025-02-14		FBbt_00003789	VFB_00101567	1	1	0.0
2025-02-14		FBbt_00004225		1	1	0.0
2025-02-14		FBbt_00004225	VFB_00101567	1	1	0.0
2025-02-14		FBbt_00007055		1	1	0.0
2025-02-14		FBbt_00007055	VFB_00101567	1	1	0.0
2025-02-14		FBbt_00007228		3	1	0.0
2025-02-14		FBbt_00007228	VFB_00101567	3	1	0.0
2025-02-14		FBbt_00007385		1	1	0.0
2025-02-14		FBbt_00007385	VFB_00101567	1	1	0.0
2025-02-14		FBbt_00007401		1	1	0.0
2025-02-14		FBbt_00007401	VFB_00101567	1	1	0.0
2025-02-14		FBbt_00007453		2	1	0.0
2025-02-14		FBbt_00007453	VFB_00101567	2	1	0.0
2025-02-14		FBbt_00013688		2	1	0.0
2025-02-14		FBbt_00013688	VFB_00101567	2	1	0.0
2025-02-14		FBbt_00040037		8	2	0.0
2025-02-14		FBbt_00040037	VFB_00101567	8	2	0.0
2025-02-14		FBbt_00040041		1	1	0.0
2025-02-14		FBbt_00040041	VFB_00101567	1	1	0.0
2025-02-14		FBbt_00040042		1	1	0.0
2025-02-14		FBbt_00040042	VFB_00101567	1	1	0.0
2025-02-14		FBbt_00040043		3	2	0.0
2025-02-14		FBbt_00040043	VFB_00101567	3	2	0.0
2025-02-14		FBbt_00045027		3	2	0.0
2025-02-14		FBbt_00045027	VFB_00101567	3	2	0.0
2025-02-14		FBbt_00045048		3	1	0.0
2025-02-14		FBbt_00045048	VFB_00101567	3	1	0.0
2025-02-14		FBbt_00045050		1	1	0.0
2025-02-14		FBbt_00045050	VFB_00101567	6	1	0.0
2025-02-14		FBbt_00047662		3	1	0.0
2025-02-14		FBbt_00047662	VFB_00101567	4	1	0.0
2025-02-14		FBbt_00047887		1	1	0.0
2025-02-14		FBbt_00047887	VFB_00101567	1	1	0.0
2025-02-14		FBbt_00048113		2	1	0.0
2025-02-14		FBbt_00048113	VFB_00101567	1	1	0.0
2025-02-14		FBbt_00048114		1	1	0.0
2025-02-14		FBbt_00048114	VFB_00101567	1	1	0.0
2025-02-14		FBbt_00048116		1	1	0.0
2025-02-14		FBbt_00048116	VFB_00101567	1	1	0.0
2025-02-14		FBbt_00048118		1	1	0.0
2025-02-14		FBbt_00048118	VFB_00101567	1	1	0.0
2025-02-14		FBbt_00048119		2	1	0.0
2025-02-14		FBbt_00048119	VFB_00101567	2	1	0.0
2025-02-14		FBbt_00048123		1	1	0.0
2025-02-14		FBbt_00048123	VFB_00101567	1	1	0.0
2025-02-14		FBbt_00048124		1	1	0.0
2025-02-14		FBbt_00048124	VFB_00101567	1	1	0.0
2025-02-14		FBbt_00048238		1	1	0.0
2025-02-14		FBbt_00048238	VFB_00101567	1	1	0.0
2025-02-14		FBbt_00049725		1	1	0.0
2025-02-14		FBbt_00049725	VFB_00101567	1	1	0.0
2025-02-14		FBbt_00049747		7	1	0.0
2025-02-14		FBbt_00049747	VFB_00101567	7	2	0.0
2025-02-14		FBbt_00052107		1	1	0.0
2025-02-14		FBbt_00052107	VFB_00101567	1	1	0.0
2025-02-14		FBbt_00053234		1	1	0.0
2025-02-14		FBbt_00053234	VFB_00101567	1	1	0.0
2025-02-14		FBbt_00058205		3	1	0.0
2025-02-14		FBbt_00058205	VFB_00101567	8	1	0.0
2025-02-14		FBbt_20000086		1	1	0.0
2025-02-14		FBbt_20000086	VFB_00101567	1	1	0.0
2025-02-14		FBbt_20001183		9	1	0.0
2025-02-14		FBbt_20001183	VFB_00101567	9	2	0.0
2025-02-14		FBbt_20003799		1	1	0.0
2025-02-14		FBbt_20003799	VFB_00101567	1	1	0.0
2025-02-14		FBbt_20003801		1	1	0.0
2025-02-14		FBbt_20003801	VFB_00101567	1	1	0.0
2025-02-14		FBbt_20003803		3	1	0.0
2025-02-14		FBbt_20003803	VFB_00101567	3	2	0.0
2025-02-14		VFB_00021221		1	1	28.0
2025-02-14		VFB_00021221	VFB_00101567	1	1	0.0
2025-02-14		VFB_00023422		12	1	62.0
2025-02-14		VFB_00023422	VFB_00101567	12	2	0.0
2025-02-14		VFB_00023493		9	1	182.0
2025-02-14		VFB_00023493	VFB_00101567	4	1	0.0
2025-02-14		VFB_00024893		3	1	1.0
2025-02-14		VFB_00024893	VFB_00101567	3	1	0.0
2025-02-14		VFB_00050000		40	2	0.0
2025-02-14		VFB_00050000	VFB_00050000	40	3	0.0
2025-02-14		VFB_00100235		1	1	0.0
2025-02-14		VFB_00100235	VFB_00050000	1	1	0.0
2025-02-14		VFB_0010028k		2	1	0.0
2025-02-14		VFB_0010028k	VFB_00050000	2	1	0.0
2025-02-14		VFB_00100405		2	1	0.0
2025-02-14		VFB_00100405	VFB_00050000	2	1	0.0
2025-02-14		VFB_00100715		5	1	0.0
2025-02-14		VFB_00100715	VFB_00050000	5	1	0.0
2025-02-14		VFB_001011k2		13	1	0.0
2025-02-14		VFB_001011k2	VFB_00050000	13	1	0.0
2025-02-14		VFB_001011qt		11	1	179.0
2025-02-14		VFB_001011qt	VFB_00101567	11	2	0.0
2025-02-14		VFB_001014r1		5	1	3.0
2025-02-14		VFB_001014r1	VFB_00101567	5	2	0.0
2025-02-14		VFB_001014uq		2	1	11.0
2025-02-14		VFB_001014uq	VFB_00101567	2	1	0.0
2025-02-14		VFB_00101543		4	1	45.0
2025-02-14		VFB_00101543	VFB_00101384	1	1	0.0
2025-02-14		VFB_00101543	VFB_00101567	3	1	0.0
2025-02-14		VFB_00101567		142	28	189.0
2025-02-14		VFB_00101567	VFB_00101567	153	37	0.0
2025-02-14		VFB_00102114		3	1	0.0
2025-02-14		VFB_00102114	VFB_00101567	3	1	0.0
2025-02-14		VFB_00102121		2	1	0.0
2025-02-14		VFB_00102121	VFB_00101567	2	1	0.0
2025-02-14		VFB_00102135		2	1	9.0
2025-02-14		VFB_00102135	VFB_00101567	2	2	0.0
2025-02-14		VFB_00102183		4	1	0.0
2025-02-14		VFB_00102183	VFB_00101567	4	1	0.0
2025-02-14		VFB_00102592		5	1	2.0
2025-02-14		VFB_00102592	VFB_00101567	5	2	0.0
2025-02-14		VFB_00200000		1	1	0.0
2025-02-14		VFB_00200000	VFB_00200000	1	1	0.0
2025-02-14		VFB_fw003582		1	1	0.0
2025-02-14		VFB_fw003582	VFB_00101567	1	1	0.0
2025-02-14		VFB_fw025524		24	1	0.0
2025-02-14		VFB_fw025524	VFB_00101567	24	1	0.0
2025-02-14		VFB_fw030729		7	1	2.0
2025-02-14		VFB_fw030729	VFB_00101567	2	2	0.0
2025-02-14		VFB_fw036441		9	1	1.0
2025-02-14		VFB_fw036441	VFB_00101567	7	1	0.0
2025-02-14		VFB_fw038791		1	1	80.0
2025-02-14		VFB_fw038791	VFB_00101567	1	1	0.0
2025-02-14		VFB_jrchjtre		3	1	60.0
2025-02-14		VFB_jrchjtre	VFB_00101567	3	2	0.0
2025-02-14		VFB_jrchk7aj		3	1	2.0
2025-02-14		VFB_jrchk7aj	VFB_00101567	3	1	0.0
2025-02-14		VFBexp_FBtp0018		1	1	0.0
2025-02-14		VFBexp_FBtp0018	VFB_00101567	1	1	0.0
2025-02-14		VFBexp_FBtp0057		1	1	0.0
2025-02-14		VFBexp_FBtp0057	VFB_00101567	1	1	0.0
2025-02-14		VFBexp_FBtp0058		2	1	0.0
2025-02-14		VFBexp_FBtp0058	VFB_00101567	2	1	0.0
2025-02-14		VFBexp_FBtp0122		3	1	79.0
2025-02-14		VFBexp_FBtp0122	VFB_00101567	3	2	0.0
2025-02-14	v2.virtualflybrain.org	FBbt_00003004	VFB_00101567	3	2	7.0
2025-02-14	v2.virtualflybrain.org	FBbt_00003624	VFB_00101567	8	4	149.0
2025-02-14	v2.virtualflybrain.org	FBbt_00003653	VFB_00101567	0	2	89.0
2025-02-14	v2.virtualflybrain.org	FBbt_00003657	VFB_00101567	0	2	29.0
2025-02-14	v2.virtualflybrain.org	FBbt_00003678	VFB_00101567	0	4	17.0
2025-02-14	v2.virtualflybrain.org	FBbt_00003679	VFB_00101567	0	1	45.0
2025-02-14	v2.virtualflybrain.org	FBbt_00003680	VFB_00101567	0	3	32.0
2025-02-14	v2.virtualflybrain.org	FBbt_00003681	VFB_00101567	0	5	181.0
2025-02-14	v2.virtualflybrain.org	FBbt_00003701		1	1	8.0
2025-02-14	v2.virtualflybrain.org	FBbt_00003701	VFB_00101567	0	1	79.0
2025-02-14	v2.virtualflybrain.org	FBbt_00003748	VFB_00101567	2	4	7.0
2025-02-14	v2.virtualflybrain.org	FBbt_00003789	VFB_00101567	0	1	10.0
2025-02-14	v2.virtualflybrain.org	FBbt_00004225	VFB_00101567	1	1	89.0
2025-02-14	v2.virtualflybrain.org	FBbt_00007055	VFB_00101567	0	2	19.0
2025-02-14	v2.virtualflybrain.org	FBbt_00007228	VFB_00101567	3	1	0.0
2025-02-14	v2.virtualflybrain.org	FBbt_00007385	VFB_00101567	0	2	6.0
2025-02-14	v2.virtualflybrain.org	FBbt_00007401	VFB_00101567	0	2	38.0
2025-02-14	v2.virtualflybrain.org	FBbt_00007453	VFB_00101567	0	2	17.0
2025-02-14	v2.virtualflybrain.org	FBbt_00013688	VFB_00101567	0	1	32.0
2025-02-14	v2.virtualflybrain.org	FBbt_00040037	VFB_00101567	1	3	12.0
2025-02-14	v2.virtualflybrain.org	FBbt_00040041	VFB_00101567	1	2	1.0
2025-02-14	v2.virtualflybrain.org	FBbt_00040042	VFB_00101567	0	2	154.0
2025-02-14	v2.virtualflybrain.org	FBbt_00040043	VFB_00101567	0	3	54.0
2025-02-14	v2.virtualflybrain.org	FBbt_00045027	VFB_00101567	0	2	52.0
2025-02-14	v2.virtualflybrain.org	FBbt_00045048	VFB_00101567	0	2	6.0
2025-02-14	v2.virtualflybrain.org	FBbt_00045050	VFB_00101567	0	1	8.0
2025-02-14	v2.virtualflybrain.org	FBbt_00047662	VFB_00101567	0	2	132.0
2025-02-14	v2.virtualflybrain.org	FBbt_00047887	VFB_00101567	0	2	40.0
2025-02-14	v2.virtualflybrain.org	FBbt_00048113	VFB_00101567	0	1	0.0
2025-02-14	v2.virtualflybrain.org	FBbt_00048114	VFB_00101567	0	2	16.0
2025-02-14	v2.virtualflybrain.org	FBbt_00048116	VFB_00101567	0	2	40.0
2025-02-14	v2.virtualflybrain.org	FBbt_00048118	VFB_00101567	0	2	30.0
2025-02-14	v2.virtualflybrain.org	FBbt_00048119	VFB_00101567	0	2	127.0
2025-02-14	v2.virtualflybrain.org	FBbt_00048123	VFB_00101567	0	2	84.0
2025-02-14	v2.virtualflybrain.org	FBbt_00048124	VFB_00101567	0	2	85.0
2025-02-14	v2.virtualflybrain.org	FBbt_00048238		1	1	0.0
2025-02-14	v2.virtualflybrain.org	FBbt_00048238	VFB_00101567	0	1	71.0
2025-02-14	v2.virtualflybrain.org	FBbt_00049725	VFB_00101567	0	2	52.0
2025-02-14	v2.virtualflybrain.org	FBbt_00049747		1	1	0.0
2025-02-14	v2.virtualflybrain.org	FBbt_00049747	VFB_00101567	0	3	715.0
2025-02-14	v2.virtualflybrain.org	FBbt_00052107		1	1	0.0
2025-02-14	v2.virtualflybrain.org	FBbt_00052107	VFB_00101567	0	1	17.0
2025-02-14	v2.virtualflybrain.org	FBbt_00053234	VFB_00101567	0	2	25.0
2025-02-14	v2.virtualflybrain.org	FBbt_00058205	VFB_00101567	0	1	51.0
2025-02-14	v2.virtualflybrain.org	FBbt_20000086	VFB_00101567	0	2	17.0
2025-02-14	v2.virtualflybrain.org	FBbt_20001183	VFB_00101567	8	3	5.0
2025-02-14	v2.virtualflybrain.org	FBbt_20003799	VFB_00101567	0	2	59.0
2025-02-14	v2.virtualflybrain.org	FBbt_20003801	VFB_00101567	0	1	32.0
2025-02-14	v2.virtualflybrain.org	FBbt_20003803	VFB_00101567	0	2	35.0
2025-02-14	v2.virtualflybrain.org	VFB_00021221	VFB_00101567	2	2	8.0
2025-02-14	v2.virtualflybrain.org	VFB_00023422	VFB_00101567	0	3	201.0
2025-02-14	v2.virtualflybrain.org	VFB_00023493	VFB_00101567	0	1	5.0
2025-02-14	v2.virtualflybrain.org	VFB_00024893	VFB_00101567	0	2	26.0
2025-02-14	v2.virtualflybrain.org	VFB_00050000	VFB_00050000	39	7	0.0
2025-02-14	v2.virtualflybrain.org	VFB_00100235	VFB_00050000	2	1	0.0
2025-02-14	v2.virtualflybrain.org	VFB_0010028k	VFB_00050000	2	2	0.0
2025-02-14	v2.virtualflybrain.org	VFB_00100405	VFB_00050000	0	1	0.0
2025-02-14	v2.virtualflybrain.org	VFB_00100715	VFB_00050000	7	1	0.0
2025-02-14	v2.virtualflybrain.org	VFB_001011k2	VFB_00050000	13	1	0.0
2025-02-14	v2.virtualflybrain.org	VFB_001011qt	VFB_00101567	0	3	14.0
2025-02-14	v2.virtualflybrain.org	VFB_001014r1	VFB_00101567	0	2	40.0
2025-02-14	v2.virtualflybrain.org	VFB_001014uq	VFB_00101567	0	1	2.0
2025-02-14	v2.virtualflybrain.org	VFB_00101543	VFB_00101384	1	3	13.0
2025-02-14	v2.virtualflybrain.org	VFB_00101543	VFB_00101567	0	2	1.0
2025-02-14	v2.virtualflybrain.org	VFB_00101567	VFB_00101567	64	61	542.0
2025-02-14	v2.virtualflybrain.org	VFB_00102114	VFB_00101567	3	1	4.0
2025-02-14	v2.virtualflybrain.org	VFB_00102119	VFB_00101567	1	0	0.0
2025-02-14	v2.virtualflybrain.org	VFB_00102121	VFB_00101567	4	1	0.0
2025-02-14	v2.virtualflybrain.org	VFB_00102135	VFB_00101567	0	1	0.0
2025-02-14	v2.virtualflybrain.org	VFB_00102183	VFB_00101567	4	1	0.0
2025-02-14	v2.virtualflybrain.org	VFB_00102592	VFB_00101567	0	2	97.0
2025-02-14	v2.virtualflybrain.org	VFB_00200000	VFB_00200000	1	2	0.0
2025-02-14	v2.virtualflybrain.org	VFB_fw003582	VFB_00101567	0	1	54.0
2025-02-14	v2.virtualflybrain.org	VFB_fw025524	VFB_00101567	24	1	0.0
2025-02-14	v2.virtualflybrain.org	VFB_fw030729	VFB_00101567	0	1	63.0
2025-02-14	v2.virtualflybrain.org	VFB_fw036441	VFB_00101567	0	2	106.0
2025-02-14	v2.virtualflybrain.org	VFB_fw038791	VFB_00101567	0	1	14.0
2025-02-14	v2.virtualflybrain.org	VFB_jrchjtre	VFB_00101567	0	1	0.0
2025-02-14	v2.virtualflybrain.org	VFB_jrchk7aj	VFB_00101567	1	1	4.0
2025-02-14	v2.virtualflybrain.org	VFBexp_FBtp0018	VFB_00101567	0	2	57.0
2025-02-14	v2.virtualflybrain.org	VFBexp_FBtp0057		1	1	1.0
2025-02-14	v2.virtualflybrain.org	VFBexp_FBtp0058		2	1	0.0
2025-02-14	v2.virtualflybrain.org	VFBexp_FBtp0122	VFB_00101567	0	2	1.0
2025-02-15		FBbt_00003624		9	4	0.0
2025-02-15		FBbt_00003624	VFB_00101567	16	4	0.0
2025-02-15		FBbt_00003681		3	1	2.0
2025-02-15		FBbt_00003681	VFB_00101567	3	1	0.0
2025-02-15		FBbt_00003684		2	1	0.0
2025-02-15		FBbt_00003684	VFB_00101567	2	1	0.0
2025-02-15		FBbt_00003701		1	1	0.0
2025-02-15		FBbt_00003701	VFB_00101567	1	1	0.0
2025-02-15		FBbt_00003748		4	2	0.0
2025-02-15		FBbt_00003748	VFB_00101567	4	2	0.0
2025-02-15		FBbt_00003852		3	1	0.0
2025-02-15		FBbt_00003852	VFB_00101567	3	2	0.0
2025-02-15		FBbt_00003885		3	1	0.0
2025-02-15		FBbt_00003885	VFB_00101567	3	1	0.0
2025-02-15		FBbt_00007228		14	1	0.0
2025-02-15		FBbt_00007228	VFB_00101567	14	1	0.0
2025-02-15		FBbt_00013688		4	1	0.0
2025-02-15		FBbt_00013688	VFB_00101567	5	2	0.0
2025-02-15		FBbt_00040037		1	1	0.0
2025-02-15		FBbt_00040037	VFB_00101567	1	1	0.0
2025-02-15		FBbt_00040041		4	1	0.0
2025-02-15		FBbt_00040041	VFB_00101567	4	1	0.0
2025-02-15		FBbt_00040042		3	1	0.0
2025-02-15		FBbt_00040042	VFB_00101567	3	1	0.0
2025-02-15		FBbt_00045004		2	1	0.0
2025-02-15		FBbt_00045004	VFB_00101567	2	1	0.0
2025-02-15		FBbt_00045030		1	1	0.0
2025-02-15		FBbt_00045030	VFB_00101567	1	1	0.0
2025-02-15		FBbt_00047734		3	1	14.0
2025-02-15		FBbt_00047734	VFB_00101567	3	2	0.0
2025-02-15		FBbt_00047745		1	1	0.0
2025-02-15		FBbt_00047745	VFB_00101567	1	1	0.0
2025-02-15		FBbt_00048286		4	1	0.0
2025-02-15		FBbt_00048286	VFB_00101567	4	1	0.0
2025-02-15		FBbt_00048287		1	1	0.0
2025-02-15		FBbt_00048287	VFB_00101567	1	1	0.0
2025-02-15		FBbt_00050039		1	1	0.0
2025-02-15		FBbt_00050039	VFB_00101567	1	1	0.0
2025-02-15		FBbt_00052853		2	1	5.0
2025-02-15		FBbt_00052853	VFB_00101567	3	1	0.0
2025-02-15		FBbt_00110636		2	1	0.0
2025-02-15		FBbt_00110636	VFB_00101567	2	1	0.0
2025-02-15		FBbt_00110657		1	1	0.0
2025-02-15		FBbt_00110657	VFB_00101567	1	1	0.0
2025-02-15		FBbt_00111015		2	1	0.0
2025-02-15		FBbt_00111015	VFB_00101567	2	1	0.0
2025-02-15		FBbt_20001183		16	1	0.0
2025-02-15		FBbt_20001183	VFB_00101567	16	1	0.0
2025-02-15		VFB_00020188		5	1	11.0
2025-02-15		VFB_00020188	VFB_00017894	1	1	0.0
2025-02-15		VFB_00020188	VFB_00101567	4	1	0.0
2025-02-15		VFB_00030849		2	1	2.0
2025-02-15		VFB_00030849	VFB_00017894	1	1	0.0
2025-02-15		VFB_00030849	VFB_00101567	1	1	0.0
2025-02-15		VFB_00039973		3	1	6.0
2025-02-15		VFB_00039973	VFB_00101567	3	2	0.0
2025-02-15		VFB_00050000		15	1	0.0
2025-02-15		VFB_00050000	VFB_00050000	15	1	0.0
2025-02-15		VFB_00063683		2	1	16.0
2025-02-15		VFB_00063683	VFB_00100000	1	1	0.0
2025-02-15		VFB_00063683	VFB_00101567	1	1	0.0
2025-02-15		VFB_00063964		8	2	9.0
2025-02-15		VFB_00063964	VFB_00100000	2	2	0.0
2025-02-15		VFB_00063964	VFB_00101567	6	2	0.0
2025-02-15		VFB_00064045		1	1	0.0
2025-02-15		VFB_00064045	VFB_00100000	1	1	0.0
2025-02-15		VFB_00064136		5	1	91.0
2025-02-15		VFB_00064136	VFB_00100000	2	1	0.0
2025-02-15		VFB_00064136	VFB_00101567	3	1	0.0
2025-02-15		VFB_00064144		2	1	29.0
2025-02-15		VFB_00064144	VFB_00100000	1	1	0.0
2025-02-15		VFB_00064144	VFB_00101567	1	1	0.0
2025-02-15		VFB_00064462		1	1	0.0
2025-02-15		VFB_00064462	VFB_00100000	1	1	0.0
2025-02-15		VFB_00064464		1	1	0.0
2025-02-15		VFB_00064464	VFB_00100000	1	1	0.0
2025-02-15		VFB_00064743		4	1	51.0
2025-02-15		VFB_00064743	VFB_00100000	2	1	0.0
2025-02-15		VFB_00064743	VFB_00101567	2	1	0.0
2025-02-15		VFB_00064801		2	1	13.0
2025-02-15		VFB_00064801	VFB_00100000	1	1	0.0
2025-02-15		VFB_00064801	VFB_00101567	1	1	0.0
2025-02-15		VFB_00064957		2	1	25.0
2025-02-15		VFB_00064957	VFB_00100000	1	1	0.0
2025-02-15		VFB_00064957	VFB_00101567	1	1	0.0
2025-02-15		VFB_00065345		7	1	24.0
2025-02-15		VFB_00065345	VFB_00100000	3	1	0.0
2025-02-15		VFB_00065345	VFB_00101567	4	1	0.0
2025-02-15		VFB_00065899		2	1	6.0
2025-02-15		VFB_00065899	VFB_00100000	1	1	0.0
2025-02-15		VFB_00065899	VFB_00101567	1	1	0.0
2025-02-15		VFB_00065963		2	1	21.0
2025-02-15		VFB_00065963	VFB_00100000	1	1	0.0
2025-02-15		VFB_00065963	VFB_00101567	1	1	0.0
2025-02-15		VFB_00066116		2	1	20.0
2025-02-15		VFB_00066116	VFB_00100000	1	1	0.0
2025-02-15		VFB_00066116	VFB_00101567	1	1	0.0
2025-02-15		VFB_00066320		2	1	18.0
2025-02-15		VFB_00066320	VFB_00100000	1	1	0.0
2025-02-15		VFB_00066320	VFB_00101567	1	1	0.0
2025-02-15		VFB_00066767		2	1	34.0
2025-02-15		VFB_00066767	VFB_00100000	1	1	0.0
2025-02-15		VFB_00066767	VFB_00101567	1	1	0.0
2025-02-15		VFB_00067144		2	1	26.0
2025-02-15		VFB_00067144	VFB_00100000	1	1	0.0
2025-02-15		VFB_00067144	VFB_00101567	1	1	0.0
2025-02-15		VFB_00067416		1	1	0.0
2025-02-15		VFB_00067416	VFB_00100000	1	1	0.0
2025-02-15		VFB_00067460		2	1	20.0
2025-02-15		VFB_00067460	VFB_00100000	1	1	0.0
2025-02-15		VFB_00067460	VFB_00101567	1	1	0.0
2025-02-15		VFB_00068435		2	1	19.0
2025-02-15		VFB_00068435	VFB_00100000	1	1	0.0
2025-02-15		VFB_00068435	VFB_00101567	1	1	0.0
2025-02-15		VFB_00068449		2	1	18.0
2025-02-15		VFB_00068449	VFB_00100000	1	1	0.0
2025-02-15		VFB_00068449	VFB_00101567	1	1	0.0
2025-02-15		VFB_00068535		1	1	0.0
2025-02-15		VFB_00068535	VFB_00100000	1	1	0.0
2025-02-15		VFB_00068704		3	2	19.0
2025-02-15		VFB_00068704	VFB_00100000	2	2	0.0
2025-02-15		VFB_00068704	VFB_00101567	1	1	0.0
2025-02-15		VFB_00100000		2	1	0.0
2025-02-15		VFB_00100000	VFB_00100000	2	1	0.0
2025-02-15		VFB_00100d47		2	1	12.0
2025-02-15		VFB_00100d47	VFB_00101567	1	1	0.0
2025-02-15		VFB_00100d47	VFB_00200000	1	1	0.0
2025-02-15		VFB_00100dma		2	1	23.0
2025-02-15		VFB_00100dma	VFB_00101567	1	1	0.0
2025-02-15		VFB_00100dma	VFB_00200000	1	1	0.0
2025-02-15		VFB_00100dzf		2	1	14.0
2025-02-15		VFB_00100dzf	VFB_00101567	1	1	0.0
2025-02-15		VFB_00100dzf	VFB_00200000	1	1	0.0
2025-02-15		VFB_00100e3a		2	1	27.0
2025-02-15		VFB_00100e3a	VFB_00101567	1	1	0.0
2025-02-15		VFB_00100e3a	VFB_00200000	1	1	0.0
2025-02-15		VFB_00100enz		1	1	0.0
2025-02-15		VFB_00100enz	VFB_00200000	1	1	0.0
2025-02-15		VFB_00100g56		1	1	0.0
2025-02-15		VFB_00100g56	VFB_00200000	1	1	0.0
2025-02-15		VFB_00100gw5		2	1	11.0
2025-02-15		VFB_00100gw5	VFB_00101567	1	1	0.0
2025-02-15		VFB_00100gw5	VFB_00200000	1	1	0.0
2025-02-15		VFB_00100h41		2	1	4.0
2025-02-15		VFB_00100h41	VFB_00101567	1	1	0.0
2025-02-15		VFB_00100h41	VFB_00200000	1	1	0.0
2025-02-15		VFB_00100h7x		6	1	36.0
2025-02-15		VFB_00100h7x	VFB_00100000	4	1	0.0
2025-02-15		VFB_00100h7x	VFB_00200000	1	1	0.0
2025-02-15		VFB_00101483		2	1	0.0
2025-02-15		VFB_00101483	VFB_00101567	2	1	0.0
2025-02-15		VFB_00101567		175	21	198.0
2025-02-15		VFB_00101567	VFB_00101567	167	66	0.0
2025-02-15		VFB_00102118		4	1	0.0
2025-02-15		VFB_00102118	VFB_00101567	3	1	0.0
2025-02-15		VFB_00102133		1	1	3.0
2025-02-15		VFB_00102133	VFB_00101567	1	1	0.0
2025-02-15		VFB_001022si		3	1	10.0
2025-02-15		VFB_001022si	VFB_00101567	2	1	0.0
2025-02-15		VFB_001022si	VFB_00200000	1	1	0.0
2025-02-15		VFB_00103xh9		2	1	0.0
2025-02-15		VFB_00103xh9	VFB_00101567	1	1	0.0
2025-02-15		VFB_00103xkg		2	1	0.0
2025-02-15		VFB_00103xkg	VFB_00101567	7	1	0.0
2025-02-15		VFB_fw005651		2	1	5.0
2025-02-15		VFB_fw005651	VFB_00101567	2	1	0.0
2025-02-15		VFB_fw025524		24	1	0.0
2025-02-15		VFB_fw025524	VFB_00101567	24	1	0.0
2025-02-15		VFB_fw036837		1	1	0.0
2025-02-15		VFB_fw036837	VFB_00101567	1	1	0.0
2025-02-15		VFB_fw036976		1	1	0.0
2025-02-15		VFB_fw036976	VFB_00101567	1	1	0.0
2025-02-15		VFB_fw036979		2	1	5.0
2025-02-15		VFB_fw036979	VFB_00101567	2	1	0.0
2025-02-15		VFB_fw038014	VFB_00101567	1	1	0.0
2025-02-15		VFB_fw038575		3	1	11.0
2025-02-15		VFB_fw038575	VFB_00101567	3	1	0.0
2025-02-15		VFB_fw039245		1	1	0.0
2025-02-15		VFB_fw039245	VFB_00101567	1	1	0.0
2025-02-15		VFB_fw039321		3	1	8.0
2025-02-15		VFB_fw039321	VFB_00101567	3	1	0.0
2025-02-15		VFB_fw049168		3	1	9.0
2025-02-15		VFB_fw049168	VFB_00101567	3	1	0.0
2025-02-15		VFB_fw050191		3	1	6.0
2025-02-15		VFB_fw050191	VFB_00101567	3	1	0.0
2025-02-15		VFB_fw050734		3	1	8.0
2025-02-15		VFB_fw050734	VFB_00101567	3	1	0.0
2025-02-15		VFB_fw051357		1	1	0.0
2025-02-15		VFB_fw051357	VFB_00101567	1	1	0.0
2025-02-15		VFB_fw051645		3	1	7.0
2025-02-15		VFB_fw051645	VFB_00101567	3	1	0.0
2025-02-15		VFB_fw052627		3	1	7.0
2025-02-15		VFB_fw052627	VFB_00101567	3	1	0.0
2025-02-15		VFB_fw057494		3	1	5.0
2025-02-15		VFB_fw057494	VFB_00101567	3	1	0.0
2025-02-15		VFB_fw058033		3	1	7.0
2025-02-15		VFB_fw058033	VFB_00101567	3	1	0.0
2025-02-15		VFB_fw059174		1	1	0.0
2025-02-15		VFB_fw059174	VFB_00101567	1	1	0.0
2025-02-15		VFB_fw059361		3	1	6.0
2025-02-15		VFB_fw059361	VFB_00101567	3	1	0.0
2025-02-15		VFB_fw059556		3	1	7.0
2025-02-15		VFB_fw059556	VFB_00101567	3	1	0.0
2025-02-15		VFB_fw059565		3	1	7.0
2025-02-15		VFB_fw059565	VFB_00101567	3	1	0.0
2025-02-15		VFB_fw059903		3	1	7.0
2025-02-15		VFB_fw059903	VFB_00101567	3	1	0.0
2025-02-15		VFB_fw060024		1	1	0.0
2025-02-15		VFB_fw060024	VFB_00101567	1	1	0.0
2025-02-15		VFB_fw060753		3	1	5.0
2025-02-15		VFB_fw060753	VFB_00101567	3	2	0.0
2025-02-15		VFB_fw060903		3	1	7.0
2025-02-15		VFB_fw060903	VFB_00101567	3	2	0.0
2025-02-15		VFB_fw061165		3	1	9.0
2025-02-15		VFB_fw061165	VFB_00101567	3	2	0.0
2025-02-15		VFB_fw061180		1	1	0.0
2025-02-15		VFB_fw061180	VFB_00101567	1	1	0.0
2025-02-15		VFB_fw061217		4	1	7.0
2025-02-15		VFB_fw061217	VFB_00101567	4	2	0.0
2025-02-15		VFB_fw061767		3	1	8.0
2025-02-15		VFB_fw061767	VFB_00101567	3	2	0.0
2025-02-15		VFB_fw061835		3	1	5.0
2025-02-15		VFB_fw061835	VFB_00101567	3	2	0.0
2025-02-15		VFB_fw061854		3	1	7.0
2025-02-15		VFB_fw061854	VFB_00101567	3	2	0.0
2025-02-15		VFB_fw063619		1	1	0.0
2025-02-15		VFB_fw063619	VFB_00101567	1	1	0.0
2025-02-15		VFB_fw069818		3	1	6.0
2025-02-15		VFB_fw069818	VFB_00101567	3	2	0.0
2025-02-15		VFB_fw070232		3	1	8.0
2025-02-15		VFB_fw070232	VFB_00101567	3	2	0.0
2025-02-15		VFB_fw071016		3	1	3.0
2025-02-15		VFB_fw071016	VFB_00101567	3	2	0.0
2025-02-15		VFB_fw071250		3	1	3.0
2025-02-15		VFB_fw071250	VFB_00101567	3	2	0.0
2025-02-15		VFB_fw071765		1	1	0.0
2025-02-15		VFB_fw071765	VFB_00101567	1	1	0.0
2025-02-15		VFB_fw072307		1	1	0.0
2025-02-15		VFB_fw072307	VFB_00101567	1	1	0.0
2025-02-15		VFB_fw072826		1	1	0.0
2025-02-15		VFB_fw072826	VFB_00101567	1	1	0.0
2025-02-15		VFB_fw073768		3	1	3.0
2025-02-15		VFB_fw073768	VFB_00101567	3	2	0.0
2025-02-15		VFB_fw075935		3	1	3.0
2025-02-15		VFB_fw075935	VFB_00101567	3	2	0.0
2025-02-15		VFB_fw080993		3	1	3.0
2025-02-15		VFB_fw080993	VFB_00101567	3	2	0.0
2025-02-15		VFB_fw083815		1	1	0.0
2025-02-15		VFB_fw083815	VFB_00101567	1	1	0.0
2025-02-15		VFB_fw085887		2	1	3.0
2025-02-15		VFB_fw085887	VFB_00101567	3	2	0.0
2025-02-15		VFB_fw088523		4	1	3.0
2025-02-15		VFB_fw088523	VFB_00101567	3	2	0.0
2025-02-15		VFB_fw088663		3	1	3.0
2025-02-15		VFB_fw088663	VFB_00101567	3	2	0.0
2025-02-15		VFB_fw088690		3	1	3.0
2025-02-15		VFB_fw088690	VFB_00101567	3	2	0.0
2025-02-15		VFB_fw096492		1	1	0.0
2025-02-15		VFB_fw096492	VFB_00101567	1	1	0.0
2025-02-15		VFB_fw102390		2	1	3.0
2025-02-15		VFB_fw102390	VFB_00101567	1	1	0.0
2025-02-15		VFB_fw106719		5	1	3.0
2025-02-15		VFB_fw106719	VFB_00101567	4	2	0.0
2025-02-15		VFB_fw108820		3	1	3.0
2025-02-15		VFB_fw108820	VFB_00101567	5	2	0.0
2025-02-15		VFB_fw112599		1	1	0.0
2025-02-15		VFB_fw112599	VFB_00101567	1	1	0.0
2025-02-15		VFB_fw113619		1	1	0.0
2025-02-15		VFB_fw113619	VFB_00101567	1	1	0.0
2025-02-15		VFB_fw119226		1	1	0.0
2025-02-15		VFB_fw119226	VFB_00101567	1	1	0.0
2025-02-15		VFB_fw128336		9	1	4.0
2025-02-15		VFB_fw128336	VFB_00101567	9	3	0.0
2025-02-15		VFB_fw128360		3	1	0.0
2025-02-15		VFB_fw128360	VFB_00101567	5	2	0.0
2025-02-15		VFB_jrchjrfv		3	1	3.0
2025-02-15		VFB_jrchjrfv	VFB_00101567	1	1	0.0
2025-02-15		VFB_jrchjs89		2	1	6.0
2025-02-15		VFB_jrchjs89	VFB_00101567	3	2	0.0
2025-02-15		VFB_jrchjskw		2	1	0.0
2025-02-15		VFB_jrchjskw	VFB_00101567	1	1	0.0
2025-02-15		VFB_jrchjszs		1	1	0.0
2025-02-15		VFB_jrchjszs	VFB_00101567	1	1	0.0
2025-02-15		VFB_jrchjus1		1	1	0.0
2025-02-15		VFB_jrchjus1	VFB_00101567	1	1	0.0
2025-02-15		VFB_jrchjuwj		1	1	0.0
2025-02-15		VFB_jrchjuwj	VFB_00101567	1	1	0.0
2025-02-15		VFB_jrchjuwl		3	1	2.0
2025-02-15		VFB_jrchjuwl	VFB_00101567	5	2	0.0
2025-02-15		VFB_jrchjuy8		3	1	2.0
2025-02-15		VFB_jrchjuy8	VFB_00101567	1	1	0.0
2025-02-15		VFB_jrchjvx1		2	1	0.0
2025-02-15		VFB_jrchjvx1	VFB_00101567	2	1	0.0
2025-02-15		VFB_jrchjvx2		2	1	39.0
2025-02-15		VFB_jrchjvx2	VFB_00101567	2	1	0.0
2025-02-15		VFB_jrchjvx3		2	1	0.0
2025-02-15		VFB_jrchjvx3	VFB_00101567	2	1	0.0
2025-02-15		VFB_jrchjvx4		2	1	1.0
2025-02-15		VFB_jrchjvx4	VFB_00101567	2	1	0.0
2025-02-15		VFB_jrchjvx7		2	1	1.0
2025-02-15		VFB_jrchjvx7	VFB_00101567	2	1	0.0
2025-02-15		VFB_jrchjvx8		2	1	2.0
2025-02-15		VFB_jrchjvx8	VFB_00101567	2	1	0.0
2025-02-15		VFB_jrchjvx9		2	1	1.0
2025-02-15		VFB_jrchjvx9	VFB_00101567	2	1	0.0
2025-02-15		VFB_jrchjvxa		2	1	2.0
2025-02-15		VFB_jrchjvxa	VFB_00101567	2	1	0.0
2025-02-15		VFB_jrchjvxb		2	1	0.0
2025-02-15		VFB_jrchjvxb	VFB_00101567	2	1	0.0
2025-02-15		VFB_jrchjvxc		2	1	1.0
2025-02-15		VFB_jrchjvxc	VFB_00101567	2	1	0.0
2025-02-15		VFB_jrchjvxd		2	1	0.0
2025-02-15		VFB_jrchjvxd	VFB_00101567	2	1	0.0
2025-02-15		VFB_jrchjvxe		2	1	0.0
2025-02-15		VFB_jrchjvxe	VFB_00101567	2	1	0.0
2025-02-15		VFB_jrchjvxf		2	1	0.0
2025-02-15		VFB_jrchjvxf	VFB_00101567	2	1	0.0
2025-02-15		VFB_jrchjvxk		2	1	0.0
2025-02-15		VFB_jrchjvxk	VFB_00101567	2	1	0.0
2025-02-15		VFB_jrchjvxl		2	1	0.0
2025-02-15		VFB_jrchjvxl	VFB_00101567	2	1	0.0
2025-02-15		VFB_jrchjvxm		2	1	0.0
2025-02-15		VFB_jrchjvxm	VFB_00101567	2	1	0.0
2025-02-15		VFB_jrchjvxn		2	1	0.0
2025-02-15		VFB_jrchjvxn	VFB_00101567	2	1	0.0
2025-02-15		VFB_jrchjwpz		1	1	0.0
2025-02-15		VFB_jrchjwpz	VFB_00101567	1	1	0.0
2025-02-15		VFB_jrchjxfw		1	1	0.0
2025-02-15		VFB_jrchjxfw	VFB_00101567	1	1	0.0
2025-02-15		VFB_jrchjxly		3	1	2.0
2025-02-15		VFB_jrchjxly	VFB_00101567	3	2	0.0
2025-02-15		VFB_jrchjxo0		3	1	2.0
2025-02-15		VFB_jrchjxo0	VFB_00101567	5	2	0.0
2025-02-15		VFB_jrchjy0h		4	1	2.0
2025-02-15		VFB_jrchjy0h	VFB_00101567	3	2	0.0
2025-02-15		VFB_jrchjy0l		3	1	0.0
2025-02-15		VFB_jrchjy0l	VFB_00101567	2	1	0.0
2025-02-15		VFB_jrchjy7l		3	1	2.0
2025-02-15		VFB_jrchjy7l	VFB_00101567	3	2	0.0
2025-02-15		VFB_jrchjzo4		3	1	2.0
2025-02-15		VFB_jrchjzo4	VFB_00101567	3	2	0.0
2025-02-15		VFB_jrchjzsl		5	1	2.0
2025-02-15		VFB_jrchjzsl	VFB_00101567	5	2	0.0
2025-02-15		VFB_jrchk02f		3	1	1.0
2025-02-15		VFB_jrchk02f	VFB_00101567	3	2	0.0
2025-02-15		VFB_jrchk08i		3	1	2.0
2025-02-15		VFB_jrchk08i	VFB_00101567	3	2	0.0
2025-02-15		VFB_jrchk32k		1	1	0.0
2025-02-15		VFB_jrchk32k	VFB_00101567	1	1	0.0
2025-02-15		VFB_jrchk3se		4	1	2.0
2025-02-15		VFB_jrchk3se	VFB_00101567	4	2	0.0
2025-02-15		VFB_jrchk3t9		3	1	4.0
2025-02-15		VFB_jrchk3t9	VFB_00101567	3	2	0.0
2025-02-15		VFB_jrchk3ta		3	1	2.0
2025-02-15		VFB_jrchk3ta	VFB_00101567	3	2	0.0
2025-02-15		VFB_jrchk3tc		3	1	1.0
2025-02-15		VFB_jrchk3tc	VFB_00101567	3	2	0.0
2025-02-15		VFB_jrchk3wy		2	1	2.0
2025-02-15		VFB_jrchk3wy	VFB_00101567	3	2	0.0
2025-02-15		VFB_jrchk3zk		3	1	1.0
2025-02-15		VFB_jrchk3zk	VFB_00101567	3	2	0.0
2025-02-15		VFB_jrchk3zv		5	1	0.0
2025-02-15		VFB_jrchk3zv	VFB_00101567	4	2	0.0
2025-02-15		VFB_jrchk410		3	1	1.0
2025-02-15		VFB_jrchk410	VFB_00101567	3	2	0.0
2025-02-15		VFB_jrchk411		3	1	1.0
2025-02-15		VFB_jrchk411	VFB_00101567	3	2	0.0
2025-02-15		VFB_jrchk42i		3	1	1.0
2025-02-15		VFB_jrchk42i	VFB_00101567	3	2	0.0
2025-02-15		VFB_jrchk43g		3	1	1.0
2025-02-15		VFB_jrchk43g	VFB_00101567	3	2	0.0
2025-02-15		VFB_jrchk44s		3	1	1.0
2025-02-15		VFB_jrchk44s	VFB_00101567	4	2	0.0
2025-02-15		VFB_jrchk450		3	1	3.0
2025-02-15		VFB_jrchk450	VFB_00101567	3	2	0.0
2025-02-15		VFB_jrchk49z		2	1	0.0
2025-02-15		VFB_jrchk49z	VFB_00101567	1	1	0.0
2025-02-15		VFB_jrchk4ci		1	1	0.0
2025-02-15		VFB_jrchk4ci	VFB_00101567	1	1	0.0
2025-02-15		VFB_jrchk4gb		1	1	0.0
2025-02-15		VFB_jrchk4gb	VFB_00101567	1	1	0.0
2025-02-15		VFB_jrchk4le		1	1	0.0
2025-02-15		VFB_jrchk4le	VFB_00101567	1	1	0.0
2025-02-15		VFB_jrchk583		5	1	0.0
2025-02-15		VFB_jrchk583	VFB_00101567	5	2	0.0
2025-02-15		VFB_jrchk58e		3	1	0.0
2025-02-15		VFB_jrchk58e	VFB_00101567	3	2	0.0
2025-02-15		VFB_jrchk5qp		6	1	1.0
2025-02-15		VFB_jrchk5qp	VFB_00101567	6	2	0.0
2025-02-15		VFB_jrchk5x0		6	1	0.0
2025-02-15		VFB_jrchk5x0	VFB_00101567	6	2	0.0
2025-02-15		VFB_jrchk7g6		6	1	1.0
2025-02-15		VFB_jrchk7g6	VFB_00101567	6	2	0.0
2025-02-15		VFB_jrchk7jx		2	1	1.0
2025-02-15		VFB_jrchk7jx	VFB_00101567	2	1	0.0
2025-02-15		VFBexp_FBtp0057		1	1	0.0
2025-02-15		VFBexp_FBtp0057	VFB_00101567	1	1	0.0
2025-02-15		VFBexp_FBtp0064		2	1	28.0
2025-02-15		VFBexp_FBtp0064	VFB_00100000	3	1	0.0
2025-02-15		VFBexp_FBtp0099		2	1	0.0
2025-02-15		VFBexp_FBtp0099	VFB_00101567	2	1	0.0
2025-02-15		VFBexp_FBtp0124		3	2	0.0
2025-02-15		VFBexp_FBtp0124	VFB_00101567	3	2	0.0
2025-02-15	v2.virtualflybrain.org	FBbt_00003624	VFB_00101567	3	4	24.0
2025-02-15	v2.virtualflybrain.org	FBbt_00003681	VFB_00101567	0	2	16.0
2025-02-15	v2.virtualflybrain.org	FBbt_00003684	VFB_00101567	0	1	13.0
2025-02-15	v2.virtualflybrain.org	FBbt_00003701	VFB_00101567	0	1	74.0
2025-02-15	v2.virtualflybrain.org	FBbt_00003748	VFB_00101567	1	2	163.0
2025-02-15	v2.virtualflybrain.org	FBbt_00003852	VFB_00101567	0	2	49.0
2025-02-15	v2.virtualflybrain.org	FBbt_00003885	VFB_00101567	0	1	21.0
2025-02-15	v2.virtualflybrain.org	FBbt_00007228	VFB_00101567	14	1	0.0
2025-02-15	v2.virtualflybrain.org	FBbt_00013688	VFB_00101567	1	3	52.0
2025-02-15	v2.virtualflybrain.org	FBbt_00040037	VFB_00101567	1	1	0.0
2025-02-15	v2.virtualflybrain.org	FBbt_00040041	VFB_00101567	0	2	21.0
2025-02-15	v2.virtualflybrain.org	FBbt_00040042	VFB_00101567	0	1	18.0
2025-02-15	v2.virtualflybrain.org	FBbt_00045004	VFB_00101567	1	2	212.0
2025-02-15	v2.virtualflybrain.org	FBbt_00045030	VFB_00101567	0	1	1.0
2025-02-15	v2.virtualflybrain.org	FBbt_00047734	VFB_00101567	1	2	20.0
2025-02-15	v2.virtualflybrain.org	FBbt_00047745	VFB_00101567	0	1	14.0
2025-02-15	v2.virtualflybrain.org	FBbt_00048286	VFB_00101567	0	1	46.0
2025-02-15	v2.virtualflybrain.org	FBbt_00048287	VFB_00101567	0	1	37.0
2025-02-15	v2.virtualflybrain.org	FBbt_00049138		1	1	0.0
2025-02-15	v2.virtualflybrain.org	FBbt_00050039		1	1	1.0
2025-02-15	v2.virtualflybrain.org	FBbt_00051426		1	1	0.0
2025-02-15	v2.virtualflybrain.org	FBbt_00052853	VFB_00101567	0	1	0.0
2025-02-15	v2.virtualflybrain.org	FBbt_00110636	VFB_00101567	0	1	13.0
2025-02-15	v2.virtualflybrain.org	FBbt_00110657	VFB_00101567	0	1	39.0
2025-02-15	v2.virtualflybrain.org	FBbt_00111015	VFB_00101567	0	2	26.0
2025-02-15	v2.virtualflybrain.org	FBbt_20001183	VFB_00101567	16	1	0.0
2025-02-15	v2.virtualflybrain.org	VFB_00020188	VFB_00017894	1	3	21.0
2025-02-15	v2.virtualflybrain.org	VFB_00020188	VFB_00101567	0	2	3.0
2025-02-15	v2.virtualflybrain.org	VFB_00030849	VFB_00017894	1	3	613.0
2025-02-15	v2.virtualflybrain.org	VFB_00030849	VFB_00101567	0	2	72.0
2025-02-15	v2.virtualflybrain.org	VFB_00039973	VFB_00101567	0	1	0.0
2025-02-15	v2.virtualflybrain.org	VFB_00050000	VFB_00050000	15	2	0.0
2025-02-15	v2.virtualflybrain.org	VFB_00063683	VFB_00100000	1	3	65.0
2025-02-15	v2.virtualflybrain.org	VFB_00063683	VFB_00101567	0	1	13.0
2025-02-15	v2.virtualflybrain.org	VFB_00063964	VFB_00100000	3	5	267.0
2025-02-15	v2.virtualflybrain.org	VFB_00063964	VFB_00101567	0	4	209.0
2025-02-15	v2.virtualflybrain.org	VFB_00064045	VFB_00100000	0	1	118.0
2025-02-15	v2.virtualflybrain.org	VFB_00064136	VFB_00100000	3	3	394.0
2025-02-15	v2.virtualflybrain.org	VFB_00064136	VFB_00101567	0	1	28.0
2025-02-15	v2.virtualflybrain.org	VFB_00064144	VFB_00100000	1	3	58.0
2025-02-15	v2.virtualflybrain.org	VFB_00064144	VFB_00101567	0	1	25.0
2025-02-15	v2.virtualflybrain.org	VFB_00064462	VFB_00100000	0	1	84.0
2025-02-15	v2.virtualflybrain.org	VFB_00064464	VFB_00100000	0	1	22.0
2025-02-15	v2.virtualflybrain.org	VFB_00064743	VFB_00100000	2	3	128.0
2025-02-15	v2.virtualflybrain.org	VFB_00064743	VFB_00101567	0	1	82.0
2025-02-15	v2.virtualflybrain.org	VFB_00064801	VFB_00100000	1	3	54.0
2025-02-15	v2.virtualflybrain.org	VFB_00064801	VFB_00101567	0	1	8.0
2025-02-15	v2.virtualflybrain.org	VFB_00064957	VFB_00100000	1	3	129.0
2025-02-15	v2.virtualflybrain.org	VFB_00064957	VFB_00101567	0	1	12.0
2025-02-15	v2.virtualflybrain.org	VFB_00065345	VFB_00100000	3	4	26.0
2025-02-15	v2.virtualflybrain.org	VFB_00065345	VFB_00101567	3	2	8.0
2025-02-15	v2.virtualflybrain.org	VFB_00065899	VFB_00100000	1	3	48.0
2025-02-15	v2.virtualflybrain.org	VFB_00065899	VFB_00101567	0	1	21.0
2025-02-15	v2.virtualflybrain.org	VFB_00065963	VFB_00100000	1	3	211.0
2025-02-15	v2.virtualflybrain.org	VFB_00065963	VFB_00101567	0	1	21.0
2025-02-15	v2.virtualflybrain.org	VFB_00066116	VFB_00100000	1	3	613.0
2025-02-15	v2.virtualflybrain.org	VFB_00066116	VFB_00101567	0	1	59.0
2025-02-15	v2.virtualflybrain.org	VFB_00066320	VFB_00100000	1	3	58.0
2025-02-15	v2.virtualflybrain.org	VFB_00066320	VFB_00101567	0	1	10.0
2025-02-15	v2.virtualflybrain.org	VFB_00066767	VFB_00100000	1	3	48.0
2025-02-15	v2.virtualflybrain.org	VFB_00066767	VFB_00101567	0	1	11.0
2025-02-15	v2.virtualflybrain.org	VFB_00067144	VFB_00100000	1	3	38.0
2025-02-15	v2.virtualflybrain.org	VFB_00067144	VFB_00101567	0	1	13.0
2025-02-15	v2.virtualflybrain.org	VFB_00067416	VFB_00100000	0	1	10.0
2025-02-15	v2.virtualflybrain.org	VFB_00067460	VFB_00100000	1	3	44.0
2025-02-15	v2.virtualflybrain.org	VFB_00067460	VFB_00101567	0	1	14.0
2025-02-15	v2.virtualflybrain.org	VFB_00068435	VFB_00100000	1	3	35.0
2025-02-15	v2.virtualflybrain.org	VFB_00068435	VFB_00101567	0	1	33.0
2025-02-15	v2.virtualflybrain.org	VFB_00068449	VFB_00100000	1	3	70.0
2025-02-15	v2.virtualflybrain.org	VFB_00068449	VFB_00101567	0	1	12.0
2025-02-15	v2.virtualflybrain.org	VFB_00068535	VFB_00100000	0	1	83.0
2025-02-15	v2.virtualflybrain.org	VFB_00068704	VFB_00100000	1	5	234.0
2025-02-15	v2.virtualflybrain.org	VFB_00068704	VFB_00101567	0	2	67.0
2025-02-15	v2.virtualflybrain.org	VFB_00100000	VFB_00100000	2	1	0.0
2025-02-15	v2.virtualflybrain.org	VFB_00100d47	VFB_00101567	0	1	14.0
2025-02-15	v2.virtualflybrain.org	VFB_00100d47	VFB_00200000	1	3	61.0
2025-02-15	v2.virtualflybrain.org	VFB_00100dma	VFB_00101567	0	1	32.0
2025-02-15	v2.virtualflybrain.org	VFB_00100dma	VFB_00200000	1	3	52.0
2025-02-15	v2.virtualflybrain.org	VFB_00100dzf	VFB_00101567	0	1	12.0
2025-02-15	v2.virtualflybrain.org	VFB_00100dzf	VFB_00200000	1	3	90.0
2025-02-15	v2.virtualflybrain.org	VFB_00100e3a	VFB_00101567	0	1	21.0
2025-02-15	v2.virtualflybrain.org	VFB_00100e3a	VFB_00200000	1	3	48.0
2025-02-15	v2.virtualflybrain.org	VFB_00100enz	VFB_00200000	0	2	143.0
2025-02-15	v2.virtualflybrain.org	VFB_00100g56	VFB_00200000	0	1	136.0
2025-02-15	v2.virtualflybrain.org	VFB_00100gw5	VFB_00101567	0	1	17.0
2025-02-15	v2.virtualflybrain.org	VFB_00100gw5	VFB_00200000	1	3	164.0
2025-02-15	v2.virtualflybrain.org	VFB_00100h41	VFB_00101567	0	1	23.0
2025-02-15	v2.virtualflybrain.org	VFB_00100h41	VFB_00200000	1	3	35.0
2025-02-15	v2.virtualflybrain.org	VFB_00100h7x	VFB_00100000	0	3	240.0
2025-02-15	v2.virtualflybrain.org	VFB_00100h7x	VFB_00200000	1	2	1.0
2025-02-15	v2.virtualflybrain.org	VFB_00101483	VFB_00101567	0	2	611.0
2025-02-15	v2.virtualflybrain.org	VFB_00101567	VFB_00101567	49	103	1323.0
2025-02-15	v2.virtualflybrain.org	VFB_00102118	VFB_00101567	0	1	253.0
2025-02-15	v2.virtualflybrain.org	VFB_00102121	VFB_00101567	1	0	0.0
2025-02-15	v2.virtualflybrain.org	VFB_00102133	VFB_00101567	3	2	3.0
2025-02-15	v2.virtualflybrain.org	VFB_001022si	VFB_00101567	2	2	20.0
2025-02-15	v2.virtualflybrain.org	VFB_001022si	VFB_00200000	2	3	1.0
2025-02-15	v2.virtualflybrain.org	VFB_00103xh9	VFB_00101567	0	1	107.0
2025-02-15	v2.virtualflybrain.org	VFB_00200000	VFB_00200000	0	1	23.0
2025-02-15	v2.virtualflybrain.org	VFB_fw005651		1	1	1.0
2025-02-15	v2.virtualflybrain.org	VFB_fw005651	VFB_00101567	0	1	17.0
2025-02-15	v2.virtualflybrain.org	VFB_fw025524	VFB_00101567	24	1	0.0
2025-02-15	v2.virtualflybrain.org	VFB_fw036823	VFB_00101567	0	1	1.0
2025-02-15	v2.virtualflybrain.org	VFB_fw036837	VFB_00101567	0	1	77.0
2025-02-15	v2.virtualflybrain.org	VFB_fw036979		1	1	4.0
2025-02-15	v2.virtualflybrain.org	VFB_fw036979	VFB_00101567	0	1	4.0
2025-02-15	v2.virtualflybrain.org	VFB_fw038575	VFB_00101567	0	1	9.0
2025-02-15	v2.virtualflybrain.org	VFB_fw039245	VFB_00101567	0	1	5.0
2025-02-15	v2.virtualflybrain.org	VFB_fw050734	VFB_00101567	0	1	8.0
2025-02-15	v2.virtualflybrain.org	VFB_fw051357	VFB_00101567	0	1	15.0
2025-02-15	v2.virtualflybrain.org	VFB_fw058033	VFB_00101567	0	1	7.0
2025-02-15	v2.virtualflybrain.org	VFB_fw059174	VFB_00101567	0	1	8.0
2025-02-15	v2.virtualflybrain.org	VFB_fw059903	VFB_00101567	0	1	7.0
2025-02-15	v2.virtualflybrain.org	VFB_fw060024	VFB_00101567	0	1	9.0
2025-02-15	v2.virtualflybrain.org	VFB_fw061165	VFB_00101567	0	1	4.0
2025-02-15	v2.virtualflybrain.org	VFB_fw061180	VFB_00101567	0	1	9.0
2025-02-15	v2.virtualflybrain.org	VFB_fw061217	VFB_00101567	0	1	13.0
2025-02-15	v2.virtualflybrain.org	VFB_fw061854	VFB_00101567	0	1	4.0
2025-02-15	v2.virtualflybrain.org	VFB_fw063619	VFB_00101567	0	1	14.0
2025-02-15	v2.virtualflybrain.org	VFB_fw071250	VFB_00101567	0	1	4.0
2025-02-15	v2.virtualflybrain.org	VFB_fw071765	VFB_00101567	0	1	5.0
2025-02-15	v2.virtualflybrain.org	VFB_fw072307	VFB_00101567	0	1	3.0
2025-02-15	v2.virtualflybrain.org	VFB_fw072826	VFB_00101567	0	1	9.0
2025-02-15	v2.virtualflybrain.org	VFB_fw080993	VFB_00101567	0	1	3.0
2025-02-15	v2.virtualflybrain.org	VFB_fw083815	VFB_00101567	0	1	7.0
2025-02-15	v2.virtualflybrain.org	VFB_fw085887	VFB_00101567	0	1	0.0
2025-02-15	v2.virtualflybrain.org	VFB_fw088690	VFB_00101567	0	1	3.0
2025-02-15	v2.virtualflybrain.org	VFB_fw096492	VFB_00101567	0	1	7.0
2025-02-15	v2.virtualflybrain.org	VFB_fw102390	VFB_00101567	0	1	0.0
2025-02-15	v2.virtualflybrain.org	VFB_fw108820	VFB_00101567	0	1	3.0
2025-02-15	v2.virtualflybrain.org	VFB_fw112599	VFB_00101567	0	1	5.0
2025-02-15	v2.virtualflybrain.org	VFB_fw113619	VFB_00101567	0	1	0.0
2025-02-15	v2.virtualflybrain.org	VFB_fw119226	VFB_00101567	0	1	3.0
2025-02-15	v2.virtualflybrain.org	VFB_fw128336	VFB_00101567	0	3	20.0
2025-02-15	v2.virtualflybrain.org	VFB_fw128360	VFB_00101567	0	1	0.0
2025-02-15	v2.virtualflybrain.org	VFB_jrchjrfv	VFB_00101567	0	1	0.0
2025-02-15	v2.virtualflybrain.org	VFB_jrchjs89	VFB_00101567	0	1	2.0
2025-02-15	v2.virtualflybrain.org	VFB_jrchjskw	VFB_00101567	0	1	3.0
2025-02-15	v2.virtualflybrain.org	VFB_jrchjszs	VFB_00101567	0	1	4.0
2025-02-15	v2.virtualflybrain.org	VFB_jrchjus1	VFB_00101567	0	1	2.0
2025-02-15	v2.virtualflybrain.org	VFB_jrchjuwj	VFB_00101567	0	1	3.0
2025-02-15	v2.virtualflybrain.org	VFB_jrchjuy8	VFB_00101567	0	1	4.0
2025-02-15	v2.virtualflybrain.org	VFB_jrchjvx2	VFB_00101567	0	1	3.0
2025-02-15	v2.virtualflybrain.org	VFB_jrchjvx7	VFB_00101567	0	1	16.0
2025-02-15	v2.virtualflybrain.org	VFB_jrchjvx8	VFB_00101567	0	1	0.0
2025-02-15	v2.virtualflybrain.org	VFB_jrchjvx9	VFB_00101567	0	1	10.0
2025-02-15	v2.virtualflybrain.org	VFB_jrchjvxa	VFB_00101567	0	1	5.0
2025-02-15	v2.virtualflybrain.org	VFB_jrchjvxb	VFB_00101567	0	1	1.0
2025-02-15	v2.virtualflybrain.org	VFB_jrchjvxc	VFB_00101567	0	1	8.0
2025-02-15	v2.virtualflybrain.org	VFB_jrchjvxd	VFB_00101567	0	1	2.0
2025-02-15	v2.virtualflybrain.org	VFB_jrchjvxe	VFB_00101567	0	1	8.0
2025-02-15	v2.virtualflybrain.org	VFB_jrchjvxf	VFB_00101567	0	1	0.0
2025-02-15	v2.virtualflybrain.org	VFB_jrchjvxk	VFB_00101567	0	1	1.0
2025-02-15	v2.virtualflybrain.org	VFB_jrchjvxl	VFB_00101567	0	1	10.0
2025-02-15	v2.virtualflybrain.org	VFB_jrchjvxm	VFB_00101567	0	1	2.0
2025-02-15	v2.virtualflybrain.org	VFB_jrchjvxn	VFB_00101567	0	1	299.0
2025-02-15	v2.virtualflybrain.org	VFB_jrchjwpz	VFB_00101567	0	1	6.0
2025-02-15	v2.virtualflybrain.org	VFB_jrchjxfw	VFB_00101567	0	1	2.0
2025-02-15	v2.virtualflybrain.org	VFB_jrchjxly	VFB_00101567	0	1	0.0
2025-02-15	v2.virtualflybrain.org	VFB_jrchjy0h	VFB_00101567	0	1	2.0
2025-02-15	v2.virtualflybrain.org	VFB_jrchjy0l	VFB_00101567	0	2	0.0
2025-02-15	v2.virtualflybrain.org	VFB_jrchjzo4	VFB_00101567	0	1	0.0
2025-02-15	v2.virtualflybrain.org	VFB_jrchjzsl	VFB_00101567	0	2	0.0
2025-02-15	v2.virtualflybrain.org	VFB_jrchk32k	VFB_00101567	0	1	14.0
2025-02-15	v2.virtualflybrain.org	VFB_jrchk3se	VFB_00101567	0	2	0.0
2025-02-15	v2.virtualflybrain.org	VFB_jrchk3ta	VFB_00101567	0	1	0.0
2025-02-15	v2.virtualflybrain.org	VFB_jrchk3tc	VFB_00101567	0	1	0.0
2025-02-15	v2.virtualflybrain.org	VFB_jrchk3wy	VFB_00101567	0	1	1.0
2025-02-15	v2.virtualflybrain.org	VFB_jrchk3zk	VFB_00101567	0	1	0.0
2025-02-15	v2.virtualflybrain.org	VFB_jrchk3zv	VFB_00101567	0	2	0.0
2025-02-15	v2.virtualflybrain.org	VFB_jrchk410	VFB_00101567	0	1	0.0
2025-02-15	v2.virtualflybrain.org	VFB_jrchk44s	VFB_00101567	0	1	0.0
2025-02-15	v2.virtualflybrain.org	VFB_jrchk450	VFB_00101567	0	1	1.0
2025-02-15	v2.virtualflybrain.org	VFB_jrchk49z	VFB_00101567	0	1	1.0
2025-02-15	v2.virtualflybrain.org	VFB_jrchk4ci	VFB_00101567	0	1	1.0
2025-02-15	v2.virtualflybrain.org	VFB_jrchk4gb	VFB_00101567	0	1	1.0
2025-02-15	v2.virtualflybrain.org	VFB_jrchk4le	VFB_00101567	0	1	1.0
2025-02-15	v2.virtualflybrain.org	VFB_jrchk583	VFB_00101567	0	2	1.0
2025-02-15	v2.virtualflybrain.org	VFB_jrchk58e	VFB_00101567	0	2	1.0
2025-02-15	v2.virtualflybrain.org	VFB_jrchk5qp	VFB_00101567	0	1	0.0
2025-02-15	v2.virtualflybrain.org	VFB_jrchk5x0	VFB_00101567	0	2	1.0
2025-02-15	v2.virtualflybrain.org	VFB_jrchk7g6	VFB_00101567	0	2	57.0
2025-02-15	v2.virtualflybrain.org	VFB_jrchk7jx	VFB_00101567	0	1	43.0
2025-02-15	v2.virtualflybrain.org	VFBexp_FBtp0057		1	1	0.0
2025-02-15	v2.virtualflybrain.org	VFBexp_FBtp0057	VFB_00101567	0	1	21.0
2025-02-15	v2.virtualflybrain.org	VFBexp_FBtp0064	VFB_00100000	0	1	0.0
2025-02-15	v2.virtualflybrain.org	VFBexp_FBtp0099		1	1	0.0
2025-02-15	v2.virtualflybrain.org	VFBexp_FBtp0099	VFB_00101567	0	1	30.0
2025-02-15	v2.virtualflybrain.org	VFBexp_FBtp0124		2	2	0.0
2025-02-15	v2.virtualflybrain.org	VFBexp_FBtp0124	VFB_00101567	1	2	24.0
2025-02-16		FBbt_00001446		5	1	4.0
2025-02-16		FBbt_00001446	VFB_00050000	5	1	0.0
2025-02-16		FBbt_00001727		1	1	0.0
2025-02-16		FBbt_00001727	VFB_00050000	1	1	0.0
2025-02-16		FBbt_00001911		2	1	49.0
2025-02-16		FBbt_00001911	VFB_00050000	3	1	0.0
2025-02-16		FBbt_00001919		1	1	9.0
2025-02-16		FBbt_00001919	VFB_00050000	1	1	0.0
2025-02-16		FBbt_00003624		5	3	0.0
2025-02-16		FBbt_00003624	VFB_00101567	5	5	0.0
2025-02-16		FBbt_00003678		1	1	0.0
2025-02-16		FBbt_00003678	VFB_00101567	1	1	0.0
2025-02-16		FBbt_00003679		5	2	0.0
2025-02-16		FBbt_00003679	VFB_00101567	2	1	0.0
2025-02-16		FBbt_00003681		2	2	0.0
2025-02-16		FBbt_00003681	VFB_00101567	2	2	0.0
2025-02-16		FBbt_00003701		1	1	0.0
2025-02-16		FBbt_00003701	VFB_00101567	1	1	0.0
2025-02-16		FBbt_00003743		1	1	0.0
2025-02-16		FBbt_00003743	VFB_00101567	1	1	0.0
2025-02-16		FBbt_00003748		18	6	0.0
2025-02-16		FBbt_00003748	VFB_00101567	19	9	0.0
2025-02-16		FBbt_00003881		3	1	0.0
2025-02-16		FBbt_00003881	VFB_00101567	3	1	0.0
2025-02-16		FBbt_00003885		4	1	0.0
2025-02-16		FBbt_00003885	VFB_00101567	4	2	0.0
2025-02-16		FBbt_00003982		1	1	0.0
2025-02-16		FBbt_00003982	VFB_00101567	2	1	0.0
2025-02-16		FBbt_00004072		1	1	0.0
2025-02-16		FBbt_00004072	VFB_00200000	1	1	0.0
2025-02-16		FBbt_00007228		24	1	0.0
2025-02-16		FBbt_00007228	VFB_00101567	24	1	0.0
2025-02-16		FBbt_00007427		2	1	0.0
2025-02-16		FBbt_00007427	VFB_00101567	2	1	0.0
2025-02-16		FBbt_00007692		2	1	7.0
2025-02-16		FBbt_00007692	VFB_00101567	2	1	0.0
2025-02-16		FBbt_00013695		1	1	0.0
2025-02-16		FBbt_00013695	VFB_00101567	2	1	0.0
2025-02-16		FBbt_00014013		3	1	0.0
2025-02-16		FBbt_00014013	VFB_00101567	3	2	0.0
2025-02-16		FBbt_00040041		4	3	0.0
2025-02-16		FBbt_00040041	VFB_00101567	4	3	0.0
2025-02-16		FBbt_00040042		1	1	0.0
2025-02-16		FBbt_00040042	VFB_00101567	1	1	0.0
2025-02-16		FBbt_00040043		2	1	0.0
2025-02-16		FBbt_00040043	VFB_00101567	2	2	0.0
2025-02-16		FBbt_00040049		1	1	0.0
2025-02-16		FBbt_00040049	VFB_00101567	1	1	0.0
2025-02-16		FBbt_00045032		1	1	1.0
2025-02-16		FBbt_00045032	VFB_00101567	1	1	0.0
2025-02-16		FBbt_00045048		1	1	0.0
2025-02-16		FBbt_00045048	VFB_00101567	1	1	0.0
2025-02-16		FBbt_00045050		1	1	0.0
2025-02-16		FBbt_00045050	VFB_00101567	1	1	0.0
2025-02-16		FBbt_00047735		1	1	0.0
2025-02-16		FBbt_00047735	VFB_00101567	1	1	0.0
2025-02-16		FBbt_00047887		3	2	0.0
2025-02-16		FBbt_00047887	VFB_00101567	3	2	0.0
2025-02-16		FBbt_00048106		1	1	0.0
2025-02-16		FBbt_00048106	VFB_00200000	1	1	0.0
2025-02-16		FBbt_00048279		2	1	0.0
2025-02-16		FBbt_00048279	VFB_00200000	2	2	0.0
2025-02-16		FBbt_00048301		3	1	2.0
2025-02-16		FBbt_00048301	VFB_00200000	1	1	0.0
2025-02-16		FBbt_00048922		2	1	0.0
2025-02-16		FBbt_00048922	VFB_00200000	7	2	0.0
2025-02-16		FBbt_00049540		5	1	27.0
2025-02-16		FBbt_00049540	VFB_00200000	12	3	0.0
2025-02-16		FBbt_00052853		1	1	0.0
2025-02-16		FBbt_00052853	VFB_00101567	1	1	0.0
2025-02-16		FBbt_00059073		1	1	0.0
2025-02-16		FBbt_00059073	VFB_00200000	1	1	0.0
2025-02-16		FBbt_00110639		2	1	0.0
2025-02-16		FBbt_00110639	VFB_00101567	2	1	0.0
2025-02-16		FBbt_00110932		1	1	0.0
2025-02-16		FBbt_00110932	VFB_00101567	1	1	0.0
2025-02-16		FBbt_10000000		2	1	51.0
2025-02-16		FBbt_10000000	VFB_00101567	2	1	0.0
2025-02-16		FBbt_20001183		7	1	0.0
2025-02-16		FBbt_20001183	VFB_00101567	7	1	0.0
2025-02-16		FBbt_20007804		3	1	2.0
2025-02-16		FBbt_20007804	VFB_00200000	8	2	0.0
2025-02-16		FBbt_20011244		1	1	0.0
2025-02-16		FBbt_20011244	VFB_00200000	1	1	0.0
2025-02-16		FBbt_20011252		1	1	0.0
2025-02-16		FBbt_20011252	VFB_00200000	1	1	0.0
2025-02-16		FBbt_20011324		1	1	0.0
2025-02-16		FBbt_20011324	VFB_00200000	1	1	0.0
2025-02-16		FBbt_20011349		2	1	0.0
2025-02-16		FBbt_20011349	VFB_00101567	2	2	0.0
2025-02-16		VFB_00014647		1	1	0.0
2025-02-16		VFB_00014647	VFB_00101567	1	1	0.0
2025-02-16		VFB_00014713		17	1	57.0
2025-02-16		VFB_00014713	VFB_00101567	20	1	0.0
2025-02-16		VFB_00016141		1	1	0.0
2025-02-16		VFB_00016141	VFB_00101567	1	1	0.0
2025-02-16		VFB_00016207		3	1	1.0
2025-02-16		VFB_00016207	VFB_00101567	3	1	0.0
2025-02-16		VFB_00016219		2	1	1.0
2025-02-16		VFB_00016219	VFB_00101567	1	1	0.0
2025-02-16		VFB_00016226		2	1	0.0
2025-02-16		VFB_00016226	VFB_00101567	2	2	0.0
2025-02-16		VFB_00030608		1	1	0.0
2025-02-16		VFB_00030608	VFB_00017894	1	1	0.0
2025-02-16		VFB_00030612		2	1	0.0
2025-02-16		VFB_00030612	VFB_00101567	2	2	0.0
2025-02-16		VFB_00030828		3	1	3.0
2025-02-16		VFB_00030828	VFB_00101567	3	1	0.0
2025-02-16		VFB_00041975		14	1	160.0
2025-02-16		VFB_00041975	VFB_00101567	10	4	0.0
2025-02-16		VFB_00048562		2	1	42.0
2025-02-16		VFB_00048562	VFB_00101567	2	1	0.0
2025-02-16		VFB_00050000		13	1	63.0
2025-02-16		VFB_00050000	VFB_00050000	25	11	0.0
2025-02-16		VFB_001000kc		3	1	0.0
2025-02-16		VFB_001000kc	VFB_00101567	3	2	0.0
2025-02-16		VFB_00100405		17	1	0.0
2025-02-16		VFB_00100405	VFB_00050000	17	1	0.0
2025-02-16		VFB_001011fp		3	1	0.0
2025-02-16		VFB_001011fp	VFB_00050000	3	1	0.0
2025-02-16		VFB_001011k2		4	1	0.0
2025-02-16		VFB_001011k2	VFB_00050000	4	1	0.0
2025-02-16		VFB_00101384		3	1	1.0
2025-02-16		VFB_00101384	VFB_00101384	4	2	54.0
2025-02-16		VFB_00101567		143	25	307.0
2025-02-16		VFB_00101567	VFB_00101567	172	47	7.0
2025-02-16		VFB_001016cn		6	1	7.0
2025-02-16		VFB_001016cn	VFB_00101567	6	2	0.0
2025-02-16		VFB_00102107		5	1	1.0
2025-02-16		VFB_00102107	VFB_00101567	5	1	0.0
2025-02-16		VFB_00102140		2	1	2.0
2025-02-16		VFB_00102140	VFB_00101567	2	1	0.0
2025-02-16		VFB_00102148		1	1	4.0
2025-02-16		VFB_00102148	VFB_00101567	1	1	0.0
2025-02-16		VFB_00102212		1	1	27.0
2025-02-16		VFB_00102212	VFB_00101567	1	1	0.0
2025-02-16		VFB_00102271		4	1	0.0
2025-02-16		VFB_00102271	VFB_00101567	3	1	0.0
2025-02-16		VFB_00102276		7	2	0.0
2025-02-16		VFB_00102276	VFB_00101567	7	4	0.0
2025-02-16		VFB_00102280		1	1	29.0
2025-02-16		VFB_00102280	VFB_00101567	1	1	0.0
2025-02-16		VFB_0010299w		4	1	3.0
2025-02-16		VFB_0010299w	VFB_00101567	2	1	0.0
2025-02-16		VFB_0010299w	VFB_00200000	2	1	0.0
2025-02-16		VFB_00102elg		40	1	75.0
2025-02-16		VFB_00102elg	VFB_00050000	27	2	0.0
2025-02-16		VFB_00102elg	VFB_00101567	8	1	0.0
2025-02-16		VFB_00102flv		7	1	1.0
2025-02-16		VFB_00102flv	VFB_00050000	6	2	0.0
2025-02-16		VFB_00102fml		6	1	18.0
2025-02-16		VFB_00102fml	VFB_00050000	6	2	0.0
2025-02-16		VFB_00102fmq		1	1	0.0
2025-02-16		VFB_00102fmq	VFB_00050000	1	1	0.0
2025-02-16		VFB_00102fms		6	1	1.0
2025-02-16		VFB_00102fms	VFB_00050000	6	2	0.0
2025-02-16		VFB_00103323		3	2	178.0
2025-02-16		VFB_00103323	VFB_00101567	3	2	0.0
2025-02-16		VFB_00104s0j		5	1	4.0
2025-02-16		VFB_00104s0j	VFB_00050000	4	2	0.0
2025-02-16		VFB_00104s0j	VFB_00101567	1	1	0.0
2025-02-16		VFB_00104s0v		1	1	1.0
2025-02-16		VFB_00104s0v	VFB_00101567	1	1	0.0
2025-02-16		VFB_00200000		12	1	45.0
2025-02-16		VFB_00200000	VFB_00200000	19	6	23.0
2025-02-16		VFB_fw004369		2	1	2.0
2025-02-16		VFB_fw004369	VFB_00101567	2	1	0.0
2025-02-16		VFB_fw020035		2	1	0.0
2025-02-16		VFB_fw020035	VFB_00101567	2	1	0.0
2025-02-16		VFB_fw023567		2	1	1.0
2025-02-16		VFB_fw023567	VFB_00101567	2	1	0.0
2025-02-16		VFB_fw025524		24	1	0.0
2025-02-16		VFB_fw025524	VFB_00101567	24	1	0.0
2025-02-16		VFB_fw031692		2	1	3.0
2025-02-16		VFB_fw031692	VFB_00101567	2	1	0.0
2025-02-16		VFB_fw033807		2	1	3.0
2025-02-16		VFB_fw033807	VFB_00101567	2	1	0.0
2025-02-16		VFB_fw034576		3	1	4.0
2025-02-16		VFB_fw034576	VFB_00101567	3	1	0.0
2025-02-16		VFB_fw088824		4	2	0.0
2025-02-16		VFB_fw088824	VFB_00101567	4	3	0.0
2025-02-16		VFB_jrchjsjj		4	1	2.0
2025-02-16		VFB_jrchjsjj	VFB_00101567	4	1	0.0
2025-02-16		VFB_jrchjsjl		4	1	2.0
2025-02-16		VFB_jrchjsjl	VFB_00101567	4	1	0.0
2025-02-16		VFB_jrchjsm0		2	1	2.0
2025-02-16		VFB_jrchjsm0	VFB_00101567	2	1	0.0
2025-02-16		VFB_jrchjt38		2	1	3.0
2025-02-16		VFB_jrchjt38	VFB_00101567	2	1	0.0
2025-02-16		VFB_jrchjuor		2	1	3.0
2025-02-16		VFB_jrchjuor	VFB_00101567	2	1	0.0
2025-02-16		VFB_jrchjw18		2	1	20.0
2025-02-16		VFB_jrchjw18	VFB_00101567	2	1	0.0
2025-02-16		VFB_jrchk4r4		2	1	3.0
2025-02-16		VFB_jrchk4r4	VFB_00101567	2	1	0.0
2025-02-16		VFB_jrchk4v8		7	1	11.0
2025-02-16		VFB_jrchk4v8	VFB_00101567	7	1	0.0
2025-02-16		VFB_jrchk56d		2	1	2.0
2025-02-16		VFB_jrchk56d	VFB_00101567	2	1	0.0
2025-02-16		VFB_jrchk7ry		2	1	6.0
2025-02-16		VFB_jrchk7ry	VFB_00101567	2	1	0.0
2025-02-16		VFB_jrcv07rw		6	1	83.0
2025-02-16		VFB_jrcv07rw	VFB_00200000	11	2	0.0
2025-02-16		VFB_jrcv07xa		15	1	7.0
2025-02-16		VFB_jrcv07xa	VFB_00200000	10	3	0.0
2025-02-16		VFB_jrcv07zw		1	1	0.0
2025-02-16		VFB_jrcv07zw	VFB_00200000	6	1	0.0
2025-02-16		VFB_jrcv0838		1	1	0.0
2025-02-16		VFB_jrcv0838	VFB_00200000	1	1	0.0
2025-02-16		VFB_jrcv084v		28	1	67.0
2025-02-16		VFB_jrcv084v	VFB_00200000	26	3	0.0
2025-02-16		VFB_jrcv0882		36	1	645.0
2025-02-16		VFB_jrcv0882	VFB_00200000	39	4	0.0
2025-02-16		VFB_jrcv08b2		16	1	42.0
2025-02-16		VFB_jrcv08b2	VFB_00200000	11	2	0.0
2025-02-16		VFB_jrcv08hi		63	1	239.0
2025-02-16		VFB_jrcv08hi	VFB_00200000	62	7	0.0
2025-02-16		VFB_jrcv0958		6	1	8.0
2025-02-16		VFB_jrcv0958	VFB_00200000	11	2	0.0
2025-02-16		VFB_jrcv09wc		19	1	46.0
2025-02-16		VFB_jrcv09wc	VFB_00200000	14	4	0.0
2025-02-16		VFB_jrcv0ahi		18	1	579.0
2025-02-16		VFB_jrcv0ahi	VFB_00200000	23	4	0.0
2025-02-16		VFB_jrcv0bd9		6	1	21.0
2025-02-16		VFB_jrcv0bd9	VFB_00200000	6	2	0.0
2025-02-16		VFB_jrcv0bug		1	1	0.0
2025-02-16		VFB_jrcv0bug	VFB_00200000	1	1	0.0
2025-02-16		VFB_jrcv0cpk		6	1	4.0
2025-02-16		VFB_jrcv0cpk	VFB_00200000	6	2	0.0
2025-02-16		VFB_jrcv0czt		46	1	431.0
2025-02-16		VFB_jrcv0czt	VFB_00200000	51	7	0.0
2025-02-16		VFB_jrcv0d1k		1	1	0.0
2025-02-16		VFB_jrcv0d1k	VFB_00200000	1	1	0.0
2025-02-16		VFB_jrcv0dta		1	1	0.0
2025-02-16		VFB_jrcv0dta	VFB_00200000	1	1	0.0
2025-02-16		VFB_jrcv0dum		1	1	0.0
2025-02-16		VFB_jrcv0dum	VFB_00200000	1	1	0.0
2025-02-16		VFB_jrcv0em5		1	1	0.0
2025-02-16		VFB_jrcv0em5	VFB_00200000	1	1	0.0
2025-02-16		VFB_jrcv0f48		38	1	229.0
2025-02-16		VFB_jrcv0f48	VFB_00200000	28	6	0.0
2025-02-16		VFB_jrcv0fxf		1	1	0.0
2025-02-16		VFB_jrcv0fxf	VFB_00200000	1	1	0.0
2025-02-16		VFB_jrcv0gz0		21	1	279.0
2025-02-16		VFB_jrcv0gz0	VFB_00200000	21	6	0.0
2025-02-16		VFB_jrcv0haz		10	1	20.0
2025-02-16		VFB_jrcv0haz	VFB_00200000	6	2	0.0
2025-02-16		VFB_jrcv0hfc		25	1	165.0
2025-02-16		VFB_jrcv0hfc	VFB_00200000	20	3	0.0
2025-02-16		VFB_jrcv0hn6		1	1	0.0
2025-02-16		VFB_jrcv0hn6	VFB_00200000	1	1	0.0
2025-02-16		VFB_jrcv0k2i		11	1	650.0
2025-02-16		VFB_jrcv0k2i	VFB_00200000	11	2	0.0
2025-02-16		VFB_jrcv0k4b		26	1	75.0
2025-02-16		VFB_jrcv0k4b	VFB_00200000	16	4	0.0
2025-02-16		VFB_jrcv3mwt		1	1	1.0
2025-02-16		VFB_jrcv3mwt	VFB_00200000	1	1	0.0
2025-02-16		VFBexp_FBti0002		7	1	0.0
2025-02-16		VFBexp_FBti0002	VFB_00101567	11	3	0.0
2025-02-16		VFBexp_FBtp0107		1	1	0.0
2025-02-16		VFBexp_FBtp0107	VFB_00101567	1	1	0.0
2025-02-16		VFBexp_FBtp0123		1	1	0.0
2025-02-16		VFBexp_FBtp0123	VFB_00101567	1	1	0.0
2025-02-16	v2.virtualflybrain.org	FBbt_00001446	VFB_00050000	0	1	44.0
2025-02-16	v2.virtualflybrain.org	FBbt_00001727	VFB_00050000	0	1	3.0
2025-02-16	v2.virtualflybrain.org	FBbt_00001911	VFB_00050000	0	1	0.0
2025-02-16	v2.virtualflybrain.org	FBbt_00001919	VFB_00050000	0	1	25.0
2025-02-16	v2.virtualflybrain.org	FBbt_00002863		1	1	0.0
2025-02-16	v2.virtualflybrain.org	FBbt_00003624	VFB_00101567	0	4	92.0
2025-02-16	v2.virtualflybrain.org	FBbt_00003678	VFB_00101567	0	2	64.0
2025-02-16	v2.virtualflybrain.org	FBbt_00003681	VFB_00101567	0	2	6.0
2025-02-16	v2.virtualflybrain.org	FBbt_00003701	VFB_00101567	0	1	1.0
2025-02-16	v2.virtualflybrain.org	FBbt_00003743	VFB_00101567	0	1	17.0
2025-02-16	v2.virtualflybrain.org	FBbt_00003748	VFB_00101567	5	10	184.0
2025-02-16	v2.virtualflybrain.org	FBbt_00003881		1	1	0.0
2025-02-16	v2.virtualflybrain.org	FBbt_00003881	VFB_00101567	0	2	108.0
2025-02-16	v2.virtualflybrain.org	FBbt_00003885	VFB_00101567	0	2	9.0
2025-02-16	v2.virtualflybrain.org	FBbt_00003982	VFB_00101567	0	2	11.0
2025-02-16	v2.virtualflybrain.org	FBbt_00004072	VFB_00200000	0	1	15.0
2025-02-16	v2.virtualflybrain.org	FBbt_00004121		1	1	0.0
2025-02-16	v2.virtualflybrain.org	FBbt_00004348		1	1	0.0
2025-02-16	v2.virtualflybrain.org	FBbt_00005408		1	1	0.0
2025-02-16	v2.virtualflybrain.org	FBbt_00006008		1	1	43.0
2025-02-16	v2.virtualflybrain.org	FBbt_00007228	VFB_00101567	24	1	0.0
2025-02-16	v2.virtualflybrain.org	FBbt_00007427	VFB_00101567	0	2	33.0
2025-02-16	v2.virtualflybrain.org	FBbt_00007692	VFB_00101567	0	1	0.0
2025-02-16	v2.virtualflybrain.org	FBbt_00013695	VFB_00101567	0	1	75.0
2025-02-16	v2.virtualflybrain.org	FBbt_00014013	VFB_00101567	1	2	29.0
2025-02-16	v2.virtualflybrain.org	FBbt_00016687		1	1	15.0
2025-02-16	v2.virtualflybrain.org	FBbt_00040041	VFB_00101567	0	4	169.0
2025-02-16	v2.virtualflybrain.org	FBbt_00040043	VFB_00101567	0	2	7.0
2025-02-16	v2.virtualflybrain.org	FBbt_00040049	VFB_00101567	0	2	188.0
2025-02-16	v2.virtualflybrain.org	FBbt_00045032	VFB_00101567	0	2	18.0
2025-02-16	v2.virtualflybrain.org	FBbt_00045046		1	1	22.0
2025-02-16	v2.virtualflybrain.org	FBbt_00045048	VFB_00101567	0	2	11.0
2025-02-16	v2.virtualflybrain.org	FBbt_00045050	VFB_00101567	0	1	27.0
2025-02-16	v2.virtualflybrain.org	FBbt_00047735	VFB_00101567	0	1	29.0
2025-02-16	v2.virtualflybrain.org	FBbt_00047887	VFB_00101567	0	1	46.0
2025-02-16	v2.virtualflybrain.org	FBbt_00048106	VFB_00200000	0	1	60.0
2025-02-16	v2.virtualflybrain.org	FBbt_00048279	VFB_00200000	0	2	86.0
2025-02-16	v2.virtualflybrain.org	FBbt_00048301	VFB_00200000	0	1	20.0
2025-02-16	v2.virtualflybrain.org	FBbt_00048922	VFB_00200000	0	2	78.0
2025-02-16	v2.virtualflybrain.org	FBbt_00049540	VFB_00200000	0	1	75.0
2025-02-16	v2.virtualflybrain.org	FBbt_00049687		1	1	27.0
2025-02-16	v2.virtualflybrain.org	FBbt_00050176		2	2	0.0
2025-02-16	v2.virtualflybrain.org	FBbt_00051545		1	1	14.0
2025-02-16	v2.virtualflybrain.org	FBbt_00051619		2	2	20.0
2025-02-16	v2.virtualflybrain.org	FBbt_00051658		1	1	0.0
2025-02-16	v2.virtualflybrain.org	FBbt_00051730		2	2	29.0
2025-02-16	v2.virtualflybrain.org	FBbt_00052853	VFB_00101567	0	1	37.0
2025-02-16	v2.virtualflybrain.org	FBbt_00059073	VFB_00200000	0	1	37.0
2025-02-16	v2.virtualflybrain.org	FBbt_00110639	VFB_00101567	0	1	5.0
2025-02-16	v2.virtualflybrain.org	FBbt_00110932	VFB_00101567	0	1	45.0
2025-02-16	v2.virtualflybrain.org	FBbt_10000000	VFB_00101567	0	2	29.0
2025-02-16	v2.virtualflybrain.org	FBbt_20001183	VFB_00101567	7	1	0.0
2025-02-16	v2.virtualflybrain.org	FBbt_20007804	VFB_00200000	0	1	33.0
2025-02-16	v2.virtualflybrain.org	FBbt_20011244	VFB_00200000	0	1	177.0
2025-02-16	v2.virtualflybrain.org	FBbt_20011252	VFB_00200000	0	1	63.0
2025-02-16	v2.virtualflybrain.org	FBbt_20011324	VFB_00200000	0	1	13.0
2025-02-16	v2.virtualflybrain.org	FBbt_20011349	VFB_00101567	0	2	29.0
2025-02-16	v2.virtualflybrain.org	VFB_00014647	VFB_00101567	2	1	0.0
2025-02-16	v2.virtualflybrain.org	VFB_00014713	VFB_00101567	1	2	473.0
2025-02-16	v2.virtualflybrain.org	VFB_00016141	VFB_00101567	0	1	8.0
2025-02-16	v2.virtualflybrain.org	VFB_00016207	VFB_00101567	3	1	41.0
2025-02-16	v2.virtualflybrain.org	VFB_00016219	VFB_00101567	0	1	12.0
2025-02-16	v2.virtualflybrain.org	VFB_00016226	VFB_00101567	1	2	40.0
2025-02-16	v2.virtualflybrain.org	VFB_00017894	VFB_00017894	0	1	0.0
2025-02-16	v2.virtualflybrain.org	VFB_00030608	VFB_00017894	1	1	0.0
2025-02-16	v2.virtualflybrain.org	VFB_00030612	VFB_00101567	0	2	18.0
2025-02-16	v2.virtualflybrain.org	VFB_00030828	VFB_00101567	0	2	4.0
2025-02-16	v2.virtualflybrain.org	VFB_00041975	VFB_00101567	0	4	259.0
2025-02-16	v2.virtualflybrain.org	VFB_00048562	VFB_00101567	0	1	0.0
2025-02-16	v2.virtualflybrain.org	VFB_00050000	VFB_00050000	2	16	281.0
2025-02-16	v2.virtualflybrain.org	VFB_001000kc	VFB_00101567	0	3	229.0
2025-02-16	v2.virtualflybrain.org	VFB_00100405	VFB_00050000	17	2	0.0
2025-02-16	v2.virtualflybrain.org	VFB_001011fp	VFB_00050000	3	1	0.0
2025-02-16	v2.virtualflybrain.org	VFB_001011k2	VFB_00050000	4	1	0.0
2025-02-16	v2.virtualflybrain.org	VFB_00101384	VFB_00101384	3	4	0.0
2025-02-16	v2.virtualflybrain.org	VFB_00101567	VFB_00101567	35	78	1235.0
2025-02-16	v2.virtualflybrain.org	VFB_001016cn	VFB_00101567	0	2	0.0
2025-02-16	v2.virtualflybrain.org	VFB_00102107	VFB_00101567	0	1	2.0
2025-02-16	v2.virtualflybrain.org	VFB_00102140	VFB_00101567	0	2	4.0
2025-02-16	v2.virtualflybrain.org	VFB_00102148	VFB_00101567	0	1	36.0
2025-02-16	v2.virtualflybrain.org	VFB_00102212	VFB_00101567	0	1	31.0
2025-02-16	v2.virtualflybrain.org	VFB_00102271	VFB_00101567	0	1	25.0
2025-02-16	v2.virtualflybrain.org	VFB_00102276	VFB_00101567	0	4	159.0
2025-02-16	v2.virtualflybrain.org	VFB_00102280	VFB_00101567	0	1	3.0
2025-02-16	v2.virtualflybrain.org	VFB_0010299w	VFB_00101567	2	2	46.0
2025-02-16	v2.virtualflybrain.org	VFB_0010299w	VFB_00200000	3	3	25.0
2025-02-16	v2.virtualflybrain.org	VFB_00102elg	VFB_00050000	1	4	1.0
2025-02-16	v2.virtualflybrain.org	VFB_00102elg	VFB_00101567	5	2	9.0
2025-02-16	v2.virtualflybrain.org	VFB_00102flv	VFB_00050000	0	1	13.0
2025-02-16	v2.virtualflybrain.org	VFB_00102fml	VFB_00050000	0	1	11.0
2025-02-16	v2.virtualflybrain.org	VFB_00102fmq	VFB_00050000	0	1	12.0
2025-02-16	v2.virtualflybrain.org	VFB_00102fms	VFB_00050000	0	1	14.0
2025-02-16	v2.virtualflybrain.org	VFB_00103323	VFB_00101567	1	2	77.0
2025-02-16	v2.virtualflybrain.org	VFB_00104s0j	VFB_00050000	2	3	43.0
2025-02-16	v2.virtualflybrain.org	VFB_00104s0j	VFB_00101567	1	2	1.0
2025-02-16	v2.virtualflybrain.org	VFB_00104s0v	VFB_00101567	0	1	23.0
2025-02-16	v2.virtualflybrain.org	VFB_00200000	VFB_00200000	1	7	114.0
2025-02-16	v2.virtualflybrain.org	VFB_fw004369		1	1	1.0
2025-02-16	v2.virtualflybrain.org	VFB_fw004369	VFB_00101567	1	1	8.0
2025-02-16	v2.virtualflybrain.org	VFB_fw020035	VFB_00101567	0	2	94.0
2025-02-16	v2.virtualflybrain.org	VFB_fw021522		1	1	0.0
2025-02-16	v2.virtualflybrain.org	VFB_fw023567	VFB_00101567	0	1	10.0
2025-02-16	v2.virtualflybrain.org	VFB_fw025524	VFB_00101567	24	1	0.0
2025-02-16	v2.virtualflybrain.org	VFB_fw031692		1	1	2.0
2025-02-16	v2.virtualflybrain.org	VFB_fw031692	VFB_00101567	0	1	15.0
2025-02-16	v2.virtualflybrain.org	VFB_fw033807		1	1	1.0
2025-02-16	v2.virtualflybrain.org	VFB_fw033807	VFB_00101567	0	1	5.0
2025-02-16	v2.virtualflybrain.org	VFB_fw034576		1	1	1.0
2025-02-16	v2.virtualflybrain.org	VFB_fw034576	VFB_00101567	2	1	17.0
2025-02-16	v2.virtualflybrain.org	VFB_fw088824	VFB_00101567	0	1	72.0
2025-02-16	v2.virtualflybrain.org	VFB_jrchjsjj		1	1	1.0
2025-02-16	v2.virtualflybrain.org	VFB_jrchjsjj	VFB_00101567	2	1	107.0
2025-02-16	v2.virtualflybrain.org	VFB_jrchjsjl		1	1	1.0
2025-02-16	v2.virtualflybrain.org	VFB_jrchjsjl	VFB_00101567	2	1	11.0
2025-02-16	v2.virtualflybrain.org	VFB_jrchjsm0		1	1	1.0
2025-02-16	v2.virtualflybrain.org	VFB_jrchjsm0	VFB_00101567	0	1	8.0
2025-02-16	v2.virtualflybrain.org	VFB_jrchjt38		1	1	1.0
2025-02-16	v2.virtualflybrain.org	VFB_jrchjt38	VFB_00101567	1	1	12.0
2025-02-16	v2.virtualflybrain.org	VFB_jrchjuor		1	1	0.0
2025-02-16	v2.virtualflybrain.org	VFB_jrchjuor	VFB_00101567	0	1	12.0
2025-02-16	v2.virtualflybrain.org	VFB_jrchjw18	VFB_00101567	0	1	0.0
2025-02-16	v2.virtualflybrain.org	VFB_jrchk4r4		1	1	1.0
2025-02-16	v2.virtualflybrain.org	VFB_jrchk4r4	VFB_00101567	0	1	168.0
2025-02-16	v2.virtualflybrain.org	VFB_jrchk4v8		3	1	3.0
2025-02-16	v2.virtualflybrain.org	VFB_jrchk4v8	VFB_00101567	2	1	127.0
2025-02-16	v2.virtualflybrain.org	VFB_jrchk56d		1	1	1.0
2025-02-16	v2.virtualflybrain.org	VFB_jrchk56d	VFB_00101567	0	1	6.0
2025-02-16	v2.virtualflybrain.org	VFB_jrchk7ry		1	1	1.0
2025-02-16	v2.virtualflybrain.org	VFB_jrchk7ry	VFB_00101567	0	1	54.0
2025-02-16	v2.virtualflybrain.org	VFB_jrcv07rw	VFB_00200000	0	1	47.0
2025-02-16	v2.virtualflybrain.org	VFB_jrcv07xa	VFB_00200000	0	2	155.0
2025-02-16	v2.virtualflybrain.org	VFB_jrcv07zw	VFB_00200000	0	1	87.0
2025-02-16	v2.virtualflybrain.org	VFB_jrcv0838	VFB_00200000	0	1	120.0
2025-02-16	v2.virtualflybrain.org	VFB_jrcv084v	VFB_00200000	0	1	28.0
2025-02-16	v2.virtualflybrain.org	VFB_jrcv0882	VFB_00200000	0	1	222.0
2025-02-16	v2.virtualflybrain.org	VFB_jrcv08b2	VFB_00200000	0	1	41.0
2025-02-16	v2.virtualflybrain.org	VFB_jrcv08hi	VFB_00200000	0	4	681.0
2025-02-16	v2.virtualflybrain.org	VFB_jrcv0958	VFB_00200000	0	1	54.0
2025-02-16	v2.virtualflybrain.org	VFB_jrcv09wc	VFB_00200000	0	2	231.0
2025-02-16	v2.virtualflybrain.org	VFB_jrcv0ahi	VFB_00200000	0	1	13.0
2025-02-16	v2.virtualflybrain.org	VFB_jrcv0bd9	VFB_00200000	0	1	238.0
2025-02-16	v2.virtualflybrain.org	VFB_jrcv0bug	VFB_00200000	0	1	134.0
2025-02-16	v2.virtualflybrain.org	VFB_jrcv0cpk	VFB_00200000	0	1	62.0
2025-02-16	v2.virtualflybrain.org	VFB_jrcv0czt	VFB_00200000	1	3	84.0
2025-02-16	v2.virtualflybrain.org	VFB_jrcv0d1k	VFB_00200000	0	1	347.0
2025-02-16	v2.virtualflybrain.org	VFB_jrcv0dta	VFB_00200000	0	1	37.0
2025-02-16	v2.virtualflybrain.org	VFB_jrcv0dum	VFB_00200000	0	1	88.0
2025-02-16	v2.virtualflybrain.org	VFB_jrcv0em5	VFB_00200000	0	1	22.0
2025-02-16	v2.virtualflybrain.org	VFB_jrcv0f48	VFB_00200000	0	3	204.0
2025-02-16	v2.virtualflybrain.org	VFB_jrcv0fxf	VFB_00200000	0	1	174.0
2025-02-16	v2.virtualflybrain.org	VFB_jrcv0gz0	VFB_00200000	0	2	408.0
2025-02-16	v2.virtualflybrain.org	VFB_jrcv0haz	VFB_00200000	0	1	260.0
2025-02-16	v2.virtualflybrain.org	VFB_jrcv0hfc	VFB_00200000	0	1	0.0
2025-02-16	v2.virtualflybrain.org	VFB_jrcv0hn6	VFB_00200000	0	1	56.0
2025-02-16	v2.virtualflybrain.org	VFB_jrcv0k2i	VFB_00200000	0	1	261.0
2025-02-16	v2.virtualflybrain.org	VFB_jrcv0k4b	VFB_00200000	0	1	42.0
2025-02-16	v2.virtualflybrain.org	VFB_jrcv3mwt	VFB_00200000	0	1	11.0
2025-02-16	v2.virtualflybrain.org	VFBexp_FBti0002	VFB_00101567	0	4	297.0
2025-02-16	v2.virtualflybrain.org	VFBexp_FBtp0107		1	1	3.0
2025-02-16	v2.virtualflybrain.org	VFBexp_FBtp0123		1	1	0.0
2025-02-16	v2.virtualflybrain.org	VFBu_tovidihy		2	1	16.0
2025-02-16	v2.virtualflybrain.org	VFBu_vq787030		2	1	22.0
2025-02-17		FBbt_00003624		15	4	0.0
2025-02-17		FBbt_00003624	VFB_00101567	17	4	0.0
2025-02-17		FBbt_00003632		4	1	0.0
2025-02-17		FBbt_00003632	VFB_00101567	4	2	0.0
2025-02-17		FBbt_00003679		3	3	0.0
2025-02-17		FBbt_00003679	VFB_00101567	3	3	0.0
2025-02-17		FBbt_00003680		1	1	0.0
2025-02-17		FBbt_00003680	VFB_00101567	1	1	0.0
2025-02-17		FBbt_00003681		6	3	0.0
2025-02-17		FBbt_00003681	VFB_00101567	6	3	0.0
2025-02-17		FBbt_00003682		3	2	0.0
2025-02-17		FBbt_00003682	VFB_00101567	3	2	0.0
2025-02-17		FBbt_00003684		1	1	0.0
2025-02-17		FBbt_00003684	VFB_00101567	1	1	0.0
2025-02-17		FBbt_00003727		1	1	0.0
2025-02-17		FBbt_00003727	VFB_00101567	1	1	0.0
2025-02-17		FBbt_00003743		1	1	1.0
2025-02-17		FBbt_00003743	VFB_00101567	1	1	0.0
2025-02-17		FBbt_00003748		28	7	1.0
2025-02-17		FBbt_00003748	VFB_00101567	28	10	0.0
2025-02-17		FBbt_00003788		1	1	0.0
2025-02-17		FBbt_00003788	VFB_00101567	1	1	0.0
2025-02-17		FBbt_00003852		1	1	0.0
2025-02-17		FBbt_00003852	VFB_00101567	1	1	0.0
2025-02-17		FBbt_00003995		4	1	98.0
2025-02-17		FBbt_00003995	VFB_00101567	5	3	0.0
2025-02-17		FBbt_00004020		5	1	0.0
2025-02-17		FBbt_00004020	VFB_00101567	5	3	0.0
2025-02-17		FBbt_00004060		12	1	72.0
2025-02-17		FBbt_00004060	VFB_00200000	12	3	0.0
2025-02-17		FBbt_00004071		1	1	0.0
2025-02-17		FBbt_00004071	VFB_00200000	1	1	0.0
2025-02-17		FBbt_00004072		1	1	0.0
2025-02-17		FBbt_00004072	VFB_00200000	1	1	0.0
2025-02-17		FBbt_00004225		3	1	59.0
2025-02-17		FBbt_00004225	VFB_00101567	3	2	0.0
2025-02-17		FBbt_00005804		1	1	0.0
2025-02-17		FBbt_00005804	VFB_00101567	1	1	0.0
2025-02-17		FBbt_00007053		1	1	0.0
2025-02-17		FBbt_00007053	VFB_00101567	1	1	0.0
2025-02-17		FBbt_00007055		3	3	0.0
2025-02-17		FBbt_00007055	VFB_00101567	3	3	0.0
2025-02-17		FBbt_00007118		1	1	0.0
2025-02-17		FBbt_00007118	VFB_00049000	1	1	0.0
2025-02-17		FBbt_00007145		1	1	0.0
2025-02-17		FBbt_00007145	VFB_00101567	1	1	0.0
2025-02-17		FBbt_00007228		24	1	0.0
2025-02-17		FBbt_00007228	VFB_00101567	24	1	0.0
2025-02-17		FBbt_00007453		2	1	0.0
2025-02-17		FBbt_00007453	VFB_00101567	2	2	0.0
2025-02-17		FBbt_00007516		1	1	0.0
2025-02-17		FBbt_00007516	VFB_00101567	1	1	0.0
2025-02-17		FBbt_00007683		2	1	1.0
2025-02-17		FBbt_00007683	VFB_00101567	2	1	0.0
2025-02-17		FBbt_00007704		1	1	0.0
2025-02-17		FBbt_00007704	VFB_00049000	1	1	0.0
2025-02-17		FBbt_00007708		1	1	0.0
2025-02-17		FBbt_00007708	VFB_00049000	1	1	0.0
2025-02-17		FBbt_00007709		2	2	0.0
2025-02-17		FBbt_00007709	VFB_00049000	2	2	0.0
2025-02-17		FBbt_00007713		1	1	0.0
2025-02-17		FBbt_00007713	VFB_00049000	1	1	0.0
2025-02-17		FBbt_00011534		1	1	0.0
2025-02-17		FBbt_00011534	VFB_00200000	8	1	0.0
2025-02-17		FBbt_00013691		1	1	0.0
2025-02-17		FBbt_00013691	VFB_00101567	1	1	0.0
2025-02-17		FBbt_00013774		8	1	13.0
2025-02-17		FBbt_00013774	VFB_00101567	9	2	0.0
2025-02-17		FBbt_00014013		9	3	40.0
2025-02-17		FBbt_00014013	VFB_00101567	10	5	0.0
2025-02-17		FBbt_00040002		2	1	0.0
2025-02-17		FBbt_00040002	VFB_00101567	2	1	0.0
2025-02-17		FBbt_00040041		9	3	0.0
2025-02-17		FBbt_00040041	VFB_00101567	9	5	0.0
2025-02-17		FBbt_00040042		4	3	0.0
2025-02-17		FBbt_00040042	VFB_00101567	4	3	0.0
2025-02-17		FBbt_00040043		2	2	0.0
2025-02-17		FBbt_00040043	VFB_00101567	2	2	0.0
2025-02-17		FBbt_00040048		2	1	0.0
2025-02-17		FBbt_00040048	VFB_00101567	2	2	0.0
2025-02-17		FBbt_00040071		6	1	0.0
2025-02-17		FBbt_00040071	VFB_00101567	6	1	0.0
2025-02-17		FBbt_00040072		5	1	0.0
2025-02-17		FBbt_00040072	VFB_00101567	5	1	0.0
2025-02-17		FBbt_00045003		1	1	0.0
2025-02-17		FBbt_00045003	VFB_00101567	1	1	0.0
2025-02-17		FBbt_00045027		1	1	0.0
2025-02-17		FBbt_00045027	VFB_00101567	1	1	0.0
2025-02-17		FBbt_00045032		1	1	0.0
2025-02-17		FBbt_00045032	VFB_00101567	1	1	0.0
2025-02-17		FBbt_00045048		6	2	0.0
2025-02-17		FBbt_00045048	VFB_00101567	6	2	0.0
2025-02-17		FBbt_00045050		3	1	0.0
2025-02-17		FBbt_00045050	VFB_00101567	3	1	0.0
2025-02-17		FBbt_00047354		1	1	0.0
2025-02-17		FBbt_00047354	VFB_00101567	1	1	0.0
2025-02-17		FBbt_00047572		1	1	0.0
2025-02-17		FBbt_00047572	VFB_00101567	1	1	0.0
2025-02-17		FBbt_00047660		2	1	0.0
2025-02-17		FBbt_00047660	VFB_00101567	2	1	0.0
2025-02-17		FBbt_00047662		1	1	0.0
2025-02-17		FBbt_00047662	VFB_00101567	1	1	0.0
2025-02-17		FBbt_00047887		5	2	0.0
2025-02-17		FBbt_00047887	VFB_00101567	5	3	0.0
2025-02-17		FBbt_00048027		6	1	0.0
2025-02-17		FBbt_00048027	VFB_00101567	6	1	0.0
2025-02-17		FBbt_00048123		1	1	0.0
2025-02-17		FBbt_00048123	VFB_00101567	1	1	0.0
2025-02-17		FBbt_00048279		3	1	103.0
2025-02-17		FBbt_00048279	VFB_00200000	3	2	0.0
2025-02-17		FBbt_00048922		1	1	0.0
2025-02-17		FBbt_00048922	VFB_00200000	1	1	0.0
2025-02-17		FBbt_00049593		1	1	0.0
2025-02-17		FBbt_00049593	VFB_00050000	1	1	0.0
2025-02-17		FBbt_00051306		2	1	14.0
2025-02-17		FBbt_00051306	VFB_00101567	2	1	0.0
2025-02-17		FBbt_00051636		2	1	49.0
2025-02-17		FBbt_00051636	VFB_00101567	3	1	0.0
2025-02-17		FBbt_00067372		1	1	0.0
2025-02-17		FBbt_00067372	VFB_00101567	1	1	0.0
2025-02-17		FBbt_00100219		3	1	0.0
2025-02-17		FBbt_00100219	VFB_00101567	3	1	0.0
2025-02-17		FBbt_00100234		1	1	0.0
2025-02-17		FBbt_00100234	VFB_00101567	1	1	0.0
2025-02-17		FBbt_00100384		4	1	10.0
2025-02-17		FBbt_00100384	VFB_00101567	6	2	0.0
2025-02-17		FBbt_00110072		4	1	0.0
2025-02-17		FBbt_00110072	VFB_00101567	4	3	0.0
2025-02-17		FBbt_00110175		2	1	24.0
2025-02-17		FBbt_00110175	VFB_00200000	2	1	0.0
2025-02-17		FBbt_00110415		2	1	0.0
2025-02-17		FBbt_00110415	VFB_00101567	2	2	0.0
2025-02-17		FBbt_00110458		3	1	5.0
2025-02-17		FBbt_00110458	VFB_00101567	4	2	0.0
2025-02-17		FBbt_00110476		1	1	0.0
2025-02-17		FBbt_00110476	VFB_00101567	1	1	0.0
2025-02-17		FBbt_00110636		14	1	0.0
2025-02-17		FBbt_00110636	VFB_00101567	14	2	0.0
2025-02-17		FBbt_00110639		6	2	0.0
2025-02-17		FBbt_00110639	VFB_00101567	7	3	0.0
2025-02-17		FBbt_00110854		3	1	0.0
2025-02-17		FBbt_00110854	VFB_00101567	3	2	0.0
2025-02-17		FBbt_00111113		1	1	0.0
2025-02-17		FBbt_00111113	VFB_00200000	1	1	0.0
2025-02-17		FBbt_00111316		2	1	2.0
2025-02-17		FBbt_00111316	VFB_00101567	2	1	0.0
2025-02-17		FBbt_20000998		2	1	5.0
2025-02-17		FBbt_20000998	VFB_00101567	3	1	0.0
2025-02-17		FBbt_20001170		2	1	0.0
2025-02-17		FBbt_20001170	VFB_00101567	2	1	0.0
2025-02-17		FBbt_20001183		1	1	0.0
2025-02-17		FBbt_20001183	VFB_00101567	1	1	0.0
2025-02-17		FBbt_20011265		1	1	0.0
2025-02-17		FBbt_20011265	VFB_00200000	1	1	0.0
2025-02-17		FBbt_20011320		5	1	118.0
2025-02-17		FBbt_20011320	VFB_00200000	7	1	0.0
2025-02-17		FBbt_20011322		17	1	316.0
2025-02-17		FBbt_20011322	VFB_00200000	17	5	0.0
2025-02-17		FBbt_20011324		3	1	5.0
2025-02-17		FBbt_20011324	VFB_00200000	1	1	0.0
2025-02-17		FBcv_0009003		2	1	7.0
2025-02-17		FBcv_0009003	VFB_00101567	2	1	0.0
2025-02-17		GO_0007271		2	1	8.0
2025-02-17		GO_0007271	VFB_00101567	2	1	0.0
2025-02-17		GO_0014055		7	2	29.0
2025-02-17		GO_0014055	VFB_00101567	11	2	0.0
2025-02-17		VFB_00009255		5	1	8.0
2025-02-17		VFB_00009255	VFB_00101567	4	3	0.0
2025-02-17		VFB_00020136		4	1	7.0
2025-02-17		VFB_00020136	VFB_00101567	3	2	0.0
2025-02-17		VFB_00021679		2	1	4.0
2025-02-17		VFB_00021679	VFB_00101567	2	1	0.0
2025-02-17		VFB_00030856		3	1	5.0
2025-02-17		VFB_00030856	VFB_00101567	3	1	0.0
2025-02-17		VFB_00045107		1	1	0.0
2025-02-17		VFB_00045107	VFB_00101567	1	1	0.0
2025-02-17		VFB_00049000		9	2	30.0
2025-02-17		VFB_00049000	VFB_00049000	12	5	0.0
2025-02-17		VFB_00050000		6	4	0.0
2025-02-17		VFB_00050000	VFB_00050000	7	6	25.0
2025-02-17		VFB_00050259		3	1	2.0
2025-02-17		VFB_00050259	VFB_00049000	2	1	0.0
2025-02-17		VFB_00050381		3	1	5.0
2025-02-17		VFB_00050381	VFB_00049000	2	1	0.0
2025-02-17		VFB_00061036		2	1	3.0
2025-02-17		VFB_00061036	VFB_00049000	2	1	0.0
2025-02-17		VFB_00063689		3	1	24.0
2025-02-17		VFB_00063689	VFB_00101567	3	2	0.0
2025-02-17		VFB_00065345		3	1	0.0
2025-02-17		VFB_00065345	VFB_00100000	3	1	0.0
2025-02-17		VFB_00100000		3	2	0.0
2025-02-17		VFB_00100000	VFB_00100000	4	3	22.0
2025-02-17		VFB_001001qu		2	1	0.0
2025-02-17		VFB_001001qu	VFB_00049000	2	1	0.0
2025-02-17		VFB_0010025x		14	1	55.0
2025-02-17		VFB_0010025x	VFB_00050000	14	2	0.0
2025-02-17		VFB_0010027k		2	1	0.0
2025-02-17		VFB_0010027k	VFB_00049000	2	1	0.0
2025-02-17		VFB_00100405		10	1	0.0
2025-02-17		VFB_00100405	VFB_00050000	10	1	0.0
2025-02-17		VFB_00100683		2	1	3.0
2025-02-17		VFB_00100683	VFB_00050000	2	1	0.0
2025-02-17		VFB_00100693		1	1	0.0
2025-02-17		VFB_00100693	VFB_00101567	1	1	0.0
2025-02-17		VFB_00100715		9	1	0.0
2025-02-17		VFB_00100715	VFB_00050000	9	1	0.0
2025-02-17		VFB_00100xsd		7	1	26.0
2025-02-17		VFB_00100xsd	VFB_00101567	6	2	0.0
2025-02-17		VFB_00100zhf		14	1	14.0
2025-02-17		VFB_00100zhf	VFB_00101567	15	2	0.0
2025-02-17		VFB_00101132		12	2	23.0
2025-02-17		VFB_00101132	VFB_00101567	11	4	0.0
2025-02-17		VFB_00101133		9	2	1.0
2025-02-17		VFB_00101133	VFB_00101567	9	3	0.0
2025-02-17		VFB_0010121x		2	1	135.0
2025-02-17		VFB_0010121x	VFB_00101567	3	2	0.0
2025-02-17		VFB_0010122m		5	1	16.0
2025-02-17		VFB_0010122m	VFB_00101567	3	2	0.0
2025-02-17		VFB_0010122u		1	1	0.0
2025-02-17		VFB_0010122u	VFB_00101567	1	1	0.0
2025-02-17		VFB_00101239		1	1	0.0
2025-02-17		VFB_00101239	VFB_00101567	1	1	0.0
2025-02-17		VFB_0010123h		2	1	2.0
2025-02-17		VFB_0010123h	VFB_00101567	2	2	0.0
2025-02-17		VFB_00101240		1	1	0.0
2025-02-17		VFB_00101240	VFB_00101567	1	1	0.0
2025-02-17		VFB_00101399		1	1	0.0
2025-02-17		VFB_00101399	VFB_00101567	1	1	0.0
2025-02-17		VFB_001014u6		2	1	5.0
2025-02-17		VFB_001014u6	VFB_00101567	2	2	0.0
2025-02-17		VFB_00101567		201	38	407.0
2025-02-17		VFB_00101567	VFB_00101567	270	67	11.0
2025-02-17		VFB_001015gs		2	1	4.0
2025-02-17		VFB_001015gs	VFB_00101567	2	1	0.0
2025-02-17		VFB_00101stj		4	1	1.0
2025-02-17		VFB_00101stj	VFB_00101567	4	2	0.0
2025-02-17		VFB_00101trj		8	1	9.0
2025-02-17		VFB_00101trj	VFB_00101567	7	2	0.0
2025-02-17		VFB_00101trp		4	1	0.0
2025-02-17		VFB_00101trp	VFB_00101567	4	1	0.0
2025-02-17		VFB_00101uie		13	1	16.0
2025-02-17		VFB_00101uie	VFB_00101567	14	2	0.0
2025-02-17		VFB_00102107		23	3	171.0
2025-02-17		VFB_00102107	VFB_00101567	18	6	0.0
2025-02-17		VFB_00102108		8	1	0.0
2025-02-17		VFB_00102108	VFB_00101567	8	2	0.0
2025-02-17		VFB_00102109		1	1	0.0
2025-02-17		VFB_00102109	VFB_00101567	1	1	0.0
2025-02-17		VFB_00102110		1	1	0.0
2025-02-17		VFB_00102110	VFB_00101567	1	1	0.0
2025-02-17		VFB_00102114		1	1	0.0
2025-02-17		VFB_00102114	VFB_00101567	1	1	0.0
2025-02-17		VFB_00102118		1	1	0.0
2025-02-17		VFB_00102118	VFB_00101567	1	1	0.0
2025-02-17		VFB_00102119		1	1	0.0
2025-02-17		VFB_00102119	VFB_00101567	1	1	0.0
2025-02-17		VFB_00102121		1	1	0.0
2025-02-17		VFB_00102121	VFB_00101567	1	1	0.0
2025-02-17		VFB_00102123		1	1	0.0
2025-02-17		VFB_00102123	VFB_00101567	1	1	0.0
2025-02-17		VFB_00102124		1	1	0.0
2025-02-17		VFB_00102124	VFB_00101567	1	1	0.0
2025-02-17		VFB_00102133		1	1	0.0
2025-02-17		VFB_00102133	VFB_00101567	1	1	0.0
2025-02-17		VFB_00102134		1	1	0.0
2025-02-17		VFB_00102134	VFB_00101567	1	1	0.0
2025-02-17		VFB_00102135		6	3	0.0
2025-02-17		VFB_00102135	VFB_00101567	6	3	0.0
2025-02-17		VFB_00102137		1	1	0.0
2025-02-17		VFB_00102137	VFB_00101567	1	1	0.0
2025-02-17		VFB_00102139		10	1	0.0
2025-02-17		VFB_00102139	VFB_00101567	10	2	0.0
2025-02-17		VFB_00102140		1	1	0.0
2025-02-17		VFB_00102140	VFB_00101567	1	1	0.0
2025-02-17		VFB_00102141		1	1	0.0
2025-02-17		VFB_00102141	VFB_00101567	1	1	0.0
2025-02-17		VFB_00102148		13	1	43.0
2025-02-17		VFB_00102148	VFB_00101567	13	3	0.0
2025-02-17		VFB_00102152		4	2	0.0
2025-02-17		VFB_00102152	VFB_00101567	4	3	0.0
2025-02-17		VFB_00102154		1	1	0.0
2025-02-17		VFB_00102154	VFB_00101567	1	1	0.0
2025-02-17		VFB_00102159		1	1	0.0
2025-02-17		VFB_00102159	VFB_00101567	1	1	0.0
2025-02-17		VFB_00102162		4	2	0.0
2025-02-17		VFB_00102162	VFB_00101567	4	3	0.0
2025-02-17		VFB_00102164		1	1	0.0
2025-02-17		VFB_00102164	VFB_00101567	1	1	0.0
2025-02-17		VFB_00102170		1	1	0.0
2025-02-17		VFB_00102170	VFB_00101567	1	1	0.0
2025-02-17		VFB_00102171		1	1	0.0
2025-02-17		VFB_00102171	VFB_00101567	1	1	0.0
2025-02-17		VFB_00102176		5	2	44.0
2025-02-17		VFB_00102176	VFB_00101567	5	3	0.0
2025-02-17		VFB_00102179		1	1	0.0
2025-02-17		VFB_00102179	VFB_00101567	1	1	0.0
2025-02-17		VFB_00102185		1	1	0.0
2025-02-17		VFB_00102185	VFB_00101567	1	1	0.0
2025-02-17		VFB_00102190		1	1	0.0
2025-02-17		VFB_00102190	VFB_00101567	1	1	0.0
2025-02-17		VFB_00102201		11	2	0.0
2025-02-17		VFB_00102201	VFB_00101567	11	4	0.0
2025-02-17		VFB_00102212		1	1	0.0
2025-02-17		VFB_00102212	VFB_00101567	1	1	0.0
2025-02-17		VFB_00102213		1	1	0.0
2025-02-17		VFB_00102213	VFB_00101567	1	1	0.0
2025-02-17		VFB_00102214		1	1	0.0
2025-02-17		VFB_00102214	VFB_00101567	1	1	0.0
2025-02-17		VFB_00102215		1	1	0.0
2025-02-17		VFB_00102215	VFB_00101567	1	1	0.0
2025-02-17		VFB_00102218		1	1	0.0
2025-02-17		VFB_00102218	VFB_00101567	1	1	0.0
2025-02-17		VFB_00102271		12	2	89.0
2025-02-17		VFB_00102271	VFB_00101567	12	4	0.0
2025-02-17		VFB_00102273		1	1	0.0
2025-02-17		VFB_00102273	VFB_00101567	1	1	0.0
2025-02-17		VFB_00102274		2	2	3.0
2025-02-17		VFB_00102274	VFB_00101567	2	2	0.0
2025-02-17		VFB_00102275		1	1	0.0
2025-02-17		VFB_00102275	VFB_00101567	1	1	0.0
2025-02-17		VFB_00102276		4	2	2.0
2025-02-17		VFB_00102276	VFB_00101567	3	2	0.0
2025-02-17		VFB_00102280		27	2	238.0
2025-02-17		VFB_00102280	VFB_00101567	26	6	0.0
2025-02-17		VFB_00102282		1	1	0.0
2025-02-17		VFB_00102282	VFB_00101567	1	1	0.0
2025-02-17		VFB_00102esl		3	1	1.0
2025-02-17		VFB_00102esl	VFB_00049000	2	1	0.0
2025-02-17		VFB_00102esl	VFB_00050000	1	1	0.0
2025-02-17		VFB_00102esu		3	1	0.0
2025-02-17		VFB_00102esu	VFB_00049000	2	1	0.0
2025-02-17		VFB_00102esu	VFB_00050000	1	1	0.0
2025-02-17		VFB_00102eu0		3	1	0.0
2025-02-17		VFB_00102eu0	VFB_00049000	2	1	0.0
2025-02-17		VFB_00102eu0	VFB_00050000	1	1	0.0
2025-02-17		VFB_00102gms		7	2	24.0
2025-02-17		VFB_00102gms	VFB_00049000	4	3	0.0
2025-02-17		VFB_00102gms	VFB_00101567	2	1	0.0
2025-02-17		VFB_00102gq4		2	1	0.0
2025-02-17		VFB_00102gq4	VFB_00101567	2	1	0.0
2025-02-17		VFB_00102gs2		6	1	7.0
2025-02-17		VFB_00102gs2	VFB_00049000	1	1	0.0
2025-02-17		VFB_00102gs2	VFB_00101567	5	1	0.0
2025-02-17		VFB_00102gtf		1	1	0.0
2025-02-17		VFB_00102gtf	VFB_00049000	1	1	0.0
2025-02-17		VFB_00102gtp		1	1	12.0
2025-02-17		VFB_00102gtp	VFB_00049000	2	1	0.0
2025-02-17		VFB_00102gu5		1	1	0.0
2025-02-17		VFB_00102gu5	VFB_00049000	1	1	0.0
2025-02-17		VFB_00103nol		7	1	3.0
2025-02-17		VFB_00103nol	VFB_00101567	17	1	0.0
2025-02-17		VFB_00103nwm		89	1	260.0
2025-02-17		VFB_00103nwm	VFB_00101567	58	6	0.0
2025-02-17		VFB_00103tle		2	1	1.0
2025-02-17		VFB_00103tle	VFB_00101567	2	1	0.0
2025-02-17		VFB_00103tzr		2	1	0.0
2025-02-17		VFB_00103tzr	VFB_00049000	2	1	0.0
2025-02-17		VFB_001040xc		26	1	64.0
2025-02-17		VFB_001040xc	VFB_00101567	36	5	0.0
2025-02-17		VFB_00104j6b		11	1	15.0
2025-02-17		VFB_00104j6b	VFB_00101567	11	2	0.0
2025-02-17		VFB_00200000		4	3	8.0
2025-02-17		VFB_00200000	VFB_00200000	10	8	72.0
2025-02-17		VFB_fw000168		7	1	77.0
2025-02-17		VFB_fw000168	VFB_00101567	7	2	0.0
2025-02-17		VFB_fw000791		9	2	0.0
2025-02-17		VFB_fw000791	VFB_00101567	9	3	0.0
2025-02-17		VFB_fw001214		30	1	92.0
2025-02-17		VFB_fw001214	VFB_00101567	20	3	0.0
2025-02-17		VFB_fw008070		5	1	24.0
2025-02-17		VFB_fw008070	VFB_00101567	6	3	0.0
2025-02-17		VFB_fw016115		15	1	95.0
2025-02-17		VFB_fw016115	VFB_00049000	2	1	0.0
2025-02-17		VFB_fw016115	VFB_00101567	9	3	0.0
2025-02-17		VFB_fw016115	VFB_00200000	2	1	0.0
2025-02-17		VFB_fw020035		9	1	0.0
2025-02-17		VFB_fw020035	VFB_00101567	9	1	0.0
2025-02-17		VFB_fw023567		9	1	0.0
2025-02-17		VFB_fw023567	VFB_00101567	9	1	0.0
2025-02-17		VFB_fw025524		24	1	0.0
2025-02-17		VFB_fw025524	VFB_00101567	24	1	0.0
2025-02-17		VFB_fw025980		16	2	4.0
2025-02-17		VFB_fw025980	VFB_00101567	15	3	0.0
2025-02-17		VFB_fw031659		2	1	4.0
2025-02-17		VFB_fw031659	VFB_00101567	2	1	0.0
2025-02-17		VFB_fw034164		8	1	11.0
2025-02-17		VFB_fw034164	VFB_00101567	7	3	0.0
2025-02-17		VFB_fw034473		3	1	9.0
2025-02-17		VFB_fw034473	VFB_00101567	4	2	0.0
2025-02-17		VFB_fw035291		2	1	12.0
2025-02-17		VFB_fw035291	VFB_00101567	2	2	0.0
2025-02-17		VFB_fw035899		1	1	0.0
2025-02-17		VFB_fw035899	VFB_00101567	1	1	0.0
2025-02-17		VFB_fw035979		6	1	115.0
2025-02-17		VFB_fw035979	VFB_00101567	4	2	0.0
2025-02-17		VFB_fw036887		5	1	0.0
2025-02-17		VFB_fw036887	VFB_00101567	5	2	0.0
2025-02-17		VFB_fw036981		4	1	6.0
2025-02-17		VFB_fw036981	VFB_00101567	4	2	0.0
2025-02-17		VFB_fw042922		2	1	123.0
2025-02-17		VFB_fw042922	VFB_00101567	2	1	0.0
2025-02-17		VFB_fw061539		4	1	13.0
2025-02-17		VFB_fw061539	VFB_00101567	4	2	0.0
2025-02-17		VFB_fw105848		46	1	69.0
2025-02-17		VFB_fw105848	VFB_00101567	45	8	0.0
2025-02-17		VFB_fw119592		154	2	261.0
2025-02-17		VFB_fw119592	VFB_00101567	112	10	0.0
2025-02-17		VFB_fw126293		49	1	83.0
2025-02-17		VFB_fw126293	VFB_00101567	88	3	0.0
2025-02-17		VFB_jrchjrch		6	1	87.0
2025-02-17		VFB_jrchjrch	VFB_00049000	2	1	0.0
2025-02-17		VFB_jrchjrch	VFB_00101567	3	1	0.0
2025-02-17		VFB_jrchjt1o		2	1	4.0
2025-02-17		VFB_jrchjt1o	VFB_00101567	2	1	0.0
2025-02-17		VFB_jrchjtdh		7	1	34.0
2025-02-17		VFB_jrchjtdh	VFB_00101567	8	2	0.0
2025-02-17		VFB_jrchjtdn		1	1	0.0
2025-02-17		VFB_jrchjtdn	VFB_00101567	1	1	0.0
2025-02-17		VFB_jrchjtdo		1	1	0.0
2025-02-17		VFB_jrchjtdo	VFB_00101567	1	1	0.0
2025-02-17		VFB_jrchjtfe		1	1	10.0
2025-02-17		VFB_jrchjtfe	VFB_00101567	1	1	0.0
2025-02-17		VFB_jrchk08b		4	1	12.0
2025-02-17		VFB_jrchk08b	VFB_00101384	3	1	0.0
2025-02-17		VFB_jrchk08b	VFB_00101567	1	1	0.0
2025-02-17		VFB_jrchk0e3		16	2	40.0
2025-02-17		VFB_jrchk0e3	VFB_00101567	15	5	0.0
2025-02-17		VFB_jrchk45t		3	1	242.0
2025-02-17		VFB_jrchk45t	VFB_00101567	3	2	0.0
2025-02-17		VFB_jrchk7k3		9	2	0.0
2025-02-17		VFB_jrchk7k3	VFB_00101567	9	3	0.0
2025-02-17		VFB_jrchk7k4		9	2	0.0
2025-02-17		VFB_jrchk7k4	VFB_00101567	9	3	0.0
2025-02-17		VFB_jrchk7yg		2	1	4.0
2025-02-17		VFB_jrchk7yg	VFB_00101567	2	2	0.0
2025-02-17		VFB_jrcv07q3		11	1	58.0
2025-02-17		VFB_jrcv07q3	VFB_00200000	4	2	0.0
2025-02-17		VFB_jrcv07wt		1	1	0.0
2025-02-17		VFB_jrcv07wt	VFB_00200000	1	1	0.0
2025-02-17		VFB_jrcv07xa		18	1	46.0
2025-02-17		VFB_jrcv07xa	VFB_00200000	8	2	0.0
2025-02-17		VFB_jrcv07zw		15	1	511.0
2025-02-17		VFB_jrcv07zw	VFB_00200000	10	3	0.0
2025-02-17		VFB_jrcv0849		18	1	33.0
2025-02-17		VFB_jrcv0849	VFB_00200000	28	2	0.0
2025-02-17		VFB_jrcv084c		1	1	0.0
2025-02-17		VFB_jrcv084c	VFB_00200000	1	1	0.0
2025-02-17		VFB_jrcv08zh		15	1	4.0
2025-02-17		VFB_jrcv08zh	VFB_00200000	20	3	0.0
2025-02-17		VFB_jrcv091c		3	1	214.0
2025-02-17		VFB_jrcv091c	VFB_00200000	3	2	0.0
2025-02-17		VFB_jrcv09ho		1	1	0.0
2025-02-17		VFB_jrcv09ho	VFB_00200000	1	1	0.0
2025-02-17		VFB_jrcv0ahi		12	1	33.0
2025-02-17		VFB_jrcv0ahi	VFB_00200000	12	3	0.0
2025-02-17		VFB_jrcv0cr9		6	1	2.0
2025-02-17		VFB_jrcv0cr9	VFB_00200000	6	2	0.0
2025-02-17		VFB_jrcv0czt		28	1	57.0
2025-02-17		VFB_jrcv0czt	VFB_00200000	28	7	0.0
2025-02-17		VFB_jrcv0d1k		8	1	22.0
2025-02-17		VFB_jrcv0d1k	VFB_00200000	8	3	0.0
2025-02-17		VFB_jrcv0dkm		1	1	0.0
2025-02-17		VFB_jrcv0dkm	VFB_00200000	1	1	0.0
2025-02-17		VFB_jrcv0dta		1	1	0.0
2025-02-17		VFB_jrcv0dta	VFB_00200000	1	1	0.0
2025-02-17		VFB_jrcv0ea6		1	1	0.0
2025-02-17		VFB_jrcv0ea6	VFB_00200000	1	1	0.0
2025-02-17		VFB_jrcv0eeu		8	1	3.0
2025-02-17		VFB_jrcv0eeu	VFB_00200000	8	2	0.0
2025-02-17		VFB_jrcv0efa		1	1	0.0
2025-02-17		VFB_jrcv0efa	VFB_00200000	1	1	0.0
2025-02-17		VFB_jrcv0eh3		6	1	2.0
2025-02-17		VFB_jrcv0eh3	VFB_00200000	6	2	0.0
2025-02-17		VFB_jrcv0esc		1	1	0.0
2025-02-17		VFB_jrcv0esc	VFB_00200000	1	1	0.0
2025-02-17		VFB_jrcv0f0j		11	1	2.0
2025-02-17		VFB_jrcv0f0j	VFB_00200000	11	2	0.0
2025-02-17		VFB_jrcv0f48		2	1	2.0
2025-02-17		VFB_jrcv0f48	VFB_00200000	2	2	0.0
2025-02-17		VFB_jrcv0f9a		1	1	0.0
2025-02-17		VFB_jrcv0f9a	VFB_00200000	1	1	0.0
2025-02-17		VFB_jrcv0gle		1	1	0.0
2025-02-17		VFB_jrcv0gle	VFB_00200000	1	1	0.0
2025-02-17		VFB_jrcv0gpu		1	1	0.0
2025-02-17		VFB_jrcv0gpu	VFB_00200000	1	1	0.0
2025-02-17		VFB_jrcv0gqy		2	1	0.0
2025-02-17		VFB_jrcv0gqy	VFB_00200000	2	2	0.0
2025-02-17		VFB_jrcv0gz0		1	1	0.0
2025-02-17		VFB_jrcv0gz0	VFB_00200000	6	1	0.0
2025-02-17		VFB_jrcv0haz		1	1	0.0
2025-02-17		VFB_jrcv0haz	VFB_00200000	1	1	0.0
2025-02-17		VFB_jrcv0hqg		1	1	0.0
2025-02-17		VFB_jrcv0hqg	VFB_00200000	1	1	0.0
2025-02-17		VFB_jrcv0hs3		1	1	0.0
2025-02-17		VFB_jrcv0hs3	VFB_00200000	1	1	0.0
2025-02-17		VFB_jrcv0i7a		1	1	0.0
2025-02-17		VFB_jrcv0i7a	VFB_00200000	1	1	0.0
2025-02-17		VFB_jrcv0i7d		6	1	1.0
2025-02-17		VFB_jrcv0i7d	VFB_00200000	6	2	0.0
2025-02-17		VFB_jrcv0i7l		1	1	0.0
2025-02-17		VFB_jrcv0i7l	VFB_00200000	1	1	0.0
2025-02-17		VFB_jrcv0ijz		8	1	91.0
2025-02-17		VFB_jrcv0ijz	VFB_00200000	8	2	0.0
2025-02-17		VFB_jrcv0iz8		4	1	14.0
2025-02-17		VFB_jrcv0iz8	VFB_00200000	4	2	0.0
2025-02-17		VFB_jrcv0k0o		1	1	0.0
2025-02-17		VFB_jrcv0k0o	VFB_00200000	1	1	0.0
2025-02-17		VFB_jrcv0k2i		10	1	123.0
2025-02-17		VFB_jrcv0k2i	VFB_00200000	10	2	0.0
2025-02-17		VFB_jrcv0k4b		1	1	0.0
2025-02-17		VFB_jrcv0k4b	VFB_00200000	1	1	0.0
2025-02-17		VFB_jrcv0k6d		1	1	0.0
2025-02-17		VFB_jrcv0k6d	VFB_00200000	1	1	0.0
2025-02-17		VFB_jrcv0mii		5	1	13.0
2025-02-17		VFB_jrcv0mii	VFB_00101567	3	1	0.0
2025-02-17		VFB_jrcv0mii	VFB_00200000	2	1	0.0
2025-02-17		VFB_jrcv0pva		1	1	0.0
2025-02-17		VFB_jrcv0pva	VFB_00200000	1	1	0.0
2025-02-17		VFB_jrcv3bvx		6	1	12.0
2025-02-17		VFB_jrcv3bvx	VFB_00200000	1	1	0.0
2025-02-17		VFB_jrcv3d3c		6	1	2.0
2025-02-17		VFB_jrcv3d3c	VFB_00200000	6	1	0.0
2025-02-17		VFB_jrcvm1f1		3	1	1.0
2025-02-17		VFB_jrcvm1f1	VFB_00101567	2	1	0.0
2025-02-17		VFB_jrcvm1f1	VFB_00200000	1	1	0.0
2025-02-17		VFBexp_FBti0036		1	1	0.0
2025-02-17		VFBexp_FBti0036	VFB_00101567	1	1	0.0
2025-02-17		VFBexp_FBti0201		1	1	0.0
2025-02-17		VFBexp_FBti0201	VFB_00101567	1	1	0.0
2025-02-17		VFBexp_FBtp0059		6	3	54.0
2025-02-17		VFBexp_FBtp0059	VFB_00101567	7	4	0.0
2025-02-17		VFBexp_FBtp0061		1	1	0.0
2025-02-17		VFBexp_FBtp0061	VFB_00101567	1	1	0.0
2025-02-17		VFBexp_FBtp0063		1	1	0.0
2025-02-17		VFBexp_FBtp0063	VFB_00101567	1	1	0.0
2025-02-17		VFBexp_FBtp0071		1	1	0.0
2025-02-17		VFBexp_FBtp0071	VFB_00101567	1	1	0.0
2025-02-17		VFBexp_FBtp0087		1	1	0.0
2025-02-17		VFBexp_FBtp0087	VFB_00101567	1	1	0.0
2025-02-17		VFBexp_FBtp0122		1	1	0.0
2025-02-17		VFBexp_FBtp0122	VFB_00101567	1	1	0.0
2025-02-17		VFBexp_FBtp0123		4	2	0.0
2025-02-17		VFBexp_FBtp0123	VFB_00101567	4	2	0.0
2025-02-17	v2.virtualflybrain.org	FBbt_00002859		1	1	4.0
2025-02-17	v2.virtualflybrain.org	FBbt_00002892		1	1	0.0
2025-02-17	v2.virtualflybrain.org	FBbt_00003624	VFB_00101567	0	5	233.0
2025-02-17	v2.virtualflybrain.org	FBbt_00003632	VFB_00101567	0	2	13.0
2025-02-17	v2.virtualflybrain.org	FBbt_00003679	VFB_00101567	0	3	52.0
2025-02-17	v2.virtualflybrain.org	FBbt_00003680	VFB_00101567	0	1	76.0
2025-02-17	v2.virtualflybrain.org	FBbt_00003681	VFB_00101567	1	6	365.0
2025-02-17	v2.virtualflybrain.org	FBbt_00003682	VFB_00101567	0	3	26.0
2025-02-17	v2.virtualflybrain.org	FBbt_00003684	VFB_00101567	0	1	2.0
2025-02-17	v2.virtualflybrain.org	FBbt_00003727	VFB_00101567	0	1	14.0
2025-02-17	v2.virtualflybrain.org	FBbt_00003743	VFB_00101567	0	1	32.0
2025-02-17	v2.virtualflybrain.org	FBbt_00003748	VFB_00101567	1	11	349.0
2025-02-17	v2.virtualflybrain.org	FBbt_00003788	VFB_00101567	0	1	114.0
2025-02-17	v2.virtualflybrain.org	FBbt_00003852	VFB_00101567	0	1	97.0
2025-02-17	v2.virtualflybrain.org	FBbt_00003995	VFB_00101567	0	3	143.0
2025-02-17	v2.virtualflybrain.org	FBbt_00004020	VFB_00101567	1	4	500.0
2025-02-17	v2.virtualflybrain.org	FBbt_00004060	VFB_00200000	0	3	0.0
2025-02-17	v2.virtualflybrain.org	FBbt_00004071	VFB_00200000	0	1	53.0
2025-02-17	v2.virtualflybrain.org	FBbt_00004072	VFB_00200000	0	1	71.0
2025-02-17	v2.virtualflybrain.org	FBbt_00004225	VFB_00101567	0	1	98.0
2025-02-17	v2.virtualflybrain.org	FBbt_00005804		1	1	0.0
2025-02-17	v2.virtualflybrain.org	FBbt_00005804	VFB_00101567	0	1	0.0
2025-02-17	v2.virtualflybrain.org	FBbt_00007053	VFB_00101567	0	1	26.0
2025-02-17	v2.virtualflybrain.org	FBbt_00007055	VFB_00101567	3	3	20.0
2025-02-17	v2.virtualflybrain.org	FBbt_00007118	VFB_00049000	0	1	135.0
2025-02-17	v2.virtualflybrain.org	FBbt_00007145	VFB_00101567	0	1	132.0
2025-02-17	v2.virtualflybrain.org	FBbt_00007228	VFB_00101567	24	1	0.0
2025-02-17	v2.virtualflybrain.org	FBbt_00007453	VFB_00101567	1	2	4.0
2025-02-17	v2.virtualflybrain.org	FBbt_00007516	VFB_00101567	0	1	142.0
2025-02-17	v2.virtualflybrain.org	FBbt_00007683	VFB_00101567	0	1	0.0
2025-02-17	v2.virtualflybrain.org	FBbt_00007704	VFB_00049000	0	1	14.0
2025-02-17	v2.virtualflybrain.org	FBbt_00007708	VFB_00049000	0	1	1.0
2025-02-17	v2.virtualflybrain.org	FBbt_00007709	VFB_00049000	0	2	19.0
2025-02-17	v2.virtualflybrain.org	FBbt_00007713	VFB_00049000	0	1	446.0
2025-02-17	v2.virtualflybrain.org	FBbt_00011534	VFB_00200000	0	1	11.0
2025-02-17	v2.virtualflybrain.org	FBbt_00013691	VFB_00101567	0	1	44.0
2025-02-17	v2.virtualflybrain.org	FBbt_00013774	VFB_00101567	0	3	81.0
2025-02-17	v2.virtualflybrain.org	FBbt_00014013	VFB_00101567	0	4	100.0
2025-02-17	v2.virtualflybrain.org	FBbt_00040002	VFB_00101567	0	1	4.0
2025-02-17	v2.virtualflybrain.org	FBbt_00040041	VFB_00101567	3	7	71.0
2025-02-17	v2.virtualflybrain.org	FBbt_00040042	VFB_00101567	1	2	6.0
2025-02-17	v2.virtualflybrain.org	FBbt_00040043	VFB_00101567	0	2	41.0
2025-02-17	v2.virtualflybrain.org	FBbt_00040048	VFB_00101567	0	2	12.0
2025-02-17	v2.virtualflybrain.org	FBbt_00040071	VFB_00101567	0	1	2.0
2025-02-17	v2.virtualflybrain.org	FBbt_00040072	VFB_00101567	0	1	1.0
2025-02-17	v2.virtualflybrain.org	FBbt_00045003	VFB_00101567	0	1	9.0
2025-02-17	v2.virtualflybrain.org	FBbt_00045032	VFB_00101567	0	1	1.0
2025-02-17	v2.virtualflybrain.org	FBbt_00045048	VFB_00101567	0	3	80.0
2025-02-17	v2.virtualflybrain.org	FBbt_00045050	VFB_00101567	0	1	1.0
2025-02-17	v2.virtualflybrain.org	FBbt_00047354	VFB_00101567	0	1	24.0
2025-02-17	v2.virtualflybrain.org	FBbt_00047572	VFB_00101567	0	1	27.0
2025-02-17	v2.virtualflybrain.org	FBbt_00047660	VFB_00101567	1	2	153.0
2025-02-17	v2.virtualflybrain.org	FBbt_00047662	VFB_00101567	0	1	10.0
2025-02-17	v2.virtualflybrain.org	FBbt_00047887	VFB_00101567	0	4	26.0
2025-02-17	v2.virtualflybrain.org	FBbt_00048027	VFB_00101567	4	2	19.0
2025-02-17	v2.virtualflybrain.org	FBbt_00048123	VFB_00101567	0	1	66.0
2025-02-17	v2.virtualflybrain.org	FBbt_00048279	VFB_00200000	0	1	121.0
2025-02-17	v2.virtualflybrain.org	FBbt_00048922	VFB_00200000	0	1	30.0
2025-02-17	v2.virtualflybrain.org	FBbt_00049364		1	1	8.0
2025-02-17	v2.virtualflybrain.org	FBbt_00049593	VFB_00050000	0	1	71.0
2025-02-17	v2.virtualflybrain.org	FBbt_00049773		1	1	12.0
2025-02-17	v2.virtualflybrain.org	FBbt_00050085		1	1	34.0
2025-02-17	v2.virtualflybrain.org	FBbt_00051306	VFB_00101567	0	1	0.0
2025-02-17	v2.virtualflybrain.org	FBbt_00051534		1	1	0.0
2025-02-17	v2.virtualflybrain.org	FBbt_00051612		1	1	15.0
2025-02-17	v2.virtualflybrain.org	FBbt_00051636	VFB_00101567	0	1	0.0
2025-02-17	v2.virtualflybrain.org	FBbt_00051808		1	1	22.0
2025-02-17	v2.virtualflybrain.org	FBbt_00052089		1	1	0.0
2025-02-17	v2.virtualflybrain.org	FBbt_00067372	VFB_00101567	0	1	18.0
2025-02-17	v2.virtualflybrain.org	FBbt_00100204		1	1	0.0
2025-02-17	v2.virtualflybrain.org	FBbt_00100219	VFB_00101567	0	2	134.0
2025-02-17	v2.virtualflybrain.org	FBbt_00100234	VFB_00101567	0	1	190.0
2025-02-17	v2.virtualflybrain.org	FBbt_00100384	VFB_00101567	0	3	36.0
2025-02-17	v2.virtualflybrain.org	FBbt_00110072	VFB_00101567	0	4	39.0
2025-02-17	v2.virtualflybrain.org	FBbt_00110175	VFB_00200000	0	1	0.0
2025-02-17	v2.virtualflybrain.org	FBbt_00110415	VFB_00101567	0	2	78.0
2025-02-17	v2.virtualflybrain.org	FBbt_00110458	VFB_00101567	0	2	96.0
2025-02-17	v2.virtualflybrain.org	FBbt_00110476	VFB_00101567	0	1	0.0
2025-02-17	v2.virtualflybrain.org	FBbt_00110636	VFB_00101567	0	4	76.0
2025-02-17	v2.virtualflybrain.org	FBbt_00110639	VFB_00101567	0	4	25.0
2025-02-17	v2.virtualflybrain.org	FBbt_00110854	VFB_00101567	0	3	60.0
2025-02-17	v2.virtualflybrain.org	FBbt_00111113	VFB_00200000	0	1	35.0
2025-02-17	v2.virtualflybrain.org	FBbt_00111316	VFB_00101567	0	1	0.0
2025-02-17	v2.virtualflybrain.org	FBbt_20000998	VFB_00101567	0	1	0.0
2025-02-17	v2.virtualflybrain.org	FBbt_20001170	VFB_00101567	1	2	9.0
2025-02-17	v2.virtualflybrain.org	FBbt_20001183	VFB_00101567	1	1	0.0
2025-02-17	v2.virtualflybrain.org	FBbt_20011265	VFB_00200000	0	1	39.0
2025-02-17	v2.virtualflybrain.org	FBbt_20011320	VFB_00200000	0	1	24.0
2025-02-17	v2.virtualflybrain.org	FBbt_20011322	VFB_00200000	0	1	5.0
2025-02-17	v2.virtualflybrain.org	FBbt_20011324	VFB_00200000	0	1	21.0
2025-02-17	v2.virtualflybrain.org	FBcv_0009003	VFB_00101567	0	1	0.0
2025-02-17	v2.virtualflybrain.org	GO_0007271	VFB_00101567	0	1	0.0
2025-02-17	v2.virtualflybrain.org	GO_0014055	VFB_00101567	0	3	9.0
2025-02-17	v2.virtualflybrain.org	VFB_00009255	VFB_00101567	0	1	3.0
2025-02-17	v2.virtualflybrain.org	VFB_00017894	VFB_00017894	0	1	13.0
2025-02-17	v2.virtualflybrain.org	VFB_00020136	VFB_00101567	1	2	0.0
2025-02-17	v2.virtualflybrain.org	VFB_00021679	VFB_00021679	1	2	1.0
2025-02-17	v2.virtualflybrain.org	VFB_00021679	VFB_00101567	0	1	28.0
2025-02-17	v2.virtualflybrain.org	VFB_00030856	VFB_00101567	0	2	4.0
2025-02-17	v2.virtualflybrain.org	VFB_00030867	VFB_00017894	1	1	0.0
2025-02-17	v2.virtualflybrain.org	VFB_00045107	VFB_00101567	2	1	0.0
2025-02-17	v2.virtualflybrain.org	VFB_00049000	VFB_00049000	2	8	11.0
2025-02-17	v2.virtualflybrain.org	VFB_00050000	VFB_00050000	6	12	58.0
2025-02-17	v2.virtualflybrain.org	VFB_00050259	VFB_00049000	0	1	0.0
2025-02-17	v2.virtualflybrain.org	VFB_00050381	VFB_00049000	0	1	0.0
2025-02-17	v2.virtualflybrain.org	VFB_00061036	VFB_00049000	0	1	0.0
2025-02-17	v2.virtualflybrain.org	VFB_00061036	VFB_00061036	1	2	4.0
2025-02-17	v2.virtualflybrain.org	VFB_00063689	VFB_00101567	0	1	0.0
2025-02-17	v2.virtualflybrain.org	VFB_00065345	VFB_00100000	2	3	0.0
2025-02-17	v2.virtualflybrain.org	VFB_00100000	VFB_00100000	9	12	3.0
2025-02-17	v2.virtualflybrain.org	VFB_001001qu	VFB_00049000	0	2	13.0
2025-02-17	v2.virtualflybrain.org	VFB_0010025x	VFB_00050000	13	2	9.0
2025-02-17	v2.virtualflybrain.org	VFB_0010027k	VFB_00049000	0	2	146.0
2025-02-17	v2.virtualflybrain.org	VFB_00100405	VFB_00050000	10	1	0.0
2025-02-17	v2.virtualflybrain.org	VFB_00100683	VFB_00050000	0	1	3.0
2025-02-17	v2.virtualflybrain.org	VFB_00100693	VFB_00101567	0	1	73.0
2025-02-17	v2.virtualflybrain.org	VFB_00100715	VFB_00050000	10	1	0.0
2025-02-17	v2.virtualflybrain.org	VFB_00100xsd	VFB_00101567	0	2	88.0
2025-02-17	v2.virtualflybrain.org	VFB_00100zhf	VFB_00101567	0	3	121.0
2025-02-17	v2.virtualflybrain.org	VFB_00101132	VFB_00101567	3	4	38.0
2025-02-17	v2.virtualflybrain.org	VFB_00101133	VFB_00101567	0	2	3.0
2025-02-17	v2.virtualflybrain.org	VFB_0010121x	VFB_00101567	0	2	13.0
2025-02-17	v2.virtualflybrain.org	VFB_0010122m	VFB_00101567	0	1	1.0
2025-02-17	v2.virtualflybrain.org	VFB_0010122u	VFB_00101567	0	1	2.0
2025-02-17	v2.virtualflybrain.org	VFB_00101239	VFB_00101567	0	1	5.0
2025-02-17	v2.virtualflybrain.org	VFB_0010123h	VFB_00101567	0	1	1.0
2025-02-17	v2.virtualflybrain.org	VFB_00101240	VFB_00101567	0	1	0.0
2025-02-17	v2.virtualflybrain.org	VFB_00101399	VFB_00101567	0	1	71.0
2025-02-17	v2.virtualflybrain.org	VFB_001014u6	VFB_00101567	0	2	0.0
2025-02-17	v2.virtualflybrain.org	VFB_00101567		2	2	0.0
2025-02-17	v2.virtualflybrain.org	VFB_00101567	VFB_00101567	59	107	1049.0
2025-02-17	v2.virtualflybrain.org	VFB_001015gs	VFB_00101567	0	2	228.0
2025-02-17	v2.virtualflybrain.org	VFB_00101stj	VFB_00101567	0	2	16.0
2025-02-17	v2.virtualflybrain.org	VFB_00101trj	VFB_00101567	0	4	26.0
2025-02-17	v2.virtualflybrain.org	VFB_00101trp	VFB_00101567	0	1	134.0
2025-02-17	v2.virtualflybrain.org	VFB_00101uie	VFB_00101567	11	1	397.0
2025-02-17	v2.virtualflybrain.org	VFB_00102107	VFB_00101567	1	6	14.0
2025-02-17	v2.virtualflybrain.org	VFB_00102108	VFB_00101567	0	2	16.0
2025-02-17	v2.virtualflybrain.org	VFB_00102109	VFB_00101567	1	2	2.0
2025-02-17	v2.virtualflybrain.org	VFB_00102110	VFB_00101567	0	1	8.0
2025-02-17	v2.virtualflybrain.org	VFB_00102114	VFB_00101567	0	1	0.0
2025-02-17	v2.virtualflybrain.org	VFB_00102118	VFB_00101567	0	1	1.0
2025-02-17	v2.virtualflybrain.org	VFB_00102119	VFB_00101567	0	1	0.0
2025-02-17	v2.virtualflybrain.org	VFB_00102121	VFB_00101567	0	1	5.0
2025-02-17	v2.virtualflybrain.org	VFB_00102123	VFB_00101567	0	1	5.0
2025-02-17	v2.virtualflybrain.org	VFB_00102124	VFB_00101567	0	1	0.0
2025-02-17	v2.virtualflybrain.org	VFB_00102133	VFB_00101567	0	1	0.0
2025-02-17	v2.virtualflybrain.org	VFB_00102134	VFB_00101567	0	1	2.0
2025-02-17	v2.virtualflybrain.org	VFB_00102135	VFB_00101567	0	2	100.0
2025-02-17	v2.virtualflybrain.org	VFB_00102137	VFB_00101567	0	1	1.0
2025-02-17	v2.virtualflybrain.org	VFB_00102139	VFB_00101567	0	2	71.0
2025-02-17	v2.virtualflybrain.org	VFB_00102140	VFB_00101567	0	1	1.0
2025-02-17	v2.virtualflybrain.org	VFB_00102141	VFB_00101567	0	1	1.0
2025-02-17	v2.virtualflybrain.org	VFB_00102148	VFB_00101567	0	1	0.0
2025-02-17	v2.virtualflybrain.org	VFB_00102152	VFB_00101567	0	1	1.0
2025-02-17	v2.virtualflybrain.org	VFB_00102154	VFB_00101567	0	1	6.0
2025-02-17	v2.virtualflybrain.org	VFB_00102159	VFB_00101567	0	1	5.0
2025-02-17	v2.virtualflybrain.org	VFB_00102162	VFB_00101567	0	1	3.0
2025-02-17	v2.virtualflybrain.org	VFB_00102164	VFB_00101567	0	1	2.0
2025-02-17	v2.virtualflybrain.org	VFB_00102170	VFB_00101567	0	1	1.0
2025-02-17	v2.virtualflybrain.org	VFB_00102171	VFB_00101567	0	1	2.0
2025-02-17	v2.virtualflybrain.org	VFB_00102176	VFB_00101567	0	4	19.0
2025-02-17	v2.virtualflybrain.org	VFB_00102179	VFB_00101567	0	1	0.0
2025-02-17	v2.virtualflybrain.org	VFB_00102185	VFB_00101567	0	1	4.0
2025-02-17	v2.virtualflybrain.org	VFB_00102190	VFB_00101567	0	1	0.0
2025-02-17	v2.virtualflybrain.org	VFB_00102201	VFB_00101567	0	2	48.0
2025-02-17	v2.virtualflybrain.org	VFB_00102212	VFB_00101567	0	1	0.0
2025-02-17	v2.virtualflybrain.org	VFB_00102213	VFB_00101567	0	1	1.0
2025-02-17	v2.virtualflybrain.org	VFB_00102214	VFB_00101567	0	1	31.0
2025-02-17	v2.virtualflybrain.org	VFB_00102215	VFB_00101567	0	1	4.0
2025-02-17	v2.virtualflybrain.org	VFB_00102218	VFB_00101567	0	1	0.0
2025-02-17	v2.virtualflybrain.org	VFB_00102271	VFB_00101567	0	2	94.0
2025-02-17	v2.virtualflybrain.org	VFB_00102273	VFB_00101567	0	1	3.0
2025-02-17	v2.virtualflybrain.org	VFB_00102274	VFB_00101567	0	2	10.0
2025-02-17	v2.virtualflybrain.org	VFB_00102275	VFB_00101567	0	1	4.0
2025-02-17	v2.virtualflybrain.org	VFB_00102276	VFB_00101567	1	2	2.0
2025-02-17	v2.virtualflybrain.org	VFB_00102280	VFB_00101567	0	4	23.0
2025-02-17	v2.virtualflybrain.org	VFB_00102282	VFB_00101567	0	1	3.0
2025-02-17	v2.virtualflybrain.org	VFB_00102esl	VFB_00049000	0	2	21.0
2025-02-17	v2.virtualflybrain.org	VFB_00102esl	VFB_00050000	1	2	0.0
2025-02-17	v2.virtualflybrain.org	VFB_00102esu	VFB_00049000	0	2	41.0
2025-02-17	v2.virtualflybrain.org	VFB_00102esu	VFB_00050000	1	3	140.0
2025-02-17	v2.virtualflybrain.org	VFB_00102eu0	VFB_00049000	0	2	24.0
2025-02-17	v2.virtualflybrain.org	VFB_00102eu0	VFB_00050000	1	3	28.0
2025-02-17	v2.virtualflybrain.org	VFB_00102gms		1	1	2.0
2025-02-17	v2.virtualflybrain.org	VFB_00102gms	VFB_00049000	2	5	234.0
2025-02-17	v2.virtualflybrain.org	VFB_00102gms	VFB_00101567	0	2	41.0
2025-02-17	v2.virtualflybrain.org	VFB_00102gq4	VFB_00101567	0	2	34.0
2025-02-17	v2.virtualflybrain.org	VFB_00102gs2	VFB_00049000	1	3	3.0
2025-02-17	v2.virtualflybrain.org	VFB_00102gs2	VFB_00101567	0	2	67.0
2025-02-17	v2.virtualflybrain.org	VFB_00102gtf	VFB_00049000	0	1	156.0
2025-02-17	v2.virtualflybrain.org	VFB_00102gu5	VFB_00049000	0	1	155.0
2025-02-17	v2.virtualflybrain.org	VFB_00103nol	VFB_00101567	0	1	27.0
2025-02-17	v2.virtualflybrain.org	VFB_00103nwm	VFB_00101567	1	1	85.0
2025-02-17	v2.virtualflybrain.org	VFB_00103tle	VFB_00101567	0	1	80.0
2025-02-17	v2.virtualflybrain.org	VFB_00103tzr	VFB_00049000	0	2	48.0
2025-02-17	v2.virtualflybrain.org	VFB_001040xc	VFB_00101567	5	4	0.0
2025-02-17	v2.virtualflybrain.org	VFB_00104j6b	VFB_00101567	0	1	0.0
2025-02-17	v2.virtualflybrain.org	VFB_00200000	VFB_00200000	5	13	38.0
2025-02-17	v2.virtualflybrain.org	VFB_fw000168	VFB_00101567	0	1	3.0
2025-02-17	v2.virtualflybrain.org	VFB_fw000791	VFB_00101567	0	2	3.0
2025-02-17	v2.virtualflybrain.org	VFB_fw001214	VFB_00101567	0	1	0.0
2025-02-17	v2.virtualflybrain.org	VFB_fw008070	VFB_00101567	0	2	38.0
2025-02-17	v2.virtualflybrain.org	VFB_fw016115	VFB_00049000	0	2	101.0
2025-02-17	v2.virtualflybrain.org	VFB_fw016115	VFB_00101567	2	4	1.0
2025-02-17	v2.virtualflybrain.org	VFB_fw016115	VFB_00200000	0	2	8.0
2025-02-17	v2.virtualflybrain.org	VFB_fw020035	VFB_00101567	7	3	6.0
2025-02-17	v2.virtualflybrain.org	VFB_fw023567	VFB_00101567	8	2	0.0
2025-02-17	v2.virtualflybrain.org	VFB_fw025524	VFB_00101567	24	1	5.0
2025-02-17	v2.virtualflybrain.org	VFB_fw025980		1	1	0.0
2025-02-17	v2.virtualflybrain.org	VFB_fw025980	VFB_00101567	11	3	50.0
2025-02-17	v2.virtualflybrain.org	VFB_fw031659		1	1	0.0
2025-02-17	v2.virtualflybrain.org	VFB_fw031659	VFB_00101567	0	1	15.0
2025-02-17	v2.virtualflybrain.org	VFB_fw034164	VFB_00101567	0	1	0.0
2025-02-17	v2.virtualflybrain.org	VFB_fw034473	VFB_00101567	0	1	0.0
2025-02-17	v2.virtualflybrain.org	VFB_fw035291	VFB_00101567	0	1	0.0
2025-02-17	v2.virtualflybrain.org	VFB_fw035899	VFB_00101567	0	1	4.0
2025-02-17	v2.virtualflybrain.org	VFB_fw035979	VFB_00101567	0	2	74.0
2025-02-17	v2.virtualflybrain.org	VFB_fw036887	VFB_00101567	0	2	2.0
2025-02-17	v2.virtualflybrain.org	VFB_fw036981	VFB_00101567	0	2	0.0
2025-02-17	v2.virtualflybrain.org	VFB_fw042922	VFB_00101567	0	1	0.0
2025-02-17	v2.virtualflybrain.org	VFB_fw105848	VFB_00101567	1	5	56.0
2025-02-17	v2.virtualflybrain.org	VFB_fw119592	VFB_00101567	2	5	181.0
2025-02-17	v2.virtualflybrain.org	VFB_fw126293	VFB_00101567	0	2	1.0
2025-02-17	v2.virtualflybrain.org	VFB_jrchjrch	VFB_00049000	0	2	987.0
2025-02-17	v2.virtualflybrain.org	VFB_jrchjrch	VFB_00101567	1	3	391.0
2025-02-17	v2.virtualflybrain.org	VFB_jrchjt1o		1	1	0.0
2025-02-17	v2.virtualflybrain.org	VFB_jrchjt1o	VFB_00101567	0	1	3.0
2025-02-17	v2.virtualflybrain.org	VFB_jrchjtdh	VFB_00101567	0	1	8.0
2025-02-17	v2.virtualflybrain.org	VFB_jrchjtdn	VFB_00101567	0	1	2.0
2025-02-17	v2.virtualflybrain.org	VFB_jrchjtdo	VFB_00101567	0	1	9.0
2025-02-17	v2.virtualflybrain.org	VFB_jrchjtfe	VFB_00101567	0	1	0.0
2025-02-17	v2.virtualflybrain.org	VFB_jrchk08b	VFB_00101384	1	3	181.0
2025-02-17	v2.virtualflybrain.org	VFB_jrchk08b	VFB_00101567	0	2	189.0
2025-02-17	v2.virtualflybrain.org	VFB_jrchk0e3	VFB_00101567	1	5	25.0
2025-02-17	v2.virtualflybrain.org	VFB_jrchk45t	VFB_00101567	0	2	7.0
2025-02-17	v2.virtualflybrain.org	VFB_jrchk4wy		1	1	1.0
2025-02-17	v2.virtualflybrain.org	VFB_jrchk7k3	VFB_00101567	0	2	3.0
2025-02-17	v2.virtualflybrain.org	VFB_jrchk7k4	VFB_00101567	0	2	21.0
2025-02-17	v2.virtualflybrain.org	VFB_jrchk7yg	VFB_00101567	1	2	36.0
2025-02-17	v2.virtualflybrain.org	VFB_jrcv07q3	VFB_00200000	0	1	0.0
2025-02-17	v2.virtualflybrain.org	VFB_jrcv07wt	VFB_00200000	0	1	51.0
2025-02-17	v2.virtualflybrain.org	VFB_jrcv07xa	VFB_00200000	0	1	0.0
2025-02-17	v2.virtualflybrain.org	VFB_jrcv07zw	VFB_00200000	0	2	87.0
2025-02-17	v2.virtualflybrain.org	VFB_jrcv0849	VFB_00200000	0	1	0.0
2025-02-17	v2.virtualflybrain.org	VFB_jrcv084c	VFB_00200000	0	2	68.0
2025-02-17	v2.virtualflybrain.org	VFB_jrcv08zh	VFB_00200000	0	2	88.0
2025-02-17	v2.virtualflybrain.org	VFB_jrcv091c	VFB_00200000	0	1	103.0
2025-02-17	v2.virtualflybrain.org	VFB_jrcv09ho	VFB_00200000	0	1	25.0
2025-02-17	v2.virtualflybrain.org	VFB_jrcv0ahi	VFB_00200000	0	2	25.0
2025-02-17	v2.virtualflybrain.org	VFB_jrcv0cr9	VFB_00200000	0	1	9.0
2025-02-17	v2.virtualflybrain.org	VFB_jrcv0czt	VFB_00200000	0	3	94.0
2025-02-17	v2.virtualflybrain.org	VFB_jrcv0d1k	VFB_00200000	0	1	22.0
2025-02-17	v2.virtualflybrain.org	VFB_jrcv0dkm	VFB_00200000	0	1	24.0
2025-02-17	v2.virtualflybrain.org	VFB_jrcv0dta	VFB_00200000	0	1	29.0
2025-02-17	v2.virtualflybrain.org	VFB_jrcv0ea6	VFB_00200000	0	1	18.0
2025-02-17	v2.virtualflybrain.org	VFB_jrcv0eeu	VFB_00200000	0	1	24.0
2025-02-17	v2.virtualflybrain.org	VFB_jrcv0efa	VFB_00200000	0	1	59.0
2025-02-17	v2.virtualflybrain.org	VFB_jrcv0eh3	VFB_00200000	0	1	15.0
2025-02-17	v2.virtualflybrain.org	VFB_jrcv0esc	VFB_00200000	0	1	20.0
2025-02-17	v2.virtualflybrain.org	VFB_jrcv0f0j	VFB_00200000	0	1	28.0
2025-02-17	v2.virtualflybrain.org	VFB_jrcv0f48	VFB_00200000	1	2	15.0
2025-02-17	v2.virtualflybrain.org	VFB_jrcv0f9a	VFB_00200000	0	1	22.0
2025-02-17	v2.virtualflybrain.org	VFB_jrcv0gle	VFB_00200000	0	1	15.0
2025-02-17	v2.virtualflybrain.org	VFB_jrcv0gpu	VFB_00200000	0	1	15.0
2025-02-17	v2.virtualflybrain.org	VFB_jrcv0gqy	VFB_00200000	0	2	196.0
2025-02-17	v2.virtualflybrain.org	VFB_jrcv0gz0	VFB_00200000	0	1	60.0
2025-02-17	v2.virtualflybrain.org	VFB_jrcv0haz	VFB_00200000	0	1	18.0
2025-02-17	v2.virtualflybrain.org	VFB_jrcv0hqg	VFB_00200000	0	1	25.0
2025-02-17	v2.virtualflybrain.org	VFB_jrcv0hs3	VFB_00200000	0	1	148.0
2025-02-17	v2.virtualflybrain.org	VFB_jrcv0i7a	VFB_00200000	0	1	14.0
2025-02-17	v2.virtualflybrain.org	VFB_jrcv0i7d	VFB_00200000	0	1	15.0
2025-02-17	v2.virtualflybrain.org	VFB_jrcv0i7l	VFB_00200000	0	1	17.0
2025-02-17	v2.virtualflybrain.org	VFB_jrcv0ijz	VFB_00200000	0	1	26.0
2025-02-17	v2.virtualflybrain.org	VFB_jrcv0iz8	VFB_00200000	0	2	0.0
2025-02-17	v2.virtualflybrain.org	VFB_jrcv0k0o	VFB_00200000	0	1	12.0
2025-02-17	v2.virtualflybrain.org	VFB_jrcv0k2i	VFB_00200000	0	1	12.0
2025-02-17	v2.virtualflybrain.org	VFB_jrcv0k4b	VFB_00200000	0	1	20.0
2025-02-17	v2.virtualflybrain.org	VFB_jrcv0k6d	VFB_00200000	0	1	66.0
2025-02-17	v2.virtualflybrain.org	VFB_jrcv0mii	VFB_00101567	1	2	13.0
2025-02-17	v2.virtualflybrain.org	VFB_jrcv0mii	VFB_00200000	2	3	30.0
2025-02-17	v2.virtualflybrain.org	VFB_jrcv0pva	VFB_00200000	0	1	70.0
2025-02-17	v2.virtualflybrain.org	VFB_jrcv3bvx	VFB_00200000	0	1	37.0
2025-02-17	v2.virtualflybrain.org	VFB_jrcv3d3c	VFB_00200000	0	1	30.0
2025-02-17	v2.virtualflybrain.org	VFB_jrcvm1f1	VFB_00101567	0	2	85.0
2025-02-17	v2.virtualflybrain.org	VFB_jrcvm1f1	VFB_00200000	1	2	0.0
2025-02-17	v2.virtualflybrain.org	VFBexp_FBti0036	VFB_00101567	0	1	31.0
2025-02-17	v2.virtualflybrain.org	VFBexp_FBti0201		1	1	0.0
2025-02-17	v2.virtualflybrain.org	VFBexp_FBtp0059		1	1	2.0
2025-02-17	v2.virtualflybrain.org	VFBexp_FBtp0059	VFB_00101567	1	4	104.0
2025-02-17	v2.virtualflybrain.org	VFBexp_FBtp0061		1	1	0.0
2025-02-17	v2.virtualflybrain.org	VFBexp_FBtp0061	VFB_00101567	0	1	33.0
2025-02-17	v2.virtualflybrain.org	VFBexp_FBtp0063		1	1	1.0
2025-02-17	v2.virtualflybrain.org	VFBexp_FBtp0063	VFB_00101567	0	1	6.0
2025-02-17	v2.virtualflybrain.org	VFBexp_FBtp0071	VFB_00101567	0	1	84.0
2025-02-17	v2.virtualflybrain.org	VFBexp_FBtp0087	VFB_00101567	0	1	17.0
2025-02-17	v2.virtualflybrain.org	VFBexp_FBtp0122		1	1	0.0
2025-02-17	v2.virtualflybrain.org	VFBexp_FBtp0123	VFB_00101567	0	4	174.0
2025-02-17	v2.virtualflybrain.org	VFBu_a9i4ba01		1	1	6.0
2025-02-17	v2.virtualflybrain.org	VFBu_bwl568on		2	1	9.0
2025-02-17	v2.virtualflybrain.org	VFBu_tovidihy		1	1	1.0
2025-02-17	v2.virtualflybrain.org	VFBu_vq787030		1	1	10.0
2025-02-18		FBbt_00003007		8	1	0.0
2025-02-18		FBbt_00003007	VFB_00110000	8	1	0.0
2025-02-18		FBbt_00003624		13	8	19.0
2025-02-18		FBbt_00003624	VFB_00101567	13	8	0.0
2025-02-18		FBbt_00003650		5	1	11.0
2025-02-18		FBbt_00003650	VFB_00101567	5	4	0.0
2025-02-18		FBbt_00003651		4	1	0.0
2025-02-18		FBbt_00003651	VFB_00101567	7	3	0.0
2025-02-18		FBbt_00003652		4	1	0.0
2025-02-18		FBbt_00003652	VFB_00101567	6	3	0.0
2025-02-18		FBbt_00003653		1	1	0.0
2025-02-18		FBbt_00003653	VFB_00101567	1	1	0.0
2025-02-18		FBbt_00003654		1	1	0.0
2025-02-18		FBbt_00003654	VFB_00101567	1	1	0.0
2025-02-18		FBbt_00003655		1	1	0.0
2025-02-18		FBbt_00003655	VFB_00101567	1	1	0.0
2025-02-18		FBbt_00003678		4	3	0.0
2025-02-18		FBbt_00003678	VFB_00101567	4	3	0.0
2025-02-18		FBbt_00003679		5	2	0.0
2025-02-18		FBbt_00003679	VFB_00101567	5	2	0.0
2025-02-18		FBbt_00003681		10	6	1.0
2025-02-18		FBbt_00003681	VFB_00101567	10	6	0.0
2025-02-18		FBbt_00003684		14	2	1.0
2025-02-18		FBbt_00003684	VFB_00101567	15	2	0.0
2025-02-18		FBbt_00003748		10	3	1.0
2025-02-18		FBbt_00003748	VFB_00101567	10	4	0.0
2025-02-18		FBbt_00003852		2	1	0.0
2025-02-18		FBbt_00003852	VFB_00101567	2	1	0.0
2025-02-18		FBbt_00004024		1	1	0.0
2025-02-18		FBbt_00004024	VFB_00101567	1	1	0.0
2025-02-18		FBbt_00004052		7	2	4.0
2025-02-18		FBbt_00004052	VFB_00200000	9	2	0.0
2025-02-18		FBbt_00004505		1	1	0.0
2025-02-18		FBbt_00004505	VFB_00101567	1	1	0.0
2025-02-18		FBbt_00004841		1	1	0.0
2025-02-18		FBbt_00004841	VFB_00101567	1	1	0.0
2025-02-18		FBbt_00007004		1	1	0.0
2025-02-18		FBbt_00007004	VFB_00110000	1	1	0.0
2025-02-18		FBbt_00007050		1	1	0.0
2025-02-18		FBbt_00007050	VFB_00101567	1	1	0.0
2025-02-18		FBbt_00007055		6	2	0.0
2025-02-18		FBbt_00007055	VFB_00101567	6	2	0.0
2025-02-18		FBbt_00007059		3	1	0.0
2025-02-18		FBbt_00007059	VFB_00101567	3	1	0.0
2025-02-18		FBbt_00007146		4	1	0.0
2025-02-18		FBbt_00007146	VFB_00101567	5	1	0.0
2025-02-18		FBbt_00007228		2	1	0.0
2025-02-18		FBbt_00007228	VFB_00101567	2	1	0.0
2025-02-18		FBbt_00007385		5	1	0.0
2025-02-18		FBbt_00007385	VFB_00101567	5	1	0.0
2025-02-18		FBbt_00007401		1	1	0.0
2025-02-18		FBbt_00007401	VFB_00101567	1	1	0.0
2025-02-18		FBbt_00007453		10	2	0.0
2025-02-18		FBbt_00007453	VFB_00101567	10	2	0.0
2025-02-18		FBbt_00007507		1	1	0.0
2025-02-18		FBbt_00007507	VFB_00101567	1	1	0.0
2025-02-18		FBbt_00007537		1	1	0.0
2025-02-18		FBbt_00007537	VFB_00101567	1	1	0.0
2025-02-18		FBbt_00007538		3	1	0.0
2025-02-18		FBbt_00007538	VFB_00101567	8	3	0.0
2025-02-18		FBbt_00007555		1	1	0.0
2025-02-18		FBbt_00007555	VFB_00101567	1	1	0.0
2025-02-18		FBbt_00007556		1	1	0.0
2025-02-18		FBbt_00007556	VFB_00101567	1	1	0.0
2025-02-18		FBbt_00007677		5	2	0.0
2025-02-18		FBbt_00007677	VFB_00101567	5	2	0.0
2025-02-18		FBbt_00013688		8	3	0.0
2025-02-18		FBbt_00013688	VFB_00101567	9	3	0.0
2025-02-18		FBbt_00013691		3	2	0.0
2025-02-18		FBbt_00013691	VFB_00101567	3	2	0.0
2025-02-18		FBbt_00014013		2	2	1.0
2025-02-18		FBbt_00014013	VFB_00017894	1	1	0.0
2025-02-18		FBbt_00014013	VFB_00101567	1	1	0.0
2025-02-18		FBbt_00015407		8	1	0.0
2025-02-18		FBbt_00015407	VFB_00101567	8	1	0.0
2025-02-18		FBbt_00040041		15	5	0.0
2025-02-18		FBbt_00040041	VFB_00017894	4	1	0.0
2025-02-18		FBbt_00040041	VFB_00101567	11	5	0.0
2025-02-18		FBbt_00040042		6	2	0.0
2025-02-18		FBbt_00040042	VFB_00101567	6	2	0.0
2025-02-18		FBbt_00040043		14	3	0.0
2025-02-18		FBbt_00040043	VFB_00101567	14	3	0.0
2025-02-18		FBbt_00040049		1	1	0.0
2025-02-18		FBbt_00040049	VFB_00101567	1	1	0.0
2025-02-18		FBbt_00040051		3	1	0.0
2025-02-18		FBbt_00040051	VFB_00101567	3	1	0.0
2025-02-18		FBbt_00045003		7	1	0.0
2025-02-18		FBbt_00045003	VFB_00101567	7	1	0.0
2025-02-18		FBbt_00045027		4	2	1.0
2025-02-18		FBbt_00045027	VFB_00101567	4	3	0.0
2025-02-18		FBbt_00045046		1	1	0.0
2025-02-18		FBbt_00045046	VFB_00101567	1	1	0.0
2025-02-18		FBbt_00045048		7	2	0.0
2025-02-18		FBbt_00045048	VFB_00101567	7	2	0.0
2025-02-18		FBbt_00045051		1	1	0.0
2025-02-18		FBbt_00045051	VFB_00101567	1	1	0.0
2025-02-18		FBbt_00047035		1	1	0.0
2025-02-18		FBbt_00047035	VFB_00101567	1	1	0.0
2025-02-18		FBbt_00047037		4	1	4.0
2025-02-18		FBbt_00047037	VFB_00101567	4	4	0.0
2025-02-18		FBbt_00047038		2	1	0.0
2025-02-18		FBbt_00047038	VFB_00101567	2	2	0.0
2025-02-18		FBbt_00047039		2	1	0.0
2025-02-18		FBbt_00047039	VFB_00101567	2	2	0.0
2025-02-18		FBbt_00047040		2	1	0.0
2025-02-18		FBbt_00047040	VFB_00101567	2	2	0.0
2025-02-18		FBbt_00047041		2	1	0.0
2025-02-18		FBbt_00047041	VFB_00101567	7	2	0.0
2025-02-18		FBbt_00047042		3	1	0.0
2025-02-18		FBbt_00047042	VFB_00101567	3	3	0.0
2025-02-18		FBbt_00047043		2	1	0.0
2025-02-18		FBbt_00047043	VFB_00101567	2	2	0.0
2025-02-18		FBbt_00047517		2	1	34.0
2025-02-18		FBbt_00047517	VFB_00101567	2	1	0.0
2025-02-18		FBbt_00047541		2	1	0.0
2025-02-18		FBbt_00047541	VFB_00200000	2	1	0.0
2025-02-18		FBbt_00047639		1	1	0.0
2025-02-18		FBbt_00047639	VFB_00101567	1	1	0.0
2025-02-18		FBbt_00047660		11	1	0.0
2025-02-18		FBbt_00047660	VFB_00101567	11	1	0.0
2025-02-18		FBbt_00047662		3	1	0.0
2025-02-18		FBbt_00047662	VFB_00101567	4	1	0.0
2025-02-18		FBbt_00047887		2	1	0.0
2025-02-18		FBbt_00047887	VFB_00101567	2	1	0.0
2025-02-18		FBbt_00047965		1	1	0.0
2025-02-18		FBbt_00047965	VFB_00050000	1	1	0.0
2025-02-18		FBbt_00048027		11	1	0.0
2025-02-18		FBbt_00048027	VFB_00101567	11	1	0.0
2025-02-18		FBbt_00048114		1	1	0.0
2025-02-18		FBbt_00048114	VFB_00101567	1	1	0.0
2025-02-18		FBbt_00048116		2	1	0.0
2025-02-18		FBbt_00048116	VFB_00101567	2	1	0.0
2025-02-18		FBbt_00049642		2	1	0.0
2025-02-18		FBbt_00049642	VFB_00101567	3	1	0.0
2025-02-18		FBbt_00049929		1	1	0.0
2025-02-18		FBbt_00049929	VFB_00101567	1	1	0.0
2025-02-18		FBbt_00051205		1	1	0.0
2025-02-18		FBbt_00051205	VFB_00050000	1	1	0.0
2025-02-18		FBbt_00051230		1	1	0.0
2025-02-18		FBbt_00051230	VFB_00101567	1	1	0.0
2025-02-18		FBbt_00051393		7	1	0.0
2025-02-18		FBbt_00051393	VFB_00101567	8	1	0.0
2025-02-18		FBbt_00053040		1	1	0.0
2025-02-18		FBbt_00053040	VFB_00101567	1	1	0.0
2025-02-18		FBbt_00058792		1	1	0.0
2025-02-18		FBbt_00058792	VFB_00110000	1	1	0.0
2025-02-18		FBbt_00059090		2	1	0.0
2025-02-18		FBbt_00059090	VFB_00110000	2	1	0.0
2025-02-18		FBbt_00059093		4	1	0.0
2025-02-18		FBbt_00059093	VFB_00110000	4	1	0.0
2025-02-18		FBbt_00110638		4	1	0.0
2025-02-18		FBbt_00110638	VFB_00101567	4	1	0.0
2025-02-18		FBbt_00110639		6	3	0.0
2025-02-18		FBbt_00110639	VFB_00101567	6	4	0.0
2025-02-18		FBbt_00110657		5	1	0.0
2025-02-18		FBbt_00110657	VFB_00101567	5	1	0.0
2025-02-18		FBbt_00110658		1	1	0.0
2025-02-18		FBbt_00110658	VFB_00101567	1	1	0.0
2025-02-18		FBbt_20001170		9	1	0.0
2025-02-18		FBbt_20001170	VFB_00101567	9	1	0.0
2025-02-18		VFB_00017894		2	1	0.0
2025-02-18		VFB_00017894	VFB_00017894	3	2	17.0
2025-02-18		VFB_00023253		8	1	11.0
2025-02-18		VFB_00023253	VFB_00101567	8	2	0.0
2025-02-18		VFB_00030867		18	1	256.0
2025-02-18		VFB_00030867	VFB_00017894	3	1	0.0
2025-02-18		VFB_00030867	VFB_00101567	15	1	0.0
2025-02-18		VFB_00030875		2	1	2.0
2025-02-18		VFB_00030875	VFB_00101567	2	1	0.0
2025-02-18		VFB_00045107		5	1	0.0
2025-02-18		VFB_00045107	VFB_00101567	5	1	0.0
2025-02-18		VFB_00049000		3	1	6.0
2025-02-18		VFB_00049000	VFB_00049000	4	2	4.0
2025-02-18		VFB_00050000		9	3	0.0
2025-02-18		VFB_00050000	VFB_00050000	11	4	15.0
2025-02-18		VFB_00100183		3	1	0.0
2025-02-18		VFB_00100183	VFB_00050000	3	2	0.0
2025-02-18		VFB_0010022q		6	1	100.0
2025-02-18		VFB_0010022q	VFB_00050000	11	2	0.0
2025-02-18		VFB_00100246		1	1	0.0
2025-02-18		VFB_00100246	VFB_00050000	6	1	0.0
2025-02-18		VFB_0010025x		1	1	0.0
2025-02-18		VFB_0010025x	VFB_00050000	1	1	0.0
2025-02-18		VFB_00100352		33	1	175.0
2025-02-18		VFB_00100352	VFB_00050000	23	4	0.0
2025-02-18		VFB_00100361		30	1	54.0
2025-02-18		VFB_00100361	VFB_00050000	29	2	0.0
2025-02-18		VFB_00100382		1	1	0.0
2025-02-18		VFB_00100382	VFB_00050000	1	1	0.0
2025-02-18		VFB_00100511		29	1	103.0
2025-02-18		VFB_00100511	VFB_00050000	29	4	0.0
2025-02-18		VFB_00100715		9	1	0.0
2025-02-18		VFB_00100715	VFB_00050000	9	1	0.0
2025-02-18		VFB_00100dye		3	1	5.0
2025-02-18		VFB_00100dye	VFB_00101567	2	1	0.0
2025-02-18		VFB_00100dye	VFB_00200000	1	1	0.0
2025-02-18		VFB_00100yv9		2	1	4.0
2025-02-18		VFB_00100yv9	VFB_00101567	2	1	0.0
2025-02-18		VFB_001011eg		5	1	0.0
2025-02-18		VFB_001011eg	VFB_00050000	5	2	0.0
2025-02-18		VFB_00101214		2	1	1.0
2025-02-18		VFB_00101214	VFB_00101567	2	1	0.0
2025-02-18		VFB_0010123j		3	1	1.0
2025-02-18		VFB_0010123j	VFB_00101567	3	1	0.0
2025-02-18		VFB_0010129p		2	1	1.0
2025-02-18		VFB_0010129p	VFB_00101567	2	1	0.0
2025-02-18		VFB_001012c1		14	1	31.0
2025-02-18		VFB_001012c1	VFB_00101567	14	4	0.0
2025-02-18		VFB_001014uq		3	1	6.0
2025-02-18		VFB_001014uq	VFB_00101567	3	1	0.0
2025-02-18		VFB_00101567		132	31	299.0
2025-02-18		VFB_00101567	VFB_00101567	152	46	56.0
2025-02-18		VFB_00101uie		11	1	0.0
2025-02-18		VFB_00101uie	VFB_00101567	11	1	0.0
2025-02-18		VFB_00102114		5	2	1.0
2025-02-18		VFB_00102114	VFB_00101567	6	4	0.0
2025-02-18		VFB_00102118		3	2	0.0
2025-02-18		VFB_00102118	VFB_00101567	3	2	0.0
2025-02-18		VFB_00102119		3	2	0.0
2025-02-18		VFB_00102119	VFB_00101567	3	2	0.0
2025-02-18		VFB_00102121		3	2	0.0
2025-02-18		VFB_00102121	VFB_00101567	3	2	0.0
2025-02-18		VFB_00102123		3	2	0.0
2025-02-18		VFB_00102123	VFB_00101567	3	2	0.0
2025-02-18		VFB_00102124		3	2	0.0
2025-02-18		VFB_00102124	VFB_00101567	3	2	0.0
2025-02-18		VFB_00102133		3	2	0.0
2025-02-18		VFB_00102133	VFB_00101567	3	2	0.0
2025-02-18		VFB_00102140		6	2	9.0
2025-02-18		VFB_00102140	VFB_00101567	5	2	0.0
2025-02-18		VFB_00102154		2	1	4.0
2025-02-18		VFB_00102154	VFB_00101567	2	1	0.0
2025-02-18		VFB_00102183		1	1	0.0
2025-02-18		VFB_00102183	VFB_00101567	1	1	0.0
2025-02-18		VFB_00102201		10	3	46.0
2025-02-18		VFB_00102201	VFB_00101567	9	4	0.0
2025-02-18		VFB_00102275		2	1	0.0
2025-02-18		VFB_00102275	VFB_00101567	2	1	0.0
2025-02-18		VFB_00102esl		6	1	1.0
2025-02-18		VFB_00102esl	VFB_00050000	6	1	0.0
2025-02-18		VFB_00102esu		7	1	0.0
2025-02-18		VFB_00102esu	VFB_00049000	7	1	0.0
2025-02-18		VFB_00102gs2		17	1	0.0
2025-02-18		VFB_00102gs2	VFB_00049000	9	1	0.0
2025-02-18		VFB_00102gs2	VFB_00101567	8	1	0.0
2025-02-18		VFB_00102gu5		1	1	0.0
2025-02-18		VFB_00102gu5	VFB_00049000	1	1	0.0
2025-02-18		VFB_00110000		3	1	11.0
2025-02-18		VFB_00110000	VFB_00110000	5	2	87.0
2025-02-18		VFB_00200000		33	2	265.0
2025-02-18		VFB_00200000	VFB_00200000	44	9	257.0
2025-02-18		VFB_fw001048		15	1	40.0
2025-02-18		VFB_fw001048	VFB_00101567	15	5	0.0
2025-02-18		VFB_fw001918		38	1	381.0
2025-02-18		VFB_fw001918	VFB_00101567	45	9	0.0
2025-02-18		VFB_fw002990		7	1	49.0
2025-02-18		VFB_fw002990	VFB_00101567	2	1	0.0
2025-02-18		VFB_fw004270		19	1	29.0
2025-02-18		VFB_fw004270	VFB_00101567	19	6	0.0
2025-02-18		VFB_fw019780		8	1	10.0
2025-02-18		VFB_fw019780	VFB_00101567	8	3	0.0
2025-02-18		VFB_fw025524		1	1	0.0
2025-02-18		VFB_fw025524	VFB_00101567	1	1	0.0
2025-02-18		VFB_fw025980		2	1	0.0
2025-02-18		VFB_fw025980	VFB_00101567	2	1	0.0
2025-02-18		VFB_fw030853		16	1	86.0
2025-02-18		VFB_fw030853	VFB_00101567	26	4	0.0
2025-02-18		VFB_fw032899		19	1	108.0
2025-02-18		VFB_fw032899	VFB_00101567	22	4	0.0
2025-02-18		VFB_fw033045		44	1	114.0
2025-02-18		VFB_fw033045	VFB_00101567	24	6	0.0
2025-02-18		VFB_fw034041		2	1	4.0
2025-02-18		VFB_fw034041	VFB_00101567	2	1	0.0
2025-02-18		VFB_fw034324		9	1	86.0
2025-02-18		VFB_fw034324	VFB_00101567	14	3	0.0
2025-02-18		VFB_fw035067		7	1	44.0
2025-02-18		VFB_fw035067	VFB_00101567	7	2	0.0
2025-02-18		VFB_fw035124		31	1	213.0
2025-02-18		VFB_fw035124	VFB_00101567	26	3	0.0
2025-02-18		VFB_fw035398		38	1	533.0
2025-02-18		VFB_fw035398	VFB_00101567	31	6	0.0
2025-02-18		VFB_fw036565		2	1	4.0
2025-02-18		VFB_fw036565	VFB_00101567	2	1	0.0
2025-02-18		VFB_jrchjtn1		12	1	41.0
2025-02-18		VFB_jrchjtn1	VFB_00101567	12	2	0.0
2025-02-18		VFB_jrchjto4		7	1	29.0
2025-02-18		VFB_jrchjto4	VFB_00101567	2	1	0.0
2025-02-18		VFB_jrchjtot		24	1	63.0
2025-02-18		VFB_jrchjtot	VFB_00101567	19	5	0.0
2025-02-18		VFB_jrchjtpj		39	1	433.0
2025-02-18		VFB_jrchjtpj	VFB_00101567	51	6	0.0
2025-02-18		VFB_jrchjtq4		7	1	80.0
2025-02-18		VFB_jrchjtq4	VFB_00101567	7	2	0.0
2025-02-18		VFB_jrchjts1		30	1	32.0
2025-02-18		VFB_jrchjts1	VFB_00101567	25	4	0.0
2025-02-18		VFB_jrchjtsf		9	1	72.0
2025-02-18		VFB_jrchjtsf	VFB_00101567	9	3	0.0
2025-02-18		VFB_jrchjtss		2	1	15.0
2025-02-18		VFB_jrchjtss	VFB_00101567	2	1	0.0
2025-02-18		VFB_jrchk06a		1	1	0.0
2025-02-18		VFB_jrchk06a	VFB_00101567	1	1	0.0
2025-02-18		VFB_jrchk06x		1	1	2.0
2025-02-18		VFB_jrchk06x	VFB_00101567	1	1	0.0
2025-02-18		VFB_jrchk10f		6	1	3.0
2025-02-18		VFB_jrchk10f	VFB_00101567	6	2	0.0
2025-02-18		VFB_jrcv0acq		8	1	0.0
2025-02-18		VFB_jrcv0acq	VFB_00200000	8	3	0.0
2025-02-18		VFB_jrcv0bmb		8	1	25.0
2025-02-18		VFB_jrcv0bmb	VFB_00200000	1	1	0.0
2025-02-18		VFB_jrcv0bvg		1	1	0.0
2025-02-18		VFB_jrcv0bvg	VFB_00200000	1	1	0.0
2025-02-18		VFB_jrcv0c6g		1	1	0.0
2025-02-18		VFB_jrcv0c6g	VFB_00200000	8	1	0.0
2025-02-18		VFB_jrcv0ekm		3	1	43.0
2025-02-18		VFB_jrcv0ekm	VFB_00200000	3	2	0.0
2025-02-18		VFB_jrcv0ftu		1	1	0.0
2025-02-18		VFB_jrcv0ftu	VFB_00200000	1	1	0.0
2025-02-18		VFB_jrcv0hiu		1	1	0.0
2025-02-18		VFB_jrcv0hiu	VFB_00200000	1	1	0.0
2025-02-18		VFB_jrcv0lbk		1	1	0.0
2025-02-18		VFB_jrcv0lbk	VFB_00200000	1	1	0.0
2025-02-18		VFB_jrcv0m8n		1	1	0.0
2025-02-18		VFB_jrcv0m8n	VFB_00200000	1	1	0.0
2025-02-18		VFB_jrcv0msv		1	1	0.0
2025-02-18		VFB_jrcv0msv	VFB_00200000	1	1	0.0
2025-02-18		VFB_jrcv0pfz		1	1	1.0
2025-02-18		VFB_jrcv0pfz	VFB_00200000	1	1	0.0
2025-02-18		VFB_jrcv0qb2		2	1	0.0
2025-02-18		VFB_jrcv0qb2	VFB_00200000	2	2	0.0
2025-02-18		VFB_jrcv0s6a		1	1	0.0
2025-02-18		VFB_jrcv0s6a	VFB_00200000	1	1	0.0
2025-02-18		VFB_jrcv0u9h		1	1	0.0
2025-02-18		VFB_jrcv0u9h	VFB_00200000	1	1	0.0
2025-02-18		VFB_jrcv0uf2		1	1	0.0
2025-02-18		VFB_jrcv0uf2	VFB_00200000	1	1	0.0
2025-02-18		VFB_jrcv0wci		1	1	0.0
2025-02-18		VFB_jrcv0wci	VFB_00200000	1	1	0.0
2025-02-18		VFB_jrcv0wyo		1	1	0.0
2025-02-18		VFB_jrcv0wyo	VFB_00200000	1	1	0.0
2025-02-18		VFB_jrcv0xux		1	1	0.0
2025-02-18		VFB_jrcv0xux	VFB_00200000	1	1	0.0
2025-02-18		VFB_jrcv11if		1	1	0.0
2025-02-18		VFB_jrcv11if	VFB_00200000	1	1	0.0
2025-02-18		VFB_jrcv11x8		5	1	2.0
2025-02-18		VFB_jrcv11x8	VFB_00200000	5	3	0.0
2025-02-18		VFB_jrcv14db		1	1	0.0
2025-02-18		VFB_jrcv14db	VFB_00200000	1	1	0.0
2025-02-18		VFB_jrcv14hf		1	1	0.0
2025-02-18		VFB_jrcv14hf	VFB_00200000	1	1	0.0
2025-02-18		VFB_jrcv1ajb		7	1	2.0
2025-02-18		VFB_jrcv1ajb	VFB_00200000	3	2	0.0
2025-02-18		VFB_jrcv1c97		1	1	0.0
2025-02-18		VFB_jrcv1c97	VFB_00200000	1	1	0.0
2025-02-18		VFB_jrcv1d5o		1	1	1.0
2025-02-18		VFB_jrcv1d5o	VFB_00200000	1	1	0.0
2025-02-18		VFB_jrcv1dg8		1	1	1.0
2025-02-18		VFB_jrcv1dg8	VFB_00200000	1	1	0.0
2025-02-18		VFB_jrcv1dm0		1	1	0.0
2025-02-18		VFB_jrcv1dm0	VFB_00200000	1	1	0.0
2025-02-18		VFB_jrcv1ekc		6	1	9.0
2025-02-18		VFB_jrcv1ekc	VFB_00200000	1	1	0.0
2025-02-18		VFB_jrcv1f6a		5	1	0.0
2025-02-18		VFB_jrcv1f6a	VFB_00200000	10	2	0.0
2025-02-18		VFB_jrcv1fkn		1	1	0.0
2025-02-18		VFB_jrcv1fkn	VFB_00200000	1	1	0.0
2025-02-18		VFB_jrcv1i4v		1	1	0.0
2025-02-18		VFB_jrcv1i4v	VFB_00200000	1	1	0.0
2025-02-18		VFB_jrcv1w3t		6	1	2.0
2025-02-18		VFB_jrcv1w3t	VFB_00200000	10	3	0.0
2025-02-18		VFB_jrcv204j		1	1	0.0
2025-02-18		VFB_jrcv204j	VFB_00200000	1	1	0.0
2025-02-18		VFB_jrcv20fq		1	1	0.0
2025-02-18		VFB_jrcv20fq	VFB_00200000	1	1	0.0
2025-02-18		VFB_jrcv25a3		1	1	0.0
2025-02-18		VFB_jrcv25a3	VFB_00200000	1	1	0.0
2025-02-18		VFB_jrcv25ie		1	1	0.0
2025-02-18		VFB_jrcv25ie	VFB_00200000	1	1	0.0
2025-02-18		VFB_jrcv25zj		1	1	0.0
2025-02-18		VFB_jrcv25zj	VFB_00200000	1	1	0.0
2025-02-18		VFB_jrcv264e		1	1	0.0
2025-02-18		VFB_jrcv264e	VFB_00200000	1	1	0.0
2025-02-18		VFB_jrcv2qto		1	1	0.0
2025-02-18		VFB_jrcv2qto	VFB_00200000	1	1	0.0
2025-02-18		VFB_jrcv2sqi		2	1	0.0
2025-02-18		VFB_jrcv2sqi	VFB_00200000	2	2	0.0
2025-02-18		VFB_jrcv2u9x		1	1	0.0
2025-02-18		VFB_jrcv2u9x	VFB_00200000	1	1	0.0
2025-02-18		VFB_jrcv39dj		1	1	0.0
2025-02-18		VFB_jrcv39dj	VFB_00200000	1	1	0.0
2025-02-18		VFB_jrcv3aeo		1	1	0.0
2025-02-18		VFB_jrcv3aeo	VFB_00200000	1	1	0.0
2025-02-18		VFB_jrcv3b3x		1	1	0.0
2025-02-18		VFB_jrcv3b3x	VFB_00200000	1	1	0.0
2025-02-18		VFB_jrcv3bfs		1	1	0.0
2025-02-18		VFB_jrcv3bfs	VFB_00200000	1	1	0.0
2025-02-18		VFB_jrcv3sum		1	1	0.0
2025-02-18		VFB_jrcv3sum	VFB_00200000	1	1	0.0
2025-02-18		VFB_jrcv3t7l		9	1	21.0
2025-02-18		VFB_jrcv3t7l	VFB_00200000	5	2	0.0
2025-02-18		VFB_jrcv3tgk		1	1	0.0
2025-02-18		VFB_jrcv3tgk	VFB_00200000	1	1	0.0
2025-02-18		VFB_jrcvhd0m		1	1	0.0
2025-02-18		VFB_jrcvhd0m	VFB_00200000	1	1	0.0
2025-02-18		VFBexp_FBti0201		1	1	0.0
2025-02-18		VFBexp_FBti0201	VFB_00101567	1	1	0.0
2025-02-18		VFBexp_FBtp0059		3	3	0.0
2025-02-18		VFBexp_FBtp0059	VFB_00101567	3	3	0.0
2025-02-18		VFBexp_FBtp0061		1	1	0.0
2025-02-18		VFBexp_FBtp0061	VFB_00101567	1	1	0.0
2025-02-18	v2.virtualflybrain.org	FBbt_00002807		1	1	0.0
2025-02-18	v2.virtualflybrain.org	FBbt_00003007	VFB_00110000	0	1	8.0
2025-02-18	v2.virtualflybrain.org	FBbt_00003624	VFB_00101567	5	11	291.0
2025-02-18	v2.virtualflybrain.org	FBbt_00003650	VFB_00101567	0	3	59.0
2025-02-18	v2.virtualflybrain.org	FBbt_00003651	VFB_00101567	0	5	93.0
2025-02-18	v2.virtualflybrain.org	FBbt_00003652	VFB_00101567	0	3	153.0
2025-02-18	v2.virtualflybrain.org	FBbt_00003653	VFB_00101567	0	1	11.0
2025-02-18	v2.virtualflybrain.org	FBbt_00003654	VFB_00101567	0	1	17.0
2025-02-18	v2.virtualflybrain.org	FBbt_00003655	VFB_00101567	0	1	60.0
2025-02-18	v2.virtualflybrain.org	FBbt_00003678	VFB_00101567	0	3	61.0
2025-02-18	v2.virtualflybrain.org	FBbt_00003679	VFB_00101567	2	4	81.0
2025-02-18	v2.virtualflybrain.org	FBbt_00003681	VFB_00101567	2	7	105.0
2025-02-18	v2.virtualflybrain.org	FBbt_00003684	VFB_00101567	0	2	150.0
2025-02-18	v2.virtualflybrain.org	FBbt_00003748	VFB_00101567	1	6	313.0
2025-02-18	v2.virtualflybrain.org	FBbt_00003852	VFB_00101567	0	1	10.0
2025-02-18	v2.virtualflybrain.org	FBbt_00004024		1	1	0.0
2025-02-18	v2.virtualflybrain.org	FBbt_00004024	VFB_00101567	0	1	43.0
2025-02-18	v2.virtualflybrain.org	FBbt_00004052	VFB_00200000	0	3	17.0
2025-02-18	v2.virtualflybrain.org	FBbt_00004505		1	1	1.0
2025-02-18	v2.virtualflybrain.org	FBbt_00004505	VFB_00101567	0	1	33.0
2025-02-18	v2.virtualflybrain.org	FBbt_00004841	VFB_00101567	0	1	46.0
2025-02-18	v2.virtualflybrain.org	FBbt_00007004	VFB_00110000	0	1	14.0
2025-02-18	v2.virtualflybrain.org	FBbt_00007050	VFB_00101567	0	1	33.0
2025-02-18	v2.virtualflybrain.org	FBbt_00007054		1	1	10.0
2025-02-18	v2.virtualflybrain.org	FBbt_00007055	VFB_00101567	5	4	11.0
2025-02-18	v2.virtualflybrain.org	FBbt_00007059	VFB_00101567	0	1	7.0
2025-02-18	v2.virtualflybrain.org	FBbt_00007146	VFB_00101567	0	1	38.0
2025-02-18	v2.virtualflybrain.org	FBbt_00007228	VFB_00101567	3	1	0.0
2025-02-18	v2.virtualflybrain.org	FBbt_00007385	VFB_00101567	2	2	21.0
2025-02-18	v2.virtualflybrain.org	FBbt_00007401	VFB_00101567	0	1	34.0
2025-02-18	v2.virtualflybrain.org	FBbt_00007453	VFB_00101567	10	2	1.0
2025-02-18	v2.virtualflybrain.org	FBbt_00007507	VFB_00101567	0	1	25.0
2025-02-18	v2.virtualflybrain.org	FBbt_00007537	VFB_00101567	0	1	15.0
2025-02-18	v2.virtualflybrain.org	FBbt_00007538	VFB_00101567	0	3	33.0
2025-02-18	v2.virtualflybrain.org	FBbt_00007555	VFB_00101567	0	1	27.0
2025-02-18	v2.virtualflybrain.org	FBbt_00007556	VFB_00101567	0	1	25.0
2025-02-18	v2.virtualflybrain.org	FBbt_00007677	VFB_00101567	0	2	25.0
2025-02-18	v2.virtualflybrain.org	FBbt_00013688	VFB_00101567	0	3	39.0
2025-02-18	v2.virtualflybrain.org	FBbt_00013691	VFB_00101567	2	3	85.0
2025-02-18	v2.virtualflybrain.org	FBbt_00014013	VFB_00017894	0	1	110.0
2025-02-18	v2.virtualflybrain.org	FBbt_00014013	VFB_00101567	0	1	12.0
2025-02-18	v2.virtualflybrain.org	FBbt_00015407	VFB_00101567	0	1	35.0
2025-02-18	v2.virtualflybrain.org	FBbt_00040041	VFB_00017894	0	2	31.0
2025-02-18	v2.virtualflybrain.org	FBbt_00040041	VFB_00101567	6	5	56.0
2025-02-18	v2.virtualflybrain.org	FBbt_00040042	VFB_00101567	7	3	2.0
2025-02-18	v2.virtualflybrain.org	FBbt_00040043	VFB_00101567	3	4	102.0
2025-02-18	v2.virtualflybrain.org	FBbt_00040049	VFB_00101567	0	1	2.0
2025-02-18	v2.virtualflybrain.org	FBbt_00040051	VFB_00101567	0	1	3.0
2025-02-18	v2.virtualflybrain.org	FBbt_00045003	VFB_00101567	0	1	7.0
2025-02-18	v2.virtualflybrain.org	FBbt_00045027	VFB_00101567	0	4	23.0
2025-02-18	v2.virtualflybrain.org	FBbt_00045046	VFB_00101567	2	2	3.0
2025-02-18	v2.virtualflybrain.org	FBbt_00045048	VFB_00101567	0	2	7.0
2025-02-18	v2.virtualflybrain.org	FBbt_00045051	VFB_00101567	0	1	36.0
2025-02-18	v2.virtualflybrain.org	FBbt_00047035	VFB_00101567	0	1	37.0
2025-02-18	v2.virtualflybrain.org	FBbt_00047037	VFB_00101567	1	4	216.0
2025-02-18	v2.virtualflybrain.org	FBbt_00047038	VFB_00101567	0	2	46.0
2025-02-18	v2.virtualflybrain.org	FBbt_00047039	VFB_00101567	0	2	108.0
2025-02-18	v2.virtualflybrain.org	FBbt_00047040	VFB_00101567	0	2	64.0
2025-02-18	v2.virtualflybrain.org	FBbt_00047041	VFB_00101567	0	2	28.0
2025-02-18	v2.virtualflybrain.org	FBbt_00047042	VFB_00101567	0	3	52.0
2025-02-18	v2.virtualflybrain.org	FBbt_00047043	VFB_00101567	0	2	29.0
2025-02-18	v2.virtualflybrain.org	FBbt_00047517	VFB_00101567	0	1	0.0
2025-02-18	v2.virtualflybrain.org	FBbt_00047541	VFB_00200000	0	1	5.0
2025-02-18	v2.virtualflybrain.org	FBbt_00047551		1	1	0.0
2025-02-18	v2.virtualflybrain.org	FBbt_00047639	VFB_00101567	0	1	45.0
2025-02-18	v2.virtualflybrain.org	FBbt_00047660	VFB_00101567	12	1	0.0
2025-02-18	v2.virtualflybrain.org	FBbt_00047662	VFB_00101567	0	2	23.0
2025-02-18	v2.virtualflybrain.org	FBbt_00047861		2	2	10.0
2025-02-18	v2.virtualflybrain.org	FBbt_00047887	VFB_00101567	0	1	10.0
2025-02-18	v2.virtualflybrain.org	FBbt_00047953		2	2	15.0
2025-02-18	v2.virtualflybrain.org	FBbt_00047965	VFB_00050000	0	1	18.0
2025-02-18	v2.virtualflybrain.org	FBbt_00048027	VFB_00101567	12	1	0.0
2025-02-18	v2.virtualflybrain.org	FBbt_00048114	VFB_00101567	0	1	15.0
2025-02-18	v2.virtualflybrain.org	FBbt_00048116	VFB_00101567	0	2	66.0
2025-02-18	v2.virtualflybrain.org	FBbt_00049145		1	1	0.0
2025-02-18	v2.virtualflybrain.org	FBbt_00049642	VFB_00101567	0	1	18.0
2025-02-18	v2.virtualflybrain.org	FBbt_00049754		1	1	8.0
2025-02-18	v2.virtualflybrain.org	FBbt_00049765		1	1	8.0
2025-02-18	v2.virtualflybrain.org	FBbt_00049929	VFB_00101567	0	1	47.0
2025-02-18	v2.virtualflybrain.org	FBbt_00051205	VFB_00050000	0	1	26.0
2025-02-18	v2.virtualflybrain.org	FBbt_00051230	VFB_00101567	0	1	51.0
2025-02-18	v2.virtualflybrain.org	FBbt_00051393	VFB_00101567	0	1	38.0
2025-02-18	v2.virtualflybrain.org	FBbt_00051990		1	1	0.0
2025-02-18	v2.virtualflybrain.org	FBbt_00058792	VFB_00110000	0	1	1.0
2025-02-18	v2.virtualflybrain.org	FBbt_00059090	VFB_00110000	0	1	2.0
2025-02-18	v2.virtualflybrain.org	FBbt_00059093	VFB_00110000	0	1	7.0
2025-02-18	v2.virtualflybrain.org	FBbt_00110574		1	1	10.0
2025-02-18	v2.virtualflybrain.org	FBbt_00110638	VFB_00101567	0	1	31.0
2025-02-18	v2.virtualflybrain.org	FBbt_00110639	VFB_00101567	0	4	15.0
2025-02-18	v2.virtualflybrain.org	FBbt_00110657	VFB_00101567	0	1	21.0
2025-02-18	v2.virtualflybrain.org	FBbt_00110658	VFB_00101567	0	2	28.0
2025-02-18	v2.virtualflybrain.org	FBbt_20001170	VFB_00101567	10	1	0.0
2025-02-18	v2.virtualflybrain.org	VFB_00017894	VFB_00017894	3	5	63.0
2025-02-18	v2.virtualflybrain.org	VFB_00023253	VFB_00101567	2	2	103.0
2025-02-18	v2.virtualflybrain.org	VFB_00030867	VFB_00017894	3	4	57.0
2025-02-18	v2.virtualflybrain.org	VFB_00030867	VFB_00101567	0	2	41.0
2025-02-18	v2.virtualflybrain.org	VFB_00030868	VFB_00017894	1	1	0.0
2025-02-18	v2.virtualflybrain.org	VFB_00030875	VFB_00101567	0	1	2.0
2025-02-18	v2.virtualflybrain.org	VFB_00045107	VFB_00101567	5	1	0.0
2025-02-18	v2.virtualflybrain.org	VFB_00049000	VFB_00049000	1	7	7.0
2025-02-18	v2.virtualflybrain.org	VFB_00050000	VFB_00050000	12	12	31.0
2025-02-18	v2.virtualflybrain.org	VFB_00100183	VFB_00050000	2	3	137.0
2025-02-18	v2.virtualflybrain.org	VFB_0010022q	VFB_00050000	0	1	10.0
2025-02-18	v2.virtualflybrain.org	VFB_00100246	VFB_00050000	0	1	60.0
2025-02-18	v2.virtualflybrain.org	VFB_0010025x	VFB_00050000	1	1	0.0
2025-02-18	v2.virtualflybrain.org	VFB_0010028k	VFB_00050000	0	1	0.0
2025-02-18	v2.virtualflybrain.org	VFB_00100352	VFB_00050000	0	2	0.0
2025-02-18	v2.virtualflybrain.org	VFB_00100361	VFB_00050000	0	2	169.0
2025-02-18	v2.virtualflybrain.org	VFB_00100382	VFB_00050000	0	1	8.0
2025-02-18	v2.virtualflybrain.org	VFB_00100511	VFB_00050000	0	3	17.0
2025-02-18	v2.virtualflybrain.org	VFB_00100715	VFB_00050000	9	1	0.0
2025-02-18	v2.virtualflybrain.org	VFB_00100dye	VFB_00101567	0	2	24.0
2025-02-18	v2.virtualflybrain.org	VFB_00100dye	VFB_00200000	1	3	17.0
2025-02-18	v2.virtualflybrain.org	VFB_00100yv9	VFB_00101567	0	1	0.0
2025-02-18	v2.virtualflybrain.org	VFB_001011eg	VFB_00050000	0	2	32.0
2025-02-18	v2.virtualflybrain.org	VFB_00101214	VFB_00101567	0	1	82.0
2025-02-18	v2.virtualflybrain.org	VFB_0010123j	VFB_00101567	0	2	117.0
2025-02-18	v2.virtualflybrain.org	VFB_001012c1	VFB_00101567	0	2	0.0
2025-02-18	v2.virtualflybrain.org	VFB_001014uq	VFB_00101567	0	2	1.0
2025-02-18	v2.virtualflybrain.org	VFB_001014uq	VFB_00110000	1	1	18.0
2025-02-18	v2.virtualflybrain.org	VFB_00101567	VFB_00101567	53	88	836.0
2025-02-18	v2.virtualflybrain.org	VFB_00101uie	VFB_00101567	11	1	1.0
2025-02-18	v2.virtualflybrain.org	VFB_00102114	VFB_00101567	0	4	69.0
2025-02-18	v2.virtualflybrain.org	VFB_00102118	VFB_00101567	1	3	4.0
2025-02-18	v2.virtualflybrain.org	VFB_00102119	VFB_00101567	0	2	23.0
2025-02-18	v2.virtualflybrain.org	VFB_00102121	VFB_00101567	0	2	5.0
2025-02-18	v2.virtualflybrain.org	VFB_00102123	VFB_00101567	0	2	17.0
2025-02-18	v2.virtualflybrain.org	VFB_00102124	VFB_00101567	0	2	2.0
2025-02-18	v2.virtualflybrain.org	VFB_00102133	VFB_00101567	0	1	0.0
2025-02-18	v2.virtualflybrain.org	VFB_00102140	VFB_00101567	0	2	22.0
2025-02-18	v2.virtualflybrain.org	VFB_00102154	VFB_00101567	0	1	0.0
2025-02-18	v2.virtualflybrain.org	VFB_00102183	VFB_00101567	1	1	0.0
2025-02-18	v2.virtualflybrain.org	VFB_00102201	VFB_00101567	1	3	119.0
2025-02-18	v2.virtualflybrain.org	VFB_00102275	VFB_00101567	0	1	0.0
2025-02-18	v2.virtualflybrain.org	VFB_00102esl	VFB_00050000	6	1	1.0
2025-02-18	v2.virtualflybrain.org	VFB_00102esu	VFB_00049000	7	1	2.0
2025-02-18	v2.virtualflybrain.org	VFB_00102gs2	VFB_00049000	9	1	49.0
2025-02-18	v2.virtualflybrain.org	VFB_00102gs2	VFB_00101567	8	2	0.0
2025-02-18	v2.virtualflybrain.org	VFB_00102gu5	VFB_00049000	1	2	0.0
2025-02-18	v2.virtualflybrain.org	VFB_00110000	VFB_00110000	2	3	2.0
2025-02-18	v2.virtualflybrain.org	VFB_00200000	VFB_00200000	11	15	47.0
2025-02-18	v2.virtualflybrain.org	VFB_fw001048	VFB_00101567	0	2	0.0
2025-02-18	v2.virtualflybrain.org	VFB_fw001918	VFB_00101567	2	4	276.0
2025-02-18	v2.virtualflybrain.org	VFB_fw002990	VFB_00101567	0	1	0.0
2025-02-18	v2.virtualflybrain.org	VFB_fw004270	VFB_00101567	0	3	0.0
2025-02-18	v2.virtualflybrain.org	VFB_fw019780	VFB_00101567	0	2	5.0
2025-02-18	v2.virtualflybrain.org	VFB_fw025524	VFB_00101567	1	1	0.0
2025-02-18	v2.virtualflybrain.org	VFB_fw025980	VFB_00101567	1	1	0.0
2025-02-18	v2.virtualflybrain.org	VFB_fw030853	VFB_00101567	0	1	0.0
2025-02-18	v2.virtualflybrain.org	VFB_fw032899	VFB_00101567	0	2	0.0
2025-02-18	v2.virtualflybrain.org	VFB_fw033045	VFB_00101567	0	2	0.0
2025-02-18	v2.virtualflybrain.org	VFB_fw034041		1	1	2.0
2025-02-18	v2.virtualflybrain.org	VFB_fw034041	VFB_00101567	0	1	0.0
2025-02-18	v2.virtualflybrain.org	VFB_fw034324	VFB_00101567	0	1	0.0
2025-02-18	v2.virtualflybrain.org	VFB_fw035067	VFB_00101567	0	1	0.0
2025-02-18	v2.virtualflybrain.org	VFB_fw035124	VFB_00101567	0	1	0.0
2025-02-18	v2.virtualflybrain.org	VFB_fw035398	VFB_00101567	0	3	2.0
2025-02-18	v2.virtualflybrain.org	VFB_fw036565	VFB_00101567	0	1	0.0
2025-02-18	v2.virtualflybrain.org	VFB_jrchjtn1	VFB_00101567	0	1	0.0
2025-02-18	v2.virtualflybrain.org	VFB_jrchjto4	VFB_00101567	0	2	31.0
2025-02-18	v2.virtualflybrain.org	VFB_jrchjtot	VFB_00101567	0	2	0.0
2025-02-18	v2.virtualflybrain.org	VFB_jrchjtpj	VFB_00101567	1	3	0.0
2025-02-18	v2.virtualflybrain.org	VFB_jrchjtq4	VFB_00101567	0	1	0.0
2025-02-18	v2.virtualflybrain.org	VFB_jrchjts1	VFB_00101567	1	3	48.0
2025-02-18	v2.virtualflybrain.org	VFB_jrchjtsf	VFB_00101567	0	2	0.0
2025-02-18	v2.virtualflybrain.org	VFB_jrchjtss	VFB_00101567	0	1	0.0
2025-02-18	v2.virtualflybrain.org	VFB_jrchk06a	VFB_00101567	0	1	67.0
2025-02-18	v2.virtualflybrain.org	VFB_jrchk06x	VFB_00101567	1	1	0.0
2025-02-18	v2.virtualflybrain.org	VFB_jrchk10f	VFB_00101567	1	3	208.0
2025-02-18	v2.virtualflybrain.org	VFB_jrcv0acq	VFB_00200000	5	4	498.0
2025-02-18	v2.virtualflybrain.org	VFB_jrcv0bmb	VFB_00200000	0	1	21.0
2025-02-18	v2.virtualflybrain.org	VFB_jrcv0bvg	VFB_00200000	0	1	57.0
2025-02-18	v2.virtualflybrain.org	VFB_jrcv0c6g	VFB_00200000	0	1	55.0
2025-02-18	v2.virtualflybrain.org	VFB_jrcv0ekm	VFB_00200000	0	1	30.0
2025-02-18	v2.virtualflybrain.org	VFB_jrcv0ftu	VFB_00200000	0	1	78.0
2025-02-18	v2.virtualflybrain.org	VFB_jrcv0hiu	VFB_00200000	0	1	40.0
2025-02-18	v2.virtualflybrain.org	VFB_jrcv0lbk	VFB_00200000	0	1	15.0
2025-02-18	v2.virtualflybrain.org	VFB_jrcv0m8n	VFB_00200000	0	1	20.0
2025-02-18	v2.virtualflybrain.org	VFB_jrcv0msv	VFB_00200000	0	1	38.0
2025-02-18	v2.virtualflybrain.org	VFB_jrcv0pfz	VFB_00200000	0	1	28.0
2025-02-18	v2.virtualflybrain.org	VFB_jrcv0qb2	VFB_00200000	1	2	13.0
2025-02-18	v2.virtualflybrain.org	VFB_jrcv0s6a	VFB_00200000	0	1	20.0
2025-02-18	v2.virtualflybrain.org	VFB_jrcv0u9h	VFB_00200000	0	1	11.0
2025-02-18	v2.virtualflybrain.org	VFB_jrcv0uf2	VFB_00200000	0	1	32.0
2025-02-18	v2.virtualflybrain.org	VFB_jrcv0wci	VFB_00200000	0	1	68.0
2025-02-18	v2.virtualflybrain.org	VFB_jrcv0wry	VFB_00200000	1	1	160.0
2025-02-18	v2.virtualflybrain.org	VFB_jrcv0wyo	VFB_00200000	0	1	13.0
2025-02-18	v2.virtualflybrain.org	VFB_jrcv0xux	VFB_00200000	0	1	14.0
2025-02-18	v2.virtualflybrain.org	VFB_jrcv11if	VFB_00200000	0	1	119.0
2025-02-18	v2.virtualflybrain.org	VFB_jrcv11x8	VFB_00200000	9	4	42.0
2025-02-18	v2.virtualflybrain.org	VFB_jrcv14db	VFB_00200000	0	1	0.0
2025-02-18	v2.virtualflybrain.org	VFB_jrcv14hf	VFB_00200000	0	1	69.0
2025-02-18	v2.virtualflybrain.org	VFB_jrcv1ajb	VFB_00200000	1	3	17.0
2025-02-18	v2.virtualflybrain.org	VFB_jrcv1c97	VFB_00200000	0	1	104.0
2025-02-18	v2.virtualflybrain.org	VFB_jrcv1d5o	VFB_00200000	0	1	40.0
2025-02-18	v2.virtualflybrain.org	VFB_jrcv1dg8	VFB_00200000	0	1	37.0
2025-02-18	v2.virtualflybrain.org	VFB_jrcv1dm0	VFB_00200000	0	1	19.0
2025-02-18	v2.virtualflybrain.org	VFB_jrcv1ekc	VFB_00200000	0	1	23.0
2025-02-18	v2.virtualflybrain.org	VFB_jrcv1f6a	VFB_00200000	0	2	35.0
2025-02-18	v2.virtualflybrain.org	VFB_jrcv1fkn	VFB_00200000	0	1	224.0
2025-02-18	v2.virtualflybrain.org	VFB_jrcv1i4v	VFB_00200000	0	1	28.0
2025-02-18	v2.virtualflybrain.org	VFB_jrcv1w3t	VFB_00200000	0	2	92.0
2025-02-18	v2.virtualflybrain.org	VFB_jrcv204j	VFB_00200000	0	1	17.0
2025-02-18	v2.virtualflybrain.org	VFB_jrcv20fq	VFB_00200000	0	1	26.0
2025-02-18	v2.virtualflybrain.org	VFB_jrcv25a3	VFB_00200000	0	1	209.0
2025-02-18	v2.virtualflybrain.org	VFB_jrcv25ie	VFB_00200000	0	1	16.0
2025-02-18	v2.virtualflybrain.org	VFB_jrcv25zj	VFB_00200000	0	1	34.0
2025-02-18	v2.virtualflybrain.org	VFB_jrcv264e	VFB_00200000	0	1	28.0
2025-02-18	v2.virtualflybrain.org	VFB_jrcv2qto	VFB_00200000	0	1	28.0
2025-02-18	v2.virtualflybrain.org	VFB_jrcv2sqi	VFB_00200000	1	2	12.0
2025-02-18	v2.virtualflybrain.org	VFB_jrcv2u9x	VFB_00200000	0	1	25.0
2025-02-18	v2.virtualflybrain.org	VFB_jrcv39dj	VFB_00200000	0	1	91.0
2025-02-18	v2.virtualflybrain.org	VFB_jrcv3aeo	VFB_00200000	0	1	53.0
2025-02-18	v2.virtualflybrain.org	VFB_jrcv3b3x	VFB_00200000	0	1	39.0
2025-02-18	v2.virtualflybrain.org	VFB_jrcv3bfs	VFB_00200000	0	2	56.0
2025-02-18	v2.virtualflybrain.org	VFB_jrcv3sum	VFB_00200000	0	1	26.0
2025-02-18	v2.virtualflybrain.org	VFB_jrcv3t7l	VFB_00200000	0	1	24.0
2025-02-18	v2.virtualflybrain.org	VFB_jrcv3tgk	VFB_00200000	0	1	22.0
2025-02-18	v2.virtualflybrain.org	VFB_jrcvhd0m	VFB_00200000	0	1	57.0
2025-02-18	v2.virtualflybrain.org	VFBexp_FBti0201		1	1	1.0
2025-02-18	v2.virtualflybrain.org	VFBexp_FBti0201	VFB_00101567	0	1	57.0
2025-02-18	v2.virtualflybrain.org	VFBexp_FBtp0059		2	2	1.0
2025-02-18	v2.virtualflybrain.org	VFBexp_FBtp0059	VFB_00101567	2	3	130.0
2025-02-18	v2.virtualflybrain.org	VFBexp_FBtp0061	VFB_00101567	0	1	137.0
2025-02-18	v2.virtualflybrain.org	VFBu_bwl568on		1	1	6.0
2025-02-18	v2.virtualflybrain.org	VFBu_vq787030		2	1	12.0
2025-02-19		FBbt_00003624		21	6	1.0
2025-02-19		FBbt_00003624	VFB_00017894	4	2	0.0
2025-02-19		FBbt_00003624	VFB_00101567	19	6	0.0
2025-02-19		FBbt_00003632		2	1	0.0
2025-02-19		FBbt_00003632	VFB_00101567	2	1	0.0
2025-02-19		FBbt_00003679		1	1	0.0
2025-02-19		FBbt_00003679	VFB_00101567	1	1	0.0
2025-02-19		FBbt_00003681		2	2	0.0
2025-02-19		FBbt_00003681	VFB_00101567	2	2	0.0
2025-02-19		FBbt_00003682		2	1	0.0
2025-02-19		FBbt_00003682	VFB_00101567	2	1	0.0
2025-02-19		FBbt_00003684		15	4	1.0
2025-02-19		FBbt_00003684	VFB_00101567	16	6	0.0
2025-02-19		FBbt_00003748		2	2	0.0
2025-02-19		FBbt_00003748	VFB_00101567	2	2	0.0
2025-02-19		FBbt_00003885		1	1	0.0
2025-02-19		FBbt_00003885	VFB_00101567	1	1	0.0
2025-02-19		FBbt_00003982		5	1	0.0
2025-02-19		FBbt_00003982	VFB_00101567	5	1	0.0
2025-02-19		FBbt_00005131		5	3	0.0
2025-02-19		FBbt_00005131	VFB_00101567	5	3	0.0
2025-02-19		FBbt_00007050		3	2	0.0
2025-02-19		FBbt_00007050	VFB_00101567	3	2	0.0
2025-02-19		FBbt_00007054		2	1	0.0
2025-02-19		FBbt_00007054	VFB_00101567	2	1	0.0
2025-02-19		FBbt_00007055		1	1	0.0
2025-02-19		FBbt_00007055	VFB_00101567	1	1	0.0
2025-02-19		FBbt_00007146		4	2	0.0
2025-02-19		FBbt_00007146	VFB_00101567	4	2	0.0
2025-02-19		FBbt_00007147		2	1	0.0
2025-02-19		FBbt_00007147	VFB_00101567	2	1	0.0
2025-02-19		FBbt_00007401		2	1	0.0
2025-02-19		FBbt_00007401	VFB_00101567	2	2	0.0
2025-02-19		FBbt_00007453		17	4	0.0
2025-02-19		FBbt_00007453	VFB_00101567	17	5	0.0
2025-02-19		FBbt_00007677		2	1	0.0
2025-02-19		FBbt_00007677	VFB_00101567	2	1	0.0
2025-02-19		FBbt_00040002		5	1	0.0
2025-02-19		FBbt_00040002	VFB_00101567	5	1	0.0
2025-02-19		FBbt_00040041		8	4	0.0
2025-02-19		FBbt_00040041	VFB_00017894	1	1	0.0
2025-02-19		FBbt_00040041	VFB_00101567	12	3	0.0
2025-02-19		FBbt_00040042		4	1	0.0
2025-02-19		FBbt_00040042	VFB_00101567	4	1	0.0
2025-02-19		FBbt_00040043		6	4	0.0
2025-02-19		FBbt_00040043	VFB_00101567	11	4	0.0
2025-02-19		FBbt_00040044		1	1	0.0
2025-02-19		FBbt_00040044	VFB_00101567	1	1	0.0
2025-02-19		FBbt_00040049		1	1	0.0
2025-02-19		FBbt_00040049	VFB_00101567	1	1	0.0
2025-02-19		FBbt_00040051		1	1	0.0
2025-02-19		FBbt_00040051	VFB_00101567	1	1	0.0
2025-02-19		FBbt_00040071		1	1	0.0
2025-02-19		FBbt_00040071	VFB_00101567	1	1	0.0
2025-02-19		FBbt_00045021		1	1	0.0
2025-02-19		FBbt_00045021	VFB_00101567	1	1	0.0
2025-02-19		FBbt_00045027		6	2	1.0
2025-02-19		FBbt_00045027	VFB_00101567	6	2	0.0
2025-02-19		FBbt_00045032		1	1	0.0
2025-02-19		FBbt_00045032	VFB_00101567	1	1	0.0
2025-02-19		FBbt_00045040		3	1	0.0
2025-02-19		FBbt_00045040	VFB_00101567	3	1	0.0
2025-02-19		FBbt_00045046		1	1	0.0
2025-02-19		FBbt_00045046	VFB_00101567	1	1	0.0
2025-02-19		FBbt_00045047		6	2	0.0
2025-02-19		FBbt_00045047	VFB_00101567	6	2	0.0
2025-02-19		FBbt_00045048		1	1	0.0
2025-02-19		FBbt_00045048	VFB_00101567	1	1	0.0
2025-02-19		FBbt_00045051		1	1	0.0
2025-02-19		FBbt_00045051	VFB_00101567	2	1	0.0
2025-02-19		FBbt_00047660		2	1	0.0
2025-02-19		FBbt_00047660	VFB_00101567	2	1	0.0
2025-02-19		FBbt_00047887		7	2	0.0
2025-02-19		FBbt_00047887	VFB_00101567	8	2	0.0
2025-02-19		FBbt_00048027		2	1	0.0
2025-02-19		FBbt_00048027	VFB_00101567	2	1	0.0
2025-02-19		FBbt_00048255		1	1	0.0
2025-02-19		FBbt_00048255	VFB_00101567	1	1	0.0
2025-02-19		FBbt_00048405		3	1	0.0
2025-02-19		FBbt_00048405	VFB_00101567	3	2	0.0
2025-02-19		FBbt_00049824		4	1	3.0
2025-02-19		FBbt_00049824	VFB_00101567	4	2	0.0
2025-02-19		FBbt_00049825		2	1	0.0
2025-02-19		FBbt_00049825	VFB_00101567	2	2	0.0
2025-02-19		FBbt_00067003		2	1	0.0
2025-02-19		FBbt_00067003	VFB_00101567	2	2	0.0
2025-02-19		FBbt_00067013		6	1	15.0
2025-02-19		FBbt_00067013	VFB_00101567	6	4	0.0
2025-02-19		FBbt_00100215		3	1	0.0
2025-02-19		FBbt_00100215	VFB_00101567	3	3	0.0
2025-02-19		FBbt_00100418		14	1	0.0
2025-02-19		FBbt_00100418	VFB_00101567	14	1	0.0
2025-02-19		FBbt_00110019		1	1	0.0
2025-02-19		FBbt_00110019	VFB_00101567	1	1	0.0
2025-02-19		FBbt_00110636		2	2	0.0
2025-02-19		FBbt_00110636	VFB_00101567	2	2	0.0
2025-02-19		FBbt_00110638		3	2	0.0
2025-02-19		FBbt_00110638	VFB_00101567	3	2	0.0
2025-02-19		FBbt_00110657		4	1	0.0
2025-02-19		FBbt_00110657	VFB_00101567	4	1	0.0
2025-02-19		FBbt_00110658		2	1	0.0
2025-02-19		FBbt_00110658	VFB_00101567	2	1	0.0
2025-02-19		FBbt_00111061		3	1	0.0
2025-02-19		FBbt_00111061	VFB_00101567	3	1	0.0
2025-02-19		FBbt_00111210		1	1	0.0
2025-02-19		FBbt_00111210	VFB_00101567	1	1	0.0
2025-02-19		FBbt_20001170		2	1	0.0
2025-02-19		FBbt_20001170	VFB_00101567	2	1	0.0
2025-02-19		VFB_00017894		11	2	79.0
2025-02-19		VFB_00017894	VFB_00017894	12	3	39.0
2025-02-19		VFB_00023253		7	1	0.0
2025-02-19		VFB_00023253	VFB_00101567	7	1	0.0
2025-02-19		VFB_00030608		1	1	0.0
2025-02-19		VFB_00030608	VFB_00017894	1	1	0.0
2025-02-19		VFB_00030849		2	1	4.0
2025-02-19		VFB_00030849	VFB_00101567	2	1	0.0
2025-02-19		VFB_00030867		10	2	47.0
2025-02-19		VFB_00030867	VFB_00017894	4	2	0.0
2025-02-19		VFB_00030867	VFB_00101567	6	2	0.0
2025-02-19		VFB_00044977		15	1	5.0
2025-02-19		VFB_00044977	VFB_00101567	15	2	0.0
2025-02-19		VFB_00045107		4	1	0.0
2025-02-19		VFB_00045107	VFB_00101567	4	1	0.0
2025-02-19		VFB_00050000		7	1	0.0
2025-02-19		VFB_00050000	VFB_00050000	7	1	0.0
2025-02-19		VFB_00069635		9	1	34.0
2025-02-19		VFB_00069635	VFB_00101567	9	2	0.0
2025-02-19		VFB_001000k7		5	1	13.0
2025-02-19		VFB_001000k7	VFB_00101567	5	2	0.0
2025-02-19		VFB_001000lc		2	1	0.0
2025-02-19		VFB_001000lc	VFB_00101567	2	1	0.0
2025-02-19		VFB_00100183		8	1	0.0
2025-02-19		VFB_00100183	VFB_00050000	8	1	0.0
2025-02-19		VFB_00100715		9	1	0.0
2025-02-19		VFB_00100715	VFB_00050000	9	1	0.0
2025-02-19		VFB_001011tn		2	1	1.0
2025-02-19		VFB_001011tn	VFB_00101567	2	1	0.0
2025-02-19		VFB_001012c9		10	1	5.0
2025-02-19		VFB_001012c9	VFB_00101567	9	2	0.0
2025-02-19		VFB_001013rm		9	1	11.0
2025-02-19		VFB_001013rm	VFB_00101567	9	2	0.0
2025-02-19		VFB_001014uq		2	1	3.0
2025-02-19		VFB_001014uq	VFB_00101567	2	1	0.0
2025-02-19		VFB_00101567		148	27	200.0
2025-02-19		VFB_00101567	VFB_00101567	179	52	238.0
2025-02-19		VFB_00101uie		24	1	0.0
2025-02-19		VFB_00101uie	VFB_00101567	24	1	0.0
2025-02-19		VFB_00102114		1	1	0.0
2025-02-19		VFB_00102114	VFB_00101567	1	1	0.0
2025-02-19		VFB_00102118		10	4	3.0
2025-02-19		VFB_00102118	VFB_00101567	10	6	0.0
2025-02-19		VFB_00102119		6	1	0.0
2025-02-19		VFB_00102119	VFB_00101567	6	2	0.0
2025-02-19		VFB_00102121		1	1	0.0
2025-02-19		VFB_00102121	VFB_00101567	1	1	0.0
2025-02-19		VFB_00102123		1	1	1.0
2025-02-19		VFB_00102123	VFB_00101567	1	1	0.0
2025-02-19		VFB_00102124		3	2	21.0
2025-02-19		VFB_00102124	VFB_00101567	3	3	0.0
2025-02-19		VFB_00102133		1	1	1.0
2025-02-19		VFB_00102133	VFB_00101567	1	1	0.0
2025-02-19		VFB_00102139		2	1	1.0
2025-02-19		VFB_00102139	VFB_00101567	2	1	0.0
2025-02-19		VFB_00102140		2	1	1.0
2025-02-19		VFB_00102140	VFB_00101567	2	1	0.0
2025-02-19		VFB_00102146		4	1	18.0
2025-02-19		VFB_00102146	VFB_00101567	4	2	0.0
2025-02-19		VFB_00102154		1	1	3.0
2025-02-19		VFB_00102154	VFB_00101567	1	1	0.0
2025-02-19		VFB_00102164		1	1	3.0
2025-02-19		VFB_00102164	VFB_00101567	1	1	0.0
2025-02-19		VFB_00102170		4	2	4.0
2025-02-19		VFB_00102170	VFB_00101567	4	3	0.0
2025-02-19		VFB_001021gi		1	1	4.0
2025-02-19		VFB_001021gi	VFB_00200000	1	1	0.0
2025-02-19		VFB_00102201		18	1	54.0
2025-02-19		VFB_00102201	VFB_00101567	17	2	0.0
2025-02-19		VFB_00102esl		7	1	0.0
2025-02-19		VFB_00102esl	VFB_00050000	7	1	0.0
2025-02-19		VFB_00102esu		7	1	0.0
2025-02-19		VFB_00102esu	VFB_00049000	7	1	0.0
2025-02-19		VFB_00102gs2		24	1	0.0
2025-02-19		VFB_00102gs2	VFB_00049000	12	1	0.0
2025-02-19		VFB_00102gs2	VFB_00101567	12	1	0.0
2025-02-19		VFB_fw004688		2	1	26.0
2025-02-19		VFB_fw004688	VFB_00101567	2	1	0.0
2025-02-19		VFB_fw032805		1	1	26.0
2025-02-19		VFB_fw032805	VFB_00101567	1	1	0.0
2025-02-19		VFB_fw035067		6	1	19.0
2025-02-19		VFB_fw035067	VFB_00101567	5	1	0.0
2025-02-19		VFB_fw035124		1	1	0.0
2025-02-19		VFB_fw035124	VFB_00101567	1	1	0.0
2025-02-19		VFB_fw035398		3	1	209.0
2025-02-19		VFB_fw035398	VFB_00101567	3	1	0.0
2025-02-19		VFB_jrchjrpr		13	1	32.0
2025-02-19		VFB_jrchjrpr	VFB_00101567	8	3	0.0
2025-02-19		VFB_jrchjs1z		9	1	128.0
2025-02-19		VFB_jrchjs1z	VFB_00101567	9	2	0.0
2025-02-19		VFB_jrchjs26		3	1	5.0
2025-02-19		VFB_jrchjs26	VFB_00101567	3	2	0.0
2025-02-19		VFB_jrchjs5c		1	1	0.0
2025-02-19		VFB_jrchjs5c	VFB_00101567	1	1	0.0
2025-02-19		VFB_jrchjsf9		14	1	22.0
2025-02-19		VFB_jrchjsf9	VFB_00101567	19	2	0.0
2025-02-19		VFB_jrchjtpj		8	1	6.0
2025-02-19		VFB_jrchjtpj	VFB_00101567	9	2	0.0
2025-02-19		VFB_jrchjtx9		6	1	16.0
2025-02-19		VFB_jrchjtx9	VFB_00101567	6	2	0.0
2025-02-19		VFB_jrchju0g		12	1	89.0
2025-02-19		VFB_jrchju0g	VFB_00101567	8	3	0.0
2025-02-19		VFB_jrchju0z		6	1	15.0
2025-02-19		VFB_jrchju0z	VFB_00101567	10	2	0.0
2025-02-19		VFB_jrchju11		7	1	215.0
2025-02-19		VFB_jrchju11	VFB_00101567	7	2	0.0
2025-02-19		VFB_jrchju3a		8	1	18.0
2025-02-19		VFB_jrchju3a	VFB_00101567	8	2	0.0
2025-02-19		VFB_jrchjv3v		2	1	1.0
2025-02-19		VFB_jrchjv3v	VFB_00101567	2	1	0.0
2025-02-19		VFB_jrchjv53		2	1	1.0
2025-02-19		VFB_jrchjv53	VFB_00101567	2	1	0.0
2025-02-19		VFB_jrchjv70		2	1	1.0
2025-02-19		VFB_jrchjv70	VFB_00101567	2	1	0.0
2025-02-19		VFB_jrchjv83		14	1	37.0
2025-02-19		VFB_jrchjv83	VFB_00101567	14	2	0.0
2025-02-19		VFB_jrchjv9t		2	1	1.0
2025-02-19		VFB_jrchjv9t	VFB_00101567	2	1	0.0
2025-02-19		VFB_jrchjvz2		3	1	8.0
2025-02-19		VFB_jrchjvz2	VFB_00101567	3	2	0.0
2025-02-19		VFB_jrchk0gz		3	1	3.0
2025-02-19		VFB_jrchk0gz	VFB_00101384	1	1	0.0
2025-02-19		VFB_jrchk0gz	VFB_00101567	2	1	0.0
2025-02-19		VFB_jrchk1cw		1	1	3.0
2025-02-19		VFB_jrchk1cw	VFB_00101567	1	1	0.0
2025-02-19		VFB_jrchk1fj		4	1	64.0
2025-02-19		VFB_jrchk1fj	VFB_00101567	4	2	0.0
2025-02-19		VFB_jrchk1t6		2	1	6.0
2025-02-19		VFB_jrchk1t6	VFB_00101567	2	1	0.0
2025-02-19		VFB_jrchk1xm		6	1	10.0
2025-02-19		VFB_jrchk1xm	VFB_00101567	1	1	0.0
2025-02-19		VFB_jrchk8rz		2	1	0.0
2025-02-19		VFB_jrchk8rz	VFB_00101567	3	2	0.0
2025-02-19		VFB_jrcv0hvf		2	1	69.0
2025-02-19		VFB_jrcv0hvf	VFB_00200000	1	1	0.0
2025-02-19		VFB_jrcv0qtv		5	1	0.0
2025-02-19		VFB_jrcv0qtv	VFB_00200000	5	2	0.0
2025-02-19		VFB_jrcv11x8		1	1	10.0
2025-02-19		VFB_jrcv11x8	VFB_00200000	1	1	0.0
2025-02-19		VFB_jrcv1mqq		1	1	0.0
2025-02-19		VFB_jrcv1mqq	VFB_00200000	1	1	0.0
2025-02-19		VFB_jrcv1w4s		1	1	0.0
2025-02-19		VFB_jrcv1w4s	VFB_00200000	1	1	0.0
2025-02-19		VFB_jrcv1wg7		1	1	0.0
2025-02-19		VFB_jrcv1wg7	VFB_00200000	1	1	0.0
2025-02-19		VFB_jrcv2sqi		8	1	0.0
2025-02-19		VFB_jrcv2sqi	VFB_00200000	9	2	0.0
2025-02-19		VFBexp_FBtp0012		1	1	0.0
2025-02-19		VFBexp_FBtp0012	VFB_00101567	1	1	0.0
2025-02-19		VFBexp_FBtp0059		5	1	0.0
2025-02-19		VFBexp_FBtp0059	VFB_00101567	5	1	0.0
2025-02-19		VFBexp_FBtp0114		1	1	0.0
2025-02-19		VFBexp_FBtp0114	VFB_00101567	1	1	0.0
2025-02-19		VFBexp_FBtp0121		3	2	0.0
2025-02-19		VFBexp_FBtp0121	VFB_00101567	3	2	0.0
2025-02-19		VFBexp_FBtp0122		1	1	0.0
2025-02-19		VFBexp_FBtp0122	VFB_00101567	1	1	0.0
2025-02-19		VFBexp_FBtp0124		1	1	0.0
2025-02-19		VFBexp_FBtp0124	VFB_00101567	1	1	0.0
2025-02-19		VFBext_0000010		2	1	12.0
2025-02-19		VFBext_0000010	VFB_00101567	2	1	0.0
2025-02-19	v2.virtualflybrain.org	FBbt_00003624	VFB_00017894	0	2	106.0
2025-02-19	v2.virtualflybrain.org	FBbt_00003624	VFB_00101567	7	7	171.0
2025-02-19	v2.virtualflybrain.org	FBbt_00003679	VFB_00101567	1	1	0.0
2025-02-19	v2.virtualflybrain.org	FBbt_00003681	VFB_00101567	0	2	58.0
2025-02-19	v2.virtualflybrain.org	FBbt_00003682	VFB_00101567	0	1	48.0
2025-02-19	v2.virtualflybrain.org	FBbt_00003684	VFB_00101567	0	6	230.0
2025-02-19	v2.virtualflybrain.org	FBbt_00003748	VFB_00101567	0	2	32.0
2025-02-19	v2.virtualflybrain.org	FBbt_00003885	VFB_00101567	0	2	73.0
2025-02-19	v2.virtualflybrain.org	FBbt_00003982	VFB_00101567	0	1	11.0
2025-02-19	v2.virtualflybrain.org	FBbt_00005131		1	1	0.0
2025-02-19	v2.virtualflybrain.org	FBbt_00005131	VFB_00101567	5	4	0.0
2025-02-19	v2.virtualflybrain.org	FBbt_00005174		1	1	0.0
2025-02-19	v2.virtualflybrain.org	FBbt_00007050	VFB_00101567	0	3	759.0
2025-02-19	v2.virtualflybrain.org	FBbt_00007054	VFB_00101567	0	1	2.0
2025-02-19	v2.virtualflybrain.org	FBbt_00007055	VFB_00101567	0	1	15.0
2025-02-19	v2.virtualflybrain.org	FBbt_00007146	VFB_00101567	0	2	1.0
2025-02-19	v2.virtualflybrain.org	FBbt_00007147	VFB_00101567	0	1	2.0
2025-02-19	v2.virtualflybrain.org	FBbt_00007401	VFB_00101567	0	2	803.0
2025-02-19	v2.virtualflybrain.org	FBbt_00007453	VFB_00101567	12	6	212.0
2025-02-19	v2.virtualflybrain.org	FBbt_00007677	VFB_00101567	0	1	7.0
2025-02-19	v2.virtualflybrain.org	FBbt_00040002	VFB_00101567	0	1	32.0
2025-02-19	v2.virtualflybrain.org	FBbt_00040041	VFB_00017894	0	2	131.0
2025-02-19	v2.virtualflybrain.org	FBbt_00040041	VFB_00101567	4	4	273.0
2025-02-19	v2.virtualflybrain.org	FBbt_00040042	VFB_00101567	6	1	0.0
2025-02-19	v2.virtualflybrain.org	FBbt_00040043	VFB_00101567	4	3	15.0
2025-02-19	v2.virtualflybrain.org	FBbt_00040044	VFB_00101567	0	1	39.0
2025-02-19	v2.virtualflybrain.org	FBbt_00040049	VFB_00101567	0	1	2.0
2025-02-19	v2.virtualflybrain.org	FBbt_00040051	VFB_00101567	0	1	3.0
2025-02-19	v2.virtualflybrain.org	FBbt_00040071	VFB_00101567	0	1	17.0
2025-02-19	v2.virtualflybrain.org	FBbt_00045021	VFB_00101567	0	1	1.0
2025-02-19	v2.virtualflybrain.org	FBbt_00045027	VFB_00101567	2	3	360.0
2025-02-19	v2.virtualflybrain.org	FBbt_00045040	VFB_00101567	0	1	2.0
2025-02-19	v2.virtualflybrain.org	FBbt_00045046	VFB_00101567	0	2	9.0
2025-02-19	v2.virtualflybrain.org	FBbt_00045047	VFB_00101567	0	2	31.0
2025-02-19	v2.virtualflybrain.org	FBbt_00045048	VFB_00101567	0	1	10.0
2025-02-19	v2.virtualflybrain.org	FBbt_00045051	VFB_00101567	0	1	0.0
2025-02-19	v2.virtualflybrain.org	FBbt_00047660	VFB_00101567	2	1	0.0
2025-02-19	v2.virtualflybrain.org	FBbt_00047887	VFB_00101567	0	2	37.0
2025-02-19	v2.virtualflybrain.org	FBbt_00048027	VFB_00101567	2	1	0.0
2025-02-19	v2.virtualflybrain.org	FBbt_00048255	VFB_00101567	0	1	84.0
2025-02-19	v2.virtualflybrain.org	FBbt_00048405	VFB_00101567	0	3	10.0
2025-02-19	v2.virtualflybrain.org	FBbt_00049824	VFB_00101567	0	2	13.0
2025-02-19	v2.virtualflybrain.org	FBbt_00049825	VFB_00101567	0	2	47.0
2025-02-19	v2.virtualflybrain.org	FBbt_00067003	VFB_00101567	0	3	737.0
2025-02-19	v2.virtualflybrain.org	FBbt_00067013	VFB_00101567	1	5	1484.0
2025-02-19	v2.virtualflybrain.org	FBbt_00100215	VFB_00101567	0	1	37.0
2025-02-19	v2.virtualflybrain.org	FBbt_00100418	VFB_00101567	14	1	0.0
2025-02-19	v2.virtualflybrain.org	FBbt_00110019	VFB_00101567	0	1	17.0
2025-02-19	v2.virtualflybrain.org	FBbt_00110636	VFB_00101567	0	2	2.0
2025-02-19	v2.virtualflybrain.org	FBbt_00110638	VFB_00101567	0	2	644.0
2025-02-19	v2.virtualflybrain.org	FBbt_00110657	VFB_00101567	0	1	33.0
2025-02-19	v2.virtualflybrain.org	FBbt_00110658	VFB_00101567	0	1	11.0
2025-02-19	v2.virtualflybrain.org	FBbt_00111061	VFB_00101567	0	1	0.0
2025-02-19	v2.virtualflybrain.org	FBbt_00111210	VFB_00101567	0	1	22.0
2025-02-19	v2.virtualflybrain.org	FBbt_20001170	VFB_00101567	2	1	0.0
2025-02-19	v2.virtualflybrain.org	VFB_00017894	VFB_00017894	2	6	26.0
2025-02-19	v2.virtualflybrain.org	VFB_00023253	VFB_00101567	7	1	0.0
2025-02-19	v2.virtualflybrain.org	VFB_00030608	VFB_00017894	1	1	0.0
2025-02-19	v2.virtualflybrain.org	VFB_00030849	VFB_00101567	0	2	10.0
2025-02-19	v2.virtualflybrain.org	VFB_00030867	VFB_00017894	4	5	235.0
2025-02-19	v2.virtualflybrain.org	VFB_00030867	VFB_00101567	0	3	3.0
2025-02-19	v2.virtualflybrain.org	VFB_00044977	VFB_00101567	2	3	0.0
2025-02-19	v2.virtualflybrain.org	VFB_00045107	VFB_00101567	4	1	0.0
2025-02-19	v2.virtualflybrain.org	VFB_00049000	VFB_00049000	0	2	0.0
2025-02-19	v2.virtualflybrain.org	VFB_00050000	VFB_00050000	7	5	0.0
2025-02-19	v2.virtualflybrain.org	VFB_00069635	VFB_00101567	0	3	14.0
2025-02-19	v2.virtualflybrain.org	VFB_001000k7	VFB_00101567	0	3	100.0
2025-02-19	v2.virtualflybrain.org	VFB_001000lc	VFB_00101567	0	1	9.0
2025-02-19	v2.virtualflybrain.org	VFB_00100183	VFB_00050000	8	1	0.0
2025-02-19	v2.virtualflybrain.org	VFB_00100715	VFB_00050000	9	1	0.0
2025-02-19	v2.virtualflybrain.org	VFB_00100yv9	VFB_00101567	1	0	0.0
2025-02-19	v2.virtualflybrain.org	VFB_001011tn	VFB_00101567	0	1	307.0
2025-02-19	v2.virtualflybrain.org	VFB_001012c9	VFB_00101567	0	3	37.0
2025-02-19	v2.virtualflybrain.org	VFB_001013rm	VFB_00101567	1	2	0.0
2025-02-19	v2.virtualflybrain.org	VFB_001014uq	VFB_00101567	0	1	1.0
2025-02-19	v2.virtualflybrain.org	VFB_00101567	VFB_00101567	96	105	1699.0
2025-02-19	v2.virtualflybrain.org	VFB_00101uie	VFB_00101567	24	1	0.0
2025-02-19	v2.virtualflybrain.org	VFB_00102114	VFB_00101567	1	2	2.0
2025-02-19	v2.virtualflybrain.org	VFB_00102118	VFB_00101567	0	5	53.0
2025-02-19	v2.virtualflybrain.org	VFB_00102119	VFB_00101567	0	3	6.0
2025-02-19	v2.virtualflybrain.org	VFB_00102121	VFB_00101567	0	1	0.0
2025-02-19	v2.virtualflybrain.org	VFB_00102123	VFB_00101567	0	1	3.0
2025-02-19	v2.virtualflybrain.org	VFB_00102124	VFB_00101567	0	2	2.0
2025-02-19	v2.virtualflybrain.org	VFB_00102133	VFB_00101567	0	1	0.0
2025-02-19	v2.virtualflybrain.org	VFB_00102139	VFB_00101567	0	1	3.0
2025-02-19	v2.virtualflybrain.org	VFB_00102140	VFB_00101567	0	1	11.0
2025-02-19	v2.virtualflybrain.org	VFB_00102146	VFB_00101567	0	2	0.0
2025-02-19	v2.virtualflybrain.org	VFB_00102154	VFB_00101567	0	1	35.0
2025-02-19	v2.virtualflybrain.org	VFB_00102164	VFB_00101567	0	1	0.0
2025-02-19	v2.virtualflybrain.org	VFB_00102170	VFB_00101567	0	1	5.0
2025-02-19	v2.virtualflybrain.org	VFB_001021gi	VFB_001021gi	1	2	4.0
2025-02-19	v2.virtualflybrain.org	VFB_00102201	VFB_00101567	0	2	90.0
2025-02-19	v2.virtualflybrain.org	VFB_00102esl	VFB_00050000	7	1	0.0
2025-02-19	v2.virtualflybrain.org	VFB_00102esu	VFB_00049000	7	1	0.0
2025-02-19	v2.virtualflybrain.org	VFB_00102gs2	VFB_00049000	12	1	0.0
2025-02-19	v2.virtualflybrain.org	VFB_00102gs2	VFB_00101567	12	1	0.0
2025-02-19	v2.virtualflybrain.org	VFB_00200000	VFB_00200000	0	3	1.0
2025-02-19	v2.virtualflybrain.org	VFB_fw004688	VFB_00101567	0	1	44.0
2025-02-19	v2.virtualflybrain.org	VFB_fw032805	VFB_00101567	0	1	53.0
2025-02-19	v2.virtualflybrain.org	VFB_fw035124	VFB_00101567	1	2	124.0
2025-02-19	v2.virtualflybrain.org	VFB_jrchjrpr	VFB_00101567	0	1	36.0
2025-02-19	v2.virtualflybrain.org	VFB_jrchjs1z	VFB_00101567	0	1	23.0
2025-02-19	v2.virtualflybrain.org	VFB_jrchjs26	VFB_00101567	0	1	36.0
2025-02-19	v2.virtualflybrain.org	VFB_jrchjs5c	VFB_00101567	0	1	315.0
2025-02-19	v2.virtualflybrain.org	VFB_jrchjsf9	VFB_00101567	2	1	23.0
2025-02-19	v2.virtualflybrain.org	VFB_jrchjtpj	VFB_00101567	6	2	3.0
2025-02-19	v2.virtualflybrain.org	VFB_jrchjtx9	VFB_00101567	0	1	35.0
2025-02-19	v2.virtualflybrain.org	VFB_jrchju0g	VFB_00101567	0	1	21.0
2025-02-19	v2.virtualflybrain.org	VFB_jrchju0z	VFB_00101567	0	1	42.0
2025-02-19	v2.virtualflybrain.org	VFB_jrchju11	VFB_00101567	3	2	35.0
2025-02-19	v2.virtualflybrain.org	VFB_jrchju3a	VFB_00101567	0	1	50.0
2025-02-19	v2.virtualflybrain.org	VFB_jrchjv3v	VFB_00101567	0	1	12.0
2025-02-19	v2.virtualflybrain.org	VFB_jrchjv53	VFB_00101567	0	1	15.0
2025-02-19	v2.virtualflybrain.org	VFB_jrchjv70	VFB_00101567	2	5	57.0
2025-02-19	v2.virtualflybrain.org	VFB_jrchjv83	VFB_00101567	0	2	41.0
2025-02-19	v2.virtualflybrain.org	VFB_jrchjv9t	VFB_00101567	0	1	10.0
2025-02-19	v2.virtualflybrain.org	VFB_jrchjvz2	VFB_00101567	0	1	0.0
2025-02-19	v2.virtualflybrain.org	VFB_jrchk0gz	VFB_00101384	1	3	8.0
2025-02-19	v2.virtualflybrain.org	VFB_jrchk0gz	VFB_00101567	0	1	33.0
2025-02-19	v2.virtualflybrain.org	VFB_jrchk1cw	VFB_00101567	0	1	0.0
2025-02-19	v2.virtualflybrain.org	VFB_jrchk1fj	VFB_00101567	0	1	0.0
2025-02-19	v2.virtualflybrain.org	VFB_jrchk1t6	VFB_00101567	0	1	0.0
2025-02-19	v2.virtualflybrain.org	VFB_jrchk1xm	VFB_00101567	0	1	54.0
2025-02-19	v2.virtualflybrain.org	VFB_jrchk8rz	VFB_00101567	0	1	20.0
2025-02-19	v2.virtualflybrain.org	VFB_jrcv0hvf	VFB_00200000	0	1	17.0
2025-02-19	v2.virtualflybrain.org	VFB_jrcv0qtv	VFB_00200000	4	3	56.0
2025-02-19	v2.virtualflybrain.org	VFB_jrcv11x8	VFB_00200000	1	1	0.0
2025-02-19	v2.virtualflybrain.org	VFB_jrcv1mqq	VFB_00200000	0	1	34.0
2025-02-19	v2.virtualflybrain.org	VFB_jrcv1w4s	VFB_00200000	0	1	34.0
2025-02-19	v2.virtualflybrain.org	VFB_jrcv1wg7	VFB_00200000	0	1	31.0
2025-02-19	v2.virtualflybrain.org	VFB_jrcv2sqi	VFB_00200000	0	2	48.0
2025-02-19	v2.virtualflybrain.org	VFBexp_FBtp0012	VFB_00101567	0	1	94.0
2025-02-19	v2.virtualflybrain.org	VFBexp_FBtp0059	VFB_00101567	5	1	0.0
2025-02-19	v2.virtualflybrain.org	VFBexp_FBtp0114	VFB_00101567	0	1	202.0
2025-02-19	v2.virtualflybrain.org	VFBexp_FBtp0121		2	2	1.0
2025-02-19	v2.virtualflybrain.org	VFBexp_FBtp0121	VFB_00101567	1	2	76.0
2025-02-19	v2.virtualflybrain.org	VFBexp_FBtp0122	VFB_00101567	2	1	77.0
2025-02-19	v2.virtualflybrain.org	VFBexp_FBtp0124	VFB_00101567	2	1	0.0
2025-02-19	v2.virtualflybrain.org	VFBext_0000010	VFB_00101567	0	1	0.0
2025-02-19	v2.virtualflybrain.org	VFBu_bwl568on		1	1	6.0
2025-02-19	v2.virtualflybrain.org	VFBu_vq787030		1	1	4.0
2025-02-20		FBbt_00001945		7	1	0.0
2025-02-20		FBbt_00001945	VFB_00050000	7	1	0.0
2025-02-20		FBbt_00003624		17	4	112.0
2025-02-20		FBbt_00003624	VFB_00101567	20	4	0.0
2025-02-20		FBbt_00003632		1	1	0.0
2025-02-20		FBbt_00003632	VFB_00101567	1	1	0.0
2025-02-20		FBbt_00003668		2	1	0.0
2025-02-20		FBbt_00003668	VFB_00101567	2	1	0.0
2025-02-20		FBbt_00003678		6	3	0.0
2025-02-20		FBbt_00003678	VFB_00101567	6	3	0.0
2025-02-20		FBbt_00003679		2	2	0.0
2025-02-20		FBbt_00003679	VFB_00101567	2	2	0.0
2025-02-20		FBbt_00003680		1	1	0.0
2025-02-20		FBbt_00003680	VFB_00101567	1	1	0.0
2025-02-20		FBbt_00003681		6	4	0.0
2025-02-20		FBbt_00003681	VFB_00101567	6	4	0.0
2025-02-20		FBbt_00003684		2	1	0.0
2025-02-20		FBbt_00003684	VFB_00101567	3	1	0.0
2025-02-20		FBbt_00003748		10	4	0.0
2025-02-20		FBbt_00003748	VFB_00101567	10	4	0.0
2025-02-20		FBbt_00003792		1	1	0.0
2025-02-20		FBbt_00003792	VFB_00101567	1	1	0.0
2025-02-20		FBbt_00003852		2	1	0.0
2025-02-20		FBbt_00003852	VFB_00101567	2	1	0.0
2025-02-20		FBbt_00003885		4	1	0.0
2025-02-20		FBbt_00003885	VFB_00101567	5	1	0.0
2025-02-20		FBbt_00003982		6	2	0.0
2025-02-20		FBbt_00003982	VFB_00101567	6	2	0.0
2025-02-20		FBbt_00007050		6	3	0.0
2025-02-20		FBbt_00007050	VFB_00101567	6	3	0.0
2025-02-20		FBbt_00007054		5	1	0.0
2025-02-20		FBbt_00007054	VFB_00101567	5	2	0.0
2025-02-20		FBbt_00007147		1	1	0.0
2025-02-20		FBbt_00007147	VFB_00101567	1	1	0.0
2025-02-20		FBbt_00007401		1	1	0.0
2025-02-20		FBbt_00007401	VFB_00101567	1	1	0.0
2025-02-20		FBbt_00007453		8	1	0.0
2025-02-20		FBbt_00007453	VFB_00101567	8	1	0.0
2025-02-20		FBbt_00014013		1	1	0.0
2025-02-20		FBbt_00014013	VFB_00101567	1	1	0.0
2025-02-20		FBbt_00040002		1	1	0.0
2025-02-20		FBbt_00040002	VFB_00101567	1	1	0.0
2025-02-20		FBbt_00040037		3	1	0.0
2025-02-20		FBbt_00040037	VFB_00101567	3	1	0.0
2025-02-20		FBbt_00040041		9	5	0.0
2025-02-20		FBbt_00040041	VFB_00101567	9	5	0.0
2025-02-20		FBbt_00040042		6	5	0.0
2025-02-20		FBbt_00040042	VFB_00101567	6	5	0.0
2025-02-20		FBbt_00040043		4	2	0.0
2025-02-20		FBbt_00040043	VFB_00101567	4	2	0.0
2025-02-20		FBbt_00040044		2	2	0.0
2025-02-20		FBbt_00040044	VFB_00101567	2	2	0.0
2025-02-20		FBbt_00040051		1	1	0.0
2025-02-20		FBbt_00040051	VFB_00101567	1	1	0.0
2025-02-20		FBbt_00045021		2	1	0.0
2025-02-20		FBbt_00045021	VFB_00101567	2	1	0.0
2025-02-20		FBbt_00045027		3	3	0.0
2025-02-20		FBbt_00045027	VFB_00101567	3	3	0.0
2025-02-20		FBbt_00045032		1	1	0.0
2025-02-20		FBbt_00045032	VFB_00101567	1	1	0.0
2025-02-20		FBbt_00045048		4	1	0.0
2025-02-20		FBbt_00045048	VFB_00101567	5	2	0.0
2025-02-20		FBbt_00045051		2	1	0.0
2025-02-20		FBbt_00045051	VFB_00101567	2	1	0.0
2025-02-20		FBbt_00047037		5	1	0.0
2025-02-20		FBbt_00047037	VFB_00101567	5	1	0.0
2025-02-20		FBbt_00047222		1	1	0.0
2025-02-20		FBbt_00047222	VFB_00101567	1	1	0.0
2025-02-20		FBbt_00048013		1	1	0.0
2025-02-20		FBbt_00048013	VFB_00101567	1	1	0.0
2025-02-20		FBbt_00048014		3	1	0.0
2025-02-20		FBbt_00048014	VFB_00101567	3	1	0.0
2025-02-20		FBbt_00048015		3	1	0.0
2025-02-20		FBbt_00048015	VFB_00101567	3	1	0.0
2025-02-20		FBbt_00048027		3	1	0.0
2025-02-20		FBbt_00048027	VFB_00101567	3	1	0.0
2025-02-20		FBbt_00048037		4	1	0.0
2025-02-20		FBbt_00048037	VFB_00101567	4	1	0.0
2025-02-20		FBbt_00048255		1	1	0.0
2025-02-20		FBbt_00048255	VFB_00101567	1	1	0.0
2025-02-20		FBbt_00051393		4	2	0.0
2025-02-20		FBbt_00051393	VFB_00101567	4	2	0.0
2025-02-20		FBbt_00051774		2	1	0.0
2025-02-20		FBbt_00051774	VFB_00101567	2	1	0.0
2025-02-20		FBbt_00052186		6	1	0.0
2025-02-20		FBbt_00052186	VFB_00101567	6	1	0.0
2025-02-20		FBbt_00058785		1	1	0.0
2025-02-20		FBbt_00058785	VFB_00110000	1	1	0.0
2025-02-20		FBbt_00059089		2	1	0.0
2025-02-20		FBbt_00059089	VFB_00110000	2	1	0.0
2025-02-20		FBbt_00067003		1	1	1.0
2025-02-20		FBbt_00067003	VFB_00101567	1	1	0.0
2025-02-20		FBbt_00067009		1	1	0.0
2025-02-20		FBbt_00067009	VFB_00101567	1	1	0.0
2025-02-20		FBbt_00067013		4	1	3.0
2025-02-20		FBbt_00067013	VFB_00101567	3	1	0.0
2025-02-20		FBbt_00100258		1	1	0.0
2025-02-20		FBbt_00100258	VFB_00101567	1	1	0.0
2025-02-20		FBbt_00110013		1	1	1.0
2025-02-20		FBbt_00110013	VFB_00101567	1	1	0.0
2025-02-20		FBbt_00110101		2	1	0.0
2025-02-20		FBbt_00110101	VFB_00101567	2	2	0.0
2025-02-20		FBbt_00110636		4	2	0.0
2025-02-20		FBbt_00110636	VFB_00101567	5	2	0.0
2025-02-20		FBbt_00111210		1	1	0.0
2025-02-20		FBbt_00111210	VFB_00101567	1	1	0.0
2025-02-20		FBbt_00111212		1	1	0.0
2025-02-20		FBbt_00111212	VFB_00101567	1	1	0.0
2025-02-20		FBbt_00111352		1	1	0.0
2025-02-20		FBbt_00111352	VFB_00101567	1	1	0.0
2025-02-20		VFB_00017894		3	2	1.0
2025-02-20		VFB_00017894	VFB_00017894	4	3	55.0
2025-02-20		VFB_00020286		1	1	1.0
2025-02-20		VFB_00020286	VFB_00101567	1	1	0.0
2025-02-20		VFB_00021163		7	1	4.0
2025-02-20		VFB_00021163	VFB_00101567	7	2	0.0
2025-02-20		VFB_00023253		4	1	0.0
2025-02-20		VFB_00023253	VFB_00101567	4	1	0.0
2025-02-20		VFB_00023422		3	1	3.0
2025-02-20		VFB_00023422	VFB_00017894	3	1	0.0
2025-02-20		VFB_00024142		5	1	5.0
2025-02-20		VFB_00024142	VFB_00017894	1	1	0.0
2025-02-20		VFB_00024142	VFB_00101567	4	1	0.0
2025-02-20		VFB_00030413		2	1	3.0
2025-02-20		VFB_00030413	VFB_00101567	2	1	0.0
2025-02-20		VFB_00030867		7	1	0.0
2025-02-20		VFB_00030867	VFB_00017894	4	1	0.0
2025-02-20		VFB_00030867	VFB_00101567	3	1	0.0
2025-02-20		VFB_00030873		4	1	5.0
2025-02-20		VFB_00030873	VFB_00017894	1	1	0.0
2025-02-20		VFB_00030873	VFB_00101567	3	1	0.0
2025-02-20		VFB_00044977		5	1	0.0
2025-02-20		VFB_00044977	VFB_00101567	5	1	0.0
2025-02-20		VFB_00045107		1	1	0.0
2025-02-20		VFB_00045107	VFB_00101567	1	1	0.0
2025-02-20		VFB_00049000		3	2	5.0
2025-02-20		VFB_00049000	VFB_00049000	4	3	18.0
2025-02-20		VFB_00050000		2	2	0.0
2025-02-20		VFB_00050000	VFB_00050000	2	2	0.0
2025-02-20		VFB_00050500		3	1	1.0
2025-02-20		VFB_00050500	VFB_00049000	3	1	0.0
2025-02-20		VFB_00100183		1	1	0.0
2025-02-20		VFB_00100183	VFB_00050000	1	1	0.0
2025-02-20		VFB_00100234		3	1	12.0
2025-02-20		VFB_00100234	VFB_00050000	3	1	0.0
2025-02-20		VFB_00100239		11	1	3.0
2025-02-20		VFB_00100239	VFB_00050000	11	2	0.0
2025-02-20		VFB_00100292		1	1	9.0
2025-02-20		VFB_00100292	VFB_00050000	1	1	0.0
2025-02-20		VFB_00100715		5	1	0.0
2025-02-20		VFB_00100715	VFB_00050000	5	1	0.0
2025-02-20		VFB_001012c9		2	1	0.0
2025-02-20		VFB_001012c9	VFB_00101567	2	1	0.0
2025-02-20		VFB_001013rm		1	1	0.0
2025-02-20		VFB_001013rm	VFB_00101567	1	1	0.0
2025-02-20		VFB_001014uq		4	1	9.0
2025-02-20		VFB_001014uq	VFB_00101567	3	1	0.0
2025-02-20		VFB_001014uq	VFB_00110000	1	1	0.0
2025-02-20		VFB_00101567		147	33	218.0
2025-02-20		VFB_00101567	VFB_00101567	153	41	15.0
2025-02-20		VFB_00101uie		24	1	0.0
2025-02-20		VFB_00101uie	VFB_00101567	24	1	0.0
2025-02-20		VFB_00101utb		3	1	3.0
2025-02-20		VFB_00101utb	VFB_00101567	3	1	0.0
2025-02-20		VFB_00102107		5	2	37.0
2025-02-20		VFB_00102107	VFB_00101567	4	2	0.0
2025-02-20		VFB_00102109		4	2	327.0
2025-02-20		VFB_00102109	VFB_00101567	4	3	0.0
2025-02-20		VFB_00102154		5	1	47.0
2025-02-20		VFB_00102154	VFB_00101567	5	3	0.0
2025-02-20		VFB_00102162		4	1	1.0
2025-02-20		VFB_00102162	VFB_00101567	3	1	0.0
2025-02-20		VFB_00102185		2	1	0.0
2025-02-20		VFB_00102185	VFB_00101567	2	1	0.0
2025-02-20		VFB_00102201		7	1	14.0
2025-02-20		VFB_00102201	VFB_00101567	7	1	0.0
2025-02-20		VFB_00102273		5	2	1.0
2025-02-20		VFB_00102273	VFB_00101567	5	2	0.0
2025-02-20		VFB_00102276		6	2	6.0
2025-02-20		VFB_00102276	VFB_00101567	5	2	0.0
2025-02-20		VFB_00102esl		6	1	0.0
2025-02-20		VFB_00102esl	VFB_00050000	6	1	0.0
2025-02-20		VFB_00102esu		6	1	0.0
2025-02-20		VFB_00102esu	VFB_00049000	6	1	0.0
2025-02-20		VFB_00102gs2		38	1	0.0
2025-02-20		VFB_00102gs2	VFB_00049000	19	1	0.0
2025-02-20		VFB_00102gs2	VFB_00101567	19	1	0.0
2025-02-20		VFB_00200000		1	1	1.0
2025-02-20		VFB_00200000	VFB_00200000	2	2	10.0
2025-02-20		VFB_fw011010		2	1	2.0
2025-02-20		VFB_fw011010	VFB_00101567	2	1	0.0
2025-02-20		VFB_fw011969		2	1	2.0
2025-02-20		VFB_fw011969	VFB_00101567	2	1	0.0
2025-02-20		VFB_fw015578		2	1	3.0
2025-02-20		VFB_fw015578	VFB_00101567	2	1	0.0
2025-02-20		VFB_fw023330		2	1	18.0
2025-02-20		VFB_fw023330	VFB_00101567	2	1	0.0
2025-02-20		VFB_fw035398		3	1	0.0
2025-02-20		VFB_fw035398	VFB_00101567	3	2	0.0
2025-02-20		VFB_jrchjs00		4	1	4.0
2025-02-20		VFB_jrchjs00	VFB_00101567	4	1	0.0
2025-02-20		VFB_jrchjsid		2	1	2.0
2025-02-20		VFB_jrchjsid	VFB_00101567	2	1	0.0
2025-02-20		VFB_jrchjtpj		3	1	0.0
2025-02-20		VFB_jrchjtpj	VFB_00101567	3	1	0.0
2025-02-20		VFB_jrchjtsr		3	1	16.0
2025-02-20		VFB_jrchjtsr	VFB_00101567	3	1	0.0
2025-02-20		VFB_jrchjud5		1	1	0.0
2025-02-20		VFB_jrchjud5	VFB_00101567	1	1	0.0
2025-02-20		VFB_jrchjz8h		2	1	3.0
2025-02-20		VFB_jrchjz8h	VFB_00101567	2	1	0.0
2025-02-20		VFB_jrchk1cw		1	1	3.0
2025-02-20		VFB_jrchk1cw	VFB_00101567	1	1	0.0
2025-02-20		VFB_jrchk1fj		7	1	8.0
2025-02-20		VFB_jrchk1fj	VFB_00101567	8	1	0.0
2025-02-20		VFB_jrchk1xm		1	1	1.0
2025-02-20		VFB_jrchk1xm	VFB_00101567	1	1	0.0
2025-02-20		VFB_jrchk4fk		2	1	2.0
2025-02-20		VFB_jrchk4fk	VFB_00101567	2	1	0.0
2025-02-20		VFB_jrchk4r5		2	1	3.0
2025-02-20		VFB_jrchk4r5	VFB_00101567	2	1	0.0
2025-02-20		VFB_jrchk4wf		2	1	3.0
2025-02-20		VFB_jrchk4wf	VFB_00101567	2	1	0.0
2025-02-20		VFB_jrchk79b		2	1	3.0
2025-02-20		VFB_jrchk79b	VFB_00101567	2	1	0.0
2025-02-20		VFB_jrchk7zt		4	1	0.0
2025-02-20		VFB_jrchk7zt	VFB_00101567	4	1	0.0
2025-02-20		VFBexp_FBti0144		1	1	0.0
2025-02-20		VFBexp_FBti0144	VFB_00101567	1	1	0.0
2025-02-20		VFBexp_FBti0201		5	1	0.0
2025-02-20		VFBexp_FBti0201	VFB_00101567	5	1	0.0
2025-02-20		VFBexp_FBtp0060		1	1	0.0
2025-02-20		VFBexp_FBtp0060	VFB_00101567	1	1	0.0
2025-02-20		VFBexp_FBtp0061		1	1	0.0
2025-02-20		VFBexp_FBtp0061	VFB_00101567	1	1	0.0
2025-02-20		VFBexp_FBtp0062		1	1	0.0
2025-02-20		VFBexp_FBtp0062	VFB_00101567	1	1	0.0
2025-02-20		VFBexp_FBtp0095		1	1	0.0
2025-02-20		VFBexp_FBtp0095	VFB_00101567	1	1	0.0
2025-02-20		VFBexp_FBtp0124		1	1	0.0
2025-02-20		VFBexp_FBtp0124	VFB_00101567	1	1	0.0
2025-02-20	debug.virtualflybrain.org	VFB_00101567	VFB_00101567	6	5	21.0
2025-02-20	v2.virtualflybrain.org	FBbt_00001267		1	1	0.0
2025-02-20	v2.virtualflybrain.org	FBbt_00001945	VFB_00050000	8	1	2.0
2025-02-20	v2.virtualflybrain.org	FBbt_00002812		1	1	0.0
2025-02-20	v2.virtualflybrain.org	FBbt_00003624	VFB_00101567	3	5	143.0
2025-02-20	v2.virtualflybrain.org	FBbt_00003632	VFB_00101567	1	2	4.0
2025-02-20	v2.virtualflybrain.org	FBbt_00003668	VFB_00101567	0	1	44.0
2025-02-20	v2.virtualflybrain.org	FBbt_00003678	VFB_00101567	0	3	35.0
2025-02-20	v2.virtualflybrain.org	FBbt_00003679	VFB_00101567	0	2	13.0
2025-02-20	v2.virtualflybrain.org	FBbt_00003680	VFB_00101567	0	1	1.0
2025-02-20	v2.virtualflybrain.org	FBbt_00003681	VFB_00101567	0	3	53.0
2025-02-20	v2.virtualflybrain.org	FBbt_00003684	VFB_00101567	0	1	112.0
2025-02-20	v2.virtualflybrain.org	FBbt_00003748	VFB_00101567	0	5	116.0
2025-02-20	v2.virtualflybrain.org	FBbt_00003792	VFB_00101567	2	1	0.0
2025-02-20	v2.virtualflybrain.org	FBbt_00003852	VFB_00101567	0	1	4.0
2025-02-20	v2.virtualflybrain.org	FBbt_00003885	VFB_00101567	0	1	8.0
2025-02-20	v2.virtualflybrain.org	FBbt_00003982		1	1	24.0
2025-02-20	v2.virtualflybrain.org	FBbt_00003982	VFB_00101567	0	2	13.0
2025-02-20	v2.virtualflybrain.org	FBbt_00005198		1	1	0.0
2025-02-20	v2.virtualflybrain.org	FBbt_00007050	VFB_00101567	2	4	55.0
2025-02-20	v2.virtualflybrain.org	FBbt_00007054	VFB_00101567	0	2	153.0
2025-02-20	v2.virtualflybrain.org	FBbt_00007147	VFB_00101567	0	1	0.0
2025-02-20	v2.virtualflybrain.org	FBbt_00007401	VFB_00101567	0	1	14.0
2025-02-20	v2.virtualflybrain.org	FBbt_00007453	VFB_00101567	8	1	0.0
2025-02-20	v2.virtualflybrain.org	FBbt_00011929		1	1	0.0
2025-02-20	v2.virtualflybrain.org	FBbt_00014013	VFB_00101567	0	1	4.0
2025-02-20	v2.virtualflybrain.org	FBbt_00040002	VFB_00101567	0	1	4.0
2025-02-20	v2.virtualflybrain.org	FBbt_00040037	VFB_00101567	0	1	1.0
2025-02-20	v2.virtualflybrain.org	FBbt_00040041	VFB_00101567	2	6	93.0
2025-02-20	v2.virtualflybrain.org	FBbt_00040042	VFB_00101567	2	5	50.0
2025-02-20	v2.virtualflybrain.org	FBbt_00040043	VFB_00101567	0	2	5.0
2025-02-20	v2.virtualflybrain.org	FBbt_00040044	VFB_00101567	1	4	228.0
2025-02-20	v2.virtualflybrain.org	FBbt_00040051	VFB_00101567	0	1	11.0
2025-02-20	v2.virtualflybrain.org	FBbt_00045010		1	1	0.0
2025-02-20	v2.virtualflybrain.org	FBbt_00045021	VFB_00101567	0	1	7.0
2025-02-20	v2.virtualflybrain.org	FBbt_00045027	VFB_00101567	0	5	14.0
2025-02-20	v2.virtualflybrain.org	FBbt_00045048	VFB_00101567	0	2	54.0
2025-02-20	v2.virtualflybrain.org	FBbt_00045051	VFB_00101567	0	1	5.0
2025-02-20	v2.virtualflybrain.org	FBbt_00047037	VFB_00101567	5	2	12.0
2025-02-20	v2.virtualflybrain.org	FBbt_00047222	VFB_00101567	0	1	37.0
2025-02-20	v2.virtualflybrain.org	FBbt_00047660	VFB_00101567	1	1	0.0
2025-02-20	v2.virtualflybrain.org	FBbt_00048013	VFB_00101567	0	1	86.0
2025-02-20	v2.virtualflybrain.org	FBbt_00048014	VFB_00101567	0	1	278.0
2025-02-20	v2.virtualflybrain.org	FBbt_00048015	VFB_00101567	0	1	123.0
2025-02-20	v2.virtualflybrain.org	FBbt_00048027	VFB_00101567	3	1	0.0
2025-02-20	v2.virtualflybrain.org	FBbt_00048037	VFB_00101567	0	1	275.0
2025-02-20	v2.virtualflybrain.org	FBbt_00048255	VFB_00101567	2	2	0.0
2025-02-20	v2.virtualflybrain.org	FBbt_00049517		1	1	13.0
2025-02-20	v2.virtualflybrain.org	FBbt_00049611		1	1	0.0
2025-02-20	v2.virtualflybrain.org	FBbt_00051393	VFB_00101567	0	2	9.0
2025-02-20	v2.virtualflybrain.org	FBbt_00051774	VFB_00101567	0	2	30.0
2025-02-20	v2.virtualflybrain.org	FBbt_00052186	VFB_00101567	0	2	334.0
2025-02-20	v2.virtualflybrain.org	FBbt_00058785	VFB_00110000	0	2	18.0
2025-02-20	v2.virtualflybrain.org	FBbt_00059089	VFB_00110000	0	1	30.0
2025-02-20	v2.virtualflybrain.org	FBbt_00067003	VFB_00101567	1	1	0.0
2025-02-20	v2.virtualflybrain.org	FBbt_00067009		1	1	2.0
2025-02-20	v2.virtualflybrain.org	FBbt_00067009	VFB_00101567	0	1	14.0
2025-02-20	v2.virtualflybrain.org	FBbt_00067013	VFB_00101567	0	2	66.0
2025-02-20	v2.virtualflybrain.org	FBbt_00100258	VFB_00101567	0	1	19.0
2025-02-20	v2.virtualflybrain.org	FBbt_00110013	VFB_00101567	0	1	202.0
2025-02-20	v2.virtualflybrain.org	FBbt_00110101	VFB_00101567	1	2	22.0
2025-02-20	v2.virtualflybrain.org	FBbt_00110636	VFB_00101567	0	2	74.0
2025-02-20	v2.virtualflybrain.org	FBbt_00110638		1	1	18.0
2025-02-20	v2.virtualflybrain.org	FBbt_00111210	VFB_00101567	0	1	18.0
2025-02-20	v2.virtualflybrain.org	FBbt_00111352	VFB_00101567	0	1	56.0
2025-02-20	v2.virtualflybrain.org	VFB_00017894	VFB_00017894	3	6	170.0
2025-02-20	v2.virtualflybrain.org	VFB_00020286	VFB_00101567	0	1	19.0
2025-02-20	v2.virtualflybrain.org	VFB_00021163	VFB_00101567	0	2	24.0
2025-02-20	v2.virtualflybrain.org	VFB_00023253	VFB_00101567	4	1	0.0
2025-02-20	v2.virtualflybrain.org	VFB_00023422	VFB_00017894	3	1	9.0
2025-02-20	v2.virtualflybrain.org	VFB_00024142	VFB_00017894	1	3	23.0
2025-02-20	v2.virtualflybrain.org	VFB_00024142	VFB_00101567	0	2	7.0
2025-02-20	v2.virtualflybrain.org	VFB_00030413	VFB_00101567	0	1	50.0
2025-02-20	v2.virtualflybrain.org	VFB_00030849	VFB_00017894	1	2	2.0
2025-02-20	v2.virtualflybrain.org	VFB_00030867	VFB_00017894	1	2	0.0
2025-02-20	v2.virtualflybrain.org	VFB_00030867	VFB_00101567	3	2	0.0
2025-02-20	v2.virtualflybrain.org	VFB_00030873	VFB_00017894	1	2	1.0
2025-02-20	v2.virtualflybrain.org	VFB_00030873	VFB_00101567	0	2	4.0
2025-02-20	v2.virtualflybrain.org	VFB_00044977	VFB_00101567	5	1	0.0
2025-02-20	v2.virtualflybrain.org	VFB_00045107	VFB_00101567	1	1	0.0
2025-02-20	v2.virtualflybrain.org	VFB_00049000	VFB_00049000	2	6	11.0
2025-02-20	v2.virtualflybrain.org	VFB_00050000	VFB_00050000	2	13	334.0
2025-02-20	v2.virtualflybrain.org	VFB_00050500	VFB_00049000	3	1	11.0
2025-02-20	v2.virtualflybrain.org	VFB_00100183	VFB_00050000	1	1	0.0
2025-02-20	v2.virtualflybrain.org	VFB_00100234	VFB_00050000	3	1	24.0
2025-02-20	v2.virtualflybrain.org	VFB_00100239	VFB_00050000	11	4	60.0
2025-02-20	v2.virtualflybrain.org	VFB_00100292	VFB_00050000	1	1	33.0
2025-02-20	v2.virtualflybrain.org	VFB_00100715	VFB_00050000	5	1	0.0
2025-02-20	v2.virtualflybrain.org	VFB_001012c9	VFB_00101567	0	2	0.0
2025-02-20	v2.virtualflybrain.org	VFB_001013rm	VFB_00101567	2	1	0.0
2025-02-20	v2.virtualflybrain.org	VFB_001014uq	VFB_00101567	0	2	1.0
2025-02-20	v2.virtualflybrain.org	VFB_001014uq	VFB_00110000	1	2	1.0
2025-02-20	v2.virtualflybrain.org	VFB_00101567	VFB_00101567	63	76	4078.0
2025-02-20	v2.virtualflybrain.org	VFB_00101uie	VFB_00101567	24	1	0.0
2025-02-20	v2.virtualflybrain.org	VFB_00101utb	VFB_00101567	1	1	46.0
2025-02-20	v2.virtualflybrain.org	VFB_00102107	VFB_00101567	0	2	227.0
2025-02-20	v2.virtualflybrain.org	VFB_00102109	VFB_00101567	0	1	16.0
2025-02-20	v2.virtualflybrain.org	VFB_00102154	VFB_00101567	0	3	2.0
2025-02-20	v2.virtualflybrain.org	VFB_00102162	VFB_00101567	0	1	1.0
2025-02-20	v2.virtualflybrain.org	VFB_00102185	VFB_00101567	0	1	2.0
2025-02-20	v2.virtualflybrain.org	VFB_00102273	VFB_00101567	1	2	5.0
2025-02-20	v2.virtualflybrain.org	VFB_00102276	VFB_00101567	0	2	8.0
2025-02-20	v2.virtualflybrain.org	VFB_00102esl	VFB_00050000	6	1	1.0
2025-02-20	v2.virtualflybrain.org	VFB_00102esu	VFB_00049000	6	1	1.0
2025-02-20	v2.virtualflybrain.org	VFB_00102gs2	VFB_00049000	18	2	0.0
2025-02-20	v2.virtualflybrain.org	VFB_00102gs2	VFB_00101567	19	1	0.0
2025-02-20	v2.virtualflybrain.org	VFB_00200000	VFB_00200000	1	3	14.0
2025-02-20	v2.virtualflybrain.org	VFB_fw000700	VFB_00101567	4	2	8.0
2025-02-20	v2.virtualflybrain.org	VFB_fw011010		1	1	0.0
2025-02-20	v2.virtualflybrain.org	VFB_fw011010	VFB_00101567	0	1	11.0
2025-02-20	v2.virtualflybrain.org	VFB_fw011969		1	1	0.0
2025-02-20	v2.virtualflybrain.org	VFB_fw011969	VFB_00101567	0	1	5.0
2025-02-20	v2.virtualflybrain.org	VFB_fw015578		1	1	0.0
2025-02-20	v2.virtualflybrain.org	VFB_fw015578	VFB_00101567	0	1	72.0
2025-02-20	v2.virtualflybrain.org	VFB_fw023330	VFB_00101567	3	1	18.0
2025-02-20	v2.virtualflybrain.org	VFB_fw035398	VFB_00101567	2	3	0.0
2025-02-20	v2.virtualflybrain.org	VFB_fw036063	VFB_00101567	1	1	0.0
2025-02-20	v2.virtualflybrain.org	VFB_fw036963	VFB_00101567	0	1	5.0
2025-02-20	v2.virtualflybrain.org	VFB_jrchjs00		2	1	0.0
2025-02-20	v2.virtualflybrain.org	VFB_jrchjs00	VFB_00101567	0	1	203.0
2025-02-20	v2.virtualflybrain.org	VFB_jrchjsid		1	1	3.0
2025-02-20	v2.virtualflybrain.org	VFB_jrchjsid	VFB_00101567	0	1	28.0
2025-02-20	v2.virtualflybrain.org	VFB_jrchjtpj	VFB_00101567	4	1	9.0
2025-02-20	v2.virtualflybrain.org	VFB_jrchjtsr	VFB_00101567	1	1	45.0
2025-02-20	v2.virtualflybrain.org	VFB_jrchjud5	VFB_00101567	0	1	65.0
2025-02-20	v2.virtualflybrain.org	VFB_jrchjz8h	VFB_00101567	0	1	0.0
2025-02-20	v2.virtualflybrain.org	VFB_jrchk1cw	VFB_00101567	0	1	345.0
2025-02-20	v2.virtualflybrain.org	VFB_jrchk1fj	VFB_00101567	0	1	0.0
2025-02-20	v2.virtualflybrain.org	VFB_jrchk1xm	VFB_00101567	0	1	0.0
2025-02-20	v2.virtualflybrain.org	VFB_jrchk4fk		1	1	0.0
2025-02-20	v2.virtualflybrain.org	VFB_jrchk4fk	VFB_00101567	0	1	1.0
2025-02-20	v2.virtualflybrain.org	VFB_jrchk4r5		1	1	0.0
2025-02-20	v2.virtualflybrain.org	VFB_jrchk4r5	VFB_00101567	0	1	19.0
2025-02-20	v2.virtualflybrain.org	VFB_jrchk4wf		1	1	0.0
2025-02-20	v2.virtualflybrain.org	VFB_jrchk4wf	VFB_00101567	0	1	45.0
2025-02-20	v2.virtualflybrain.org	VFB_jrchk79b		1	1	1.0
2025-02-20	v2.virtualflybrain.org	VFB_jrchk7zt		4	1	8.0
2025-02-20	v2.virtualflybrain.org	VFB_jrchk7zt	VFB_00101567	0	1	19.0
2025-02-20	v2.virtualflybrain.org	VFBexp_FBti0144	VFB_00101567	0	1	25.0
2025-02-20	v2.virtualflybrain.org	VFBexp_FBti0201		1	1	1.0
2025-02-20	v2.virtualflybrain.org	VFBexp_FBti0201	VFB_00101567	4	1	0.0
2025-02-20	v2.virtualflybrain.org	VFBexp_FBtp0060	VFB_00101567	0	1	6.0
2025-02-20	v2.virtualflybrain.org	VFBexp_FBtp0061	VFB_00101567	0	1	9.0
2025-02-20	v2.virtualflybrain.org	VFBexp_FBtp0062		1	1	1.0
2025-02-20	v2.virtualflybrain.org	VFBexp_FBtp0062	VFB_00101567	0	1	90.0
2025-02-20	v2.virtualflybrain.org	VFBexp_FBtp0095	VFB_00101567	0	1	2204.0
2025-02-20	v2.virtualflybrain.org	VFBexp_FBtp0124		1	1	0.0
2025-02-20	v2.virtualflybrain.org	VFBexp_FBtp0124	VFB_00101567	0	1	84.0
2025-02-20	v2a.virtualflybrain.org	FBbt_00003748	VFB_00101567	1	1	0.0
2025-02-20	v2a.virtualflybrain.org	VFB_00101567	VFB_00101567	1	3	32.0
2025-02-21		FBbt_00001945		5	1	0.0
2025-02-21		FBbt_00001945	VFB_00050000	5	1	0.0
2025-02-21		FBbt_00003004		2	1	0.0
2025-02-21		FBbt_00003004	VFB_00101567	2	1	0.0
2025-02-21		FBbt_00003624		23	6	12.0
2025-02-21		FBbt_00003624	VFB_00101567	26	6	0.0
2025-02-21		FBbt_00003655		1	1	0.0
2025-02-21		FBbt_00003655	VFB_00101567	1	1	0.0
2025-02-21		FBbt_00003678		7	4	0.0
2025-02-21		FBbt_00003678	VFB_00101567	7	4	0.0
2025-02-21		FBbt_00003679		6	5	0.0
2025-02-21		FBbt_00003679	VFB_00101567	6	5	0.0
2025-02-21		FBbt_00003680		5	3	0.0
2025-02-21		FBbt_00003680	VFB_00101567	4	3	0.0
2025-02-21		FBbt_00003681		7	4	0.0
2025-02-21		FBbt_00003681	VFB_00101567	7	4	0.0
2025-02-21		FBbt_00003682		2	2	0.0
2025-02-21		FBbt_00003682	VFB_00101567	2	2	0.0
2025-02-21		FBbt_00003686		3	1	0.0
2025-02-21		FBbt_00003686	VFB_00101567	3	2	0.0
2025-02-21		FBbt_00003748		7	2	2.0
2025-02-21		FBbt_00003748	VFB_00101567	8	4	0.0
2025-02-21		FBbt_00003763		1	1	0.0
2025-02-21		FBbt_00003763	VFB_00101567	1	1	0.0
2025-02-21		FBbt_00003764		1	1	0.0
2025-02-21		FBbt_00003764	VFB_00101567	1	1	0.0
2025-02-21		FBbt_00003852		5	2	0.0
2025-02-21		FBbt_00003852	VFB_00101567	5	2	0.0
2025-02-21		FBbt_00003982		1	1	0.0
2025-02-21		FBbt_00003982	VFB_00101567	2	1	0.0
2025-02-21		FBbt_00004011		2	1	0.0
2025-02-21		FBbt_00004011	VFB_00101567	2	1	0.0
2025-02-21		FBbt_00005630		1	1	0.0
2025-02-21		FBbt_00005630	VFB_00101567	1	1	0.0
2025-02-21		FBbt_00007050		2	1	0.0
2025-02-21		FBbt_00007050	VFB_00101567	2	1	0.0
2025-02-21		FBbt_00007054		3	2	0.0
2025-02-21		FBbt_00007054	VFB_00101567	3	2	0.0
2025-02-21		FBbt_00007055		9	2	0.0
2025-02-21		FBbt_00007055	VFB_00101567	9	3	0.0
2025-02-21		FBbt_00007385		1	1	0.0
2025-02-21		FBbt_00007385	VFB_00101567	3	1	0.0
2025-02-21		FBbt_00007401		2	1	0.0
2025-02-21		FBbt_00007401	VFB_00101567	2	1	0.0
2025-02-21		FBbt_00007428		2	1	13.0
2025-02-21		FBbt_00007428	VFB_00101567	2	1	0.0
2025-02-21		FBbt_00007453		15	4	24.0
2025-02-21		FBbt_00007453	VFB_00030786	1	1	0.0
2025-02-21		FBbt_00007453	VFB_00101567	16	4	0.0
2025-02-21		FBbt_00014013		4	2	0.0
2025-02-21		FBbt_00014013	VFB_00101567	4	2	0.0
2025-02-21		FBbt_00040039		1	1	0.0
2025-02-21		FBbt_00040039	VFB_00101567	1	1	0.0
2025-02-21		FBbt_00040040		1	1	0.0
2025-02-21		FBbt_00040040	VFB_00101567	1	1	0.0
2025-02-21		FBbt_00040041		10	4	0.0
2025-02-21		FBbt_00040041	VFB_00101567	10	4	0.0
2025-02-21		FBbt_00040042		3	2	0.0
2025-02-21		FBbt_00040042	VFB_00101567	3	3	0.0
2025-02-21		FBbt_00040043		5	4	0.0
2025-02-21		FBbt_00040043	VFB_00101567	5	4	0.0
2025-02-21		FBbt_00040044		4	2	0.0
2025-02-21		FBbt_00040044	VFB_00030786	1	1	0.0
2025-02-21		FBbt_00040044	VFB_00101567	3	1	0.0
2025-02-21		FBbt_00040048		1	1	0.0
2025-02-21		FBbt_00040048	VFB_00030786	1	1	0.0
2025-02-21		FBbt_00040049		1	1	0.0
2025-02-21		FBbt_00040049	VFB_00101384	1	1	0.0
2025-02-21		FBbt_00040050		1	1	0.0
2025-02-21		FBbt_00040050	VFB_00030786	1	1	0.0
2025-02-21		FBbt_00045027		3	2	0.0
2025-02-21		FBbt_00045027	VFB_00101567	3	2	0.0
2025-02-21		FBbt_00045047		2	1	0.0
2025-02-21		FBbt_00045047	VFB_00101567	2	1	0.0
2025-02-21		FBbt_00045048		5	4	0.0
2025-02-21		FBbt_00045048	VFB_00101567	5	4	0.0
2025-02-21		FBbt_00045050		4	3	0.0
2025-02-21		FBbt_00045050	VFB_00101567	4	3	0.0
2025-02-21		FBbt_00045051		2	1	0.0
2025-02-21		FBbt_00045051	VFB_00101567	2	1	0.0
2025-02-21		FBbt_00047037		2	1	0.0
2025-02-21		FBbt_00047037	VFB_00101567	2	1	0.0
2025-02-21		FBbt_00047095		2	1	0.0
2025-02-21		FBbt_00047095	VFB_00101567	2	1	0.0
2025-02-21		FBbt_00047926		2	2	0.0
2025-02-21		FBbt_00047926	VFB_00101567	2	2	0.0
2025-02-21		FBbt_00048027		3	1	0.0
2025-02-21		FBbt_00048027	VFB_00101567	3	1	0.0
2025-02-21		FBbt_00049532		1	1	0.0
2025-02-21		FBbt_00049532	VFB_00101567	1	1	0.0
2025-02-21		FBbt_00049537		1	1	0.0
2025-02-21		FBbt_00049537	VFB_00101567	1	1	0.0
2025-02-21		FBbt_00049725		1	1	0.0
2025-02-21		FBbt_00049725	VFB_00101567	1	1	0.0
2025-02-21		FBbt_00049825		2	1	0.0
2025-02-21		FBbt_00049825	VFB_00101567	2	2	0.0
2025-02-21		FBbt_00049928		7	1	0.0
2025-02-21		FBbt_00049928	VFB_00101567	7	4	0.0
2025-02-21		FBbt_00051212		4	2	1.0
2025-02-21		FBbt_00051212	VFB_00101567	6	2	0.0
2025-02-21		FBbt_00051393		3	1	0.0
2025-02-21		FBbt_00051393	VFB_00101567	3	1	0.0
2025-02-21		FBbt_00052249		1	1	0.0
2025-02-21		FBbt_00052249	VFB_00101567	1	1	0.0
2025-02-21		FBbt_00058155		1	1	0.0
2025-02-21		FBbt_00058155	VFB_00101567	1	1	0.0
2025-02-21		FBbt_00058205		2	1	9.0
2025-02-21		FBbt_00058205	VFB_00101567	2	1	0.0
2025-02-21		FBbt_00058206		1	1	0.0
2025-02-21		FBbt_00058206	VFB_00101567	1	1	0.0
2025-02-21		FBbt_00100216		2	1	80.0
2025-02-21		FBbt_00100216	VFB_00101567	3	1	0.0
2025-02-21		FBbt_00100250		5	1	0.0
2025-02-21		FBbt_00100250	VFB_00101567	5	2	0.0
2025-02-21		FBbt_00110101		4	1	0.0
2025-02-21		FBbt_00110101	VFB_00101567	4	1	0.0
2025-02-21		FBbt_00110636		2	2	0.0
2025-02-21		FBbt_00110636	VFB_00101567	2	2	0.0
2025-02-21		FBbt_00110639		2	1	0.0
2025-02-21		FBbt_00110639	VFB_00101567	2	1	0.0
2025-02-21		FBbt_00110657		1	1	0.0
2025-02-21		FBbt_00110657	VFB_00101567	1	1	0.0
2025-02-21		FBbt_00110931		3	2	0.0
2025-02-21		FBbt_00110931	VFB_00101567	3	2	0.0
2025-02-21		FBbt_00111308		1	1	0.0
2025-02-21		FBbt_00111308	VFB_00101567	1	1	0.0
2025-02-21		FBbt_20001721		1	1	0.0
2025-02-21		FBbt_20001721	VFB_00101567	1	1	0.0
2025-02-21		VFB_00008900		7	1	42.0
2025-02-21		VFB_00008900	VFB_00101567	2	1	0.0
2025-02-21		VFB_00017894		4	1	0.0
2025-02-21		VFB_00017894	VFB_00017894	2	1	0.0
2025-02-21		VFB_00017894	VFB_00101567	2	1	0.0
2025-02-21		VFB_00030786		6	1	1.0
2025-02-21		VFB_00030786	VFB_00030786	7	2	13.0
2025-02-21		VFB_00030802		12	1	4.0
2025-02-21		VFB_00030802	VFB_00030786	12	2	0.0
2025-02-21		VFB_00030867		11	1	0.0
2025-02-21		VFB_00030867	VFB_00017894	6	1	0.0
2025-02-21		VFB_00030867	VFB_00101567	5	1	0.0
2025-02-21		VFB_00045107		1	1	0.0
2025-02-21		VFB_00045107	VFB_00101567	1	1	0.0
2025-02-21		VFB_00049000		3	2	1.0
2025-02-21		VFB_00049000	VFB_00049000	4	3	18.0
2025-02-21		VFB_00050000		7	2	0.0
2025-02-21		VFB_00050000	VFB_00049000	1	1	0.0
2025-02-21		VFB_00050000	VFB_00050000	6	2	0.0
2025-02-21		VFB_00065866		1	1	3.0
2025-02-21		VFB_00065866	VFB_00101567	1	1	0.0
2025-02-21		VFB_001000k7		18	1	5.0
2025-02-21		VFB_001000k7	VFB_00101567	18	2	0.0
2025-02-21		VFB_001000s4		2	1	9.0
2025-02-21		VFB_001000s4	VFB_00101567	2	2	0.0
2025-02-21		VFB_0010022h		1	1	0.0
2025-02-21		VFB_0010022h	VFB_00101567	1	1	0.0
2025-02-21		VFB_00100239		24	1	0.0
2025-02-21		VFB_00100239	VFB_00050000	24	1	0.0
2025-02-21		VFB_0010023e		1	1	0.0
2025-02-21		VFB_0010023e	VFB_00101567	1	1	0.0
2025-02-21		VFB_0010027n		4	1	1.0
2025-02-21		VFB_0010027n	VFB_00050000	1	1	0.0
2025-02-21		VFB_0010027n	VFB_00101567	3	1	0.0
2025-02-21		VFB_00100715		5	1	0.0
2025-02-21		VFB_00100715	VFB_00050000	5	1	0.0
2025-02-21		VFB_00100850		6	1	1.0
2025-02-21		VFB_00100850	VFB_00101567	6	1	0.0
2025-02-21		VFB_001011g9		6	1	0.0
2025-02-21		VFB_001011g9	VFB_00050000	6	2	0.0
2025-02-21		VFB_001011rp		1	1	21.0
2025-02-21		VFB_001011rp	VFB_00101567	1	1	0.0
2025-02-21		VFB_00101384		1	1	2.0
2025-02-21		VFB_00101384	VFB_00101384	2	2	26.0
2025-02-21		VFB_00101442		15	1	25.0
2025-02-21		VFB_00101442	VFB_00101384	15	2	0.0
2025-02-21		VFB_00101567		203	46	469.0
2025-02-21		VFB_00101567	VFB_00017894	3	1	0.0
2025-02-21		VFB_00101567	VFB_00101567	235	65	200.0
2025-02-21		VFB_00101sly		5	1	103.0
2025-02-21		VFB_00101sly	VFB_00101567	5	1	0.0
2025-02-21		VFB_00101uie		24	1	0.0
2025-02-21		VFB_00101uie	VFB_00101567	24	1	0.0
2025-02-21		VFB_00102114		3	1	6.0
2025-02-21		VFB_00102114	VFB_00101567	1	1	0.0
2025-02-21		VFB_00102118		12	3	9.0
2025-02-21		VFB_00102118	VFB_00101567	10	5	0.0
2025-02-21		VFB_00102164		1	1	0.0
2025-02-21		VFB_00102164	VFB_00101567	1	1	0.0
2025-02-21		VFB_00102275		6	1	28.0
2025-02-21		VFB_00102275	VFB_00101567	6	2	0.0
2025-02-21		VFB_00102276		10	2	29.0
2025-02-21		VFB_00102276	VFB_00101567	14	3	0.0
2025-02-21		VFB_001029j7		1	1	4.0
2025-02-21		VFB_001029j7	VFB_00101567	1	1	0.0
2025-02-21		VFB_00102esl		2	1	0.0
2025-02-21		VFB_00102esl	VFB_00050000	2	1	0.0
2025-02-21		VFB_00102esu		2	1	0.0
2025-02-21		VFB_00102esu	VFB_00049000	2	1	0.0
2025-02-21		VFB_00102eye		2	1	0.0
2025-02-21		VFB_00102eye	VFB_00050000	2	1	0.0
2025-02-21		VFB_00102gs2		6	1	0.0
2025-02-21		VFB_00102gs2	VFB_00049000	3	1	0.0
2025-02-21		VFB_00102gs2	VFB_00101567	3	1	0.0
2025-02-21		VFB_00110000		1	1	5.0
2025-02-21		VFB_00110000	VFB_00110000	2	2	19.0
2025-02-21		VFB_00200000		2	1	1.0
2025-02-21		VFB_00200000	VFB_00200000	3	2	50.0
2025-02-21		VFB_fw000409		4	1	0.0
2025-02-21		VFB_fw000409	VFB_00101567	3	1	0.0
2025-02-21		VFB_fw001918		1	1	0.0
2025-02-21		VFB_fw001918	VFB_00101567	1	1	0.0
2025-02-21		VFB_fw002425		1	1	2.0
2025-02-21		VFB_fw002425	VFB_00101567	1	1	0.0
2025-02-21		VFB_fw004056		1	1	0.0
2025-02-21		VFB_fw004056	VFB_00101567	1	1	0.0
2025-02-21		VFB_fw007382		1	1	0.0
2025-02-21		VFB_fw007382	VFB_00101567	1	1	0.0
2025-02-21		VFB_fw010297		5	1	0.0
2025-02-21		VFB_fw010297	VFB_00101567	6	2	0.0
2025-02-21		VFB_fw020425		6	1	8.0
2025-02-21		VFB_fw020425	VFB_00101567	6	2	0.0
2025-02-21		VFB_fw021994		2	1	0.0
2025-02-21		VFB_fw021994	VFB_00049000	2	1	0.0
2025-02-21		VFB_fw024674		4	2	9.0
2025-02-21		VFB_fw024674	VFB_00101567	3	2	0.0
2025-02-21		VFB_fw031077		1	1	4.0
2025-02-21		VFB_fw031077	VFB_00101567	1	1	0.0
2025-02-21		VFB_fw031178		1	1	0.0
2025-02-21		VFB_fw031178	VFB_00101567	1	1	0.0
2025-02-21		VFB_fw031596		3	1	2.0
2025-02-21		VFB_fw031596	VFB_00049000	2	1	0.0
2025-02-21		VFB_fw031596	VFB_00101567	1	1	0.0
2025-02-21		VFB_fw033045		3	1	0.0
2025-02-21		VFB_fw033045	VFB_00101567	3	2	0.0
2025-02-21		VFB_fw033868		1	1	0.0
2025-02-21		VFB_fw033868	VFB_00101567	1	1	0.0
2025-02-21		VFB_fw034040		2	1	68.0
2025-02-21		VFB_fw034040	VFB_00101567	1	1	0.0
2025-02-21		VFB_fw034628		1	1	0.0
2025-02-21		VFB_fw034628	VFB_00101567	1	1	0.0
2025-02-21		VFB_fw035122		1	1	0.0
2025-02-21		VFB_fw035122	VFB_00101567	1	1	0.0
2025-02-21		VFB_fw036236		2	1	5.0
2025-02-21		VFB_fw036236	VFB_00101567	1	1	0.0
2025-02-21		VFB_fw036526		3	1	11.0
2025-02-21		VFB_fw036526	VFB_00101567	3	2	0.0
2025-02-21		VFB_fw036971		2	1	0.0
2025-02-21		VFB_fw036971	VFB_00049000	2	1	0.0
2025-02-21		VFB_fw043301		8	2	667.0
2025-02-21		VFB_fw043301	VFB_00101567	8	3	0.0
2025-02-21		VFB_jrchjrhd		2	1	45.0
2025-02-21		VFB_jrchjrhd	VFB_00101567	2	1	0.0
2025-02-21		VFB_jrchjts1		6	1	35.0
2025-02-21		VFB_jrchjts1	VFB_00101567	6	2	0.0
2025-02-21		VFB_jrchju5o		2	1	7.0
2025-02-21		VFB_jrchju5o	VFB_00101567	2	1	0.0
2025-02-21		VFB_jrchjud5		1	1	0.0
2025-02-21		VFB_jrchjud5	VFB_00101567	1	1	0.0
2025-02-21		VFB_jrchjxl7		5	1	1.0
2025-02-21		VFB_jrchjxl7	VFB_00101567	5	2	0.0
2025-02-21		VFB_jrchk0ve		2	1	2.0
2025-02-21		VFB_jrchk0ve	VFB_00101567	2	2	0.0
2025-02-21		VFB_jrchk0wb		3	1	3.0
2025-02-21		VFB_jrchk0wb	VFB_00101567	3	1	0.0
2025-02-21		VFB_jrchk43u		6	1	11.0
2025-02-21		VFB_jrchk43u	VFB_00101567	6	2	0.0
2025-02-21		VFB_jrchk461		4	1	4.0
2025-02-21		VFB_jrchk461	VFB_00101567	3	2	0.0
2025-02-21		VFB_jrchk7a6		2	1	0.0
2025-02-21		VFB_jrchk7a6	VFB_00101567	2	1	0.0
2025-02-21		VFB_jrchk88x		3	1	18.0
2025-02-21		VFB_jrchk88x	VFB_00101567	3	2	0.0
2025-02-21		VFB_jrchk8dq		26	1	272.0
2025-02-21		VFB_jrchk8dq	VFB_00101567	21	6	0.0
2025-02-21		VFBexp_FBti0002		2	1	0.0
2025-02-21		VFBexp_FBti0002	VFB_00101567	7	2	0.0
2025-02-21		VFBexp_FBtp0015		4	2	0.0
2025-02-21		VFBexp_FBtp0015	VFB_00101567	4	2	0.0
2025-02-21		VFBexp_FBtp0054		2	1	0.0
2025-02-21		VFBexp_FBtp0054	VFB_00101567	2	1	0.0
2025-02-21		VFBexp_FBtp0121		2	1	18.0
2025-02-21		VFBexp_FBtp0121	VFB_00101567	2	1	0.0
2025-02-21	debug.virtualflybrain.org	VFB_00101567	VFB_00101567	4	4	29.0
2025-02-21	v2.virtualflybrain.org	FBbt_00001945	VFB_00050000	6	1	0.0
2025-02-21	v2.virtualflybrain.org	FBbt_00002192		1	1	0.0
2025-02-21	v2.virtualflybrain.org	FBbt_00003004	VFB_00101567	0	1	2.0
2025-02-21	v2.virtualflybrain.org	FBbt_00003624	VFB_00101567	2	8	351.0
2025-02-21	v2.virtualflybrain.org	FBbt_00003655	VFB_00101567	0	1	54.0
2025-02-21	v2.virtualflybrain.org	FBbt_00003664		1	1	14.0
2025-02-21	v2.virtualflybrain.org	FBbt_00003678	VFB_00101567	1	5	608.0
2025-02-21	v2.virtualflybrain.org	FBbt_00003679	VFB_00101567	0	6	159.0
2025-02-21	v2.virtualflybrain.org	FBbt_00003680	VFB_00101567	0	4	50.0
2025-02-21	v2.virtualflybrain.org	FBbt_00003681	VFB_00101567	0	4	29.0
2025-02-21	v2.virtualflybrain.org	FBbt_00003682	VFB_00101567	0	2	10.0
2025-02-21	v2.virtualflybrain.org	FBbt_00003686	VFB_00101567	1	4	139.0
2025-02-21	v2.virtualflybrain.org	FBbt_00003748	VFB_00101567	1	5	45.0
2025-02-21	v2.virtualflybrain.org	FBbt_00003763	VFB_00101567	0	1	19.0
2025-02-21	v2.virtualflybrain.org	FBbt_00003780		1	1	9.0
2025-02-21	v2.virtualflybrain.org	FBbt_00003852	VFB_00101567	1	4	28.0
2025-02-21	v2.virtualflybrain.org	FBbt_00003982	VFB_00101567	0	1	2.0
2025-02-21	v2.virtualflybrain.org	FBbt_00004011	VFB_00101567	0	1	17.0
2025-02-21	v2.virtualflybrain.org	FBbt_00004462		1	1	8.0
2025-02-21	v2.virtualflybrain.org	FBbt_00005630	VFB_00101567	0	1	14.0
2025-02-21	v2.virtualflybrain.org	FBbt_00007050	VFB_00101567	0	1	11.0
2025-02-21	v2.virtualflybrain.org	FBbt_00007054	VFB_00101567	0	2	15.0
2025-02-21	v2.virtualflybrain.org	FBbt_00007055	VFB_00101567	0	4	345.0
2025-02-21	v2.virtualflybrain.org	FBbt_00007385	VFB_00101567	0	1	0.0
2025-02-21	v2.virtualflybrain.org	FBbt_00007401	VFB_00101567	0	2	1.0
2025-02-21	v2.virtualflybrain.org	FBbt_00007428	VFB_00101567	0	1	0.0
2025-02-21	v2.virtualflybrain.org	FBbt_00007453	VFB_00030786	0	1	1.0
2025-02-21	v2.virtualflybrain.org	FBbt_00007453	VFB_00101567	3	5	14.0
2025-02-21	v2.virtualflybrain.org	FBbt_00014013	VFB_00101567	0	2	4.0
2025-02-21	v2.virtualflybrain.org	FBbt_00040039	VFB_00101567	0	1	0.0
2025-02-21	v2.virtualflybrain.org	FBbt_00040040	VFB_00101567	0	1	133.0
2025-02-21	v2.virtualflybrain.org	FBbt_00040041	VFB_00101567	3	4	400.0
2025-02-21	v2.virtualflybrain.org	FBbt_00040042	VFB_00101567	3	4	1.0
2025-02-21	v2.virtualflybrain.org	FBbt_00040043	VFB_00101567	0	5	335.0
2025-02-21	v2.virtualflybrain.org	FBbt_00040044	VFB_00030786	0	1	3.0
2025-02-21	v2.virtualflybrain.org	FBbt_00040044	VFB_00101567	0	1	1.0
2025-02-21	v2.virtualflybrain.org	FBbt_00040048	VFB_00030786	0	1	0.0
2025-02-21	v2.virtualflybrain.org	FBbt_00040049	VFB_00101384	0	1	16.0
2025-02-21	v2.virtualflybrain.org	FBbt_00040050	VFB_00030786	0	1	3.0
2025-02-21	v2.virtualflybrain.org	FBbt_00045027	VFB_00101567	0	2	17.0
2025-02-21	v2.virtualflybrain.org	FBbt_00045047	VFB_00101567	0	1	17.0
2025-02-21	v2.virtualflybrain.org	FBbt_00045048	VFB_00101567	0	4	51.0
2025-02-21	v2.virtualflybrain.org	FBbt_00045050	VFB_00101567	0	4	116.0
2025-02-21	v2.virtualflybrain.org	FBbt_00045051	VFB_00101567	0	1	4.0
2025-02-21	v2.virtualflybrain.org	FBbt_00047037	VFB_00101567	3	2	0.0
2025-02-21	v2.virtualflybrain.org	FBbt_00047095	VFB_00101567	0	2	49.0
2025-02-21	v2.virtualflybrain.org	FBbt_00047311		1	1	8.0
2025-02-21	v2.virtualflybrain.org	FBbt_00047909		1	1	11.0
2025-02-21	v2.virtualflybrain.org	FBbt_00047926	VFB_00101567	0	2	288.0
2025-02-21	v2.virtualflybrain.org	FBbt_00047956		1	1	6.0
2025-02-21	v2.virtualflybrain.org	FBbt_00048027	VFB_00101567	3	1	0.0
2025-02-21	v2.virtualflybrain.org	FBbt_00049337		1	1	0.0
2025-02-21	v2.virtualflybrain.org	FBbt_00049339		1	1	0.0
2025-02-21	v2.virtualflybrain.org	FBbt_00049532	VFB_00101567	0	1	7.0
2025-02-21	v2.virtualflybrain.org	FBbt_00049537	VFB_00101567	0	1	16.0
2025-02-21	v2.virtualflybrain.org	FBbt_00049825	VFB_00101567	0	2	189.0
2025-02-21	v2.virtualflybrain.org	FBbt_00049928	VFB_00101567	0	3	312.0
2025-02-21	v2.virtualflybrain.org	FBbt_00051038		1	1	0.0
2025-02-21	v2.virtualflybrain.org	FBbt_00051212	VFB_00101567	0	3	0.0
2025-02-21	v2.virtualflybrain.org	FBbt_00051393	VFB_00101567	2	2	67.0
2025-02-21	v2.virtualflybrain.org	FBbt_00052150		1	1	0.0
2025-02-21	v2.virtualflybrain.org	FBbt_00052249	VFB_00101567	0	1	9.0
2025-02-21	v2.virtualflybrain.org	FBbt_00058155	VFB_00101567	0	1	24.0
2025-02-21	v2.virtualflybrain.org	FBbt_00058205	VFB_00101567	0	1	0.0
2025-02-21	v2.virtualflybrain.org	FBbt_00058206	VFB_00101567	0	1	1.0
2025-02-21	v2.virtualflybrain.org	FBbt_00100216	VFB_00101567	0	1	0.0
2025-02-21	v2.virtualflybrain.org	FBbt_00100250	VFB_00101567	0	2	124.0
2025-02-21	v2.virtualflybrain.org	FBbt_00110101	VFB_00101567	5	1	0.0
2025-02-21	v2.virtualflybrain.org	FBbt_00110476		1	1	0.0
2025-02-21	v2.virtualflybrain.org	FBbt_00110636	VFB_00101567	0	1	4.0
2025-02-21	v2.virtualflybrain.org	FBbt_00110639	VFB_00101567	0	1	89.0
2025-02-21	v2.virtualflybrain.org	FBbt_00110657	VFB_00101567	0	2	79.0
2025-02-21	v2.virtualflybrain.org	FBbt_00110931	VFB_00101567	0	3	379.0
2025-02-21	v2.virtualflybrain.org	FBbt_00111308	VFB_00101567	0	1	15.0
2025-02-21	v2.virtualflybrain.org	FBbt_20001721	VFB_00101567	0	1	9.0
2025-02-21	v2.virtualflybrain.org	VFB_00008900	VFB_00101567	0	1	0.0
2025-02-21	v2.virtualflybrain.org	VFB_00017894	VFB_00017894	3	3	0.0
2025-02-21	v2.virtualflybrain.org	VFB_00017894	VFB_00101567	2	2	0.0
2025-02-21	v2.virtualflybrain.org	VFB_00021163	VFB_00101567	1	1	0.0
2025-02-21	v2.virtualflybrain.org	VFB_00030786	VFB_00030786	2	4	50.0
2025-02-21	v2.virtualflybrain.org	VFB_00030802	VFB_00030786	0	2	27.0
2025-02-21	v2.virtualflybrain.org	VFB_00030867	VFB_00017894	7	2	0.0
2025-02-21	v2.virtualflybrain.org	VFB_00030867	VFB_00101567	6	2	0.0
2025-02-21	v2.virtualflybrain.org	VFB_00045107	VFB_00101567	1	1	0.0
2025-02-21	v2.virtualflybrain.org	VFB_00049000	VFB_00049000	3	7	12.0
2025-02-21	v2.virtualflybrain.org	VFB_00050000	VFB_00050000	5	10	1.0
2025-02-21	v2.virtualflybrain.org	VFB_00065866	VFB_00101567	0	1	330.0
2025-02-21	v2.virtualflybrain.org	VFB_001000k7	VFB_00101567	16	2	0.0
2025-02-21	v2.virtualflybrain.org	VFB_001000s4	VFB_00101567	1	1	0.0
2025-02-21	v2.virtualflybrain.org	VFB_0010022h	VFB_00101567	0	1	78.0
2025-02-21	v2.virtualflybrain.org	VFB_00100239	VFB_00050000	24	1	0.0
2025-02-21	v2.virtualflybrain.org	VFB_0010023e	VFB_00101567	0	1	10.0
2025-02-21	v2.virtualflybrain.org	VFB_0010027n	VFB_00050000	1	3	43.0
2025-02-21	v2.virtualflybrain.org	VFB_0010027n	VFB_00101567	0	2	10.0
2025-02-21	v2.virtualflybrain.org	VFB_00100657	VFB_00050000	1	1	1.0
2025-02-21	v2.virtualflybrain.org	VFB_00100715	VFB_00050000	6	1	0.0
2025-02-21	v2.virtualflybrain.org	VFB_00100850	VFB_00050000	2	2	5.0
2025-02-21	v2.virtualflybrain.org	VFB_00100850	VFB_00101567	0	2	22.0
2025-02-21	v2.virtualflybrain.org	VFB_001011g9	VFB_00050000	4	3	5.0
2025-02-21	v2.virtualflybrain.org	VFB_001011rp	VFB_00101567	0	1	26.0
2025-02-21	v2.virtualflybrain.org	VFB_00101384	VFB_00101384	1	2	0.0
2025-02-21	v2.virtualflybrain.org	VFB_00101442	VFB_00101384	1	2	0.0
2025-02-21	v2.virtualflybrain.org	VFB_00101567		2	1	25.0
2025-02-21	v2.virtualflybrain.org	VFB_00101567	VFB_00017894	3	1	0.0
2025-02-21	v2.virtualflybrain.org	VFB_00101567	VFB_00101567	71	110	1426.0
2025-02-21	v2.virtualflybrain.org	VFB_00101sly	VFB_00101567	0	2	26.0
2025-02-21	v2.virtualflybrain.org	VFB_00101uie	VFB_00101567	24	1	0.0
2025-02-21	v2.virtualflybrain.org	VFB_00102114	VFB_00101567	0	1	18.0
2025-02-21	v2.virtualflybrain.org	VFB_00102118	VFB_00101567	0	4	65.0
2025-02-21	v2.virtualflybrain.org	VFB_00102164	VFB_00101567	1	1	0.0
2025-02-21	v2.virtualflybrain.org	VFB_00102275	VFB_00101567	0	1	62.0
2025-02-21	v2.virtualflybrain.org	VFB_00102276	VFB_00101567	0	2	94.0
2025-02-21	v2.virtualflybrain.org	VFB_001029j7	VFB_00101567	0	1	42.0
2025-02-21	v2.virtualflybrain.org	VFB_00102esl	VFB_00050000	3	2	0.0
2025-02-21	v2.virtualflybrain.org	VFB_00102esu	VFB_00049000	3	2	0.0
2025-02-21	v2.virtualflybrain.org	VFB_00102eye	VFB_00050000	0	1	98.0
2025-02-21	v2.virtualflybrain.org	VFB_00102gs2	VFB_00049000	3	1	0.0
2025-02-21	v2.virtualflybrain.org	VFB_00102gs2	VFB_00101567	3	1	0.0
2025-02-21	v2.virtualflybrain.org	VFB_00110000	VFB_00110000	1	2	0.0
2025-02-21	v2.virtualflybrain.org	VFB_00200000	VFB_00200000	2	3	0.0
2025-02-21	v2.virtualflybrain.org	VFB_fw000409	VFB_00101567	0	2	33.0
2025-02-21	v2.virtualflybrain.org	VFB_fw001918	VFB_00101567	1	1	0.0
2025-02-21	v2.virtualflybrain.org	VFB_fw002425	VFB_00101567	0	1	14.0
2025-02-21	v2.virtualflybrain.org	VFB_fw004056	VFB_00101567	0	1	16.0
2025-02-21	v2.virtualflybrain.org	VFB_fw007382	VFB_00101567	0	1	4.0
2025-02-21	v2.virtualflybrain.org	VFB_fw010297	VFB_00101567	0	4	33.0
2025-02-21	v2.virtualflybrain.org	VFB_fw020425	VFB_00101567	0	2	0.0
2025-02-21	v2.virtualflybrain.org	VFB_fw021994	VFB_00049000	0	2	7.0
2025-02-21	v2.virtualflybrain.org	VFB_fw024674	VFB_00101567	0	2	3.0
2025-02-21	v2.virtualflybrain.org	VFB_fw031077	VFB_00101567	0	1	52.0
2025-02-21	v2.virtualflybrain.org	VFB_fw031178	VFB_00101567	0	1	13.0
2025-02-21	v2.virtualflybrain.org	VFB_fw031596	VFB_00049000	0	2	79.0
2025-02-21	v2.virtualflybrain.org	VFB_fw031596	VFB_00101567	1	3	2.0
2025-02-21	v2.virtualflybrain.org	VFB_fw033045	VFB_00101567	2	3	0.0
2025-02-21	v2.virtualflybrain.org	VFB_fw033868	VFB_00101567	0	1	7.0
2025-02-21	v2.virtualflybrain.org	VFB_fw034040	VFB_00101567	0	1	6.0
2025-02-21	v2.virtualflybrain.org	VFB_fw034628	VFB_00101567	0	1	10.0
2025-02-21	v2.virtualflybrain.org	VFB_fw035122	VFB_00101567	0	1	11.0
2025-02-21	v2.virtualflybrain.org	VFB_fw036236	VFB_00101567	0	1	0.0
2025-02-21	v2.virtualflybrain.org	VFB_fw036526	VFB_00101567	0	2	19.0
2025-02-21	v2.virtualflybrain.org	VFB_fw036971	VFB_00049000	0	2	3.0
2025-02-21	v2.virtualflybrain.org	VFB_fw043301	VFB_00101567	1	2	23.0
2025-02-21	v2.virtualflybrain.org	VFB_jrchjrhd		1	1	1.0
2025-02-21	v2.virtualflybrain.org	VFB_jrchjts1	VFB_00101567	1	1	26.0
2025-02-21	v2.virtualflybrain.org	VFB_jrchju5o	VFB_00101567	0	2	53.0
2025-02-21	v2.virtualflybrain.org	VFB_jrchjud5	VFB_00101567	1	1	0.0
2025-02-21	v2.virtualflybrain.org	VFB_jrchjxl7	VFB_00101567	2	2	10.0
2025-02-21	v2.virtualflybrain.org	VFB_jrchk0ve	VFB_00101567	0	2	0.0
2025-02-21	v2.virtualflybrain.org	VFB_jrchk0wb	VFB_00101567	0	1	36.0
2025-02-21	v2.virtualflybrain.org	VFB_jrchk43u	VFB_00101567	3	2	2576.0
2025-02-21	v2.virtualflybrain.org	VFB_jrchk461	VFB_00101567	1	2	318.0
2025-02-21	v2.virtualflybrain.org	VFB_jrchk7a6		2	1	0.0
2025-02-21	v2.virtualflybrain.org	VFB_jrchk7a6	VFB_00101567	0	1	0.0
2025-02-21	v2.virtualflybrain.org	VFB_jrchk88x	VFB_00101567	0	2	186.0
2025-02-21	v2.virtualflybrain.org	VFB_jrchk8dq	VFB_00101567	0	5	335.0
2025-02-21	v2.virtualflybrain.org	VFBexp_FBti0002	VFB_00101567	0	2	78.0
2025-02-21	v2.virtualflybrain.org	VFBexp_FBtp0015	VFB_00101567	0	2	238.0
2025-02-21	v2.virtualflybrain.org	VFBexp_FBtp0054	VFB_00101567	0	1	43.0
2025-02-21	v2.virtualflybrain.org	VFBexp_FBtp0121	VFB_00101567	0	1	0.0
2025-02-21	v2.virtualflybrain.org	VFBext_0000004		1	1	0.0
2025-02-22		FBbt_00001727		1	1	0.0
2025-02-22		FBbt_00001727	VFB_00050000	1	1	0.0
2025-02-22		FBbt_00001919		1	1	0.0
2025-02-22		FBbt_00001919	VFB_00049000	2	1	0.0
2025-02-22		FBbt_00003004		4	2	0.0
2025-02-22		FBbt_00003004	VFB_00101567	4	2	0.0
2025-02-22		FBbt_00003128		1	1	0.0
2025-02-22		FBbt_00003128	VFB_00110000	1	1	0.0
2025-02-22		FBbt_00003624		14	6	0.0
2025-02-22		FBbt_00003624	VFB_00101567	16	6	0.0
2025-02-22		FBbt_00003664		2	1	5.0
2025-02-22		FBbt_00003664	VFB_00101567	2	1	0.0
2025-02-22		FBbt_00003668		2	1	0.0
2025-02-22		FBbt_00003668	VFB_00101567	2	1	0.0
2025-02-22		FBbt_00003678		1	1	0.0
2025-02-22		FBbt_00003678	VFB_00101567	1	1	0.0
2025-02-22		FBbt_00003679		2	1	0.0
2025-02-22		FBbt_00003679	VFB_00101567	2	1	0.0
2025-02-22		FBbt_00003680		1	1	0.0
2025-02-22		FBbt_00003680	VFB_00101567	1	1	0.0
2025-02-22		FBbt_00003686		1	1	0.0
2025-02-22		FBbt_00003686	VFB_00101567	1	1	0.0
2025-02-22		FBbt_00003701		1	1	0.0
2025-02-22		FBbt_00003701	VFB_00101567	1	1	0.0
2025-02-22		FBbt_00003719		1	1	0.0
2025-02-22		FBbt_00003719	VFB_00101567	1	1	0.0
2025-02-22		FBbt_00003725		1	1	0.0
2025-02-22		FBbt_00003725	VFB_00101567	1	1	0.0
2025-02-22		FBbt_00003727		1	1	1.0
2025-02-22		FBbt_00003727	VFB_00101567	1	1	0.0
2025-02-22		FBbt_00003748		5	3	0.0
2025-02-22		FBbt_00003748	VFB_00101567	5	3	0.0
2025-02-22		FBbt_00003790		1	1	0.0
2025-02-22		FBbt_00003790	VFB_00101567	1	1	0.0
2025-02-22		FBbt_00003817		1	1	0.0
2025-02-22		FBbt_00003817	VFB_00101567	1	1	0.0
2025-02-22		FBbt_00003852		2	2	0.0
2025-02-22		FBbt_00003852	VFB_00017894	1	1	0.0
2025-02-22		FBbt_00003852	VFB_00101567	1	1	0.0
2025-02-22		FBbt_00003982		2	1	0.0
2025-02-22		FBbt_00003982	VFB_00101567	6	1	0.0
2025-02-22		FBbt_00003995		2	1	0.0
2025-02-22		FBbt_00003995	VFB_00101567	2	1	0.0
2025-02-22		FBbt_00004535		8	1	0.0
2025-02-22		FBbt_00004535	VFB_00110000	9	1	0.0
2025-02-22		FBbt_00005801		1	1	0.0
2025-02-22		FBbt_00005801	VFB_00101567	1	1	0.0
2025-02-22		FBbt_00007050		2	1	0.0
2025-02-22		FBbt_00007050	VFB_00101567	2	1	0.0
2025-02-22		FBbt_00007053		2	1	0.0
2025-02-22		FBbt_00007053	VFB_00101567	2	2	0.0
2025-02-22		FBbt_00007054		1	1	0.0
2025-02-22		FBbt_00007054	VFB_00101567	1	1	0.0
2025-02-22		FBbt_00007055		2	1	0.0
2025-02-22		FBbt_00007055	VFB_00101567	2	1	0.0
2025-02-22		FBbt_00007058		2	1	0.0
2025-02-22		FBbt_00007058	VFB_00101567	2	1	0.0
2025-02-22		FBbt_00007059		2	1	0.0
2025-02-22		FBbt_00007059	VFB_00101567	4	2	0.0
2025-02-22		FBbt_00007385		1	1	0.0
2025-02-22		FBbt_00007385	VFB_00101567	1	1	0.0
2025-02-22		FBbt_00007401		3	1	0.0
2025-02-22		FBbt_00007401	VFB_00101567	3	3	0.0
2025-02-22		FBbt_00007453		3	2	0.0
2025-02-22		FBbt_00007453	VFB_00101567	3	2	0.0
2025-02-22		FBbt_00007484		2	1	42.0
2025-02-22		FBbt_00007484	VFB_00101567	2	1	0.0
2025-02-22		FBbt_00007703		1	1	0.0
2025-02-22		FBbt_00007703	VFB_00049000	1	1	0.0
2025-02-22		FBbt_00013695		1	1	0.0
2025-02-22		FBbt_00013695	VFB_00101567	1	1	0.0
2025-02-22		FBbt_00014013		2	1	0.0
2025-02-22		FBbt_00014013	VFB_00101567	2	1	0.0
2025-02-22		FBbt_00040041		6	2	0.0
2025-02-22		FBbt_00040041	VFB_00101567	6	2	0.0
2025-02-22		FBbt_00040043		6	1	0.0
2025-02-22		FBbt_00040043	VFB_00101567	6	2	0.0
2025-02-22		FBbt_00045021		1	1	0.0
2025-02-22		FBbt_00045021	VFB_00101567	1	1	0.0
2025-02-22		FBbt_00045030		4	1	0.0
2025-02-22		FBbt_00045030	VFB_00101567	4	1	0.0
2025-02-22		FBbt_00045051		2	1	0.0
2025-02-22		FBbt_00045051	VFB_00101567	2	2	0.0
2025-02-22		FBbt_00047735		1	1	0.0
2025-02-22		FBbt_00047735	VFB_00101567	1	1	0.0
2025-02-22		FBbt_00047887		5	1	0.0
2025-02-22		FBbt_00047887	VFB_00101567	5	1	0.0
2025-02-22		FBbt_00048027		4	1	0.0
2025-02-22		FBbt_00048027	VFB_00101567	4	1	0.0
2025-02-22		FBbt_00049747		2	1	0.0
2025-02-22		FBbt_00049747	VFB_00101567	2	1	0.0
2025-02-22		FBbt_00051493		2	1	12.0
2025-02-22		FBbt_00051493	VFB_00101567	2	1	0.0
2025-02-22		FBbt_00052257		1	1	0.0
2025-02-22		FBbt_00052257	VFB_00101567	1	1	0.0
2025-02-22		FBbt_00067353		1	1	0.0
2025-02-22		FBbt_00067353	VFB_00101567	1	1	0.0
2025-02-22		FBbt_00100214		1	1	0.0
2025-02-22		FBbt_00100214	VFB_00101567	1	1	0.0
2025-02-22		FBbt_00100227		2	1	73.0
2025-02-22		FBbt_00100227	VFB_00101567	2	1	0.0
2025-02-22		FBbt_00100247		1	1	0.0
2025-02-22		FBbt_00100247	VFB_00101567	1	1	0.0
2025-02-22		FBbt_00110101		3	1	0.0
2025-02-22		FBbt_00110101	VFB_00101567	3	1	0.0
2025-02-22		FBbt_00110186		1	1	0.0
2025-02-22		FBbt_00110186	VFB_00049000	1	1	0.0
2025-02-22		FBbt_00110636		7	1	0.0
2025-02-22		FBbt_00110636	VFB_00101567	7	1	0.0
2025-02-22		FBbt_00110638		4	1	0.0
2025-02-22		FBbt_00110638	VFB_00101567	4	1	0.0
2025-02-22		FBbt_00110657		1	1	0.0
2025-02-22		FBbt_00110657	VFB_00101567	1	1	0.0
2025-02-22		FBbt_00111207		2	1	272.0
2025-02-22		FBbt_00111207	VFB_00101567	2	1	0.0
2025-02-22		FBbt_20003803		3	1	0.0
2025-02-22		FBbt_20003803	VFB_00101567	3	2	0.0
2025-02-22		VFB_00017894		13	2	25.0
2025-02-22		VFB_00017894	VFB_00017894	14	3	17.0
2025-02-22		VFB_00020057		7	1	19.0
2025-02-22		VFB_00020057	VFB_00101567	7	1	0.0
2025-02-22		VFB_00023253		5	1	0.0
2025-02-22		VFB_00023253	VFB_00101567	5	1	0.0
2025-02-22		VFB_00030606		2	1	1.0
2025-02-22		VFB_00030606	VFB_00017894	1	1	0.0
2025-02-22		VFB_00030606	VFB_00101567	1	1	0.0
2025-02-22		VFB_00030867		3	1	0.0
2025-02-22		VFB_00030867	VFB_00017894	3	1	0.0
2025-02-22		VFB_00049000		3	1	1.0
2025-02-22		VFB_00049000	VFB_00049000	3	2	4.0
2025-02-22		VFB_00050000		2	1	0.0
2025-02-22		VFB_00050000	VFB_00050000	3	2	14.0
2025-02-22		VFB_00050310		1	1	0.0
2025-02-22		VFB_00050310	VFB_00101567	1	1	0.0
2025-02-22		VFB_00050468		6	1	47.0
2025-02-22		VFB_00050468	VFB_00049000	6	2	0.0
2025-02-22		VFB_00100239		9	1	0.0
2025-02-22		VFB_00100239	VFB_00050000	9	1	0.0
2025-02-22		VFB_00101132		3	1	32.0
2025-02-22		VFB_00101132	VFB_00101567	3	2	0.0
2025-02-22		VFB_001014uq		3	1	3.0
2025-02-22		VFB_001014uq	VFB_00101567	3	1	0.0
2025-02-22		VFB_00101567		182	28	172.0
2025-02-22		VFB_00101567	VFB_00017894	12	1	0.0
2025-02-22		VFB_00101567	VFB_00101567	169	32	0.0
2025-02-22		VFB_00101uie		24	1	0.0
2025-02-22		VFB_00101uie	VFB_00101567	24	1	0.0
2025-02-22		VFB_00102141		5	1	5.0
2025-02-22		VFB_00102141	VFB_00101567	3	2	0.0
2025-02-22		VFB_00102273		1	1	8.0
2025-02-22		VFB_00102273	VFB_00101567	1	1	0.0
2025-02-22		VFB_00102275		1	1	0.0
2025-02-22		VFB_00102275	VFB_00101567	1	1	0.0
2025-02-22		VFB_00102gs2		4	1	0.0
2025-02-22		VFB_00102gs2	VFB_00049000	2	1	0.0
2025-02-22		VFB_00102gs2	VFB_00101567	2	1	0.0
2025-02-22		VFB_00110000		3	1	3.0
2025-02-22		VFB_00110000	VFB_00110000	3	2	6.0
2025-02-22		VFB_00120000		1	1	1.0
2025-02-22		VFB_00120000	VFB_00120000	2	2	18.0
2025-02-22		VFB_00200000		8	1	8.0
2025-02-22		VFB_00200000	VFB_00200000	11	2	48.0
2025-02-22		VFB_fw000400		6	1	83.0
2025-02-22		VFB_fw000400	VFB_00101567	5	3	0.0
2025-02-22		VFB_fw000456		1	1	0.0
2025-02-22		VFB_fw000456	VFB_00101567	1	1	0.0
2025-02-22		VFB_fw024674		2	1	0.0
2025-02-22		VFB_fw024674	VFB_00101567	2	1	0.0
2025-02-22		VFB_fw028397		10	1	8.0
2025-02-22		VFB_fw028397	VFB_00101567	6	1	0.0
2025-02-22		VFB_fw028397	VFB_00200000	3	1	0.0
2025-02-22		VFB_fw030309		2	1	0.0
2025-02-22		VFB_fw030309	VFB_00200000	2	1	0.0
2025-02-22		VFB_fw032464		4	1	4.0
2025-02-22		VFB_fw032464	VFB_00101567	4	2	0.0
2025-02-22		VFB_fw033287		8	1	4.0
2025-02-22		VFB_fw033287	VFB_00017894	6	1	0.0
2025-02-22		VFB_fw033287	VFB_00101567	2	2	0.0
2025-02-22		VFB_fw033868		2	1	0.0
2025-02-22		VFB_fw033868	VFB_00200000	2	1	0.0
2025-02-22		VFB_fw035158		5	1	4.0
2025-02-22		VFB_fw035158	VFB_00101567	1	1	0.0
2025-02-22		VFB_fw035158	VFB_00200000	4	1	0.0
2025-02-22		VFB_fw035780		1	1	0.0
2025-02-22		VFB_fw035780	VFB_00101567	1	1	0.0
2025-02-22		VFB_fw036435		1	1	0.0
2025-02-22		VFB_fw036435	VFB_00101567	1	1	0.0
2025-02-22		VFB_fw036631		2	1	0.0
2025-02-22		VFB_fw036631	VFB_00101567	1	1	0.0
2025-02-22		VFB_fw036887		5	1	0.0
2025-02-22		VFB_fw036887	VFB_00101567	7	2	0.0
2025-02-22		VFB_fw042681		1	1	0.0
2025-02-22		VFB_fw042681	VFB_00101567	1	1	0.0
2025-02-22		VFB_fw075886		1	1	0.0
2025-02-22		VFB_fw075886	VFB_00101567	6	1	0.0
2025-02-22		VFB_fw082765		2	1	0.0
2025-02-22		VFB_fw082765	VFB_00049000	2	1	0.0
2025-02-22		VFB_fw103739		6	1	41.0
2025-02-22		VFB_fw103739	VFB_00101567	1	1	0.0
2025-02-22		VFB_fw108008		2	1	0.0
2025-02-22		VFB_fw108008	VFB_00049000	2	1	0.0
2025-02-22		VFB_jrchjrhd		4	1	0.0
2025-02-22		VFB_jrchjrhd	VFB_00101567	4	2	0.0
2025-02-22		VFB_jrchjud5		1	1	0.0
2025-02-22		VFB_jrchjud5	VFB_00101567	1	1	0.0
2025-02-22		VFB_jrchjxl7		2	1	0.0
2025-02-22		VFB_jrchjxl7	VFB_00101567	2	1	0.0
2025-02-22		VFB_jrchk0ve		6	1	0.0
2025-02-22		VFB_jrchk0ve	VFB_00101567	6	1	0.0
2025-02-22		VFB_jrchk0xv		1	1	9.0
2025-02-22		VFB_jrchk0xv	VFB_00101567	1	1	0.0
2025-02-22		VFB_jrchk43u		14	1	0.0
2025-02-22		VFB_jrchk43u	VFB_00101567	14	1	0.0
2025-02-22		VFB_jrchk45t		1	1	5.0
2025-02-22		VFB_jrchk45t	VFB_00101567	1	1	0.0
2025-02-22		VFB_jrchk461		14	1	0.0
2025-02-22		VFB_jrchk461	VFB_00101567	14	1	0.0
2025-02-22	debug.virtualflybrain.org	VFB_00101567	VFB_00101567	2	2	0.0
2025-02-22	v2-dev.virtualflybrain.org	FBbt_00003748	VFB_00101567	0	2	31.0
2025-02-22	v2-dev.virtualflybrain.org	VFB_00101567	VFB_00101567	0	1	52.0
2025-02-22	v2.virtualflybrain.org	FBbt_00001727	VFB_00050000	0	1	63.0
2025-02-22	v2.virtualflybrain.org	FBbt_00001919	VFB_00049000	0	1	1.0
2025-02-22	v2.virtualflybrain.org	FBbt_00003004	VFB_00101567	0	2	4.0
2025-02-22	v2.virtualflybrain.org	FBbt_00003128	VFB_00110000	0	2	2.0
2025-02-22	v2.virtualflybrain.org	FBbt_00003624	VFB_00101567	0	7	206.0
2025-02-22	v2.virtualflybrain.org	FBbt_00003664	VFB_00101567	0	1	0.0
2025-02-22	v2.virtualflybrain.org	FBbt_00003668	VFB_00101567	0	1	4.0
2025-02-22	v2.virtualflybrain.org	FBbt_00003678	VFB_00101567	0	1	40.0
2025-02-22	v2.virtualflybrain.org	FBbt_00003679	VFB_00101567	0	1	0.0
2025-02-22	v2.virtualflybrain.org	FBbt_00003680	VFB_00101567	0	1	9.0
2025-02-22	v2.virtualflybrain.org	FBbt_00003686	VFB_00101567	0	1	9.0
2025-02-22	v2.virtualflybrain.org	FBbt_00003701	VFB_00101567	0	1	2.0
2025-02-22	v2.virtualflybrain.org	FBbt_00003719	VFB_00101567	0	1	10.0
2025-02-22	v2.virtualflybrain.org	FBbt_00003725	VFB_00101567	0	1	11.0
2025-02-22	v2.virtualflybrain.org	FBbt_00003727	VFB_00101567	0	1	5.0
2025-02-22	v2.virtualflybrain.org	FBbt_00003748	VFB_00101567	0	2	34.0
2025-02-22	v2.virtualflybrain.org	FBbt_00003790	VFB_00101567	0	1	8.0
2025-02-22	v2.virtualflybrain.org	FBbt_00003817	VFB_00101567	0	1	9.0
2025-02-22	v2.virtualflybrain.org	FBbt_00003852	VFB_00017894	0	1	36.0
2025-02-22	v2.virtualflybrain.org	FBbt_00003852	VFB_00101567	0	2	11.0
2025-02-22	v2.virtualflybrain.org	FBbt_00003982	VFB_00101567	0	1	25.0
2025-02-22	v2.virtualflybrain.org	FBbt_00003995	VFB_00101567	0	1	49.0
2025-02-22	v2.virtualflybrain.org	FBbt_00004535	VFB_00110000	0	1	21.0
2025-02-22	v2.virtualflybrain.org	FBbt_00005739		1	1	10.0
2025-02-22	v2.virtualflybrain.org	FBbt_00005801	VFB_00101567	0	2	15.0
2025-02-22	v2.virtualflybrain.org	FBbt_00007050	VFB_00101567	0	1	4.0
2025-02-22	v2.virtualflybrain.org	FBbt_00007053	VFB_00101567	0	2	16.0
2025-02-22	v2.virtualflybrain.org	FBbt_00007054	VFB_00101567	0	1	65.0
2025-02-22	v2.virtualflybrain.org	FBbt_00007055	VFB_00101567	0	1	11.0
2025-02-22	v2.virtualflybrain.org	FBbt_00007058	VFB_00101567	0	1	6.0
2025-02-22	v2.virtualflybrain.org	FBbt_00007385	VFB_00101567	0	2	97.0
2025-02-22	v2.virtualflybrain.org	FBbt_00007401	VFB_00101567	0	3	50.0
2025-02-22	v2.virtualflybrain.org	FBbt_00007453	VFB_00101567	2	2	36.0
2025-02-22	v2.virtualflybrain.org	FBbt_00007484	VFB_00101567	0	1	0.0
2025-02-22	v2.virtualflybrain.org	FBbt_00007703	VFB_00049000	0	1	2.0
2025-02-22	v2.virtualflybrain.org	FBbt_00013695	VFB_00101567	0	1	14.0
2025-02-22	v2.virtualflybrain.org	FBbt_00014013	VFB_00101567	0	1	21.0
2025-02-22	v2.virtualflybrain.org	FBbt_00040036		1	1	0.0
2025-02-22	v2.virtualflybrain.org	FBbt_00040041	VFB_00101567	3	3	47.0
2025-02-22	v2.virtualflybrain.org	FBbt_00040043	VFB_00101567	0	2	127.0
2025-02-22	v2.virtualflybrain.org	FBbt_00045021	VFB_00101567	0	1	27.0
2025-02-22	v2.virtualflybrain.org	FBbt_00045030	VFB_00101567	0	2	46.0
2025-02-22	v2.virtualflybrain.org	FBbt_00045051	VFB_00101567	0	1	17.0
2025-02-22	v2.virtualflybrain.org	FBbt_00047717		1	1	0.0
2025-02-22	v2.virtualflybrain.org	FBbt_00047735	VFB_00101567	0	1	1.0
2025-02-22	v2.virtualflybrain.org	FBbt_00047887	VFB_00101567	0	2	48.0
2025-02-22	v2.virtualflybrain.org	FBbt_00048027	VFB_00101567	4	1	0.0
2025-02-22	v2.virtualflybrain.org	FBbt_00049747	VFB_00101567	0	2	33.0
2025-02-22	v2.virtualflybrain.org	FBbt_00050043		1	1	0.0
2025-02-22	v2.virtualflybrain.org	FBbt_00051493	VFB_00101567	0	1	0.0
2025-02-22	v2.virtualflybrain.org	FBbt_00052139		1	1	0.0
2025-02-22	v2.virtualflybrain.org	FBbt_00052257	VFB_00101567	0	2	186.0
2025-02-22	v2.virtualflybrain.org	FBbt_00052563		1	1	0.0
2025-02-22	v2.virtualflybrain.org	FBbt_00067353		1	1	1.0
2025-02-22	v2.virtualflybrain.org	FBbt_00067353	VFB_00101567	0	1	15.0
2025-02-22	v2.virtualflybrain.org	FBbt_00100214	VFB_00101567	0	1	9.0
2025-02-22	v2.virtualflybrain.org	FBbt_00100227	VFB_00101567	0	1	0.0
2025-02-22	v2.virtualflybrain.org	FBbt_00100247	VFB_00101567	0	1	118.0
2025-02-22	v2.virtualflybrain.org	FBbt_00100366		1	1	0.0
2025-02-22	v2.virtualflybrain.org	FBbt_00110101	VFB_00101567	3	1	24.0
2025-02-22	v2.virtualflybrain.org	FBbt_00110186	VFB_00049000	0	1	12.0
2025-02-22	v2.virtualflybrain.org	FBbt_00110577		1	1	0.0
2025-02-22	v2.virtualflybrain.org	FBbt_00110636	VFB_00101567	0	2	79.0
2025-02-22	v2.virtualflybrain.org	FBbt_00110638	VFB_00101567	0	1	51.0
2025-02-22	v2.virtualflybrain.org	FBbt_00110657	VFB_00101567	0	1	1.0
2025-02-22	v2.virtualflybrain.org	FBbt_00111207	VFB_00101567	0	1	0.0
2025-02-22	v2.virtualflybrain.org	FBbt_20003803	VFB_00101567	0	3	34.0
2025-02-22	v2.virtualflybrain.org	VFB_00017894	VFB_00017894	9	8	0.0
2025-02-22	v2.virtualflybrain.org	VFB_00020057	VFB_00020057	1	2	41.0
2025-02-22	v2.virtualflybrain.org	VFB_00020057	VFB_00101567	0	1	0.0
2025-02-22	v2.virtualflybrain.org	VFB_00023253	VFB_00101567	5	1	13.0
2025-02-22	v2.virtualflybrain.org	VFB_00030606	VFB_00017894	1	3	18.0
2025-02-22	v2.virtualflybrain.org	VFB_00030606	VFB_00101567	0	1	16.0
2025-02-22	v2.virtualflybrain.org	VFB_00030867	VFB_00017894	5	2	0.0
2025-02-22	v2.virtualflybrain.org	VFB_00049000	VFB_00049000	1	4	8.0
2025-02-22	v2.virtualflybrain.org	VFB_00050000	VFB_00050000	1	4	42.0
2025-02-22	v2.virtualflybrain.org	VFB_00050310	VFB_00101567	0	1	27.0
2025-02-22	v2.virtualflybrain.org	VFB_00050468	VFB_00049000	0	2	0.0
2025-02-22	v2.virtualflybrain.org	VFB_001000k7	VFB_00101567	1	1	0.0
2025-02-22	v2.virtualflybrain.org	VFB_00100239	VFB_00050000	9	1	0.0
2025-02-22	v2.virtualflybrain.org	VFB_00101132	VFB_00101567	1	2	0.0
2025-02-22	v2.virtualflybrain.org	VFB_001014uq	VFB_00101567	0	2	1.0
2025-02-22	v2.virtualflybrain.org	VFB_001014uq	VFB_00110000	1	2	2.0
2025-02-22	v2.virtualflybrain.org	VFB_00101567	VFB_00017894	12	1	0.0
2025-02-22	v2.virtualflybrain.org	VFB_00101567	VFB_00101567	90	52	158.0
2025-02-22	v2.virtualflybrain.org	VFB_00101uie	VFB_00101567	24	1	0.0
2025-02-22	v2.virtualflybrain.org	VFB_00102141	VFB_00101567	0	2	38.0
2025-02-22	v2.virtualflybrain.org	VFB_00102273	VFB_00101567	0	1	20.0
2025-02-22	v2.virtualflybrain.org	VFB_00102275	VFB_00101567	0	1	30.0
2025-02-22	v2.virtualflybrain.org	VFB_00102gs2	VFB_00049000	2	1	0.0
2025-02-22	v2.virtualflybrain.org	VFB_00102gs2	VFB_00101567	2	1	0.0
2025-02-22	v2.virtualflybrain.org	VFB_00110000	VFB_00110000	1	2	0.0
2025-02-22	v2.virtualflybrain.org	VFB_00120000	VFB_00120000	1	3	2.0
2025-02-22	v2.virtualflybrain.org	VFB_00200000	VFB_00200000	2	3	10.0
2025-02-22	v2.virtualflybrain.org	VFB_fw000400	VFB_00101567	0	3	76.0
2025-02-22	v2.virtualflybrain.org	VFB_fw000456	VFB_00101567	0	1	32.0
2025-02-22	v2.virtualflybrain.org	VFB_fw024674	VFB_00101567	1	3	0.0
2025-02-22	v2.virtualflybrain.org	VFB_fw028397	VFB_00101567	1	2	0.0
2025-02-22	v2.virtualflybrain.org	VFB_fw028397	VFB_00200000	0	2	234.0
2025-02-22	v2.virtualflybrain.org	VFB_fw030309	VFB_00200000	0	2	1.0
2025-02-22	v2.virtualflybrain.org	VFB_fw032464	VFB_00101567	0	2	25.0
2025-02-22	v2.virtualflybrain.org	VFB_fw033287	VFB_00017894	0	2	55.0
2025-02-22	v2.virtualflybrain.org	VFB_fw033287	VFB_00101567	1	3	19.0
2025-02-22	v2.virtualflybrain.org	VFB_fw033868	VFB_00200000	0	2	3.0
2025-02-22	v2.virtualflybrain.org	VFB_fw035158	VFB_00101567	1	3	10.0
2025-02-22	v2.virtualflybrain.org	VFB_fw035158	VFB_00200000	0	2	79.0
2025-02-22	v2.virtualflybrain.org	VFB_fw035780	VFB_00101567	0	1	32.0
2025-02-22	v2.virtualflybrain.org	VFB_fw036435	VFB_00101567	0	1	14.0
2025-02-22	v2.virtualflybrain.org	VFB_fw036631	VFB_00101567	0	1	21.0
2025-02-22	v2.virtualflybrain.org	VFB_fw036887	VFB_00101567	0	3	53.0
2025-02-22	v2.virtualflybrain.org	VFB_fw042681	VFB_00101567	0	1	15.0
2025-02-22	v2.virtualflybrain.org	VFB_fw075886	VFB_00101567	0	1	22.0
2025-02-22	v2.virtualflybrain.org	VFB_fw082765	VFB_00049000	0	2	16.0
2025-02-22	v2.virtualflybrain.org	VFB_fw103739	VFB_00101567	0	1	62.0
2025-02-22	v2.virtualflybrain.org	VFB_fw108008	VFB_00049000	0	2	3.0
2025-02-22	v2.virtualflybrain.org	VFB_jrchjrhd	VFB_00101567	3	3	0.0
2025-02-22	v2.virtualflybrain.org	VFB_jrchjud5	VFB_00101567	1	1	0.0
2025-02-22	v2.virtualflybrain.org	VFB_jrchjxl7	VFB_00101567	2	1	0.0
2025-02-22	v2.virtualflybrain.org	VFB_jrchk0ve	VFB_00101567	5	3	0.0
2025-02-22	v2.virtualflybrain.org	VFB_jrchk0xv	VFB_00101567	0	1	0.0
2025-02-22	v2.virtualflybrain.org	VFB_jrchk43u	VFB_00101567	14	1	10.0
2025-02-22	v2.virtualflybrain.org	VFB_jrchk45t	VFB_00101567	0	1	1.0
2025-02-22	v2.virtualflybrain.org	VFB_jrchk45t	VFB_jrchk45t	1	2	0.0
2025-02-22	v2.virtualflybrain.org	VFB_jrchk461	VFB_00101567	14	1	15.0
2025-02-23		FBbt_00002644		1	1	0.0
2025-02-23		FBbt_00002644	VFB_00049000	1	1	0.0
2025-02-23		FBbt_00002679		1	1	0.0
2025-02-23		FBbt_00002679	VFB_00049000	1	1	0.0
2025-02-23		FBbt_00003004		1	1	0.0
2025-02-23		FBbt_00003004	VFB_00101567	1	1	0.0
2025-02-23		FBbt_00003007		3	2	0.0
2025-02-23		FBbt_00003007	VFB_00101567	1	1	0.0
2025-02-23		FBbt_00003007	VFB_00110000	3	2	0.0
2025-02-23		FBbt_00003624		16	2	10.0
2025-02-23		FBbt_00003624	VFB_00101567	14	3	0.0
2025-02-23		FBbt_00003632		3	2	0.0
2025-02-23		FBbt_00003632	VFB_00101567	3	2	0.0
2025-02-23		FBbt_00003679		3	2	0.0
2025-02-23		FBbt_00003679	VFB_00101567	3	2	0.0
2025-02-23		FBbt_00003681		3	1	0.0
2025-02-23		FBbt_00003681	VFB_00101567	3	1	0.0
2025-02-23		FBbt_00003684		2	1	0.0
2025-02-23		FBbt_00003684	VFB_00101567	2	1	0.0
2025-02-23		FBbt_00003748		1	1	0.0
2025-02-23		FBbt_00003748	VFB_00017894	10	1	0.0
2025-02-23		FBbt_00003982		7	1	0.0
2025-02-23		FBbt_00003982	VFB_00101567	7	1	0.0
2025-02-23		FBbt_00007001		1	1	0.0
2025-02-23		FBbt_00007001	VFB_00049000	1	1	0.0
2025-02-23		FBbt_00007004		3	1	14.0
2025-02-23		FBbt_00007004	VFB_00101567	3	2	0.0
2025-02-23		FBbt_00007050		2	1	0.0
2025-02-23		FBbt_00007050	VFB_00101567	2	1	0.0
2025-02-23		FBbt_00007066		4	1	31.0
2025-02-23		FBbt_00007066	VFB_00049000	3	2	0.0
2025-02-23		FBbt_00007066	VFB_00050000	1	1	0.0
2025-02-23		FBbt_00014013		1	1	0.0
2025-02-23		FBbt_00014013	VFB_00101567	1	1	0.0
2025-02-23		FBbt_00016687		11	1	2.0
2025-02-23		FBbt_00016687	VFB_00017894	6	2	0.0
2025-02-23		FBbt_00016687	VFB_00101567	4	2	0.0
2025-02-23		FBbt_00016687	VFB_00110000	1	1	0.0
2025-02-23		FBbt_00040001		1	1	0.0
2025-02-23		FBbt_00040001	VFB_00101567	1	1	0.0
2025-02-23		FBbt_00040002		2	1	0.0
2025-02-23		FBbt_00040002	VFB_00101567	2	1	0.0
2025-02-23		FBbt_00040037		7	1	0.0
2025-02-23		FBbt_00040037	VFB_00101567	7	1	0.0
2025-02-23		FBbt_00040041		2	1	0.0
2025-02-23		FBbt_00040041	VFB_00101567	2	1	0.0
2025-02-23		FBbt_00040042		1	1	0.0
2025-02-23		FBbt_00040042	VFB_00101567	9	1	0.0
2025-02-23		FBbt_00040047		8	1	0.0
2025-02-23		FBbt_00040047	VFB_00101567	8	2	0.0
2025-02-23		FBbt_00040049		1	1	0.0
2025-02-23		FBbt_00040049	VFB_00101567	1	1	0.0
2025-02-23		FBbt_00040050		1	1	0.0
2025-02-23		FBbt_00040050	VFB_00101567	1	1	0.0
2025-02-23		FBbt_00045021		2	1	0.0
2025-02-23		FBbt_00045021	VFB_00101567	2	1	0.0
2025-02-23		FBbt_00045030		3	2	0.0
2025-02-23		FBbt_00045030	VFB_00101567	3	2	0.0
2025-02-23		FBbt_00045037		2	1	0.0
2025-02-23		FBbt_00045037	VFB_00101567	2	1	0.0
2025-02-23		FBbt_00045039		2	1	0.0
2025-02-23		FBbt_00045039	VFB_00101567	2	1	0.0
2025-02-23		FBbt_00045047		4	2	0.0
2025-02-23		FBbt_00045047	VFB_00101567	4	2	0.0
2025-02-23		FBbt_00045048		2	1	0.0
2025-02-23		FBbt_00045048	VFB_00101567	2	1	0.0
2025-02-23		FBbt_00047887		2	1	0.0
2025-02-23		FBbt_00047887	VFB_00101567	2	1	0.0
2025-02-23		FBbt_00048027		4	1	0.0
2025-02-23		FBbt_00048027	VFB_00101567	4	1	0.0
2025-02-23		FBbt_00049466		1	1	1.0
2025-02-23		FBbt_00049466	VFB_00101567	1	1	0.0
2025-02-23		FBbt_00049841		1	1	0.0
2025-02-23		FBbt_00049841	VFB_00101567	1	1	0.0
2025-02-23		FBbt_00050275		1	1	0.0
2025-02-23		FBbt_00050275	VFB_00101567	1	1	0.0
2025-02-23		FBbt_00051070		1	1	32.0
2025-02-23		FBbt_00051070	VFB_00049000	6	1	0.0
2025-02-23		FBbt_00052556		1	1	0.0
2025-02-23		FBbt_00052556	VFB_00101567	1	1	0.0
2025-02-23		FBbt_00100230		1	1	0.0
2025-02-23		FBbt_00100230	VFB_00101567	1	1	0.0
2025-02-23		FBbt_00100231		1	1	0.0
2025-02-23		FBbt_00100231	VFB_00101567	1	1	0.0
2025-02-23		FBbt_00100236		1	1	0.0
2025-02-23		FBbt_00100236	VFB_00101567	1	1	0.0
2025-02-23		FBbt_00100241		1	1	0.0
2025-02-23		FBbt_00100241	VFB_00101567	1	1	0.0
2025-02-23		FBbt_00100243		1	1	0.0
2025-02-23		FBbt_00100243	VFB_00101567	1	1	0.0
2025-02-23		FBbt_00110101		7	1	0.0
2025-02-23		FBbt_00110101	VFB_00101567	7	1	0.0
2025-02-23		FBbt_00110319		1	1	0.0
2025-02-23		FBbt_00110319	VFB_00050000	1	1	0.0
2025-02-23		FBbt_00110320		1	1	0.0
2025-02-23		FBbt_00110320	VFB_00101567	1	1	0.0
2025-02-23		FBbt_00110321		1	1	0.0
2025-02-23		FBbt_00110321	VFB_00101567	1	1	0.0
2025-02-23		FBbt_00110491		7	1	19.0
2025-02-23		FBbt_00110491	VFB_00017894	5	1	0.0
2025-02-23		FBbt_00110491	VFB_00101567	6	2	0.0
2025-02-23		FBbt_00110620		7	1	0.0
2025-02-23		FBbt_00110620	VFB_00101567	7	1	0.0
2025-02-23		FBbt_00110621		1	1	0.0
2025-02-23		FBbt_00110621	VFB_00101567	1	1	0.0
2025-02-23		FBbt_00110636		2	1	0.0
2025-02-23		FBbt_00110636	VFB_00101567	2	1	0.0
2025-02-23		FBbt_00110638		5	1	0.0
2025-02-23		FBbt_00110638	VFB_00101567	5	2	0.0
2025-02-23		FBbt_00110639		2	1	0.0
2025-02-23		FBbt_00110639	VFB_00101567	2	1	0.0
2025-02-23		FBbt_00110993		1	1	0.0
2025-02-23		FBbt_00110993	VFB_00101567	1	1	0.0
2025-02-23		FBbt_00110994		1	1	0.0
2025-02-23		FBbt_00110994	VFB_00101567	1	1	0.0
2025-02-23		FBbt_00111015		1	1	0.0
2025-02-23		FBbt_00111015	VFB_00101567	1	1	0.0
2025-02-23		FBbt_00111016		1	1	0.0
2025-02-23		FBbt_00111016	VFB_00101567	1	1	0.0
2025-02-23		FBbt_00111017		1	1	0.0
2025-02-23		FBbt_00111017	VFB_00101567	1	1	0.0
2025-02-23		FBbt_00111018		1	1	0.0
2025-02-23		FBbt_00111018	VFB_00101567	1	1	0.0
2025-02-23		FBbt_00111019		1	1	0.0
2025-02-23		FBbt_00111019	VFB_00101567	1	1	0.0
2025-02-23		FBbt_00111020		1	1	0.0
2025-02-23		FBbt_00111020	VFB_00101567	1	1	0.0
2025-02-23		FBbt_00111021		1	1	0.0
2025-02-23		FBbt_00111021	VFB_00101567	1	1	0.0
2025-02-23		FBbt_00111022		1	1	0.0
2025-02-23		FBbt_00111022	VFB_00101567	1	1	0.0
2025-02-23		FBbt_00111023		1	1	0.0
2025-02-23		FBbt_00111023	VFB_00101567	1	1	0.0
2025-02-23		FBbt_00111024		1	1	0.0
2025-02-23		FBbt_00111024	VFB_00101567	1	1	0.0
2025-02-23		FBbt_00111025		1	1	0.0
2025-02-23		FBbt_00111025	VFB_00101567	1	1	0.0
2025-02-23		FBbt_00111203		2	1	0.0
2025-02-23		FBbt_00111203	VFB_00050000	2	1	0.0
2025-02-23		FBbt_00111633		1	1	0.0
2025-02-23		FBbt_00111633	VFB_00049000	1	1	0.0
2025-02-23		FBbt_10000000		4	1	7.0
2025-02-23		FBbt_10000000	VFB_00101567	5	2	0.0
2025-02-23		FBbt_20000870		7	1	0.0
2025-02-23		FBbt_20000870	VFB_00101567	7	2	0.0
2025-02-23		FBbt_20002982		7	1	0.0
2025-02-23		FBbt_20002982	VFB_00101567	7	2	0.0
2025-02-23		VFB_00001482		11	1	5.0
2025-02-23		VFB_00001482	VFB_00101567	14	4	0.0
2025-02-23		VFB_00001798		33	1	21.0
2025-02-23		VFB_00001798	VFB_00017894	12	1	0.0
2025-02-23		VFB_00001798	VFB_00101567	9	2	0.0
2025-02-23		VFB_00001798	VFB_00110000	3	1	0.0
2025-02-23		VFB_00002452		14	1	21.0
2025-02-23		VFB_00002452	VFB_00101567	14	2	0.0
2025-02-23		VFB_00002575		3	1	0.0
2025-02-23		VFB_00002575	VFB_00101567	3	2	0.0
2025-02-23		VFB_00008799		2	1	3.0
2025-02-23		VFB_00008799	VFB_00017894	2	1	0.0
2025-02-23		VFB_00010469		1	1	1.0
2025-02-23		VFB_00010469	VFB_00101567	1	1	0.0
2025-02-23		VFB_00012321		1	1	0.0
2025-02-23		VFB_00012321	VFB_00101567	1	1	0.0
2025-02-23		VFB_00013556		1	1	1.0
2025-02-23		VFB_00013556	VFB_00101567	1	1	0.0
2025-02-23		VFB_00017894		27	3	220.0
2025-02-23		VFB_00017894	VFB_00017894	38	7	0.0
2025-02-23		VFB_00017938		22	1	22.0
2025-02-23		VFB_00017938	VFB_00101567	19	4	0.0
2025-02-23		VFB_00021163		1	1	0.0
2025-02-23		VFB_00021163	VFB_00101567	1	1	0.0
2025-02-23		VFB_00021478		7	1	24.0
2025-02-23		VFB_00021478	VFB_00101567	5	2	0.0
2025-02-23		VFB_00023253		4	1	0.0
2025-02-23		VFB_00023253	VFB_00101567	4	1	0.0
2025-02-23		VFB_00023422		1	1	3.0
2025-02-23		VFB_00023422	VFB_00017894	1	1	0.0
2025-02-23		VFB_00030606		4	1	0.0
2025-02-23		VFB_00030606	VFB_00101567	4	2	0.0
2025-02-23		VFB_00030608		1	1	0.0
2025-02-23		VFB_00030608	VFB_00017894	1	1	0.0
2025-02-23		VFB_00030871		3	1	2.0
2025-02-23		VFB_00030871	VFB_00101567	3	1	0.0
2025-02-23		VFB_00030876		12	1	257.0
2025-02-23		VFB_00030876	VFB_00017894	1	1	0.0
2025-02-23		VFB_00030876	VFB_00101567	2	1	0.0
2025-02-23		VFB_00045243		3	1	4.0
2025-02-23		VFB_00045243	VFB_00101567	3	2	0.0
2025-02-23		VFB_00049000		2	1	2.0
2025-02-23		VFB_00049000	VFB_00049000	4	2	15.0
2025-02-23		VFB_00050000		3	1	0.0
2025-02-23		VFB_00050000	VFB_00050000	5	3	3.0
2025-02-23		VFB_00050257		2	1	0.0
2025-02-23		VFB_00050257	VFB_00101567	2	1	0.0
2025-02-23		VFB_00050274		23	1	313.0
2025-02-23		VFB_00050274	VFB_00049000	18	4	0.0
2025-02-23		VFB_00050464		3	1	2.0
2025-02-23		VFB_00050464	VFB_00049000	1	1	0.0
2025-02-23		VFB_00050464	VFB_00101567	2	1	0.0
2025-02-23		VFB_00050500		3	1	4.0
2025-02-23		VFB_00050500	VFB_00049000	3	1	0.0
2025-02-23		VFB_00050505		8	1	9.0
2025-02-23		VFB_00050505	VFB_00049000	8	2	0.0
2025-02-23		VFB_00066067		2	1	5.0
2025-02-23		VFB_00066067	VFB_00101567	2	1	0.0
2025-02-23		VFB_00100235		12	1	7.0
2025-02-23		VFB_00100235	VFB_00049000	6	1	0.0
2025-02-23		VFB_00100235	VFB_00050000	6	1	0.0
2025-02-23		VFB_00100239		10	1	78.0
2025-02-23		VFB_00100239	VFB_00050000	10	2	0.0
2025-02-23		VFB_0010028a		5	1	2.0
2025-02-23		VFB_0010028a	VFB_00050000	5	1	0.0
2025-02-23		VFB_0010029f		5	1	51.0
2025-02-23		VFB_0010029f	VFB_00050000	5	1	0.0
2025-02-23		VFB_00100382		2	1	43.0
2025-02-23		VFB_00100382	VFB_00050000	2	2	0.0
2025-02-23		VFB_00100wl5		11	1	2.0
2025-02-23		VFB_00100wl5	VFB_00101567	11	2	0.0
2025-02-23		VFB_00101132		13	1	6.0
2025-02-23		VFB_00101132	VFB_00101567	13	1	0.0
2025-02-23		VFB_001011jt		9	1	0.0
2025-02-23		VFB_001011jt	VFB_00050000	9	2	0.0
2025-02-23		VFB_0010141n		1	1	0.0
2025-02-23		VFB_0010141n	VFB_00101567	1	1	0.0
2025-02-23		VFB_0010143p		1	1	2.0
2025-02-23		VFB_0010143p	VFB_00101567	1	1	0.0
2025-02-23		VFB_0010144y		1	1	0.0
2025-02-23		VFB_0010144y	VFB_00101567	1	1	0.0
2025-02-23		VFB_001014df		4	1	0.0
2025-02-23		VFB_001014df	VFB_00101567	4	2	0.0
2025-02-23		VFB_001014uq		25	3	41.0
2025-02-23		VFB_001014uq	VFB_00101567	15	2	0.0
2025-02-23		VFB_001014uq	VFB_00110000	10	3	0.0
2025-02-23		VFB_00101567		272	20	171.0
2025-02-23		VFB_00101567	VFB_00017894	2	1	0.0
2025-02-23		VFB_00101567	VFB_00101567	271	24	0.0
2025-02-23		VFB_001015a8		1	1	0.0
2025-02-23		VFB_001015a8	VFB_00050000	1	1	0.0
2025-02-23		VFB_00101uie		24	1	0.0
2025-02-23		VFB_00101uie	VFB_00101567	24	1	0.0
2025-02-23		VFB_00102134		2	1	2.0
2025-02-23		VFB_00102134	VFB_00101567	2	1	0.0
2025-02-23		VFB_00102162		1	1	0.0
2025-02-23		VFB_00102162	VFB_00101567	1	1	0.0
2025-02-23		VFB_00102164		6	1	2.0
2025-02-23		VFB_00102164	VFB_00049000	3	2	0.0
2025-02-23		VFB_00102164	VFB_00101567	3	2	0.0
2025-02-23		VFB_00102170		2	1	0.0
2025-02-23		VFB_00102170	VFB_00101567	2	2	0.0
2025-02-23		VFB_00102176		9	1	0.0
2025-02-23		VFB_00102176	VFB_00101567	9	1	0.0
2025-02-23		VFB_00102179		9	1	0.0
2025-02-23		VFB_00102179	VFB_00101567	8	2	0.0
2025-02-23		VFB_00102479		8	1	2.0
2025-02-23		VFB_00102479	VFB_00101567	8	2	0.0
2025-02-23		VFB_00102el1		1	1	0.0
2025-02-23		VFB_00102el1	VFB_00050000	1	1	0.0
2025-02-23		VFB_00102eyc		16	1	57.0
2025-02-23		VFB_00102eyc	VFB_00050000	16	3	0.0
2025-02-23		VFB_00102fir		3	1	3.0
2025-02-23		VFB_00102fir	VFB_00050000	3	2	0.0
2025-02-23		VFB_00110000		15	1	96.0
2025-02-23		VFB_00110000	VFB_00110000	16	2	0.0
2025-02-23		VFB_fw000062		3	1	0.0
2025-02-23		VFB_fw000062	VFB_00101567	3	2	0.0
2025-02-23		VFB_fw000346		2	1	0.0
2025-02-23		VFB_fw000346	VFB_00101567	2	1	0.0
2025-02-23		VFB_fw000427		7	1	0.0
2025-02-23		VFB_fw000427	VFB_00101567	7	1	0.0
2025-02-23		VFB_fw000741		2	1	0.0
2025-02-23		VFB_fw000741	VFB_00101567	2	1	0.0
2025-02-23		VFB_fw001284		2	1	0.0
2025-02-23		VFB_fw001284	VFB_00101567	2	1	0.0
2025-02-23		VFB_fw001300		3	1	0.0
2025-02-23		VFB_fw001300	VFB_00101567	2	2	0.0
2025-02-23		VFB_fw001358		2	1	0.0
2025-02-23		VFB_fw001358	VFB_00101567	2	1	0.0
2025-02-23		VFB_fw001438		7	1	0.0
2025-02-23		VFB_fw001438	VFB_00101567	7	1	0.0
2025-02-23		VFB_fw001885		1	1	1.0
2025-02-23		VFB_fw001885	VFB_00101567	1	1	0.0
2025-02-23		VFB_fw002129		2	1	0.0
2025-02-23		VFB_fw002129	VFB_00101567	2	1	0.0
2025-02-23		VFB_fw002177		2	1	0.0
2025-02-23		VFB_fw002177	VFB_00101567	2	1	0.0
2025-02-23		VFB_fw002222		2	1	0.0
2025-02-23		VFB_fw002222	VFB_00101567	2	1	0.0
2025-02-23		VFB_fw002766		2	1	0.0
2025-02-23		VFB_fw002766	VFB_00101567	2	1	0.0
2025-02-23		VFB_fw002780		2	1	0.0
2025-02-23		VFB_fw002780	VFB_00101567	2	1	0.0
2025-02-23		VFB_fw002788		2	1	0.0
2025-02-23		VFB_fw002788	VFB_00101567	2	1	0.0
2025-02-23		VFB_fw002979		2	1	0.0
2025-02-23		VFB_fw002979	VFB_00101567	2	1	0.0
2025-02-23		VFB_fw003229		1	1	0.0
2025-02-23		VFB_fw003229	VFB_00101567	1	1	0.0
2025-02-23		VFB_fw003390		2	1	0.0
2025-02-23		VFB_fw003390	VFB_00101567	2	1	0.0
2025-02-23		VFB_fw003503		2	1	0.0
2025-02-23		VFB_fw003503	VFB_00101567	2	1	0.0
2025-02-23		VFB_fw003903		2	1	0.0
2025-02-23		VFB_fw003903	VFB_00101567	2	1	0.0
2025-02-23		VFB_fw004174		1	1	0.0
2025-02-23		VFB_fw004174	VFB_00101567	1	1	0.0
2025-02-23		VFB_fw005137		2	1	0.0
2025-02-23		VFB_fw005137	VFB_00101567	2	1	0.0
2025-02-23		VFB_fw005797		2	1	0.0
2025-02-23		VFB_fw005797	VFB_00101567	2	1	0.0
2025-02-23		VFB_fw005999		1	1	0.0
2025-02-23		VFB_fw005999	VFB_00101567	1	1	0.0
2025-02-23		VFB_fw006289		2	1	0.0
2025-02-23		VFB_fw006289	VFB_00101567	2	1	0.0
2025-02-23		VFB_fw006291		2	1	0.0
2025-02-23		VFB_fw006291	VFB_00101567	2	1	0.0
2025-02-23		VFB_fw006555		2	1	0.0
2025-02-23		VFB_fw006555	VFB_00101567	2	1	0.0
2025-02-23		VFB_fw007341		2	1	0.0
2025-02-23		VFB_fw007341	VFB_00101567	2	1	0.0
2025-02-23		VFB_fw007431		2	1	0.0
2025-02-23		VFB_fw007431	VFB_00101567	2	1	0.0
2025-02-23		VFB_fw007653		1	1	2.0
2025-02-23		VFB_fw007653	VFB_00101567	1	1	0.0
2025-02-23		VFB_fw007741		2	1	0.0
2025-02-23		VFB_fw007741	VFB_00101567	2	1	0.0
2025-02-23		VFB_fw007886		1	1	2.0
2025-02-23		VFB_fw007886	VFB_00101567	1	1	0.0
2025-02-23		VFB_fw008716		1	1	1.0
2025-02-23		VFB_fw008716	VFB_00101567	1	1	0.0
2025-02-23		VFB_fw008786		2	1	0.0
2025-02-23		VFB_fw008786	VFB_00101567	2	1	0.0
2025-02-23		VFB_fw008812		2	1	0.0
2025-02-23		VFB_fw008812	VFB_00101567	2	1	0.0
2025-02-23		VFB_fw009069		1	1	0.0
2025-02-23		VFB_fw009069	VFB_00101567	1	1	0.0
2025-02-23		VFB_fw009872		2	1	0.0
2025-02-23		VFB_fw009872	VFB_00101567	2	1	0.0
2025-02-23		VFB_fw009912		2	1	0.0
2025-02-23		VFB_fw009912	VFB_00101567	2	1	0.0
2025-02-23		VFB_fw010217		7	1	18.0
2025-02-23		VFB_fw010217	VFB_00101567	2	1	0.0
2025-02-23		VFB_fw011462		2	1	0.0
2025-02-23		VFB_fw011462	VFB_00101567	2	1	0.0
2025-02-23		VFB_fw011563		4	1	0.0
2025-02-23		VFB_fw011563	VFB_00101567	4	1	0.0
2025-02-23		VFB_fw012190		2	1	0.0
2025-02-23		VFB_fw012190	VFB_00101567	2	1	0.0
2025-02-23		VFB_fw013045		2	1	0.0
2025-02-23		VFB_fw013045	VFB_00101567	2	1	0.0
2025-02-23		VFB_fw013110		2	1	0.0
2025-02-23		VFB_fw013110	VFB_00101567	2	1	0.0
2025-02-23		VFB_fw013269		1	1	0.0
2025-02-23		VFB_fw013269	VFB_00101567	1	1	0.0
2025-02-23		VFB_fw013417		2	1	0.0
2025-02-23		VFB_fw013417	VFB_00101567	2	1	0.0
2025-02-23		VFB_fw014537		2	1	0.0
2025-02-23		VFB_fw014537	VFB_00101567	3	2	0.0
2025-02-23		VFB_fw014598		2	1	0.0
2025-02-23		VFB_fw014598	VFB_00101567	2	1	0.0
2025-02-23		VFB_fw015025		2	1	0.0
2025-02-23		VFB_fw015025	VFB_00101567	2	1	0.0
2025-02-23		VFB_fw015268		2	1	0.0
2025-02-23		VFB_fw015268	VFB_00101567	2	1	0.0
2025-02-23		VFB_fw015888		2	1	0.0
2025-02-23		VFB_fw015888	VFB_00101567	2	1	0.0
2025-02-23		VFB_fw016398		4	1	4.0
2025-02-23		VFB_fw016398	VFB_00101567	4	3	0.0
2025-02-23		VFB_fw016607		5	1	13.0
2025-02-23		VFB_fw016607	VFB_00101567	5	1	0.0
2025-02-23		VFB_fw016828		2	1	0.0
2025-02-23		VFB_fw016828	VFB_00101567	2	1	0.0
2025-02-23		VFB_fw017528		2	1	0.0
2025-02-23		VFB_fw017528	VFB_00101567	2	1	0.0
2025-02-23		VFB_fw018690		2	1	0.0
2025-02-23		VFB_fw018690	VFB_00101567	2	1	0.0
2025-02-23		VFB_fw019119		2	1	0.0
2025-02-23		VFB_fw019119	VFB_00101567	2	1	0.0
2025-02-23		VFB_fw019973		1	1	0.0
2025-02-23		VFB_fw019973	VFB_00101567	6	1	0.0
2025-02-23		VFB_fw020350		1	1	0.0
2025-02-23		VFB_fw020350	VFB_00101567	1	1	0.0
2025-02-23		VFB_fw020702		1	1	0.0
2025-02-23		VFB_fw020702	VFB_00101567	1	1	0.0
2025-02-23		VFB_fw021238		1	1	0.0
2025-02-23		VFB_fw021238	VFB_00101567	1	1	0.0
2025-02-23		VFB_fw023330		2	1	43.0
2025-02-23		VFB_fw023330	VFB_00101567	2	1	0.0
2025-02-23		VFB_fw023388		2	1	0.0
2025-02-23		VFB_fw023388	VFB_00101567	2	1	0.0
2025-02-23		VFB_fw023470		1	1	3.0
2025-02-23		VFB_fw023470	VFB_00101567	1	1	0.0
2025-02-23		VFB_fw023507		2	1	0.0
2025-02-23		VFB_fw023507	VFB_00101567	2	1	0.0
2025-02-23		VFB_fw023547		1	1	0.0
2025-02-23		VFB_fw023547	VFB_00101567	1	1	0.0
2025-02-23		VFB_fw024547		2	1	0.0
2025-02-23		VFB_fw024547	VFB_00101567	2	1	0.0
2025-02-23		VFB_fw024653		1	1	0.0
2025-02-23		VFB_fw024653	VFB_00101567	1	1	0.0
2025-02-23		VFB_fw025090		1	1	2.0
2025-02-23		VFB_fw025090	VFB_00101567	1	1	0.0
2025-02-23		VFB_fw025348		2	1	0.0
2025-02-23		VFB_fw025348	VFB_00101567	2	1	0.0
2025-02-23		VFB_fw025524		2	1	0.0
2025-02-23		VFB_fw025524	VFB_00101567	2	1	0.0
2025-02-23		VFB_fw025701		2	1	0.0
2025-02-23		VFB_fw025701	VFB_00101567	2	1	0.0
2025-02-23		VFB_fw025730		2	1	0.0
2025-02-23		VFB_fw025730	VFB_00101567	2	1	0.0
2025-02-23		VFB_fw025761		2	1	0.0
2025-02-23		VFB_fw025761	VFB_00101567	2	1	0.0
2025-02-23		VFB_fw025774		7	1	0.0
2025-02-23		VFB_fw025774	VFB_00101567	7	1	0.0
2025-02-23		VFB_fw025952		1	1	0.0
2025-02-23		VFB_fw025952	VFB_00101567	1	1	0.0
2025-02-23		VFB_fw026082		2	1	0.0
2025-02-23		VFB_fw026082	VFB_00101567	2	1	0.0
2025-02-23		VFB_fw026476		2	1	0.0
2025-02-23		VFB_fw026476	VFB_00101567	2	1	0.0
2025-02-23		VFB_fw026918		7	1	0.0
2025-02-23		VFB_fw026918	VFB_00101567	7	1	0.0
2025-02-23		VFB_fw027036		2	1	0.0
2025-02-23		VFB_fw027036	VFB_00101567	2	1	0.0
2025-02-23		VFB_fw027247		2	1	0.0
2025-02-23		VFB_fw027247	VFB_00101567	2	1	0.0
2025-02-23		VFB_fw027342		2	1	0.0
2025-02-23		VFB_fw027342	VFB_00101567	2	1	0.0
2025-02-23		VFB_fw027569		2	1	0.0
2025-02-23		VFB_fw027569	VFB_00101567	2	1	0.0
2025-02-23		VFB_fw027772		2	1	0.0
2025-02-23		VFB_fw027772	VFB_00101567	2	1	0.0
2025-02-23		VFB_fw028550		2	1	0.0
2025-02-23		VFB_fw028550	VFB_00101567	2	1	0.0
2025-02-23		VFB_fw028552		2	1	0.0
2025-02-23		VFB_fw028552	VFB_00101567	2	1	0.0
2025-02-23		VFB_fw028702		1	1	0.0
2025-02-23		VFB_fw028702	VFB_00101567	1	1	0.0
2025-02-23		VFB_fw029425		2	1	0.0
2025-02-23		VFB_fw029425	VFB_00101567	2	1	0.0
2025-02-23		VFB_fw029447		1	1	0.0
2025-02-23		VFB_fw029447	VFB_00101567	1	1	0.0
2025-02-23		VFB_fw029515		2	1	0.0
2025-02-23		VFB_fw029515	VFB_00101567	2	1	0.0
2025-02-23		VFB_fw030338		5	1	25.0
2025-02-23		VFB_fw030338	VFB_00101567	5	1	0.0
2025-02-23		VFB_fw031608		2	1	0.0
2025-02-23		VFB_fw031608	VFB_00101567	2	1	0.0
2025-02-23		VFB_fw031669		2	1	0.0
2025-02-23		VFB_fw031669	VFB_00101567	2	1	0.0
2025-02-23		VFB_fw032111		2	1	0.0
2025-02-23		VFB_fw032111	VFB_00101567	2	1	0.0
2025-02-23		VFB_fw032870		1	1	0.0
2025-02-23		VFB_fw032870	VFB_00101567	1	1	0.0
2025-02-23		VFB_fw032887		2	1	0.0
2025-02-23		VFB_fw032887	VFB_00101567	2	1	0.0
2025-02-23		VFB_fw032941		2	1	0.0
2025-02-23		VFB_fw032941	VFB_00101567	2	1	0.0
2025-02-23		VFB_fw033201		2	1	0.0
2025-02-23		VFB_fw033201	VFB_00101567	2	1	0.0
2025-02-23		VFB_fw033956		2	1	0.0
2025-02-23		VFB_fw033956	VFB_00101567	2	1	0.0
2025-02-23		VFB_fw034119		2	1	0.0
2025-02-23		VFB_fw034119	VFB_00101567	2	1	0.0
2025-02-23		VFB_fw034124		2	1	0.0
2025-02-23		VFB_fw034124	VFB_00101567	2	1	0.0
2025-02-23		VFB_fw034222		7	1	164.0
2025-02-23		VFB_fw034222	VFB_00101567	7	2	0.0
2025-02-23		VFB_fw034597		2	1	0.0
2025-02-23		VFB_fw034597	VFB_00101567	2	1	0.0
2025-02-23		VFB_fw034791		2	1	0.0
2025-02-23		VFB_fw034791	VFB_00101567	2	1	0.0
2025-02-23		VFB_fw034816		2	1	0.0
2025-02-23		VFB_fw034816	VFB_00101567	2	1	0.0
2025-02-23		VFB_fw034827		2	1	0.0
2025-02-23		VFB_fw034827	VFB_00101567	2	1	0.0
2025-02-23		VFB_fw034973		2	1	0.0
2025-02-23		VFB_fw034973	VFB_00101567	1	1	0.0
2025-02-23		VFB_fw034990		2	1	0.0
2025-02-23		VFB_fw034990	VFB_00101567	2	1	0.0
2025-02-23		VFB_fw035563		4	1	0.0
2025-02-23		VFB_fw035563	VFB_00101567	4	1	0.0
2025-02-23		VFB_fw035595		2	1	0.0
2025-02-23		VFB_fw035595	VFB_00101567	2	1	0.0
2025-02-23		VFB_fw035782		2	1	0.0
2025-02-23		VFB_fw035782	VFB_00101567	2	1	0.0
2025-02-23		VFB_fw035869		2	1	0.0
2025-02-23		VFB_fw035869	VFB_00101567	2	1	0.0
2025-02-23		VFB_fw035969		2	1	0.0
2025-02-23		VFB_fw035969	VFB_00101567	2	1	0.0
2025-02-23		VFB_fw036131		2	1	0.0
2025-02-23		VFB_fw036131	VFB_00101567	2	1	0.0
2025-02-23		VFB_fw036337		2	1	2.0
2025-02-23		VFB_fw036337	VFB_00101567	3	2	0.0
2025-02-23		VFB_fw036594		2	1	0.0
2025-02-23		VFB_fw036594	VFB_00101567	2	1	0.0
2025-02-23		VFB_fw036618		1	1	174.0
2025-02-23		VFB_fw036618	VFB_00101567	1	1	0.0
2025-02-23		VFB_fw036646		4	1	0.0
2025-02-23		VFB_fw036646	VFB_00101567	4	1	0.0
2025-02-23		VFB_fw036963		5	1	22.0
2025-02-23		VFB_fw036963	VFB_00101567	5	1	0.0
2025-02-23		VFB_fw036977		1	1	7.0
2025-02-23		VFB_fw036977	VFB_00101567	1	1	0.0
2025-02-23		VFB_fw037774		2	1	0.0
2025-02-23		VFB_fw037774	VFB_00101567	2	1	0.0
2025-02-23		VFB_fw037872		2	1	0.0
2025-02-23		VFB_fw037872	VFB_00101567	2	1	0.0
2025-02-23		VFB_fw038035		2	1	0.0
2025-02-23		VFB_fw038035	VFB_00101567	2	1	0.0
2025-02-23		VFB_fw038119		7	1	0.0
2025-02-23		VFB_fw038119	VFB_00101567	7	1	0.0
2025-02-23		VFB_fw038183		2	1	0.0
2025-02-23		VFB_fw038183	VFB_00101567	2	1	0.0
2025-02-23		VFB_fw038192		1	1	0.0
2025-02-23		VFB_fw038192	VFB_00101567	1	1	0.0
2025-02-23		VFB_fw038573		13	1	4.0
2025-02-23		VFB_fw038573	VFB_00101567	13	3	0.0
2025-02-23		VFB_fw038606		2	1	0.0
2025-02-23		VFB_fw038606	VFB_00101567	2	1	0.0
2025-02-23		VFB_fw038771		7	1	0.0
2025-02-23		VFB_fw038771	VFB_00101567	7	1	0.0
2025-02-23		VFB_fw038812		1	1	3.0
2025-02-23		VFB_fw038812	VFB_00101567	1	1	0.0
2025-02-23		VFB_fw038813		1	1	1.0
2025-02-23		VFB_fw038813	VFB_00101567	1	1	0.0
2025-02-23		VFB_fw039708		1	1	0.0
2025-02-23		VFB_fw039708	VFB_00101567	1	1	0.0
2025-02-23		VFB_fw039773		2	1	0.0
2025-02-23		VFB_fw039773	VFB_00101567	2	1	0.0
2025-02-23		VFB_fw040334		2	1	0.0
2025-02-23		VFB_fw040334	VFB_00101567	2	1	0.0
2025-02-23		VFB_fw040532		2	1	0.0
2025-02-23		VFB_fw040532	VFB_00101567	2	1	0.0
2025-02-23		VFB_fw040673		2	1	0.0
2025-02-23		VFB_fw040673	VFB_00101567	2	1	0.0
2025-02-23		VFB_fw041037		2	1	0.0
2025-02-23		VFB_fw041037	VFB_00101567	2	1	0.0
2025-02-23		VFB_fw041055		7	1	0.0
2025-02-23		VFB_fw041055	VFB_00101567	7	1	0.0
2025-02-23		VFB_fw041165		2	1	0.0
2025-02-23		VFB_fw041165	VFB_00101567	2	1	0.0
2025-02-23		VFB_fw043540		2	1	0.0
2025-02-23		VFB_fw043540	VFB_00101567	2	1	0.0
2025-02-23		VFB_fw043843		2	1	0.0
2025-02-23		VFB_fw043843	VFB_00101567	2	1	0.0
2025-02-23		VFB_jrchjud5		2	1	0.0
2025-02-23		VFB_jrchjud5	VFB_00101567	2	1	0.0
2025-02-23		VFB_jrchjxl7		2	1	0.0
2025-02-23		VFB_jrchjxl7	VFB_00101567	2	1	0.0
2025-02-23		VFB_jrchk0ve		1	1	0.0
2025-02-23		VFB_jrchk0ve	VFB_00101567	1	1	0.0
2025-02-23		VFB_jrchk0xv		11	1	0.0
2025-02-23		VFB_jrchk0xv	VFB_00101567	11	1	0.0
2025-02-23		VFB_jrchk32k		3	1	2.0
2025-02-23		VFB_jrchk32k	VFB_00101567	3	2	0.0
2025-02-23		VFB_jrchk32m		12	1	0.0
2025-02-23		VFB_jrchk32m	VFB_00101567	12	2	0.0
2025-02-23		VFB_jrchk32q		2	1	0.0
2025-02-23		VFB_jrchk32q	VFB_00101567	2	1	0.0
2025-02-23		VFB_jrchk33c		1	1	68.0
2025-02-23		VFB_jrchk33c	VFB_00101567	1	1	0.0
2025-02-23		VFB_jrchk33k		1	1	0.0
2025-02-23		VFB_jrchk33k	VFB_00101567	1	1	0.0
2025-02-23		VFB_jrchk37h		1	1	0.0
2025-02-23		VFB_jrchk37h	VFB_00101567	1	1	0.0
2025-02-23		VFB_jrchk37p		1	1	1.0
2025-02-23		VFB_jrchk37p	VFB_00101567	1	1	0.0
2025-02-23		VFB_jrchk383		1	1	1.0
2025-02-23		VFB_jrchk383	VFB_00101567	1	1	0.0
2025-02-23		VFB_jrchk386		2	1	0.0
2025-02-23		VFB_jrchk386	VFB_00101567	2	1	0.0
2025-02-23		VFB_jrchk391		1	1	2.0
2025-02-23		VFB_jrchk391	VFB_00101567	1	1	0.0
2025-02-23		VFB_jrchk39l		1	1	1.0
2025-02-23		VFB_jrchk39l	VFB_00101567	1	1	0.0
2025-02-23		VFB_jrchk3a1		1	1	1.0
2025-02-23		VFB_jrchk3a1	VFB_00101567	1	1	0.0
2025-02-23		VFB_jrchk43u		12	1	2.0
2025-02-23		VFB_jrchk43u	VFB_00101567	12	1	0.0
2025-02-23		VFB_jrchk45e		2	1	9.0
2025-02-23		VFB_jrchk45e	VFB_00101567	2	2	0.0
2025-02-23		VFB_jrchk45m		1	1	1.0
2025-02-23		VFB_jrchk45m	VFB_00101567	1	1	0.0
2025-02-23		VFB_jrchk45p		6	1	0.0
2025-02-23		VFB_jrchk45p	VFB_00101567	6	2	0.0
2025-02-23		VFB_jrchk45t		8	1	6.0
2025-02-23		VFB_jrchk45t	VFB_00101567	8	1	0.0
2025-02-23		VFB_jrchk461		11	1	0.0
2025-02-23		VFB_jrchk461	VFB_00101567	11	1	0.0
2025-02-23		VFB_jrchk6ge		15	1	9.0
2025-02-23		VFB_jrchk6ge	VFB_00101567	15	1	0.0
2025-02-23		VFB_jrchk6gf		7	1	0.0
2025-02-23		VFB_jrchk6gf	VFB_00101567	7	1	0.0
2025-02-23		VFB_jrchk6jz		2	1	0.0
2025-02-23		VFB_jrchk6jz	VFB_00101567	2	1	0.0
2025-02-23		VFB_jrchk6mh		5	1	0.0
2025-02-23		VFB_jrchk6mh	VFB_00101567	5	1	0.0
2025-02-23		VFB_jrchk6mk		7	1	0.0
2025-02-23		VFB_jrchk6mk	VFB_00101567	7	1	0.0
2025-02-23		VFB_jrchk6mv		7	1	0.0
2025-02-23		VFB_jrchk6mv	VFB_00101567	7	1	0.0
2025-02-23		VFB_jrchk6s3		2	1	0.0
2025-02-23		VFB_jrchk6s3	VFB_00101567	2	1	0.0
2025-02-23		VFB_jrchk6sh		3	1	0.0
2025-02-23		VFB_jrchk6sh	VFB_00101567	3	1	0.0
2025-02-23		VFB_jrchk6u9		2	1	0.0
2025-02-23		VFB_jrchk6u9	VFB_00101567	2	1	0.0
2025-02-23		VFB_jrchk6wc		7	1	0.0
2025-02-23		VFB_jrchk6wc	VFB_00101567	7	1	0.0
2025-02-23		VFB_jrchk6we		7	1	0.0
2025-02-23		VFB_jrchk6we	VFB_00101567	7	1	0.0
2025-02-23		VFB_jrchk6wj		7	1	0.0
2025-02-23		VFB_jrchk6wj	VFB_00101567	7	1	0.0
2025-02-23		VFB_jrchk6xx		2	1	0.0
2025-02-23		VFB_jrchk6xx	VFB_00101567	2	1	0.0
2025-02-23		VFB_jrchk6yf		3	1	0.0
2025-02-23		VFB_jrchk6yf	VFB_00101567	3	1	0.0
2025-02-23		VFB_jrchk6yh		3	1	0.0
2025-02-23		VFB_jrchk6yh	VFB_00101567	3	1	0.0
2025-02-23		VFB_jrchk6yi		6	1	0.0
2025-02-23		VFB_jrchk6yi	VFB_00101567	6	1	0.0
2025-02-23		VFB_jrchk703		7	1	0.0
2025-02-23		VFB_jrchk703	VFB_00101567	7	1	0.0
2025-02-23		VFB_jrchk704		2	1	0.0
2025-02-23		VFB_jrchk704	VFB_00101567	2	1	0.0
2025-02-23		VFB_jrchk70a		2	1	0.0
2025-02-23		VFB_jrchk70a	VFB_00101567	2	1	0.0
2025-02-23		VFB_jrchk70b		2	1	0.0
2025-02-23		VFB_jrchk70b	VFB_00101567	2	1	0.0
2025-02-23		VFB_jrchk716		2	1	0.0
2025-02-23		VFB_jrchk716	VFB_00101567	2	1	0.0
2025-02-23		VFB_jrchk74o		4	1	0.0
2025-02-23		VFB_jrchk74o	VFB_00101567	4	1	0.0
2025-02-23		VFB_jrchk74q		2	1	0.0
2025-02-23		VFB_jrchk74q	VFB_00101567	2	1	0.0
2025-02-23		VFB_jrchk74r		2	1	0.0
2025-02-23		VFB_jrchk74r	VFB_00101567	2	1	0.0
2025-02-23		VFB_jrchk750		2	1	0.0
2025-02-23		VFB_jrchk750	VFB_00101567	2	1	0.0
2025-02-23		VFB_jrchk764		2	1	0.0
2025-02-23		VFB_jrchk764	VFB_00101567	2	1	0.0
2025-02-23		VFB_jrchk76j		2	1	0.0
2025-02-23		VFB_jrchk76j	VFB_00101567	2	1	0.0
2025-02-23		VFB_jrchk76k		2	1	0.0
2025-02-23		VFB_jrchk76k	VFB_00101567	2	1	0.0
2025-02-23		VFBexp_FBal0276		1	1	0.0
2025-02-23		VFBexp_FBal0276	VFB_00101567	1	1	0.0
2025-02-23		VFBexp_FBtp0058		1	1	0.0
2025-02-23		VFBexp_FBtp0058	VFB_00101567	1	1	0.0
2025-02-23		VFBext_0000004		2	1	51.0
2025-02-23		VFBext_0000004	VFB_00017894	2	1	0.0
2025-02-23	v2.virtualflybrain.org	FBbt_00001128		1	1	10.0
2025-02-23	v2.virtualflybrain.org	FBbt_00002644	VFB_00049000	0	1	48.0
2025-02-23	v2.virtualflybrain.org	FBbt_00002679	VFB_00049000	0	1	42.0
2025-02-23	v2.virtualflybrain.org	FBbt_00002681		1	1	5.0
2025-02-23	v2.virtualflybrain.org	FBbt_00003004	VFB_00101567	0	1	24.0
2025-02-23	v2.virtualflybrain.org	FBbt_00003007	VFB_00101567	0	1	11.0
2025-02-23	v2.virtualflybrain.org	FBbt_00003007	VFB_00110000	0	3	42.0
2025-02-23	v2.virtualflybrain.org	FBbt_00003624	VFB_00101567	0	5	82.0
2025-02-23	v2.virtualflybrain.org	FBbt_00003632	VFB_00101567	0	2	50.0
2025-02-23	v2.virtualflybrain.org	FBbt_00003679	VFB_00101567	0	2	30.0
2025-02-23	v2.virtualflybrain.org	FBbt_00003681	VFB_00101567	0	2	11.0
2025-02-23	v2.virtualflybrain.org	FBbt_00003684	VFB_00101567	0	1	1.0
2025-02-23	v2.virtualflybrain.org	FBbt_00003748	VFB_00017894	0	1	32.0
2025-02-23	v2.virtualflybrain.org	FBbt_00003982	VFB_00101567	0	1	53.0
2025-02-23	v2.virtualflybrain.org	FBbt_00007001	VFB_00049000	0	1	67.0
2025-02-23	v2.virtualflybrain.org	FBbt_00007004	VFB_00101567	0	2	3.0
2025-02-23	v2.virtualflybrain.org	FBbt_00007050	VFB_00101567	0	1	1.0
2025-02-23	v2.virtualflybrain.org	FBbt_00007066	VFB_00049000	0	1	61.0
2025-02-23	v2.virtualflybrain.org	FBbt_00007066	VFB_00050000	0	1	7.0
2025-02-23	v2.virtualflybrain.org	FBbt_00014013	VFB_00101567	0	1	44.0
2025-02-23	v2.virtualflybrain.org	FBbt_00016687	VFB_00017894	5	4	179.0
2025-02-23	v2.virtualflybrain.org	FBbt_00016687	VFB_00101567	0	2	93.0
2025-02-23	v2.virtualflybrain.org	FBbt_00016687	VFB_00110000	0	1	31.0
2025-02-23	v2.virtualflybrain.org	FBbt_00040001	VFB_00101567	0	1	62.0
2025-02-23	v2.virtualflybrain.org	FBbt_00040002	VFB_00101567	0	1	1.0
2025-02-23	v2.virtualflybrain.org	FBbt_00040037	VFB_00101567	0	1	68.0
2025-02-23	v2.virtualflybrain.org	FBbt_00040041	VFB_00101567	2	1	0.0
2025-02-23	v2.virtualflybrain.org	FBbt_00040047	VFB_00101567	0	2	90.0
2025-02-23	v2.virtualflybrain.org	FBbt_00040049	VFB_00101567	0	1	33.0
2025-02-23	v2.virtualflybrain.org	FBbt_00040050	VFB_00101567	0	1	1.0
2025-02-23	v2.virtualflybrain.org	FBbt_00045021	VFB_00101567	0	1	0.0
2025-02-23	v2.virtualflybrain.org	FBbt_00045030	VFB_00101567	0	2	12.0
2025-02-23	v2.virtualflybrain.org	FBbt_00045037	VFB_00101567	0	1	2.0
2025-02-23	v2.virtualflybrain.org	FBbt_00045039	VFB_00101567	0	1	13.0
2025-02-23	v2.virtualflybrain.org	FBbt_00045047	VFB_00101567	0	2	40.0
2025-02-23	v2.virtualflybrain.org	FBbt_00045048	VFB_00101567	0	1	5.0
2025-02-23	v2.virtualflybrain.org	FBbt_00047887	VFB_00101567	0	1	1.0
2025-02-23	v2.virtualflybrain.org	FBbt_00048027	VFB_00101567	4	1	0.0
2025-02-23	v2.virtualflybrain.org	FBbt_00048253		1	1	13.0
2025-02-23	v2.virtualflybrain.org	FBbt_00049253		1	1	0.0
2025-02-23	v2.virtualflybrain.org	FBbt_00049466	VFB_00101567	0	1	211.0
2025-02-23	v2.virtualflybrain.org	FBbt_00049746		1	1	0.0
2025-02-23	v2.virtualflybrain.org	FBbt_00050275	VFB_00101567	0	1	139.0
2025-02-23	v2.virtualflybrain.org	FBbt_00051070	VFB_00049000	0	1	184.0
2025-02-23	v2.virtualflybrain.org	FBbt_00052556	VFB_00101567	1	1	0.0
2025-02-23	v2.virtualflybrain.org	FBbt_00110101	VFB_00101567	9	1	7.0
2025-02-23	v2.virtualflybrain.org	FBbt_00110319	VFB_00050000	0	1	16.0
2025-02-23	v2.virtualflybrain.org	FBbt_00110491	VFB_00017894	0	1	6.0
2025-02-23	v2.virtualflybrain.org	FBbt_00110491	VFB_00101567	0	2	0.0
2025-02-23	v2.virtualflybrain.org	FBbt_00110556		1	1	13.0
2025-02-23	v2.virtualflybrain.org	FBbt_00110584		1	1	0.0
2025-02-23	v2.virtualflybrain.org	FBbt_00110620	VFB_00101567	0	2	82.0
2025-02-23	v2.virtualflybrain.org	FBbt_00110621	VFB_00101567	0	1	142.0
2025-02-23	v2.virtualflybrain.org	FBbt_00110638	VFB_00101567	5	3	46.0
2025-02-23	v2.virtualflybrain.org	FBbt_00110639	VFB_00101567	0	1	3.0
2025-02-23	v2.virtualflybrain.org	FBbt_00111015	VFB_00101567	0	1	13.0
2025-02-23	v2.virtualflybrain.org	FBbt_00111203	VFB_00050000	0	1	148.0
2025-02-23	v2.virtualflybrain.org	FBbt_00111633	VFB_00049000	0	1	1141.0
2025-02-23	v2.virtualflybrain.org	FBbt_10000000	VFB_00101567	0	3	32.0
2025-02-23	v2.virtualflybrain.org	FBbt_20000870	VFB_00101567	6	3	122.0
2025-02-23	v2.virtualflybrain.org	FBbt_20002982	VFB_00101567	6	3	78.0
2025-02-23	v2.virtualflybrain.org	VFB_00001482	VFB_00101567	0	3	2.0
2025-02-23	v2.virtualflybrain.org	VFB_00001798	VFB_00017894	1	3	1.0
2025-02-23	v2.virtualflybrain.org	VFB_00001798	VFB_00101567	0	2	0.0
2025-02-23	v2.virtualflybrain.org	VFB_00001798	VFB_00110000	0	2	3.0
2025-02-23	v2.virtualflybrain.org	VFB_00002452	VFB_00101567	0	2	0.0
2025-02-23	v2.virtualflybrain.org	VFB_00002575	VFB_00101567	3	2	43.0
2025-02-23	v2.virtualflybrain.org	VFB_00008799	VFB_00017894	0	1	0.0
2025-02-23	v2.virtualflybrain.org	VFB_00010469	VFB_00101567	0	1	54.0
2025-02-23	v2.virtualflybrain.org	VFB_00012321	VFB_00101567	0	1	43.0
2025-02-23	v2.virtualflybrain.org	VFB_00013556	VFB_00101567	0	1	55.0
2025-02-23	v2.virtualflybrain.org	VFB_00017894	VFB_00017894	2	12	83.0
2025-02-23	v2.virtualflybrain.org	VFB_00017938	VFB_00101567	0	5	79.0
2025-02-23	v2.virtualflybrain.org	VFB_00021163	VFB_00101567	1	2	1.0
2025-02-23	v2.virtualflybrain.org	VFB_00021478	VFB_00101567	0	4	64.0
2025-02-23	v2.virtualflybrain.org	VFB_00023253	VFB_00101567	5	1	0.0
2025-02-23	v2.virtualflybrain.org	VFB_00023422	VFB_00017894	2	1	0.0
2025-02-23	v2.virtualflybrain.org	VFB_00023422	VFB_00050000	1	1	0.0
2025-02-23	v2.virtualflybrain.org	VFB_00030606	VFB_00101567	1	3	54.0
2025-02-23	v2.virtualflybrain.org	VFB_00030608	VFB_00017894	1	1	0.0
2025-02-23	v2.virtualflybrain.org	VFB_00030849	VFB_00017894	1	2	34.0
2025-02-23	v2.virtualflybrain.org	VFB_00030871	VFB_00101567	0	2	3.0
2025-02-23	v2.virtualflybrain.org	VFB_00030876	VFB_00017894	1	2	1.0
2025-02-23	v2.virtualflybrain.org	VFB_00030876	VFB_00101567	0	1	28.0
2025-02-23	v2.virtualflybrain.org	VFB_00045243	VFB_00101567	0	1	0.0
2025-02-23	v2.virtualflybrain.org	VFB_00049000	VFB_00049000	2	7	10.0
2025-02-23	v2.virtualflybrain.org	VFB_00050000	VFB_00050000	4	18	28.0
2025-02-23	v2.virtualflybrain.org	VFB_00050257	VFB_00101567	0	2	6.0
2025-02-23	v2.virtualflybrain.org	VFB_00050274	VFB_00049000	6	3	71.0
2025-02-23	v2.virtualflybrain.org	VFB_00050464	VFB_00049000	1	3	9.0
2025-02-23	v2.virtualflybrain.org	VFB_00050464	VFB_00101567	0	2	38.0
2025-02-23	v2.virtualflybrain.org	VFB_00050500	VFB_00049000	4	1	2.0
2025-02-23	v2.virtualflybrain.org	VFB_00050505	VFB_00049000	0	2	28.0
2025-02-23	v2.virtualflybrain.org	VFB_00066067		1	1	2.0
2025-02-23	v2.virtualflybrain.org	VFB_00100234	VFB_00050000	1	1	0.0
2025-02-23	v2.virtualflybrain.org	VFB_00100235	VFB_00049000	0	2	14.0
2025-02-23	v2.virtualflybrain.org	VFB_00100235	VFB_00050000	6	3	16.0
2025-02-23	v2.virtualflybrain.org	VFB_00100239	VFB_00050000	12	3	27.0
2025-02-23	v2.virtualflybrain.org	VFB_00100292	VFB_00050000	2	1	0.0
2025-02-23	v2.virtualflybrain.org	VFB_00100382	VFB_00050000	1	1	531.0
2025-02-23	v2.virtualflybrain.org	VFB_00100wl5	VFB_00101567	9	2	20.0
2025-02-23	v2.virtualflybrain.org	VFB_00101132	VFB_00101567	15	2	84.0
2025-02-23	v2.virtualflybrain.org	VFB_001011jt	VFB_00050000	8	2	63.0
2025-02-23	v2.virtualflybrain.org	VFB_0010141n	VFB_00101567	0	1	36.0
2025-02-23	v2.virtualflybrain.org	VFB_0010143p	VFB_00101567	0	1	36.0
2025-02-23	v2.virtualflybrain.org	VFB_0010144y	VFB_00101567	0	1	141.0
2025-02-23	v2.virtualflybrain.org	VFB_001014df	VFB_00101567	3	3	60.0
2025-02-23	v2.virtualflybrain.org	VFB_001014uq	VFB_00101567	2	4	34.0
2025-02-23	v2.virtualflybrain.org	VFB_001014uq	VFB_00110000	3	7	9.0
2025-02-23	v2.virtualflybrain.org	VFB_00101567	VFB_00017894	2	1	1.0
2025-02-23	v2.virtualflybrain.org	VFB_00101567	VFB_00101567	100	101	330.0
2025-02-23	v2.virtualflybrain.org	VFB_001015a8	VFB_00050000	0	1	49.0
2025-02-23	v2.virtualflybrain.org	VFB_00101uie	VFB_00101567	24	1	0.0
2025-02-23	v2.virtualflybrain.org	VFB_00102134	VFB_00101567	0	1	0.0
2025-02-23	v2.virtualflybrain.org	VFB_00102162	VFB_00101567	0	1	9.0
2025-02-23	v2.virtualflybrain.org	VFB_00102164	VFB_00049000	1	3	17.0
2025-02-23	v2.virtualflybrain.org	VFB_00102164	VFB_00101567	3	4	35.0
2025-02-23	v2.virtualflybrain.org	VFB_00102170	VFB_00101567	1	3	106.0
2025-02-23	v2.virtualflybrain.org	VFB_00102176	VFB_00101567	0	2	6.0
2025-02-23	v2.virtualflybrain.org	VFB_00102179	VFB_00101567	0	2	7.0
2025-02-23	v2.virtualflybrain.org	VFB_00102273	VFB_00101567	1	1	0.0
2025-02-23	v2.virtualflybrain.org	VFB_00102479	VFB_00101567	6	2	58.0
2025-02-23	v2.virtualflybrain.org	VFB_00102el1	VFB_00050000	0	1	0.0
2025-02-23	v2.virtualflybrain.org	VFB_00102eyc	VFB_00050000	6	2	47.0
2025-02-23	v2.virtualflybrain.org	VFB_00102fir	VFB_00050000	0	2	0.0
2025-02-23	v2.virtualflybrain.org	VFB_00110000	VFB_00110000	1	1	47.0
2025-02-23	v2.virtualflybrain.org	VFB_fw000062	VFB_00101567	0	1	0.0
2025-02-23	v2.virtualflybrain.org	VFB_fw000346		1	1	0.0
2025-02-23	v2.virtualflybrain.org	VFB_fw000346	VFB_00101567	0	1	5.0
2025-02-23	v2.virtualflybrain.org	VFB_fw000427		1	1	0.0
2025-02-23	v2.virtualflybrain.org	VFB_fw000427	VFB_00101567	5	1	0.0
2025-02-23	v2.virtualflybrain.org	VFB_fw000436	VFB_00101567	0	1	0.0
2025-02-23	v2.virtualflybrain.org	VFB_fw000700	VFB_00101567	2	1	0.0
2025-02-23	v2.virtualflybrain.org	VFB_fw000741		1	1	0.0
2025-02-23	v2.virtualflybrain.org	VFB_fw000741	VFB_00101567	0	1	38.0
2025-02-23	v2.virtualflybrain.org	VFB_fw001284		1	1	0.0
2025-02-23	v2.virtualflybrain.org	VFB_fw001284	VFB_00101567	0	1	26.0
2025-02-23	v2.virtualflybrain.org	VFB_fw001300	VFB_00101567	0	2	104.0
2025-02-23	v2.virtualflybrain.org	VFB_fw001358		1	1	0.0
2025-02-23	v2.virtualflybrain.org	VFB_fw001358	VFB_00101567	0	1	8.0
2025-02-23	v2.virtualflybrain.org	VFB_fw001438		1	1	0.0
2025-02-23	v2.virtualflybrain.org	VFB_fw001438	VFB_00101567	5	1	0.0
2025-02-23	v2.virtualflybrain.org	VFB_fw001885	VFB_00101567	0	1	61.0
2025-02-23	v2.virtualflybrain.org	VFB_fw002129		1	1	0.0
2025-02-23	v2.virtualflybrain.org	VFB_fw002177		1	1	0.0
2025-02-23	v2.virtualflybrain.org	VFB_fw002222		1	1	0.0
2025-02-23	v2.virtualflybrain.org	VFB_fw002222	VFB_00101567	0	1	6.0
2025-02-23	v2.virtualflybrain.org	VFB_fw002766		1	1	0.0
2025-02-23	v2.virtualflybrain.org	VFB_fw002780		1	1	0.0
2025-02-23	v2.virtualflybrain.org	VFB_fw002788		1	1	0.0
2025-02-23	v2.virtualflybrain.org	VFB_fw002788	VFB_00101567	0	1	7.0
2025-02-23	v2.virtualflybrain.org	VFB_fw002979		1	1	0.0
2025-02-23	v2.virtualflybrain.org	VFB_fw002979	VFB_00101567	0	1	36.0
2025-02-23	v2.virtualflybrain.org	VFB_fw003229	VFB_00101567	0	1	2.0
2025-02-23	v2.virtualflybrain.org	VFB_fw003390		1	1	0.0
2025-02-23	v2.virtualflybrain.org	VFB_fw003503		1	1	0.0
2025-02-23	v2.virtualflybrain.org	VFB_fw003903		1	1	0.0
2025-02-23	v2.virtualflybrain.org	VFB_fw003903	VFB_00101567	0	1	59.0
2025-02-23	v2.virtualflybrain.org	VFB_fw004174	VFB_00101567	0	1	0.0
2025-02-23	v2.virtualflybrain.org	VFB_fw005137		1	1	0.0
2025-02-23	v2.virtualflybrain.org	VFB_fw005137	VFB_00101567	0	1	6.0
2025-02-23	v2.virtualflybrain.org	VFB_fw005797		1	1	0.0
2025-02-23	v2.virtualflybrain.org	VFB_fw005999	VFB_00101567	0	1	1.0
2025-02-23	v2.virtualflybrain.org	VFB_fw006289		1	1	0.0
2025-02-23	v2.virtualflybrain.org	VFB_fw006289	VFB_00101567	0	1	6.0
2025-02-23	v2.virtualflybrain.org	VFB_fw006291		1	1	0.0
2025-02-23	v2.virtualflybrain.org	VFB_fw006291	VFB_00101567	0	1	19.0
2025-02-23	v2.virtualflybrain.org	VFB_fw006555		1	1	0.0
2025-02-23	v2.virtualflybrain.org	VFB_fw006555	VFB_00101567	0	1	27.0
2025-02-23	v2.virtualflybrain.org	VFB_fw007341		1	1	0.0
2025-02-23	v2.virtualflybrain.org	VFB_fw007341	VFB_00101567	0	1	9.0
2025-02-23	v2.virtualflybrain.org	VFB_fw007431		1	1	0.0
2025-02-23	v2.virtualflybrain.org	VFB_fw007431	VFB_00101567	0	1	91.0
2025-02-23	v2.virtualflybrain.org	VFB_fw007653	VFB_00101567	0	1	113.0
2025-02-23	v2.virtualflybrain.org	VFB_fw007741		1	1	0.0
2025-02-23	v2.virtualflybrain.org	VFB_fw007741	VFB_00101567	0	1	8.0
2025-02-23	v2.virtualflybrain.org	VFB_fw007886	VFB_00101567	0	1	38.0
2025-02-23	v2.virtualflybrain.org	VFB_fw008716	VFB_00101567	0	1	36.0
2025-02-23	v2.virtualflybrain.org	VFB_fw008786		1	1	0.0
2025-02-23	v2.virtualflybrain.org	VFB_fw008786	VFB_00101567	0	1	22.0
2025-02-23	v2.virtualflybrain.org	VFB_fw008812		1	1	0.0
2025-02-23	v2.virtualflybrain.org	VFB_fw009069	VFB_00101567	0	1	66.0
2025-02-23	v2.virtualflybrain.org	VFB_fw009872		1	1	0.0
2025-02-23	v2.virtualflybrain.org	VFB_fw009872	VFB_00101567	0	1	6.0
2025-02-23	v2.virtualflybrain.org	VFB_fw009912		1	1	0.0
2025-02-23	v2.virtualflybrain.org	VFB_fw009912	VFB_00101567	0	1	6.0
2025-02-23	v2.virtualflybrain.org	VFB_fw010217		1	1	0.0
2025-02-23	v2.virtualflybrain.org	VFB_fw011462		1	1	0.0
2025-02-23	v2.virtualflybrain.org	VFB_fw011462	VFB_00101567	0	1	6.0
2025-02-23	v2.virtualflybrain.org	VFB_fw011563		2	1	0.0
2025-02-23	v2.virtualflybrain.org	VFB_fw011563	VFB_00101567	0	1	14.0
2025-02-23	v2.virtualflybrain.org	VFB_fw012190		1	1	0.0
2025-02-23	v2.virtualflybrain.org	VFB_fw012190	VFB_00101567	0	1	6.0
2025-02-23	v2.virtualflybrain.org	VFB_fw013045		1	1	0.0
2025-02-23	v2.virtualflybrain.org	VFB_fw013045	VFB_00101567	0	1	5.0
2025-02-23	v2.virtualflybrain.org	VFB_fw013110		1	1	0.0
2025-02-23	v2.virtualflybrain.org	VFB_fw013110	VFB_00101567	0	1	5.0
2025-02-23	v2.virtualflybrain.org	VFB_fw013269	VFB_00101567	0	1	120.0
2025-02-23	v2.virtualflybrain.org	VFB_fw013417		1	1	0.0
2025-02-23	v2.virtualflybrain.org	VFB_fw013417	VFB_00101567	0	1	245.0
2025-02-23	v2.virtualflybrain.org	VFB_fw014537	VFB_00101567	0	1	0.0
2025-02-23	v2.virtualflybrain.org	VFB_fw014598		1	1	0.0
2025-02-23	v2.virtualflybrain.org	VFB_fw014598	VFB_00101567	0	1	30.0
2025-02-23	v2.virtualflybrain.org	VFB_fw015025		1	1	0.0
2025-02-23	v2.virtualflybrain.org	VFB_fw015025	VFB_00101567	0	1	432.0
2025-02-23	v2.virtualflybrain.org	VFB_fw015268		1	1	0.0
2025-02-23	v2.virtualflybrain.org	VFB_fw015268	VFB_00101567	0	1	5.0
2025-02-23	v2.virtualflybrain.org	VFB_fw015888		1	1	0.0
2025-02-23	v2.virtualflybrain.org	VFB_fw015888	VFB_00101567	0	1	8.0
2025-02-23	v2.virtualflybrain.org	VFB_fw016398	VFB_00101567	0	2	18.0
2025-02-23	v2.virtualflybrain.org	VFB_fw016828		1	1	0.0
2025-02-23	v2.virtualflybrain.org	VFB_fw016828	VFB_00101567	0	1	5.0
2025-02-23	v2.virtualflybrain.org	VFB_fw017528		1	1	0.0
2025-02-23	v2.virtualflybrain.org	VFB_fw017528	VFB_00101567	0	1	24.0
2025-02-23	v2.virtualflybrain.org	VFB_fw018690		1	1	0.0
2025-02-23	v2.virtualflybrain.org	VFB_fw018690	VFB_00101567	0	1	28.0
2025-02-23	v2.virtualflybrain.org	VFB_fw019119		1	1	0.0
2025-02-23	v2.virtualflybrain.org	VFB_fw019119	VFB_00101567	0	1	15.0
2025-02-23	v2.virtualflybrain.org	VFB_fw019973	VFB_00101567	0	1	73.0
2025-02-23	v2.virtualflybrain.org	VFB_fw020350	VFB_00101567	0	1	1.0
2025-02-23	v2.virtualflybrain.org	VFB_fw020702	VFB_00101567	0	1	2.0
2025-02-23	v2.virtualflybrain.org	VFB_fw021238	VFB_00101567	0	1	1.0
2025-02-23	v2.virtualflybrain.org	VFB_fw023330	VFB_00101567	2	1	18.0
2025-02-23	v2.virtualflybrain.org	VFB_fw023388		1	1	0.0
2025-02-23	v2.virtualflybrain.org	VFB_fw023388	VFB_00101567	0	1	8.0
2025-02-23	v2.virtualflybrain.org	VFB_fw023470	VFB_00101567	0	1	38.0
2025-02-23	v2.virtualflybrain.org	VFB_fw023507		1	1	0.0
2025-02-23	v2.virtualflybrain.org	VFB_fw023547	VFB_00101567	0	1	1.0
2025-02-23	v2.virtualflybrain.org	VFB_fw024547		1	1	0.0
2025-02-23	v2.virtualflybrain.org	VFB_fw024547	VFB_00101567	0	1	9.0
2025-02-23	v2.virtualflybrain.org	VFB_fw024653	VFB_00101567	0	1	43.0
2025-02-23	v2.virtualflybrain.org	VFB_fw025090	VFB_00101567	0	1	60.0
2025-02-23	v2.virtualflybrain.org	VFB_fw025348		1	1	0.0
2025-02-23	v2.virtualflybrain.org	VFB_fw025348	VFB_00101567	0	1	9.0
2025-02-23	v2.virtualflybrain.org	VFB_fw025524		2	1	0.0
2025-02-23	v2.virtualflybrain.org	VFB_fw025524	VFB_00101567	0	1	61.0
2025-02-23	v2.virtualflybrain.org	VFB_fw025701		1	1	0.0
2025-02-23	v2.virtualflybrain.org	VFB_fw025701	VFB_00101567	0	1	5.0
2025-02-23	v2.virtualflybrain.org	VFB_fw025730		1	1	0.0
2025-02-23	v2.virtualflybrain.org	VFB_fw025730	VFB_00101567	0	1	24.0
2025-02-23	v2.virtualflybrain.org	VFB_fw025761		1	1	0.0
2025-02-23	v2.virtualflybrain.org	VFB_fw025774		1	1	0.0
2025-02-23	v2.virtualflybrain.org	VFB_fw025774	VFB_00101567	5	1	0.0
2025-02-23	v2.virtualflybrain.org	VFB_fw025952	VFB_00101567	0	1	2.0
2025-02-23	v2.virtualflybrain.org	VFB_fw026082		1	1	0.0
2025-02-23	v2.virtualflybrain.org	VFB_fw026476		1	1	0.0
2025-02-23	v2.virtualflybrain.org	VFB_fw026476	VFB_00101567	0	1	6.0
2025-02-23	v2.virtualflybrain.org	VFB_fw026918		1	1	0.0
2025-02-23	v2.virtualflybrain.org	VFB_fw026918	VFB_00101567	5	1	0.0
2025-02-23	v2.virtualflybrain.org	VFB_fw027036		1	1	0.0
2025-02-23	v2.virtualflybrain.org	VFB_fw027036	VFB_00101567	0	1	21.0
2025-02-23	v2.virtualflybrain.org	VFB_fw027247		1	1	0.0
2025-02-23	v2.virtualflybrain.org	VFB_fw027247	VFB_00101567	0	1	57.0
2025-02-23	v2.virtualflybrain.org	VFB_fw027342		1	1	0.0
2025-02-23	v2.virtualflybrain.org	VFB_fw027342	VFB_00101567	0	1	34.0
2025-02-23	v2.virtualflybrain.org	VFB_fw027569		1	1	0.0
2025-02-23	v2.virtualflybrain.org	VFB_fw027772		1	1	0.0
2025-02-23	v2.virtualflybrain.org	VFB_fw027772	VFB_00101567	0	1	11.0
2025-02-23	v2.virtualflybrain.org	VFB_fw028550		1	1	0.0
2025-02-23	v2.virtualflybrain.org	VFB_fw028550	VFB_00101567	0	1	20.0
2025-02-23	v2.virtualflybrain.org	VFB_fw028552		1	1	0.0
2025-02-23	v2.virtualflybrain.org	VFB_fw028552	VFB_00101567	0	1	6.0
2025-02-23	v2.virtualflybrain.org	VFB_fw028702	VFB_00101567	0	1	4.0
2025-02-23	v2.virtualflybrain.org	VFB_fw029425		1	1	0.0
2025-02-23	v2.virtualflybrain.org	VFB_fw029425	VFB_00101567	0	1	11.0
2025-02-23	v2.virtualflybrain.org	VFB_fw029447	VFB_00101567	0	1	119.0
2025-02-23	v2.virtualflybrain.org	VFB_fw029515		1	1	0.0
2025-02-23	v2.virtualflybrain.org	VFB_fw029515	VFB_00101567	0	1	37.0
2025-02-23	v2.virtualflybrain.org	VFB_fw030338	VFB_00101567	1	1	46.0
2025-02-23	v2.virtualflybrain.org	VFB_fw031608		1	1	0.0
2025-02-23	v2.virtualflybrain.org	VFB_fw031608	VFB_00101567	0	1	86.0
2025-02-23	v2.virtualflybrain.org	VFB_fw031669		1	1	0.0
2025-02-23	v2.virtualflybrain.org	VFB_fw031669	VFB_00101567	0	1	31.0
2025-02-23	v2.virtualflybrain.org	VFB_fw032111		1	1	0.0
2025-02-23	v2.virtualflybrain.org	VFB_fw032111	VFB_00101567	0	1	30.0
2025-02-23	v2.virtualflybrain.org	VFB_fw032870	VFB_00101567	0	1	6.0
2025-02-23	v2.virtualflybrain.org	VFB_fw032887		1	1	0.0
2025-02-23	v2.virtualflybrain.org	VFB_fw032941		1	1	0.0
2025-02-23	v2.virtualflybrain.org	VFB_fw032941	VFB_00101567	0	1	10.0
2025-02-23	v2.virtualflybrain.org	VFB_fw033201		1	1	0.0
2025-02-23	v2.virtualflybrain.org	VFB_fw033201	VFB_00101567	0	1	20.0
2025-02-23	v2.virtualflybrain.org	VFB_fw033956		1	1	0.0
2025-02-23	v2.virtualflybrain.org	VFB_fw033956	VFB_00101567	0	1	124.0
2025-02-23	v2.virtualflybrain.org	VFB_fw034119		1	1	0.0
2025-02-23	v2.virtualflybrain.org	VFB_fw034119	VFB_00101567	0	1	6.0
2025-02-23	v2.virtualflybrain.org	VFB_fw034124		1	1	0.0
2025-02-23	v2.virtualflybrain.org	VFB_fw034124	VFB_00101567	0	1	37.0
2025-02-23	v2.virtualflybrain.org	VFB_fw034222		1	1	0.0
2025-02-23	v2.virtualflybrain.org	VFB_fw034597		1	1	0.0
2025-02-23	v2.virtualflybrain.org	VFB_fw034597	VFB_00101567	0	1	380.0
2025-02-23	v2.virtualflybrain.org	VFB_fw034791		1	1	0.0
2025-02-23	v2.virtualflybrain.org	VFB_fw034791	VFB_00101567	0	1	42.0
2025-02-23	v2.virtualflybrain.org	VFB_fw034816		1	1	0.0
2025-02-23	v2.virtualflybrain.org	VFB_fw034816	VFB_00101567	0	1	76.0
2025-02-23	v2.virtualflybrain.org	VFB_fw034827		1	1	0.0
2025-02-23	v2.virtualflybrain.org	VFB_fw034827	VFB_00101567	0	1	5.0
2025-02-23	v2.virtualflybrain.org	VFB_fw034973	VFB_00101567	0	1	1.0
2025-02-23	v2.virtualflybrain.org	VFB_fw034990		1	1	0.0
2025-02-23	v2.virtualflybrain.org	VFB_fw034990	VFB_00101567	0	1	8.0
2025-02-23	v2.virtualflybrain.org	VFB_fw035563		2	1	0.0
2025-02-23	v2.virtualflybrain.org	VFB_fw035563	VFB_00101567	0	1	27.0
2025-02-23	v2.virtualflybrain.org	VFB_fw035595		1	1	0.0
2025-02-23	v2.virtualflybrain.org	VFB_fw035595	VFB_00101567	0	1	25.0
2025-02-23	v2.virtualflybrain.org	VFB_fw035782		1	1	0.0
2025-02-23	v2.virtualflybrain.org	VFB_fw035782	VFB_00101567	0	1	44.0
2025-02-23	v2.virtualflybrain.org	VFB_fw035869		1	1	0.0
2025-02-23	v2.virtualflybrain.org	VFB_fw035869	VFB_00101567	0	1	12.0
2025-02-23	v2.virtualflybrain.org	VFB_fw035969		1	1	0.0
2025-02-23	v2.virtualflybrain.org	VFB_fw035969	VFB_00101567	0	1	112.0
2025-02-23	v2.virtualflybrain.org	VFB_fw036063	VFB_00101567	2	1	0.0
2025-02-23	v2.virtualflybrain.org	VFB_fw036131		1	1	0.0
2025-02-23	v2.virtualflybrain.org	VFB_fw036131	VFB_00101567	0	1	30.0
2025-02-23	v2.virtualflybrain.org	VFB_fw036337	VFB_00101567	0	1	0.0
2025-02-23	v2.virtualflybrain.org	VFB_fw036594		1	1	0.0
2025-02-23	v2.virtualflybrain.org	VFB_fw036594	VFB_00101567	0	1	7.0
2025-02-23	v2.virtualflybrain.org	VFB_fw036646		2	1	0.0
2025-02-23	v2.virtualflybrain.org	VFB_fw036646	VFB_00101567	0	1	84.0
2025-02-23	v2.virtualflybrain.org	VFB_fw036963	VFB_00101567	0	1	26.0
2025-02-23	v2.virtualflybrain.org	VFB_fw036977	VFB_00101567	2	1	0.0
2025-02-23	v2.virtualflybrain.org	VFB_fw037774		1	1	0.0
2025-02-23	v2.virtualflybrain.org	VFB_fw037872		1	1	0.0
2025-02-23	v2.virtualflybrain.org	VFB_fw037872	VFB_00101567	0	1	153.0
2025-02-23	v2.virtualflybrain.org	VFB_fw038035		1	1	0.0
2025-02-23	v2.virtualflybrain.org	VFB_fw038035	VFB_00101567	0	1	6.0
2025-02-23	v2.virtualflybrain.org	VFB_fw038119		1	1	0.0
2025-02-23	v2.virtualflybrain.org	VFB_fw038119	VFB_00101567	5	1	0.0
2025-02-23	v2.virtualflybrain.org	VFB_fw038183		1	1	0.0
2025-02-23	v2.virtualflybrain.org	VFB_fw038192	VFB_00101567	0	1	6.0
2025-02-23	v2.virtualflybrain.org	VFB_fw038573		1	1	0.0
2025-02-23	v2.virtualflybrain.org	VFB_fw038573	VFB_00101567	6	3	93.0
2025-02-23	v2.virtualflybrain.org	VFB_fw038606		1	1	0.0
2025-02-23	v2.virtualflybrain.org	VFB_fw038606	VFB_00101567	0	1	73.0
2025-02-23	v2.virtualflybrain.org	VFB_fw038771		1	1	0.0
2025-02-23	v2.virtualflybrain.org	VFB_fw038771	VFB_00101567	5	1	0.0
2025-02-23	v2.virtualflybrain.org	VFB_fw038812	VFB_00101567	0	1	33.0
2025-02-23	v2.virtualflybrain.org	VFB_fw038813	VFB_00101567	0	1	43.0
2025-02-23	v2.virtualflybrain.org	VFB_fw039708	VFB_00101567	0	1	5.0
2025-02-23	v2.virtualflybrain.org	VFB_fw039773		1	1	0.0
2025-02-23	v2.virtualflybrain.org	VFB_fw040334		1	1	0.0
2025-02-23	v2.virtualflybrain.org	VFB_fw040334	VFB_00101567	0	1	12.0
2025-02-23	v2.virtualflybrain.org	VFB_fw040532		1	1	0.0
2025-02-23	v2.virtualflybrain.org	VFB_fw040532	VFB_00101567	0	1	8.0
2025-02-23	v2.virtualflybrain.org	VFB_fw040673		1	1	0.0
2025-02-23	v2.virtualflybrain.org	VFB_fw040673	VFB_00101567	0	1	16.0
2025-02-23	v2.virtualflybrain.org	VFB_fw041037		1	1	0.0
2025-02-23	v2.virtualflybrain.org	VFB_fw041037	VFB_00101567	0	1	6.0
2025-02-23	v2.virtualflybrain.org	VFB_fw041055		1	1	0.0
2025-02-23	v2.virtualflybrain.org	VFB_fw041055	VFB_00101567	5	1	0.0
2025-02-23	v2.virtualflybrain.org	VFB_fw041165		1	1	0.0
2025-02-23	v2.virtualflybrain.org	VFB_fw041165	VFB_00101567	0	1	48.0
2025-02-23	v2.virtualflybrain.org	VFB_fw043540		1	1	0.0
2025-02-23	v2.virtualflybrain.org	VFB_fw043843		1	1	0.0
2025-02-23	v2.virtualflybrain.org	VFB_fw043843	VFB_00101567	0	1	5.0
2025-02-23	v2.virtualflybrain.org	VFB_jrchjsu4		1	1	0.0
2025-02-23	v2.virtualflybrain.org	VFB_jrchjud5	VFB_00101567	2	1	0.0
2025-02-23	v2.virtualflybrain.org	VFB_jrchjxl7	VFB_00101567	2	1	15.0
2025-02-23	v2.virtualflybrain.org	VFB_jrchk0ve	VFB_00101567	1	1	1.0
2025-02-23	v2.virtualflybrain.org	VFB_jrchk0xv	VFB_00101567	11	1	7.0
2025-02-23	v2.virtualflybrain.org	VFB_jrchk32k	VFB_00101567	0	2	47.0
2025-02-23	v2.virtualflybrain.org	VFB_jrchk32m	VFB_00101567	10	3	15.0
2025-02-23	v2.virtualflybrain.org	VFB_jrchk32q	VFB_00101567	0	1	7.0
2025-02-23	v2.virtualflybrain.org	VFB_jrchk33c	VFB_00101567	0	1	38.0
2025-02-23	v2.virtualflybrain.org	VFB_jrchk33k	VFB_00101567	0	1	12.0
2025-02-23	v2.virtualflybrain.org	VFB_jrchk37h	VFB_00101567	0	1	5.0
2025-02-23	v2.virtualflybrain.org	VFB_jrchk37p	VFB_00101567	0	1	42.0
2025-02-23	v2.virtualflybrain.org	VFB_jrchk383	VFB_00101567	0	1	52.0
2025-02-23	v2.virtualflybrain.org	VFB_jrchk386	VFB_00101567	0	1	18.0
2025-02-23	v2.virtualflybrain.org	VFB_jrchk391	VFB_00101567	0	1	35.0
2025-02-23	v2.virtualflybrain.org	VFB_jrchk39l	VFB_00101567	0	1	37.0
2025-02-23	v2.virtualflybrain.org	VFB_jrchk3a1	VFB_00101567	0	1	188.0
2025-02-23	v2.virtualflybrain.org	VFB_jrchk43u	VFB_00101567	12	1	8.0
2025-02-23	v2.virtualflybrain.org	VFB_jrchk45e	VFB_00101567	0	2	58.0
2025-02-23	v2.virtualflybrain.org	VFB_jrchk45m	VFB_00101567	0	1	73.0
2025-02-23	v2.virtualflybrain.org	VFB_jrchk45p	VFB_00101567	5	2	82.0
2025-02-23	v2.virtualflybrain.org	VFB_jrchk45t	VFB_00101567	5	2	76.0
2025-02-23	v2.virtualflybrain.org	VFB_jrchk461	VFB_00101567	11	1	0.0
2025-02-23	v2.virtualflybrain.org	VFB_jrchk6ge		3	1	0.0
2025-02-23	v2.virtualflybrain.org	VFB_jrchk6ge	VFB_00101567	9	1	72.0
2025-02-23	v2.virtualflybrain.org	VFB_jrchk6gf		1	1	0.0
2025-02-23	v2.virtualflybrain.org	VFB_jrchk6gf	VFB_00101567	5	1	0.0
2025-02-23	v2.virtualflybrain.org	VFB_jrchk6jz		1	1	0.0
2025-02-23	v2.virtualflybrain.org	VFB_jrchk6mh		1	1	0.0
2025-02-23	v2.virtualflybrain.org	VFB_jrchk6mh	VFB_00101567	3	1	0.0
2025-02-23	v2.virtualflybrain.org	VFB_jrchk6mk		1	1	0.0
2025-02-23	v2.virtualflybrain.org	VFB_jrchk6mk	VFB_00101567	5	1	0.0
2025-02-23	v2.virtualflybrain.org	VFB_jrchk6mv		1	1	0.0
2025-02-23	v2.virtualflybrain.org	VFB_jrchk6mv	VFB_00101567	5	1	0.0
2025-02-23	v2.virtualflybrain.org	VFB_jrchk6s3		1	1	0.0
2025-02-23	v2.virtualflybrain.org	VFB_jrchk6sh		1	1	0.0
2025-02-23	v2.virtualflybrain.org	VFB_jrchk6sh	VFB_00101567	1	1	0.0
2025-02-23	v2.virtualflybrain.org	VFB_jrchk6u9		1	1	0.0
2025-02-23	v2.virtualflybrain.org	VFB_jrchk6wc		1	1	0.0
2025-02-23	v2.virtualflybrain.org	VFB_jrchk6wc	VFB_00101567	5	1	0.0
2025-02-23	v2.virtualflybrain.org	VFB_jrchk6we		1	1	0.0
2025-02-23	v2.virtualflybrain.org	VFB_jrchk6we	VFB_00101567	5	1	0.0
2025-02-23	v2.virtualflybrain.org	VFB_jrchk6wj		1	1	0.0
2025-02-23	v2.virtualflybrain.org	VFB_jrchk6wj	VFB_00101567	5	1	38.0
2025-02-23	v2.virtualflybrain.org	VFB_jrchk6xx		1	1	0.0
2025-02-23	v2.virtualflybrain.org	VFB_jrchk6yf		1	1	0.0
2025-02-23	v2.virtualflybrain.org	VFB_jrchk6yf	VFB_00101567	1	1	0.0
2025-02-23	v2.virtualflybrain.org	VFB_jrchk6yh		1	1	0.0
2025-02-23	v2.virtualflybrain.org	VFB_jrchk6yh	VFB_00101567	1	1	0.0
2025-02-23	v2.virtualflybrain.org	VFB_jrchk6yi		1	1	0.0
2025-02-23	v2.virtualflybrain.org	VFB_jrchk6yi	VFB_00101567	4	1	0.0
2025-02-23	v2.virtualflybrain.org	VFB_jrchk703		1	1	0.0
2025-02-23	v2.virtualflybrain.org	VFB_jrchk703	VFB_00101567	5	1	0.0
2025-02-23	v2.virtualflybrain.org	VFB_jrchk704		1	1	0.0
2025-02-23	v2.virtualflybrain.org	VFB_jrchk704	VFB_00101567	0	1	15.0
2025-02-23	v2.virtualflybrain.org	VFB_jrchk70a		1	1	0.0
2025-02-23	v2.virtualflybrain.org	VFB_jrchk70b		1	1	0.0
2025-02-23	v2.virtualflybrain.org	VFB_jrchk716		1	1	0.0
2025-02-23	v2.virtualflybrain.org	VFB_jrchk74o		2	1	0.0
2025-02-23	v2.virtualflybrain.org	VFB_jrchk74q		1	1	0.0
2025-02-23	v2.virtualflybrain.org	VFB_jrchk74q	VFB_00101567	0	1	67.0
2025-02-23	v2.virtualflybrain.org	VFB_jrchk74r		1	1	0.0
2025-02-23	v2.virtualflybrain.org	VFB_jrchk74r	VFB_00101567	0	1	16.0
2025-02-23	v2.virtualflybrain.org	VFB_jrchk750		1	1	0.0
2025-02-23	v2.virtualflybrain.org	VFB_jrchk764		1	1	0.0
2025-02-23	v2.virtualflybrain.org	VFB_jrchk764	VFB_00101567	0	1	21.0
2025-02-23	v2.virtualflybrain.org	VFB_jrchk76j		1	1	0.0
2025-02-23	v2.virtualflybrain.org	VFB_jrchk76j	VFB_00101567	0	1	15.0
2025-02-23	v2.virtualflybrain.org	VFB_jrchk76k		1	1	0.0
2025-02-23	v2.virtualflybrain.org	VFB_jrchk76k	VFB_00101567	0	1	24.0
2025-02-23	v2.virtualflybrain.org	VFBexp_FBal0276	VFB_00101567	0	1	5.0
2025-02-23	v2.virtualflybrain.org	VFBexp_FBtp0058		1	1	0.0
2025-02-23	v2.virtualflybrain.org	VFBext_0000004	VFB_00017894	0	1	0.0
2025-02-24		FBbt_00001945		3	1	0.0
2025-02-24		FBbt_00001945	VFB_00050000	3	1	0.0
2025-02-24		FBbt_00001951		2	1	0.0
2025-02-24		FBbt_00001951	VFB_00050000	2	1	0.0
2025-02-24		FBbt_00003128		1	1	0.0
2025-02-24		FBbt_00003128	VFB_00110000	1	1	0.0
2025-02-24		FBbt_00003624		10	5	3.0
2025-02-24		FBbt_00003624	VFB_00101567	10	6	0.0
2025-02-24		FBbt_00003632		1	1	0.0
2025-02-24		FBbt_00003632	VFB_00101567	1	1	0.0
2025-02-24		FBbt_00003678		4	1	0.0
2025-02-24		FBbt_00003678	VFB_00101567	5	1	0.0
2025-02-24		FBbt_00003679		3	1	0.0
2025-02-24		FBbt_00003679	VFB_00101567	3	1	0.0
2025-02-24		FBbt_00003680		1	1	1.0
2025-02-24		FBbt_00003680	VFB_00101567	1	1	0.0
2025-02-24		FBbt_00003681		5	3	1.0
2025-02-24		FBbt_00003681	VFB_00101567	5	3	0.0
2025-02-24		FBbt_00003748		14	6	2.0
2025-02-24		FBbt_00003748	VFB_00017894	1	1	0.0
2025-02-24		FBbt_00003748	VFB_00101567	15	6	0.0
2025-02-24		FBbt_00004020		2	1	0.0
2025-02-24		FBbt_00004020	VFB_00101567	2	2	0.0
2025-02-24		FBbt_00004520		2	1	0.0
2025-02-24		FBbt_00004520	VFB_00110000	2	1	0.0
2025-02-24		FBbt_00007055		1	1	0.0
2025-02-24		FBbt_00007055	VFB_00101567	1	1	0.0
2025-02-24		FBbt_00007066		3	1	106.0
2025-02-24		FBbt_00007066	VFB_00049000	1	1	0.0
2025-02-24		FBbt_00007066	VFB_00050000	2	1	0.0
2025-02-24		FBbt_00007422		1	1	0.0
2025-02-24		FBbt_00007422	VFB_00101567	1	1	0.0
2025-02-24		FBbt_00007555		3	1	0.0
2025-02-24		FBbt_00007555	VFB_00101567	3	1	0.0
2025-02-24		FBbt_00014013		1	1	0.0
2025-02-24		FBbt_00014013	VFB_00101567	1	1	0.0
2025-02-24		FBbt_00016687		5	1	16.0
2025-02-24		FBbt_00016687	VFB_00101567	5	3	0.0
2025-02-24		FBbt_00040036		1	1	0.0
2025-02-24		FBbt_00040036	VFB_00101567	1	1	0.0
2025-02-24		FBbt_00040037		1	1	0.0
2025-02-24		FBbt_00040037	VFB_00101567	2	1	0.0
2025-02-24		FBbt_00040041		5	4	0.0
2025-02-24		FBbt_00040041	VFB_00101567	5	5	0.0
2025-02-24		FBbt_00040042		3	2	0.0
2025-02-24		FBbt_00040042	VFB_00101567	3	2	0.0
2025-02-24		FBbt_00040049		2	1	0.0
2025-02-24		FBbt_00040049	VFB_00017894	2	2	0.0
2025-02-24		FBbt_00045027		2	2	0.0
2025-02-24		FBbt_00045027	VFB_00101567	2	2	0.0
2025-02-24		FBbt_00045032		1	1	0.0
2025-02-24		FBbt_00045032	VFB_00101567	1	1	0.0
2025-02-24		FBbt_00045048		5	3	0.0
2025-02-24		FBbt_00045048	VFB_00101567	5	3	0.0
2025-02-24		FBbt_00045050		1	1	0.0
2025-02-24		FBbt_00045050	VFB_00101567	1	1	0.0
2025-02-24		FBbt_00047717		2	1	22.0
2025-02-24		FBbt_00047717	VFB_00017894	3	1	0.0
2025-02-24		FBbt_00047887		1	1	0.0
2025-02-24		FBbt_00047887	VFB_00101567	1	1	0.0
2025-02-24		FBbt_00047982		1	1	0.0
2025-02-24		FBbt_00047982	VFB_00050000	1	1	0.0
2025-02-24		FBbt_00047987		1	1	0.0
2025-02-24		FBbt_00047987	VFB_00050000	1	1	0.0
2025-02-24		FBbt_00048027		2	1	0.0
2025-02-24		FBbt_00048027	VFB_00101567	2	1	0.0
2025-02-24		FBbt_00049003		2	1	76.0
2025-02-24		FBbt_00049003	VFB_00050000	2	1	0.0
2025-02-24		FBbt_00049030		2	1	41.0
2025-02-24		FBbt_00049030	VFB_00050000	3	1	0.0
2025-02-24		FBbt_00049045		3	1	39.0
2025-02-24		FBbt_00049045	VFB_00050000	2	1	0.0
2025-02-24		FBbt_00049147		1	1	0.0
2025-02-24		FBbt_00049147	VFB_00101567	3	1	0.0
2025-02-24		FBbt_00049526		1	1	0.0
2025-02-24		FBbt_00049526	VFB_00101567	1	1	0.0
2025-02-24		FBbt_00051205		1	1	0.0
2025-02-24		FBbt_00051205	VFB_00050000	1	1	0.0
2025-02-24		FBbt_00052556		4	1	0.0
2025-02-24		FBbt_00052556	VFB_00101567	4	1	0.0
2025-02-24		FBbt_00058218		1	1	0.0
2025-02-24		FBbt_00058218	VFB_00050000	1	1	0.0
2025-02-24		FBbt_00058786		1	1	0.0
2025-02-24		FBbt_00058786	VFB_00110000	1	1	0.0
2025-02-24		FBbt_00067123		2	1	69.0
2025-02-24		FBbt_00067123	VFB_00017894	2	1	0.0
2025-02-24		FBbt_00100163		1	1	0.0
2025-02-24		FBbt_00100163	VFB_00101567	1	1	0.0
2025-02-24		FBbt_00100291		1	1	0.0
2025-02-24		FBbt_00100291	VFB_00050000	1	1	0.0
2025-02-24		FBbt_00110101		4	1	0.0
2025-02-24		FBbt_00110101	VFB_00101567	4	1	0.0
2025-02-24		FBbt_00110636		2	1	0.0
2025-02-24		FBbt_00110636	VFB_00101567	2	1	0.0
2025-02-24		FBbt_00110638		1	1	0.0
2025-02-24		FBbt_00110638	VFB_00101567	1	1	0.0
2025-02-24		FBbt_00110854		1	1	0.0
2025-02-24		FBbt_00110854	VFB_00101567	1	1	0.0
2025-02-24		FBbt_00111203		6	1	0.0
2025-02-24		FBbt_00111203	VFB_00049000	8	2	0.0
2025-02-24		FBbt_00111203	VFB_00050000	3	2	0.0
2025-02-24		FBbt_00111316		1	1	0.0
2025-02-24		FBbt_00111316	VFB_00101567	1	1	0.0
2025-02-24		FBbt_00111635		1	1	0.0
2025-02-24		FBbt_00111635	VFB_00050000	1	1	0.0
2025-02-24		FBbt_00111636		2	1	0.0
2025-02-24		FBbt_00111636	VFB_00050000	2	1	0.0
2025-02-24		FBbt_00111637		2	1	0.0
2025-02-24		FBbt_00111637	VFB_00050000	2	2	0.0
2025-02-24		FBbt_20000870		2	1	0.0
2025-02-24		FBbt_20000870	VFB_00101567	2	1	0.0
2025-02-24		FBbt_20002982		12	1	0.0
2025-02-24		FBbt_20002982	VFB_00101567	12	1	0.0
2025-02-24		FBbt_20003410		1	1	0.0
2025-02-24		FBbt_20003410	VFB_00200000	1	1	0.0
2025-02-24		GO_0014055		4	1	122.0
2025-02-24		GO_0014055	VFB_00101567	3	1	0.0
2025-02-24		GO_0014055	VFB_00200000	3	1	0.0
2025-02-24		VFB_00000091		8	1	27.0
2025-02-24		VFB_00000091	VFB_00101567	2	2	0.0
2025-02-24		VFB_00001798		11	2	21.0
2025-02-24		VFB_00001798	VFB_00101567	11	3	0.0
2025-02-24		VFB_00002452		4	1	5.0
2025-02-24		VFB_00002452	VFB_00101567	3	2	0.0
2025-02-24		VFB_00012321		2	1	0.0
2025-02-24		VFB_00012321	VFB_00017894	1	1	0.0
2025-02-24		VFB_00014647		2	1	2.0
2025-02-24		VFB_00014647	VFB_00101567	2	1	0.0
2025-02-24		VFB_00017894		4	2	0.0
2025-02-24		VFB_00017894	VFB_00017894	4	2	0.0
2025-02-24		VFB_00020128		5	1	0.0
2025-02-24		VFB_00020128	VFB_00017894	2	1	0.0
2025-02-24		VFB_00020128	VFB_00101384	3	2	0.0
2025-02-24		VFB_00023253		15	1	0.0
2025-02-24		VFB_00023253	VFB_00101567	15	1	0.0
2025-02-24		VFB_00024762		2	1	3.0
2025-02-24		VFB_00024762	VFB_00101567	2	1	0.0
2025-02-24		VFB_00024887		2	1	3.0
2025-02-24		VFB_00024887	VFB_00101567	2	1	0.0
2025-02-24		VFB_00025176		2	1	2.0
2025-02-24		VFB_00025176	VFB_00101567	2	1	0.0
2025-02-24		VFB_00027223		2	1	3.0
2025-02-24		VFB_00027223	VFB_00101567	2	1	0.0
2025-02-24		VFB_00027308		2	1	3.0
2025-02-24		VFB_00027308	VFB_00101567	2	1	0.0
2025-02-24		VFB_00027346		2	1	4.0
2025-02-24		VFB_00027346	VFB_00101567	2	1	0.0
2025-02-24		VFB_00027505		7	1	5.0
2025-02-24		VFB_00027505	VFB_00101567	2	1	0.0
2025-02-24		VFB_00027803		2	1	3.0
2025-02-24		VFB_00027803	VFB_00101567	2	1	0.0
2025-02-24		VFB_00028294		2	1	2.0
2025-02-24		VFB_00028294	VFB_00101567	2	1	0.0
2025-02-24		VFB_00029021		2	1	3.0
2025-02-24		VFB_00029021	VFB_00101567	2	1	0.0
2025-02-24		VFB_00029067		2	1	2.0
2025-02-24		VFB_00029067	VFB_00101567	2	1	0.0
2025-02-24		VFB_00029312		8	1	43.0
2025-02-24		VFB_00029312	VFB_00101567	8	2	0.0
2025-02-24		VFB_00029598		2	1	2.0
2025-02-24		VFB_00029598	VFB_00101567	2	1	0.0
2025-02-24		VFB_00030195		2	1	3.0
2025-02-24		VFB_00030195	VFB_00101567	2	1	0.0
2025-02-24		VFB_00030520		2	1	3.0
2025-02-24		VFB_00030520	VFB_00101567	2	1	0.0
2025-02-24		VFB_00030577		2	1	4.0
2025-02-24		VFB_00030577	VFB_00101567	2	1	0.0
2025-02-24		VFB_00030615		1	1	0.0
2025-02-24		VFB_00030615	VFB_00017894	1	1	0.0
2025-02-24		VFB_00030676		1	1	0.0
2025-02-24		VFB_00030866		8	1	34.0
2025-02-24		VFB_00030866	VFB_00017894	4	1	0.0
2025-02-24		VFB_00030866	VFB_00101567	4	1	0.0
2025-02-24		VFB_00030868		4	1	2.0
2025-02-24		VFB_00030868	VFB_00017894	1	1	0.0
2025-02-24		VFB_00030868	VFB_00101567	3	1	0.0
2025-02-24		VFB_00030876		4	1	0.0
2025-02-24		VFB_00030876	VFB_00017894	2	1	0.0
2025-02-24		VFB_00030876	VFB_00101567	2	1	0.0
2025-02-24		VFB_00037755		2	1	1.0
2025-02-24		VFB_00037755	VFB_00101567	2	1	0.0
2025-02-24		VFB_00038149		2	1	2.0
2025-02-24		VFB_00038149	VFB_00101567	2	1	0.0
2025-02-24		VFB_00038897		2	1	4.0
2025-02-24		VFB_00038897	VFB_00101567	2	1	0.0
2025-02-24		VFB_00039966		2	1	3.0
2025-02-24		VFB_00039966	VFB_00101567	2	1	0.0
2025-02-24		VFB_00040122		6	1	4.0
2025-02-24		VFB_00040122	VFB_00017894	1	1	0.0
2025-02-24		VFB_00040122	VFB_00100000	5	2	0.0
2025-02-24		VFB_00040159		2	1	2.0
2025-02-24		VFB_00040159	VFB_00101567	2	1	0.0
2025-02-24		VFB_00041005		2	1	2.0
2025-02-24		VFB_00041005	VFB_00101567	2	1	0.0
2025-02-24		VFB_00041351		2	1	2.0
2025-02-24		VFB_00041351	VFB_00101567	2	1	0.0
2025-02-24		VFB_00041408		2	1	2.0
2025-02-24		VFB_00041408	VFB_00101567	2	1	0.0
2025-02-24		VFB_00041774		2	1	2.0
2025-02-24		VFB_00041774	VFB_00101567	2	1	0.0
2025-02-24		VFB_00041875		2	1	3.0
2025-02-24		VFB_00041875	VFB_00101567	2	1	0.0
2025-02-24		VFB_00041970		2	1	2.0
2025-02-24		VFB_00041970	VFB_00101567	2	1	0.0
2025-02-24		VFB_00042258		2	1	2.0
2025-02-24		VFB_00042258	VFB_00101567	2	1	0.0
2025-02-24		VFB_00042409		2	1	2.0
2025-02-24		VFB_00042409	VFB_00101567	2	1	0.0
2025-02-24		VFB_00043464		2	1	2.0
2025-02-24		VFB_00043464	VFB_00101567	2	1	0.0
2025-02-24		VFB_00044323		2	1	2.0
2025-02-24		VFB_00044323	VFB_00101567	2	1	0.0
2025-02-24		VFB_00045063		2	1	1.0
2025-02-24		VFB_00045063	VFB_00101567	2	1	0.0
2025-02-24		VFB_00045107		2	1	0.0
2025-02-24		VFB_00045107	VFB_00101567	2	1	0.0
2025-02-24		VFB_00046812		2	1	3.0
2025-02-24		VFB_00046812	VFB_00101567	2	1	0.0
2025-02-24		VFB_00046973		2	1	2.0
2025-02-24		VFB_00046973	VFB_00101567	2	1	0.0
2025-02-24		VFB_00047825		2	1	3.0
2025-02-24		VFB_00047825	VFB_00101567	2	1	0.0
2025-02-24		VFB_00048555		2	1	2.0
2025-02-24		VFB_00048555	VFB_00101567	2	1	0.0
2025-02-24		VFB_00049000		4	2	1.0
2025-02-24		VFB_00049000	VFB_00049000	5	3	12.0
2025-02-24		VFB_00050000		13	2	0.0
2025-02-24		VFB_00050000	VFB_00050000	21	7	123.0
2025-02-24		VFB_00050274		40	1	444.0
2025-02-24		VFB_00050274	VFB_00049000	30	3	0.0
2025-02-24		VFB_00050276		34	1	273.0
2025-02-24		VFB_00050276	VFB_00049000	40	2	0.0
2025-02-24		VFB_00050505		5	1	54.0
2025-02-24		VFB_00050505	VFB_00049000	5	1	0.0
2025-02-24		VFB_00063429		2	1	3.0
2025-02-24		VFB_00063429	VFB_00101567	2	1	0.0
2025-02-24		VFB_00064046		2	1	3.0
2025-02-24		VFB_00064046	VFB_00101567	2	1	0.0
2025-02-24		VFB_00064269		2	1	3.0
2025-02-24		VFB_00064269	VFB_00101567	2	1	0.0
2025-02-24		VFB_00064385		2	1	2.0
2025-02-24		VFB_00064385	VFB_00101567	2	1	0.0
2025-02-24		VFB_00064784		2	1	2.0
2025-02-24		VFB_00064784	VFB_00101567	2	1	0.0
2025-02-24		VFB_00064848		2	1	2.0
2025-02-24		VFB_00064848	VFB_00101567	2	1	0.0
2025-02-24		VFB_00065232		2	1	3.0
2025-02-24		VFB_00065232	VFB_00101567	2	1	0.0
2025-02-24		VFB_00065268		2	1	2.0
2025-02-24		VFB_00065268	VFB_00101567	2	1	0.0
2025-02-24		VFB_00065288		2	1	3.0
2025-02-24		VFB_00065288	VFB_00101567	2	1	0.0
2025-02-24		VFB_00065640		2	1	1.0
2025-02-24		VFB_00065640	VFB_00101567	2	1	0.0
2025-02-24		VFB_00065866		1	1	5.0
2025-02-24		VFB_00066067		6	1	0.0
2025-02-24		VFB_00066067	VFB_00101567	6	2	0.0
2025-02-24		VFB_00066070		2	1	0.0
2025-02-24		VFB_00066070	VFB_00100000	2	1	0.0
2025-02-24		VFB_00066335		2	1	3.0
2025-02-24		VFB_00066335	VFB_00101567	2	1	0.0
2025-02-24		VFB_00066385		2	1	2.0
2025-02-24		VFB_00066385	VFB_00101567	2	1	0.0
2025-02-24		VFB_00066393		2	1	3.0
2025-02-24		VFB_00066393	VFB_00101567	2	1	0.0
2025-02-24		VFB_00066490		2	1	1.0
2025-02-24		VFB_00066490	VFB_00101567	2	1	0.0
2025-02-24		VFB_00066785		2	1	2.0
2025-02-24		VFB_00066785	VFB_00101567	2	1	0.0
2025-02-24		VFB_00067055		2	1	3.0
2025-02-24		VFB_00067055	VFB_00101567	2	1	0.0
2025-02-24		VFB_00100000		1	1	1.0
2025-02-24		VFB_00100000	VFB_00100000	1	1	0.0
2025-02-24		VFB_00100082		1	1	0.0
2025-02-24		VFB_00100082	VFB_00050000	1	1	0.0
2025-02-24		VFB_00100083		1	1	0.0
2025-02-24		VFB_00100083	VFB_00050000	1	1	0.0
2025-02-24		VFB_00100094		4	1	0.0
2025-02-24		VFB_00100094	VFB_00050000	2	2	0.0
2025-02-24		VFB_00100186		1	1	0.0
2025-02-24		VFB_00100186	VFB_00050000	1	1	0.0
2025-02-24		VFB_00100197		1	1	1.0
2025-02-24		VFB_00100197	VFB_00050000	1	1	0.0
2025-02-24		VFB_00100199		2	1	0.0
2025-02-24		VFB_00100199	VFB_00050000	2	2	0.0
2025-02-24		VFB_00100201		1	1	0.0
2025-02-24		VFB_00100201	VFB_00050000	1	1	0.0
2025-02-24		VFB_00100205		1	1	0.0
2025-02-24		VFB_00100205	VFB_00050000	1	1	0.0
2025-02-24		VFB_00100206		1	1	1.0
2025-02-24		VFB_00100206	VFB_00050000	1	1	0.0
2025-02-24		VFB_00100211		1	1	0.0
2025-02-24		VFB_00100211	VFB_00050000	1	1	0.0
2025-02-24		VFB_00100217		3	1	2.0
2025-02-24		VFB_00100217	VFB_00050000	1	1	0.0
2025-02-24		VFB_00100218		1	1	1.0
2025-02-24		VFB_00100218	VFB_00050000	1	1	0.0
2025-02-24		VFB_00100219		1	1	1.0
2025-02-24		VFB_00100219	VFB_00050000	1	1	0.0
2025-02-24		VFB_00100223		1	1	1.0
2025-02-24		VFB_00100223	VFB_00050000	1	1	0.0
2025-02-24		VFB_0010022h		6	1	1.0
2025-02-24		VFB_0010022h	VFB_00050000	6	2	0.0
2025-02-24		VFB_00100231		1	1	0.0
2025-02-24		VFB_00100231	VFB_00050000	1	1	0.0
2025-02-24		VFB_00100232		1	1	1.0
2025-02-24		VFB_00100232	VFB_00050000	1	1	0.0
2025-02-24		VFB_00100233		1	1	0.0
2025-02-24		VFB_00100233	VFB_00050000	1	1	0.0
2025-02-24		VFB_00100234		6	1	1.0
2025-02-24		VFB_00100234	VFB_00050000	6	2	0.0
2025-02-24		VFB_00100235		7	1	9.0
2025-02-24		VFB_00100235	VFB_00050000	7	2	0.0
2025-02-24		VFB_00100239		3	1	0.0
2025-02-24		VFB_00100239	VFB_00050000	3	1	0.0
2025-02-24		VFB_0010023e		6	1	5.0
2025-02-24		VFB_0010023e	VFB_00050000	6	2	0.0
2025-02-24		VFB_0010023g		6	1	1.0
2025-02-24		VFB_0010023g	VFB_00050000	6	2	0.0
2025-02-24		VFB_0010023n		12	1	53.0
2025-02-24		VFB_0010023n	VFB_00050000	12	3	0.0
2025-02-24		VFB_0010023u		1	1	0.0
2025-02-24		VFB_0010023u	VFB_00050000	1	1	0.0
2025-02-24		VFB_00100244		1	1	0.0
2025-02-24		VFB_00100244	VFB_00050000	1	1	0.0
2025-02-24		VFB_00100249		1	1	0.0
2025-02-24		VFB_00100249	VFB_00050000	1	1	0.0
2025-02-24		VFB_0010024j		6	1	4.0
2025-02-24		VFB_0010024j	VFB_00050000	6	2	0.0
2025-02-24		VFB_0010024y		19	1	107.0
2025-02-24		VFB_0010024y	VFB_00050000	21	4	0.0
2025-02-24		VFB_00100251		1	1	0.0
2025-02-24		VFB_00100251	VFB_00050000	1	1	0.0
2025-02-24		VFB_00100252		1	1	0.0
2025-02-24		VFB_00100252	VFB_00050000	1	1	0.0
2025-02-24		VFB_00100253		1	1	0.0
2025-02-24		VFB_00100253	VFB_00050000	1	1	0.0
2025-02-24		VFB_00100258		6	1	2.0
2025-02-24		VFB_00100258	VFB_00050000	6	2	0.0
2025-02-24		VFB_00100259		1	1	0.0
2025-02-24		VFB_00100259	VFB_00050000	1	1	0.0
2025-02-24		VFB_0010025i		6	1	6.0
2025-02-24		VFB_0010025i	VFB_00050000	6	2	0.0
2025-02-24		VFB_0010025k		6	1	2.0
2025-02-24		VFB_0010025k	VFB_00050000	6	2	0.0
2025-02-24		VFB_0010025x		5	1	0.0
2025-02-24		VFB_0010025x	VFB_00050000	5	2	0.0
2025-02-24		VFB_00100262		1	1	0.0
2025-02-24		VFB_00100262	VFB_00050000	1	1	0.0
2025-02-24		VFB_00100263		1	1	0.0
2025-02-24		VFB_00100263	VFB_00050000	1	1	0.0
2025-02-24		VFB_00100264		1	1	0.0
2025-02-24		VFB_00100264	VFB_00050000	1	1	0.0
2025-02-24		VFB_00100267		1	1	1.0
2025-02-24		VFB_00100267	VFB_00050000	1	1	0.0
2025-02-24		VFB_00100268		1	1	0.0
2025-02-24		VFB_00100268	VFB_00050000	1	1	0.0
2025-02-24		VFB_00100269		1	1	0.0
2025-02-24		VFB_00100269	VFB_00050000	1	1	0.0
2025-02-24		VFB_0010026c		6	1	2.0
2025-02-24		VFB_0010026c	VFB_00050000	6	2	0.0
2025-02-24		VFB_00100273		1	1	0.0
2025-02-24		VFB_00100273	VFB_00050000	1	1	0.0
2025-02-24		VFB_00100275		1	1	0.0
2025-02-24		VFB_00100275	VFB_00050000	1	1	0.0
2025-02-24		VFB_00100278		1	1	0.0
2025-02-24		VFB_00100278	VFB_00050000	1	1	0.0
2025-02-24		VFB_00100279		1	1	0.0
2025-02-24		VFB_00100279	VFB_00050000	1	1	0.0
2025-02-24		VFB_0010027g		2	1	0.0
2025-02-24		VFB_0010027g	VFB_00050000	2	2	0.0
2025-02-24		VFB_00100280		1	1	0.0
2025-02-24		VFB_00100280	VFB_00050000	1	1	0.0
2025-02-24		VFB_00100283		3	1	1.0
2025-02-24		VFB_00100283	VFB_00050000	5	2	0.0
2025-02-24		VFB_00100284		3	1	2.0
2025-02-24		VFB_00100284	VFB_00050000	3	1	0.0
2025-02-24		VFB_0010028a		6	1	4.0
2025-02-24		VFB_0010028a	VFB_00050000	6	2	0.0
2025-02-24		VFB_0010028r		9	1	7.0
2025-02-24		VFB_0010028r	VFB_00050000	8	2	0.0
2025-02-24		VFB_00100291		1	1	0.0
2025-02-24		VFB_00100291	VFB_00050000	1	1	0.0
2025-02-24		VFB_00100292		1	1	0.0
2025-02-24		VFB_00100292	VFB_00050000	1	1	0.0
2025-02-24		VFB_00100293		3	1	6.0
2025-02-24		VFB_00100293	VFB_00050000	5	1	0.0
2025-02-24		VFB_00100294		1	1	0.0
2025-02-24		VFB_00100294	VFB_00050000	1	1	0.0
2025-02-24		VFB_00100295		3	1	2.0
2025-02-24		VFB_00100295	VFB_00050000	5	2	0.0
2025-02-24		VFB_00100296		3	1	4.0
2025-02-24		VFB_00100296	VFB_00050000	1	1	0.0
2025-02-24		VFB_00100297		3	1	5.0
2025-02-24		VFB_00100297	VFB_00050000	1	1	0.0
2025-02-24		VFB_00100300		1	1	0.0
2025-02-24		VFB_00100300	VFB_00050000	1	1	0.0
2025-02-24		VFB_00100301		1	1	0.0
2025-02-24		VFB_00100301	VFB_00050000	1	1	0.0
2025-02-24		VFB_00100303		3	1	6.0
2025-02-24		VFB_00100303	VFB_00050000	5	1	0.0
2025-02-24		VFB_00100304		1	1	0.0
2025-02-24		VFB_00100304	VFB_00050000	1	1	0.0
2025-02-24		VFB_00100305		1	1	0.0
2025-02-24		VFB_00100305	VFB_00050000	1	1	0.0
2025-02-24		VFB_00100306		1	1	0.0
2025-02-24		VFB_00100306	VFB_00050000	1	1	0.0
2025-02-24		VFB_00100317		1	1	0.0
2025-02-24		VFB_00100317	VFB_00050000	1	1	0.0
2025-02-24		VFB_00100318		1	1	0.0
2025-02-24		VFB_00100318	VFB_00050000	1	1	0.0
2025-02-24		VFB_00100319		1	1	0.0
2025-02-24		VFB_00100319	VFB_00050000	1	1	0.0
2025-02-24		VFB_00100320		1	1	0.0
2025-02-24		VFB_00100320	VFB_00050000	1	1	0.0
2025-02-24		VFB_00100321		1	1	0.0
2025-02-24		VFB_00100321	VFB_00050000	1	1	0.0
2025-02-24		VFB_00100322		1	1	0.0
2025-02-24		VFB_00100322	VFB_00050000	1	1	0.0
2025-02-24		VFB_00100325		3	1	5.0
2025-02-24		VFB_00100325	VFB_00050000	1	1	0.0
2025-02-24		VFB_00100330		1	1	0.0
2025-02-24		VFB_00100330	VFB_00050000	1	1	0.0
2025-02-24		VFB_00100335		1	1	0.0
2025-02-24		VFB_00100335	VFB_00050000	1	1	0.0
2025-02-24		VFB_00100337		2	1	0.0
2025-02-24		VFB_00100337	VFB_00050000	3	2	0.0
2025-02-24		VFB_00100340		1	1	0.0
2025-02-24		VFB_00100340	VFB_00050000	1	1	0.0
2025-02-24		VFB_00100341		1	1	0.0
2025-02-24		VFB_00100341	VFB_00050000	1	1	0.0
2025-02-24		VFB_00100342		1	1	0.0
2025-02-24		VFB_00100342	VFB_00050000	1	1	0.0
2025-02-24		VFB_00100344		1	1	0.0
2025-02-24		VFB_00100344	VFB_00050000	1	1	0.0
2025-02-24		VFB_00100345		1	1	0.0
2025-02-24		VFB_00100345	VFB_00050000	1	1	0.0
2025-02-24		VFB_00100346		3	1	2.0
2025-02-24		VFB_00100346	VFB_00050000	1	1	0.0
2025-02-24		VFB_00100347		1	1	1.0
2025-02-24		VFB_00100347	VFB_00050000	1	1	0.0
2025-02-24		VFB_00100349		2	1	4.0
2025-02-24		VFB_00100349	VFB_00050000	3	2	0.0
2025-02-24		VFB_00100351		1	1	0.0
2025-02-24		VFB_00100351	VFB_00050000	1	1	0.0
2025-02-24		VFB_00100354		11	1	59.0
2025-02-24		VFB_00100354	VFB_00050000	11	3	0.0
2025-02-24		VFB_00100357		1	1	1.0
2025-02-24		VFB_00100357	VFB_00050000	1	1	0.0
2025-02-24		VFB_00100359		2	1	0.0
2025-02-24		VFB_00100359	VFB_00050000	2	2	0.0
2025-02-24		VFB_00100362		2	1	4.0
2025-02-24		VFB_00100362	VFB_00050000	2	1	0.0
2025-02-24		VFB_00100364		3	1	4.0
2025-02-24		VFB_00100364	VFB_00050000	3	1	0.0
2025-02-24		VFB_00100365		3	1	5.0
2025-02-24		VFB_00100365	VFB_00050000	5	1	0.0
2025-02-24		VFB_00100367		1	1	0.0
2025-02-24		VFB_00100367	VFB_00050000	1	1	0.0
2025-02-24		VFB_00100368		2	1	0.0
2025-02-24		VFB_00100368	VFB_00050000	2	2	0.0
2025-02-24		VFB_00100369		1	1	1.0
2025-02-24		VFB_00100369	VFB_00050000	1	1	0.0
2025-02-24		VFB_00100373		1	1	1.0
2025-02-24		VFB_00100373	VFB_00050000	1	1	0.0
2025-02-24		VFB_00100374		3	1	6.0
2025-02-24		VFB_00100374	VFB_00050000	1	1	0.0
2025-02-24		VFB_00100375		4	1	8.0
2025-02-24		VFB_00100375	VFB_00050000	5	1	0.0
2025-02-24		VFB_00100376		3	1	5.0
2025-02-24		VFB_00100376	VFB_00050000	1	1	0.0
2025-02-24		VFB_00100377		1	1	0.0
2025-02-24		VFB_00100377	VFB_00050000	1	1	0.0
2025-02-24		VFB_00100378		1	1	0.0
2025-02-24		VFB_00100378	VFB_00050000	1	1	0.0
2025-02-24		VFB_00100379		2	1	1.0
2025-02-24		VFB_00100379	VFB_00050000	1	1	0.0
2025-02-24		VFB_00100380		3	1	9.0
2025-02-24		VFB_00100380	VFB_00050000	5	1	0.0
2025-02-24		VFB_00100385		1	1	0.0
2025-02-24		VFB_00100385	VFB_00050000	1	1	0.0
2025-02-24		VFB_00100391		6	1	0.0
2025-02-24		VFB_00100391	VFB_00050000	6	2	0.0
2025-02-24		VFB_00100394		1	1	0.0
2025-02-24		VFB_00100394	VFB_00050000	1	1	0.0
2025-02-24		VFB_00100396		1	1	1.0
2025-02-24		VFB_00100396	VFB_00050000	1	1	0.0
2025-02-24		VFB_00100397		2	1	1.0
2025-02-24		VFB_00100397	VFB_00050000	1	1	0.0
2025-02-24		VFB_00100398		1	1	0.0
2025-02-24		VFB_00100398	VFB_00050000	1	1	0.0
2025-02-24		VFB_00100399		1	1	0.0
2025-02-24		VFB_00100399	VFB_00050000	1	1	0.0
2025-02-24		VFB_00100401		1	1	1.0
2025-02-24		VFB_00100401	VFB_00050000	1	1	0.0
2025-02-24		VFB_00100403		1	1	0.0
2025-02-24		VFB_00100403	VFB_00050000	1	1	0.0
2025-02-24		VFB_00100406		1	1	0.0
2025-02-24		VFB_00100406	VFB_00050000	1	1	0.0
2025-02-24		VFB_00100417		1	1	0.0
2025-02-24		VFB_00100417	VFB_00050000	1	1	0.0
2025-02-24		VFB_00100422		11	1	9.0
2025-02-24		VFB_00100422	VFB_00050000	11	3	0.0
2025-02-24		VFB_00100429		1	1	0.0
2025-02-24		VFB_00100429	VFB_00050000	1	1	0.0
2025-02-24		VFB_00100431		1	1	1.0
2025-02-24		VFB_00100431	VFB_00050000	1	1	0.0
2025-02-24		VFB_00100441		1	1	1.0
2025-02-24		VFB_00100441	VFB_00050000	1	1	0.0
2025-02-24		VFB_00100445		2	1	12.0
2025-02-24		VFB_00100445	VFB_00050000	3	1	0.0
2025-02-24		VFB_00100448		1	1	0.0
2025-02-24		VFB_00100448	VFB_00050000	1	1	0.0
2025-02-24		VFB_00100452		1	1	0.0
2025-02-24		VFB_00100452	VFB_00050000	1	1	0.0
2025-02-24		VFB_00100455		1	1	1.0
2025-02-24		VFB_00100455	VFB_00050000	1	1	0.0
2025-02-24		VFB_00100462		2	1	3.0
2025-02-24		VFB_00100462	VFB_00050000	3	1	0.0
2025-02-24		VFB_00100463		2	1	0.0
2025-02-24		VFB_00100463	VFB_00050000	1	1	0.0
2025-02-24		VFB_00100470		1	1	0.0
2025-02-24		VFB_00100470	VFB_00050000	1	1	0.0
2025-02-24		VFB_00100482		1	1	0.0
2025-02-24		VFB_00100482	VFB_00050000	1	1	0.0
2025-02-24		VFB_00100483		3	1	4.0
2025-02-24		VFB_00100483	VFB_00050000	5	1	0.0
2025-02-24		VFB_00100484		1	1	0.0
2025-02-24		VFB_00100484	VFB_00050000	1	1	0.0
2025-02-24		VFB_00100485		1	1	0.0
2025-02-24		VFB_00100485	VFB_00050000	1	1	0.0
2025-02-24		VFB_00100487		1	1	1.0
2025-02-24		VFB_00100487	VFB_00050000	1	1	0.0
2025-02-24		VFB_00100488		1	1	0.0
2025-02-24		VFB_00100488	VFB_00050000	1	1	0.0
2025-02-24		VFB_00100489		1	1	0.0
2025-02-24		VFB_00100489	VFB_00050000	1	1	0.0
2025-02-24		VFB_00100491		1	1	1.0
2025-02-24		VFB_00100491	VFB_00050000	1	1	0.0
2025-02-24		VFB_00100492		1	1	0.0
2025-02-24		VFB_00100492	VFB_00050000	1	1	0.0
2025-02-24		VFB_00100493		1	1	0.0
2025-02-24		VFB_00100493	VFB_00050000	1	1	0.0
2025-02-24		VFB_00100494		3	1	7.0
2025-02-24		VFB_00100494	VFB_00050000	1	1	0.0
2025-02-24		VFB_00100495		2	1	1.0
2025-02-24		VFB_00100495	VFB_00050000	1	1	0.0
2025-02-24		VFB_00100496		1	1	0.0
2025-02-24		VFB_00100496	VFB_00050000	1	1	0.0
2025-02-24		VFB_00100497		3	1	2.0
2025-02-24		VFB_00100497	VFB_00050000	1	1	0.0
2025-02-24		VFB_00100499		10	1	14.0
2025-02-24		VFB_00100499	VFB_00049000	4	1	0.0
2025-02-24		VFB_00100499	VFB_00050000	6	3	0.0
2025-02-24		VFB_00100501		1	1	0.0
2025-02-24		VFB_00100501	VFB_00050000	1	1	0.0
2025-02-24		VFB_00100504		1	1	0.0
2025-02-24		VFB_00100504	VFB_00050000	1	1	0.0
2025-02-24		VFB_00100505		1	1	0.0
2025-02-24		VFB_00100505	VFB_00050000	1	1	0.0
2025-02-24		VFB_00100508		2	1	4.0
2025-02-24		VFB_00100508	VFB_00050000	3	2	0.0
2025-02-24		VFB_00100521		6	1	0.0
2025-02-24		VFB_00100521	VFB_00049000	6	1	0.0
2025-02-24		VFB_00100541		1	1	0.0
2025-02-24		VFB_00100541	VFB_00050000	1	1	0.0
2025-02-24		VFB_00100545		1	1	0.0
2025-02-24		VFB_00100545	VFB_00050000	1	1	0.0
2025-02-24		VFB_00100550		5	1	0.0
2025-02-24		VFB_00100550	VFB_00050000	6	2	0.0
2025-02-24		VFB_00100558		1	1	0.0
2025-02-24		VFB_00100558	VFB_00050000	1	1	0.0
2025-02-24		VFB_00100565		1	1	0.0
2025-02-24		VFB_00100565	VFB_00050000	1	1	0.0
2025-02-24		VFB_00100568		1	1	0.0
2025-02-24		VFB_00100568	VFB_00050000	1	1	0.0
2025-02-24		VFB_00100586		1	1	0.0
2025-02-24		VFB_00100586	VFB_00050000	1	1	0.0
2025-02-24		VFB_00100589		4	1	2.0
2025-02-24		VFB_00100589	VFB_00050000	3	3	0.0
2025-02-24		VFB_00100734		7	1	6.0
2025-02-24		VFB_00100734	VFB_00050000	8	2	0.0
2025-02-24		VFB_00100739		3	1	2.0
2025-02-24		VFB_00100739	VFB_00050000	2	2	0.0
2025-02-24		VFB_00100774		6	1	1.0
2025-02-24		VFB_00100774	VFB_00050000	6	2	0.0
2025-02-24		VFB_00100789		4	1	0.0
2025-02-24		VFB_00100789	VFB_00050000	1	1	0.0
2025-02-24		VFB_00100789	VFB_00101567	3	1	0.0
2025-02-24		VFB_00100847		1	1	0.0
2025-02-24		VFB_00100847	VFB_00050000	1	1	0.0
2025-02-24		VFB_00100873		6	1	4.0
2025-02-24		VFB_00100873	VFB_00050000	6	2	0.0
2025-02-24		VFB_00100ehb		6	1	10.0
2025-02-24		VFB_00100ehb	VFB_00101567	5	1	0.0
2025-02-24		VFB_00100ehb	VFB_00200000	1	1	0.0
2025-02-24		VFB_00100wl5		12	1	0.0
2025-02-24		VFB_00100wl5	VFB_00101567	12	1	0.0
2025-02-24		VFB_00100yq2		18	1	80.0
2025-02-24		VFB_00100yq2	VFB_00101567	18	4	0.0
2025-02-24		VFB_00101132		4	1	5.0
2025-02-24		VFB_00101132	VFB_00101567	4	1	0.0
2025-02-24		VFB_001011ev		6	1	1.0
2025-02-24		VFB_001011ev	VFB_00050000	6	2	0.0
2025-02-24		VFB_001011fr		4	1	2.0
2025-02-24		VFB_001011fr	VFB_00050000	3	3	0.0
2025-02-24		VFB_001011h3		1	1	0.0
2025-02-24		VFB_001011h3	VFB_00050000	1	1	0.0
2025-02-24		VFB_001011h8		7	1	348.0
2025-02-24		VFB_001011h8	VFB_00050000	7	3	0.0
2025-02-24		VFB_001011hj		1	1	0.0
2025-02-24		VFB_001011hj	VFB_00050000	1	1	0.0
2025-02-24		VFB_001011hp		5	1	0.0
2025-02-24		VFB_001011hp	VFB_00050000	6	2	0.0
2025-02-24		VFB_001011io		2	1	0.0
2025-02-24		VFB_001011io	VFB_00050000	1	1	0.0
2025-02-24		VFB_001011ja		2	1	0.0
2025-02-24		VFB_001011ja	VFB_00050000	2	2	0.0
2025-02-24		VFB_001011jt		4	1	0.0
2025-02-24		VFB_001011jt	VFB_00050000	4	2	0.0
2025-02-24		VFB_001011ke		1	1	0.0
2025-02-24		VFB_001011ke	VFB_00050000	1	1	0.0
2025-02-24		VFB_00101382		4	1	2.0
2025-02-24		VFB_00101382	VFB_00101567	4	2	0.0
2025-02-24		VFB_0010140p		5	1	0.0
2025-02-24		VFB_0010140p	VFB_00101567	5	2	0.0
2025-02-24		VFB_0010141n		34	1	36.0
2025-02-24		VFB_0010141n	VFB_00101567	34	5	0.0
2025-02-24		VFB_0010141p		6	1	8.0
2025-02-24		VFB_0010141p	VFB_00101567	6	2	0.0
2025-02-24		VFB_0010141q		3	1	3.0
2025-02-24		VFB_0010141q	VFB_00101567	3	2	0.0
2025-02-24		VFB_0010144y		14	1	32.0
2025-02-24		VFB_0010144y	VFB_00101567	14	4	0.0
2025-02-24		VFB_001014df		11	1	11.0
2025-02-24		VFB_001014df	VFB_00101567	11	2	0.0
2025-02-24		VFB_001014dj		1	1	0.0
2025-02-24		VFB_001014dj	VFB_00101567	1	1	0.0
2025-02-24		VFB_001014ri		3	1	8.0
2025-02-24		VFB_001014ri	VFB_00101567	3	2	0.0
2025-02-24		VFB_001014ui		16	1	14.0
2025-02-24		VFB_001014ui	VFB_00110000	21	3	0.0
2025-02-24		VFB_001014up		2	1	3.0
2025-02-24		VFB_001014up	VFB_00110000	2	1	0.0
2025-02-24		VFB_001014uq		22	2	24.0
2025-02-24		VFB_001014uq	VFB_00101567	6	2	0.0
2025-02-24		VFB_001014uq	VFB_00110000	11	3	0.0
2025-02-24		VFB_00101567		198	34	576.0
2025-02-24		VFB_00101567	VFB_00101567	275	73	87.0
2025-02-24		VFB_001015a8		1	1	0.0
2025-02-24		VFB_001015a8	VFB_00050000	1	1	0.0
2025-02-24		VFB_001015an		7	1	9.0
2025-02-24		VFB_001015an	VFB_00050000	8	2	0.0
2025-02-24		VFB_001015ap		1	1	0.0
2025-02-24		VFB_001015ap	VFB_00050000	1	1	0.0
2025-02-24		VFB_001015bd		1	1	0.0
2025-02-24		VFB_001015bd	VFB_00050000	1	1	0.0
2025-02-24		VFB_001015bo		1	1	0.0
2025-02-24		VFB_001015bo	VFB_00050000	1	1	0.0
2025-02-24		VFB_001015c4		1	1	0.0
2025-02-24		VFB_001015c4	VFB_00050000	1	1	0.0
2025-02-24		VFB_001015cs		6	1	3.0
2025-02-24		VFB_001015cs	VFB_00050000	6	2	0.0
2025-02-24		VFB_001015dd		2	1	0.0
2025-02-24		VFB_001015dd	VFB_00050000	1	1	0.0
2025-02-24		VFB_001015dz		2	1	0.0
2025-02-24		VFB_001015dz	VFB_00050000	1	1	0.0
2025-02-24		VFB_001015gq		1	1	0.0
2025-02-24		VFB_001015gq	VFB_00050000	1	1	0.0
2025-02-24		VFB_00101654		6	1	2.0
2025-02-24		VFB_00101654	VFB_00050000	6	2	0.0
2025-02-24		VFB_00101682		6	1	1.0
2025-02-24		VFB_00101682	VFB_00050000	6	2	0.0
2025-02-24		VFB_00101683		6	1	2.0
2025-02-24		VFB_00101683	VFB_00050000	6	2	0.0
2025-02-24		VFB_00101684		6	1	3.0
2025-02-24		VFB_00101684	VFB_00050000	6	2	0.0
2025-02-24		VFB_00101uie		15	1	0.0
2025-02-24		VFB_00101uie	VFB_00101567	15	1	0.0
2025-02-24		VFB_00102101		8	1	6.0
2025-02-24		VFB_00102101	VFB_00050000	10	3	0.0
2025-02-24		VFB_00102107		4	1	5.0
2025-02-24		VFB_00102107	VFB_00101567	4	1	0.0
2025-02-24		VFB_00102134		7	1	191.0
2025-02-24		VFB_00102134	VFB_00101567	5	2	0.0
2025-02-24		VFB_00102140		4	2	5.0
2025-02-24		VFB_00102140	VFB_00101567	4	3	0.0
2025-02-24		VFB_00102148		1	1	3.0
2025-02-24		VFB_00102148	VFB_00101567	1	1	0.0
2025-02-24		VFB_00102154		10	2	63.0
2025-02-24		VFB_00102154	VFB_00101567	16	4	0.0
2025-02-24		VFB_00102212		5	1	20.0
2025-02-24		VFB_00102212	VFB_00101567	5	2	0.0
2025-02-24		VFB_00102274		1	1	0.0
2025-02-24		VFB_00102274	VFB_00101567	1	1	0.0
2025-02-24		VFB_00102ei0		1	1	0.0
2025-02-24		VFB_00102ei0	VFB_00050000	1	1	0.0
2025-02-24		VFB_00102ei5		1	1	0.0
2025-02-24		VFB_00102ei5	VFB_00050000	1	1	0.0
2025-02-24		VFB_00102eib		2	1	0.0
2025-02-24		VFB_00102eib	VFB_00050000	2	2	0.0
2025-02-24		VFB_00102ejs		1	1	0.0
2025-02-24		VFB_00102ejs	VFB_00050000	1	1	0.0
2025-02-24		VFB_00102ejw		1	1	0.0
2025-02-24		VFB_00102ejw	VFB_00050000	1	1	0.0
2025-02-24		VFB_00102ek5		1	1	0.0
2025-02-24		VFB_00102ek5	VFB_00050000	1	1	0.0
2025-02-24		VFB_00102ekd		8	1	5.0
2025-02-24		VFB_00102ekd	VFB_00050000	6	2	0.0
2025-02-24		VFB_00102ekj		1	1	0.0
2025-02-24		VFB_00102ekj	VFB_00050000	1	1	0.0
2025-02-24		VFB_00102ekk		1	1	0.0
2025-02-24		VFB_00102ekk	VFB_00050000	1	1	0.0
2025-02-24		VFB_00102ekp		3	1	0.0
2025-02-24		VFB_00102ekp	VFB_00050000	2	2	0.0
2025-02-24		VFB_00102ekx		1	1	0.0
2025-02-24		VFB_00102ekx	VFB_00050000	1	1	0.0
2025-02-24		VFB_00102el0		2	1	0.0
2025-02-24		VFB_00102el0	VFB_00050000	2	2	0.0
2025-02-24		VFB_00102el1		9	1	22.0
2025-02-24		VFB_00102el1	VFB_00050000	9	2	0.0
2025-02-24		VFB_00102elc		4	1	2.0
2025-02-24		VFB_00102elc	VFB_00050000	3	3	0.0
2025-02-24		VFB_00102ele		1	1	0.0
2025-02-24		VFB_00102ele	VFB_00050000	1	1	0.0
2025-02-24		VFB_00102elq		1	1	0.0
2025-02-24		VFB_00102elq	VFB_00050000	1	1	0.0
2025-02-24		VFB_00102elz		1	1	0.0
2025-02-24		VFB_00102elz	VFB_00050000	1	1	0.0
2025-02-24		VFB_00102enk		1	1	0.0
2025-02-24		VFB_00102enk	VFB_00050000	1	1	0.0
2025-02-24		VFB_00102epc		4	1	2.0
2025-02-24		VFB_00102epc	VFB_00050000	4	2	0.0
2025-02-24		VFB_00102epr		3	1	0.0
2025-02-24		VFB_00102epr	VFB_00050000	3	2	0.0
2025-02-24		VFB_00102epy		2	1	0.0
2025-02-24		VFB_00102epy	VFB_00050000	2	2	0.0
2025-02-24		VFB_00102eqf		6	1	0.0
2025-02-24		VFB_00102eqf	VFB_00050000	7	3	0.0
2025-02-24		VFB_00102eqi		1	1	0.0
2025-02-24		VFB_00102eqi	VFB_00050000	1	1	0.0
2025-02-24		VFB_00102eql		1	1	0.0
2025-02-24		VFB_00102eql	VFB_00050000	1	1	0.0
2025-02-24		VFB_00102et9		1	1	0.0
2025-02-24		VFB_00102et9	VFB_00050000	1	1	0.0
2025-02-24		VFB_00102eth		1	1	0.0
2025-02-24		VFB_00102eth	VFB_00050000	1	1	0.0
2025-02-24		VFB_00102euk		1	1	0.0
2025-02-24		VFB_00102euk	VFB_00050000	1	1	0.0
2025-02-24		VFB_00102euo		1	1	0.0
2025-02-24		VFB_00102euo	VFB_00050000	1	1	0.0
2025-02-24		VFB_00102evb		2	1	0.0
2025-02-24		VFB_00102evb	VFB_00050000	2	2	0.0
2025-02-24		VFB_00102evg		1	1	0.0
2025-02-24		VFB_00102evg	VFB_00050000	1	1	0.0
2025-02-24		VFB_00102evx		1	1	0.0
2025-02-24		VFB_00102evx	VFB_00050000	1	1	0.0
2025-02-24		VFB_00102ext		2	1	0.0
2025-02-24		VFB_00102ext	VFB_00050000	1	1	0.0
2025-02-24		VFB_00102ezr		1	1	0.0
2025-02-24		VFB_00102ezr	VFB_00050000	1	1	0.0
2025-02-24		VFB_00102f0n		1	1	0.0
2025-02-24		VFB_00102f0n	VFB_00050000	1	1	0.0
2025-02-24		VFB_00102f6u		2	1	0.0
2025-02-24		VFB_00102f6u	VFB_00050000	1	1	0.0
2025-02-24		VFB_00102f7d		1	1	0.0
2025-02-24		VFB_00102f7d	VFB_00050000	1	1	0.0
2025-02-24		VFB_00102f95		2	1	0.0
2025-02-24		VFB_00102f95	VFB_00050000	1	1	0.0
2025-02-24		VFB_00102fca		2	1	0.0
2025-02-24		VFB_00102fca	VFB_00050000	1	1	0.0
2025-02-24		VFB_00102fer		1	1	0.0
2025-02-24		VFB_00102fer	VFB_00050000	1	1	0.0
2025-02-24		VFB_00102fir		1	1	0.0
2025-02-24		VFB_00102fir	VFB_00050000	1	1	0.0
2025-02-24		VFB_00102fjm		1	1	0.0
2025-02-24		VFB_00102fjm	VFB_00050000	1	1	0.0
2025-02-24		VFB_00102flb		1	1	0.0
2025-02-24		VFB_00102flb	VFB_00050000	1	1	0.0
2025-02-24		VFB_00102fml		2	1	0.0
2025-02-24		VFB_00102fml	VFB_00050000	2	2	0.0
2025-02-24		VFB_00110000		10	1	3.0
2025-02-24		VFB_00110000	VFB_00110000	17	6	0.0
2025-02-24		VFB_fw001438		24	1	0.0
2025-02-24		VFB_fw001438	VFB_00101567	24	1	0.0
2025-02-24		VFB_fw007556		7	1	3.0
2025-02-24		VFB_fw007556	VFB_00101567	7	2	0.0
2025-02-24		VFB_fw013673		1	1	0.0
2025-02-24		VFB_fw013673	VFB_00101567	1	1	0.0
2025-02-24		VFB_fw016115		8	1	15.0
2025-02-24		VFB_fw016115	VFB_00101567	4	1	0.0
2025-02-24		VFB_fw016115	VFB_00200000	2	1	0.0
2025-02-24		VFB_fw016574		1	1	0.0
2025-02-24		VFB_fw016574	VFB_00101567	1	1	0.0
2025-02-24		VFB_fw018388		1	1	0.0
2025-02-24		VFB_fw018388	VFB_00101567	1	1	0.0
2025-02-24		VFB_fw018938		6	1	18.0
2025-02-24		VFB_fw018938	VFB_00101567	6	2	0.0
2025-02-24		VFB_fw019021		1	1	0.0
2025-02-24		VFB_fw019021	VFB_00101567	1	1	0.0
2025-02-24		VFB_fw025774		24	1	0.0
2025-02-24		VFB_fw025774	VFB_00101567	24	1	0.0
2025-02-24		VFB_fw026918		5	1	0.0
2025-02-24		VFB_fw026918	VFB_00101567	5	1	0.0
2025-02-24		VFB_fw027521		1	1	0.0
2025-02-24		VFB_fw027521	VFB_00101567	1	1	0.0
2025-02-24		VFB_fw027619		1	1	0.0
2025-02-24		VFB_fw027619	VFB_00101567	1	1	0.0
2025-02-24		VFB_fw029241		1	1	0.0
2025-02-24		VFB_fw029241	VFB_00101567	1	1	0.0
2025-02-24		VFB_fw031177		1	1	0.0
2025-02-24		VFB_fw031177	VFB_00101567	1	1	0.0
2025-02-24		VFB_fw032675		6	1	71.0
2025-02-24		VFB_fw032675	VFB_00101567	6	2	0.0
2025-02-24		VFB_fw033076		3	1	2.0
2025-02-24		VFB_fw033076	VFB_00101567	3	2	0.0
2025-02-24		VFB_fw033349		1	1	0.0
2025-02-24		VFB_fw033349	VFB_00101567	1	1	0.0
2025-02-24		VFB_fw033877		1	1	0.0
2025-02-24		VFB_fw033877	VFB_00101567	1	1	0.0
2025-02-24		VFB_fw033965		1	1	0.0
2025-02-24		VFB_fw033965	VFB_00101567	1	1	0.0
2025-02-24		VFB_fw034617		11	1	102.0
2025-02-24		VFB_fw034617	VFB_00101567	11	3	0.0
2025-02-24		VFB_fw035113		1	1	0.0
2025-02-24		VFB_fw035113	VFB_00101567	1	1	0.0
2025-02-24		VFB_fw035841		12	1	13.0
2025-02-24		VFB_fw035841	VFB_00101567	12	3	0.0
2025-02-24		VFB_fw035971		1	1	0.0
2025-02-24		VFB_fw035971	VFB_00101567	1	1	0.0
2025-02-24		VFB_fw036716		1	1	0.0
2025-02-24		VFB_fw036716	VFB_00101567	1	1	0.0
2025-02-24		VFB_fw036840		6	1	140.0
2025-02-24		VFB_fw036840	VFB_00101567	6	2	0.0
2025-02-24		VFB_fw037733		6	1	15.0
2025-02-24		VFB_fw037733	VFB_00101567	6	2	0.0
2025-02-24		VFB_fw038119		5	1	0.0
2025-02-24		VFB_fw038119	VFB_00101567	5	1	0.0
2025-02-24		VFB_fw038275		2	1	17.0
2025-02-24		VFB_fw038275	VFB_00101567	2	1	0.0
2025-02-24		VFB_fw038771		10	1	0.0
2025-02-24		VFB_fw038771	VFB_00101567	10	1	0.0
2025-02-24		VFB_fw038811		11	1	1.0
2025-02-24		VFB_fw038811	VFB_00101567	11	2	0.0
2025-02-24		VFB_fw039733		1	1	0.0
2025-02-24		VFB_fw039733	VFB_00101567	1	1	0.0
2025-02-24		VFB_fw039737		3	1	1.0
2025-02-24		VFB_fw039737	VFB_00101567	3	2	0.0
2025-02-24		VFB_fw040350		7	1	2.0
2025-02-24		VFB_fw040350	VFB_00101567	7	2	0.0
2025-02-24		VFB_fw040532		11	1	922.0
2025-02-24		VFB_fw040532	VFB_00101567	11	3	0.0
2025-02-24		VFB_fw041055		6	1	0.0
2025-02-24		VFB_fw041055	VFB_00101567	6	1	0.0
2025-02-24		VFB_fw044516		3	1	1.0
2025-02-24		VFB_fw044516	VFB_00101567	3	2	0.0
2025-02-24		VFB_jrchjts1		2	1	0.0
2025-02-24		VFB_jrchjts1	VFB_00101567	2	1	0.0
2025-02-24		VFB_jrchjup1		3	1	32.0
2025-02-24		VFB_jrchjup1	VFB_00101567	3	2	0.0
2025-02-24		VFB_jrchk0x5		4	2	0.0
2025-02-24		VFB_jrchk0x5	VFB_00101567	4	3	0.0
2025-02-24		VFB_jrchk0xv		4	1	3.0
2025-02-24		VFB_jrchk0xv	VFB_00101567	4	1	0.0
2025-02-24		VFB_jrchk32m		10	1	0.0
2025-02-24		VFB_jrchk32m	VFB_00101567	10	1	0.0
2025-02-24		VFB_jrchk43u		4	1	0.0
2025-02-24		VFB_jrchk43u	VFB_00101567	4	1	0.0
2025-02-24		VFB_jrchk45p		3	1	0.0
2025-02-24		VFB_jrchk45p	VFB_00101567	3	1	0.0
2025-02-24		VFB_jrchk45t		14	1	0.0
2025-02-24		VFB_jrchk45t	VFB_00101567	14	1	0.0
2025-02-24		VFB_jrchk461		4	1	0.0
2025-02-24		VFB_jrchk461	VFB_00101567	4	1	0.0
2025-02-24		VFB_jrchk4wf		2	1	4.0
2025-02-24		VFB_jrchk4wf	VFB_00101567	2	1	0.0
2025-02-24		VFB_jrchk6ge		13	1	0.0
2025-02-24		VFB_jrchk6ge	VFB_00101567	13	1	0.0
2025-02-24		VFB_jrchk6gf		19	1	0.0
2025-02-24		VFB_jrchk6gf	VFB_00101567	19	1	0.0
2025-02-24		VFB_jrchk6mk		1	1	0.0
2025-02-24		VFB_jrchk6mk	VFB_00101567	1	1	0.0
2025-02-24		VFB_jrchk6mv		6	1	0.0
2025-02-24		VFB_jrchk6mv	VFB_00101567	6	1	0.0
2025-02-24		VFB_jrchk6qe		22	3	213.0
2025-02-24		VFB_jrchk6qe	VFB_00101384	12	4	0.0
2025-02-24		VFB_jrchk6qe	VFB_00101567	8	3	0.0
2025-02-24		VFB_jrchk6qf		2	1	1.0
2025-02-24		VFB_jrchk6qf	VFB_00101567	8	1	0.0
2025-02-24		VFB_jrchk6vo		9	3	21.0
2025-02-24		VFB_jrchk6vo	VFB_00101384	5	4	0.0
2025-02-24		VFB_jrchk6wc		19	1	0.0
2025-02-24		VFB_jrchk6wc	VFB_00101567	19	1	0.0
2025-02-24		VFB_jrchk6we		8	1	0.0
2025-02-24		VFB_jrchk6we	VFB_00101567	8	1	0.0
2025-02-24		VFB_jrchk6wj		7	1	0.0
2025-02-24		VFB_jrchk6wj	VFB_00101567	7	1	0.0
2025-02-24		VFB_jrchk703		5	1	0.0
2025-02-24		VFB_jrchk703	VFB_00101567	5	1	0.0
2025-02-24		VFB_jrchk7jj		1	1	0.0
2025-02-24		VFB_jrchk7jj	VFB_00101567	1	1	0.0
2025-02-24		VFB_jrchk7yf		1	1	0.0
2025-02-24		VFB_jrchk7yf	VFB_00101567	1	1	0.0
2025-02-24		VFB_jrchk7zy		4	1	0.0
2025-02-24		VFB_jrchk7zy	VFB_00050000	3	2	0.0
2025-02-24		VFB_jrchk7zy	VFB_00101384	1	1	0.0
2025-02-24		VFB_jrchk82a		2	1	0.0
2025-02-24		VFB_jrchk82a	VFB_00101567	2	1	0.0
2025-02-24		VFB_jrchk8hh		2	1	3.0
2025-02-24		VFB_jrchk8hh	VFB_00101567	2	1	0.0
2025-02-24		VFB_jrchk8kw		5	1	1.0
2025-02-24		VFB_jrchk8kw	VFB_00101567	5	1	0.0
2025-02-24		VFB_jrchk8ox		2	1	0.0
2025-02-24		VFB_jrchk8ox	VFB_00101567	2	1	0.0
2025-02-24		VFB_jrcv0acq		9	1	26.0
2025-02-24		VFB_jrcv0acq	VFB_00200000	9	3	0.0
2025-02-24		VFB_jrcv0api		1	1	0.0
2025-02-24		VFB_jrcv0api	VFB_00200000	1	1	0.0
2025-02-24		VFB_jrcv0axb		3	1	4.0
2025-02-24		VFB_jrcv0axb	VFB_00200000	3	2	0.0
2025-02-24		VFB_jrcv0c6g		1	1	8.0
2025-02-24		VFB_jrcv0c6g	VFB_00200000	1	1	0.0
2025-02-24		VFB_jrcv0h2z		1	1	1.0
2025-02-24		VFB_jrcv0h2z	VFB_00200000	1	1	0.0
2025-02-24		VFB_jrcv0pfz		12	1	22.0
2025-02-24		VFB_jrcv0pfz	VFB_00200000	12	1	0.0
2025-02-24		VFB_jrcv0qru		1	1	1.0
2025-02-24		VFB_jrcv0qru	VFB_00200000	1	1	0.0
2025-02-24		VFB_jrcv0qtv		1	1	4.0
2025-02-24		VFB_jrcv0qtv	VFB_00200000	1	1	0.0
2025-02-24		VFB_jrcv0x4r		1	1	0.0
2025-02-24		VFB_jrcv0x4r	VFB_00200000	1	1	0.0
2025-02-24		VFB_jrcv12pb		17	1	22.0
2025-02-24		VFB_jrcv12pb	VFB_00200000	16	2	0.0
2025-02-24		VFB_jrcv14hf		5	1	7.0
2025-02-24		VFB_jrcv14hf	VFB_00200000	5	1	0.0
2025-02-24		VFB_jrcv1qs3		1	1	1.0
2025-02-24		VFB_jrcv1qs3	VFB_00200000	1	1	0.0
2025-02-24		VFB_jrcv25a3		5	1	10.0
2025-02-24		VFB_jrcv25a3	VFB_00200000	5	1	0.0
2025-02-24		VFB_jrcv2u9x		1	1	7.0
2025-02-24		VFB_jrcv2u9x	VFB_00200000	1	1	0.0
2025-02-24		VFB_jrcvm1f1		6	1	0.0
2025-02-24		VFB_jrcvm1f1	VFB_00101567	2	1	0.0
2025-02-24		VFB_jrcvm1f1	VFB_00200000	3	1	0.0
2025-02-24		VFBexp_FBti0016		1	1	0.0
2025-02-24		VFBexp_FBti0016	VFB_00017894	1	1	0.0
2025-02-24		VFBexp_FBti0168		17	2	0.0
2025-02-24		VFBexp_FBti0168	VFB_00101567	18	3	0.0
2025-02-24		VFBexp_FBtp0058		3	2	0.0
2025-02-24		VFBexp_FBtp0058	VFB_00049000	1	1	0.0
2025-02-24		VFBexp_FBtp0058	VFB_00101567	2	1	0.0
2025-02-24		VFBexp_FBtp0059		1	1	0.0
2025-02-24		VFBexp_FBtp0059	VFB_00101567	1	1	0.0
2025-02-24		VFBexp_FBtp0060		14	2	0.0
2025-02-24		VFBexp_FBtp0060	VFB_00101567	14	3	0.0
2025-02-24		VFBexp_FBtp0060	VFB_00200000	2	1	0.0
2025-02-24		VFBexp_FBtp0062		2	1	0.0
2025-02-24		VFBexp_FBtp0062	VFB_00101567	2	1	0.0
2025-02-24		VFBexp_FBtp0071		1	1	0.0
2025-02-24		VFBexp_FBtp0071	VFB_00101567	1	1	0.0
2025-02-24		VFBexp_FBtp0099		2	2	0.0
2025-02-24		VFBexp_FBtp0099	VFB_00101567	2	2	0.0
2025-02-24		VFBexp_FBtp0100		5	5	0.0
2025-02-24		VFBexp_FBtp0100	VFB_00101567	5	5	0.0
2025-02-24		VFBexp_FBtp0101		8	8	0.0
2025-02-24		VFBexp_FBtp0101	VFB_00101567	8	8	0.0
2025-02-24		VFBexp_FBtp0102		5	5	0.0
2025-02-24		VFBexp_FBtp0102	VFB_00101567	5	5	0.0
2025-02-24		VFBexp_FBtp0103		12	6	0.0
2025-02-24		VFBexp_FBtp0103	VFB_00101567	17	7	0.0
2025-02-24		VFBexp_FBtp0104		7	7	0.0
2025-02-24		VFBexp_FBtp0104	VFB_00101567	7	7	0.0
2025-02-24		VFBexp_FBtp0105		11	8	0.0
2025-02-24		VFBexp_FBtp0105	VFB_00101567	11	9	0.0
2025-02-24		VFBexp_FBtp0106		5	5	0.0
2025-02-24		VFBexp_FBtp0106	VFB_00101567	5	5	0.0
2025-02-24		VFBexp_FBtp0107		5	5	0.0
2025-02-24		VFBexp_FBtp0107	VFB_00101567	5	5	0.0
2025-02-24		VFBexp_FBtp0121		4	2	12.0
2025-02-24		VFBexp_FBtp0121	VFB_00101567	4	3	0.0
2025-02-24	debug.virtualflybrain.org	VFB_00101567	VFB_00101567	1	2	0.0
2025-02-24	v2-dev.virtualflybrain.org	FBbt_00003748	VFB_00101567	0	2	2.0
2025-02-24	v2-dev.virtualflybrain.org	FBbt_00004020	VFB_00101567	0	2	113.0
2025-02-24	v2-dev.virtualflybrain.org	FBbt_00007422	VFB_00101567	0	2	32.0
2025-02-24	v2-dev.virtualflybrain.org	FBbt_00040037	VFB_00101567	0	1	4.0
2025-02-24	v2-dev.virtualflybrain.org	FBbt_00045050	VFB_00101567	0	1	8.0
2025-02-24	v2-dev.virtualflybrain.org	FBbt_00049526	VFB_00101567	0	1	7.0
2025-02-24	v2-dev.virtualflybrain.org	FBbt_00100163	VFB_00101567	0	1	24.0
2025-02-24	v2-dev.virtualflybrain.org	FBbt_00110854	VFB_00101567	0	2	422.0
2025-02-24	v2-dev.virtualflybrain.org	FBbt_00111316	VFB_00101567	0	1	39.0
2025-02-24	v2-dev.virtualflybrain.org	FBbt_20003410	VFB_00200000	0	2	42.0
2025-02-24	v2-dev.virtualflybrain.org	GO_0014055	VFB_00101567	0	1	0.0
2025-02-24	v2-dev.virtualflybrain.org	GO_0014055	VFB_00200000	0	1	0.0
2025-02-24	v2-dev.virtualflybrain.org	VFB_00017894	VFB_00017894	0	1	0.0
2025-02-24	v2-dev.virtualflybrain.org	VFB_00020128	VFB_00017894	2	3	3.0
2025-02-24	v2-dev.virtualflybrain.org	VFB_00020128	VFB_00101384	1	3	16.0
2025-02-24	v2-dev.virtualflybrain.org	VFB_00030868	VFB_00017894	1	3	5.0
2025-02-24	v2-dev.virtualflybrain.org	VFB_00030868	VFB_00101567	0	2	2.0
2025-02-24	v2-dev.virtualflybrain.org	VFB_00050000	VFB_00050000	0	2	1.0
2025-02-24	v2-dev.virtualflybrain.org	VFB_00100789	VFB_00050000	1	3	26.0
2025-02-24	v2-dev.virtualflybrain.org	VFB_00100789	VFB_00101567	1	2	7.0
2025-02-24	v2-dev.virtualflybrain.org	VFB_00101384	VFB_00101384	0	3	7.0
2025-02-24	v2-dev.virtualflybrain.org	VFB_001014ri	VFB_00101567	0	1	0.0
2025-02-24	v2-dev.virtualflybrain.org	VFB_00101567	VFB_00101567	6	15	181.0
2025-02-24	v2-dev.virtualflybrain.org	VFB_00102274	VFB_00101567	0	2	32.0
2025-02-24	v2-dev.virtualflybrain.org	VFB_00102fml	VFB_00050000	1	2	56.0
2025-02-24	v2-dev.virtualflybrain.org	VFB_fw016115	VFB_00101567	1	3	20.0
2025-02-24	v2-dev.virtualflybrain.org	VFB_fw016115	VFB_00200000	0	2	2.0
2025-02-24	v2-dev.virtualflybrain.org	VFB_fw038275	VFB_00101567	0	1	0.0
2025-02-24	v2-dev.virtualflybrain.org	VFB_jrchjup1	VFB_00101567	0	1	0.0
2025-02-24	v2-dev.virtualflybrain.org	VFB_jrchk0x5	VFB_00101567	0	1	65.0
2025-02-24	v2-dev.virtualflybrain.org	VFB_jrchk6qe	VFB_00101384	1	5	283.0
2025-02-24	v2-dev.virtualflybrain.org	VFB_jrchk6qe	VFB_00101567	0	2	43.0
2025-02-24	v2-dev.virtualflybrain.org	VFB_jrchk6vo	VFB_00101384	2	3	95.0
2025-02-24	v2-dev.virtualflybrain.org	VFB_jrchk7jj	VFB_00101567	0	1	27.0
2025-02-24	v2-dev.virtualflybrain.org	VFB_jrchk7yf	VFB_00101567	1	1	0.0
2025-02-24	v2-dev.virtualflybrain.org	VFB_jrchk7zy	VFB_00050000	1	3	4.0
2025-02-24	v2-dev.virtualflybrain.org	VFB_jrchk7zy	VFB_00101384	1	3	13.0
2025-02-24	v2-dev.virtualflybrain.org	VFB_jrcvm1f1	VFB_00101567	1	2	51.0
2025-02-24	v2-dev.virtualflybrain.org	VFB_jrcvm1f1	VFB_00200000	2	3	123.0
2025-02-24	v2-dev.virtualflybrain.org	VFBexp_FBtp0121	VFB_00101567	0	2	9.0
2025-02-24	v2.virtualflybrain.org	FBbt_00001945	VFB_00050000	3	1	0.0
2025-02-24	v2.virtualflybrain.org	FBbt_00001951	VFB_00050000	0	2	240.0
2025-02-24	v2.virtualflybrain.org	FBbt_00002727		1	1	28.0
2025-02-24	v2.virtualflybrain.org	FBbt_00003128	VFB_00110000	0	1	13.0
2025-02-24	v2.virtualflybrain.org	FBbt_00003624		1	1	0.0
2025-02-24	v2.virtualflybrain.org	FBbt_00003624	VFB_00101567	2	7	68.0
2025-02-24	v2.virtualflybrain.org	FBbt_00003632	VFB_00101567	0	1	28.0
2025-02-24	v2.virtualflybrain.org	FBbt_00003678	VFB_00101567	0	2	193.0
2025-02-24	v2.virtualflybrain.org	FBbt_00003679	VFB_00101567	0	1	47.0
2025-02-24	v2.virtualflybrain.org	FBbt_00003680	VFB_00101567	0	1	111.0
2025-02-24	v2.virtualflybrain.org	FBbt_00003681	VFB_00101567	1	4	29.0
2025-02-24	v2.virtualflybrain.org	FBbt_00003748	VFB_00017894	0	1	5.0
2025-02-24	v2.virtualflybrain.org	FBbt_00003748	VFB_00101567	4	7	734.0
2025-02-24	v2.virtualflybrain.org	FBbt_00004520	VFB_00110000	0	1	7.0
2025-02-24	v2.virtualflybrain.org	FBbt_00007055	VFB_00101567	0	1	0.0
2025-02-24	v2.virtualflybrain.org	FBbt_00007066	VFB_00049000	0	1	12.0
2025-02-24	v2.virtualflybrain.org	FBbt_00007066	VFB_00050000	0	1	0.0
2025-02-24	v2.virtualflybrain.org	FBbt_00007555	VFB_00101567	0	2	324.0
2025-02-24	v2.virtualflybrain.org	FBbt_00014013	VFB_00101567	0	1	24.0
2025-02-24	v2.virtualflybrain.org	FBbt_00016687	VFB_00101567	0	3	101.0
2025-02-24	v2.virtualflybrain.org	FBbt_00040036	VFB_00101567	0	1	283.0
2025-02-24	v2.virtualflybrain.org	FBbt_00040041	VFB_00101567	1	6	63.0
2025-02-24	v2.virtualflybrain.org	FBbt_00040042	VFB_00101567	3	2	18.0
2025-02-24	v2.virtualflybrain.org	FBbt_00040049	VFB_00017894	1	3	10.0
2025-02-24	v2.virtualflybrain.org	FBbt_00045027	VFB_00101567	0	2	59.0
2025-02-24	v2.virtualflybrain.org	FBbt_00045032	VFB_00101567	0	2	35.0
2025-02-24	v2.virtualflybrain.org	FBbt_00045048	VFB_00101567	1	4	184.0
2025-02-24	v2.virtualflybrain.org	FBbt_00047717	VFB_00017894	0	1	0.0
2025-02-24	v2.virtualflybrain.org	FBbt_00047887	VFB_00101567	0	1	6.0
2025-02-24	v2.virtualflybrain.org	FBbt_00047982	VFB_00050000	0	1	92.0
2025-02-24	v2.virtualflybrain.org	FBbt_00047987	VFB_00050000	0	1	199.0
2025-02-24	v2.virtualflybrain.org	FBbt_00048027	VFB_00101567	2	1	0.0
2025-02-24	v2.virtualflybrain.org	FBbt_00049003	VFB_00050000	0	1	0.0
2025-02-24	v2.virtualflybrain.org	FBbt_00049030	VFB_00050000	0	1	0.0
2025-02-24	v2.virtualflybrain.org	FBbt_00049045	VFB_00050000	0	1	14.0
2025-02-24	v2.virtualflybrain.org	FBbt_00049147	VFB_00101567	0	1	480.0
2025-02-24	v2.virtualflybrain.org	FBbt_00051205	VFB_00050000	0	1	29.0
2025-02-24	v2.virtualflybrain.org	FBbt_00052556	VFB_00101567	4	1	0.0
2025-02-24	v2.virtualflybrain.org	FBbt_00058218	VFB_00050000	0	1	345.0
2025-02-24	v2.virtualflybrain.org	FBbt_00058786	VFB_00110000	0	1	9.0
2025-02-24	v2.virtualflybrain.org	FBbt_00067123	VFB_00017894	0	1	0.0
2025-02-24	v2.virtualflybrain.org	FBbt_00100291	VFB_00050000	0	1	4.0
2025-02-24	v2.virtualflybrain.org	FBbt_00110101	VFB_00101567	5	1	1.0
2025-02-24	v2.virtualflybrain.org	FBbt_00110636	VFB_00101567	0	1	26.0
2025-02-24	v2.virtualflybrain.org	FBbt_00110638	VFB_00101567	0	2	4.0
2025-02-24	v2.virtualflybrain.org	FBbt_00111203	VFB_00049000	0	2	3544.0
2025-02-24	v2.virtualflybrain.org	FBbt_00111203	VFB_00050000	0	2	44.0
2025-02-24	v2.virtualflybrain.org	FBbt_00111635	VFB_00050000	0	1	122.0
2025-02-24	v2.virtualflybrain.org	FBbt_00111636	VFB_00050000	1	1	229.0
2025-02-24	v2.virtualflybrain.org	FBbt_00111637	VFB_00050000	0	1	52.0
2025-02-24	v2.virtualflybrain.org	FBbt_20000870	VFB_00101567	2	1	0.0
2025-02-24	v2.virtualflybrain.org	FBbt_20002982	VFB_00101567	12	1	0.0
2025-02-24	v2.virtualflybrain.org	VFB_00000091	VFB_00101567	0	3	15.0
2025-02-24	v2.virtualflybrain.org	VFB_00001798	VFB_00101567	0	3	207.0
2025-02-24	v2.virtualflybrain.org	VFB_00002452	VFB_00101567	0	2	30.0
2025-02-24	v2.virtualflybrain.org	VFB_00012321	VFB_00017894	0	1	52.0
2025-02-24	v2.virtualflybrain.org	VFB_00014647	VFB_00101567	2	1	0.0
2025-02-24	v2.virtualflybrain.org	VFB_00017894		1	1	0.0
2025-02-24	v2.virtualflybrain.org	VFB_00017894	VFB_00017894	1	4	66.0
2025-02-24	v2.virtualflybrain.org	VFB_00023253	VFB_00101567	15	1	0.0
2025-02-24	v2.virtualflybrain.org	VFB_00024762	VFB_00101567	0	1	0.0
2025-02-24	v2.virtualflybrain.org	VFB_00024887	VFB_00101567	0	1	0.0
2025-02-24	v2.virtualflybrain.org	VFB_00025176	VFB_00101567	0	1	0.0
2025-02-24	v2.virtualflybrain.org	VFB_00027223	VFB_00101567	0	1	0.0
2025-02-24	v2.virtualflybrain.org	VFB_00027308	VFB_00101567	0	1	0.0
2025-02-24	v2.virtualflybrain.org	VFB_00027346	VFB_00101567	0	1	0.0
2025-02-24	v2.virtualflybrain.org	VFB_00027505	VFB_00101567	0	1	0.0
2025-02-24	v2.virtualflybrain.org	VFB_00027803	VFB_00101567	0	1	0.0
2025-02-24	v2.virtualflybrain.org	VFB_00028294	VFB_00101567	0	1	0.0
2025-02-24	v2.virtualflybrain.org	VFB_00029021	VFB_00101567	0	1	0.0
2025-02-24	v2.virtualflybrain.org	VFB_00029067	VFB_00101567	0	1	0.0
2025-02-24	v2.virtualflybrain.org	VFB_00029312	VFB_00101567	0	1	0.0
2025-02-24	v2.virtualflybrain.org	VFB_00029598	VFB_00101567	0	1	0.0
2025-02-24	v2.virtualflybrain.org	VFB_00030195	VFB_00101567	0	1	0.0
2025-02-24	v2.virtualflybrain.org	VFB_00030520	VFB_00101567	0	1	0.0
2025-02-24	v2.virtualflybrain.org	VFB_00030577	VFB_00101567	0	1	0.0
2025-02-24	v2.virtualflybrain.org	VFB_00030600		1	1	0.0
2025-02-24	v2.virtualflybrain.org	VFB_00030615	VFB_00017894	0	1	28.0
2025-02-24	v2.virtualflybrain.org	VFB_00030866	VFB_00017894	4	3	13.0
2025-02-24	v2.virtualflybrain.org	VFB_00030866	VFB_00101567	0	2	8.0
2025-02-24	v2.virtualflybrain.org	VFB_00030876	VFB_00017894	0	1	0.0
2025-02-24	v2.virtualflybrain.org	VFB_00030876	VFB_00101567	2	2	3.0
2025-02-24	v2.virtualflybrain.org	VFB_00037755	VFB_00101567	0	1	0.0
2025-02-24	v2.virtualflybrain.org	VFB_00038149	VFB_00101567	0	1	0.0
2025-02-24	v2.virtualflybrain.org	VFB_00038897	VFB_00101567	0	1	0.0
2025-02-24	v2.virtualflybrain.org	VFB_00039966	VFB_00101567	0	1	0.0
2025-02-24	v2.virtualflybrain.org	VFB_00040122	VFB_00017894	1	2	0.0
2025-02-24	v2.virtualflybrain.org	VFB_00040122	VFB_00100000	0	4	50.0
2025-02-24	v2.virtualflybrain.org	VFB_00040159	VFB_00101567	0	1	0.0
2025-02-24	v2.virtualflybrain.org	VFB_00041005	VFB_00101567	0	1	0.0
2025-02-24	v2.virtualflybrain.org	VFB_00041351	VFB_00101567	0	1	0.0
2025-02-24	v2.virtualflybrain.org	VFB_00041408	VFB_00101567	0	1	0.0
2025-02-24	v2.virtualflybrain.org	VFB_00041774	VFB_00101567	0	1	0.0
2025-02-24	v2.virtualflybrain.org	VFB_00041875	VFB_00101567	0	1	0.0
2025-02-24	v2.virtualflybrain.org	VFB_00041970	VFB_00101567	0	1	0.0
2025-02-24	v2.virtualflybrain.org	VFB_00042258	VFB_00101567	0	1	0.0
2025-02-24	v2.virtualflybrain.org	VFB_00042409	VFB_00101567	0	1	0.0
2025-02-24	v2.virtualflybrain.org	VFB_00043464	VFB_00101567	0	2	8.0
2025-02-24	v2.virtualflybrain.org	VFB_00044323	VFB_00101567	0	1	0.0
2025-02-24	v2.virtualflybrain.org	VFB_00045063	VFB_00101567	0	1	0.0
2025-02-24	v2.virtualflybrain.org	VFB_00045107	VFB_00101567	2	1	0.0
2025-02-24	v2.virtualflybrain.org	VFB_00046812	VFB_00101567	0	1	0.0
2025-02-24	v2.virtualflybrain.org	VFB_00046973	VFB_00101567	0	1	0.0
2025-02-24	v2.virtualflybrain.org	VFB_00047825	VFB_00101567	0	1	0.0
2025-02-24	v2.virtualflybrain.org	VFB_00048555	VFB_00101567	0	1	0.0
2025-02-24	v2.virtualflybrain.org	VFB_00049000	VFB_00049000	4	6	1.0
2025-02-24	v2.virtualflybrain.org	VFB_00050000	VFB_00050000	8	12	132.0
2025-02-24	v2.virtualflybrain.org	VFB_00050274	VFB_00049000	13	2	133.0
2025-02-24	v2.virtualflybrain.org	VFB_00050276	VFB_00049000	0	2	33.0
2025-02-24	v2.virtualflybrain.org	VFB_00063429	VFB_00101567	0	1	0.0
2025-02-24	v2.virtualflybrain.org	VFB_00064046	VFB_00101567	0	1	0.0
2025-02-24	v2.virtualflybrain.org	VFB_00064269	VFB_00101567	0	1	0.0
2025-02-24	v2.virtualflybrain.org	VFB_00064385	VFB_00101567	0	1	0.0
2025-02-24	v2.virtualflybrain.org	VFB_00064784	VFB_00101567	0	1	0.0
2025-02-24	v2.virtualflybrain.org	VFB_00064848	VFB_00101567	0	1	0.0
2025-02-24	v2.virtualflybrain.org	VFB_00065232	VFB_00101567	0	1	0.0
2025-02-24	v2.virtualflybrain.org	VFB_00065268	VFB_00101567	0	1	0.0
2025-02-24	v2.virtualflybrain.org	VFB_00065288	VFB_00101567	0	1	0.0
2025-02-24	v2.virtualflybrain.org	VFB_00065640	VFB_00101567	0	1	0.0
2025-02-24	v2.virtualflybrain.org	VFB_00066067	VFB_00101567	4	3	0.0
2025-02-24	v2.virtualflybrain.org	VFB_00066070		1	1	1.0
2025-02-24	v2.virtualflybrain.org	VFB_00066335	VFB_00101567	0	1	0.0
2025-02-24	v2.virtualflybrain.org	VFB_00066385	VFB_00101567	0	1	0.0
2025-02-24	v2.virtualflybrain.org	VFB_00066393	VFB_00101567	0	1	0.0
2025-02-24	v2.virtualflybrain.org	VFB_00066490	VFB_00101567	0	1	0.0
2025-02-24	v2.virtualflybrain.org	VFB_00066785	VFB_00101567	0	1	0.0
2025-02-24	v2.virtualflybrain.org	VFB_00067055	VFB_00101567	0	1	0.0
2025-02-24	v2.virtualflybrain.org	VFB_00100082	VFB_00050000	0	1	0.0
2025-02-24	v2.virtualflybrain.org	VFB_00100083	VFB_00050000	0	1	2.0
2025-02-24	v2.virtualflybrain.org	VFB_00100094	VFB_00050000	0	2	2.0
2025-02-24	v2.virtualflybrain.org	VFB_00100186	VFB_00050000	0	1	3.0
2025-02-24	v2.virtualflybrain.org	VFB_00100197	VFB_00050000	0	1	3.0
2025-02-24	v2.virtualflybrain.org	VFB_00100199	VFB_00050000	0	2	49.0
2025-02-24	v2.virtualflybrain.org	VFB_00100201	VFB_00050000	0	1	1.0
2025-02-24	v2.virtualflybrain.org	VFB_00100205	VFB_00050000	0	1	1.0
2025-02-24	v2.virtualflybrain.org	VFB_00100206	VFB_00050000	0	1	2.0
2025-02-24	v2.virtualflybrain.org	VFB_00100211	VFB_00050000	0	1	1.0
2025-02-24	v2.virtualflybrain.org	VFB_00100217	VFB_00050000	0	1	0.0
2025-02-24	v2.virtualflybrain.org	VFB_00100218	VFB_00050000	0	1	2.0
2025-02-24	v2.virtualflybrain.org	VFB_00100219	VFB_00050000	0	1	0.0
2025-02-24	v2.virtualflybrain.org	VFB_00100223	VFB_00050000	0	1	2.0
2025-02-24	v2.virtualflybrain.org	VFB_0010022h	VFB_00050000	0	1	3.0
2025-02-24	v2.virtualflybrain.org	VFB_00100231	VFB_00050000	0	1	5.0
2025-02-24	v2.virtualflybrain.org	VFB_00100232	VFB_00050000	0	1	1.0
2025-02-24	v2.virtualflybrain.org	VFB_00100233	VFB_00050000	0	1	2.0
2025-02-24	v2.virtualflybrain.org	VFB_00100234	VFB_00050000	0	1	1.0
2025-02-24	v2.virtualflybrain.org	VFB_00100235	VFB_00050000	0	1	0.0
2025-02-24	v2.virtualflybrain.org	VFB_00100239	VFB_00050000	3	1	0.0
2025-02-24	v2.virtualflybrain.org	VFB_0010023e	VFB_00050000	0	1	1.0
2025-02-24	v2.virtualflybrain.org	VFB_0010023g	VFB_00050000	0	1	0.0
2025-02-24	v2.virtualflybrain.org	VFB_0010023n	VFB_00050000	0	1	0.0
2025-02-24	v2.virtualflybrain.org	VFB_0010023u	VFB_00050000	0	2	14.0
2025-02-24	v2.virtualflybrain.org	VFB_00100244	VFB_00050000	0	1	3.0
2025-02-24	v2.virtualflybrain.org	VFB_00100249	VFB_00050000	0	1	2.0
2025-02-24	v2.virtualflybrain.org	VFB_0010024j	VFB_00050000	0	1	22.0
2025-02-24	v2.virtualflybrain.org	VFB_00100251	VFB_00050000	0	1	1.0
2025-02-24	v2.virtualflybrain.org	VFB_00100252	VFB_00050000	0	1	1.0
2025-02-24	v2.virtualflybrain.org	VFB_00100253	VFB_00050000	0	1	48.0
2025-02-24	v2.virtualflybrain.org	VFB_00100258	VFB_00050000	0	1	44.0
2025-02-24	v2.virtualflybrain.org	VFB_00100259	VFB_00050000	0	1	6.0
2025-02-24	v2.virtualflybrain.org	VFB_0010025i	VFB_00050000	0	1	1.0
2025-02-24	v2.virtualflybrain.org	VFB_0010025k	VFB_00050000	0	1	3.0
2025-02-24	v2.virtualflybrain.org	VFB_0010025x	VFB_00050000	0	2	1.0
2025-02-24	v2.virtualflybrain.org	VFB_00100262	VFB_00050000	0	1	62.0
2025-02-24	v2.virtualflybrain.org	VFB_00100263	VFB_00050000	0	1	1.0
2025-02-24	v2.virtualflybrain.org	VFB_00100264	VFB_00050000	0	1	8.0
2025-02-24	v2.virtualflybrain.org	VFB_00100267	VFB_00050000	0	1	5.0
2025-02-24	v2.virtualflybrain.org	VFB_00100268	VFB_00050000	0	1	1.0
2025-02-24	v2.virtualflybrain.org	VFB_00100269	VFB_00050000	0	1	5.0
2025-02-24	v2.virtualflybrain.org	VFB_0010026c	VFB_00050000	0	1	1.0
2025-02-24	v2.virtualflybrain.org	VFB_00100273	VFB_00050000	0	1	0.0
2025-02-24	v2.virtualflybrain.org	VFB_00100275	VFB_00050000	0	1	1.0
2025-02-24	v2.virtualflybrain.org	VFB_00100278	VFB_00050000	0	1	1.0
2025-02-24	v2.virtualflybrain.org	VFB_00100279	VFB_00050000	0	1	0.0
2025-02-24	v2.virtualflybrain.org	VFB_0010027g	VFB_00050000	0	1	0.0
2025-02-24	v2.virtualflybrain.org	VFB_00100280	VFB_00050000	0	1	1.0
2025-02-24	v2.virtualflybrain.org	VFB_00100284	VFB_00050000	0	1	2.0
2025-02-24	v2.virtualflybrain.org	VFB_0010028a	VFB_00050000	0	1	3.0
2025-02-24	v2.virtualflybrain.org	VFB_00100291	VFB_00050000	0	1	1.0
2025-02-24	v2.virtualflybrain.org	VFB_00100292	VFB_00050000	0	1	3.0
2025-02-24	v2.virtualflybrain.org	VFB_00100294	VFB_00050000	0	1	5.0
2025-02-24	v2.virtualflybrain.org	VFB_00100296	VFB_00050000	0	1	3.0
2025-02-24	v2.virtualflybrain.org	VFB_00100297	VFB_00050000	0	1	5.0
2025-02-24	v2.virtualflybrain.org	VFB_00100300	VFB_00050000	0	1	1.0
2025-02-24	v2.virtualflybrain.org	VFB_00100301	VFB_00050000	0	1	2.0
2025-02-24	v2.virtualflybrain.org	VFB_00100304	VFB_00050000	0	1	6.0
2025-02-24	v2.virtualflybrain.org	VFB_00100305	VFB_00050000	0	1	4.0
2025-02-24	v2.virtualflybrain.org	VFB_00100306	VFB_00050000	0	1	0.0
2025-02-24	v2.virtualflybrain.org	VFB_00100317	VFB_00050000	0	1	70.0
2025-02-24	v2.virtualflybrain.org	VFB_00100318	VFB_00050000	0	1	1.0
2025-02-24	v2.virtualflybrain.org	VFB_00100319	VFB_00050000	0	1	0.0
2025-02-24	v2.virtualflybrain.org	VFB_00100320	VFB_00050000	0	1	9.0
2025-02-24	v2.virtualflybrain.org	VFB_00100321	VFB_00050000	0	1	2.0
2025-02-24	v2.virtualflybrain.org	VFB_00100322	VFB_00050000	0	1	4.0
2025-02-24	v2.virtualflybrain.org	VFB_00100325	VFB_00050000	0	1	5.0
2025-02-24	v2.virtualflybrain.org	VFB_00100330	VFB_00050000	0	1	1.0
2025-02-24	v2.virtualflybrain.org	VFB_00100335	VFB_00050000	0	1	2.0
2025-02-24	v2.virtualflybrain.org	VFB_00100337	VFB_00050000	0	1	0.0
2025-02-24	v2.virtualflybrain.org	VFB_00100340	VFB_00050000	0	1	2.0
2025-02-24	v2.virtualflybrain.org	VFB_00100341	VFB_00050000	0	1	1.0
2025-02-24	v2.virtualflybrain.org	VFB_00100342	VFB_00050000	0	1	5.0
2025-02-24	v2.virtualflybrain.org	VFB_00100344	VFB_00050000	0	1	2.0
2025-02-24	v2.virtualflybrain.org	VFB_00100345	VFB_00050000	0	1	3.0
2025-02-24	v2.virtualflybrain.org	VFB_00100346	VFB_00050000	0	1	1.0
2025-02-24	v2.virtualflybrain.org	VFB_00100347	VFB_00050000	0	1	3.0
2025-02-24	v2.virtualflybrain.org	VFB_00100349	VFB_00050000	0	1	0.0
2025-02-24	v2.virtualflybrain.org	VFB_00100351	VFB_00050000	0	1	2.0
2025-02-24	v2.virtualflybrain.org	VFB_00100354	VFB_00050000	0	1	7.0
2025-02-24	v2.virtualflybrain.org	VFB_00100357	VFB_00050000	0	1	1.0
2025-02-24	v2.virtualflybrain.org	VFB_00100359	VFB_00050000	0	2	1.0
2025-02-24	v2.virtualflybrain.org	VFB_00100362	VFB_00050000	0	1	0.0
2025-02-24	v2.virtualflybrain.org	VFB_00100367	VFB_00050000	0	1	24.0
2025-02-24	v2.virtualflybrain.org	VFB_00100368	VFB_00050000	0	2	2.0
2025-02-24	v2.virtualflybrain.org	VFB_00100369	VFB_00050000	0	1	2.0
2025-02-24	v2.virtualflybrain.org	VFB_00100373	VFB_00050000	0	1	3.0
2025-02-24	v2.virtualflybrain.org	VFB_00100374	VFB_00050000	0	1	5.0
2025-02-24	v2.virtualflybrain.org	VFB_00100376	VFB_00050000	0	1	0.0
2025-02-24	v2.virtualflybrain.org	VFB_00100377	VFB_00050000	0	1	7.0
2025-02-24	v2.virtualflybrain.org	VFB_00100378	VFB_00050000	0	1	5.0
2025-02-24	v2.virtualflybrain.org	VFB_00100379	VFB_00050000	0	1	4.0
2025-02-24	v2.virtualflybrain.org	VFB_00100385	VFB_00050000	0	1	5.0
2025-02-24	v2.virtualflybrain.org	VFB_00100391	VFB_00050000	0	2	1.0
2025-02-24	v2.virtualflybrain.org	VFB_00100394	VFB_00050000	0	1	2.0
2025-02-24	v2.virtualflybrain.org	VFB_00100396	VFB_00050000	0	1	3.0
2025-02-24	v2.virtualflybrain.org	VFB_00100397	VFB_00050000	0	1	2.0
2025-02-24	v2.virtualflybrain.org	VFB_00100398	VFB_00050000	0	1	3.0
2025-02-24	v2.virtualflybrain.org	VFB_00100399	VFB_00050000	0	1	4.0
2025-02-24	v2.virtualflybrain.org	VFB_00100401	VFB_00050000	0	1	2.0
2025-02-24	v2.virtualflybrain.org	VFB_00100403	VFB_00050000	0	1	1.0
2025-02-24	v2.virtualflybrain.org	VFB_00100406	VFB_00050000	0	1	2.0
2025-02-24	v2.virtualflybrain.org	VFB_00100417	VFB_00050000	0	1	1.0
2025-02-24	v2.virtualflybrain.org	VFB_00100422	VFB_00050000	0	1	47.0
2025-02-24	v2.virtualflybrain.org	VFB_00100429	VFB_00050000	0	1	14.0
2025-02-24	v2.virtualflybrain.org	VFB_00100431	VFB_00050000	0	1	3.0
2025-02-24	v2.virtualflybrain.org	VFB_00100441	VFB_00050000	0	1	3.0
2025-02-24	v2.virtualflybrain.org	VFB_00100445	VFB_00050000	0	1	0.0
2025-02-24	v2.virtualflybrain.org	VFB_00100448	VFB_00050000	0	1	2.0
2025-02-24	v2.virtualflybrain.org	VFB_00100452	VFB_00050000	0	1	11.0
2025-02-24	v2.virtualflybrain.org	VFB_00100455	VFB_00050000	0	1	3.0
2025-02-24	v2.virtualflybrain.org	VFB_00100462	VFB_00050000	0	1	0.0
2025-02-24	v2.virtualflybrain.org	VFB_00100463	VFB_00050000	0	1	2.0
2025-02-24	v2.virtualflybrain.org	VFB_00100470	VFB_00050000	0	1	13.0
2025-02-24	v2.virtualflybrain.org	VFB_00100482	VFB_00050000	0	1	2.0
2025-02-24	v2.virtualflybrain.org	VFB_00100484	VFB_00050000	0	1	1.0
2025-02-24	v2.virtualflybrain.org	VFB_00100485	VFB_00050000	0	1	6.0
2025-02-24	v2.virtualflybrain.org	VFB_00100487	VFB_00050000	0	1	2.0
2025-02-24	v2.virtualflybrain.org	VFB_00100488	VFB_00050000	0	1	0.0
2025-02-24	v2.virtualflybrain.org	VFB_00100489	VFB_00050000	0	1	9.0
2025-02-24	v2.virtualflybrain.org	VFB_00100491	VFB_00050000	0	1	2.0
2025-02-24	v2.virtualflybrain.org	VFB_00100492	VFB_00050000	0	1	124.0
2025-02-24	v2.virtualflybrain.org	VFB_00100493	VFB_00050000	0	1	3.0
2025-02-24	v2.virtualflybrain.org	VFB_00100494	VFB_00050000	0	1	7.0
2025-02-24	v2.virtualflybrain.org	VFB_00100495	VFB_00050000	0	1	4.0
2025-02-24	v2.virtualflybrain.org	VFB_00100496	VFB_00050000	0	1	9.0
2025-02-24	v2.virtualflybrain.org	VFB_00100497	VFB_00050000	0	1	3.0
2025-02-24	v2.virtualflybrain.org	VFB_00100499	VFB_00049000	0	2	5.0
2025-02-24	v2.virtualflybrain.org	VFB_00100499	VFB_00050000	1	4	1.0
2025-02-24	v2.virtualflybrain.org	VFB_00100501	VFB_00050000	0	1	1.0
2025-02-24	v2.virtualflybrain.org	VFB_00100504	VFB_00050000	0	1	6.0
2025-02-24	v2.virtualflybrain.org	VFB_00100505	VFB_00050000	0	1	25.0
2025-02-24	v2.virtualflybrain.org	VFB_00100508	VFB_00050000	0	1	0.0
2025-02-24	v2.virtualflybrain.org	VFB_00100521	VFB_00049000	0	2	67.0
2025-02-24	v2.virtualflybrain.org	VFB_00100541	VFB_00050000	0	1	1.0
2025-02-24	v2.virtualflybrain.org	VFB_00100545	VFB_00050000	0	1	0.0
2025-02-24	v2.virtualflybrain.org	VFB_00100550	VFB_00050000	0	2	1.0
2025-02-24	v2.virtualflybrain.org	VFB_00100558	VFB_00050000	0	1	0.0
2025-02-24	v2.virtualflybrain.org	VFB_00100565	VFB_00050000	0	1	1.0
2025-02-24	v2.virtualflybrain.org	VFB_00100568	VFB_00050000	0	1	1.0
2025-02-24	v2.virtualflybrain.org	VFB_00100586	VFB_00050000	0	1	0.0
2025-02-24	v2.virtualflybrain.org	VFB_00100589	VFB_00050000	0	2	0.0
2025-02-24	v2.virtualflybrain.org	VFB_00100734	VFB_00050000	0	1	0.0
2025-02-24	v2.virtualflybrain.org	VFB_00100739	VFB_00050000	0	1	1.0
2025-02-24	v2.virtualflybrain.org	VFB_00100774	VFB_00050000	0	1	131.0
2025-02-24	v2.virtualflybrain.org	VFB_00100847	VFB_00050000	0	1	1.0
2025-02-24	v2.virtualflybrain.org	VFB_00100873	VFB_00050000	0	1	0.0
2025-02-24	v2.virtualflybrain.org	VFB_00100ehb	VFB_00101567	2	2	1.0
2025-02-24	v2.virtualflybrain.org	VFB_00100ehb	VFB_00200000	1	2	0.0
2025-02-24	v2.virtualflybrain.org	VFB_00100wl5	VFB_00101567	12	1	1.0
2025-02-24	v2.virtualflybrain.org	VFB_00100yq2	VFB_00101567	4	2	127.0
2025-02-24	v2.virtualflybrain.org	VFB_00101132	VFB_00101567	6	1	183.0
2025-02-24	v2.virtualflybrain.org	VFB_001011ev	VFB_00050000	0	1	2.0
2025-02-24	v2.virtualflybrain.org	VFB_001011fr	VFB_00050000	0	2	3.0
2025-02-24	v2.virtualflybrain.org	VFB_001011h3	VFB_00050000	0	1	2.0
2025-02-24	v2.virtualflybrain.org	VFB_001011h8	VFB_00050000	0	1	3.0
2025-02-24	v2.virtualflybrain.org	VFB_001011hj	VFB_00050000	0	1	0.0
2025-02-24	v2.virtualflybrain.org	VFB_001011hp	VFB_00050000	0	2	1.0
2025-02-24	v2.virtualflybrain.org	VFB_001011io	VFB_00050000	0	1	2.0
2025-02-24	v2.virtualflybrain.org	VFB_001011ja	VFB_00050000	0	1	2.0
2025-02-24	v2.virtualflybrain.org	VFB_001011jt	VFB_00050000	3	1	702.0
2025-02-24	v2.virtualflybrain.org	VFB_001011ke	VFB_00050000	0	1	0.0
2025-02-24	v2.virtualflybrain.org	VFB_00101382	VFB_00101567	0	2	66.0
2025-02-24	v2.virtualflybrain.org	VFB_00101384	VFB_00101384	0	1	2.0
2025-02-24	v2.virtualflybrain.org	VFB_0010140p	VFB_00101567	0	2	96.0
2025-02-24	v2.virtualflybrain.org	VFB_0010141n	VFB_00101567	7	7	239.0
2025-02-24	v2.virtualflybrain.org	VFB_0010141p	VFB_00101567	0	1	49.0
2025-02-24	v2.virtualflybrain.org	VFB_0010141q	VFB_00101567	0	2	17.0
2025-02-24	v2.virtualflybrain.org	VFB_0010144y	VFB_00101567	0	3	50.0
2025-02-24	v2.virtualflybrain.org	VFB_001014df	VFB_00101567	0	1	17.0
2025-02-24	v2.virtualflybrain.org	VFB_001014dj	VFB_00101567	0	1	24.0
2025-02-24	v2.virtualflybrain.org	VFB_001014ui	VFB_00110000	0	2	0.0
2025-02-24	v2.virtualflybrain.org	VFB_001014up	VFB_00110000	0	1	0.0
2025-02-24	v2.virtualflybrain.org	VFB_001014uq	VFB_00101567	1	4	11.0
2025-02-24	v2.virtualflybrain.org	VFB_001014uq	VFB_00110000	1	2	1.0
2025-02-24	v2.virtualflybrain.org	VFB_00101567	VFB_00101567	91	130	1128.0
2025-02-24	v2.virtualflybrain.org	VFB_001015a8	VFB_00050000	0	1	8.0
2025-02-24	v2.virtualflybrain.org	VFB_001015an	VFB_00050000	0	1	0.0
2025-02-24	v2.virtualflybrain.org	VFB_001015ap	VFB_00050000	0	1	1.0
2025-02-24	v2.virtualflybrain.org	VFB_001015bd	VFB_00050000	0	1	0.0
2025-02-24	v2.virtualflybrain.org	VFB_001015bo	VFB_00050000	0	2	7.0
2025-02-24	v2.virtualflybrain.org	VFB_001015c4	VFB_00050000	0	1	0.0
2025-02-24	v2.virtualflybrain.org	VFB_001015cs	VFB_00050000	0	1	5.0
2025-02-24	v2.virtualflybrain.org	VFB_001015dd	VFB_00050000	0	1	2.0
2025-02-24	v2.virtualflybrain.org	VFB_001015dz	VFB_00050000	0	1	1.0
2025-02-24	v2.virtualflybrain.org	VFB_001015gq	VFB_00050000	0	1	3.0
2025-02-24	v2.virtualflybrain.org	VFB_00101654	VFB_00050000	0	1	3.0
2025-02-24	v2.virtualflybrain.org	VFB_00101682	VFB_00050000	0	1	2.0
2025-02-24	v2.virtualflybrain.org	VFB_00101683	VFB_00050000	0	1	1.0
2025-02-24	v2.virtualflybrain.org	VFB_00101684	VFB_00050000	0	1	2.0
2025-02-24	v2.virtualflybrain.org	VFB_00101uie	VFB_00101567	15	1	0.0
2025-02-24	v2.virtualflybrain.org	VFB_00102107	VFB_00101567	0	1	9.0
2025-02-24	v2.virtualflybrain.org	VFB_00102134	VFB_00101567	0	2	4.0
2025-02-24	v2.virtualflybrain.org	VFB_00102140	VFB_00101567	0	1	24.0
2025-02-24	v2.virtualflybrain.org	VFB_00102148	VFB_00101567	0	1	0.0
2025-02-24	v2.virtualflybrain.org	VFB_00102154	VFB_00101567	0	4	64.0
2025-02-24	v2.virtualflybrain.org	VFB_00102212	VFB_00101567	1	1	2.0
2025-02-24	v2.virtualflybrain.org	VFB_00102ei0	VFB_00050000	0	1	1.0
2025-02-24	v2.virtualflybrain.org	VFB_00102ei5	VFB_00050000	0	1	0.0
2025-02-24	v2.virtualflybrain.org	VFB_00102eib	VFB_00050000	0	2	1.0
2025-02-24	v2.virtualflybrain.org	VFB_00102ejs	VFB_00050000	0	1	1.0
2025-02-24	v2.virtualflybrain.org	VFB_00102ejw	VFB_00050000	0	1	0.0
2025-02-24	v2.virtualflybrain.org	VFB_00102ek5	VFB_00050000	0	1	1.0
2025-02-24	v2.virtualflybrain.org	VFB_00102ekd	VFB_00050000	0	1	5.0
2025-02-24	v2.virtualflybrain.org	VFB_00102ekj	VFB_00050000	0	1	2.0
2025-02-24	v2.virtualflybrain.org	VFB_00102ekk	VFB_00050000	0	2	7.0
2025-02-24	v2.virtualflybrain.org	VFB_00102ekp	VFB_00050000	0	2	197.0
2025-02-24	v2.virtualflybrain.org	VFB_00102ekx	VFB_00050000	0	1	2.0
2025-02-24	v2.virtualflybrain.org	VFB_00102el0	VFB_00050000	0	1	1.0
2025-02-24	v2.virtualflybrain.org	VFB_00102el1	VFB_00050000	0	2	344.0
2025-02-24	v2.virtualflybrain.org	VFB_00102elc	VFB_00050000	0	3	3.0
2025-02-24	v2.virtualflybrain.org	VFB_00102ele	VFB_00050000	0	1	1.0
2025-02-24	v2.virtualflybrain.org	VFB_00102elq	VFB_00050000	0	1	0.0
2025-02-24	v2.virtualflybrain.org	VFB_00102elz	VFB_00050000	0	1	1.0
2025-02-24	v2.virtualflybrain.org	VFB_00102enk	VFB_00050000	0	1	2.0
2025-02-24	v2.virtualflybrain.org	VFB_00102epc	VFB_00050000	0	2	1.0
2025-02-24	v2.virtualflybrain.org	VFB_00102epr	VFB_00050000	0	2	1.0
2025-02-24	v2.virtualflybrain.org	VFB_00102epy	VFB_00050000	0	2	61.0
2025-02-24	v2.virtualflybrain.org	VFB_00102eqf	VFB_00050000	0	3	2.0
2025-02-24	v2.virtualflybrain.org	VFB_00102eqi	VFB_00050000	0	1	1.0
2025-02-24	v2.virtualflybrain.org	VFB_00102eql	VFB_00050000	0	1	0.0
2025-02-24	v2.virtualflybrain.org	VFB_00102et9	VFB_00050000	0	1	1.0
2025-02-24	v2.virtualflybrain.org	VFB_00102eth	VFB_00050000	0	1	1.0
2025-02-24	v2.virtualflybrain.org	VFB_00102euk	VFB_00050000	0	1	0.0
2025-02-24	v2.virtualflybrain.org	VFB_00102euo	VFB_00050000	0	1	1.0
2025-02-24	v2.virtualflybrain.org	VFB_00102evb	VFB_00050000	0	2	1.0
2025-02-24	v2.virtualflybrain.org	VFB_00102evg	VFB_00050000	0	1	2.0
2025-02-24	v2.virtualflybrain.org	VFB_00102evx	VFB_00050000	0	1	1.0
2025-02-24	v2.virtualflybrain.org	VFB_00102ext	VFB_00050000	0	1	0.0
2025-02-24	v2.virtualflybrain.org	VFB_00102ezr	VFB_00050000	0	1	0.0
2025-02-24	v2.virtualflybrain.org	VFB_00102f0n	VFB_00050000	0	1	1.0
2025-02-24	v2.virtualflybrain.org	VFB_00102f6u	VFB_00050000	0	1	1.0
2025-02-24	v2.virtualflybrain.org	VFB_00102f7d	VFB_00050000	0	1	1.0
2025-02-24	v2.virtualflybrain.org	VFB_00102f95	VFB_00050000	0	1	1.0
2025-02-24	v2.virtualflybrain.org	VFB_00102fca	VFB_00050000	0	1	1.0
2025-02-24	v2.virtualflybrain.org	VFB_00102fer	VFB_00050000	0	1	2.0
2025-02-24	v2.virtualflybrain.org	VFB_00102fir	VFB_00050000	0	1	21.0
2025-02-24	v2.virtualflybrain.org	VFB_00102fjm	VFB_00050000	0	1	1.0
2025-02-24	v2.virtualflybrain.org	VFB_00102flb	VFB_00050000	0	1	4.0
2025-02-24	v2.virtualflybrain.org	VFB_00110000	VFB_00110000	0	5	81.0
2025-02-24	v2.virtualflybrain.org	VFB_00200000	VFB_00200000	0	1	0.0
2025-02-24	v2.virtualflybrain.org	VFB_fw001438	VFB_00101567	24	1	0.0
2025-02-24	v2.virtualflybrain.org	VFB_fw007556	VFB_00101567	0	2	29.0
2025-02-24	v2.virtualflybrain.org	VFB_fw013673	VFB_00101567	0	1	18.0
2025-02-24	v2.virtualflybrain.org	VFB_fw016574	VFB_00101567	0	1	13.0
2025-02-24	v2.virtualflybrain.org	VFB_fw018388	VFB_00101567	0	1	1198.0
2025-02-24	v2.virtualflybrain.org	VFB_fw018938	VFB_00101567	0	1	16.0
2025-02-24	v2.virtualflybrain.org	VFB_fw019021	VFB_00101567	0	1	8.0
2025-02-24	v2.virtualflybrain.org	VFB_fw025774	VFB_00101567	24	1	0.0
2025-02-24	v2.virtualflybrain.org	VFB_fw026918	VFB_00101567	5	1	0.0
2025-02-24	v2.virtualflybrain.org	VFB_fw027521	VFB_00101567	0	1	45.0
2025-02-24	v2.virtualflybrain.org	VFB_fw027619	VFB_00101567	0	1	13.0
2025-02-24	v2.virtualflybrain.org	VFB_fw029241	VFB_00101567	0	1	14.0
2025-02-24	v2.virtualflybrain.org	VFB_fw031177	VFB_00101567	0	1	11.0
2025-02-24	v2.virtualflybrain.org	VFB_fw032675	VFB_00101567	0	1	7.0
2025-02-24	v2.virtualflybrain.org	VFB_fw033076	VFB_00101567	0	2	11.0
2025-02-24	v2.virtualflybrain.org	VFB_fw033349	VFB_00101567	0	1	15.0
2025-02-24	v2.virtualflybrain.org	VFB_fw033877	VFB_00101567	0	1	17.0
2025-02-24	v2.virtualflybrain.org	VFB_fw033965	VFB_00101567	0	1	12.0
2025-02-24	v2.virtualflybrain.org	VFB_fw034617	VFB_00101567	0	1	17.0
2025-02-24	v2.virtualflybrain.org	VFB_fw035113	VFB_00101567	0	1	18.0
2025-02-24	v2.virtualflybrain.org	VFB_fw035841	VFB_00101567	0	3	22.0
2025-02-24	v2.virtualflybrain.org	VFB_fw035971	VFB_00101567	0	1	13.0
2025-02-24	v2.virtualflybrain.org	VFB_fw036716	VFB_00101567	0	1	8.0
2025-02-24	v2.virtualflybrain.org	VFB_fw036840	VFB_00101567	0	1	14.0
2025-02-24	v2.virtualflybrain.org	VFB_fw037733	VFB_00101567	0	1	11.0
2025-02-24	v2.virtualflybrain.org	VFB_fw038119	VFB_00101567	5	1	0.0
2025-02-24	v2.virtualflybrain.org	VFB_fw038771	VFB_00101567	10	1	0.0
2025-02-24	v2.virtualflybrain.org	VFB_fw038811	VFB_00101567	0	2	34.0
2025-02-24	v2.virtualflybrain.org	VFB_fw039733	VFB_00101567	0	1	10.0
2025-02-24	v2.virtualflybrain.org	VFB_fw039737	VFB_00101567	0	2	12.0
2025-02-24	v2.virtualflybrain.org	VFB_fw040350	VFB_00101567	0	3	29.0
2025-02-24	v2.virtualflybrain.org	VFB_fw040532	VFB_00101567	0	1	7.0
2025-02-24	v2.virtualflybrain.org	VFB_fw041055	VFB_00101567	6	1	0.0
2025-02-24	v2.virtualflybrain.org	VFB_fw044516	VFB_00101567	0	2	14.0
2025-02-24	v2.virtualflybrain.org	VFB_jrchjts1	VFB_00101567	2	1	0.0
2025-02-24	v2.virtualflybrain.org	VFB_jrchk0xv	VFB_00101567	5	1	13.0
2025-02-24	v2.virtualflybrain.org	VFB_jrchk32m	VFB_00101567	10	1	0.0
2025-02-24	v2.virtualflybrain.org	VFB_jrchk43u	VFB_00101567	4	1	0.0
2025-02-24	v2.virtualflybrain.org	VFB_jrchk45p	VFB_00101567	3	1	0.0
2025-02-24	v2.virtualflybrain.org	VFB_jrchk45t	VFB_00101567	14	1	0.0
2025-02-24	v2.virtualflybrain.org	VFB_jrchk461	VFB_00101567	4	1	0.0
2025-02-24	v2.virtualflybrain.org	VFB_jrchk4wf		1	1	1.0
2025-02-24	v2.virtualflybrain.org	VFB_jrchk4wf	VFB_00101567	0	1	18.0
2025-02-24	v2.virtualflybrain.org	VFB_jrchk6ge	VFB_00101567	13	1	8.0
2025-02-24	v2.virtualflybrain.org	VFB_jrchk6gf	VFB_00101567	19	1	0.0
2025-02-24	v2.virtualflybrain.org	VFB_jrchk6mk	VFB_00101567	1	1	0.0
2025-02-24	v2.virtualflybrain.org	VFB_jrchk6mv	VFB_00101567	6	1	0.0
2025-02-24	v2.virtualflybrain.org	VFB_jrchk6qe	VFB_00101384	1	2	0.0
2025-02-24	v2.virtualflybrain.org	VFB_jrchk6qe	VFB_00101567	1	4	70.0
2025-02-24	v2.virtualflybrain.org	VFB_jrchk6qf	VFB_00101567	0	1	33.0
2025-02-24	v2.virtualflybrain.org	VFB_jrchk6vo	VFB_00101384	1	4	115.0
2025-02-24	v2.virtualflybrain.org	VFB_jrchk6wc	VFB_00101567	19	1	0.0
2025-02-24	v2.virtualflybrain.org	VFB_jrchk6we	VFB_00101567	8	1	0.0
2025-02-24	v2.virtualflybrain.org	VFB_jrchk6wj	VFB_00101567	7	1	0.0
2025-02-24	v2.virtualflybrain.org	VFB_jrchk703	VFB_00101567	5	1	0.0
2025-02-24	v2.virtualflybrain.org	VFB_jrchk82a		1	1	0.0
2025-02-24	v2.virtualflybrain.org	VFB_jrchk82a	VFB_00101567	0	1	12.0
2025-02-24	v2.virtualflybrain.org	VFB_jrchk8hh		1	1	5.0
2025-02-24	v2.virtualflybrain.org	VFB_jrchk8kw		1	1	0.0
2025-02-24	v2.virtualflybrain.org	VFB_jrchk8kw	VFB_00101567	3	1	82.0
2025-02-24	v2.virtualflybrain.org	VFB_jrchk8ox	VFB_00101567	0	1	10.0
2025-02-24	v2.virtualflybrain.org	VFB_jrcv0acq	VFB_00200000	0	2	26.0
2025-02-24	v2.virtualflybrain.org	VFB_jrcv0api	VFB_00200000	0	1	20.0
2025-02-24	v2.virtualflybrain.org	VFB_jrcv0axb	VFB_00200000	0	2	12.0
2025-02-24	v2.virtualflybrain.org	VFB_jrcv0h2z	VFB_00200000	0	1	9.0
2025-02-24	v2.virtualflybrain.org	VFB_jrcv0pfz	VFB_00200000	0	2	37.0
2025-02-24	v2.virtualflybrain.org	VFB_jrcv0qru	VFB_00200000	0	1	67.0
2025-02-24	v2.virtualflybrain.org	VFB_jrcv0qtv	VFB_00200000	1	1	0.0
2025-02-24	v2.virtualflybrain.org	VFB_jrcv0x4r	VFB_00200000	0	1	25.0
2025-02-24	v2.virtualflybrain.org	VFB_jrcv12pb	VFB_00200000	0	1	21.0
2025-02-24	v2.virtualflybrain.org	VFB_jrcv1qs3	VFB_00200000	0	1	17.0
2025-02-24	v2.virtualflybrain.org	VFBexp_FBti0016	VFB_00017894	0	1	194.0
2025-02-24	v2.virtualflybrain.org	VFBexp_FBti0168	VFB_00101567	0	5	311.0
2025-02-24	v2.virtualflybrain.org	VFBexp_FBtp0058	VFB_00049000	1	1	0.0
2025-02-24	v2.virtualflybrain.org	VFBexp_FBtp0058	VFB_00101567	0	2	69.0
2025-02-24	v2.virtualflybrain.org	VFBexp_FBtp0059	VFB_00101567	1	1	0.0
2025-02-24	v2.virtualflybrain.org	VFBexp_FBtp0060	VFB_00101567	0	5	81.0
2025-02-24	v2.virtualflybrain.org	VFBexp_FBtp0060	VFB_00200000	0	2	40.0
2025-02-24	v2.virtualflybrain.org	VFBexp_FBtp0062	VFB_00101567	0	2	27.0
2025-02-24	v2.virtualflybrain.org	VFBexp_FBtp0071	VFB_00101567	0	1	325.0
2025-02-24	v2.virtualflybrain.org	VFBexp_FBtp0099	VFB_00101567	0	2	31.0
2025-02-24	v2.virtualflybrain.org	VFBexp_FBtp0100	VFB_00101567	0	5	55.0
2025-02-24	v2.virtualflybrain.org	VFBexp_FBtp0101	VFB_00101567	0	8	83.0
2025-02-24	v2.virtualflybrain.org	VFBexp_FBtp0102	VFB_00101567	0	5	81.0
2025-02-24	v2.virtualflybrain.org	VFBexp_FBtp0103	VFB_00101567	1	7	266.0
2025-02-24	v2.virtualflybrain.org	VFBexp_FBtp0104	VFB_00101567	0	7	122.0
2025-02-24	v2.virtualflybrain.org	VFBexp_FBtp0105	VFB_00101567	0	10	172.0
2025-02-24	v2.virtualflybrain.org	VFBexp_FBtp0106	VFB_00101567	0	5	107.0
2025-02-24	v2.virtualflybrain.org	VFBexp_FBtp0107	VFB_00101567	0	5	126.0
2025-02-24	v2.virtualflybrain.org	VFBexp_FBtp0121		1	1	4.0
2025-02-24	v2.virtualflybrain.org	VFBexp_FBtp0121	VFB_00101567	0	1	44.0
2025-02-25		FBbt_00001945		1	1	0.0
2025-02-25		FBbt_00001945	VFB_00050000	1	1	0.0
2025-02-25		FBbt_00003624		2	2	0.0
2025-02-25		FBbt_00003624	VFB_00101567	2	2	0.0
2025-02-25		FBbt_00003632		1	1	0.0
2025-02-25		FBbt_00003632	VFB_00101567	1	1	0.0
2025-02-25		FBbt_00003657		1	1	0.0
2025-02-25		FBbt_00003657	VFB_00101567	1	1	0.0
2025-02-25		FBbt_00003658		1	1	0.0
2025-02-25		FBbt_00003658	VFB_00101567	1	1	0.0
2025-02-25		FBbt_00003668		1	1	0.0
2025-02-25		FBbt_00003668	VFB_00017894	2	1	0.0
2025-02-25		FBbt_00003678		3	2	0.0
2025-02-25		FBbt_00003678	VFB_00101567	3	2	0.0
2025-02-25		FBbt_00003679		2	1	0.0
2025-02-25		FBbt_00003679	VFB_00101567	2	2	0.0
2025-02-25		FBbt_00003680		2	1	0.0
2025-02-25		FBbt_00003680	VFB_00101567	2	1	0.0
2025-02-25		FBbt_00003682		7	1	0.0
2025-02-25		FBbt_00003682	VFB_00101567	9	2	0.0
2025-02-25		FBbt_00003683		3	1	0.0
2025-02-25		FBbt_00003683	VFB_00030786	3	2	0.0
2025-02-25		FBbt_00003743		1	1	0.0
2025-02-25		FBbt_00003743	VFB_00101567	1	1	0.0
2025-02-25		FBbt_00003748		2	1	0.0
2025-02-25		FBbt_00003748	VFB_00101567	2	1	0.0
2025-02-25		FBbt_00003982		3	1	0.0
2025-02-25		FBbt_00003982	VFB_00101567	3	1	0.0
2025-02-25		FBbt_00005801		6	2	0.0
2025-02-25		FBbt_00005801	VFB_00050000	5	2	0.0
2025-02-25		FBbt_00005801	VFB_00101567	1	1	0.0
2025-02-25		FBbt_00007001		1	1	0.0
2025-02-25		FBbt_00007001	VFB_00101567	1	1	0.0
2025-02-25		FBbt_00007055		11	3	14.0
2025-02-25		FBbt_00007055	VFB_00017894	3	1	0.0
2025-02-25		FBbt_00007055	VFB_00030786	1	1	0.0
2025-02-25		FBbt_00007055	VFB_00101567	15	2	0.0
2025-02-25		FBbt_00007060		1	1	0.0
2025-02-25		FBbt_00007060	VFB_00101567	1	1	0.0
2025-02-25		FBbt_00007065		2	1	85.0
2025-02-25		FBbt_00007065	VFB_00050000	2	1	0.0
2025-02-25		FBbt_00007191		1	1	0.0
2025-02-25		FBbt_00007191	VFB_00049000	1	1	0.0
2025-02-25		FBbt_00007453		1	1	0.0
2025-02-25		FBbt_00007453	VFB_00017894	1	1	0.0
2025-02-25		FBbt_00007511		1	1	0.0
2025-02-25		FBbt_00007511	VFB_00030786	1	1	0.0
2025-02-25		FBbt_00014013		9	2	0.0
2025-02-25		FBbt_00014013	VFB_00017894	1	1	0.0
2025-02-25		FBbt_00014013	VFB_00101567	8	1	0.0
2025-02-25		FBbt_00040001		1	1	0.0
2025-02-25		FBbt_00040001	VFB_00017894	1	1	0.0
2025-02-25		FBbt_00040005		1	1	0.0
2025-02-25		FBbt_00040005	VFB_00101567	1	1	0.0
2025-02-25		FBbt_00040041		13	5	0.0
2025-02-25		FBbt_00040041	VFB_00017894	2	2	0.0
2025-02-25		FBbt_00040041	VFB_00101567	11	4	0.0
2025-02-25		FBbt_00045040		2	1	0.0
2025-02-25		FBbt_00045040	VFB_00101567	2	1	0.0
2025-02-25		FBbt_00045050		2	1	0.0
2025-02-25		FBbt_00045050	VFB_00101567	2	1	0.0
2025-02-25		FBbt_00047090		4	1	0.0
2025-02-25		FBbt_00047090	VFB_00101567	4	1	0.0
2025-02-25		FBbt_00047887		2	1	0.0
2025-02-25		FBbt_00047887	VFB_00101567	2	1	0.0
2025-02-25		FBbt_00047982		2	1	0.0
2025-02-25		FBbt_00047982	VFB_00050000	2	1	0.0
2025-02-25		FBbt_00047984		1	1	0.0
2025-02-25		FBbt_00047984	VFB_00050000	1	1	0.0
2025-02-25		FBbt_00048266		2	1	0.0
2025-02-25		FBbt_00048266	VFB_00101567	2	2	0.0
2025-02-25		FBbt_00048268		3	1	0.0
2025-02-25		FBbt_00048268	VFB_00101567	3	1	0.0
2025-02-25		FBbt_00048269		1	1	0.0
2025-02-25		FBbt_00048269	VFB_00101567	1	1	0.0
2025-02-25		FBbt_00049213		4	1	0.0
2025-02-25		FBbt_00049213	VFB_00050000	4	1	0.0
2025-02-25		FBbt_00049214		3	1	14.0
2025-02-25		FBbt_00049214	VFB_00050000	2	1	0.0
2025-02-25		FBbt_00049214	VFB_00101567	1	1	0.0
2025-02-25		FBbt_00049726		1	1	0.0
2025-02-25		FBbt_00049726	VFB_00101567	1	1	0.0
2025-02-25		FBbt_00052287		1	1	0.0
2025-02-25		FBbt_00052287	VFB_00101567	1	1	0.0
2025-02-25		FBbt_00100232		1	1	0.0
2025-02-25		FBbt_00100232	VFB_00101567	1	1	0.0
2025-02-25		FBbt_00100238		2	1	0.0
2025-02-25		FBbt_00100238	VFB_00030786	7	2	0.0
2025-02-25		FBbt_00100769		1	1	0.0
2025-02-25		FBbt_00100769	VFB_00049000	1	1	0.0
2025-02-25		FBbt_00110101		7	1	0.0
2025-02-25		FBbt_00110101	VFB_00101567	7	1	0.0
2025-02-25		FBbt_00110190		1	1	0.0
2025-02-25		FBbt_00110190	VFB_00049000	1	1	0.0
2025-02-25		FBbt_00110191		1	1	0.0
2025-02-25		FBbt_00110191	VFB_00049000	1	1	0.0
2025-02-25		FBbt_00110327		4	1	0.0
2025-02-25		FBbt_00110327	VFB_00101567	4	1	0.0
2025-02-25		FBbt_00110337		2	1	0.0
2025-02-25		FBbt_00110337	VFB_00050000	4	2	0.0
2025-02-25		FBbt_00110429		1	1	0.0
2025-02-25		FBbt_00110429	VFB_00030786	1	1	0.0
2025-02-25		FBbt_00110636		3	2	0.0
2025-02-25		FBbt_00110636	VFB_00101567	4	2	0.0
2025-02-25		FBbt_00111203		1	1	0.0
2025-02-25		FBbt_00111203	VFB_00049000	1	1	0.0
2025-02-25		FBbt_20000870		9	1	0.0
2025-02-25		FBbt_20000870	VFB_00101567	9	1	0.0
2025-02-25		FBbt_20002982		10	1	0.0
2025-02-25		FBbt_20002982	VFB_00101567	10	1	0.0
2025-02-25		FBbt_20003008		1	1	0.0
2025-02-25		FBbt_20003008	VFB_00101567	1	1	0.0
2025-02-25		VFB_00000491		11	1	1.0
2025-02-25		VFB_00000491	VFB_00017894	8	1	0.0
2025-02-25		VFB_00000491	VFB_00030786	2	1	0.0
2025-02-25		VFB_00000491	VFB_00101567	1	1	0.0
2025-02-25		VFB_00005456		1	1	0.0
2025-02-25		VFB_00005456	VFB_00017894	1	1	0.0
2025-02-25		VFB_00009007		1	1	0.0
2025-02-25		VFB_00009007	VFB_00017894	1	1	0.0
2025-02-25		VFB_00009008		1	1	0.0
2025-02-25		VFB_00009008	VFB_00017894	1	1	0.0
2025-02-25		VFB_00009009		1	1	0.0
2025-02-25		VFB_00009009	VFB_00017894	1	1	0.0
2025-02-25		VFB_00009010		1	1	0.0
2025-02-25		VFB_00009010	VFB_00017894	1	1	0.0
2025-02-25		VFB_00009011		36	1	130.0
2025-02-25		VFB_00009011	VFB_00017894	18	3	0.0
2025-02-25		VFB_00009011	VFB_00030786	10	3	0.0
2025-02-25		VFB_00009011	VFB_00101567	8	2	0.0
2025-02-25		VFB_00009012		1	1	0.0
2025-02-25		VFB_00009012	VFB_00017894	1	1	0.0
2025-02-25		VFB_00009013		1	1	0.0
2025-02-25		VFB_00009013	VFB_00017894	1	1	0.0
2025-02-25		VFB_00009015		1	1	0.0
2025-02-25		VFB_00009015	VFB_00017894	1	1	0.0
2025-02-25		VFB_00009016		1	1	0.0
2025-02-25		VFB_00009016	VFB_00017894	1	1	0.0
2025-02-25		VFB_00009017		1	1	0.0
2025-02-25		VFB_00009017	VFB_00017894	1	1	0.0
2025-02-25		VFB_00009730		1	1	0.0
2025-02-25		VFB_00009730	VFB_00017894	1	1	0.0
2025-02-25		VFB_00013571		2	1	0.0
2025-02-25		VFB_00013571	VFB_00101567	2	1	0.0
2025-02-25		VFB_00013574		1	1	0.0
2025-02-25		VFB_00013574	VFB_00017894	1	1	0.0
2025-02-25		VFB_00013669		2	1	1.0
2025-02-25		VFB_00013669	VFB_00101567	2	1	0.0
2025-02-25		VFB_00023253		4	1	0.0
2025-02-25		VFB_00023253	VFB_00101567	4	1	0.0
2025-02-25		VFB_00025425		4	1	3.0
2025-02-25		VFB_00025425	VFB_00101567	4	2	0.0
2025-02-25		VFB_00025951		1	1	3.0
2025-02-25		VFB_00025951	VFB_00101567	1	1	0.0
2025-02-25		VFB_00026101		4	1	5.0
2025-02-25		VFB_00026101	VFB_00101567	4	2	0.0
2025-02-25		VFB_00026619		1	1	2.0
2025-02-25		VFB_00026619	VFB_00101567	1	1	0.0
2025-02-25		VFB_00026662		4	1	5.0
2025-02-25		VFB_00026662	VFB_00101567	4	2	0.0
2025-02-25		VFB_00026698		1	1	2.0
2025-02-25		VFB_00026698	VFB_00101567	1	1	0.0
2025-02-25		VFB_00026804		1	1	2.0
2025-02-25		VFB_00026804	VFB_00101567	1	1	0.0
2025-02-25		VFB_00027223		4	1	5.0
2025-02-25		VFB_00027223	VFB_00101567	4	3	0.0
2025-02-25		VFB_00027308		1	1	3.0
2025-02-25		VFB_00027308	VFB_00101567	1	1	0.0
2025-02-25		VFB_00027346		1	1	3.0
2025-02-25		VFB_00027346	VFB_00101567	1	1	0.0
2025-02-25		VFB_00027505		8	1	12.0
2025-02-25		VFB_00027505	VFB_00101567	7	2	0.0
2025-02-25		VFB_00027803		1	1	10.0
2025-02-25		VFB_00027803	VFB_00101567	1	1	0.0
2025-02-25		VFB_00029312		4	1	5.0
2025-02-25		VFB_00029312	VFB_00101567	4	3	0.0
2025-02-25		VFB_00029598		4	1	6.0
2025-02-25		VFB_00029598	VFB_00101567	4	3	0.0
2025-02-25		VFB_00029692		1	1	3.0
2025-02-25		VFB_00029692	VFB_00101567	1	1	0.0
2025-02-25		VFB_00030614		2	1	2.0
2025-02-25		VFB_00030614	VFB_00017894	2	1	0.0
2025-02-25		VFB_00030619		2	1	4.0
2025-02-25		VFB_00030619	VFB_00017894	2	1	0.0
2025-02-25		VFB_00030814		27	1	156.0
2025-02-25		VFB_00030814	VFB_00030786	23	2	0.0
2025-02-25		VFB_00030822		3	1	0.0
2025-02-25		VFB_00030822	VFB_00101567	5	1	0.0
2025-02-25		VFB_00030852		54	1	746.0
2025-02-25		VFB_00030852	VFB_00030786	42	2	0.0
2025-02-25		VFB_00030852	VFB_00101567	11	3	0.0
2025-02-25		VFB_00030866		17	2	15.0
2025-02-25		VFB_00030866	VFB_00017894	8	1	0.0
2025-02-25		VFB_00030866	VFB_00101567	8	2	0.0
2025-02-25		VFB_00030867		4	1	14.0
2025-02-25		VFB_00030867	VFB_00017894	1	1	0.0
2025-02-25		VFB_00030867	VFB_00101567	3	1	0.0
2025-02-25		VFB_00037076		1	1	3.0
2025-02-25		VFB_00037076	VFB_00101567	1	1	0.0
2025-02-25		VFB_00037755		4	1	6.0
2025-02-25		VFB_00037755	VFB_00101567	4	3	0.0
2025-02-25		VFB_00038272		1	1	3.0
2025-02-25		VFB_00038272	VFB_00101567	1	1	0.0
2025-02-25		VFB_00041005		4	1	6.0
2025-02-25		VFB_00041005	VFB_00101567	4	3	0.0
2025-02-25		VFB_00043759		1	1	1.0
2025-02-25		VFB_00043759	VFB_00101567	1	1	0.0
2025-02-25		VFB_00043808		1	1	3.0
2025-02-25		VFB_00043808	VFB_00101567	1	1	0.0
2025-02-25		VFB_00043831		1	1	1.0
2025-02-25		VFB_00043831	VFB_00101567	1	1	0.0
2025-02-25		VFB_00044323		4	1	6.0
2025-02-25		VFB_00044323	VFB_00101567	4	3	0.0
2025-02-25		VFB_00044409		1	1	3.0
2025-02-25		VFB_00044409	VFB_00101567	1	1	0.0
2025-02-25		VFB_00045063		4	1	6.0
2025-02-25		VFB_00045063	VFB_00101567	4	3	0.0
2025-02-25		VFB_00045491		1	1	3.0
2025-02-25		VFB_00045491	VFB_00101567	1	1	0.0
2025-02-25		VFB_00045610		4	1	2.0
2025-02-25		VFB_00045610	VFB_00101567	4	3	0.0
2025-02-25		VFB_00045670		4	1	3.0
2025-02-25		VFB_00045670	VFB_00101567	4	3	0.0
2025-02-25		VFB_00045675		1	1	1.0
2025-02-25		VFB_00045675	VFB_00101567	1	1	0.0
2025-02-25		VFB_00045931		1	1	4.0
2025-02-25		VFB_00045931	VFB_00101567	1	1	0.0
2025-02-25		VFB_00046059		1	1	3.0
2025-02-25		VFB_00046059	VFB_00101567	1	1	0.0
2025-02-25		VFB_00046316		1	1	3.0
2025-02-25		VFB_00046316	VFB_00101567	1	1	0.0
2025-02-25		VFB_00046585		4	1	5.0
2025-02-25		VFB_00046585	VFB_00101567	4	2	0.0
2025-02-25		VFB_00046617		1	1	2.0
2025-02-25		VFB_00046617	VFB_00101567	1	1	0.0
2025-02-25		VFB_00046812		4	1	5.0
2025-02-25		VFB_00046812	VFB_00101567	4	3	0.0
2025-02-25		VFB_00046973		4	1	5.0
2025-02-25		VFB_00046973	VFB_00101567	4	3	0.0
2025-02-25		VFB_00047337		1	1	3.0
2025-02-25		VFB_00047337	VFB_00101567	1	1	0.0
2025-02-25		VFB_00047562		1	1	2.0
2025-02-25		VFB_00047562	VFB_00101567	1	1	0.0
2025-02-25		VFB_00047567		4	1	6.0
2025-02-25		VFB_00047567	VFB_00101567	4	2	0.0
2025-02-25		VFB_00047825		4	1	11.0
2025-02-25		VFB_00047825	VFB_00101567	4	3	0.0
2025-02-25		VFB_00047941		1	1	2.0
2025-02-25		VFB_00047941	VFB_00101567	1	1	0.0
2025-02-25		VFB_00048210		4	1	5.0
2025-02-25		VFB_00048210	VFB_00101567	4	2	0.0
2025-02-25		VFB_00048429		1	1	3.0
2025-02-25		VFB_00048429	VFB_00101567	1	1	0.0
2025-02-25		VFB_00048555		4	1	6.0
2025-02-25		VFB_00048555	VFB_00101567	4	3	0.0
2025-02-25		VFB_00048589		2	1	3.0
2025-02-25		VFB_00048589	VFB_00101567	2	1	0.0
2025-02-25		VFB_00049000		2	2	2.0
2025-02-25		VFB_00049000	VFB_00049000	3	3	1.0
2025-02-25		VFB_00050000		10	2	0.0
2025-02-25		VFB_00050000	VFB_00050000	13	3	97.0
2025-02-25		VFB_00050274		34	1	36.0
2025-02-25		VFB_00050274	VFB_00049000	34	4	0.0
2025-02-25		VFB_00050276		20	1	149.0
2025-02-25		VFB_00050276	VFB_00049000	15	6	0.0
2025-02-25		VFB_00050428		7	1	62.0
2025-02-25		VFB_00050428	VFB_00049000	7	2	0.0
2025-02-25		VFB_00050502		7	1	41.0
2025-02-25		VFB_00050502	VFB_00049000	7	2	0.0
2025-02-25		VFB_00050505		13	1	13.0
2025-02-25		VFB_00050505	VFB_00049000	18	1	0.0
2025-02-25		VFB_00050507		2	1	2.0
2025-02-25		VFB_00050507	VFB_00049000	2	1	0.0
2025-02-25		VFB_00063656		3	1	4.0
2025-02-25		VFB_00063656	VFB_00101567	3	3	0.0
2025-02-25		VFB_00064046		3	1	5.0
2025-02-25		VFB_00064046	VFB_00101567	3	3	0.0
2025-02-25		VFB_00064784		1	1	2.0
2025-02-25		VFB_00064784	VFB_00101567	1	1	0.0
2025-02-25		VFB_00064848		1	1	2.0
2025-02-25		VFB_00064848	VFB_00101567	1	1	0.0
2025-02-25		VFB_00065232		1	1	4.0
2025-02-25		VFB_00065232	VFB_00101567	1	1	0.0
2025-02-25		VFB_00065640		3	1	5.0
2025-02-25		VFB_00065640	VFB_00101567	3	3	0.0
2025-02-25		VFB_00066047		1	1	2.0
2025-02-25		VFB_00066047	VFB_00101567	1	1	0.0
2025-02-25		VFB_00066067		10	1	0.0
2025-02-25		VFB_00066067	VFB_00101567	10	1	0.0
2025-02-25		VFB_00066137		1	1	2.0
2025-02-25		VFB_00066137	VFB_00101567	1	1	0.0
2025-02-25		VFB_00066490		3	1	4.0
2025-02-25		VFB_00066490	VFB_00101567	3	3	0.0
2025-02-25		VFB_00066496		1	1	3.0
2025-02-25		VFB_00066496	VFB_00101567	1	1	0.0
2025-02-25		VFB_00066785		1	1	8.0
2025-02-25		VFB_00066785	VFB_00101567	1	1	0.0
2025-02-25		VFB_00067055		3	1	5.0
2025-02-25		VFB_00067055	VFB_00101567	3	3	0.0
2025-02-25		VFB_00067367		1	1	0.0
2025-02-25		VFB_00067367	VFB_00101567	1	1	0.0
2025-02-25		VFB_00067983		1	1	3.0
2025-02-25		VFB_00067983	VFB_00101567	1	1	0.0
2025-02-25		VFB_00068380		1	1	3.0
2025-02-25		VFB_00068380	VFB_00101567	1	1	0.0
2025-02-25		VFB_00068436		1	1	2.0
2025-02-25		VFB_00068436	VFB_00101567	1	1	0.0
2025-02-25		VFB_00068442		9	1	19.0
2025-02-25		VFB_00068442	VFB_00101567	9	2	0.0
2025-02-25		VFB_00068612		1	1	0.0
2025-02-25		VFB_00068612	VFB_00101567	1	1	0.0
2025-02-25		VFB_00068839		1	1	3.0
2025-02-25		VFB_00068839	VFB_00101567	1	1	0.0
2025-02-25		VFB_00068859		1	1	2.0
2025-02-25		VFB_00068859	VFB_00101567	1	1	0.0
2025-02-25		VFB_00070024		3	1	4.0
2025-02-25		VFB_00070024	VFB_00101567	3	2	0.0
2025-02-25		VFB_00070030		2	1	3.0
2025-02-25		VFB_00070030	VFB_00101567	2	1	0.0
2025-02-25		VFB_00100210		3	1	0.0
2025-02-25		VFB_00100210	VFB_00050000	3	2	0.0
2025-02-25		VFB_00100228		1	1	0.0
2025-02-25		VFB_00100228	VFB_00050000	1	1	0.0
2025-02-25		VFB_0010022w		1	1	0.0
2025-02-25		VFB_0010022w	VFB_00050000	1	1	0.0
2025-02-25		VFB_0010023r		5	1	0.0
2025-02-25		VFB_0010023r	VFB_00050000	5	2	0.0
2025-02-25		VFB_0010023u		5	1	13.0
2025-02-25		VFB_0010023u	VFB_00050000	5	1	0.0
2025-02-25		VFB_0010023x		1	1	0.0
2025-02-25		VFB_0010023x	VFB_00050000	1	1	0.0
2025-02-25		VFB_00100247		1	1	0.0
2025-02-25		VFB_00100247	VFB_00050000	1	1	0.0
2025-02-25		VFB_0010024x		1	1	0.0
2025-02-25		VFB_0010024x	VFB_00050000	1	1	0.0
2025-02-25		VFB_0010024y		18	1	1611.0
2025-02-25		VFB_0010024y	VFB_00050000	18	5	0.0
2025-02-25		VFB_0010025j		1	1	0.0
2025-02-25		VFB_0010025j	VFB_00050000	1	1	0.0
2025-02-25		VFB_0010025z		6	1	0.0
2025-02-25		VFB_0010025z	VFB_00050000	6	2	0.0
2025-02-25		VFB_0010028a		1	1	0.0
2025-02-25		VFB_0010028a	VFB_00050000	1	1	0.0
2025-02-25		VFB_0010028f		1	1	0.0
2025-02-25		VFB_0010028f	VFB_00050000	1	1	0.0
2025-02-25		VFB_00100362		1	1	0.0
2025-02-25		VFB_00100362	VFB_00050000	1	1	0.0
2025-02-25		VFB_00100367		3	1	12.0
2025-02-25		VFB_00100367	VFB_00050000	3	2	0.0
2025-02-25		VFB_00100388		1	1	0.0
2025-02-25		VFB_00100388	VFB_00050000	1	1	0.0
2025-02-25		VFB_00100424		5	1	5.0
2025-02-25		VFB_00100424	VFB_00050000	3	2	0.0
2025-02-25		VFB_00100454		1	1	0.0
2025-02-25		VFB_00100454	VFB_00050000	1	1	0.0
2025-02-25		VFB_00100521		6	1	0.0
2025-02-25		VFB_00100521	VFB_00049000	5	1	0.0
2025-02-25		VFB_00100521	VFB_00050000	1	1	0.0
2025-02-25		VFB_00100715		1	1	2.0
2025-02-25		VFB_00100715	VFB_00050000	1	1	0.0
2025-02-25		VFB_00100ehb		1	1	0.0
2025-02-25		VFB_00100ehb	VFB_00101567	1	1	0.0
2025-02-25		VFB_00100xsd		4	1	16.0
2025-02-25		VFB_00100xsd	VFB_00101567	4	2	0.0
2025-02-25		VFB_00100y8x		13	1	8.0
2025-02-25		VFB_00100y8x	VFB_00101567	11	2	0.0
2025-02-25		VFB_00100yq2		10	1	0.0
2025-02-25		VFB_00100yq2	VFB_00101567	10	1	0.0
2025-02-25		VFB_00101132		14	1	0.0
2025-02-25		VFB_00101132	VFB_00101567	14	3	0.0
2025-02-25		VFB_001011el		1	1	0.0
2025-02-25		VFB_001011el	VFB_00050000	1	1	0.0
2025-02-25		VFB_001011f6		1	1	0.0
2025-02-25		VFB_001011f6	VFB_00050000	1	1	0.0
2025-02-25		VFB_001011f9		1	1	0.0
2025-02-25		VFB_001011f9	VFB_00050000	1	1	0.0
2025-02-25		VFB_001011fg		1	1	0.0
2025-02-25		VFB_001011fg	VFB_00050000	1	1	0.0
2025-02-25		VFB_001011g5		1	1	0.0
2025-02-25		VFB_001011g5	VFB_00050000	1	1	0.0
2025-02-25		VFB_001011i7		1	1	0.0
2025-02-25		VFB_001011i7	VFB_00050000	1	1	0.0
2025-02-25		VFB_001011ii		1	1	0.0
2025-02-25		VFB_001011ii	VFB_00050000	1	1	0.0
2025-02-25		VFB_001011ji		1	1	0.0
2025-02-25		VFB_001011ji	VFB_00050000	1	1	0.0
2025-02-25		VFB_001011we		2	1	4.0
2025-02-25		VFB_001011we	VFB_00101567	2	1	0.0
2025-02-25		VFB_00101296		1	1	0.0
2025-02-25		VFB_00101296	VFB_00101567	1	1	0.0
2025-02-25		VFB_001013bo		28	1	183.0
2025-02-25		VFB_001013bo	VFB_00101567	28	2	0.0
2025-02-25		VFB_0010140c		3	1	0.0
2025-02-25		VFB_0010140c	VFB_00017894	2	1	0.0
2025-02-25		VFB_0010140c	VFB_00101567	1	1	0.0
2025-02-25		VFB_0010140d		3	1	1.0
2025-02-25		VFB_0010140d	VFB_00017894	2	1	0.0
2025-02-25		VFB_0010140d	VFB_00101567	1	1	0.0
2025-02-25		VFB_0010141n		17	1	7.0
2025-02-25		VFB_0010141n	VFB_00101567	17	1	0.0
2025-02-25		VFB_0010142s		3	1	0.0
2025-02-25		VFB_0010142s	VFB_00017894	2	1	0.0
2025-02-25		VFB_0010142s	VFB_00101567	1	1	0.0
2025-02-25		VFB_0010144y		5	1	22.0
2025-02-25		VFB_0010144y	VFB_00101567	5	1	0.0
2025-02-25		VFB_0010145b		3	1	0.0
2025-02-25		VFB_0010145b	VFB_00017894	2	1	0.0
2025-02-25		VFB_0010145b	VFB_00101567	1	1	0.0
2025-02-25		VFB_001014b2		13	1	7.0
2025-02-25		VFB_001014b2	VFB_00101567	13	2	0.0
2025-02-25		VFB_001014df		5	1	2.0
2025-02-25		VFB_001014df	VFB_00101567	5	1	0.0
2025-02-25		VFB_001014kl		4	1	0.0
2025-02-25		VFB_001014kl	VFB_00017894	2	1	0.0
2025-02-25		VFB_001014kl	VFB_00101567	2	1	0.0
2025-02-25		VFB_001014uq		3	1	7.0
2025-02-25		VFB_001014uq	VFB_00101567	2	1	0.0
2025-02-25		VFB_001014uq	VFB_00110000	1	1	0.0
2025-02-25		VFB_00101567		177	32	303.0
2025-02-25		VFB_00101567	VFB_00101567	178	42	0.0
2025-02-25		VFB_001015a8		6	1	22.0
2025-02-25		VFB_001015a8	VFB_00050000	6	2	0.0
2025-02-25		VFB_001015bo		1	1	4.0
2025-02-25		VFB_001015bo	VFB_00050000	1	1	0.0
2025-02-25		VFB_00102134		4	1	0.0
2025-02-25		VFB_00102134	VFB_00101567	4	1	0.0
2025-02-25		VFB_00102162		4	1	0.0
2025-02-25		VFB_00102162	VFB_00101567	2	2	0.0
2025-02-25		VFB_00102170		2	1	0.0
2025-02-25		VFB_00102170	VFB_00101567	2	1	0.0
2025-02-25		VFB_00102215		4	1	7.0
2025-02-25		VFB_00102215	VFB_00101567	2	1	0.0
2025-02-25		VFB_00102479		6	1	0.0
2025-02-25		VFB_00102479	VFB_00101567	6	1	0.0
2025-02-25		VFB_00102ekk		7	1	29.0
2025-02-25		VFB_00102ekk	VFB_00050000	7	1	0.0
2025-02-25		VFB_00102el1		3	1	1.0
2025-02-25		VFB_00102el1	VFB_00050000	3	2	0.0
2025-02-25		VFB_00102eno		1	1	0.0
2025-02-25		VFB_00102eno	VFB_00050000	1	1	0.0
2025-02-25		VFB_00102eqf		4	1	8.0
2025-02-25		VFB_00102eqf	VFB_00050000	4	1	0.0
2025-02-25		VFB_00102eyc		6	1	0.0
2025-02-25		VFB_00102eyc	VFB_00050000	6	1	0.0
2025-02-25		VFB_00102eyf		1	1	0.0
2025-02-25		VFB_00102eyf	VFB_00050000	1	1	0.0
2025-02-25		VFB_00103mfq		4	1	60.0
2025-02-25		VFB_00103mfq	VFB_00101567	4	2	0.0
2025-02-25		VFB_00200000		1	1	0.0
2025-02-25		VFB_00200000	VFB_00200000	3	3	13.0
2025-02-25		VFB_fw000427		1	1	0.0
2025-02-25		VFB_fw000427	VFB_00101567	1	1	0.0
2025-02-25		VFB_fw001342		1	1	0.0
2025-02-25		VFB_fw001342	VFB_00101567	1	1	0.0
2025-02-25		VFB_fw001438		14	1	0.0
2025-02-25		VFB_fw001438	VFB_00101567	14	1	0.0
2025-02-25		VFB_fw002177		1	1	0.0
2025-02-25		VFB_fw002177	VFB_00101567	1	1	0.0
2025-02-25		VFB_fw002766		1	1	0.0
2025-02-25		VFB_fw002766	VFB_00101567	1	1	0.0
2025-02-25		VFB_fw002780		9	1	0.0
2025-02-25		VFB_fw002780	VFB_00101567	9	1	0.0
2025-02-25		VFB_fw003229		10	1	0.0
2025-02-25		VFB_fw003229	VFB_00101567	10	1	0.0
2025-02-25		VFB_fw003390		1	1	0.0
2025-02-25		VFB_fw003390	VFB_00101567	1	1	0.0
2025-02-25		VFB_fw003503		9	1	0.0
2025-02-25		VFB_fw003503	VFB_00101567	9	1	0.0
2025-02-25		VFB_fw004378		3	1	0.0
2025-02-25		VFB_fw004378	VFB_00017894	2	1	0.0
2025-02-25		VFB_fw004378	VFB_00101567	1	1	0.0
2025-02-25		VFB_fw005797		1	1	0.0
2025-02-25		VFB_fw005797	VFB_00101567	1	1	0.0
2025-02-25		VFB_fw008249		10	1	3.0
2025-02-25		VFB_fw008249	VFB_00101567	10	2	0.0
2025-02-25		VFB_fw008721		4	1	3.0
2025-02-25		VFB_fw008721	VFB_00017894	2	1	0.0
2025-02-25		VFB_fw008721	VFB_00101567	2	1	0.0
2025-02-25		VFB_fw008812		9	1	0.0
2025-02-25		VFB_fw008812	VFB_00101567	9	1	0.0
2025-02-25		VFB_fw010220		7	1	27.0
2025-02-25		VFB_fw010220	VFB_00101567	7	2	0.0
2025-02-25		VFB_fw014970		3	1	0.0
2025-02-25		VFB_fw014970	VFB_00017894	2	1	0.0
2025-02-25		VFB_fw014970	VFB_00101567	1	1	0.0
2025-02-25		VFB_fw019973		9	1	0.0
2025-02-25		VFB_fw019973	VFB_00101567	9	1	0.0
2025-02-25		VFB_fw023507		9	1	0.0
2025-02-25		VFB_fw023507	VFB_00101567	9	1	0.0
2025-02-25		VFB_fw025761		9	1	0.0
2025-02-25		VFB_fw025761	VFB_00101567	9	1	0.0
2025-02-25		VFB_fw025774		24	1	0.0
2025-02-25		VFB_fw025774	VFB_00101567	24	1	0.0
2025-02-25		VFB_fw026918		1	1	0.0
2025-02-25		VFB_fw026918	VFB_00101567	1	1	0.0
2025-02-25		VFB_fw027569		9	1	0.0
2025-02-25		VFB_fw027569	VFB_00101567	9	1	0.0
2025-02-25		VFB_fw032690		2	1	0.0
2025-02-25		VFB_fw032690	VFB_00017894	2	1	0.0
2025-02-25		VFB_fw032870		9	1	0.0
2025-02-25		VFB_fw032870	VFB_00101567	9	1	0.0
2025-02-25		VFB_fw033583		10	1	23.0
2025-02-25		VFB_fw033583	VFB_00017894	4	2	0.0
2025-02-25		VFB_fw033583	VFB_00101567	7	1	0.0
2025-02-25		VFB_fw034764		6	1	3.0
2025-02-25		VFB_fw034764	VFB_00017894	4	2	0.0
2025-02-25		VFB_fw034764	VFB_00101567	2	1	0.0
2025-02-25		VFB_fw035915		3	1	0.0
2025-02-25		VFB_fw035915	VFB_00030786	2	1	0.0
2025-02-25		VFB_fw035915	VFB_00101567	1	1	0.0
2025-02-25		VFB_fw036337		1	1	0.0
2025-02-25		VFB_fw036337	VFB_00101567	1	1	0.0
2025-02-25		VFB_fw037774		1	1	0.0
2025-02-25		VFB_fw037774	VFB_00101567	1	1	0.0
2025-02-25		VFB_fw038119		1	1	0.0
2025-02-25		VFB_fw038119	VFB_00101567	1	1	0.0
2025-02-25		VFB_fw038573		10	1	0.0
2025-02-25		VFB_fw038573	VFB_00101567	10	1	0.0
2025-02-25		VFB_fw038582		3	1	0.0
2025-02-25		VFB_fw038582	VFB_00017894	2	1	0.0
2025-02-25		VFB_fw038582	VFB_00101567	1	1	0.0
2025-02-25		VFB_fw038588		3	1	0.0
2025-02-25		VFB_fw038588	VFB_00017894	2	1	0.0
2025-02-25		VFB_fw038588	VFB_00101567	1	1	0.0
2025-02-25		VFB_fw038771		10	1	0.0
2025-02-25		VFB_fw038771	VFB_00101567	10	1	0.0
2025-02-25		VFB_fw041055		1	1	0.0
2025-02-25		VFB_fw041055	VFB_00101567	1	1	0.0
2025-02-25		VFB_fw043540		9	1	0.0
2025-02-25		VFB_fw043540	VFB_00101567	9	1	0.0
2025-02-25		VFB_jrchjrcq		14	1	1.0
2025-02-25		VFB_jrchjrcq	VFB_00030786	7	1	0.0
2025-02-25		VFB_jrchjrcq	VFB_00101567	6	2	0.0
2025-02-25		VFB_jrchjtn1		1	1	19.0
2025-02-25		VFB_jrchjtn1	VFB_00101567	1	1	0.0
2025-02-25		VFB_jrchjtpj		5	1	23.0
2025-02-25		VFB_jrchjtpj	VFB_00101567	5	1	0.0
2025-02-25		VFB_jrchjts1		2	1	7.0
2025-02-25		VFB_jrchjts1	VFB_00101567	2	1	0.0
2025-02-25		VFB_jrchjtso		3	1	11.0
2025-02-25		VFB_jrchjtso	VFB_00101567	3	2	0.0
2025-02-25		VFB_jrchju39		17	1	23.0
2025-02-25		VFB_jrchju39	VFB_00101567	21	3	0.0
2025-02-25		VFB_jrchjzmr		13	1	105.0
2025-02-25		VFB_jrchjzmr	VFB_00101567	13	1	0.0
2025-02-25		VFB_jrchk0e3		1	1	0.0
2025-02-25		VFB_jrchk0e3	VFB_00101567	1	1	0.0
2025-02-25		VFB_jrchk0e5		1	1	0.0
2025-02-25		VFB_jrchk0e5	VFB_00101567	1	1	0.0
2025-02-25		VFB_jrchk0e6		1	1	0.0
2025-02-25		VFB_jrchk0e6	VFB_00101567	1	1	0.0
2025-02-25		VFB_jrchk0e7		2	1	7.0
2025-02-25		VFB_jrchk0e7	VFB_00101567	2	1	0.0
2025-02-25		VFB_jrchk0e8		1	1	0.0
2025-02-25		VFB_jrchk0e8	VFB_00101567	1	1	0.0
2025-02-25		VFB_jrchk0ea		1	1	0.0
2025-02-25		VFB_jrchk0ea	VFB_00101567	1	1	0.0
2025-02-25		VFB_jrchk0eo		1	1	0.0
2025-02-25		VFB_jrchk0eo	VFB_00101567	1	1	0.0
2025-02-25		VFB_jrchk0es		3	1	1.0
2025-02-25		VFB_jrchk0es	VFB_00101567	3	1	0.0
2025-02-25		VFB_jrchk0et		4	1	0.0
2025-02-25		VFB_jrchk0et	VFB_00017894	2	1	0.0
2025-02-25		VFB_jrchk0et	VFB_00101384	1	1	0.0
2025-02-25		VFB_jrchk0et	VFB_00101567	6	1	0.0
2025-02-25		VFB_jrchk0eu		17	1	71.0
2025-02-25		VFB_jrchk0eu	VFB_00017894	4	1	0.0
2025-02-25		VFB_jrchk0eu	VFB_00101567	8	2	0.0
2025-02-25		VFB_jrchk0ev		5	1	0.0
2025-02-25		VFB_jrchk0ev	VFB_00017894	4	1	0.0
2025-02-25		VFB_jrchk0ev	VFB_00101384	1	1	0.0
2025-02-25		VFB_jrchk0ew		3	1	1.0
2025-02-25		VFB_jrchk0ew	VFB_00017894	2	1	0.0
2025-02-25		VFB_jrchk0ew	VFB_00101384	1	1	0.0
2025-02-25		VFB_jrchk0xv		14	1	0.0
2025-02-25		VFB_jrchk0xv	VFB_00101567	14	1	0.0
2025-02-25		VFB_jrchk10e		4	1	1.0
2025-02-25		VFB_jrchk10e	VFB_00101567	4	2	0.0
2025-02-25		VFB_jrchk32k		2	1	0.0
2025-02-25		VFB_jrchk32k	VFB_00101567	2	1	0.0
2025-02-25		VFB_jrchk32m		18	1	0.0
2025-02-25		VFB_jrchk32m	VFB_00101567	18	1	0.0
2025-02-25		VFB_jrchk37h		9	1	0.0
2025-02-25		VFB_jrchk37h	VFB_00101567	9	1	0.0
2025-02-25		VFB_jrchk43u		1	1	0.0
2025-02-25		VFB_jrchk43u	VFB_00101567	1	1	0.0
2025-02-25		VFB_jrchk45e		1	1	0.0
2025-02-25		VFB_jrchk45e	VFB_00101384	1	1	0.0
2025-02-25		VFB_jrchk45f		1	1	0.0
2025-02-25		VFB_jrchk45f	VFB_00101567	1	1	0.0
2025-02-25		VFB_jrchk45h		1	1	0.0
2025-02-25		VFB_jrchk45h	VFB_00101567	1	1	0.0
2025-02-25		VFB_jrchk45i		1	1	0.0
2025-02-25		VFB_jrchk45i	VFB_00101567	1	1	0.0
2025-02-25		VFB_jrchk45p		12	1	0.0
2025-02-25		VFB_jrchk45p	VFB_00017894	2	1	0.0
2025-02-25		VFB_jrchk45p	VFB_00101567	10	1	0.0
2025-02-25		VFB_jrchk45q		1	1	0.0
2025-02-25		VFB_jrchk45q	VFB_00101384	1	1	0.0
2025-02-25		VFB_jrchk45s		1	1	0.0
2025-02-25		VFB_jrchk45s	VFB_00101567	1	1	0.0
2025-02-25		VFB_jrchk45t		3	1	0.0
2025-02-25		VFB_jrchk45t	VFB_00101567	3	1	0.0
2025-02-25		VFB_jrchk45v		1	1	0.0
2025-02-25		VFB_jrchk45v	VFB_00101567	1	1	0.0
2025-02-25		VFB_jrchk461		14	1	0.0
2025-02-25		VFB_jrchk461	VFB_00101567	14	1	0.0
2025-02-25		VFB_jrchk57d		3	1	0.0
2025-02-25		VFB_jrchk57d	VFB_00017894	2	1	0.0
2025-02-25		VFB_jrchk57d	VFB_00101384	1	1	0.0
2025-02-25		VFB_jrchk6gf		10	1	0.0
2025-02-25		VFB_jrchk6gf	VFB_00101567	10	1	0.0
2025-02-25		VFB_jrchk6jp		3	1	0.0
2025-02-25		VFB_jrchk6jp	VFB_00017894	2	1	0.0
2025-02-25		VFB_jrchk6jp	VFB_00101567	1	1	0.0
2025-02-25		VFB_jrchk6jr		3	1	0.0
2025-02-25		VFB_jrchk6jr	VFB_00017894	2	1	0.0
2025-02-25		VFB_jrchk6jr	VFB_00101384	1	1	0.0
2025-02-25		VFB_jrchk6jz		1	1	0.0
2025-02-25		VFB_jrchk6jz	VFB_00101567	1	1	0.0
2025-02-25		VFB_jrchk6mh		1	1	0.0
2025-02-25		VFB_jrchk6mh	VFB_00101567	1	1	0.0
2025-02-25		VFB_jrchk6mk		9	1	0.0
2025-02-25		VFB_jrchk6mk	VFB_00101567	9	1	0.0
2025-02-25		VFB_jrchk6mv		1	1	0.0
2025-02-25		VFB_jrchk6mv	VFB_00101567	1	1	0.0
2025-02-25		VFB_jrchk6pg		2	1	0.0
2025-02-25		VFB_jrchk6pg	VFB_00017894	2	1	0.0
2025-02-25		VFB_jrchk6s3		1	1	0.0
2025-02-25		VFB_jrchk6s3	VFB_00101567	1	1	0.0
2025-02-25		VFB_jrchk6sh		1	1	0.0
2025-02-25		VFB_jrchk6sh	VFB_00101567	1	1	0.0
2025-02-25		VFB_jrchk6sj		3	1	1.0
2025-02-25		VFB_jrchk6sj	VFB_00017894	2	1	0.0
2025-02-25		VFB_jrchk6sj	VFB_00101567	1	1	0.0
2025-02-25		VFB_jrchk6sk		3	1	0.0
2025-02-25		VFB_jrchk6sk	VFB_00017894	2	1	0.0
2025-02-25		VFB_jrchk6sk	VFB_00101384	1	1	0.0
2025-02-25		VFB_jrchk6sl		3	1	0.0
2025-02-25		VFB_jrchk6sl	VFB_00017894	2	1	0.0
2025-02-25		VFB_jrchk6sl	VFB_00101384	1	1	0.0
2025-02-25		VFB_jrchk6sm		3	1	0.0
2025-02-25		VFB_jrchk6sm	VFB_00017894	2	1	0.0
2025-02-25		VFB_jrchk6sm	VFB_00101384	1	1	0.0
2025-02-25		VFB_jrchk6sn		3	1	0.0
2025-02-25		VFB_jrchk6sn	VFB_00017894	2	1	0.0
2025-02-25		VFB_jrchk6sn	VFB_00101567	1	1	0.0
2025-02-25		VFB_jrchk6so		3	1	0.0
2025-02-25		VFB_jrchk6so	VFB_00017894	2	1	0.0
2025-02-25		VFB_jrchk6so	VFB_00101384	1	1	0.0
2025-02-25		VFB_jrchk6sp		8	1	33.0
2025-02-25		VFB_jrchk6sp	VFB_00017894	2	1	0.0
2025-02-25		VFB_jrchk6sp	VFB_00101384	6	2	0.0
2025-02-25		VFB_jrchk6sq		3	1	0.0
2025-02-25		VFB_jrchk6sq	VFB_00017894	2	1	0.0
2025-02-25		VFB_jrchk6sq	VFB_00101567	1	1	0.0
2025-02-25		VFB_jrchk6sx		3	1	0.0
2025-02-25		VFB_jrchk6sx	VFB_00017894	2	1	0.0
2025-02-25		VFB_jrchk6sx	VFB_00101384	1	1	0.0
2025-02-25		VFB_jrchk6ta		3	1	0.0
2025-02-25		VFB_jrchk6ta	VFB_00017894	2	1	0.0
2025-02-25		VFB_jrchk6ta	VFB_00101384	1	1	0.0
2025-02-25		VFB_jrchk6tc		3	1	1.0
2025-02-25		VFB_jrchk6tc	VFB_00017894	2	1	0.0
2025-02-25		VFB_jrchk6tc	VFB_00101567	1	1	0.0
2025-02-25		VFB_jrchk6wc		6	1	0.0
2025-02-25		VFB_jrchk6wc	VFB_00101567	6	1	0.0
2025-02-25		VFB_jrchk6we		9	1	0.0
2025-02-25		VFB_jrchk6we	VFB_00101567	9	1	0.0
2025-02-25		VFB_jrchk6wj		10	1	0.0
2025-02-25		VFB_jrchk6wj	VFB_00101567	10	1	0.0
2025-02-25		VFB_jrchk6xx		6	1	31.0
2025-02-25		VFB_jrchk6xx	VFB_00101567	6	2	0.0
2025-02-25		VFB_jrchk6yf		2	1	0.0
2025-02-25		VFB_jrchk6yf	VFB_00101567	2	1	0.0
2025-02-25		VFB_jrchk6yh		1	1	0.0
2025-02-25		VFB_jrchk6yh	VFB_00101567	1	1	0.0
2025-02-25		VFB_jrchk6yi		1	1	0.0
2025-02-25		VFB_jrchk6yi	VFB_00101567	1	1	0.0
2025-02-25		VFB_jrchk703		1	1	0.0
2025-02-25		VFB_jrchk703	VFB_00101567	1	1	0.0
2025-02-25		VFB_jrchk70b		1	1	0.0
2025-02-25		VFB_jrchk70b	VFB_00101567	1	1	0.0
2025-02-25		VFB_jrchk716		1	1	0.0
2025-02-25		VFB_jrchk716	VFB_00101567	1	1	0.0
2025-02-25		VFB_jrchk750		9	1	0.0
2025-02-25		VFB_jrchk750	VFB_00101567	9	1	0.0
2025-02-25		VFB_jrchk8ow		15	1	3.0
2025-02-25		VFB_jrchk8ow	VFB_00101567	11	2	0.0
2025-02-25		VFB_jrcv08v2		1	1	0.0
2025-02-25		VFB_jrcv08v2	VFB_00200000	1	1	0.0
2025-02-25		VFB_jrcv0c7i		1	1	0.0
2025-02-25		VFB_jrcv0c7i	VFB_00200000	1	1	0.0
2025-02-25		VFB_jrcv0hvf		2	1	10.0
2025-02-25		VFB_jrcv0hvf	VFB_00200000	2	2	0.0
2025-02-25		VFB_jrcv0qb9		2	1	6.0
2025-02-25		VFB_jrcv0qb9	VFB_00200000	2	2	0.0
2025-02-25		VFB_jrcv0vjx		6	1	45.0
2025-02-25		VFB_jrcv0vjx	VFB_00200000	6	2	0.0
2025-02-25		VFB_jrcv0x4r		1	1	0.0
2025-02-25		VFB_jrcv0x4r	VFB_00200000	1	1	0.0
2025-02-25		VFB_jrcv0yux		1	1	0.0
2025-02-25		VFB_jrcv0yux	VFB_00200000	1	1	0.0
2025-02-25		VFB_jrcv0zgf		1	1	0.0
2025-02-25		VFB_jrcv0zgf	VFB_00200000	1	1	0.0
2025-02-25		VFB_jrcv13zn		1	1	1.0
2025-02-25		VFB_jrcv13zn	VFB_00200000	1	1	0.0
2025-02-25		VFB_jrcv17mc		1	1	0.0
2025-02-25		VFB_jrcv17mc	VFB_00200000	1	1	0.0
2025-02-25		VFB_jrcv1ces		1	1	0.0
2025-02-25		VFB_jrcv1ces	VFB_00200000	1	1	0.0
2025-02-25		VFB_jrcv1d7w		1	1	0.0
2025-02-25		VFB_jrcv1d7w	VFB_00200000	1	1	0.0
2025-02-25		VFB_jrcv1dg8		1	1	0.0
2025-02-25		VFB_jrcv1dg8	VFB_00200000	1	1	0.0
2025-02-25		VFB_jrcv1dzm		1	1	0.0
2025-02-25		VFB_jrcv1dzm	VFB_00200000	1	1	0.0
2025-02-25		VFB_jrcv1e0w		1	1	0.0
2025-02-25		VFB_jrcv1e0w	VFB_00200000	1	1	0.0
2025-02-25		VFB_jrcv1fmi		1	1	0.0
2025-02-25		VFB_jrcv1fmi	VFB_00200000	1	1	0.0
2025-02-25		VFB_jrcv1fnk		5	1	0.0
2025-02-25		VFB_jrcv1fnk	VFB_00200000	5	2	0.0
2025-02-25		VFB_jrcv1h22		1	1	0.0
2025-02-25		VFB_jrcv1h22	VFB_00200000	1	1	0.0
2025-02-25		VFB_jrcv1h2z		1	1	0.0
2025-02-25		VFB_jrcv1h2z	VFB_00200000	1	1	0.0
2025-02-25		VFB_jrcv1jah		1	1	0.0
2025-02-25		VFB_jrcv1jah	VFB_00200000	1	1	0.0
2025-02-25		VFB_jrcv1m5w		1	1	0.0
2025-02-25		VFB_jrcv1m5w	VFB_00200000	1	1	0.0
2025-02-25		VFB_jrcv1mqq		1	1	2.0
2025-02-25		VFB_jrcv1mqq	VFB_00200000	1	1	0.0
2025-02-25		VFB_jrcv1muw		1	1	0.0
2025-02-25		VFB_jrcv1muw	VFB_00200000	1	1	0.0
2025-02-25		VFB_jrcv1nhs		1	1	0.0
2025-02-25		VFB_jrcv1nhs	VFB_00200000	1	1	0.0
2025-02-25		VFB_jrcv1sf2		1	1	0.0
2025-02-25		VFB_jrcv1sf2	VFB_00200000	1	1	0.0
2025-02-25		VFB_jrcv3a40		1	1	0.0
2025-02-25		VFB_jrcv3a40	VFB_00200000	1	1	0.0
2025-02-25		VFB_jrcv3a6r		2	1	0.0
2025-02-25		VFB_jrcv3a6r	VFB_00200000	2	2	0.0
2025-02-25		VFB_jrcv3n03		1	1	0.0
2025-02-25		VFB_jrcv3n03	VFB_00200000	1	1	0.0
2025-02-25		VFB_jrcv3sq9		1	1	0.0
2025-02-25		VFB_jrcv3sq9	VFB_00200000	1	1	0.0
2025-02-25		VFB_jrcv3ssn		1	1	0.0
2025-02-25		VFB_jrcv3ssn	VFB_00200000	1	1	0.0
2025-02-25		VFB_jrcv3syw		1	1	0.0
2025-02-25		VFB_jrcv3syw	VFB_00200000	1	1	0.0
2025-02-25		VFBexp_FBti0168		17	1	0.0
2025-02-25		VFBexp_FBti0168	VFB_00101567	17	2	0.0
2025-02-25		VFBexp_FBti0201		1	1	0.0
2025-02-25		VFBexp_FBti0201	VFB_00101567	1	1	0.0
2025-02-25		VFBexp_FBtp0060		9	2	0.0
2025-02-25		VFBexp_FBtp0060	VFB_00101567	11	3	0.0
2025-02-25		VFBexp_FBtp0099		6	4	0.0
2025-02-25		VFBexp_FBtp0099	VFB_00101567	6	6	0.0
2025-02-25		VFBexp_FBtp0100		13	10	0.0
2025-02-25		VFBexp_FBtp0100	VFB_00101567	13	13	0.0
2025-02-25		VFBexp_FBtp0101		8	5	0.0
2025-02-25		VFBexp_FBtp0101	VFB_00101567	8	6	0.0
2025-02-25		VFBexp_FBtp0102		9	7	0.0
2025-02-25		VFBexp_FBtp0102	VFB_00101567	9	8	0.0
2025-02-25		VFBexp_FBtp0103		22	12	0.0
2025-02-25		VFBexp_FBtp0103	VFB_00101567	22	18	0.0
2025-02-25		VFBexp_FBtp0104		8	6	0.0
2025-02-25		VFBexp_FBtp0104	VFB_00101567	8	8	0.0
2025-02-25		VFBexp_FBtp0105		13	9	0.0
2025-02-25		VFBexp_FBtp0105	VFB_00101567	14	12	0.0
2025-02-25		VFBexp_FBtp0106		9	6	0.0
2025-02-25		VFBexp_FBtp0106	VFB_00101567	9	7	0.0
2025-02-25		VFBexp_FBtp0107		13	8	1.0
2025-02-25		VFBexp_FBtp0107	VFB_00101567	13	12	0.0
2025-02-25		VFBexp_FBtp0121		2	2	0.0
2025-02-25		VFBexp_FBtp0121	VFB_00101567	2	2	0.0
2025-02-25		VFBexp_FBtp0124		1	1	0.0
2025-02-25		VFBexp_FBtp0124	VFB_00101567	1	1	0.0
2025-02-25		VFBexp_FBtp0129		6	2	156.0
2025-02-25		VFBexp_FBtp0129	VFB_00101567	6	3	0.0
2025-02-25	v2-dev.virtualflybrain.org	FBbt_00003748	VFB_00101567	2	1	0.0
2025-02-25	v2-dev.virtualflybrain.org	VFB_00101567	VFB_00101567	0	1	0.0
2025-02-25	v2.virtualflybrain.org	FBbt_00001612		2	2	5.0
2025-02-25	v2.virtualflybrain.org	FBbt_00001945	VFB_00050000	1	1	0.0
2025-02-25	v2.virtualflybrain.org	FBbt_00002862		1	1	0.0
2025-02-25	v2.virtualflybrain.org	FBbt_00003624	VFB_00101567	1	2	1.0
2025-02-25	v2.virtualflybrain.org	FBbt_00003632	VFB_00101567	0	1	100.0
2025-02-25	v2.virtualflybrain.org	FBbt_00003657	VFB_00101567	0	1	164.0
2025-02-25	v2.virtualflybrain.org	FBbt_00003658	VFB_00101567	0	1	2261.0
2025-02-25	v2.virtualflybrain.org	FBbt_00003668	VFB_00017894	0	1	9.0
2025-02-25	v2.virtualflybrain.org	FBbt_00003678	VFB_00101567	0	2	27.0
2025-02-25	v2.virtualflybrain.org	FBbt_00003679	VFB_00101567	0	2	46.0
2025-02-25	v2.virtualflybrain.org	FBbt_00003680	VFB_00101567	0	1	14.0
2025-02-25	v2.virtualflybrain.org	FBbt_00003682	VFB_00101567	0	2	13.0
2025-02-25	v2.virtualflybrain.org	FBbt_00003683	VFB_00030786	0	2	32.0
2025-02-25	v2.virtualflybrain.org	FBbt_00003743	VFB_00101567	0	1	26.0
2025-02-25	v2.virtualflybrain.org	FBbt_00003982	VFB_00101567	1	2	76.0
2025-02-25	v2.virtualflybrain.org	FBbt_00005801	VFB_00050000	4	3	350.0
2025-02-25	v2.virtualflybrain.org	FBbt_00005801	VFB_00101567	0	1	138.0
2025-02-25	v2.virtualflybrain.org	FBbt_00007001	VFB_00101567	0	1	4.0
2025-02-25	v2.virtualflybrain.org	FBbt_00007054	VFB_00101567	0	1	4.0
2025-02-25	v2.virtualflybrain.org	FBbt_00007055	VFB_00017894	0	1	0.0
2025-02-25	v2.virtualflybrain.org	FBbt_00007055	VFB_00030786	0	1	29.0
2025-02-25	v2.virtualflybrain.org	FBbt_00007055	VFB_00101567	0	2	263.0
2025-02-25	v2.virtualflybrain.org	FBbt_00007060	VFB_00101567	0	1	54.0
2025-02-25	v2.virtualflybrain.org	FBbt_00007065	VFB_00050000	0	1	0.0
2025-02-25	v2.virtualflybrain.org	FBbt_00007191	VFB_00049000	0	1	103.0
2025-02-25	v2.virtualflybrain.org	FBbt_00007453	VFB_00017894	0	1	0.0
2025-02-25	v2.virtualflybrain.org	FBbt_00007511	VFB_00030786	0	1	68.0
2025-02-25	v2.virtualflybrain.org	FBbt_00014013	VFB_00017894	0	1	53.0
2025-02-25	v2.virtualflybrain.org	FBbt_00014013	VFB_00101567	0	1	94.0
2025-02-25	v2.virtualflybrain.org	FBbt_00040001	VFB_00017894	0	1	320.0
2025-02-25	v2.virtualflybrain.org	FBbt_00040005	VFB_00101567	0	1	4.0
2025-02-25	v2.virtualflybrain.org	FBbt_00040041	VFB_00017894	1	2	85.0
2025-02-25	v2.virtualflybrain.org	FBbt_00040041	VFB_00101567	3	5	76.0
2025-02-25	v2.virtualflybrain.org	FBbt_00045020	VFB_00101567	0	1	0.0
2025-02-25	v2.virtualflybrain.org	FBbt_00045040	VFB_00101567	1	2	210.0
2025-02-25	v2.virtualflybrain.org	FBbt_00045050	VFB_00101567	0	2	34.0
2025-02-25	v2.virtualflybrain.org	FBbt_00047090	VFB_00101567	5	1	0.0
2025-02-25	v2.virtualflybrain.org	FBbt_00047873	VFB_00101567	0	1	111.0
2025-02-25	v2.virtualflybrain.org	FBbt_00047887	VFB_00101567	1	2	1.0
2025-02-25	v2.virtualflybrain.org	FBbt_00047958		1	1	13.0
2025-02-25	v2.virtualflybrain.org	FBbt_00047982	VFB_00050000	2	2	0.0
2025-02-25	v2.virtualflybrain.org	FBbt_00047984	VFB_00050000	0	1	88.0
2025-02-25	v2.virtualflybrain.org	FBbt_00048266	VFB_00101567	1	3	1002.0
2025-02-25	v2.virtualflybrain.org	FBbt_00048268		3	1	3.0
2025-02-25	v2.virtualflybrain.org	FBbt_00048269	VFB_00101567	0	1	91.0
2025-02-25	v2.virtualflybrain.org	FBbt_00048893		1	1	0.0
2025-02-25	v2.virtualflybrain.org	FBbt_00048935		1	1	7.0
2025-02-25	v2.virtualflybrain.org	FBbt_00049213	VFB_00050000	0	2	109.0
2025-02-25	v2.virtualflybrain.org	FBbt_00049214	VFB_00050000	0	1	0.0
2025-02-25	v2.virtualflybrain.org	FBbt_00049214	VFB_00101567	0	1	45.0
2025-02-25	v2.virtualflybrain.org	FBbt_00049234		1	1	0.0
2025-02-25	v2.virtualflybrain.org	FBbt_00049313		1	1	28.0
2025-02-25	v2.virtualflybrain.org	FBbt_00049726	VFB_00101567	0	1	39.0
2025-02-25	v2.virtualflybrain.org	FBbt_00050131		1	1	0.0
2025-02-25	v2.virtualflybrain.org	FBbt_00051203		1	1	23.0
2025-02-25	v2.virtualflybrain.org	FBbt_00051652		1	1	0.0
2025-02-25	v2.virtualflybrain.org	FBbt_00051942		1	1	7.0
2025-02-25	v2.virtualflybrain.org	FBbt_00052287	VFB_00101567	0	1	77.0
2025-02-25	v2.virtualflybrain.org	FBbt_00067364		1	1	16.0
2025-02-25	v2.virtualflybrain.org	FBbt_00067367		1	1	0.0
2025-02-25	v2.virtualflybrain.org	FBbt_00100232	VFB_00101567	0	1	20.0
2025-02-25	v2.virtualflybrain.org	FBbt_00100238	VFB_00030786	0	2	64.0
2025-02-25	v2.virtualflybrain.org	FBbt_00100769	VFB_00049000	0	1	54.0
2025-02-25	v2.virtualflybrain.org	FBbt_00110101	VFB_00101567	7	1	0.0
2025-02-25	v2.virtualflybrain.org	FBbt_00110190	VFB_00049000	0	1	37.0
2025-02-25	v2.virtualflybrain.org	FBbt_00110191	VFB_00049000	0	1	52.0
2025-02-25	v2.virtualflybrain.org	FBbt_00110327		3	3	0.0
2025-02-25	v2.virtualflybrain.org	FBbt_00110327	VFB_00101567	0	1	9.0
2025-02-25	v2.virtualflybrain.org	FBbt_00110337	VFB_00050000	0	1	326.0
2025-02-25	v2.virtualflybrain.org	FBbt_00110429	VFB_00030786	0	1	48.0
2025-02-25	v2.virtualflybrain.org	FBbt_00110636	VFB_00101567	0	2	11.0
2025-02-25	v2.virtualflybrain.org	FBbt_00111203	VFB_00049000	0	1	65.0
2025-02-25	v2.virtualflybrain.org	FBbt_00111275		1	1	0.0
2025-02-25	v2.virtualflybrain.org	FBbt_00111466		1	1	19.0
2025-02-25	v2.virtualflybrain.org	FBbt_20000870	VFB_00101567	9	1	1.0
2025-02-25	v2.virtualflybrain.org	FBbt_20002982	VFB_00101567	10	1	2.0
2025-02-25	v2.virtualflybrain.org	FBbt_20003008	VFB_00101567	0	1	81.0
2025-02-25	v2.virtualflybrain.org	VFB_00000491	VFB_00017894	8	3	170.0
2025-02-25	v2.virtualflybrain.org	VFB_00000491	VFB_00030786	0	2	35.0
2025-02-25	v2.virtualflybrain.org	VFB_00000491	VFB_00101567	0	1	13.0
2025-02-25	v2.virtualflybrain.org	VFB_00005456	VFB_00017894	0	1	3.0
2025-02-25	v2.virtualflybrain.org	VFB_00009007	VFB_00017894	0	1	2.0
2025-02-25	v2.virtualflybrain.org	VFB_00009008	VFB_00017894	0	1	3.0
2025-02-25	v2.virtualflybrain.org	VFB_00009009	VFB_00017894	0	1	3.0
2025-02-25	v2.virtualflybrain.org	VFB_00009010	VFB_00017894	0	1	2.0
2025-02-25	v2.virtualflybrain.org	VFB_00009011	VFB_00017894	3	2	0.0
2025-02-25	v2.virtualflybrain.org	VFB_00009011	VFB_00030786	1	4	91.0
2025-02-25	v2.virtualflybrain.org	VFB_00009011	VFB_00101567	0	2	7.0
2025-02-25	v2.virtualflybrain.org	VFB_00009012	VFB_00017894	0	1	1.0
2025-02-25	v2.virtualflybrain.org	VFB_00009013	VFB_00017894	0	1	1.0
2025-02-25	v2.virtualflybrain.org	VFB_00009015	VFB_00017894	0	1	1.0
2025-02-25	v2.virtualflybrain.org	VFB_00009016	VFB_00017894	0	1	1.0
2025-02-25	v2.virtualflybrain.org	VFB_00009017	VFB_00017894	0	1	264.0
2025-02-25	v2.virtualflybrain.org	VFB_00009730	VFB_00017894	0	1	1.0
2025-02-25	v2.virtualflybrain.org	VFB_00013571	VFB_00101567	0	1	10.0
2025-02-25	v2.virtualflybrain.org	VFB_00013574	VFB_00017894	0	1	3.0
2025-02-25	v2.virtualflybrain.org	VFB_00013669	VFB_00101567	0	1	193.0
2025-02-25	v2.virtualflybrain.org	VFB_00017894	VFB_00017894	0	3	1.0
2025-02-25	v2.virtualflybrain.org	VFB_00023253	VFB_00101567	4	1	0.0
2025-02-25	v2.virtualflybrain.org	VFB_00025425	VFB_00101567	0	1	19.0
2025-02-25	v2.virtualflybrain.org	VFB_00025951	VFB_00101567	0	1	9.0
2025-02-25	v2.virtualflybrain.org	VFB_00026101	VFB_00101567	0	1	9.0
2025-02-25	v2.virtualflybrain.org	VFB_00026619	VFB_00101567	0	1	8.0
2025-02-25	v2.virtualflybrain.org	VFB_00026662	VFB_00101567	0	1	13.0
2025-02-25	v2.virtualflybrain.org	VFB_00026698	VFB_00101567	0	1	11.0
2025-02-25	v2.virtualflybrain.org	VFB_00026804	VFB_00101567	0	1	8.0
2025-02-25	v2.virtualflybrain.org	VFB_00027223	VFB_00101567	0	2	27.0
2025-02-25	v2.virtualflybrain.org	VFB_00027308	VFB_00101567	0	1	14.0
2025-02-25	v2.virtualflybrain.org	VFB_00027346	VFB_00101567	0	1	9.0
2025-02-25	v2.virtualflybrain.org	VFB_00027505	VFB_00101567	0	2	9.0
2025-02-25	v2.virtualflybrain.org	VFB_00027803	VFB_00101567	0	1	9.0
2025-02-25	v2.virtualflybrain.org	VFB_00029312	VFB_00101567	0	2	25.0
2025-02-25	v2.virtualflybrain.org	VFB_00029598	VFB_00101567	0	2	11.0
2025-02-25	v2.virtualflybrain.org	VFB_00029692	VFB_00101567	0	1	11.0
2025-02-25	v2.virtualflybrain.org	VFB_00030614	VFB_00017894	0	1	0.0
2025-02-25	v2.virtualflybrain.org	VFB_00030619	VFB_00017894	0	2	0.0
2025-02-25	v2.virtualflybrain.org	VFB_00030786	VFB_00030786	0	2	0.0
2025-02-25	v2.virtualflybrain.org	VFB_00030814	VFB_00030786	0	1	0.0
2025-02-25	v2.virtualflybrain.org	VFB_00030822	VFB_00101567	0	2	27.0
2025-02-25	v2.virtualflybrain.org	VFB_00030852	VFB_00030786	5	7	62.0
2025-02-25	v2.virtualflybrain.org	VFB_00030852	VFB_00101567	2	5	89.0
2025-02-25	v2.virtualflybrain.org	VFB_00030866	VFB_00017894	3	4	2644.0
2025-02-25	v2.virtualflybrain.org	VFB_00030866	VFB_00101567	1	3	12.0
2025-02-25	v2.virtualflybrain.org	VFB_00030867	VFB_00017894	1	2	1.0
2025-02-25	v2.virtualflybrain.org	VFB_00030867	VFB_00101567	1	2	1.0
2025-02-25	v2.virtualflybrain.org	VFB_00037076	VFB_00101567	0	1	10.0
2025-02-25	v2.virtualflybrain.org	VFB_00037755	VFB_00101567	0	2	8.0
2025-02-25	v2.virtualflybrain.org	VFB_00038272	VFB_00101567	0	1	8.0
2025-02-25	v2.virtualflybrain.org	VFB_00041005	VFB_00101567	0	2	7.0
2025-02-25	v2.virtualflybrain.org	VFB_00043759	VFB_00101567	0	1	23.0
2025-02-25	v2.virtualflybrain.org	VFB_00043808	VFB_00101567	0	1	12.0
2025-02-25	v2.virtualflybrain.org	VFB_00043831	VFB_00101567	0	1	16.0
2025-02-25	v2.virtualflybrain.org	VFB_00044323	VFB_00101567	0	2	7.0
2025-02-25	v2.virtualflybrain.org	VFB_00044409	VFB_00101567	0	1	12.0
2025-02-25	v2.virtualflybrain.org	VFB_00045063	VFB_00101567	0	2	6.0
2025-02-25	v2.virtualflybrain.org	VFB_00045491	VFB_00101567	0	1	10.0
2025-02-25	v2.virtualflybrain.org	VFB_00045610	VFB_00101567	0	2	10.0
2025-02-25	v2.virtualflybrain.org	VFB_00045670	VFB_00101567	0	2	15.0
2025-02-25	v2.virtualflybrain.org	VFB_00045675	VFB_00101567	0	1	12.0
2025-02-25	v2.virtualflybrain.org	VFB_00045931	VFB_00101567	0	1	11.0
2025-02-25	v2.virtualflybrain.org	VFB_00046059	VFB_00101567	0	1	9.0
2025-02-25	v2.virtualflybrain.org	VFB_00046316	VFB_00101567	0	1	12.0
2025-02-25	v2.virtualflybrain.org	VFB_00046585	VFB_00101567	0	1	13.0
2025-02-25	v2.virtualflybrain.org	VFB_00046617	VFB_00101567	0	1	10.0
2025-02-25	v2.virtualflybrain.org	VFB_00046812	VFB_00101567	0	2	10.0
2025-02-25	v2.virtualflybrain.org	VFB_00046973	VFB_00101567	0	2	10.0
2025-02-25	v2.virtualflybrain.org	VFB_00047337	VFB_00101567	0	1	8.0
2025-02-25	v2.virtualflybrain.org	VFB_00047562	VFB_00101567	0	1	9.0
2025-02-25	v2.virtualflybrain.org	VFB_00047567	VFB_00101567	0	1	9.0
2025-02-25	v2.virtualflybrain.org	VFB_00047825	VFB_00101567	0	2	6.0
2025-02-25	v2.virtualflybrain.org	VFB_00047941	VFB_00101567	0	1	8.0
2025-02-25	v2.virtualflybrain.org	VFB_00048210	VFB_00101567	0	1	8.0
2025-02-25	v2.virtualflybrain.org	VFB_00048429	VFB_00101567	0	1	8.0
2025-02-25	v2.virtualflybrain.org	VFB_00048555	VFB_00101567	0	2	10.0
2025-02-25	v2.virtualflybrain.org	VFB_00048589	VFB_00101567	0	1	23.0
2025-02-25	v2.virtualflybrain.org	VFB_00049000	VFB_00049000	2	10	22.0
2025-02-25	v2.virtualflybrain.org	VFB_00050000		1	1	0.0
2025-02-25	v2.virtualflybrain.org	VFB_00050000	VFB_00050000	11	24	12.0
2025-02-25	v2.virtualflybrain.org	VFB_00050274	VFB_00049000	14	3	25.0
2025-02-25	v2.virtualflybrain.org	VFB_00050276	VFB_00049000	1	3	274.0
2025-02-25	v2.virtualflybrain.org	VFB_00050428	VFB_00049000	0	1	0.0
2025-02-25	v2.virtualflybrain.org	VFB_00050502	VFB_00049000	0	1	0.0
2025-02-25	v2.virtualflybrain.org	VFB_00050505	VFB_00049000	0	1	19.0
2025-02-25	v2.virtualflybrain.org	VFB_00050507	VFB_00049000	0	1	0.0
2025-02-25	v2.virtualflybrain.org	VFB_00063656	VFB_00101567	0	2	8.0
2025-02-25	v2.virtualflybrain.org	VFB_00064046	VFB_00101567	0	2	13.0
2025-02-25	v2.virtualflybrain.org	VFB_00064784	VFB_00101567	0	1	12.0
2025-02-25	v2.virtualflybrain.org	VFB_00064848	VFB_00101567	0	1	8.0
2025-02-25	v2.virtualflybrain.org	VFB_00065232	VFB_00101567	0	1	8.0
2025-02-25	v2.virtualflybrain.org	VFB_00065640	VFB_00101567	0	2	9.0
2025-02-25	v2.virtualflybrain.org	VFB_00066047	VFB_00101567	0	1	8.0
2025-02-25	v2.virtualflybrain.org	VFB_00066067	VFB_00101567	10	1	0.0
2025-02-25	v2.virtualflybrain.org	VFB_00066137	VFB_00101567	0	1	14.0
2025-02-25	v2.virtualflybrain.org	VFB_00066490	VFB_00101567	0	2	19.0
2025-02-25	v2.virtualflybrain.org	VFB_00066496	VFB_00101567	0	1	10.0
2025-02-25	v2.virtualflybrain.org	VFB_00066785	VFB_00101567	0	1	13.0
2025-02-25	v2.virtualflybrain.org	VFB_00067055	VFB_00101567	0	2	267.0
2025-02-25	v2.virtualflybrain.org	VFB_00067367	VFB_00101567	0	1	20.0
2025-02-25	v2.virtualflybrain.org	VFB_00067983	VFB_00101567	0	1	11.0
2025-02-25	v2.virtualflybrain.org	VFB_00068380	VFB_00101567	0	1	8.0
2025-02-25	v2.virtualflybrain.org	VFB_00068436	VFB_00101567	0	1	13.0
2025-02-25	v2.virtualflybrain.org	VFB_00068442	VFB_00101567	0	1	0.0
2025-02-25	v2.virtualflybrain.org	VFB_00068839	VFB_00101567	0	1	8.0
2025-02-25	v2.virtualflybrain.org	VFB_00068859	VFB_00101567	0	1	7.0
2025-02-25	v2.virtualflybrain.org	VFB_00070024	VFB_00101567	0	1	17.0
2025-02-25	v2.virtualflybrain.org	VFB_00070030	VFB_00101567	0	1	0.0
2025-02-25	v2.virtualflybrain.org	VFB_00100210	VFB_00050000	2	3	10.0
2025-02-25	v2.virtualflybrain.org	VFB_00100228	VFB_00050000	0	1	98.0
2025-02-25	v2.virtualflybrain.org	VFB_0010022w	VFB_00050000	0	1	17.0
2025-02-25	v2.virtualflybrain.org	VFB_0010023r	VFB_00050000	0	2	28.0
2025-02-25	v2.virtualflybrain.org	VFB_0010023u	VFB_00050000	5	2	6.0
2025-02-25	v2.virtualflybrain.org	VFB_0010023x	VFB_00050000	0	1	4.0
2025-02-25	v2.virtualflybrain.org	VFB_00100247	VFB_00050000	0	1	5.0
2025-02-25	v2.virtualflybrain.org	VFB_0010024x	VFB_00050000	0	1	2.0
2025-02-25	v2.virtualflybrain.org	VFB_0010024y	VFB_00050000	1	3	445.0
2025-02-25	v2.virtualflybrain.org	VFB_0010025j	VFB_00050000	0	1	1.0
2025-02-25	v2.virtualflybrain.org	VFB_0010025z	VFB_00050000	0	3	78.0
2025-02-25	v2.virtualflybrain.org	VFB_0010028a	VFB_00050000	0	1	1.0
2025-02-25	v2.virtualflybrain.org	VFB_0010028f	VFB_00050000	0	1	2.0
2025-02-25	v2.virtualflybrain.org	VFB_00100362	VFB_00050000	1	1	0.0
2025-02-25	v2.virtualflybrain.org	VFB_00100367	VFB_00050000	0	2	116.0
2025-02-25	v2.virtualflybrain.org	VFB_00100388	VFB_00050000	0	1	146.0
2025-02-25	v2.virtualflybrain.org	VFB_00100424	VFB_00050000	0	2	0.0
2025-02-25	v2.virtualflybrain.org	VFB_00100454	VFB_00050000	0	1	1.0
2025-02-25	v2.virtualflybrain.org	VFB_00100521	VFB_00049000	5	2	120.0
2025-02-25	v2.virtualflybrain.org	VFB_00100521	VFB_00050000	0	1	403.0
2025-02-25	v2.virtualflybrain.org	VFB_00100715	VFB_00050000	2	1	0.0
2025-02-25	v2.virtualflybrain.org	VFB_00100ehb	VFB_00101567	1	1	0.0
2025-02-25	v2.virtualflybrain.org	VFB_00100wl5	VFB_00101567	0	1	19.0
2025-02-25	v2.virtualflybrain.org	VFB_00100xsd	VFB_00101567	2	3	5.0
2025-02-25	v2.virtualflybrain.org	VFB_00100y8x	VFB_00101567	0	2	0.0
2025-02-25	v2.virtualflybrain.org	VFB_00100yq2	VFB_00101567	10	1	0.0
2025-02-25	v2.virtualflybrain.org	VFB_00101132	VFB_00101567	13	4	0.0
2025-02-25	v2.virtualflybrain.org	VFB_001011el	VFB_00050000	0	1	5.0
2025-02-25	v2.virtualflybrain.org	VFB_001011f6	VFB_00050000	0	1	3.0
2025-02-25	v2.virtualflybrain.org	VFB_001011f9	VFB_00050000	0	1	29.0
2025-02-25	v2.virtualflybrain.org	VFB_001011fg	VFB_00050000	0	1	4.0
2025-02-25	v2.virtualflybrain.org	VFB_001011g5	VFB_00050000	0	1	3.0
2025-02-25	v2.virtualflybrain.org	VFB_001011i7	VFB_00050000	0	1	39.0
2025-02-25	v2.virtualflybrain.org	VFB_001011ii	VFB_00050000	0	1	4.0
2025-02-25	v2.virtualflybrain.org	VFB_001011ji	VFB_00050000	0	1	3.0
2025-02-25	v2.virtualflybrain.org	VFB_001011we	VFB_00101567	1	2	0.0
2025-02-25	v2.virtualflybrain.org	VFB_00101296	VFB_00101567	0	1	89.0
2025-02-25	v2.virtualflybrain.org	VFB_001013bo	VFB_00101567	5	2	218.0
2025-02-25	v2.virtualflybrain.org	VFB_0010140c	VFB_00017894	0	2	7.0
2025-02-25	v2.virtualflybrain.org	VFB_0010140c	VFB_00101567	1	3	9.0
2025-02-25	v2.virtualflybrain.org	VFB_0010140d	VFB_00017894	0	2	3.0
2025-02-25	v2.virtualflybrain.org	VFB_0010140d	VFB_00101567	1	3	6.0
2025-02-25	v2.virtualflybrain.org	VFB_0010141n	VFB_00101567	17	1	19.0
2025-02-25	v2.virtualflybrain.org	VFB_0010142s	VFB_00017894	0	2	3.0
2025-02-25	v2.virtualflybrain.org	VFB_0010142s	VFB_00101567	1	2	0.0
2025-02-25	v2.virtualflybrain.org	VFB_0010145b	VFB_00017894	0	2	2.0
2025-02-25	v2.virtualflybrain.org	VFB_0010145b	VFB_00101567	1	2	0.0
2025-02-25	v2.virtualflybrain.org	VFB_001014b2	VFB_00101567	10	2	317.0
2025-02-25	v2.virtualflybrain.org	VFB_001014kl	VFB_00017894	0	2	3.0
2025-02-25	v2.virtualflybrain.org	VFB_001014kl	VFB_00101567	2	3	2.0
2025-02-25	v2.virtualflybrain.org	VFB_001014uq	VFB_00101567	1	2	2.0
2025-02-25	v2.virtualflybrain.org	VFB_001014uq	VFB_00110000	1	2	0.0
2025-02-25	v2.virtualflybrain.org	VFB_00101567		2	3	2.0
2025-02-25	v2.virtualflybrain.org	VFB_00101567	VFB_00101567	80	146	1646.0
2025-02-25	v2.virtualflybrain.org	VFB_001015a8	VFB_00050000	1	1	6.0
2025-02-25	v2.virtualflybrain.org	VFB_001015bo	VFB_00050000	1	1	0.0
2025-02-25	v2.virtualflybrain.org	VFB_00102134	VFB_00101567	4	1	0.0
2025-02-25	v2.virtualflybrain.org	VFB_00102162	VFB_00101567	0	1	8.0
2025-02-25	v2.virtualflybrain.org	VFB_00102170	VFB_00101567	1	2	35.0
2025-02-25	v2.virtualflybrain.org	VFB_00102215	VFB_00101567	0	1	0.0
2025-02-25	v2.virtualflybrain.org	VFB_00102479	VFB_00101567	6	1	3.0
2025-02-25	v2.virtualflybrain.org	VFB_00102ekk	VFB_00050000	7	2	4657.0
2025-02-25	v2.virtualflybrain.org	VFB_00102el1	VFB_00050000	0	2	40.0
2025-02-25	v2.virtualflybrain.org	VFB_00102eno	VFB_00050000	0	1	1.0
2025-02-25	v2.virtualflybrain.org	VFB_00102eqf	VFB_00050000	4	1	31.0
2025-02-25	v2.virtualflybrain.org	VFB_00102eyc	VFB_00050000	6	1	59.0
2025-02-25	v2.virtualflybrain.org	VFB_00102eyf	VFB_00050000	0	1	2.0
2025-02-25	v2.virtualflybrain.org	VFB_00103mfq	VFB_00101567	1	2	80.0
2025-02-25	v2.virtualflybrain.org	VFB_00110000	VFB_00110000	0	1	42.0
2025-02-25	v2.virtualflybrain.org	VFB_00200000	VFB_00200000	1	6	105.0
2025-02-25	v2.virtualflybrain.org	VFB_fw000427	VFB_00101567	1	1	10.0
2025-02-25	v2.virtualflybrain.org	VFB_fw001342	VFB_00101567	0	1	32.0
2025-02-25	v2.virtualflybrain.org	VFB_fw001438	VFB_00101567	14	1	7.0
2025-02-25	v2.virtualflybrain.org	VFB_fw002177	VFB_00101567	1	1	7.0
2025-02-25	v2.virtualflybrain.org	VFB_fw002766	VFB_00101567	1	1	0.0
2025-02-25	v2.virtualflybrain.org	VFB_fw002780	VFB_00101567	9	1	0.0
2025-02-25	v2.virtualflybrain.org	VFB_fw003229	VFB_00101567	10	2	25.0
2025-02-25	v2.virtualflybrain.org	VFB_fw003390	VFB_00101567	1	1	39.0
2025-02-25	v2.virtualflybrain.org	VFB_fw003503	VFB_00101567	9	1	26.0
2025-02-25	v2.virtualflybrain.org	VFB_fw004378	VFB_00017894	0	2	3.0
2025-02-25	v2.virtualflybrain.org	VFB_fw004378	VFB_00101567	1	2	0.0
2025-02-25	v2.virtualflybrain.org	VFB_fw005797	VFB_00101567	1	1	8.0
2025-02-25	v2.virtualflybrain.org	VFB_fw008249	VFB_00101567	8	2	15.0
2025-02-25	v2.virtualflybrain.org	VFB_fw008721	VFB_00017894	0	2	4.0
2025-02-25	v2.virtualflybrain.org	VFB_fw008721	VFB_00101567	2	3	152.0
2025-02-25	v2.virtualflybrain.org	VFB_fw008812	VFB_00101567	9	1	0.0
2025-02-25	v2.virtualflybrain.org	VFB_fw010220	VFB_00101567	0	1	0.0
2025-02-25	v2.virtualflybrain.org	VFB_fw014970	VFB_00017894	0	2	2.0
2025-02-25	v2.virtualflybrain.org	VFB_fw014970	VFB_00101567	1	2	0.0
2025-02-25	v2.virtualflybrain.org	VFB_fw019973	VFB_00101567	9	2	156.0
2025-02-25	v2.virtualflybrain.org	VFB_fw023507	VFB_00101567	9	1	0.0
2025-02-25	v2.virtualflybrain.org	VFB_fw025761	VFB_00101567	9	1	28.0
2025-02-25	v2.virtualflybrain.org	VFB_fw025774	VFB_00101567	24	1	0.0
2025-02-25	v2.virtualflybrain.org	VFB_fw026918	VFB_00101567	1	1	0.0
2025-02-25	v2.virtualflybrain.org	VFB_fw027569	VFB_00101567	9	1	4.0
2025-02-25	v2.virtualflybrain.org	VFB_fw032690	VFB_00017894	0	1	0.0
2025-02-25	v2.virtualflybrain.org	VFB_fw032870	VFB_00101567	9	2	4.0
2025-02-25	v2.virtualflybrain.org	VFB_fw033583		1	1	0.0
2025-02-25	v2.virtualflybrain.org	VFB_fw033583	VFB_00017894	0	4	10.0
2025-02-25	v2.virtualflybrain.org	VFB_fw033583	VFB_00101567	1	3	11.0
2025-02-25	v2.virtualflybrain.org	VFB_fw034764	VFB_00017894	0	4	253.0
2025-02-25	v2.virtualflybrain.org	VFB_fw034764	VFB_00101567	2	2	0.0
2025-02-25	v2.virtualflybrain.org	VFB_fw035915	VFB_00030786	0	2	3.0
2025-02-25	v2.virtualflybrain.org	VFB_fw035915	VFB_00101567	1	3	21.0
2025-02-25	v2.virtualflybrain.org	VFB_fw036337	VFB_00101567	1	1	5.0
2025-02-25	v2.virtualflybrain.org	VFB_fw037774	VFB_00101567	1	1	7.0
2025-02-25	v2.virtualflybrain.org	VFB_fw038119	VFB_00101567	1	1	7.0
2025-02-25	v2.virtualflybrain.org	VFB_fw038573	VFB_00101567	10	1	11.0
2025-02-25	v2.virtualflybrain.org	VFB_fw038582	VFB_00017894	0	2	4.0
2025-02-25	v2.virtualflybrain.org	VFB_fw038582	VFB_00101567	1	2	0.0
2025-02-25	v2.virtualflybrain.org	VFB_fw038588	VFB_00017894	0	2	2.0
2025-02-25	v2.virtualflybrain.org	VFB_fw038588	VFB_00101567	1	2	0.0
2025-02-25	v2.virtualflybrain.org	VFB_fw038771	VFB_00101567	10	1	8.0
2025-02-25	v2.virtualflybrain.org	VFB_fw041055	VFB_00101567	1	1	63.0
2025-02-25	v2.virtualflybrain.org	VFB_fw043540	VFB_00101567	9	1	0.0
2025-02-25	v2.virtualflybrain.org	VFB_jrchjrcq	VFB_00030786	0	2	56.0
2025-02-25	v2.virtualflybrain.org	VFB_jrchjrcq	VFB_00101567	0	1	82.0
2025-02-25	v2.virtualflybrain.org	VFB_jrchjts1	VFB_00101567	2	1	0.0
2025-02-25	v2.virtualflybrain.org	VFB_jrchjtso	VFB_00101567	0	2	17.0
2025-02-25	v2.virtualflybrain.org	VFB_jrchjtty	VFB_jrchjtty	1	2	0.0
2025-02-25	v2.virtualflybrain.org	VFB_jrchju39	VFB_00101567	2	3	48.0
2025-02-25	v2.virtualflybrain.org	VFB_jrchjzmr		1	1	0.0
2025-02-25	v2.virtualflybrain.org	VFB_jrchjzmr	VFB_00101567	5	2	65.0
2025-02-25	v2.virtualflybrain.org	VFB_jrchk0e3	VFB_00101567	0	1	34.0
2025-02-25	v2.virtualflybrain.org	VFB_jrchk0e5	VFB_00101567	0	1	36.0
2025-02-25	v2.virtualflybrain.org	VFB_jrchk0e6	VFB_00101567	0	1	37.0
2025-02-25	v2.virtualflybrain.org	VFB_jrchk0e7	VFB_00101567	0	1	0.0
2025-02-25	v2.virtualflybrain.org	VFB_jrchk0e8	VFB_00101567	0	1	31.0
2025-02-25	v2.virtualflybrain.org	VFB_jrchk0ea	VFB_00101567	0	1	36.0
2025-02-25	v2.virtualflybrain.org	VFB_jrchk0eo	VFB_00101567	0	1	34.0
2025-02-25	v2.virtualflybrain.org	VFB_jrchk0es	VFB_00101567	0	2	29.0
2025-02-25	v2.virtualflybrain.org	VFB_jrchk0et	VFB_00017894	0	2	6.0
2025-02-25	v2.virtualflybrain.org	VFB_jrchk0et	VFB_00101384	1	2	0.0
2025-02-25	v2.virtualflybrain.org	VFB_jrchk0et	VFB_00101567	0	1	44.0
2025-02-25	v2.virtualflybrain.org	VFB_jrchk0eu	VFB_00017894	0	3	16.0
2025-02-25	v2.virtualflybrain.org	VFB_jrchk0eu	VFB_00101567	1	2	0.0
2025-02-25	v2.virtualflybrain.org	VFB_jrchk0ev	VFB_00017894	0	3	12.0
2025-02-25	v2.virtualflybrain.org	VFB_jrchk0ev	VFB_00101384	1	2	0.0
2025-02-25	v2.virtualflybrain.org	VFB_jrchk0ew	VFB_00017894	0	2	2.0
2025-02-25	v2.virtualflybrain.org	VFB_jrchk0ew	VFB_00101384	1	2	0.0
2025-02-25	v2.virtualflybrain.org	VFB_jrchk0xv	VFB_00101567	14	1	0.0
2025-02-25	v2.virtualflybrain.org	VFB_jrchk10e	VFB_00101567	1	3	85.0
2025-02-25	v2.virtualflybrain.org	VFB_jrchk32k	VFB_00101567	0	1	0.0
2025-02-25	v2.virtualflybrain.org	VFB_jrchk32m	VFB_00101567	18	1	11.0
2025-02-25	v2.virtualflybrain.org	VFB_jrchk37h	VFB_00101567	9	2	49.0
2025-02-25	v2.virtualflybrain.org	VFB_jrchk43u	VFB_00101567	1	1	23.0
2025-02-25	v2.virtualflybrain.org	VFB_jrchk45e	VFB_00101384	0	1	71.0
2025-02-25	v2.virtualflybrain.org	VFB_jrchk45f	VFB_00101567	0	1	35.0
2025-02-25	v2.virtualflybrain.org	VFB_jrchk45h	VFB_00101567	0	1	50.0
2025-02-25	v2.virtualflybrain.org	VFB_jrchk45i	VFB_00101567	0	1	109.0
2025-02-25	v2.virtualflybrain.org	VFB_jrchk45p	VFB_00017894	0	2	5.0
2025-02-25	v2.virtualflybrain.org	VFB_jrchk45p	VFB_00101567	10	1	10.0
2025-02-25	v2.virtualflybrain.org	VFB_jrchk45q	VFB_00101384	0	1	28.0
2025-02-25	v2.virtualflybrain.org	VFB_jrchk45s	VFB_00101567	0	1	46.0
2025-02-25	v2.virtualflybrain.org	VFB_jrchk45t	VFB_00101567	4	1	13.0
2025-02-25	v2.virtualflybrain.org	VFB_jrchk45v	VFB_00101567	0	1	19.0
2025-02-25	v2.virtualflybrain.org	VFB_jrchk461	VFB_00101567	14	1	13.0
2025-02-25	v2.virtualflybrain.org	VFB_jrchk57d	VFB_00017894	0	2	1.0
2025-02-25	v2.virtualflybrain.org	VFB_jrchk57d	VFB_00101384	1	2	0.0
2025-02-25	v2.virtualflybrain.org	VFB_jrchk6gf	VFB_00101567	10	1	0.0
2025-02-25	v2.virtualflybrain.org	VFB_jrchk6jp	VFB_00017894	0	2	5.0
2025-02-25	v2.virtualflybrain.org	VFB_jrchk6jp	VFB_00101567	1	2	0.0
2025-02-25	v2.virtualflybrain.org	VFB_jrchk6jr	VFB_00017894	0	2	3.0
2025-02-25	v2.virtualflybrain.org	VFB_jrchk6jr	VFB_00101384	1	3	0.0
2025-02-25	v2.virtualflybrain.org	VFB_jrchk6jz	VFB_00101567	1	1	32.0
2025-02-25	v2.virtualflybrain.org	VFB_jrchk6mh	VFB_00101567	1	1	80.0
2025-02-25	v2.virtualflybrain.org	VFB_jrchk6mk	VFB_00101567	9	1	7.0
2025-02-25	v2.virtualflybrain.org	VFB_jrchk6mv	VFB_00101567	1	1	36.0
2025-02-25	v2.virtualflybrain.org	VFB_jrchk6pg	VFB_00017894	0	2	3.0
2025-02-25	v2.virtualflybrain.org	VFB_jrchk6s3	VFB_00101567	1	1	18.0
2025-02-25	v2.virtualflybrain.org	VFB_jrchk6sh	VFB_00101567	1	1	45.0
2025-02-25	v2.virtualflybrain.org	VFB_jrchk6sj	VFB_00017894	0	2	2.0
2025-02-25	v2.virtualflybrain.org	VFB_jrchk6sj	VFB_00101567	1	2	0.0
2025-02-25	v2.virtualflybrain.org	VFB_jrchk6sk	VFB_00017894	0	2	5.0
2025-02-25	v2.virtualflybrain.org	VFB_jrchk6sk	VFB_00101384	1	2	0.0
2025-02-25	v2.virtualflybrain.org	VFB_jrchk6sl	VFB_00017894	0	2	3.0
2025-02-25	v2.virtualflybrain.org	VFB_jrchk6sl	VFB_00101384	1	2	0.0
2025-02-25	v2.virtualflybrain.org	VFB_jrchk6sm	VFB_00017894	0	2	3.0
2025-02-25	v2.virtualflybrain.org	VFB_jrchk6sm	VFB_00101384	1	2	0.0
2025-02-25	v2.virtualflybrain.org	VFB_jrchk6sn	VFB_00017894	0	2	4.0
2025-02-25	v2.virtualflybrain.org	VFB_jrchk6sn	VFB_00101567	1	2	0.0
2025-02-25	v2.virtualflybrain.org	VFB_jrchk6so	VFB_00017894	0	2	4.0
2025-02-25	v2.virtualflybrain.org	VFB_jrchk6so	VFB_00101384	1	2	0.0
2025-02-25	v2.virtualflybrain.org	VFB_jrchk6sp	VFB_00017894	0	2	3.0
2025-02-25	v2.virtualflybrain.org	VFB_jrchk6sp	VFB_00101384	1	2	0.0
2025-02-25	v2.virtualflybrain.org	VFB_jrchk6sq	VFB_00017894	0	2	2.0
2025-02-25	v2.virtualflybrain.org	VFB_jrchk6sq	VFB_00101567	1	2	0.0
2025-02-25	v2.virtualflybrain.org	VFB_jrchk6sx	VFB_00017894	0	2	3.0
2025-02-25	v2.virtualflybrain.org	VFB_jrchk6sx	VFB_00101384	1	2	0.0
2025-02-25	v2.virtualflybrain.org	VFB_jrchk6ta	VFB_00017894	0	2	3.0
2025-02-25	v2.virtualflybrain.org	VFB_jrchk6ta	VFB_00101384	1	2	0.0
2025-02-25	v2.virtualflybrain.org	VFB_jrchk6tc	VFB_00017894	0	2	2.0
2025-02-25	v2.virtualflybrain.org	VFB_jrchk6tc	VFB_00101567	1	2	0.0
2025-02-25	v2.virtualflybrain.org	VFB_jrchk6wc	VFB_00101567	6	1	0.0
2025-02-25	v2.virtualflybrain.org	VFB_jrchk6we	VFB_00101567	9	1	0.0
2025-02-25	v2.virtualflybrain.org	VFB_jrchk6wj	VFB_00101567	10	1	9.0
2025-02-25	v2.virtualflybrain.org	VFB_jrchk6xx	VFB_00101567	1	1	0.0
2025-02-25	v2.virtualflybrain.org	VFB_jrchk6yf	VFB_00101567	2	1	0.0
2025-02-25	v2.virtualflybrain.org	VFB_jrchk6yh	VFB_00101567	1	1	21.0
2025-02-25	v2.virtualflybrain.org	VFB_jrchk6yi	VFB_00101567	1	1	13.0
2025-02-25	v2.virtualflybrain.org	VFB_jrchk703	VFB_00101567	1	1	11.0
2025-02-25	v2.virtualflybrain.org	VFB_jrchk70b	VFB_00101567	1	1	29.0
2025-02-25	v2.virtualflybrain.org	VFB_jrchk716	VFB_00101567	1	1	9.0
2025-02-25	v2.virtualflybrain.org	VFB_jrchk750	VFB_00101567	9	1	0.0
2025-02-25	v2.virtualflybrain.org	VFB_jrchk8ow	VFB_00101567	0	1	84.0
2025-02-25	v2.virtualflybrain.org	VFB_jrcv08v2	VFB_00200000	0	1	31.0
2025-02-25	v2.virtualflybrain.org	VFB_jrcv0c7i	VFB_00200000	0	1	29.0
2025-02-25	v2.virtualflybrain.org	VFB_jrcv0qb9	VFB_00200000	1	2	72.0
2025-02-25	v2.virtualflybrain.org	VFB_jrcv0vjx	VFB_00200000	0	1	16.0
2025-02-25	v2.virtualflybrain.org	VFB_jrcv0x4r	VFB_00200000	1	1	0.0
2025-02-25	v2.virtualflybrain.org	VFB_jrcv0yux	VFB_00200000	0	1	18.0
2025-02-25	v2.virtualflybrain.org	VFB_jrcv0zgf	VFB_00200000	0	1	14.0
2025-02-25	v2.virtualflybrain.org	VFB_jrcv13zn	VFB_00200000	0	1	4.0
2025-02-25	v2.virtualflybrain.org	VFB_jrcv17mc	VFB_00200000	0	1	18.0
2025-02-25	v2.virtualflybrain.org	VFB_jrcv1ces	VFB_00200000	0	1	18.0
2025-02-25	v2.virtualflybrain.org	VFB_jrcv1d7w	VFB_00200000	0	2	19.0
2025-02-25	v2.virtualflybrain.org	VFB_jrcv1dg8	VFB_00200000	0	1	35.0
2025-02-25	v2.virtualflybrain.org	VFB_jrcv1dzm	VFB_00200000	0	1	10.0
2025-02-25	v2.virtualflybrain.org	VFB_jrcv1e0w	VFB_00200000	0	1	16.0
2025-02-25	v2.virtualflybrain.org	VFB_jrcv1fmi	VFB_00200000	0	1	40.0
2025-02-25	v2.virtualflybrain.org	VFB_jrcv1fnk	VFB_00200000	0	2	24.0
2025-02-25	v2.virtualflybrain.org	VFB_jrcv1h22	VFB_00200000	0	1	23.0
2025-02-25	v2.virtualflybrain.org	VFB_jrcv1h2z	VFB_00200000	0	1	40.0
2025-02-25	v2.virtualflybrain.org	VFB_jrcv1jah	VFB_00200000	0	1	30.0
2025-02-25	v2.virtualflybrain.org	VFB_jrcv1m5w	VFB_00200000	0	1	28.0
2025-02-25	v2.virtualflybrain.org	VFB_jrcv1muw	VFB_00200000	0	1	37.0
2025-02-25	v2.virtualflybrain.org	VFB_jrcv1nhs	VFB_00200000	0	1	20.0
2025-02-25	v2.virtualflybrain.org	VFB_jrcv1sf2	VFB_00200000	0	1	16.0
2025-02-25	v2.virtualflybrain.org	VFB_jrcv3a40	VFB_00200000	0	1	10.0
2025-02-25	v2.virtualflybrain.org	VFB_jrcv3a6r	VFB_00200000	0	1	53.0
2025-02-25	v2.virtualflybrain.org	VFB_jrcv3n03	VFB_00200000	0	1	24.0
2025-02-25	v2.virtualflybrain.org	VFB_jrcv3sq9	VFB_00200000	0	1	13.0
2025-02-25	v2.virtualflybrain.org	VFB_jrcv3ssn	VFB_00200000	0	1	67.0
2025-02-25	v2.virtualflybrain.org	VFB_jrcv3syw	VFB_00200000	0	1	15.0
2025-02-25	v2.virtualflybrain.org	VFBexp_FBti0168	VFB_00101567	10	3	149.0
2025-02-25	v2.virtualflybrain.org	VFBexp_FBti0201		1	1	2.0
2025-02-25	v2.virtualflybrain.org	VFBexp_FBti0201	VFB_00101567	0	1	12.0
2025-02-25	v2.virtualflybrain.org	VFBexp_FBtp0060	VFB_00101567	1	5	106.0
2025-02-25	v2.virtualflybrain.org	VFBexp_FBtp0099		1	1	97.0
2025-02-25	v2.virtualflybrain.org	VFBexp_FBtp0099	VFB_00101567	0	3	17.0
2025-02-25	v2.virtualflybrain.org	VFBexp_FBtp0100	VFB_00101567	0	6	77.0
2025-02-25	v2.virtualflybrain.org	VFBexp_FBtp0101	VFB_00101567	0	3	145.0
2025-02-25	v2.virtualflybrain.org	VFBexp_FBtp0102	VFB_00101567	0	2	25.0
2025-02-25	v2.virtualflybrain.org	VFBexp_FBtp0103	VFB_00101567	0	7	58.0
2025-02-25	v2.virtualflybrain.org	VFBexp_FBtp0104	VFB_00101567	0	2	21.0
2025-02-25	v2.virtualflybrain.org	VFBexp_FBtp0105	VFB_00101567	0	4	29.0
2025-02-25	v2.virtualflybrain.org	VFBexp_FBtp0106	VFB_00101567	0	4	30.0
2025-02-25	v2.virtualflybrain.org	VFBexp_FBtp0107	VFB_00101567	0	4	35.0
2025-02-25	v2.virtualflybrain.org	VFBexp_FBtp0121		1	1	0.0
2025-02-25	v2.virtualflybrain.org	VFBexp_FBtp0121	VFB_00101567	0	2	630.0
2025-02-25	v2.virtualflybrain.org	VFBexp_FBtp0124	VFB_00101567	1	1	3.0
2025-02-25	v2.virtualflybrain.org	VFBexp_FBtp0129	VFB_00101567	0	4	87.0
2025-02-26		FBbt_00001945		7	1	0.0
2025-02-26		FBbt_00001945	VFB_00050000	7	1	0.0
2025-02-26		FBbt_00003624		3	2	0.0
2025-02-26		FBbt_00003624	VFB_00101567	4	2	0.0
2025-02-26		FBbt_00003681		2	2	0.0
2025-02-26		FBbt_00003681	VFB_00101567	2	2	0.0
2025-02-26		FBbt_00003748		14	6	1.0
2025-02-26		FBbt_00003748	VFB_00101567	14	6	0.0
2025-02-26		FBbt_00003789		4	1	0.0
2025-02-26		FBbt_00003789	VFB_00101567	4	2	0.0
2025-02-26		FBbt_00005801		1	1	0.0
2025-02-26		FBbt_00005801	VFB_00101567	1	1	0.0
2025-02-26		FBbt_00007050		1	1	0.0
2025-02-26		FBbt_00007050	VFB_00101567	1	1	0.0
2025-02-26		FBbt_00007054		1	1	0.0
2025-02-26		FBbt_00007054	VFB_00101567	1	1	0.0
2025-02-26		FBbt_00007055		3	1	0.0
2025-02-26		FBbt_00007055	VFB_00101567	3	1	0.0
2025-02-26		FBbt_00007453		1	1	0.0
2025-02-26		FBbt_00007453	VFB_00101567	1	1	0.0
2025-02-26		FBbt_00040041		7	2	0.0
2025-02-26		FBbt_00040041	VFB_00017894	6	1	0.0
2025-02-26		FBbt_00040041	VFB_00101567	1	1	0.0
2025-02-26		FBbt_00040042		1	1	0.0
2025-02-26		FBbt_00040042	VFB_00101567	1	1	0.0
2025-02-26		FBbt_00040043		9	2	0.0
2025-02-26		FBbt_00040043	VFB_00101567	9	2	0.0
2025-02-26		FBbt_00045027		1	1	0.0
2025-02-26		FBbt_00045027	VFB_00101567	1	1	0.0
2025-02-26		FBbt_00045047		1	1	0.0
2025-02-26		FBbt_00045047	VFB_00101567	1	1	0.0
2025-02-26		FBbt_00047354		1	1	0.0
2025-02-26		FBbt_00047354	VFB_00101567	1	1	0.0
2025-02-26		FBbt_00047887		1	1	0.0
2025-02-26		FBbt_00047887	VFB_00101567	1	1	0.0
2025-02-26		FBbt_00100505		1	1	0.0
2025-02-26		FBbt_00100505	VFB_00101567	1	1	0.0
2025-02-26		FBbt_00110636		7	1	0.0
2025-02-26		FBbt_00110636	VFB_00101567	7	1	0.0
2025-02-26		FBbt_20000870		2	1	0.0
2025-02-26		FBbt_20000870	VFB_00101567	2	1	0.0
2025-02-26		FBbt_20002982		24	1	0.0
2025-02-26		FBbt_20002982	VFB_00101567	24	1	0.0
2025-02-26		VFB_00000491		10	1	0.0
2025-02-26		VFB_00000491	VFB_00017894	10	1	0.0
2025-02-26		VFB_00024347		2	1	1.0
2025-02-26		VFB_00024347	VFB_00101567	2	1	0.0
2025-02-26		VFB_00025732		2	1	1.0
2025-02-26		VFB_00025732	VFB_00101567	2	1	0.0
2025-02-26		VFB_00025956		2	1	1.0
2025-02-26		VFB_00025956	VFB_00101567	2	1	0.0
2025-02-26		VFB_00026266		2	1	1.0
2025-02-26		VFB_00026266	VFB_00101567	2	1	0.0
2025-02-26		VFB_00026442		2	1	1.0
2025-02-26		VFB_00026442	VFB_00101567	2	1	0.0
2025-02-26		VFB_00026469		2	1	1.0
2025-02-26		VFB_00026469	VFB_00101567	2	1	0.0
2025-02-26		VFB_00026650		2	1	1.0
2025-02-26		VFB_00026650	VFB_00101567	2	1	0.0
2025-02-26		VFB_00027044		2	1	1.0
2025-02-26		VFB_00027044	VFB_00101567	2	1	0.0
2025-02-26		VFB_00027484		2	1	1.0
2025-02-26		VFB_00027484	VFB_00101567	2	1	0.0
2025-02-26		VFB_00027844		2	1	1.0
2025-02-26		VFB_00027844	VFB_00101567	2	1	0.0
2025-02-26		VFB_00027852		2	1	1.0
2025-02-26		VFB_00027852	VFB_00101567	2	1	0.0
2025-02-26		VFB_00028750		2	1	1.0
2025-02-26		VFB_00028750	VFB_00101567	2	1	0.0
2025-02-26		VFB_00028759		2	1	4.0
2025-02-26		VFB_00028759	VFB_00101567	2	1	0.0
2025-02-26		VFB_00029403		2	1	1.0
2025-02-26		VFB_00029403	VFB_00101567	2	1	0.0
2025-02-26		VFB_00029505		2	1	3.0
2025-02-26		VFB_00029505	VFB_00101567	2	1	0.0
2025-02-26		VFB_00029617		2	1	1.0
2025-02-26		VFB_00029617	VFB_00101567	2	1	0.0
2025-02-26		VFB_00030523		2	1	1.0
2025-02-26		VFB_00030523	VFB_00101567	2	1	0.0
2025-02-26		VFB_00030541		2	1	1.0
2025-02-26		VFB_00030541	VFB_00101567	2	1	0.0
2025-02-26		VFB_00030867		14	2	264.0
2025-02-26		VFB_00030867	VFB_00017894	4	1	0.0
2025-02-26		VFB_00030867	VFB_00101567	10	2	0.0
2025-02-26		VFB_00036991		2	1	0.0
2025-02-26		VFB_00036991	VFB_00101567	2	1	0.0
2025-02-26		VFB_00037192		2	1	1.0
2025-02-26		VFB_00037192	VFB_00101567	2	1	0.0
2025-02-26		VFB_00037366		2	1	1.0
2025-02-26		VFB_00037366	VFB_00101567	2	1	0.0
2025-02-26		VFB_00038085		2	1	1.0
2025-02-26		VFB_00038085	VFB_00101567	2	1	0.0
2025-02-26		VFB_00038668		2	1	1.0
2025-02-26		VFB_00038668	VFB_00101567	2	1	0.0
2025-02-26		VFB_00038698		2	1	1.0
2025-02-26		VFB_00038698	VFB_00101567	2	1	0.0
2025-02-26		VFB_00038710		2	1	1.0
2025-02-26		VFB_00038710	VFB_00101567	2	1	0.0
2025-02-26		VFB_00038929		2	1	1.0
2025-02-26		VFB_00038929	VFB_00101567	2	1	0.0
2025-02-26		VFB_00039091		2	1	1.0
2025-02-26		VFB_00039091	VFB_00101567	2	1	0.0
2025-02-26		VFB_00039104		2	1	3.0
2025-02-26		VFB_00039104	VFB_00101567	2	1	0.0
2025-02-26		VFB_00039227		2	1	1.0
2025-02-26		VFB_00039227	VFB_00101567	2	1	0.0
2025-02-26		VFB_00039284		2	1	1.0
2025-02-26		VFB_00039284	VFB_00101567	2	1	0.0
2025-02-26		VFB_00039912		2	1	1.0
2025-02-26		VFB_00039912	VFB_00101567	2	1	0.0
2025-02-26		VFB_00040084		2	1	1.0
2025-02-26		VFB_00040084	VFB_00101567	2	1	0.0
2025-02-26		VFB_00040253		2	1	1.0
2025-02-26		VFB_00040253	VFB_00101567	2	1	0.0
2025-02-26		VFB_00040363		2	1	1.0
2025-02-26		VFB_00040363	VFB_00101567	2	1	0.0
2025-02-26		VFB_00040775		2	1	3.0
2025-02-26		VFB_00040775	VFB_00101567	2	1	0.0
2025-02-26		VFB_00040876		2	1	1.0
2025-02-26		VFB_00040876	VFB_00101567	2	1	0.0
2025-02-26		VFB_00041489		2	1	1.0
2025-02-26		VFB_00041489	VFB_00101567	2	1	0.0
2025-02-26		VFB_00041494		2	1	2.0
2025-02-26		VFB_00041494	VFB_00101567	2	1	0.0
2025-02-26		VFB_00041690		2	1	1.0
2025-02-26		VFB_00041690	VFB_00101567	2	1	0.0
2025-02-26		VFB_00041916		2	1	1.0
2025-02-26		VFB_00041916	VFB_00101567	2	1	0.0
2025-02-26		VFB_00042121		2	1	1.0
2025-02-26		VFB_00042121	VFB_00101567	2	1	0.0
2025-02-26		VFB_00042277		2	1	1.0
2025-02-26		VFB_00042277	VFB_00101567	2	1	0.0
2025-02-26		VFB_00042651		2	1	1.0
2025-02-26		VFB_00042651	VFB_00101567	2	1	0.0
2025-02-26		VFB_00042754		2	1	1.0
2025-02-26		VFB_00042754	VFB_00101567	2	1	0.0
2025-02-26		VFB_00042770		2	1	1.0
2025-02-26		VFB_00042770	VFB_00101567	2	1	0.0
2025-02-26		VFB_00042855		2	1	0.0
2025-02-26		VFB_00042855	VFB_00101567	2	1	0.0
2025-02-26		VFB_00043612		2	1	1.0
2025-02-26		VFB_00043612	VFB_00101567	2	1	0.0
2025-02-26		VFB_00043794		2	1	1.0
2025-02-26		VFB_00043794	VFB_00101567	2	1	0.0
2025-02-26		VFB_00044324		2	1	1.0
2025-02-26		VFB_00044324	VFB_00101567	2	1	0.0
2025-02-26		VFB_00044717		2	1	1.0
2025-02-26		VFB_00044717	VFB_00101567	2	1	0.0
2025-02-26		VFB_00044926		2	1	1.0
2025-02-26		VFB_00044926	VFB_00101567	2	1	0.0
2025-02-26		VFB_00044977		2	1	5.0
2025-02-26		VFB_00044977	VFB_00101567	2	2	0.0
2025-02-26		VFB_00045399		2	1	1.0
2025-02-26		VFB_00045399	VFB_00101567	2	1	0.0
2025-02-26		VFB_00045473		2	1	3.0
2025-02-26		VFB_00045473	VFB_00101567	2	1	0.0
2025-02-26		VFB_00045530		2	1	1.0
2025-02-26		VFB_00045530	VFB_00101567	2	1	0.0
2025-02-26		VFB_00045675		2	1	2.0
2025-02-26		VFB_00045675	VFB_00101567	2	1	0.0
2025-02-26		VFB_00046447		2	1	1.0
2025-02-26		VFB_00046447	VFB_00101567	2	1	0.0
2025-02-26		VFB_00046982		2	1	1.0
2025-02-26		VFB_00046982	VFB_00101567	2	1	0.0
2025-02-26		VFB_00047635		2	1	1.0
2025-02-26		VFB_00047635	VFB_00101567	2	1	0.0
2025-02-26		VFB_00047760		2	1	1.0
2025-02-26		VFB_00047760	VFB_00101567	2	1	0.0
2025-02-26		VFB_00047941		2	1	1.0
2025-02-26		VFB_00047941	VFB_00101567	2	1	0.0
2025-02-26		VFB_00048037		2	1	1.0
2025-02-26		VFB_00048037	VFB_00101567	2	1	0.0
2025-02-26		VFB_00048112		2	1	1.0
2025-02-26		VFB_00048112	VFB_00101567	2	1	0.0
2025-02-26		VFB_00048222		2	1	1.0
2025-02-26		VFB_00048222	VFB_00101567	2	1	0.0
2025-02-26		VFB_00048432		2	1	1.0
2025-02-26		VFB_00048432	VFB_00101567	2	1	0.0
2025-02-26		VFB_00049000		1	1	3.0
2025-02-26		VFB_00049000	VFB_00049000	1	1	0.0
2025-02-26		VFB_00050000		5	1	0.0
2025-02-26		VFB_00050000	VFB_00050000	5	1	0.0
2025-02-26		VFB_00063656		2	1	1.0
2025-02-26		VFB_00063656	VFB_00101567	2	1	0.0
2025-02-26		VFB_00064385		2	1	1.0
2025-02-26		VFB_00064385	VFB_00101567	2	1	0.0
2025-02-26		VFB_00064832		2	1	1.0
2025-02-26		VFB_00064832	VFB_00101567	2	1	0.0
2025-02-26		VFB_00065055		2	1	1.0
2025-02-26		VFB_00065055	VFB_00101567	2	1	0.0
2025-02-26		VFB_00065284		2	1	1.0
2025-02-26		VFB_00065284	VFB_00101567	2	1	0.0
2025-02-26		VFB_00065356		2	1	1.0
2025-02-26		VFB_00065356	VFB_00101567	2	1	0.0
2025-02-26		VFB_00065384		2	1	0.0
2025-02-26		VFB_00065384	VFB_00101567	2	1	0.0
2025-02-26		VFB_00066067		8	1	0.0
2025-02-26		VFB_00066067	VFB_00101567	8	1	0.0
2025-02-26		VFB_00067433		2	1	1.0
2025-02-26		VFB_00067433	VFB_00101567	2	1	0.0
2025-02-26		VFB_00067780		2	1	1.0
2025-02-26		VFB_00067780	VFB_00101567	2	1	0.0
2025-02-26		VFB_00068017		2	1	1.0
2025-02-26		VFB_00068017	VFB_00101567	2	1	0.0
2025-02-26		VFB_00068330		2	1	2.0
2025-02-26		VFB_00068330	VFB_00101567	2	1	0.0
2025-02-26		VFB_00069211		4	1	61.0
2025-02-26		VFB_00069211	VFB_00101567	4	2	0.0
2025-02-26		VFB_00100715		2	1	3.0
2025-02-26		VFB_00100715	VFB_00050000	2	1	0.0
2025-02-26		VFB_00100ww0		1	1	0.0
2025-02-26		VFB_00100ww0	VFB_00101567	1	1	0.0
2025-02-26		VFB_001010j4		1	1	0.0
2025-02-26		VFB_001010j4	VFB_00101567	1	1	0.0
2025-02-26		VFB_00101132		12	1	0.0
2025-02-26		VFB_00101132	VFB_00101567	12	1	0.0
2025-02-26		VFB_001013bo		4	1	0.0
2025-02-26		VFB_001013bo	VFB_00101567	4	1	0.0
2025-02-26		VFB_001014b2		24	1	0.0
2025-02-26		VFB_001014b2	VFB_00101567	24	1	0.0
2025-02-26		VFB_001014u6		3	1	3.0
2025-02-26		VFB_001014u6	VFB_00101567	3	2	0.0
2025-02-26		VFB_001014uq		2	1	13.0
2025-02-26		VFB_001014uq	VFB_00101567	2	1	0.0
2025-02-26		VFB_00101567		218	30	605.0
2025-02-26		VFB_00101567	VFB_00101567	226	44	44.0
2025-02-26		VFB_00102119		11	1	236.0
2025-02-26		VFB_00102119	VFB_00101567	11	2	0.0
2025-02-26		VFB_00102121		1	1	0.0
2025-02-26		VFB_00102121	VFB_00101567	1	1	0.0
2025-02-26		VFB_00102123		1	1	0.0
2025-02-26		VFB_00102123	VFB_00101567	1	1	0.0
2025-02-26		VFB_00102124		1	1	0.0
2025-02-26		VFB_00102124	VFB_00101567	1	1	0.0
2025-02-26		VFB_00102133		1	1	0.0
2025-02-26		VFB_00102133	VFB_00101567	1	1	0.0
2025-02-26		VFB_00102134		3	1	0.0
2025-02-26		VFB_00102134	VFB_00101567	3	1	0.0
2025-02-26		VFB_00102170		2	1	0.0
2025-02-26		VFB_00102170	VFB_00101567	2	1	0.0
2025-02-26		VFB_fw000281		18	1	49.0
2025-02-26		VFB_fw000281	VFB_00101567	18	1	0.0
2025-02-26		VFB_fw002780		24	1	0.0
2025-02-26		VFB_fw002780	VFB_00101567	24	1	0.0
2025-02-26		VFB_fw003229		24	1	0.0
2025-02-26		VFB_fw003229	VFB_00101567	24	1	0.0
2025-02-26		VFB_fw003503		24	1	0.0
2025-02-26		VFB_fw003503	VFB_00101567	24	1	0.0
2025-02-26		VFB_fw008249		24	1	0.0
2025-02-26		VFB_fw008249	VFB_00101567	24	1	0.0
2025-02-26		VFB_fw008812		24	1	0.0
2025-02-26		VFB_fw008812	VFB_00101567	24	1	0.0
2025-02-26		VFB_fw019973		24	1	0.0
2025-02-26		VFB_fw019973	VFB_00101567	24	1	0.0
2025-02-26		VFB_fw023507		24	1	0.0
2025-02-26		VFB_fw023507	VFB_00101567	24	1	0.0
2025-02-26		VFB_fw025761		5	1	0.0
2025-02-26		VFB_fw025761	VFB_00101567	5	1	0.0
2025-02-26		VFB_fw025774		24	1	0.0
2025-02-26		VFB_fw025774	VFB_00101567	24	1	0.0
2025-02-26		VFB_fw027569		4	1	0.0
2025-02-26		VFB_fw027569	VFB_00101567	4	1	0.0
2025-02-26		VFB_fw032870		25	1	0.0
2025-02-26		VFB_fw032870	VFB_00101567	25	1	0.0
2025-02-26		VFB_fw038573		24	1	0.0
2025-02-26		VFB_fw038573	VFB_00101567	24	1	0.0
2025-02-26		VFB_fw038771		2	1	0.0
2025-02-26		VFB_fw038771	VFB_00101567	2	1	0.0
2025-02-26		VFB_fw043540		24	1	0.0
2025-02-26		VFB_fw043540	VFB_00101567	24	1	0.0
2025-02-26		VFB_jrchjtn1		16	1	0.0
2025-02-26		VFB_jrchjtn1	VFB_00101567	16	1	0.0
2025-02-26		VFB_jrchjtpj		8	1	0.0
2025-02-26		VFB_jrchjtpj	VFB_00101567	8	1	0.0
2025-02-26		VFB_jrchjts1		8	1	0.0
2025-02-26		VFB_jrchjts1	VFB_00101567	8	1	0.0
2025-02-26		VFB_jrchjzmr		4	1	0.0
2025-02-26		VFB_jrchjzmr	VFB_00101567	4	1	0.0
2025-02-26		VFB_jrchk0xv		17	1	0.0
2025-02-26		VFB_jrchk0xv	VFB_00101567	17	1	0.0
2025-02-26		VFB_jrchk32m		48	1	0.0
2025-02-26		VFB_jrchk32m	VFB_00101567	48	1	0.0
2025-02-26		VFB_jrchk37h		8	1	0.0
2025-02-26		VFB_jrchk37h	VFB_00101567	8	1	0.0
2025-02-26		VFB_jrchk45p		24	1	0.0
2025-02-26		VFB_jrchk45p	VFB_00101567	24	1	0.0
2025-02-26		VFB_jrchk461		17	1	0.0
2025-02-26		VFB_jrchk461	VFB_00101567	17	1	0.0
2025-02-26		VFB_jrchk6gf		17	1	0.0
2025-02-26		VFB_jrchk6gf	VFB_00101567	17	1	0.0
2025-02-26		VFB_jrchk6mk		24	1	0.0
2025-02-26		VFB_jrchk6mk	VFB_00101567	24	1	0.0
2025-02-26		VFB_jrchk6qe		1	1	0.0
2025-02-26		VFB_jrchk6qe	VFB_00101567	1	1	0.0
2025-02-26		VFB_jrchk6we		24	1	0.0
2025-02-26		VFB_jrchk6we	VFB_00101567	24	1	0.0
2025-02-26		VFB_jrchk6wj		2	1	0.0
2025-02-26		VFB_jrchk6wj	VFB_00101567	2	1	0.0
2025-02-26		VFB_jrchk750		16	1	0.0
2025-02-26		VFB_jrchk750	VFB_00101567	16	1	0.0
2025-02-26		VFB_jrchk7yf		1	1	0.0
2025-02-26		VFB_jrchk7yf	VFB_00101567	1	1	0.0
2025-02-26		VFBexp_FBti0002		2	1	0.0
2025-02-26		VFBexp_FBti0002	VFB_00101567	2	2	0.0
2025-02-26		VFBexp_FBtp0067		1	1	0.0
2025-02-26		VFBexp_FBtp0067	VFB_00101567	1	1	0.0
2025-02-26		VFBexp_FBtp0099		11	10	0.0
2025-02-26		VFBexp_FBtp0099	VFB_00101567	11	10	0.0
2025-02-26		VFBexp_FBtp0100		5	5	0.0
2025-02-26		VFBexp_FBtp0100	VFB_00101567	5	5	0.0
2025-02-26		VFBexp_FBtp0101		13	12	0.0
2025-02-26		VFBexp_FBtp0101	VFB_00101567	13	12	0.0
2025-02-26		VFBexp_FBtp0102		7	7	0.0
2025-02-26		VFBexp_FBtp0102	VFB_00101567	7	7	0.0
2025-02-26		VFBexp_FBtp0103		9	9	0.0
2025-02-26		VFBexp_FBtp0103	VFB_00101567	9	9	0.0
2025-02-26		VFBexp_FBtp0104		7	7	0.0
2025-02-26		VFBexp_FBtp0104	VFB_00101567	7	7	0.0
2025-02-26		VFBexp_FBtp0105		9	9	0.0
2025-02-26		VFBexp_FBtp0105	VFB_00101567	9	9	0.0
2025-02-26		VFBexp_FBtp0106		9	9	0.0
2025-02-26		VFBexp_FBtp0106	VFB_00101567	9	9	0.0
2025-02-26		VFBexp_FBtp0107		8	8	0.0
2025-02-26		VFBexp_FBtp0107	VFB_00101567	8	8	0.0
2025-02-26		VFBexp_FBtp0122		4	2	0.0
2025-02-26		VFBexp_FBtp0122	VFB_00101567	4	2	0.0
2025-02-26		VFBexp_FBtp0124		4	3	0.0
2025-02-26		VFBexp_FBtp0124	VFB_00101567	4	3	0.0
2025-02-26	v2-dev.virtualflybrain.org	FBbt_00003748	VFB_00101567	8	2	8.0
2025-02-26	v2-dev.virtualflybrain.org	VFB_00101567	VFB_00101567	0	4	0.0
2025-02-26	v2-dev.virtualflybrain.org	VFB_jrchk6qe	VFB_00101567	1	1	0.0
2025-02-26	v2-dev.virtualflybrain.org	VFB_jrchk7yf	VFB_00101567	1	1	0.0
2025-02-26	v2.virtualflybrain.org	FBbt_00001427		1	1	0.0
2025-02-26	v2.virtualflybrain.org	FBbt_00001945	VFB_00050000	7	1	1.0
2025-02-26	v2.virtualflybrain.org	FBbt_00003624	VFB_00101567	0	4	150.0
2025-02-26	v2.virtualflybrain.org	FBbt_00003681	VFB_00101567	1	2	252.0
2025-02-26	v2.virtualflybrain.org	FBbt_00003748		1	1	0.0
2025-02-26	v2.virtualflybrain.org	FBbt_00003748	VFB_00101567	1	8	454.0
2025-02-26	v2.virtualflybrain.org	FBbt_00003789	VFB_00101567	0	2	42.0
2025-02-26	v2.virtualflybrain.org	FBbt_00003924		2	2	11.0
2025-02-26	v2.virtualflybrain.org	FBbt_00005801	VFB_00101567	0	1	36.0
2025-02-26	v2.virtualflybrain.org	FBbt_00007050	VFB_00101567	0	2	36.0
2025-02-26	v2.virtualflybrain.org	FBbt_00007054	VFB_00101567	0	1	13.0
2025-02-26	v2.virtualflybrain.org	FBbt_00007055		1	1	1.0
2025-02-26	v2.virtualflybrain.org	FBbt_00007055	VFB_00101567	1	1	1.0
2025-02-26	v2.virtualflybrain.org	FBbt_00007453	VFB_00101567	0	1	0.0
2025-02-26	v2.virtualflybrain.org	FBbt_00040041	VFB_00017894	6	1	4.0
2025-02-26	v2.virtualflybrain.org	FBbt_00040041	VFB_00101567	0	2	6.0
2025-02-26	v2.virtualflybrain.org	FBbt_00040042	VFB_00101567	0	1	35.0
2025-02-26	v2.virtualflybrain.org	FBbt_00040043	VFB_00101567	1	4	96.0
2025-02-26	v2.virtualflybrain.org	FBbt_00045027	VFB_00101567	0	1	7.0
2025-02-26	v2.virtualflybrain.org	FBbt_00045030	VFB_00101567	0	1	1.0
2025-02-26	v2.virtualflybrain.org	FBbt_00045046		1	1	0.0
2025-02-26	v2.virtualflybrain.org	FBbt_00045047	VFB_00101567	0	2	6.0
2025-02-26	v2.virtualflybrain.org	FBbt_00045050	VFB_00101567	0	2	228.0
2025-02-26	v2.virtualflybrain.org	FBbt_00045051	VFB_00101567	0	1	1.0
2025-02-26	v2.virtualflybrain.org	FBbt_00047354	VFB_00101567	0	1	7.0
2025-02-26	v2.virtualflybrain.org	FBbt_00047887	VFB_00101567	1	1	0.0
2025-02-26	v2.virtualflybrain.org	FBbt_00049667		1	1	18.0
2025-02-26	v2.virtualflybrain.org	FBbt_00100505	VFB_00101567	0	2	68.0
2025-02-26	v2.virtualflybrain.org	FBbt_00110636	VFB_00101567	0	1	102.0
2025-02-26	v2.virtualflybrain.org	FBbt_20000870	VFB_00101567	2	1	0.0
2025-02-26	v2.virtualflybrain.org	FBbt_20002982	VFB_00101567	24	1	0.0
2025-02-26	v2.virtualflybrain.org	VFB_00000491	VFB_00017894	10	1	0.0
2025-02-26	v2.virtualflybrain.org	VFB_00017894	VFB_00017894	0	2	0.0
2025-02-26	v2.virtualflybrain.org	VFB_00024347	VFB_00101567	0	1	0.0
2025-02-26	v2.virtualflybrain.org	VFB_00025732	VFB_00101567	0	1	0.0
2025-02-26	v2.virtualflybrain.org	VFB_00025956	VFB_00101567	0	1	0.0
2025-02-26	v2.virtualflybrain.org	VFB_00026266	VFB_00101567	0	1	0.0
2025-02-26	v2.virtualflybrain.org	VFB_00026442	VFB_00101567	0	1	0.0
2025-02-26	v2.virtualflybrain.org	VFB_00026469	VFB_00101567	0	1	0.0
2025-02-26	v2.virtualflybrain.org	VFB_00026650	VFB_00101567	0	1	0.0
2025-02-26	v2.virtualflybrain.org	VFB_00027044	VFB_00101567	0	1	0.0
2025-02-26	v2.virtualflybrain.org	VFB_00027484	VFB_00101567	0	1	0.0
2025-02-26	v2.virtualflybrain.org	VFB_00027844	VFB_00101567	0	1	0.0
2025-02-26	v2.virtualflybrain.org	VFB_00027852	VFB_00101567	0	1	0.0
2025-02-26	v2.virtualflybrain.org	VFB_00028750	VFB_00101567	0	1	0.0
2025-02-26	v2.virtualflybrain.org	VFB_00028759	VFB_00101567	0	1	0.0
2025-02-26	v2.virtualflybrain.org	VFB_00029403	VFB_00101567	0	1	0.0
2025-02-26	v2.virtualflybrain.org	VFB_00029505	VFB_00101567	0	1	0.0
2025-02-26	v2.virtualflybrain.org	VFB_00029617	VFB_00101567	0	1	0.0
2025-02-26	v2.virtualflybrain.org	VFB_00030523	VFB_00101567	0	1	0.0
2025-02-26	v2.virtualflybrain.org	VFB_00030541	VFB_00101567	0	1	0.0
2025-02-26	v2.virtualflybrain.org	VFB_00030867	VFB_00017894	1	3	13.0
2025-02-26	v2.virtualflybrain.org	VFB_00030867	VFB_00101567	7	3	3.0
2025-02-26	v2.virtualflybrain.org	VFB_00036991	VFB_00101567	0	1	0.0
2025-02-26	v2.virtualflybrain.org	VFB_00037192	VFB_00101567	0	1	0.0
2025-02-26	v2.virtualflybrain.org	VFB_00037366	VFB_00101567	0	1	0.0
2025-02-26	v2.virtualflybrain.org	VFB_00038085	VFB_00101567	0	1	0.0
2025-02-26	v2.virtualflybrain.org	VFB_00038668	VFB_00101567	0	1	0.0
2025-02-26	v2.virtualflybrain.org	VFB_00038698	VFB_00101567	0	1	0.0
2025-02-26	v2.virtualflybrain.org	VFB_00038710	VFB_00101567	0	1	0.0
2025-02-26	v2.virtualflybrain.org	VFB_00038929	VFB_00101567	0	1	0.0
2025-02-26	v2.virtualflybrain.org	VFB_00039091	VFB_00101567	0	1	0.0
2025-02-26	v2.virtualflybrain.org	VFB_00039104	VFB_00101567	0	1	0.0
2025-02-26	v2.virtualflybrain.org	VFB_00039227	VFB_00101567	0	1	0.0
2025-02-26	v2.virtualflybrain.org	VFB_00039284	VFB_00101567	0	1	0.0
2025-02-26	v2.virtualflybrain.org	VFB_00039912	VFB_00101567	0	1	0.0
2025-02-26	v2.virtualflybrain.org	VFB_00040084	VFB_00101567	0	1	0.0
2025-02-26	v2.virtualflybrain.org	VFB_00040253	VFB_00101567	0	1	0.0
2025-02-26	v2.virtualflybrain.org	VFB_00040363	VFB_00101567	0	1	0.0
2025-02-26	v2.virtualflybrain.org	VFB_00040775	VFB_00101567	0	1	0.0
2025-02-26	v2.virtualflybrain.org	VFB_00040876	VFB_00101567	0	1	0.0
2025-02-26	v2.virtualflybrain.org	VFB_00041489	VFB_00101567	0	1	0.0
2025-02-26	v2.virtualflybrain.org	VFB_00041494	VFB_00101567	0	1	0.0
2025-02-26	v2.virtualflybrain.org	VFB_00041690	VFB_00101567	0	1	0.0
2025-02-26	v2.virtualflybrain.org	VFB_00041916	VFB_00101567	0	1	0.0
2025-02-26	v2.virtualflybrain.org	VFB_00042121	VFB_00101567	0	1	0.0
2025-02-26	v2.virtualflybrain.org	VFB_00042277	VFB_00101567	0	1	0.0
2025-02-26	v2.virtualflybrain.org	VFB_00042651	VFB_00101567	0	1	0.0
2025-02-26	v2.virtualflybrain.org	VFB_00042754	VFB_00101567	0	1	0.0
2025-02-26	v2.virtualflybrain.org	VFB_00042770	VFB_00101567	0	1	0.0
2025-02-26	v2.virtualflybrain.org	VFB_00042855	VFB_00101567	0	1	0.0
2025-02-26	v2.virtualflybrain.org	VFB_00043612	VFB_00101567	0	1	0.0
2025-02-26	v2.virtualflybrain.org	VFB_00043794	VFB_00101567	0	1	0.0
2025-02-26	v2.virtualflybrain.org	VFB_00044324	VFB_00101567	0	1	0.0
2025-02-26	v2.virtualflybrain.org	VFB_00044717	VFB_00101567	0	1	0.0
2025-02-26	v2.virtualflybrain.org	VFB_00044926	VFB_00101567	0	1	0.0
2025-02-26	v2.virtualflybrain.org	VFB_00044977	VFB_00101567	0	1	0.0
2025-02-26	v2.virtualflybrain.org	VFB_00045399	VFB_00101567	0	1	0.0
2025-02-26	v2.virtualflybrain.org	VFB_00045473	VFB_00101567	0	1	0.0
2025-02-26	v2.virtualflybrain.org	VFB_00045530	VFB_00101567	0	1	0.0
2025-02-26	v2.virtualflybrain.org	VFB_00045675	VFB_00101567	0	1	0.0
2025-02-26	v2.virtualflybrain.org	VFB_00046447	VFB_00101567	0	1	0.0
2025-02-26	v2.virtualflybrain.org	VFB_00046982	VFB_00101567	0	1	0.0
2025-02-26	v2.virtualflybrain.org	VFB_00047635	VFB_00101567	0	1	0.0
2025-02-26	v2.virtualflybrain.org	VFB_00047760	VFB_00101567	0	1	0.0
2025-02-26	v2.virtualflybrain.org	VFB_00047941	VFB_00101567	0	1	0.0
2025-02-26	v2.virtualflybrain.org	VFB_00048037	VFB_00101567	0	1	0.0
2025-02-26	v2.virtualflybrain.org	VFB_00048112	VFB_00101567	0	1	0.0
2025-02-26	v2.virtualflybrain.org	VFB_00048222	VFB_00101567	0	1	0.0
2025-02-26	v2.virtualflybrain.org	VFB_00048432	VFB_00101567	0	1	0.0
2025-02-26	v2.virtualflybrain.org	VFB_00049000		0	1	0.0
2025-02-26	v2.virtualflybrain.org	VFB_00049000	VFB_00049000	1	2	13.0
2025-02-26	v2.virtualflybrain.org	VFB_00050000	VFB_00050000	4	4	0.0
2025-02-26	v2.virtualflybrain.org	VFB_00063656	VFB_00101567	0	1	0.0
2025-02-26	v2.virtualflybrain.org	VFB_00064385	VFB_00101567	0	1	0.0
2025-02-26	v2.virtualflybrain.org	VFB_00064832	VFB_00101567	0	1	0.0
2025-02-26	v2.virtualflybrain.org	VFB_00065055	VFB_00101567	0	1	0.0
2025-02-26	v2.virtualflybrain.org	VFB_00065284	VFB_00101567	0	1	0.0
2025-02-26	v2.virtualflybrain.org	VFB_00065356	VFB_00101567	0	1	0.0
2025-02-26	v2.virtualflybrain.org	VFB_00065384	VFB_00101567	0	1	0.0
2025-02-26	v2.virtualflybrain.org	VFB_00066067	VFB_00101567	8	1	0.0
2025-02-26	v2.virtualflybrain.org	VFB_00067433	VFB_00101567	0	1	0.0
2025-02-26	v2.virtualflybrain.org	VFB_00067780	VFB_00101567	0	1	0.0
2025-02-26	v2.virtualflybrain.org	VFB_00068017	VFB_00101567	0	1	0.0
2025-02-26	v2.virtualflybrain.org	VFB_00068330	VFB_00101567	0	1	0.0
2025-02-26	v2.virtualflybrain.org	VFB_00069211	VFB_00101567	0	3	27.0
2025-02-26	v2.virtualflybrain.org	VFB_00100715	VFB_00050000	4	1	1.0
2025-02-26	v2.virtualflybrain.org	VFB_00100ww0	VFB_00101567	1	2	191.0
2025-02-26	v2.virtualflybrain.org	VFB_001010j4	VFB_00101567	1	1	114.0
2025-02-26	v2.virtualflybrain.org	VFB_00101132	VFB_00101567	12	1	0.0
2025-02-26	v2.virtualflybrain.org	VFB_001013bo	VFB_00101567	4	1	0.0
2025-02-26	v2.virtualflybrain.org	VFB_001014b2	VFB_00101567	24	1	0.0
2025-02-26	v2.virtualflybrain.org	VFB_001014u6	VFB_00101567	2	1	0.0
2025-02-26	v2.virtualflybrain.org	VFB_001014uq	VFB_00101567	0	1	3.0
2025-02-26	v2.virtualflybrain.org	VFB_00101567		0	1	2.0
2025-02-26	v2.virtualflybrain.org	VFB_00101567	VFB_00101567	115	110	1940.0
2025-02-26	v2.virtualflybrain.org	VFB_00102119	VFB_00101567	2	3	357.0
2025-02-26	v2.virtualflybrain.org	VFB_00102121	VFB_00101567	0	1	5.0
2025-02-26	v2.virtualflybrain.org	VFB_00102123	VFB_00101567	0	1	25.0
2025-02-26	v2.virtualflybrain.org	VFB_00102124	VFB_00101567	0	1	4.0
2025-02-26	v2.virtualflybrain.org	VFB_00102133	VFB_00101567	0	1	1.0
2025-02-26	v2.virtualflybrain.org	VFB_00102134	VFB_00101567	3	1	0.0
2025-02-26	v2.virtualflybrain.org	VFB_00102170	VFB_00101567	1	2	0.0
2025-02-26	v2.virtualflybrain.org	VFB_00102275	VFB_00101567	0	1	251.0
2025-02-26	v2.virtualflybrain.org	VFB_fw000281	VFB_00101567	12	3	57.0
2025-02-26	v2.virtualflybrain.org	VFB_fw002780	VFB_00101567	24	1	0.0
2025-02-26	v2.virtualflybrain.org	VFB_fw003229	VFB_00101567	24	1	0.0
2025-02-26	v2.virtualflybrain.org	VFB_fw003503	VFB_00101567	24	1	0.0
2025-02-26	v2.virtualflybrain.org	VFB_fw008249	VFB_00101567	24	1	0.0
2025-02-26	v2.virtualflybrain.org	VFB_fw008812	VFB_00101567	24	1	0.0
2025-02-26	v2.virtualflybrain.org	VFB_fw019973	VFB_00101567	24	1	0.0
2025-02-26	v2.virtualflybrain.org	VFB_fw023507	VFB_00101567	24	1	0.0
2025-02-26	v2.virtualflybrain.org	VFB_fw025761	VFB_00101567	5	1	0.0
2025-02-26	v2.virtualflybrain.org	VFB_fw025774	VFB_00101567	24	1	0.0
2025-02-26	v2.virtualflybrain.org	VFB_fw027569	VFB_00101567	4	1	0.0
2025-02-26	v2.virtualflybrain.org	VFB_fw032870	VFB_00101567	25	1	0.0
2025-02-26	v2.virtualflybrain.org	VFB_fw038573	VFB_00101567	24	1	0.0
2025-02-26	v2.virtualflybrain.org	VFB_fw038771	VFB_00101567	2	1	0.0
2025-02-26	v2.virtualflybrain.org	VFB_fw043540	VFB_00101567	24	1	0.0
2025-02-26	v2.virtualflybrain.org	VFB_jrchjtn1	VFB_00101567	16	2	0.0
2025-02-26	v2.virtualflybrain.org	VFB_jrchjtpj	VFB_00101567	8	1	0.0
2025-02-26	v2.virtualflybrain.org	VFB_jrchjts1	VFB_00101567	8	1	110.0
2025-02-26	v2.virtualflybrain.org	VFB_jrchjzmr	VFB_00101567	4	1	0.0
2025-02-26	v2.virtualflybrain.org	VFB_jrchk0xv	VFB_00101567	17	1	0.0
2025-02-26	v2.virtualflybrain.org	VFB_jrchk32m	VFB_00101567	48	1	0.0
2025-02-26	v2.virtualflybrain.org	VFB_jrchk37h	VFB_00101567	8	1	0.0
2025-02-26	v2.virtualflybrain.org	VFB_jrchk45p	VFB_00101567	24	1	0.0
2025-02-26	v2.virtualflybrain.org	VFB_jrchk461	VFB_00101567	17	1	0.0
2025-02-26	v2.virtualflybrain.org	VFB_jrchk6gf	VFB_00101567	17	1	0.0
2025-02-26	v2.virtualflybrain.org	VFB_jrchk6mk	VFB_00101567	24	1	0.0
2025-02-26	v2.virtualflybrain.org	VFB_jrchk6we	VFB_00101567	24	1	0.0
2025-02-26	v2.virtualflybrain.org	VFB_jrchk6wj	VFB_00101567	2	1	0.0
2025-02-26	v2.virtualflybrain.org	VFB_jrchk750	VFB_00101567	16	1	0.0
2025-02-26	v2.virtualflybrain.org	VFBexp_FBti0002	VFB_00101567	0	2	62.0
2025-02-26	v2.virtualflybrain.org	VFBexp_FBtp0058	VFB_00101567	0	1	22.0
2025-02-26	v2.virtualflybrain.org	VFBexp_FBtp0067	VFB_00101567	0	1	38.0
2025-02-26	v2.virtualflybrain.org	VFBexp_FBtp0099		1	1	0.0
2025-02-26	v2.virtualflybrain.org	VFBexp_FBtp0099	VFB_00101567	0	10	111.0
2025-02-26	v2.virtualflybrain.org	VFBexp_FBtp0100	VFB_00101567	0	5	54.0
2025-02-26	v2.virtualflybrain.org	VFBexp_FBtp0101	VFB_00101567	0	13	352.0
2025-02-26	v2.virtualflybrain.org	VFBexp_FBtp0102	VFB_00101567	0	7	78.0
2025-02-26	v2.virtualflybrain.org	VFBexp_FBtp0103	VFB_00101567	0	9	87.0
2025-02-26	v2.virtualflybrain.org	VFBexp_FBtp0104	VFB_00101567	0	7	68.0
2025-02-26	v2.virtualflybrain.org	VFBexp_FBtp0105	VFB_00101567	0	9	99.0
2025-02-26	v2.virtualflybrain.org	VFBexp_FBtp0106	VFB_00101567	0	9	78.0
2025-02-26	v2.virtualflybrain.org	VFBexp_FBtp0107	VFB_00101567	0	8	86.0
2025-02-26	v2.virtualflybrain.org	VFBexp_FBtp0122		1	1	0.0
2025-02-26	v2.virtualflybrain.org	VFBexp_FBtp0122	VFB_00101567	2	2	1052.0
2025-02-26	v2.virtualflybrain.org	VFBexp_FBtp0124		1	1	0.0
2025-02-26	v2.virtualflybrain.org	VFBexp_FBtp0124	VFB_00101567	4	3	62.0
2025-02-27		FBbt_00001919		1	1	0.0
2025-02-27		FBbt_00001919	VFB_00049000	2	1	0.0
2025-02-27		FBbt_00001945		3	1	0.0
2025-02-27		FBbt_00001945	VFB_00050000	3	1	0.0
2025-02-27		FBbt_00003681		5	1	0.0
2025-02-27		FBbt_00003681	VFB_00101567	5	1	0.0
2025-02-27		FBbt_00003682		1	1	0.0
2025-02-27		FBbt_00003682	VFB_00101567	1	1	0.0
2025-02-27		FBbt_00003683		1	1	0.0
2025-02-27		FBbt_00003683	VFB_00101567	1	1	0.0
2025-02-27		FBbt_00003700		3	1	0.0
2025-02-27		FBbt_00003700	VFB_00101567	3	2	0.0
2025-02-27		FBbt_00003748		15	2	0.0
2025-02-27		FBbt_00003748	VFB_00101567	15	2	0.0
2025-02-27		FBbt_00005801		9	1	0.0
2025-02-27		FBbt_00005801	VFB_00050000	9	1	0.0
2025-02-27		FBbt_00005802		4	1	30.0
2025-02-27		FBbt_00005802	VFB_00101567	4	2	0.0
2025-02-27		FBbt_00007055		1	1	0.0
2025-02-27		FBbt_00007055	VFB_00101567	1	1	0.0
2025-02-27		FBbt_00007065		2	1	3.0
2025-02-27		FBbt_00007065	VFB_00050000	2	1	0.0
2025-02-27		FBbt_00007066		2	1	0.0
2025-02-27		FBbt_00007066	VFB_00050000	2	1	0.0
2025-02-27		FBbt_00007129		4	1	32.0
2025-02-27		FBbt_00007129	VFB_00050000	4	2	0.0
2025-02-27		FBbt_00013694		1	1	0.0
2025-02-27		FBbt_00013694	VFB_00101567	1	1	0.0
2025-02-27		FBbt_00013695		2	1	0.0
2025-02-27		FBbt_00013695	VFB_00101567	2	2	0.0
2025-02-27		FBbt_00014013		2	2	0.0
2025-02-27		FBbt_00014013	VFB_00101567	2	2	0.0
2025-02-27		FBbt_00040037		1	1	0.0
2025-02-27		FBbt_00040037	VFB_00101567	1	1	0.0
2025-02-27		FBbt_00040041		11	4	0.0
2025-02-27		FBbt_00040041	VFB_00017894	7	1	0.0
2025-02-27		FBbt_00040041	VFB_00101567	4	3	0.0
2025-02-27		FBbt_00045032		1	1	0.0
2025-02-27		FBbt_00045032	VFB_00101567	1	1	0.0
2025-02-27		FBbt_00045048		2	1	0.0
2025-02-27		FBbt_00045048	VFB_00101567	2	1	0.0
2025-02-27		FBbt_00047185		1	1	0.0
2025-02-27		FBbt_00047185	VFB_00101567	1	1	0.0
2025-02-27		FBbt_00047887		2	2	0.0
2025-02-27		FBbt_00047887	VFB_00101567	2	2	0.0
2025-02-27		FBbt_00047933		1	1	0.0
2025-02-27		FBbt_00047933	VFB_00030786	1	1	0.0
2025-02-27		FBbt_00049213		4	1	0.0
2025-02-27		FBbt_00049213	VFB_00050000	4	2	0.0
2025-02-27		FBbt_00049214		2	1	34.0
2025-02-27		FBbt_00049214	VFB_00050000	2	1	0.0
2025-02-27		FBbt_00050073		1	1	0.0
2025-02-27		FBbt_00050073	VFB_00101567	1	1	0.0
2025-02-27		FBbt_00050088		1	1	0.0
2025-02-27		FBbt_00050088	VFB_00101567	1	1	0.0
2025-02-27		FBbt_00100234		1	1	0.0
2025-02-27		FBbt_00100234	VFB_00101567	1	1	0.0
2025-02-27		FBbt_00110107		1	1	0.0
2025-02-27		FBbt_00110107	VFB_00101567	1	1	0.0
2025-02-27		FBbt_00110564		2	1	29.0
2025-02-27		FBbt_00110564	VFB_00101567	2	1	0.0
2025-02-27		FBbt_00110638		1	1	0.0
2025-02-27		FBbt_00110638	VFB_00101567	1	1	0.0
2025-02-27		FBbt_00111283		1	1	0.0
2025-02-27		FBbt_00111283	VFB_00101567	1	1	0.0
2025-02-27		FBbt_00111689		2	1	0.0
2025-02-27		FBbt_00111689	VFB_00049000	2	1	0.0
2025-02-27		FBbt_20000870		1	1	0.0
2025-02-27		FBbt_20000870	VFB_00101567	1	1	0.0
2025-02-27		FBbt_20002982		17	1	0.0
2025-02-27		FBbt_20002982	VFB_00101567	17	1	0.0
2025-02-27		VFB_00009011		2	1	0.0
2025-02-27		VFB_00009011	VFB_00017894	2	1	0.0
2025-02-27		VFB_00010469		6	1	14.0
2025-02-27		VFB_00010469	VFB_00101567	6	2	0.0
2025-02-27		VFB_00013556		6	1	9.0
2025-02-27		VFB_00013556	VFB_00101567	6	2	0.0
2025-02-27		VFB_00013600		2	1	0.0
2025-02-27		VFB_00013600	VFB_00101567	2	1	0.0
2025-02-27		VFB_00020363		58	1	1450.0
2025-02-27		VFB_00020363	VFB_00101567	78	5	0.0
2025-02-27		VFB_00023422		19	1	29.0
2025-02-27		VFB_00023422	VFB_00101567	25	4	0.0
2025-02-27		VFB_00030852		32	1	40.0
2025-02-27		VFB_00030852	VFB_00030786	27	1	0.0
2025-02-27		VFB_00030852	VFB_00101567	5	2	0.0
2025-02-27		VFB_00030867		3	1	0.0
2025-02-27		VFB_00030867	VFB_00101567	3	1	0.0
2025-02-27		VFB_00049000		8	1	16.0
2025-02-27		VFB_00049000	VFB_00049000	9	3	21.0
2025-02-27		VFB_00050000		10	1	0.0
2025-02-27		VFB_00050000	VFB_00050000	11	2	37.0
2025-02-27		VFB_00050274		14	1	7.0
2025-02-27		VFB_00050274	VFB_00049000	11	1	0.0
2025-02-27		VFB_00050274	VFB_00050000	3	1	0.0
2025-02-27		VFB_00055119		11	1	0.0
2025-02-27		VFB_00055119	VFB_00049000	6	1	0.0
2025-02-27		VFB_00055119	VFB_00101567	3	1	0.0
2025-02-27		VFB_00066067		8	1	4.0
2025-02-27		VFB_00066067	VFB_00101567	8	1	0.0
2025-02-27		VFB_00100089		7	1	15.0
2025-02-27		VFB_00100089	VFB_00049000	6	1	0.0
2025-02-27		VFB_00100089	VFB_00050000	1	1	0.0
2025-02-27		VFB_00100090		1	1	0.0
2025-02-27		VFB_00100090	VFB_00050000	1	1	0.0
2025-02-27		VFB_001000ao		7	1	7.0
2025-02-27		VFB_001000ao	VFB_00101567	8	2	0.0
2025-02-27		VFB_001000mq		8	1	8.0
2025-02-27		VFB_001000mq	VFB_00101567	7	2	0.0
2025-02-27		VFB_001000s4		7	1	16.0
2025-02-27		VFB_001000s4	VFB_00101567	8	3	0.0
2025-02-27		VFB_00100121		1	1	0.0
2025-02-27		VFB_00100121	VFB_00050000	1	1	0.0
2025-02-27		VFB_00100126		2	1	0.0
2025-02-27		VFB_00100126	VFB_00050000	1	1	0.0
2025-02-27		VFB_00100157		2	1	1.0
2025-02-27		VFB_00100157	VFB_00050000	3	2	0.0
2025-02-27		VFB_00100210		2	1	0.0
2025-02-27		VFB_00100210	VFB_00050000	2	1	0.0
2025-02-27		VFB_00100234		1	1	0.0
2025-02-27		VFB_00100234	VFB_00050000	1	1	0.0
2025-02-27		VFB_00100258		6	1	6.0
2025-02-27		VFB_00100258	VFB_00050000	6	2	0.0
2025-02-27		VFB_00100354		1	1	0.0
2025-02-27		VFB_00100354	VFB_00050000	1	1	0.0
2025-02-27		VFB_00100734		17	1	30.0
2025-02-27		VFB_00100734	VFB_00050000	17	3	0.0
2025-02-27		VFB_00100739		19	1	121.0
2025-02-27		VFB_00100739	VFB_00050000	18	4	0.0
2025-02-27		VFB_00100744		12	1	95.0
2025-02-27		VFB_00100744	VFB_00050000	12	3	0.0
2025-02-27		VFB_00100752		7	1	16.0
2025-02-27		VFB_00100752	VFB_00050000	7	2	0.0
2025-02-27		VFB_00100768		9	1	31.0
2025-02-27		VFB_00100768	VFB_00050000	9	3	0.0
2025-02-27		VFB_00100821		7	1	14.0
2025-02-27		VFB_00100821	VFB_00050000	7	2	0.0
2025-02-27		VFB_00100837		7	1	14.0
2025-02-27		VFB_00100837	VFB_00050000	7	2	0.0
2025-02-27		VFB_00100842		7	1	12.0
2025-02-27		VFB_00100842	VFB_00050000	7	2	0.0
2025-02-27		VFB_00100846		7	1	17.0
2025-02-27		VFB_00100846	VFB_00050000	7	2	0.0
2025-02-27		VFB_00100847		22	1	306.0
2025-02-27		VFB_00100847	VFB_00050000	17	3	0.0
2025-02-27		VFB_00100850		40	1	1166.0
2025-02-27		VFB_00100850	VFB_00050000	42	5	0.0
2025-02-27		VFB_00100850	VFB_00101567	3	1	0.0
2025-02-27		VFB_00100873		7	1	15.0
2025-02-27		VFB_00100873	VFB_00050000	7	2	0.0
2025-02-27		VFB_00100896		7	1	15.0
2025-02-27		VFB_00100896	VFB_00050000	7	2	0.0
2025-02-27		VFB_00100908		7	1	11.0
2025-02-27		VFB_00100908	VFB_00050000	7	2	0.0
2025-02-27		VFB_00100d2k		10	1	0.0
2025-02-27		VFB_00100d2k	VFB_00101567	2	1	0.0
2025-02-27		VFB_00100d2k	VFB_00200000	8	1	0.0
2025-02-27		VFB_00100wl5		26	1	90.0
2025-02-27		VFB_00100wl5	VFB_00101567	20	2	0.0
2025-02-27		VFB_00100ww0		49	1	258.0
2025-02-27		VFB_00100ww0	VFB_00101567	52	4	0.0
2025-02-27		VFB_00100y5z		64	1	302.0
2025-02-27		VFB_00100y5z	VFB_00101567	40	5	0.0
2025-02-27		VFB_001012f1		2	1	3.0
2025-02-27		VFB_001012f1	VFB_00101567	2	1	0.0
2025-02-27		VFB_00101382		15	1	122.0
2025-02-27		VFB_00101382	VFB_00101567	14	6	0.0
2025-02-27		VFB_001013bo		8	1	0.0
2025-02-27		VFB_001013bo	VFB_00101567	8	1	0.0
2025-02-27		VFB_0010143p		1	1	0.0
2025-02-27		VFB_0010143p	VFB_00101567	1	1	0.0
2025-02-27		VFB_0010146f		14	1	64.0
2025-02-27		VFB_0010146f	VFB_00101567	14	5	0.0
2025-02-27		VFB_0010146h		8	1	20.0
2025-02-27		VFB_0010146h	VFB_00101567	8	3	0.0
2025-02-27		VFB_001014av		15	1	22.0
2025-02-27		VFB_001014av	VFB_00101567	15	4	0.0
2025-02-27		VFB_001014b2		24	1	0.0
2025-02-27		VFB_001014b2	VFB_00101567	24	1	0.0
2025-02-27		VFB_001014dd		15	1	29.0
2025-02-27		VFB_001014dd	VFB_00101567	15	4	0.0
2025-02-27		VFB_001014ms		15	1	22.0
2025-02-27		VFB_001014ms	VFB_00101567	15	4	0.0
2025-02-27		VFB_001014u6		2	1	2.0
2025-02-27		VFB_001014u6	VFB_00101567	2	1	0.0
2025-02-27		VFB_00101567		183	25	176.0
2025-02-27		VFB_00101567	VFB_00101567	194	31	106.0
2025-02-27		VFB_001015a9		2	1	0.0
2025-02-27		VFB_001015a9	VFB_00050000	2	2	0.0
2025-02-27		VFB_00101625		7	1	16.0
2025-02-27		VFB_00101625	VFB_00050000	7	2	0.0
2025-02-27		VFB_00101655		14	1	15.0
2025-02-27		VFB_00101655	VFB_00050000	15	3	0.0
2025-02-27		VFB_00101679		17	1	122.0
2025-02-27		VFB_00101679	VFB_00050000	17	3	0.0
2025-02-27		VFB_00101682		13	1	17.0
2025-02-27		VFB_00101682	VFB_00050000	13	3	0.0
2025-02-27		VFB_00101748		27	1	166.0
2025-02-27		VFB_00101748	VFB_00050000	27	5	0.0
2025-02-27		VFB_00101797		20	1	135.0
2025-02-27		VFB_00101797	VFB_00050000	20	5	0.0
2025-02-27		VFB_00101y7p		5	1	7.0
2025-02-27		VFB_00101y7p	VFB_00101567	5	2	0.0
2025-02-27		VFB_00102034		7	1	13.0
2025-02-27		VFB_00102034	VFB_00050000	7	2	0.0
2025-02-27		VFB_00102062		7	1	12.0
2025-02-27		VFB_00102062	VFB_00050000	7	2	0.0
2025-02-27		VFB_00102098		7	1	13.0
2025-02-27		VFB_00102098	VFB_00050000	7	2	0.0
2025-02-27		VFB_00102107		2	1	10.0
2025-02-27		VFB_00102107	VFB_00101567	2	1	0.0
2025-02-27		VFB_00102124		22	1	29.0
2025-02-27		VFB_00102124	VFB_00101567	27	3	0.0
2025-02-27		VFB_00102133		17	1	134.0
2025-02-27		VFB_00102133	VFB_00101567	12	5	0.0
2025-02-27		VFB_00102170		47	1	279.0
2025-02-27		VFB_00102170	VFB_00101567	47	7	0.0
2025-02-27		VFB_00102274		17	1	87.0
2025-02-27		VFB_00102274	VFB_00101567	17	2	0.0
2025-02-27		VFB_00102479		1	1	0.0
2025-02-27		VFB_00102479	VFB_00101567	1	1	0.0
2025-02-27		VFB_00102eyc		1	1	0.0
2025-02-27		VFB_00102eyc	VFB_00050000	1	1	0.0
2025-02-27		VFB_fw002179		1	1	0.0
2025-02-27		VFB_fw002179	VFB_00101567	1	1	0.0
2025-02-27		VFB_fw002766		2	1	0.0
2025-02-27		VFB_fw002766	VFB_00101567	2	1	0.0
2025-02-27		VFB_fw002780		16	1	0.0
2025-02-27		VFB_fw002780	VFB_00101567	16	1	0.0
2025-02-27		VFB_fw003229		14	1	0.0
2025-02-27		VFB_fw003229	VFB_00101567	14	1	0.0
2025-02-27		VFB_fw003503		8	1	0.0
2025-02-27		VFB_fw003503	VFB_00101567	8	1	0.0
2025-02-27		VFB_fw008249		24	1	0.0
2025-02-27		VFB_fw008249	VFB_00101567	24	1	0.0
2025-02-27		VFB_fw008812		17	1	0.0
2025-02-27		VFB_fw008812	VFB_00101567	17	1	0.0
2025-02-27		VFB_fw016398		1	1	0.0
2025-02-27		VFB_fw016398	VFB_00101567	1	1	0.0
2025-02-27		VFB_fw018176		1	1	1.0
2025-02-27		VFB_fw018176	VFB_00101567	1	1	0.0
2025-02-27		VFB_fw019973		16	1	0.0
2025-02-27		VFB_fw019973	VFB_00101567	16	1	0.0
2025-02-27		VFB_fw023507		16	1	0.0
2025-02-27		VFB_fw023507	VFB_00101567	16	1	0.0
2025-02-27		VFB_fw025090		2	1	5.0
2025-02-27		VFB_fw025090	VFB_00101567	3	2	0.0
2025-02-27		VFB_fw025761		1	1	0.0
2025-02-27		VFB_fw025761	VFB_00101567	1	1	0.0
2025-02-27		VFB_fw025774		16	1	0.0
2025-02-27		VFB_fw025774	VFB_00101567	16	1	0.0
2025-02-27		VFB_fw026918		2	1	0.0
2025-02-27		VFB_fw026918	VFB_00101567	2	1	0.0
2025-02-27		VFB_fw027569		1	1	0.0
2025-02-27		VFB_fw027569	VFB_00101567	1	1	0.0
2025-02-27		VFB_fw032870		16	1	0.0
2025-02-27		VFB_fw032870	VFB_00101567	16	1	0.0
2025-02-27		VFB_fw034617		8	1	0.0
2025-02-27		VFB_fw034617	VFB_00101567	8	1	0.0
2025-02-27		VFB_fw036282		1	1	0.0
2025-02-27		VFB_fw036282	VFB_00101567	1	1	0.0
2025-02-27		VFB_fw036331		2	1	0.0
2025-02-27		VFB_fw036331	VFB_00101567	1	1	0.0
2025-02-27		VFB_fw036337		1	1	0.0
2025-02-27		VFB_fw036337	VFB_00101567	1	1	0.0
2025-02-27		VFB_fw036386		2	1	5.0
2025-02-27		VFB_fw036386	VFB_00101567	3	2	0.0
2025-02-27		VFB_fw036534		1	1	0.0
2025-02-27		VFB_fw036534	VFB_00101567	1	1	0.0
2025-02-27		VFB_fw038227		2	1	0.0
2025-02-27		VFB_fw038227	VFB_00101567	1	1	0.0
2025-02-27		VFB_fw038573		17	1	0.0
2025-02-27		VFB_fw038573	VFB_00101567	17	1	0.0
2025-02-27		VFB_fw038771		1	1	0.0
2025-02-27		VFB_fw038771	VFB_00101567	1	1	0.0
2025-02-27		VFB_fw038812		2	1	1.0
2025-02-27		VFB_fw038812	VFB_00101567	2	2	0.0
2025-02-27		VFB_fw038813		7	1	12.0
2025-02-27		VFB_fw038813	VFB_00101567	12	3	0.0
2025-02-27		VFB_fw043301		25	1	21.0
2025-02-27		VFB_fw043301	VFB_00101567	20	3	0.0
2025-02-27		VFB_fw043540		16	1	0.0
2025-02-27		VFB_fw043540	VFB_00101567	16	1	0.0
2025-02-27		VFB_jrchjrcq		19	1	80.0
2025-02-27		VFB_jrchjrcq	VFB_00030786	3	1	0.0
2025-02-27		VFB_jrchjrcq	VFB_00101567	16	4	0.0
2025-02-27		VFB_jrchjrji		6	1	8.0
2025-02-27		VFB_jrchjrji	VFB_00101567	6	2	0.0
2025-02-27		VFB_jrchjt2g		6	1	17.0
2025-02-27		VFB_jrchjt2g	VFB_00101567	6	2	0.0
2025-02-27		VFB_jrchjt68		6	1	15.0
2025-02-27		VFB_jrchjt68	VFB_00101567	6	2	0.0
2025-02-27		VFB_jrchjt6a		7	1	10.0
2025-02-27		VFB_jrchjt6a	VFB_00101567	7	3	0.0
2025-02-27		VFB_jrchjt6r		6	1	9.0
2025-02-27		VFB_jrchjt6r	VFB_00101567	6	2	0.0
2025-02-27		VFB_jrchjt80		7	1	23.0
2025-02-27		VFB_jrchjt80	VFB_00101567	8	3	0.0
2025-02-27		VFB_jrchjt9p		7	1	10.0
2025-02-27		VFB_jrchjt9p	VFB_00101567	6	2	0.0
2025-02-27		VFB_jrchjtn1		4	1	4.0
2025-02-27		VFB_jrchjtn1	VFB_00101567	4	1	0.0
2025-02-27		VFB_jrchjtpj		3	1	0.0
2025-02-27		VFB_jrchjtpj	VFB_00101567	3	1	0.0
2025-02-27		VFB_jrchjts1		4	1	0.0
2025-02-27		VFB_jrchjts1	VFB_00101567	4	1	0.0
2025-02-27		VFB_jrchjtyl		6	1	9.0
2025-02-27		VFB_jrchjtyl	VFB_00101567	6	2	0.0
2025-02-27		VFB_jrchjwcc		11	1	411.0
2025-02-27		VFB_jrchjwcc	VFB_00101567	11	3	0.0
2025-02-27		VFB_jrchjwic		11	1	10.0
2025-02-27		VFB_jrchjwic	VFB_00101567	11	3	0.0
2025-02-27		VFB_jrchjwid		6	1	10.0
2025-02-27		VFB_jrchjwid	VFB_00101567	6	2	0.0
2025-02-27		VFB_jrchjwie		11	1	22.0
2025-02-27		VFB_jrchjwie	VFB_00101567	11	3	0.0
2025-02-27		VFB_jrchjzmr		1	1	0.0
2025-02-27		VFB_jrchjzmr	VFB_00101567	1	1	0.0
2025-02-27		VFB_jrchk0e4		7	1	10.0
2025-02-27		VFB_jrchk0e4	VFB_00101567	7	1	0.0
2025-02-27		VFB_jrchk0e5		14	1	19.0
2025-02-27		VFB_jrchk0e5	VFB_00101567	10	4	0.0
2025-02-27		VFB_jrchk0e7		7	1	11.0
2025-02-27		VFB_jrchk0e7	VFB_00101567	6	2	0.0
2025-02-27		VFB_jrchk0en		17	1	35.0
2025-02-27		VFB_jrchk0en	VFB_00101567	17	4	0.0
2025-02-27		VFB_jrchk0f8		6	1	12.0
2025-02-27		VFB_jrchk0f8	VFB_00101567	6	2	0.0
2025-02-27		VFB_jrchk0fa		6	1	8.0
2025-02-27		VFB_jrchk0fa	VFB_00101567	6	2	0.0
2025-02-27		VFB_jrchk0fh		11	1	30.0
2025-02-27		VFB_jrchk0fh	VFB_00101567	11	3	0.0
2025-02-27		VFB_jrchk0fi		11	1	21.0
2025-02-27		VFB_jrchk0fi	VFB_00101567	11	2	0.0
2025-02-27		VFB_jrchk0fl		15	1	19.0
2025-02-27		VFB_jrchk0fl	VFB_00101567	15	4	0.0
2025-02-27		VFB_jrchk0fr		6	1	30.0
2025-02-27		VFB_jrchk0fr	VFB_00101567	6	2	0.0
2025-02-27		VFB_jrchk0fx		15	1	18.0
2025-02-27		VFB_jrchk0fx	VFB_00101567	15	4	0.0
2025-02-27		VFB_jrchk32k		15	1	25.0
2025-02-27		VFB_jrchk32k	VFB_00101567	15	4	0.0
2025-02-27		VFB_jrchk32m		32	1	0.0
2025-02-27		VFB_jrchk32m	VFB_00101567	32	1	0.0
2025-02-27		VFB_jrchk33c		17	1	27.0
2025-02-27		VFB_jrchk33c	VFB_00101567	17	4	0.0
2025-02-27		VFB_jrchk33x		7	1	659.0
2025-02-27		VFB_jrchk33x	VFB_00101567	12	1	0.0
2025-02-27		VFB_jrchk37h		1	1	0.0
2025-02-27		VFB_jrchk37h	VFB_00101567	1	1	0.0
2025-02-27		VFB_jrchk391		17	1	36.0
2025-02-27		VFB_jrchk391	VFB_00101567	19	5	0.0
2025-02-27		VFB_jrchk39l		17	1	29.0
2025-02-27		VFB_jrchk39l	VFB_00101567	17	4	0.0
2025-02-27		VFB_jrchk3a1		19	1	40.0
2025-02-27		VFB_jrchk3a1	VFB_00101567	17	4	0.0
2025-02-27		VFB_jrchk45e		15	1	30.0
2025-02-27		VFB_jrchk45e	VFB_00101567	15	4	0.0
2025-02-27		VFB_jrchk45m		6	1	16.0
2025-02-27		VFB_jrchk45m	VFB_00101567	6	2	0.0
2025-02-27		VFB_jrchk45p		16	1	0.0
2025-02-27		VFB_jrchk45p	VFB_00101567	16	1	0.0
2025-02-27		VFB_jrchk542		17	1	183.0
2025-02-27		VFB_jrchk542	VFB_00101567	17	3	0.0
2025-02-27		VFB_jrchk55z		18	1	44.0
2025-02-27		VFB_jrchk55z	VFB_00101567	19	5	0.0
2025-02-27		VFB_jrchk57x		6	1	17.0
2025-02-27		VFB_jrchk57x	VFB_00101567	6	2	0.0
2025-02-27		VFB_jrchk69l		6	1	8.0
2025-02-27		VFB_jrchk69l	VFB_00101567	6	2	0.0
2025-02-27		VFB_jrchk6e0		18	1	32.0
2025-02-27		VFB_jrchk6e0	VFB_00101567	17	4	0.0
2025-02-27		VFB_jrchk6f6		6	1	4.0
2025-02-27		VFB_jrchk6f6	VFB_00101567	6	2	0.0
2025-02-27		VFB_jrchk6fc		7	1	71.0
2025-02-27		VFB_jrchk6fc	VFB_00101567	8	3	0.0
2025-02-27		VFB_jrchk6gf		1	1	0.0
2025-02-27		VFB_jrchk6gf	VFB_00101567	1	1	0.0
2025-02-27		VFB_jrchk6hw		8	1	22.0
2025-02-27		VFB_jrchk6hw	VFB_00101567	8	3	0.0
2025-02-27		VFB_jrchk6mk		16	1	0.0
2025-02-27		VFB_jrchk6mk	VFB_00101567	16	1	0.0
2025-02-27		VFB_jrchk6wc		1	1	0.0
2025-02-27		VFB_jrchk6wc	VFB_00101567	1	1	0.0
2025-02-27		VFB_jrchk6we		16	1	0.0
2025-02-27		VFB_jrchk6we	VFB_00101567	16	1	0.0
2025-02-27		VFB_jrchk6wj		1	1	0.0
2025-02-27		VFB_jrchk6wj	VFB_00101567	1	1	0.0
2025-02-27		VFB_jrchk6xx		2	1	1.0
2025-02-27		VFB_jrchk6xx	VFB_00101567	2	1	0.0
2025-02-27		VFB_jrchk6yf		1	1	0.0
2025-02-27		VFB_jrchk6yf	VFB_00101567	1	1	0.0
2025-02-27		VFB_jrchk74t		7	1	18.0
2025-02-27		VFB_jrchk74t	VFB_00101567	6	2	0.0
2025-02-27		VFB_jrchk750		1	1	0.0
2025-02-27		VFB_jrchk750	VFB_00101567	1	1	0.0
2025-02-27		VFB_jrcv08jj		6	1	0.0
2025-02-27		VFB_jrcv08jj	VFB_00101567	6	1	0.0
2025-02-27		VFB_jrcv0i9b		3	1	4.0
2025-02-27		VFB_jrcv0i9b	VFB_00101567	2	1	0.0
2025-02-27		VFB_jrcv0i9b	VFB_00200000	1	1	0.0
2025-02-27		VFBexp_FBtp0058		5	1	0.0
2025-02-27		VFBexp_FBtp0058	VFB_00101567	5	2	0.0
2025-02-27		VFBexp_FBtp0059		4	1	133.0
2025-02-27		VFBexp_FBtp0059	VFB_00049000	6	1	0.0
2025-02-27		VFBexp_FBtp0122		6	1	0.0
2025-02-27		VFBexp_FBtp0122	VFB_00101567	6	1	0.0
2025-02-27		VFBexp_FBtp0123		1	1	0.0
2025-02-27		VFBexp_FBtp0123	VFB_00101567	1	1	0.0
2025-02-27	v2-dev.virtualflybrain.org	FBbt_00003748	VFB_00101567	12	1	0.0
2025-02-27	v2-dev.virtualflybrain.org	VFB_00101567	VFB_00101567	0	1	0.0
2025-02-27	v2.virtualflybrain.org	FBbt_00001919	VFB_00049000	0	1	12.0
2025-02-27	v2.virtualflybrain.org	FBbt_00001945	VFB_00050000	3	1	0.0
2025-02-27	v2.virtualflybrain.org	FBbt_00003624	VFB_00101567	0	1	8.0
2025-02-27	v2.virtualflybrain.org	FBbt_00003681	VFB_00101567	7	1	0.0
2025-02-27	v2.virtualflybrain.org	FBbt_00003682	VFB_00101567	0	1	90.0
2025-02-27	v2.virtualflybrain.org	FBbt_00003683	VFB_00101567	0	1	1651.0
2025-02-27	v2.virtualflybrain.org	FBbt_00003700	VFB_00101567	0	2	119.0
2025-02-27	v2.virtualflybrain.org	FBbt_00003748	VFB_00101567	0	2	317.0
2025-02-27	v2.virtualflybrain.org	FBbt_00005801	VFB_00050000	9	1	309.0
2025-02-27	v2.virtualflybrain.org	FBbt_00005802	VFB_00101567	0	2	0.0
2025-02-27	v2.virtualflybrain.org	FBbt_00007055	VFB_00101567	0	1	14.0
2025-02-27	v2.virtualflybrain.org	FBbt_00007065	VFB_00050000	0	1	0.0
2025-02-27	v2.virtualflybrain.org	FBbt_00007066	VFB_00050000	0	1	1277.0
2025-02-27	v2.virtualflybrain.org	FBbt_00007129	VFB_00050000	0	3	193.0
2025-02-27	v2.virtualflybrain.org	FBbt_00007385	VFB_00101567	0	1	300.0
2025-02-27	v2.virtualflybrain.org	FBbt_00013694	VFB_00101567	0	1	116.0
2025-02-27	v2.virtualflybrain.org	FBbt_00013695	VFB_00101567	0	2	41.0
2025-02-27	v2.virtualflybrain.org	FBbt_00014013	VFB_00101567	0	3	63.0
2025-02-27	v2.virtualflybrain.org	FBbt_00040037	VFB_00101567	1	1	0.0
2025-02-27	v2.virtualflybrain.org	FBbt_00040041	VFB_00017894	7	1	0.0
2025-02-27	v2.virtualflybrain.org	FBbt_00040041	VFB_00101567	1	3	49.0
2025-02-27	v2.virtualflybrain.org	FBbt_00045032	VFB_00101567	0	1	17.0
2025-02-27	v2.virtualflybrain.org	FBbt_00045048	VFB_00101567	0	1	7.0
2025-02-27	v2.virtualflybrain.org	FBbt_00047185	VFB_00101567	0	1	174.0
2025-02-27	v2.virtualflybrain.org	FBbt_00047887	VFB_00101567	1	2	1.0
2025-02-27	v2.virtualflybrain.org	FBbt_00047933	VFB_00030786	0	1	49.0
2025-02-27	v2.virtualflybrain.org	FBbt_00049213	VFB_00050000	1	2	71.0
2025-02-27	v2.virtualflybrain.org	FBbt_00049214	VFB_00050000	0	1	0.0
2025-02-27	v2.virtualflybrain.org	FBbt_00050073		1	1	0.0
2025-02-27	v2.virtualflybrain.org	FBbt_00050073	VFB_00101567	0	1	25.0
2025-02-27	v2.virtualflybrain.org	FBbt_00050088		1	1	0.0
2025-02-27	v2.virtualflybrain.org	FBbt_00050088	VFB_00101567	0	1	27.0
2025-02-27	v2.virtualflybrain.org	FBbt_00051742		1	1	0.0
2025-02-27	v2.virtualflybrain.org	FBbt_00052147		1	1	0.0
2025-02-27	v2.virtualflybrain.org	FBbt_00100234	VFB_00101567	0	1	22.0
2025-02-27	v2.virtualflybrain.org	FBbt_00110107	VFB_00101567	0	1	43.0
2025-02-27	v2.virtualflybrain.org	FBbt_00110564	VFB_00101567	0	1	0.0
2025-02-27	v2.virtualflybrain.org	FBbt_00110636	VFB_00101567	0	1	50.0
2025-02-27	v2.virtualflybrain.org	FBbt_00110638	VFB_00101567	0	1	158.0
2025-02-27	v2.virtualflybrain.org	FBbt_00111283		1	1	0.0
2025-02-27	v2.virtualflybrain.org	FBbt_00111283	VFB_00101567	0	1	56.0
2025-02-27	v2.virtualflybrain.org	FBbt_00111689	VFB_00049000	0	1	178.0
2025-02-27	v2.virtualflybrain.org	FBbt_20000870	VFB_00101567	1	1	0.0
2025-02-27	v2.virtualflybrain.org	FBbt_20002982	VFB_00101567	17	1	0.0
2025-02-27	v2.virtualflybrain.org	VFB_00009011	VFB_00017894	2	2	1.0
2025-02-27	v2.virtualflybrain.org	VFB_00010469	VFB_00101567	0	1	6.0
2025-02-27	v2.virtualflybrain.org	VFB_00013556	VFB_00101567	0	1	14.0
2025-02-27	v2.virtualflybrain.org	VFB_00013600	VFB_00101567	0	1	17.0
2025-02-27	v2.virtualflybrain.org	VFB_00017894	VFB_00017894	0	3	0.0
2025-02-27	v2.virtualflybrain.org	VFB_00020363	VFB_00101567	7	4	2126.0
2025-02-27	v2.virtualflybrain.org	VFB_00021926	VFB_00101567	0	2	81.0
2025-02-27	v2.virtualflybrain.org	VFB_00023422	VFB_00101567	5	4	129.0
2025-02-27	v2.virtualflybrain.org	VFB_00030786	VFB_00030786	0	1	0.0
2025-02-27	v2.virtualflybrain.org	VFB_00030852	VFB_00030786	19	4	263.0
2025-02-27	v2.virtualflybrain.org	VFB_00030852	VFB_00101567	0	4	13.0
2025-02-27	v2.virtualflybrain.org	VFB_00030867	VFB_00017894	0	1	242.0
2025-02-27	v2.virtualflybrain.org	VFB_00030867	VFB_00101567	5	2	0.0
2025-02-27	v2.virtualflybrain.org	VFB_00049000		1	1	3.0
2025-02-27	v2.virtualflybrain.org	VFB_00049000	VFB_00049000	4	8	94.0
2025-02-27	v2.virtualflybrain.org	VFB_00050000	VFB_00050000	10	11	2.0
2025-02-27	v2.virtualflybrain.org	VFB_00050274	VFB_00049000	11	3	42.0
2025-02-27	v2.virtualflybrain.org	VFB_00050274	VFB_00050000	0	2	1.0
2025-02-27	v2.virtualflybrain.org	VFB_00055119	VFB_00049000	4	3	276.0
2025-02-27	v2.virtualflybrain.org	VFB_00055119	VFB_00101567	0	2	4.0
2025-02-27	v2.virtualflybrain.org	VFB_00066067	VFB_00101567	9	1	0.0
2025-02-27	v2.virtualflybrain.org	VFB_00100089	VFB_00049000	3	5	8.0
2025-02-27	v2.virtualflybrain.org	VFB_00100089	VFB_00050000	1	2	0.0
2025-02-27	v2.virtualflybrain.org	VFB_00100090	VFB_00050000	0	1	44.0
2025-02-27	v2.virtualflybrain.org	VFB_001000ao	VFB_00101567	0	1	3.0
2025-02-27	v2.virtualflybrain.org	VFB_001000mq	VFB_00101567	0	2	75.0
2025-02-27	v2.virtualflybrain.org	VFB_001000s4	VFB_00101567	0	1	3.0
2025-02-27	v2.virtualflybrain.org	VFB_00100121	VFB_00050000	0	1	2.0
2025-02-27	v2.virtualflybrain.org	VFB_00100126	VFB_00050000	0	1	2.0
2025-02-27	v2.virtualflybrain.org	VFB_00100157	VFB_00050000	0	2	24.0
2025-02-27	v2.virtualflybrain.org	VFB_00100210	VFB_00050000	2	1	0.0
2025-02-27	v2.virtualflybrain.org	VFB_00100234	VFB_00050000	0	1	4.0
2025-02-27	v2.virtualflybrain.org	VFB_00100258	VFB_00050000	0	1	2.0
2025-02-27	v2.virtualflybrain.org	VFB_00100354	VFB_00050000	0	1	2.0
2025-02-27	v2.virtualflybrain.org	VFB_00100734	VFB_00050000	0	1	7.0
2025-02-27	v2.virtualflybrain.org	VFB_00100739	VFB_00050000	0	1	3.0
2025-02-27	v2.virtualflybrain.org	VFB_00100744	VFB_00050000	0	2	5.0
2025-02-27	v2.virtualflybrain.org	VFB_00100752	VFB_00050000	0	1	6.0
2025-02-27	v2.virtualflybrain.org	VFB_00100768	VFB_00050000	0	1	5.0
2025-02-27	v2.virtualflybrain.org	VFB_00100821	VFB_00050000	0	1	5.0
2025-02-27	v2.virtualflybrain.org	VFB_00100837	VFB_00050000	0	1	4.0
2025-02-27	v2.virtualflybrain.org	VFB_00100842	VFB_00050000	0	1	3.0
2025-02-27	v2.virtualflybrain.org	VFB_00100846	VFB_00050000	0	1	8.0
2025-02-27	v2.virtualflybrain.org	VFB_00100847	VFB_00050000	0	2	3.0
2025-02-27	v2.virtualflybrain.org	VFB_00100850	VFB_00050000	4	4	4.0
2025-02-27	v2.virtualflybrain.org	VFB_00100850	VFB_00101567	0	3	12.0
2025-02-27	v2.virtualflybrain.org	VFB_00100873	VFB_00050000	0	1	6.0
2025-02-27	v2.virtualflybrain.org	VFB_00100896	VFB_00050000	0	1	7.0
2025-02-27	v2.virtualflybrain.org	VFB_00100908	VFB_00050000	0	1	4.0
2025-02-27	v2.virtualflybrain.org	VFB_00100d2k	VFB_00101567	0	2	5.0
2025-02-27	v2.virtualflybrain.org	VFB_00100d2k	VFB_00200000	8	3	64.0
2025-02-27	v2.virtualflybrain.org	VFB_00100wl5	VFB_00101567	0	3	87.0
2025-02-27	v2.virtualflybrain.org	VFB_00100ww0	VFB_00101567	1	1	69.0
2025-02-27	v2.virtualflybrain.org	VFB_00100y5z	VFB_00101567	2	2	173.0
2025-02-27	v2.virtualflybrain.org	VFB_001010j4	VFB_00101567	0	1	614.0
2025-02-27	v2.virtualflybrain.org	VFB_001012f1	VFB_00101567	0	2	13.0
2025-02-27	v2.virtualflybrain.org	VFB_00101382	VFB_00101567	1	4	6.0
2025-02-27	v2.virtualflybrain.org	VFB_001013bo	VFB_00101567	9	1	0.0
2025-02-27	v2.virtualflybrain.org	VFB_0010146f	VFB_00101567	0	1	4.0
2025-02-27	v2.virtualflybrain.org	VFB_0010146h	VFB_00101567	0	1	10.0
2025-02-27	v2.virtualflybrain.org	VFB_001014av	VFB_00101567	0	2	19.0
2025-02-27	v2.virtualflybrain.org	VFB_001014b2	VFB_00101567	24	1	7.0
2025-02-27	v2.virtualflybrain.org	VFB_001014dd	VFB_00101567	0	2	12.0
2025-02-27	v2.virtualflybrain.org	VFB_001014ms	VFB_00101567	0	2	59.0
2025-02-27	v2.virtualflybrain.org	VFB_001014u6	VFB_00101567	2	1	173.0
2025-02-27	v2.virtualflybrain.org	VFB_00101567	VFB_00101567	105	112	1905.0
2025-02-27	v2.virtualflybrain.org	VFB_001015a9	VFB_00050000	0	1	125.0
2025-02-27	v2.virtualflybrain.org	VFB_00101625	VFB_00050000	0	1	7.0
2025-02-27	v2.virtualflybrain.org	VFB_00101655	VFB_00050000	0	1	4.0
2025-02-27	v2.virtualflybrain.org	VFB_00101679	VFB_00050000	0	1	548.0
2025-02-27	v2.virtualflybrain.org	VFB_00101682	VFB_00050000	0	1	6.0
2025-02-27	v2.virtualflybrain.org	VFB_00101748	VFB_00050000	0	1	475.0
2025-02-27	v2.virtualflybrain.org	VFB_00101797	VFB_00050000	0	3	264.0
2025-02-27	v2.virtualflybrain.org	VFB_00101y7p	VFB_00101567	2	2	18.0
2025-02-27	v2.virtualflybrain.org	VFB_00102034	VFB_00050000	0	1	3.0
2025-02-27	v2.virtualflybrain.org	VFB_00102062	VFB_00050000	0	1	4.0
2025-02-27	v2.virtualflybrain.org	VFB_00102098	VFB_00050000	0	1	8.0
2025-02-27	v2.virtualflybrain.org	VFB_00102107	VFB_00101567	1	1	0.0
2025-02-27	v2.virtualflybrain.org	VFB_00102124	VFB_00101567	8	3	24.0
2025-02-27	v2.virtualflybrain.org	VFB_00102133	VFB_00101567	1	3	240.0
2025-02-27	v2.virtualflybrain.org	VFB_00102170	VFB_00101567	21	4	630.0
2025-02-27	v2.virtualflybrain.org	VFB_00102274	VFB_00101567	9	1	561.0
2025-02-27	v2.virtualflybrain.org	VFB_00102479	VFB_00101567	1	1	0.0
2025-02-27	v2.virtualflybrain.org	VFB_00102eyc	VFB_00050000	1	1	0.0
2025-02-27	v2.virtualflybrain.org	VFB_00200000	VFB_00200000	0	1	0.0
2025-02-27	v2.virtualflybrain.org	VFB_fw002179	VFB_00101567	0	1	4.0
2025-02-27	v2.virtualflybrain.org	VFB_fw002766	VFB_00101567	2	1	34.0
2025-02-27	v2.virtualflybrain.org	VFB_fw002780	VFB_00101567	16	1	0.0
2025-02-27	v2.virtualflybrain.org	VFB_fw003229	VFB_00101567	14	1	0.0
2025-02-27	v2.virtualflybrain.org	VFB_fw003503	VFB_00101567	8	1	0.0
2025-02-27	v2.virtualflybrain.org	VFB_fw008249	VFB_00101567	24	1	5.0
2025-02-27	v2.virtualflybrain.org	VFB_fw008812	VFB_00101567	17	1	0.0
2025-02-27	v2.virtualflybrain.org	VFB_fw016398	VFB_00101567	0	1	6.0
2025-02-27	v2.virtualflybrain.org	VFB_fw018176	VFB_00101567	0	1	0.0
2025-02-27	v2.virtualflybrain.org	VFB_fw019973	VFB_00101567	16	1	0.0
2025-02-27	v2.virtualflybrain.org	VFB_fw023507	VFB_00101567	16	1	0.0
2025-02-27	v2.virtualflybrain.org	VFB_fw025090	VFB_00101567	0	1	2.0
2025-02-27	v2.virtualflybrain.org	VFB_fw025761	VFB_00101567	1	1	2.0
2025-02-27	v2.virtualflybrain.org	VFB_fw025774	VFB_00101567	16	1	0.0
2025-02-27	v2.virtualflybrain.org	VFB_fw026918	VFB_00101567	2	1	45.0
2025-02-27	v2.virtualflybrain.org	VFB_fw027569	VFB_00101567	1	1	0.0
2025-02-27	v2.virtualflybrain.org	VFB_fw032870	VFB_00101567	16	1	0.0
2025-02-27	v2.virtualflybrain.org	VFB_fw034617	VFB_00101567	8	1	0.0
2025-02-27	v2.virtualflybrain.org	VFB_fw036282	VFB_00101567	0	1	2.0
2025-02-27	v2.virtualflybrain.org	VFB_fw036331	VFB_00101567	0	1	3.0
2025-02-27	v2.virtualflybrain.org	VFB_fw036337	VFB_00101567	1	1	0.0
2025-02-27	v2.virtualflybrain.org	VFB_fw036386	VFB_00101567	0	1	0.0
2025-02-27	v2.virtualflybrain.org	VFB_fw036534	VFB_00101567	0	1	7.0
2025-02-27	v2.virtualflybrain.org	VFB_fw038227	VFB_00101567	0	1	4.0
2025-02-27	v2.virtualflybrain.org	VFB_fw038573	VFB_00101567	17	1	0.0
2025-02-27	v2.virtualflybrain.org	VFB_fw038771	VFB_00101567	1	1	0.0
2025-02-27	v2.virtualflybrain.org	VFB_fw038812	VFB_00101567	0	2	14.0
2025-02-27	v2.virtualflybrain.org	VFB_fw038813	VFB_00101567	0	2	7.0
2025-02-27	v2.virtualflybrain.org	VFB_fw043301		1	1	0.0
2025-02-27	v2.virtualflybrain.org	VFB_fw043301	VFB_00101567	10	2	172.0
2025-02-27	v2.virtualflybrain.org	VFB_fw043540	VFB_00101567	16	1	0.0
2025-02-27	v2.virtualflybrain.org	VFB_jrchjrcq	VFB_00030786	0	2	1.0
2025-02-27	v2.virtualflybrain.org	VFB_jrchjrcq	VFB_00101567	1	3	3.0
2025-02-27	v2.virtualflybrain.org	VFB_jrchjrji	VFB_00101567	0	1	8.0
2025-02-27	v2.virtualflybrain.org	VFB_jrchjt2g	VFB_00101567	0	1	5.0
2025-02-27	v2.virtualflybrain.org	VFB_jrchjt68	VFB_00101567	0	1	8.0
2025-02-27	v2.virtualflybrain.org	VFB_jrchjt6a	VFB_00101567	0	2	19.0
2025-02-27	v2.virtualflybrain.org	VFB_jrchjt6r	VFB_00101567	0	1	3.0
2025-02-27	v2.virtualflybrain.org	VFB_jrchjt80	VFB_00101567	0	1	1.0
2025-02-27	v2.virtualflybrain.org	VFB_jrchjt9p	VFB_00101567	0	1	8.0
2025-02-27	v2.virtualflybrain.org	VFB_jrchjtn1	VFB_00101567	4	1	0.0
2025-02-27	v2.virtualflybrain.org	VFB_jrchjtpj	VFB_00101567	3	1	0.0
2025-02-27	v2.virtualflybrain.org	VFB_jrchjts1	VFB_00101567	4	1	0.0
2025-02-27	v2.virtualflybrain.org	VFB_jrchjtyl	VFB_00101567	0	1	3.0
2025-02-27	v2.virtualflybrain.org	VFB_jrchjwcc	VFB_00101567	0	1	4.0
2025-02-27	v2.virtualflybrain.org	VFB_jrchjwic	VFB_00101567	0	1	6.0
2025-02-27	v2.virtualflybrain.org	VFB_jrchjwid	VFB_00101567	0	1	7.0
2025-02-27	v2.virtualflybrain.org	VFB_jrchjwie	VFB_00101567	0	1	8.0
2025-02-27	v2.virtualflybrain.org	VFB_jrchjzmr	VFB_00101567	1	1	0.0
2025-02-27	v2.virtualflybrain.org	VFB_jrchk0e5	VFB_00101567	0	2	129.0
2025-02-27	v2.virtualflybrain.org	VFB_jrchk0e7	VFB_00101567	0	1	5.0
2025-02-27	v2.virtualflybrain.org	VFB_jrchk0en	VFB_00101567	0	2	6.0
2025-02-27	v2.virtualflybrain.org	VFB_jrchk0f8	VFB_00101567	0	1	8.0
2025-02-27	v2.virtualflybrain.org	VFB_jrchk0fa	VFB_00101567	0	1	4.0
2025-02-27	v2.virtualflybrain.org	VFB_jrchk0fh	VFB_00101567	0	1	3.0
2025-02-27	v2.virtualflybrain.org	VFB_jrchk0fi	VFB_00101567	0	1	4.0
2025-02-27	v2.virtualflybrain.org	VFB_jrchk0fl	VFB_00101567	0	2	8.0
2025-02-27	v2.virtualflybrain.org	VFB_jrchk0fr	VFB_00101567	0	1	1.0
2025-02-27	v2.virtualflybrain.org	VFB_jrchk0fx	VFB_00101567	0	2	144.0
2025-02-27	v2.virtualflybrain.org	VFB_jrchk32k	VFB_00101567	1	3	10.0
2025-02-27	v2.virtualflybrain.org	VFB_jrchk32m	VFB_00101567	32	1	0.0
2025-02-27	v2.virtualflybrain.org	VFB_jrchk33c	VFB_00101567	0	2	5.0
2025-02-27	v2.virtualflybrain.org	VFB_jrchk33x	VFB_00101567	0	1	977.0
2025-02-27	v2.virtualflybrain.org	VFB_jrchk37h	VFB_00101567	1	1	0.0
2025-02-27	v2.virtualflybrain.org	VFB_jrchk391	VFB_00101567	0	1	9.0
2025-02-27	v2.virtualflybrain.org	VFB_jrchk39l	VFB_00101567	0	2	4.0
2025-02-27	v2.virtualflybrain.org	VFB_jrchk3a1	VFB_00101567	0	2	6.0
2025-02-27	v2.virtualflybrain.org	VFB_jrchk45e	VFB_00101567	0	2	10.0
2025-02-27	v2.virtualflybrain.org	VFB_jrchk45m	VFB_00101567	0	1	2361.0
2025-02-27	v2.virtualflybrain.org	VFB_jrchk45p	VFB_00101567	16	1	0.0
2025-02-27	v2.virtualflybrain.org	VFB_jrchk542	VFB_00101567	0	2	776.0
2025-02-27	v2.virtualflybrain.org	VFB_jrchk55z	VFB_00101567	0	2	4.0
2025-02-27	v2.virtualflybrain.org	VFB_jrchk57x	VFB_00101567	0	1	4.0
2025-02-27	v2.virtualflybrain.org	VFB_jrchk69l	VFB_00101567	0	1	3.0
2025-02-27	v2.virtualflybrain.org	VFB_jrchk6e0	VFB_00101567	0	2	172.0
2025-02-27	v2.virtualflybrain.org	VFB_jrchk6f6	VFB_00101567	0	1	8.0
2025-02-27	v2.virtualflybrain.org	VFB_jrchk6fc	VFB_00101567	0	1	1.0
2025-02-27	v2.virtualflybrain.org	VFB_jrchk6gf	VFB_00101567	1	1	0.0
2025-02-27	v2.virtualflybrain.org	VFB_jrchk6hw	VFB_00101567	0	1	2.0
2025-02-27	v2.virtualflybrain.org	VFB_jrchk6mk	VFB_00101567	16	1	0.0
2025-02-27	v2.virtualflybrain.org	VFB_jrchk6wc	VFB_00101567	1	1	0.0
2025-02-27	v2.virtualflybrain.org	VFB_jrchk6we	VFB_00101567	16	1	0.0
2025-02-27	v2.virtualflybrain.org	VFB_jrchk6wj	VFB_00101567	1	1	0.0
2025-02-27	v2.virtualflybrain.org	VFB_jrchk6xx	VFB_00101567	2	2	243.0
2025-02-27	v2.virtualflybrain.org	VFB_jrchk6yf	VFB_00101567	1	1	0.0
2025-02-27	v2.virtualflybrain.org	VFB_jrchk74t	VFB_00101567	0	1	103.0
2025-02-27	v2.virtualflybrain.org	VFB_jrchk750	VFB_00101567	1	1	0.0
2025-02-27	v2.virtualflybrain.org	VFB_jrcv08jj	VFB_00101567	0	3	213.0
2025-02-27	v2.virtualflybrain.org	VFB_jrcv0i9b	VFB_00101567	0	2	20.0
2025-02-27	v2.virtualflybrain.org	VFB_jrcv0i9b	VFB_00200000	1	3	43.0
2025-02-27	v2.virtualflybrain.org	VFBexp_FBtp0058		2	1	0.0
2025-02-27	v2.virtualflybrain.org	VFBexp_FBtp0058	VFB_00101567	0	3	46.0
2025-02-27	v2.virtualflybrain.org	VFBexp_FBtp0059	VFB_00049000	0	1	0.0
2025-02-27	v2.virtualflybrain.org	VFBexp_FBtp0122		4	1	0.0
2025-02-27	v2.virtualflybrain.org	VFBexp_FBtp0122	VFB_00101567	2	1	350.0
2025-02-27	v2.virtualflybrain.org	VFBexp_FBtp0123		1	1	0.0
2025-02-28		FBbt_00001945		6	1	0.0
2025-02-28		FBbt_00001945	VFB_00050000	6	1	0.0
2025-02-28		FBbt_00003624		2	2	0.0
2025-02-28		FBbt_00003624	VFB_00101567	3	2	0.0
2025-02-28		FBbt_00003678		6	2	0.0
2025-02-28		FBbt_00003678	VFB_00101567	6	2	0.0
2025-02-28		FBbt_00003680		6	2	0.0
2025-02-28		FBbt_00003680	VFB_00101567	6	2	0.0
2025-02-28		FBbt_00003681		7	3	0.0
2025-02-28		FBbt_00003681	VFB_00101567	7	3	0.0
2025-02-28		FBbt_00003748		2	2	0.0
2025-02-28		FBbt_00003748	VFB_00101567	2	2	0.0
2025-02-28		FBbt_00005801		24	1	0.0
2025-02-28		FBbt_00005801	VFB_00050000	24	1	0.0
2025-02-28		FBbt_00007053		8	1	1.0
2025-02-28		FBbt_00007053	VFB_00101567	8	1	0.0
2025-02-28		FBbt_00007054		1	1	0.0
2025-02-28		FBbt_00007054	VFB_00101567	1	1	0.0
2025-02-28		FBbt_00007058		2	1	0.0
2025-02-28		FBbt_00007058	VFB_00101567	3	1	0.0
2025-02-28		FBbt_00007453		6	2	4.0
2025-02-28		FBbt_00007453	VFB_00101567	6	2	0.0
2025-02-28		FBbt_00013695		1	1	0.0
2025-02-28		FBbt_00013695	VFB_00101567	2	1	0.0
2025-02-28		FBbt_00014013		4	2	0.0
2025-02-28		FBbt_00014013	VFB_00101567	4	3	0.0
2025-02-28		FBbt_00040041		10	3	0.0
2025-02-28		FBbt_00040041	VFB_00017894	6	1	0.0
2025-02-28		FBbt_00040041	VFB_00101567	4	2	0.0
2025-02-28		FBbt_00040042		1	1	0.0
2025-02-28		FBbt_00040042	VFB_00101567	1	1	0.0
2025-02-28		FBbt_00040043		4	4	0.0
2025-02-28		FBbt_00040043	VFB_00101567	4	4	0.0
2025-02-28		FBbt_00045027		1	1	0.0
2025-02-28		FBbt_00045027	VFB_00101567	1	1	0.0
2025-02-28		FBbt_00045030		1	1	0.0
2025-02-28		FBbt_00045030	VFB_00101567	1	1	0.0
2025-02-28		FBbt_00045032		2	1	0.0
2025-02-28		FBbt_00045032	VFB_00101567	2	1	0.0
2025-02-28		FBbt_00045048		5	1	0.0
2025-02-28		FBbt_00045048	VFB_00101567	5	1	0.0
2025-02-28		FBbt_00047352		3	1	0.0
2025-02-28		FBbt_00047352	VFB_00101567	3	1	0.0
2025-02-28		FBbt_00047887		1	1	0.0
2025-02-28		FBbt_00047887	VFB_00101567	1	1	0.0
2025-02-28		FBbt_00048327		1	1	0.0
2025-02-28		FBbt_00048327	VFB_00101567	1	1	0.0
2025-02-28		FBbt_00048328		1	1	0.0
2025-02-28		FBbt_00048328	VFB_00101567	1	1	0.0
2025-02-28		FBbt_00049839		3	1	0.0
2025-02-28		FBbt_00049839	VFB_00101567	3	1	0.0
2025-02-28		FBbt_00067352		1	1	0.0
2025-02-28		FBbt_00067352	VFB_00101567	1	1	0.0
2025-02-28		FBbt_00100259		2	1	0.0
2025-02-28		FBbt_00100259	VFB_00101567	7	1	0.0
2025-02-28		FBbt_00100273		2	1	0.0
2025-02-28		FBbt_00100273	VFB_00101567	2	1	0.0
2025-02-28		FBbt_00110657		1	1	0.0
2025-02-28		FBbt_00110657	VFB_00101567	1	1	0.0
2025-02-28		FBbt_00110934		2	1	83.0
2025-02-28		FBbt_00110934	VFB_00101567	2	1	0.0
2025-02-28		FBbt_00111747		2	1	0.0
2025-02-28		FBbt_00111747	VFB_00101567	2	1	0.0
2025-02-28		VFB_00002575		6	1	0.0
2025-02-28		VFB_00002575	VFB_00101567	6	2	0.0
2025-02-28		VFB_00020363		22	1	349.0
2025-02-28		VFB_00020363	VFB_00101567	12	2	0.0
2025-02-28		VFB_00022848		1	1	2.0
2025-02-28		VFB_00022848	VFB_00101567	1	1	0.0
2025-02-28		VFB_00024283		1	1	4.0
2025-02-28		VFB_00024283	VFB_00101567	1	1	0.0
2025-02-28		VFB_00024322		1	1	2.0
2025-02-28		VFB_00024322	VFB_00101567	1	1	0.0
2025-02-28		VFB_00024414		1	1	3.0
2025-02-28		VFB_00024414	VFB_00101567	1	1	0.0
2025-02-28		VFB_00024487		2	1	3.0
2025-02-28		VFB_00024487	VFB_00101567	2	1	0.0
2025-02-28		VFB_00024500		1	1	1.0
2025-02-28		VFB_00024500	VFB_00101567	1	1	0.0
2025-02-28		VFB_00025056		2	1	1.0
2025-02-28		VFB_00025056	VFB_00101567	2	1	0.0
2025-02-28		VFB_00025301		2	1	1.0
2025-02-28		VFB_00025301	VFB_00101567	2	1	0.0
2025-02-28		VFB_00025487		2	1	1.0
2025-02-28		VFB_00025487	VFB_00101567	2	1	0.0
2025-02-28		VFB_00025938		2	1	1.0
2025-02-28		VFB_00025938	VFB_00101567	2	1	0.0
2025-02-28		VFB_00025974		2	1	1.0
2025-02-28		VFB_00025974	VFB_00101567	2	1	0.0
2025-02-28		VFB_00025981		2	1	1.0
2025-02-28		VFB_00025981	VFB_00101567	2	1	0.0
2025-02-28		VFB_00027500		1	1	1.0
2025-02-28		VFB_00027500	VFB_00101567	1	1	0.0
2025-02-28		VFB_00027541		2	1	1.0
2025-02-28		VFB_00027541	VFB_00101567	2	2	0.0
2025-02-28		VFB_00027697		2	1	1.0
2025-02-28		VFB_00027697	VFB_00101567	2	1	0.0
2025-02-28		VFB_00027887		2	1	1.0
2025-02-28		VFB_00027887	VFB_00101567	2	1	0.0
2025-02-28		VFB_00028044		2	1	1.0
2025-02-28		VFB_00028044	VFB_00101567	2	1	0.0
2025-02-28		VFB_00028117		2	1	1.0
2025-02-28		VFB_00028117	VFB_00101567	2	1	0.0
2025-02-28		VFB_00028375		2	1	3.0
2025-02-28		VFB_00028375	VFB_00101567	2	1	0.0
2025-02-28		VFB_00028418		2	1	7.0
2025-02-28		VFB_00028418	VFB_00101567	2	1	0.0
2025-02-28		VFB_00028469		2	1	1.0
2025-02-28		VFB_00028469	VFB_00101567	2	1	0.0
2025-02-28		VFB_00028639		2	1	1.0
2025-02-28		VFB_00028639	VFB_00101567	2	1	0.0
2025-02-28		VFB_00028764		2	1	1.0
2025-02-28		VFB_00028764	VFB_00101567	2	1	0.0
2025-02-28		VFB_00028829		2	1	1.0
2025-02-28		VFB_00028829	VFB_00101567	2	1	0.0
2025-02-28		VFB_00029139		2	1	1.0
2025-02-28		VFB_00029139	VFB_00101567	2	1	0.0
2025-02-28		VFB_00029219		2	1	1.0
2025-02-28		VFB_00029219	VFB_00101567	2	1	0.0
2025-02-28		VFB_00029275		2	1	1.0
2025-02-28		VFB_00029275	VFB_00101567	2	1	0.0
2025-02-28		VFB_00029305		2	1	1.0
2025-02-28		VFB_00029305	VFB_00101567	2	1	0.0
2025-02-28		VFB_00029663		2	1	0.0
2025-02-28		VFB_00029663	VFB_00101567	2	1	0.0
2025-02-28		VFB_00029742		2	1	1.0
2025-02-28		VFB_00029742	VFB_00101567	2	1	0.0
2025-02-28		VFB_00029880		2	1	1.0
2025-02-28		VFB_00029880	VFB_00101567	2	1	0.0
2025-02-28		VFB_00029929		2	1	1.0
2025-02-28		VFB_00029929	VFB_00101567	2	1	0.0
2025-02-28		VFB_00030034		2	1	1.0
2025-02-28		VFB_00030034	VFB_00101567	2	1	0.0
2025-02-28		VFB_00030261		2	1	1.0
2025-02-28		VFB_00030261	VFB_00101567	2	1	0.0
2025-02-28		VFB_00030555		2	1	1.0
2025-02-28		VFB_00030555	VFB_00101567	2	1	0.0
2025-02-28		VFB_00030852		48	1	0.0
2025-02-28		VFB_00030852	VFB_00030786	48	1	0.0
2025-02-28		VFB_00030867		6	1	0.0
2025-02-28		VFB_00030867	VFB_00101567	6	1	0.0
2025-02-28		VFB_00037002		2	1	1.0
2025-02-28		VFB_00037002	VFB_00101567	2	1	0.0
2025-02-28		VFB_00037059		2	1	1.0
2025-02-28		VFB_00037059	VFB_00101567	2	1	0.0
2025-02-28		VFB_00037118		2	1	2.0
2025-02-28		VFB_00037118	VFB_00101567	2	1	0.0
2025-02-28		VFB_00037126		2	1	2.0
2025-02-28		VFB_00037126	VFB_00101567	2	1	0.0
2025-02-28		VFB_00037213		2	1	1.0
2025-02-28		VFB_00037213	VFB_00101567	2	1	0.0
2025-02-28		VFB_00037224		2	1	1.0
2025-02-28		VFB_00037224	VFB_00101567	2	1	0.0
2025-02-28		VFB_00037261		2	1	1.0
2025-02-28		VFB_00037261	VFB_00101567	2	1	0.0
2025-02-28		VFB_00037276		2	1	1.0
2025-02-28		VFB_00037276	VFB_00101567	2	1	0.0
2025-02-28		VFB_00037594		2	1	1.0
2025-02-28		VFB_00037594	VFB_00101567	2	1	0.0
2025-02-28		VFB_00037647		2	1	1.0
2025-02-28		VFB_00037647	VFB_00101567	2	1	0.0
2025-02-28		VFB_00037702		2	1	1.0
2025-02-28		VFB_00037702	VFB_00101567	2	1	0.0
2025-02-28		VFB_00037916		2	1	1.0
2025-02-28		VFB_00037916	VFB_00101567	2	1	0.0
2025-02-28		VFB_00037975		2	1	1.0
2025-02-28		VFB_00037975	VFB_00101567	2	1	0.0
2025-02-28		VFB_00037998		2	1	1.0
2025-02-28		VFB_00037998	VFB_00101567	2	1	0.0
2025-02-28		VFB_00038112		2	1	1.0
2025-02-28		VFB_00038112	VFB_00101567	2	1	0.0
2025-02-28		VFB_00038342		2	1	1.0
2025-02-28		VFB_00038342	VFB_00101567	2	1	0.0
2025-02-28		VFB_00038365		2	1	1.0
2025-02-28		VFB_00038365	VFB_00101567	2	1	0.0
2025-02-28		VFB_00038721		2	1	2.0
2025-02-28		VFB_00038721	VFB_00101567	2	1	0.0
2025-02-28		VFB_00038749		2	1	1.0
2025-02-28		VFB_00038749	VFB_00101567	2	1	0.0
2025-02-28		VFB_00038935		2	1	1.0
2025-02-28		VFB_00038935	VFB_00101567	2	1	0.0
2025-02-28		VFB_00038943		2	1	1.0
2025-02-28		VFB_00038943	VFB_00101567	2	1	0.0
2025-02-28		VFB_00039092		2	1	1.0
2025-02-28		VFB_00039092	VFB_00101567	2	1	0.0
2025-02-28		VFB_00039166		2	1	2.0
2025-02-28		VFB_00039166	VFB_00101567	2	1	0.0
2025-02-28		VFB_00039403		2	1	1.0
2025-02-28		VFB_00039403	VFB_00101567	2	1	0.0
2025-02-28		VFB_00039432		2	1	1.0
2025-02-28		VFB_00039432	VFB_00101567	2	1	0.0
2025-02-28		VFB_00039451		2	1	1.0
2025-02-28		VFB_00039451	VFB_00101567	2	1	0.0
2025-02-28		VFB_00039463		2	1	1.0
2025-02-28		VFB_00039463	VFB_00101567	2	1	0.0
2025-02-28		VFB_00039497		2	1	15.0
2025-02-28		VFB_00039497	VFB_00101567	2	1	0.0
2025-02-28		VFB_00039520		2	1	1.0
2025-02-28		VFB_00039520	VFB_00101567	2	1	0.0
2025-02-28		VFB_00039757		2	1	2.0
2025-02-28		VFB_00039757	VFB_00101567	2	1	0.0
2025-02-28		VFB_00039866		2	1	1.0
2025-02-28		VFB_00039866	VFB_00101567	2	1	0.0
2025-02-28		VFB_00039894		2	1	1.0
2025-02-28		VFB_00039894	VFB_00101567	2	1	0.0
2025-02-28		VFB_00040197		2	1	1.0
2025-02-28		VFB_00040197	VFB_00101567	2	1	0.0
2025-02-28		VFB_00040386		2	1	2.0
2025-02-28		VFB_00040386	VFB_00101567	2	1	0.0
2025-02-28		VFB_00040636		2	1	3.0
2025-02-28		VFB_00040636	VFB_00101567	2	1	0.0
2025-02-28		VFB_00040687		2	1	1.0
2025-02-28		VFB_00040687	VFB_00101567	2	1	0.0
2025-02-28		VFB_00040689		2	1	2.0
2025-02-28		VFB_00040689	VFB_00101567	2	1	0.0
2025-02-28		VFB_00040697		2	1	1.0
2025-02-28		VFB_00040697	VFB_00101567	2	1	0.0
2025-02-28		VFB_00040806		2	1	1.0
2025-02-28		VFB_00040806	VFB_00101567	2	1	0.0
2025-02-28		VFB_00041220		2	1	1.0
2025-02-28		VFB_00041220	VFB_00101567	2	1	0.0
2025-02-28		VFB_00041259		2	1	1.0
2025-02-28		VFB_00041259	VFB_00101567	2	1	0.0
2025-02-28		VFB_00041332		2	1	1.0
2025-02-28		VFB_00041332	VFB_00101567	2	1	0.0
2025-02-28		VFB_00041455		2	1	1.0
2025-02-28		VFB_00041455	VFB_00101567	2	1	0.0
2025-02-28		VFB_00041473		2	1	1.0
2025-02-28		VFB_00041473	VFB_00101567	2	1	0.0
2025-02-28		VFB_00041491		2	1	1.0
2025-02-28		VFB_00041491	VFB_00101567	2	1	0.0
2025-02-28		VFB_00041505		2	1	1.0
2025-02-28		VFB_00041505	VFB_00101567	2	1	0.0
2025-02-28		VFB_00041521		2	1	1.0
2025-02-28		VFB_00041521	VFB_00101567	2	1	0.0
2025-02-28		VFB_00041607		2	1	1.0
2025-02-28		VFB_00041607	VFB_00101567	2	1	0.0
2025-02-28		VFB_00041675		2	1	1.0
2025-02-28		VFB_00041675	VFB_00101567	2	1	0.0
2025-02-28		VFB_00041749		2	1	1.0
2025-02-28		VFB_00041749	VFB_00101567	2	1	0.0
2025-02-28		VFB_00042099		2	1	1.0
2025-02-28		VFB_00042099	VFB_00101567	2	1	0.0
2025-02-28		VFB_00042181		2	1	2.0
2025-02-28		VFB_00042181	VFB_00101567	2	1	0.0
2025-02-28		VFB_00042227		2	1	1.0
2025-02-28		VFB_00042227	VFB_00101567	2	1	0.0
2025-02-28		VFB_00042265		2	1	1.0
2025-02-28		VFB_00042265	VFB_00101567	2	1	0.0
2025-02-28		VFB_00042342		2	1	1.0
2025-02-28		VFB_00042342	VFB_00101567	2	1	0.0
2025-02-28		VFB_00042362		2	1	1.0
2025-02-28		VFB_00042362	VFB_00101567	2	1	0.0
2025-02-28		VFB_00042431		2	1	3.0
2025-02-28		VFB_00042431	VFB_00101567	2	1	0.0
2025-02-28		VFB_00042522		2	1	1.0
2025-02-28		VFB_00042522	VFB_00101567	2	1	0.0
2025-02-28		VFB_00042727		2	1	1.0
2025-02-28		VFB_00042727	VFB_00101567	2	1	0.0
2025-02-28		VFB_00042759		2	1	1.0
2025-02-28		VFB_00042759	VFB_00101567	2	1	0.0
2025-02-28		VFB_00042771		2	1	1.0
2025-02-28		VFB_00042771	VFB_00101567	2	1	0.0
2025-02-28		VFB_00043100		2	1	0.0
2025-02-28		VFB_00043100	VFB_00101567	2	1	0.0
2025-02-28		VFB_00043148		2	1	1.0
2025-02-28		VFB_00043148	VFB_00101567	2	1	0.0
2025-02-28		VFB_00043170		2	1	1.0
2025-02-28		VFB_00043170	VFB_00101567	2	1	0.0
2025-02-28		VFB_00043271		5	1	13.0
2025-02-28		VFB_00043271	VFB_00101567	5	3	0.0
2025-02-28		VFB_00043304		2	1	1.0
2025-02-28		VFB_00043304	VFB_00101567	2	1	0.0
2025-02-28		VFB_00043382		2	1	2.0
2025-02-28		VFB_00043382	VFB_00101567	2	1	0.0
2025-02-28		VFB_00043428		2	1	1.0
2025-02-28		VFB_00043428	VFB_00101567	2	1	0.0
2025-02-28		VFB_00043464		2	1	1.0
2025-02-28		VFB_00043464	VFB_00101567	2	1	0.0
2025-02-28		VFB_00043671		2	1	1.0
2025-02-28		VFB_00043671	VFB_00101567	2	1	0.0
2025-02-28		VFB_00043763		2	1	1.0
2025-02-28		VFB_00043763	VFB_00101567	2	1	0.0
2025-02-28		VFB_00043811		2	1	1.0
2025-02-28		VFB_00043811	VFB_00101567	2	1	0.0
2025-02-28		VFB_00044072		2	1	2.0
2025-02-28		VFB_00044072	VFB_00101567	2	1	0.0
2025-02-28		VFB_00044086		2	1	1.0
2025-02-28		VFB_00044086	VFB_00101567	2	1	0.0
2025-02-28		VFB_00044109		2	1	1.0
2025-02-28		VFB_00044109	VFB_00101567	2	1	0.0
2025-02-28		VFB_00044157		2	1	1.0
2025-02-28		VFB_00044157	VFB_00101567	2	1	0.0
2025-02-28		VFB_00044225		2	1	1.0
2025-02-28		VFB_00044225	VFB_00101567	2	1	0.0
2025-02-28		VFB_00044311		2	1	1.0
2025-02-28		VFB_00044311	VFB_00101567	2	1	0.0
2025-02-28		VFB_00044333		2	1	1.0
2025-02-28		VFB_00044333	VFB_00101567	2	1	0.0
2025-02-28		VFB_00044413		2	1	1.0
2025-02-28		VFB_00044413	VFB_00101567	2	1	0.0
2025-02-28		VFB_00044585		2	1	1.0
2025-02-28		VFB_00044585	VFB_00101567	2	1	0.0
2025-02-28		VFB_00044774		2	1	1.0
2025-02-28		VFB_00044774	VFB_00101567	2	1	0.0
2025-02-28		VFB_00044977		2	1	4.0
2025-02-28		VFB_00044977	VFB_00101567	2	1	0.0
2025-02-28		VFB_00045064		2	1	1.0
2025-02-28		VFB_00045064	VFB_00101567	2	1	0.0
2025-02-28		VFB_00045322		2	1	3.0
2025-02-28		VFB_00045322	VFB_00101567	2	1	0.0
2025-02-28		VFB_00045349		2	1	2.0
2025-02-28		VFB_00045349	VFB_00101567	2	1	0.0
2025-02-28		VFB_00045367		2	1	1.0
2025-02-28		VFB_00045367	VFB_00101567	2	1	0.0
2025-02-28		VFB_00045486		2	1	1.0
2025-02-28		VFB_00045486	VFB_00101567	2	1	0.0
2025-02-28		VFB_00045601		2	1	1.0
2025-02-28		VFB_00045601	VFB_00101567	2	1	0.0
2025-02-28		VFB_00045746		2	1	1.0
2025-02-28		VFB_00045746	VFB_00101567	2	1	0.0
2025-02-28		VFB_00045806		2	1	1.0
2025-02-28		VFB_00045806	VFB_00101567	2	1	0.0
2025-02-28		VFB_00045866		2	1	1.0
2025-02-28		VFB_00045866	VFB_00101567	2	1	0.0
2025-02-28		VFB_00045948		2	1	1.0
2025-02-28		VFB_00045948	VFB_00101567	2	1	0.0
2025-02-28		VFB_00045982		2	1	1.0
2025-02-28		VFB_00045982	VFB_00101567	2	1	0.0
2025-02-28		VFB_00046138		2	1	1.0
2025-02-28		VFB_00046138	VFB_00101567	2	1	0.0
2025-02-28		VFB_00046144		2	1	1.0
2025-02-28		VFB_00046144	VFB_00101567	2	1	0.0
2025-02-28		VFB_00046325		2	1	1.0
2025-02-28		VFB_00046325	VFB_00101567	2	1	0.0
2025-02-28		VFB_00046445		2	1	1.0
2025-02-28		VFB_00046445	VFB_00101567	2	1	0.0
2025-02-28		VFB_00046452		2	1	1.0
2025-02-28		VFB_00046452	VFB_00101567	2	1	0.0
2025-02-28		VFB_00046476		2	1	1.0
2025-02-28		VFB_00046476	VFB_00101567	2	1	0.0
2025-02-28		VFB_00046642		2	1	1.0
2025-02-28		VFB_00046642	VFB_00101567	2	1	0.0
2025-02-28		VFB_00046829		2	1	1.0
2025-02-28		VFB_00046829	VFB_00101567	2	1	0.0
2025-02-28		VFB_00046882		2	1	1.0
2025-02-28		VFB_00046882	VFB_00101567	2	1	0.0
2025-02-28		VFB_00047163		2	1	1.0
2025-02-28		VFB_00047163	VFB_00101567	2	1	0.0
2025-02-28		VFB_00047337		2	1	1.0
2025-02-28		VFB_00047337	VFB_00101567	2	1	0.0
2025-02-28		VFB_00047405		2	1	4.0
2025-02-28		VFB_00047405	VFB_00101567	2	1	0.0
2025-02-28		VFB_00047515		2	1	1.0
2025-02-28		VFB_00047515	VFB_00101567	2	1	0.0
2025-02-28		VFB_00047538		3	1	1.0
2025-02-28		VFB_00047538	VFB_00101567	3	2	0.0
2025-02-28		VFB_00047653		2	1	1.0
2025-02-28		VFB_00047653	VFB_00101567	2	1	0.0
2025-02-28		VFB_00048024		2	1	0.0
2025-02-28		VFB_00048024	VFB_00101567	2	1	0.0
2025-02-28		VFB_00048225		2	1	1.0
2025-02-28		VFB_00048225	VFB_00101567	2	1	0.0
2025-02-28		VFB_00048243		2	1	1.0
2025-02-28		VFB_00048243	VFB_00101567	2	1	0.0
2025-02-28		VFB_00050000		26	2	0.0
2025-02-28		VFB_00050000	VFB_00050000	26	3	0.0
2025-02-28		VFB_00050274		4	1	0.0
2025-02-28		VFB_00050274	VFB_00049000	4	1	0.0
2025-02-28		VFB_00055119		14	1	1.0
2025-02-28		VFB_00055119	VFB_00049000	14	1	0.0
2025-02-28		VFB_00063281		1	1	2.0
2025-02-28		VFB_00063281	VFB_00101567	1	1	0.0
2025-02-28		VFB_00063341		2	1	1.0
2025-02-28		VFB_00063341	VFB_00101567	2	1	0.0
2025-02-28		VFB_00063481		2	1	1.0
2025-02-28		VFB_00063481	VFB_00101567	2	1	0.0
2025-02-28		VFB_00064215		2	1	8.0
2025-02-28		VFB_00064215	VFB_00101567	2	1	0.0
2025-02-28		VFB_00064283		2	1	1.0
2025-02-28		VFB_00064283	VFB_00101567	2	1	0.0
2025-02-28		VFB_00064463		2	1	1.0
2025-02-28		VFB_00064463	VFB_00101567	2	1	0.0
2025-02-28		VFB_00065288		2	1	1.0
2025-02-28		VFB_00065288	VFB_00101567	2	1	0.0
2025-02-28		VFB_00065344		2	1	1.0
2025-02-28		VFB_00065344	VFB_00101567	2	1	0.0
2025-02-28		VFB_00065595		2	1	1.0
2025-02-28		VFB_00065595	VFB_00101567	2	1	0.0
2025-02-28		VFB_00065720		2	1	1.0
2025-02-28		VFB_00065720	VFB_00101567	2	1	0.0
2025-02-28		VFB_00065991		2	1	1.0
2025-02-28		VFB_00065991	VFB_00101567	2	1	0.0
2025-02-28		VFB_00066055		2	1	1.0
2025-02-28		VFB_00066055	VFB_00101567	2	1	0.0
2025-02-28		VFB_00066067		11	1	0.0
2025-02-28		VFB_00066067	VFB_00101567	11	1	0.0
2025-02-28		VFB_00066137		2	1	1.0
2025-02-28		VFB_00066137	VFB_00101567	2	1	0.0
2025-02-28		VFB_00066371		2	1	1.0
2025-02-28		VFB_00066371	VFB_00101567	2	1	0.0
2025-02-28		VFB_00066393		2	1	2.0
2025-02-28		VFB_00066393	VFB_00101567	2	1	0.0
2025-02-28		VFB_00066708		2	1	2.0
2025-02-28		VFB_00066708	VFB_00101567	2	1	0.0
2025-02-28		VFB_00067289		2	1	1.0
2025-02-28		VFB_00067289	VFB_00101567	2	1	0.0
2025-02-28		VFB_00067608		2	1	2.0
2025-02-28		VFB_00067608	VFB_00101567	2	1	0.0
2025-02-28		VFB_00067967		2	1	1.0
2025-02-28		VFB_00067967	VFB_00101567	2	1	0.0
2025-02-28		VFB_00068031		2	1	1.0
2025-02-28		VFB_00068031	VFB_00101567	2	1	0.0
2025-02-28		VFB_00068117		2	1	1.0
2025-02-28		VFB_00068117	VFB_00101567	2	1	0.0
2025-02-28		VFB_00068330		2	1	21.0
2025-02-28		VFB_00068330	VFB_00101567	2	1	0.0
2025-02-28		VFB_00069149		3	1	4.0
2025-02-28		VFB_00069149	VFB_00100000	1	1	0.0
2025-02-28		VFB_00069149	VFB_00101567	2	2	0.0
2025-02-28		VFB_00100403		4	1	0.0
2025-02-28		VFB_00100403	VFB_00050000	4	2	0.0
2025-02-28		VFB_00100475		1	1	0.0
2025-02-28		VFB_00100475	VFB_00050000	1	1	0.0
2025-02-28		VFB_00100482		1	1	33.0
2025-02-28		VFB_00100482	VFB_00050000	1	1	0.0
2025-02-28		VFB_00100484		1	1	1.0
2025-02-28		VFB_00100484	VFB_00050000	1	1	0.0
2025-02-28		VFB_00100510		1	1	75.0
2025-02-28		VFB_00100510	VFB_00050000	1	1	0.0
2025-02-28		VFB_00100734		5	1	31.0
2025-02-28		VFB_00100734	VFB_00050000	5	1	0.0
2025-02-28		VFB_00100739		5	1	91.0
2025-02-28		VFB_00100739	VFB_00050000	5	1	0.0
2025-02-28		VFB_00100768		5	1	75.0
2025-02-28		VFB_00100768	VFB_00050000	5	1	0.0
2025-02-28		VFB_00100850		10	1	291.0
2025-02-28		VFB_00100850	VFB_00050000	10	1	0.0
2025-02-28		VFB_00100873		5	1	52.0
2025-02-28		VFB_00100873	VFB_00050000	5	1	0.0
2025-02-28		VFB_00100d2k		9	1	0.0
2025-02-28		VFB_00100d2k	VFB_00200000	9	1	0.0
2025-02-28		VFB_00100ww0		11	1	92.0
2025-02-28		VFB_00100ww0	VFB_00101567	11	1	0.0
2025-02-28		VFB_00100y5z		23	1	26.0
2025-02-28		VFB_00100y5z	VFB_00101567	31	2	0.0
2025-02-28		VFB_001012lk		2	1	11.0
2025-02-28		VFB_001012lk	VFB_00101567	2	1	0.0
2025-02-28		VFB_001012vl		6	1	3.0
2025-02-28		VFB_001012vl	VFB_00101567	5	2	0.0
2025-02-28		VFB_001013bo		12	1	0.0
2025-02-28		VFB_001013bo	VFB_00101567	12	1	0.0
2025-02-28		VFB_001013vq		2	1	4.0
2025-02-28		VFB_001013vq	VFB_00101567	2	1	0.0
2025-02-28		VFB_001014b2		23	1	0.0
2025-02-28		VFB_001014b2	VFB_00101567	23	1	0.0
2025-02-28		VFB_001014qc		6	1	23.0
2025-02-28		VFB_001014qc	VFB_00101567	6	2	0.0
2025-02-28		VFB_001014qe		2	1	3.0
2025-02-28		VFB_001014qe	VFB_00101567	2	1	0.0
2025-02-28		VFB_00101567		156	32	140.0
2025-02-28		VFB_00101567	VFB_00101567	161	42	0.0
2025-02-28		VFB_00101655		5	1	66.0
2025-02-28		VFB_00101655	VFB_00050000	5	1	0.0
2025-02-28		VFB_00101682		5	1	74.0
2025-02-28		VFB_00101682	VFB_00050000	5	1	0.0
2025-02-28		VFB_00101748		5	1	8.0
2025-02-28		VFB_00101748	VFB_00050000	5	1	0.0
2025-02-28		VFB_00101y7p		1	1	0.0
2025-02-28		VFB_00101y7p	VFB_00101567	1	1	0.0
2025-02-28		VFB_00102118		8	1	0.0
2025-02-28		VFB_00102118	VFB_00101567	7	2	0.0
2025-02-28		VFB_00102123		2	1	0.0
2025-02-28		VFB_00102123	VFB_00101567	2	1	0.0
2025-02-28		VFB_00102124		16	1	0.0
2025-02-28		VFB_00102124	VFB_00101567	16	1	0.0
2025-02-28		VFB_00102133		2	1	0.0
2025-02-28		VFB_00102133	VFB_00101567	2	1	0.0
2025-02-28		VFB_00102134		5	1	0.0
2025-02-28		VFB_00102134	VFB_00101567	5	1	0.0
2025-02-28		VFB_00102154		1	1	14.0
2025-02-28		VFB_00102154	VFB_00101567	1	1	0.0
2025-02-28		VFB_00102170		24	1	0.0
2025-02-28		VFB_00102170	VFB_00101567	24	1	0.0
2025-02-28		VFB_00102274		24	1	0.0
2025-02-28		VFB_00102274	VFB_00101567	24	1	0.0
2025-02-28		VFB_00102280		2	1	35.0
2025-02-28		VFB_00102280	VFB_00101567	2	2	0.0
2025-02-28		VFB_00104415		3	1	3.0
2025-02-28		VFB_00104415	VFB_00101567	2	2	0.0
2025-02-28		VFB_00104415	VFB_00200000	1	1	0.0
2025-02-28		VFB_00200000		1	1	1.0
2025-02-28		VFB_00200000	VFB_00200000	1	1	0.0
2025-02-28		VFB_fw008249		25	1	0.0
2025-02-28		VFB_fw008249	VFB_00101567	25	1	0.0
2025-02-28		VFB_fw030853		6	1	0.0
2025-02-28		VFB_fw030853	VFB_00101567	6	2	0.0
2025-02-28		VFB_fw034617		24	1	0.0
2025-02-28		VFB_fw034617	VFB_00101567	24	1	0.0
2025-02-28		VFB_fw043301		24	1	0.0
2025-02-28		VFB_fw043301	VFB_00101567	24	1	0.0
2025-02-28		VFB_jrchjtn1		8	1	0.0
2025-02-28		VFB_jrchjtn1	VFB_00101567	8	3	0.0
2025-02-28		VFB_jrchjtpj		6	1	0.0
2025-02-28		VFB_jrchjtpj	VFB_00101567	6	1	0.0
2025-02-28		VFB_jrchjts1		1	1	0.0
2025-02-28		VFB_jrchjts1	VFB_00101567	1	1	0.0
2025-02-28		VFB_jrchjzmr		2	1	2.0
2025-02-28		VFB_jrchjzmr	VFB_00101567	2	1	0.0
2025-02-28		VFB_jrchk87f		2	1	1.0
2025-02-28		VFB_jrchk87f	VFB_00101567	2	1	0.0
2025-02-28		VFB_jrchk87g		2	1	1.0
2025-02-28		VFB_jrchk87g	VFB_00101567	2	1	0.0
2025-02-28		VFB_jrchk87i		2	1	1.0
2025-02-28		VFB_jrchk87i	VFB_00101567	2	1	0.0
2025-02-28		VFB_jrchk87j		2	1	1.0
2025-02-28		VFB_jrchk87j	VFB_00101567	2	1	0.0
2025-02-28		VFB_jrchk87k		2	1	2.0
2025-02-28		VFB_jrchk87k	VFB_00101567	2	1	0.0
2025-02-28		VFB_jrchk87o		2	1	1.0
2025-02-28		VFB_jrchk87o	VFB_00101567	2	1	0.0
2025-02-28		VFB_jrchk87p		2	1	1.0
2025-02-28		VFB_jrchk87p	VFB_00101567	2	1	0.0
2025-02-28		VFB_jrchk87q		2	1	1.0
2025-02-28		VFB_jrchk87q	VFB_00101567	2	1	0.0
2025-02-28		VFB_jrchk87u		2	1	1.0
2025-02-28		VFB_jrchk87u	VFB_00101567	2	1	0.0
2025-02-28		VFB_jrchk87v		2	1	1.0
2025-02-28		VFB_jrchk87v	VFB_00101567	2	1	0.0
2025-02-28		VFB_jrchk87w		2	1	1.0
2025-02-28		VFB_jrchk87w	VFB_00101567	2	1	0.0
2025-02-28		VFB_jrchk87x		2	1	1.0
2025-02-28		VFB_jrchk87x	VFB_00101567	2	1	0.0
2025-02-28		VFB_jrchk87z		2	1	1.0
2025-02-28		VFB_jrchk87z	VFB_00101567	2	1	0.0
2025-02-28		VFB_jrchk883		2	1	1.0
2025-02-28		VFB_jrchk883	VFB_00101567	2	1	0.0
2025-02-28		VFB_jrchk884		2	1	1.0
2025-02-28		VFB_jrchk884	VFB_00101567	2	1	0.0
2025-02-28		VFB_jrchk885		2	1	1.0
2025-02-28		VFB_jrchk885	VFB_00101567	2	1	0.0
2025-02-28		VFB_jrchk886		2	1	1.0
2025-02-28		VFB_jrchk886	VFB_00101567	2	1	0.0
2025-02-28		VFB_jrchk889		2	1	1.0
2025-02-28		VFB_jrchk889	VFB_00101567	2	1	0.0
2025-02-28		VFB_jrchk8dj		4	1	3.0
2025-02-28		VFB_jrchk8dj	VFB_00101567	4	1	0.0
2025-02-28		VFB_jrcv0an2		2	1	6.0
2025-02-28		VFB_jrcv0an2	VFB_00200000	2	1	0.0
2025-02-28		VFBexp_FBtp0063		1	1	0.0
2025-02-28		VFBexp_FBtp0063	VFB_00101567	1	1	0.0
2025-02-28		VFBexp_FBtp0099		7	7	0.0
2025-02-28		VFBexp_FBtp0099	VFB_00101567	7	7	0.0
2025-02-28		VFBexp_FBtp0100		21	21	0.0
2025-02-28		VFBexp_FBtp0100	VFB_00101567	21	21	0.0
2025-02-28		VFBexp_FBtp0101		24	23	0.0
2025-02-28		VFBexp_FBtp0101	VFB_00101567	24	23	0.0
2025-02-28		VFBexp_FBtp0102		26	25	0.0
2025-02-28		VFBexp_FBtp0102	VFB_00101567	26	25	0.0
2025-02-28		VFBexp_FBtp0103		16	16	0.0
2025-02-28		VFBexp_FBtp0103	VFB_00101567	16	16	0.0
2025-02-28		VFBexp_FBtp0104		19	19	0.0
2025-02-28		VFBexp_FBtp0104	VFB_00101567	19	19	0.0
2025-02-28		VFBexp_FBtp0105		23	19	0.0
2025-02-28		VFBexp_FBtp0105	VFB_00101567	23	19	0.0
2025-02-28		VFBexp_FBtp0106		25	23	0.0
2025-02-28		VFBexp_FBtp0106	VFB_00101567	25	24	0.0
2025-02-28		VFBexp_FBtp0107		10	10	0.0
2025-02-28		VFBexp_FBtp0107	VFB_00101567	10	10	0.0
2025-02-28		VFBexp_FBtp0108		6	6	0.0
2025-02-28		VFBexp_FBtp0108	VFB_00101567	6	6	0.0
2025-02-28		VFBexp_FBtp0122		5	3	0.0
2025-02-28		VFBexp_FBtp0122	VFB_00101567	5	3	0.0
2025-02-28		VFBexp_FBtp0123		4	1	0.0
2025-02-28		VFBexp_FBtp0123	VFB_00101567	4	1	0.0
2025-02-28	v2.virtualflybrain.org	FBbt_00001945	VFB_00050000	8	1	1.0
2025-02-28	v2.virtualflybrain.org	FBbt_00003624	VFB_00101567	0	2	92.0
2025-02-28	v2.virtualflybrain.org	FBbt_00003678	VFB_00101567	0	2	18.0
2025-02-28	v2.virtualflybrain.org	FBbt_00003680	VFB_00101567	0	3	17.0
2025-02-28	v2.virtualflybrain.org	FBbt_00003681	VFB_00101567	0	2	63.0
2025-02-28	v2.virtualflybrain.org	FBbt_00003748	VFB_00101567	0	3	15.0
2025-02-28	v2.virtualflybrain.org	FBbt_00005801	VFB_00050000	24	1	0.0
2025-02-28	v2.virtualflybrain.org	FBbt_00007053	VFB_00101567	7	3	13.0
2025-02-28	v2.virtualflybrain.org	FBbt_00007054	VFB_00101567	0	1	12.0
2025-02-28	v2.virtualflybrain.org	FBbt_00007058	VFB_00101567	0	1	26.0
2025-02-28	v2.virtualflybrain.org	FBbt_00007453	VFB_00101567	0	3	147.0
2025-02-28	v2.virtualflybrain.org	FBbt_00013695	VFB_00101567	0	1	31.0
2025-02-28	v2.virtualflybrain.org	FBbt_00014013	VFB_00101567	0	3	83.0
2025-02-28	v2.virtualflybrain.org	FBbt_00040041	VFB_00017894	6	1	0.0
2025-02-28	v2.virtualflybrain.org	FBbt_00040041	VFB_00101567	2	2	10.0
2025-02-28	v2.virtualflybrain.org	FBbt_00040042	VFB_00101567	0	1	3.0
2025-02-28	v2.virtualflybrain.org	FBbt_00040043	VFB_00101567	0	5	102.0
2025-02-28	v2.virtualflybrain.org	FBbt_00045027	VFB_00101567	0	1	14.0
2025-02-28	v2.virtualflybrain.org	FBbt_00045030	VFB_00101567	0	1	3.0
2025-02-28	v2.virtualflybrain.org	FBbt_00045032	VFB_00101567	1	2	66.0
2025-02-28	v2.virtualflybrain.org	FBbt_00045048	VFB_00101567	0	1	11.0
2025-02-28	v2.virtualflybrain.org	FBbt_00047352	VFB_00101567	1	2	80.0
2025-02-28	v2.virtualflybrain.org	FBbt_00047887	VFB_00101567	1	1	0.0
2025-02-28	v2.virtualflybrain.org	FBbt_00048327	VFB_00101567	1	1	146.0
2025-02-28	v2.virtualflybrain.org	FBbt_00048328	VFB_00101567	0	1	18.0
2025-02-28	v2.virtualflybrain.org	FBbt_00049839	VFB_00101567	0	2	53.0
2025-02-28	v2.virtualflybrain.org	FBbt_00067352	VFB_00101567	0	1	109.0
2025-02-28	v2.virtualflybrain.org	FBbt_00100259	VFB_00101567	0	2	48.0
2025-02-28	v2.virtualflybrain.org	FBbt_00100273	VFB_00101567	0	1	54.0
2025-02-28	v2.virtualflybrain.org	FBbt_00110657	VFB_00101567	0	1	2.0
2025-02-28	v2.virtualflybrain.org	FBbt_00110934	VFB_00101567	0	1	0.0
2025-02-28	v2.virtualflybrain.org	FBbt_00111747	VFB_00101567	0	2	26.0
2025-02-28	v2.virtualflybrain.org	VFB_00002575	VFB_00101567	4	3	0.0
2025-02-28	v2.virtualflybrain.org	VFB_00017894	VFB_00017894	0	1	0.0
2025-02-28	v2.virtualflybrain.org	VFB_00020363	VFB_00101567	3	2	0.0
2025-02-28	v2.virtualflybrain.org	VFB_00022848	VFB_00101567	0	1	35.0
2025-02-28	v2.virtualflybrain.org	VFB_00024283	VFB_00101567	0	1	12.0
2025-02-28	v2.virtualflybrain.org	VFB_00024322	VFB_00101567	0	1	24.0
2025-02-28	v2.virtualflybrain.org	VFB_00024414	VFB_00101567	0	1	22.0
2025-02-28	v2.virtualflybrain.org	VFB_00024500	VFB_00101567	0	1	12.0
2025-02-28	v2.virtualflybrain.org	VFB_00025056	VFB_00101567	0	1	0.0
2025-02-28	v2.virtualflybrain.org	VFB_00025301	VFB_00101567	0	1	0.0
2025-02-28	v2.virtualflybrain.org	VFB_00025487	VFB_00101567	0	1	0.0
2025-02-28	v2.virtualflybrain.org	VFB_00025938	VFB_00101567	0	1	0.0
2025-02-28	v2.virtualflybrain.org	VFB_00025974	VFB_00101567	0	1	0.0
2025-02-28	v2.virtualflybrain.org	VFB_00025981	VFB_00101567	0	2	0.0
2025-02-28	v2.virtualflybrain.org	VFB_00027500	VFB_00101567	0	1	9.0
2025-02-28	v2.virtualflybrain.org	VFB_00027541	VFB_00101567	1	1	0.0
2025-02-28	v2.virtualflybrain.org	VFB_00027697	VFB_00101567	0	1	0.0
2025-02-28	v2.virtualflybrain.org	VFB_00027887	VFB_00101567	0	1	0.0
2025-02-28	v2.virtualflybrain.org	VFB_00028044	VFB_00101567	0	1	0.0
2025-02-28	v2.virtualflybrain.org	VFB_00028117	VFB_00101567	0	1	0.0
2025-02-28	v2.virtualflybrain.org	VFB_00028375	VFB_00101567	0	1	0.0
2025-02-28	v2.virtualflybrain.org	VFB_00028418	VFB_00101567	0	1	0.0
2025-02-28	v2.virtualflybrain.org	VFB_00028469	VFB_00101567	0	1	0.0
2025-02-28	v2.virtualflybrain.org	VFB_00028639	VFB_00101567	0	1	0.0
2025-02-28	v2.virtualflybrain.org	VFB_00028764	VFB_00101567	0	1	0.0
2025-02-28	v2.virtualflybrain.org	VFB_00028829	VFB_00101567	0	1	0.0
2025-02-28	v2.virtualflybrain.org	VFB_00029139	VFB_00101567	0	1	0.0
2025-02-28	v2.virtualflybrain.org	VFB_00029219	VFB_00101567	0	1	0.0
2025-02-28	v2.virtualflybrain.org	VFB_00029275	VFB_00101567	0	1	0.0
2025-02-28	v2.virtualflybrain.org	VFB_00029305	VFB_00101567	0	1	0.0
2025-02-28	v2.virtualflybrain.org	VFB_00029663	VFB_00101567	0	1	0.0
2025-02-28	v2.virtualflybrain.org	VFB_00029742	VFB_00101567	0	1	0.0
2025-02-28	v2.virtualflybrain.org	VFB_00029880	VFB_00101567	0	1	0.0
2025-02-28	v2.virtualflybrain.org	VFB_00029929	VFB_00101567	0	1	0.0
2025-02-28	v2.virtualflybrain.org	VFB_00030034	VFB_00101567	0	1	0.0
2025-02-28	v2.virtualflybrain.org	VFB_00030261	VFB_00101567	0	1	0.0
2025-02-28	v2.virtualflybrain.org	VFB_00030555	VFB_00101567	0	1	0.0
2025-02-28	v2.virtualflybrain.org	VFB_00030786	VFB_00030786	0	1	0.0
2025-02-28	v2.virtualflybrain.org	VFB_00030852	VFB_00030786	48	1	2.0
2025-02-28	v2.virtualflybrain.org	VFB_00030867	VFB_00101567	6	1	0.0
2025-02-28	v2.virtualflybrain.org	VFB_00037002	VFB_00101567	0	1	0.0
2025-02-28	v2.virtualflybrain.org	VFB_00037059	VFB_00101567	0	1	0.0
2025-02-28	v2.virtualflybrain.org	VFB_00037118	VFB_00101567	0	1	0.0
2025-02-28	v2.virtualflybrain.org	VFB_00037126	VFB_00101567	0	1	0.0
2025-02-28	v2.virtualflybrain.org	VFB_00037213	VFB_00101567	0	1	0.0
2025-02-28	v2.virtualflybrain.org	VFB_00037224	VFB_00101567	0	1	0.0
2025-02-28	v2.virtualflybrain.org	VFB_00037261	VFB_00101567	0	1	0.0
2025-02-28	v2.virtualflybrain.org	VFB_00037276	VFB_00101567	0	1	0.0
2025-02-28	v2.virtualflybrain.org	VFB_00037594	VFB_00101567	0	1	0.0
2025-02-28	v2.virtualflybrain.org	VFB_00037647	VFB_00101567	0	1	0.0
2025-02-28	v2.virtualflybrain.org	VFB_00037702	VFB_00101567	0	1	0.0
2025-02-28	v2.virtualflybrain.org	VFB_00037916	VFB_00101567	0	1	0.0
2025-02-28	v2.virtualflybrain.org	VFB_00037975	VFB_00101567	0	1	0.0
2025-02-28	v2.virtualflybrain.org	VFB_00037998	VFB_00101567	0	1	0.0
2025-02-28	v2.virtualflybrain.org	VFB_00038112	VFB_00101567	0	1	0.0
2025-02-28	v2.virtualflybrain.org	VFB_00038342	VFB_00101567	0	1	0.0
2025-02-28	v2.virtualflybrain.org	VFB_00038365	VFB_00101567	0	1	0.0
2025-02-28	v2.virtualflybrain.org	VFB_00038721	VFB_00101567	0	1	0.0
2025-02-28	v2.virtualflybrain.org	VFB_00038749	VFB_00101567	0	1	0.0
2025-02-28	v2.virtualflybrain.org	VFB_00038935	VFB_00101567	0	1	0.0
2025-02-28	v2.virtualflybrain.org	VFB_00038943	VFB_00101567	0	1	0.0
2025-02-28	v2.virtualflybrain.org	VFB_00039092	VFB_00101567	0	1	0.0
2025-02-28	v2.virtualflybrain.org	VFB_00039166	VFB_00101567	0	1	0.0
2025-02-28	v2.virtualflybrain.org	VFB_00039403	VFB_00101567	0	1	0.0
2025-02-28	v2.virtualflybrain.org	VFB_00039432	VFB_00101567	0	1	0.0
2025-02-28	v2.virtualflybrain.org	VFB_00039451	VFB_00101567	0	1	0.0
2025-02-28	v2.virtualflybrain.org	VFB_00039463	VFB_00101567	0	1	0.0
2025-02-28	v2.virtualflybrain.org	VFB_00039497	VFB_00101567	0	1	0.0
2025-02-28	v2.virtualflybrain.org	VFB_00039520	VFB_00101567	0	1	0.0
2025-02-28	v2.virtualflybrain.org	VFB_00039757	VFB_00101567	0	1	0.0
2025-02-28	v2.virtualflybrain.org	VFB_00039866	VFB_00101567	0	1	0.0
2025-02-28	v2.virtualflybrain.org	VFB_00039894	VFB_00101567	0	1	0.0
2025-02-28	v2.virtualflybrain.org	VFB_00040197	VFB_00101567	0	1	0.0
2025-02-28	v2.virtualflybrain.org	VFB_00040386	VFB_00101567	0	1	0.0
2025-02-28	v2.virtualflybrain.org	VFB_00040636	VFB_00101567	0	1	0.0
2025-02-28	v2.virtualflybrain.org	VFB_00040687	VFB_00101567	0	1	0.0
2025-02-28	v2.virtualflybrain.org	VFB_00040689	VFB_00101567	0	1	0.0
2025-02-28	v2.virtualflybrain.org	VFB_00040697	VFB_00101567	0	1	0.0
2025-02-28	v2.virtualflybrain.org	VFB_00040806	VFB_00101567	0	1	0.0
2025-02-28	v2.virtualflybrain.org	VFB_00041220	VFB_00101567	0	1	0.0
2025-02-28	v2.virtualflybrain.org	VFB_00041259	VFB_00101567	0	1	0.0
2025-02-28	v2.virtualflybrain.org	VFB_00041332	VFB_00101567	0	1	0.0
2025-02-28	v2.virtualflybrain.org	VFB_00041455	VFB_00101567	0	1	0.0
2025-02-28	v2.virtualflybrain.org	VFB_00041473	VFB_00101567	0	1	0.0
2025-02-28	v2.virtualflybrain.org	VFB_00041491	VFB_00101567	0	1	0.0
2025-02-28	v2.virtualflybrain.org	VFB_00041505	VFB_00101567	0	1	0.0
2025-02-28	v2.virtualflybrain.org	VFB_00041521	VFB_00101567	0	1	0.0
2025-02-28	v2.virtualflybrain.org	VFB_00041607	VFB_00101567	0	1	0.0
2025-02-28	v2.virtualflybrain.org	VFB_00041675	VFB_00101567	0	1	0.0
2025-02-28	v2.virtualflybrain.org	VFB_00041749	VFB_00101567	0	1	0.0
2025-02-28	v2.virtualflybrain.org	VFB_00042099	VFB_00101567	0	1	0.0
2025-02-28	v2.virtualflybrain.org	VFB_00042181	VFB_00101567	0	1	0.0
2025-02-28	v2.virtualflybrain.org	VFB_00042227	VFB_00101567	0	1	0.0
2025-02-28	v2.virtualflybrain.org	VFB_00042265	VFB_00101567	0	1	0.0
2025-02-28	v2.virtualflybrain.org	VFB_00042342	VFB_00101567	0	1	0.0
2025-02-28	v2.virtualflybrain.org	VFB_00042362	VFB_00101567	0	1	0.0
2025-02-28	v2.virtualflybrain.org	VFB_00042431	VFB_00101567	0	1	0.0
2025-02-28	v2.virtualflybrain.org	VFB_00042522	VFB_00101567	0	1	0.0
2025-02-28	v2.virtualflybrain.org	VFB_00042727	VFB_00101567	0	1	0.0
2025-02-28	v2.virtualflybrain.org	VFB_00042759	VFB_00101567	0	1	0.0
2025-02-28	v2.virtualflybrain.org	VFB_00042771	VFB_00101567	0	1	0.0
2025-02-28	v2.virtualflybrain.org	VFB_00043100	VFB_00101567	0	1	0.0
2025-02-28	v2.virtualflybrain.org	VFB_00043148	VFB_00101567	0	1	0.0
2025-02-28	v2.virtualflybrain.org	VFB_00043170	VFB_00101567	0	1	0.0
2025-02-28	v2.virtualflybrain.org	VFB_00043271	VFB_00101567	1	3	0.0
2025-02-28	v2.virtualflybrain.org	VFB_00043304	VFB_00101567	0	1	0.0
2025-02-28	v2.virtualflybrain.org	VFB_00043382	VFB_00101567	0	1	0.0
2025-02-28	v2.virtualflybrain.org	VFB_00043428	VFB_00101567	0	1	0.0
2025-02-28	v2.virtualflybrain.org	VFB_00043464	VFB_00101567	0	1	0.0
2025-02-28	v2.virtualflybrain.org	VFB_00043671	VFB_00101567	0	1	0.0
2025-02-28	v2.virtualflybrain.org	VFB_00043763	VFB_00101567	0	1	0.0
2025-02-28	v2.virtualflybrain.org	VFB_00043811	VFB_00101567	0	1	0.0
2025-02-28	v2.virtualflybrain.org	VFB_00044072	VFB_00101567	0	1	0.0
2025-02-28	v2.virtualflybrain.org	VFB_00044086	VFB_00101567	0	1	0.0
2025-02-28	v2.virtualflybrain.org	VFB_00044109	VFB_00101567	0	1	0.0
2025-02-28	v2.virtualflybrain.org	VFB_00044157	VFB_00101567	0	1	0.0
2025-02-28	v2.virtualflybrain.org	VFB_00044225	VFB_00101567	0	1	0.0
2025-02-28	v2.virtualflybrain.org	VFB_00044311	VFB_00101567	0	1	0.0
2025-02-28	v2.virtualflybrain.org	VFB_00044333	VFB_00101567	0	1	0.0
2025-02-28	v2.virtualflybrain.org	VFB_00044413	VFB_00101567	0	1	0.0
2025-02-28	v2.virtualflybrain.org	VFB_00044585	VFB_00101567	0	1	0.0
2025-02-28	v2.virtualflybrain.org	VFB_00044774	VFB_00101567	0	1	0.0
2025-02-28	v2.virtualflybrain.org	VFB_00044977	VFB_00101567	0	1	0.0
2025-02-28	v2.virtualflybrain.org	VFB_00045064	VFB_00101567	0	1	0.0
2025-02-28	v2.virtualflybrain.org	VFB_00045322	VFB_00101567	0	1	0.0
2025-02-28	v2.virtualflybrain.org	VFB_00045349	VFB_00101567	0	1	0.0
2025-02-28	v2.virtualflybrain.org	VFB_00045367	VFB_00101567	0	1	0.0
2025-02-28	v2.virtualflybrain.org	VFB_00045486	VFB_00101567	0	1	0.0
2025-02-28	v2.virtualflybrain.org	VFB_00045601	VFB_00101567	0	1	0.0
2025-02-28	v2.virtualflybrain.org	VFB_00045746	VFB_00101567	0	1	0.0
2025-02-28	v2.virtualflybrain.org	VFB_00045806	VFB_00101567	0	1	0.0
2025-02-28	v2.virtualflybrain.org	VFB_00045866	VFB_00101567	0	1	0.0
2025-02-28	v2.virtualflybrain.org	VFB_00045948	VFB_00101567	0	1	0.0
2025-02-28	v2.virtualflybrain.org	VFB_00045982	VFB_00101567	0	1	0.0
2025-02-28	v2.virtualflybrain.org	VFB_00046138	VFB_00101567	0	1	0.0
2025-02-28	v2.virtualflybrain.org	VFB_00046144	VFB_00101567	0	1	0.0
2025-02-28	v2.virtualflybrain.org	VFB_00046325	VFB_00101567	0	1	0.0
2025-02-28	v2.virtualflybrain.org	VFB_00046445	VFB_00101567	0	1	0.0
2025-02-28	v2.virtualflybrain.org	VFB_00046452	VFB_00101567	0	1	0.0
2025-02-28	v2.virtualflybrain.org	VFB_00046476	VFB_00101567	0	1	0.0
2025-02-28	v2.virtualflybrain.org	VFB_00046642	VFB_00101567	0	1	0.0
2025-02-28	v2.virtualflybrain.org	VFB_00046829	VFB_00101567	0	1	0.0
2025-02-28	v2.virtualflybrain.org	VFB_00046882	VFB_00101567	0	1	0.0
2025-02-28	v2.virtualflybrain.org	VFB_00047163	VFB_00101567	0	1	0.0
2025-02-28	v2.virtualflybrain.org	VFB_00047337	VFB_00101567	0	1	0.0
2025-02-28	v2.virtualflybrain.org	VFB_00047405	VFB_00101567	0	1	0.0
2025-02-28	v2.virtualflybrain.org	VFB_00047515	VFB_00101567	0	1	0.0
2025-02-28	v2.virtualflybrain.org	VFB_00047538	VFB_00101567	1	2	0.0
2025-02-28	v2.virtualflybrain.org	VFB_00047653	VFB_00101567	0	1	0.0
2025-02-28	v2.virtualflybrain.org	VFB_00048024	VFB_00101567	0	1	0.0
2025-02-28	v2.virtualflybrain.org	VFB_00048225	VFB_00101567	0	1	0.0
2025-02-28	v2.virtualflybrain.org	VFB_00048243	VFB_00101567	0	1	0.0
2025-02-28	v2.virtualflybrain.org	VFB_00049000	VFB_00049000	2	4	0.0
2025-02-28	v2.virtualflybrain.org	VFB_00050000	VFB_00050000	25	8	3.0
2025-02-28	v2.virtualflybrain.org	VFB_00050274	VFB_00049000	4	1	0.0
2025-02-28	v2.virtualflybrain.org	VFB_00055119	VFB_00049000	14	1	12.0
2025-02-28	v2.virtualflybrain.org	VFB_00063281	VFB_00101567	0	1	21.0
2025-02-28	v2.virtualflybrain.org	VFB_00063341	VFB_00101567	0	1	0.0
2025-02-28	v2.virtualflybrain.org	VFB_00063481	VFB_00101567	0	1	0.0
2025-02-28	v2.virtualflybrain.org	VFB_00064215	VFB_00101567	0	1	0.0
2025-02-28	v2.virtualflybrain.org	VFB_00064283	VFB_00101567	0	1	0.0
2025-02-28	v2.virtualflybrain.org	VFB_00064463	VFB_00101567	0	1	0.0
2025-02-28	v2.virtualflybrain.org	VFB_00065288	VFB_00101567	0	1	0.0
2025-02-28	v2.virtualflybrain.org	VFB_00065344	VFB_00101567	0	1	0.0
2025-02-28	v2.virtualflybrain.org	VFB_00065595	VFB_00101567	0	1	0.0
2025-02-28	v2.virtualflybrain.org	VFB_00065720	VFB_00101567	0	1	0.0
2025-02-28	v2.virtualflybrain.org	VFB_00065991	VFB_00101567	0	1	0.0
2025-02-28	v2.virtualflybrain.org	VFB_00066055	VFB_00101567	0	1	0.0
2025-02-28	v2.virtualflybrain.org	VFB_00066067	VFB_00101567	12	1	0.0
2025-02-28	v2.virtualflybrain.org	VFB_00066137	VFB_00101567	0	1	0.0
2025-02-28	v2.virtualflybrain.org	VFB_00066371	VFB_00101567	0	1	0.0
2025-02-28	v2.virtualflybrain.org	VFB_00066393	VFB_00101567	0	1	0.0
2025-02-28	v2.virtualflybrain.org	VFB_00066708	VFB_00101567	0	1	0.0
2025-02-28	v2.virtualflybrain.org	VFB_00067289	VFB_00101567	0	1	0.0
2025-02-28	v2.virtualflybrain.org	VFB_00067608	VFB_00101567	0	1	0.0
2025-02-28	v2.virtualflybrain.org	VFB_00067967	VFB_00101567	0	1	0.0
2025-02-28	v2.virtualflybrain.org	VFB_00068031	VFB_00101567	0	1	0.0
2025-02-28	v2.virtualflybrain.org	VFB_00068117	VFB_00101567	0	1	0.0
2025-02-28	v2.virtualflybrain.org	VFB_00068330	VFB_00101567	0	1	0.0
2025-02-28	v2.virtualflybrain.org	VFB_00069149	VFB_00100000	1	3	2.0
2025-02-28	v2.virtualflybrain.org	VFB_00069149	VFB_00101567	0	2	80.0
2025-02-28	v2.virtualflybrain.org	VFB_00100089	VFB_00049000	4	3	0.0
2025-02-28	v2.virtualflybrain.org	VFB_00100403	VFB_00050000	2	3	0.0
2025-02-28	v2.virtualflybrain.org	VFB_00100475	VFB_00050000	2	1	0.0
2025-02-28	v2.virtualflybrain.org	VFB_00100484	VFB_00050000	1	1	15.0
2025-02-28	v2.virtualflybrain.org	VFB_00100d2k	VFB_00200000	9	1	0.0
2025-02-28	v2.virtualflybrain.org	VFB_00100y5z	VFB_00101567	1	1	0.0
2025-02-28	v2.virtualflybrain.org	VFB_001012lk	VFB_00101567	0	1	33.0
2025-02-28	v2.virtualflybrain.org	VFB_001012vl	VFB_00101567	0	1	28.0
2025-02-28	v2.virtualflybrain.org	VFB_001013bo	VFB_00101567	12	1	0.0
2025-02-28	v2.virtualflybrain.org	VFB_001013vq	VFB_00101567	0	1	63.0
2025-02-28	v2.virtualflybrain.org	VFB_001014b2	VFB_00101567	23	1	0.0
2025-02-28	v2.virtualflybrain.org	VFB_001014qc	VFB_00101567	0	1	0.0
2025-02-28	v2.virtualflybrain.org	VFB_001014qe	VFB_00101567	0	1	0.0
2025-02-28	v2.virtualflybrain.org	VFB_00101567	VFB_00101567	90	74	211.0
2025-02-28	v2.virtualflybrain.org	VFB_00101y7p	VFB_00101567	2	1	0.0
2025-02-28	v2.virtualflybrain.org	VFB_00102118	VFB_00101567	0	3	79.0
2025-02-28	v2.virtualflybrain.org	VFB_00102123	VFB_00101567	0	1	3.0
2025-02-28	v2.virtualflybrain.org	VFB_00102124	VFB_00101567	16	1	0.0
2025-02-28	v2.virtualflybrain.org	VFB_00102133	VFB_00101567	0	1	3.0
2025-02-28	v2.virtualflybrain.org	VFB_00102134	VFB_00101567	5	1	0.0
2025-02-28	v2.virtualflybrain.org	VFB_00102154	VFB_00101567	0	1	9.0
2025-02-28	v2.virtualflybrain.org	VFB_00102170	VFB_00101567	24	1	0.0
2025-02-28	v2.virtualflybrain.org	VFB_00102274	VFB_00101567	24	1	0.0
2025-02-28	v2.virtualflybrain.org	VFB_00102280	VFB_00101567	0	2	13.0
2025-02-28	v2.virtualflybrain.org	VFB_00104415	VFB_00101567	0	2	84.0
2025-02-28	v2.virtualflybrain.org	VFB_00104415	VFB_00200000	1	3	4.0
2025-02-28	v2.virtualflybrain.org	VFB_00200000	VFB_00200000	0	2	0.0
2025-02-28	v2.virtualflybrain.org	VFB_fw008249	VFB_00101567	25	1	0.0
2025-02-28	v2.virtualflybrain.org	VFB_fw030853	VFB_00101567	4	3	0.0
2025-02-28	v2.virtualflybrain.org	VFB_fw034617	VFB_00101567	24	1	0.0
2025-02-28	v2.virtualflybrain.org	VFB_fw043301	VFB_00101567	24	1	0.0
2025-02-28	v2.virtualflybrain.org	VFB_jrchjtn1	VFB_00101567	5	5	0.0
2025-02-28	v2.virtualflybrain.org	VFB_jrchjtpj	VFB_00101567	7	1	0.0
2025-02-28	v2.virtualflybrain.org	VFB_jrchjts1	VFB_00101567	2	1	0.0
2025-02-28	v2.virtualflybrain.org	VFB_jrchjzmr	VFB_00101567	3	1	9.0
2025-02-28	v2.virtualflybrain.org	VFB_jrchk87f	VFB_00101567	0	1	12.0
2025-02-28	v2.virtualflybrain.org	VFB_jrchk87i	VFB_00101567	0	1	8.0
2025-02-28	v2.virtualflybrain.org	VFB_jrchk87j	VFB_00101567	0	2	68.0
2025-02-28	v2.virtualflybrain.org	VFB_jrchk87k	VFB_00101567	1	1	8.0
2025-02-28	v2.virtualflybrain.org	VFB_jrchk87o	VFB_00101567	0	1	9.0
2025-02-28	v2.virtualflybrain.org	VFB_jrchk87p	VFB_00101567	0	1	9.0
2025-02-28	v2.virtualflybrain.org	VFB_jrchk87q	VFB_00101567	0	1	14.0
2025-02-28	v2.virtualflybrain.org	VFB_jrchk87v	VFB_00101567	0	1	8.0
2025-02-28	v2.virtualflybrain.org	VFB_jrchk87w	VFB_00101567	0	1	14.0
2025-02-28	v2.virtualflybrain.org	VFB_jrchk87x	VFB_00101567	0	1	15.0
2025-02-28	v2.virtualflybrain.org	VFB_jrchk87z	VFB_00101567	0	1	10.0
2025-02-28	v2.virtualflybrain.org	VFB_jrchk883	VFB_00101567	0	1	7.0
2025-02-28	v2.virtualflybrain.org	VFB_jrchk884	VFB_00101567	0	1	9.0
2025-02-28	v2.virtualflybrain.org	VFB_jrchk885	VFB_00101567	0	1	26.0
2025-02-28	v2.virtualflybrain.org	VFB_jrchk886	VFB_00101567	0	1	8.0
2025-02-28	v2.virtualflybrain.org	VFB_jrchk889	VFB_00101567	0	1	16.0
2025-02-28	v2.virtualflybrain.org	VFB_jrchk8dj	VFB_00101567	1	2	9.0
2025-02-28	v2.virtualflybrain.org	VFB_jrcv0an2		1	1	1.0
2025-02-28	v2.virtualflybrain.org	VFB_jrcv0an2	VFB_00200000	1	1	4.0
2025-02-28	v2.virtualflybrain.org	VFBexp_FBtp0063	VFB_00101567	0	1	9.0
2025-02-28	v2.virtualflybrain.org	VFBexp_FBtp0099	VFB_00101567	0	7	86.0
2025-02-28	v2.virtualflybrain.org	VFBexp_FBtp0100	VFB_00101567	0	21	326.0
2025-02-28	v2.virtualflybrain.org	VFBexp_FBtp0101	VFB_00101567	0	23	259.0
2025-02-28	v2.virtualflybrain.org	VFBexp_FBtp0102	VFB_00101567	0	26	659.0
2025-02-28	v2.virtualflybrain.org	VFBexp_FBtp0103	VFB_00101567	0	15	260.0
2025-02-28	v2.virtualflybrain.org	VFBexp_FBtp0104	VFB_00101567	0	19	276.0
2025-02-28	v2.virtualflybrain.org	VFBexp_FBtp0105	VFB_00101567	0	18	395.0
2025-02-28	v2.virtualflybrain.org	VFBexp_FBtp0106	VFB_00101567	0	25	480.0
2025-02-28	v2.virtualflybrain.org	VFBexp_FBtp0107	VFB_00101567	0	10	123.0
2025-02-28	v2.virtualflybrain.org	VFBexp_FBtp0108	VFB_00101567	0	6	96.0
2025-02-28	v2.virtualflybrain.org	VFBexp_FBtp0122		3	3	75.0
2025-02-28	v2.virtualflybrain.org	VFBexp_FBtp0122	VFB_00101567	1	3	103.0
2025-02-28	v2.virtualflybrain.org	VFBexp_FBtp0123		1	1	0.0
2025-02-28	v2.virtualflybrain.org	VFBexp_FBtp0123	VFB_00101567	3	1	4.0
