date	hostName	pagePath	screenPageViews	activeUsers	userEngagementDuration
2024-09-01		/org.geppetto.frontend/geppetto	585	15	457
2024-09-01	bocian-jenkins.virtualflybrain.org	/	1	1	0
2024-09-01	v2-dev.virtualflybrain.org	/org.geppetto.frontend/geppetto	5	1	1
2024-09-01	v2.virtualflybrain.org	/	1	1	0
2024-09-01	v2.virtualflybrain.org	/org.geppetto.frontend/geppetto	130	16	1993
2024-09-01	v2.virtualflybrain.org	/org.geppetto.frontend/org.geppetto.frontend	1	1	0
2024-09-01	virtualflybrain.org	/	2	2	8
2024-09-01	www.virtualflybrain.org	/	9	8	93
2024-09-01	www.virtualflybrain.org	/about/	1	1	14
2024-09-01	www.virtualflybrain.org	/blog/2022/01/01/jrc_r13b07-gal4_mcfo_vnc_20181121_65_c4_40x-vfb_001020w2/	2	1	3
2024-09-01	www.virtualflybrain.org	/blog/2022/01/01/mcfo-images-of-gmr-gal4-lines-from-jenett-et-al.-2012-gen1mcfojenett2012/	1	1	9
2024-09-01	www.virtualflybrain.org	/blog/2024/04/10/transcriptomics-data-available-for-cell-types-on-vfb/	1	1	19
2024-09-01	www.virtualflybrain.org	/blog/2024/08/25/vfb-workshop-bridging-connectomics-and-transcriptomics-at-neurofly-2024/	1	1	19
2024-09-01	www.virtualflybrain.org	/blog/releases/ontologies/bfo/	1	1	2
2024-09-01	www.virtualflybrain.org	/docs/	3	3	18
2024-09-01	www.virtualflybrain.org	/docs/getting-started/	1	1	5
2024-09-01	www.virtualflybrain.org	/docs/getting-started/circuitbrowser/	3	2	57
2024-09-01	www.virtualflybrain.org	/docs/getting-started/overview/	1	1	718
2024-09-01	www.virtualflybrain.org	/docs/tutorials/apis/4_neuprint/	1	1	6
2024-09-01	www.virtualflybrain.org	/docs/tutorials/apis/vfbconnect_neuron_display/	2	2	24
2024-09-01	www.virtualflybrain.org	/search/	1	1	13
2024-09-01	www.virtualflybrain.org	/term/boms6-fbgn0040733/	1	1	5
2024-09-01	www.virtualflybrain.org	/term/haustellum-fbbt_00004541/	1	1	0
2024-09-02		/org.geppetto.frontend/geppetto	1983	30	3086
2024-09-02	129.215.197.147	/	1	1	0
2024-09-02	v2-dev.virtualflybrain.org	/org.geppetto.frontend/geppetto	8	1	107
2024-09-02	v2.virtualflybrain.org	/org.geppetto.frontend/geppetto	232	32	13699
2024-09-02	v2.virtualflybrain.org	/org.geppetto.frontend/org.geppetto.frontend	2	1	0
2024-09-02	vfb-connect.readthedocs.io	/en/stable/	1	1	36
2024-09-02	vfb-connect.readthedocs.io	/en/stable/tutorials/vfb_datasets.html	1	1	0
2024-09-02	virtualflybrain.org	/	4	3	5
2024-09-02	virtualflybrain.org	/docs/	1	1	5
2024-09-02	virtualflybrain.org	/docs/tutorials/apis/solr/	1	1	0
2024-09-02	www.virtualflybrain.org	/	34	25	253
2024-09-02	www.virtualflybrain.org	/about.htm	2	1	5
2024-09-02	www.virtualflybrain.org	/about/	2	2	12
2024-09-02	www.virtualflybrain.org	/about/members/	1	1	61
2024-09-02	www.virtualflybrain.org	/about/whatisvfb/	1	1	77
2024-09-02	www.virtualflybrain.org	/blog/	1	1	3
2024-09-02	www.virtualflybrain.org	/blog/2022/01/01/adult-fruitless-dms6-lineage-clone-fbbt_00111102/	1	1	6
2024-09-02	www.virtualflybrain.org	/blog/2022/03/11/fix-for-problems-with-current-safari-release/	2	1	2
2024-09-02	www.virtualflybrain.org	/blog/2024/04/10/transcriptomics-data-available-for-cell-types-on-vfb/	1	1	3
2024-09-02	www.virtualflybrain.org	/blog/2024/04/30/new-split-gal4-report-pages-on-flybase/	1	1	4
2024-09-02	www.virtualflybrain.org	/blog/2024/07/29/predicted-neurotransmitters-for-em-data-now-available-on-vfb/	1	1	0
2024-09-02	www.virtualflybrain.org	/blog/2024/08/25/guide-to-working-with-images-from-virtual-fly-brain-vfb-using-the-vfbconnect-library/	2	1	5
2024-09-02	www.virtualflybrain.org	/blog/releases/catmaid/fafb/	2	1	6
2024-09-02	www.virtualflybrain.org	/blog/releases/ontologies/so/	1	1	7
2024-09-02	www.virtualflybrain.org	/docs/	9	5	56
2024-09-02	www.virtualflybrain.org	/docs/examples/	1	1	5
2024-09-02	www.virtualflybrain.org	/docs/getting-started/	2	2	28
2024-09-02	www.virtualflybrain.org	/docs/getting-started/3dviewer/	1	1	9
2024-09-02	www.virtualflybrain.org	/docs/getting-started/circuitbrowser/	1	1	5
2024-09-02	www.virtualflybrain.org	/docs/tutorials/	2	1	5
2024-09-02	www.virtualflybrain.org	/docs/tutorials/apis/	1	1	10
2024-09-02	www.virtualflybrain.org	/docs/tutorials/apis/connectome/	1	1	4
2024-09-02	www.virtualflybrain.org	/docs/tutorials/apis/connectome/2_mapping/	1	1	31
2024-09-02	www.virtualflybrain.org	/docs/tutorials/apis/connectome/tools/	1	1	6
2024-09-02	www.virtualflybrain.org	/search/	1	1	3
2024-09-02	www.virtualflybrain.org	/tags/3d/	1	1	0
2024-09-02	www.virtualflybrain.org	/tags/clone/	2	1	5
2024-09-02	www.virtualflybrain.org	/term/adult-lateral-horn-pv2d1-neuron-fbbt_00049382/	1	0	0
2024-09-02	www.virtualflybrain.org	/term/adult-olfactory-receptor-neuron-ir76a-fbbt_00110018/	1	1	0
2024-09-02	www.virtualflybrain.org	/term/asrnacr43957-fbgn0264617/	1	1	9
2024-09-02	www.virtualflybrain.org	/term/disruptive_inframe_insertion-so_0001824/	1	1	0
2024-09-02	www.virtualflybrain.org	/term/downstream-downstream-a00c-left-l1em19395500-vfb_00102fl9/	1	1	33
2024-09-02	www.virtualflybrain.org	/term/pvt045150-gal4.dbd-pr44a07-p65.ad-expression-pattern-vfbexp_fbtp0124536fbtp0118751/	0	1	0
2024-09-02	zip.virtualflybrain.org	/	1	1	0
2024-09-03		/org.geppetto.frontend/geppetto	1167	32	866
2024-09-03	129.215.197.120	/	1	1	0
2024-09-03	129.215.197.143	/	0	1	3
2024-09-03	981gwa2l.virtualflybrain.org	/	0	1	4
2024-09-03	blog.virtualflybrain.org	/en/blog/releases/ontologies/so/so_0001826_v6/	1	1	0
2024-09-03	bocian-jenkins.virtualflybrain.org	/	1	1	0
2024-09-03	buttermilk.inf.ed.ac.uk	/	2	2	0
2024-09-03	dill.inf.ed.ac.uk	/	2	3	4
2024-09-03	flybrain.inf.ed.ac.uk	/	2	2	0
2024-09-03	groups.google.com	/g/vfb-suport	1	1	6
2024-09-03	meet.virtualflybrain.org	/	1	1	0
2024-09-03	raw.larval.flylight.virtualflybrain.org	/	1	1	14
2024-09-03	raw.larval.flylight.virtualflybrain.org	/explore	1	1	0
2024-09-03	v2-dev.virtualflybrain.org	/org.geppetto.frontend/geppetto	19	1	45
2024-09-03	v2.virtualflybrain.org	/org.geppetto.frontend/geppetto	221	34	9798
2024-09-03	v2.virtualflybrain.org	/org.geppetto.frontend/geppetto/[VFB_00050000,VFB_00100036]	1	1	0
2024-09-03	v2.virtualflybrain.org	/org.geppetto.frontend/geppetto/geppetto/build/static/geppetto/build/static/geppetto/build/static/geppetto/build/static/geppetto/build/static/geppetto/build/static/geppetto/build/static/geppetto/build/static/geppetto/build/static/geppetto/build/static/geppetto/build/static/geppetto/build/static/geppetto/build/static/geppetto/build/static/geppetto/build/static/geppetto/build/static/geppetto/build/static/geppetto/build/static/geppetto/build/static/geppetto/build/static/geppetto/build/static/geppetto/build/static/geppetto/build/static/geppetto/build/static/geppetto/build/static/geppetto/build/static/geppetto/build/static/geppetto/build/static/geppetto/build/static/geppetto/build/static/geppetto/build/static/geppetto/build/static/geppetto/build/static/geppetto/build/static/geppetto/build/static/geppetto/build/static/geppetto/build/static/geppetto/build/static/geppetto/build/static/geppetto/build/static/geppetto/build/static/geppetto/build/static/geppetto/build	94	1	0
2024-09-03	v2.virtualflybrain.org	/org.geppetto.frontend/geppetto/geppetto/build/static/geppetto/build/static/geppetto/build/static/geppetto/build/static/geppetto/build/static/geppetto/build/static/geppetto/build/static/geppetto/build/static/geppetto/build/static/geppetto/build/static/geppetto/build/static/geppetto/build/static/geppetto/build/static/geppetto/build/static/geppetto/build/static/geppetto/build/static/geppetto/build/static/geppetto/build/static/geppetto/build/static/geppetto/build/static/geppetto/build/static/geppetto/build/static/geppetto/build/static/geppetto/build/static/geppetto/build/static/geppetto/build/static/geppetto/build/static/geppetto/build/static/geppetto/build/static/geppetto/build/static/geppetto/build/static/geppetto/build/static/geppetto/build/static/geppetto/build/static/geppetto/build/static/geppetto/build/static/geppetto/build/static/geppetto/build/static/geppetto/build/static/geppetto/build/static/geppetto/build/static/geppetto/build/static/splash.gif	1	1	0
2024-09-03	v2.virtualflybrain.org	/org.geppetto.frontend/geppetto/geppetto/build/static/geppetto/build/static/geppetto/build/static/geppetto/build/static/geppetto/build/static/geppetto/build/static/geppetto/build/static/geppetto/build/static/geppetto/build/static/geppetto/build/static/geppetto/build/static/geppetto/build/static/geppetto/build/static/geppetto/build/static/geppetto/build/static/geppetto/build/static/geppetto/build/static/geppetto/build/static/geppetto/build/static/geppetto/build/static/geppetto/build/static/geppetto/build/static/geppetto/build/static/geppetto/build/static/geppetto/build/static/geppetto/build/static/geppetto/build/static/geppetto/build/static/geppetto/build/static/geppetto/build/static/geppetto/build/static/geppetto/build/static/geppetto/build/static/geppetto/build/static/geppetto/build/static/geppetto/build/static/geppetto/build/static/geppetto/build/static/geppetto/build/static/geppetto/build/static/geppetto/build/static/splash.gif	1	1	0
2024-09-03	v2.virtualflybrain.org	/org.geppetto.frontend/geppetto/geppetto/build/static/geppetto/build/static/geppetto/build/static/geppetto/build/static/geppetto/build/static/geppetto/build/static/geppetto/build/static/geppetto/build/static/geppetto/build/static/geppetto/build/static/geppetto/build/static/geppetto/build/static/geppetto/build/static/geppetto/build/static/geppetto/build/static/geppetto/build/static/geppetto/build/static/geppetto/build/static/geppetto/build/static/geppetto/build/static/geppetto/build/static/geppetto/build/static/geppetto/build/static/geppetto/build/static/geppetto/build/static/geppetto/build/static/geppetto/build/static/geppetto/build/static/geppetto/build/static/geppetto/build/static/geppetto/build/static/geppetto/build/static/geppetto/build/static/geppetto/build/static/geppetto/build/static/geppetto/build/static/geppetto/build/static/geppetto/build/static/geppetto/build/static/geppetto/build/static/splash.gif	1	1	0
2024-09-03	v2.virtualflybrain.org	/org.geppetto.frontend/geppetto/geppetto/build/static/geppetto/build/static/geppetto/build/static/geppetto/build/static/geppetto/build/static/geppetto/build/static/geppetto/build/static/geppetto/build/static/geppetto/build/static/geppetto/build/static/geppetto/build/static/geppetto/build/static/geppetto/build/static/geppetto/build/static/geppetto/build/static/geppetto/build/static/geppetto/build/static/geppetto/build/static/geppetto/build/static/geppetto/build/static/geppetto/build/static/geppetto/build/static/geppetto/build/static/geppetto/build/static/geppetto/build/static/geppetto/build/static/geppetto/build/static/geppetto/build/static/geppetto/build/static/geppetto/build/static/geppetto/build/static/geppetto/build/static/geppetto/build/static/geppetto/build/static/geppetto/build/static/geppetto/build/static/geppetto/build/static/geppetto/build/static/geppetto/build/static/splash.gif	1	1	0
2024-09-03	v2.virtualflybrain.org	/org.geppetto.frontend/geppetto/geppetto/build/static/geppetto/build/static/geppetto/build/static/geppetto/build/static/geppetto/build/static/geppetto/build/static/geppetto/build/static/geppetto/build/static/geppetto/build/static/geppetto/build/static/geppetto/build/static/geppetto/build/static/geppetto/build/static/geppetto/build/static/geppetto/build/static/geppetto/build/static/geppetto/build/static/geppetto/build/static/geppetto/build/static/geppetto/build/static/geppetto/build/static/geppetto/build/static/geppetto/build/static/geppetto/build/static/geppetto/build/static/geppetto/build/static/geppetto/build/static/geppetto/build/static/geppetto/build/static/geppetto/build/static/geppetto/build/static/geppetto/build/static/geppetto/build/static/geppetto/build/static/geppetto/build/static/geppetto/build/static/geppetto/build/static/geppetto/build/static/splash.gif	1	1	0
2024-09-03	v2.virtualflybrain.org	/org.geppetto.frontend/geppetto/geppetto/build/static/geppetto/build/static/geppetto/build/static/geppetto/build/static/geppetto/build/static/geppetto/build/static/geppetto/build/static/geppetto/build/static/geppetto/build/static/geppetto/build/static/geppetto/build/static/geppetto/build/static/geppetto/build/static/geppetto/build/static/geppetto/build/static/geppetto/build/static/geppetto/build/static/geppetto/build/static/geppetto/build/static/geppetto/build/static/geppetto/build/static/geppetto/build/static/geppetto/build/static/geppetto/build/static/geppetto/build/static/geppetto/build/static/geppetto/build/static/geppetto/build/static/geppetto/build/static/geppetto/build/static/geppetto/build/static/geppetto/build/static/geppetto/build/static/geppetto/build/static/geppetto/build/static/geppetto/build/static/geppetto/build/static/splash.gif	1	1	0
2024-09-03	v2.virtualflybrain.org	/org.geppetto.frontend/geppetto/geppetto/build/static/geppetto/build/static/geppetto/build/static/geppetto/build/static/geppetto/build/static/geppetto/build/static/geppetto/build/static/geppetto/build/static/geppetto/build/static/geppetto/build/static/geppetto/build/static/geppetto/build/static/geppetto/build/static/geppetto/build/static/geppetto/build/static/geppetto/build/static/geppetto/build/static/geppetto/build/static/geppetto/build/static/geppetto/build/static/geppetto/build/static/geppetto/build/static/geppetto/build/static/geppetto/build/static/geppetto/build/static/geppetto/build/static/geppetto/build/static/geppetto/build/static/geppetto/build/static/geppetto/build/static/geppetto/build/static/geppetto/build/static/geppetto/build/static/geppetto/build/static/geppetto/build/static/geppetto/build/static/splash.gif	1	1	0
2024-09-03	v2.virtualflybrain.org	/org.geppetto.frontend/geppetto/geppetto/build/static/geppetto/build/static/geppetto/build/static/geppetto/build/static/geppetto/build/static/geppetto/build/static/geppetto/build/static/geppetto/build/static/geppetto/build/static/geppetto/build/static/geppetto/build/static/geppetto/build/static/geppetto/build/static/geppetto/build/static/geppetto/build/static/geppetto/build/static/geppetto/build/static/geppetto/build/static/geppetto/build/static/geppetto/build/static/geppetto/build/static/geppetto/build/static/geppetto/build/static/geppetto/build/static/geppetto/build/static/geppetto/build/static/geppetto/build/static/geppetto/build/static/geppetto/build/static/geppetto/build/static/geppetto/build/static/geppetto/build/static/geppetto/build/static/geppetto/build/static/geppetto/build/static/splash.gif	1	1	0
2024-09-03	v2.virtualflybrain.org	/org.geppetto.frontend/geppetto/geppetto/build/static/geppetto/build/static/geppetto/build/static/geppetto/build/static/geppetto/build/static/geppetto/build/static/geppetto/build/static/geppetto/build/static/geppetto/build/static/geppetto/build/static/geppetto/build/static/geppetto/build/static/geppetto/build/static/geppetto/build/static/geppetto/build/static/geppetto/build/static/geppetto/build/static/geppetto/build/static/geppetto/build/static/geppetto/build/static/geppetto/build/static/geppetto/build/static/geppetto/build/static/geppetto/build/static/geppetto/build/static/geppetto/build/static/geppetto/build/static/geppetto/build/static/geppetto/build/static/geppetto/build/static/geppetto/build/static/geppetto/build/static/geppetto/build/static/geppetto/build/static/splash.gif	1	1	0
2024-09-03	v2.virtualflybrain.org	/org.geppetto.frontend/geppetto/geppetto/build/static/geppetto/build/static/geppetto/build/static/geppetto/build/static/geppetto/build/static/geppetto/build/static/geppetto/build/static/geppetto/build/static/geppetto/build/static/geppetto/build/static/geppetto/build/static/geppetto/build/static/geppetto/build/static/geppetto/build/static/geppetto/build/static/geppetto/build/static/geppetto/build/static/geppetto/build/static/geppetto/build/static/geppetto/build/static/geppetto/build/static/geppetto/build/static/geppetto/build/static/geppetto/build/static/geppetto/build/static/geppetto/build/static/geppetto/build/static/geppetto/build/static/geppetto/build/static/geppetto/build/static/geppetto/build/static/geppetto/build/static/geppetto/build/static/splash.gif	1	1	0
2024-09-03	v2.virtualflybrain.org	/org.geppetto.frontend/geppetto/geppetto/build/static/geppetto/build/static/geppetto/build/static/geppetto/build/static/geppetto/build/static/geppetto/build/static/geppetto/build/static/geppetto/build/static/geppetto/build/static/geppetto/build/static/geppetto/build/static/geppetto/build/static/geppetto/build/static/geppetto/build/static/geppetto/build/static/geppetto/build/static/geppetto/build/static/geppetto/build/static/geppetto/build/static/geppetto/build/static/geppetto/build/static/geppetto/build/static/geppetto/build/static/geppetto/build/static/geppetto/build/static/geppetto/build/static/geppetto/build/static/geppetto/build/static/geppetto/build/static/geppetto/build/static/geppetto/build/static/geppetto/build/static/splash.gif	1	1	0
2024-09-03	v2.virtualflybrain.org	/org.geppetto.frontend/geppetto/geppetto/build/static/geppetto/build/static/geppetto/build/static/geppetto/build/static/geppetto/build/static/geppetto/build/static/geppetto/build/static/geppetto/build/static/geppetto/build/static/geppetto/build/static/geppetto/build/static/geppetto/build/static/geppetto/build/static/geppetto/build/static/geppetto/build/static/geppetto/build/static/geppetto/build/static/geppetto/build/static/geppetto/build/static/geppetto/build/static/geppetto/build/static/geppetto/build/static/geppetto/build/static/geppetto/build/static/geppetto/build/static/geppetto/build/static/geppetto/build/static/geppetto/build/static/geppetto/build/static/geppetto/build/static/geppetto/build/static/splash.gif	1	1	0
2024-09-03	v2.virtualflybrain.org	/org.geppetto.frontend/geppetto/geppetto/build/static/geppetto/build/static/geppetto/build/static/geppetto/build/static/geppetto/build/static/geppetto/build/static/geppetto/build/static/geppetto/build/static/geppetto/build/static/geppetto/build/static/geppetto/build/static/geppetto/build/static/geppetto/build/static/geppetto/build/static/geppetto/build/static/geppetto/build/static/geppetto/build/static/geppetto/build/static/geppetto/build/static/geppetto/build/static/geppetto/build/static/geppetto/build/static/geppetto/build/static/geppetto/build/static/geppetto/build/static/geppetto/build/static/geppetto/build/static/geppetto/build/static/geppetto/build/static/geppetto/build/static/splash.gif	1	1	0
2024-09-03	v2.virtualflybrain.org	/org.geppetto.frontend/geppetto/geppetto/build/static/geppetto/build/static/geppetto/build/static/geppetto/build/static/geppetto/build/static/geppetto/build/static/geppetto/build/static/geppetto/build/static/geppetto/build/static/geppetto/build/static/geppetto/build/static/geppetto/build/static/geppetto/build/static/geppetto/build/static/geppetto/build/static/geppetto/build/static/geppetto/build/static/geppetto/build/static/geppetto/build/static/geppetto/build/static/geppetto/build/static/geppetto/build/static/geppetto/build/static/geppetto/build/static/geppetto/build/static/geppetto/build/static/geppetto/build/static/geppetto/build/static/geppetto/build/static/splash.gif	1	1	0
2024-09-03	v2.virtualflybrain.org	/org.geppetto.frontend/geppetto/geppetto/build/static/geppetto/build/static/geppetto/build/static/geppetto/build/static/geppetto/build/static/geppetto/build/static/geppetto/build/static/geppetto/build/static/geppetto/build/static/geppetto/build/static/geppetto/build/static/geppetto/build/static/geppetto/build/static/geppetto/build/static/geppetto/build/static/geppetto/build/static/geppetto/build/static/geppetto/build/static/geppetto/build/static/geppetto/build/static/geppetto/build/static/geppetto/build/static/geppetto/build/static/geppetto/build/static/geppetto/build/static/geppetto/build/static/geppetto/build/static/geppetto/build/static/splash.gif	1	1	0
2024-09-03	v2.virtualflybrain.org	/org.geppetto.frontend/geppetto/geppetto/build/static/geppetto/build/static/geppetto/build/static/geppetto/build/static/geppetto/build/static/geppetto/build/static/geppetto/build/static/geppetto/build/static/geppetto/build/static/geppetto/build/static/geppetto/build/static/geppetto/build/static/geppetto/build/static/geppetto/build/static/geppetto/build/static/geppetto/build/static/geppetto/build/static/geppetto/build/static/geppetto/build/static/geppetto/build/static/geppetto/build/static/geppetto/build/static/geppetto/build/static/geppetto/build/static/geppetto/build/static/geppetto/build/static/geppetto/build/static/splash.gif	1	1	0
2024-09-03	v2.virtualflybrain.org	/org.geppetto.frontend/geppetto/geppetto/build/static/geppetto/build/static/geppetto/build/static/geppetto/build/static/geppetto/build/static/geppetto/build/static/geppetto/build/static/geppetto/build/static/geppetto/build/static/geppetto/build/static/geppetto/build/static/geppetto/build/static/geppetto/build/static/geppetto/build/static/geppetto/build/static/geppetto/build/static/geppetto/build/static/geppetto/build/static/geppetto/build/static/geppetto/build/static/geppetto/build/static/geppetto/build/static/geppetto/build/static/geppetto/build/static/geppetto/build/static/geppetto/build/static/splash.gif	1	1	0
2024-09-03	v2.virtualflybrain.org	/org.geppetto.frontend/geppetto/geppetto/build/static/geppetto/build/static/geppetto/build/static/geppetto/build/static/geppetto/build/static/geppetto/build/static/geppetto/build/static/geppetto/build/static/geppetto/build/static/geppetto/build/static/geppetto/build/static/geppetto/build/static/geppetto/build/static/geppetto/build/static/geppetto/build/static/geppetto/build/static/geppetto/build/static/geppetto/build/static/geppetto/build/static/geppetto/build/static/geppetto/build/static/geppetto/build/static/geppetto/build/static/geppetto/build/static/geppetto/build/static/splash.gif	1	1	0
2024-09-03	v2.virtualflybrain.org	/org.geppetto.frontend/geppetto/geppetto/build/static/geppetto/build/static/geppetto/build/static/geppetto/build/static/geppetto/build/static/geppetto/build/static/geppetto/build/static/geppetto/build/static/geppetto/build/static/geppetto/build/static/geppetto/build/static/geppetto/build/static/geppetto/build/static/geppetto/build/static/geppetto/build/static/geppetto/build/static/geppetto/build/static/geppetto/build/static/geppetto/build/static/geppetto/build/static/geppetto/build/static/geppetto/build/static/geppetto/build/static/geppetto/build/static/splash.gif	1	1	0
2024-09-03	v2.virtualflybrain.org	/org.geppetto.frontend/geppetto/geppetto/build/static/geppetto/build/static/geppetto/build/static/geppetto/build/static/geppetto/build/static/geppetto/build/static/geppetto/build/static/geppetto/build/static/geppetto/build/static/geppetto/build/static/geppetto/build/static/geppetto/build/static/geppetto/build/static/geppetto/build/static/geppetto/build/static/geppetto/build/static/geppetto/build/static/geppetto/build/static/geppetto/build/static/geppetto/build/static/geppetto/build/static/geppetto/build/static/geppetto/build/static/splash.gif	1	1	0
2024-09-03	v2.virtualflybrain.org	/org.geppetto.frontend/geppetto/geppetto/build/static/geppetto/build/static/geppetto/build/static/geppetto/build/static/geppetto/build/static/geppetto/build/static/geppetto/build/static/geppetto/build/static/geppetto/build/static/geppetto/build/static/geppetto/build/static/geppetto/build/static/geppetto/build/static/geppetto/build/static/geppetto/build/static/geppetto/build/static/geppetto/build/static/geppetto/build/static/geppetto/build/static/geppetto/build/static/geppetto/build/static/geppetto/build/static/splash.gif	1	1	0
2024-09-03	v2.virtualflybrain.org	/org.geppetto.frontend/geppetto/geppetto/build/static/geppetto/build/static/geppetto/build/static/geppetto/build/static/geppetto/build/static/geppetto/build/static/geppetto/build/static/geppetto/build/static/geppetto/build/static/geppetto/build/static/geppetto/build/static/geppetto/build/static/geppetto/build/static/geppetto/build/static/geppetto/build/static/geppetto/build/static/geppetto/build/static/geppetto/build/static/geppetto/build/static/geppetto/build/static/geppetto/build/static/splash.gif	1	1	0
2024-09-03	v2.virtualflybrain.org	/org.geppetto.frontend/geppetto/geppetto/build/static/geppetto/build/static/geppetto/build/static/geppetto/build/static/geppetto/build/static/geppetto/build/static/geppetto/build/static/geppetto/build/static/geppetto/build/static/geppetto/build/static/geppetto/build/static/geppetto/build/static/geppetto/build/static/geppetto/build/static/geppetto/build/static/geppetto/build/static/geppetto/build/static/geppetto/build/static/geppetto/build/static/geppetto/build/static/splash.gif	1	1	0
2024-09-03	v2.virtualflybrain.org	/org.geppetto.frontend/geppetto/geppetto/build/static/geppetto/build/static/geppetto/build/static/geppetto/build/static/geppetto/build/static/geppetto/build/static/geppetto/build/static/geppetto/build/static/geppetto/build/static/geppetto/build/static/geppetto/build/static/geppetto/build/static/geppetto/build/static/geppetto/build/static/geppetto/build/static/geppetto/build/static/geppetto/build/static/geppetto/build/static/geppetto/build/static/splash.gif	1	1	0
2024-09-03	v2.virtualflybrain.org	/org.geppetto.frontend/geppetto/geppetto/build/static/geppetto/build/static/geppetto/build/static/geppetto/build/static/geppetto/build/static/geppetto/build/static/geppetto/build/static/geppetto/build/static/geppetto/build/static/geppetto/build/static/geppetto/build/static/geppetto/build/static/geppetto/build/static/geppetto/build/static/geppetto/build/static/geppetto/build/static/geppetto/build/static/geppetto/build/static/splash.gif	1	1	0
2024-09-03	v2.virtualflybrain.org	/org.geppetto.frontend/geppetto/geppetto/build/static/geppetto/build/static/geppetto/build/static/geppetto/build/static/geppetto/build/static/geppetto/build/static/geppetto/build/static/geppetto/build/static/geppetto/build/static/geppetto/build/static/geppetto/build/static/geppetto/build/static/geppetto/build/static/geppetto/build/static/geppetto/build/static/geppetto/build/static/geppetto/build/static/splash.gif	1	1	0
2024-09-03	v2.virtualflybrain.org	/org.geppetto.frontend/geppetto/geppetto/build/static/geppetto/build/static/geppetto/build/static/geppetto/build/static/geppetto/build/static/geppetto/build/static/geppetto/build/static/geppetto/build/static/geppetto/build/static/geppetto/build/static/geppetto/build/static/geppetto/build/static/geppetto/build/static/geppetto/build/static/geppetto/build/static/geppetto/build/static/splash.gif	1	1	0
2024-09-03	v2.virtualflybrain.org	/org.geppetto.frontend/geppetto/geppetto/build/static/geppetto/build/static/geppetto/build/static/geppetto/build/static/geppetto/build/static/geppetto/build/static/geppetto/build/static/geppetto/build/static/geppetto/build/static/geppetto/build/static/geppetto/build/static/geppetto/build/static/geppetto/build/static/geppetto/build/static/geppetto/build/static/splash.gif	1	1	0
2024-09-03	v2.virtualflybrain.org	/org.geppetto.frontend/geppetto/geppetto/build/static/geppetto/build/static/geppetto/build/static/geppetto/build/static/geppetto/build/static/geppetto/build/static/geppetto/build/static/geppetto/build/static/geppetto/build/static/geppetto/build/static/geppetto/build/static/geppetto/build/static/geppetto/build/static/geppetto/build/static/splash.gif	1	1	0
2024-09-03	v2.virtualflybrain.org	/org.geppetto.frontend/geppetto/geppetto/build/static/geppetto/build/static/geppetto/build/static/geppetto/build/static/geppetto/build/static/geppetto/build/static/geppetto/build/static/geppetto/build/static/geppetto/build/static/geppetto/build/static/geppetto/build/static/geppetto/build/static/geppetto/build/static/splash.gif	1	1	0
2024-09-03	v2.virtualflybrain.org	/org.geppetto.frontend/geppetto/geppetto/build/static/geppetto/build/static/geppetto/build/static/geppetto/build/static/geppetto/build/static/geppetto/build/static/geppetto/build/static/geppetto/build/static/geppetto/build/static/geppetto/build/static/geppetto/build/static/geppetto/build/static/splash.gif	1	1	0
2024-09-03	v2.virtualflybrain.org	/org.geppetto.frontend/geppetto/geppetto/build/static/geppetto/build/static/geppetto/build/static/geppetto/build/static/geppetto/build/static/geppetto/build/static/geppetto/build/static/geppetto/build/static/geppetto/build/static/geppetto/build/static/geppetto/build/static/splash.gif	1	1	0
2024-09-03	v2.virtualflybrain.org	/org.geppetto.frontend/geppetto/geppetto/build/static/geppetto/build/static/geppetto/build/static/geppetto/build/static/geppetto/build/static/geppetto/build/static/geppetto/build/static/geppetto/build/static/geppetto/build/static/geppetto/build/static/splash.gif	1	1	0
2024-09-03	v2.virtualflybrain.org	/org.geppetto.frontend/geppetto/geppetto/build/static/geppetto/build/static/geppetto/build/static/geppetto/build/static/geppetto/build/static/geppetto/build/static/geppetto/build/static/geppetto/build/static/geppetto/build/static/splash.gif	1	1	0
2024-09-03	v2.virtualflybrain.org	/org.geppetto.frontend/geppetto/geppetto/build/static/geppetto/build/static/geppetto/build/static/geppetto/build/static/geppetto/build/static/geppetto/build/static/geppetto/build/static/geppetto/build/static/splash.gif	1	1	0
2024-09-03	v2.virtualflybrain.org	/org.geppetto.frontend/geppetto/geppetto/build/static/geppetto/build/static/geppetto/build/static/geppetto/build/static/geppetto/build/static/geppetto/build/static/geppetto/build/static/splash.gif	1	1	0
2024-09-03	v2.virtualflybrain.org	/org.geppetto.frontend/geppetto/geppetto/build/static/geppetto/build/static/geppetto/build/static/geppetto/build/static/geppetto/build/static/geppetto/build/static/splash.gif	1	1	0
2024-09-03	v2.virtualflybrain.org	/org.geppetto.frontend/geppetto/geppetto/build/static/geppetto/build/static/geppetto/build/static/geppetto/build/static/geppetto/build/static/splash.gif	1	1	0
2024-09-03	v2.virtualflybrain.org	/org.geppetto.frontend/geppetto/geppetto/build/static/geppetto/build/static/geppetto/build/static/geppetto/build/static/splash.gif	1	1	0
2024-09-03	v2.virtualflybrain.org	/org.geppetto.frontend/geppetto/geppetto/build/static/geppetto/build/static/geppetto/build/static/splash.gif	1	1	0
2024-09-03	v2.virtualflybrain.org	/org.geppetto.frontend/geppetto/geppetto/build/static/geppetto/build/static/splash.gif	1	1	0
2024-09-03	v2.virtualflybrain.org	/org.geppetto.frontend/geppetto/geppetto/build/static/splash.gif	1	1	0
2024-09-03	vfb-connect.readthedocs.io	/en/v2.1.23/tutorials/connectomics.html	1	1	0
2024-09-03	virtualflybrain.github.io	/404.html	3	1	0
2024-09-03	virtualflybrain.github.io	/Hello-World/	1	1	0
2024-09-03	virtualflybrain.org	/	8	6	64
2024-09-03	virtualflybrain.org	/about/	1	1	12
2024-09-03	virtualflybrain.org	/about/contributors/	1	1	13
2024-09-03	virtualflybrain.org	/about/publications/	1	1	0
2024-09-03	virtualflybrain.org	/docs/tutorials/apis/solr/	0	1	0
2024-09-03	www.virtualflybrain.org	/	22	14	100
2024-09-03	www.virtualflybrain.org	/about/	1	1	10
2024-09-03	www.virtualflybrain.org	/blog/2022/01/01/cm4-contralateral-2-left-l1em17306107-vfb_00102fd9/	1	1	0
2024-09-03	www.virtualflybrain.org	/blog/2022/01/01/ctcf_binding_site-so_0001974/	1	1	12
2024-09-03	www.virtualflybrain.org	/blog/releases/catmaid/	1	1	0
2024-09-03	www.virtualflybrain.org	/docs/	3	3	11
2024-09-03	www.virtualflybrain.org	/docs/concepts/templates/	1	1	17
2024-09-03	www.virtualflybrain.org	/docs/getting-started/	1	1	7
2024-09-03	www.virtualflybrain.org	/docs/getting-started/3dviewer/	1	1	5
2024-09-03	www.virtualflybrain.org	/docs/getting-started/bulkdownloads/	1	1	0
2024-09-03	www.virtualflybrain.org	/docs/getting-started/overview/	1	1	18
2024-09-03	www.virtualflybrain.org	/docs/overview/	0	1	0
2024-09-03	www.virtualflybrain.org	/docs/tutorials/apis/4_nblast/	2	1	85
2024-09-03	www.virtualflybrain.org	/site/vfb_site/ home.htm	1	1	310
2024-09-03	www.virtualflybrain.org	/term/5_prime_utr_premature_start_codon_gain_variant-so_0001988/	1	1	8
2024-09-03	www.virtualflybrain.org	/term/adult-lateral-horn-av6c1-neuron-fbbt_00049366/	1	1	35
2024-09-03	www.virtualflybrain.org	/term/cg13607-fbgn0039151/	1	1	4
2024-09-03	www.virtualflybrain.org	/term/haustellum-fbbt_00004541/	1	1	2
2024-09-03	www.virtualflybrain.org	/term/missense_variant-so_0001583/	2	1	58
2024-09-03	www.virtualflybrain.org	/term/pgawbgh298-fbti0016782/	1	1	2
2024-09-03	www.virtualflybrain.org	/term/pgmr19f06-gal4-expression-pattern-vfbexp_fbtp0058167/	1	1	20
2024-09-03	www.virtualflybrain.org	/term/ple-fbgn0005626/	1	1	2
2024-09-03	www.virtualflybrain.org	/term/pr22e04-gal4.dbd-pr30g08-p65.ad-expression-pattern-vfbexp_fbtp0099467fbtp0099540/	1	1	0
2024-09-03	www.virtualflybrain.org	/term/psns-gal4.gcn-expression-pattern-vfbexp_fbtp0041385/	1	1	9
2024-09-04		/org.geppetto.frontend/geppetto	1713	38	911
2024-09-04	129.215.197.120	/	1	1	0
2024-09-04	1cc83c60-b6eb-40ab-98f9-335051d14392.virtualflybrain.org	/	0	1	3
2024-09-04	414d3b6c-94ad-4a89-ba7c-6859f9281189.virtualflybrain.org	/	0	1	4
2024-09-04	59e19f34-091b-4400-8a84-64425985b5bb.virtualflybrain.org	/	0	1	4
2024-09-04	981gwa2l.virtualflybrain.org	/	1	1	0
2024-09-04	api.virtualflybrain.org	/	1	1	0
2024-09-04	blog.virtualflybrain.org	/	1	1	0
2024-09-04	bocian-jenkins.virtualflybrain.org	/	1	1	0
2024-09-04	catmaid-fafb.virtualflybrain.org	/	1	1	0
2024-09-04	d60b501f-effa-4d87-ad0c-b24c76719096.virtualflybrain.org	/	0	1	3
2024-09-04	eaf39207-4174-48e6-8b3f-145a4f5bc65f.virtualflybrain.org	/	0	1	3
2024-09-04	f111e865-e3b4-4ed6-8a64-8b8eeb3e2f1b.virtualflybrain.org	/	0	1	2
2024-09-04	geppetto-dev.virtualflybrain.org	/	1	1	0
2024-09-04	grafana.virtualflybrain.org	/	0	1	3
2024-09-04	jenkins.virtualflybrain.org	/	1	2	6
2024-09-04	jupyterhub.virtualflybrain.org	/	1	1	6
2024-09-04	karenin-jenkins.virtualflybrain.org	/	1	1	0
2024-09-04	larval-app1.virtualflybrain.org	/	1	1	0
2024-09-04	larval.virtualflybrain.org	/	1	1	0
2024-09-04	meet.virtualflybrain.org	/	2	2	0
2024-09-04	natverse.virtualflybrain.org	/	1	1	0
2024-09-04	natverse2.virtualflybrain.org	/	1	1	0
2024-09-04	natverse3.virtualflybrain.org	/	1	1	0
2024-09-04	natverse4.virtualflybrain.org	/	1	1	0
2024-09-04	natverse5.virtualflybrain.org	/	1	1	0
2024-09-04	nblast.virtualflybrain.org	/	0	1	2
2024-09-04	p2.virtualflybrain.org	/	1	1	0
2024-09-04	pdb.p2.virtualflybrain.org	/	1	2	5
2024-09-04	pdb.u3.virtualflybrain.org	/	1	1	0
2024-09-04	pgadmin.virtualflybrain.org	/	1	1	0
2024-09-04	r.virtualflybrain.org	/	1	1	0
2024-09-04	sb2.virtualflybrain.org	/	1	1	0
2024-09-04	solr.p2.virtualflybrain.org	/	1	1	0
2024-09-04	solr.virtualflybrain.org	/	1	1	0
2024-09-04	ubuntu.virtualflybrain.org	/	1	1	0
2024-09-04	v2-alpha.virtualflybrain.org	/org.geppetto.frontend/geppetto	1	1	6
2024-09-04	v2-dev.virtualflybrain.org	/org.geppetto.frontend/geppetto	6	4	98
2024-09-04	v2-dev2.virtualflybrain.org	/	1	1	0
2024-09-04	v2-preview.virtualflybrain.org	/	1	1	0
2024-09-04	v2.virtualflybrain.org	/	2	2	4
2024-09-04	v2.virtualflybrain.org	/org.geppetto.frontend/geppetto	260	39	4412
2024-09-04	v2a.virtualflybrain.org	/	1	1	16
2024-09-04	v2a.virtualflybrain.org	/org.geppetto.frontend/geppetto	7	4	547
2024-09-04	vfb-connect.readthedocs.io	/en/stable/	2	1	17
2024-09-04	vfb-connect.readthedocs.io	/en/stable/search.html	2	1	5
2024-09-04	vfb-connect.readthedocs.io	/en/stable/vfb_connect.html	1	1	0
2024-09-04	virtualflybrain.org	/	9	7	70
2024-09-04	webtop.virtualflybrain.org	/	1	1	0
2024-09-04	www.virtualflybrain.org	/	28	24	158
2024-09-04	www.virtualflybrain.org	/about/	1	1	0
2024-09-04	www.virtualflybrain.org	/blog/2022/01/01/cell-body-rind-along-midline-of-larval-ventral-nerve-cord-fbbt_00051210/	2	1	15
2024-09-04	www.virtualflybrain.org	/blog/2022/01/01/dcdp-or-udp--adp-dcmp-or-ump--atp-cmpk1-go_0050145/	1	1	2
2024-09-04	www.virtualflybrain.org	/blog/releases/catmaid/l1em/	2	2	26
2024-09-04	www.virtualflybrain.org	/docs/	2	2	2
2024-09-04	www.virtualflybrain.org	/docs/overview/	1	1	0
2024-09-04	www.virtualflybrain.org	/term/2kb_upstream_variant-so_0001636/	1	1	6
2024-09-04	www.virtualflybrain.org	/term/5_prime_utr_premature_start_codon_gain_variant-so_0001988/	1	1	0
2024-09-04	www.virtualflybrain.org	/term/adult-antennal-lobe-projection-neuron-va2-adpn-fbbt_00067352/	1	1	0
2024-09-04	www.virtualflybrain.org	/term/adult-tubercle-tubercle-medial-zone-neuron-fbbt_00051488/	1	1	0
2024-09-04	www.virtualflybrain.org	/term/apt-fbgn0015903/	1	1	24
2024-09-04	www.virtualflybrain.org	/term/cell-junction-disassembly-go_0150146/	1	1	3
2024-09-04	www.virtualflybrain.org	/term/phl9-gal4.dbd-fbtp0099518/	1	1	13
2024-09-04	www.virtualflybrain.org	/term/pr57c10-p-lexap65-fbtp0164476/	1	1	10
2024-09-04	www.virtualflybrain.org	/term/pr77c10-gal4.dbd-pr87c08-p65.ad-expression-pattern-vfbexp_fbtp0122275fbtp0119256/	1	1	0
2024-09-04	www.virtualflybrain.org	/term/wandering-third-instar-larval-stage-fbdv_00005341/	1	1	9
2024-09-04	zip.virtualflybrain.org	/	1	1	0
2024-09-05		/org.geppetto.frontend/geppetto	906	39	800
2024-09-05	129.215.197.120	/	1	1	0
2024-09-05	129.215.197.144	/	1	1	0
2024-09-05	981gwa2l.virtualflybrain.org	/	0	1	3
2024-09-05	bocian-jenkins.virtualflybrain.org	/	1	1	0
2024-09-05	dev.virtualflybrain.org	/	1	1	0
2024-09-05	mysql.virtualflybrain.org	/	1	1	0
2024-09-05	natverse1.virtualflybrain.org	/	1	1	0
2024-09-05	owl.virtualflybrain.org	/	1	1	0
2024-09-05	rancher.virtualflybrain.org	/	1	1	0
2024-09-05	raw.larval.flylight.virtualflybrain.org	/	1	1	0
2024-09-05	sb.virtualflybrain.org	/	1	1	0
2024-09-05	solr-alpha.virtualflybrain.org	/	1	1	0
2024-09-05	v2.virtualflybrain.org	/org.geppetto.frontend/geppetto	205	43	2916
2024-09-05	v2.virtualflybrain.org	/org.geppetto.frontend/org.geppetto.frontend	1	1	0
2024-09-05	vfb-connect.readthedocs.io	/en/stable/	4	2	104
2024-09-05	vfb-connect.readthedocs.io	/en/stable/API_reference.html	2	2	23
2024-09-05	vfb-connect.readthedocs.io	/en/stable/index.html	3	1	72
2024-09-05	vfb-connect.readthedocs.io	/en/stable/tutorials/connectomics.html	2	2	71
2024-09-05	vfb-connect.readthedocs.io	/en/stable/tutorials/discovery.html	1	1	4
2024-09-05	vfb-connect.readthedocs.io	/en/stable/tutorials/overview.html	1	1	9
2024-09-05	virtualflybrain.org	/	13	9	53
2024-09-05	virtualflybrain.org	/about/	1	1	9
2024-09-05	virtualflybrain.org	/blog/	1	1	12
2024-09-05	virtualflybrain.org	/blog/2022/01/01/vfb-content-report/	1	1	0
2024-09-05	www-virtualflybrain-org.translate.goog	/term/5_prime_utr_premature_start_codon_gain_variant-so_0001988/	1	1	14
2024-09-05	www.virtualflybrain.org	/	26	22	219
2024-09-05	www.virtualflybrain.org	/about/	8	6	141
2024-09-05	www.virtualflybrain.org	/about/citeus/	1	1	5
2024-09-05	www.virtualflybrain.org	/about/members/	1	1	0
2024-09-05	www.virtualflybrain.org	/blog/	1	1	8
2024-09-05	www.virtualflybrain.org	/blog/2022/01/01/katepisternum-fbbt_00004599/	1	1	7
2024-09-05	www.virtualflybrain.org	/blog/2022/01/01/pbacgmr57c10-lexa-expression-pattern-vfbexp_fbtp0115093/	1	1	1
2024-09-05	www.virtualflybrain.org	/blog/2022/01/01/positive-regulation-of-angiogenesis-go_0045766/	2	2	2
2024-09-05	www.virtualflybrain.org	/blog/2024/07/29/predicted-neurotransmitters-for-em-data-now-available-on-vfb/	1	1	3
2024-09-05	www.virtualflybrain.org	/blog/2024/08/25/guide-to-working-with-images-from-virtual-fly-brain-vfb-using-the-vfbconnect-library/	1	1	6
2024-09-05	www.virtualflybrain.org	/blog/2024/08/25/vfb-workshop-bridging-connectomics-and-transcriptomics-at-neurofly-2024/	1	1	4
2024-09-05	www.virtualflybrain.org	/categories/workshop/	1	1	10
2024-09-05	www.virtualflybrain.org	/docs/	7	5	196
2024-09-05	www.virtualflybrain.org	/docs/concepts/	1	1	3
2024-09-05	www.virtualflybrain.org	/docs/concepts/bridging/	1	1	18
2024-09-05	www.virtualflybrain.org	/docs/concepts/templates/	1	1	20
2024-09-05	www.virtualflybrain.org	/docs/contribution-guidelines/	1	1	0
2024-09-05	www.virtualflybrain.org	/docs/contribution-guidelines/expanding_vfbconnect_queries/	1	1	34
2024-09-05	www.virtualflybrain.org	/docs/examples/	2	2	30
2024-09-05	www.virtualflybrain.org	/docs/getting-started/	2	2	14
2024-09-05	www.virtualflybrain.org	/docs/getting-started/overview/	1	1	53
2024-09-05	www.virtualflybrain.org	/docs/overview/	2	2	8
2024-09-05	www.virtualflybrain.org	/docs/tutorials/	2	2	15
2024-09-05	www.virtualflybrain.org	/docs/tutorials/apis/	1	1	0
2024-09-05	www.virtualflybrain.org	/docs/tutorials/apis/connectome/introvideo/	1	1	6
2024-09-05	www.virtualflybrain.org	/search/	1	1	0
2024-09-05	www.virtualflybrain.org	/site/vfb_site/home.htm	3	1	9
2024-09-05	www.virtualflybrain.org	/term/an07b033_t1_r-manc17483-vfb_jrcv0dhn/	1	1	10
2024-09-05	www.virtualflybrain.org	/term/cg42392-fbgn0259738/	1	1	0
2024-09-05	www.virtualflybrain.org	/term/interommatidial-bristle-fbbt_00004133/	1	1	41
2024-09-05	www.virtualflybrain.org	/term/lexa-driver-targetting-mechanosensory-eye-bristles-hampel2017-hampel2017/	1	1	4
2024-09-05	www.virtualflybrain.org	/term/lobula-lobula-plate-columnar-neuron-llpc1-fbbt_00058227/	1	1	14
2024-09-05	www.virtualflybrain.org	/term/pgal4np1-fbti0115617/	1	1	16
2024-09-05	www.virtualflybrain.org	/term/pgmr37h08-lexa-fbtp0088486/	1	1	16
2024-09-05	www.virtualflybrain.org	/term/scerbsolgal4dj667-fbal0155888/	1	1	5
2024-09-05	www.virtualflybrain.org	/term/smp527_r-flyem-hb447599745-vfb_jrchk767/	1	1	5
2024-09-05	www.virtualflybrain.org	/term/tutua_r-flyem-hb708290604-vfb_jrchk7cw/	1	1	35
2024-09-06		/org.geppetto.frontend/geppetto	598	34	762
2024-09-06	129.215.197.144	/	1	1	0
2024-09-06	129.215.197.147	/	0	1	3
2024-09-06	981gwa2l.virtualflybrain.org	/	0	1	3
2024-09-06	dill.inf.ed.ac.uk	/blog/releases/catmaid/fafb/	1	1	12
2024-09-06	mayo.inf.ed.ac.uk	/	0	1	4
2024-09-06	meet.virtualflybrain.org	/	1	1	0
2024-09-06	sb1.virtualflybrain.org	/blog/2022/01/01/abn1-spgal4-1-adult-brain-hampel2015-vfb_00090002/	1	1	4
2024-09-06	v2.virtualflybrain.org	/org.geppetto.frontend/geppetto	163	35	3365
2024-09-06	v2.virtualflybrain.org	/org.geppetto.frontend/org.geppetto.frontend	2	2	0
2024-09-06	virtualflybrain.org	/	2	1	4
2024-09-06	virtualflybrain.org	/about/	1	1	6
2024-09-06	virtualflybrain.org	/about/contactus/	1	1	11
2024-09-06	www.virtualflybrain.org	/	30	22	295
2024-09-06	www.virtualflybrain.org	/about/	5	2	14
2024-09-06	www.virtualflybrain.org	/about/citeus/	1	1	21
2024-09-06	www.virtualflybrain.org	/about/collaborators/	1	1	6
2024-09-06	www.virtualflybrain.org	/about/contactus/	4	2	18
2024-09-06	www.virtualflybrain.org	/about/contributors/	2	1	64
2024-09-06	www.virtualflybrain.org	/about/members/	3	1	113
2024-09-06	www.virtualflybrain.org	/about/publications/	1	1	11
2024-09-06	www.virtualflybrain.org	/blog/2022/01/01/multicellular-anatomical-structure-uberon_0010000/	1	1	23
2024-09-06	www.virtualflybrain.org	/blog/2022/01/01/negative-regulation-of-phosphorylation-go_0042326/	1	1	0
2024-09-06	www.virtualflybrain.org	/blog/2022/01/01/pchat-gal4.dbd-pr42f06-p65.ad-expression-pattern-vfbexp_fbtp0023500fbtp0093457/	1	1	27
2024-09-06	www.virtualflybrain.org	/blog/2022/01/01/positive-regulation-of-nuclear-cell-cycle-dna-replication-go_0010571/	1	1	10
2024-09-06	www.virtualflybrain.org	/blog/2022/01/01/pr58f02-gal4.dbd-fbtp0099500/	1	1	2
2024-09-06	www.virtualflybrain.org	/blog/releases/catmaid/fanc/	3	3	29
2024-09-06	www.virtualflybrain.org	/blog/releases/ontologies/bfo/	1	1	10
2024-09-06	www.virtualflybrain.org	/categories/python/	1	1	0
2024-09-06	www.virtualflybrain.org	/docs/	3	2	55
2024-09-06	www.virtualflybrain.org	/docs/contribution-guidelines/	1	1	21
2024-09-06	www.virtualflybrain.org	/docs/getting-started/3dviewer/	3	2	41
2024-09-06	www.virtualflybrain.org	/docs/getting-started/bulkdownloads/	3	1	7
2024-09-06	www.virtualflybrain.org	/docs/overview/	1	1	4
2024-09-06	www.virtualflybrain.org	/docs/tutorials/apis/connectome/introvideo/	2	1	39
2024-09-06	www.virtualflybrain.org	/search/	3	2	55
2024-09-06	www.virtualflybrain.org	/term/5_prime_utr_premature_start_codon_gain_variant-so_0001988/	1	1	19
2024-09-06	www.virtualflybrain.org	/term/acp36de-fbgn0011559/	1	1	36
2024-09-06	www.virtualflybrain.org	/term/adult-cb0690-neuron-fbbt_20004420/	2	1	0
2024-09-06	www.virtualflybrain.org	/term/aromatic-amino-acid-transport-go_0015801/	1	1	10
2024-09-06	www.virtualflybrain.org	/term/bombc2-fbgn0034331/	1	1	1
2024-09-06	www.virtualflybrain.org	/term/boms3-fbgn0040736/	1	1	9
2024-09-06	www.virtualflybrain.org	/term/dbo-fbgn0040230/	1	1	7
2024-09-06	www.virtualflybrain.org	/term/jrc_ss00315-split-gal4-in-the-adult-vns-vfb_00068879/	1	1	0
2024-09-06	www.virtualflybrain.org	/term/nepl6-fbgn0259716/	1	1	7
2024-09-06	www.virtualflybrain.org	/term/organism-subdivision-caro_0000032/	1	1	13
2024-09-06	www.virtualflybrain.org	/term/pgal419-12-expression-pattern-vfbexp_fbti0148308/	1	1	3
2024-09-06	www.virtualflybrain.org	/term/regulation-of-dna-templated-transcription-initiation-go_2000142/	1	1	5
2024-09-06	www.virtualflybrain.org	/term/snxx16_abn4_l-manc39698-vfb_jrcv0umq/	1	1	0
2024-09-06	www.virtualflybrain.org	/term/specifically-dependent-continuant-bfo_0000020/	1	1	7
2024-09-07		/org.geppetto.frontend/geppetto	286	14	60
2024-09-07	123456789abcdefghijklmnopq.virtualflybrain.org	/	0	1	2
2024-09-07	12877200-fe3e-43bd-bf43-557c75765038.virtualflybrain.org	/	0	1	3
2024-09-07	129.215.197.101	/	0	1	3
2024-09-07	129.215.197.120	/	0	1	4
2024-09-07	1cc83c60-b6eb-40ab-98f9-335051d14392.virtualflybrain.org	/	0	1	3
2024-09-07	414d3b6c-94ad-4a89-ba7c-6859f9281189.virtualflybrain.org	/	0	1	3
2024-09-07	482bm8l9immm8z9tw8t4k.virtualflybrain.org	/	0	1	4
2024-09-07	59e19f34-091b-4400-8a84-64425985b5bb.virtualflybrain.org	/	0	1	4
2024-09-07	6ca6ec05-0e7c-414b-ab69-6aba90258b6b.virtualflybrain.org	/	0	1	5
2024-09-07	76e1bce3-27a5-406f-81cd-32f1152396af.virtualflybrain.org	/	0	1	3
2024-09-07	981gwa2l.virtualflybrain.org	/	0	2	8
2024-09-07	a.bb.ccc.dddd.nblast.virtualflybrain.org	/	0	1	4
2024-09-07	admin.virtualflybrain.org	/	0	1	2
2024-09-07	blanik-jenkins.virtualflybrain.org	/	0	1	2
2024-09-07	blog.virtualflybrain.org	/	0	1	3
2024-09-07	bocian-jenkins.virtualflybrain.org	/	2	3	7
2024-09-07	catmaid-fafb.virtualflybrain.org	/	0	1	2
2024-09-07	d60b501f-effa-4d87-ad0c-b24c76719096.virtualflybrain.org	/	0	1	3
2024-09-07	debug.virtualflybrain.org	/	0	1	3
2024-09-07	f111e865-e3b4-4ed6-8a64-8b8eeb3e2f1b.virtualflybrain.org	/	0	1	2
2024-09-07	geppetto-dev1.virtualflybrain.org	/	0	1	3
2024-09-07	geppetto.virtualflybrain.org	/	0	1	5
2024-09-07	grafana.virtualflybrain.org	/	0	2	5
2024-09-07	herd.virtualflybrain.org	/	0	1	3
2024-09-07	hugo.virtualflybrain.org	/	0	1	3
2024-09-07	jupyter.virtualflybrain.org	/	0	1	3
2024-09-07	karenin-jenkins.virtualflybrain.org	/	0	1	3
2024-09-07	kbw.virtualflybrain.org	/	0	1	4
2024-09-07	larval.virtualflybrain.org	/	0	1	2
2024-09-07	mail.virtualflybrain.org	/	0	1	4
2024-09-07	meet.virtualflybrain.org	/	0	1	2
2024-09-07	natverse.virtualflybrain.org	/	0	1	4
2024-09-07	natverse1.virtualflybrain.org	/	0	1	3
2024-09-07	natverse2.virtualflybrain.org	/	0	1	3
2024-09-07	natverse3.virtualflybrain.org	/	0	1	3
2024-09-07	natverse4.virtualflybrain.org	/	0	1	5
2024-09-07	pdb.u3.virtualflybrain.org	/	0	1	3
2024-09-07	sb.virtualflybrain.org	/	0	1	3
2024-09-07	sb1.virtualflybrain.org	/	0	1	3
2024-09-07	smtp.virtualflybrain.org	/	0	1	4
2024-09-07	solr-dev.virtualflybrain.org	/	0	1	2
2024-09-07	solr.p2.virtualflybrain.org	/	0	1	3
2024-09-07	ubuntu.virtualflybrain.org	/	0	1	5
2024-09-07	v1.virtualflybrain.org	/	0	1	4
2024-09-07	v2-dev2.virtualflybrain.org	/	0	1	3
2024-09-07	v2-preview.virtualflybrain.org	/	0	1	3
2024-09-07	v2.virtualflybrain.org	/org.geppetto.frontend/geppetto	96	14	1065
2024-09-07	v2test1.virtualflybrain.org	/	0	1	7
2024-09-07	vfbblog.inf.ed.ac.uk	/	0	1	3
2024-09-07	virtualflybrain.org	/	1	3	11
2024-09-07	webmail.virtualflybrain.org	/	0	1	3
2024-09-07	webtop.virtualflybrain.org	/	0	1	3
2024-09-07	www.virtualflybrain.org	/	13	11	53
2024-09-07	www.virtualflybrain.org	/blog/2024/04/30/new-split-gal4-report-pages-on-flybase/	1	1	0
2024-09-07	www.virtualflybrain.org	/docs/	1	1	7
2024-09-07	www.virtualflybrain.org	/docs/getting-started/bulkdownloads/	1	1	0
2024-09-07	www.virtualflybrain.org	/docs/overview/	1	1	0
2024-09-07	www.virtualflybrain.org	/docs/tutorials/apis/	1	1	0
2024-09-07	www.virtualflybrain.org	/search/	0	1	0
2024-09-07	www.virtualflybrain.org	/term/adult-fan-shaped-body-horizontal-delta-neuron-fbbt_00007523/	1	1	8
2024-09-07	www.virtualflybrain.org	/term/bmp-signaling-pathway-core-components-fbgg0001085/	1	1	4
2024-09-07	www.virtualflybrain.org	/term/obsolete-cell-projection-part-go_0044463/	1	1	50
2024-09-07	www.virtualflybrain.org	/term/obsolete-distal-medullary-amacrine-neuron-dm8a-fbbt_00110068/	1	1	80
2024-09-07	www.virtualflybrain.org	/term/ptdc2-gal4.dbd-pvt058899-p65.ad-expression-pattern-vfbexp_fbtp0099514fbtp0120950/	1	1	18
2024-09-08		/org.geppetto.frontend/geppetto	494	20	380
2024-09-08	129.215.197.147	/	0	1	8
2024-09-08	981gwa2l.virtualflybrain.org	/	0	1	4
2024-09-08	chat-dev.virtualflybrain.org	/	3	3	0
2024-09-08	v2.virtualflybrain.org	/	1	1	0
2024-09-08	v2.virtualflybrain.org	/org.geppetto.frontend/geppetto	138	21	1424
2024-09-08	virtualflybrain.org	/	10703	325	188153
2024-09-08	virtualflybrain.org	/blog/2024/08/25/guide-to-working-with-images-from-virtual-fly-brain-vfb-using-the-vfbconnect-library/	1	1	0
2024-09-08	virtualflybrain.org	/blog/2024/08/25/vfb-workshop-bridging-connectomics-and-transcriptomics-at-neurofly-2024/	1	1	0
2024-09-08	virtualflybrain.org	/blog/news/	1	1	0
2024-09-08	www.virtualflybrain.org	/	10	7	43
2024-09-08	www.virtualflybrain.org	/about/	2	1	47
2024-09-08	www.virtualflybrain.org	/docs/	3	3	39
2024-09-08	www.virtualflybrain.org	/docs/examples/circuit-diagram-of-the-mushroom-body/	2	2	32
2024-09-08	www.virtualflybrain.org	/docs/getting-started/3dviewer/	1	1	3
2024-09-08	www.virtualflybrain.org	/docs/getting-started/circuitbrowser/	1	1	25
2024-09-08	www.virtualflybrain.org	/docs/getting-started/overview/	2	2	48
2024-09-08	www.virtualflybrain.org	/docs/getting-started/sliceviewer/	2	2	22
2024-09-08	www.virtualflybrain.org	/docs/getting-started/termcontext/	2	2	13
2024-09-08	www.virtualflybrain.org	/docs/getting-started/terminfo/	2	2	39
2024-09-08	www.virtualflybrain.org	/docs/overview/	1	1	9
2024-09-08	www.virtualflybrain.org	/term/pr57c10-gal4.dbd-pr64f07-p65.ad-expression-pattern-vfbexp_fbtp0099499fbtp0099553/	1	1	10
2024-09-09		/org.geppetto.frontend/geppetto	889	38	967
2024-09-09	129.215.197.120	/	1	1	0
2024-09-09	129.215.197.143	/	0	1	3
2024-09-09	129.215.197.144	/	1	1	0
2024-09-09	981gwa2l.virtualflybrain.org	/	0	1	6
2024-09-09	bocian-jenkins.virtualflybrain.org	/	1	1	0
2024-09-09	chat-dev.virtualflybrain.org	/	3	3	0
2024-09-09	dill.inf.ed.ac.uk	/	0	1	4
2024-09-09	flybrain.inf.ed.ac.uk	/en/blog/releases/ontologies/go/go_0006919_v6/	1	1	7
2024-09-09	flybrain.mrc-lmb.cam.ac.uk	/si/nblast/www/	1	1	50
2024-09-09	github.com	/VirtualFlyBrain/graph_queries/blob/main/weighted_path.md	1	1	162
2024-09-09	github.com	/jefferis/vfbconnectr	1	1	4
2024-09-09	meet.virtualflybrain.org	/	1	1	0
2024-09-09	neuprint.janelia.org	/	1	1	30
2024-09-09	pypi.org	/project/vfb-connect/	1	1	30
2024-09-09	v2.virtualflybrain.org	/org.geppetto.frontend/geppetto	156	40	5990
2024-09-09	v2.virtualflybrain.org	/org.geppetto.frontend/org.geppetto.frontend	1	1	0
2024-09-09	vfb-connect.readthedocs.io	/en/stable/	1	1	8
2024-09-09	virtualflybrain.org	/	2	2	7
2024-09-09	www.virtualflybrain.org	/	22	19	123
2024-09-09	www.virtualflybrain.org	/about/	3	2	51
2024-09-09	www.virtualflybrain.org	/about/contactus/	1	1	0
2024-09-09	www.virtualflybrain.org	/blog/2022/01/01/jrc_r16e12-gal4_mcfo_brain_20180907_63_c3_40x-vfb_00101rti/	1	1	0
2024-09-09	www.virtualflybrain.org	/blog/2022/01/01/medulla-fbbt_00003748/	1	1	12
2024-09-09	www.virtualflybrain.org	/blog/2022/01/01/pesplm6-bfm-gfp.l-expression-pattern-vfbexp_fbtp0013488/	3	1	22
2024-09-09	www.virtualflybrain.org	/blog/2022/01/01/pesplmα-bfm-gfp.1.0-fbtp0083462/	1	1	6
2024-09-09	www.virtualflybrain.org	/blog/2022/03/11/fix-for-problems-with-current-safari-release/	2	2	195
2024-09-09	www.virtualflybrain.org	/blog/2024/08/25/vfb-workshop-bridging-connectomics-and-transcriptomics-at-neurofly-2024/	1	1	5
2024-09-09	www.virtualflybrain.org	/blog/releases/catmaid/	2	2	32
2024-09-09	www.virtualflybrain.org	/blog/releases/catmaid/fanc/	1	0	0
2024-09-09	www.virtualflybrain.org	/blog/releases/ontologies/go/	3	1	0
2024-09-09	www.virtualflybrain.org	/docs/	5	4	71
2024-09-09	www.virtualflybrain.org	/docs/contribution-guidelines/	1	1	0
2024-09-09	www.virtualflybrain.org	/docs/examples/	1	1	15
2024-09-09	www.virtualflybrain.org	/docs/examples/circuit-diagram-of-the-mushroom-body/	2	2	33
2024-09-09	www.virtualflybrain.org	/docs/getting-started/3dviewer/	1	1	15
2024-09-09	www.virtualflybrain.org	/docs/getting-started/overview/	1	1	26
2024-09-09	www.virtualflybrain.org	/docs/overview/	1	1	8
2024-09-09	www.virtualflybrain.org	/docs/tutorials/	2	2	7
2024-09-09	www.virtualflybrain.org	/docs/tutorials/apis/	2	2	35
2024-09-09	www.virtualflybrain.org	/docs/tutorials/apis/2_plotting/	2	2	10
2024-09-09	www.virtualflybrain.org	/docs/tutorials/apis/4_nblast/	2	2	68
2024-09-09	www.virtualflybrain.org	/docs/tutorials/apis/connectome/	1	1	13
2024-09-09	www.virtualflybrain.org	/docs/tutorials/apis/connectome/2_mapping/	1	1	43
2024-09-09	www.virtualflybrain.org	/docs/tutorials/apis/connectome/4_connectomics/	1	1	30
2024-09-09	www.virtualflybrain.org	/docs/tutorials/apis/connectome/introvideo/	1	1	14
2024-09-09	www.virtualflybrain.org	/docs/tutorials/apis/connectome/tools/	1	1	0
2024-09-09	www.virtualflybrain.org	/docs/tutorials/apis/vfbconnect_neuron_display/	2	1	25
2024-09-09	www.virtualflybrain.org	/search/	4	3	17
2024-09-09	www.virtualflybrain.org	/term/adult-cb0690-neuron-fbbt_20004420/	1	0	0
2024-09-09	www.virtualflybrain.org	/term/pgal419-12-expression-pattern-vfbexp_fbti0148308/	1	1	6
2024-09-10		/org.geppetto.frontend/geppetto	653	26	1132
2024-09-10	129.215.197.120	/	1	1	0
2024-09-10	bocian-jenkins.virtualflybrain.org	/	1	1	0
2024-09-10	chat-dev.virtualflybrain.org	/	5	5	0
2024-09-10	fafb.catmaid.virtualflybrain.org	/	1	1	10
2024-09-10	fafb.catmaid.virtualflybrain.org	/apis/	1	1	54
2024-09-10	flybrain.mrc-lmb.cam.ac.uk	/si/nblast/www/	1	1	105
2024-09-10	l1em.catmaid.virtualflybrain.org	/	1	1	6
2024-09-10	owl.virtualflybrain.org	/en/blog/releases/ontologies/go/go_0044260_v6/	1	1	7
2024-09-10	v2.virtualflybrain.org	/org.geppetto.frontend/geppetto	101	28	4359
2024-09-10	v2.virtualflybrain.org	/org.geppetto.frontend/org.geppetto.frontend	10	1	0
2024-09-10	vfb-connect.readthedocs.io	/	1	1	5
2024-09-10	vfb-connect.readthedocs.io	/en/stable/	4	4	19
2024-09-10	vfb-connect.readthedocs.io	/en/stable/API_reference.html	2	2	0
2024-09-10	vfb-connect.readthedocs.io	/en/stable/tutorials/overview.html	1	1	126
2024-09-10	virtualflybrain.org	/	1	1	16
2024-09-10	www.virtualflybrain.org	/	24	19	189
2024-09-10	www.virtualflybrain.org	/about/	5	5	32
2024-09-10	www.virtualflybrain.org	/about/citeus/	1	1	0
2024-09-10	www.virtualflybrain.org	/about/collaborators/	1	1	31
2024-09-10	www.virtualflybrain.org	/about/contactus/	1	1	54
2024-09-10	www.virtualflybrain.org	/about/contributors/	1	1	1
2024-09-10	www.virtualflybrain.org	/about/publications/	1	1	76
2024-09-10	www.virtualflybrain.org	/about/whatisvfb/	1	1	0
2024-09-10	www.virtualflybrain.org	/blog/	2	2	13
2024-09-10	www.virtualflybrain.org	/blog/1/01/01/janelia-flylight/	1	1	2
2024-09-10	www.virtualflybrain.org	/blog/2022/01/01/pakhr-gal4.b-expression-pattern-vfbexp_fbtp0040581/	1	1	50
2024-09-10	www.virtualflybrain.org	/blog/2024/04/10/transcriptomics-data-available-for-cell-types-on-vfb/	1	1	11
2024-09-10	www.virtualflybrain.org	/blog/2024/04/30/new-split-gal4-report-pages-on-flybase/	1	1	9
2024-09-10	www.virtualflybrain.org	/blog/2024/07/29/predicted-neurotransmitters-for-em-data-now-available-on-vfb/	1	1	39
2024-09-10	www.virtualflybrain.org	/blog/2024/08/25/vfb-workshop-bridging-connectomics-and-transcriptomics-at-neurofly-2024/	2	2	23
2024-09-10	www.virtualflybrain.org	/blog/releases/catmaid/	2	1	4
2024-09-10	www.virtualflybrain.org	/blog/releases/catmaid/fafb/	1	1	3
2024-09-10	www.virtualflybrain.org	/blog/releases/catmaid/fanc/	4	2	7
2024-09-10	www.virtualflybrain.org	/blog/releases/catmaid/l1em/	4	1	10
2024-09-10	www.virtualflybrain.org	/blog/releases/ontologies/fbbt/	1	1	9
2024-09-10	www.virtualflybrain.org	/categories/tutorials/	1	1	0
2024-09-10	www.virtualflybrain.org	/categories/who-we-are/	1	1	23
2024-09-10	www.virtualflybrain.org	/docs/	6	6	124
2024-09-10	www.virtualflybrain.org	/docs/contribution-guidelines/	1	1	0
2024-09-10	www.virtualflybrain.org	/docs/getting-started/	1	1	0
2024-09-10	www.virtualflybrain.org	/docs/getting-started/bulkdownloads/	1	0	0
2024-09-10	www.virtualflybrain.org	/docs/overview/	2	2	23
2024-09-10	www.virtualflybrain.org	/docs/tutorials/	1	1	20
2024-09-10	www.virtualflybrain.org	/docs/tutorials/apis/connectome/	1	1	11
2024-09-10	www.virtualflybrain.org	/docs/tutorials/apis/connectome/3_visualisation/	2	2	26
2024-09-10	www.virtualflybrain.org	/docs/tutorials/apis/connectome/5_nblast/	1	1	30
2024-09-10	www.virtualflybrain.org	/search/	2	1	26
2024-09-10	www.virtualflybrain.org	/tags/anatomy/	2	1	0
2024-09-10	www.virtualflybrain.org	/tags/dopaminergic/	1	1	40
2024-09-10	www.virtualflybrain.org	/tags/flylight/	1	1	10
2024-09-10	www.virtualflybrain.org	/tags/lee/	1	1	7
2024-09-10	www.virtualflybrain.org	/term/adult-lateral-horn-av4a4-neuron-fbbt_00049348/	1	1	6
2024-09-10	www.virtualflybrain.org	/term/bamv12-int-s-4-left-l1em19396517-vfb_0010021a/	1	1	30
2024-09-10	www.virtualflybrain.org	/term/cg11898-fbgn0039645/	1	1	0
2024-09-10	www.virtualflybrain.org	/term/larval-abdominal-2-acc-neuron-fbbt_00047806/	2	1	14
2024-09-10	www.virtualflybrain.org	/term/muscle-tissue-uberon_0002385/	1	1	0
2024-09-10	www.virtualflybrain.org	/term/optic-column-fbbt_00007659/	2	1	57
2024-09-10	www.virtualflybrain.org	/term/pr23e12-gal4.dbd-pvt010661-p65.ad-expression-pattern-vfbexp_fbtp0121385fbtp0119651/	1	1	3
2024-09-10	www.virtualflybrain.org	/term/pvas-gal4.2.6-fbtp0084937/	2	1	61
2024-09-10	www.virtualflybrain.org	/term/scerbsolgal4vt026771-fbal0312410/	1	1	9
2024-09-11		/org.geppetto.frontend/geppetto	2463	44	3456
2024-09-11	bocian-jenkins.virtualflybrain.org	/	2	2	0
2024-09-11	chat-dev.virtualflybrain.org	/	2	2	0
2024-09-11	github.com	/VirtualFlyBrain/graph_queries/blob/main/weighted_path.md	1	1	16
2024-09-11	github.com	/jefferis/vfbconnectr	2	1	51
2024-09-11	mayo.inf.ed.ac.uk	/	0	1	4
2024-09-11	twitter.com	/virtualflybrain	1	1	14
2024-09-11	v2-dev.virtualflybrain.org	/org.geppetto.frontend/geppetto	1	1	103
2024-09-11	v2.virtualflybrain.org	/org.geppetto.frontend/geppetto	195	49	18006
2024-09-11	v2.virtualflybrain.org	/org.geppetto.frontend/geppetto/VFB_00101567	2	1	4
2024-09-11	v2.virtualflybrain.org	/org.geppetto.frontend/geppetto/geppetto/build/static/geppetto/build/static/geppetto/build/static/geppetto/build/static/geppetto/build/static/geppetto/build/static/geppetto/build/static/geppetto/build/static/geppetto/build/static/geppetto/build/static/geppetto/build/static/geppetto/build/static/geppetto/build/static/geppetto/build/static/geppetto/build/static/geppetto/build/static/geppetto/build/static/geppetto/build/static/geppetto/build/static/geppetto/build/static/geppetto/build/static/geppetto/build/static/geppetto/build/static/geppetto/build/static/geppetto/build/static/geppetto/build/static/geppetto/build/static/geppetto/build/static/geppetto/build/static/geppetto/build/static/geppetto/build/static/geppetto/build/static/geppetto/build/static/geppetto/build/static/geppetto/build/static/geppetto/build/static/geppetto/build/static/geppetto/build/static/geppetto/build/static/geppetto/build/static/geppetto/build/static/geppetto/build/static/geppetto/build	188	1	0
2024-09-11	v2.virtualflybrain.org	/org.geppetto.frontend/geppetto/geppetto/build/static/geppetto/build/static/geppetto/build/static/geppetto/build/static/geppetto/build/static/geppetto/build/static/geppetto/build/static/geppetto/build/static/geppetto/build/static/geppetto/build/static/geppetto/build/static/geppetto/build/static/geppetto/build/static/geppetto/build/static/geppetto/build/static/geppetto/build/static/geppetto/build/static/geppetto/build/static/geppetto/build/static/geppetto/build/static/geppetto/build/static/geppetto/build/static/geppetto/build/static/geppetto/build/static/geppetto/build/static/geppetto/build/static/geppetto/build/static/geppetto/build/static/geppetto/build/static/geppetto/build/static/geppetto/build/static/geppetto/build/static/geppetto/build/static/geppetto/build/static/geppetto/build/static/geppetto/build/static/geppetto/build/static/geppetto/build/static/geppetto/build/static/geppetto/build/static/geppetto/build/static/geppetto/build/static/splash.gif	2	1	0
2024-09-11	v2.virtualflybrain.org	/org.geppetto.frontend/geppetto/geppetto/build/static/geppetto/build/static/geppetto/build/static/geppetto/build/static/geppetto/build/static/geppetto/build/static/geppetto/build/static/geppetto/build/static/geppetto/build/static/geppetto/build/static/geppetto/build/static/geppetto/build/static/geppetto/build/static/geppetto/build/static/geppetto/build/static/geppetto/build/static/geppetto/build/static/geppetto/build/static/geppetto/build/static/geppetto/build/static/geppetto/build/static/geppetto/build/static/geppetto/build/static/geppetto/build/static/geppetto/build/static/geppetto/build/static/geppetto/build/static/geppetto/build/static/geppetto/build/static/geppetto/build/static/geppetto/build/static/geppetto/build/static/geppetto/build/static/geppetto/build/static/geppetto/build/static/geppetto/build/static/geppetto/build/static/geppetto/build/static/geppetto/build/static/geppetto/build/static/geppetto/build/static/splash.gif	2	1	0
2024-09-11	v2.virtualflybrain.org	/org.geppetto.frontend/geppetto/geppetto/build/static/geppetto/build/static/geppetto/build/static/geppetto/build/static/geppetto/build/static/geppetto/build/static/geppetto/build/static/geppetto/build/static/geppetto/build/static/geppetto/build/static/geppetto/build/static/geppetto/build/static/geppetto/build/static/geppetto/build/static/geppetto/build/static/geppetto/build/static/geppetto/build/static/geppetto/build/static/geppetto/build/static/geppetto/build/static/geppetto/build/static/geppetto/build/static/geppetto/build/static/geppetto/build/static/geppetto/build/static/geppetto/build/static/geppetto/build/static/geppetto/build/static/geppetto/build/static/geppetto/build/static/geppetto/build/static/geppetto/build/static/geppetto/build/static/geppetto/build/static/geppetto/build/static/geppetto/build/static/geppetto/build/static/geppetto/build/static/geppetto/build/static/geppetto/build/static/splash.gif	2	1	0
2024-09-11	v2.virtualflybrain.org	/org.geppetto.frontend/geppetto/geppetto/build/static/geppetto/build/static/geppetto/build/static/geppetto/build/static/geppetto/build/static/geppetto/build/static/geppetto/build/static/geppetto/build/static/geppetto/build/static/geppetto/build/static/geppetto/build/static/geppetto/build/static/geppetto/build/static/geppetto/build/static/geppetto/build/static/geppetto/build/static/geppetto/build/static/geppetto/build/static/geppetto/build/static/geppetto/build/static/geppetto/build/static/geppetto/build/static/geppetto/build/static/geppetto/build/static/geppetto/build/static/geppetto/build/static/geppetto/build/static/geppetto/build/static/geppetto/build/static/geppetto/build/static/geppetto/build/static/geppetto/build/static/geppetto/build/static/geppetto/build/static/geppetto/build/static/geppetto/build/static/geppetto/build/static/geppetto/build/static/geppetto/build/static/splash.gif	2	1	0
2024-09-11	v2.virtualflybrain.org	/org.geppetto.frontend/geppetto/geppetto/build/static/geppetto/build/static/geppetto/build/static/geppetto/build/static/geppetto/build/static/geppetto/build/static/geppetto/build/static/geppetto/build/static/geppetto/build/static/geppetto/build/static/geppetto/build/static/geppetto/build/static/geppetto/build/static/geppetto/build/static/geppetto/build/static/geppetto/build/static/geppetto/build/static/geppetto/build/static/geppetto/build/static/geppetto/build/static/geppetto/build/static/geppetto/build/static/geppetto/build/static/geppetto/build/static/geppetto/build/static/geppetto/build/static/geppetto/build/static/geppetto/build/static/geppetto/build/static/geppetto/build/static/geppetto/build/static/geppetto/build/static/geppetto/build/static/geppetto/build/static/geppetto/build/static/geppetto/build/static/geppetto/build/static/geppetto/build/static/splash.gif	2	1	0
2024-09-11	v2.virtualflybrain.org	/org.geppetto.frontend/geppetto/geppetto/build/static/geppetto/build/static/geppetto/build/static/geppetto/build/static/geppetto/build/static/geppetto/build/static/geppetto/build/static/geppetto/build/static/geppetto/build/static/geppetto/build/static/geppetto/build/static/geppetto/build/static/geppetto/build/static/geppetto/build/static/geppetto/build/static/geppetto/build/static/geppetto/build/static/geppetto/build/static/geppetto/build/static/geppetto/build/static/geppetto/build/static/geppetto/build/static/geppetto/build/static/geppetto/build/static/geppetto/build/static/geppetto/build/static/geppetto/build/static/geppetto/build/static/geppetto/build/static/geppetto/build/static/geppetto/build/static/geppetto/build/static/geppetto/build/static/geppetto/build/static/geppetto/build/static/geppetto/build/static/geppetto/build/static/splash.gif	2	1	0
2024-09-11	v2.virtualflybrain.org	/org.geppetto.frontend/geppetto/geppetto/build/static/geppetto/build/static/geppetto/build/static/geppetto/build/static/geppetto/build/static/geppetto/build/static/geppetto/build/static/geppetto/build/static/geppetto/build/static/geppetto/build/static/geppetto/build/static/geppetto/build/static/geppetto/build/static/geppetto/build/static/geppetto/build/static/geppetto/build/static/geppetto/build/static/geppetto/build/static/geppetto/build/static/geppetto/build/static/geppetto/build/static/geppetto/build/static/geppetto/build/static/geppetto/build/static/geppetto/build/static/geppetto/build/static/geppetto/build/static/geppetto/build/static/geppetto/build/static/geppetto/build/static/geppetto/build/static/geppetto/build/static/geppetto/build/static/geppetto/build/static/geppetto/build/static/geppetto/build/static/splash.gif	2	1	0
2024-09-11	v2.virtualflybrain.org	/org.geppetto.frontend/geppetto/geppetto/build/static/geppetto/build/static/geppetto/build/static/geppetto/build/static/geppetto/build/static/geppetto/build/static/geppetto/build/static/geppetto/build/static/geppetto/build/static/geppetto/build/static/geppetto/build/static/geppetto/build/static/geppetto/build/static/geppetto/build/static/geppetto/build/static/geppetto/build/static/geppetto/build/static/geppetto/build/static/geppetto/build/static/geppetto/build/static/geppetto/build/static/geppetto/build/static/geppetto/build/static/geppetto/build/static/geppetto/build/static/geppetto/build/static/geppetto/build/static/geppetto/build/static/geppetto/build/static/geppetto/build/static/geppetto/build/static/geppetto/build/static/geppetto/build/static/geppetto/build/static/geppetto/build/static/splash.gif	2	1	0
2024-09-11	v2.virtualflybrain.org	/org.geppetto.frontend/geppetto/geppetto/build/static/geppetto/build/static/geppetto/build/static/geppetto/build/static/geppetto/build/static/geppetto/build/static/geppetto/build/static/geppetto/build/static/geppetto/build/static/geppetto/build/static/geppetto/build/static/geppetto/build/static/geppetto/build/static/geppetto/build/static/geppetto/build/static/geppetto/build/static/geppetto/build/static/geppetto/build/static/geppetto/build/static/geppetto/build/static/geppetto/build/static/geppetto/build/static/geppetto/build/static/geppetto/build/static/geppetto/build/static/geppetto/build/static/geppetto/build/static/geppetto/build/static/geppetto/build/static/geppetto/build/static/geppetto/build/static/geppetto/build/static/geppetto/build/static/geppetto/build/static/splash.gif	2	1	0
2024-09-11	v2.virtualflybrain.org	/org.geppetto.frontend/geppetto/geppetto/build/static/geppetto/build/static/geppetto/build/static/geppetto/build/static/geppetto/build/static/geppetto/build/static/geppetto/build/static/geppetto/build/static/geppetto/build/static/geppetto/build/static/geppetto/build/static/geppetto/build/static/geppetto/build/static/geppetto/build/static/geppetto/build/static/geppetto/build/static/geppetto/build/static/geppetto/build/static/geppetto/build/static/geppetto/build/static/geppetto/build/static/geppetto/build/static/geppetto/build/static/geppetto/build/static/geppetto/build/static/geppetto/build/static/geppetto/build/static/geppetto/build/static/geppetto/build/static/geppetto/build/static/geppetto/build/static/geppetto/build/static/geppetto/build/static/splash.gif	2	1	0
2024-09-11	v2.virtualflybrain.org	/org.geppetto.frontend/geppetto/geppetto/build/static/geppetto/build/static/geppetto/build/static/geppetto/build/static/geppetto/build/static/geppetto/build/static/geppetto/build/static/geppetto/build/static/geppetto/build/static/geppetto/build/static/geppetto/build/static/geppetto/build/static/geppetto/build/static/geppetto/build/static/geppetto/build/static/geppetto/build/static/geppetto/build/static/geppetto/build/static/geppetto/build/static/geppetto/build/static/geppetto/build/static/geppetto/build/static/geppetto/build/static/geppetto/build/static/geppetto/build/static/geppetto/build/static/geppetto/build/static/geppetto/build/static/geppetto/build/static/geppetto/build/static/geppetto/build/static/geppetto/build/static/splash.gif	2	1	0
2024-09-11	v2.virtualflybrain.org	/org.geppetto.frontend/geppetto/geppetto/build/static/geppetto/build/static/geppetto/build/static/geppetto/build/static/geppetto/build/static/geppetto/build/static/geppetto/build/static/geppetto/build/static/geppetto/build/static/geppetto/build/static/geppetto/build/static/geppetto/build/static/geppetto/build/static/geppetto/build/static/geppetto/build/static/geppetto/build/static/geppetto/build/static/geppetto/build/static/geppetto/build/static/geppetto/build/static/geppetto/build/static/geppetto/build/static/geppetto/build/static/geppetto/build/static/geppetto/build/static/geppetto/build/static/geppetto/build/static/geppetto/build/static/geppetto/build/static/geppetto/build/static/geppetto/build/static/splash.gif	2	1	0
2024-09-11	v2.virtualflybrain.org	/org.geppetto.frontend/geppetto/geppetto/build/static/geppetto/build/static/geppetto/build/static/geppetto/build/static/geppetto/build/static/geppetto/build/static/geppetto/build/static/geppetto/build/static/geppetto/build/static/geppetto/build/static/geppetto/build/static/geppetto/build/static/geppetto/build/static/geppetto/build/static/geppetto/build/static/geppetto/build/static/geppetto/build/static/geppetto/build/static/geppetto/build/static/geppetto/build/static/geppetto/build/static/geppetto/build/static/geppetto/build/static/geppetto/build/static/geppetto/build/static/geppetto/build/static/geppetto/build/static/geppetto/build/static/geppetto/build/static/geppetto/build/static/splash.gif	2	1	0
2024-09-11	v2.virtualflybrain.org	/org.geppetto.frontend/geppetto/geppetto/build/static/geppetto/build/static/geppetto/build/static/geppetto/build/static/geppetto/build/static/geppetto/build/static/geppetto/build/static/geppetto/build/static/geppetto/build/static/geppetto/build/static/geppetto/build/static/geppetto/build/static/geppetto/build/static/geppetto/build/static/geppetto/build/static/geppetto/build/static/geppetto/build/static/geppetto/build/static/geppetto/build/static/geppetto/build/static/geppetto/build/static/geppetto/build/static/geppetto/build/static/geppetto/build/static/geppetto/build/static/geppetto/build/static/geppetto/build/static/geppetto/build/static/geppetto/build/static/splash.gif	2	1	0
2024-09-11	v2.virtualflybrain.org	/org.geppetto.frontend/geppetto/geppetto/build/static/geppetto/build/static/geppetto/build/static/geppetto/build/static/geppetto/build/static/geppetto/build/static/geppetto/build/static/geppetto/build/static/geppetto/build/static/geppetto/build/static/geppetto/build/static/geppetto/build/static/geppetto/build/static/geppetto/build/static/geppetto/build/static/geppetto/build/static/geppetto/build/static/geppetto/build/static/geppetto/build/static/geppetto/build/static/geppetto/build/static/geppetto/build/static/geppetto/build/static/geppetto/build/static/geppetto/build/static/geppetto/build/static/geppetto/build/static/geppetto/build/static/splash.gif	2	1	0
2024-09-11	v2.virtualflybrain.org	/org.geppetto.frontend/geppetto/geppetto/build/static/geppetto/build/static/geppetto/build/static/geppetto/build/static/geppetto/build/static/geppetto/build/static/geppetto/build/static/geppetto/build/static/geppetto/build/static/geppetto/build/static/geppetto/build/static/geppetto/build/static/geppetto/build/static/geppetto/build/static/geppetto/build/static/geppetto/build/static/geppetto/build/static/geppetto/build/static/geppetto/build/static/geppetto/build/static/geppetto/build/static/geppetto/build/static/geppetto/build/static/geppetto/build/static/geppetto/build/static/geppetto/build/static/geppetto/build/static/splash.gif	2	1	0
2024-09-11	v2.virtualflybrain.org	/org.geppetto.frontend/geppetto/geppetto/build/static/geppetto/build/static/geppetto/build/static/geppetto/build/static/geppetto/build/static/geppetto/build/static/geppetto/build/static/geppetto/build/static/geppetto/build/static/geppetto/build/static/geppetto/build/static/geppetto/build/static/geppetto/build/static/geppetto/build/static/geppetto/build/static/geppetto/build/static/geppetto/build/static/geppetto/build/static/geppetto/build/static/geppetto/build/static/geppetto/build/static/geppetto/build/static/geppetto/build/static/geppetto/build/static/geppetto/build/static/geppetto/build/static/splash.gif	2	1	0
2024-09-11	v2.virtualflybrain.org	/org.geppetto.frontend/geppetto/geppetto/build/static/geppetto/build/static/geppetto/build/static/geppetto/build/static/geppetto/build/static/geppetto/build/static/geppetto/build/static/geppetto/build/static/geppetto/build/static/geppetto/build/static/geppetto/build/static/geppetto/build/static/geppetto/build/static/geppetto/build/static/geppetto/build/static/geppetto/build/static/geppetto/build/static/geppetto/build/static/geppetto/build/static/geppetto/build/static/geppetto/build/static/geppetto/build/static/geppetto/build/static/geppetto/build/static/geppetto/build/static/splash.gif	2	1	0
2024-09-11	v2.virtualflybrain.org	/org.geppetto.frontend/geppetto/geppetto/build/static/geppetto/build/static/geppetto/build/static/geppetto/build/static/geppetto/build/static/geppetto/build/static/geppetto/build/static/geppetto/build/static/geppetto/build/static/geppetto/build/static/geppetto/build/static/geppetto/build/static/geppetto/build/static/geppetto/build/static/geppetto/build/static/geppetto/build/static/geppetto/build/static/geppetto/build/static/geppetto/build/static/geppetto/build/static/geppetto/build/static/geppetto/build/static/geppetto/build/static/geppetto/build/static/splash.gif	2	1	0
2024-09-11	v2.virtualflybrain.org	/org.geppetto.frontend/geppetto/geppetto/build/static/geppetto/build/static/geppetto/build/static/geppetto/build/static/geppetto/build/static/geppetto/build/static/geppetto/build/static/geppetto/build/static/geppetto/build/static/geppetto/build/static/geppetto/build/static/geppetto/build/static/geppetto/build/static/geppetto/build/static/geppetto/build/static/geppetto/build/static/geppetto/build/static/geppetto/build/static/geppetto/build/static/geppetto/build/static/geppetto/build/static/geppetto/build/static/geppetto/build/static/splash.gif	2	1	0
2024-09-11	v2.virtualflybrain.org	/org.geppetto.frontend/geppetto/geppetto/build/static/geppetto/build/static/geppetto/build/static/geppetto/build/static/geppetto/build/static/geppetto/build/static/geppetto/build/static/geppetto/build/static/geppetto/build/static/geppetto/build/static/geppetto/build/static/geppetto/build/static/geppetto/build/static/geppetto/build/static/geppetto/build/static/geppetto/build/static/geppetto/build/static/geppetto/build/static/geppetto/build/static/geppetto/build/static/geppetto/build/static/geppetto/build/static/splash.gif	2	1	0
2024-09-11	v2.virtualflybrain.org	/org.geppetto.frontend/geppetto/geppetto/build/static/geppetto/build/static/geppetto/build/static/geppetto/build/static/geppetto/build/static/geppetto/build/static/geppetto/build/static/geppetto/build/static/geppetto/build/static/geppetto/build/static/geppetto/build/static/geppetto/build/static/geppetto/build/static/geppetto/build/static/geppetto/build/static/geppetto/build/static/geppetto/build/static/geppetto/build/static/geppetto/build/static/geppetto/build/static/geppetto/build/static/splash.gif	2	1	0
2024-09-11	v2.virtualflybrain.org	/org.geppetto.frontend/geppetto/geppetto/build/static/geppetto/build/static/geppetto/build/static/geppetto/build/static/geppetto/build/static/geppetto/build/static/geppetto/build/static/geppetto/build/static/geppetto/build/static/geppetto/build/static/geppetto/build/static/geppetto/build/static/geppetto/build/static/geppetto/build/static/geppetto/build/static/geppetto/build/static/geppetto/build/static/geppetto/build/static/geppetto/build/static/geppetto/build/static/splash.gif	2	1	0
2024-09-11	v2.virtualflybrain.org	/org.geppetto.frontend/geppetto/geppetto/build/static/geppetto/build/static/geppetto/build/static/geppetto/build/static/geppetto/build/static/geppetto/build/static/geppetto/build/static/geppetto/build/static/geppetto/build/static/geppetto/build/static/geppetto/build/static/geppetto/build/static/geppetto/build/static/geppetto/build/static/geppetto/build/static/geppetto/build/static/geppetto/build/static/geppetto/build/static/geppetto/build/static/splash.gif	2	1	0
2024-09-11	v2.virtualflybrain.org	/org.geppetto.frontend/geppetto/geppetto/build/static/geppetto/build/static/geppetto/build/static/geppetto/build/static/geppetto/build/static/geppetto/build/static/geppetto/build/static/geppetto/build/static/geppetto/build/static/geppetto/build/static/geppetto/build/static/geppetto/build/static/geppetto/build/static/geppetto/build/static/geppetto/build/static/geppetto/build/static/geppetto/build/static/geppetto/build/static/splash.gif	2	1	0
2024-09-11	v2.virtualflybrain.org	/org.geppetto.frontend/geppetto/geppetto/build/static/geppetto/build/static/geppetto/build/static/geppetto/build/static/geppetto/build/static/geppetto/build/static/geppetto/build/static/geppetto/build/static/geppetto/build/static/geppetto/build/static/geppetto/build/static/geppetto/build/static/geppetto/build/static/geppetto/build/static/geppetto/build/static/geppetto/build/static/geppetto/build/static/splash.gif	2	1	0
2024-09-11	v2.virtualflybrain.org	/org.geppetto.frontend/geppetto/geppetto/build/static/geppetto/build/static/geppetto/build/static/geppetto/build/static/geppetto/build/static/geppetto/build/static/geppetto/build/static/geppetto/build/static/geppetto/build/static/geppetto/build/static/geppetto/build/static/geppetto/build/static/geppetto/build/static/geppetto/build/static/geppetto/build/static/geppetto/build/static/splash.gif	2	1	0
2024-09-11	v2.virtualflybrain.org	/org.geppetto.frontend/geppetto/geppetto/build/static/geppetto/build/static/geppetto/build/static/geppetto/build/static/geppetto/build/static/geppetto/build/static/geppetto/build/static/geppetto/build/static/geppetto/build/static/geppetto/build/static/geppetto/build/static/geppetto/build/static/geppetto/build/static/geppetto/build/static/geppetto/build/static/splash.gif	2	1	0
2024-09-11	v2.virtualflybrain.org	/org.geppetto.frontend/geppetto/geppetto/build/static/geppetto/build/static/geppetto/build/static/geppetto/build/static/geppetto/build/static/geppetto/build/static/geppetto/build/static/geppetto/build/static/geppetto/build/static/geppetto/build/static/geppetto/build/static/geppetto/build/static/geppetto/build/static/geppetto/build/static/splash.gif	2	1	0
2024-09-11	v2.virtualflybrain.org	/org.geppetto.frontend/geppetto/geppetto/build/static/geppetto/build/static/geppetto/build/static/geppetto/build/static/geppetto/build/static/geppetto/build/static/geppetto/build/static/geppetto/build/static/geppetto/build/static/geppetto/build/static/geppetto/build/static/geppetto/build/static/geppetto/build/static/splash.gif	2	1	0
2024-09-11	v2.virtualflybrain.org	/org.geppetto.frontend/geppetto/geppetto/build/static/geppetto/build/static/geppetto/build/static/geppetto/build/static/geppetto/build/static/geppetto/build/static/geppetto/build/static/geppetto/build/static/geppetto/build/static/geppetto/build/static/geppetto/build/static/geppetto/build/static/splash.gif	2	1	0
2024-09-11	v2.virtualflybrain.org	/org.geppetto.frontend/geppetto/geppetto/build/static/geppetto/build/static/geppetto/build/static/geppetto/build/static/geppetto/build/static/geppetto/build/static/geppetto/build/static/geppetto/build/static/geppetto/build/static/geppetto/build/static/geppetto/build/static/splash.gif	2	1	0
2024-09-11	v2.virtualflybrain.org	/org.geppetto.frontend/geppetto/geppetto/build/static/geppetto/build/static/geppetto/build/static/geppetto/build/static/geppetto/build/static/geppetto/build/static/geppetto/build/static/geppetto/build/static/geppetto/build/static/geppetto/build/static/splash.gif	2	1	0
2024-09-11	v2.virtualflybrain.org	/org.geppetto.frontend/geppetto/geppetto/build/static/geppetto/build/static/geppetto/build/static/geppetto/build/static/geppetto/build/static/geppetto/build/static/geppetto/build/static/geppetto/build/static/geppetto/build/static/splash.gif	2	1	0
2024-09-11	v2.virtualflybrain.org	/org.geppetto.frontend/geppetto/geppetto/build/static/geppetto/build/static/geppetto/build/static/geppetto/build/static/geppetto/build/static/geppetto/build/static/geppetto/build/static/geppetto/build/static/splash.gif	2	1	0
2024-09-11	v2.virtualflybrain.org	/org.geppetto.frontend/geppetto/geppetto/build/static/geppetto/build/static/geppetto/build/static/geppetto/build/static/geppetto/build/static/geppetto/build/static/geppetto/build/static/splash.gif	2	1	0
2024-09-11	v2.virtualflybrain.org	/org.geppetto.frontend/geppetto/geppetto/build/static/geppetto/build/static/geppetto/build/static/geppetto/build/static/geppetto/build/static/geppetto/build/static/splash.gif	2	1	0
2024-09-11	v2.virtualflybrain.org	/org.geppetto.frontend/geppetto/geppetto/build/static/geppetto/build/static/geppetto/build/static/geppetto/build/static/geppetto/build/static/splash.gif	2	1	0
2024-09-11	v2.virtualflybrain.org	/org.geppetto.frontend/geppetto/geppetto/build/static/geppetto/build/static/geppetto/build/static/geppetto/build/static/splash.gif	2	1	0
2024-09-11	v2.virtualflybrain.org	/org.geppetto.frontend/geppetto/geppetto/build/static/geppetto/build/static/geppetto/build/static/splash.gif	2	1	0
2024-09-11	v2.virtualflybrain.org	/org.geppetto.frontend/geppetto/geppetto/build/static/geppetto/build/static/splash.gif	2	1	0
2024-09-11	v2.virtualflybrain.org	/org.geppetto.frontend/geppetto/geppetto/build/static/splash.gif	2	1	0
2024-09-11	v2.virtualflybrain.org	/org.geppetto.frontend/org.geppetto.frontend	1	1	0
2024-09-11	vfb-connect.readthedocs.io	/en/stable/tutorials/discovery.html	1	1	2
2024-09-11	virtualflybrain.org	/	3	3	9
2024-09-11	virtualflybrain.org	/about/	1	1	15
2024-09-11	www.virtualflybrain.org	/	43	33	338
2024-09-11	www.virtualflybrain.org	/about/	12	6	610
2024-09-11	www.virtualflybrain.org	/about/citeus/	1	1	6
2024-09-11	www.virtualflybrain.org	/about/contactus/	1	1	14
2024-09-11	www.virtualflybrain.org	/about/members/	1	1	0
2024-09-11	www.virtualflybrain.org	/about/publications/	1	1	4
2024-09-11	www.virtualflybrain.org	/about/whatisvfb/	2	2	7
2024-09-11	www.virtualflybrain.org	/blog/	1	1	26
2024-09-11	www.virtualflybrain.org	/blog/2022/01/01/artery-uberon_0001637/	1	1	16
2024-09-11	www.virtualflybrain.org	/blog/2022/01/01/cg32106-fbgn0052106/	1	1	3
2024-09-11	www.virtualflybrain.org	/blog/2022/01/01/em-fafb-zhao-et-al.-2023-zhao2023/	1	1	11
2024-09-11	www.virtualflybrain.org	/blog/2022/01/01/jrc-2018-templates-rois-jrc2018/	1	1	24
2024-09-11	www.virtualflybrain.org	/blog/2022/03/11/fix-for-problems-with-current-safari-release/	1	1	23
2024-09-11	www.virtualflybrain.org	/blog/2024/08/25/vfb-workshop-bridging-connectomics-and-transcriptomics-at-neurofly-2024/	1	1	0
2024-09-11	www.virtualflybrain.org	/blog/releases/catmaid/	2	2	28
2024-09-11	www.virtualflybrain.org	/blog/releases/catmaid/fafb/	1	1	13
2024-09-11	www.virtualflybrain.org	/blog/releases/catmaid/fanc/	3	1	14
2024-09-11	www.virtualflybrain.org	/blog/releases/catmaid/l1em/	1	1	0
2024-09-11	www.virtualflybrain.org	/categories/tutorials/	1	1	13
2024-09-11	www.virtualflybrain.org	/docs/	11	8	124
2024-09-11	www.virtualflybrain.org	/docs/concepts/templates/	3	1	45
2024-09-11	www.virtualflybrain.org	/docs/concepts/transgene/	1	1	11
2024-09-11	www.virtualflybrain.org	/docs/contribution-guidelines/	4	3	40
2024-09-11	www.virtualflybrain.org	/docs/getting-started/	2	2	5
2024-09-11	www.virtualflybrain.org	/docs/getting-started/3dviewer/	1	1	26
2024-09-11	www.virtualflybrain.org	/docs/getting-started/bulkdownloads/	1	0	0
2024-09-11	www.virtualflybrain.org	/docs/getting-started/circuitbrowser/	1	1	6
2024-09-11	www.virtualflybrain.org	/docs/getting-started/overview/	2	1	379
2024-09-11	www.virtualflybrain.org	/docs/getting-started/sliceviewer/	2	1	100
2024-09-11	www.virtualflybrain.org	/docs/getting-started/termcontext/	2	1	45
2024-09-11	www.virtualflybrain.org	/docs/getting-started/terminfo/	1	1	4
2024-09-11	www.virtualflybrain.org	/docs/getting-started/thumbnails/	1	1	0
2024-09-11	www.virtualflybrain.org	/docs/overview/	1	1	5
2024-09-11	www.virtualflybrain.org	/docs/tutorials/apis/2_plotting/	1	1	233
2024-09-11	www.virtualflybrain.org	/search/	1	1	4
2024-09-11	www.virtualflybrain.org	/site/vfb_site/Dickson_VT.htm	1	1	5
2024-09-11	www.virtualflybrain.org	/term/abdominal-histoblast-primordium-fbbt_00016022/	1	1	9
2024-09-11	www.virtualflybrain.org	/term/pppk-lexa.g-fbtp0145933/	1	1	0
2024-09-11	www.virtualflybrain.org	/term/pvt019018-lexagad-expression-pattern-vfbexp_fbtp0150635/	1	1	15
2024-09-11	www.virtualflybrain.org	/term/stain-with-broad-specificity-fbbi_00000415/	1	1	5
2024-09-11	www.virtualflybrain.org	/term/wed-neuron-of-the-dopaminergic-ppm2-cluster-fbbt_00048262/	1	1	13
2024-09-12		/org.geppetto.frontend/geppetto	1826	33	1546
2024-09-12	123456789abcdefghijklmnopq.virtualflybrain.org	/	0	1	2
2024-09-12	12877200-fe3e-43bd-bf43-557c75765038.virtualflybrain.org	/	0	1	7
2024-09-12	129.215.197.101	/	0	1	9
2024-09-12	129.215.197.120	/	1	1	0
2024-09-12	129.215.197.144	/	1	1	0
2024-09-12	482bm8l9immm8z9tw8t4k.virtualflybrain.org	/	0	1	5
2024-09-12	511e8a24-c663-48f5-9858-cee6c49e3718.virtualflybrain.org	/	0	1	8
2024-09-12	6ca6ec05-0e7c-414b-ab69-6aba90258b6b.virtualflybrain.org	/	0	1	3
2024-09-12	76e1bce3-27a5-406f-81cd-32f1152396af.virtualflybrain.org	/	0	1	4
2024-09-12	981gwa2l.virtualflybrain.org	/	0	2	8
2024-09-12	a.bb.ccc.dddd.nblast.virtualflybrain.org	/	0	1	3
2024-09-12	admin.virtualflybrain.org	/	0	1	3
2024-09-12	blanik-jenkins.virtualflybrain.org	/	0	1	11
2024-09-12	bocian-jenkins.virtualflybrain.org	/	0	1	4
2024-09-12	chat-dev.virtualflybrain.org	/	2	2	0
2024-09-12	debug.virtualflybrain.org	/	0	1	3
2024-09-12	dev.virtualflybrain.org	/	0	1	4
2024-09-12	geppetto.virtualflybrain.org	/	0	1	3
2024-09-12	grafana.virtualflybrain.org	/	0	1	3
2024-09-12	hugo.virtualflybrain.org	/	0	1	3
2024-09-12	jitsi.virtualflybrain.org	/	0	1	5
2024-09-12	jupyter.virtualflybrain.org	/	0	1	9
2024-09-12	larval-app1.virtualflybrain.org	/	0	1	3
2024-09-12	larval.virtualflybrain.org	/	0	2	5
2024-09-12	meet.virtualflybrain.org	/	0	1	10
2024-09-12	natverse1.virtualflybrain.org	/	0	1	3
2024-09-12	natverse2.virtualflybrain.org	/	0	1	3
2024-09-12	natverse3.virtualflybrain.org	/	0	1	3
2024-09-12	natverse4.virtualflybrain.org	/	0	1	4
2024-09-12	natverse5.virtualflybrain.org	/	0	1	2
2024-09-12	owl-dev.virtualflybrain.org	/	0	1	4
2024-09-12	owl.virtualflybrain.org	/	0	1	4
2024-09-12	pdb.p2.virtualflybrain.org	/	0	1	5
2024-09-12	pdb.u3.virtualflybrain.org	/	0	1	6
2024-09-12	sb.virtualflybrain.org	/	0	1	3
2024-09-12	sb2.virtualflybrain.orgherd.virtualflybrain.org	/	0	1	3
2024-09-12	smtp.virtualflybrain.org	/	0	1	3
2024-09-12	solr-dev.virtualflybrain.org	/	0	1	3
2024-09-12	solr.p2.virtualflybrain.org	/	0	1	3
2024-09-12	solr.virtualflybrain.org	/	0	2	7
2024-09-12	v1.virtualflybrain.org	/	0	1	4
2024-09-12	v2-dev2.virtualflybrain.org	/	0	1	4
2024-09-12	v2-preview.virtualflybrain.org	/	0	1	3
2024-09-12	v2.virtualflybrain.org	/org.geppetto.frontend/geppetto	187	33	7514
2024-09-12	v2.virtualflybrain.org	/org.geppetto.frontend/org.geppetto.frontend	3	3	0
2024-09-12	v2test1.virtualflybrain.org	/	0	1	3
2024-09-12	vfb-connect.readthedocs.io	/en/stable/	1	1	29
2024-09-12	vfb-connect.readthedocs.io	/en/stable/API_reference.html	2	1	0
2024-09-12	vfbblog.inf.ed.ac.uk	/	0	1	3
2024-09-12	virtualflybrain.org	/	4	4	33
2024-09-12	virtualflybrain.org	/about/	1	1	14
2024-09-12	virtualflybrain.org	/docs/	1	1	13
2024-09-12	virtualflybrain.org	/docs/overview/	2	1	13
2024-09-12	virtualflybrain.org	/docs/tutorials/apis/1_datatypes/	1	1	53
2024-09-12	vnc.catmaid.virtualflybrain.org	/	0	1	3
2024-09-12	webmail.virtualflybrain.org	/	0	1	4
2024-09-12	webtop.virtualflybrain.org	/	0	1	4
2024-09-12	www.virtualflybrain.org	/	36	27	201
2024-09-12	www.virtualflybrain.org	/about/	5	3	70
2024-09-12	www.virtualflybrain.org	/about/members/	1	1	0
2024-09-12	www.virtualflybrain.org	/about/whatisvfb/	1	1	15
2024-09-12	www.virtualflybrain.org	/blog/2022/01/01/1-1i-fbbt_00001458/	1	1	27
2024-09-12	www.virtualflybrain.org	/blog/2022/01/01/1-1i-of-thorax-fbbt_00001459/	1	1	12
2024-09-12	www.virtualflybrain.org	/blog/2022/01/01/pgal4-ninae.gmr-fbtp0001315/	1	1	4
2024-09-12	www.virtualflybrain.org	/blog/2024/04/30/new-split-gal4-report-pages-on-flybase/	1	1	0
2024-09-12	www.virtualflybrain.org	/blog/2024/08/25/vfb-workshop-bridging-connectomics-and-transcriptomics-at-neurofly-2024/	0	1	0
2024-09-12	www.virtualflybrain.org	/docs/	8	4	74
2024-09-12	www.virtualflybrain.org	/docs/concepts/bridging/	1	1	31
2024-09-12	www.virtualflybrain.org	/docs/concepts/splits/	1	1	6
2024-09-12	www.virtualflybrain.org	/docs/concepts/templates/	1	1	6
2024-09-12	www.virtualflybrain.org	/docs/contribution-guidelines/expanding_vfbconnect_queries/	1	1	11
2024-09-12	www.virtualflybrain.org	/docs/getting-started/	1	1	6
2024-09-12	www.virtualflybrain.org	/docs/getting-started/circuitbrowser/	1	1	8
2024-09-12	www.virtualflybrain.org	/docs/getting-started/thumbnails/	5	2	74
2024-09-12	www.virtualflybrain.org	/docs/overview/	2	2	15
2024-09-12	www.virtualflybrain.org	/docs/tutorials/	2	2	11
2024-09-12	www.virtualflybrain.org	/docs/tutorials/apis/	2	2	50
2024-09-12	www.virtualflybrain.org	/docs/tutorials/apis/0_vfb_api_overview/	2	1	17
2024-09-12	www.virtualflybrain.org	/docs/tutorials/apis/1_datatypes/	2	2	6
2024-09-12	www.virtualflybrain.org	/docs/tutorials/apis/4_nblast/	1	1	32
2024-09-12	www.virtualflybrain.org	/docs/tutorials/apis/connectome/	1	1	7
2024-09-12	www.virtualflybrain.org	/docs/tutorials/apis/connectome/3_visualisation/	1	1	26
2024-09-12	www.virtualflybrain.org	/docs/tutorials/apis/connectome/5_nblast/	2	1	58
2024-09-12	www.virtualflybrain.org	/docs/tutorials/apis/connectome/tools/	1	1	23
2024-09-12	www.virtualflybrain.org	/docs/tutorials/apis/solr/	1	1	0
2024-09-12	www.virtualflybrain.org	/site/stacks/index.htm	1	1	2
2024-09-12	www.virtualflybrain.org	/tags/3d/	1	1	3
2024-09-12	www.virtualflybrain.org	/term/adult-cb0870-neuron-fbbt_20004566/	1	1	11
2024-09-12	www.virtualflybrain.org	/term/adult-hul010-neuron-of-ventral-nerve-cord-fbbt_00052925/	1	1	0
2024-09-12	www.virtualflybrain.org	/term/ame19a-vfb_jrch0ce0/	1	1	32
2024-09-12	www.virtualflybrain.org	/term/dorsal-giant-horizontal-cell-hsn-fbbt_00003918/	1	1	10
2024-09-12	www.virtualflybrain.org	/term/extended_intronic_splice_region_variant-so_0001995/	1	1	22
2024-09-12	www.virtualflybrain.org	/term/ig_c_gene-so_0002123/	1	1	0
2024-09-12	www.virtualflybrain.org	/term/immature-transmedullary-y-neuron-tmy14-fbbt_00052336/	1	1	47
2024-09-12	www.virtualflybrain.org	/term/jrc_ss02256_brain_2020__1-vfb_00103132/	1	1	6
2024-09-12	www.virtualflybrain.org	/term/mbon21y4y5pvl06_l-flyem-hb985813153-vfb_jrchk0f9/	1	1	4
2024-09-12	www.virtualflybrain.org	/term/pvt040009-gal4-fbtp0106018/	1	1	4
2024-09-12	www.virtualflybrain.org	/term/trnaser-gct-2-1-fbgn0011970/	1	1	0
2024-09-13		/org.geppetto.frontend/geppetto	1701	30	2671
2024-09-13	123456789abcdefghijklmnopq.v2.virtualflybrain.org	/	0	1	10
2024-09-13	12877200-fe3e-43bd-bf43-557c75765038.virtualflybrain.org	/	0	1	3
2024-09-13	129.215.197.144	/	1	2	6
2024-09-13	61d21a5c-c24c-4060-9a1d-185c49b8cd22.virtualflybrain.org	/	0	1	4
2024-09-13	8c212b03-94d4-4b64-b132-a3ddc580239c.virtualflybrain.org	/	0	1	5
2024-09-13	8fe35b9b-0117-41a9-a316-ec54860cf39e.catmaid.virtualflybrain.org	/	0	1	9
2024-09-13	981gwa2l.virtualflybrain.org	/	0	1	4
2024-09-13	a.bb.ccc.dddd.nblast.virtualflybrain.org	/	0	1	4
2024-09-13	admin.virtualflybrain.org	/	0	1	2
2024-09-13	blanik-jenkins.virtualflybrain.org	/	0	1	4
2024-09-13	blog.virtualflybrain.org	/	0	1	6
2024-09-13	bocian-jenkins.virtualflybrain.org	/	1	2	4
2024-09-13	build.virtualflybrain.org	/	0	1	2
2024-09-13	geppetto.virtualflybrain.org	/	0	1	4
2024-09-13	grafana.virtualflybrain.org	/	0	1	11
2024-09-13	hugo.virtualflybrain.org	/	0	1	3
2024-09-13	i3vnc.catmaid.virtualflybrain.org	/	0	1	6
2024-09-13	jitsi.virtualflybrain.org	/	0	1	3
2024-09-13	karenin-jenkins.virtualflybrain.org	/	0	1	7
2024-09-13	kbw.virtualflybrain.org	/	0	1	5
2024-09-13	larval-app1.virtualflybrain.org	/	0	1	3
2024-09-13	larval.virtualflybrain.org	/	0	1	4
2024-09-13	mail.virtualflybrain.org	/	0	2	8
2024-09-13	meet.virtualflybrain.org	/	1	1	0
2024-09-13	monitor.virtualflybrain.org	/	0	1	5
2024-09-13	natverse1.virtualflybrain.org	/	0	1	4
2024-09-13	natverse2.virtualflybrain.org	/	0	1	8
2024-09-13	natverse3.virtualflybrain.org	/	0	1	9
2024-09-13	natverse4.virtualflybrain.org	/	0	1	2
2024-09-13	natverse5.virtualflybrain.org	/	0	1	3
2024-09-13	nblast.virtualflybrain.org	/	0	1	4
2024-09-13	owl-dev.virtualflybrain.org	/	0	1	13
2024-09-13	pdb.p2.virtualflybrain.org	/	0	1	3
2024-09-13	pdb.u3.virtualflybrain.org	/	0	1	4
2024-09-13	pdl.virtualflybrain.org	/	0	1	12
2024-09-13	pgadmin.virtualflybrain.org	/	0	1	4
2024-09-13	r.virtualflybrain.org	/	0	1	9
2024-09-13	sb1.virtualflybrain.org	/	0	2	9
2024-09-13	sb2.virtualflybrain.org	/	0	1	11
2024-09-13	sb2.virtualflybrain.orgherd.virtualflybrain.org	/	0	1	8
2024-09-13	solr-alpha.virtualflybrain.org	/	0	1	8
2024-09-13	solr-dev.virtualflybrain.org	/	0	1	7
2024-09-13	solr.p2.virtualflybrain.org	/	0	1	4
2024-09-13	solr.virtualflybrain.org	/	0	1	7
2024-09-13	sourcream.inf.ed.ac.uk	/	0	1	14
2024-09-13	v1.virtualflybrain.org	/	0	1	4
2024-09-13	v2-dev.virtualflybrain.org	/org.geppetto.frontend/geppetto	0	1	10
2024-09-13	v2-preview.virtualflybrain.org	/	0	1	3
2024-09-13	v2.virtualflybrain.org	/org.geppetto.frontend/geppetto	185	34	8340
2024-09-13	v2.virtualflybrain.org	/org.geppetto.frontend/org.geppetto.frontend	1	1	0
2024-09-13	vfb-connect.readthedocs.io	/	1	1	23
2024-09-13	vfb-connect.readthedocs.io	/en/stable/	1	1	0
2024-09-13	vfb-connect.readthedocs.io	/en/stable/tutorials/vfb_terms.html	1	1	6
2024-09-13	virtualflybrain.org	/	5	5	2
2024-09-13	vnc.catmaid.virtualflybrain.org	/	0	1	2
2024-09-13	webmail.virtualflybrain.org	/	0	1	4
2024-09-13	webtop.virtualflybrain.org	/	0	1	4
2024-09-13	what.website.fafb.catmaid.virtualflybrain.org	/	0	1	12
2024-09-13	www.v2.virtualflybrain.org	/	0	1	4
2024-09-13	www.virtualflybrain.org	/	27	23	172
2024-09-13	www.virtualflybrain.org	/about/	1	1	0
2024-09-13	www.virtualflybrain.org	/about/citeus/	1	2	0
2024-09-13	www.virtualflybrain.org	/about/contactus/	1	1	0
2024-09-13	www.virtualflybrain.org	/about/whatisvfb/	1	1	0
2024-09-13	www.virtualflybrain.org	/blog/1/01/01/janelia-flylight/	1	1	3
2024-09-13	www.virtualflybrain.org	/blog/2022/01/01/jrc_lh1614_brain_2020__2-vfb_00102979/	1	1	53
2024-09-13	www.virtualflybrain.org	/blog/2022/01/01/pdome-lacz.meso-expression-pattern-vfbexp_fbtp0022619/	1	1	8
2024-09-13	www.virtualflybrain.org	/blog/2022/01/01/pvt049483-gal4-fbtp0105932/	1	1	14
2024-09-13	www.virtualflybrain.org	/blog/2022/01/01/vfb-content-report/	1	1	1
2024-09-13	www.virtualflybrain.org	/blog/news/	1	1	0
2024-09-13	www.virtualflybrain.org	/blog/releases/catmaid/l1em/	3	2	3
2024-09-13	www.virtualflybrain.org	/blog/releases/ontologies/flybase/	1	1	0
2024-09-13	www.virtualflybrain.org	/docs/	5	5	18
2024-09-13	www.virtualflybrain.org	/docs/concepts/templates/	1	1	8
2024-09-13	www.virtualflybrain.org	/docs/overview/	1	1	2
2024-09-13	www.virtualflybrain.org	/docs/tutorials/apis/	2	1	3
2024-09-13	www.virtualflybrain.org	/search/	2	1	33
2024-09-13	www.virtualflybrain.org	/tags/expression_pattern/	4	1	0
2024-09-13	www.virtualflybrain.org	/tags/fafb/	1	1	4
2024-09-13	www.virtualflybrain.org	/tags/fbti/	1	1	2
2024-09-13	www.virtualflybrain.org	/term/akt-fbgn0010379/	1	1	1
2024-09-13	www.virtualflybrain.org	/term/cg14756-fbgn0033275/	1	1	12
2024-09-13	www.virtualflybrain.org	/term/jrc_r73b10_gal4_brain_20101120-vfb_00100zrj/	1	1	27
2024-09-13	www.virtualflybrain.org	/term/pr51c07-gal4.dbd-pr13e04-p65.ad-expression-pattern-vfbexp_fbtp0121899fbtp0118225/	1	1	10
2024-09-13	www.virtualflybrain.org	/term/pvt060202-gal4.dbd-pvt018764-p65.ad-expression-pattern-vfbexp_fbtp0125076fbtp0119886/	1	1	1
2024-09-14		/org.geppetto.frontend/geppetto	311	13	125
2024-09-14	981gwa2l.virtualflybrain.org	/	0	1	3
2024-09-14	api.virtualflybrain.org	/	0	1	9
2024-09-14	blanik-jenkins.virtualflybrain.org	/	0	1	2
2024-09-14	blog.virtualflybrain.org	/	0	1	3
2024-09-14	bocian-jenkins.virtualflybrain.org	/	1	2	4
2024-09-14	build.virtualflybrain.org	/	0	1	4
2024-09-14	buttermilk.inf.ed.ac.uk	/blog/2022/01/01/chorionic-plate-uberon_0004027/	1	1	1
2024-09-14	debug.virtualflybrain.org	/	0	1	4
2024-09-14	dev.virtualflybrain.org	/	0	1	3
2024-09-14	geppetto.virtualflybrain.org	/	0	1	4
2024-09-14	grafana.virtualflybrain.org	/	0	1	3
2024-09-14	i3vnc.catmaid.virtualflybrain.org	/	0	1	4
2024-09-14	jitsi.virtualflybrain.org	/	0	1	8
2024-09-14	jupyter.virtualflybrain.org	/	0	1	2
2024-09-14	kbw.virtualflybrain.org	/	0	1	2
2024-09-14	larval-app1.virtualflybrain.org	/	0	1	2
2024-09-14	larval.virtualflybrain.org	/	0	2	6
2024-09-14	meet.virtualflybrain.org	/	0	1	4
2024-09-14	monitor.virtualflybrain.org	/	0	1	3
2024-09-14	natverse2.virtualflybrain.org	/	0	1	6
2024-09-14	natverse3.virtualflybrain.org	/	0	1	4
2024-09-14	natverse4.virtualflybrain.org	/	0	1	3
2024-09-14	natverse5.virtualflybrain.org	/	0	1	9
2024-09-14	nblast.virtualflybrain.org	/	0	1	8
2024-09-14	owl-dev.virtualflybrain.org	/	0	1	4
2024-09-14	owl.virtualflybrain.org	/	0	1	5
2024-09-14	p2.virtualflybrain.org	/	0	1	5
2024-09-14	pdb.p2.virtualflybrain.org	/	0	1	3
2024-09-14	pdb.u3.virtualflybrain.org	/	0	1	6
2024-09-14	pdl.virtualflybrain.org	/	0	1	4
2024-09-14	pgadmin.virtualflybrain.org	/	0	1	4
2024-09-14	r.virtualflybrain.org	/	0	1	2
2024-09-14	sb.virtualflybrain.org	/	0	1	3
2024-09-14	sb1.virtualflybrain.org	/	0	1	4
2024-09-14	sb2.virtualflybrain.org	/	0	1	4
2024-09-14	sb2.virtualflybrain.orgherd.virtualflybrain.org	/	0	1	2
2024-09-14	solr.p2.virtualflybrain.org	/	0	1	4
2024-09-14	solr.virtualflybrain.org	/	0	1	3
2024-09-14	test-abd1.5.catmaid.virtualflybrain.org	/	0	1	4
2024-09-14	v1-5.virtualflybrain.org	/	0	1	4
2024-09-14	v1.virtualflybrain.org	/	0	1	9
2024-09-14	v2-preview.virtualflybrain.org	/	0	1	2
2024-09-14	v2.virtualflybrain.org	/org.geppetto.frontend/geppetto	97	16	1835
2024-09-14	v2test1.virtualflybrain.org	/	0	1	3
2024-09-14	virtualflybrain.org	/	2	3	6
2024-09-14	vnc.catmaid.virtualflybrain.org	/	0	1	5
2024-09-14	webtop.virtualflybrain.org	/	0	1	5
2024-09-14	www.virtualflybrain.org	/	6	6	44
2024-09-14	www.virtualflybrain.org	/about/	1	1	0
2024-09-14	www.virtualflybrain.org	/about/citeus/	0	1	2
2024-09-14	www.virtualflybrain.org	/about/whatisvfb/	0	1	18
2024-09-14	www.virtualflybrain.org	/blog/releases/catmaid/fafb/	1	1	4
2024-09-14	www.virtualflybrain.org	/blog/releases/catmaid/fanc/	1	0	0
2024-09-14	www.virtualflybrain.org	/categories/tutorials/	0	1	2
2024-09-14	www.virtualflybrain.org	/docs/contribution-guidelines/	0	1	0
2024-09-14	www.virtualflybrain.org	/docs/getting-started/	0	1	9
2024-09-14	www.virtualflybrain.org	/tags/clone/	1	1	6
2024-09-14	www.virtualflybrain.org	/term/cyca-fbgn0000404/	1	1	6
2024-09-14	www.virtualflybrain.org	/term/gmr-85a07-flp-5-1-vfb_00058393/	1	1	5
2024-09-14	www.virtualflybrain.org	/term/lc20-optic-glomerulus-fbbt_00052662/	1	1	23
2024-09-14	www.virtualflybrain.org	/term/pvt003228-gal4.dbd-pvt044958-p65.ad-expression-pattern-vfbexp_fbtp0122685fbtp0120632/	1	1	0
2024-09-14	www.virtualflybrain.org	/term/pvt037867-gal...	1	1	6
2024-09-15		/org.geppetto.frontend/geppetto	127	6	99
2024-09-15	123456789abcdefghijklmnopq.virtualflybrain.org	/	0	1	5
2024-09-15	12877200-fe3e-43bd-bf43-557c75765038.virtualflybrain.org	/	0	1	2
2024-09-15	129.215.197.101	/	0	1	3
2024-09-15	129.215.197.144	/	1	1	0
2024-09-15	129.215.197.147	/	0	1	3
2024-09-15	482bm8l9immm8z9tw8t4k.virtualflybrain.org	/	0	1	3
2024-09-15	511e8a24-c663-48f5-9858-cee6c49e3718.virtualflybrain.org	/	0	1	4
2024-09-15	76e1bce3-27a5-406f-81cd-32f1152396af.virtualflybrain.org	/	0	1	2
2024-09-15	981gwa2l.virtualflybrain.org	/	0	2	10
2024-09-15	a.bb.ccc.dddd.nblast.virtualflybrain.org	/	0	1	2
2024-09-15	admin.virtualflybrain.org	/	0	1	2
2024-09-15	blanik-jenkins.virtualflybrain.org	/	0	1	4
2024-09-15	blog.virtualflybrain.org	/	0	1	5
2024-09-15	bocian-jenkins.virtualflybrain.org	/	1	1	0
2024-09-15	buttermilk.inf.ed.ac.uk	/	1	1	7
2024-09-15	chive.inf.ed.ac.uk	/	1	1	8
2024-09-15	debug.virtualflybrain.org	/	0	1	3
2024-09-15	dev.virtualflybrain.org	/	0	1	3
2024-09-15	dill.inf.ed.ac.uk	/	1	2	16
2024-09-15	geppetto-dev1.virtualflybrain.org	/	0	1	4
2024-09-15	geppetto.virtualflybrain.org	/	0	1	4
2024-09-15	grafana.virtualflybrain.org	/	0	1	8
2024-09-15	herd.virtualflybrain.org	/	0	1	4
2024-09-15	hugo.virtualflybrain.org	/	0	1	3
2024-09-15	ids.virtualflybrain.org	/	0	1	4
2024-09-15	jupyter.virtualflybrain.org	/	0	1	6
2024-09-15	karenin-jenkins.virtualflybrain.org	/	0	1	8
2024-09-15	kbw.virtualflybrain.org	/	0	1	11
2024-09-15	larval-app1.virtualflybrain.org	/	0	1	4
2024-09-15	larval.virtualflybrain.org	/	0	2	7
2024-09-15	mayo.inf.ed.ac.uk	/	1	1	10
2024-09-15	mysql.virtualflybrain.org	/	0	1	3
2024-09-15	natverse.virtualflybrain.org	/	0	1	6
2024-09-15	natverse1.virtualflybrain.org	/	0	1	9
2024-09-15	natverse2.virtualflybrain.org	/	0	1	5
2024-09-15	natverse4.virtualflybrain.org	/	0	1	4
2024-09-15	natverse5.virtualflybrain.org	/	0	1	4
2024-09-15	owl.virtualflybrain.org	/	0	1	4
2024-09-15	parsley.inf.ed.ac.uk	/	1	1	12
2024-09-15	pdb.p2.virtualflybrain.org	/	0	1	5
2024-09-15	pdb.u3.virtualflybrain.org	/	0	1	5
2024-09-15	sb.virtualflybrain.org	/	0	1	6
2024-09-15	sb1.virtualflybrain.org	/	0	1	4
2024-09-15	smtp.virtualflybrain.org	/	0	1	11
2024-09-15	solr-dev.virtualflybrain.org	/	0	1	3
2024-09-15	solr.p2.virtualflybrain.org	/	0	1	5
2024-09-15	solr.virtualflybrain.org	/	0	2	9
2024-09-15	sourcream.inf.ed.ac.uk	/	1	1	14
2024-09-15	ubuntu.virtualflybrain.org	/	0	1	4
2024-09-15	v1.virtualflybrain.org	/	0	1	3
2024-09-15	v2-dev2.virtualflybrain.org	/	0	1	3
2024-09-15	v2-preview.virtualflybrain.org	/	0	1	2
2024-09-15	v2.virtualflybrain.org	/	1	1	0
2024-09-15	v2.virtualflybrain.org	/org.geppetto.frontend/geppetto	24	8	254
2024-09-15	v2.virtualflybrain.org	/org.geppetto.frontend/geppetto/VFB_00101567	1	1	0
2024-09-15	v2.virtualflybrain.org	/org.geppetto.frontend/geppetto/geppetto/build/static/geppetto/build/static/geppetto/build/static/geppetto/build/static/geppetto/build/static/geppetto/build/static/geppetto/build/static/geppetto/build/static/geppetto/build/static/geppetto/build/static/geppetto/build/static/geppetto/build/static/geppetto/build/static/splash.gif	1	1	0
2024-09-15	v2.virtualflybrain.org	/org.geppetto.frontend/geppetto/geppetto/build/static/geppetto/build/static/geppetto/build/static/geppetto/build/static/geppetto/build/static/geppetto/build/static/geppetto/build/static/geppetto/build/static/geppetto/build/static/geppetto/build/static/geppetto/build/static/geppetto/build/static/splash.gif	1	1	0
2024-09-15	v2.virtualflybrain.org	/org.geppetto.frontend/geppetto/geppetto/build/static/geppetto/build/static/geppetto/build/static/geppetto/build/static/geppetto/build/static/geppetto/build/static/geppetto/build/static/geppetto/build/static/geppetto/build/static/geppetto/build/static/geppetto/build/static/splash.gif	1	1	0
2024-09-15	v2.virtualflybrain.org	/org.geppetto.frontend/geppetto/geppetto/build/static/geppetto/build/static/geppetto/build/static/geppetto/build/static/geppetto/build/static/geppetto/build/static/geppetto/build/static/geppetto/build/static/geppetto/build/static/geppetto/build/static/splash.gif	1	1	0
2024-09-15	v2.virtualflybrain.org	/org.geppetto.frontend/geppetto/geppetto/build/static/geppetto/build/static/geppetto/build/static/geppetto/build/static/geppetto/build/static/geppetto/build/static/geppetto/build/static/geppetto/build/static/geppetto/build/static/splash.gif	1	1	0
2024-09-15	v2.virtualflybrain.org	/org.geppetto.frontend/geppetto/geppetto/build/static/geppetto/build/static/geppetto/build/static/geppetto/build/static/geppetto/build/static/geppetto/build/static/geppetto/build/static/geppetto/build/static/splash.gif	1	1	0
2024-09-15	v2.virtualflybrain.org	/org.geppetto.frontend/geppetto/geppetto/build/static/geppetto/build/static/geppetto/build/static/geppetto/build/static/geppetto/build/static/geppetto/build/static/geppetto/build/static/splash.gif	1	1	0
2024-09-15	v2.virtualflybrain.org	/org.geppetto.frontend/geppetto/geppetto/build/static/geppetto/build/static/geppetto/build/static/geppetto/build/static/geppetto/build/static/geppetto/build/static/splash.gif	1	1	0
2024-09-15	v2.virtualflybrain.org	/org.geppetto.frontend/geppetto/geppetto/build/static/geppetto/build/static/geppetto/build/static/geppetto/build/static/geppetto/build/static/splash.gif	1	1	0
2024-09-15	v2.virtualflybrain.org	/org.geppetto.frontend/geppetto/geppetto/build/static/geppetto/build/static/geppetto/build/static/geppetto/build/static/splash.gif	1	1	0
2024-09-15	v2.virtualflybrain.org	/org.geppetto.frontend/geppetto/geppetto/build/static/geppetto/build/static/geppetto/build/static/splash.gif	1	1	0
2024-09-15	v2.virtualflybrain.org	/org.geppetto.frontend/geppetto/geppetto/build/static/geppetto/build/static/splash.gif	1	1	0
2024-09-15	v2.virtualflybrain.org	/org.geppetto.frontend/geppetto/geppetto/build/static/splash.gif	1	1	0
2024-09-15	v2test1.virtualflybrain.org	/	0	1	9
2024-09-15	virtualflybrain.org	/	1	2	6
2024-09-15	webtop.virtualflybrain.org	/	0	1	4
2024-09-15	www.virtualflybrain.org	/	5	5	41
2024-09-15	www.virtualflybrain.org	/about/cite/	1	1	14
2024-09-15	www.virtualflybrain.org	/blog/2024/08/25/vfb-workshop-bridging-connectomics-and-transcriptomics-at-neurofly-2024/	1	1	0
2024-09-15	www.virtualflybrain.org	/blog/releases/catmaid/fanc/	0	1	48
2024-09-15	www.virtualflybrain.org	/term/adult-superior-lateral-protocerebrum-neuron-260-fbbt_20002654/	1	1	0
2024-09-16		/org.geppetto.frontend/geppetto	1037	27	1012
2024-09-16	123456789abcdefghijklmnopq.virtualflybrain.org	/	0	1	4
2024-09-16	12877200-fe3e-43bd-bf43-557c75765038.virtualflybrain.org	/	0	1	4
2024-09-16	129.215.197.101	/	0	1	3
2024-09-16	482bm8l9immm8z9tw8t4k.virtualflybrain.org	/	0	1	7
2024-09-16	511e8a24-c663-48f5-9858-cee6c49e3718.virtualflybrain.org	/	0	1	4
2024-09-16	6ca6ec05-0e7c-414b-ab69-6aba90258b6b.virtualflybrain.org	/	0	1	10
2024-09-16	76e1bce3-27a5-406f-81cd-32f1152396af.virtualflybrain.org	/	0	1	7
2024-09-16	981gwa2l.virtualflybrain.org	/	0	3	9
2024-09-16	a.bb.ccc.dddd.nblast.virtualflybrain.org	/	0	1	11
2024-09-16	admin.virtualflybrain.org	/	0	1	4
2024-09-16	blog.virtualflybrain.org	/	0	1	6
2024-09-16	bocian-jenkins.virtualflybrain.org	/	1	2	5
2024-09-16	debug.virtualflybrain.org	/	0	1	4
2024-09-16	dev.virtualflybrain.org	/	0	1	3
2024-09-16	dill.inf.ed.ac.uk	/	0	1	4
2024-09-16	flybrain.mrc-lmb.cam.ac.uk	/si/nblast/www/	1	1	78
2024-09-16	geppetto-dev1.virtualflybrain.org	/	0	1	7
2024-09-16	geppetto.virtualflybrain.org	/	0	1	5
2024-09-16	grafana.virtualflybrain.org	/	0	1	3
2024-09-16	hugo.virtualflybrain.org	/	0	1	4
2024-09-16	i3vnc.catmaid.virtualflybrain.org	/	0	1	11
2024-09-16	jitsi.virtualflybrain.org	/	0	1	4
2024-09-16	jupyter.virtualflybrain.org	/	0	1	5
2024-09-16	karenin-jenkins.virtualflybrain.org	/	0	2	8
2024-09-16	kbw.virtualflybrain.org	/	0	1	3
2024-09-16	larval.virtualflybrain.org	/	0	1	8
2024-09-16	mail.virtualflybrain.org	/	0	1	3
2024-09-16	meet.virtualflybrain.org	/	1	2	3
2024-09-16	natverse1.virtualflybrain.org	/	0	1	11
2024-09-16	natverse2.virtualflybrain.org	/	0	1	5
2024-09-16	natverse3.virtualflybrain.org	/	0	1	4
2024-09-16	natverse4.virtualflybrain.org	/	0	1	4
2024-09-16	natverse5.virtualflybrain.org	/	0	1	3
2024-09-16	pdb.p2.virtualflybrain.org	/	0	1	4
2024-09-16	pdb.u3.virtualflybrain.org	/	0	1	3
2024-09-16	raw.larval.flylight.virtualflybrain.org	/	1	1	0
2024-09-16	sb.virtualflybrain.org	/	0	1	4
2024-09-16	sb1.virtualflybrain.org	/	0	1	3
2024-09-16	sb2.virtualflybrain.orgherd.virtualflybrain.org	/	0	1	10
2024-09-16	smtp.virtualflybrain.org	/	0	1	4
2024-09-16	solr-dev.virtualflybrain.org	/	0	1	5
2024-09-16	solr.p2.virtualflybrain.org	/	0	1	3
2024-09-16	solr.virtualflybrain.org	/	0	1	4
2024-09-16	v2-dev2.virtualflybrain.org	/	0	1	7
2024-09-16	v2-preview.virtualflybrain.org	/	0	1	3
2024-09-16	v2.virtualflybrain.org	/org.geppetto.frontend/geppetto	166	28	3672
2024-09-16	v2test1.virtualflybrain.org	/	0	1	4
2024-09-16	virtualflybrain.org	/	8	10	52
2024-09-16	virtualflybrain.org	/docs/	1	1	3
2024-09-16	virtualflybrain.org	/docs/getting-started/	1	1	2
2024-09-16	virtualflybrain.org	/docs/getting-started/3dviewer/	1	1	9
2024-09-16	virtualflybrain.org	/docs/getting-started/circuitbrowser/	1	1	7
2024-09-16	virtualflybrain.org	/docs/getting-started/overview/	1	1	10
2024-09-16	virtualflybrain.org	/docs/getting-started/similarityscore/	1	1	0
2024-09-16	virtualflybrain.org	/docs/getting-started/sliceviewer/	1	1	6
2024-09-16	vnc.catmaid.virtualflybrain.org	/	0	1	8
2024-09-16	webmail.virtualflybrain.org	/	0	1	10
2024-09-16	webtop.virtualflybrain.org	/	0	1	2
2024-09-16	www.virtualflybrain.org	/	23	21	268
2024-09-16	www.virtualflybrain.org	/about/	5	5	49
2024-09-16	www.virtualflybrain.org	/about/citeus/	2	2	42
2024-09-16	www.virtualflybrain.org	/about/collaborators/	1	1	15
2024-09-16	www.virtualflybrain.org	/about/contactus/	2	2	4
2024-09-16	www.virtualflybrain.org	/about/members/	3	3	30
2024-09-16	www.virtualflybrain.org	/about/whatisvfb/	1	1	1
2024-09-16	www.virtualflybrain.org	/blog/	1	1	31
2024-09-16	www.virtualflybrain.org	/blog/2022/01/01/vfb-content-report/	2	2	1
2024-09-16	www.virtualflybrain.org	/blog/2024/03/19/larval-split-gal4-line-raw-images-release/	1	1	10
2024-09-16	www.virtualflybrain.org	/blog/2024/08/25/vfb-workshop-bridging-connectomics-and-transcriptomics-at-neurofly-2024/	1	1	0
2024-09-16	www.virtualflybrain.org	/blog/news/	1	1	0
2024-09-16	www.virtualflybrain.org	/blog/releases/catmaid/	2	1	18
2024-09-16	www.virtualflybrain.org	/blog/releases/catmaid/fafb/	1	1	39
2024-09-16	www.virtualflybrain.org	/blog/releases/catmaid/fanc/	2	2	85
2024-09-16	www.virtualflybrain.org	/blog/releases/catmaid/l1em/	4	4	9
2024-09-16	www.virtualflybrain.org	/docs/	4	4	59
2024-09-16	www.virtualflybrain.org	/docs/examples/	2	2	33
2024-09-16	www.virtualflybrain.org	/docs/getting-started/bulkdownloads/	1	0	0
2024-09-16	www.virtualflybrain.org	/docs/getting-started/circuitbrowser/	1	1	33
2024-09-16	www.virtualflybrain.org	/docs/getting-started/overview/	1	1	3
2024-09-16	www.virtualflybrain.org	/docs/getting-started/sliceviewer/	2	1	10
2024-09-16	www.virtualflybrain.org	/docs/getting-started/terminfo/	1	1	0
2024-09-16	www.virtualflybrain.org	/docs/overview/	2	1	11
2024-09-16	www.virtualflybrain.org	/docs/tutorials/apis/	1	1	208
2024-09-16	www.virtualflybrain.org	/docs/tutorials/apis/apiimagedownload/	1	1	67
2024-09-16	www.virtualflybrain.org	/docs/tutorials/apis/connectome/tools/	1	1	176
2024-09-16	www.virtualflybrain.org	/docs/tutorials/apis/solr/	1	1	0
2024-09-16	www.virtualflybrain.org	/docs/tutorials/apis/vfbconnect_neuron_display/	4	1	13
2024-09-16	www.virtualflybrain.org	/search/	5	2	50
2024-09-16	www.virtualflybrain.org	/term/embryonic-stage-16-fbdv_00005334/	1	0	0
2024-09-16	www.virtualflybrain.org	/term/gmr-20c05-flp-36-1-vfb_00061234/	1	1	7
2024-09-16	www.virtualflybrain.org	/term/jrc_ss52313_brain_2020__1-vfb_00104278/	1	1	8
2024-09-16	www.virtualflybrain.org	/term/pr72g06-gal4.dbd-pbacr84c10-p65.ad-expression-pattern-vfbexp_fbtp0122204fbtp0161132/	1	1	3
2024-09-16	www.virtualflybrain.org	/term/pr84c10-gal4.dbd-pr72g06-p65.ad-expression-pattern-vfbexp_fbtp0122385fbtp0161096/	1	1	4
2024-09-17		/org.geppetto.frontend/geppetto	1066	37	788
2024-09-17	123456789abcdefghijklmnopq.v2.virtualflybrain.org	/	0	1	5
2024-09-17	12877200-fe3e-43bd-bf43-557c75765038.virtualflybrain.org	/	0	1	3
2024-09-17	129.215.197.144	/	0	1	9
2024-09-17	129.215.197.147	/	1	1	0
2024-09-17	61d21a5c-c24c-4060-9a1d-185c49b8cd22.virtualflybrain.org	/	0	1	4
2024-09-17	8c212b03-94d4-4b64-b132-a3ddc580239c.virtualflybrain.org	/	0	1	5
2024-09-17	8fe35b9b-0117-41a9-a316-ec54860cf39e.catmaid.virtualflybrain.org	/	0	1	3
2024-09-17	a.bb.ccc.dddd.nblast.virtualflybrain.org	/	0	1	4
2024-09-17	admin.virtualflybrain.org	/	0	1	3
2024-09-17	api.virtualflybrain.org	/	0	1	3
2024-09-17	blanik-jenkins.virtualflybrain.org	/	0	1	10
2024-09-17	blog.virtualflybrain.org	/	0	1	4
2024-09-17	bocian-jenkins.virtualflybrain.org	/	0	2	14
2024-09-17	build.virtualflybrain.org	/	0	2	6
2024-09-17	buttermilk.inf.ed.ac.uk	/blog/2022/01/01/an07b035_t3_l-manc13691-vfb_jrcv0akb/	2	1	24
2024-09-17	debug.virtualflybrain.org	/	0	1	4
2024-09-17	dev.virtualflybrain.org	/	0	1	3
2024-09-17	geppetto-dev1.virtualflybrain.org	/	0	1	4
2024-09-17	geppetto.virtualflybrain.org	/	0	2	17
2024-09-17	grafana.virtualflybrain.org	/	0	2	8
2024-09-17	i3vnc.catmaid.virtualflybrain.org	/	0	2	7
2024-09-17	jitsi.virtualflybrain.org	/	0	2	8
2024-09-17	jupyter.virtualflybrain.org	/	0	1	3
2024-09-17	karenin-jenkins.virtualflybrain.org	/	0	2	12
2024-09-17	kbw.virtualflybrain.org	/	0	1	3
2024-09-17	larval-app1.virtualflybrain.org	/	0	2	8
2024-09-17	larval.virtualflybrain.org	/	0	1	3
2024-09-17	mail.virtualflybrain.org	/	0	1	3
2024-09-17	meet.virtualflybrain.org	/	0	1	6
2024-09-17	monitor.virtualflybrain.org	/	0	2	15
2024-09-17	natverse2.virtualflybrain.org	/	0	2	8
2024-09-17	natverse3.virtualflybrain.org	/	0	2	6
2024-09-17	natverse4.virtualflybrain.org	/	0	2	15
2024-09-17	natverse5.virtualflybrain.org	/	0	2	6
2024-09-17	nblast.virtualflybrain.org	/	0	2	7
2024-09-17	owl-dev.virtualflybrain.org	/	0	2	17
2024-09-17	owl.virtualflybrain.org	/	0	1	11
2024-09-17	p2.virtualflybrain.org	/	0	1	10
2024-09-17	pdb.p2.virtualflybrain.org	/	0	2	16
2024-09-17	pdb.u3.virtualflybrain.org	/	0	2	15
2024-09-17	pdl.virtualflybrain.org	/	0	1	10
2024-09-17	pgadmin.virtualflybrain.org	/	0	1	4
2024-09-17	query-preview.virtualflybrain.org	/	1	1	2
2024-09-17	r.virtualflybrain.org	/	0	2	6
2024-09-17	sb.virtualflybrain.org	/	0	2	5
2024-09-17	sb1.virtualflybrain.org	/	0	1	3
2024-09-17	sb2.virtualflybrain.org	/	0	2	14
2024-09-17	sb2.virtualflybrain.orgherd.virtualflybrain.org	/	0	1	3
2024-09-17	smtp.virtualflybrain.org	/	0	1	6
2024-09-17	solr-alpha.virtualflybrain.org	/	0	1	3
2024-09-17	solr-dev.virtualflybrain.org	/	0	2	7
2024-09-17	solr.p2.virtualflybrain.org	/	0	1	7
2024-09-17	solr.virtualflybrain.org	/	0	2	13
2024-09-17	sourcream.inf.ed.ac.uk	/	0	1	8
2024-09-17	v1.virtualflybrain.org	/	0	2	8
2024-09-17	v2-dev2.virtualflybrain.org	/	0	1	6
2024-09-17	v2-preview.virtualflybrain.org	/	0	1	4
2024-09-17	v2.virtualflybrain.org	/org.geppetto.frontend/geppetto	267	39	3116
2024-09-17	v2a.virtualflybrain.org	/org.geppetto.frontend/geppetto	1	1	1
2024-09-17	v2test1.virtualflybrain.org	/	0	1	5
2024-09-17	vfbblog.inf.ed.ac.uk	/	0	1	5
2024-09-17	virtualflybrain.org	/	6	6	5
2024-09-17	vnc.catmaid.virtualflybrain.org	/	0	2	8
2024-09-17	webmail.virtualflybrain.org	/	0	1	6
2024-09-17	webtop.virtualflybrain.org	/	0	1	6
2024-09-17	what.website.fafb.catmaid.virtualflybrain.org	/	0	1	7
2024-09-17	www.v2.virtualflybrain.org	/	0	1	4
2024-09-17	www.virtualflybrain.org	/	27	24	105
2024-09-17	www.virtualflybrain.org	/about/	2	2	19
2024-09-17	www.virtualflybrain.org	/about/whatisvfb/	1	1	12
2024-09-17	www.virtualflybrain.org	/blog/	1	1	6
2024-09-17	www.virtualflybrain.org	/blog/2022/01/01/posterior-vertical-bristle-fbbt_00004123/	1	1	14
2024-09-17	www.virtualflybrain.org	/blog/2024/08/25/vfb-workshop-bridging-connectomics-and-transcriptomics-at-neurofly-2024/	1	1	6
2024-09-17	www.virtualflybrain.org	/blog/releases/catmaid/	2	2	28
2024-09-17	www.virtualflybrain.org	/blog/releases/catmaid/fafb/	4	3	83
2024-09-17	www.virtualflybrain.org	/blog/releases/catmaid/fanc/	1	1	11
2024-09-17	www.virtualflybrain.org	/blog/releases/ontologies/uberon/	1	1	4
2024-09-17	www.virtualflybrain.org	/data/	1	1	3
2024-09-17	www.virtualflybrain.org	/docs/	1	1	8
2024-09-17	www.virtualflybrain.org	/docs/examples/circuit-diagram-of-the-mushroom-body/	1	1	9
2024-09-17	www.virtualflybrain.org	/docs/getting-started/3dviewer/	1	1	16
2024-09-17	www.virtualflybrain.org	/docs/getting-started/bulkdownloads/	1	1	0
2024-09-17	www.virtualflybrain.org	/docs/getting-started/circuitbrowser/	1	1	8
2024-09-17	www.virtualflybrain.org	/docs/getting-started/overview/	1	1	11
2024-09-17	www.virtualflybrain.org	/docs/tutorials/apis/1_datatypes/	1	0	0
2024-09-17	www.virtualflybrain.org	/docs/tutorials/apis/connectome/4_connectomics/	1	0	0
2024-09-17	www.virtualflybrain.org	/docs/tutorials/apis/solr/	2	2	27
2024-09-17	www.virtualflybrain.org	/term/adult-inner-optic-chiasma-giant-glial-cell-fbbt_00100527/	1	1	0
2024-09-17	www.virtualflybrain.org	/term/avicbsolgfpeaf-cpti000560-fbal0262283/	1	1	8
2024-09-17	www.virtualflybrain.org	/term/cg10936-fbgn0034253/	1	1	13
2024-09-17	www.virtualflybrain.org	/term/dopaminergic-ppl1-neuron-fbbt_00100219/	1	1	24
2024-09-17	www.virtualflybrain.org	/term/epimysium-uberon_0011899/	1	1	0
2024-09-17	www.virtualflybrain.org	/term/inferior-clamp-fbbt_00040049/	1	1	0
2024-09-17	www.virtualflybrain.org	/term/pgmr51f12-gal4-fbtp0060995/	1	1	3
2024-09-17	www.virtualflybrain.org	/term/red-bone-marrow-uberon_0000361/	1	1	0
2024-09-17	www.virtualflybrain.org	/term/response-to-norepinephrine-go_0071873/	1	1	0
2024-09-17	www.virtualflybrain.org	/term/rps12-fbgn0286213/	1	1	3
2024-09-17	www.virtualflybrain.org	/term/scerbsolgal4sage.pv-fbal0243796/	1	1	0
2024-09-17	www.virtualflybrain.org	/term/superior-olivary-nucleus-maturation-go_0021722/	2	2	0
2024-09-17	www.virtualflybrain.org	/term/visceral-peritoneum-uberon_0001178/	1	1	0
2024-09-18		/org.geppetto.frontend/geppetto	1139	47	1870
2024-09-18	129.215.197.101	/	1	1	0
2024-09-18	129.215.197.143	/	1	2	3
2024-09-18	981gwa2l.virtualflybrain.org	/	0	1	3
2024-09-18	bocian-jenkins.virtualflybrain.org	/	1	1	0
2024-09-18	l1em.catmaid.virtualflybrain.org	/	2	1	38
2024-09-18	v2-dev.virtualflybrain.org	/org.geppetto.frontend/geppetto	2	1	39
2024-09-18	v2-dev2.virtualflybrain.org	/org.geppetto.frontend/geppetto	1	1	0
2024-09-18	v2.virtualflybrain.org	/org.geppetto.frontend/geppetto	202	49	7847
2024-09-18	v2.virtualflybrain.org	/org.geppetto.frontend/geppetto/[VFB_00101384,VFB_jrchjuqv]	1	1	6
2024-09-18	v2.virtualflybrain.org	/org.geppetto.frontend/geppetto/geppetto/build/static/geppetto/build/static/geppetto/build/static/geppetto/build/static/geppetto/build/static/geppetto/build/static/geppetto/build/static/geppetto/build/static/geppetto/build/static/geppetto/build/static/geppetto/build/static/geppetto/build/static/geppetto/build/static/geppetto/build/static/geppetto/build/static/geppetto/build/static/geppetto/build/static/geppetto/build/static/geppetto/build/static/geppetto/build/static/geppetto/build/static/geppetto/build/static/geppetto/build/static/geppetto/build/static/geppetto/build/static/geppetto/build/static/geppetto/build/static/geppetto/build/static/geppetto/build/static/geppetto/build/static/geppetto/build/static/geppetto/build/static/geppetto/build/static/geppetto/build/static/geppetto/build/static/geppetto/build/static/geppetto/build/static/geppetto/build/static/geppetto/build/static/geppetto/build/static/geppetto/build/static/geppetto/build/static/geppetto/build	94	1	0
2024-09-18	v2.virtualflybrain.org	/org.geppetto.frontend/geppetto/geppetto/build/static/geppetto/build/static/geppetto/build/static/geppetto/build/static/geppetto/build/static/geppetto/build/static/geppetto/build/static/geppetto/build/static/geppetto/build/static/geppetto/build/static/geppetto/build/static/geppetto/build/static/geppetto/build/static/geppetto/build/static/geppetto/build/static/geppetto/build/static/geppetto/build/static/geppetto/build/static/geppetto/build/static/geppetto/build/static/geppetto/build/static/geppetto/build/static/geppetto/build/static/geppetto/build/static/geppetto/build/static/geppetto/build/static/geppetto/build/static/geppetto/build/static/geppetto/build/static/geppetto/build/static/geppetto/build/static/geppetto/build/static/geppetto/build/static/geppetto/build/static/geppetto/build/static/geppetto/build/static/geppetto/build/static/geppetto/build/static/geppetto/build/static/geppetto/build/static/geppetto/build/static/geppetto/build/static/splash.gif	1	1	0
2024-09-18	v2.virtualflybrain.org	/org.geppetto.frontend/geppetto/geppetto/build/static/geppetto/build/static/geppetto/build/static/geppetto/build/static/geppetto/build/static/geppetto/build/static/geppetto/build/static/geppetto/build/static/geppetto/build/static/geppetto/build/static/geppetto/build/static/geppetto/build/static/geppetto/build/static/geppetto/build/static/geppetto/build/static/geppetto/build/static/geppetto/build/static/geppetto/build/static/geppetto/build/static/geppetto/build/static/geppetto/build/static/geppetto/build/static/geppetto/build/static/geppetto/build/static/geppetto/build/static/geppetto/build/static/geppetto/build/static/geppetto/build/static/geppetto/build/static/geppetto/build/static/geppetto/build/static/geppetto/build/static/geppetto/build/static/geppetto/build/static/geppetto/build/static/geppetto/build/static/geppetto/build/static/geppetto/build/static/geppetto/build/static/geppetto/build/static/geppetto/build/static/splash.gif	1	1	0
2024-09-18	v2.virtualflybrain.org	/org.geppetto.frontend/geppetto/geppetto/build/static/geppetto/build/static/geppetto/build/static/geppetto/build/static/geppetto/build/static/geppetto/build/static/geppetto/build/static/geppetto/build/static/geppetto/build/static/geppetto/build/static/geppetto/build/static/geppetto/build/static/geppetto/build/static/geppetto/build/static/geppetto/build/static/geppetto/build/static/geppetto/build/static/geppetto/build/static/geppetto/build/static/geppetto/build/static/geppetto/build/static/geppetto/build/static/geppetto/build/static/geppetto/build/static/geppetto/build/static/geppetto/build/static/geppetto/build/static/geppetto/build/static/geppetto/build/static/geppetto/build/static/geppetto/build/static/geppetto/build/static/geppetto/build/static/geppetto/build/static/geppetto/build/static/geppetto/build/static/geppetto/build/static/geppetto/build/static/geppetto/build/static/geppetto/build/static/splash.gif	1	1	0
2024-09-18	v2.virtualflybrain.org	/org.geppetto.frontend/geppetto/geppetto/build/static/geppetto/build/static/geppetto/build/static/geppetto/build/static/geppetto/build/static/geppetto/build/static/geppetto/build/static/geppetto/build/static/geppetto/build/static/geppetto/build/static/geppetto/build/static/geppetto/build/static/geppetto/build/static/geppetto/build/static/geppetto/build/static/geppetto/build/static/geppetto/build/static/geppetto/build/static/geppetto/build/static/geppetto/build/static/geppetto/build/static/geppetto/build/static/geppetto/build/static/geppetto/build/static/geppetto/build/static/geppetto/build/static/geppetto/build/static/geppetto/build/static/geppetto/build/static/geppetto/build/static/geppetto/build/static/geppetto/build/static/geppetto/build/static/geppetto/build/static/geppetto/build/static/geppetto/build/static/geppetto/build/static/geppetto/build/static/geppetto/build/static/splash.gif	1	1	0
2024-09-18	v2.virtualflybrain.org	/org.geppetto.frontend/geppetto/geppetto/build/static/geppetto/build/static/geppetto/build/static/geppetto/build/static/geppetto/build/static/geppetto/build/static/geppetto/build/static/geppetto/build/static/geppetto/build/static/geppetto/build/static/geppetto/build/static/geppetto/build/static/geppetto/build/static/geppetto/build/static/geppetto/build/static/geppetto/build/static/geppetto/build/static/geppetto/build/static/geppetto/build/static/geppetto/build/static/geppetto/build/static/geppetto/build/static/geppetto/build/static/geppetto/build/static/geppetto/build/static/geppetto/build/static/geppetto/build/static/geppetto/build/static/geppetto/build/static/geppetto/build/static/geppetto/build/static/geppetto/build/static/geppetto/build/static/geppetto/build/static/geppetto/build/static/geppetto/build/static/geppetto/build/static/geppetto/build/static/splash.gif	1	1	0
2024-09-18	v2.virtualflybrain.org	/org.geppetto.frontend/geppetto/geppetto/build/static/geppetto/build/static/geppetto/build/static/geppetto/build/static/geppetto/build/static/geppetto/build/static/geppetto/build/static/geppetto/build/static/geppetto/build/static/geppetto/build/static/geppetto/build/static/geppetto/build/static/geppetto/build/static/geppetto/build/static/geppetto/build/static/geppetto/build/static/geppetto/build/static/geppetto/build/static/geppetto/build/static/geppetto/build/static/geppetto/build/static/geppetto/build/static/geppetto/build/static/geppetto/build/static/geppetto/build/static/geppetto/build/static/geppetto/build/static/geppetto/build/static/geppetto/build/static/geppetto/build/static/geppetto/build/static/geppetto/build/static/geppetto/build/static/geppetto/build/static/geppetto/build/static/geppetto/build/static/geppetto/build/static/splash.gif	1	1	0
2024-09-18	v2.virtualflybrain.org	/org.geppetto.frontend/geppetto/geppetto/build/static/geppetto/build/static/geppetto/build/static/geppetto/build/static/geppetto/build/static/geppetto/build/static/geppetto/build/static/geppetto/build/static/geppetto/build/static/geppetto/build/static/geppetto/build/static/geppetto/build/static/geppetto/build/static/geppetto/build/static/geppetto/build/static/geppetto/build/static/geppetto/build/static/geppetto/build/static/geppetto/build/static/geppetto/build/static/geppetto/build/static/geppetto/build/static/geppetto/build/static/geppetto/build/static/geppetto/build/static/geppetto/build/static/geppetto/build/static/geppetto/build/static/geppetto/build/static/geppetto/build/static/geppetto/build/static/geppetto/build/static/geppetto/build/static/geppetto/build/static/geppetto/build/static/geppetto/build/static/splash.gif	1	1	0
2024-09-18	v2.virtualflybrain.org	/org.geppetto.frontend/geppetto/geppetto/build/static/geppetto/build/static/geppetto/build/static/geppetto/build/static/geppetto/build/static/geppetto/build/static/geppetto/build/static/geppetto/build/static/geppetto/build/static/geppetto/build/static/geppetto/build/static/geppetto/build/static/geppetto/build/static/geppetto/build/static/geppetto/build/static/geppetto/build/static/geppetto/build/static/geppetto/build/static/geppetto/build/static/geppetto/build/static/geppetto/build/static/geppetto/build/static/geppetto/build/static/geppetto/build/static/geppetto/build/static/geppetto/build/static/geppetto/build/static/geppetto/build/static/geppetto/build/static/geppetto/build/static/geppetto/build/static/geppetto/build/static/geppetto/build/static/geppetto/build/static/geppetto/build/static/splash.gif	1	1	0
2024-09-18	v2.virtualflybrain.org	/org.geppetto.frontend/geppetto/geppetto/build/static/geppetto/build/static/geppetto/build/static/geppetto/build/static/geppetto/build/static/geppetto/build/static/geppetto/build/static/geppetto/build/static/geppetto/build/static/geppetto/build/static/geppetto/build/static/geppetto/build/static/geppetto/build/static/geppetto/build/static/geppetto/build/static/geppetto/build/static/geppetto/build/static/geppetto/build/static/geppetto/build/static/geppetto/build/static/geppetto/build/static/geppetto/build/static/geppetto/build/static/geppetto/build/static/geppetto/build/static/geppetto/build/static/geppetto/build/static/geppetto/build/static/geppetto/build/static/geppetto/build/static/geppetto/build/static/geppetto/build/static/geppetto/build/static/geppetto/build/static/splash.gif	1	1	0
2024-09-18	v2.virtualflybrain.org	/org.geppetto.frontend/geppetto/geppetto/build/static/geppetto/build/static/geppetto/build/static/geppetto/build/static/geppetto/build/static/geppetto/build/static/geppetto/build/static/geppetto/build/static/geppetto/build/static/geppetto/build/static/geppetto/build/static/geppetto/build/static/geppetto/build/static/geppetto/build/static/geppetto/build/static/geppetto/build/static/geppetto/build/static/geppetto/build/static/geppetto/build/static/geppetto/build/static/geppetto/build/static/geppetto/build/static/geppetto/build/static/geppetto/build/static/geppetto/build/static/geppetto/build/static/geppetto/build/static/geppetto/build/static/geppetto/build/static/geppetto/build/static/geppetto/build/static/geppetto/build/static/geppetto/build/static/splash.gif	1	1	0
2024-09-18	v2.virtualflybrain.org	/org.geppetto.frontend/geppetto/geppetto/build/static/geppetto/build/static/geppetto/build/static/geppetto/build/static/geppetto/build/static/geppetto/build/static/geppetto/build/static/geppetto/build/static/geppetto/build/static/geppetto/build/static/geppetto/build/static/geppetto/build/static/geppetto/build/static/geppetto/build/static/geppetto/build/static/geppetto/build/static/geppetto/build/static/geppetto/build/static/geppetto/build/static/geppetto/build/static/geppetto/build/static/geppetto/build/static/geppetto/build/static/geppetto/build/static/geppetto/build/static/geppetto/build/static/geppetto/build/static/geppetto/build/static/geppetto/build/static/geppetto/build/static/geppetto/build/static/geppetto/build/static/splash.gif	1	1	0
2024-09-18	v2.virtualflybrain.org	/org.geppetto.frontend/geppetto/geppetto/build/static/geppetto/build/static/geppetto/build/static/geppetto/build/static/geppetto/build/static/geppetto/build/static/geppetto/build/static/geppetto/build/static/geppetto/build/static/geppetto/build/static/geppetto/build/static/geppetto/build/static/geppetto/build/static/geppetto/build/static/geppetto/build/static/geppetto/build/static/geppetto/build/static/geppetto/build/static/geppetto/build/static/geppetto/build/static/geppetto/build/static/geppetto/build/static/geppetto/build/static/geppetto/build/static/geppetto/build/static/geppetto/build/static/geppetto/build/static/geppetto/build/static/geppetto/build/static/geppetto/build/static/geppetto/build/static/splash.gif	1	1	0
2024-09-18	v2.virtualflybrain.org	/org.geppetto.frontend/geppetto/geppetto/build/static/geppetto/build/static/geppetto/build/static/geppetto/build/static/geppetto/build/static/geppetto/build/static/geppetto/build/static/geppetto/build/static/geppetto/build/static/geppetto/build/static/geppetto/build/static/geppetto/build/static/geppetto/build/static/geppetto/build/static/geppetto/build/static/geppetto/build/static/geppetto/build/static/geppetto/build/static/geppetto/build/static/geppetto/build/static/geppetto/build/static/geppetto/build/static/geppetto/build/static/geppetto/build/static/geppetto/build/static/geppetto/build/static/geppetto/build/static/geppetto/build/static/geppetto/build/static/geppetto/build/static/splash.gif	1	1	0
2024-09-18	v2.virtualflybrain.org	/org.geppetto.frontend/geppetto/geppetto/build/static/geppetto/build/static/geppetto/build/static/geppetto/build/static/geppetto/build/static/geppetto/build/static/geppetto/build/static/geppetto/build/static/geppetto/build/static/geppetto/build/static/geppetto/build/static/geppetto/build/static/geppetto/build/static/geppetto/build/static/geppetto/build/static/geppetto/build/static/geppetto/build/static/geppetto/build/static/geppetto/build/static/geppetto/build/static/geppetto/build/static/geppetto/build/static/geppetto/build/static/geppetto/build/static/geppetto/build/static/geppetto/build/static/geppetto/build/static/geppetto/build/static/geppetto/build/static/splash.gif	1	1	0
2024-09-18	v2.virtualflybrain.org	/org.geppetto.frontend/geppetto/geppetto/build/static/geppetto/build/static/geppetto/build/static/geppetto/build/static/geppetto/build/static/geppetto/build/static/geppetto/build/static/geppetto/build/static/geppetto/build/static/geppetto/build/static/geppetto/build/static/geppetto/build/static/geppetto/build/static/geppetto/build/static/geppetto/build/static/geppetto/build/static/geppetto/build/static/geppetto/build/static/geppetto/build/static/geppetto/build/static/geppetto/build/static/geppetto/build/static/geppetto/build/static/geppetto/build/static/geppetto/build/static/geppetto/build/static/geppetto/build/static/geppetto/build/static/splash.gif	1	1	0
2024-09-18	v2.virtualflybrain.org	/org.geppetto.frontend/geppetto/geppetto/build/static/geppetto/build/static/geppetto/build/static/geppetto/build/static/geppetto/build/static/geppetto/build/static/geppetto/build/static/geppetto/build/static/geppetto/build/static/geppetto/build/static/geppetto/build/static/geppetto/build/static/geppetto/build/static/geppetto/build/static/geppetto/build/static/geppetto/build/static/geppetto/build/static/geppetto/build/static/geppetto/build/static/geppetto/build/static/geppetto/build/static/geppetto/build/static/geppetto/build/static/geppetto/build/static/geppetto/build/static/geppetto/build/static/geppetto/build/static/splash.gif	1	1	0
2024-09-18	v2.virtualflybrain.org	/org.geppetto.frontend/geppetto/geppetto/build/static/geppetto/build/static/geppetto/build/static/geppetto/build/static/geppetto/build/static/geppetto/build/static/geppetto/build/static/geppetto/build/static/geppetto/build/static/geppetto/build/static/geppetto/build/static/geppetto/build/static/geppetto/build/static/geppetto/build/static/geppetto/build/static/geppetto/build/static/geppetto/build/static/geppetto/build/static/geppetto/build/static/geppetto/build/static/geppetto/build/static/geppetto/build/static/geppetto/build/static/geppetto/build/static/geppetto/build/static/geppetto/build/static/splash.gif	1	1	0
2024-09-18	v2.virtualflybrain.org	/org.geppetto.frontend/geppetto/geppetto/build/static/geppetto/build/static/geppetto/build/static/geppetto/build/static/geppetto/build/static/geppetto/build/static/geppetto/build/static/geppetto/build/static/geppetto/build/static/geppetto/build/static/geppetto/build/static/geppetto/build/static/geppetto/build/static/geppetto/build/static/geppetto/build/static/geppetto/build/static/geppetto/build/static/geppetto/build/static/geppetto/build/static/geppetto/build/static/geppetto/build/static/geppetto/build/static/geppetto/build/static/geppetto/build/static/geppetto/build/static/splash.gif	1	1	0
2024-09-18	v2.virtualflybrain.org	/org.geppetto.frontend/geppetto/geppetto/build/static/geppetto/build/static/geppetto/build/static/geppetto/build/static/geppetto/build/static/geppetto/build/static/geppetto/build/static/geppetto/build/static/geppetto/build/static/geppetto/build/static/geppetto/build/static/geppetto/build/static/geppetto/build/static/geppetto/build/static/geppetto/build/static/geppetto/build/static/geppetto/build/static/geppetto/build/static/geppetto/build/static/geppetto/build/static/geppetto/build/static/geppetto/build/static/geppetto/build/static/geppetto/build/static/splash.gif	1	1	0
2024-09-18	v2.virtualflybrain.org	/org.geppetto.frontend/geppetto/geppetto/build/static/geppetto/build/static/geppetto/build/static/geppetto/build/static/geppetto/build/static/geppetto/build/static/geppetto/build/static/geppetto/build/static/geppetto/build/static/geppetto/build/static/geppetto/build/static/geppetto/build/static/geppetto/build/static/geppetto/build/static/geppetto/build/static/geppetto/build/static/geppetto/build/static/geppetto/build/static/geppetto/build/static/geppetto/build/static/geppetto/build/static/geppetto/build/static/geppetto/build/static/splash.gif	1	1	0
2024-09-18	v2.virtualflybrain.org	/org.geppetto.frontend/geppetto/geppetto/build/static/geppetto/build/static/geppetto/build/static/geppetto/build/static/geppetto/build/static/geppetto/build/static/geppetto/build/static/geppetto/build/static/geppetto/build/static/geppetto/build/static/geppetto/build/static/geppetto/build/static/geppetto/build/static/geppetto/build/static/geppetto/build/static/geppetto/build/static/geppetto/build/static/geppetto/build/static/geppetto/build/static/geppetto/build/static/geppetto/build/static/geppetto/build/static/splash.gif	1	1	0
2024-09-18	v2.virtualflybrain.org	/org.geppetto.frontend/geppetto/geppetto/build/static/geppetto/build/static/geppetto/build/static/geppetto/build/static/geppetto/build/static/geppetto/build/static/geppetto/build/static/geppetto/build/static/geppetto/build/static/geppetto/build/static/geppetto/build/static/geppetto/build/static/geppetto/build/static/geppetto/build/static/geppetto/build/static/geppetto/build/static/geppetto/build/static/geppetto/build/static/geppetto/build/static/geppetto/build/static/geppetto/build/static/splash.gif	1	1	0
2024-09-18	v2.virtualflybrain.org	/org.geppetto.frontend/geppetto/geppetto/build/static/geppetto/build/static/geppetto/build/static/geppetto/build/static/geppetto/build/static/geppetto/build/static/geppetto/build/static/geppetto/build/static/geppetto/build/static/geppetto/build/static/geppetto/build/static/geppetto/build/static/geppetto/build/static/geppetto/build/static/geppetto/build/static/geppetto/build/static/geppetto/build/static/geppetto/build/static/geppetto/build/static/geppetto/build/static/splash.gif	1	1	0
2024-09-18	v2.virtualflybrain.org	/org.geppetto.frontend/geppetto/geppetto/build/static/geppetto/build/static/geppetto/build/static/geppetto/build/static/geppetto/build/static/geppetto/build/static/geppetto/build/static/geppetto/build/static/geppetto/build/static/geppetto/build/static/geppetto/build/static/geppetto/build/static/geppetto/build/static/geppetto/build/static/geppetto/build/static/geppetto/build/static/geppetto/build/static/geppetto/build/static/geppetto/build/static/splash.gif	1	1	0
2024-09-18	v2.virtualflybrain.org	/org.geppetto.frontend/geppetto/geppetto/build/static/geppetto/build/static/geppetto/build/static/geppetto/build/static/geppetto/build/static/geppetto/build/static/geppetto/build/static/geppetto/build/static/geppetto/build/static/geppetto/build/static/geppetto/build/static/geppetto/build/static/geppetto/build/static/geppetto/build/static/geppetto/build/static/geppetto/build/static/geppetto/build/static/geppetto/build/static/splash.gif	1	1	0
2024-09-18	v2.virtualflybrain.org	/org.geppetto.frontend/geppetto/geppetto/build/static/geppetto/build/static/geppetto/build/static/geppetto/build/static/geppetto/build/static/geppetto/build/static/geppetto/build/static/geppetto/build/static/geppetto/build/static/geppetto/build/static/geppetto/build/static/geppetto/build/static/geppetto/build/static/geppetto/build/static/geppetto/build/static/geppetto/build/static/geppetto/build/static/splash.gif	1	1	0
2024-09-18	v2.virtualflybrain.org	/org.geppetto.frontend/geppetto/geppetto/build/static/geppetto/build/static/geppetto/build/static/geppetto/build/static/geppetto/build/static/geppetto/build/static/geppetto/build/static/geppetto/build/static/geppetto/build/static/geppetto/build/static/geppetto/build/static/geppetto/build/static/geppetto/build/static/geppetto/build/static/geppetto/build/static/geppetto/build/static/splash.gif	1	1	0
2024-09-18	v2.virtualflybrain.org	/org.geppetto.frontend/geppetto/geppetto/build/static/geppetto/build/static/geppetto/build/static/geppetto/build/static/geppetto/build/static/geppetto/build/static/geppetto/build/static/geppetto/build/static/geppetto/build/static/geppetto/build/static/geppetto/build/static/geppetto/build/static/geppetto/build/static/geppetto/build/static/geppetto/build/static/splash.gif	1	1	0
2024-09-18	v2.virtualflybrain.org	/org.geppetto.frontend/geppetto/geppetto/build/static/geppetto/build/static/geppetto/build/static/geppetto/build/static/geppetto/build/static/geppetto/build/static/geppetto/build/static/geppetto/build/static/geppetto/build/static/geppetto/build/static/geppetto/build/static/geppetto/build/static/geppetto/build/static/geppetto/build/static/splash.gif	1	1	0
2024-09-18	v2.virtualflybrain.org	/org.geppetto.frontend/geppetto/geppetto/build/static/geppetto/build/static/geppetto/build/static/geppetto/build/static/geppetto/build/static/geppetto/build/static/geppetto/build/static/geppetto/build/static/geppetto/build/static/geppetto/build/static/geppetto/build/static/geppetto/build/static/geppetto/build/static/splash.gif	1	1	0
2024-09-18	v2.virtualflybrain.org	/org.geppetto.frontend/geppetto/geppetto/build/static/geppetto/build/static/geppetto/build/static/geppetto/build/static/geppetto/build/static/geppetto/build/static/geppetto/build/static/geppetto/build/static/geppetto/build/static/geppetto/build/static/geppetto/build/static/geppetto/build/static/splash.gif	1	1	0
2024-09-18	v2.virtualflybrain.org	/org.geppetto.frontend/geppetto/geppetto/build/static/geppetto/build/static/geppetto/build/static/geppetto/build/static/geppetto/build/static/geppetto/build/static/geppetto/build/static/geppetto/build/static/geppetto/build/static/geppetto/build/static/geppetto/build/static/splash.gif	1	1	0
2024-09-18	v2.virtualflybrain.org	/org.geppetto.frontend/geppetto/geppetto/build/static/geppetto/build/static/geppetto/build/static/geppetto/build/static/geppetto/build/static/geppetto/build/static/geppetto/build/static/geppetto/build/static/geppetto/build/static/geppetto/build/static/splash.gif	1	1	0
2024-09-18	v2.virtualflybrain.org	/org.geppetto.frontend/geppetto/geppetto/build/static/geppetto/build/static/geppetto/build/static/geppetto/build/static/geppetto/build/static/geppetto/build/static/geppetto/build/static/geppetto/build/static/geppetto/build/static/splash.gif	1	1	0
2024-09-18	v2.virtualflybrain.org	/org.geppetto.frontend/geppetto/geppetto/build/static/geppetto/build/static/geppetto/build/static/geppetto/build/static/geppetto/build/static/geppetto/build/static/geppetto/build/static/geppetto/build/static/splash.gif	1	1	0
2024-09-18	v2.virtualflybrain.org	/org.geppetto.frontend/geppetto/geppetto/build/static/geppetto/build/static/geppetto/build/static/geppetto/build/static/geppetto/build/static/geppetto/build/static/geppetto/build/static/splash.gif	1	1	0
2024-09-18	v2.virtualflybrain.org	/org.geppetto.frontend/geppetto/geppetto/build/static/geppetto/build/static/geppetto/build/static/geppetto/build/static/geppetto/build/static/geppetto/build/static/splash.gif	1	1	0
2024-09-18	v2.virtualflybrain.org	/org.geppetto.frontend/geppetto/geppetto/build/static/geppetto/build/static/geppetto/build/static/geppetto/build/static/geppetto/build/static/splash.gif	1	1	0
2024-09-18	v2.virtualflybrain.org	/org.geppetto.frontend/geppetto/geppetto/build/static/geppetto/build/static/geppetto/build/static/geppetto/build/static/splash.gif	1	1	0
2024-09-18	v2.virtualflybrain.org	/org.geppetto.frontend/geppetto/geppetto/build/static/geppetto/build/static/geppetto/build/static/splash.gif	1	1	0
2024-09-18	v2.virtualflybrain.org	/org.geppetto.frontend/geppetto/geppetto/build/static/geppetto/build/static/splash.gif	1	1	0
2024-09-18	v2.virtualflybrain.org	/org.geppetto.frontend/geppetto/geppetto/build/static/splash.gif	1	1	0
2024-09-18	vfbblog.inf.ed.ac.uk	/	0	1	3
2024-09-18	virtualflybrain.org	/	8	7	64
2024-09-18	www.virtualflybrain.org	/	32	30	301
2024-09-18	www.virtualflybrain.org	/about/	6	4	55
2024-09-18	www.virtualflybrain.org	/blog/2022/01/01/nep3-fbgn0031081/	1	1	8
2024-09-18	www.virtualflybrain.org	/blog/2022/01/01/pchat-gal4.dbd-pr42f06-p65.ad-expression-pattern-vfbexp_fbtp0023500fbtp0093457/	1	1	5
2024-09-18	www.virtualflybrain.org	/blog/2022/01/01/visual-neuropil-intrinsic-neuron-fbbt_00059247/	1	1	10
2024-09-18	www.virtualflybrain.org	/blog/releases/catmaid/l1em/	3	1	284
2024-09-18	www.virtualflybrain.org	/categories/workshop/	2	1	31
2024-09-18	www.virtualflybrain.org	/docs/	8	7	49
2024-09-18	www.virtualflybrain.org	/docs/concepts/templates/	1	1	42
2024-09-18	www.virtualflybrain.org	/docs/contribution-guidelines/	1	1	19
2024-09-18	www.virtualflybrain.org	/docs/getting-started/3dviewer/	1	1	0
2024-09-18	www.virtualflybrain.org	/docs/getting-started/bulkdownloads/	1	0	0
2024-09-18	www.virtualflybrain.org	/docs/getting-started/overview/	1	1	5
2024-09-18	www.virtualflybrain.org	/docs/getting-started/sliceviewer/	1	1	0
2024-09-18	www.virtualflybrain.org	/docs/getting-started/terminfo/	1	1	1
2024-09-18	www.virtualflybrain.org	/docs/tutorials/apis/4_nblast/	1	0	0
2024-09-18	www.virtualflybrain.org	/docs/tutorials/apis/connectome/	1	1	26
2024-09-18	www.virtualflybrain.org	/docs/tutorials/apis/connectome/introvideo/	2	1	19
2024-09-18	www.virtualflybrain.org	/docs/tutorials/apis/solr/	1	1	13
2024-09-18	www.virtualflybrain.org	/en/blog/releases/ontologies/vfb/vfb_001029ae_v6/	1	1	0
2024-09-18	www.virtualflybrain.org	/term/adult-cb2099-neuron-fbbt_20005679/	1	1	17
2024-09-18	www.virtualflybrain.org	/term/embryonic-stage-16-fbdv_00005334/	1	1	41
2024-09-18	www.virtualflybrain.org	/term/gmr-49a06-flp-9-1-vfb_00061749/	1	1	17
2024-09-18	www.virtualflybrain.org	/term/illumination-by-photons-fbbi_00000272/	1	1	11
2024-09-18	www.virtualflybrain.org	/term/pvt038550-gal4-expression-pattern-vfbexp_fbtp0104862/	1	1	13
2024-09-18	www.virtualflybrain.org	/term/tbd-manc16760-vfb_jrcv0cxk/	1	1	0
2024-09-18	www.virtualflybrain.org	/term/vdrc_vt006202_lexagad_attp40_1-vfb_00025809/	1	1	19
2024-09-18	www.virtualflybrain.org	/term/vglut-f-000076-vfb_00016013/	1	1	31
2024-09-19		/org.geppetto.frontend/geppetto	854	48	404
2024-09-19	bocian-jenkins.virtualflybrain.org	/	1	1	0
2024-09-19	v2.virtualflybrain.org	/org.geppetto.frontend/geppetto	218	50	3805
2024-09-19	vfb-connect.readthedocs.io	/en/latest/	1	1	0
2024-09-19	vfb-connect.readthedocs.io	/en/stable/	4	3	22
2024-09-19	vfb-connect.readthedocs.io	/en/stable/API_reference.html	1	1	0
2024-09-19	vfb-connect.readthedocs.io	/en/stable/tutorials/overview.html	2	2	97
2024-09-19	virtualflybrain.org	/	4	4	256
2024-09-19	virtualflybrain.org	/about/	1	1	0
2024-09-19	virtualflybrain.org	/docs/	1	1	30
2024-09-19	www.virtualflybrain.org	/	32	24	186
2024-09-19	www.virtualflybrain.org	/about/	2	2	5
2024-09-19	www.virtualflybrain.org	/about/contributors/	1	1	63
2024-09-19	www.virtualflybrain.org	/about/members/	1	1	4
2024-09-19	www.virtualflybrain.org	/about/whatisvfb/	1	1	6
2024-09-19	www.virtualflybrain.org	/blog/2022/01/01/alpha/beta-surface-kenyon-cell-fbbt_00110930/	2	1	43
2024-09-19	www.virtualflybrain.org	/blog/2022/01/01/hydrolase-activity-acting-on-acid-anhydrides-in-phosphorus-containing-anhydrides-go_0016818/	1	1	0
2024-09-19	www.virtualflybrain.org	/blog/2022/01/01/jrc_mb013b_brain_2014_20140408_31_b3_20x-vfb_001012uu/	1	1	4
2024-09-19	www.virtualflybrain.org	/blog/2022/01/01/pgal41151-fbti0007229/	1	1	0
2024-09-19	www.virtualflybrain.org	/blog/2022/01/01/vdrc_vt038335-gal4_mcfo_brain_20170818_64_a6_40x-vfb_001016jr/	1	1	9
2024-09-19	www.virtualflybrain.org	/blog/releases/ontologies/fbbt/	1	1	0
2024-09-19	www.virtualflybrain.org	/categories/ontologies/	1	1	5
2024-09-19	www.virtualflybrain.org	/docs/	6	4	22
2024-09-19	www.virtualflybrain.org	/docs/concepts/	1	1	2
2024-09-19	www.virtualflybrain.org	/docs/concepts/templates/	1	1	0
2024-09-19	www.virtualflybrain.org	/docs/examples/	1	1	5
2024-09-19	www.virtualflybrain.org	/docs/getting-started/	1	1	3
2024-09-19	www.virtualflybrain.org	/docs/getting-started/overview/	1	1	5
2024-09-19	www.virtualflybrain.org	/docs/getting-started/sliceviewer/	1	1	2
2024-09-19	www.virtualflybrain.org	/docs/overview/	1	1	2
2024-09-19	www.virtualflybrain.org	/docs/tutorials/	1	1	12
2024-09-19	www.virtualflybrain.org	/search/	2	1	31
2024-09-19	www.virtualflybrain.org	/tags/anatomy/	2	1	0
2024-09-19	www.virtualflybrain.org	/term/adult-fat-body-fbbt_00003209/	2	1	55
2024-09-19	www.virtualflybrain.org	/term/cg13724-fbgn0036707/	1	1	3
2024-09-19	www.virtualflybrain.org	/term/cilium-organization-go_0044782/	1	1	0
2024-09-19	www.virtualflybrain.org	/term/generically-dependent-continuant-bfo_0000031/	1	1	24
2024-09-19	www.virtualflybrain.org	/term/gmr-48a08-flp-18-1-vfb_00060370/	2	1	0
2024-09-19	www.virtualflybrain.org	/term/jrc_ol0087b-in-the-adult-brain-vfb_00069546/	1	1	13
2024-09-19	www.virtualflybrain.org	/term/mushroom-body-fbbt_00005801/	1	1	9
2024-09-19	www.virtualflybrain.org	/term/mushroom-body-gamma-lobe-slice-4-fbbt_00100276/	1	1	0
2024-09-19	www.virtualflybrain.org	/term/optical-path-length-gradient-fbbi_00000312/	1	1	17
2024-09-19	www.virtualflybrain.org	/term/pgal4db331-fbti0115113/	1	1	4
2024-09-19	www.virtualflybrain.org	/term/pr53f03-gal4.dbd-pr17f11-p65.ad-expression-pattern-vfbexp_fbtp0099497fbtp0118297/	1	1	0
2024-09-19	www.virtualflybrain.org	/term/pvt017183-gal4.dbd-pr65h04-p65.ad-expression-pattern-vfbexp_fbtp0123294fbtp0161094/	3	1	124
2024-09-19	www.virtualflybrain.org	/term/snxx16_abn3_l-manc42873-vfb_jrcv0x2x/	1	1	4
2024-09-20		/org.geppetto.frontend/geppetto	1059	48	1024
2024-09-20	129.215.197.101	/	1	1	0
2024-09-20	129.215.197.144	/	1	1	0
2024-09-20	129.215.197.147	/	1	1	0
2024-09-20	api.virtualflybrain.org	/	1	1	0
2024-09-20	blanik-jenkins.virtualflybrain.org	/	1	1	0
2024-09-20	blog.virtualflybrain.org	/	1	1	0
2024-09-20	bocian-jenkins.virtualflybrain.org	/	2	2	0
2024-09-20	catmaid-fafb.virtualflybrain.org	/	1	1	0
2024-09-20	dev.virtualflybrain.org	/	1	1	0
2024-09-20	herd.virtualflybrain.org	/	1	1	0
2024-09-20	hugo.virtualflybrain.org	/	1	1	0
2024-09-20	ids.virtualflybrain.org	/	1	1	0
2024-09-20	jenkins.virtualflybrain.org	/	1	1	0
2024-09-20	jupyter.virtualflybrain.org	/	1	1	0
2024-09-20	karenin-jenkins.virtualflybrain.org	/	1	1	0
2024-09-20	larval-app1.virtualflybrain.org	/	1	1	0
2024-09-20	larval.virtualflybrain.org	/	2	2	0
2024-09-20	meet.virtualflybrain.org	/	1	1	0
2024-09-20	natverse.virtualflybrain.org	/	1	1	0
2024-09-20	natverse2.virtualflybrain.org	/	1	1	0
2024-09-20	natverse4.virtualflybrain.org	/	1	1	0
2024-09-20	natverse5.virtualflybrain.org	/	1	1	0
2024-09-20	p2.virtualflybrain.org	/	1	1	0
2024-09-20	pdb.p2.virtualflybrain.org	/	1	1	0
2024-09-20	pgadmin.virtualflybrain.org	/	1	1	0
2024-09-20	raw.larval.flylight.virtualflybrain.org	/	1	1	0
2024-09-20	sb1.virtualflybrain.org	/blog/2022/01/01/cg2614-fbgn0032873/	1	1	14
2024-09-20	sb2.virtualflybrain.org	/	1	1	0
2024-09-20	solr.p2.virtualflybrain.org	/	1	1	0
2024-09-20	solr.virtualflybrain.org	/	1	1	0
2024-09-20	ubuntu.virtualflybrain.org	/	1	1	0
2024-09-20	v1-5.virtualflybrain.org	/	1	1	0
2024-09-20	v2-dev.virtualflybrain.org	/org.geppetto.frontend/geppetto	2	2	0
2024-09-20	v2-dev2.virtualflybrain.org	/	1	1	0
2024-09-20	v2-preview.virtualflybrain.org	/	1	1	0
2024-09-20	v2.virtualflybrain.org	/org.geppetto.frontend/geppetto	276	51	2544
2024-09-20	v2.virtualflybrain.org	/org.geppetto.frontend/org.geppetto.frontend	1	1	0
2024-09-20	v2a.virtualflybrain.org	/	1	1	0
2024-09-20	v2a.virtualflybrain.org	/org.geppetto.frontend/geppetto	1	1	0
2024-09-20	vfb-connect.readthedocs.io	/en/stable/	1	1	40
2024-09-20	vfb-connect.readthedocs.io	/en/stable/output_formats.html	1	1	5
2024-09-20	vfb-connect.readthedocs.io	/en/stable/tutorials/discovery.html	1	1	2
2024-09-20	vfb-connect.readthedocs.io	/en/stable/tutorials/overview.html	1	1	0
2024-09-20	vfb-connect.readthedocs.io	/en/stable/tutorials/vfb_datasets.html	1	1	0
2024-09-20	virtualflybrain.org	/	8	7	24
2024-09-20	virtualflybrain.org	/about/	1	1	9
2024-09-20	virtualflybrain.org	/about/whatisvfb/	1	1	10
2024-09-20	www.virtualflybrain.org	/	23	19	106
2024-09-20	www.virtualflybrain.org	/about/	3	3	0
2024-09-20	www.virtualflybrain.org	/about/citeus/	2	2	1
2024-09-20	www.virtualflybrain.org	/about/contactus/	2	2	1
2024-09-20	www.virtualflybrain.org	/about/whatisvfb/	2	2	1
2024-09-20	www.virtualflybrain.org	/blog/2022/01/01/cg12344-fbgn0033558/	1	1	56
2024-09-20	www.virtualflybrain.org	/blog/2022/01/01/pdra.r8-gal4-expression-pattern-vfbexp_fbtp0141288/	1	1	3
2024-09-20	www.virtualflybrain.org	/blog/2022/01/01/pgal4-ey.h-expression-pattern-vfbexp_fbtp0002646/	1	1	8
2024-09-20	www.virtualflybrain.org	/blog/2022/01/01/vfb-content-report/	2	2	0
2024-09-20	www.virtualflybrain.org	/blog/news/	2	2	3
2024-09-20	www.virtualflybrain.org	/blog/releases/catmaid/l1em/	2	2	1
2024-09-20	www.virtualflybrain.org	/blog/releases/ontologies/	1	1	11
2024-09-20	www.virtualflybrain.org	/blog/releases/ontologies/flybase/	1	1	0
2024-09-20	www.virtualflybrain.org	/blog/releases/ontologies/ioa/	1	1	0
2024-09-20	www.virtualflybrain.org	/docs/	2	2	1
2024-09-20	www.virtualflybrain.org	/docs/concepts/splits/	1	1	5
2024-09-20	www.virtualflybrain.org	/docs/contribution-guidelines/	3	2	76
2024-09-20	www.virtualflybrain.org	/docs/getting-started/3dviewer/	1	1	14
2024-09-20	www.virtualflybrain.org	/docs/getting-started/bulkdownloads/	1	0	0
2024-09-20	www.virtualflybrain.org	/docs/getting-started/circuitbrowser/	2	2	11
2024-09-20	www.virtualflybrain.org	/docs/getting-started/sliceviewer/	1	1	5
2024-09-20	www.virtualflybrain.org	/docs/tutorials/apis/solr/	1	1	2
2024-09-20	www.virtualflybrain.org	/term/adult-dms-cell-of-hypocerebral-ganglion-fbbt_00058025/	1	1	14
2024-09-20	www.virtualflybrain.org	/term/information-content-entity-iao_0000030/	1	1	9
2024-09-20	www.virtualflybrain.org	/term/lamina-plexus-fbbt_00001943/	1	1	9
2024-09-20	www.virtualflybrain.org	/term/lobula-lobula-plate-columnar-neuron-llpc1-fbbt_00058227/	1	1	5
2024-09-20	www.virtualflybrain.org	/term/psens-lexa.f2.lhv2-fbtp0141254/	1	1	6
2024-09-20	zip.virtualflybrain.org	/	1	1	0
2024-09-21		/org.geppetto.frontend/geppetto	494	16	285
2024-09-21	129.215.197.110	/	1	1	0
2024-09-21	981gwa2l.virtualflybrain.org	/	0	1	4
2024-09-21	blanik-jenkins.virtualflybrain.org	/	0	1	2
2024-09-21	blog.virtualflybrain.org	/en/blog/releases/ontologies/go/go_0048593_v6/	1	1	0
2024-09-21	bocian-jenkins.virtualflybrain.org	/	1	1	0
2024-09-21	larval-app1.virtualflybrain.org	/	0	1	4
2024-09-21	larval.virtualflybrain.org	/	0	2	12
2024-09-21	monitor.virtualflybrain.org	/	0	1	6
2024-09-21	nblast.virtualflybrain.org	/	0	1	3
2024-09-21	sb1.virtualflybrain.org	/	0	1	2
2024-09-21	v2.virtualflybrain.org	/org.geppetto.frontend/geppetto	202	15	1034
2024-09-21	v2a.virtualflybrain.org	/org.geppetto.frontend/geppetto	2	2	102
2024-09-21	virtualflybrain.org	/	1	1	18
2024-09-21	www.virtualflybrain.org	/	8	9	61
2024-09-21	www.virtualflybrain.org	/docs/	1	1	4
2024-09-21	www.virtualflybrain.org	/docs/examples/	1	1	4
2024-09-21	www.virtualflybrain.org	/docs/getting-started/bulkdownloads/	1	0	0
2024-09-21	www.virtualflybrain.org	/search/	1	1	7
2024-09-21	www.virtualflybrain.org	/site/vfb_site/features.htm	2	2	0
2024-09-21	www.virtualflybrain.org	/term/abdominal-ventral-campaniform-sensillum-vc5-fbbt_00002903/	1	1	6
2024-09-21	www.virtualflybrain.org	/term/obsolete-antennal-lobe-glomerulus-vm6-fbbt_00003958/	1	1	43
2024-09-22		/org.geppetto.frontend/geppetto	417	22	531
2024-09-22	123456789abcdefghijklmnopq.v2.virtualflybrain.org	/	0	1	4
2024-09-22	12877200-fe3e-43bd-bf43-557c75765038.virtualflybrain.org	/	0	1	5
2024-09-22	8c212b03-94d4-4b64-b132-a3ddc580239c.virtualflybrain.org	/	0	1	3
2024-09-22	admin.virtualflybrain.org	/	0	1	4
2024-09-22	blog.virtualflybrain.org	/	0	1	2
2024-09-22	bocian-jenkins.virtualflybrain.org	/	1	2	10
2024-09-22	debug.virtualflybrain.org	/	0	1	8
2024-09-22	flybrain.inf.ed.ac.uk	/blog/2022/01/01/cysteine-type-endopeptidase-activity-involved-in-execution-phase-of-apoptosis-go_0097200/	1	1	0
2024-09-22	geppetto-dev.virtualflybrain.org	/	0	1	6
2024-09-22	larval-app1.virtualflybrain.org	/	0	1	6
2024-09-22	meet.virtualflybrain.org	/	1	1	0
2024-09-22	natverse1.virtualflybrain.org	/	0	1	3
2024-09-22	nblast.virtualflybrain.org	/	0	1	2
2024-09-22	pdb.p2.virtualflybrain.org	/	0	1	3
2024-09-22	pdb.u3.virtualflybrain.org	/	0	1	3
2024-09-22	pdl.virtualflybrain.org	/	0	1	4
2024-09-22	r.virtualflybrain.org	/	0	1	3
2024-09-22	sb.virtualflybrain.org	/	0	1	4
2024-09-22	sb1.virtualflybrain.org	/	0	1	4
2024-09-22	sb2.virtualflybrain.orgherd.virtualflybrain.org	/	0	1	2
2024-09-22	solr-alpha.virtualflybrain.org	/	0	1	4
2024-09-22	solr-dev.virtualflybrain.org	/	0	1	3
2024-09-22	solr.p2.virtualflybrain.org	/	0	1	4
2024-09-22	sourcream.inf.ed.ac.uk	/	0	1	3
2024-09-22	v1.virtualflybrain.org	/	0	1	3
2024-09-22	v2-dev2.virtualflybrain.org	/	0	1	3
2024-09-22	v2.virtualflybrain.org	/	1	1	0
2024-09-22	v2.virtualflybrain.org	/org.geppetto.frontend/geppetto	113	24	1777
2024-09-22	v2.virtualflybrain.org	/org.geppetto.frontend/org.geppetto.frontend	1	1	0
2024-09-22	vfb-connect.readthedocs.io	/	1	1	58
2024-09-22	vfb-connect.readthedocs.io	/en/stable/	1	1	1
2024-09-22	virtualflybrain.org	/	1	2	5
2024-09-22	virtualflybrain.org	/blog/news/	1	1	0
2024-09-22	webmail.virtualflybrain.org	/	0	1	6
2024-09-22	webtop.virtualflybrain.org	/	0	1	4
2024-09-22	www.v2.virtualflybrain.org	/	0	1	4
2024-09-22	www.virtualflybrain.org	/	15	12	115
2024-09-22	www.virtualflybrain.org	/about/	1	1	0
2024-09-22	www.virtualflybrain.org	/blog/	1	1	2
2024-09-22	www.virtualflybrain.org	/blog/2022/01/01/pgawbc316-fbti0017056/	1	1	1
2024-09-22	www.virtualflybrain.org	/blog/2024/08/25/vfb-workshop-bridging-connectomics-and-transcriptomics-at-neurofly-2024/	1	1	3
2024-09-22	www.virtualflybrain.org	/blog/news/	1	1	1
2024-09-22	www.virtualflybrain.org	/docs/	4	3	19
2024-09-22	www.virtualflybrain.org	/docs/examples/	1	1	3
2024-09-22	www.virtualflybrain.org	/docs/getting-started/	1	1	2
2024-09-22	www.virtualflybrain.org	/docs/getting-started/terminfo/	1	1	0
2024-09-22	www.virtualflybrain.org	/docs/overview/	1	1	6
2024-09-22	www.virtualflybrain.org	/term/larval-a23b1-neuron-fbbt_00048994/	1	1	7
2024-09-22	www.virtualflybrain.org	/term/pbam-gal4vp16-expression-pattern-vfbexp_fbtp0016758/	1	1	9
2024-09-22	www.virtualflybrain.org	/term/snxx16_abn3_l-manc42873-vfb_jrcv0x2x/	1	1	3
2024-09-22	zip.virtualflybrain.org	/	0	1	3
2024-09-23		/org.geppetto.frontend/geppetto	412	22	100
2024-09-23	129.215.197.110	/	0	1	3
2024-09-23	129.215.197.143	/	0	1	3
2024-09-23	981gwa2l.virtualflybrain.org	/	0	2	6
2024-09-23	bocian-jenkins.virtualflybrain.org	/	0	1	5
2024-09-23	dev.virtualflybrain.org	/	0	1	4
2024-09-23	dill.inf.ed.ac.uk	/	0	1	2
2024-09-23	grafana.virtualflybrain.org	/	0	1	7
2024-09-23	jitsi.virtualflybrain.org	/	0	1	3
2024-09-23	karenin-jenkins.virtualflybrain.org	/	0	1	4
2024-09-23	larval-app1.virtualflybrain.org	/	0	1	3
2024-09-23	meet.virtualflybrain.org	/	0	1	3
2024-09-23	natverse1.virtualflybrain.org	/	0	1	3
2024-09-23	natverse2.virtualflybrain.org	/	0	1	4
2024-09-23	natverse3.virtualflybrain.org	/	0	1	3
2024-09-23	natverse4.virtualflybrain.org	/	0	1	3
2024-09-23	natverse5.virtualflybrain.org	/	0	1	4
2024-09-23	nblast.virtualflybrain.org	/	0	1	7
2024-09-23	owl-dev.virtualflybrain.org	/	0	1	3
2024-09-23	owl.virtualflybrain.org	/	0	1	3
2024-09-23	p2.virtualflybrain.org	/	0	1	4
2024-09-23	pdb.p2.virtualflybrain.org	/	0	1	3
2024-09-23	pdl.virtualflybrain.org	/	0	1	4
2024-09-23	sb.virtualflybrain.org	/	0	1	3
2024-09-23	sb2.virtualflybrain.org	/	0	1	4
2024-09-23	solr-dev.virtualflybrain.org	/	0	1	3
2024-09-23	solr.virtualflybrain.org	/	0	1	5
2024-09-23	v1.virtualflybrain.org	/	0	1	3
2024-09-23	v2.virtualflybrain.org	/org.geppetto.frontend/geppetto	103	23	1823
2024-09-23	v2test1.virtualflybrain.org	/	0	1	3
2024-09-23	vfbblog.inf.ed.ac.uk	/	0	1	3
2024-09-23	virtualflybrain.org	/	1	1	21
2024-09-23	virtualflybrain.org	/docs/	1	1	0
2024-09-23	vnc.catmaid.virtualflybrain.org	/	0	1	3
2024-09-23	www.virtualflybrain.org	/	19	18	516
2024-09-23	www.virtualflybrain.org	/about/	2	1	19
2024-09-23	www.virtualflybrain.org	/about/whatisvfb/	1	1	22
2024-09-23	www.virtualflybrain.org	/blog/	1	1	6
2024-09-23	www.virtualflybrain.org	/blog/releases/catmaid/	1	1	6
2024-09-23	www.virtualflybrain.org	/blog/releases/ontologies/go/	1	1	12
2024-09-23	www.virtualflybrain.org	/docs/	3	3	21
2024-09-23	www.virtualflybrain.org	/docs/getting-started/	1	1	16
2024-09-23	www.virtualflybrain.org	/docs/getting-started/bulkdownloads/	1	0	0
2024-09-23	www.virtualflybrain.org	/docs/getting-started/overview/	1	1	0
2024-09-23	www.virtualflybrain.org	/docs/overview/	1	1	0
2024-09-23	www.virtualflybrain.org	/docs/tutorials/apis/1_datatypes/	1	0	0
2024-09-23	www.virtualflybrain.org	/term/cg13654-fbgn0039290/	1	1	1
2024-09-23	www.virtualflybrain.org	/term/cg43795-fbgn0264339/	1	1	13
2024-09-23	www.virtualflybrain.org	/term/gmr-22h09-flp-9-1-vfb_00061053/	1	1	3
2024-09-23	www.virtualflybrain.org	/term/growth-factor-binding-go_0019838/	1	1	27
2024-09-23	www.virtualflybrain.org	/term/mst57da-fbgn0011668/	1	1	7
2024-09-23	www.virtualflybrain.org	/term/neuron-14839447-l1em14839446-vfb_00102egm/	1	1	0
2024-09-23	www.virtualflybrain.org	/term/pr23c12-gal4.dbd-pbacddc-p65.ad-expression-pattern-vfbexp_fbtp0099469fbtp0141162/	2	1	49
2024-09-24		/org.geppetto.frontend/geppetto	1230	35	1143
2024-09-24	129.215.197.110	/	0	1	4
2024-09-24	129.215.197.144	/	1	1	0
2024-09-24	129.215.197.147	/	2	2	0
2024-09-24	981gwa2l.virtualflybrain.org	/	0	1	4
2024-09-24	api.virtualflybrain.org	/	0	1	4
2024-09-24	blanik-jenkins.virtualflybrain.org	/	0	1	2
2024-09-24	blog.virtualflybrain.org	/	0	1	3
2024-09-24	bocian-jenkins.virtualflybrain.org	/	1	2	3
2024-09-24	debug.virtualflybrain.org	/	0	1	3
2024-09-24	dev.virtualflybrain.org	/	0	1	4
2024-09-24	flybrain.inf.ed.ac.uk	/	0	1	16
2024-09-24	flybrain.inf.ed.ac.uk	/blog/2022/01/01/cellular-macromolecule-catabolic-process-go_0044265/	1	1	0
2024-09-24	flybrain.inf.ed.ac.uk	/blog/2022/01/01/endonuclease-activity-active-with-either-ribo-or-deoxyribonucleic-acids-and-producing-5-phosphomonoesters-go_0016893/	1	1	21
2024-09-24	flybrain.inf.ed.ac.uk	/docs/	1	1	7
2024-09-24	flybrain.inf.ed.ac.uk	/docs/getting-started/	1	1	5
2024-09-24	flybrain.inf.ed.ac.uk	/docs/getting-started/3dviewer/	1	1	20
2024-09-24	flybrain.inf.ed.ac.uk	/en/blog/releases/ontologies/go/go_0071478_v6/	1	1	0
2024-09-24	geppetto-dev.virtualflybrain.org	/	0	1	3
2024-09-24	geppetto-dev1.virtualflybrain.org	/	0	1	3
2024-09-24	geppetto.virtualflybrain.org	/	0	1	6
2024-09-24	grafana.virtualflybrain.org	/	0	1	2
2024-09-24	jenkins.virtualflybrain.org	/	0	1	8
2024-09-24	jitsi.virtualflybrain.org	/	0	1	4
2024-09-24	jupyter.virtualflybrain.org	/	0	1	4
2024-09-24	karenin-jenkins.virtualflybrain.org	/	0	1	3
2024-09-24	larval-app1.virtualflybrain.org	/	0	1	3
2024-09-24	mayo.inf.ed.ac.uk	/blog/2022/01/01/abnormal-eclosion-fbcv_0000670/	1	1	0
2024-09-24	meet.virtualflybrain.org	/	0	1	3
2024-09-24	monitor.virtualflybrain.org	/	0	1	3
2024-09-24	mysql.virtualflybrain.org	/	0	1	11
2024-09-24	natverse.virtualflybrain.org	/	0	1	9
2024-09-24	natverse1.virtualflybrain.org	/	0	1	4
2024-09-24	natverse2.virtualflybrain.org	/	0	1	5
2024-09-24	natverse4.virtualflybrain.org	/	0	1	2
2024-09-24	natverse5.virtualflybrain.org	/	0	1	3
2024-09-24	nblast.virtualflybrain.org	/	0	1	2
2024-09-24	owl.virtualflybrain.org	/	0	1	4
2024-09-24	p2.virtualflybrain.org	/	0	1	4
2024-09-24	pdb.p2.virtualflybrain.org	/	0	1	2
2024-09-24	pdb.u3.virtualflybrain.org	/	0	1	7
2024-09-24	pdl.virtualflybrain.org	/	0	1	3
2024-09-24	pgadmin.virtualflybrain.org	/	0	1	4
2024-09-24	r.virtualflybrain.org	/	0	1	7
2024-09-24	raw.larval.flylight.virtualflybrain.org	/	1	1	0
2024-09-24	sb.virtualflybrain.org	/	0	1	5
2024-09-24	sb1.virtualflybrain.org	/	0	1	4
2024-09-24	sb2.virtualflybrain.org	/	0	1	4
2024-09-24	sb2.virtualflybrain.orgherd.virtualflybrain.org	/	0	1	3
2024-09-24	solr-dev.virtualflybrain.org	/	0	1	8
2024-09-24	solr.p2.virtualflybrain.org	/	0	1	3
2024-09-24	solr.virtualflybrain.org	/	1	2	4
2024-09-24	ubuntu.virtualflybrain.org	/	0	1	7
2024-09-24	v1-5.virtualflybrain.org	/	0	1	3
2024-09-24	v1.virtualflybrain.org	/	0	1	2
2024-09-24	v2-dev.virtualflybrain.org	/org.geppetto.frontend/geppetto	0	1	4
2024-09-24	v2-dev2.virtualflybrain.org	/	0	1	4
2024-09-24	v2-preview.virtualflybrain.org	/	0	1	6
2024-09-24	v2.virtualflybrain.org	/	1	1	0
2024-09-24	v2.virtualflybrain.org	/org.geppetto.frontend/geppetto	163	40	6189
2024-09-24	v2.virtualflybrain.org	/org.geppetto.frontend/geppetto/VFB_00101567	4	1	13
2024-09-24	v2.virtualflybrain.org	/org.geppetto.frontend/geppetto/geppetto/build/static/geppetto/build/static/geppetto/build/static/geppetto/build/static/geppetto/build/static/geppetto/build/static/geppetto/build/static/geppetto/build/static/geppetto/build/static/geppetto/build/static/geppetto/build/static/geppetto/build/static/geppetto/build/static/geppetto/build/static/geppetto/build/static/geppetto/build/static/geppetto/build/static/geppetto/build/static/geppetto/build/static/geppetto/build/static/geppetto/build/static/geppetto/build/static/geppetto/build/static/geppetto/build/static/geppetto/build/static/geppetto/build/static/geppetto/build/static/geppetto/build/static/geppetto/build/static/geppetto/build/static/geppetto/build/static/geppetto/build/static/geppetto/build/static/geppetto/build/static/geppetto/build/static/geppetto/build/static/geppetto/build/static/geppetto/build/static/geppetto/build/static/geppetto/build/static/geppetto/build/static/geppetto/build/static/geppetto/build	184	1	0
2024-09-24	v2.virtualflybrain.org	/org.geppetto.frontend/geppetto/geppetto/build/static/geppetto/build/static/geppetto/build/static/geppetto/build/static/geppetto/build/static/geppetto/build/static/geppetto/build/static/geppetto/build/static/geppetto/build/static/geppetto/build/static/geppetto/build/static/geppetto/build/static/geppetto/build/static/geppetto/build/static/geppetto/build/static/geppetto/build/static/geppetto/build/static/geppetto/build/static/geppetto/build/static/geppetto/build/static/geppetto/build/static/geppetto/build/static/geppetto/build/static/geppetto/build/static/geppetto/build/static/geppetto/build/static/geppetto/build/static/geppetto/build/static/geppetto/build/static/geppetto/build/static/geppetto/build/static/geppetto/build/static/geppetto/build/static/geppetto/build/static/geppetto/build/static/geppetto/build/static/geppetto/build/static/geppetto/build/static/geppetto/build/static/geppetto/build/static/geppetto/build/static/geppetto/build/static/splash.gif	3	1	0
2024-09-24	v2.virtualflybrain.org	/org.geppetto.frontend/geppetto/geppetto/build/static/geppetto/build/static/geppetto/build/static/geppetto/build/static/geppetto/build/static/geppetto/build/static/geppetto/build/static/geppetto/build/static/geppetto/build/static/geppetto/build/static/geppetto/build/static/geppetto/build/static/geppetto/build/static/geppetto/build/static/geppetto/build/static/geppetto/build/static/geppetto/build/static/geppetto/build/static/geppetto/build/static/geppetto/build/static/geppetto/build/static/geppetto/build/static/geppetto/build/static/geppetto/build/static/geppetto/build/static/geppetto/build/static/geppetto/build/static/geppetto/build/static/geppetto/build/static/geppetto/build/static/geppetto/build/static/geppetto/build/static/geppetto/build/static/geppetto/build/static/geppetto/build/static/geppetto/build/static/geppetto/build/static/geppetto/build/static/geppetto/build/static/geppetto/build/static/geppetto/build/static/splash.gif	3	1	0
2024-09-24	v2.virtualflybrain.org	/org.geppetto.frontend/geppetto/geppetto/build/static/geppetto/build/static/geppetto/build/static/geppetto/build/static/geppetto/build/static/geppetto/build/static/geppetto/build/static/geppetto/build/static/geppetto/build/static/geppetto/build/static/geppetto/build/static/geppetto/build/static/geppetto/build/static/geppetto/build/static/geppetto/build/static/geppetto/build/static/geppetto/build/static/geppetto/build/static/geppetto/build/static/geppetto/build/static/geppetto/build/static/geppetto/build/static/geppetto/build/static/geppetto/build/static/geppetto/build/static/geppetto/build/static/geppetto/build/static/geppetto/build/static/geppetto/build/static/geppetto/build/static/geppetto/build/static/geppetto/build/static/geppetto/build/static/geppetto/build/static/geppetto/build/static/geppetto/build/static/geppetto/build/static/geppetto/build/static/geppetto/build/static/geppetto/build/static/splash.gif	3	1	0
2024-09-24	v2.virtualflybrain.org	/org.geppetto.frontend/geppetto/geppetto/build/static/geppetto/build/static/geppetto/build/static/geppetto/build/static/geppetto/build/static/geppetto/build/static/geppetto/build/static/geppetto/build/static/geppetto/build/static/geppetto/build/static/geppetto/build/static/geppetto/build/static/geppetto/build/static/geppetto/build/static/geppetto/build/static/geppetto/build/static/geppetto/build/static/geppetto/build/static/geppetto/build/static/geppetto/build/static/geppetto/build/static/geppetto/build/static/geppetto/build/static/geppetto/build/static/geppetto/build/static/geppetto/build/static/geppetto/build/static/geppetto/build/static/geppetto/build/static/geppetto/build/static/geppetto/build/static/geppetto/build/static/geppetto/build/static/geppetto/build/static/geppetto/build/static/geppetto/build/static/geppetto/build/static/geppetto/build/static/geppetto/build/static/splash.gif	3	1	0
2024-09-24	v2.virtualflybrain.org	/org.geppetto.frontend/geppetto/geppetto/build/static/geppetto/build/static/geppetto/build/static/geppetto/build/static/geppetto/build/static/geppetto/build/static/geppetto/build/static/geppetto/build/static/geppetto/build/static/geppetto/build/static/geppetto/build/static/geppetto/build/static/geppetto/build/static/geppetto/build/static/geppetto/build/static/geppetto/build/static/geppetto/build/static/geppetto/build/static/geppetto/build/static/geppetto/build/static/geppetto/build/static/geppetto/build/static/geppetto/build/static/geppetto/build/static/geppetto/build/static/geppetto/build/static/geppetto/build/static/geppetto/build/static/geppetto/build/static/geppetto/build/static/geppetto/build/static/geppetto/build/static/geppetto/build/static/geppetto/build/static/geppetto/build/static/geppetto/build/static/geppetto/build/static/geppetto/build/static/splash.gif	3	1	0
2024-09-24	v2.virtualflybrain.org	/org.geppetto.frontend/geppetto/geppetto/build/static/geppetto/build/static/geppetto/build/static/geppetto/build/static/geppetto/build/static/geppetto/build/static/geppetto/build/static/geppetto/build/static/geppetto/build/static/geppetto/build/static/geppetto/build/static/geppetto/build/static/geppetto/build/static/geppetto/build/static/geppetto/build/static/geppetto/build/static/geppetto/build/static/geppetto/build/static/geppetto/build/static/geppetto/build/static/geppetto/build/static/geppetto/build/static/geppetto/build/static/geppetto/build/static/geppetto/build/static/geppetto/build/static/geppetto/build/static/geppetto/build/static/geppetto/build/static/geppetto/build/static/geppetto/build/static/geppetto/build/static/geppetto/build/static/geppetto/build/static/geppetto/build/static/geppetto/build/static/geppetto/build/static/splash.gif	3	1	0
2024-09-24	v2.virtualflybrain.org	/org.geppetto.frontend/geppetto/geppetto/build/static/geppetto/build/static/geppetto/build/static/geppetto/build/static/geppetto/build/static/geppetto/build/static/geppetto/build/static/geppetto/build/static/geppetto/build/static/geppetto/build/static/geppetto/build/static/geppetto/build/static/geppetto/build/static/geppetto/build/static/geppetto/build/static/geppetto/build/static/geppetto/build/static/geppetto/build/static/geppetto/build/static/geppetto/build/static/geppetto/build/static/geppetto/build/static/geppetto/build/static/geppetto/build/static/geppetto/build/static/geppetto/build/static/geppetto/build/static/geppetto/build/static/geppetto/build/static/geppetto/build/static/geppetto/build/static/geppetto/build/static/geppetto/build/static/geppetto/build/static/geppetto/build/static/geppetto/build/static/splash.gif	3	1	0
2024-09-24	v2.virtualflybrain.org	/org.geppetto.frontend/geppetto/geppetto/build/static/geppetto/build/static/geppetto/build/static/geppetto/build/static/geppetto/build/static/geppetto/build/static/geppetto/build/static/geppetto/build/static/geppetto/build/static/geppetto/build/static/geppetto/build/static/geppetto/build/static/geppetto/build/static/geppetto/build/static/geppetto/build/static/geppetto/build/static/geppetto/build/static/geppetto/build/static/geppetto/build/static/geppetto/build/static/geppetto/build/static/geppetto/build/static/geppetto/build/static/geppetto/build/static/geppetto/build/static/geppetto/build/static/geppetto/build/static/geppetto/build/static/geppetto/build/static/geppetto/build/static/geppetto/build/static/geppetto/build/static/geppetto/build/static/geppetto/build/static/geppetto/build/static/splash.gif	3	1	0
2024-09-24	v2.virtualflybrain.org	/org.geppetto.frontend/geppetto/geppetto/build/static/geppetto/build/static/geppetto/build/static/geppetto/build/static/geppetto/build/static/geppetto/build/static/geppetto/build/static/geppetto/build/static/geppetto/build/static/geppetto/build/static/geppetto/build/static/geppetto/build/static/geppetto/build/static/geppetto/build/static/geppetto/build/static/geppetto/build/static/geppetto/build/static/geppetto/build/static/geppetto/build/static/geppetto/build/static/geppetto/build/static/geppetto/build/static/geppetto/build/static/geppetto/build/static/geppetto/build/static/geppetto/build/static/geppetto/build/static/geppetto/build/static/geppetto/build/static/geppetto/build/static/geppetto/build/static/geppetto/build/static/geppetto/build/static/geppetto/build/static/splash.gif	3	1	0
2024-09-24	v2.virtualflybrain.org	/org.geppetto.frontend/geppetto/geppetto/build/static/geppetto/build/static/geppetto/build/static/geppetto/build/static/geppetto/build/static/geppetto/build/static/geppetto/build/static/geppetto/build/static/geppetto/build/static/geppetto/build/static/geppetto/build/static/geppetto/build/static/geppetto/build/static/geppetto/build/static/geppetto/build/static/geppetto/build/static/geppetto/build/static/geppetto/build/static/geppetto/build/static/geppetto/build/static/geppetto/build/static/geppetto/build/static/geppetto/build/static/geppetto/build/static/geppetto/build/static/geppetto/build/static/geppetto/build/static/geppetto/build/static/geppetto/build/static/geppetto/build/static/geppetto/build/static/geppetto/build/static/geppetto/build/static/splash.gif	3	1	0
2024-09-24	v2.virtualflybrain.org	/org.geppetto.frontend/geppetto/geppetto/build/static/geppetto/build/static/geppetto/build/static/geppetto/build/static/geppetto/build/static/geppetto/build/static/geppetto/build/static/geppetto/build/static/geppetto/build/static/geppetto/build/static/geppetto/build/static/geppetto/build/static/geppetto/build/static/geppetto/build/static/geppetto/build/static/geppetto/build/static/geppetto/build/static/geppetto/build/static/geppetto/build/static/geppetto/build/static/geppetto/build/static/geppetto/build/static/geppetto/build/static/geppetto/build/static/geppetto/build/static/geppetto/build/static/geppetto/build/static/geppetto/build/static/geppetto/build/static/geppetto/build/static/geppetto/build/static/geppetto/build/static/splash.gif	3	1	0
2024-09-24	v2.virtualflybrain.org	/org.geppetto.frontend/geppetto/geppetto/build/static/geppetto/build/static/geppetto/build/static/geppetto/build/static/geppetto/build/static/geppetto/build/static/geppetto/build/static/geppetto/build/static/geppetto/build/static/geppetto/build/static/geppetto/build/static/geppetto/build/static/geppetto/build/static/geppetto/build/static/geppetto/build/static/geppetto/build/static/geppetto/build/static/geppetto/build/static/geppetto/build/static/geppetto/build/static/geppetto/build/static/geppetto/build/static/geppetto/build/static/geppetto/build/static/geppetto/build/static/geppetto/build/static/geppetto/build/static/geppetto/build/static/geppetto/build/static/geppetto/build/static/geppetto/build/static/splash.gif	3	1	0
2024-09-24	v2.virtualflybrain.org	/org.geppetto.frontend/geppetto/geppetto/build/static/geppetto/build/static/geppetto/build/static/geppetto/build/static/geppetto/build/static/geppetto/build/static/geppetto/build/static/geppetto/build/static/geppetto/build/static/geppetto/build/static/geppetto/build/static/geppetto/build/static/geppetto/build/static/geppetto/build/static/geppetto/build/static/geppetto/build/static/geppetto/build/static/geppetto/build/static/geppetto/build/static/geppetto/build/static/geppetto/build/static/geppetto/build/static/geppetto/build/static/geppetto/build/static/geppetto/build/static/geppetto/build/static/geppetto/build/static/geppetto/build/static/geppetto/build/static/geppetto/build/static/splash.gif	3	1	0
2024-09-24	v2.virtualflybrain.org	/org.geppetto.frontend/geppetto/geppetto/build/static/geppetto/build/static/geppetto/build/static/geppetto/build/static/geppetto/build/static/geppetto/build/static/geppetto/build/static/geppetto/build/static/geppetto/build/static/geppetto/build/static/geppetto/build/static/geppetto/build/static/geppetto/build/static/geppetto/build/static/geppetto/build/static/geppetto/build/static/geppetto/build/static/geppetto/build/static/geppetto/build/static/geppetto/build/static/geppetto/build/static/geppetto/build/static/geppetto/build/static/geppetto/build/static/geppetto/build/static/geppetto/build/static/geppetto/build/static/geppetto/build/static/geppetto/build/static/splash.gif	3	1	0
2024-09-24	v2.virtualflybrain.org	/org.geppetto.frontend/geppetto/geppetto/build/static/geppetto/build/static/geppetto/build/static/geppetto/build/static/geppetto/build/static/geppetto/build/static/geppetto/build/static/geppetto/build/static/geppetto/build/static/geppetto/build/static/geppetto/build/static/geppetto/build/static/geppetto/build/static/geppetto/build/static/geppetto/build/static/geppetto/build/static/geppetto/build/static/geppetto/build/static/geppetto/build/static/geppetto/build/static/geppetto/build/static/geppetto/build/static/geppetto/build/static/geppetto/build/static/geppetto/build/static/geppetto/build/static/geppetto/build/static/geppetto/build/static/splash.gif	3	1	0
2024-09-24	v2.virtualflybrain.org	/org.geppetto.frontend/geppetto/geppetto/build/static/geppetto/build/static/geppetto/build/static/geppetto/build/static/geppetto/build/static/geppetto/build/static/geppetto/build/static/geppetto/build/static/geppetto/build/static/geppetto/build/static/geppetto/build/static/geppetto/build/static/geppetto/build/static/geppetto/build/static/geppetto/build/static/geppetto/build/static/geppetto/build/static/geppetto/build/static/geppetto/build/static/geppetto/build/static/geppetto/build/static/geppetto/build/static/geppetto/build/static/geppetto/build/static/geppetto/build/static/geppetto/build/static/geppetto/build/static/splash.gif	3	1	0
2024-09-24	v2.virtualflybrain.org	/org.geppetto.frontend/geppetto/geppetto/build/static/geppetto/build/static/geppetto/build/static/geppetto/build/static/geppetto/build/static/geppetto/build/static/geppetto/build/static/geppetto/build/static/geppetto/build/static/geppetto/build/static/geppetto/build/static/geppetto/build/static/geppetto/build/static/geppetto/build/static/geppetto/build/static/geppetto/build/static/geppetto/build/static/geppetto/build/static/geppetto/build/static/geppetto/build/static/geppetto/build/static/geppetto/build/static/geppetto/build/static/geppetto/build/static/geppetto/build/static/geppetto/build/static/splash.gif	3	1	0
2024-09-24	v2.virtualflybrain.org	/org.geppetto.frontend/geppetto/geppetto/build/static/geppetto/build/static/geppetto/build/static/geppetto/build/static/geppetto/build/static/geppetto/build/static/geppetto/build/static/geppetto/build/static/geppetto/build/static/geppetto/build/static/geppetto/build/static/geppetto/build/static/geppetto/build/static/geppetto/build/static/geppetto/build/static/geppetto/build/static/geppetto/build/static/geppetto/build/static/geppetto/build/static/geppetto/build/static/geppetto/build/static/geppetto/build/static/geppetto/build/static/geppetto/build/static/geppetto/build/static/splash.gif	3	1	0
2024-09-24	v2.virtualflybrain.org	/org.geppetto.frontend/geppetto/geppetto/build/static/geppetto/build/static/geppetto/build/static/geppetto/build/static/geppetto/build/static/geppetto/build/static/geppetto/build/static/geppetto/build/static/geppetto/build/static/geppetto/build/static/geppetto/build/static/geppetto/build/static/geppetto/build/static/geppetto/build/static/geppetto/build/static/geppetto/build/static/geppetto/build/static/geppetto/build/static/geppetto/build/static/geppetto/build/static/geppetto/build/static/geppetto/build/static/geppetto/build/static/geppetto/build/static/splash.gif	3	1	0
2024-09-24	v2.virtualflybrain.org	/org.geppetto.frontend/geppetto/geppetto/build/static/geppetto/build/static/geppetto/build/static/geppetto/build/static/geppetto/build/static/geppetto/build/static/geppetto/build/static/geppetto/build/static/geppetto/build/static/geppetto/build/static/geppetto/build/static/geppetto/build/static/geppetto/build/static/geppetto/build/static/geppetto/build/static/geppetto/build/static/geppetto/build/static/geppetto/build/static/geppetto/build/static/geppetto/build/static/geppetto/build/static/geppetto/build/static/geppetto/build/static/splash.gif	3	1	0
2024-09-24	v2.virtualflybrain.org	/org.geppetto.frontend/geppetto/geppetto/build/static/geppetto/build/static/geppetto/build/static/geppetto/build/static/geppetto/build/static/geppetto/build/static/geppetto/build/static/geppetto/build/static/geppetto/build/static/geppetto/build/static/geppetto/build/static/geppetto/build/static/geppetto/build/static/geppetto/build/static/geppetto/build/static/geppetto/build/static/geppetto/build/static/geppetto/build/static/geppetto/build/static/geppetto/build/static/geppetto/build/static/geppetto/build/static/splash.gif	3	1	0
2024-09-24	v2.virtualflybrain.org	/org.geppetto.frontend/geppetto/geppetto/build/static/geppetto/build/static/geppetto/build/static/geppetto/build/static/geppetto/build/static/geppetto/build/static/geppetto/build/static/geppetto/build/static/geppetto/build/static/geppetto/build/static/geppetto/build/static/geppetto/build/static/geppetto/build/static/geppetto/build/static/geppetto/build/static/geppetto/build/static/geppetto/build/static/geppetto/build/static/geppetto/build/static/geppetto/build/static/geppetto/build/static/splash.gif	3	1	0
2024-09-24	v2.virtualflybrain.org	/org.geppetto.frontend/geppetto/geppetto/build/static/geppetto/build/static/geppetto/build/static/geppetto/build/static/geppetto/build/static/geppetto/build/static/geppetto/build/static/geppetto/build/static/geppetto/build/static/geppetto/build/static/geppetto/build/static/geppetto/build/static/geppetto/build/static/geppetto/build/static/geppetto/build/static/geppetto/build/static/geppetto/build/static/geppetto/build/static/geppetto/build/static/geppetto/build/static/splash.gif	3	1	0
2024-09-24	v2.virtualflybrain.org	/org.geppetto.frontend/geppetto/geppetto/build/static/geppetto/build/static/geppetto/build/static/geppetto/build/static/geppetto/build/static/geppetto/build/static/geppetto/build/static/geppetto/build/static/geppetto/build/static/geppetto/build/static/geppetto/build/static/geppetto/build/static/geppetto/build/static/geppetto/build/static/geppetto/build/static/geppetto/build/static/geppetto/build/static/geppetto/build/static/geppetto/build/static/splash.gif	3	1	0
2024-09-24	v2.virtualflybrain.org	/org.geppetto.frontend/geppetto/geppetto/build/static/geppetto/build/static/geppetto/build/static/geppetto/build/static/geppetto/build/static/geppetto/build/static/geppetto/build/static/geppetto/build/static/geppetto/build/static/geppetto/build/static/geppetto/build/static/geppetto/build/static/geppetto/build/static/geppetto/build/static/geppetto/build/static/geppetto/build/static/geppetto/build/static/geppetto/build/static/splash.gif	3	1	0
2024-09-24	v2.virtualflybrain.org	/org.geppetto.frontend/geppetto/geppetto/build/static/geppetto/build/static/geppetto/build/static/geppetto/build/static/geppetto/build/static/geppetto/build/static/geppetto/build/static/geppetto/build/static/geppetto/build/static/geppetto/build/static/geppetto/build/static/geppetto/build/static/geppetto/build/static/geppetto/build/static/geppetto/build/static/geppetto/build/static/geppetto/build/static/splash.gif	3	1	0
2024-09-24	v2.virtualflybrain.org	/org.geppetto.frontend/geppetto/geppetto/build/static/geppetto/build/static/geppetto/build/static/geppetto/build/static/geppetto/build/static/geppetto/build/static/geppetto/build/static/geppetto/build/static/geppetto/build/static/geppetto/build/static/geppetto/build/static/geppetto/build/static/geppetto/build/static/geppetto/build/static/geppetto/build/static/geppetto/build/static/splash.gif	3	1	0
2024-09-24	v2.virtualflybrain.org	/org.geppetto.frontend/geppetto/geppetto/build/static/geppetto/build/static/geppetto/build/static/geppetto/build/static/geppetto/build/static/geppetto/build/static/geppetto/build/static/geppetto/build/static/geppetto/build/static/geppetto/build/static/geppetto/build/static/geppetto/build/static/geppetto/build/static/geppetto/build/static/geppetto/build/static/splash.gif	3	1	0
2024-09-24	v2.virtualflybrain.org	/org.geppetto.frontend/geppetto/geppetto/build/static/geppetto/build/static/geppetto/build/static/geppetto/build/static/geppetto/build/static/geppetto/build/static/geppetto/build/static/geppetto/build/static/geppetto/build/static/geppetto/build/static/geppetto/build/static/geppetto/build/static/geppetto/build/static/geppetto/build/static/splash.gif	3	1	0
2024-09-24	v2.virtualflybrain.org	/org.geppetto.frontend/geppetto/geppetto/build/static/geppetto/build/static/geppetto/build/static/geppetto/build/static/geppetto/build/static/geppetto/build/static/geppetto/build/static/geppetto/build/static/geppetto/build/static/geppetto/build/static/geppetto/build/static/geppetto/build/static/geppetto/build/static/splash.gif	3	1	0
2024-09-24	v2.virtualflybrain.org	/org.geppetto.frontend/geppetto/geppetto/build/static/geppetto/build/static/geppetto/build/static/geppetto/build/static/geppetto/build/static/geppetto/build/static/geppetto/build/static/geppetto/build/static/geppetto/build/static/geppetto/build/static/geppetto/build/static/geppetto/build/static/splash.gif	3	1	0
2024-09-24	v2.virtualflybrain.org	/org.geppetto.frontend/geppetto/geppetto/build/static/geppetto/build/static/geppetto/build/static/geppetto/build/static/geppetto/build/static/geppetto/build/static/geppetto/build/static/geppetto/build/static/geppetto/build/static/geppetto/build/static/geppetto/build/static/splash.gif	3	1	0
2024-09-24	v2.virtualflybrain.org	/org.geppetto.frontend/geppetto/geppetto/build/static/geppetto/build/static/geppetto/build/static/geppetto/build/static/geppetto/build/static/geppetto/build/static/geppetto/build/static/geppetto/build/static/geppetto/build/static/geppetto/build/static/splash.gif	3	1	0
2024-09-24	v2.virtualflybrain.org	/org.geppetto.frontend/geppetto/geppetto/build/static/geppetto/build/static/geppetto/build/static/geppetto/build/static/geppetto/build/static/geppetto/build/static/geppetto/build/static/geppetto/build/static/geppetto/build/static/splash.gif	3	1	0
2024-09-24	v2.virtualflybrain.org	/org.geppetto.frontend/geppetto/geppetto/build/static/geppetto/build/static/geppetto/build/static/geppetto/build/static/geppetto/build/static/geppetto/build/static/geppetto/build/static/geppetto/build/static/splash.gif	3	1	0
2024-09-24	v2.virtualflybrain.org	/org.geppetto.frontend/geppetto/geppetto/build/static/geppetto/build/static/geppetto/build/static/geppetto/build/static/geppetto/build/static/geppetto/build/static/geppetto/build/static/splash.gif	3	1	0
2024-09-24	v2.virtualflybrain.org	/org.geppetto.frontend/geppetto/geppetto/build/static/geppetto/build/static/geppetto/build/static/geppetto/build/static/geppetto/build/static/geppetto/build/static/splash.gif	3	1	0
2024-09-24	v2.virtualflybrain.org	/org.geppetto.frontend/geppetto/geppetto/build/static/geppetto/build/static/geppetto/build/static/geppetto/build/static/geppetto/build/static/splash.gif	4	1	0
2024-09-24	v2.virtualflybrain.org	/org.geppetto.frontend/geppetto/geppetto/build/static/geppetto/build/static/geppetto/build/static/geppetto/build/static/splash.gif	4	1	1
2024-09-24	v2.virtualflybrain.org	/org.geppetto.frontend/geppetto/geppetto/build/static/geppetto/build/static/geppetto/build/static/splash.gif	4	1	0
2024-09-24	v2.virtualflybrain.org	/org.geppetto.frontend/geppetto/geppetto/build/static/geppetto/build/static/splash.gif	4	1	0
2024-09-24	v2.virtualflybrain.org	/org.geppetto.frontend/geppetto/geppetto/build/static/splash.gif	4	1	0
2024-09-24	v2.virtualflybrain.org	/org.geppetto.frontend/org.geppetto.frontend	2	1	0
2024-09-24	v2a.virtualflybrain.org	/org.geppetto.frontend/geppetto	0	1	3
2024-09-24	v2test1.virtualflybrain.org	/	0	1	3
2024-09-24	vfb-connect.readthedocs.io	/en/stable/	1	1	54
2024-09-24	vfb-connect.readthedocs.io	/en/stable/tutorials/connectomics.html	1	1	0
2024-09-24	vfb-connect.readthedocs.io	/en/stable/tutorials/overview.html	1	1	9
2024-09-24	vfbblog.inf.ed.ac.uk	/	0	1	2
2024-09-24	virtualflybrain.org	/	3	3	2
2024-09-24	webtop.virtualflybrain.org	/	0	1	4
2024-09-24	www.virtualflybrain.org	/	22	20	360
2024-09-24	www.virtualflybrain.org	/about/citeus/	1	1	1
2024-09-24	www.virtualflybrain.org	/about/contactus/	1	1	1
2024-09-24	www.virtualflybrain.org	/about/whatisvfb/	1	1	1
2024-09-24	www.virtualflybrain.org	/blog/2022/01/01/er5ring_l-flyem-hb1230738118-vfb_jrchjtrx/	1	1	10
2024-09-24	www.virtualflybrain.org	/blog/2022/01/01/pr11f02-gal4.dbd-peve-p65.el.ad-expression-pattern-vfbexp_fbtp0117517fbtp0117519/	1	1	9
2024-09-24	www.virtualflybrain.org	/blog/2022/01/01/vfb-content-report/	1	1	0
2024-09-24	www.virtualflybrain.org	/blog/2024/07/29/predicted-neurotransmitters-for-em-data-now-available-on-vfb/	1	1	12
2024-09-24	www.virtualflybrain.org	/blog/2024/08/25/guide-to-working-with-images-from-virtual-fly-brain-vfb-using-the-vfbconnect-library/	1	1	27
2024-09-24	www.virtualflybrain.org	/blog/news/	1	1	0
2024-09-24	www.virtualflybrain.org	/blog/releases/catmaid/fanc/	1	1	150
2024-09-24	www.virtualflybrain.org	/blog/releases/catmaid/l1em/	1	1	0
2024-09-24	www.virtualflybrain.org	/blog/releases/ontologies/flybase/	1	1	16
2024-09-24	www.virtualflybrain.org	/docs/	1	1	18
2024-09-24	www.virtualflybrain.org	/docs/getting-started/3dviewer/	2	2	9
2024-09-24	www.virtualflybrain.org	/docs/getting-started/bulkdownloads/	1	0	0
2024-09-24	www.virtualflybrain.org	/docs/getting-started/overview/	1	1	4
2024-09-24	www.virtualflybrain.org	/docs/tutorials/	1	1	4
2024-09-24	www.virtualflybrain.org	/docs/tutorials/apis/	1	1	14
2024-09-24	www.virtualflybrain.org	/docs/tutorials/apis/0_vfb_api_overview/	1	1	20
2024-09-24	www.virtualflybrain.org	/docs/tutorials/apis/2_plotting/	1	1	0
2024-09-24	www.virtualflybrain.org	/search/	1	1	0
2024-09-24	www.virtualflybrain.org	/tags/fbcv/	2	1	40
2024-09-24	www.virtualflybrain.org	/term/acetylesterase-activity-go_0008126/	1	1	0
2024-09-24	www.virtualflybrain.org	/term/adult-lateral-horn-av4e1-neuron-fbbt_00051529/	1	1	0
2024-09-24	www.virtualflybrain.org	/term/caup-fbgn0015919/	1	1	4
2024-09-24	www.virtualflybrain.org	/term/cellular-response-to-organonitrogen-compound-go_0071417/	1	1	0
2024-09-24	www.virtualflybrain.org	/term/cg10725-fbgn0036362/	1	1	29
2024-09-24	www.virtualflybrain.org	/term/cg11459-fbgn0037396/	1	1	6
2024-09-24	www.virtualflybrain.org	/term/cg17839-fbgn0036454/	1	1	18
2024-09-24	www.virtualflybrain.org	/term/cg30148-fbgn0050148/	2	1	27
2024-09-24	www.virtualflybrain.org	/term/hypocerebral-ganglion-fbbt_00005804/	1	1	4
2024-09-24	www.virtualflybrain.org	/term/insulin-like-receptor-signaling-pathway-core-components-fbgg0000904/	1	1	5
2024-09-24	www.virtualflybrain.org	/term/jrc_mb005b-split-gal4-in-the-adult-vns-vfb_00068905/	1	1	23
2024-09-24	www.virtualflybrain.org	/term/jrc_r47d02-gal4-in-the-adult-brain-vfb_00023012/	1	1	9
2024-09-24	www.virtualflybrain.org	/term/jrc_r47d02_gal4_vnc_20090630-vfb_00100ers/	1	1	11
2024-09-24	www.virtualflybrain.org	/term/jrc_r47d04-gal4-in-the-adult-brain-vfb_00023355/	1	1	0
2024-09-24	www.virtualflybrain.org	/term/light-activated-ion-channel-activity-go_0010461/	1	1	0
2024-09-24	www.virtualflybrain.org	/term/negative-regulation-of-ribonuclease-activity-go_0060701/	1	1	0
2024-09-24	www.virtualflybrain.org	/term/organism-emergence-from-protective-structure-go_0071684/	1	1	0
2024-09-24	www.virtualflybrain.org	/term/pbacnsyb-lexap65-expression-pattern-vfbexp_fbtp0089965/	1	1	20
2024-09-24	www.virtualflybrain.org	/term/pgal4db331-fbti0115113/	1	1	14
2024-09-24	www.virtualflybrain.org	/term/phototransduction-visible-light-go_0007603/	1	1	0
2024-09-24	www.virtualflybrain.org	/term/pr12d12-gal4.dbd-pr44a02-p65.ad-expression-pattern-vfbexp_fbtp0121137fbtp0117988/	1	1	7
2024-09-24	www.virtualflybrain.org	/term/rp2-motor-neuron-fbbt_00001453/	1	1	42
2024-09-24	www.virtualflybrain.org	/term/vt058487-gal4-in-the-adult-vnc-dickson2017-vfb_00068082/	2	1	30
2024-09-24	zip.virtualflybrain.org	/	0	1	4
2024-09-25		/org.geppetto.frontend/geppetto	1158	35	1206
2024-09-25	129.215.197.147	/	1	1	0
2024-09-25	bocian-jenkins.virtualflybrain.org	/	2	2	0
2024-09-25	dill.inf.ed.ac.uk	/blog/2022/01/01/2-iminobutanoate/2-iminopropanoate-deaminase-go_0120241/	1	1	0
2024-09-25	hugo.virtualflybrain.org	/	1	1	0
2024-09-25	pdb.p2.virtualflybrain.org	/blog/2022/01/01/male-fertile-fbcv_0000376/	1	1	14
2024-09-25	raw.larval.flylight.virtualflybrain.org	/	4	2	22
2024-09-25	raw.larval.flylight.virtualflybrain.org	/explore/splits	3	2	370
2024-09-25	sb2.virtualflybrain.org	/blog/2022/01/01/multiplexing_sequence_identifier-so_0002023/	1	1	3
2024-09-25	v2.virtualflybrain.org	/org.geppetto.frontend/geppetto	198	37	6394
2024-09-25	vfb-connect.readthedocs.io	/en/stable/	1	1	6
2024-09-25	vfb-connect.readthedocs.io	/en/v2.2.11/API_reference.html	1	1	2
2024-09-25	vfb-connect.readthedocs.io	/en/v2.2.11/tutorials/vfb_terms.html	4	3	28
2024-09-25	vfb-connect.readthedocs.io	/en/v2.2.7/tutorials/vfb_datasets.html	1	1	0
2024-09-25	virtualflybrain.org	/	5	4	16
2024-09-25	virtualflybrain.org	/docs/	1	1	7
2024-09-25	virtualflybrain.org	/docs/overview/	1	1	11
2024-09-25	www.virtualflybrain.org	/	27	20	166
2024-09-25	www.virtualflybrain.org	/about/	7	5	147
2024-09-25	www.virtualflybrain.org	/about/publications/	2	2	34
2024-09-25	www.virtualflybrain.org	/about/whatisvfb/	1	1	9
2024-09-25	www.virtualflybrain.org	/blog/2022/01/01/template-generated-ontology-module-iao_8000015/	1	1	4
2024-09-25	www.virtualflybrain.org	/blog/2024/08/25/guide-to-working-with-images-from-virtual-fly-brain-vfb-using-the-vfbconnect-library/	1	1	17
2024-09-25	www.virtualflybrain.org	/blog/releases/catmaid/fanc/	1	1	26
2024-09-25	www.virtualflybrain.org	/categories/annotations/	1	1	38
2024-09-25	www.virtualflybrain.org	/do/gene_list.html	1	1	0
2024-09-25	www.virtualflybrain.org	/docs/	12	11	97
2024-09-25	www.virtualflybrain.org	/docs/concepts/	1	1	9
2024-09-25	www.virtualflybrain.org	/docs/concepts/templates/	1	1	22
2024-09-25	www.virtualflybrain.org	/docs/examples/	3	3	22
2024-09-25	www.virtualflybrain.org	/docs/getting-started/3dviewer/	1	1	11
2024-09-25	www.virtualflybrain.org	/docs/getting-started/bulkdownloads/	1	0	0
2024-09-25	www.virtualflybrain.org	/docs/overview/	3	1	47
2024-09-25	www.virtualflybrain.org	/docs/tutorials/	2	1	3
2024-09-25	www.virtualflybrain.org	/docs/tutorials/apis/	1	1	19
2024-09-25	www.virtualflybrain.org	/en/blog/releases/ontologies/go/go_0022411_v6/	1	1	3
2024-09-25	www.virtualflybrain.org	/en/docs/getting-started/3dviewer/	1	1	2
2024-09-25	www.virtualflybrain.org	/search/	4	3	35
2024-09-25	www.virtualflybrain.org	/tags/fbbt/	2	1	13
2024-09-25	www.virtualflybrain.org	/tags/fbcv/	3	1	36
2024-09-25	www.virtualflybrain.org	/tags/template/	1	1	2
2024-09-25	www.virtualflybrain.org	/term/adult-descending-neuron-fbbt_00047511/	3	1	292
2024-09-25	www.virtualflybrain.org	/term/adult-lateral-horn-ad1g1-neuron-fbbt_00051561/	1	1	12
2024-09-25	www.virtualflybrain.org	/term/epithelial-cell-fbbt_00000124/	3	2	25
2024-09-25	www.virtualflybrain.org	/term/obsolete-neuron-part-go_0097458/	1	0	0
2024-09-25	www.virtualflybrain.org	/term/serial-block-face-sem-sbfsem-fbbi_00000585/	1	1	6
2024-09-26		/org.geppetto.frontend/geppetto	1551	37	1411
2024-09-26	123456789abcdefghijklmnopq.virtualflybrain.org	/	0	1	6
2024-09-26	12877200-fe3e-43bd-bf43-557c75765038.virtualflybrain.org	/	0	1	4
2024-09-26	129.215.197.101	/	0	1	4
2024-09-26	129.215.197.144	/	1	1	0
2024-09-26	129.215.197.147	/	0	1	4
2024-09-26	482bm8l9immm8z9tw8t4k.virtualflybrain.org	/	0	1	6
2024-09-26	511e8a24-c663-48f5-9858-cee6c49e3718.virtualflybrain.org	/	0	1	4
2024-09-26	6ca6ec05-0e7c-414b-ab69-6aba90258b6b.virtualflybrain.org	/	0	1	4
2024-09-26	76e1bce3-27a5-406f-81cd-32f1152396af.virtualflybrain.org	/	0	1	3
2024-09-26	981gwa2l.virtualflybrain.org	/	0	1	3
2024-09-26	blog.virtualflybrain.org	/	0	1	3
2024-09-26	bocian-jenkins.virtualflybrain.org	/	0	1	3
2024-09-26	debug.virtualflybrain.org	/	0	1	4
2024-09-26	dev.virtualflybrain.org	/	0	1	3
2024-09-26	geppetto.virtualflybrain.org	/	0	1	3
2024-09-26	grafana.virtualflybrain.org	/	0	1	2
2024-09-26	i3vnc.catmaid.virtualflybrain.org	/	0	1	3
2024-09-26	jitsi.virtualflybrain.org	/	0	1	11
2024-09-26	jupyter.virtualflybrain.org	/	0	1	9
2024-09-26	karenin-jenkins.virtualflybrain.org	/	0	1	3
2024-09-26	kbw.virtualflybrain.org	/	0	1	3
2024-09-26	larval.virtualflybrain.org	/	0	1	4
2024-09-26	mail.virtualflybrain.org	/	0	1	2
2024-09-26	mayo.inf.ed.ac.uk	/	0	1	4
2024-09-26	meet.virtualflybrain.org	/	0	1	3
2024-09-26	natverse2.virtualflybrain.org	/	0	1	4
2024-09-26	natverse3.virtualflybrain.org	/	0	1	3
2024-09-26	natverse4.virtualflybrain.org	/	0	1	5
2024-09-26	natverse5.virtualflybrain.org	/	0	1	3
2024-09-26	owl-dev.virtualflybrain.org	/	0	1	4
2024-09-26	pdb.p2.virtualflybrain.org	/	0	1	4
2024-09-26	pdb.u3.virtualflybrain.org	/	0	1	3
2024-09-26	sb.virtualflybrain.org	/	0	1	3
2024-09-26	sb1.virtualflybrain.org	/	0	1	4
2024-09-26	sb2.virtualflybrain.orgherd.virtualflybrain.org	/	0	1	2
2024-09-26	smtp.virtualflybrain.org	/	0	1	3
2024-09-26	solr-dev.virtualflybrain.org	/	0	1	4
2024-09-26	v1.virtualflybrain.org	/	0	1	9
2024-09-26	v2-preview.virtualflybrain.org	/	0	1	9
2024-09-26	v2.virtualflybrain.org	/org.geppetto.frontend/geppetto	167	39	5617
2024-09-26	v2test1.virtualflybrain.org	/	0	1	3
2024-09-26	vfb-connect.readthedocs.io	/en/v2.2.11/tutorials/vfb_terms.html	1	1	3
2024-09-26	virtualflybrain.org	/	9	9	50
2024-09-26	virtualflybrain.org	/docs/	1	1	11
2024-09-26	virtualflybrain.org	/docs/concepts/splits/	1	1	15
2024-09-26	virtualflybrain.org	/docs/concepts/transgene/	1	1	13
2024-09-26	vnc.catmaid.virtualflybrain.org	/	0	1	4
2024-09-26	webmail.virtualflybrain.org	/	0	1	8
2024-09-26	webtop.virtualflybrain.org	/	0	1	3
2024-09-26	www.virtualflybrain.org	/	23	18	107
2024-09-26	www.virtualflybrain.org	/about/	1	1	0
2024-09-26	www.virtualflybrain.org	/blog/	2	2	4
2024-09-26	www.virtualflybrain.org	/blog/2022/01/01/_broad-d1-l1em7941652-vfb_00100123/	1	1	22
2024-09-26	www.virtualflybrain.org	/blog/2022/01/01/adult-antennal-lobe-projection-neuron-da2/va2/va3-fbbt_00048097/	1	1	2
2024-09-26	www.virtualflybrain.org	/blog/2022/01/01/adult-antennal-lobe-projection-neuron-vp1m-vp5-ilpn-fbbt_00047224/	1	1	5
2024-09-26	www.virtualflybrain.org	/blog/2022/01/01/jrc_r24c10-gal4_mcfo_brain_20181214_61_a2_40x-vfb_00101tqg/	1	1	0
2024-09-26	www.virtualflybrain.org	/blog/2022/01/01/pgal4c673a-fbti0126853/	1	1	12
2024-09-26	www.virtualflybrain.org	/blog/2024/08/25/vfb-workshop-bridging-connectomics-and-transcriptomics-at-neurofly-2024/	3	3	72
2024-09-26	www.virtualflybrain.org	/blog/news/	1	1	0
2024-09-26	www.virtualflybrain.org	/blog/releases/catmaid/	1	1	8
2024-09-26	www.virtualflybrain.org	/blog/releases/ontologies/bfo/	1	1	0
2024-09-26	www.virtualflybrain.org	/blog/releases/ontologies/flybase/	1	1	0
2024-09-26	www.virtualflybrain.org	/blog/releases/ontologies/vfb/	1	1	0
2024-09-26	www.virtualflybrain.org	/categories/overview/	1	1	8
2024-09-26	www.virtualflybrain.org	/docs/	8	3	88
2024-09-26	www.virtualflybrain.org	/docs/concepts/templates/	1	2	241
2024-09-26	www.virtualflybrain.org	/docs/examples/circuit-diagram-of-the-mushroom-body/	1	1	27
2024-09-26	www.virtualflybrain.org	/docs/getting-started/	5	3	206
2024-09-26	www.virtualflybrain.org	/docs/getting-started/3dviewer/	4	4	55
2024-09-26	www.virtualflybrain.org	/docs/getting-started/bulkdownloads/	2	1	39
2024-09-26	www.virtualflybrain.org	/docs/getting-started/circuitbrowser/	1	1	0
2024-09-26	www.virtualflybrain.org	/docs/getting-started/scrnaseq/	1	1	3
2024-09-26	www.virtualflybrain.org	/docs/getting-started/sliceviewer/	1	1	13
2024-09-26	www.virtualflybrain.org	/docs/tutorials/	1	1	3
2024-09-26	www.virtualflybrain.org	/docs/tutorials/apis/	1	1	11
2024-09-26	www.virtualflybrain.org	/docs/tutorials/apis/2_plotting/	3	1	1137
2024-09-26	www.virtualflybrain.org	/docs/tutorials/apis/4_neuprint/	3	1	251
2024-09-26	www.virtualflybrain.org	/docs/tutorials/apis/connectome/3_visualisation/	3	2	28
2024-09-26	www.virtualflybrain.org	/docs/tutorials/apis/connectome/4_connectomics/	1	1	16
2024-09-26	www.virtualflybrain.org	/docs/tutorials/apis/connectome/introvideo/	2	1	6
2024-09-26	www.virtualflybrain.org	/docs/tutorials/apis/solr/	1	1	0
2024-09-26	www.virtualflybrain.org	/search/	8	3	54
2024-09-26	www.virtualflybrain.org	/tags/anatomy/	1	1	9
2024-09-26	www.virtualflybrain.org	/tags/cholinergic/	1	1	1
2024-09-26	www.virtualflybrain.org	/tags/fbti/	2	2	6
2024-09-26	www.virtualflybrain.org	/tags/navis/	1	1	5
2024-09-26	www.virtualflybrain.org	/term/acp32cd-fbgn0023415/	1	1	0
2024-09-26	www.virtualflybrain.org	/term/cg12290-fbgn0039419/	1	1	0
2024-09-26	www.virtualflybrain.org	/term/generically-dependent-continuant-bfo_0000031/	1	1	0
2024-09-26	www.virtualflybrain.org	/term/pr33a12-gal4.dbd-pvt048352-p65.ad-expression-pattern-vfbexp_fbtp0121579fbtp0120736/	1	1	9
2024-09-26	www.virtualflybrain.org	/term/tigal4dbdzip-dsxgal4dbdzip-pvt002064-p65.ad-expression-pattern-vfbexp_fbti0201817fbtp0119395/	1	1	10
2024-09-27		/org.geppetto.frontend/geppetto	984	35	839
2024-09-27	129.215.197.120	/	0	1	4
2024-09-27	129.215.197.144	/	1	1	0
2024-09-27	981gwa2l.virtualflybrain.org	/	0	1	3
2024-09-27	blog.virtualflybrain.org	/en/blog/releases/ontologies/uberon/uberon_0000006_v6/	1	1	0
2024-09-27	raw.larval.flylight.virtualflybrain.org	/explore/splits	1	1	27
2024-09-27	v2.virtualflybrain.org	/org.geppetto.frontend/geppetto	201	38	4776
2024-09-27	v2.virtualflybrain.org	/org.geppetto.frontend/org.geppetto.frontend	4	3	0
2024-09-27	vfbblog.inf.ed.ac.uk	/	0	1	3
2024-09-27	virtualflybrain.org	/	6	6	15
2024-09-27	virtualflybrain.org	/docs/	1	1	13
2024-09-27	virtualflybrain.org	/docs/concepts/splits/	1	1	3
2024-09-27	virtualflybrain.org	/docs/examples/circuit-diagram-of-the-mushroom-body/	1	1	29
2024-09-27	virtualflybrain.org	/docs/getting-started/circuitbrowser/	1	1	35
2024-09-27	virtualflybrain.org	/docs/getting-started/overview/	1	1	41
2024-09-27	virtualflybrain.org	/docs/getting-started/sliceviewer/	1	1	7
2024-09-27	www.virtualflybrain.org	/	26	23	548
2024-09-27	www.virtualflybrain.org	/about/	1	1	2
2024-09-27	www.virtualflybrain.org	/about/citeus/	2	2	5
2024-09-27	www.virtualflybrain.org	/about/contactus/	2	1	0
2024-09-27	www.virtualflybrain.org	/about/whatisvfb/	1	1	1
2024-09-27	www.virtualflybrain.org	/blog/2022/01/01/5-6i-fbbt_00001503/	1	1	12
2024-09-27	www.virtualflybrain.org	/blog/2022/01/01/pgawbhow24b-expression-pattern-vfbexp_fbti0150063/	2	1	22
2024-09-27	www.virtualflybrain.org	/blog/2022/01/01/pr17c11-gal4.dbd-pbacr52h01-p65.ad-expression-pattern-vfbexp_fbtp0099191fbtp0117264/	1	1	13
2024-09-27	www.virtualflybrain.org	/blog/2022/01/01/vfb-content-report/	1	1	0
2024-09-27	www.virtualflybrain.org	/blog/2024/04/10/transcriptomics-data-available-for-cell-types-on-vfb/	1	1	175
2024-09-27	www.virtualflybrain.org	/blog/2024/04/30/new-split-gal4-report-pages-on-flybase/	1	1	65
2024-09-27	www.virtualflybrain.org	/blog/2024/08/25/vfb-workshop-bridging-connectomics-and-transcriptomics-at-neurofly-2024/	1	1	9
2024-09-27	www.virtualflybrain.org	/blog/news/	1	1	2
2024-09-27	www.virtualflybrain.org	/blog/releases/catmaid/	2	2	29
2024-09-27	www.virtualflybrain.org	/blog/releases/catmaid/fanc/	1	1	12
2024-09-27	www.virtualflybrain.org	/blog/releases/catmaid/l1em/	3	3	20
2024-09-27	www.virtualflybrain.org	/blog/releases/ontologies/	1	1	6
2024-09-27	www.virtualflybrain.org	/blog/releases/ontologies/fbbt/	1	1	62
2024-09-27	www.virtualflybrain.org	/blog/releases/ontologies/vfb/	3	2	15
2024-09-27	www.virtualflybrain.org	/categories/workshop/	1	1	22
2024-09-27	www.virtualflybrain.org	/docs/	4	4	45
2024-09-27	www.virtualflybrain.org	/docs/concepts/templates/	2	1	307
2024-09-27	www.virtualflybrain.org	/docs/tutorials/apis/4_neuprint/	1	1	13
2024-09-27	www.virtualflybrain.org	/docs/tutorials/apis/connectome/	1	1	55
2024-09-27	www.virtualflybrain.org	/docs/tutorials/apis/connectome/4_connectomics/	1	1	0
2024-09-27	www.virtualflybrain.org	/docs/tutorials/apis/connectome/tools/	1	1	87
2024-09-27	www.virtualflybrain.org	/search/	1	1	15
2024-09-27	www.virtualflybrain.org	/site/tools/anatomy_finder/index.htm	1	1	0
2024-09-27	www.virtualflybrain.org	/term/jrc_mb085c-split-gal4-in-the-adult-vns-vfb_00069021/	1	1	0
2024-09-27	www.virtualflybrain.org	/term/negative-regulation-of-heterochromatin-assembly-go_0031452/	1	1	0
2024-09-27	www.virtualflybrain.org	/term/pr93f07-gal4.dbd-pvt024629-p65.ad-expression-pattern-vfbexp_fbtp0122502fbtp0120049/	1	1	1
2024-09-28		/org.geppetto.frontend/geppetto	586	22	502
2024-09-28	12877200-fe3e-43bd-bf43-557c75765038.virtualflybrain.org	/	0	1	3
2024-09-28	129.215.197.101	/	0	1	4
2024-09-28	129.215.197.147	/	0	1	9
2024-09-28	482bm8l9immm8z9tw8t4k.virtualflybrain.org	/	0	1	4
2024-09-28	511e8a24-c663-48f5-9858-cee6c49e3718.virtualflybrain.org	/	0	1	9
2024-09-28	6ca6ec05-0e7c-414b-ab69-6aba90258b6b.virtualflybrain.org	/	0	1	4
2024-09-28	76e1bce3-27a5-406f-81cd-32f1152396af.virtualflybrain.org	/	0	1	17
2024-09-28	981gwa2l.virtualflybrain.org	/	0	1	5
2024-09-28	a.bb.ccc.dddd.nblast.virtualflybrain.org	/	0	1	3
2024-09-28	admin.virtualflybrain.org	/	0	1	3
2024-09-28	blanik-jenkins.virtualflybrain.org	/	0	1	13
2024-09-28	blog.virtualflybrain.org	/	0	1	4
2024-09-28	bocian-jenkins.virtualflybrain.org	/	1	1	0
2024-09-28	catmaid-fafb.virtualflybrain.org	/	0	1	8
2024-09-28	debug.virtualflybrain.org	/	0	1	4
2024-09-28	dev.virtualflybrain.org	/	0	1	3
2024-09-28	geppetto-dev1.virtualflybrain.org	/	0	1	4
2024-09-28	geppetto.virtualflybrain.org	/	0	1	4
2024-09-28	grafana.virtualflybrain.org	/	0	1	4
2024-09-28	hugo.virtualflybrain.org	/	0	1	4
2024-09-28	jitsi.virtualflybrain.org	/	0	1	4
2024-09-28	jupyter.virtualflybrain.org	/	0	1	14
2024-09-28	karenin-jenkins.virtualflybrain.org	/	0	1	4
2024-09-28	kbw.virtualflybrain.org	/	0	1	2
2024-09-28	larval.virtualflybrain.org	/	0	1	3
2024-09-28	mail.virtualflybrain.org	/	0	1	3
2024-09-28	mayo.inf.ed.ac.uk	/	0	1	3
2024-09-28	meet.virtualflybrain.org	/	2	3	8
2024-09-28	mysql.virtualflybrain.org	/	0	1	3
2024-09-28	natverse.virtualflybrain.org	/	0	1	3
2024-09-28	natverse2.virtualflybrain.org	/	0	1	5
2024-09-28	natverse3.virtualflybrain.org	/	0	1	4
2024-09-28	natverse4.virtualflybrain.org	/	0	1	8
2024-09-28	natverse5.virtualflybrain.org	/	0	1	3
2024-09-28	pdb.u3.virtualflybrain.org	/	0	1	3
2024-09-28	raw.larval.flylight.virtualflybrain.org	/	1	1	0
2024-09-28	sb.virtualflybrain.org	/	0	1	7
2024-09-28	sb1.virtualflybrain.org	/	0	1	3
2024-09-28	sb2.virtualflybrain.orgherd.virtualflybrain.org	/	0	1	5
2024-09-28	smtp.virtualflybrain.org	/	0	1	4
2024-09-28	solr-dev.virtualflybrain.org	/	0	1	3
2024-09-28	solr.p2.virtualflybrain.org	/	0	1	4
2024-09-28	solr.virtualflybrain.org	/	0	1	4
2024-09-28	ubuntu.virtualflybrain.org	/	0	1	4
2024-09-28	v1.virtualflybrain.org	/	0	1	4
2024-09-28	v2-dev2.virtualflybrain.org	/	0	1	4
2024-09-28	v2-preview.virtualflybrain.org	/	0	1	4
2024-09-28	v2.virtualflybrain.org	/org.geppetto.frontend/geppetto	135	22	1772
2024-09-28	v2test1.virtualflybrain.org	/	0	1	7
2024-09-28	virtualflybrain.org	/	3	3	37
2024-09-28	virtualflybrain.org	/docs/	2	2	24
2024-09-28	virtualflybrain.org	/docs/examples/circuit-diagram-of-the-mushroom-body/	1	1	9
2024-09-28	virtualflybrain.org	/docs/tutorials/apis/connectome/	1	1	7
2024-09-28	virtualflybrain.org	/docs/tutorials/apis/connectome/3_visualisation/	1	1	0
2024-09-28	virtualflybrain.org	/docs/tutorials/apis/connectome/introvideo/	1	1	7
2024-09-28	webmail.virtualflybrain.org	/	0	1	3
2024-09-28	webtop.virtualflybrain.org	/	0	1	5
2024-09-28	www.virtualflybrain.org	/	21	15	285
2024-09-28	www.virtualflybrain.org	/about/	4	3	20
2024-09-28	www.virtualflybrain.org	/about/whatisvfb/	1	1	23
2024-09-28	www.virtualflybrain.org	/blog/2022/01/01/jrc_ss00810_brain_2020__2-vfb_00102790/	1	1	16
2024-09-28	www.virtualflybrain.org	/blog/2022/01/01/pr29g11-gal4.dbd-pbacr35a03-p65.ad-expression-pattern-vfbexp_fbtp0093500fbtp0166579/	1	1	12
2024-09-28	www.virtualflybrain.org	/categories/overview/	1	1	13
2024-09-28	www.virtualflybrain.org	/docs/	1	1	71
2024-09-28	www.virtualflybrain.org	/docs/examples/circuit-diagram-of-the-mushroom-body/	1	1	0
2024-09-28	www.virtualflybrain.org	/docs/getting-started/3dviewer/	1	1	45
2024-09-28	www.virtualflybrain.org	/docs/getting-started/thumbnails/	1	1	33
2024-09-28	www.virtualflybrain.org	/docs/overview/	1	1	7
2024-09-28	www.virtualflybrain.org	/search/	6	3	58
2024-09-28	www.virtualflybrain.org	/site/stacks/index.htm	1	1	0
2024-09-28	www.virtualflybrain.org	/term/gmr-28e02-flp-32-1-vfb_00061710/	1	1	59
2024-09-28	www.virtualflybrain.org	/term/pbl9-on-jrc_flyem_hemibrain-vfb_00101506/	1	1	6
2024-09-28	www.virtualflybrain.org	/term/pr14e06-gal4.dbd-pbacr20c11-p65.ad-expression-pattern-vfbexp_fbtp0099459fbtp0161110/	1	1	10
2024-09-29		/org.geppetto.frontend/geppetto	493	18	292
2024-09-29	129.215.197.143	/	0	1	8
2024-09-29	129.215.197.144	/	1	1	0
2024-09-29	129.215.197.147	/	1	1	0
2024-09-29	981gwa2l.virtualflybrain.org	/	0	1	4
2024-09-29	bocian-jenkins.virtualflybrain.org	/	1	1	0
2024-09-29	dill.inf.ed.ac.uk	/	0	1	5
2024-09-29	raw.larval.flylight.virtualflybrain.org	/	1	1	0
2024-09-29	v2.virtualflybrain.org	/org.geppetto.frontend/geppetto	65	20	1540
2024-09-29	virtualflybrain.org	/	3	2	0
2024-09-29	virtualflybrain.org	/about/	1	1	0
2024-09-29	virtualflybrain.org	/blog/	1	1	0
2024-09-29	virtualflybrain.org	/blog/news/	1	1	0
2024-09-29	virtualflybrain.org	/docs/	1	1	0
2024-09-29	www.virtualflybrain.org	/	12	12	67
2024-09-29	www.virtualflybrain.org	/blog/2022/01/01/temperature-homeostasis-go_0001659/	1	1	6
2024-09-29	www.virtualflybrain.org	/do/gene_list.html	1	1	0
2024-09-29	www.virtualflybrain.org	/docs/	2	2	2
2024-09-29	www.virtualflybrain.org	/docs/contribution-guidelines/	1	1	84
2024-09-29	www.virtualflybrain.org	/docs/overview/	1	1	1
2024-09-29	www.virtualflybrain.org	/term/autosomal-dominant-inheritance-geno_0000147/	1	1	0
2024-09-29	www.virtualflybrain.org	/term/ecolbsollexavp16.mef2.247-fbal0265180/	1	1	0
2024-09-29	www.virtualflybrain.org	/term/em-fafb-marin-et-al-2020-marin2020/	1	1	4
2024-09-29	www.virtualflybrain.org	/term/pr24c07-gal4.dbd-pr14f03-p65.ad-expression-pattern-vfbexp_fbtp0121407fbtp0118249/	1	1	8
2024-09-29	www.virtualflybrain.org	/term/ventral-vum-motor-neuron-fbbt_00110297/	1	1	12
2024-09-30		/org.geppetto.frontend/geppetto	1292	37	1084
2024-09-30	129.215.197.101	/	1	1	0
2024-09-30	129.215.197.143	/	1	1	0
2024-09-30	129.215.197.144	/	1	1	0
2024-09-30	129.215.197.147	/	1	1	0
2024-09-30	raw.larval.flylight.virtualflybrain.org	/	2	1	18
2024-09-30	solr-dev.virtualflybrain.org	/	1	1	0
2024-09-30	solr-dev.virtualflybrain.org	/solr/	1	1	1
2024-09-30	solr.p2.virtualflybrain.org	/solr/	2	1	2
2024-09-30	v2.virtualflybrain.org	/org.geppetto.frontend/geppetto	145	37	7086
2024-09-30	vfb-connect.readthedocs.io	/	1	1	181
2024-09-30	vfb-connect.readthedocs.io	/en/stable/	2	1	0
2024-09-30	virtualflybrain.org	/	11	10	49
2024-09-30	virtualflybrain.org	/blog/news/	1	1	0
2024-09-30	virtualflybrain.org	/docs/	3	2	11
2024-09-30	virtualflybrain.org	/docs/examples/circuit-diagram-of-the-mushroom-body/	1	1	0
2024-09-30	virtualflybrain.org	/docs/getting-started/	1	1	15
2024-09-30	virtualflybrain.org	/docs/getting-started/3dviewer/	1	1	1
2024-09-30	virtualflybrain.org	/docs/getting-started/circuitbrowser/	4	1	76
2024-09-30	virtualflybrain.org	/docs/getting-started/overview/	1	1	13
2024-09-30	virtualflybrain.org	/docs/getting-started/scrnaseq/	1	1	2
2024-09-30	virtualflybrain.org	/docs/getting-started/sliceviewer/	1	1	9
2024-09-30	virtualflybrain.org	/docs/getting-started/termcontext/	1	1	5
2024-09-30	virtualflybrain.org	/docs/getting-started/terminfo/	1	1	4
2024-09-30	virtualflybrain.org	/docs/tutorials/apis/connectome/	3	2	27
2024-09-30	virtualflybrain.org	/docs/tutorials/apis/connectome/3_visualisation/	1	1	21
2024-09-30	virtualflybrain.org	/docs/tutorials/apis/connectome/4_connectomics/	1	1	5
2024-09-30	virtualflybrain.org	/docs/tutorials/apis/connectome/5_nblast/	1	1	8
2024-09-30	virtualflybrain.org	/docs/tutorials/apis/connectome/introvideo/	1	1	6
2024-09-30	virtualflybrain.org	/docs/tutorials/apis/vfbconnect_neuron_display/	1	1	7
2024-09-30	www.virtualflybrain.org	/	25	19	97
2024-09-30	www.virtualflybrain.org	/about/	3	2	30
2024-09-30	www.virtualflybrain.org	/about/citeus/	1	1	0
2024-09-30	www.virtualflybrain.org	/about/contactus/	1	1	0
2024-09-30	www.virtualflybrain.org	/about/whatisvfb/	2	2	8
2024-09-30	www.virtualflybrain.org	/blog/2022/01/01/allele-geno_0000512/	1	1	3
2024-09-30	www.virtualflybrain.org	/blog/2022/01/01/avicbsolgfpegfp.ppk.1-fbal0221331/	1	1	16
2024-09-30	www.virtualflybrain.org	/blog/2022/01/01/brainname-neuropils-on-adult-brain-jfrc2-jenett-shinomya-jenettshinomya_brainname/	1	1	25
2024-09-30	www.virtualflybrain.org	/blog/2022/01/01/campaniform-sensillum-neuron-right-t1-22e04-170426-r-fanc559592-vfb_001028l6/	2	1	30
2024-09-30	www.virtualflybrain.org	/blog/2022/01/01/jrc-2018-templates-rois-jrc2018/	1	1	0
2024-09-30	www.virtualflybrain.org	/blog/2022/01/01/vfb-content-report/	1	1	2
2024-09-30	www.virtualflybrain.org	/blog/news/	1	1	1
2024-09-30	www.virtualflybrain.org	/blog/releases/catmaid/	1	1	67
2024-09-30	www.virtualflybrain.org	/blog/releases/catmaid/fafb/	1	1	47
2024-09-30	www.virtualflybrain.org	/blog/releases/catmaid/l1em/	2	2	0
2024-09-30	www.virtualflybrain.org	/blog/releases/ontologies/so/	1	1	0
2024-09-30	www.virtualflybrain.org	/docs/	5	3	17
2024-09-30	www.virtualflybrain.org	/docs/concepts/	1	1	5
2024-09-30	www.virtualflybrain.org	/docs/concepts/bridging/	2	1	16
2024-09-30	www.virtualflybrain.org	/docs/examples/	2	1	11
2024-09-30	www.virtualflybrain.org	/docs/getting-started/	1	1	2
2024-09-30	www.virtualflybrain.org	/docs/getting-started/3dviewer/	3	2	12
2024-09-30	www.virtualflybrain.org	/docs/getting-started/bulkdownloads/	3	1	44
2024-09-30	www.virtualflybrain.org	/docs/getting-started/overview/	3	2	40
2024-09-30	www.virtualflybrain.org	/docs/getting-started/sliceviewer/	2	1	4
2024-09-30	www.virtualflybrain.org	/docs/overview/	1	1	14
2024-09-30	www.virtualflybrain.org	/docs/tutorials/	2	1	4
2024-09-30	www.virtualflybrain.org	/docs/tutorials/apis/	3	1	59
2024-09-30	www.virtualflybrain.org	/docs/tutorials/apis/connectome/	3	1	23
2024-09-30	www.virtualflybrain.org	/docs/tutorials/apis/connectome/4_connectomics/	2	1	48
2024-09-30	www.virtualflybrain.org	/docs/tutorials/apis/connectome/5_nblast/	1	1	23
2024-09-30	www.virtualflybrain.org	/docs/tutorials/apis/connectome/introvideo/	2	2	7
2024-09-30	www.virtualflybrain.org	/docs/tutorials/apis/connectome/tools/	1	1	32
2024-09-30	www.virtualflybrain.org	/docs/tutorials/apis/vfbconnect_neuron_display/	3	1	19
2024-09-30	www.virtualflybrain.org	/search/	1	1	13
2024-09-30	www.virtualflybrain.org	/term/gmr-32e04-flp-8-2-vfb_00061531/	1	1	0
2024-09-30	www.virtualflybrain.org	/term/gmr-65e02-flp-4-1-vfb_00060917/	1	1	0
2024-09-30	www.virtualflybrain.org	/term/postcranial-axial-skeleton-uberon_0002090/	1	1	8
2024-09-30	www.virtualflybrain.org	/term/pppk-lexa-gad-expression-pattern-vfbexp_fbtp0112015/	1	1	31
2024-09-30	www.virtualflybrain.org	/term/pr25d01-gal4.dbd-pvt064569-p65.ad-expression-pattern-vfbexp_fbtp0121433fbtp0121066/	1	1	6
2024-09-30	www.virtualflybrain.org	/term/pvt042732-gal4.dbd-pvt059427-p65.ad-expression-pattern-vfbexp_fbtp0124350fbtp0161028/	1	1	2
