date	hostName	pagePath	screenPageViews	activeUsers	userEngagementDuration
2025-05-01		/org.geppetto.frontend/geppetto	1194	39	953
2025-05-01	129.215.197.120	/	0	1	1
2025-05-01	981gwa2l.virtualflybrain.org	/	0	1	1
2025-05-01	backend.virtualflybrain.org	/	1	1	0
2025-05-01	blog.virtualflybrain.org	/	0	1	1
2025-05-01	catmaid-fafb.virtualflybrain.org	/	0	1	3
2025-05-01	herd.virtualflybrain.org	/	0	1	1
2025-05-01	karenin-jenkins.virtualflybrain.org	/	0	1	1
2025-05-01	kbw.virtualflybrain.org	/	1	1	0
2025-05-01	larval.virtualflybrain.org	/	0	1	3
2025-05-01	mail.virtualflybrain.org	/	0	1	1
2025-05-01	nblast.virtualflybrain.org	/	0	1	2
2025-05-01	owl.virtualflybrain.org	/blog/2022/01/01/cavity-of-left-atrium-uberon_0016513/	1	1	0
2025-05-01	owl.virtualflybrain.org	/blog/2022/01/01/mesentery-of-hindgut-uberon_0003394/	1	1	0
2025-05-01	owl.virtualflybrain.org	/blog/2022/01/01/scanning-transmission-electron-microscopy-fbbi_00000380/	1	1	0
2025-05-01	owl.virtualflybrain.org	/blog/2022/01/01/tetrapoda-ncbitaxon_32523/	1	1	0
2025-05-01	smtp.virtualflybrain.org	/	0	1	3
2025-05-01	v2-dev.virtualflybrain.org	/org.geppetto.frontend/geppetto	3	1	0
2025-05-01	v2-preview.virtualflybrain.org	/	0	1	4
2025-05-01	v2.virtualflybrain.org	/org.geppetto.frontend/geppetto	242	40	5200
2025-05-01	v2.virtualflybrain.org	/org.geppetto.frontend/org.geppetto.frontend	1	1	0
2025-05-01	v2a.virtualflybrain.org	/org.geppetto.frontend/geppetto	20	1	2731
2025-05-01	virtualflybrain.org	/	3	4	2
2025-05-01	virtualflybrain.org	/about/hosted/	0	4	10
2025-05-01	www-virtualflybrain-org.translate.goog	/	1	1	6
2025-05-01	www.virtualflybrain.org	/	30	26	181
2025-05-01	www.virtualflybrain.org	/about/	4	4	58
2025-05-01	www.virtualflybrain.org	/about/citeus/	2	2	19
2025-05-01	www.virtualflybrain.org	/about/members/	1	1	1
2025-05-01	www.virtualflybrain.org	/about/whatisvfb/	1	1	11
2025-05-01	www.virtualflybrain.org	/blog/	1	1	8
2025-05-01	www.virtualflybrain.org	/blog/1/01/01/janelia-flylight/	1	1	22
2025-05-01	www.virtualflybrain.org	/blog/2022/01/01/adult-lobula-complex-astrocyte-like-glial-cell-fbbt_00049501/	1	1	14
2025-05-01	www.virtualflybrain.org	/blog/2022/01/01/inferior-neuropils-fbbt_00040037/	1	1	0
2025-05-01	www.virtualflybrain.org	/blog/2022/01/01/inferior-neuropils-on-adult-brain-template-jfrc2-vfb_00030868/	1	1	0
2025-05-01	www.virtualflybrain.org	/blog/2022/01/01/pcroc-lacz.7-expression-pattern-vfbexp_fbtp0006026/	1	1	1
2025-05-01	www.virtualflybrain.org	/blog/2022/01/01/peater-gfp.1.7-expression-pattern-vfbexp_fbtp0054463/	2	1	35
2025-05-01	www.virtualflybrain.org	/blog/releases/catmaid/fafb/	1	1	6
2025-05-01	www.virtualflybrain.org	/docs/	4	2	18
2025-05-01	www.virtualflybrain.org	/docs/tutorials/apis/2_plotting/	2	1	109
2025-05-01	www.virtualflybrain.org	/docs/tutorials/apis/4_nblast/	1	1	16
2025-05-01	www.virtualflybrain.org	/docs/tutorials/apis/connectome/	2	2	9
2025-05-01	www.virtualflybrain.org	/docs/tutorials/apis/connectome/3_visualisation/	2	2	58
2025-05-01	www.virtualflybrain.org	/tags/neuroblast/	1	1	1
2025-05-01	www.virtualflybrain.org	/tags/octopaminergic/	3	1	0
2025-05-01	www.virtualflybrain.org	/tags/synaptic_neuropil_block/	2	1	25
2025-05-01	www.virtualflybrain.org	/term/adult-cb0109-neuron-fbbt_20003953/	1	1	0
2025-05-01	www.virtualflybrain.org	/term/antdh-fbgn0026268/	1	1	0
2025-05-01	www.virtualflybrain.org	/term/biological-sequence-or-set-geno_0000921/	1	1	10
2025-05-01	www.virtualflybrain.org	/term/cg31221-fbgn0051221/	1	1	5
2025-05-01	www.virtualflybrain.org	/term/embryonic-stage-6-fbdv_00005318/	1	1	12
2025-05-01	www.virtualflybrain.org	/term/endoderm-formation-go_0001706/	1	1	12
2025-05-01	www.virtualflybrain.org	/term/inferior-bridge-fbbt_00040050/	1	1	0
2025-05-01	www.virtualflybrain.org	/term/lamina-propria-of-trachea-uberon_0000031/	1	1	3
2025-05-02		/org.geppetto.frontend/geppetto	1114	36	679
2025-05-02	123456789abcdefghijklmnopq.virtualflybrain.org	/	0	1	6
2025-05-02	12877200-fe3e-43bd-bf43-557c75765038.virtualflybrain.org	/	0	1	1
2025-05-02	129.215.197.101	/	0	1	2
2025-05-02	129.215.197.110	/	0	1	4
2025-05-02	129.215.197.120	/	1	1	0
2025-05-02	129.215.197.143	/	0	1	4
2025-05-02	482bm8l9immm8z9tw8t4k.virtualflybrain.org	/	0	1	6
2025-05-02	511e8a24-c663-48f5-9858-cee6c49e3718.virtualflybrain.org	/	0	1	4
2025-05-02	6ca6ec05-0e7c-414b-ab69-6aba90258b6b.virtualflybrain.org	/	0	1	2
2025-05-02	76e1bce3-27a5-406f-81cd-32f1152396af.virtualflybrain.org	/	0	1	3
2025-05-02	981gwa2l.virtualflybrain.org	/	0	1	4
2025-05-02	a.bb.ccc.dddd.nblast.virtualflybrain.org	/	0	1	2
2025-05-02	admin.virtualflybrain.org	/	0	1	2
2025-05-02	api.ids.virtualflybrain.org	/	0	1	3
2025-05-02	blanik-jenkins.virtualflybrain.org	/	0	1	3
2025-05-02	blog.virtualflybrain.org	/	0	1	1
2025-05-02	blog.virtualflybrain.org	/blog/2022/01/01/porosity-pato_0000973/	1	1	0
2025-05-02	bocian-jenkins.virtualflybrain.org	/	0	1	2
2025-05-02	buttermilk.inf.ed.ac.uk	/blog/2022/01/01/descending-neuron-of-the-anterior-dorsal-brain-dna10-fbbt_00047581/	1	1	43
2025-05-02	catmaid-fafb.virtualflybrain.org	/	0	1	2
2025-05-02	catmaid-fafb.virtualflybrain.org	/blog/2022/01/01/secondary-antibody-alkaline-phosphastase-conjugate-namp-fbbi_00000167/	1	1	0
2025-05-02	catmaid-fafb.virtualflybrain.org	/blog/2022/01/01/taggfp-fbbi_00000503/	1	1	0
2025-05-02	debug.virtualflybrain.org	/	0	1	3
2025-05-02	dev.virtualflybrain.org	/	0	1	1
2025-05-02	geppetto-dev1.virtualflybrain.org	/	0	1	3
2025-05-02	geppetto.virtualflybrain.org	/	0	1	3
2025-05-02	grafana.virtualflybrain.org	/	0	1	4
2025-05-02	herd.virtualflybrain.org	/	0	1	3
2025-05-02	hugo.virtualflybrain.org	/	0	1	1
2025-05-02	ids.virtualflybrain.org	/	0	1	3
2025-05-02	jitsi.virtualflybrain.org	/	0	1	1
2025-05-02	jupyter.virtualflybrain.org	/	0	1	2
2025-05-02	karenin-jenkins.virtualflybrain.org	/	0	1	4
2025-05-02	larval-app1.virtualflybrain.org	/	1	1	0
2025-05-02	larval.virtualflybrain.org	/	0	1	3
2025-05-02	m.virtualflybrain.org	/	1	1	0
2025-05-02	mail.virtualflybrain.org	/	0	1	4
2025-05-02	meet.virtualflybrain.org	/	0	1	4
2025-05-02	mysql.virtualflybrain.org	/	0	1	8
2025-05-02	natverse.virtualflybrain.org	/	0	1	1
2025-05-02	natverse1.virtualflybrain.org	/	0	1	2
2025-05-02	natverse2.virtualflybrain.org	/	0	1	2
2025-05-02	natverse3.virtualflybrain.org	/	0	1	6
2025-05-02	natverse4.virtualflybrain.org	/	0	1	4
2025-05-02	natverse5.virtualflybrain.org	/	0	1	1
2025-05-02	pdb.p2.virtualflybrain.org	/	0	1	4
2025-05-02	pdb.u3.virtualflybrain.org	/	0	1	4
2025-05-02	sb.virtualflybrain.org	/	0	1	3
2025-05-02	sb1.virtualflybrain.org	/	0	1	7
2025-05-02	sb2.virtualflybrain.orgherd.virtualflybrain.org	/	0	1	3
2025-05-02	smtp.virtualflybrain.org	/	0	1	2
2025-05-02	solr-dev.virtualflybrain.org	/	0	1	3
2025-05-02	solr.p2.virtualflybrain.org	/	0	1	1
2025-05-02	solr.virtualflybrain.org	/	0	1	5
2025-05-02	ubuntu.virtualflybrain.org	/	0	1	2
2025-05-02	v1.virtualflybrain.org	/	0	1	4
2025-05-02	v2-dev2.virtualflybrain.org	/	0	1	11
2025-05-02	v2-preview.virtualflybrain.org	/	0	1	1
2025-05-02	v2.virtualflybrain.org	/org.geppetto.frontend/geppetto	232	37	3445
2025-05-02	v2.virtualflybrain.org	/org.geppetto.frontend/geppetto/VFB_00101567	1	1	27
2025-05-02	v2.virtualflybrain.org	/org.geppetto.frontend/geppetto/geppetto/build/static/geppetto/build/static/geppetto/build/static/geppetto/build/static/geppetto/build/static/geppetto/build/static/geppetto/build/static/geppetto/build/static/geppetto/build/static/splash.gif	1	1	0
2025-05-02	v2.virtualflybrain.org	/org.geppetto.frontend/geppetto/geppetto/build/static/geppetto/build/static/geppetto/build/static/geppetto/build/static/geppetto/build/static/geppetto/build/static/geppetto/build/static/geppetto/build/static/splash.gif	1	1	0
2025-05-02	v2.virtualflybrain.org	/org.geppetto.frontend/geppetto/geppetto/build/static/geppetto/build/static/geppetto/build/static/geppetto/build/static/geppetto/build/static/geppetto/build/static/geppetto/build/static/splash.gif	1	1	0
2025-05-02	v2.virtualflybrain.org	/org.geppetto.frontend/geppetto/geppetto/build/static/geppetto/build/static/geppetto/build/static/geppetto/build/static/geppetto/build/static/geppetto/build/static/splash.gif	1	1	0
2025-05-02	v2.virtualflybrain.org	/org.geppetto.frontend/geppetto/geppetto/build/static/geppetto/build/static/geppetto/build/static/geppetto/build/static/geppetto/build/static/splash.gif	1	1	0
2025-05-02	v2.virtualflybrain.org	/org.geppetto.frontend/geppetto/geppetto/build/static/geppetto/build/static/geppetto/build/static/geppetto/build/static/splash.gif	1	1	0
2025-05-02	v2.virtualflybrain.org	/org.geppetto.frontend/geppetto/geppetto/build/static/geppetto/build/static/geppetto/build/static/splash.gif	1	1	0
2025-05-02	v2.virtualflybrain.org	/org.geppetto.frontend/geppetto/geppetto/build/static/geppetto/build/static/splash.gif	1	1	0
2025-05-02	v2.virtualflybrain.org	/org.geppetto.frontend/geppetto/geppetto/build/static/splash.gif	1	1	0
2025-05-02	v2a.virtualflybrain.org	/org.geppetto.frontend/geppetto	4	1	254
2025-05-02	v2test1.virtualflybrain.org	/	0	1	2
2025-05-02	virtualflybrain.org	/	1	2	1
2025-05-02	virtualflybrain.org	/about/hosted/	3	9	36
2025-05-02	virtualflybrain.org	/about/hosted/braintrap/	1	1	23
2025-05-02	webmail.virtualflybrain.org	/	0	1	1
2025-05-02	webtop.virtualflybrain.org	/	0	1	3
2025-05-02	www.virtualflybrain.org	/	22	19	148
2025-05-02	www.virtualflybrain.org	/about/	6	2	61
2025-05-02	www.virtualflybrain.org	/blog/	1	1	8
2025-05-02	www.virtualflybrain.org	/blog/2022/01/01/activated-human-mkk3/mkk6-phosphorylates-p38-mapk-complexed-with-mapkapk2-or-mapkapk3-go_0004708/	1	1	0
2025-05-02	www.virtualflybrain.org	/blog/2022/01/01/adult-fruitless-vab3-female-lineage-clone-fbbt_00110849/	1	1	0
2025-05-02	www.virtualflybrain.org	/blog/2022/01/01/chemorepulsion-of-axon-go_0061643/	1	1	0
2025-05-02	www.virtualflybrain.org	/blog/2022/01/01/positive-regulation-of-cellular-component-movement-go_0051272/	1	1	0
2025-05-02	www.virtualflybrain.org	/blog/2022/01/01/regulation-of-receptor-binding-go_1900120/	1	1	0
2025-05-02	www.virtualflybrain.org	/blog/2022/01/01/response-to-oxygen-containing-compound-go_1901700/	1	1	0
2025-05-02	www.virtualflybrain.org	/blog/2022/01/01/rna-polymerase-ii-ctd-heptapeptide-repeat-modifying-activity-go_0140994/	1	1	0
2025-05-02	www.virtualflybrain.org	/blog/2022/01/01/signaling-receptor-activity-go_0038023/	1	1	0
2025-05-02	www.virtualflybrain.org	/blog/2024/08/25/vfb-workshop-bridging-connectomics-and-transcriptomics-at-neurofly-2024/	1	1	13
2025-05-02	www.virtualflybrain.org	/blog/releases/ontologies/fbbt/	2	2	26
2025-05-02	www.virtualflybrain.org	/blog/releases/ontologies/uberon/	1	1	2
2025-05-02	www.virtualflybrain.org	/docs/tutorials/apis/apiimagedownload/	1	1	4
2025-05-02	www.virtualflybrain.org	/search/	1	1	5
2025-05-02	www.virtualflybrain.org	/site/stacks/index.htm	1	1	0
2025-05-02	www.virtualflybrain.org	/term/delta7pb15_l7r2_l-flyem-hb912243353-vfb_jrchjtii/	1	1	0
2025-05-02	www.virtualflybrain.org	/term/distal-medullary-amacrine-neuron-dm9-fbbt_00111271/	1	1	17
2025-05-02	www.virtualflybrain.org	/term/posterior-ventrolateral-protocerebrum-fbbt_00040042/	1	1	109
2025-05-03		/org.geppetto.frontend/geppetto	568	20	481
2025-05-03	129.215.197.101	/	0	1	3
2025-05-03	129.215.197.120	/	0	1	3
2025-05-03	129.215.197.143	/	0	1	3
2025-05-03	129.215.197.144	/	0	1	3
2025-05-03	981gwa2l.virtualflybrain.org	/	0	1	2
2025-05-03	a.bb.ccc.dddd.nblast.virtualflybrain.org	/	1	1	6
2025-05-03	debug.virtualflybrain.org	/	1	1	2
2025-05-03	debug.virtualflybrain.org	/org.geppetto.frontend/geppetto	3	1	608
2025-05-03	dill.inf.ed.ac.uk	/	0	1	1
2025-05-03	raw.larval.flylight.virtualflybrain.org	/	1	1	0
2025-05-03	v2-virtualflybrain-org.translate.goog	/org.geppetto.frontend/geppetto	1	1	0
2025-05-03	v2.virtualflybrain.org	/	1	1	20
2025-05-03	v2.virtualflybrain.org	/org.geppetto.frontend/geppetto	160	22	594
2025-05-03	virtualflybrain.org	/	2	2	16
2025-05-03	virtualflybrain.org	/about/hosted/	1	1	0
2025-05-03	www-virtualflybrain-org.translate.goog	/	2	1	8
2025-05-03	www.virtualflybrain.org	/	23	16	158
2025-05-03	www.virtualflybrain.org	/about/	2	2	23
2025-05-03	www.virtualflybrain.org	/blog/2022/01/01/dorsal-triple-row-bristle-fbbt_00100103/	1	1	0
2025-05-03	www.virtualflybrain.org	/blog/releases/ontologies/flybase/	1	1	1
2025-05-03	www.virtualflybrain.org	/docs/	1	1	10
2025-05-03	www.virtualflybrain.org	/term/larval-olfactory-receptor-neuron-or49a-fbbt_00100431/	1	1	20
2025-05-03	www.virtualflybrain.org	/term/specimen-role-obi_0000112/	1	1	0
2025-05-03	www.virtualflybrain.org	/term/upstream_gene_variant-so_0001631/	1	1	0
2025-05-04		/org.geppetto.frontend/geppetto	478	21	315
2025-05-04	129.215.197.101	/	1	1	4
2025-05-04	blog.virtualflybrain.org	/blog/2022/01/01/aneusomic-chromosomal-part-geno_0000343/	1	1	0
2025-05-04	catmaid-fafb.virtualflybrain.org	/blog/2022/01/01/6-4ii-fbbt_00001519/	1	1	0
2025-05-04	catmaid-fafb.virtualflybrain.org	/blog/2022/01/01/avicbsolgfpfer1hch-zcl0505-fbal0360970/	1	1	0
2025-05-04	catmaid-fafb.virtualflybrain.org	/blog/2022/01/01/capped_mrna-so_0000862/	1	1	0
2025-05-04	catmaid-fafb.virtualflybrain.org	/blog/2022/01/01/cyanelle_chromosome-so_0000822/	1	1	0
2025-05-04	catmaid-fafb.virtualflybrain.org	/blog/2022/01/01/functional_candidate_gene-so_0001869/	1	1	0
2025-05-04	catmaid-fafb.virtualflybrain.org	/blog/2022/01/01/mir_encoding_vaultrna_primary_transcript-so_0002041/	1	1	0
2025-05-04	catmaid-fafb.virtualflybrain.org	/blog/2022/01/01/texture-pato_0000150/	1	1	0
2025-05-04	debug.virtualflybrain.org	/org.geppetto.frontend/geppetto	3	1	0
2025-05-04	mayo.inf.ed.ac.uk	/	1	1	6
2025-05-04	owl.virtualflybrain.org	/blog/2022/01/01/atrophy-fbcv_0000719/	1	1	0
2025-05-04	owl.virtualflybrain.org	/blog/2022/01/01/lead-salt-fbbi_00000570/	1	1	0
2025-05-04	owl.virtualflybrain.org	/blog/2022/01/01/morphogenesis-of-embryonic-epithelium-go_0016331/	1	1	0
2025-05-04	owl.virtualflybrain.org	/blog/2022/01/01/mosaic-geno_0000964/	1	1	0
2025-05-04	owl.virtualflybrain.org	/blog/2022/01/01/wtkiikgr-fbbi_00000555/	1	1	0
2025-05-04	v2.virtualflybrain.org	/	1	1	0
2025-05-04	v2.virtualflybrain.org	/org.geppetto.frontend/geppetto	164	21	1993
2025-05-04	v2a.virtualflybrain.org	/org.geppetto.frontend/geppetto	3	1	73
2025-05-04	virtualflybrain.org	/	1	1	84
2025-05-04	virtualflybrain.org	/blog/2022/01/01/ecolbsollacz08034-fbal0060336/	1	1	0
2025-05-04	virtualflybrain.org	/blog/2022/01/01/trophic-quality-pato_0000056/	1	1	0
2025-05-04	virtualflybrain.org	/docs/	1	1	52
2025-05-04	www.virtualflybrain.org	/	17	12	79
2025-05-04	www.virtualflybrain.org	/about/	1	1	15
2025-05-04	www.virtualflybrain.org	/about/citeus/	1	1	17
2025-05-04	www.virtualflybrain.org	/blog/2022/01/01/dorsal-triple-row-bristle-fbbt_00100103/	1	1	24
2025-05-04	www.virtualflybrain.org	/blog/2024/04/30/new-split-gal4-report-pages-on-flybase/	1	0	0
2025-05-04	www.virtualflybrain.org	/docs/	4	3	14
2025-05-04	www.virtualflybrain.org	/docs/getting-started/	1	1	6
2025-05-04	www.virtualflybrain.org	/docs/getting-started/terminfo/	1	1	21
2025-05-04	www.virtualflybrain.org	/docs/overview/	1	1	6
2025-05-04	www.virtualflybrain.org	/search/	2	1	7
2025-05-04	www.virtualflybrain.org	/term/adult-cb1763-neuron-fbbt_20005372/	1	1	9
2025-05-04	www.virtualflybrain.org	/term/adult-walking-behavior-go_0007628/	1	1	20
2025-05-04	www.virtualflybrain.org	/term/bala34-lateral-descending-1a-right-l1em20242957-vfb_00102fls/	1	1	7
2025-05-04	www.virtualflybrain.org	/term/fru-m-300236-vfb_00000783/	2	1	22
2025-05-04	zip.virtualflybrain.org	/blog/2022/01/01/adenylosuccinate-synthase-activity-go_0004019/	1	1	0
2025-05-04	zip.virtualflybrain.org	/blog/2022/01/01/beta-13-galactosyltransferase-activity-go_0048531/	1	1	0
2025-05-04	zip.virtualflybrain.org	/blog/2022/01/01/biological-process-geno_0000351/	1	1	0
2025-05-04	zip.virtualflybrain.org	/blog/2022/01/01/double-so_0000985/	1	1	0
2025-05-04	zip.virtualflybrain.org	/blog/2022/01/01/epoxyqueuosine-so_0001318/	1	1	0
2025-05-04	zip.virtualflybrain.org	/blog/2022/01/01/fibrous-connective-tissue-uberon_0011824/	1	1	0
2025-05-04	zip.virtualflybrain.org	/blog/2022/01/01/gneg-geno_0000620/	1	1	0
2025-05-05		/org.geppetto.frontend/geppetto	2000	44	3184
2025-05-05	129.215.197.101	/	1	1	7
2025-05-05	129.215.197.110	/	1	1	0
2025-05-05	129.215.197.143	/	1	1	4
2025-05-05	129.215.197.144	/	3	3	0
2025-05-05	buttermilk.inf.ed.ac.uk	/	1	1	6
2025-05-05	chive.inf.ed.ac.uk	/	1	1	7
2025-05-05	debug.virtualflybrain.org	/org.geppetto.frontend/geppetto	8	1	0
2025-05-05	dill.inf.ed.ac.uk	/	1	1	2
2025-05-05	flybrain.inf.ed.ac.uk	/	1	1	7
2025-05-05	mayo.inf.ed.ac.uk	/blog/2022/01/01/abdominal-2-lateral-transverse-muscle-fbbt_00000720/	1	1	0
2025-05-05	nblast.virtualflybrain.org	/blog/2022/01/01/avicbsolgfpm6-ca06602-fbal0211200/	1	1	0
2025-05-05	nblast.virtualflybrain.org	/blog/2022/01/01/avicbsolgfptutp-fbal0302049/	1	1	0
2025-05-05	nblast.virtualflybrain.org	/blog/2022/01/01/e4.6.lacz-fbal0095429/	1	1	0
2025-05-05	nblast.virtualflybrain.org	/blog/2022/01/01/endothelial-cell-morphogenesis-go_0001886/	1	1	0
2025-05-05	nblast.virtualflybrain.org	/blog/2022/01/01/fiber-shaped-pato_0002309/	1	1	0
2025-05-05	nblast.virtualflybrain.org	/blog/2022/01/01/heart-rudiment-formation-go_0003315/	1	1	0
2025-05-05	parsley.inf.ed.ac.uk	/	1	1	7
2025-05-05	sourcream.inf.ed.ac.uk	/	1	1	4
2025-05-05	v2.virtualflybrain.org	/org.geppetto.frontend/geppetto	283	44	10820
2025-05-05	v2a.virtualflybrain.org	/org.geppetto.frontend/geppetto	6	1	2
2025-05-05	virtualflybrain.org	/	7	6	33
2025-05-05	virtualflybrain.org	/about/hosted/	1	1	21
2025-05-05	virtualflybrain.org	/about/hosted/l1em-catmaid/	1	1	0
2025-05-05	virtualflybrain.org	/blog/	1	1	8
2025-05-05	virtualflybrain.org	/blog/news/	1	1	0
2025-05-05	virtualflybrain.org	/docs/	1	1	14
2025-05-05	virtualflybrain.org	/docs/getting-started/overview/	1	1	12
2025-05-05	virtualflybrain.org	/docs/tutorials/apis/connectome/tools/	1	1	15
2025-05-05	www.virtualflybrain.org	/	40	30	138
2025-05-05	www.virtualflybrain.org	/about/	5	3	80
2025-05-05	www.virtualflybrain.org	/about/citeus/	1	1	17
2025-05-05	www.virtualflybrain.org	/about/hosted/	1	1	41
2025-05-05	www.virtualflybrain.org	/about/hosted/braintrap/	1	1	34
2025-05-05	www.virtualflybrain.org	/about/hosted/flybrainndb/	1	1	5
2025-05-05	www.virtualflybrain.org	/blog/2022/01/01/abnormal-touch-perception-fbcv_0000682/	1	1	17
2025-05-05	www.virtualflybrain.org	/blog/2022/01/01/adult-lateral-horn-centrifugal-neuron-7-fbbt_00049800/	1	1	0
2025-05-05	www.virtualflybrain.org	/blog/2022/01/01/adult-medulla-tangential-neuron-e31-fbbt_20007640/	3	2	59
2025-05-05	www.virtualflybrain.org	/blog/2022/01/01/intracoxal-lateral-levator-muscle-fbbt_00003327/	1	1	0
2025-05-05	www.virtualflybrain.org	/blog/2022/01/01/regulation-of-protein-modification-by-small-protein-conjugation-or-removal-go_1903320/	1	1	0
2025-05-05	www.virtualflybrain.org	/categories/connectome/	1	1	6
2025-05-05	www.virtualflybrain.org	/docs/	3	3	19
2025-05-05	www.virtualflybrain.org	/docs/concepts/confidence-value/	1	1	27
2025-05-05	www.virtualflybrain.org	/docs/contribution-guidelines/	1	2	25
2025-05-05	www.virtualflybrain.org	/docs/examples/circuit-diagram-of-the-mushroom-body/	1	1	21
2025-05-05	www.virtualflybrain.org	/docs/tutorials/apis/3_pymaid/	1	1	9
2025-05-05	www.virtualflybrain.org	/docs/tutorials/apis/apiimagedownload/	1	1	9
2025-05-05	www.virtualflybrain.org	/docs/tutorials/apis/connectome/4_connectomics/	1	1	0
2025-05-05	www.virtualflybrain.org	/docs/tutorials/apis/connectome/introvideo/	1	1	16
2025-05-05	www.virtualflybrain.org	/en/docs/tutorials/apis/4_neuprint/	1	1	0
2025-05-05	www.virtualflybrain.org	/search/	1	1	5
2025-05-05	www.virtualflybrain.org	/tags/fbti/	1	0	0
2025-05-05	www.virtualflybrain.org	/term/4bsol6-diamidino-2-phenylindole-dapi-fbbi_00000056/	1	1	4
2025-05-05	www.virtualflybrain.org	/term/foramen-magnum-uberon_0003687/	1	1	7
2025-05-05	www.virtualflybrain.org	/term/specifically-dependent-continuant-bfo_0000020/	1	1	4
2025-05-05	zip.virtualflybrain.org	/blog/2022/01/01/14c-fbbi_00000123/	1	1	0
2025-05-05	zip.virtualflybrain.org	/blog/2022/01/01/edited_by_a_to_i_substitution-so_0000600/	1	1	0
2025-05-05	zip.virtualflybrain.org	/blog/2022/01/01/root-ncbitaxon_1/	1	1	0
2025-05-06		/org.geppetto.frontend/geppetto	2828	47	3222
2025-05-06	backend.virtualflybrain.org	/	1	1	0
2025-05-06	catmaid-fafb.virtualflybrain.org	/blog/2022/01/01/avicbsolgfprh7-mi07471-fbal0338113/	1	1	0
2025-05-06	meet.virtualflybrain.org	/	1	1	0
2025-05-06	nblast.virtualflybrain.org	/blog/2022/01/01/abdominal-1-lateral-dorsal-longitudinal-muscle-99-fbbt_00003451/	1	1	0
2025-05-06	nblast.virtualflybrain.org	/blog/2022/01/01/day-52-of-adulthood-fbdv_00007127/	1	1	0
2025-05-06	nblast.virtualflybrain.org	/blog/2022/01/01/ecolbsollacz08685-fbal0085401/	1	1	0
2025-05-06	nblast.virtualflybrain.org	/blog/2022/01/01/multicellular-anatomical-structure-caro_0010000/	1	1	0
2025-05-06	nblast.virtualflybrain.org	/blog/2022/01/01/myeloid-cell-homeostasis-go_0002262/	1	1	0
2025-05-06	nblast.virtualflybrain.org	/blog/2022/01/01/polarization-microscopy-fbbi_00000248/	1	1	0
2025-05-06	raw.larval.flylight.virtualflybrain.org	/	1	0	0
2025-05-06	v2.virtualflybrain.org	/org.geppetto.frontend/geppetto	407	48	15795
2025-05-06	v2.virtualflybrain.org	/org.geppetto.frontend/org.geppetto.frontend	1	1	0
2025-05-06	v2a.virtualflybrain.org	/org.geppetto.frontend/geppetto	28	2	3097
2025-05-06	vfb-connect.readthedocs.io	/	1	1	20
2025-05-06	virtualflybrain.org	/	5	5	35
2025-05-06	virtualflybrain.org	/about/hosted/	1	1	4
2025-05-06	virtualflybrain.org	/blog/	1	1	6
2025-05-06	virtualflybrain.org	/blog/1/01/01/vfb-geppetto-releases/	1	1	35
2025-05-06	virtualflybrain.org	/blog/2024/07/29/predicted-neurotransmitters-for-em-data-now-available-on-vfb/	1	1	21
2025-05-06	www.virtualflybrain.org	/	44	30	278
2025-05-06	www.virtualflybrain.org	/about/hosted/	2	2	6
2025-05-06	www.virtualflybrain.org	/about/hosted/l1em-catmaid/	2	1	6
2025-05-06	www.virtualflybrain.org	/blog/	5	5	50
2025-05-06	www.virtualflybrain.org	/blog/2022/01/01/a1-7-dorsal-vum-motor-neuron-fbbt_00002239/	1	1	9
2025-05-06	www.virtualflybrain.org	/blog/2022/01/01/adult-cb3627-neuron-fbbt_20007064/	1	1	491
2025-05-06	www.virtualflybrain.org	/blog/2022/01/01/central-brain-neurons-by-lineage-lee2020-lee2020/	1	1	15
2025-05-06	www.virtualflybrain.org	/blog/2022/01/01/ecolbsollaczf12-fbal0091328/	1	1	0
2025-05-06	www.virtualflybrain.org	/blog/2022/01/01/ecolbsollaczpb.2.1a-fbal0044089/	1	1	0
2025-05-06	www.virtualflybrain.org	/blog/2022/01/01/neuroblast-crea1-male-fbbt_00050246/	1	1	13
2025-05-06	www.virtualflybrain.org	/blog/2022/01/01/regulation-of-kinase-activity-go_0043549/	1	1	0
2025-05-06	www.virtualflybrain.org	/blog/2022/01/01/regulation-of-localization-go_0032879/	1	1	0
2025-05-06	www.virtualflybrain.org	/blog/2022/01/01/response-to-gravity-go_0009629/	1	1	0
2025-05-06	www.virtualflybrain.org	/blog/2024/08/25/vfb-workshop-bridging-connectomics-and-transcriptomics-at-neurofly-2024/	2	2	29
2025-05-06	www.virtualflybrain.org	/blog/news/	2	2	14
2025-05-06	www.virtualflybrain.org	/blog/releases/	1	1	7
2025-05-06	www.virtualflybrain.org	/blog/releases/catmaid/	3	2	44
2025-05-06	www.virtualflybrain.org	/blog/releases/catmaid/l1em/	1	1	12
2025-05-06	www.virtualflybrain.org	/blog/releases/datasets/	3	2	62
2025-05-06	www.virtualflybrain.org	/blog/releases/ontologies/	1	1	14
2025-05-06	www.virtualflybrain.org	/blog/releases/ontologies/fbbt/	1	1	7
2025-05-06	www.virtualflybrain.org	/blog/releases/ontologies/vfb/	1	0	0
2025-05-06	www.virtualflybrain.org	/docs/	8	8	86
2025-05-06	www.virtualflybrain.org	/docs/concepts/	1	1	4
2025-05-06	www.virtualflybrain.org	/docs/concepts/cell_types/	2	2	14
2025-05-06	www.virtualflybrain.org	/docs/concepts/transgene/	1	1	17
2025-05-06	www.virtualflybrain.org	/docs/getting-started/sliceviewer/	1	1	13
2025-05-06	www.virtualflybrain.org	/docs/getting-started/terminfo/	1	1	8
2025-05-06	www.virtualflybrain.org	/docs/tutorials/apis/1_datatypes/	2	1	1
2025-05-06	www.virtualflybrain.org	/docs/tutorials/apis/4_nblast/	2	2	764
2025-05-06	www.virtualflybrain.org	/docs/tutorials/apis/connectome/2_mapping/	1	1	6
2025-05-06	www.virtualflybrain.org	/docs/tutorials/apis/connectome/4_connectomics/	1	1	0
2025-05-06	www.virtualflybrain.org	/search/	14	7	161
2025-05-06	www.virtualflybrain.org	/site/stacks/index.htm	1	1	0
2025-05-06	www.virtualflybrain.org	/tags/motor_neuron/	1	1	12
2025-05-06	www.virtualflybrain.org	/tags/octopaminergic/	1	1	8
2025-05-06	www.virtualflybrain.org	/term/a08n-l1em14899172-vfb_00101091/	1	1	3
2025-05-06	www.virtualflybrain.org	/term/adult-gnathal-ganglion-fbbt_00014013/	1	1	0
2025-05-06	www.virtualflybrain.org	/term/antennal-mechanosensory-and-motor-center-ammc-bb4-neuron-fbbt_00111484/	2	1	52
2025-05-06	www.virtualflybrain.org	/term/chromosomal_variation_attribute-so_0001509/	1	1	0
2025-05-06	www.virtualflybrain.org	/term/collagen-containing-extracellular-matrix-go_0062023/	1	1	0
2025-05-06	www.virtualflybrain.org	/term/descending-neuron-of-the-gnathal-ganglion-dng99-fbbt_20007472/	1	1	0
2025-05-06	www.virtualflybrain.org	/term/descending-neuron-of-the-posterior-brain-dnp65-fbbt_20007551/	1	1	30
2025-05-06	www.virtualflybrain.org	/term/fuom-isomerises-alpha-fuc-to-beta-fuc-go_0016857/	1	1	0
2025-05-06	www.virtualflybrain.org	/term/introgressed_chromosome_region-so_0000664/	1	1	0
2025-05-06	www.virtualflybrain.org	/term/larval-abdominal-ganglion-leucokinin-neuron-fbbt_00110053/	2	1	14
2025-05-06	www.virtualflybrain.org	/term/larval-serotonergic-vnc-neuron-fbbt_00005134/	2	1	61
2025-05-06	www.virtualflybrain.org	/term/negative-regulation-of-lipid-binding-go_1900131/	1	1	0
2025-05-06	www.virtualflybrain.org	/term/scrnaseq_2022_fca_male-fblc0004307/	1	1	0
2025-05-06	zip.virtualflybrain.org	/blog/2022/01/01/axon-go_0030424/	1	1	0
2025-05-06	zip.virtualflybrain.org	/blog/2022/01/01/gpos-geno_0000619/	1	1	0
2025-05-06	zip.virtualflybrain.org	/blog/2022/01/01/gpos33-geno_0000633/	1	1	0
2025-05-07		/org.geppetto.frontend/geppetto	2669	54	3027
2025-05-07	129.215.197.120	/	1	1	0
2025-05-07	backend.virtualflybrain.org	/	1	1	0
2025-05-07	debug.virtualflybrain.org	/org.geppetto.frontend/geppetto	6	1	14
2025-05-07	github.com	/VirtualFlyBrain/graph_queries/blob/main/weighted_path.md	1	1	22
2025-05-07	kbw.virtualflybrain.org	/	1	1	0
2025-05-07	nblast.virtualflybrain.org	/blog/2022/01/01/acrylic-painted-graphic-fbbi_00000236/	1	1	0
2025-05-07	pgadmin.virtualflybrain.org	/blog/2022/01/01/polymorphic-allele-geno_0000497/	2	2	5
2025-05-07	v2.virtualflybrain.org	/org.geppetto.frontend/geppetto	476	58	12550
2025-05-07	v2.virtualflybrain.org	/org.geppetto.frontend/org.geppetto.frontend	1	1	0
2025-05-07	v2a.virtualflybrain.org	/org.geppetto.frontend/geppetto	27	3	563
2025-05-07	virtualflybrain.org	/	6	5	4
2025-05-07	virtualflybrain.org	/about/hosted/	1	1	3
2025-05-07	www.virtualflybrain.org	/	34	28	268
2025-05-07	www.virtualflybrain.org	/about/	5	4	29
2025-05-07	www.virtualflybrain.org	/about/citeus/	1	1	38
2025-05-07	www.virtualflybrain.org	/blog/	2	2	6
2025-05-07	www.virtualflybrain.org	/blog/1/01/01/janelia-flylight/	1	1	1
2025-05-07	www.virtualflybrain.org	/blog/2022/01/01/adult-mushroom-body-fbbt_00003684/	1	1	0
2025-05-07	www.virtualflybrain.org	/blog/2022/01/01/adult-posterior-ventrolateral-protocerebrum-neuron-020-fbbt_20002078/	1	1	3
2025-05-07	www.virtualflybrain.org	/blog/2022/01/01/cellular-response-to-growth-factor-stimulus-go_0071363/	1	1	0
2025-05-07	www.virtualflybrain.org	/blog/2022/01/01/gene_fusion-so_0001565/	1	1	0
2025-05-07	www.virtualflybrain.org	/blog/2022/01/01/larval-mandibular-vpm-neuron-1-fbbt_00049118/	1	1	0
2025-05-07	www.virtualflybrain.org	/blog/2022/01/01/metathoracic-leg-tarsal-taste-bristle-1d-fbbt_00048200/	1	1	1
2025-05-07	www.virtualflybrain.org	/blog/2024/08/25/vfb-workshop-bridging-connectomics-and-transcriptomics-at-neurofly-2024/	0	1	8
2025-05-07	www.virtualflybrain.org	/blog/releases/catmaid/l1em/	1	1	0
2025-05-07	www.virtualflybrain.org	/categories/how-to-cite/	2	1	13
2025-05-07	www.virtualflybrain.org	/categories/overview/	1	0	0
2025-05-07	www.virtualflybrain.org	/categories/python/	1	1	2
2025-05-07	www.virtualflybrain.org	/docs/	8	7	56
2025-05-07	www.virtualflybrain.org	/docs/concepts/cell_types/	1	1	0
2025-05-07	www.virtualflybrain.org	/docs/concepts/flylight_tiles/	1	1	10
2025-05-07	www.virtualflybrain.org	/docs/concepts/splits/	1	1	17
2025-05-07	www.virtualflybrain.org	/docs/concepts/templates/	1	1	11
2025-05-07	www.virtualflybrain.org	/docs/concepts/transgene/	1	1	41
2025-05-07	www.virtualflybrain.org	/docs/contribution-guidelines/	1	1	24
2025-05-07	www.virtualflybrain.org	/docs/examples/	1	1	8
2025-05-07	www.virtualflybrain.org	/docs/examples/circuit-diagram-of-the-mushroom-body/	2	2	43
2025-05-07	www.virtualflybrain.org	/docs/getting-started/	3	3	23
2025-05-07	www.virtualflybrain.org	/docs/getting-started/3dviewer/	1	1	11
2025-05-07	www.virtualflybrain.org	/docs/getting-started/circuitbrowser/	1	1	0
2025-05-07	www.virtualflybrain.org	/docs/getting-started/overview/	2	2	33
2025-05-07	www.virtualflybrain.org	/docs/getting-started/scrnaseq/	1	1	28
2025-05-07	www.virtualflybrain.org	/docs/getting-started/sliceviewer/	2	2	13
2025-05-07	www.virtualflybrain.org	/docs/overview/	2	2	6
2025-05-07	www.virtualflybrain.org	/docs/tutorials/apis/4_nblast/	1	1	0
2025-05-07	www.virtualflybrain.org	/docs/tutorials/apis/4_neuprint/	1	1	23
2025-05-07	www.virtualflybrain.org	/docs/tutorials/apis/apiimagedownload/	1	1	8
2025-05-07	www.virtualflybrain.org	/docs/tutorials/apis/connectome/4_connectomics/	1	1	218
2025-05-07	www.virtualflybrain.org	/docs/tutorials/apis/connectome/5_nblast/	1	1	33
2025-05-07	www.virtualflybrain.org	/docs/tutorials/apis/vfbconnect_neuron_display/	1	1	54
2025-05-07	www.virtualflybrain.org	/en/blog/releases/ontologies/fbdv/	1	1	0
2025-05-07	www.virtualflybrain.org	/search/	0	3	31
2025-05-07	www.virtualflybrain.org	/tags/expression_pattern/	1	1	0
2025-05-07	www.virtualflybrain.org	/tags/octopaminergic/	1	1	4
2025-05-07	www.virtualflybrain.org	/term/aortico-pulmonary-spiral-septum-uberon_0006207/	1	1	1
2025-05-07	www.virtualflybrain.org	/term/avicbsolgfpvhasfd-g00259-fbal0148394/	1	1	13
2025-05-07	www.virtualflybrain.org	/term/em-fafb-kim-et-al-2020-kim2020/	1	1	11
2025-05-07	www.virtualflybrain.org	/term/octopaminergic-al2b1-neuron-fbbt_00110146/	3	1	7
2025-05-07	www.virtualflybrain.org	/term/pgal4np1-fbti0115617/	1	1	5
2025-05-07	www.virtualflybrain.org	/term/scerbsolgal4dbd.r81e10-fbal0332470/	1	1	13
2025-05-07	www.virtualflybrain.org	/term/scrnaseq_2022_fca_male-fblc0004307/	0	1	21
2025-05-07	www.virtualflybrain.org	/term/tr_c_gene-so_0002134/	1	1	20
2025-05-07	www.virtualflybrain.org	/term/trunk-ganglion-uberon_0007134/	1	1	0
2025-05-08		/org.geppetto.frontend/geppetto	1143	53	919
2025-05-08	129.215.197.120	/	4	4	0
2025-05-08	129.215.197.143	/	1	1	0
2025-05-08	backend.virtualflybrain.org	/	1	1	0
2025-05-08	blog.virtualflybrain.org	/blog/2022/01/01/aneusomic-chromosomal-part-geno_0000343/	1	1	0
2025-05-08	geppetto-dev1.virtualflybrain.org	/	0	1	2
2025-05-08	geppetto.virtualflybrain.org	/	0	1	1
2025-05-08	grafana.virtualflybrain.org	/	0	1	3
2025-05-08	hugo.virtualflybrain.org	/	0	1	1
2025-05-08	owl.virtualflybrain.org	/blog/2022/01/01/atrophy-fbcv_0000719/	1	1	0
2025-05-08	owl.virtualflybrain.org	/blog/2022/01/01/cavity-of-left-atrium-uberon_0016513/	1	1	0
2025-05-08	owl.virtualflybrain.org	/blog/2022/01/01/lead-salt-fbbi_00000570/	1	1	0
2025-05-08	owl.virtualflybrain.org	/blog/2022/01/01/mesentery-of-hindgut-uberon_0003394/	1	1	0
2025-05-08	owl.virtualflybrain.org	/blog/2022/01/01/morphogenesis-of-embryonic-epithelium-go_0016331/	1	1	0
2025-05-08	owl.virtualflybrain.org	/blog/2022/01/01/mosaic-geno_0000964/	1	1	0
2025-05-08	owl.virtualflybrain.org	/blog/2022/01/01/scanning-transmission-electron-microscopy-fbbi_00000380/	1	1	0
2025-05-08	owl.virtualflybrain.org	/blog/2022/01/01/tetrapoda-ncbitaxon_32523/	1	1	0
2025-05-08	v2.virtualflybrain.org	/org.geppetto.frontend/geppetto	234	64	6042
2025-05-08	v2.virtualflybrain.org	/org.geppetto.frontend/org.geppetto.frontend	6	2	0
2025-05-08	v2a.virtualflybrain.org	/org.geppetto.frontend/geppetto	15	1	779
2025-05-08	virtualflybrain.org	/	4	4	9
2025-05-08	virtualflybrain.org	/about/collaborators/	2	1	18
2025-05-08	virtualflybrain.org	/about/hosted/	3	1	13
2025-05-08	virtualflybrain.org	/about/hosted/flybrainndb/	2	1	26
2025-05-08	virtualflybrain.org	/about/whatisvfb/	2	1	36
2025-05-08	virtualflybrain.org	/blog/2022/01/01/ecolbsollacz08034-fbal0060336/	1	1	0
2025-05-08	virtualflybrain.org	/blog/2022/01/01/trophic-quality-pato_0000056/	1	1	0
2025-05-08	what.website.fafb.catmaid.virtualflybrain.org	/	0	1	2
2025-05-08	www.virtualflybrain.org	/	35	28	274
2025-05-08	www.virtualflybrain.org	/about/	7	3	74
2025-05-08	www.virtualflybrain.org	/about/hosted/	2	1	37
2025-05-08	www.virtualflybrain.org	/about/hosted/fafb-catmaid/	1	1	7
2025-05-08	www.virtualflybrain.org	/about/hosted/l1em-catmaid/	3	2	263
2025-05-08	www.virtualflybrain.org	/about/members/	1	1	30
2025-05-08	www.virtualflybrain.org	/blog/	1	1	20
2025-05-08	www.virtualflybrain.org	/blog/1/01/01/janelia-flylight/	1	1	64
2025-05-08	www.virtualflybrain.org	/blog/2022/01/01/13a-orn-right-l1em4073353-vfb_00100074/	1	1	4
2025-05-08	www.virtualflybrain.org	/blog/2022/01/01/anterior-superior-medial-protocerebrum-fbbt_00040062/	1	1	5
2025-05-08	www.virtualflybrain.org	/blog/2022/01/01/gnathal-ganglion-fbbt_00004013/	1	1	0
2025-05-08	www.virtualflybrain.org	/blog/2022/01/01/larval-wave-neurons-and-circuit-partners-em-takagi2017-takagi2017/	1	1	7
2025-05-08	www.virtualflybrain.org	/blog/2024/03/19/larval-split-gal4-line-raw-images-release/	1	1	19
2025-05-08	www.virtualflybrain.org	/blog/2024/08/25/vfb-workshop-bridging-connectomics-and-transcriptomics-at-neurofly-2024/	1	1	0
2025-05-08	www.virtualflybrain.org	/blog/releases/catmaid/	1	1	20
2025-05-08	www.virtualflybrain.org	/blog/releases/catmaid/l1em/	2	2	7
2025-05-08	www.virtualflybrain.org	/blog/releases/datasets/	1	1	15
2025-05-08	www.virtualflybrain.org	/categories/	1	1	3
2025-05-08	www.virtualflybrain.org	/categories/tutorials/	3	2	13
2025-05-08	www.virtualflybrain.org	/docs/	5	3	68
2025-05-08	www.virtualflybrain.org	/docs/concepts/cell_types/	1	1	207
2025-05-08	www.virtualflybrain.org	/docs/concepts/templates/	1	1	8
2025-05-08	www.virtualflybrain.org	/docs/contribution-guidelines/	2	1	11
2025-05-08	www.virtualflybrain.org	/docs/getting-started/3dviewer/	2	2	4
2025-05-08	www.virtualflybrain.org	/docs/getting-started/bulkdownloads/	2	2	39
2025-05-08	www.virtualflybrain.org	/docs/getting-started/circuitbrowser/	1	1	26
2025-05-08	www.virtualflybrain.org	/docs/getting-started/overview/	1	1	4
2025-05-08	www.virtualflybrain.org	/docs/getting-started/scrnaseq/	1	1	37
2025-05-08	www.virtualflybrain.org	/docs/tutorials/apis/connectome/3_visualisation/	1	0	0
2025-05-08	www.virtualflybrain.org	/docs/tutorials/apis/connectome/introvideo/	1	1	0
2025-05-08	www.virtualflybrain.org	/search/	5	2	33
2025-05-08	www.virtualflybrain.org	/tags/dataset/	1	1	5
2025-05-08	www.virtualflybrain.org	/tags/expression_pattern/	1	1	0
2025-05-08	www.virtualflybrain.org	/tags/mcfo/	5	1	20
2025-05-08	www.virtualflybrain.org	/tags/octopaminergic/	2	1	0
2025-05-08	www.virtualflybrain.org	/tags/sensory_neuron/	1	1	10
2025-05-08	www.virtualflybrain.org	/term/adult-lobula-plate-visual-centrifugal-neuron-01-fbbt_20007288/	3	1	93
2025-05-08	www.virtualflybrain.org	/term/descending-neuron-of-the-posterior-brain-dnp04-fbbt_00047637/	1	1	5
2025-05-08	www.virtualflybrain.org	/term/dplc5-s-2-right-l1em14547219-vfb_001001oh/	1	1	8
2025-05-08	www.virtualflybrain.org	/term/er3mring_l-flyem-hb1261764651-vfb_jrchjtpc/	1	1	18
2025-05-08	www.virtualflybrain.org	/term/jrc_mb099c_brain_2020__2-vfb_00103202/	1	1	6
2025-05-08	www.virtualflybrain.org	/term/mushroom-body-vertical-lobe-fbbt_00005407/	1	1	19
2025-05-08	zip.virtualflybrain.org	/	3	3	0
2025-05-09		/org.geppetto.frontend/geppetto	1633	42	1392
2025-05-09	129.215.197.120	/	1	1	0
2025-05-09	8c212b03-94d4-4b64-b132-a3ddc580239c.virtualflybrain.org	/	0	1	3
2025-05-09	api.ids.virtualflybrain.org	/	2	2	0
2025-05-09	backend.virtualflybrain.org	/	1	1	0
2025-05-09	bocian-jenkins.virtualflybrain.org	/	2	2	0
2025-05-09	catmaid-fafb.virtualflybrain.org	/blog/2022/01/01/6-4ii-fbbt_00001519/	1	1	0
2025-05-09	catmaid-fafb.virtualflybrain.org	/blog/2022/01/01/avicbsolgfpfer1hch-zcl0505-fbal0360970/	1	1	0
2025-05-09	catmaid-fafb.virtualflybrain.org	/blog/2022/01/01/capped_mrna-so_0000862/	1	1	0
2025-05-09	catmaid-fafb.virtualflybrain.org	/blog/2022/01/01/cyanelle_chromosome-so_0000822/	1	1	0
2025-05-09	catmaid-fafb.virtualflybrain.org	/blog/2022/01/01/functional_candidate_gene-so_0001869/	1	1	0
2025-05-09	catmaid-fafb.virtualflybrain.org	/blog/2022/01/01/mir_encoding_vaultrna_primary_transcript-so_0002041/	1	1	0
2025-05-09	catmaid-fafb.virtualflybrain.org	/blog/2022/01/01/texture-pato_0000150/	1	1	0
2025-05-09	geppetto-dev.virtualflybrain.org	/	2	2	0
2025-05-09	hugo.virtualflybrain.org	/	2	2	0
2025-05-09	jupyterhub.virtualflybrain.org	/	2	2	0
2025-05-09	larval-app1.virtualflybrain.org	/	2	2	0
2025-05-09	natverse1.virtualflybrain.org	/	2	2	0
2025-05-09	nblast.virtualflybrain.org	/blog/2022/01/01/abdominal-1-lateral-dorsal-longitudinal-muscle-99-fbbt_00003451/	1	1	0
2025-05-09	nblast.virtualflybrain.org	/blog/2022/01/01/day-52-of-adulthood-fbdv_00007127/	1	1	0
2025-05-09	nblast.virtualflybrain.org	/blog/2022/01/01/ecolbsollacz08685-fbal0085401/	1	1	0
2025-05-09	nblast.virtualflybrain.org	/blog/2022/01/01/multicellular-anatomical-structure-caro_0010000/	1	1	0
2025-05-09	owl.virtualflybrain.org	/blog/2022/01/01/wtkiikgr-fbbi_00000555/	1	1	0
2025-05-09	pdb.u3.virtualflybrain.org	/	2	3	1
2025-05-09	r.virtualflybrain.org	/	2	2	0
2025-05-09	solr-alpha.virtualflybrain.org	/	2	2	0
2025-05-09	solr-dev.virtualflybrain.org	/	2	2	0
2025-05-09	v1.virtualflybrain.org	/	2	2	0
2025-05-09	v2-dev2.virtualflybrain.org	/	2	2	0
2025-05-09	v2.virtualflybrain.org	/org.geppetto.frontend/geppetto	244	44	6927
2025-05-09	v2a.virtualflybrain.org	/org.geppetto.frontend/geppetto	1	1	26
2025-05-09	virtualflybrain.org	/	4	4	14
2025-05-09	virtualflybrain.org	/about/hosted/	12	7	83
2025-05-09	virtualflybrain.org	/about/hosted/l1em-catmaid/	6	1	79
2025-05-09	virtualflybrain.org	/blog/	1	1	5
2025-05-09	virtualflybrain.org	/docs/	1	1	4
2025-05-09	webtop.virtualflybrain.org	/	2	2	0
2025-05-09	www.virtualflybrain.org	/	34	25	131
2025-05-09	www.virtualflybrain.org	/blog/2022/01/01/a26f_a1l-l1em13258642-vfb_00102220/	1	1	1
2025-05-09	www.virtualflybrain.org	/blog/2022/01/01/adult-an_multi_3-neuron-fbbt_20004336/	1	1	45
2025-05-09	www.virtualflybrain.org	/blog/2022/01/01/intracoxal-lateral-levator-muscle-fbbt_00003327/	1	1	0
2025-05-09	www.virtualflybrain.org	/blog/2022/01/01/pr93g02-gal4.dbd-pr56h10-p65.ad-expression-pattern-vfbexp_fbtp0122503fbtp0118946/	1	1	1
2025-05-09	www.virtualflybrain.org	/blog/2022/01/01/regulation-of-protein-modification-by-small-protein-conjugation-or-removal-go_1903320/	1	1	0
2025-05-09	www.virtualflybrain.org	/blog/releases/catmaid/	1	1	8
2025-05-09	www.virtualflybrain.org	/blog/releases/catmaid/fanc/	2	1	13
2025-05-09	www.virtualflybrain.org	/blog/releases/catmaid/l1em/	1	1	7
2025-05-09	www.virtualflybrain.org	/blog/releases/ontologies/fbbt/	1	1	4
2025-05-09	www.virtualflybrain.org	/blog/releases/ontologies/fbdv/	1	1	0
2025-05-09	www.virtualflybrain.org	/blog/releases/ontologies/so/	1	1	11
2025-05-09	www.virtualflybrain.org	/docs/	1	1	4
2025-05-09	www.virtualflybrain.org	/docs/examples/circuit-diagram-of-the-mushroom-body/	2	1	37
2025-05-09	www.virtualflybrain.org	/docs/getting-started/	1	1	9
2025-05-09	www.virtualflybrain.org	/docs/getting-started/3dviewer/	1	1	11
2025-05-09	www.virtualflybrain.org	/docs/getting-started/overview/	3	1	4
2025-05-09	www.virtualflybrain.org	/docs/getting-started/sliceviewer/	1	1	10
2025-05-09	www.virtualflybrain.org	/docs/getting-started/terminfo/	1	1	17
2025-05-09	www.virtualflybrain.org	/docs/overview/	1	1	12
2025-05-09	www.virtualflybrain.org	/en/blog/releases/ontologies/so/so_1000162_v6/	1	1	0
2025-05-09	www.virtualflybrain.org	/term/abdominal-4-lateral-trichoid-sensillum-lh2-fbbt_00002851/	1	1	11
2025-05-09	www.virtualflybrain.org	/term/adult-anterior-dorsal-primary-neurite-tract-2-fbbt_00049307/	1	1	1
2025-05-09	www.virtualflybrain.org	/term/embryonic-stage-6-fbdv_00005318/	1	1	9
2025-05-09	www.virtualflybrain.org	/term/fb7jfb0708_l-vfb_jrch08i7/	1	1	3
2025-05-09	www.virtualflybrain.org	/term/octopaminergic-al2b1-neuron-fbbt_00110146/	1	1	1
2025-05-09	zip.virtualflybrain.org	/	2	2	0
2025-05-09	zip.virtualflybrain.org	/blog/2022/01/01/14c-fbbi_00000123/	1	1	0
2025-05-09	zip.virtualflybrain.org	/blog/2022/01/01/adenylosuccinate-synthase-activity-go_0004019/	1	1	0
2025-05-09	zip.virtualflybrain.org	/blog/2022/01/01/beta-13-galactosyltransferase-activity-go_0048531/	1	1	0
2025-05-09	zip.virtualflybrain.org	/blog/2022/01/01/biological-process-geno_0000351/	1	1	0
2025-05-09	zip.virtualflybrain.org	/blog/2022/01/01/double-so_0000985/	1	1	0
2025-05-09	zip.virtualflybrain.org	/blog/2022/01/01/epoxyqueuosine-so_0001318/	1	1	0
2025-05-09	zip.virtualflybrain.org	/blog/2022/01/01/fibrous-connective-tissue-uberon_0011824/	1	1	0
2025-05-09	zip.virtualflybrain.org	/blog/2022/01/01/gneg-geno_0000620/	1	1	0
2025-05-10		/org.geppetto.frontend/geppetto	1150	17	874
2025-05-10	backend.virtualflybrain.org	/	1	1	0
2025-05-10	raw.larval.flylight.virtualflybrain.org	/	1	1	0
2025-05-10	v2.virtualflybrain.org	/org.geppetto.frontend/geppetto	284	17	5615
2025-05-10	v2a.virtualflybrain.org	/org.geppetto.frontend/geppetto	8	1	0
2025-05-10	virtualflybrain.org	/	1	1	8
2025-05-10	www.virtualflybrain.org	/	23	17	103
2025-05-10	www.virtualflybrain.org	/about/	3	2	66
2025-05-10	www.virtualflybrain.org	/blog/2022/01/01/adult-medulla-tangential-neuron-e31-fbbt_20007640/	1	1	0
2025-05-10	www.virtualflybrain.org	/blog/2022/01/01/adult-vnc-neuropils-court2020-court2020/	1	1	9
2025-05-10	www.virtualflybrain.org	/blog/2022/01/01/cellular-response-to-growth-factor-stimulus-go_0071363/	1	1	0
2025-05-10	www.virtualflybrain.org	/blog/2022/01/01/ecolbsollaczf12-fbal0091328/	1	1	0
2025-05-10	www.virtualflybrain.org	/blog/2022/01/01/ecolbsollaczpb.2.1a-fbal0044089/	1	1	0
2025-05-10	www.virtualflybrain.org	/blog/2022/01/01/gene_fusion-so_0001565/	1	1	0
2025-05-10	www.virtualflybrain.org	/blog/2022/01/01/regulation-of-kinase-activity-go_0043549/	1	1	0
2025-05-10	www.virtualflybrain.org	/blog/2022/01/01/regulation-of-localization-go_0032879/	1	1	0
2025-05-10	www.virtualflybrain.org	/blog/2022/01/01/response-to-gravity-go_0009629/	1	1	0
2025-05-10	www.virtualflybrain.org	/blog/2024/04/30/new-split-gal4-report-pages-on-flybase/	1	1	19
2025-05-10	www.virtualflybrain.org	/blog/2024/08/25/guide-to-working-with-images-from-virtual-fly-brain-vfb-using-the-vfbconnect-library/	1	1	10
2025-05-10	www.virtualflybrain.org	/blog/2024/08/25/vfb-workshop-bridging-connectomics-and-transcriptomics-at-neurofly-2024/	1	1	3
2025-05-10	www.virtualflybrain.org	/blog/releases/catmaid/fanc/	1	1	63
2025-05-10	www.virtualflybrain.org	/blog/releases/ontologies/caro/	1	1	0
2025-05-10	www.virtualflybrain.org	/docs/	1	1	7
2025-05-10	www.virtualflybrain.org	/docs/overview/	1	1	0
2025-05-10	www.virtualflybrain.org	/search/	1	1	0
2025-05-10	www.virtualflybrain.org	/tags/visual_system/	1	1	26
2025-05-10	www.virtualflybrain.org	/term/chromosomal_variation_attribute-so_0001509/	1	1	0
2025-05-10	www.virtualflybrain.org	/term/introgressed_chromosome_region-so_0000664/	1	1	0
2025-05-10	www.virtualflybrain.org	/term/negative-regulation-of-lipid-binding-go_1900131/	1	1	0
2025-05-10	www.virtualflybrain.org	/term/organism-subdivision-caro_0000032/	1	1	17
2025-05-10	www.virtualflybrain.org	/term/pr58f02-gal4.dbd-pr17d02-p65.ad-expression-pattern-vfbexp_fbtp0099500fbtp0118294/	1	1	15
2025-05-10	www.virtualflybrain.org	/term/trunk-ganglion-uberon_0007134/	1	1	0
2025-05-11		/org.geppetto.frontend/geppetto	729	21	130
2025-05-11	129.215.197.144	/	1	1	0
2025-05-11	backend.virtualflybrain.org	/	3	3	0
2025-05-11	blog.virtualflybrain.org	/	0	1	1
2025-05-11	flybrain.inf.ed.ac.uk	/	0	1	3
2025-05-11	herd.virtualflybrain.org	/	2	2	0
2025-05-11	ids.virtualflybrain.org	/	2	2	0
2025-05-11	larval.virtualflybrain.org	/	0	1	5
2025-05-11	natverse3.virtualflybrain.org	/	2	2	0
2025-05-11	natverse5.virtualflybrain.org	/	2	2	0
2025-05-11	nblast.virtualflybrain.org	/blog/2022/01/01/myeloid-cell-homeostasis-go_0002262/	1	1	0
2025-05-11	pgadmin.virtualflybrain.org	/	0	1	4
2025-05-11	v1-5.virtualflybrain.org	/	2	2	0
2025-05-11	v2-preview.virtualflybrain.org	/	2	2	0
2025-05-11	v2.virtualflybrain.org	/org.geppetto.frontend/geppetto	289	27	1892
2025-05-11	v3.virtualflybrain.org	/	2	2	0
2025-05-11	virtualflybrain.org	/	4	4	43
2025-05-11	virtualflybrain.org	/about/hosted/	10	10	23
2025-05-11	virtualflybrain.org	/about/hosted/fafb-catmaid/	1	1	6
2025-05-11	virtualflybrain.org	/about/hosted/l1em-catmaid/	1	1	10
2025-05-11	www.virtualflybrain.org	/	24	17	142
2025-05-11	www.virtualflybrain.org	/about/	2	2	8
2025-05-11	www.virtualflybrain.org	/about/contributors/	1	1	9
2025-05-11	www.virtualflybrain.org	/about/hosted/	3	1	76
2025-05-11	www.virtualflybrain.org	/about/hosted/flybrainndb/	2	1	10
2025-05-11	www.virtualflybrain.org	/about/members/	1	1	13
2025-05-11	www.virtualflybrain.org	/blog/2022/01/01/5-ht1b-f-000000-vfb_00011618/	1	1	7
2025-05-11	www.virtualflybrain.org	/blog/releases/catmaid/fafb/	1	0	0
2025-05-11	www.virtualflybrain.org	/docs/	6	5	45
2025-05-11	www.virtualflybrain.org	/docs/concepts/flylight_tiles/	1	1	14
2025-05-11	www.virtualflybrain.org	/docs/getting-started/3dviewer/	1	1	5
2025-05-11	www.virtualflybrain.org	/docs/getting-started/similarityscore/	1	1	3
2025-05-11	www.virtualflybrain.org	/docs/overview/	1	1	0
2025-05-11	www.virtualflybrain.org	/docs/tutorials/apis/4_neuprint/	1	1	18
2025-05-11	www.virtualflybrain.org	/docs/tutorials/apis/connectome/5_nblast/	3	2	39
2025-05-11	www.virtualflybrain.org	/search/	3	1	33
2025-05-11	www.virtualflybrain.org	/tags/nblast/	1	1	2
2025-05-11	www.virtualflybrain.org	/tags/visual_system/	1	1	23
2025-05-11	www.virtualflybrain.org	/term/embryonic-stage-5-fbdv_00005311/	1	1	20
2025-05-11	www.virtualflybrain.org	/term/generically-dependent-continuant-bfo_0000031/	1	1	25
2025-05-11	www.virtualflybrain.org	/term/neuron-11011-fanc496838-vfb_001027qk/	1	1	6
2025-05-11	www.virtualflybrain.org	/term/pgmr77h09-gal4-expression-pattern-vfbexp_fbtp0062898/	1	0	0
2025-05-12		/org.geppetto.frontend/geppetto	1431	54	1394
2025-05-12	129.215.197.110	/	1	1	0
2025-05-12	129.215.197.144	/	1	1	6
2025-05-12	129.215.197.147	/	2	2	0
2025-05-12	981gwa2l.virtualflybrain.org	/	2	2	0
2025-05-12	api.virtualflybrain.org	/	1	1	0
2025-05-12	backend.virtualflybrain.org	/	1	1	0
2025-05-12	geppetto.virtualflybrain.org	/	0	1	2
2025-05-12	hugo.virtualflybrain.org	/	1	1	0
2025-05-12	larval-app1.virtualflybrain.org	/	0	1	3
2025-05-12	larval.virtualflybrain.org	/	2	2	0
2025-05-12	mysql.virtualflybrain.org	/	2	2	0
2025-05-12	natverse1.virtualflybrain.org	/	0	1	10
2025-05-12	pdb.u3.virtualflybrain.org	/	0	1	2
2025-05-12	rancher.virtualflybrain.org	/	0	1	1
2025-05-12	raw.larval.flylight.virtualflybrain.org	/	1	1	18
2025-05-12	raw.larval.flylight.virtualflybrain.org	/explore/splits	1	1	0
2025-05-12	sb.virtualflybrain.org	/	2	3	1
2025-05-12	solr.virtualflybrain.org	/	0	1	4
2025-05-12	ubuntu.virtualflybrain.org	/	0	1	3
2025-05-12	v2-dev2.virtualflybrain.org	/	0	1	1
2025-05-12	v2.virtualflybrain.org	/org.geppetto.frontend/geppetto	279	58	17839
2025-05-12	v2a.virtualflybrain.org	/org.geppetto.frontend/geppetto	3	2	218
2025-05-12	vfbblog.inf.ed.ac.uk	/	0	1	2
2025-05-12	virtualflybrain.org	/	4	4	9
2025-05-12	virtualflybrain.org	/about/hosted/	3	5	34
2025-05-12	virtualflybrain.org	/about/hosted/l1em-catmaid/	1	1	4
2025-05-12	virtualflybrain.org	/docs/tutorials/apis/3_pymaid/	1	1	33
2025-05-12	www.virtualflybrain.org	/	41	34	373
2025-05-12	www.virtualflybrain.org	/about/	3	3	32
2025-05-12	www.virtualflybrain.org	/about/citeus/	1	1	0
2025-05-12	www.virtualflybrain.org	/about/hosted/	1	1	1
2025-05-12	www.virtualflybrain.org	/about/hosted/fafb-catmaid/	1	1	0
2025-05-12	www.virtualflybrain.org	/about/hosted/l1em-catmaid/	1	1	4
2025-05-12	www.virtualflybrain.org	/blog/	4	3	25
2025-05-12	www.virtualflybrain.org	/blog/2022/01/01/adult-lateral-horn-av2k6-neuron-fbbt_00051676/	1	1	6
2025-05-12	www.virtualflybrain.org	/blog/2022/01/01/adult-medulla-tangential-neuron-e42-fbbt_20007651/	1	1	2
2025-05-12	www.virtualflybrain.org	/blog/2022/01/01/adult-vnc-neuropils-court2020-court2020/	1	1	7
2025-05-12	www.virtualflybrain.org	/blog/2022/01/01/cg17598-fbgn0031194/	1	1	6
2025-05-12	www.virtualflybrain.org	/blog/2022/01/01/descending-neuron-of-the-posterior-brain-dnp31-fbbt_00047664/	1	1	289
2025-05-12	www.virtualflybrain.org	/blog/2024/08/25/guide-to-working-with-images-from-virtual-fly-brain-vfb-using-the-vfbconnect-library/	1	1	0
2025-05-12	www.virtualflybrain.org	/blog/news/	1	1	28
2025-05-12	www.virtualflybrain.org	/blog/releases/catmaid/	1	1	5
2025-05-12	www.virtualflybrain.org	/blog/releases/catmaid/fafb/	5	3	83
2025-05-12	www.virtualflybrain.org	/blog/releases/ontologies/flybase/	1	1	0
2025-05-12	www.virtualflybrain.org	/blog/releases/ontologies/zp/	1	1	6
2025-05-12	www.virtualflybrain.org	/data/	1	1	5
2025-05-12	www.virtualflybrain.org	/do/gene_list.html	1	1	0
2025-05-12	www.virtualflybrain.org	/docs/	8	7	111
2025-05-12	www.virtualflybrain.org	/docs/concepts/flylight_tiles/	1	1	3
2025-05-12	www.virtualflybrain.org	/docs/examples/circuit-diagram-of-the-mushroom-body/	2	1	36
2025-05-12	www.virtualflybrain.org	/docs/getting-started/	4	3	27
2025-05-12	www.virtualflybrain.org	/docs/getting-started/3dviewer/	4	2	35
2025-05-12	www.virtualflybrain.org	/docs/getting-started/bulkdownloads/	1	1	0
2025-05-12	www.virtualflybrain.org	/docs/getting-started/overview/	1	1	1
2025-05-12	www.virtualflybrain.org	/docs/getting-started/sliceviewer/	2	1	10
2025-05-12	www.virtualflybrain.org	/docs/overview/	1	1	5
2025-05-12	www.virtualflybrain.org	/docs/tutorials/apis/2_plotting/	2	1	4
2025-05-12	www.virtualflybrain.org	/docs/tutorials/apis/connectome/3_visualisation/	2	1	198
2025-05-12	www.virtualflybrain.org	/search/	5	3	66
2025-05-12	www.virtualflybrain.org	/tags/motor_neuron/	1	1	13
2025-05-12	www.virtualflybrain.org	/tags/rotate/	1	1	4
2025-05-12	www.virtualflybrain.org	/term/adult-lateral-fan-shaped-body-tangential-neuron-fl4-fbbt_00007532/	1	1	4
2025-05-12	www.virtualflybrain.org	/term/dnp31_r-flyem-hb1006984280-vfb_jrchjthq/	1	1	4
2025-05-12	www.virtualflybrain.org	/term/mt_rrna-so_0002128/	1	1	3
2025-05-12	www.virtualflybrain.org	/term/octopaminergic-al2b1-neuron-fbbt_00110146/	2	2	8
2025-05-12	www.virtualflybrain.org	/term/pgmr18h11-lexa-expression-pattern-vfbexp_fbtp0088053/	2	1	12
2025-05-12	www.virtualflybrain.org	/term/pvt049281-gal4.dbd-fbtp0124758/	1	1	13
2025-05-12	www.virtualflybrain.org	/term/rp2-motor-neuron-fbbt_00001453/	1	1	13
2025-05-12	www.virtualflybrain.org	/term/tibial-levator-muscle-motor-neuron-fbbt_00053074/	1	1	21
2025-05-12	zip.virtualflybrain.org	/	1	2	2
2025-05-13		/org.geppetto.frontend/geppetto	1404	46	4763
2025-05-13	129.215.197.101	/	4	4	0
2025-05-13	129.215.197.110	/	1	1	0
2025-05-13	129.215.197.143	/	2	2	0
2025-05-13	129.215.197.144	/	1	1	0
2025-05-13	129.215.197.147	/	0	1	2
2025-05-13	981gwa2l.virtualflybrain.org	/	0	1	1
2025-05-13	backend.virtualflybrain.org	/	1	1	0
2025-05-13	flybrain.inf.ed.ac.uk	/en/blog/releases/ontologies/uberon/uberon_0014402_v6/	1	1	0
2025-05-13	kbw.virtualflybrain.org	/	1	2	6
2025-05-13	mayo.inf.ed.ac.uk	/	0	1	1
2025-05-13	meet.virtualflybrain.org	/	1	1	0
2025-05-13	raw.larval.flylight.virtualflybrain.org	/	1	1	0
2025-05-13	raw.larval.flylight.virtualflybrain.org	/explore/splits	2	2	0
2025-05-13	sb2.virtualflybrain.org	/blog/2022/01/01/dif_site-so_0000949/	1	1	14
2025-05-13	v2.virtualflybrain.org	/org.geppetto.frontend/geppetto	176	47	11539
2025-05-13	v2a.virtualflybrain.org	/org.geppetto.frontend/geppetto	3	1	79
2025-05-13	virtualflybrain.org	/	1	1	0
2025-05-13	virtualflybrain.org	/about/hosted/	4	6	16
2025-05-13	virtualflybrain.org	/about/hosted/l1em-catmaid/	2	1	12
2025-05-13	www.virtualflybrain.org	/	40	29	473
2025-05-13	www.virtualflybrain.org	/about/	4	3	36
2025-05-13	www.virtualflybrain.org	/about/citeus/	1	1	16
2025-05-13	www.virtualflybrain.org	/blog/	2	1	3
2025-05-13	www.virtualflybrain.org	/blog/2022/01/01/cha-f-000337-vfb_00004349/	1	1	0
2025-05-13	www.virtualflybrain.org	/blog/news/	1	1	2
2025-05-13	www.virtualflybrain.org	/blog/releases/catmaid/fanc/	1	1	0
2025-05-13	www.virtualflybrain.org	/blog/releases/ontologies/flybase/	1	1	0
2025-05-13	www.virtualflybrain.org	/docs/	7	4	55
2025-05-13	www.virtualflybrain.org	/docs/concepts/templates/	1	1	21
2025-05-13	www.virtualflybrain.org	/docs/contribution-guidelines/	1	1	7
2025-05-13	www.virtualflybrain.org	/docs/getting-started/	1	1	7
2025-05-13	www.virtualflybrain.org	/docs/getting-started/overview/	1	1	25
2025-05-13	www.virtualflybrain.org	/docs/getting-started/scrnaseq/	1	1	22
2025-05-13	www.virtualflybrain.org	/docs/getting-started/sliceviewer/	2	1	39
2025-05-13	www.virtualflybrain.org	/docs/overview/	0	1	2
2025-05-13	www.virtualflybrain.org	/docs/tutorials/	1	1	2
2025-05-13	www.virtualflybrain.org	/docs/tutorials/apis/	1	1	12
2025-05-13	www.virtualflybrain.org	/docs/tutorials/apis/solr/	1	1	0
2025-05-13	www.virtualflybrain.org	/search/	1	1	0
2025-05-13	www.virtualflybrain.org	/site/vfb_site/Dickson_VT.htm	1	1	0
2025-05-13	www.virtualflybrain.org	/tags/fly-brain-atlas/	1	1	3
2025-05-13	www.virtualflybrain.org	/tags/obj/	1	1	2
2025-05-13	www.virtualflybrain.org	/tags/so/	1	1	9
2025-05-13	www.virtualflybrain.org	/term/adult-crop-innervating-dms-cell-of-hypocerebral-ganglion-fbbt_00052763/	1	1	6
2025-05-13	www.virtualflybrain.org	/term/adult-slppm2-lineage-clone-fbbt_00050217/	1	1	4
2025-05-13	www.virtualflybrain.org	/term/ig_j_gene-so_0002125/	1	1	11
2025-05-13	www.virtualflybrain.org	/term/intragenic_variant-so_0002011/	2	1	27
2025-05-13	www.virtualflybrain.org	/term/larval-serotonergic-vnc-neuron-fbbt_00005134/	1	1	32
2025-05-13	www.virtualflybrain.org	/term/lplc1-optic-glomerulus-fbbt_00052657/	1	1	7
2025-05-13	www.virtualflybrain.org	/term/pr28e01-gal4.dbd-pvt045568-p65.ad-expression-pattern-vfbexp_fbtp0121494fbtp0120653/	1	1	7
2025-05-13	zip.virtualflybrain.org	/	1	1	0
2025-05-14		/org.geppetto.frontend/geppetto	1487	54	1029
2025-05-14	129.215.197.110	/	2	2	0
2025-05-14	129.215.197.120	/	1	1	0
2025-05-14	129.215.197.144	/	1	1	0
2025-05-14	api.virtualflybrain.org	/	1	1	0
2025-05-14	backend.virtualflybrain.org	/	3	3	0
2025-05-14	blog.virtualflybrain.org	/	1	1	0
2025-05-14	bocian-jenkins.virtualflybrain.org	/	2	2	0
2025-05-14	dev.virtualflybrain.org	/	2	2	0
2025-05-14	hugo.virtualflybrain.org	/	2	2	0
2025-05-14	ids.virtualflybrain.org	/	2	2	0
2025-05-14	jupyter.virtualflybrain.org	/	2	2	0
2025-05-14	jupyterhub.virtualflybrain.org	/	2	2	0
2025-05-14	karenin-jenkins.virtualflybrain.org	/	2	2	0
2025-05-14	larval-app1.virtualflybrain.org	/	1	1	7
2025-05-14	larval.virtualflybrain.org	/	2	2	0
2025-05-14	meet.virtualflybrain.org	/	2	2	0
2025-05-14	mysql.virtualflybrain.org	/	2	2	0
2025-05-14	natverse.virtualflybrain.org	/	2	2	0
2025-05-14	natverse2.virtualflybrain.org	/	2	2	0
2025-05-14	natverse3.virtualflybrain.org	/	2	2	0
2025-05-14	natverse4.virtualflybrain.org	/	2	2	0
2025-05-14	owl.virtualflybrain.org	/	2	2	0
2025-05-14	pdb.p2.virtualflybrain.org	/	2	2	0
2025-05-14	pgadmin.virtualflybrain.org	/	2	2	0
2025-05-14	rancher.virtualflybrain.org	/	2	2	0
2025-05-14	raw.larval.flylight.virtualflybrain.org	/	3	3	0
2025-05-14	raw.larval.flylight.virtualflybrain.org	/explore/splits	1	1	0
2025-05-14	sb.virtualflybrain.org	/	2	2	0
2025-05-14	sb1.virtualflybrain.org	/	2	2	0
2025-05-14	solr.p2.virtualflybrain.org	/	2	2	0
2025-05-14	ubuntu.virtualflybrain.org	/	2	2	0
2025-05-14	v1-5.virtualflybrain.org	/	2	2	0
2025-05-14	v1.virtualflybrain.org	/	2	2	0
2025-05-14	v2-debug.virtualflybrain.org	/	2	2	0
2025-05-14	v2-dev2.virtualflybrain.org	/	2	2	0
2025-05-14	v2.virtualflybrain.org	/org.geppetto.frontend/geppetto	311	57	15123
2025-05-14	v2.virtualflybrain.org	/org.geppetto.frontend/org.geppetto.frontend	2	1	0
2025-05-14	v2a.virtualflybrain.org	/org.geppetto.frontend/geppetto	23	3	1188
2025-05-14	v2a.virtualflybrain.org	/org.geppetto.frontend/org.geppetto.frontend	1	1	0
2025-05-14	v3.virtualflybrain.org	/	2	2	0
2025-05-14	virtualflybrain.org	/	8	8	20
2025-05-14	virtualflybrain.org	/about/hosted/	21	14	164
2025-05-14	virtualflybrain.org	/about/hosted/fafb-catmaid/	1	1	0
2025-05-14	virtualflybrain.org	/about/hosted/fanc-catmaid/	1	1	31
2025-05-14	virtualflybrain.org	/about/hosted/flybrainndb/	2	1	95
2025-05-14	virtualflybrain.org	/about/hosted/l1em-catmaid/	6	2	483
2025-05-14	virtualflybrain.org	/blog/news/	1	1	9
2025-05-14	virtualflybrain.org	/docs/	1	1	10
2025-05-14	virtualflybrain.org	/docs/concepts/confidence-value/	1	1	1
2025-05-14	virtualflybrain.org	/docs/getting-started/	1	1	2
2025-05-14	webtop.virtualflybrain.org	/	2	2	0
2025-05-14	www.virtualflybrain.org	/	45	34	1029
2025-05-14	www.virtualflybrain.org	/about/	5	3	103
2025-05-14	www.virtualflybrain.org	/about/collaborators/	1	1	8
2025-05-14	www.virtualflybrain.org	/about/hosted/	1	1	5
2025-05-14	www.virtualflybrain.org	/about/hosted/l1em-catmaid/	1	1	57
2025-05-14	www.virtualflybrain.org	/about/members/	1	1	11
2025-05-14	www.virtualflybrain.org	/about/whatisvfb/	1	1	10
2025-05-14	www.virtualflybrain.org	/blog/2022/01/01/adult-tentorium-fbbt_00004500/	1	1	17
2025-05-14	www.virtualflybrain.org	/blog/2022/01/01/neuron-12425-fanc493254-vfb_001027li/	1	1	0
2025-05-14	www.virtualflybrain.org	/blog/2022/01/01/pelfless-gal4.c-fbtp0041024/	1	1	25
2025-05-14	www.virtualflybrain.org	/blog/releases/ontologies/zp/	1	1	0
2025-05-14	www.virtualflybrain.org	/categories/placeholders/	1	1	2
2025-05-14	www.virtualflybrain.org	/docs/	10	6	161
2025-05-14	www.virtualflybrain.org	/docs/concepts/flylight_tiles/	1	1	68
2025-05-14	www.virtualflybrain.org	/docs/getting-started/	3	2	56
2025-05-14	www.virtualflybrain.org	/docs/getting-started/3dviewer/	2	2	23
2025-05-14	www.virtualflybrain.org	/docs/getting-started/circuitbrowser/	1	1	9
2025-05-14	www.virtualflybrain.org	/docs/getting-started/overview/	1	1	0
2025-05-14	www.virtualflybrain.org	/docs/overview/	3	3	9
2025-05-14	www.virtualflybrain.org	/docs/tutorials/apis/connectome/introvideo/	0	1	67
2025-05-14	www.virtualflybrain.org	/term/actinopteri-ncbitaxon_186623/	1	1	0
2025-05-14	www.virtualflybrain.org	/term/adult-central-complex-fbbt_00003632/	1	1	0
2025-05-14	www.virtualflybrain.org	/term/embryonic-stage-13-fbdv_00005328/	1	1	5
2025-05-14	www.virtualflybrain.org	/term/five_prime_cis_splice_site-so_0000163/	1	1	1
2025-05-14	www.virtualflybrain.org	/term/gmr-96a08-flp-25-2-vfb_00060558/	1	1	0
2025-05-14	www.virtualflybrain.org	/term/humeral-bristle-fbbt_00004249/	1	1	8
2025-05-14	www.virtualflybrain.org	/term/octopaminergic-al2b1-neuron-fbbt_00110146/	1	1	3
2025-05-14	www.virtualflybrain.org	/term/pgmr12e09-gal4-fbtp0057526/	1	1	7
2025-05-14	www.virtualflybrain.org	/term/pgmr19h11-lexa-fbtp0088081/	2	1	22
2025-05-14	www.virtualflybrain.org	/term/transmedullary-neuron-tm20-fbbt_00003808/	1	1	14
2025-05-14	zip.virtualflybrain.org	/	2	2	0
2025-05-15		/org.geppetto.frontend/geppetto	1659	52	1283
2025-05-15	api.ids.virtualflybrain.org	/	1	1	0
2025-05-15	backend.virtualflybrain.org	/	2	2	0
2025-05-15	blanik-jenkins.virtualflybrain.org	/	1	1	0
2025-05-15	bocian-jenkins.virtualflybrain.org	/	1	1	0
2025-05-15	buttermilk.inf.ed.ac.uk	/	1	1	13
2025-05-15	chive.inf.ed.ac.uk	/	1	1	6
2025-05-15	dev.virtualflybrain.org	/	1	1	0
2025-05-15	dill.inf.ed.ac.uk	/	1	1	13
2025-05-15	geppetto-dev.virtualflybrain.org	/	1	1	0
2025-05-15	grafana.virtualflybrain.org	/	1	1	0
2025-05-15	jupyter.virtualflybrain.org	/	1	1	0
2025-05-15	jupyterhub.virtualflybrain.org	/	1	1	0
2025-05-15	karenin-jenkins.virtualflybrain.org	/	1	1	0
2025-05-15	larval-app1.virtualflybrain.org	/	1	1	0
2025-05-15	larval.virtualflybrain.org	/	1	1	0
2025-05-15	mayo.inf.ed.ac.uk	/	1	1	12
2025-05-15	mysql.virtualflybrain.org	/	1	1	0
2025-05-15	natverse1.virtualflybrain.org	/	1	1	0
2025-05-15	natverse3.virtualflybrain.org	/	1	1	0
2025-05-15	nblast.virtualflybrain.org	/	1	1	0
2025-05-15	owl.virtualflybrain.org	/	1	1	0
2025-05-15	parsley.inf.ed.ac.uk	/	1	1	12
2025-05-15	pgadmin.virtualflybrain.org	/	1	1	0
2025-05-15	raw.larval.flylight.virtualflybrain.org	/	1	1	0
2025-05-15	raw.larval.flylight.virtualflybrain.org	/explore/splits	1	1	0
2025-05-15	rstudio.virtualflybrain.org	/	1	1	0
2025-05-15	sourcream.inf.ed.ac.uk	/	1	1	8
2025-05-15	ubuntu.virtualflybrain.org	/	1	1	0
2025-05-15	v2.virtualflybrain.org	/org.geppetto.frontend/geppetto	252	53	7989
2025-05-15	v2a.virtualflybrain.org	/	1	1	0
2025-05-15	v2a.virtualflybrain.org	/org.geppetto.frontend/geppetto	13	4	11
2025-05-15	virtualflybrain.org	/	3	3	9
2025-05-15	virtualflybrain.org	/about/	1	1	19
2025-05-15	virtualflybrain.org	/about/collaborators/	1	1	8
2025-05-15	virtualflybrain.org	/about/contributors/	1	1	39
2025-05-15	virtualflybrain.org	/about/hosted/	9	7	57
2025-05-15	virtualflybrain.org	/about/hosted/flybrainndb/	2	2	88
2025-05-15	virtualflybrain.org	/about/hosted/iav-robo-catmaid/	1	1	1
2025-05-15	virtualflybrain.org	/about/hosted/iav-tnt-catmaid/	1	1	45
2025-05-15	virtualflybrain.org	/about/hosted/l1em-catmaid/	3	2	39
2025-05-15	virtualflybrain.org	/docs/	1	1	6
2025-05-15	webtop.virtualflybrain.org	/	1	1	0
2025-05-15	www.virtualflybrain.org	/	27	26	214
2025-05-15	www.virtualflybrain.org	/about/	4	2	104
2025-05-15	www.virtualflybrain.org	/blog/2022/01/01/cluster-3.240-vfb_00017493/	1	1	0
2025-05-15	www.virtualflybrain.org	/blog/releases/ontologies/flybase/	0	1	61
2025-05-15	www.virtualflybrain.org	/docs/	3	2	13
2025-05-15	www.virtualflybrain.org	/docs/getting-started/3dviewer/	1	1	35
2025-05-15	www.virtualflybrain.org	/docs/getting-started/overview/	1	0	0
2025-05-15	www.virtualflybrain.org	/docs/overview/	1	1	23
2025-05-15	www.virtualflybrain.org	/docs/tutorials/apis/4_nblast/	1	1	192
2025-05-15	www.virtualflybrain.org	/docs/tutorials/apis/4_neuprint/	1	1	3
2025-05-15	www.virtualflybrain.org	/docs/tutorials/apis/connectome/3_visualisation/	1	1	22
2025-05-15	www.virtualflybrain.org	/docs/tutorials/apis/connectome/5_nblast/	1	1	0
2025-05-15	www.virtualflybrain.org	/search/	2	1	0
2025-05-15	www.virtualflybrain.org	/site/vfb_site/home.htm	1	1	8
2025-05-15	www.virtualflybrain.org	/term/abdominal-ventral-multidendritic-neuron-vdab-fbbt_00002549/	1	1	2
2025-05-15	www.virtualflybrain.org	/term/abnormal-cell-cycle-fbcv_0000671/	1	1	15
2025-05-15	www.virtualflybrain.org	/term/adult-antennal-lobe-projection-neuron-dl5-fbbt_00059280/	1	1	0
2025-05-15	www.virtualflybrain.org	/term/cg10479-fbgn0035656/	1	1	4
2025-05-15	www.virtualflybrain.org	/term/mesothoracic-tibial-spur-bristle-fbbt_00004389/	1	1	9
2025-05-15	www.virtualflybrain.org	/term/oogenesis-stage-s3-fbdv_00005263/	1	1	2
2025-05-15	www.virtualflybrain.org	/term/tigal4dbdzip-dsxgal4dbdzip-pvt002064-p65.ad-expression-pattern-vfbexp_fbti0201817fbtp0119395/	1	1	13
2025-05-15	zip.virtualflybrain.org	/	5	5	0
2025-05-16		/org.geppetto.frontend/geppetto	1039	48	533
2025-05-16	129.215.197.101	/	1	1	0
2025-05-16	129.215.197.110	/	1	2	4
2025-05-16	129.215.197.120	/	1	1	0
2025-05-16	129.215.197.147	/	0	1	4
2025-05-16	981gwa2l.virtualflybrain.org	/	2	2	0
2025-05-16	backend.virtualflybrain.org	/	2	2	0
2025-05-16	blanik-jenkins.virtualflybrain.org	/	1	1	0
2025-05-16	blog.virtualflybrain.org	/	2	2	0
2025-05-16	bocian-jenkins.virtualflybrain.org	/	1	1	0
2025-05-16	dev.virtualflybrain.org	/	2	2	0
2025-05-16	flybrain.mrc-lmb.cam.ac.uk	/si/nblast/www/	1	1	70
2025-05-16	geppetto-dev.virtualflybrain.org	/	2	2	0
2025-05-16	grafana.virtualflybrain.org	/	2	2	0
2025-05-16	jupyter.virtualflybrain.org	/	2	2	0
2025-05-16	kbw.virtualflybrain.org	/	3	3	0
2025-05-16	larval-app1.virtualflybrain.org	/	3	3	6
2025-05-16	natverse.virtualflybrain.org	/	1	1	0
2025-05-16	natverse1.virtualflybrain.org	/	2	2	0
2025-05-16	p2.virtualflybrain.org	/	3	3	0
2025-05-16	pdb.u3.virtualflybrain.org	/	2	2	0
2025-05-16	r.virtualflybrain.org	/	2	2	0
2025-05-16	raw.larval.flylight.virtualflybrain.org	/	2	2	0
2025-05-16	raw.larval.flylight.virtualflybrain.org	/explore/splits	1	1	0
2025-05-16	sb.virtualflybrain.org	/	2	2	0
2025-05-16	sb2.virtualflybrain.org	/	1	1	0
2025-05-16	sb2.virtualflybrain.org	/blog/2022/01/01/no_sequence_alteration-so_0002073/	1	1	0
2025-05-16	solr-dev.virtualflybrain.org	/	1	1	0
2025-05-16	solr.virtualflybrain.org	/	2	2	0
2025-05-16	v1-5.virtualflybrain.org	/	2	2	0
2025-05-16	v2-preview.virtualflybrain.org	/	2	2	0
2025-05-16	v2.virtualflybrain.org	/org.geppetto.frontend/geppetto	171	52	4234
2025-05-16	v2a.virtualflybrain.org	/org.geppetto.frontend/geppetto	0	1	31059
2025-05-16	v3.virtualflybrain.org	/	1	1	0
2025-05-16	vfb-connect.readthedocs.io	/	1	1	13
2025-05-16	virtualflybrain.org	/	6	5	37
2025-05-16	virtualflybrain.org	/about/hosted/	15	14	40
2025-05-16	virtualflybrain.org	/about/hosted/l1em-catmaid/	1	1	27
2025-05-16	virtualflybrain.org	/term/pgmr-gal4frt-fbtp0013934/	1	1	6
2025-05-16	www.virtualflybrain.org	/	36	21	311
2025-05-16	www.virtualflybrain.org	/about/	4	4	32
2025-05-16	www.virtualflybrain.org	/about/citeus/	1	1	19
2025-05-16	www.virtualflybrain.org	/about/hosted/	3	2	50
2025-05-16	www.virtualflybrain.org	/about/hosted/flybrainndb/	2	1	5
2025-05-16	www.virtualflybrain.org	/about/hosted/l1em-catmaid/	1	1	4
2025-05-16	www.virtualflybrain.org	/blog/	1	1	70
2025-05-16	www.virtualflybrain.org	/blog/2022/01/01/asrnacr46486-fbgn0287617/	1	1	170
2025-05-16	www.virtualflybrain.org	/blog/2022/01/01/vfb-content-report/	1	1	23
2025-05-16	www.virtualflybrain.org	/blog/releases/catmaid/	1	1	14
2025-05-16	www.virtualflybrain.org	/docs/	6	5	53
2025-05-16	www.virtualflybrain.org	/docs/concepts/cell_types/	1	1	0
2025-05-16	www.virtualflybrain.org	/docs/concepts/templates/	1	1	19
2025-05-16	www.virtualflybrain.org	/docs/concepts/transgene/	1	1	98
2025-05-16	www.virtualflybrain.org	/docs/getting-started/	1	1	15
2025-05-16	www.virtualflybrain.org	/docs/getting-started/bulkdownloads/	1	1	3
2025-05-16	www.virtualflybrain.org	/docs/getting-started/overview/	1	1	23
2025-05-16	www.virtualflybrain.org	/docs/overview/	4	2	19
2025-05-16	www.virtualflybrain.org	/site/stacks/index.htm	1	1	8
2025-05-16	www.virtualflybrain.org	/term/antennal-mechanosensory-and-motor-center-ammc-bb4-neuron-fbbt_00111484/	1	1	316
2025-05-16	www.virtualflybrain.org	/term/asrnacr45257-fbgn0266795/	1	1	65
2025-05-16	www.virtualflybrain.org	/term/cytokine-mediated-signaling-pathway-go_0019221/	1	1	9
2025-05-16	www.virtualflybrain.org	/term/lal034_r-flyem-hb858574470-vfb_jrchjwki/	1	1	3
2025-05-16	www.virtualflybrain.org	/term/obsolete-wheelers-organ-3-fbbt_00004810/	1	1	23
2025-05-16	www.virtualflybrain.org	/term/octopaminergic-al2b1-neuron-fbbt_00110146/	1	1	2
2025-05-16	www.virtualflybrain.org	/term/pgmr70b04-lexa-expression-pattern-vfbexp_fbtp0089010/	1	1	2
2025-05-16	www.virtualflybrain.org	/term/pgmr70b04-lexa-fbtp0089010/	1	1	11
2025-05-16	www.virtualflybrain.org	/term/protein_coding_gene-so_0001217/	1	1	0
2025-05-16	zip.virtualflybrain.org	/	3	3	0
2025-05-17		/org.geppetto.frontend/geppetto	213	22	120
2025-05-17	backend.virtualflybrain.org	/	1	1	0
2025-05-17	larval-app1.virtualflybrain.org	/	1	1	4
2025-05-17	v2.virtualflybrain.org	/org.geppetto.frontend/geppetto	83	23	1294
2025-05-17	virtualflybrain.org	/	3	3	0
2025-05-17	www.virtualflybrain.org	/	30	16	142
2025-05-17	www.virtualflybrain.org	/about/	1	1	0
2025-05-17	www.virtualflybrain.org	/about/hosted/	1	1	0
2025-05-17	www.virtualflybrain.org	/blog/2022/01/01/homeostasis-of-number-of-cells-within-a-tissue-go_0048873/	1	1	12
2025-05-17	www.virtualflybrain.org	/docs/	6	3	12
2025-05-17	www.virtualflybrain.org	/docs/getting-started/3dviewer/	2	1	5
2025-05-17	www.virtualflybrain.org	/docs/getting-started/bulkdownloads/	1	1	4
2025-05-17	www.virtualflybrain.org	/docs/getting-started/circuitbrowser/	1	1	20
2025-05-17	www.virtualflybrain.org	/docs/getting-started/sliceviewer/	2	1	6
2025-05-17	www.virtualflybrain.org	/docs/overview/	3	1	12
2025-05-17	www.virtualflybrain.org	/tags/obj/	1	1	2
2025-05-17	www.virtualflybrain.org	/term/paraesophageal-ganglion-fbbt_00002635/	2	1	22
2025-05-17	www.virtualflybrain.org	/term/pgmr27e08-gal4-fbtp0058895/	1	1	0
2025-05-17	www.virtualflybrain.org	/term/ticrimic.tg4.1cg1358cr00439-tg4.1-expression-pattern-vfbexp_fbti0199373/	1	1	15
2025-05-17	zip.virtualflybrain.org	/	1	1	0
2025-05-18		/org.geppetto.frontend/geppetto	727	15	543
2025-05-18	backend.virtualflybrain.org	/	3	3	0
2025-05-18	v2.virtualflybrain.org	/org.geppetto.frontend/geppetto	63	17	2247
2025-05-18	vfb-connect.readthedocs.io	/	1	1	33
2025-05-18	virtualflybrain.org	/	3	3	26
2025-05-18	virtualflybrain.org	/blog/news/	2	1	2
2025-05-18	virtualflybrain.org	/docs/	1	1	0
2025-05-18	www.virtualflybrain.org	/	13	11	179
2025-05-18	www.virtualflybrain.org	/about/hosted/fafb-catmaid/	1	1	3
2025-05-18	www.virtualflybrain.org	/blog/	1	1	61
2025-05-18	www.virtualflybrain.org	/blog/2022/01/01/acyl-carnitine-transmembrane-transport-go_1902616/	1	1	2
2025-05-18	www.virtualflybrain.org	/blog/2022/01/01/acyl-carnitine-transmembrane-transporter-activity-go_0015227/	1	1	32
2025-05-18	www.virtualflybrain.org	/blog/2022/01/01/information-content-entity-iao_0000030/	2	1	0
2025-05-18	www.virtualflybrain.org	/blog/2022/01/01/superior-posterior-slope-fbbt_00045040/	1	0	0
2025-05-18	www.virtualflybrain.org	/blog/releases/ontologies/fbdv/	1	1	0
2025-05-18	www.virtualflybrain.org	/blog/releases/ontologies/ioa/	1	1	14
2025-05-18	www.virtualflybrain.org	/docs/concepts/bridging/	1	1	4
2025-05-18	www.virtualflybrain.org	/term/adult-multiglomerular-antennal-lobe-projection-neuron-type-20-l2pn-fbbt_20003796/	1	1	29
2025-05-18	www.virtualflybrain.org	/term/jrc_r11f05-gal4_mcfo_vnc_20180828_63_e1_40x-vfb_00101ysm/	1	1	25
2025-05-18	zip.virtualflybrain.org	/	1	1	0
2025-05-19		/org.geppetto.frontend/geppetto	1695	45	1135
2025-05-19	123456789abcdefghijklmnopq.v2.virtualflybrain.org	/	0	1	3
2025-05-19	12877200-fe3e-43bd-bf43-557c75765038.virtualflybrain.org	/	0	1	2
2025-05-19	61d21a5c-c24c-4060-9a1d-185c49b8cd22.virtualflybrain.org	/	0	1	2
2025-05-19	8c212b03-94d4-4b64-b132-a3ddc580239c.virtualflybrain.org	/	0	1	3
2025-05-19	8fe35b9b-0117-41a9-a316-ec54860cf39e.catmaid.virtualflybrain.org	/	0	1	2
2025-05-19	981gwa2l.virtualflybrain.org	/	0	1	2
2025-05-19	a.bb.ccc.dddd.nblast.virtualflybrain.org	/	0	1	1
2025-05-19	admin.virtualflybrain.org	/	0	1	3
2025-05-19	api.ids.virtualflybrain.org	/	0	1	3
2025-05-19	backend.virtualflybrain.org	/	1	1	0
2025-05-19	blanik-jenkins.virtualflybrain.org	/	0	1	3
2025-05-19	blog.virtualflybrain.org	/	0	1	6
2025-05-19	bocian-jenkins.virtualflybrain.org	/	0	1	6
2025-05-19	build.virtualflybrain.org	/	0	1	2
2025-05-19	geppetto-dev1.virtualflybrain.org	/	0	1	2
2025-05-19	geppetto.virtualflybrain.org	/	0	1	3
2025-05-19	grafana.virtualflybrain.org	/	0	1	1
2025-05-19	groups.google.com	/g/vfb-suport	1	1	5
2025-05-19	hugo.virtualflybrain.org	/	0	1	2
2025-05-19	ids.virtualflybrain.org	/	0	1	3
2025-05-19	jitsi.virtualflybrain.org	/	0	1	1
2025-05-19	karenin-jenkins.virtualflybrain.org	/	0	1	2
2025-05-19	larval-app1.virtualflybrain.org	/	0	1	5
2025-05-19	larval.virtualflybrain.org	/	0	1	4
2025-05-19	mail.virtualflybrain.org	/	0	1	1
2025-05-19	meet.virtualflybrain.org	/	1	1	0
2025-05-19	monitor.virtualflybrain.org	/	0	1	7
2025-05-19	mysql.virtualflybrain.org	/	0	1	3
2025-05-19	natverse.virtualflybrain.org	/	0	1	2
2025-05-19	natverse1.virtualflybrain.org	/	0	1	2
2025-05-19	natverse2.virtualflybrain.org	/	0	1	2
2025-05-19	natverse4.virtualflybrain.org	/	0	1	2
2025-05-19	owl-dev.virtualflybrain.org	/	0	1	15
2025-05-19	pdb.p2.virtualflybrain.org	/	0	1	2
2025-05-19	pdl.virtualflybrain.org	/	0	1	2
2025-05-19	pgadmin.virtualflybrain.org	/	0	1	3
2025-05-19	r.virtualflybrain.org	/	0	1	1
2025-05-19	raw.larval.flylight.virtualflybrain.org	/	2	2	3
2025-05-19	raw.larval.flylight.virtualflybrain.org	/explore	13	1	164
2025-05-19	raw.larval.flylight.virtualflybrain.org	/explore/splits	1	1	0
2025-05-19	rstudio.virtualflybrain.org	/	0	1	1
2025-05-19	sb.virtualflybrain.org	/	0	1	5
2025-05-19	sb1.virtualflybrain.org	/	0	1	3
2025-05-19	sb2.virtualflybrain.org	/	0	1	2
2025-05-19	sb2.virtualflybrain.orgherd.virtualflybrain.org	/	0	1	3
2025-05-19	smtp.virtualflybrain.org	/	0	1	2
2025-05-19	solr-alpha.virtualflybrain.org	/	0	1	6
2025-05-19	solr-dev.virtualflybrain.org	/	0	1	3
2025-05-19	solr.p2.virtualflybrain.org	/	0	1	2
2025-05-19	solr.virtualflybrain.org	/	0	1	3
2025-05-19	sourcream.inf.ed.ac.uk	/	0	1	1
2025-05-19	v1.virtualflybrain.org	/	0	1	4
2025-05-19	v2-dev.virtualflybrain.org	/org.geppetto.frontend/geppetto	0	1	4
2025-05-19	v2-dev2.virtualflybrain.org	/	0	1	2
2025-05-19	v2.virtualflybrain.org	/org.geppetto.frontend/geppetto	131	49	7565
2025-05-19	virtualflybrain.org	/	2	3	14
2025-05-19	virtualflybrain.org	/about/	2	2	10
2025-05-19	virtualflybrain.org	/about/hosted/	2	2	19
2025-05-19	virtualflybrain.org	/about/hosted/l1em-catmaid/	1	1	35
2025-05-19	virtualflybrain.org	/blog/news/	1	1	0
2025-05-19	virtualflybrain.org	/docs/	1	1	8
2025-05-19	vnc.catmaid.virtualflybrain.org	/	0	1	1
2025-05-19	webmail.virtualflybrain.org	/	0	1	3
2025-05-19	what.website.fafb.catmaid.virtualflybrain.org	/	0	1	2
2025-05-19	www.v2.virtualflybrain.org	/	0	1	1
2025-05-19	www.virtualflybrain.org	/	34	26	180
2025-05-19	www.virtualflybrain.org	/about/	10	5	72
2025-05-19	www.virtualflybrain.org	/about/citeus/	1	1	13
2025-05-19	www.virtualflybrain.org	/about/collaborators/	1	1	4
2025-05-19	www.virtualflybrain.org	/about/contributors/	2	2	41
2025-05-19	www.virtualflybrain.org	/about/hosted/	2	2	3
2025-05-19	www.virtualflybrain.org	/about/hosted/fafb-catmaid/	1	1	44
2025-05-19	www.virtualflybrain.org	/about/hosted/l1em-catmaid/	2	2	0
2025-05-19	www.virtualflybrain.org	/about/members/	1	1	5
2025-05-19	www.virtualflybrain.org	/about/publications/	1	1	20
2025-05-19	www.virtualflybrain.org	/about/whatisvfb/	1	1	4
2025-05-19	www.virtualflybrain.org	/blog/	3	3	33
2025-05-19	www.virtualflybrain.org	/blog/2022/01/01/adult-brain-fru-clones-cachero2010-cachero2010/	1	1	16
2025-05-19	www.virtualflybrain.org	/blog/2022/01/01/antennal-lobe-glomerulus-dm1-fbbt_00003975/	1	1	27
2025-05-19	www.virtualflybrain.org	/blog/2022/01/01/brainname-neuropils-and-tracts-ito-half-brain-brainname_ito_half_brain/	1	1	246
2025-05-19	www.virtualflybrain.org	/blog/2024/08/25/vfb-workshop-bridging-connectomics-and-transcriptomics-at-neurofly-2024/	1	1	8
2025-05-19	www.virtualflybrain.org	/blog/releases/catmaid/fafb/	1	1	0
2025-05-19	www.virtualflybrain.org	/blog/releases/ontologies/ioa/	1	1	7
2025-05-19	www.virtualflybrain.org	/docs/	5	3	18
2025-05-19	www.virtualflybrain.org	/docs/concepts/templates/	2	2	54
2025-05-19	www.virtualflybrain.org	/docs/getting-started/3dviewer/	1	1	2
2025-05-19	www.virtualflybrain.org	/docs/getting-started/overview/	1	1	6
2025-05-19	www.virtualflybrain.org	/docs/tutorials/apis/4_nblast/	1	1	0
2025-05-19	www.virtualflybrain.org	/docs/tutorials/apis/connectome/5_nblast/	1	1	154
2025-05-19	www.virtualflybrain.org	/search/	3	1	65
2025-05-19	www.virtualflybrain.org	/tags/fly-brain-atlas/	1	1	6
2025-05-19	www.virtualflybrain.org	/term/adult-cervical-connective-fbbt_00004019/	1	1	5
2025-05-19	www.virtualflybrain.org	/term/asrnacr44168-fbgn0265053/	2	1	12
2025-05-19	www.virtualflybrain.org	/term/ca-ma2d-fbgn0261999/	1	1	3
2025-05-19	www.virtualflybrain.org	/term/embryonic-stage-6-fbdv_00005318/	1	1	8
2025-05-19	www.virtualflybrain.org	/term/gmr-57e07-flp-10-1-vfb_00061360/	1	1	9
2025-05-19	www.virtualflybrain.org	/term/jrc_r43b06_lexa_brain_20130428-vfb_00100veq/	1	1	3
2025-05-19	www.virtualflybrain.org	/term/pgmr38e07-gal4-fbtp0059852/	1	1	3
2025-05-19	www.virtualflybrain.org	/term/pgmr86e01-lexa-expression-pattern-vfbexp_fbtp0092117/	1	1	24
2025-05-19	www.virtualflybrain.org	/term/pr25a08-gal4.dbd-pr10h10-p65.ad-expression-pattern-vfbexp_fbtp0121424fbtp0118172/	1	1	4
2025-05-19	zip.virtualflybrain.org	/	2	2	0
2025-05-20		/org.geppetto.frontend/geppetto	1466	46	494
2025-05-20	123456789abcdefghijklmnopq.v2.virtualflybrain.org	/	0	1	2
2025-05-20	12877200-fe3e-43bd-bf43-557c75765038.virtualflybrain.org	/	0	1	3
2025-05-20	129.215.197.143	/	0	1	4
2025-05-20	129.215.197.144	/	0	1	3
2025-05-20	61d21a5c-c24c-4060-9a1d-185c49b8cd22.virtualflybrain.org	/	0	1	2
2025-05-20	8c212b03-94d4-4b64-b132-a3ddc580239c.virtualflybrain.org	/	0	1	2
2025-05-20	981gwa2l.virtualflybrain.org	/	0	2	6
2025-05-20	a.bb.ccc.dddd.nblast.virtualflybrain.org	/	0	1	2
2025-05-20	admin.virtualflybrain.org	/	0	1	1
2025-05-20	api.ids.virtualflybrain.org	/	0	2	4
2025-05-20	blanik-jenkins.virtualflybrain.org	/	0	2	3
2025-05-20	blog.virtualflybrain.org	/	0	2	2
2025-05-20	bocian-jenkins.virtualflybrain.org	/	0	2	8
2025-05-20	build.virtualflybrain.org	/	0	2	5
2025-05-20	catmaid-fafb.virtualflybrain.org	/	0	1	2
2025-05-20	catmaid-fafb.virtualflybrain.org	/blog/2022/01/01/secondary-antibody-alkaline-phosphastase-conjugate-elf-97-phosphate-fbbi_00000160/	1	1	0
2025-05-20	debug.virtualflybrain.org	/	0	2	6
2025-05-20	dev.virtualflybrain.org	/	0	1	2
2025-05-20	geppetto-dev.virtualflybrain.org	/	0	1	2
2025-05-20	geppetto-dev1.virtualflybrain.org	/	0	2	5
2025-05-20	geppetto.virtualflybrain.org	/	0	2	7
2025-05-20	grafana.virtualflybrain.org	/	0	2	2
2025-05-20	herd.virtualflybrain.org	/	0	1	2
2025-05-20	hugo.virtualflybrain.org	/	0	1	1
2025-05-20	i3vnc.catmaid.virtualflybrain.org	/	0	1	4
2025-05-20	ids.virtualflybrain.org	/	0	2	12
2025-05-20	jenkins.virtualflybrain.org	/	0	1	2
2025-05-20	jitsi.virtualflybrain.org	/	0	2	5
2025-05-20	jupyter.virtualflybrain.org	/	0	1	4
2025-05-20	karenin-jenkins.virtualflybrain.org	/	0	2	3
2025-05-20	kbw.virtualflybrain.org	/	1	2	5
2025-05-20	larval-app1.virtualflybrain.org	/	0	2	15
2025-05-20	larval.virtualflybrain.org	/	0	2	4
2025-05-20	mail.virtualflybrain.org	/	0	1	2
2025-05-20	meet.virtualflybrain.org	/	0	1	4
2025-05-20	monitor.virtualflybrain.org	/	0	2	5
2025-05-20	mysql.virtualflybrain.org	/	0	2	4
2025-05-20	natverse.virtualflybrain.org	/	0	2	5
2025-05-20	natverse1.virtualflybrain.org	/	0	2	5
2025-05-20	natverse2.virtualflybrain.org	/	0	2	9
2025-05-20	natverse3.virtualflybrain.org	/	0	2	5
2025-05-20	natverse4.virtualflybrain.org	/	0	2	7
2025-05-20	natverse5.virtualflybrain.org	/	0	2	6
2025-05-20	owl.virtualflybrain.org	/	0	1	1
2025-05-20	owl.virtualflybrain.org	/blog/2022/01/01/wtkiikgr-fbbi_00000555/	1	1	0
2025-05-20	p2.virtualflybrain.org	/	0	1	2
2025-05-20	pdb.p2.virtualflybrain.org	/	0	1	2
2025-05-20	pdb.u3.virtualflybrain.org	/	0	2	3
2025-05-20	pdl.virtualflybrain.org	/	0	1	1
2025-05-20	pgadmin.virtualflybrain.org	/	0	2	7
2025-05-20	r.virtualflybrain.org	/	0	2	10
2025-05-20	rancher.virtualflybrain.org	/	0	1	2
2025-05-20	raw.larval.flylight.virtualflybrain.org	/	1	2	1
2025-05-20	raw.larval.flylight.virtualflybrain.org	/explore/lexa	1	1	16
2025-05-20	raw.larval.flylight.virtualflybrain.org	/explore/splits	1	1	0
2025-05-20	rstudio.virtualflybrain.org	/	0	2	14
2025-05-20	sb.virtualflybrain.org	/	0	2	3
2025-05-20	sb1.virtualflybrain.org	/	0	2	7
2025-05-20	sb2.virtualflybrain.org	/	0	2	5
2025-05-20	sb2.virtualflybrain.org	/blog/2022/01/01/asrnacr46082-fbgn0267751/	1	1	5
2025-05-20	sb2.virtualflybrain.orgherd.virtualflybrain.org	/	0	2	6
2025-05-20	smtp.virtualflybrain.org	/	0	1	3
2025-05-20	solr-alpha.virtualflybrain.org	/	0	2	16
2025-05-20	solr-dev.virtualflybrain.org	/	0	2	7
2025-05-20	solr.p2.virtualflybrain.org	/	0	2	4
2025-05-20	solr.virtualflybrain.org	/	0	2	6
2025-05-20	sourcream.inf.ed.ac.uk	/	0	1	2
2025-05-20	test-abd1.5.catmaid.virtualflybrain.org	/	0	1	2
2025-05-20	ubuntu.virtualflybrain.org	/	0	1	2
2025-05-20	v1-5.virtualflybrain.org	/	0	1	1
2025-05-20	v1.virtualflybrain.org	/	0	2	10
2025-05-20	v2-dev.virtualflybrain.org	/org.geppetto.frontend/geppetto	1	2	13
2025-05-20	v2-dev2.virtualflybrain.org	/	0	2	4
2025-05-20	v2-preview.virtualflybrain.org	/	0	2	5
2025-05-20	v2.virtualflybrain.org	/org.geppetto.frontend/geppetto	220	50	6733
2025-05-20	v2a.virtualflybrain.org	/org.geppetto.frontend/geppetto	13	1	400
2025-05-20	v2test1.virtualflybrain.org	/	0	1	8
2025-05-20	vfbblog.inf.ed.ac.uk	/	0	1	2
2025-05-20	virtualflybrain.org	/	5	6	24
2025-05-20	virtualflybrain.org	/about/hosted/	1	11	33
2025-05-20	virtualflybrain.org	/about/hosted/l1em-catmaid/	2	1	36
2025-05-20	virtualflybrain.org	/blog/1/01/01/janelia-flylight/	1	1	21
2025-05-20	virtualflybrain.org	/docs/	2	2	10
2025-05-20	virtualflybrain.org	/docs/examples/circuit-diagram-of-the-mushroom-body/	1	1	5
2025-05-20	virtualflybrain.org	/docs/getting-started/3dviewer/	1	1	10
2025-05-20	virtualflybrain.org	/docs/tutorials/apis/	1	1	23
2025-05-20	virtualflybrain.org	/docs/tutorials/apis/1_datatypes/	1	1	12
2025-05-20	virtualflybrain.org	/docs/tutorials/apis/2_plotting/	1	1	58
2025-05-20	virtualflybrain.org	/docs/tutorials/apis/connectome/2_mapping/	1	1	26
2025-05-20	virtualflybrain.org	/docs/tutorials/apis/connectome/3_visualisation/	1	1	130
2025-05-20	virtualflybrain.org	/docs/tutorials/apis/connectome/tools/	1	1	5
2025-05-20	vnc.catmaid.virtualflybrain.org	/	0	1	3
2025-05-20	webmail.virtualflybrain.org	/	0	1	3
2025-05-20	webtop.virtualflybrain.org	/	0	2	6
2025-05-20	www.v2.virtualflybrain.org	/	0	1	3
2025-05-20	www.virtualflybrain.org	/	42	27	321
2025-05-20	www.virtualflybrain.org	/about/	2	2	23
2025-05-20	www.virtualflybrain.org	/about/hosted/	2	2	27
2025-05-20	www.virtualflybrain.org	/about/hosted/braintrap/	1	1	2
2025-05-20	www.virtualflybrain.org	/blog/2022/01/01/beta-alanyl-amine-synthases-fbgg0001775/	1	1	0
2025-05-20	www.virtualflybrain.org	/blog/releases/catmaid/l1em/	1	0	0
2025-05-20	www.virtualflybrain.org	/docs/	9	8	59
2025-05-20	www.virtualflybrain.org	/docs/getting-started/3dviewer/	1	1	7
2025-05-20	www.virtualflybrain.org	/docs/getting-started/overview/	1	1	0
2025-05-20	www.virtualflybrain.org	/docs/getting-started/terminfo/	1	1	5
2025-05-20	www.virtualflybrain.org	/en/blog/releases/ontologies/uberon/	1	1	55
2025-05-20	www.virtualflybrain.org	/tags/fbcv/	1	1	10
2025-05-20	www.virtualflybrain.org	/term/dorsal-organ-fbbt_00002655/	1	1	11
2025-05-20	www.virtualflybrain.org	/term/hypocerebral-ganglion-fbbt_00005804/	1	1	9
2025-05-20	www.virtualflybrain.org	/term/pgal41151-fbti0007229/	1	1	0
2025-05-20	www.virtualflybrain.org	/term/vt030604-gal4-in-the-adult-brain-dickson2017-vfb_00065944/	1	1	13
2025-05-20	zip.virtualflybrain.org	/	1	2	2
2025-05-21		/org.geppetto.frontend/geppetto	1446	48	1209
2025-05-21	129.215.197.101	/	4	5	4
2025-05-21	129.215.197.120	/	1	2	3
2025-05-21	129.215.197.143	/	0	1	2
2025-05-21	129.215.197.144	/	1	2	4
2025-05-21	981gwa2l.virtualflybrain.org	/	0	1	1
2025-05-21	api.ids.virtualflybrain.org	/	2	2	0
2025-05-21	api.virtualflybrain.org	/	2	2	0
2025-05-21	backend.virtualflybrain.org	/	3	3	0
2025-05-21	blanik-jenkins.virtualflybrain.org	/	2	2	0
2025-05-21	blog.virtualflybrain.org	/	2	2	0
2025-05-21	debug.virtualflybrain.org	/	2	2	0
2025-05-21	dill.inf.ed.ac.uk	/	0	1	1
2025-05-21	geppetto-dev.virtualflybrain.org	/	2	2	0
2025-05-21	hugo.virtualflybrain.org	/	2	2	0
2025-05-21	ids.virtualflybrain.org	/	2	2	0
2025-05-21	jupyter.virtualflybrain.org	/	2	2	0
2025-05-21	jupyterhub.virtualflybrain.org	/	2	2	0
2025-05-21	karenin-jenkins.virtualflybrain.org	/	2	2	0
2025-05-21	kbw.virtualflybrain.org	/	2	2	0
2025-05-21	larval-app1.virtualflybrain.org	/	2	2	0
2025-05-21	larval.virtualflybrain.org	/	4	4	0
2025-05-21	meet.virtualflybrain.org	/	2	2	0
2025-05-21	mysql.virtualflybrain.org	/	2	2	0
2025-05-21	natverse.virtualflybrain.org	/	2	2	0
2025-05-21	natverse3.virtualflybrain.org	/	2	2	0
2025-05-21	natverse4.virtualflybrain.org	/	2	2	0
2025-05-21	natverse5.virtualflybrain.org	/	2	2	0
2025-05-21	owl.virtualflybrain.org	/	2	2	0
2025-05-21	p2.virtualflybrain.org	/	2	2	0
2025-05-21	pdb.p2.virtualflybrain.org	/	2	2	0
2025-05-21	pdb.u3.virtualflybrain.org	/	2	2	0
2025-05-21	rancher.virtualflybrain.org	/	2	2	0
2025-05-21	raw.larval.flylight.virtualflybrain.org	/	3	3	0
2025-05-21	raw.larval.flylight.virtualflybrain.org	/explore/splits	1	1	0
2025-05-21	rstudio.virtualflybrain.org	/	2	2	0
2025-05-21	sb1.virtualflybrain.org	/	2	2	0
2025-05-21	solr-alpha.virtualflybrain.org	/	2	2	0
2025-05-21	solr-dev.virtualflybrain.org	/	2	2	0
2025-05-21	solr.p2.virtualflybrain.org	/	2	2	0
2025-05-21	ubuntu.virtualflybrain.org	/	2	2	0
2025-05-21	v1-5.virtualflybrain.org	/	2	2	0
2025-05-21	v2-debug.virtualflybrain.org	/	2	2	0
2025-05-21	v2-dev2.virtualflybrain.org	/	2	2	0
2025-05-21	v2.virtualflybrain.org	/	1	1	0
2025-05-21	v2.virtualflybrain.org	/org.geppetto.frontend/geppetto	214	58	7620
2025-05-21	v2a.virtualflybrain.org	/org.geppetto.frontend/geppetto	33	5	376
2025-05-21	v3.virtualflybrain.org	/	2	2	0
2025-05-21	vfb-connect.readthedocs.io	/	1	1	6
2025-05-21	virtualflybrain.org	/	6	5	51
2025-05-21	virtualflybrain.org	/about/hosted/	20	20	0
2025-05-21	webtop.virtualflybrain.org	/	2	2	0
2025-05-21	www.virtualflybrain.org	/	34	27	139
2025-05-21	www.virtualflybrain.org	/about/	3	2	18
2025-05-21	www.virtualflybrain.org	/about/hosted/	5	1	0
2025-05-21	www.virtualflybrain.org	/about/hosted/l1em-catmaid/	2	1	3
2025-05-21	www.virtualflybrain.org	/blog/2022/01/01/abdominal-1-neuroblast-mnb-fbbt_00052507/	1	1	5
2025-05-21	www.virtualflybrain.org	/blog/2022/01/01/adult-alpha/beta-kenyon-cell-fbbt_00049834/	1	1	28
2025-05-21	www.virtualflybrain.org	/blog/2022/01/01/chemoattractant-activity-go_0042056/	1	1	0
2025-05-21	www.virtualflybrain.org	/blog/2022/01/01/ocular-adnexa-uberon_0035639/	1	1	11
2025-05-21	www.virtualflybrain.org	/blog/2022/01/01/pectoral-appendage-bud-uberon_0005419/	1	1	0
2025-05-21	www.virtualflybrain.org	/blog/2022/01/01/positive-regulation-of-cellular-component-biogenesis-go_0044089/	1	1	20
2025-05-21	www.virtualflybrain.org	/blog/2022/01/01/worm-phenotype-wbphenotype_0000886/	1	1	11
2025-05-21	www.virtualflybrain.org	/blog/2022/03/11/fix-for-problems-with-current-safari-release/	1	1	10
2025-05-21	www.virtualflybrain.org	/blog/releases/catmaid/	2	1	22
2025-05-21	www.virtualflybrain.org	/blog/releases/catmaid/fafb/	2	1	30
2025-05-21	www.virtualflybrain.org	/blog/releases/catmaid/l1em/	3	1	21
2025-05-21	www.virtualflybrain.org	/blog/releases/ontologies/wbphenotype/	1	1	4
2025-05-21	www.virtualflybrain.org	/docs/	4	3	16
2025-05-21	www.virtualflybrain.org	/docs/examples/	1	1	4
2025-05-21	www.virtualflybrain.org	/docs/examples/circuit-diagram-of-the-mushroom-body/	1	1	4
2025-05-21	www.virtualflybrain.org	/docs/getting-started/3dviewer/	2	1	132
2025-05-21	www.virtualflybrain.org	/docs/getting-started/bulkdownloads/	1	1	205
2025-05-21	www.virtualflybrain.org	/docs/getting-started/circuitbrowser/	2	1	193
2025-05-21	www.virtualflybrain.org	/docs/getting-started/overview/	2	1	72
2025-05-21	www.virtualflybrain.org	/docs/getting-started/scrnaseq/	3	1	1661
2025-05-21	www.virtualflybrain.org	/docs/getting-started/similarityscore/	1	1	137
2025-05-21	www.virtualflybrain.org	/docs/getting-started/sliceviewer/	3	1	132
2025-05-21	www.virtualflybrain.org	/docs/getting-started/termcontext/	1	1	88
2025-05-21	www.virtualflybrain.org	/docs/getting-started/terminfo/	2	1	394
2025-05-21	www.virtualflybrain.org	/docs/getting-started/thumbnails/	2	1	109
2025-05-21	www.virtualflybrain.org	/search/	4	3	26
2025-05-21	www.virtualflybrain.org	/site/vfb_site/Dickson_VT.htm	1	1	4
2025-05-21	www.virtualflybrain.org	/site/vfb_site/home.htm	1	1	2
2025-05-21	www.virtualflybrain.org	/tags/iip3d/	1	1	1
2025-05-21	www.virtualflybrain.org	/tags/navis/	1	1	1
2025-05-21	www.virtualflybrain.org	/tags/neuroblast/	1	1	4
2025-05-21	www.virtualflybrain.org	/term/adult-fan-shaped-body-delta-neuron-fbbt_00003636/	1	1	7
2025-05-21	www.virtualflybrain.org	/term/apl-l1em3234817-vfb_00100193/	1	1	6
2025-05-21	www.virtualflybrain.org	/term/chromosomal-duplication-inheritance-geno_0000971/	1	1	8
2025-05-21	www.virtualflybrain.org	/term/embryonic-stage-17-fbdv_00005335/	1	1	19
2025-05-21	www.virtualflybrain.org	/term/jrc_r29h12-gal4-in-the-adult-brain-vfb_00023361/	2	1	0
2025-05-21	www.virtualflybrain.org	/term/obo-basic-subset-ontology-module-iao_8000018/	1	1	4
2025-05-21	www.virtualflybrain.org	/term/ocellar-ganglion-fbbt_00049817/	1	1	17
2025-05-21	www.virtualflybrain.org	/term/pgawbcv-cc5-fbti0129919/	1	1	19
2025-05-21	www.virtualflybrain.org	/term/pgmr29h12-gal4-fbtp0059116/	1	1	7
2025-05-21	www.virtualflybrain.org	/term/pgmr31c09-gal4-expression-pattern-vfbexp_fbtp0059239/	1	1	0
2025-05-21	www.virtualflybrain.org	/term/positive-regulation-of-cell-population-proliferation-go_0008284/	1	1	0
2025-05-21	www.virtualflybrain.org	/term/vglut-f-400061-vfb_00010824/	1	1	2
2025-05-22		/org.geppetto.frontend/geppetto	1455	38	967
2025-05-22	981gwa2l.virtualflybrain.org	/	0	1	2
2025-05-22	api.ids.virtualflybrain.org	/	0	1	2
2025-05-22	api.virtualflybrain.org	/	0	1	2
2025-05-22	backend.virtualflybrain.org	/	1	1	0
2025-05-22	blanik-jenkins.virtualflybrain.org	/	0	1	1
2025-05-22	bocian-jenkins.virtualflybrain.org	/	0	1	2
2025-05-22	build.virtualflybrain.org	/	0	1	3
2025-05-22	buttermilk.inf.ed.ac.uk	/	0	1	1
2025-05-22	debug.virtualflybrain.org	/	0	1	1
2025-05-22	dev.virtualflybrain.org	/	0	1	1
2025-05-22	geppetto-dev.virtualflybrain.org	/	0	1	3
2025-05-22	geppetto-dev1.virtualflybrain.org	/	0	1	2
2025-05-22	geppetto.virtualflybrain.org	/	0	1	9
2025-05-22	grafana.virtualflybrain.org	/	0	1	1
2025-05-22	herd.virtualflybrain.org	/	0	1	12
2025-05-22	ids.virtualflybrain.org	/	0	1	3
2025-05-22	jenkins.virtualflybrain.org	/	0	1	1
2025-05-22	jitsi.virtualflybrain.org	/	0	1	3
2025-05-22	jupyter.virtualflybrain.org	/	0	1	1
2025-05-22	karenin-jenkins.virtualflybrain.org	/	0	1	1
2025-05-22	kbw.virtualflybrain.org	/	0	1	2
2025-05-22	larval-app1.virtualflybrain.org	/	0	1	3
2025-05-22	larval.virtualflybrain.org	/	0	2	7
2025-05-22	meet.virtualflybrain.org	/	0	1	1
2025-05-22	monitor.virtualflybrain.org	/	0	1	1
2025-05-22	mysql.virtualflybrain.org	/	0	1	4
2025-05-22	natverse.virtualflybrain.org	/	0	1	3
2025-05-22	natverse1.virtualflybrain.org	/	0	1	3
2025-05-22	natverse2.virtualflybrain.org	/	0	1	3
2025-05-22	natverse3.virtualflybrain.org	/	0	1	1
2025-05-22	natverse4.virtualflybrain.org	/	0	1	2
2025-05-22	natverse5.virtualflybrain.org	/	0	1	1
2025-05-22	nblast.virtualflybrain.org	/	0	1	4
2025-05-22	owl.virtualflybrain.org	/	0	1	1
2025-05-22	p2.virtualflybrain.org	/	0	1	4
2025-05-22	pdb.p2.virtualflybrain.org	/	0	1	3
2025-05-22	pdb.u3.virtualflybrain.org	/	0	1	3
2025-05-22	pdl.virtualflybrain.org	/	0	1	4
2025-05-22	pypi.org	/project/vfb-connect/	1	1	6
2025-05-22	r.virtualflybrain.org	/	0	1	1
2025-05-22	raw.larval.flylight.virtualflybrain.org	/	3	1	13
2025-05-22	rstudio.virtualflybrain.org	/	0	1	6
2025-05-22	sb.virtualflybrain.org	/	0	1	4
2025-05-22	sb1.virtualflybrain.org	/	0	1	2
2025-05-22	sb2.virtualflybrain.org	/	0	1	5
2025-05-22	sb2.virtualflybrain.orgherd.virtualflybrain.org	/	0	1	3
2025-05-22	solr-alpha.virtualflybrain.org	/	0	1	1
2025-05-22	solr-dev.virtualflybrain.org	/	0	1	3
2025-05-22	solr.p2.virtualflybrain.org	/	0	1	8
2025-05-22	solr.virtualflybrain.org	/	0	1	3
2025-05-22	ubuntu.virtualflybrain.org	/	0	1	4
2025-05-22	v1-5.virtualflybrain.org	/	0	1	2
2025-05-22	v1.virtualflybrain.org	/	0	1	3
2025-05-22	v2-dev2.virtualflybrain.org	/	0	1	2
2025-05-22	v2-preview.virtualflybrain.org	/	0	1	2
2025-05-22	v2.virtualflybrain.org	/org.geppetto.frontend/geppetto	228	43	389999
2025-05-22	v2a.virtualflybrain.org	/org.geppetto.frontend/geppetto	2	1	0
2025-05-22	v2test1.virtualflybrain.org	/	0	1	4
2025-05-22	vfbblog.inf.ed.ac.uk	/	0	1	3
2025-05-22	virtualflybrain.org	/	4	3	8
2025-05-22	virtualflybrain.org	/about/hosted/	1	10	29
2025-05-22	webtop.virtualflybrain.org	/	0	1	2
2025-05-22	www.virtualflybrain.org	/	17	16	76
2025-05-22	www.virtualflybrain.org	/about/citeus/	1	1	30
2025-05-22	www.virtualflybrain.org	/about/hosted/	10	3	8
2025-05-22	www.virtualflybrain.org	/about/hosted/flybrainndb/	1	1	12
2025-05-22	www.virtualflybrain.org	/about/hosted/l1em-catmaid/	3	3	4
2025-05-22	www.virtualflybrain.org	/blog/2022/01/01/palmitoyl-coa--serine-3-ketosphinganine--coash--co2-go_0004758/	1	1	35
2025-05-22	www.virtualflybrain.org	/blog/2024/07/29/predicted-neurotransmitters-for-em-data-now-available-on-vfb/	1	1	0
2025-05-22	www.virtualflybrain.org	/blog/news/	2	1	292
2025-05-22	www.virtualflybrain.org	/blog/releases/catmaid/	1	1	10
2025-05-22	www.virtualflybrain.org	/blog/releases/catmaid/l1em/	4	3	115
2025-05-22	www.virtualflybrain.org	/docs/	3	3	9
2025-05-22	www.virtualflybrain.org	/docs/concepts/bridging/	1	1	60
2025-05-22	www.virtualflybrain.org	/docs/concepts/cell_types/	1	1	428
2025-05-22	www.virtualflybrain.org	/docs/concepts/confidence-value/	1	1	300
2025-05-22	www.virtualflybrain.org	/docs/concepts/flylight_tiles/	1	1	331
2025-05-22	www.virtualflybrain.org	/docs/concepts/splits/	1	1	545
2025-05-22	www.virtualflybrain.org	/docs/concepts/templates/	4	2	244
2025-05-22	www.virtualflybrain.org	/docs/concepts/transgene/	1	1	0
2025-05-22	www.virtualflybrain.org	/docs/examples/circuit-diagram-of-the-mushroom-body/	2	1	87
2025-05-22	www.virtualflybrain.org	/docs/getting-started/bulkdownloads/	3	2	46
2025-05-22	www.virtualflybrain.org	/docs/getting-started/overview/	0	1	0
2025-05-22	www.virtualflybrain.org	/docs/overview/	1	1	2
2025-05-22	www.virtualflybrain.org	/docs/tutorials/	1	1	10
2025-05-22	www.virtualflybrain.org	/docs/tutorials/apis/	3	1	41
2025-05-22	www.virtualflybrain.org	/docs/tutorials/apis/connectome/	2	1	52
2025-05-22	www.virtualflybrain.org	/docs/tutorials/apis/connectome/1_discovery/	3	1	683
2025-05-22	www.virtualflybrain.org	/docs/tutorials/apis/connectome/2_mapping/	1	1	76
2025-05-22	www.virtualflybrain.org	/docs/tutorials/apis/connectome/introvideo/	2	1	16
2025-05-22	www.virtualflybrain.org	/docs/tutorials/apis/connectome/tools/	3	1	299
2025-05-22	www.virtualflybrain.org	/docs/tutorials/apis/vfbconnect_neuron_display/	5	1	3302
2025-05-22	www.virtualflybrain.org	/search/	2	2	12
2025-05-22	www.virtualflybrain.org	/term/adult-lateral-horn-centrifugal-neuron-3-fbbt_00049796/	1	1	48
2025-05-22	www.virtualflybrain.org	/term/integral-component-of-plasma-membrane-go_0005887/	1	1	19
2025-05-22	zip.virtualflybrain.org	/	0	1	3
2025-05-22	zip.virtualflybrain.org	/blog/2022/01/01/obsolete-sequence-feature-collection-geno_0000870/	1	1	0
2025-05-23		/org.geppetto.frontend/geppetto	335	22	232
2025-05-23	129.215.197.110	/	1	1	0
2025-05-23	981gwa2l.virtualflybrain.org	/	2	2	0
2025-05-23	backend.virtualflybrain.org	/	1	1	0
2025-05-23	blanik-jenkins.virtualflybrain.org	/	1	1	0
2025-05-23	bocian-jenkins.virtualflybrain.org	/	2	2	0
2025-05-23	dev.virtualflybrain.org	/	2	2	0
2025-05-23	jenkins.virtualflybrain.org	/	10	3	53
2025-05-23	jupyter.virtualflybrain.org	/	2	2	0
2025-05-23	jupyterhub.virtualflybrain.org	/	1	1	0
2025-05-23	l1em.catmaid.virtualflybrain.org	/	1	1	21
2025-05-23	larval.virtualflybrain.org	/	3	3	0
2025-05-23	meet.virtualflybrain.org	/	2	2	0
2025-05-23	natverse1.virtualflybrain.org	/	2	2	0
2025-05-23	natverse4.virtualflybrain.org	/	2	2	0
2025-05-23	owl.virtualflybrain.org	/	2	2	0
2025-05-23	owl.virtualflybrain.org	/blog/2022/01/01/mosaic-geno_0000964/	1	1	0
2025-05-23	pdb-alpha.virtualflybrain.org	/	3	3	0
2025-05-23	pdb-dev.virtualflybrain.org	/	1	1	2
2025-05-23	pdb.p2.virtualflybrain.org	/	1	1	0
2025-05-23	pdb.u3.virtualflybrain.org	/	2	2	0
2025-05-23	rancher.virtualflybrain.org	/	2	2	0
2025-05-23	ubuntu.virtualflybrain.org	/	1	1	0
2025-05-23	v2-debug.virtualflybrain.org	/	1	1	0
2025-05-23	v2-dev2.virtualflybrain.org	/	2	2	0
2025-05-23	v2.virtualflybrain.org	/org.geppetto.frontend/geppetto	67	27	2794
2025-05-23	v2a.virtualflybrain.org	/org.geppetto.frontend/geppetto	8	3	76
2025-05-23	v3.virtualflybrain.org	/	2	2	0
2025-05-23	virtualflybrain.org	/	5	2	52
2025-05-23	virtualflybrain.org	/about/hosted/	11	9	41
2025-05-23	virtualflybrain.org	/about/hosted/fafb-catmaid/	2	1	13
2025-05-23	virtualflybrain.org	/about/hosted/l1em-catmaid/	1	1	0
2025-05-23	www.virtualflybrain.org	/	26	19	220
2025-05-23	www.virtualflybrain.org	/about/	2	1	38
2025-05-23	www.virtualflybrain.org	/about/hosted/	8	2	5
2025-05-23	www.virtualflybrain.org	/about/hosted/flybrainndb/	2	1	38
2025-05-23	www.virtualflybrain.org	/about/members/	1	1	0
2025-05-23	www.virtualflybrain.org	/blog/	2	2	24
2025-05-23	www.virtualflybrain.org	/blog/2022/01/01/giant-sensillum-of-the-dorsal-radius-fbbt_00004083/	1	1	5
2025-05-23	www.virtualflybrain.org	/blog/2022/01/01/prothoracic-leg-tarsal-taste-bristle-fbbt_00111617/	1	1	0
2025-05-23	www.virtualflybrain.org	/blog/news/	1	1	6
2025-05-23	www.virtualflybrain.org	/blog/releases/ontologies/uberon/	1	1	0
2025-05-23	www.virtualflybrain.org	/docs/	1	1	8
2025-05-23	www.virtualflybrain.org	/docs/getting-started/bulkdownloads/	1	1	8
2025-05-23	www.virtualflybrain.org	/docs/tutorials/apis/apiimagedownload/	2	1	120
2025-05-23	www.virtualflybrain.org	/docs/tutorials/apis/connectome/1_discovery/	4	1	624
2025-05-23	www.virtualflybrain.org	/docs/tutorials/apis/connectome/2_mapping/	2	1	1383
2025-05-23	www.virtualflybrain.org	/docs/tutorials/apis/connectome/3_visualisation/	1	1	0
2025-05-23	www.virtualflybrain.org	/docs/tutorials/apis/connectome/4_connectomics/	1	1	904
2025-05-23	www.virtualflybrain.org	/docs/tutorials/apis/connectome/5_nblast/	2	1	681
2025-05-23	www.virtualflybrain.org	/docs/tutorials/apis/vfbconnect_neuron_display/	3	1	11
2025-05-23	www.virtualflybrain.org	/search/	1	1	13
2025-05-23	www.virtualflybrain.org	/term/aotu046_r-flyem-hb978336888-vfb_jrchjrfz/	1	1	0
2025-05-23	www.virtualflybrain.org	/term/octopaminergic-al2b1-neuron-fbbt_00110146/	1	1	24
2025-05-23	www.virtualflybrain.org	/term/parietal-peritoneum-uberon_0001366/	1	1	2
2025-05-23	www.virtualflybrain.org	/term/pr84c10-gal4.dbd-pvt043400-p65.ad-expression-pattern-vfbexp_fbtp0122385fbtp0120560/	1	1	0
2025-05-23	www.virtualflybrain.org	/term/protein_coding_gene-so_0001217/	1	1	0
2025-05-24		/org.geppetto.frontend/geppetto	602	15	858
2025-05-24	129.215.197.147	/	0	1	6
2025-05-24	981gwa2l.virtualflybrain.org	/	0	1	3
2025-05-24	catmaid-fafb.virtualflybrain.org	/blog/2022/01/01/avicbsolgfprh7-mi07471-fbal0338113/	1	1	0
2025-05-24	catmaid-fafb.virtualflybrain.org	/blog/2022/01/01/bidirectional_promoter-so_0000568/	1	1	0
2025-05-24	dill.inf.ed.ac.uk	/blog/2022/01/01/citrate-synthase-activity-go_0036440/	1	1	2
2025-05-24	flybrain.inf.ed.ac.uk	/blog/2022/01/01/female-sex-differentiation-go_0046660/	1	1	0
2025-05-24	nblast.virtualflybrain.org	/blog/2022/01/01/abdominal-1-lateral-dorsal-longitudinal-muscle-99-fbbt_00003451/	1	1	0
2025-05-24	nblast.virtualflybrain.org	/blog/2022/01/01/day-52-of-adulthood-fbdv_00007127/	1	1	0
2025-05-24	nblast.virtualflybrain.org	/blog/2022/01/01/multicellular-anatomical-structure-caro_0010000/	1	1	0
2025-05-24	nblast.virtualflybrain.org	/blog/2022/01/01/myeloid-cell-homeostasis-go_0002262/	1	1	0
2025-05-24	nblast.virtualflybrain.org	/blog/2022/01/01/polarization-microscopy-fbbi_00000248/	1	1	0
2025-05-24	owl.virtualflybrain.org	/blog/2022/01/01/atrophy-fbcv_0000719/	1	1	0
2025-05-24	owl.virtualflybrain.org	/blog/2022/01/01/lead-salt-fbbi_00000570/	1	1	0
2025-05-24	owl.virtualflybrain.org	/blog/2022/01/01/morphogenesis-of-embryonic-epithelium-go_0016331/	1	1	0
2025-05-24	owl.virtualflybrain.org	/blog/2022/01/01/mosaic-geno_0000964/	1	1	0
2025-05-24	owl.virtualflybrain.org	/blog/2022/01/01/wtkiikgr-fbbi_00000555/	1	1	0
2025-05-24	raw.larval.flylight.virtualflybrain.org	/	1	1	0
2025-05-24	v1.virtualflybrain.org	/	1	1	12
2025-05-24	v2.virtualflybrain.org	/org.geppetto.frontend/geppetto	31	18	1008
2025-05-24	virtualflybrain.org	/	10	4	31
2025-05-24	virtualflybrain.org	/about/hosted/	2	2	31
2025-05-24	virtualflybrain.org	/about/hosted/braintrap/	1	1	4
2025-05-24	virtualflybrain.org	/about/hosted/l1em-catmaid/	1	1	25
2025-05-24	virtualflybrain.org	/blog/	2	1	200
2025-05-24	virtualflybrain.org	/blog/news/	2	1	0
2025-05-24	virtualflybrain.org	/org.geppetto.frontend/geppetto	1	1	1
2025-05-24	www.virtualflybrain.org	/	20	17	132
2025-05-24	www.virtualflybrain.org	/about/hosted/	6	3	17
2025-05-24	www.virtualflybrain.org	/about/hosted/braintrap/	1	1	4
2025-05-24	www.virtualflybrain.org	/about/hosted/fanc-catmaid/	2	1	21
2025-05-24	www.virtualflybrain.org	/blog/2022/01/01/ecolbsollaczpb.2.1a-fbal0044089/	1	1	0
2025-05-24	www.virtualflybrain.org	/blog/2022/01/01/frontal-connective-fbbt_00007379/	1	1	5
2025-05-24	www.virtualflybrain.org	/blog/2022/01/01/regulation-of-kinase-activity-go_0043549/	1	1	0
2025-05-24	www.virtualflybrain.org	/blog/2022/01/01/regulation-of-localization-go_0032879/	1	1	0
2025-05-24	www.virtualflybrain.org	/blog/2022/01/01/response-to-gravity-go_0009629/	1	1	0
2025-05-24	www.virtualflybrain.org	/blog/releases/catmaid/	1	1	18
2025-05-24	www.virtualflybrain.org	/blog/releases/catmaid/l1em/	2	2	49
2025-05-24	www.virtualflybrain.org	/blog/releases/ontologies/ioa/	1	1	1
2025-05-24	www.virtualflybrain.org	/docs/	2	2	9
2025-05-24	www.virtualflybrain.org	/docs/getting-started/	1	1	1
2025-05-24	www.virtualflybrain.org	/docs/getting-started/overview/	1	1	16
2025-05-24	www.virtualflybrain.org	/search/	1	1	6
2025-05-24	www.virtualflybrain.org	/site/stacks/index.htm	1	1	16
2025-05-24	www.virtualflybrain.org	/term/cha-f-500194-vfb_00003862/	1	1	4
2025-05-24	www.virtualflybrain.org	/term/em-fafb-wang-et-al-2020c-wang2020c/	1	1	3
2025-05-24	www.virtualflybrain.org	/term/integral-component-of-plasma-membrane-go_0005887/	1	1	18
2025-05-24	www.virtualflybrain.org	/term/introgressed_chromosome_region-so_0000664/	1	1	0
2025-05-24	www.virtualflybrain.org	/term/jrc_mb005b-split-gal4-in-the-adult-vns-vfb_00068905/	2	1	29
2025-05-24	www.virtualflybrain.org	/term/jrc_ss02710_brain_2017_20141222_81_c2_20x-vfb_001012kp/	1	1	1
2025-05-24	www.virtualflybrain.org	/term/negative-regulation-of-lipid-binding-go_1900131/	1	1	0
2025-05-24	www.virtualflybrain.org	/term/scerbsolgal4dbd.r72e01-fbal0326456/	1	1	2
2025-05-24	zip.virtualflybrain.org	/	1	1	0
2025-05-24	zip.virtualflybrain.org	/blog/2022/01/01/axon-go_0030424/	1	1	0
2025-05-24	zip.virtualflybrain.org	/blog/2022/01/01/edited_by_a_to_i_substitution-so_0000600/	1	1	0
2025-05-24	zip.virtualflybrain.org	/blog/2022/01/01/gpos-geno_0000619/	1	1	0
2025-05-24	zip.virtualflybrain.org	/blog/2022/01/01/gpos33-geno_0000633/	1	1	0
2025-05-24	zip.virtualflybrain.org	/blog/2022/01/01/root-ncbitaxon_1/	1	1	0
2025-05-25		/org.geppetto.frontend/geppetto	508	21	306
2025-05-25	129.215.197.110	/	1	2	4
2025-05-25	backend.virtualflybrain.org	/	1	1	0
2025-05-25	blanik-jenkins.virtualflybrain.org	/	2	2	0
2025-05-25	catmaid-fafb.virtualflybrain.org	/blog/2022/01/01/6-4ii-fbbt_00001519/	1	1	0
2025-05-25	catmaid-fafb.virtualflybrain.org	/blog/2022/01/01/avicbsolgfprh7-mi07471-fbal0338113/	1	1	0
2025-05-25	catmaid-fafb.virtualflybrain.org	/blog/2022/01/01/bidirectional_promoter-so_0000568/	1	1	0
2025-05-25	geppetto-dev.virtualflybrain.org	/	3	3	0
2025-05-25	mayo.inf.ed.ac.uk	/blog/2022/01/01/abdominal-2-lateral-transverse-muscle-fbbt_00000720/	1	1	0
2025-05-25	natverse1.virtualflybrain.org	/	1	1	0
2025-05-25	nblast.virtualflybrain.org	/blog/2022/01/01/abdominal-1-lateral-dorsal-longitudinal-muscle-99-fbbt_00003451/	1	1	0
2025-05-25	nblast.virtualflybrain.org	/blog/2022/01/01/acrylic-painted-graphic-fbbi_00000236/	1	1	0
2025-05-25	nblast.virtualflybrain.org	/blog/2022/01/01/avicbsolgfptutp-fbal0302049/	1	1	0
2025-05-25	nblast.virtualflybrain.org	/blog/2022/01/01/day-52-of-adulthood-fbdv_00007127/	1	1	0
2025-05-25	nblast.virtualflybrain.org	/blog/2022/01/01/ecolbsollacz08685-fbal0085401/	1	1	0
2025-05-25	nblast.virtualflybrain.org	/blog/2022/01/01/multicellular-anatomical-structure-caro_0010000/	1	1	0
2025-05-25	nblast.virtualflybrain.org	/blog/2022/01/01/polarization-microscopy-fbbi_00000248/	1	1	0
2025-05-25	owl.virtualflybrain.org	/blog/2022/01/01/cavity-of-left-atrium-uberon_0016513/	1	1	0
2025-05-25	owl.virtualflybrain.org	/blog/2022/01/01/tetrapoda-ncbitaxon_32523/	1	1	0
2025-05-25	r.virtualflybrain.org	/	2	2	0
2025-05-25	raw.larval.flylight.virtualflybrain.org	/	1	1	0
2025-05-25	v2-dev.virtualflybrain.org	/org.geppetto.frontend/geppetto	7	1	120
2025-05-25	v2.virtualflybrain.org	/org.geppetto.frontend/geppetto	65	23	4180
2025-05-25	v2.virtualflybrain.org	/org.geppetto.frontend/org.geppetto.frontend	2	1	0
2025-05-25	virtualflybrain.org	/	5	4	14
2025-05-25	virtualflybrain.org	/about/hosted/	6	6	33
2025-05-25	virtualflybrain.org	/about/hosted/braintrap/	1	1	11
2025-05-25	virtualflybrain.org	/about/hosted/fanc-catmaid/	1	1	9
2025-05-25	virtualflybrain.org	/blog/news/	0	1	0
2025-05-25	virtualflybrain.org	/docs/	1	1	2
2025-05-25	webtop.virtualflybrain.org	/	2	2	0
2025-05-25	www.virtualflybrain.org	/	20	16	89
2025-05-25	www.virtualflybrain.org	/about/hosted/	1	0	0
2025-05-25	www.virtualflybrain.org	/about/hosted/fanc-catmaid/	1	1	15
2025-05-25	www.virtualflybrain.org	/blog/2022/01/01/cellular-response-to-growth-factor-stimulus-go_0071363/	1	1	0
2025-05-25	www.virtualflybrain.org	/blog/2022/01/01/ecolbsollaczf12-fbal0091328/	2	2	0
2025-05-25	www.virtualflybrain.org	/blog/2022/01/01/ecolbsollaczpb.2.1a-fbal0044089/	1	1	0
2025-05-25	www.virtualflybrain.org	/blog/2022/01/01/gene_fusion-so_0001565/	1	1	0
2025-05-25	www.virtualflybrain.org	/blog/2022/01/01/regulation-of-kinase-activity-go_0043549/	1	1	0
2025-05-25	www.virtualflybrain.org	/blog/2022/01/01/regulation-of-localization-go_0032879/	1	1	0
2025-05-25	www.virtualflybrain.org	/blog/2022/01/01/response-to-gravity-go_0009629/	1	1	0
2025-05-25	www.virtualflybrain.org	/blog/releases/catmaid/fanc/	1	1	6
2025-05-25	www.virtualflybrain.org	/docs/	3	3	34
2025-05-25	www.virtualflybrain.org	/docs/concepts/	1	1	15
2025-05-25	www.virtualflybrain.org	/docs/tutorials/apis/connectome/5_nblast/	1	1	22
2025-05-25	www.virtualflybrain.org	/term/adult-bolt-protocerebral-neuron-fbbt_00051479/	1	1	31
2025-05-25	www.virtualflybrain.org	/term/chromosomal_variation_attribute-so_0001509/	2	2	0
2025-05-25	www.virtualflybrain.org	/term/introgressed_chromosome_region-so_0000664/	1	1	0
2025-05-25	www.virtualflybrain.org	/term/minus_35_signal-so_0000176/	1	1	0
2025-05-25	www.virtualflybrain.org	/term/negative-regulation-of-lipid-binding-go_1900131/	1	1	0
2025-05-25	www.virtualflybrain.org	/term/trunk-ganglion-uberon_0007134/	1	1	0
2025-05-25	zip.virtualflybrain.org	/	1	1	0
2025-05-25	zip.virtualflybrain.org	/blog/2022/01/01/adenylosuccinate-synthase-activity-go_0004019/	1	1	0
2025-05-25	zip.virtualflybrain.org	/blog/2022/01/01/gpos-geno_0000619/	1	1	0
2025-05-25	zip.virtualflybrain.org	/blog/2022/01/01/gpos33-geno_0000633/	1	1	0
2025-05-25	zip.virtualflybrain.org	/blog/2022/01/01/root-ncbitaxon_1/	1	1	0
2025-05-26		/org.geppetto.frontend/geppetto	1486	36	1712
2025-05-26	backend.virtualflybrain.org	/	1	1	0
2025-05-26	catmaid-fafb.virtualflybrain.org	/blog/2022/01/01/capped_mrna-so_0000862/	1	1	0
2025-05-26	catmaid-fafb.virtualflybrain.org	/blog/2022/01/01/cyanelle_chromosome-so_0000822/	1	1	0
2025-05-26	catmaid-fafb.virtualflybrain.org	/blog/2022/01/01/functional_candidate_gene-so_0001869/	1	1	0
2025-05-26	catmaid-fafb.virtualflybrain.org	/blog/2022/01/01/mir_encoding_vaultrna_primary_transcript-so_0002041/	1	1	0
2025-05-26	catmaid-fafb.virtualflybrain.org	/blog/2022/01/01/texture-pato_0000150/	1	1	0
2025-05-26	flybrain.inf.ed.ac.uk	/about/hosted/	1	1	0
2025-05-26	flybrain.inf.ed.ac.uk	/about/hosted/l1em-catmaid/	1	1	5
2025-05-26	flybrain.inf.ed.ac.uk	/blog/2022/01/01/em-l1-imambocus-et-al.-2022-imambocus2022/	1	1	0
2025-05-26	meet.virtualflybrain.org	/	1	1	0
2025-05-26	nblast.virtualflybrain.org	/blog/2022/01/01/fiber-shaped-pato_0002309/	1	1	0
2025-05-26	owl.virtualflybrain.org	/blog/2022/01/01/mesentery-of-hindgut-uberon_0003394/	1	1	0
2025-05-26	owl.virtualflybrain.org	/blog/2022/01/01/scanning-transmission-electron-microscopy-fbbi_00000380/	1	1	0
2025-05-26	raw.larval.flylight.virtualflybrain.org	/	1	1	0
2025-05-26	sb2.virtualflybrain.org	/about/hosted/l1em-catmaid/	2	1	20
2025-05-26	v2-dev.virtualflybrain.org	/org.geppetto.frontend/geppetto	4	1	44
2025-05-26	v2.virtualflybrain.org	/org.geppetto.frontend/geppetto	96	37	8293
2025-05-26	v2.virtualflybrain.org	/org.geppetto.frontend/geppetto/VFB_00038034	2	1	6
2025-05-26	v2.virtualflybrain.org	/org.geppetto.frontend/geppetto/VFB_fw036611	1	1	3
2025-05-26	v2.virtualflybrain.org	/org.geppetto.frontend/geppetto/geppetto/build/static/geppetto/build/static/geppetto/build/static/geppetto/build/static/geppetto/build/static/geppetto/build/static/geppetto/build/static/geppetto/build/static/geppetto/build/static/geppetto/build/static/geppetto/build/static/geppetto/build/static/geppetto/build/static/geppetto/build/static/geppetto/build/static/geppetto/build/static/geppetto/build/static/geppetto/build/static/geppetto/build/static/geppetto/build/static/geppetto/build/static/geppetto/build/static/geppetto/build/static/geppetto/build/static/geppetto/build/static/geppetto/build/static/geppetto/build/static/geppetto/build/static/geppetto/build/static/geppetto/build/static/geppetto/build/static/geppetto/build/static/geppetto/build/static/geppetto/build/static/geppetto/build/static/geppetto/build/static/geppetto/build/static/geppetto/build/static/geppetto/build/static/geppetto/build/static/geppetto/build/static/geppetto/build/static/geppetto/build	92	1	0
2025-05-26	v2.virtualflybrain.org	/org.geppetto.frontend/geppetto/geppetto/build/static/geppetto/build/static/geppetto/build/static/geppetto/build/static/geppetto/build/static/geppetto/build/static/geppetto/build/static/geppetto/build/static/geppetto/build/static/geppetto/build/static/geppetto/build/static/geppetto/build/static/geppetto/build/static/geppetto/build/static/geppetto/build/static/geppetto/build/static/geppetto/build/static/geppetto/build/static/geppetto/build/static/geppetto/build/static/geppetto/build/static/geppetto/build/static/geppetto/build/static/geppetto/build/static/geppetto/build/static/geppetto/build/static/geppetto/build/static/geppetto/build/static/geppetto/build/static/geppetto/build/static/geppetto/build/static/geppetto/build/static/geppetto/build/static/geppetto/build/static/geppetto/build/static/geppetto/build/static/geppetto/build/static/geppetto/build/static/geppetto/build/static/geppetto/build/static/geppetto/build/static/geppetto/build/static/splash.gif	1	1	0
2025-05-26	v2.virtualflybrain.org	/org.geppetto.frontend/geppetto/geppetto/build/static/geppetto/build/static/geppetto/build/static/geppetto/build/static/geppetto/build/static/geppetto/build/static/geppetto/build/static/geppetto/build/static/geppetto/build/static/geppetto/build/static/geppetto/build/static/geppetto/build/static/geppetto/build/static/geppetto/build/static/geppetto/build/static/geppetto/build/static/geppetto/build/static/geppetto/build/static/geppetto/build/static/geppetto/build/static/geppetto/build/static/geppetto/build/static/geppetto/build/static/geppetto/build/static/geppetto/build/static/geppetto/build/static/geppetto/build/static/geppetto/build/static/geppetto/build/static/geppetto/build/static/geppetto/build/static/geppetto/build/static/geppetto/build/static/geppetto/build/static/geppetto/build/static/geppetto/build/static/geppetto/build/static/geppetto/build/static/geppetto/build/static/geppetto/build/static/geppetto/build/static/splash.gif	2	1	0
2025-05-26	v2.virtualflybrain.org	/org.geppetto.frontend/geppetto/geppetto/build/static/geppetto/build/static/geppetto/build/static/geppetto/build/static/geppetto/build/static/geppetto/build/static/geppetto/build/static/geppetto/build/static/geppetto/build/static/geppetto/build/static/geppetto/build/static/geppetto/build/static/geppetto/build/static/geppetto/build/static/geppetto/build/static/geppetto/build/static/geppetto/build/static/geppetto/build/static/geppetto/build/static/geppetto/build/static/geppetto/build/static/geppetto/build/static/geppetto/build/static/geppetto/build/static/geppetto/build/static/geppetto/build/static/geppetto/build/static/geppetto/build/static/geppetto/build/static/geppetto/build/static/geppetto/build/static/geppetto/build/static/geppetto/build/static/geppetto/build/static/geppetto/build/static/geppetto/build/static/geppetto/build/static/geppetto/build/static/geppetto/build/static/geppetto/build/static/splash.gif	2	1	0
2025-05-26	v2.virtualflybrain.org	/org.geppetto.frontend/geppetto/geppetto/build/static/geppetto/build/static/geppetto/build/static/geppetto/build/static/geppetto/build/static/geppetto/build/static/geppetto/build/static/geppetto/build/static/geppetto/build/static/geppetto/build/static/geppetto/build/static/geppetto/build/static/geppetto/build/static/geppetto/build/static/geppetto/build/static/geppetto/build/static/geppetto/build/static/geppetto/build/static/geppetto/build/static/geppetto/build/static/geppetto/build/static/geppetto/build/static/geppetto/build/static/geppetto/build/static/geppetto/build/static/geppetto/build/static/geppetto/build/static/geppetto/build/static/geppetto/build/static/geppetto/build/static/geppetto/build/static/geppetto/build/static/geppetto/build/static/geppetto/build/static/geppetto/build/static/geppetto/build/static/geppetto/build/static/geppetto/build/static/geppetto/build/static/splash.gif	2	1	0
2025-05-26	v2.virtualflybrain.org	/org.geppetto.frontend/geppetto/geppetto/build/static/geppetto/build/static/geppetto/build/static/geppetto/build/static/geppetto/build/static/geppetto/build/static/geppetto/build/static/geppetto/build/static/geppetto/build/static/geppetto/build/static/geppetto/build/static/geppetto/build/static/geppetto/build/static/geppetto/build/static/geppetto/build/static/geppetto/build/static/geppetto/build/static/geppetto/build/static/geppetto/build/static/geppetto/build/static/geppetto/build/static/geppetto/build/static/geppetto/build/static/geppetto/build/static/geppetto/build/static/geppetto/build/static/geppetto/build/static/geppetto/build/static/geppetto/build/static/geppetto/build/static/geppetto/build/static/geppetto/build/static/geppetto/build/static/geppetto/build/static/geppetto/build/static/geppetto/build/static/geppetto/build/static/geppetto/build/static/splash.gif	2	1	0
2025-05-26	v2.virtualflybrain.org	/org.geppetto.frontend/geppetto/geppetto/build/static/geppetto/build/static/geppetto/build/static/geppetto/build/static/geppetto/build/static/geppetto/build/static/geppetto/build/static/geppetto/build/static/geppetto/build/static/geppetto/build/static/geppetto/build/static/geppetto/build/static/geppetto/build/static/geppetto/build/static/geppetto/build/static/geppetto/build/static/geppetto/build/static/geppetto/build/static/geppetto/build/static/geppetto/build/static/geppetto/build/static/geppetto/build/static/geppetto/build/static/geppetto/build/static/geppetto/build/static/geppetto/build/static/geppetto/build/static/geppetto/build/static/geppetto/build/static/geppetto/build/static/geppetto/build/static/geppetto/build/static/geppetto/build/static/geppetto/build/static/geppetto/build/static/geppetto/build/static/geppetto/build/static/splash.gif	2	1	0
2025-05-26	v2.virtualflybrain.org	/org.geppetto.frontend/geppetto/geppetto/build/static/geppetto/build/static/geppetto/build/static/geppetto/build/static/geppetto/build/static/geppetto/build/static/geppetto/build/static/geppetto/build/static/geppetto/build/static/geppetto/build/static/geppetto/build/static/geppetto/build/static/geppetto/build/static/geppetto/build/static/geppetto/build/static/geppetto/build/static/geppetto/build/static/geppetto/build/static/geppetto/build/static/geppetto/build/static/geppetto/build/static/geppetto/build/static/geppetto/build/static/geppetto/build/static/geppetto/build/static/geppetto/build/static/geppetto/build/static/geppetto/build/static/geppetto/build/static/geppetto/build/static/geppetto/build/static/geppetto/build/static/geppetto/build/static/geppetto/build/static/geppetto/build/static/geppetto/build/static/splash.gif	2	1	0
2025-05-26	v2.virtualflybrain.org	/org.geppetto.frontend/geppetto/geppetto/build/static/geppetto/build/static/geppetto/build/static/geppetto/build/static/geppetto/build/static/geppetto/build/static/geppetto/build/static/geppetto/build/static/geppetto/build/static/geppetto/build/static/geppetto/build/static/geppetto/build/static/geppetto/build/static/geppetto/build/static/geppetto/build/static/geppetto/build/static/geppetto/build/static/geppetto/build/static/geppetto/build/static/geppetto/build/static/geppetto/build/static/geppetto/build/static/geppetto/build/static/geppetto/build/static/geppetto/build/static/geppetto/build/static/geppetto/build/static/geppetto/build/static/geppetto/build/static/geppetto/build/static/geppetto/build/static/geppetto/build/static/geppetto/build/static/geppetto/build/static/geppetto/build/static/splash.gif	2	1	0
2025-05-26	v2.virtualflybrain.org	/org.geppetto.frontend/geppetto/geppetto/build/static/geppetto/build/static/geppetto/build/static/geppetto/build/static/geppetto/build/static/geppetto/build/static/geppetto/build/static/geppetto/build/static/geppetto/build/static/geppetto/build/static/geppetto/build/static/geppetto/build/static/geppetto/build/static/geppetto/build/static/geppetto/build/static/geppetto/build/static/geppetto/build/static/geppetto/build/static/geppetto/build/static/geppetto/build/static/geppetto/build/static/geppetto/build/static/geppetto/build/static/geppetto/build/static/geppetto/build/static/geppetto/build/static/geppetto/build/static/geppetto/build/static/geppetto/build/static/geppetto/build/static/geppetto/build/static/geppetto/build/static/geppetto/build/static/geppetto/build/static/splash.gif	2	1	0
2025-05-26	v2.virtualflybrain.org	/org.geppetto.frontend/geppetto/geppetto/build/static/geppetto/build/static/geppetto/build/static/geppetto/build/static/geppetto/build/static/geppetto/build/static/geppetto/build/static/geppetto/build/static/geppetto/build/static/geppetto/build/static/geppetto/build/static/geppetto/build/static/geppetto/build/static/geppetto/build/static/geppetto/build/static/geppetto/build/static/geppetto/build/static/geppetto/build/static/geppetto/build/static/geppetto/build/static/geppetto/build/static/geppetto/build/static/geppetto/build/static/geppetto/build/static/geppetto/build/static/geppetto/build/static/geppetto/build/static/geppetto/build/static/geppetto/build/static/geppetto/build/static/geppetto/build/static/geppetto/build/static/geppetto/build/static/splash.gif	2	1	0
2025-05-26	v2.virtualflybrain.org	/org.geppetto.frontend/geppetto/geppetto/build/static/geppetto/build/static/geppetto/build/static/geppetto/build/static/geppetto/build/static/geppetto/build/static/geppetto/build/static/geppetto/build/static/geppetto/build/static/geppetto/build/static/geppetto/build/static/geppetto/build/static/geppetto/build/static/geppetto/build/static/geppetto/build/static/geppetto/build/static/geppetto/build/static/geppetto/build/static/geppetto/build/static/geppetto/build/static/geppetto/build/static/geppetto/build/static/geppetto/build/static/geppetto/build/static/geppetto/build/static/geppetto/build/static/geppetto/build/static/geppetto/build/static/geppetto/build/static/geppetto/build/static/geppetto/build/static/geppetto/build/static/splash.gif	2	1	0
2025-05-26	v2.virtualflybrain.org	/org.geppetto.frontend/geppetto/geppetto/build/static/geppetto/build/static/geppetto/build/static/geppetto/build/static/geppetto/build/static/geppetto/build/static/geppetto/build/static/geppetto/build/static/geppetto/build/static/geppetto/build/static/geppetto/build/static/geppetto/build/static/geppetto/build/static/geppetto/build/static/geppetto/build/static/geppetto/build/static/geppetto/build/static/geppetto/build/static/geppetto/build/static/geppetto/build/static/geppetto/build/static/geppetto/build/static/geppetto/build/static/geppetto/build/static/geppetto/build/static/geppetto/build/static/geppetto/build/static/geppetto/build/static/geppetto/build/static/geppetto/build/static/geppetto/build/static/splash.gif	2	1	0
2025-05-26	v2.virtualflybrain.org	/org.geppetto.frontend/geppetto/geppetto/build/static/geppetto/build/static/geppetto/build/static/geppetto/build/static/geppetto/build/static/geppetto/build/static/geppetto/build/static/geppetto/build/static/geppetto/build/static/geppetto/build/static/geppetto/build/static/geppetto/build/static/geppetto/build/static/geppetto/build/static/geppetto/build/static/geppetto/build/static/geppetto/build/static/geppetto/build/static/geppetto/build/static/geppetto/build/static/geppetto/build/static/geppetto/build/static/geppetto/build/static/geppetto/build/static/geppetto/build/static/geppetto/build/static/geppetto/build/static/geppetto/build/static/geppetto/build/static/geppetto/build/static/splash.gif	2	1	0
2025-05-26	v2.virtualflybrain.org	/org.geppetto.frontend/geppetto/geppetto/build/static/geppetto/build/static/geppetto/build/static/geppetto/build/static/geppetto/build/static/geppetto/build/static/geppetto/build/static/geppetto/build/static/geppetto/build/static/geppetto/build/static/geppetto/build/static/geppetto/build/static/geppetto/build/static/geppetto/build/static/geppetto/build/static/geppetto/build/static/geppetto/build/static/geppetto/build/static/geppetto/build/static/geppetto/build/static/geppetto/build/static/geppetto/build/static/geppetto/build/static/geppetto/build/static/geppetto/build/static/geppetto/build/static/geppetto/build/static/geppetto/build/static/geppetto/build/static/splash.gif	2	1	0
2025-05-26	v2.virtualflybrain.org	/org.geppetto.frontend/geppetto/geppetto/build/static/geppetto/build/static/geppetto/build/static/geppetto/build/static/geppetto/build/static/geppetto/build/static/geppetto/build/static/geppetto/build/static/geppetto/build/static/geppetto/build/static/geppetto/build/static/geppetto/build/static/geppetto/build/static/geppetto/build/static/geppetto/build/static/geppetto/build/static/geppetto/build/static/geppetto/build/static/geppetto/build/static/geppetto/build/static/geppetto/build/static/geppetto/build/static/geppetto/build/static/geppetto/build/static/geppetto/build/static/geppetto/build/static/geppetto/build/static/geppetto/build/static/splash.gif	2	1	0
2025-05-26	v2.virtualflybrain.org	/org.geppetto.frontend/geppetto/geppetto/build/static/geppetto/build/static/geppetto/build/static/geppetto/build/static/geppetto/build/static/geppetto/build/static/geppetto/build/static/geppetto/build/static/geppetto/build/static/geppetto/build/static/geppetto/build/static/geppetto/build/static/geppetto/build/static/geppetto/build/static/geppetto/build/static/geppetto/build/static/geppetto/build/static/geppetto/build/static/geppetto/build/static/geppetto/build/static/geppetto/build/static/geppetto/build/static/geppetto/build/static/geppetto/build/static/geppetto/build/static/geppetto/build/static/geppetto/build/static/splash.gif	2	1	0
2025-05-26	v2.virtualflybrain.org	/org.geppetto.frontend/geppetto/geppetto/build/static/geppetto/build/static/geppetto/build/static/geppetto/build/static/geppetto/build/static/geppetto/build/static/geppetto/build/static/geppetto/build/static/geppetto/build/static/geppetto/build/static/geppetto/build/static/geppetto/build/static/geppetto/build/static/geppetto/build/static/geppetto/build/static/geppetto/build/static/geppetto/build/static/geppetto/build/static/geppetto/build/static/geppetto/build/static/geppetto/build/static/geppetto/build/static/geppetto/build/static/geppetto/build/static/geppetto/build/static/geppetto/build/static/splash.gif	2	1	0
2025-05-26	v2.virtualflybrain.org	/org.geppetto.frontend/geppetto/geppetto/build/static/geppetto/build/static/geppetto/build/static/geppetto/build/static/geppetto/build/static/geppetto/build/static/geppetto/build/static/geppetto/build/static/geppetto/build/static/geppetto/build/static/geppetto/build/static/geppetto/build/static/geppetto/build/static/geppetto/build/static/geppetto/build/static/geppetto/build/static/geppetto/build/static/geppetto/build/static/geppetto/build/static/geppetto/build/static/geppetto/build/static/geppetto/build/static/geppetto/build/static/geppetto/build/static/geppetto/build/static/splash.gif	2	1	0
2025-05-26	v2.virtualflybrain.org	/org.geppetto.frontend/geppetto/geppetto/build/static/geppetto/build/static/geppetto/build/static/geppetto/build/static/geppetto/build/static/geppetto/build/static/geppetto/build/static/geppetto/build/static/geppetto/build/static/geppetto/build/static/geppetto/build/static/geppetto/build/static/geppetto/build/static/geppetto/build/static/geppetto/build/static/geppetto/build/static/geppetto/build/static/geppetto/build/static/geppetto/build/static/geppetto/build/static/geppetto/build/static/geppetto/build/static/geppetto/build/static/geppetto/build/static/splash.gif	2	1	0
2025-05-26	v2.virtualflybrain.org	/org.geppetto.frontend/geppetto/geppetto/build/static/geppetto/build/static/geppetto/build/static/geppetto/build/static/geppetto/build/static/geppetto/build/static/geppetto/build/static/geppetto/build/static/geppetto/build/static/geppetto/build/static/geppetto/build/static/geppetto/build/static/geppetto/build/static/geppetto/build/static/geppetto/build/static/geppetto/build/static/geppetto/build/static/geppetto/build/static/geppetto/build/static/geppetto/build/static/geppetto/build/static/geppetto/build/static/geppetto/build/static/splash.gif	2	1	0
2025-05-26	v2.virtualflybrain.org	/org.geppetto.frontend/geppetto/geppetto/build/static/geppetto/build/static/geppetto/build/static/geppetto/build/static/geppetto/build/static/geppetto/build/static/geppetto/build/static/geppetto/build/static/geppetto/build/static/geppetto/build/static/geppetto/build/static/geppetto/build/static/geppetto/build/static/geppetto/build/static/geppetto/build/static/geppetto/build/static/geppetto/build/static/geppetto/build/static/geppetto/build/static/geppetto/build/static/geppetto/build/static/geppetto/build/static/splash.gif	2	1	0
2025-05-26	v2.virtualflybrain.org	/org.geppetto.frontend/geppetto/geppetto/build/static/geppetto/build/static/geppetto/build/static/geppetto/build/static/geppetto/build/static/geppetto/build/static/geppetto/build/static/geppetto/build/static/geppetto/build/static/geppetto/build/static/geppetto/build/static/geppetto/build/static/geppetto/build/static/geppetto/build/static/geppetto/build/static/geppetto/build/static/geppetto/build/static/geppetto/build/static/geppetto/build/static/geppetto/build/static/geppetto/build/static/splash.gif	2	1	0
2025-05-26	v2.virtualflybrain.org	/org.geppetto.frontend/geppetto/geppetto/build/static/geppetto/build/static/geppetto/build/static/geppetto/build/static/geppetto/build/static/geppetto/build/static/geppetto/build/static/geppetto/build/static/geppetto/build/static/geppetto/build/static/geppetto/build/static/geppetto/build/static/geppetto/build/static/geppetto/build/static/geppetto/build/static/geppetto/build/static/geppetto/build/static/geppetto/build/static/geppetto/build/static/geppetto/build/static/splash.gif	2	1	0
2025-05-26	v2.virtualflybrain.org	/org.geppetto.frontend/geppetto/geppetto/build/static/geppetto/build/static/geppetto/build/static/geppetto/build/static/geppetto/build/static/geppetto/build/static/geppetto/build/static/geppetto/build/static/geppetto/build/static/geppetto/build/static/geppetto/build/static/geppetto/build/static/geppetto/build/static/geppetto/build/static/geppetto/build/static/geppetto/build/static/geppetto/build/static/geppetto/build/static/geppetto/build/static/splash.gif	2	1	0
2025-05-26	v2.virtualflybrain.org	/org.geppetto.frontend/geppetto/geppetto/build/static/geppetto/build/static/geppetto/build/static/geppetto/build/static/geppetto/build/static/geppetto/build/static/geppetto/build/static/geppetto/build/static/geppetto/build/static/geppetto/build/static/geppetto/build/static/geppetto/build/static/geppetto/build/static/geppetto/build/static/geppetto/build/static/geppetto/build/static/geppetto/build/static/geppetto/build/static/splash.gif	2	1	0
2025-05-26	v2.virtualflybrain.org	/org.geppetto.frontend/geppetto/geppetto/build/static/geppetto/build/static/geppetto/build/static/geppetto/build/static/geppetto/build/static/geppetto/build/static/geppetto/build/static/geppetto/build/static/geppetto/build/static/geppetto/build/static/geppetto/build/static/geppetto/build/static/geppetto/build/static/geppetto/build/static/geppetto/build/static/geppetto/build/static/geppetto/build/static/splash.gif	2	1	0
2025-05-26	v2.virtualflybrain.org	/org.geppetto.frontend/geppetto/geppetto/build/static/geppetto/build/static/geppetto/build/static/geppetto/build/static/geppetto/build/static/geppetto/build/static/geppetto/build/static/geppetto/build/static/geppetto/build/static/geppetto/build/static/geppetto/build/static/geppetto/build/static/geppetto/build/static/geppetto/build/static/geppetto/build/static/geppetto/build/static/splash.gif	2	1	0
2025-05-26	v2.virtualflybrain.org	/org.geppetto.frontend/geppetto/geppetto/build/static/geppetto/build/static/geppetto/build/static/geppetto/build/static/geppetto/build/static/geppetto/build/static/geppetto/build/static/geppetto/build/static/geppetto/build/static/geppetto/build/static/geppetto/build/static/geppetto/build/static/geppetto/build/static/geppetto/build/static/geppetto/build/static/splash.gif	2	1	0
2025-05-26	v2.virtualflybrain.org	/org.geppetto.frontend/geppetto/geppetto/build/static/geppetto/build/static/geppetto/build/static/geppetto/build/static/geppetto/build/static/geppetto/build/static/geppetto/build/static/geppetto/build/static/geppetto/build/static/geppetto/build/static/geppetto/build/static/geppetto/build/static/geppetto/build/static/geppetto/build/static/splash.gif	2	1	0
2025-05-26	v2.virtualflybrain.org	/org.geppetto.frontend/geppetto/geppetto/build/static/geppetto/build/static/geppetto/build/static/geppetto/build/static/geppetto/build/static/geppetto/build/static/geppetto/build/static/geppetto/build/static/geppetto/build/static/geppetto/build/static/geppetto/build/static/geppetto/build/static/geppetto/build/static/splash.gif	2	1	0
2025-05-26	v2.virtualflybrain.org	/org.geppetto.frontend/geppetto/geppetto/build/static/geppetto/build/static/geppetto/build/static/geppetto/build/static/geppetto/build/static/geppetto/build/static/geppetto/build/static/geppetto/build/static/geppetto/build/static/geppetto/build/static/geppetto/build/static/geppetto/build/static/splash.gif	2	1	0
2025-05-26	v2.virtualflybrain.org	/org.geppetto.frontend/geppetto/geppetto/build/static/geppetto/build/static/geppetto/build/static/geppetto/build/static/geppetto/build/static/geppetto/build/static/geppetto/build/static/geppetto/build/static/geppetto/build/static/geppetto/build/static/geppetto/build/static/splash.gif	2	1	0
2025-05-26	v2.virtualflybrain.org	/org.geppetto.frontend/geppetto/geppetto/build/static/geppetto/build/static/geppetto/build/static/geppetto/build/static/geppetto/build/static/geppetto/build/static/geppetto/build/static/geppetto/build/static/geppetto/build/static/geppetto/build/static/splash.gif	2	1	0
2025-05-26	v2.virtualflybrain.org	/org.geppetto.frontend/geppetto/geppetto/build/static/geppetto/build/static/geppetto/build/static/geppetto/build/static/geppetto/build/static/geppetto/build/static/geppetto/build/static/geppetto/build/static/geppetto/build/static/splash.gif	2	1	0
2025-05-26	v2.virtualflybrain.org	/org.geppetto.frontend/geppetto/geppetto/build/static/geppetto/build/static/geppetto/build/static/geppetto/build/static/geppetto/build/static/geppetto/build/static/geppetto/build/static/geppetto/build/static/splash.gif	2	1	0
2025-05-26	v2.virtualflybrain.org	/org.geppetto.frontend/geppetto/geppetto/build/static/geppetto/build/static/geppetto/build/static/geppetto/build/static/geppetto/build/static/geppetto/build/static/geppetto/build/static/splash.gif	2	1	0
2025-05-26	v2.virtualflybrain.org	/org.geppetto.frontend/geppetto/geppetto/build/static/geppetto/build/static/geppetto/build/static/geppetto/build/static/geppetto/build/static/geppetto/build/static/splash.gif	2	1	0
2025-05-26	v2.virtualflybrain.org	/org.geppetto.frontend/geppetto/geppetto/build/static/geppetto/build/static/geppetto/build/static/geppetto/build/static/geppetto/build/static/splash.gif	2	1	0
2025-05-26	v2.virtualflybrain.org	/org.geppetto.frontend/geppetto/geppetto/build/static/geppetto/build/static/geppetto/build/static/geppetto/build/static/splash.gif	2	1	0
2025-05-26	v2.virtualflybrain.org	/org.geppetto.frontend/geppetto/geppetto/build/static/geppetto/build/static/geppetto/build/static/splash.gif	3	1	0
2025-05-26	v2.virtualflybrain.org	/org.geppetto.frontend/geppetto/geppetto/build/static/geppetto/build/static/splash.gif	3	1	0
2025-05-26	v2.virtualflybrain.org	/org.geppetto.frontend/geppetto/geppetto/build/static/splash.gif	3	1	0
2025-05-26	v2a.virtualflybrain.org	/org.geppetto.frontend/geppetto	5	4	1784
2025-05-26	v2a.virtualflybrain.org	/org.geppetto.frontend/org.geppetto.frontend	1	1	0
2025-05-26	virtualflybrain.org	/	8	5	34
2025-05-26	virtualflybrain.org	/about/hosted/	2	2	0
2025-05-26	virtualflybrain.org	/blog/news/	1	1	0
2025-05-26	virtualflybrain.org	/docs/concepts/confidence-value/	3	1	7
2025-05-26	www.virtualflybrain.org	/	34	29	344
2025-05-26	www.virtualflybrain.org	/about/	3	2	36
2025-05-26	www.virtualflybrain.org	/about/contactus/	1	1	36
2025-05-26	www.virtualflybrain.org	/about/hosted/	6	3	76
2025-05-26	www.virtualflybrain.org	/about/hosted/braintrap/	1	1	2
2025-05-26	www.virtualflybrain.org	/about/hosted/l1em-catmaid/	2	1	5
2025-05-26	www.virtualflybrain.org	/blog/	3	2	22
2025-05-26	www.virtualflybrain.org	/blog/1/01/01/janelia-flylight/	1	1	3
2025-05-26	www.virtualflybrain.org	/blog/2022/01/01/braintrap-lines-knowles-barley2010-knowles_barley2010/	1	1	26
2025-05-26	www.virtualflybrain.org	/blog/2022/01/01/calcium-release-channel-activity-go_0015278/	1	1	0
2025-05-26	www.virtualflybrain.org	/blog/2022/01/01/g-protein-coupled-purinergic-receptor-signaling-pathway-go_0035588/	1	1	0
2025-05-26	www.virtualflybrain.org	/blog/2024/04/10/transcriptomics-data-available-for-cell-types-on-vfb/	1	1	45
2025-05-26	www.virtualflybrain.org	/blog/2024/07/29/predicted-neurotransmitters-for-em-data-now-available-on-vfb/	0	1	0
2025-05-26	www.virtualflybrain.org	/blog/releases/catmaid/	1	1	4
2025-05-26	www.virtualflybrain.org	/blog/releases/catmaid/l1em/	4	2	38
2025-05-26	www.virtualflybrain.org	/docs/	5	4	26
2025-05-26	www.virtualflybrain.org	/docs/getting-started/bulkdownloads/	1	1	12
2025-05-26	www.virtualflybrain.org	/docs/overview/	1	1	2
2025-05-26	www.virtualflybrain.org	/docs/tutorials/apis/4_nblast/	0	1	52
2025-05-26	www.virtualflybrain.org	/en/docs/tutorials/apis/4_neuprint/	1	1	0
2025-05-26	www.virtualflybrain.org	/search/	2	1	24
2025-05-26	www.virtualflybrain.org	/term/5_prime_utr_premature_start_codon_gain_variant-so_0001988/	1	1	9
2025-05-26	www.virtualflybrain.org	/term/antennal-mechanosensory-and-motor-center-ammc-di5-neuron-fbbt_00111490/	1	1	83
2025-05-26	www.virtualflybrain.org	/term/collagen-containing-extracellular-matrix-go_0062023/	1	1	7
2025-05-26	www.virtualflybrain.org	/term/extracellular-matrix-structural-constituent-go_0005201/	1	1	0
2025-05-26	www.virtualflybrain.org	/term/hypocerebral-ganglion-fbbt_00005804/	1	1	4
2025-05-26	www.virtualflybrain.org	/term/pgawbpebpg37-fbti0022339/	1	1	7
2025-05-26	zip.virtualflybrain.org	/blog/2022/01/01/14c-fbbi_00000123/	1	1	0
2025-05-26	zip.virtualflybrain.org	/blog/2022/01/01/beta-13-galactosyltransferase-activity-go_0048531/	1	1	0
2025-05-26	zip.virtualflybrain.org	/blog/2022/01/01/biological-process-geno_0000351/	1	1	0
2025-05-27		/org.geppetto.frontend/geppetto	3323	38	7791
2025-05-27	123456789abcdefghijklmnopq.v2.virtualflybrain.org	/	0	1	3
2025-05-27	12877200-fe3e-43bd-bf43-557c75765038.virtualflybrain.org	/	0	1	2
2025-05-27	129.215.197.144	/	0	1	4
2025-05-27	61d21a5c-c24c-4060-9a1d-185c49b8cd22.virtualflybrain.org	/	0	1	1
2025-05-27	8fe35b9b-0117-41a9-a316-ec54860cf39e.catmaid.virtualflybrain.org	/	0	1	2
2025-05-27	981gwa2l.virtualflybrain.org	/	0	1	4
2025-05-27	a.bb.ccc.dddd.nblast.virtualflybrain.org	/	0	1	5
2025-05-27	admin.virtualflybrain.org	/	0	1	3
2025-05-27	api.ids.virtualflybrain.org	/	0	1	4
2025-05-27	backend.virtualflybrain.org	/	1	1	0
2025-05-27	blanik-jenkins.virtualflybrain.org	/	0	1	1
2025-05-27	blog.virtualflybrain.org	/blog/2022/01/01/aneusomic-chromosomal-part-geno_0000343/	1	1	0
2025-05-27	blog.virtualflybrain.org	/blog/2022/01/01/atp-dependent-dna-cytosine-5--methyltransferase-activity-go_0120328/	1	1	0
2025-05-27	bocian-jenkins.virtualflybrain.org	/	0	1	3
2025-05-27	build.virtualflybrain.org	/	0	1	2
2025-05-27	catmaid-fafb.virtualflybrain.org	/blog/2022/01/01/avicbsolgfpfer1hch-zcl0505-fbal0360970/	1	1	0
2025-05-27	debug.virtualflybrain.org	/	0	1	2
2025-05-27	dev.virtualflybrain.org	/	0	1	2
2025-05-27	flybrain.inf.ed.ac.uk	/en/blog/releases/catmaid/l1em/	1	1	32
2025-05-27	geppetto-dev1.virtualflybrain.org	/	0	1	2
2025-05-27	geppetto.virtualflybrain.org	/	0	1	2
2025-05-27	grafana.virtualflybrain.org	/	0	1	1
2025-05-27	i3vnc.catmaid.virtualflybrain.org	/	0	1	3
2025-05-27	ids.virtualflybrain.org	/	0	1	2
2025-05-27	jitsi.virtualflybrain.org	/	0	1	2
2025-05-27	karenin-jenkins.virtualflybrain.org	/	0	1	2
2025-05-27	kbw.virtualflybrain.org	/	1	1	0
2025-05-27	larval-app1.virtualflybrain.org	/	0	1	3
2025-05-27	larval.virtualflybrain.org	/	0	1	3
2025-05-27	mail.virtualflybrain.org	/	0	1	3
2025-05-27	monitor.virtualflybrain.org	/	0	1	2
2025-05-27	natverse.virtualflybrain.org	/	0	1	3
2025-05-27	natverse1.virtualflybrain.org	/	0	1	3
2025-05-27	natverse2.virtualflybrain.org	/	0	1	1
2025-05-27	natverse4.virtualflybrain.org	/	0	1	1
2025-05-27	natverse5.virtualflybrain.org	/	0	1	1
2025-05-27	nblast.virtualflybrain.org	/	0	1	2
2025-05-27	nblast.virtualflybrain.org	/blog/2022/01/01/avicbsolgfpm6-ca06602-fbal0211200/	1	1	0
2025-05-27	nblast.virtualflybrain.org	/blog/2022/01/01/e4.6.lacz-fbal0095429/	1	1	0
2025-05-27	nblast.virtualflybrain.org	/blog/2022/01/01/endothelial-cell-morphogenesis-go_0001886/	1	1	0
2025-05-27	nblast.virtualflybrain.org	/blog/2022/01/01/heart-rudiment-formation-go_0003315/	1	1	0
2025-05-27	owl-dev.virtualflybrain.org	/	0	1	2
2025-05-27	pdb.p2.virtualflybrain.org	/	0	1	2
2025-05-27	pdb.u3.virtualflybrain.org	/	0	1	3
2025-05-27	pdl.virtualflybrain.org	/	0	1	4
2025-05-27	pgadmin.virtualflybrain.org	/	0	1	2
2025-05-27	r.virtualflybrain.org	/	0	1	3
2025-05-27	raw.larval.flylight.virtualflybrain.org	/	2	1	0
2025-05-27	rstudio.virtualflybrain.org	/	0	1	4
2025-05-27	sb.virtualflybrain.org	/	0	1	3
2025-05-27	sb1.virtualflybrain.org	/	0	1	1
2025-05-27	sb2.virtualflybrain.org	/	0	1	1
2025-05-27	sb2.virtualflybrain.orgherd.virtualflybrain.org	/	0	1	2
2025-05-27	smtp.virtualflybrain.org	/	0	1	2
2025-05-27	solr-dev.virtualflybrain.org	/	0	1	2
2025-05-27	solr.p2.virtualflybrain.org	/	0	1	3
2025-05-27	solr.virtualflybrain.org	/	0	1	9
2025-05-27	sourcream.inf.ed.ac.uk	/	0	1	3
2025-05-27	v1.virtualflybrain.org	/	0	1	3
2025-05-27	v2-preview.virtualflybrain.org	/	0	1	1
2025-05-27	v2.virtualflybrain.org	/org.geppetto.frontend/geppetto	116	39	11366
2025-05-27	v2.virtualflybrain.org	/org.geppetto.frontend/org.geppetto.frontend	8	4	0
2025-05-27	v2a.virtualflybrain.org	/org.geppetto.frontend/geppetto	6	1	12
2025-05-27	virtualflybrain.org	/	2	3	6
2025-05-27	virtualflybrain.org	/about/hosted/	2	3	124
2025-05-27	virtualflybrain.org	/about/hosted/flybrainndb/	1	1	7
2025-05-27	virtualflybrain.org	/blog/2022/01/01/ecolbsollacz08034-fbal0060336/	1	1	0
2025-05-27	virtualflybrain.org	/blog/2022/01/01/establishment-or-maintenance-of-cytoskeleton-polarity-involved-in-ameboidal-cell-migration-go_0003371/	1	1	0
2025-05-27	virtualflybrain.org	/blog/2022/01/01/trophic-quality-pato_0000056/	1	1	0
2025-05-27	vnc.catmaid.virtualflybrain.org	/	0	1	1
2025-05-27	webmail.virtualflybrain.org	/	0	1	3
2025-05-27	what.website.fafb.catmaid.virtualflybrain.org	/	0	1	5
2025-05-27	www.v2.virtualflybrain.org	/	0	1	4
2025-05-27	www.virtualflybrain.org	/	31	27	187
2025-05-27	www.virtualflybrain.org	/about/	1	1	6
2025-05-27	www.virtualflybrain.org	/about/hosted/	2	2	5
2025-05-27	www.virtualflybrain.org	/about/hosted/fafb-catmaid/	1	1	15
2025-05-27	www.virtualflybrain.org	/about/hosted/l1em-catmaid/	1	1	0
2025-05-27	www.virtualflybrain.org	/blog/2022/01/01/adult-medulla-tangential-neuron-e16-fbbt_20007625/	1	1	0
2025-05-27	www.virtualflybrain.org	/blog/2022/01/01/aotu008_a_r-flyem-hb892609503-vfb_jrchjrdu/	1	1	11
2025-05-27	www.virtualflybrain.org	/blog/2022/01/01/avicbsolgfpgr5a.3x.ires.2x-fbal0215569/	1	1	12
2025-05-27	www.virtualflybrain.org	/blog/2022/01/01/blood-vessel-maturation-go_0001955/	1	1	0
2025-05-27	www.virtualflybrain.org	/blog/2022/01/01/cell-chemotaxis-go_0060326/	1	1	0
2025-05-27	www.virtualflybrain.org	/blog/2022/01/01/cellular-response-to-dopamine-go_1903351/	1	1	0
2025-05-27	www.virtualflybrain.org	/blog/2022/01/01/cha-f-000025-vfb_00008064/	1	1	6
2025-05-27	www.virtualflybrain.org	/blog/2022/01/01/intracoxal-lateral-levator-muscle-fbbt_00003327/	1	1	0
2025-05-27	www.virtualflybrain.org	/blog/2022/01/01/regulation-of-protein-modification-by-small-protein-conjugation-or-removal-go_1903320/	1	1	0
2025-05-27	www.virtualflybrain.org	/blog/2022/01/01/response-to-stimulus-go_0050896/	1	1	0
2025-05-27	www.virtualflybrain.org	/blog/2022/01/01/ubiquitin-like-protein-transferase-activity-go_0019787/	1	1	0
2025-05-27	www.virtualflybrain.org	/blog/releases/catmaid/fafb/	1	1	6
2025-05-27	www.virtualflybrain.org	/blog/releases/ontologies/flybase/	1	1	13
2025-05-27	www.virtualflybrain.org	/docs/	6	5	53
2025-05-27	www.virtualflybrain.org	/docs/concepts/	1	1	8
2025-05-27	www.virtualflybrain.org	/docs/concepts/templates/	1	1	0
2025-05-27	www.virtualflybrain.org	/docs/getting-started/	5	3	46
2025-05-27	www.virtualflybrain.org	/docs/getting-started/3dviewer/	6	4	75
2025-05-27	www.virtualflybrain.org	/docs/getting-started/overview/	3	1	115
2025-05-27	www.virtualflybrain.org	/docs/getting-started/sliceviewer/	4	2	76
2025-05-27	www.virtualflybrain.org	/docs/overview/	5	2	45
2025-05-27	www.virtualflybrain.org	/docs/tutorials/apis/4_nblast/	1	1	0
2025-05-27	www.virtualflybrain.org	/docs/tutorials/apis/connectome/5_nblast/	2	2	314
2025-05-27	www.virtualflybrain.org	/docs/tutorials/apis/connectome/introvideo/	2	2	29
2025-05-27	www.virtualflybrain.org	/docs/tutorials/apis/connectome/tools/	1	1	0
2025-05-27	www.virtualflybrain.org	/search/	1	1	0
2025-05-27	www.virtualflybrain.org	/tags/3d/	1	1	8
2025-05-27	www.virtualflybrain.org	/term/aotu008_b_r-flyem-hb892286449-vfb_jrchjrdx/	1	1	0
2025-05-27	www.virtualflybrain.org	/term/atg8a-fbgn0052672/	1	1	3
2025-05-27	www.virtualflybrain.org	/term/collagen-containing-extracellular-matrix-go_0062023/	1	1	0
2025-05-27	www.virtualflybrain.org	/term/gmr-18a04-flp-21-2-vfb_00061086/	1	1	14
2025-05-27	www.virtualflybrain.org	/term/mushroom-body-fbbt_00005801/	2	1	0
2025-05-27	www.virtualflybrain.org	/term/ocellar-ganglion-fbbt_00049817/	1	1	5
2025-05-27	www.virtualflybrain.org	/term/octopaminergic-al2b1-neuron-fbbt_00110146/	1	1	5
2025-05-27	www.virtualflybrain.org	/term/pr76g11-gal4.dbd-pr80c08-p65.ad-expression-pattern-vfbexp_fbtp0122271fbtp0119192/	1	1	13
2025-05-27	www.virtualflybrain.org	/term/repeat_fragment-so_0001050/	1	1	0
2025-05-27	zip.virtualflybrain.org	/blog/2022/01/01/double-so_0000985/	1	1	0
2025-05-27	zip.virtualflybrain.org	/blog/2022/01/01/epoxyqueuosine-so_0001318/	1	1	0
2025-05-27	zip.virtualflybrain.org	/blog/2022/01/01/fibrous-connective-tissue-uberon_0011824/	1	1	0
2025-05-27	zip.virtualflybrain.org	/blog/2022/01/01/gneg-geno_0000620/	1	1	0
2025-05-28		/org.geppetto.frontend/geppetto	2403	43	3440
2025-05-28	129.215.197.110	/	1	1	0
2025-05-28	backend.virtualflybrain.org	/	1	1	0
2025-05-28	blog.virtualflybrain.org	/blog/2022/01/01/beta-alanine-transport-go_0001762/	1	1	0
2025-05-28	catmaid-fafb.virtualflybrain.org	/blog/2022/01/01/wheat-germ-agglutinin-fbbi_00000426/	1	1	0
2025-05-28	flybrain.inf.ed.ac.uk	/	1	1	26
2025-05-28	flybrain.inf.ed.ac.uk	/about/	2	1	62
2025-05-28	flybrain.inf.ed.ac.uk	/about/cite/	1	1	5
2025-05-28	flybrain.inf.ed.ac.uk	/about/citeus/	3	1	53
2025-05-28	flybrain.inf.ed.ac.uk	/about/contactus/	1	1	0
2025-05-28	flybrain.inf.ed.ac.uk	/about/members/	1	1	15
2025-05-28	flybrain.inf.ed.ac.uk	/about/whatisvfb/	1	1	11
2025-05-28	github.com	/VirtualFlyBrain/graph_queries/blob/main/weighted_path.md	1	1	6
2025-05-28	grafana.virtualflybrain.org	/about/	1	1	0
2025-05-28	grafana.virtualflybrain.org	/blog/2022/01/01/behavioral-response-to-pain-go_0048266/	2	1	2
2025-05-28	grafana.virtualflybrain.org	/blog/2022/01/01/gene-expression-go_0010467/	1	1	10
2025-05-28	kbw.virtualflybrain.org	/	2	2	1
2025-05-28	meet.virtualflybrain.org	/	1	1	0
2025-05-28	raw.larval.flylight.virtualflybrain.org	/	1	1	0
2025-05-28	v2-dev.virtualflybrain.org	/org.geppetto.frontend/geppetto	2	1	120
2025-05-28	v2.virtualflybrain.org	/	1	1	3
2025-05-28	v2.virtualflybrain.org	/org.geppetto.frontend/geppetto	283	45	17673
2025-05-28	v2a.virtualflybrain.org	/org.geppetto.frontend/geppetto	12	1	41
2025-05-28	virtualflybrain.org	/	10	9	71
2025-05-28	virtualflybrain.org	/about/hosted/	1	1	0
2025-05-28	virtualflybrain.org	/blog/	3	1	9
2025-05-28	virtualflybrain.org	/docs/	5	3	49
2025-05-28	virtualflybrain.org	/docs/examples/circuit-diagram-of-the-mushroom-body/	1	1	0
2025-05-28	virtualflybrain.org	/docs/getting-started/	1	1	12
2025-05-28	virtualflybrain.org	/docs/getting-started/3dviewer/	4	3	64
2025-05-28	virtualflybrain.org	/docs/getting-started/overview/	2	1	13
2025-05-28	virtualflybrain.org	/docs/getting-started/sliceviewer/	3	3	78
2025-05-28	virtualflybrain.org	/docs/getting-started/termcontext/	1	1	5
2025-05-28	virtualflybrain.org	/docs/overview/	2	2	14
2025-05-28	virtualflybrain.org	/docs/tutorials/apis/vfbconnect_neuron_display/	1	1	0
2025-05-28	www.virtualflybrain.org	/	32	29	288
2025-05-28	www.virtualflybrain.org	/about/	9	4	390
2025-05-28	www.virtualflybrain.org	/about/cite/	2	1	4
2025-05-28	www.virtualflybrain.org	/about/citeus/	3	1	8
2025-05-28	www.virtualflybrain.org	/about/collaborators/	2	1	10
2025-05-28	www.virtualflybrain.org	/about/contactus/	1	1	11
2025-05-28	www.virtualflybrain.org	/about/contributors/	2	1	12
2025-05-28	www.virtualflybrain.org	/about/hosted/	2	1	3
2025-05-28	www.virtualflybrain.org	/about/hosted/braintrap/	1	1	2
2025-05-28	www.virtualflybrain.org	/about/hosted/fanc-catmaid/	1	1	26
2025-05-28	www.virtualflybrain.org	/about/members/	3	1	6
2025-05-28	www.virtualflybrain.org	/about/publications/	1	1	3
2025-05-28	www.virtualflybrain.org	/about/whatisvfb/	2	1	0
2025-05-28	www.virtualflybrain.org	/blog/	7	1	53
2025-05-28	www.virtualflybrain.org	/blog/2022/01/01/adl08_l-vfb_jrch075b/	1	1	0
2025-05-28	www.virtualflybrain.org	/blog/2022/01/01/aminoacyl-trna-ligase-activity-go_0004812/	1	1	0
2025-05-28	www.virtualflybrain.org	/blog/2022/01/01/campaniform-sensillum-of-ventral-radius-sc4-fbbt_00058029/	1	1	0
2025-05-28	www.virtualflybrain.org	/blog/2022/01/01/cellular-response-to-hormone-stimulus-go_0032870/	1	1	0
2025-05-28	www.virtualflybrain.org	/blog/2022/01/01/dch3/1-neuron-fbbt_00002011/	1	1	0
2025-05-28	www.virtualflybrain.org	/blog/2022/01/01/i-type-sensillum-i4-fbbt_00100062/	1	1	10
2025-05-28	www.virtualflybrain.org	/blog/2022/01/01/male-genital-muscle-i-fbbt_00003552/	1	1	0
2025-05-28	www.virtualflybrain.org	/blog/2022/01/01/pamon-gal4.r-expression-pattern-vfbexp_fbtp0053336/	1	1	21
2025-05-28	www.virtualflybrain.org	/blog/2022/01/01/vfb-content-report/	1	1	14
2025-05-28	www.virtualflybrain.org	/blog/2024/08/25/guide-to-working-with-images-from-virtual-fly-brain-vfb-using-the-vfbconnect-library/	2	1	28
2025-05-28	www.virtualflybrain.org	/blog/2024/08/25/vfb-workshop-bridging-connectomics-and-transcriptomics-at-neurofly-2024/	2	1	19
2025-05-28	www.virtualflybrain.org	/blog/news/	2	1	5
2025-05-28	www.virtualflybrain.org	/blog/releases/	3	1	23
2025-05-28	www.virtualflybrain.org	/blog/releases/catmaid/fafb/	1	1	10
2025-05-28	www.virtualflybrain.org	/blog/releases/catmaid/fanc/	1	1	24
2025-05-28	www.virtualflybrain.org	/blog/releases/catmaid/l1em/	1	0	0
2025-05-28	www.virtualflybrain.org	/docs/	6	4	73
2025-05-28	www.virtualflybrain.org	/docs/concepts/transgene/	1	1	1
2025-05-28	www.virtualflybrain.org	/docs/examples/circuit-diagram-of-the-mushroom-body/	2	2	37
2025-05-28	www.virtualflybrain.org	/docs/getting-started/	1	2	27
2025-05-28	www.virtualflybrain.org	/docs/getting-started/bulkdownloads/	1	1	1
2025-05-28	www.virtualflybrain.org	/docs/getting-started/circuitbrowser/	2	1	60
2025-05-28	www.virtualflybrain.org	/docs/getting-started/overview/	1	1	15
2025-05-28	www.virtualflybrain.org	/docs/getting-started/scrnaseq/	2	2	34
2025-05-28	www.virtualflybrain.org	/docs/getting-started/similarityscore/	1	1	29
2025-05-28	www.virtualflybrain.org	/docs/getting-started/termcontext/	1	1	5
2025-05-28	www.virtualflybrain.org	/docs/getting-started/terminfo/	1	1	17
2025-05-28	www.virtualflybrain.org	/docs/getting-started/thumbnails/	1	1	46
2025-05-28	www.virtualflybrain.org	/docs/overview/	1	2	45
2025-05-28	www.virtualflybrain.org	/docs/tutorials/apis/4_nblast/	1	1	0
2025-05-28	www.virtualflybrain.org	/docs/tutorials/apis/4_neuprint/	1	1	36
2025-05-28	www.virtualflybrain.org	/docs/tutorials/apis/connectome/2_mapping/	1	1	37
2025-05-28	www.virtualflybrain.org	/docs/tutorials/apis/connectome/5_nblast/	0	1	35
2025-05-28	www.virtualflybrain.org	/docs/tutorials/apis/connectome/introvideo/	0	1	170
2025-05-28	www.virtualflybrain.org	/docs/tutorials/apis/connectome/tools/	0	1	0
2025-05-28	www.virtualflybrain.org	/search/	6	4	33
2025-05-28	www.virtualflybrain.org	/tags/sensory_neuron/	1	1	0
2025-05-28	www.virtualflybrain.org	/term/adult-doublesex-tn1-male-neuron-fbbt_00047363/	2	1	73
2025-05-28	www.virtualflybrain.org	/term/asrnacr44029-fbgn0264821/	1	1	13
2025-05-28	www.virtualflybrain.org	/term/basalar-muscle-50-fbbt_00003381/	1	1	34
2025-05-28	www.virtualflybrain.org	/term/dn1-like-neuron-fbbt_00049789/	1	1	25
2025-05-28	www.virtualflybrain.org	/term/obsolete-cell-projection-part-go_0044463/	1	1	15
2025-05-28	www.virtualflybrain.org	/term/pvt063949-gal4-fbtp0106456/	1	1	4
2025-05-28	zip.virtualflybrain.org	/blog/2022/01/01/hematopoietic-progenitor-cell-differentiation-go_0002244/	1	1	0
2025-05-28	zip.virtualflybrain.org	/blog/2022/01/01/obsolete-biological-sequence-collection-geno_0000725/	1	1	0
2025-05-29		/org.geppetto.frontend/geppetto	1021	37	950
2025-05-29	123456789abcdefghijklmnopq.v2.virtualflybrain.org	/	0	1	2
2025-05-29	12877200-fe3e-43bd-bf43-557c75765038.virtualflybrain.org	/	0	1	4
2025-05-29	129.215.197.110	/	0	1	3
2025-05-29	129.215.197.144	/	0	1	2
2025-05-29	4a195595-e922-4883-ac60-be576ed5cdd7.virtualflybrain.org	/	0	1	1
2025-05-29	61d21a5c-c24c-4060-9a1d-185c49b8cd22.virtualflybrain.org	/	0	1	4
2025-05-29	8c212b03-94d4-4b64-b132-a3ddc580239c.virtualflybrain.org	/	0	1	3
2025-05-29	981gwa2l.virtualflybrain.org	/	0	2	6
2025-05-29	a.bb.ccc.dddd.nblast.virtualflybrain.org	/	0	1	1
2025-05-29	admin.virtualflybrain.org	/	0	1	1
2025-05-29	api.ids.virtualflybrain.org	/	0	2	5
2025-05-29	api.virtualflybrain.org	/	0	1	1
2025-05-29	backend.virtualflybrain.org	/	1	1	0
2025-05-29	blanik-jenkins.virtualflybrain.org	/	0	2	10
2025-05-29	blog.virtualflybrain.org	/	0	2	6
2025-05-29	blog.virtualflybrain.org	/blog/2022/01/01/aneusomic-chromosomal-part-geno_0000343/	1	1	0
2025-05-29	bocian-jenkins.virtualflybrain.org	/	0	2	4
2025-05-29	build.virtualflybrain.org	/	0	2	11
2025-05-29	buttermilk.inf.ed.ac.uk	/	0	1	1
2025-05-29	catmaid-fafb.virtualflybrain.org	/blog/2022/01/01/avicbsolgfpfer1hch-zcl0505-fbal0360970/	1	1	0
2025-05-29	catmaid-fafb.virtualflybrain.org	/blog/2022/01/01/capped_mrna-so_0000862/	1	1	0
2025-05-29	catmaid-fafb.virtualflybrain.org	/blog/2022/01/01/cyanelle_chromosome-so_0000822/	1	1	0
2025-05-29	catmaid-fafb.virtualflybrain.org	/blog/2022/01/01/functional_candidate_gene-so_0001869/	1	1	0
2025-05-29	catmaid-fafb.virtualflybrain.org	/blog/2022/01/01/mir_encoding_vaultrna_primary_transcript-so_0002041/	1	1	0
2025-05-29	catmaid-fafb.virtualflybrain.org	/blog/2022/01/01/nile-blue-a-fbbi_00000059/	1	1	0
2025-05-29	catmaid-fafb.virtualflybrain.org	/blog/2022/01/01/texture-pato_0000150/	1	1	0
2025-05-29	cjsqzpdb.virtualflybrain.org	/	0	1	2
2025-05-29	debug.virtualflybrain.org	/	0	2	4
2025-05-29	dev.virtualflybrain.org	/	0	2	16
2025-05-29	geppetto-dev.virtualflybrain.org	/	0	1	2
2025-05-29	geppetto-dev1.virtualflybrain.org	/	0	2	4
2025-05-29	geppetto.virtualflybrain.org	/	0	2	13
2025-05-29	grafana.virtualflybrain.org	/	0	2	2
2025-05-29	herd.virtualflybrain.org	/	0	1	3
2025-05-29	hugo.virtualflybrain.org	/	0	1	3
2025-05-29	i3vnc.catmaid.virtualflybrain.org	/	0	1	1
2025-05-29	ids.virtualflybrain.org	/	0	2	13
2025-05-29	jenkins.virtualflybrain.org	/	0	1	6
2025-05-29	jitsi.virtualflybrain.org	/	0	2	9
2025-05-29	jupyter.virtualflybrain.org	/	0	1	4
2025-05-29	jupyterhub.virtualflybrain.org	/	1	1	28
2025-05-29	jupyterhub.virtualflybrain.org	/about/hosted/	1	1	4
2025-05-29	karenin-jenkins.virtualflybrain.org	/	0	2	4
2025-05-29	kbw.virtualflybrain.org	/	2	3	3
2025-05-29	larval-app1.virtualflybrain.org	/	0	2	5
2025-05-29	larval.virtualflybrain.org	/	0	3	5
2025-05-29	mail.virtualflybrain.org	/	0	1	2
2025-05-29	meet.virtualflybrain.org	/	2	3	3
2025-05-29	monitor.virtualflybrain.org	/	0	2	3
2025-05-29	mysql.virtualflybrain.org	/	0	2	5
2025-05-29	natverse.virtualflybrain.org	/	0	1	1
2025-05-29	natverse1.virtualflybrain.org	/	0	2	4
2025-05-29	natverse2.virtualflybrain.org	/	0	2	5
2025-05-29	natverse3.virtualflybrain.org	/	0	2	4
2025-05-29	natverse4.virtualflybrain.org	/	0	1	1
2025-05-29	natverse5.virtualflybrain.org	/	0	2	4
2025-05-29	nblast.virtualflybrain.org	/	0	2	4
2025-05-29	nblast.virtualflybrain.org	/blog/2022/01/01/2-deoxyadenosine--atp-damp--adp-adk-go_0004001/	1	1	0
2025-05-29	nblast.virtualflybrain.org	/blog/2022/01/01/abdominal-5-ventral-adult-muscle-precursor-cell-fbbt_00003256/	1	1	0
2025-05-29	nblast.virtualflybrain.org	/blog/2022/01/01/abdominal-6-ventral-multidendritic-neuron-vdad-fbbt_00002571/	1	1	0
2025-05-29	nblast.virtualflybrain.org	/blog/2022/01/01/avicbsolgfpm6-ca06602-fbal0211200/	1	1	0
2025-05-29	nblast.virtualflybrain.org	/blog/2022/01/01/avicbsolgfppop2-cpti002818-fbal0261718/	1	1	0
2025-05-29	nblast.virtualflybrain.org	/blog/2022/01/01/central-nervous-system-neuron-differentiation-go_0021953/	1	1	0
2025-05-29	nblast.virtualflybrain.org	/blog/2022/01/01/e4.6.lacz-fbal0095429/	1	1	0
2025-05-29	nblast.virtualflybrain.org	/blog/2022/01/01/endothelial-cell-morphogenesis-go_0001886/	1	1	0
2025-05-29	nblast.virtualflybrain.org	/blog/2022/01/01/food-storage-organ-uberon_0010039/	1	1	0
2025-05-29	nblast.virtualflybrain.org	/blog/2022/01/01/heart-rudiment-formation-go_0003315/	1	1	0
2025-05-29	owl-dev.virtualflybrain.org	/	0	1	2
2025-05-29	owl.virtualflybrain.org	/	0	1	2
2025-05-29	owl.virtualflybrain.org	/blog/2022/01/01/2-hydroxyphytanoyl-coa-pristanal-formyl-coa-go_0016830/	1	1	0
2025-05-29	owl.virtualflybrain.org	/blog/2022/01/01/arret-so_0001924/	1	1	0
2025-05-29	owl.virtualflybrain.org	/blog/2022/01/01/attc_site-so_0000950/	1	1	0
2025-05-29	owl.virtualflybrain.org	/blog/2022/01/01/capillary-of-colon-uberon_8410057/	1	1	0
2025-05-29	owl.virtualflybrain.org	/blog/2022/01/01/increased-feeding-behavior-fbcv_0007515/	1	1	0
2025-05-29	owl.virtualflybrain.org	/blog/2022/01/01/mesentery-of-hindgut-uberon_0003394/	1	1	0
2025-05-29	owl.virtualflybrain.org	/blog/2022/01/01/nerve-of-abdominal-segment-uberon_0003825/	1	1	0
2025-05-29	owl.virtualflybrain.org	/blog/2022/01/01/reference-genome-geno_0000914/	1	1	0
2025-05-29	owl.virtualflybrain.org	/blog/2022/01/01/scanning-transmission-electron-microscopy-fbbi_00000380/	1	1	0
2025-05-29	p2.virtualflybrain.org	/	0	1	2
2025-05-29	pdb.p2.virtualflybrain.org	/	0	2	5
2025-05-29	pdb.u3.virtualflybrain.org	/	0	1	4
2025-05-29	pdl.virtualflybrain.org	/	0	2	12
2025-05-29	pgadmin.virtualflybrain.org	/	0	2	4
2025-05-29	r.virtualflybrain.org	/	0	2	5
2025-05-29	rancher.virtualflybrain.org	/	0	1	3
2025-05-29	raw.larval.flylight.virtualflybrain.org	/	1	1	0
2025-05-29	rstudio.virtualflybrain.org	/	0	2	3
2025-05-29	sb.virtualflybrain.org	/	0	2	5
2025-05-29	sb1.virtualflybrain.org	/	0	2	3
2025-05-29	sb2.virtualflybrain.org	/	0	1	2
2025-05-29	sb2.virtualflybrain.orgherd.virtualflybrain.org	/	0	2	7
2025-05-29	smtp.virtualflybrain.org	/	0	2	4
2025-05-29	solr-alpha.virtualflybrain.org	/	0	2	2
2025-05-29	solr-dev.virtualflybrain.org	/	0	1	2
2025-05-29	solr.p2.virtualflybrain.org	/	0	2	3
2025-05-29	solr.virtualflybrain.org	/	0	1	1
2025-05-29	sourcream.inf.ed.ac.uk	/	0	1	4
2025-05-29	test-abd1.5.catmaid.virtualflybrain.org	/	0	1	2
2025-05-29	ubuntu.virtualflybrain.org	/	0	1	4
2025-05-29	v1-5.virtualflybrain.org	/	0	1	2
2025-05-29	v1.virtualflybrain.org	/	0	2	6
2025-05-29	v2-dev.virtualflybrain.org	/org.geppetto.frontend/geppetto	5	1	2
2025-05-29	v2-dev2.virtualflybrain.org	/	0	2	3
2025-05-29	v2-preview.virtualflybrain.org	/	0	2	7
2025-05-29	v2.virtualflybrain.org	/	1	1	0
2025-05-29	v2.virtualflybrain.org	/org.geppetto.frontend/geppetto	143	41	5155
2025-05-29	v2a.virtualflybrain.org	/org.geppetto.frontend/geppetto	0	1	4
2025-05-29	vfb-connect.readthedocs.io	/	1	1	27
2025-05-29	vfbblog.inf.ed.ac.uk	/	0	1	2
2025-05-29	virtualflybrain.org	/	8	9	45
2025-05-29	virtualflybrain.org	/about/hosted/	0	9	51
2025-05-29	virtualflybrain.org	/blog/2022/01/01/ecolbsollacz08034-fbal0060336/	1	1	0
2025-05-29	virtualflybrain.org	/blog/2022/01/01/trophic-quality-pato_0000056/	1	1	0
2025-05-29	virtualflybrain.org	/blog/news/	0	1	0
2025-05-29	virtualflybrain.org	/docs/	2	2	11
2025-05-29	virtualflybrain.org	/docs/concepts/bridging/	1	1	15
2025-05-29	virtualflybrain.org	/docs/getting-started/3dviewer/	1	1	3
2025-05-29	virtualflybrain.org	/docs/getting-started/circuitbrowser/	1	1	6
2025-05-29	vnc.catmaid.virtualflybrain.org	/	0	1	8
2025-05-29	webmail.virtualflybrain.org	/	0	1	3
2025-05-29	webtop.virtualflybrain.org	/	0	2	10
2025-05-29	www.v2.virtualflybrain.org	/	0	1	2
2025-05-29	www.virtualflybrain.org	/	22	18	161
2025-05-29	www.virtualflybrain.org	/about/	4	3	23
2025-05-29	www.virtualflybrain.org	/about/hosted/	3	1	7
2025-05-29	www.virtualflybrain.org	/about/publications/	1	1	9
2025-05-29	www.virtualflybrain.org	/blog/	1	1	4
2025-05-29	www.virtualflybrain.org	/blog/2022/01/01/al-mbdl1_r-flyem-hb608922563-vfb_jrchjrcq/	2	1	4
2025-05-29	www.virtualflybrain.org	/blog/2022/01/01/alpha/beta-middle-kenyon-cell-fbbt_00100253/	1	1	27
2025-05-29	www.virtualflybrain.org	/blog/2022/01/01/alpha/beta-surface-kenyon-cell-fbbt_00110930/	1	1	22
2025-05-29	www.virtualflybrain.org	/blog/2022/01/01/array-scanning-fbbi_00000289/	1	1	5
2025-05-29	www.virtualflybrain.org	/blog/2022/01/01/atp-dependent-activity-go_0140657/	1	1	0
2025-05-29	www.virtualflybrain.org	/blog/2022/01/01/calcium-dependent-phospholipid-binding-go_0005544/	1	1	0
2025-05-29	www.virtualflybrain.org	/blog/2022/01/01/contractile-cardiomyocyte-fbbt_00058241/	1	1	0
2025-05-29	www.virtualflybrain.org	/blog/2022/01/01/ecolbsollacz08492-fbal0085402/	1	1	0
2025-05-29	www.virtualflybrain.org	/blog/2022/01/01/ecolbsollacz3.554-fbal0047193/	1	1	0
2025-05-29	www.virtualflybrain.org	/blog/2022/01/01/ecolbsollaczceca1.a10-fbal0043843/	1	1	0
2025-05-29	www.virtualflybrain.org	/blog/2022/01/01/ecolbsollaczdpp.bs3.1-fbal0041159/	1	1	0
2025-05-29	www.virtualflybrain.org	/blog/2022/01/01/ecolbsollaczmlf.pb-fbal0268426/	1	1	0
2025-05-29	www.virtualflybrain.org	/blog/2022/01/01/pcrzr-gal4.3.5-expression-pattern-vfbexp_fbtp0083991/	1	1	7
2025-05-29	www.virtualflybrain.org	/blog/2022/01/01/regulation-of-cellular-response-to-stress-go_0080135/	1	1	0
2025-05-29	www.virtualflybrain.org	/blog/2024/07/29/predicted-neurotransmitters-for-em-data-now-available-on-vfb/	1	1	0
2025-05-29	www.virtualflybrain.org	/blog/2024/08/25/vfb-workshop-bridging-connectomics-and-transcriptomics-at-neurofly-2024/	1	1	44
2025-05-29	www.virtualflybrain.org	/blog/2025/05/29/new-precomputed-neuron-and-expression-pattern-similarity-scores-on-vfb/	2	1	95
2025-05-29	www.virtualflybrain.org	/blog/releases/catmaid/fafb/	1	1	0
2025-05-29	www.virtualflybrain.org	/blog/releases/catmaid/fanc/	1	1	7
2025-05-29	www.virtualflybrain.org	/categories/how-to-cite/	1	1	7
2025-05-29	www.virtualflybrain.org	/categories/python/	1	1	11
2025-05-29	www.virtualflybrain.org	/categories/workshop/	1	1	4
2025-05-29	www.virtualflybrain.org	/docs/	4	4	12
2025-05-29	www.virtualflybrain.org	/docs/concepts/templates/	1	1	30
2025-05-29	www.virtualflybrain.org	/docs/contribution-guidelines/	1	1	37
2025-05-29	www.virtualflybrain.org	/docs/getting-started/	1	1	7
2025-05-29	www.virtualflybrain.org	/docs/getting-started/3dviewer/	1	1	0
2025-05-29	www.virtualflybrain.org	/docs/getting-started/bulkdownloads/	1	1	8
2025-05-29	www.virtualflybrain.org	/docs/getting-started/scrnaseq/	1	1	10
2025-05-29	www.virtualflybrain.org	/docs/tutorials/apis/0_vfb_api_overview/	1	1	4
2025-05-29	www.virtualflybrain.org	/docs/tutorials/apis/4_nblast/	1	0	0
2025-05-29	www.virtualflybrain.org	/docs/tutorials/apis/connectome/tools/	1	1	27
2025-05-29	www.virtualflybrain.org	/docs/tutorials/apis/solr/	1	1	22
2025-05-29	www.virtualflybrain.org	/search/	6	3	68
2025-05-29	www.virtualflybrain.org	/site/vfb_site/home.htm	1	1	8
2025-05-29	www.virtualflybrain.org	/term/fb4zfb04bd_r-vfb_jrch09m2/	1	1	15
2025-05-29	www.virtualflybrain.org	/term/jrc_mb027b-split-gal4-in-the-adult-vns-vfb_00068940/	1	1	17
2025-05-29	www.virtualflybrain.org	/term/lineage-nb4-4-primary-neuron-fbbt_00048880/	1	1	0
2025-05-29	www.virtualflybrain.org	/term/pr53f03-gal4.dbd-pr17f11-p65.ad-expression-pattern-vfbexp_fbtp0099497fbtp0118297/	1	1	8
2025-05-29	zip.virtualflybrain.org	/	0	1	2
2025-05-29	zip.virtualflybrain.org	/blog/2022/01/01/14c-fbbi_00000123/	1	1	0
2025-05-29	zip.virtualflybrain.org	/blog/2022/01/01/2-1ii-fbbt_00001467/	1	1	0
2025-05-29	zip.virtualflybrain.org	/blog/2022/01/01/active-pka-camk-iv-do-not-phosphorylate-mecp2-mutants-r306cr306h-at-t308-go_0010857/	1	1	0
2025-05-29	zip.virtualflybrain.org	/blog/2022/01/01/atpase-activity-coupled-to-transmembrane-movement-of-ions-rotational-mechanism-go_0044769/	1	1	0
2025-05-29	zip.virtualflybrain.org	/blog/2022/01/01/beta-13-galactosyltransferase-activity-go_0048531/	1	1	0
2025-05-29	zip.virtualflybrain.org	/blog/2022/01/01/biological-process-geno_0000351/	1	1	0
2025-05-29	zip.virtualflybrain.org	/blog/2022/01/01/carboxylic-acid-transmembrane-transport-go_1905039/	1	1	0
2025-05-29	zip.virtualflybrain.org	/blog/2022/01/01/double-so_0000985/	1	1	0
2025-05-29	zip.virtualflybrain.org	/blog/2022/01/01/epoxyqueuosine-so_0001318/	1	1	0
2025-05-29	zip.virtualflybrain.org	/blog/2022/01/01/fibrous-connective-tissue-uberon_0011824/	1	1	0
2025-05-29	zip.virtualflybrain.org	/blog/2022/01/01/gneg-geno_0000620/	1	1	0
2025-05-29	zip.virtualflybrain.org	/blog/2022/01/01/lethal-all-die-before-end-of-first-instar-larval-stage-fbcv_0002001/	1	1	0
2025-05-29	zip.virtualflybrain.org	/blog/2022/01/01/obsolete-reagent-sequence-feature-geno_0000415/	1	1	0
2025-05-30		/org.geppetto.frontend/geppetto	398	27	261
2025-05-30	129.215.197.143	/	0	1	3
2025-05-30	4a195595-e922-4883-ac60-be576ed5cdd7.virtualflybrain.org	/	0	1	3
2025-05-30	backend.virtualflybrain.org	/	1	1	0
2025-05-30	cjsqzpdb.virtualflybrain.org	/	0	1	3
2025-05-30	fafb.catmaid.virtualflybrain.org	/	1	1	16
2025-05-30	groups.google.com	/g/vfb-suport	1	1	37
2025-05-30	kbw.virtualflybrain.org	/	1	1	0
2025-05-30	nblast.virtualflybrain.org	/blog/2022/01/01/fiber-shaped-pato_0002309/	1	1	0
2025-05-30	rancher.virtualflybrain.org	/	0	1	3
2025-05-30	sb2.virtualflybrain.org	/blog/2022/01/01/avicbsolgfpkuz-cpti000031-fbal0262368/	1	1	17
2025-05-30	smtp.virtualflybrain.org	/	0	1	2
2025-05-30	v2.virtualflybrain.org	/org.geppetto.frontend/geppetto	79	28	4936
2025-05-30	vfb-connect.readthedocs.io	/	1	1	28
2025-05-30	virtualflybrain.org	/	9	8	127
2025-05-30	virtualflybrain.org	/about/hosted/	1	1	0
2025-05-30	virtualflybrain.org	/about/hosted/l1em-catmaid/	1	1	0
2025-05-30	virtualflybrain.org	/blog/	2	2	34
2025-05-30	virtualflybrain.org	/blog/2025/05/29/new-precomputed-neuron-and-expression-pattern-similarity-scores-on-vfb/	2	2	31
2025-05-30	virtualflybrain.org	/blog/news/	1	1	21
2025-05-30	virtualflybrain.org	/docs/	1	1	23
2025-05-30	virtualflybrain.org	/docs/tutorials/	1	1	24
2025-05-30	virtualflybrain.org	/private/VFBu_8uvHb4t6/VFB_00101567/thumbnail.png	1	1	3
2025-05-30	www.virtualflybrain.org	/	27	23	157
2025-05-30	www.virtualflybrain.org	/about/	2	1	26
2025-05-30	www.virtualflybrain.org	/about/hosted/	5	3	6
2025-05-30	www.virtualflybrain.org	/about/hosted/fafb-catmaid/	1	0	0
2025-05-30	www.virtualflybrain.org	/about/hosted/l1em-catmaid/	3	3	61
2025-05-30	www.virtualflybrain.org	/blog/	4	2	18
2025-05-30	www.virtualflybrain.org	/blog/2021/12/18/google-search-results-issue/	1	1	11
2025-05-30	www.virtualflybrain.org	/blog/2022/01/01/cellular-modified-amino-acid-biosynthetic-process-go_0042398/	1	1	0
2025-05-30	www.virtualflybrain.org	/blog/2022/01/01/ecolbsollacz3.447-fbal0047188/	1	1	0
2025-05-30	www.virtualflybrain.org	/blog/2022/01/01/ecolbsollaczfj-p55cg4-fbal0050021/	1	1	0
2025-05-30	www.virtualflybrain.org	/blog/2022/01/01/ecolbsollaczhb.p1-fbal0041586/	1	1	0
2025-05-30	www.virtualflybrain.org	/blog/2022/01/01/intracoxal-lateral-levator-muscle-fbbt_00003327/	1	1	0
2025-05-30	www.virtualflybrain.org	/blog/2022/01/01/regulation-of-protein-modification-by-small-protein-conjugation-or-removal-go_1903320/	1	1	0
2025-05-30	www.virtualflybrain.org	/blog/2024/04/10/transcriptomics-data-available-for-cell-types-on-vfb/	1	1	81
2025-05-30	www.virtualflybrain.org	/blog/2024/07/29/predicted-neurotransmitters-for-em-data-now-available-on-vfb/	2	1	63
2025-05-30	www.virtualflybrain.org	/blog/2024/08/25/guide-to-working-with-images-from-virtual-fly-brain-vfb-using-the-vfbconnect-library/	2	1	0
2025-05-30	www.virtualflybrain.org	/blog/2025/05/29/new-precomputed-neuron-and-expression-pattern-similarity-scores-on-vfb/	5	2	82
2025-05-30	www.virtualflybrain.org	/blog/news/	1	1	9
2025-05-30	www.virtualflybrain.org	/blog/releases/catmaid/	1	1	43
2025-05-30	www.virtualflybrain.org	/blog/releases/catmaid/l1em/	1	1	45
2025-05-30	www.virtualflybrain.org	/data/	1	1	0
2025-05-30	www.virtualflybrain.org	/data/VFBu/	1	1	2
2025-05-30	www.virtualflybrain.org	/docs/	8	6	36
2025-05-30	www.virtualflybrain.org	/docs/concepts/	0	1	0
2025-05-30	www.virtualflybrain.org	/docs/concepts/nblast/	3	1	68
2025-05-30	www.virtualflybrain.org	/docs/examples/	2	2	30
2025-05-30	www.virtualflybrain.org	/docs/examples/circuit-diagram-of-the-mushroom-body/	1	1	3
2025-05-30	www.virtualflybrain.org	/docs/getting-started/	1	1	4
2025-05-30	www.virtualflybrain.org	/docs/getting-started/3dviewer/	1	1	4
2025-05-30	www.virtualflybrain.org	/docs/getting-started/bulkdownloads/	1	1	26
2025-05-30	www.virtualflybrain.org	/docs/getting-started/scrnaseq/	1	1	81
2025-05-30	www.virtualflybrain.org	/docs/getting-started/sliceviewer/	1	1	4
2025-05-30	www.virtualflybrain.org	/docs/overview/	1	1	5
2025-05-30	www.virtualflybrain.org	/docs/tutorials/	1	1	21
2025-05-30	www.virtualflybrain.org	/docs/tutorials/apis/connectome/5_nblast/	1	1	2
2025-05-30	www.virtualflybrain.org	/private/VFBu_8uvHb4t6/thumbnail.png	1	1	0
2025-05-30	www.virtualflybrain.org	/search/	1	1	17
2025-05-30	www.virtualflybrain.org	/tags/nblast/	2	1	7
2025-05-30	www.virtualflybrain.org	/term/adult-superior-lateral-protocerebrum-neuron-285-fbbt_20002679/	1	1	44
2025-05-30	www.virtualflybrain.org	/term/hypocerebral-ganglion-fbbt_00005804/	1	1	0
2025-05-30	www.virtualflybrain.org	/term/larval-vnc-synaptic-neuropil-ensheathing-glial-cell-fbbt_00052374/	1	1	0
2025-05-30	www.virtualflybrain.org	/term/organelle-lumen-go_0043233/	1	1	0
2025-05-30	www.virtualflybrain.org	/term/pvt063948-gal4-fbtp0106455/	1	1	30
2025-05-30	www.virtualflybrain.org	/term/specifically-dependent-continuant-bfo_0000020/	1	1	0
2025-05-31		/org.geppetto.frontend/geppetto	310	25	142
2025-05-31	backend.virtualflybrain.org	/	1	1	0
2025-05-31	kbw.virtualflybrain.org	/	1	1	0
2025-05-31	meet.virtualflybrain.org	/	2	2	0
2025-05-31	owl.virtualflybrain.org	/	1	1	0
2025-05-31	r.virtualflybrain.org	/	1	1	0
2025-05-31	rancher.virtualflybrain.org	/	1	1	0
2025-05-31	raw.larval.flylight.virtualflybrain.org	/	1	1	0
2025-05-31	solr-alpha.virtualflybrain.org	/	1	1	0
2025-05-31	v2-debug.virtualflybrain.org	/	1	1	0
2025-05-31	v2-dev.virtualflybrain.org	/org.geppetto.frontend/geppetto	4	1	6
2025-05-31	v2.virtualflybrain.org	/org.geppetto.frontend/geppetto	69	29	1320
2025-05-31	virtualflybrain.org	/	2	1	0
2025-05-31	virtualflybrain.org	/about/hosted/	2	2	0
2025-05-31	www.virtualflybrain.org	/	25	23	74
2025-05-31	www.virtualflybrain.org	/about/	1	1	0
2025-05-31	www.virtualflybrain.org	/about/hosted/	3	1	0
2025-05-31	www.virtualflybrain.org	/blog/releases/ontologies/bfo/	1	1	4
2025-05-31	www.virtualflybrain.org	/blog/releases/ontologies/fbbt/	1	1	0
2025-05-31	www.virtualflybrain.org	/docs/	8	8	95
2025-05-31	www.virtualflybrain.org	/term/extracellular-matrix-structural-constituent-go_0005201/	1	1	0
2025-05-31	www.virtualflybrain.org	/term/jrc_r75b10-gal4_mcfo_brain_20181030_64_b2_40x-vfb_00101sfh/	1	1	4
2025-05-31	www.virtualflybrain.org	/term/neuron-82103-t1leg602513-vfb_00102dy8/	1	1	1
2025-05-31	www.virtualflybrain.org	/term/rh6pr-10right-l1em8447845-vfb_00100534/	1	1	0
2025-05-31	zip.virtualflybrain.org	/	2	1	0
