date	hostName	pagePath	screenPageViews	activeUsers	userEngagementDuration
2025-08-01		/org.geppetto.frontend/geppetto	1054	49	861
2025-08-01	129.215.197.101	/	1	1	0
2025-08-01	129.215.197.110	/	2	2	0
2025-08-01	129.215.197.147	/	0	1	3
2025-08-01	fafb.catmaid.virtualflybrain.org	/apis/	1	1	6
2025-08-01	raw.larval.flylight.virtualflybrain.org	/	1	1	0
2025-08-01	v2-preview.virtualflybrain.org	/	1	1	0
2025-08-01	v2.virtualflybrain.org	/org.geppetto.frontend/geppetto	208	51	4969
2025-08-01	v2.virtualflybrain.org	/org.geppetto.frontend/geppetto/VFB_00103m9x	1	1	4
2025-08-01	v2.virtualflybrain.org	/org.geppetto.frontend/geppetto/geppetto/build/static/geppetto/build/static/geppetto/build/static/geppetto/build/static/geppetto/build/static/geppetto/build/static/geppetto/build/static/geppetto/build/static/geppetto/build/static/geppetto/build/static/geppetto/build/static/geppetto/build/static/geppetto/build/static/geppetto/build/static/geppetto/build/static/geppetto/build/static/geppetto/build/static/geppetto/build/static/geppetto/build/static/geppetto/build/static/geppetto/build/static/geppetto/build/static/geppetto/build/static/geppetto/build/static/geppetto/build/static/geppetto/build/static/geppetto/build/static/geppetto/build/static/geppetto/build/static/geppetto/build/static/geppetto/build/static/geppetto/build/static/geppetto/build/static/geppetto/build/static/geppetto/build/static/geppetto/build/static/geppetto/build/static/geppetto/build/static/geppetto/build/static/geppetto/build/static/geppetto/build/static/geppetto/build/static/geppetto/build	3	1	51
2025-08-01	v2.virtualflybrain.org	/org.geppetto.frontend/geppetto/geppetto/build/static/geppetto/build/static/geppetto/build/static/geppetto/build/static/geppetto/build/static/geppetto/build/static/geppetto/build/static/geppetto/build/static/geppetto/build/static/geppetto/build/static/geppetto/build/static/geppetto/build/static/geppetto/build/static/geppetto/build/static/geppetto/build/static/geppetto/build/static/geppetto/build/static/geppetto/build/static/geppetto/build/static/geppetto/build/static/geppetto/build/static/geppetto/build/static/geppetto/build/static/geppetto/build/static/geppetto/build/static/geppetto/build/static/geppetto/build/static/geppetto/build/static/geppetto/build/static/geppetto/build/static/geppetto/build/static/geppetto/build/static/geppetto/build/static/geppetto/build/static/geppetto/build/static/geppetto/build/static/geppetto/build/static/geppetto/build/static/geppetto/build/static/geppetto/build/static/geppetto/build/static/geppetto/build/static/geppetto/geppe	58	1	0
2025-08-01	v2.virtualflybrain.org	/org.geppetto.frontend/geppetto/geppetto/build/static/geppetto/build/static/geppetto/build/static/geppetto/build/static/geppetto/build/static/geppetto/build/static/geppetto/build/static/geppetto/build/static/geppetto/build/static/geppetto/build/static/geppetto/build/static/geppetto/build/static/geppetto/build/static/geppetto/build/static/geppetto/build/static/geppetto/build/static/geppetto/build/static/geppetto/build/static/geppetto/build/static/geppetto/build/static/geppetto/build/static/geppetto/build/static/splash.gif	1	1	0
2025-08-01	v2.virtualflybrain.org	/org.geppetto.frontend/geppetto/geppetto/build/static/geppetto/build/static/geppetto/build/static/geppetto/build/static/geppetto/build/static/geppetto/build/static/geppetto/build/static/geppetto/build/static/geppetto/build/static/geppetto/build/static/geppetto/build/static/geppetto/build/static/geppetto/build/static/geppetto/build/static/geppetto/build/static/geppetto/build/static/geppetto/build/static/geppetto/build/static/geppetto/build/static/geppetto/build/static/geppetto/build/static/splash.gif	1	1	0
2025-08-01	v2.virtualflybrain.org	/org.geppetto.frontend/geppetto/geppetto/build/static/geppetto/build/static/geppetto/build/static/geppetto/build/static/geppetto/build/static/geppetto/build/static/geppetto/build/static/geppetto/build/static/geppetto/build/static/geppetto/build/static/geppetto/build/static/geppetto/build/static/geppetto/build/static/geppetto/build/static/geppetto/build/static/geppetto/build/static/geppetto/build/static/geppetto/build/static/geppetto/build/static/geppetto/build/static/splash.gif	1	1	0
2025-08-01	v2.virtualflybrain.org	/org.geppetto.frontend/geppetto/geppetto/build/static/geppetto/build/static/geppetto/build/static/geppetto/build/static/geppetto/build/static/geppetto/build/static/geppetto/build/static/geppetto/build/static/geppetto/build/static/geppetto/build/static/geppetto/build/static/geppetto/build/static/geppetto/build/static/geppetto/build/static/geppetto/build/static/geppetto/build/static/geppetto/build/static/geppetto/build/static/geppetto/build/static/splash.gif	1	1	0
2025-08-01	v2.virtualflybrain.org	/org.geppetto.frontend/geppetto/geppetto/build/static/geppetto/build/static/geppetto/build/static/geppetto/build/static/geppetto/build/static/geppetto/build/static/geppetto/build/static/geppetto/build/static/geppetto/build/static/geppetto/build/static/geppetto/build/static/geppetto/build/static/geppetto/build/static/geppetto/build/static/geppetto/build/static/geppetto/build/static/geppetto/build/static/geppetto/build/static/splash.gif	1	1	0
2025-08-01	v2.virtualflybrain.org	/org.geppetto.frontend/geppetto/geppetto/build/static/geppetto/build/static/geppetto/build/static/geppetto/build/static/geppetto/build/static/geppetto/build/static/geppetto/build/static/geppetto/build/static/geppetto/build/static/geppetto/build/static/geppetto/build/static/geppetto/build/static/geppetto/build/static/geppetto/build/static/geppetto/build/static/geppetto/build/static/geppetto/build/static/splash.gif	1	1	0
2025-08-01	v2.virtualflybrain.org	/org.geppetto.frontend/geppetto/geppetto/build/static/geppetto/build/static/geppetto/build/static/geppetto/build/static/geppetto/build/static/geppetto/build/static/geppetto/build/static/geppetto/build/static/geppetto/build/static/geppetto/build/static/geppetto/build/static/geppetto/build/static/geppetto/build/static/geppetto/build/static/geppetto/build/static/geppetto/build/static/splash.gif	1	1	0
2025-08-01	v2.virtualflybrain.org	/org.geppetto.frontend/geppetto/geppetto/build/static/geppetto/build/static/geppetto/build/static/geppetto/build/static/geppetto/build/static/geppetto/build/static/geppetto/build/static/geppetto/build/static/geppetto/build/static/geppetto/build/static/geppetto/build/static/geppetto/build/static/geppetto/build/static/geppetto/build/static/geppetto/build/static/splash.gif	1	1	0
2025-08-01	v2.virtualflybrain.org	/org.geppetto.frontend/geppetto/geppetto/build/static/geppetto/build/static/geppetto/build/static/geppetto/build/static/geppetto/build/static/geppetto/build/static/geppetto/build/static/geppetto/build/static/geppetto/build/static/geppetto/build/static/geppetto/build/static/geppetto/build/static/geppetto/build/static/geppetto/build/static/splash.gif	1	1	0
2025-08-01	v2.virtualflybrain.org	/org.geppetto.frontend/geppetto/geppetto/build/static/geppetto/build/static/geppetto/build/static/geppetto/build/static/geppetto/build/static/geppetto/build/static/geppetto/build/static/geppetto/build/static/geppetto/build/static/geppetto/build/static/geppetto/build/static/geppetto/build/static/geppetto/build/static/splash.gif	1	1	0
2025-08-01	v2.virtualflybrain.org	/org.geppetto.frontend/geppetto/geppetto/build/static/geppetto/build/static/geppetto/build/static/geppetto/build/static/geppetto/build/static/geppetto/build/static/geppetto/build/static/geppetto/build/static/geppetto/build/static/geppetto/build/static/geppetto/build/static/geppetto/build/static/splash.gif	1	1	0
2025-08-01	v2.virtualflybrain.org	/org.geppetto.frontend/geppetto/geppetto/build/static/geppetto/build/static/geppetto/build/static/geppetto/build/static/geppetto/build/static/geppetto/build/static/geppetto/build/static/geppetto/build/static/geppetto/build/static/geppetto/build/static/geppetto/build/static/splash.gif	1	1	0
2025-08-01	v2.virtualflybrain.org	/org.geppetto.frontend/geppetto/geppetto/build/static/geppetto/build/static/geppetto/build/static/geppetto/build/static/geppetto/build/static/geppetto/build/static/geppetto/build/static/geppetto/build/static/geppetto/build/static/geppetto/build/static/splash.gif	1	1	0
2025-08-01	v2.virtualflybrain.org	/org.geppetto.frontend/geppetto/geppetto/build/static/geppetto/build/static/geppetto/build/static/geppetto/build/static/geppetto/build/static/geppetto/build/static/geppetto/build/static/geppetto/build/static/geppetto/build/static/splash.gif	1	1	0
2025-08-01	v2.virtualflybrain.org	/org.geppetto.frontend/geppetto/geppetto/build/static/geppetto/build/static/geppetto/build/static/geppetto/build/static/geppetto/build/static/geppetto/build/static/geppetto/build/static/geppetto/build/static/splash.gif	1	1	0
2025-08-01	v2.virtualflybrain.org	/org.geppetto.frontend/geppetto/geppetto/build/static/geppetto/build/static/geppetto/build/static/geppetto/build/static/geppetto/build/static/geppetto/build/static/geppetto/build/static/splash.gif	1	1	0
2025-08-01	v2.virtualflybrain.org	/org.geppetto.frontend/geppetto/geppetto/build/static/geppetto/build/static/geppetto/build/static/geppetto/build/static/geppetto/build/static/geppetto/build/static/splash.gif	1	1	0
2025-08-01	v2.virtualflybrain.org	/org.geppetto.frontend/geppetto/geppetto/build/static/geppetto/build/static/geppetto/build/static/geppetto/build/static/geppetto/build/static/splash.gif	1	1	0
2025-08-01	v2.virtualflybrain.org	/org.geppetto.frontend/geppetto/geppetto/build/static/geppetto/build/static/geppetto/build/static/geppetto/build/static/splash.gif	1	1	0
2025-08-01	v2.virtualflybrain.org	/org.geppetto.frontend/geppetto/geppetto/build/static/geppetto/build/static/geppetto/build/static/splash.gif	1	1	0
2025-08-01	v2.virtualflybrain.org	/org.geppetto.frontend/geppetto/geppetto/build/static/geppetto/build/static/splash.gif	1	1	0
2025-08-01	v2.virtualflybrain.org	/org.geppetto.frontend/geppetto/geppetto/build/static/splash.gif	1	1	0
2025-08-01	v2a.virtualflybrain.org	/org.geppetto.frontend/geppetto	1	1	0
2025-08-01	virtualflybrain.org	/	3	3	2
2025-08-01	virtualflybrain.org	/about/hosted/	5	4	14
2025-08-01	virtualflybrain.org	/docs/concepts/confidence-value/	2	1	5
2025-08-01	www.virtualflybrain.org	/	26	21	316
2025-08-01	www.virtualflybrain.org	/blog/2022/01/01/mitrojan-gal4.1empmi12296-tg4.1-fbti0185346/	1	1	5
2025-08-01	www.virtualflybrain.org	/blog/2022/01/01/pbap-gal4.3-expression-pattern-vfbexp_fbtp0015151/	1	1	3
2025-08-01	www.virtualflybrain.org	/blog/2025/05/29/new-precomputed-neuron-and-expression-pattern-similarity-scores-on-vfb/	0	1	147
2025-08-01	www.virtualflybrain.org	/blog/releases/catmaid/	2	2	124
2025-08-01	www.virtualflybrain.org	/blog/releases/ontologies/fbbt/	1	1	0
2025-08-01	www.virtualflybrain.org	/docs/concepts/bridging/	1	1	5
2025-08-01	www.virtualflybrain.org	/docs/concepts/templates/	1	1	31
2025-08-01	www.virtualflybrain.org	/docs/tutorials/apis/2_plotting/	2	2	35
2025-08-01	www.virtualflybrain.org	/docs/tutorials/apis/4_nblast/	1	1	3
2025-08-01	www.virtualflybrain.org	/search/	2	2	14
2025-08-01	www.virtualflybrain.org	/site/stacks/index.htm	2	2	5
2025-08-01	www.virtualflybrain.org	/term/adult-brain-template-jfrc2-vfb_00017894/	1	1	7
2025-08-01	www.virtualflybrain.org	/term/adult-lateral-horn-ad1g1-neuron-fbbt_00051561/	1	1	12
2025-08-01	www.virtualflybrain.org	/term/brainname-neuropils-on-adult-brain-jfrc2-jenett-shinomya-jenettshinomya_brainname/	1	1	0
2025-08-01	www.virtualflybrain.org	/term/descending-neuron-of-the-posterior-brain-dnp14-fbbt_00047647/	1	1	39
2025-08-01	www.virtualflybrain.org	/term/immature-distal-medullary-amacrine-neuron-dm11-fbbt_00052307/	1	1	7
2025-08-01	www.virtualflybrain.org	/term/larval-abdominal-1-drunken-1-neuron-fbbt_00047472/	1	1	30
2025-08-01	www.virtualflybrain.org	/term/pr28e01-gal4.dbd-pvt045568-p65.ad-expression-pattern-vfbexp_fbtp0121494fbtp0120653/	1	1	17
2025-08-01	www.virtualflybrain.org	/term/pr28f07-gal4.dbd-pr28e01-p65.ad-expression-pattern-vfbexp_fbtp0121498fbtp0118532/	1	1	3
2025-08-01	www.virtualflybrain.org	/term/vglut-f-400122-vfb_00015508/	1	1	17
2025-08-02		/org.geppetto.frontend/geppetto	402	22	193
2025-08-02	raw.larval.flylight.virtualflybrain.org	/	3	1	116
2025-08-02	v2.virtualflybrain.org	/org.geppetto.frontend/geppetto	134	23	1009
2025-08-02	virtualflybrain.org	/	4	2	118
2025-08-02	virtualflybrain.org	/about/hosted/	2	2	0
2025-08-02	www.virtualflybrain.org	/	17	12	312
2025-08-02	www.virtualflybrain.org	/about/hosted/	1	1	5
2025-08-02	www.virtualflybrain.org	/blog/releases/catmaid/fafb/	1	1	69
2025-08-02	www.virtualflybrain.org	/blog/releases/catmaid/fanc/	1	1	24
2025-08-02	www.virtualflybrain.org	/docs/	5	4	56
2025-08-02	www.virtualflybrain.org	/docs/concepts/cell_types/	2	1	32
2025-08-02	www.virtualflybrain.org	/docs/concepts/confidence-value/	1	1	18
2025-08-02	www.virtualflybrain.org	/docs/concepts/flylight_tiles/	2	1	57
2025-08-02	www.virtualflybrain.org	/docs/concepts/transgene/	1	1	12
2025-08-02	www.virtualflybrain.org	/docs/examples/circuit-diagram-of-the-mushroom-body/	1	1	31
2025-08-02	www.virtualflybrain.org	/docs/getting-started/	1	1	4
2025-08-02	www.virtualflybrain.org	/docs/getting-started/3dviewer/	1	1	5
2025-08-02	www.virtualflybrain.org	/docs/getting-started/circuitbrowser/	1	1	18
2025-08-02	www.virtualflybrain.org	/docs/getting-started/overview/	1	1	12
2025-08-02	www.virtualflybrain.org	/docs/getting-started/sliceviewer/	2	2	17
2025-08-02	www.virtualflybrain.org	/search/	0	1	35
2025-08-02	www.virtualflybrain.org	/term/pr54a05-gal4.dbd-pr26a03-p65.ad-expression-pattern-vfbexp_fbtp0117221fbtp0117186/	1	1	0
2025-08-02	www.virtualflybrain.org	/term/tomboy20-fbgn0037828/	1	1	3
2025-08-03		/org.geppetto.frontend/geppetto	411	18	123
2025-08-03	129.215.197.120	/	1	1	0
2025-08-03	backend.virtualflybrain.org	/	1	1	0
2025-08-03	kbw.virtualflybrain.org	/	1	1	2
2025-08-03	meet.virtualflybrain.org	/	1	1	2
2025-08-03	v2.virtualflybrain.org	/org.geppetto.frontend/geppetto	149	25	859
2025-08-03	virtualflybrain.org	/	2	2	0
2025-08-03	www.virtualflybrain.org	/	9	6	108
2025-08-03	www.virtualflybrain.org	/about/	2	2	0
2025-08-03	www.virtualflybrain.org	/about/hosted/	1	1	0
2025-08-03	www.virtualflybrain.org	/blog/2022/01/01/aotu020_r-flyem-hb1076173414-vfb_jrchjrel/	1	1	0
2025-08-03	www.virtualflybrain.org	/blog/2022/01/01/clathrin-binding-go_0030276/	1	1	3
2025-08-03	www.virtualflybrain.org	/blog/2022/01/01/nsp14-acts-as-a-3-to-5-exonuclease-to-remove-misincorporated-nucleotides-from-nascent-rna-go_0000175/	1	1	0
2025-08-03	www.virtualflybrain.org	/blog/2024/04/10/transcriptomics-data-available-for-cell-types-on-vfb/	1	1	7
2025-08-03	www.virtualflybrain.org	/blog/2024/07/29/predicted-neurotransmitters-for-em-data-now-available-on-vfb/	1	1	11
2025-08-03	www.virtualflybrain.org	/docs/	1	1	0
2025-08-03	www.virtualflybrain.org	/docs/getting-started/bulkdownloads/	1	1	4
2025-08-03	www.virtualflybrain.org	/tags/fbbi/	1	1	5
2025-08-03	www.virtualflybrain.org	/term/adult-cb3856-neuron-fbbt_20007271/	1	1	74
2025-08-03	www.virtualflybrain.org	/term/larval-dopaminergic-dm3-neuron-fbbt_00110334/	1	1	2
2025-08-04		/org.geppetto.frontend/geppetto	623	32	350
2025-08-04	129.215.197.101	/	1	1	0
2025-08-04	129.215.197.143	/	1	1	0
2025-08-04	129.215.197.144	/	1	2	5
2025-08-04	129.215.197.147	/	1	1	0
2025-08-04	owl.virtualflybrain.org	/	3	1	114
2025-08-04	v2.virtualflybrain.org	/	1	1	0
2025-08-04	v2.virtualflybrain.org	/org.geppetto.frontend/geppetto	220	36	923
2025-08-04	v2a.virtualflybrain.org	/	1	1	0
2025-08-04	v2a.virtualflybrain.org	/org.geppetto.frontend/geppetto	6	3	1915
2025-08-04	virtualflybrain.org	/about/hosted/	1	1	0
2025-08-04	virtualflybrain.org	/docs/concepts/confidence-value/	1	1	1
2025-08-04	virtualflybrain.org	/docs/tutorials/apis/	1	0	0
2025-08-04	www.virtualflybrain.org	/	27	18	325
2025-08-04	www.virtualflybrain.org	/about/hosted/fafb-catmaid/	2	2	10
2025-08-04	www.virtualflybrain.org	/blog/	1	1	6
2025-08-04	www.virtualflybrain.org	/blog/2022/01/01/5-hedh-dehydrogenates-5s-hp-18r-hpepe-to-18r-rve2-go_0003959/	1	1	3
2025-08-04	www.virtualflybrain.org	/blog/2022/01/01/cg12111-fbgn0030050/	1	1	13
2025-08-04	www.virtualflybrain.org	/blog/2022/01/01/mitochondrion-organization-go_0007005/	1	1	18
2025-08-04	www.virtualflybrain.org	/blog/2022/01/01/ppd3-neuroblast-fbbt_00005873/	1	1	22
2025-08-04	www.virtualflybrain.org	/blog/2024/04/30/new-split-gal4-report-pages-on-flybase/	1	1	80
2025-08-04	www.virtualflybrain.org	/blog/releases/catmaid/	1	1	0
2025-08-04	www.virtualflybrain.org	/blog/releases/catmaid/fanc/	1	1	4
2025-08-04	www.virtualflybrain.org	/blog/releases/ontologies/go/	1	1	9
2025-08-04	www.virtualflybrain.org	/docs/	2	2	4
2025-08-04	www.virtualflybrain.org	/docs/examples/circuit-diagram-of-the-mushroom-body/	1	1	6
2025-08-04	www.virtualflybrain.org	/docs/getting-started/3dviewer/	2	2	84
2025-08-04	www.virtualflybrain.org	/docs/getting-started/overview/	1	1	4
2025-08-04	www.virtualflybrain.org	/docs/getting-started/scrnaseq/	1	1	0
2025-08-04	www.virtualflybrain.org	/docs/getting-started/sliceviewer/	2	2	50
2025-08-04	www.virtualflybrain.org	/docs/overview/	1	1	0
2025-08-04	www.virtualflybrain.org	/docs/tutorials/apis/connectome/	1	1	54
2025-08-04	www.virtualflybrain.org	/search/	2	1	8
2025-08-04	www.virtualflybrain.org	/term/adult-hypocerebral-ganglion-fbbt_00004047/	2	1	75
2025-08-04	www.virtualflybrain.org	/term/dorsal-row-fbbt_00004329/	1	1	8
2025-08-04	www.virtualflybrain.org	/term/hexose-metabolic-process-go_0019318/	1	1	6
2025-08-04	www.virtualflybrain.org	/term/pbacnsyb-lexap65-expression-pattern-vfbexp_fbtp0089965/	1	1	3
2025-08-04	www.virtualflybrain.org	/term/plc-gamma-2-mediated-pip2-hydrolysis-go_0004629/	1	1	7
2025-08-04	www.virtualflybrain.org	/term/rhogef64c-fbgn0035574/	1	1	4
2025-08-05		/org.geppetto.frontend/geppetto	2031	46	1711
2025-08-05	129.215.197.101	/	2	2	0
2025-08-05	raw.larval.flylight.virtualflybrain.org	/	1	0	0
2025-08-05	v2.virtualflybrain.org	/org.geppetto.frontend/geppetto	234	50	14972
2025-08-05	v2.virtualflybrain.org	/org.geppetto.frontend/org.geppetto.frontend	3	1	0
2025-08-05	v2a.virtualflybrain.org	/org.geppetto.frontend/geppetto	1	1	356
2025-08-05	virtualflybrain.org	/	4	3	119
2025-08-05	virtualflybrain.org	/about/hosted/	3	3	13
2025-08-05	virtualflybrain.org	/about/hosted/fanc-catmaid/	2	1	0
2025-08-05	virtualflybrain.org	/docs/tutorials/apis/	2	1	0
2025-08-05	virtualflybrain.org	/docs/tutorials/apis/apiimagedownload/	2	1	0
2025-08-05	virtualflybrain.org	/docs/tutorials/apis/connectome/	1	1	0
2025-08-05	virtualflybrain.org	/docs/tutorials/apis/vfbconnect_neuron_display/	1	1	40
2025-08-05	www.virtualflybrain.org	/	41	22	182
2025-08-05	www.virtualflybrain.org	/about/	2	1	279
2025-08-05	www.virtualflybrain.org	/about/hosted/fafb-catmaid/	0	1	67
2025-08-05	www.virtualflybrain.org	/blog/2022/01/01/adult-chordotonal-organ-fbbt_00052719/	1	1	17
2025-08-05	www.virtualflybrain.org	/blog/2022/01/01/adult-prosternal-chordotonal-organ-neuron-fbbt_00053163/	2	1	63
2025-08-05	www.virtualflybrain.org	/blog/2022/01/01/amino-acidmonoatomic-cation-antiporter-activity-go_0140848/	1	1	8
2025-08-05	www.virtualflybrain.org	/blog/2022/01/01/anterior-prothoracic-chordotonal-organ-fbbt_00007656/	1	1	0
2025-08-05	www.virtualflybrain.org	/blog/2022/01/01/ionotropic-glutamate-receptor-signaling-pathway-go_0035235/	1	1	8
2025-08-05	www.virtualflybrain.org	/blog/2022/01/01/prothoracic-dorsal-triscolopidial-chordotonal-organ-dch3-fbbt_00002734/	1	1	11
2025-08-05	www.virtualflybrain.org	/blog/releases/catmaid/	0	1	12
2025-08-05	www.virtualflybrain.org	/blog/releases/catmaid/_print/	1	1	0
2025-08-05	www.virtualflybrain.org	/blog/releases/catmaid/fafb/	1	1	7
2025-08-05	www.virtualflybrain.org	/blog/releases/catmaid/fanc/	2	2	48
2025-08-05	www.virtualflybrain.org	/blog/releases/ontologies/fbbt/	1	1	12
2025-08-05	www.virtualflybrain.org	/docs/	7	5	34
2025-08-05	www.virtualflybrain.org	/docs/concepts/flylight_tiles/	1	1	26
2025-08-05	www.virtualflybrain.org	/docs/concepts/nblast/	1	1	56
2025-08-05	www.virtualflybrain.org	/docs/concepts/templates/	2	1	86
2025-08-05	www.virtualflybrain.org	/docs/examples/circuit-diagram-of-the-mushroom-body/	1	1	8
2025-08-05	www.virtualflybrain.org	/docs/getting-started/	6	5	49
2025-08-05	www.virtualflybrain.org	/docs/getting-started/3dviewer/	1	1	3
2025-08-05	www.virtualflybrain.org	/docs/getting-started/bulkdownloads/	1	1	0
2025-08-05	www.virtualflybrain.org	/docs/getting-started/circuitbrowser/	1	1	2
2025-08-05	www.virtualflybrain.org	/docs/getting-started/overview/	3	3	35
2025-08-05	www.virtualflybrain.org	/docs/getting-started/scrnaseq/	1	1	3
2025-08-05	www.virtualflybrain.org	/docs/getting-started/sliceviewer/	2	1	5
2025-08-05	www.virtualflybrain.org	/docs/tutorials/apis/apiimagedownload/	1	1	0
2025-08-05	www.virtualflybrain.org	/search/	6	2	152
2025-08-05	www.virtualflybrain.org	/site/stacks/index.htm	1	1	2
2025-08-05	www.virtualflybrain.org	/tags/ganglion/	1	1	5
2025-08-05	www.virtualflybrain.org	/tags/mechanosensory_system/	3	1	46
2025-08-05	www.virtualflybrain.org	/tags/proprioceptive_system/	1	1	52
2025-08-05	www.virtualflybrain.org	/tags/sense_organ/	1	1	8
2025-08-05	www.virtualflybrain.org	/term/adult-central-complex-fbbt_00003632/	1	1	4
2025-08-05	www.virtualflybrain.org	/term/adult-fruitless-aip-e-neuron-fbbt_00052697/	1	1	12
2025-08-05	www.virtualflybrain.org	/term/adult-fruitless-aip-g-neuron-fbbt_00052698/	1	1	2
2025-08-05	www.virtualflybrain.org	/term/adult-subesophageal-zone-fbbt_00110639/	1	1	10
2025-08-05	www.virtualflybrain.org	/term/fructokinase-activity-go_0008865/	1	1	0
2025-08-05	www.virtualflybrain.org	/term/hexose-metabolic-process-go_0019318/	1	1	7
2025-08-05	www.virtualflybrain.org	/term/octopaminergic-al2b1-neuron-fbbt_00110146/	1	1	1
2025-08-05	www.virtualflybrain.org	/term/pbacgmr57c10-lexa-expression-pattern-vfbexp_fbtp0115093/	1	1	3
2025-08-05	www.virtualflybrain.org	/term/pbacnsyb-lexap65-expression-pattern-vfbexp_fbtp0089965/	2	1	11
2025-08-05	www.virtualflybrain.org	/term/plc-gamma-2-mediated-pip2-hydrolysis-go_0004629/	1	1	7
2025-08-05	www.virtualflybrain.org	/term/protein_coding_gene-so_0001217/	1	1	12
2025-08-05	www.virtualflybrain.org	/term/prothoracic-femoral-chordotonal-organ-2-fbbt_00004273/	1	1	11
2025-08-05	www.virtualflybrain.org	/term/pvt006879-gal4-expression-pattern-vfbexp_fbtp0105234/	1	1	5
2025-08-05	www.virtualflybrain.org	/term/subregion-ad-of-ammc-zone-a-fbbt_00047899/	1	1	0
2025-08-06		/org.geppetto.frontend/geppetto	8428	376	8432
2025-08-06	129.215.197.101	/	2	2	0
2025-08-06	129.215.197.110	/	1	2	3
2025-08-06	129.215.197.120	/	1	1	0
2025-08-06	2.virtualflybrain.org	/	1	1	2
2025-08-06	3073b8e6-10d4-4a31-9d08-0d544dfb14c5.virtualflybrain.org	/	0	1	5
2025-08-06	fanc.catmaid.virtualflybrain.org	/	1	1	13
2025-08-06	fanc.catmaid.virtualflybrain.org	/apis/	1	1	7
2025-08-06	flybrain.inf.ed.ac.uk	/	0	1	7
2025-08-06	flybrain.mrc-lmb.cam.ac.uk	/si/nblast/www/	1	1	2
2025-08-06	jupyter.virtualflybrain.org	/	0	1	3
2025-08-06	pdl.virtualflybrain.org	/	1	1	0
2025-08-06	raw.larval.flylight.virtualflybrain.org	/	2	1	5
2025-08-06	raw.larval.flylight.virtualflybrain.org	/explore/splits	193	1	2858
2025-08-06	v2.virtualflybrain.org	/	17	17	5
2025-08-06	v2.virtualflybrain.org	/org.geppetto.frontend/geppetto	863	419	32147
2025-08-06	v2.virtualflybrain.org	/org.geppetto.frontend/org.geppetto.frontend	1	1	0
2025-08-06	v2a.virtualflybrain.org	/org.geppetto.frontend/geppetto	5	1	159
2025-08-06	virtualflybrain.org	/	4	5	19
2025-08-06	virtualflybrain.org	/about/hosted/	2	1	8
2025-08-06	virtualflybrain.org	/about/hosted/fafb-catmaid/	1	1	24
2025-08-06	virtualflybrain.org	/about/hosted/fanc-catmaid/	2	0	0
2025-08-06	vs.virtualflybrain.org	/	1	1	1
2025-08-06	www.virtualflybrain.org	/	113	88	979
2025-08-06	www.virtualflybrain.org	/about/	33	21	287
2025-08-06	www.virtualflybrain.org	/about/collaborators/	1	1	6
2025-08-06	www.virtualflybrain.org	/about/contributors/	3	2	52
2025-08-06	www.virtualflybrain.org	/about/hosted/	3	2	3
2025-08-06	www.virtualflybrain.org	/about/hosted/fafb-catmaid/	1	1	28
2025-08-06	www.virtualflybrain.org	/about/members/	1	1	6
2025-08-06	www.virtualflybrain.org	/about/publications/	1	1	12
2025-08-06	www.virtualflybrain.org	/about/whatisvfb/	1	1	2
2025-08-06	www.virtualflybrain.org	/blog/	5	1	70
2025-08-06	www.virtualflybrain.org	/blog/2022/01/01/adult-dorsal-giant-interneuron-fbbt_00047215/	1	1	32
2025-08-06	www.virtualflybrain.org	/blog/2022/01/01/anterior-prothoracic-chordotonal-organ-fbbt_00007656/	1	0	0
2025-08-06	www.virtualflybrain.org	/blog/2022/01/01/imaging-method-fbbi_00000222/	1	1	183
2025-08-06	www.virtualflybrain.org	/blog/2022/01/01/octopaminergic-asm-neuron-fbbt_00110167/	2	1	38
2025-08-06	www.virtualflybrain.org	/blog/2022/01/01/positive-regulation-of-blood-circulation-go_1903524/	1	1	6
2025-08-06	www.virtualflybrain.org	/blog/releases/catmaid/	2	2	17
2025-08-06	www.virtualflybrain.org	/blog/releases/catmaid/fafb/	2	2	35
2025-08-06	www.virtualflybrain.org	/blog/releases/catmaid/fanc/	1	1	15
2025-08-06	www.virtualflybrain.org	/blog/releases/catmaid/l1em/	1	1	12
2025-08-06	www.virtualflybrain.org	/blog/releases/ontologies/fbbi/	1	1	0
2025-08-06	www.virtualflybrain.org	/docs/	11	8	57
2025-08-06	www.virtualflybrain.org	/docs/concepts/	2	2	35
2025-08-06	www.virtualflybrain.org	/docs/concepts/bridging/	3	2	14
2025-08-06	www.virtualflybrain.org	/docs/concepts/cell_types/	2	1	3
2025-08-06	www.virtualflybrain.org	/docs/concepts/confidence-value/	2	1	7
2025-08-06	www.virtualflybrain.org	/docs/concepts/flylight_tiles/	1	1	6
2025-08-06	www.virtualflybrain.org	/docs/concepts/nblast/	6	2	161
2025-08-06	www.virtualflybrain.org	/docs/concepts/splits/	3	2	175
2025-08-06	www.virtualflybrain.org	/docs/concepts/templates/	4	2	10
2025-08-06	www.virtualflybrain.org	/docs/concepts/transgene/	5	4	68
2025-08-06	www.virtualflybrain.org	/docs/examples/circuit-diagram-of-the-mushroom-body/	4	3	62
2025-08-06	www.virtualflybrain.org	/docs/getting-started/	3	3	123
2025-08-06	www.virtualflybrain.org	/docs/getting-started/3dviewer/	2	2	18
2025-08-06	www.virtualflybrain.org	/docs/getting-started/bulkdownloads/	4	4	133
2025-08-06	www.virtualflybrain.org	/docs/getting-started/circuitbrowser/	1	1	76
2025-08-06	www.virtualflybrain.org	/docs/getting-started/overview/	0	1	202
2025-08-06	www.virtualflybrain.org	/docs/getting-started/scrnaseq/	3	3	36
2025-08-06	www.virtualflybrain.org	/docs/getting-started/similarityscore/	2	1	77
2025-08-06	www.virtualflybrain.org	/docs/getting-started/sliceviewer/	4	2	60
2025-08-06	www.virtualflybrain.org	/docs/getting-started/termcontext/	1	1	101
2025-08-06	www.virtualflybrain.org	/docs/getting-started/terminfo/	1	1	53
2025-08-06	www.virtualflybrain.org	/docs/getting-started/thumbnails/	2	1	159
2025-08-06	www.virtualflybrain.org	/docs/overview/	2	2	9
2025-08-06	www.virtualflybrain.org	/docs/tutorials/	1	1	5
2025-08-06	www.virtualflybrain.org	/docs/tutorials/apis/	2	2	26
2025-08-06	www.virtualflybrain.org	/docs/tutorials/apis/1_datatypes/	1	1	7
2025-08-06	www.virtualflybrain.org	/docs/tutorials/apis/2_plotting/	1	1	76
2025-08-06	www.virtualflybrain.org	/docs/tutorials/apis/3_pymaid/	1	1	0
2025-08-06	www.virtualflybrain.org	/docs/tutorials/apis/4_nblast/	1	1	56
2025-08-06	www.virtualflybrain.org	/docs/tutorials/apis/apiimagedownload/	0	1	46
2025-08-06	www.virtualflybrain.org	/docs/tutorials/apis/connectome/	1	1	9
2025-08-06	www.virtualflybrain.org	/docs/tutorials/apis/connectome/2_mapping/	1	1	8
2025-08-06	www.virtualflybrain.org	/docs/tutorials/apis/vfbconnect_neuron_display/	4	3	46
2025-08-06	www.virtualflybrain.org	/en/docs/tutorials/apis/apiimagedownload/	2	1	12
2025-08-06	www.virtualflybrain.org	/search/	3	1	469
2025-08-06	www.virtualflybrain.org	/site/stacks/index.htm	3	1	9
2025-08-06	www.virtualflybrain.org	/tags/expression_pattern/	1	1	0
2025-08-06	www.virtualflybrain.org	/tags/fbbi/	1	1	12
2025-08-06	www.virtualflybrain.org	/tags/obj/	2	2	11
2025-08-06	www.virtualflybrain.org	/tags/slice/	1	1	8
2025-08-06	www.virtualflybrain.org	/tags/vfbexp/	1	0	0
2025-08-06	www.virtualflybrain.org	/term/cellular-amino-acid-biosynthetic-process-go_0008652/	1	1	1
2025-08-06	www.virtualflybrain.org	/term/collagen-fibril-organization-go_0030199/	1	1	5
2025-08-06	www.virtualflybrain.org	/term/em-fafb-turner-evans-et-al-2020-turner_evans2020/	1	1	45
2025-08-06	www.virtualflybrain.org	/term/prow-fbbt_00040051/	2	1	14
2025-08-06	www.virtualflybrain.org	/term/rhogef64c-fbgn0035574/	1	1	4
2025-08-07		/org.geppetto.frontend/geppetto	9555	696	6901
2025-08-07	2.virtualflybrain.org	/	1	1	9
2025-08-07	flybrain.mrc-lmb.cam.ac.uk	/si/nblast/www/	1	1	1
2025-08-07	github.com	/VirtualFlyBrain/graph_queries/blob/main/weighted_path.md	1	1	7
2025-08-07	groups.google.com	/g/vfb-suport	1	1	3
2025-08-07	pypi.org	/project/vfb-connect/	1	1	9
2025-08-07	raw.larval.flylight.virtualflybrain.org	/	4	3	22
2025-08-07	raw.larval.flylight.virtualflybrain.org	/explore/splits	577	3	23963
2025-08-07	twitter.com	/virtualflybrain	1	1	11
2025-08-07	v2.virtualflybrain.org	/	34	30	34
2025-08-07	v2.virtualflybrain.org	/org.geppetto.frontend/geppetto	1689	811	46291
2025-08-07	v2.virtualflybrain.org	/org.geppetto.frontend/geppetto/VFB_00101567	2	2	6
2025-08-07	v2.virtualflybrain.org	/org.geppetto.frontend/geppetto/geppetto/build/static/geppetto/build/static/geppetto/build/static/geppetto/build/static/geppetto/build/static/geppetto/build/static/geppetto/build/static/geppetto/build/static/geppetto/build/static/geppetto/build/static/geppetto/build/static/geppetto/build/static/geppetto/build/static/geppetto/build/static/geppetto/build/static/geppetto/build/static/geppetto/build/static/geppetto/build/static/geppetto/build/static/geppetto/build/static/geppetto/build/static/geppetto/build/static/geppetto/build/static/geppetto/build/static/geppetto/build/static/geppetto/build/static/geppetto/build/static/geppetto/build/static/geppetto/build/static/geppetto/build/static/geppetto/build/static/geppetto/build/static/geppetto/build/static/geppetto/build/static/geppetto/build/static/geppetto/build/static/geppetto/build/static/geppetto/build/static/geppetto/build/static/geppetto/build/static/geppetto/build/static/geppetto/build/static/geppetto/build	8	1	0
2025-08-07	v2.virtualflybrain.org	/org.geppetto.frontend/geppetto/geppetto/build/static/geppetto/build/static/geppetto/build/static/geppetto/build/static/geppetto/build/static/geppetto/build/static/geppetto/build/static/geppetto/build/static/geppetto/build/static/geppetto/build/static/geppetto/build/static/geppetto/build/static/geppetto/build/static/geppetto/build/static/geppetto/build/static/geppetto/build/static/geppetto/build/static/geppetto/build/static/geppetto/build/static/geppetto/build/static/geppetto/build/static/geppetto/build/static/geppetto/build/static/geppetto/build/static/geppetto/build/static/geppetto/build/static/geppetto/build/static/geppetto/build/static/geppetto/build/static/geppetto/build/static/geppetto/build/static/geppetto/build/static/geppetto/build/static/geppetto/build/static/geppetto/build/static/geppetto/build/static/geppetto/build/static/geppetto/build/static/geppetto/build/static/geppetto/build/static/geppetto/build/static/geppetto/build/static/splash.gif	1	1	0
2025-08-07	v2.virtualflybrain.org	/org.geppetto.frontend/geppetto/geppetto/build/static/geppetto/build/static/geppetto/build/static/geppetto/build/static/geppetto/build/static/geppetto/build/static/geppetto/build/static/geppetto/build/static/geppetto/build/static/geppetto/build/static/geppetto/build/static/geppetto/build/static/geppetto/build/static/geppetto/build/static/geppetto/build/static/geppetto/build/static/geppetto/build/static/geppetto/build/static/geppetto/build/static/geppetto/build/static/geppetto/build/static/geppetto/build/static/geppetto/build/static/geppetto/build/static/geppetto/build/static/geppetto/build/static/geppetto/build/static/geppetto/build/static/geppetto/build/static/geppetto/build/static/geppetto/build/static/geppetto/build/static/geppetto/build/static/geppetto/build/static/geppetto/build/static/geppetto/build/static/geppetto/build/static/geppetto/build/static/geppetto/build/static/geppetto/build/static/geppetto/build/static/splash.gif	1	1	0
2025-08-07	v2.virtualflybrain.org	/org.geppetto.frontend/geppetto/geppetto/build/static/geppetto/build/static/geppetto/build/static/geppetto/build/static/geppetto/build/static/geppetto/build/static/geppetto/build/static/geppetto/build/static/geppetto/build/static/geppetto/build/static/geppetto/build/static/geppetto/build/static/geppetto/build/static/geppetto/build/static/geppetto/build/static/geppetto/build/static/geppetto/build/static/geppetto/build/static/geppetto/build/static/geppetto/build/static/geppetto/build/static/geppetto/build/static/geppetto/build/static/geppetto/build/static/geppetto/build/static/geppetto/build/static/geppetto/build/static/geppetto/build/static/geppetto/build/static/geppetto/build/static/geppetto/build/static/geppetto/build/static/geppetto/build/static/geppetto/build/static/geppetto/build/static/geppetto/build/static/geppetto/build/static/geppetto/build/static/geppetto/build/static/geppetto/build/static/splash.gif	1	1	0
2025-08-07	v2.virtualflybrain.org	/org.geppetto.frontend/geppetto/geppetto/build/static/geppetto/build/static/geppetto/build/static/geppetto/build/static/geppetto/build/static/geppetto/build/static/geppetto/build/static/geppetto/build/static/geppetto/build/static/geppetto/build/static/geppetto/build/static/geppetto/build/static/geppetto/build/static/geppetto/build/static/geppetto/build/static/geppetto/build/static/geppetto/build/static/geppetto/build/static/geppetto/build/static/geppetto/build/static/geppetto/build/static/geppetto/build/static/geppetto/build/static/geppetto/build/static/geppetto/build/static/geppetto/build/static/geppetto/build/static/geppetto/build/static/geppetto/build/static/geppetto/build/static/geppetto/build/static/geppetto/build/static/geppetto/build/static/geppetto/build/static/geppetto/build/static/geppetto/build/static/geppetto/build/static/geppetto/build/static/geppetto/build/static/splash.gif	1	1	0
2025-08-07	v2.virtualflybrain.org	/org.geppetto.frontend/geppetto/geppetto/build/static/geppetto/build/static/geppetto/build/static/geppetto/build/static/geppetto/build/static/geppetto/build/static/geppetto/build/static/geppetto/build/static/geppetto/build/static/geppetto/build/static/geppetto/build/static/geppetto/build/static/geppetto/build/static/geppetto/build/static/geppetto/build/static/geppetto/build/static/geppetto/build/static/geppetto/build/static/geppetto/build/static/geppetto/build/static/geppetto/build/static/geppetto/build/static/geppetto/build/static/geppetto/build/static/geppetto/build/static/geppetto/build/static/geppetto/build/static/geppetto/build/static/geppetto/build/static/geppetto/build/static/geppetto/build/static/geppetto/build/static/geppetto/build/static/geppetto/build/static/geppetto/build/static/geppetto/build/static/geppetto/build/static/geppetto/build/static/splash.gif	1	1	0
2025-08-07	v2.virtualflybrain.org	/org.geppetto.frontend/geppetto/geppetto/build/static/geppetto/build/static/geppetto/build/static/geppetto/build/static/geppetto/build/static/geppetto/build/static/geppetto/build/static/geppetto/build/static/geppetto/build/static/geppetto/build/static/geppetto/build/static/geppetto/build/static/geppetto/build/static/geppetto/build/static/geppetto/build/static/geppetto/build/static/geppetto/build/static/geppetto/build/static/geppetto/build/static/geppetto/build/static/geppetto/build/static/geppetto/build/static/geppetto/build/static/geppetto/build/static/geppetto/build/static/geppetto/build/static/geppetto/build/static/geppetto/build/static/geppetto/build/static/geppetto/build/static/geppetto/build/static/geppetto/build/static/geppetto/build/static/geppetto/build/static/geppetto/build/static/geppetto/build/static/geppetto/build/static/splash.gif	1	1	0
2025-08-07	v2.virtualflybrain.org	/org.geppetto.frontend/geppetto/geppetto/build/static/geppetto/build/static/geppetto/build/static/geppetto/build/static/geppetto/build/static/geppetto/build/static/geppetto/build/static/geppetto/build/static/geppetto/build/static/geppetto/build/static/geppetto/build/static/geppetto/build/static/geppetto/build/static/geppetto/build/static/geppetto/build/static/geppetto/build/static/geppetto/build/static/geppetto/build/static/geppetto/build/static/geppetto/build/static/geppetto/build/static/geppetto/build/static/geppetto/build/static/geppetto/build/static/geppetto/build/static/geppetto/build/static/geppetto/build/static/geppetto/build/static/geppetto/build/static/geppetto/build/static/geppetto/build/static/geppetto/build/static/geppetto/build/static/geppetto/build/static/geppetto/build/static/geppetto/build/static/splash.gif	1	1	0
2025-08-07	v2.virtualflybrain.org	/org.geppetto.frontend/geppetto/geppetto/build/static/geppetto/build/static/geppetto/build/static/geppetto/build/static/geppetto/build/static/geppetto/build/static/geppetto/build/static/geppetto/build/static/geppetto/build/static/geppetto/build/static/geppetto/build/static/geppetto/build/static/geppetto/build/static/geppetto/build/static/geppetto/build/static/geppetto/build/static/geppetto/build/static/geppetto/build/static/geppetto/build/static/geppetto/build/static/geppetto/build/static/geppetto/build/static/geppetto/build/static/geppetto/build/static/geppetto/build/static/geppetto/build/static/geppetto/build/static/geppetto/build/static/geppetto/build/static/geppetto/build/static/geppetto/build/static/geppetto/build/static/geppetto/build/static/geppetto/build/static/geppetto/build/static/splash.gif	1	1	0
2025-08-07	v2.virtualflybrain.org	/org.geppetto.frontend/geppetto/geppetto/build/static/geppetto/build/static/geppetto/build/static/geppetto/build/static/geppetto/build/static/geppetto/build/static/geppetto/build/static/geppetto/build/static/geppetto/build/static/geppetto/build/static/geppetto/build/static/geppetto/build/static/geppetto/build/static/geppetto/build/static/geppetto/build/static/geppetto/build/static/geppetto/build/static/geppetto/build/static/geppetto/build/static/geppetto/build/static/geppetto/build/static/geppetto/build/static/geppetto/build/static/geppetto/build/static/geppetto/build/static/geppetto/build/static/geppetto/build/static/geppetto/build/static/geppetto/build/static/geppetto/build/static/geppetto/build/static/geppetto/build/static/geppetto/build/static/geppetto/build/static/splash.gif	1	1	0
2025-08-07	v2.virtualflybrain.org	/org.geppetto.frontend/geppetto/geppetto/build/static/geppetto/build/static/geppetto/build/static/geppetto/build/static/geppetto/build/static/geppetto/build/static/geppetto/build/static/geppetto/build/static/geppetto/build/static/geppetto/build/static/geppetto/build/static/geppetto/build/static/geppetto/build/static/geppetto/build/static/geppetto/build/static/geppetto/build/static/geppetto/build/static/geppetto/build/static/geppetto/build/static/geppetto/build/static/geppetto/build/static/geppetto/build/static/geppetto/build/static/geppetto/build/static/geppetto/build/static/geppetto/build/static/geppetto/build/static/geppetto/build/static/geppetto/build/static/geppetto/build/static/geppetto/build/static/geppetto/build/static/geppetto/build/static/splash.gif	1	1	0
2025-08-07	v2.virtualflybrain.org	/org.geppetto.frontend/geppetto/geppetto/build/static/geppetto/build/static/geppetto/build/static/geppetto/build/static/geppetto/build/static/geppetto/build/static/geppetto/build/static/geppetto/build/static/geppetto/build/static/geppetto/build/static/geppetto/build/static/geppetto/build/static/geppetto/build/static/geppetto/build/static/geppetto/build/static/geppetto/build/static/geppetto/build/static/geppetto/build/static/geppetto/build/static/geppetto/build/static/geppetto/build/static/geppetto/build/static/geppetto/build/static/geppetto/build/static/geppetto/build/static/geppetto/build/static/geppetto/build/static/geppetto/build/static/geppetto/build/static/geppetto/build/static/geppetto/build/static/geppetto/build/static/splash.gif	2	2	0
2025-08-07	v2.virtualflybrain.org	/org.geppetto.frontend/geppetto/geppetto/build/static/geppetto/build/static/geppetto/build/static/geppetto/build/static/geppetto/build/static/geppetto/build/static/geppetto/build/static/geppetto/build/static/geppetto/build/static/geppetto/build/static/geppetto/build/static/geppetto/build/static/geppetto/build/static/geppetto/build/static/geppetto/build/static/geppetto/build/static/geppetto/build/static/geppetto/build/static/geppetto/build/static/geppetto/build/static/geppetto/build/static/geppetto/build/static/geppetto/build/static/geppetto/build/static/geppetto/build/static/geppetto/build/static/geppetto/build/static/geppetto/build/static/geppetto/build/static/geppetto/build/static/geppetto/build/static/splash.gif	2	2	0
2025-08-07	v2.virtualflybrain.org	/org.geppetto.frontend/geppetto/geppetto/build/static/geppetto/build/static/geppetto/build/static/geppetto/build/static/geppetto/build/static/geppetto/build/static/geppetto/build/static/geppetto/build/static/geppetto/build/static/geppetto/build/static/geppetto/build/static/geppetto/build/static/geppetto/build/static/geppetto/build/static/geppetto/build/static/geppetto/build/static/geppetto/build/static/geppetto/build/static/geppetto/build/static/geppetto/build/static/geppetto/build/static/geppetto/build/static/geppetto/build/static/geppetto/build/static/geppetto/build/static/geppetto/build/static/geppetto/build/static/geppetto/build/static/geppetto/build/static/geppetto/build/static/splash.gif	2	2	0
2025-08-07	v2.virtualflybrain.org	/org.geppetto.frontend/geppetto/geppetto/build/static/geppetto/build/static/geppetto/build/static/geppetto/build/static/geppetto/build/static/geppetto/build/static/geppetto/build/static/geppetto/build/static/geppetto/build/static/geppetto/build/static/geppetto/build/static/geppetto/build/static/geppetto/build/static/geppetto/build/static/geppetto/build/static/geppetto/build/static/geppetto/build/static/geppetto/build/static/geppetto/build/static/geppetto/build/static/geppetto/build/static/geppetto/build/static/geppetto/build/static/geppetto/build/static/geppetto/build/static/geppetto/build/static/geppetto/build/static/geppetto/build/static/geppetto/build/static/splash.gif	2	2	0
2025-08-07	v2.virtualflybrain.org	/org.geppetto.frontend/geppetto/geppetto/build/static/geppetto/build/static/geppetto/build/static/geppetto/build/static/geppetto/build/static/geppetto/build/static/geppetto/build/static/geppetto/build/static/geppetto/build/static/geppetto/build/static/geppetto/build/static/geppetto/build/static/geppetto/build/static/geppetto/build/static/geppetto/build/static/geppetto/build/static/geppetto/build/static/geppetto/build/static/geppetto/build/static/geppetto/build/static/geppetto/build/static/geppetto/build/static/geppetto/build/static/geppetto/build/static/geppetto/build/static/geppetto/build/static/geppetto/build/static/geppetto/build/static/splash.gif	2	2	0
2025-08-07	v2.virtualflybrain.org	/org.geppetto.frontend/geppetto/geppetto/build/static/geppetto/build/static/geppetto/build/static/geppetto/build/static/geppetto/build/static/geppetto/build/static/geppetto/build/static/geppetto/build/static/geppetto/build/static/geppetto/build/static/geppetto/build/static/geppetto/build/static/geppetto/build/static/geppetto/build/static/geppetto/build/static/geppetto/build/static/geppetto/build/static/geppetto/build/static/geppetto/build/static/geppetto/build/static/geppetto/build/static/geppetto/build/static/geppetto/build/static/geppetto/build/static/geppetto/build/static/geppetto/build/static/geppetto/build/static/splash.gif	2	2	0
2025-08-07	v2.virtualflybrain.org	/org.geppetto.frontend/geppetto/geppetto/build/static/geppetto/build/static/geppetto/build/static/geppetto/build/static/geppetto/build/static/geppetto/build/static/geppetto/build/static/geppetto/build/static/geppetto/build/static/geppetto/build/static/geppetto/build/static/geppetto/build/static/geppetto/build/static/geppetto/build/static/geppetto/build/static/geppetto/build/static/geppetto/build/static/geppetto/build/static/geppetto/build/static/geppetto/build/static/geppetto/build/static/geppetto/build/static/geppetto/build/static/geppetto/build/static/geppetto/build/static/geppetto/build/static/splash.gif	2	2	0
2025-08-07	v2.virtualflybrain.org	/org.geppetto.frontend/geppetto/geppetto/build/static/geppetto/build/static/geppetto/build/static/geppetto/build/static/geppetto/build/static/geppetto/build/static/geppetto/build/static/geppetto/build/static/geppetto/build/static/geppetto/build/static/geppetto/build/static/geppetto/build/static/geppetto/build/static/geppetto/build/static/geppetto/build/static/geppetto/build/static/geppetto/build/static/geppetto/build/static/geppetto/build/static/geppetto/build/static/geppetto/build/static/geppetto/build/static/geppetto/build/static/geppetto/build/static/geppetto/build/static/splash.gif	2	2	0
2025-08-07	v2.virtualflybrain.org	/org.geppetto.frontend/geppetto/geppetto/build/static/geppetto/build/static/geppetto/build/static/geppetto/build/static/geppetto/build/static/geppetto/build/static/geppetto/build/static/geppetto/build/static/geppetto/build/static/geppetto/build/static/geppetto/build/static/geppetto/build/static/geppetto/build/static/geppetto/build/static/geppetto/build/static/geppetto/build/static/geppetto/build/static/geppetto/build/static/geppetto/build/static/geppetto/build/static/geppetto/build/static/geppetto/build/static/geppetto/build/static/geppetto/build/static/splash.gif	2	2	0
2025-08-07	v2.virtualflybrain.org	/org.geppetto.frontend/geppetto/geppetto/build/static/geppetto/build/static/geppetto/build/static/geppetto/build/static/geppetto/build/static/geppetto/build/static/geppetto/build/static/geppetto/build/static/geppetto/build/static/geppetto/build/static/geppetto/build/static/geppetto/build/static/geppetto/build/static/geppetto/build/static/geppetto/build/static/geppetto/build/static/geppetto/build/static/geppetto/build/static/geppetto/build/static/geppetto/build/static/geppetto/build/static/geppetto/build/static/geppetto/build/static/splash.gif	2	2	0
2025-08-07	v2.virtualflybrain.org	/org.geppetto.frontend/geppetto/geppetto/build/static/geppetto/build/static/geppetto/build/static/geppetto/build/static/geppetto/build/static/geppetto/build/static/geppetto/build/static/geppetto/build/static/geppetto/build/static/geppetto/build/static/geppetto/build/static/geppetto/build/static/geppetto/build/static/geppetto/build/static/geppetto/build/static/geppetto/build/static/geppetto/build/static/geppetto/build/static/geppetto/build/static/geppetto/build/static/geppetto/build/static/geppetto/build/static/splash.gif	2	2	0
2025-08-07	v2.virtualflybrain.org	/org.geppetto.frontend/geppetto/geppetto/build/static/geppetto/build/static/geppetto/build/static/geppetto/build/static/geppetto/build/static/geppetto/build/static/geppetto/build/static/geppetto/build/static/geppetto/build/static/geppetto/build/static/geppetto/build/static/geppetto/build/static/geppetto/build/static/geppetto/build/static/geppetto/build/static/geppetto/build/static/geppetto/build/static/geppetto/build/static/geppetto/build/static/geppetto/build/static/geppetto/build/static/splash.gif	2	2	0
2025-08-07	v2.virtualflybrain.org	/org.geppetto.frontend/geppetto/geppetto/build/static/geppetto/build/static/geppetto/build/static/geppetto/build/static/geppetto/build/static/geppetto/build/static/geppetto/build/static/geppetto/build/static/geppetto/build/static/geppetto/build/static/geppetto/build/static/geppetto/build/static/geppetto/build/static/geppetto/build/static/geppetto/build/static/geppetto/build/static/geppetto/build/static/geppetto/build/static/geppetto/build/static/geppetto/build/static/splash.gif	2	2	0
2025-08-07	v2.virtualflybrain.org	/org.geppetto.frontend/geppetto/geppetto/build/static/geppetto/build/static/geppetto/build/static/geppetto/build/static/geppetto/build/static/geppetto/build/static/geppetto/build/static/geppetto/build/static/geppetto/build/static/geppetto/build/static/geppetto/build/static/geppetto/build/static/geppetto/build/static/geppetto/build/static/geppetto/build/static/geppetto/build/static/geppetto/build/static/geppetto/build/static/geppetto/build/static/splash.gif	2	2	0
2025-08-07	v2.virtualflybrain.org	/org.geppetto.frontend/geppetto/geppetto/build/static/geppetto/build/static/geppetto/build/static/geppetto/build/static/geppetto/build/static/geppetto/build/static/geppetto/build/static/geppetto/build/static/geppetto/build/static/geppetto/build/static/geppetto/build/static/geppetto/build/static/geppetto/build/static/geppetto/build/static/geppetto/build/static/geppetto/build/static/geppetto/build/static/geppetto/build/static/splash.gif	2	2	0
2025-08-07	v2.virtualflybrain.org	/org.geppetto.frontend/geppetto/geppetto/build/static/geppetto/build/static/geppetto/build/static/geppetto/build/static/geppetto/build/static/geppetto/build/static/geppetto/build/static/geppetto/build/static/geppetto/build/static/geppetto/build/static/geppetto/build/static/geppetto/build/static/geppetto/build/static/geppetto/build/static/geppetto/build/static/geppetto/build/static/geppetto/build/static/splash.gif	2	2	0
2025-08-07	v2.virtualflybrain.org	/org.geppetto.frontend/geppetto/geppetto/build/static/geppetto/build/static/geppetto/build/static/geppetto/build/static/geppetto/build/static/geppetto/build/static/geppetto/build/static/geppetto/build/static/geppetto/build/static/geppetto/build/static/geppetto/build/static/geppetto/build/static/geppetto/build/static/geppetto/build/static/geppetto/build/static/geppetto/build/static/splash.gif	2	2	0
2025-08-07	v2.virtualflybrain.org	/org.geppetto.frontend/geppetto/geppetto/build/static/geppetto/build/static/geppetto/build/static/geppetto/build/static/geppetto/build/static/geppetto/build/static/geppetto/build/static/geppetto/build/static/geppetto/build/static/geppetto/build/static/geppetto/build/static/geppetto/build/static/geppetto/build/static/geppetto/build/static/geppetto/build/static/splash.gif	2	2	0
2025-08-07	v2.virtualflybrain.org	/org.geppetto.frontend/geppetto/geppetto/build/static/geppetto/build/static/geppetto/build/static/geppetto/build/static/geppetto/build/static/geppetto/build/static/geppetto/build/static/geppetto/build/static/geppetto/build/static/geppetto/build/static/geppetto/build/static/geppetto/build/static/geppetto/build/static/geppetto/build/static/splash.gif	2	2	0
2025-08-07	v2.virtualflybrain.org	/org.geppetto.frontend/geppetto/geppetto/build/static/geppetto/build/static/geppetto/build/static/geppetto/build/static/geppetto/build/static/geppetto/build/static/geppetto/build/static/geppetto/build/static/geppetto/build/static/geppetto/build/static/geppetto/build/static/geppetto/build/static/geppetto/build/static/splash.gif	2	2	0
2025-08-07	v2.virtualflybrain.org	/org.geppetto.frontend/geppetto/geppetto/build/static/geppetto/build/static/geppetto/build/static/geppetto/build/static/geppetto/build/static/geppetto/build/static/geppetto/build/static/geppetto/build/static/geppetto/build/static/geppetto/build/static/geppetto/build/static/geppetto/build/static/splash.gif	2	2	0
2025-08-07	v2.virtualflybrain.org	/org.geppetto.frontend/geppetto/geppetto/build/static/geppetto/build/static/geppetto/build/static/geppetto/build/static/geppetto/build/static/geppetto/build/static/geppetto/build/static/geppetto/build/static/geppetto/build/static/geppetto/build/static/geppetto/build/static/splash.gif	2	2	0
2025-08-07	v2.virtualflybrain.org	/org.geppetto.frontend/geppetto/geppetto/build/static/geppetto/build/static/geppetto/build/static/geppetto/build/static/geppetto/build/static/geppetto/build/static/geppetto/build/static/geppetto/build/static/geppetto/build/static/geppetto/build/static/splash.gif	2	2	0
2025-08-07	v2.virtualflybrain.org	/org.geppetto.frontend/geppetto/geppetto/build/static/geppetto/build/static/geppetto/build/static/geppetto/build/static/geppetto/build/static/geppetto/build/static/geppetto/build/static/geppetto/build/static/geppetto/build/static/splash.gif	2	2	0
2025-08-07	v2.virtualflybrain.org	/org.geppetto.frontend/geppetto/geppetto/build/static/geppetto/build/static/geppetto/build/static/geppetto/build/static/geppetto/build/static/geppetto/build/static/geppetto/build/static/geppetto/build/static/splash.gif	2	2	0
2025-08-07	v2.virtualflybrain.org	/org.geppetto.frontend/geppetto/geppetto/build/static/geppetto/build/static/geppetto/build/static/geppetto/build/static/geppetto/build/static/geppetto/build/static/geppetto/build/static/splash.gif	2	2	0
2025-08-07	v2.virtualflybrain.org	/org.geppetto.frontend/geppetto/geppetto/build/static/geppetto/build/static/geppetto/build/static/geppetto/build/static/geppetto/build/static/geppetto/build/static/splash.gif	2	2	0
2025-08-07	v2.virtualflybrain.org	/org.geppetto.frontend/geppetto/geppetto/build/static/geppetto/build/static/geppetto/build/static/geppetto/build/static/geppetto/build/static/splash.gif	2	2	0
2025-08-07	v2.virtualflybrain.org	/org.geppetto.frontend/geppetto/geppetto/build/static/geppetto/build/static/geppetto/build/static/geppetto/build/static/splash.gif	2	2	0
2025-08-07	v2.virtualflybrain.org	/org.geppetto.frontend/geppetto/geppetto/build/static/geppetto/build/static/geppetto/build/static/splash.gif	2	2	0
2025-08-07	v2.virtualflybrain.org	/org.geppetto.frontend/geppetto/geppetto/build/static/geppetto/build/static/splash.gif	2	2	0
2025-08-07	v2.virtualflybrain.org	/org.geppetto.frontend/geppetto/geppetto/build/static/splash.gif	2	2	0
2025-08-07	virtualflybrain.org	/	180	160	1481
2025-08-07	virtualflybrain.org	/about/	3	3	25
2025-08-07	virtualflybrain.org	/about/hosted/braintrap/	1	1	82
2025-08-07	virtualflybrain.org	/about/hosted/fafb-catmaid/	1	1	2
2025-08-07	virtualflybrain.org	/about/hosted/fanc-catmaid/	2	1	43
2025-08-07	virtualflybrain.org	/about/hosted/flybrainndb/	1	1	19
2025-08-07	virtualflybrain.org	/blog/	2	2	21
2025-08-07	virtualflybrain.org	/blog/news/	1	1	13
2025-08-07	virtualflybrain.org	/docs/	3	3	10
2025-08-07	virtualflybrain.org	/docs/examples/	1	1	2
2025-08-07	virtualflybrain.org	/docs/neuroglancer	1	1	1
2025-08-07	www.virtualflybrain.org	/	118	102	844
2025-08-07	www.virtualflybrain.org	/about/	52	26	531
2025-08-07	www.virtualflybrain.org	/about/citeus/	4	4	31
2025-08-07	www.virtualflybrain.org	/about/collaborators/	1	1	3
2025-08-07	www.virtualflybrain.org	/about/contributors/	2	2	55
2025-08-07	www.virtualflybrain.org	/about/funding/	2	2	42
2025-08-07	www.virtualflybrain.org	/about/hosted/braintrap/	3	2	62
2025-08-07	www.virtualflybrain.org	/about/hosted/fafb-catmaid/	2	2	14
2025-08-07	www.virtualflybrain.org	/about/members/	2	2	31
2025-08-07	www.virtualflybrain.org	/about/publications/	1	1	1
2025-08-07	www.virtualflybrain.org	/about/whatisvfb/	2	2	10
2025-08-07	www.virtualflybrain.org	/blog/	4	2	11
2025-08-07	www.virtualflybrain.org	/blog/1/01/01/janelia-flylight/	1	1	0
2025-08-07	www.virtualflybrain.org	/blog/2022/01/01/amino-acidmonoatomic-cation-antiporter-activity-go_0140848/	1	1	15
2025-08-07	www.virtualflybrain.org	/blog/2022/01/01/anterior-prothoracic-chordotonal-organ-fbbt_00007656/	1	1	0
2025-08-07	www.virtualflybrain.org	/blog/2022/01/01/cytosolic_rrna_23s_gene-so_0002243/	1	1	0
2025-08-07	www.virtualflybrain.org	/blog/2022/01/01/indirect-flight-muscle-motor-neuron-mn1-fbbt_00004075/	1	1	51
2025-08-07	www.virtualflybrain.org	/blog/2022/01/01/indirect-flight-muscle-motor-neuron-mn5-fbbt_00004079/	1	1	2
2025-08-07	www.virtualflybrain.org	/blog/2022/01/01/mn5-lo1_a1l-l1em4028114-vfb_00102115/	2	1	6
2025-08-07	www.virtualflybrain.org	/blog/2022/01/01/npfp1pdm12_l-flyem-hb5813068915-vfb_jrchk104/	1	1	6
2025-08-07	www.virtualflybrain.org	/blog/2022/01/01/pamon-gal4.r-expression-pattern-vfbexp_fbtp0053336/	2	1	3
2025-08-07	www.virtualflybrain.org	/blog/news/	1	1	0
2025-08-07	www.virtualflybrain.org	/blog/releases/catmaid/	1	1	3
2025-08-07	www.virtualflybrain.org	/blog/releases/catmaid/fafb/	2	2	16
2025-08-07	www.virtualflybrain.org	/blog/releases/catmaid/l1em/}//	1	1	5
2025-08-07	www.virtualflybrain.org	/blog/releases/ontologies/	3	3	22
2025-08-07	www.virtualflybrain.org	/blog/releases/ontologies/fbbt/	1	1	5
2025-08-07	www.virtualflybrain.org	/docs/	16	11	67
2025-08-07	www.virtualflybrain.org	/docs/concepts/templates/	1	1	57
2025-08-07	www.virtualflybrain.org	/docs/concepts/transgene/	1	1	0
2025-08-07	www.virtualflybrain.org	/docs/contribution-guidelines/	4	2	23
2025-08-07	www.virtualflybrain.org	/docs/examples/	1	1	3
2025-08-07	www.virtualflybrain.org	/docs/examples/circuit-diagram-of-the-mushroom-body/	1	1	17
2025-08-07	www.virtualflybrain.org	/docs/getting-started/	1	1	2
2025-08-07	www.virtualflybrain.org	/docs/getting-started/similarityscore/	1	1	2
2025-08-07	www.virtualflybrain.org	/docs/getting-started/terminfo/	1	1	2
2025-08-07	www.virtualflybrain.org	/docs/overview/	1	1	0
2025-08-07	www.virtualflybrain.org	/docs/tutorials/apis/4_neuprint/	4	2	91
2025-08-07	www.virtualflybrain.org	/search/	8	2	222
2025-08-07	www.virtualflybrain.org	/site/vfb_site/Dickson_VT.htm	1	1	0
2025-08-07	www.virtualflybrain.org	/term/adult-brain-template-jfrc2-vfb_00017894/	1	1	47
2025-08-07	www.virtualflybrain.org	/term/adult-mushroom-body-on-adult-brain-template-jfrc2-vfb_00030867/	5	1	25
2025-08-07	www.virtualflybrain.org	/term/em-fafb-marin-et-al-2020-marin2020/	1	1	4
2025-08-07	www.virtualflybrain.org	/term/embryonic-stage-15-fbdv_00005332/	1	1	11
2025-08-07	www.virtualflybrain.org	/term/fructokinase-activity-go_0008865/	1	1	8
2025-08-07	www.virtualflybrain.org	/term/lateral-accessory-lobe-on-adult-brain-template-jfrc2-vfb_00030605/	1	1	21
2025-08-07	www.virtualflybrain.org	/term/lateral-complex-on-adult-brain-template-jfrc2-vfb_00030869/	2	1	4
2025-08-07	www.virtualflybrain.org	/term/phospholipid-metabolic-process-go_0006644/	1	1	2
2025-08-07	www.virtualflybrain.org	/term/protocerebrum-fbbt_00003627/	1	1	3
2025-08-07	www.virtualflybrain.org	/term/snxx16_abn4_l-manc39698-vfb_jrcv0umq/	1	1	2
2025-08-07	www.virtualflybrain.org	/term/wandering-third-instar-larval-stage-fbdv_00005341/	1	1	0
2025-08-08		/org.geppetto.frontend/geppetto	4496	276	4246
2025-08-08	129.215.197.101	/	2	2	0
2025-08-08	3073b8e6-10d4-4a31-9d08-0d544dfb14c5.virtualflybrain.org	/	0	1	3
2025-08-08	dill.inf.ed.ac.uk	/	1	1	0
2025-08-08	flybrain.inf.ed.ac.uk	/	1	2	3
2025-08-08	flybrain.mrc-lmb.cam.ac.uk	/si/nblast/www/	1	1	4
2025-08-08	groups.google.com	/g/vfb-suport	1	1	4
2025-08-08	jupyter.virtualflybrain.org	/	0	1	3
2025-08-08	larval-app1.virtualflybrain.org	/	1	1	0
2025-08-08	rancher.virtualflybrain.org	/	0	1	2
2025-08-08	raw.larval.flylight.virtualflybrain.org	/explore/splits	275	1	16303
2025-08-08	v2.virtualflybrain.org	/	9	9	3
2025-08-08	v2.virtualflybrain.org	/org.geppetto.frontend/geppetto	1017	333	17966
2025-08-08	virtualflybrain.org	/	8	7	213
2025-08-08	virtualflybrain.org	/about/	1	1	0
2025-08-08	www.v2.virtualflybrain.org	/	1	1	29
2025-08-08	www.virtualflybrain.org	/	42	36	381
2025-08-08	www.virtualflybrain.org	/about/	15	8	149
2025-08-08	www.virtualflybrain.org	/about/hosted/flybrainndb/	1	1	2
2025-08-08	www.virtualflybrain.org	/about/whatisvfb/	1	1	0
2025-08-08	www.virtualflybrain.org	/blog/	1	1	1
2025-08-08	www.virtualflybrain.org	/blog/2022/01/01/amino-acidmonoatomic-cation-antiporter-activity-go_0140848/	1	1	8
2025-08-08	www.virtualflybrain.org	/blog/2022/01/01/anterior-prothoracic-chordotonal-organ-fbbt_00007656/	1	0	0
2025-08-08	www.virtualflybrain.org	/blog/2022/01/01/calyx-of-adult-mushroom-body-fbbt_00007385/	1	1	33
2025-08-08	www.virtualflybrain.org	/blog/releases/ontologies/bfo/	1	1	4
2025-08-08	www.virtualflybrain.org	/blog/releases/ontologies/uberon/	1	1	0
2025-08-08	www.virtualflybrain.org	/docs/	2	2	8
2025-08-08	www.virtualflybrain.org	/docs/concepts/transgene/	0	1	39
2025-08-08	www.virtualflybrain.org	/docs/contribution-guidelines/	1	1	10
2025-08-08	www.virtualflybrain.org	/docs/overview/	1	1	0
2025-08-08	www.virtualflybrain.org	/docs/tutorials/apis/2_plotting/	1	1	9
2025-08-08	www.virtualflybrain.org	/docs/tutorials/apis/4_nblast/	1	1	2
2025-08-08	www.virtualflybrain.org	/docs/tutorials/apis/solr/	1	1	3
2025-08-08	www.virtualflybrain.org	/search/	1	1	1047
2025-08-08	www.virtualflybrain.org	/term/adult-lul89-neuron-of-ventral-nerve-cord-fbbt_00051092/	1	1	1
2025-08-08	www.virtualflybrain.org	/term/fructokinase-activity-go_0008865/	1	1	6
2025-08-08	www.virtualflybrain.org	/term/retina-uberon_0000966/	1	1	0
2025-08-09		/org.geppetto.frontend/geppetto	1382	69	397
2025-08-09	129.215.197.110	/	1	1	0
2025-08-09	blog.virtualflybrain.org	/en/blog/releases/ontologies/go/go_0006633_v6/	1	1	7
2025-08-09	mayo.inf.ed.ac.uk	/	1	1	0
2025-08-09	meet.virtualflybrain.org	/	1	1	0
2025-08-09	raw.larval.flylight.virtualflybrain.org	/	0	1	159
2025-08-09	raw.larval.flylight.virtualflybrain.org	/explore/splits	1257	1	16387
2025-08-09	v2.virtualflybrain.org	/org.geppetto.frontend/geppetto	344	79	3712
2025-08-09	v2a.virtualflybrain.org	/org.geppetto.frontend/geppetto	2	1	16
2025-08-09	virtualflybrain.org	/	9	7	26
2025-08-09	virtualflybrain.org	/docs/	1	1	1
2025-08-09	virtualflybrain.org	/docs/overview/	1	1	0
2025-08-09	www.nblast.virtualflybrain.org	/	1	1	0
2025-08-09	www.nblast.virtualflybrain.org	/blog/2022/01/01/aasdh-fbgn0027780/	1	1	0
2025-08-09	www.virtualflybrain.org	/	28	20	374
2025-08-09	www.virtualflybrain.org	/about/	4	1	26
2025-08-09	www.virtualflybrain.org	/about/citeus/	2	1	106
2025-08-09	www.virtualflybrain.org	/blog/2022/01/01/amino-acidmonoatomic-cation-antiporter-activity-go_0140848/	1	1	9
2025-08-09	www.virtualflybrain.org	/blog/2022/01/01/centrifugal-neuron-c3-fbbt_00003744/	1	1	17
2025-08-09	www.virtualflybrain.org	/blog/2022/01/01/multicellular-organismal-signaling-go_0035637/	1	1	2
2025-08-09	www.virtualflybrain.org	/blog/2022/01/01/ppd3-neuroblast-fbbt_00005873/	1	1	0
2025-08-09	www.virtualflybrain.org	/blog/releases/catmaid/	1	1	13
2025-08-09	www.virtualflybrain.org	/docs/	4	3	32
2025-08-09	www.virtualflybrain.org	/docs/getting-started/	3	2	28
2025-08-09	www.virtualflybrain.org	/docs/getting-started/bulkdownloads/	2	1	54
2025-08-09	www.virtualflybrain.org	/search/	1	1	0
2025-08-09	www.virtualflybrain.org	/term/hexose-metabolic-process-go_0019318/	1	1	8
2025-08-09	www.virtualflybrain.org	/term/pr74c01-gal4.dbd-pr24a03-p65.ad-expression-pattern-vfbexp_fbtp0122231fbtp0118436/	1	1	7
2025-08-09	www.virtualflybrain.org	/term/wandering-third-instar-larval-stage-fbdv_00005341/	2	1	39
2025-08-10		/org.geppetto.frontend/geppetto	823	55	129
2025-08-10	129.215.197.101	/	2	2	0
2025-08-10	backend.virtualflybrain.org	/	1	1	0
2025-08-10	blog.virtualflybrain.org	/en/blog/releases/ontologies/go/go_0006633_v6/	1	1	7
2025-08-10	jupyter.virtualflybrain.org	/blog/2022/01/01/ocular-adnexa-uberon_0035639/	1	1	5
2025-08-10	kbw.virtualflybrain.org	/	1	1	0
2025-08-10	v2-dev.virtualflybrain.org	/org.geppetto.frontend/geppetto	1	1	7
2025-08-10	v2.virtualflybrain.org	/org.geppetto.frontend/geppetto	343	64	1778
2025-08-10	virtualflybrain.org	/	3	3	6
2025-08-10	virtualflybrain.org	/about/hosted/	1	1	0
2025-08-10	www.virtualflybrain.org	/	23	21	350
2025-08-10	www.virtualflybrain.org	/about/	1	1	0
2025-08-10	www.virtualflybrain.org	/about/citeus/	2	1	28
2025-08-10	www.virtualflybrain.org	/blog/2022/01/01/amino-acidmonoatomic-cation-antiporter-activity-go_0140848/	1	1	7
2025-08-10	www.virtualflybrain.org	/blog/2022/01/01/regulation-of-map-kinase-activity-go_0043405/	1	1	0
2025-08-10	www.virtualflybrain.org	/docs/	2	2	4
2025-08-10	www.virtualflybrain.org	/docs/overview/	1	1	16
2025-08-10	www.virtualflybrain.org	/term/al-ast1_r-flyem-hb1734705201-vfb_jrchjrcp/	1	1	2
2025-08-10	www.virtualflybrain.org	/term/embryonic-stage-6-fbdv_00005318/	2	1	0
2025-08-10	www.virtualflybrain.org	/term/fructokinase-activity-go_0008865/	2	2	11
2025-08-10	www.virtualflybrain.org	/term/glucose-homeostasis-go_0042593/	1	1	0
2025-08-10	www.virtualflybrain.org	/term/hexose-metabolic-process-go_0019318/	1	1	0
2025-08-11		/org.geppetto.frontend/geppetto	1716	76	717
2025-08-11	129.215.197.101	/	1	1	0
2025-08-11	blog.virtualflybrain.org	/en/blog/releases/ontologies/go/go_0006633_v6/	1	1	0
2025-08-11	pdb-firstload.virtualflybrain.org	/	1	1	0
2025-08-11	raw.larval.flylight.virtualflybrain.org	/	1	0	0
2025-08-11	v2.virtualflybrain.org	/	1	1	0
2025-08-11	v2.virtualflybrain.org	/org.geppetto.frontend/geppetto	499	87	6359
2025-08-11	v2.virtualflybrain.org	/org.geppetto.frontend/geppetto/VFB_00102119	1	1	17
2025-08-11	v2.virtualflybrain.org	/org.geppetto.frontend/geppetto/geppetto/build/static/geppetto/build/static/geppetto/build/static/geppetto/build/static/geppetto/build/static/geppetto/build/static/geppetto/build/static/geppetto/build/static/geppetto/build/static/geppetto/build/static/geppetto/build/static/geppetto/build/static/geppetto/build/static/geppetto/build/static/geppetto/build/static/geppetto/build/static/geppetto/build/static/geppetto/build/static/geppetto/build/static/geppetto/build/static/geppetto/build/static/geppetto/build/static/geppetto/build/static/geppetto/build/static/geppetto/build/static/geppetto/build/static/geppetto/build/static/geppetto/build/static/geppetto/build/static/geppetto/build/static/geppetto/build/static/geppetto/build/static/geppetto/build/static/geppetto/build/static/geppetto/build/static/geppetto/build/static/geppetto/build/static/geppetto/build/static/splash.gif	1	1	0
2025-08-11	v2.virtualflybrain.org	/org.geppetto.frontend/geppetto/geppetto/build/static/geppetto/build/static/geppetto/build/static/geppetto/build/static/geppetto/build/static/geppetto/build/static/geppetto/build/static/geppetto/build/static/geppetto/build/static/geppetto/build/static/geppetto/build/static/geppetto/build/static/geppetto/build/static/geppetto/build/static/geppetto/build/static/geppetto/build/static/geppetto/build/static/geppetto/build/static/geppetto/build/static/geppetto/build/static/geppetto/build/static/geppetto/build/static/geppetto/build/static/geppetto/build/static/geppetto/build/static/geppetto/build/static/geppetto/build/static/geppetto/build/static/geppetto/build/static/geppetto/build/static/geppetto/build/static/geppetto/build/static/geppetto/build/static/geppetto/build/static/geppetto/build/static/geppetto/build/static/geppetto/build/static/splash.gif	1	1	0
2025-08-11	v2.virtualflybrain.org	/org.geppetto.frontend/geppetto/geppetto/build/static/geppetto/build/static/geppetto/build/static/geppetto/build/static/geppetto/build/static/geppetto/build/static/geppetto/build/static/geppetto/build/static/geppetto/build/static/geppetto/build/static/geppetto/build/static/geppetto/build/static/geppetto/build/static/geppetto/build/static/geppetto/build/static/geppetto/build/static/geppetto/build/static/geppetto/build/static/geppetto/build/static/geppetto/build/static/geppetto/build/static/geppetto/build/static/geppetto/build/static/geppetto/build/static/geppetto/build/static/geppetto/build/static/geppetto/build/static/geppetto/build/static/geppetto/build/static/geppetto/build/static/geppetto/build/static/geppetto/build/static/geppetto/build/static/geppetto/build/static/geppetto/build/static/geppetto/build/static/splash.gif	1	1	0
2025-08-11	v2.virtualflybrain.org	/org.geppetto.frontend/geppetto/geppetto/build/static/geppetto/build/static/geppetto/build/static/geppetto/build/static/geppetto/build/static/geppetto/build/static/geppetto/build/static/geppetto/build/static/geppetto/build/static/geppetto/build/static/geppetto/build/static/geppetto/build/static/geppetto/build/static/geppetto/build/static/geppetto/build/static/geppetto/build/static/geppetto/build/static/geppetto/build/static/geppetto/build/static/geppetto/build/static/geppetto/build/static/geppetto/build/static/geppetto/build/static/geppetto/build/static/geppetto/build/static/geppetto/build/static/geppetto/build/static/geppetto/build/static/geppetto/build/static/geppetto/build/static/geppetto/build/static/geppetto/build/static/geppetto/build/static/geppetto/build/static/geppetto/build/static/splash.gif	1	1	0
2025-08-11	v2.virtualflybrain.org	/org.geppetto.frontend/geppetto/geppetto/build/static/geppetto/build/static/geppetto/build/static/geppetto/build/static/geppetto/build/static/geppetto/build/static/geppetto/build/static/geppetto/build/static/geppetto/build/static/geppetto/build/static/geppetto/build/static/geppetto/build/static/geppetto/build/static/geppetto/build/static/geppetto/build/static/geppetto/build/static/geppetto/build/static/geppetto/build/static/geppetto/build/static/geppetto/build/static/geppetto/build/static/geppetto/build/static/geppetto/build/static/geppetto/build/static/geppetto/build/static/geppetto/build/static/geppetto/build/static/geppetto/build/static/geppetto/build/static/geppetto/build/static/geppetto/build/static/geppetto/build/static/geppetto/build/static/geppetto/build/static/splash.gif	1	1	0
2025-08-11	v2.virtualflybrain.org	/org.geppetto.frontend/geppetto/geppetto/build/static/geppetto/build/static/geppetto/build/static/geppetto/build/static/geppetto/build/static/geppetto/build/static/geppetto/build/static/geppetto/build/static/geppetto/build/static/geppetto/build/static/geppetto/build/static/geppetto/build/static/geppetto/build/static/geppetto/build/static/geppetto/build/static/geppetto/build/static/geppetto/build/static/geppetto/build/static/geppetto/build/static/geppetto/build/static/geppetto/build/static/geppetto/build/static/geppetto/build/static/geppetto/build/static/geppetto/build/static/geppetto/build/static/geppetto/build/static/geppetto/build/static/geppetto/build/static/geppetto/build/static/geppetto/build/static/geppetto/build/static/geppetto/build/static/splash.gif	1	1	0
2025-08-11	v2.virtualflybrain.org	/org.geppetto.frontend/geppetto/geppetto/build/static/geppetto/build/static/geppetto/build/static/geppetto/build/static/geppetto/build/static/geppetto/build/static/geppetto/build/static/geppetto/build/static/geppetto/build/static/geppetto/build/static/geppetto/build/static/geppetto/build/static/geppetto/build/static/geppetto/build/static/geppetto/build/static/geppetto/build/static/geppetto/build/static/geppetto/build/static/geppetto/build/static/geppetto/build/static/geppetto/build/static/geppetto/build/static/geppetto/build/static/geppetto/build/static/geppetto/build/static/geppetto/build/static/geppetto/build/static/geppetto/build/static/geppetto/build/static/geppetto/build/static/geppetto/build/static/geppetto/build/static/splash.gif	1	1	0
2025-08-11	v2.virtualflybrain.org	/org.geppetto.frontend/geppetto/geppetto/build/static/geppetto/build/static/geppetto/build/static/geppetto/build/static/geppetto/build/static/geppetto/build/static/geppetto/build/static/geppetto/build/static/geppetto/build/static/geppetto/build/static/geppetto/build/static/geppetto/build/static/geppetto/build/static/geppetto/build/static/geppetto/build/static/geppetto/build/static/geppetto/build/static/geppetto/build/static/geppetto/build/static/geppetto/build/static/geppetto/build/static/geppetto/build/static/geppetto/build/static/geppetto/build/static/geppetto/build/static/geppetto/build/static/geppetto/build/static/geppetto/build/static/geppetto/build/static/geppetto/build/static/geppetto/build/static/splash.gif	1	1	0
2025-08-11	v2.virtualflybrain.org	/org.geppetto.frontend/geppetto/geppetto/build/static/geppetto/build/static/geppetto/build/static/geppetto/build/static/geppetto/build/static/geppetto/build/static/geppetto/build/static/geppetto/build/static/geppetto/build/static/geppetto/build/static/geppetto/build/static/geppetto/build/static/geppetto/build/static/geppetto/build/static/geppetto/build/static/geppetto/build/static/geppetto/build/static/geppetto/build/static/geppetto/build/static/geppetto/build/static/geppetto/build/static/geppetto/build/static/geppetto/build/static/geppetto/build/static/geppetto/build/static/geppetto/build/static/geppetto/build/static/geppetto/build/static/geppetto/build/static/geppetto/build/static/splash.gif	1	1	0
2025-08-11	v2.virtualflybrain.org	/org.geppetto.frontend/geppetto/geppetto/build/static/geppetto/build/static/geppetto/build/static/geppetto/build/static/geppetto/build/static/geppetto/build/static/geppetto/build/static/geppetto/build/static/geppetto/build/static/geppetto/build/static/geppetto/build/static/geppetto/build/static/geppetto/build/static/geppetto/build/static/geppetto/build/static/geppetto/build/static/geppetto/build/static/geppetto/build/static/geppetto/build/static/geppetto/build/static/geppetto/build/static/geppetto/build/static/geppetto/build/static/geppetto/build/static/geppetto/build/static/geppetto/build/static/geppetto/build/static/geppetto/build/static/geppetto/build/static/splash.gif	1	1	0
2025-08-11	v2.virtualflybrain.org	/org.geppetto.frontend/geppetto/geppetto/build/static/geppetto/build/static/geppetto/build/static/geppetto/build/static/geppetto/build/static/geppetto/build/static/geppetto/build/static/geppetto/build/static/geppetto/build/static/geppetto/build/static/geppetto/build/static/geppetto/build/static/geppetto/build/static/geppetto/build/static/geppetto/build/static/geppetto/build/static/geppetto/build/static/geppetto/build/static/geppetto/build/static/geppetto/build/static/geppetto/build/static/geppetto/build/static/geppetto/build/static/geppetto/build/static/geppetto/build/static/geppetto/build/static/geppetto/build/static/geppetto/build/static/splash.gif	1	1	0
2025-08-11	v2.virtualflybrain.org	/org.geppetto.frontend/geppetto/geppetto/build/static/geppetto/build/static/geppetto/build/static/geppetto/build/static/geppetto/build/static/geppetto/build/static/geppetto/build/static/geppetto/build/static/geppetto/build/static/geppetto/build/static/geppetto/build/static/geppetto/build/static/geppetto/build/static/geppetto/build/static/geppetto/build/static/geppetto/build/static/geppetto/build/static/geppetto/build/static/geppetto/build/static/geppetto/build/static/geppetto/build/static/geppetto/build/static/geppetto/build/static/geppetto/build/static/geppetto/build/static/geppetto/build/static/geppetto/build/static/splash.gif	1	1	0
2025-08-11	v2.virtualflybrain.org	/org.geppetto.frontend/geppetto/geppetto/build/static/geppetto/build/static/geppetto/build/static/geppetto/build/static/geppetto/build/static/geppetto/build/static/geppetto/build/static/geppetto/build/static/geppetto/build/static/geppetto/build/static/geppetto/build/static/geppetto/build/static/geppetto/build/static/geppetto/build/static/geppetto/build/static/geppetto/build/static/geppetto/build/static/geppetto/build/static/geppetto/build/static/geppetto/build/static/geppetto/build/static/geppetto/build/static/geppetto/build/static/geppetto/build/static/geppetto/build/static/geppetto/build/static/splash.gif	1	1	0
2025-08-11	v2.virtualflybrain.org	/org.geppetto.frontend/geppetto/geppetto/build/static/geppetto/build/static/geppetto/build/static/geppetto/build/static/geppetto/build/static/geppetto/build/static/geppetto/build/static/geppetto/build/static/geppetto/build/static/geppetto/build/static/geppetto/build/static/geppetto/build/static/geppetto/build/static/geppetto/build/static/geppetto/build/static/geppetto/build/static/geppetto/build/static/geppetto/build/static/geppetto/build/static/geppetto/build/static/geppetto/build/static/geppetto/build/static/geppetto/build/static/geppetto/build/static/geppetto/build/static/splash.gif	1	1	0
2025-08-11	v2.virtualflybrain.org	/org.geppetto.frontend/geppetto/geppetto/build/static/geppetto/build/static/geppetto/build/static/geppetto/build/static/geppetto/build/static/geppetto/build/static/geppetto/build/static/geppetto/build/static/geppetto/build/static/geppetto/build/static/geppetto/build/static/geppetto/build/static/geppetto/build/static/geppetto/build/static/geppetto/build/static/geppetto/build/static/geppetto/build/static/geppetto/build/static/geppetto/build/static/geppetto/build/static/geppetto/build/static/geppetto/build/static/geppetto/build/static/geppetto/build/static/splash.gif	1	1	0
2025-08-11	v2.virtualflybrain.org	/org.geppetto.frontend/geppetto/geppetto/build/static/geppetto/build/static/geppetto/build/static/geppetto/build/static/geppetto/build/static/geppetto/build/static/geppetto/build/static/geppetto/build/static/geppetto/build/static/geppetto/build/static/geppetto/build/static/geppetto/build/static/geppetto/build/static/geppetto/build/static/geppetto/build/static/geppetto/build/static/geppetto/build/static/geppetto/build/static/geppetto/build/static/geppetto/build/static/geppetto/build/static/geppetto/build/static/geppetto/build/static/splash.gif	1	1	0
2025-08-11	v2.virtualflybrain.org	/org.geppetto.frontend/geppetto/geppetto/build/static/geppetto/build/static/geppetto/build/static/geppetto/build/static/geppetto/build/static/geppetto/build/static/geppetto/build/static/geppetto/build/static/geppetto/build/static/geppetto/build/static/geppetto/build/static/geppetto/build/static/geppetto/build/static/geppetto/build/static/geppetto/build/static/geppetto/build/static/geppetto/build/static/geppetto/build/static/geppetto/build/static/geppetto/build/static/geppetto/build/static/geppetto/build/static/splash.gif	1	1	0
2025-08-11	v2.virtualflybrain.org	/org.geppetto.frontend/geppetto/geppetto/build/static/geppetto/build/static/geppetto/build/static/geppetto/build/static/geppetto/build/static/geppetto/build/static/geppetto/build/static/geppetto/build/static/geppetto/build/static/geppetto/build/static/geppetto/build/static/geppetto/build/static/geppetto/build/static/geppetto/build/static/geppetto/build/static/geppetto/build/static/geppetto/build/static/geppetto/build/static/geppetto/build/static/geppetto/build/static/geppetto/build/static/splash.gif	1	1	0
2025-08-11	v2.virtualflybrain.org	/org.geppetto.frontend/geppetto/geppetto/build/static/geppetto/build/static/geppetto/build/static/geppetto/build/static/geppetto/build/static/geppetto/build/static/geppetto/build/static/geppetto/build/static/geppetto/build/static/geppetto/build/static/geppetto/build/static/geppetto/build/static/geppetto/build/static/geppetto/build/static/geppetto/build/static/geppetto/build/static/geppetto/build/static/geppetto/build/static/geppetto/build/static/geppetto/build/static/splash.gif	1	1	0
2025-08-11	v2.virtualflybrain.org	/org.geppetto.frontend/geppetto/geppetto/build/static/geppetto/build/static/geppetto/build/static/geppetto/build/static/geppetto/build/static/geppetto/build/static/geppetto/build/static/geppetto/build/static/geppetto/build/static/geppetto/build/static/geppetto/build/static/geppetto/build/static/geppetto/build/static/geppetto/build/static/geppetto/build/static/geppetto/build/static/geppetto/build/static/geppetto/build/static/geppetto/build/static/splash.gif	1	1	0
2025-08-11	v2.virtualflybrain.org	/org.geppetto.frontend/geppetto/geppetto/build/static/geppetto/build/static/geppetto/build/static/geppetto/build/static/geppetto/build/static/geppetto/build/static/geppetto/build/static/geppetto/build/static/geppetto/build/static/geppetto/build/static/geppetto/build/static/geppetto/build/static/geppetto/build/static/geppetto/build/static/geppetto/build/static/geppetto/build/static/geppetto/build/static/geppetto/build/static/splash.gif	1	1	0
2025-08-11	v2.virtualflybrain.org	/org.geppetto.frontend/geppetto/geppetto/build/static/geppetto/build/static/geppetto/build/static/geppetto/build/static/geppetto/build/static/geppetto/build/static/geppetto/build/static/geppetto/build/static/geppetto/build/static/geppetto/build/static/geppetto/build/static/geppetto/build/static/geppetto/build/static/geppetto/build/static/geppetto/build/static/geppetto/build/static/geppetto/build/static/splash.gif	1	1	0
2025-08-11	v2.virtualflybrain.org	/org.geppetto.frontend/geppetto/geppetto/build/static/geppetto/build/static/geppetto/build/static/geppetto/build/static/geppetto/build/static/geppetto/build/static/geppetto/build/static/geppetto/build/static/geppetto/build/static/geppetto/build/static/geppetto/build/static/geppetto/build/static/geppetto/build/static/geppetto/build/static/geppetto/build/static/geppetto/build/static/splash.gif	1	1	0
2025-08-11	v2.virtualflybrain.org	/org.geppetto.frontend/geppetto/geppetto/build/static/geppetto/build/static/geppetto/build/static/geppetto/build/static/geppetto/build/static/geppetto/build/static/geppetto/build/static/geppetto/build/static/geppetto/build/static/geppetto/build/static/geppetto/build/static/geppetto/build/static/geppetto/build/static/geppetto/build/static/geppetto/build/static/splash.gif	1	1	0
2025-08-11	v2.virtualflybrain.org	/org.geppetto.frontend/geppetto/geppetto/build/static/geppetto/build/static/geppetto/build/static/geppetto/build/static/geppetto/build/static/geppetto/build/static/geppetto/build/static/geppetto/build/static/geppetto/build/static/geppetto/build/static/geppetto/build/static/geppetto/build/static/geppetto/build/static/geppetto/build/static/splash.gif	1	1	0
2025-08-11	v2.virtualflybrain.org	/org.geppetto.frontend/geppetto/geppetto/build/static/geppetto/build/static/geppetto/build/static/geppetto/build/static/geppetto/build/static/geppetto/build/static/geppetto/build/static/geppetto/build/static/geppetto/build/static/geppetto/build/static/geppetto/build/static/geppetto/build/static/geppetto/build/static/splash.gif	1	1	0
2025-08-11	v2.virtualflybrain.org	/org.geppetto.frontend/geppetto/geppetto/build/static/geppetto/build/static/geppetto/build/static/geppetto/build/static/geppetto/build/static/geppetto/build/static/geppetto/build/static/geppetto/build/static/geppetto/build/static/geppetto/build/static/geppetto/build/static/geppetto/build/static/splash.gif	1	1	0
2025-08-11	v2.virtualflybrain.org	/org.geppetto.frontend/geppetto/geppetto/build/static/geppetto/build/static/geppetto/build/static/geppetto/build/static/geppetto/build/static/geppetto/build/static/geppetto/build/static/geppetto/build/static/geppetto/build/static/geppetto/build/static/geppetto/build/static/splash.gif	1	1	0
2025-08-11	v2.virtualflybrain.org	/org.geppetto.frontend/geppetto/geppetto/build/static/geppetto/build/static/geppetto/build/static/geppetto/build/static/geppetto/build/static/geppetto/build/static/geppetto/build/static/geppetto/build/static/geppetto/build/static/geppetto/build/static/splash.gif	1	1	0
2025-08-11	v2.virtualflybrain.org	/org.geppetto.frontend/geppetto/geppetto/build/static/geppetto/build/static/geppetto/build/static/geppetto/build/static/geppetto/build/static/geppetto/build/static/geppetto/build/static/geppetto/build/static/geppetto/build/static/splash.gif	1	1	0
2025-08-11	v2.virtualflybrain.org	/org.geppetto.frontend/geppetto/geppetto/build/static/geppetto/build/static/geppetto/build/static/geppetto/build/static/geppetto/build/static/geppetto/build/static/geppetto/build/static/geppetto/build/static/splash.gif	1	1	0
2025-08-11	v2.virtualflybrain.org	/org.geppetto.frontend/geppetto/geppetto/build/static/geppetto/build/static/geppetto/build/static/geppetto/build/static/geppetto/build/static/geppetto/build/static/geppetto/build/static/splash.gif	1	1	0
2025-08-11	v2.virtualflybrain.org	/org.geppetto.frontend/geppetto/geppetto/build/static/geppetto/build/static/geppetto/build/static/geppetto/build/static/geppetto/build/static/geppetto/build/static/splash.gif	1	1	0
2025-08-11	v2.virtualflybrain.org	/org.geppetto.frontend/geppetto/geppetto/build/static/geppetto/build/static/geppetto/build/static/geppetto/build/static/geppetto/build/static/splash.gif	1	1	0
2025-08-11	v2.virtualflybrain.org	/org.geppetto.frontend/geppetto/geppetto/build/static/geppetto/build/static/geppetto/build/static/geppetto/build/static/splash.gif	1	1	0
2025-08-11	v2.virtualflybrain.org	/org.geppetto.frontend/geppetto/geppetto/build/static/geppetto/build/static/geppetto/build/static/splash.gif	1	1	0
2025-08-11	v2.virtualflybrain.org	/org.geppetto.frontend/geppetto/geppetto/build/static/geppetto/build/static/splash.gif	1	1	0
2025-08-11	v2.virtualflybrain.org	/org.geppetto.frontend/geppetto/geppetto/build/static/splash.gif	1	1	0
2025-08-11	v2.virtualflybrain.org	/org.geppetto.frontend/org.geppetto.frontend	4	2	0
2025-08-11	virtualflybrain.org	/	6	4	19
2025-08-11	virtualflybrain.org	/docs/overview/	2	1	0
2025-08-11	www.virtualflybrain.org	/	32	28	271
2025-08-11	www.virtualflybrain.org	/about/	6	5	73
2025-08-11	www.virtualflybrain.org	/about/citeus/	1	1	24
2025-08-11	www.virtualflybrain.org	/about/collaborators/	1	1	3
2025-08-11	www.virtualflybrain.org	/about/hosted/	2	2	0
2025-08-11	www.virtualflybrain.org	/about/hosted/braintrap/	1	1	0
2025-08-11	www.virtualflybrain.org	/blog/2022/01/01/abdominal-1-dopaminergic-al-neuron-fbbt_00100770/	1	1	4
2025-08-11	www.virtualflybrain.org	/blog/2022/01/01/amino-acidmonoatomic-cation-antiporter-activity-go_0140848/	1	1	0
2025-08-11	www.virtualflybrain.org	/blog/2022/01/01/dickson-lab-vt-lines-flylight/janelia-images-2017-dickson2017/	1	1	4
2025-08-11	www.virtualflybrain.org	/blog/2022/01/01/ll1-motor-neuron-fbbt_00110234/	1	1	22
2025-08-11	www.virtualflybrain.org	/blog/releases/catmaid/fanc/	2	2	20
2025-08-11	www.virtualflybrain.org	/blog/releases/ontologies/ioa/	1	1	4
2025-08-11	www.virtualflybrain.org	/docs/	2	1	0
2025-08-11	www.virtualflybrain.org	/tags/dopaminergic/	1	1	6
2025-08-11	www.virtualflybrain.org	/term/abdominal-1-ll1-motor-neuron-fbbt_00048718/	1	1	8
2025-08-11	www.virtualflybrain.org	/term/adult-fan-shaped-body-horizontal-delta-neuron-b-fbbt_00052278/	1	1	43
2025-08-11	www.virtualflybrain.org	/term/adult-sfs-neuron-fbbt_00051295/	1	1	21
2025-08-11	www.virtualflybrain.org	/term/embryonic-stage-5-fbdv_00005311/	3	2	48
2025-08-11	www.virtualflybrain.org	/term/fructokinase-activity-go_0008865/	2	2	7
2025-08-12		/org.geppetto.frontend/geppetto	1081	58	887
2025-08-12	129.215.197.110	/	1	1	0
2025-08-12	129.215.197.147	/	0	1	3
2025-08-12	blog.virtualflybrain.org	/blog/2022/01/01/coreceptor-activity-involved-in-wnt-signaling-pathway-go_0071936/	1	1	0
2025-08-12	buttermilk.inf.ed.ac.uk	/	2	4	14
2025-08-12	chive.inf.ed.ac.uk	/	2	4	23
2025-08-12	flybrain.inf.ed.ac.uk	/	2	4	18
2025-08-12	p2.virtualflybrain.org	/	1	1	0
2025-08-12	parsley.inf.ed.ac.uk	/	2	4	17
2025-08-12	v2.virtualflybrain.org	/org.geppetto.frontend/geppetto	305	65	3847
2025-08-12	virtualflybrain.org	/	4	4	469
2025-08-12	virtualflybrain.org	/about/hosted/	3	2	30
2025-08-12	virtualflybrain.org	/about/hosted/fanc-catmaid/	1	1	51
2025-08-12	virtualflybrain.org	/docs/overview/	2	1	0
2025-08-12	www.virtualflybrain.org	/	30	27	435
2025-08-12	www.virtualflybrain.org	/about/	2	2	120
2025-08-12	www.virtualflybrain.org	/about/hosted/fanc-catmaid/	1	1	0
2025-08-12	www.virtualflybrain.org	/blog/2022/01/01/amino-acidmonoatomic-cation-antiporter-activity-go_0140848/	1	1	6
2025-08-12	www.virtualflybrain.org	/blog/2022/01/01/anterior-prothoracic-chordotonal-organ-fbbt_00007656/	1	1	1
2025-08-12	www.virtualflybrain.org	/blog/releases/catmaid/fafb/	2	2	83
2025-08-12	www.virtualflybrain.org	/docs/	4	3	115
2025-08-12	www.virtualflybrain.org	/docs/contribution-guidelines/expanding_vfbconnect_queries/	1	1	0
2025-08-12	www.virtualflybrain.org	/docs/examples/	1	1	13
2025-08-12	www.virtualflybrain.org	/docs/getting-started/	1	1	11
2025-08-12	www.virtualflybrain.org	/docs/getting-started/overview/	1	1	9
2025-08-12	www.virtualflybrain.org	/site/tools/anatomy_finder/index.htm	2	2	0
2025-08-12	www.virtualflybrain.org	/term/descending-neuron-of-the-posterior-brain-dnp05-fbbt_00047638/	1	1	3
2025-08-12	www.virtualflybrain.org	/term/fructokinase-activity-go_0008865/	1	1	10
2025-08-12	www.virtualflybrain.org	/term/hexose-metabolic-process-go_0019318/	2	2	12
2025-08-12	www.virtualflybrain.org	/term/lamina-monopolar-neuron-l1-fbbt_00003719/	1	1	0
2025-08-12	www.virtualflybrain.org	/term/plc-gamma-2-mediated-pip2-hydrolysis-go_0004629/	1	1	14
2025-08-13		/org.geppetto.frontend/geppetto	1121	50	669
2025-08-13	129.215.197.101	/	0	1	3
2025-08-13	129.215.197.110	/	1	1	0
2025-08-13	129.215.197.144	/	2	2	0
2025-08-13	blog.virtualflybrain.org	/en/blog/releases/ontologies/go/go_0006633_v6/	2	2	8
2025-08-13	chenqinga.cn.www.virtualflybrain.org	/	0	1	3
2025-08-13	debug.virtualflybrain.org	/	0	1	4
2025-08-13	github.com	/VirtualFlyBrain/graph_queries/blob/main/weighted_path.md	1	1	3
2025-08-13	natverse1.virtualflybrain.org	/	0	1	3
2025-08-13	raw.larval.flylight.virtualflybrain.org	/	3	3	11
2025-08-13	raw.larval.flylight.virtualflybrain.org	/explore/lexa	1	1	0
2025-08-13	raw.larval.flylight.virtualflybrain.org	/explore/splits	1	1	9
2025-08-13	v2.virtualflybrain.org	/	1	1	1
2025-08-13	v2.virtualflybrain.org	/org.geppetto.frontend/geppetto	221	59	4817
2025-08-13	virtualflybrain.org	/	5	5	125
2025-08-13	virtualflybrain.org	/about/hosted/	1	2	18
2025-08-13	virtualflybrain.org	/about/hosted/fanc-catmaid/	1	1	21
2025-08-13	virtualflybrain.org	/docs/	2	2	12
2025-08-13	virtualflybrain.org	/docs/getting-started/	1	1	52
2025-08-13	virtualflybrain.org	/docs/getting-started/3dviewer/	2	1	79
2025-08-13	virtualflybrain.org	/docs/getting-started/scrnaseq/	1	1	99
2025-08-13	virtualflybrain.org	/docs/getting-started/termcontext/	1	1	16
2025-08-13	virtualflybrain.org	/docs/getting-started/terminfo/	1	1	49
2025-08-13	virtualflybrain.org	/docs/overview/	3	0	0
2025-08-13	www.virtualflybrain.org	/	33	32	285
2025-08-13	www.virtualflybrain.org	/about/	2	2	22
2025-08-13	www.virtualflybrain.org	/about/hosted/	2	2	34
2025-08-13	www.virtualflybrain.org	/about/members/	1	1	25
2025-08-13	www.virtualflybrain.org	/blog/	2	2	8
2025-08-13	www.virtualflybrain.org	/blog/2022/01/01/amino-acidmonoatomic-cation-antiporter-activity-go_0140848/	1	1	1
2025-08-13	www.virtualflybrain.org	/blog/2022/01/01/dickson-lab-vt-lines-flylight/janelia-images-2017-dickson2017/	1	1	32
2025-08-13	www.virtualflybrain.org	/blog/2022/01/01/superior-medial-protocerebrum-fbbt_00007055/	2	1	28
2025-08-13	www.virtualflybrain.org	/blog/2022/01/01/th-m-000026-vfb_00000948/	2	1	21
2025-08-13	www.virtualflybrain.org	/blog/2024/03/19/larval-split-gal4-line-raw-images-release/	1	1	16
2025-08-13	www.virtualflybrain.org	/blog/2024/04/10/transcriptomics-data-available-for-cell-types-on-vfb/	1	1	8
2025-08-13	www.virtualflybrain.org	/blog/2024/04/30/new-split-gal4-report-pages-on-flybase/	1	1	7
2025-08-13	www.virtualflybrain.org	/blog/2024/07/29/predicted-neurotransmitters-for-em-data-now-available-on-vfb/	1	1	16
2025-08-13	www.virtualflybrain.org	/blog/releases/ontologies/flybase/	1	1	3
2025-08-13	www.virtualflybrain.org	/blog/releases/ontologies/go/	1	1	0
2025-08-13	www.virtualflybrain.org	/blog/releases/ontologies/uberon/	1	1	1
2025-08-13	www.virtualflybrain.org	/categories/connectome/	2	1	12
2025-08-13	www.virtualflybrain.org	/categories/python/	1	1	13
2025-08-13	www.virtualflybrain.org	/docs/	9	7	38
2025-08-13	www.virtualflybrain.org	/docs/concepts/splits/	1	1	19
2025-08-13	www.virtualflybrain.org	/docs/concepts/templates/	1	1	0
2025-08-13	www.virtualflybrain.org	/docs/getting-started/circuitbrowser/	1	1	72
2025-08-13	www.virtualflybrain.org	/docs/tutorials/apis/connectome/5_nblast/	1	1	15
2025-08-13	www.virtualflybrain.org	/search/	1	1	4
2025-08-13	www.virtualflybrain.org	/tags/nblast/	2	1	9
2025-08-13	www.virtualflybrain.org	/term/adult-inner-optic-chiasma-giant-glial-cell-fbbt_00100527/	1	1	0
2025-08-13	www.virtualflybrain.org	/term/atp-dependent-polydeoxyribonucleotide-5-hydroxyl-kinase-activity-go_0046404/	1	1	9
2025-08-13	www.virtualflybrain.org	/term/campaniform-sensillum-of-ventral-humeral-crossvein-fbbt_00004085/	1	1	15
2025-08-13	www.virtualflybrain.org	/term/cc2d2a-fbgn0263113/	1	1	0
2025-08-13	www.virtualflybrain.org	/term/epimysium-uberon_0011899/	1	1	0
2025-08-13	www.virtualflybrain.org	/term/generically-dependent-continuant-bfo_0000031/	1	1	4
2025-08-13	www.virtualflybrain.org	/term/germ-layer-uberon_0000923/	1	1	0
2025-08-13	www.virtualflybrain.org	/term/jrc_r22c06-gal4-in-the-adult-brain-vfb_00023468/	3	1	60
2025-08-13	www.virtualflybrain.org	/term/pgmr22c06-gal4-fbtp0058405/	1	1	12
2025-08-13	www.virtualflybrain.org	/term/red-bone-marrow-uberon_0000361/	1	1	0
2025-08-13	www.virtualflybrain.org	/term/response-to-norepinephrine-go_0071873/	1	1	0
2025-08-13	www.virtualflybrain.org	/term/superior-olivary-nucleus-maturation-go_0021722/	2	2	0
2025-08-13	www.virtualflybrain.org	/term/tergopleural-muscle-fbbt_00003386/	1	0	0
2025-08-13	www.virtualflybrain.org	/term/visceral-peritoneum-uberon_0001178/	1	1	0
2025-08-14		/org.geppetto.frontend/geppetto	1299	67	1628
2025-08-14	129.215.197.101	/	1	1	0
2025-08-14	129.215.197.110	/	3	3	0
2025-08-14	129.215.197.144	/	1	1	0
2025-08-14	blog.virtualflybrain.org	/blog/2022/01/01/2xtrap-hydrolyzes-fmn-to-rib-go_0003993/	1	1	0
2025-08-14	jupyter.virtualflybrain.org	/	1	1	0
2025-08-14	pypi.org	/project/vfb-connect/	1	1	53
2025-08-14	raw.larval.flylight.virtualflybrain.org	/explore/lexa	1	1	7
2025-08-14	v2.virtualflybrain.org	/	1	1	0
2025-08-14	v2.virtualflybrain.org	/org.geppetto.frontend/geppetto	222	71	5759
2025-08-14	v2.virtualflybrain.org	/org.geppetto.frontend/geppetto/VFB_jrcv0cqd	1	1	9
2025-08-14	v2.virtualflybrain.org	/org.geppetto.frontend/geppetto/geppetto/build/static/geppetto/build/static/geppetto/build/static/geppetto/build/static/geppetto/build/static/geppetto/build/static/geppetto/build/static/geppetto/build/static/geppetto/build/static/geppetto/build/static/geppetto/build/static/geppetto/build/static/geppetto/build/static/geppetto/build/static/geppetto/build/static/geppetto/build/static/geppetto/build/static/geppetto/build/static/geppetto/build/static/geppetto/build/static/geppetto/build/static/geppetto/build/static/geppetto/build/static/geppetto/build/static/geppetto/build/static/geppetto/build/static/geppetto/build/static/geppetto/build/static/geppetto/build/static/geppetto/build/static/geppetto/build/static/geppetto/build/static/geppetto/build/static/geppetto/build/static/geppetto/build/static/geppetto/build/static/geppetto/build/static/geppetto/build/static/geppetto/build/static/geppetto/build/static/geppetto/build/static/geppetto/build/static/geppetto/build	91	1	0
2025-08-14	v2.virtualflybrain.org	/org.geppetto.frontend/geppetto/geppetto/build/static/geppetto/build/static/geppetto/build/static/geppetto/build/static/geppetto/build/static/geppetto/build/static/geppetto/build/static/geppetto/build/static/geppetto/build/static/geppetto/build/static/geppetto/build/static/geppetto/build/static/geppetto/build/static/geppetto/build/static/geppetto/build/static/geppetto/build/static/geppetto/build/static/geppetto/build/static/geppetto/build/static/geppetto/build/static/geppetto/build/static/geppetto/build/static/geppetto/build/static/geppetto/build/static/geppetto/build/static/geppetto/build/static/geppetto/build/static/geppetto/build/static/geppetto/build/static/geppetto/build/static/geppetto/build/static/geppetto/build/static/geppetto/build/static/geppetto/build/static/geppetto/build/static/geppetto/build/static/geppetto/build/static/geppetto/build/static/geppetto/build/static/geppetto/build/static/geppetto/build/static/geppetto/build/static/splash.gif	1	1	0
2025-08-14	v2.virtualflybrain.org	/org.geppetto.frontend/geppetto/geppetto/build/static/geppetto/build/static/geppetto/build/static/geppetto/build/static/geppetto/build/static/geppetto/build/static/geppetto/build/static/geppetto/build/static/geppetto/build/static/geppetto/build/static/geppetto/build/static/geppetto/build/static/geppetto/build/static/geppetto/build/static/geppetto/build/static/geppetto/build/static/geppetto/build/static/geppetto/build/static/geppetto/build/static/geppetto/build/static/geppetto/build/static/geppetto/build/static/geppetto/build/static/geppetto/build/static/geppetto/build/static/geppetto/build/static/geppetto/build/static/geppetto/build/static/geppetto/build/static/geppetto/build/static/geppetto/build/static/geppetto/build/static/geppetto/build/static/geppetto/build/static/geppetto/build/static/geppetto/build/static/geppetto/build/static/geppetto/build/static/geppetto/build/static/geppetto/build/static/geppetto/build/static/splash.gif	1	1	0
2025-08-14	v2.virtualflybrain.org	/org.geppetto.frontend/geppetto/geppetto/build/static/geppetto/build/static/geppetto/build/static/geppetto/build/static/geppetto/build/static/geppetto/build/static/geppetto/build/static/geppetto/build/static/geppetto/build/static/geppetto/build/static/geppetto/build/static/geppetto/build/static/geppetto/build/static/geppetto/build/static/geppetto/build/static/geppetto/build/static/geppetto/build/static/geppetto/build/static/geppetto/build/static/geppetto/build/static/geppetto/build/static/geppetto/build/static/geppetto/build/static/geppetto/build/static/geppetto/build/static/geppetto/build/static/geppetto/build/static/geppetto/build/static/geppetto/build/static/geppetto/build/static/geppetto/build/static/geppetto/build/static/geppetto/build/static/geppetto/build/static/geppetto/build/static/geppetto/build/static/geppetto/build/static/geppetto/build/static/geppetto/build/static/geppetto/build/static/splash.gif	1	1	0
2025-08-14	v2.virtualflybrain.org	/org.geppetto.frontend/geppetto/geppetto/build/static/geppetto/build/static/geppetto/build/static/geppetto/build/static/geppetto/build/static/geppetto/build/static/geppetto/build/static/geppetto/build/static/geppetto/build/static/geppetto/build/static/geppetto/build/static/geppetto/build/static/geppetto/build/static/geppetto/build/static/geppetto/build/static/geppetto/build/static/geppetto/build/static/geppetto/build/static/geppetto/build/static/geppetto/build/static/geppetto/build/static/geppetto/build/static/geppetto/build/static/geppetto/build/static/geppetto/build/static/geppetto/build/static/geppetto/build/static/geppetto/build/static/geppetto/build/static/geppetto/build/static/geppetto/build/static/geppetto/build/static/geppetto/build/static/geppetto/build/static/geppetto/build/static/geppetto/build/static/geppetto/build/static/geppetto/build/static/geppetto/build/static/splash.gif	1	1	0
2025-08-14	v2.virtualflybrain.org	/org.geppetto.frontend/geppetto/geppetto/build/static/geppetto/build/static/geppetto/build/static/geppetto/build/static/geppetto/build/static/geppetto/build/static/geppetto/build/static/geppetto/build/static/geppetto/build/static/geppetto/build/static/geppetto/build/static/geppetto/build/static/geppetto/build/static/geppetto/build/static/geppetto/build/static/geppetto/build/static/geppetto/build/static/geppetto/build/static/geppetto/build/static/geppetto/build/static/geppetto/build/static/geppetto/build/static/geppetto/build/static/geppetto/build/static/geppetto/build/static/geppetto/build/static/geppetto/build/static/geppetto/build/static/geppetto/build/static/geppetto/build/static/geppetto/build/static/geppetto/build/static/geppetto/build/static/geppetto/build/static/geppetto/build/static/geppetto/build/static/geppetto/build/static/geppetto/build/static/splash.gif	1	1	0
2025-08-14	v2.virtualflybrain.org	/org.geppetto.frontend/geppetto/geppetto/build/static/geppetto/build/static/geppetto/build/static/geppetto/build/static/geppetto/build/static/geppetto/build/static/geppetto/build/static/geppetto/build/static/geppetto/build/static/geppetto/build/static/geppetto/build/static/geppetto/build/static/geppetto/build/static/geppetto/build/static/geppetto/build/static/geppetto/build/static/geppetto/build/static/geppetto/build/static/geppetto/build/static/geppetto/build/static/geppetto/build/static/geppetto/build/static/geppetto/build/static/geppetto/build/static/geppetto/build/static/geppetto/build/static/geppetto/build/static/geppetto/build/static/geppetto/build/static/geppetto/build/static/geppetto/build/static/geppetto/build/static/geppetto/build/static/geppetto/build/static/geppetto/build/static/geppetto/build/static/geppetto/build/static/splash.gif	1	1	0
2025-08-14	v2.virtualflybrain.org	/org.geppetto.frontend/geppetto/geppetto/build/static/geppetto/build/static/geppetto/build/static/geppetto/build/static/geppetto/build/static/geppetto/build/static/geppetto/build/static/geppetto/build/static/geppetto/build/static/geppetto/build/static/geppetto/build/static/geppetto/build/static/geppetto/build/static/geppetto/build/static/geppetto/build/static/geppetto/build/static/geppetto/build/static/geppetto/build/static/geppetto/build/static/geppetto/build/static/geppetto/build/static/geppetto/build/static/geppetto/build/static/geppetto/build/static/geppetto/build/static/geppetto/build/static/geppetto/build/static/geppetto/build/static/geppetto/build/static/geppetto/build/static/geppetto/build/static/geppetto/build/static/geppetto/build/static/geppetto/build/static/geppetto/build/static/geppetto/build/static/splash.gif	1	1	0
2025-08-14	v2.virtualflybrain.org	/org.geppetto.frontend/geppetto/geppetto/build/static/geppetto/build/static/geppetto/build/static/geppetto/build/static/geppetto/build/static/geppetto/build/static/geppetto/build/static/geppetto/build/static/geppetto/build/static/geppetto/build/static/geppetto/build/static/geppetto/build/static/geppetto/build/static/geppetto/build/static/geppetto/build/static/geppetto/build/static/geppetto/build/static/geppetto/build/static/geppetto/build/static/geppetto/build/static/geppetto/build/static/geppetto/build/static/geppetto/build/static/geppetto/build/static/geppetto/build/static/geppetto/build/static/geppetto/build/static/geppetto/build/static/geppetto/build/static/geppetto/build/static/geppetto/build/static/geppetto/build/static/geppetto/build/static/geppetto/build/static/geppetto/build/static/splash.gif	1	1	0
2025-08-14	v2.virtualflybrain.org	/org.geppetto.frontend/geppetto/geppetto/build/static/geppetto/build/static/geppetto/build/static/geppetto/build/static/geppetto/build/static/geppetto/build/static/geppetto/build/static/geppetto/build/static/geppetto/build/static/geppetto/build/static/geppetto/build/static/geppetto/build/static/geppetto/build/static/geppetto/build/static/geppetto/build/static/geppetto/build/static/geppetto/build/static/geppetto/build/static/geppetto/build/static/geppetto/build/static/geppetto/build/static/geppetto/build/static/geppetto/build/static/geppetto/build/static/geppetto/build/static/geppetto/build/static/geppetto/build/static/geppetto/build/static/geppetto/build/static/geppetto/build/static/geppetto/build/static/geppetto/build/static/geppetto/build/static/geppetto/build/static/splash.gif	1	1	0
2025-08-14	v2.virtualflybrain.org	/org.geppetto.frontend/geppetto/geppetto/build/static/geppetto/build/static/geppetto/build/static/geppetto/build/static/geppetto/build/static/geppetto/build/static/geppetto/build/static/geppetto/build/static/geppetto/build/static/geppetto/build/static/geppetto/build/static/geppetto/build/static/geppetto/build/static/geppetto/build/static/geppetto/build/static/geppetto/build/static/geppetto/build/static/geppetto/build/static/geppetto/build/static/geppetto/build/static/geppetto/build/static/geppetto/build/static/geppetto/build/static/geppetto/build/static/geppetto/build/static/geppetto/build/static/geppetto/build/static/geppetto/build/static/geppetto/build/static/geppetto/build/static/geppetto/build/static/geppetto/build/static/geppetto/build/static/splash.gif	1	1	0
2025-08-14	v2.virtualflybrain.org	/org.geppetto.frontend/geppetto/geppetto/build/static/geppetto/build/static/geppetto/build/static/geppetto/build/static/geppetto/build/static/geppetto/build/static/geppetto/build/static/geppetto/build/static/geppetto/build/static/geppetto/build/static/geppetto/build/static/geppetto/build/static/geppetto/build/static/geppetto/build/static/geppetto/build/static/geppetto/build/static/geppetto/build/static/geppetto/build/static/geppetto/build/static/geppetto/build/static/geppetto/build/static/geppetto/build/static/geppetto/build/static/geppetto/build/static/geppetto/build/static/geppetto/build/static/geppetto/build/static/geppetto/build/static/geppetto/build/static/geppetto/build/static/geppetto/build/static/geppetto/build/static/splash.gif	1	1	0
2025-08-14	v2.virtualflybrain.org	/org.geppetto.frontend/geppetto/geppetto/build/static/geppetto/build/static/geppetto/build/static/geppetto/build/static/geppetto/build/static/geppetto/build/static/geppetto/build/static/geppetto/build/static/geppetto/build/static/geppetto/build/static/geppetto/build/static/geppetto/build/static/geppetto/build/static/geppetto/build/static/geppetto/build/static/geppetto/build/static/geppetto/build/static/geppetto/build/static/geppetto/build/static/geppetto/build/static/geppetto/build/static/geppetto/build/static/geppetto/build/static/geppetto/build/static/geppetto/build/static/geppetto/build/static/geppetto/build/static/geppetto/build/static/geppetto/build/static/geppetto/build/static/geppetto/build/static/splash.gif	1	1	0
2025-08-14	v2.virtualflybrain.org	/org.geppetto.frontend/geppetto/geppetto/build/static/geppetto/build/static/geppetto/build/static/geppetto/build/static/geppetto/build/static/geppetto/build/static/geppetto/build/static/geppetto/build/static/geppetto/build/static/geppetto/build/static/geppetto/build/static/geppetto/build/static/geppetto/build/static/geppetto/build/static/geppetto/build/static/geppetto/build/static/geppetto/build/static/geppetto/build/static/geppetto/build/static/geppetto/build/static/geppetto/build/static/geppetto/build/static/geppetto/build/static/geppetto/build/static/geppetto/build/static/geppetto/build/static/geppetto/build/static/geppetto/build/static/geppetto/build/static/geppetto/build/static/splash.gif	1	1	0
2025-08-14	v2.virtualflybrain.org	/org.geppetto.frontend/geppetto/geppetto/build/static/geppetto/build/static/geppetto/build/static/geppetto/build/static/geppetto/build/static/geppetto/build/static/geppetto/build/static/geppetto/build/static/geppetto/build/static/geppetto/build/static/geppetto/build/static/geppetto/build/static/geppetto/build/static/geppetto/build/static/geppetto/build/static/geppetto/build/static/geppetto/build/static/geppetto/build/static/geppetto/build/static/geppetto/build/static/geppetto/build/static/geppetto/build/static/geppetto/build/static/geppetto/build/static/geppetto/build/static/geppetto/build/static/geppetto/build/static/geppetto/build/static/geppetto/build/static/splash.gif	1	1	0
2025-08-14	v2.virtualflybrain.org	/org.geppetto.frontend/geppetto/geppetto/build/static/geppetto/build/static/geppetto/build/static/geppetto/build/static/geppetto/build/static/geppetto/build/static/geppetto/build/static/geppetto/build/static/geppetto/build/static/geppetto/build/static/geppetto/build/static/geppetto/build/static/geppetto/build/static/geppetto/build/static/geppetto/build/static/geppetto/build/static/geppetto/build/static/geppetto/build/static/geppetto/build/static/geppetto/build/static/geppetto/build/static/geppetto/build/static/geppetto/build/static/geppetto/build/static/geppetto/build/static/geppetto/build/static/geppetto/build/static/geppetto/build/static/splash.gif	1	1	0
2025-08-14	v2.virtualflybrain.org	/org.geppetto.frontend/geppetto/geppetto/build/static/geppetto/build/static/geppetto/build/static/geppetto/build/static/geppetto/build/static/geppetto/build/static/geppetto/build/static/geppetto/build/static/geppetto/build/static/geppetto/build/static/geppetto/build/static/geppetto/build/static/geppetto/build/static/geppetto/build/static/geppetto/build/static/geppetto/build/static/geppetto/build/static/geppetto/build/static/geppetto/build/static/geppetto/build/static/geppetto/build/static/geppetto/build/static/geppetto/build/static/geppetto/build/static/geppetto/build/static/geppetto/build/static/geppetto/build/static/splash.gif	1	1	0
2025-08-14	v2.virtualflybrain.org	/org.geppetto.frontend/geppetto/geppetto/build/static/geppetto/build/static/geppetto/build/static/geppetto/build/static/geppetto/build/static/geppetto/build/static/geppetto/build/static/geppetto/build/static/geppetto/build/static/geppetto/build/static/geppetto/build/static/geppetto/build/static/geppetto/build/static/geppetto/build/static/geppetto/build/static/geppetto/build/static/geppetto/build/static/geppetto/build/static/geppetto/build/static/geppetto/build/static/geppetto/build/static/geppetto/build/static/geppetto/build/static/geppetto/build/static/geppetto/build/static/geppetto/build/static/splash.gif	1	1	0
2025-08-14	v2.virtualflybrain.org	/org.geppetto.frontend/geppetto/geppetto/build/static/geppetto/build/static/geppetto/build/static/geppetto/build/static/geppetto/build/static/geppetto/build/static/geppetto/build/static/geppetto/build/static/geppetto/build/static/geppetto/build/static/geppetto/build/static/geppetto/build/static/geppetto/build/static/geppetto/build/static/geppetto/build/static/geppetto/build/static/geppetto/build/static/geppetto/build/static/geppetto/build/static/geppetto/build/static/geppetto/build/static/geppetto/build/static/geppetto/build/static/geppetto/build/static/geppetto/build/static/splash.gif	1	1	0
2025-08-14	v2.virtualflybrain.org	/org.geppetto.frontend/geppetto/geppetto/build/static/geppetto/build/static/geppetto/build/static/geppetto/build/static/geppetto/build/static/geppetto/build/static/geppetto/build/static/geppetto/build/static/geppetto/build/static/geppetto/build/static/geppetto/build/static/geppetto/build/static/geppetto/build/static/geppetto/build/static/geppetto/build/static/geppetto/build/static/geppetto/build/static/geppetto/build/static/geppetto/build/static/geppetto/build/static/geppetto/build/static/geppetto/build/static/geppetto/build/static/geppetto/build/static/splash.gif	1	1	0
2025-08-14	v2.virtualflybrain.org	/org.geppetto.frontend/geppetto/geppetto/build/static/geppetto/build/static/geppetto/build/static/geppetto/build/static/geppetto/build/static/geppetto/build/static/geppetto/build/static/geppetto/build/static/geppetto/build/static/geppetto/build/static/geppetto/build/static/geppetto/build/static/geppetto/build/static/geppetto/build/static/geppetto/build/static/geppetto/build/static/geppetto/build/static/geppetto/build/static/geppetto/build/static/geppetto/build/static/geppetto/build/static/geppetto/build/static/geppetto/build/static/splash.gif	1	1	0
2025-08-14	v2.virtualflybrain.org	/org.geppetto.frontend/geppetto/geppetto/build/static/geppetto/build/static/geppetto/build/static/geppetto/build/static/geppetto/build/static/geppetto/build/static/geppetto/build/static/geppetto/build/static/geppetto/build/static/geppetto/build/static/geppetto/build/static/geppetto/build/static/geppetto/build/static/geppetto/build/static/geppetto/build/static/geppetto/build/static/geppetto/build/static/geppetto/build/static/geppetto/build/static/geppetto/build/static/geppetto/build/static/geppetto/build/static/splash.gif	1	1	0
2025-08-14	v2.virtualflybrain.org	/org.geppetto.frontend/geppetto/geppetto/build/static/geppetto/build/static/geppetto/build/static/geppetto/build/static/geppetto/build/static/geppetto/build/static/geppetto/build/static/geppetto/build/static/geppetto/build/static/geppetto/build/static/geppetto/build/static/geppetto/build/static/geppetto/build/static/geppetto/build/static/geppetto/build/static/geppetto/build/static/geppetto/build/static/geppetto/build/static/geppetto/build/static/geppetto/build/static/geppetto/build/static/splash.gif	1	1	0
2025-08-14	v2.virtualflybrain.org	/org.geppetto.frontend/geppetto/geppetto/build/static/geppetto/build/static/geppetto/build/static/geppetto/build/static/geppetto/build/static/geppetto/build/static/geppetto/build/static/geppetto/build/static/geppetto/build/static/geppetto/build/static/geppetto/build/static/geppetto/build/static/geppetto/build/static/geppetto/build/static/geppetto/build/static/geppetto/build/static/geppetto/build/static/geppetto/build/static/geppetto/build/static/geppetto/build/static/splash.gif	1	1	0
2025-08-14	v2.virtualflybrain.org	/org.geppetto.frontend/geppetto/geppetto/build/static/geppetto/build/static/geppetto/build/static/geppetto/build/static/geppetto/build/static/geppetto/build/static/geppetto/build/static/geppetto/build/static/geppetto/build/static/geppetto/build/static/geppetto/build/static/geppetto/build/static/geppetto/build/static/geppetto/build/static/geppetto/build/static/geppetto/build/static/geppetto/build/static/geppetto/build/static/geppetto/build/static/splash.gif	1	1	0
2025-08-14	v2.virtualflybrain.org	/org.geppetto.frontend/geppetto/geppetto/build/static/geppetto/build/static/geppetto/build/static/geppetto/build/static/geppetto/build/static/geppetto/build/static/geppetto/build/static/geppetto/build/static/geppetto/build/static/geppetto/build/static/geppetto/build/static/geppetto/build/static/geppetto/build/static/geppetto/build/static/geppetto/build/static/geppetto/build/static/geppetto/build/static/geppetto/build/static/splash.gif	1	1	0
2025-08-14	v2.virtualflybrain.org	/org.geppetto.frontend/geppetto/geppetto/build/static/geppetto/build/static/geppetto/build/static/geppetto/build/static/geppetto/build/static/geppetto/build/static/geppetto/build/static/geppetto/build/static/geppetto/build/static/geppetto/build/static/geppetto/build/static/geppetto/build/static/geppetto/build/static/geppetto/build/static/geppetto/build/static/geppetto/build/static/geppetto/build/static/splash.gif	1	1	0
2025-08-14	v2.virtualflybrain.org	/org.geppetto.frontend/geppetto/geppetto/build/static/geppetto/build/static/geppetto/build/static/geppetto/build/static/geppetto/build/static/geppetto/build/static/geppetto/build/static/geppetto/build/static/geppetto/build/static/geppetto/build/static/geppetto/build/static/geppetto/build/static/geppetto/build/static/geppetto/build/static/geppetto/build/static/geppetto/build/static/splash.gif	1	1	0
2025-08-14	v2.virtualflybrain.org	/org.geppetto.frontend/geppetto/geppetto/build/static/geppetto/build/static/geppetto/build/static/geppetto/build/static/geppetto/build/static/geppetto/build/static/geppetto/build/static/geppetto/build/static/geppetto/build/static/geppetto/build/static/geppetto/build/static/geppetto/build/static/geppetto/build/static/geppetto/build/static/geppetto/build/static/splash.gif	1	1	0
2025-08-14	v2.virtualflybrain.org	/org.geppetto.frontend/geppetto/geppetto/build/static/geppetto/build/static/geppetto/build/static/geppetto/build/static/geppetto/build/static/geppetto/build/static/geppetto/build/static/geppetto/build/static/geppetto/build/static/geppetto/build/static/geppetto/build/static/geppetto/build/static/geppetto/build/static/geppetto/build/static/splash.gif	1	1	0
2025-08-14	v2.virtualflybrain.org	/org.geppetto.frontend/geppetto/geppetto/build/static/geppetto/build/static/geppetto/build/static/geppetto/build/static/geppetto/build/static/geppetto/build/static/geppetto/build/static/geppetto/build/static/geppetto/build/static/geppetto/build/static/geppetto/build/static/geppetto/build/static/geppetto/build/static/splash.gif	1	1	0
2025-08-14	v2.virtualflybrain.org	/org.geppetto.frontend/geppetto/geppetto/build/static/geppetto/build/static/geppetto/build/static/geppetto/build/static/geppetto/build/static/geppetto/build/static/geppetto/build/static/geppetto/build/static/geppetto/build/static/geppetto/build/static/geppetto/build/static/geppetto/build/static/splash.gif	1	1	0
2025-08-14	v2.virtualflybrain.org	/org.geppetto.frontend/geppetto/geppetto/build/static/geppetto/build/static/geppetto/build/static/geppetto/build/static/geppetto/build/static/geppetto/build/static/geppetto/build/static/geppetto/build/static/geppetto/build/static/geppetto/build/static/geppetto/build/static/splash.gif	1	1	0
2025-08-14	v2.virtualflybrain.org	/org.geppetto.frontend/geppetto/geppetto/build/static/geppetto/build/static/geppetto/build/static/geppetto/build/static/geppetto/build/static/geppetto/build/static/geppetto/build/static/geppetto/build/static/geppetto/build/static/geppetto/build/static/splash.gif	1	1	0
2025-08-14	v2.virtualflybrain.org	/org.geppetto.frontend/geppetto/geppetto/build/static/geppetto/build/static/geppetto/build/static/geppetto/build/static/geppetto/build/static/geppetto/build/static/geppetto/build/static/geppetto/build/static/geppetto/build/static/splash.gif	1	1	0
2025-08-14	v2.virtualflybrain.org	/org.geppetto.frontend/geppetto/geppetto/build/static/geppetto/build/static/geppetto/build/static/geppetto/build/static/geppetto/build/static/geppetto/build/static/geppetto/build/static/geppetto/build/static/splash.gif	1	1	0
2025-08-14	v2.virtualflybrain.org	/org.geppetto.frontend/geppetto/geppetto/build/static/geppetto/build/static/geppetto/build/static/geppetto/build/static/geppetto/build/static/geppetto/build/static/geppetto/build/static/splash.gif	1	1	0
2025-08-14	v2.virtualflybrain.org	/org.geppetto.frontend/geppetto/geppetto/build/static/geppetto/build/static/geppetto/build/static/geppetto/build/static/geppetto/build/static/geppetto/build/static/splash.gif	1	1	0
2025-08-14	v2.virtualflybrain.org	/org.geppetto.frontend/geppetto/geppetto/build/static/geppetto/build/static/geppetto/build/static/geppetto/build/static/geppetto/build/static/splash.gif	1	1	0
2025-08-14	v2.virtualflybrain.org	/org.geppetto.frontend/geppetto/geppetto/build/static/geppetto/build/static/geppetto/build/static/geppetto/build/static/splash.gif	1	1	0
2025-08-14	v2.virtualflybrain.org	/org.geppetto.frontend/geppetto/geppetto/build/static/geppetto/build/static/geppetto/build/static/splash.gif	1	1	0
2025-08-14	v2.virtualflybrain.org	/org.geppetto.frontend/geppetto/geppetto/build/static/geppetto/build/static/splash.gif	1	1	0
2025-08-14	v2.virtualflybrain.org	/org.geppetto.frontend/geppetto/geppetto/build/static/splash.gif	1	1	0
2025-08-14	v2.virtualflybrain.org	/org.geppetto.frontend/org.geppetto.frontend	7	2	0
2025-08-14	v2a.virtualflybrain.org	/org.geppetto.frontend/geppetto	1	1	58
2025-08-14	vfb-connect.readthedocs.io	/	1	1	5
2025-08-14	virtualflybrain.org	/	5	4	196
2025-08-14	virtualflybrain.org	/about/	1	1	35
2025-08-14	virtualflybrain.org	/about/contactus/	1	1	82
2025-08-14	www.virtualflybrain.org	/	31	27	219
2025-08-14	www.virtualflybrain.org	/about/	8	4	93
2025-08-14	www.virtualflybrain.org	/about/hosted/	1	1	9
2025-08-14	www.virtualflybrain.org	/about/members/	2	2	24
2025-08-14	www.virtualflybrain.org	/about/whatisvfb/	1	1	58
2025-08-14	www.virtualflybrain.org	/blog/	2	2	7
2025-08-14	www.virtualflybrain.org	/blog/1/01/01/janelia-flylight/	1	1	10
2025-08-14	www.virtualflybrain.org	/blog/2022/01/01/clktagv5egfp-fbal0319048/	1	1	2
2025-08-14	www.virtualflybrain.org	/blog/2022/01/01/day-69-of-adulthood-fbdv_0010009/	1	1	20
2025-08-14	www.virtualflybrain.org	/blog/2022/01/01/embryonic-stage-15-fbdv_00005332/	1	1	3
2025-08-14	www.virtualflybrain.org	/blog/2022/01/01/larval-hugin-neuron-of-the-ventral-nerve-cord-fbbt_00110923/	2	1	2
2025-08-14	www.virtualflybrain.org	/blog/2022/01/01/oogenesis-stage-s4-fbdv_00005264/	1	1	2
2025-08-14	www.virtualflybrain.org	/blog/2022/01/01/pamon-gal4.r-expression-pattern-vfbexp_fbtp0053336/	1	0	0
2025-08-14	www.virtualflybrain.org	/blog/2022/01/01/specimen-obi_0100051/	1	1	33
2025-08-14	www.virtualflybrain.org	/blog/2025/06/11/flybase-emergency-funding/	1	1	27
2025-08-14	www.virtualflybrain.org	/blog/releases/catmaid/fafb/	1	1	2
2025-08-14	www.virtualflybrain.org	/blog/releases/ontologies/fbdv/	3	1	31
2025-08-14	www.virtualflybrain.org	/blog/releases/ontologies/obi/	1	1	4
2025-08-14	www.virtualflybrain.org	/categories/circuit-diagram/	1	1	14
2025-08-14	www.virtualflybrain.org	/docs/	10	9	101
2025-08-14	www.virtualflybrain.org	/docs/examples/circuit-diagram-of-the-mushroom-body/	1	1	4
2025-08-14	www.virtualflybrain.org	/docs/getting-started/3dviewer/	2	2	26
2025-08-14	www.virtualflybrain.org	/docs/getting-started/bulkdownloads/	2	2	26
2025-08-14	www.virtualflybrain.org	/docs/getting-started/circuitbrowser/	1	1	8
2025-08-14	www.virtualflybrain.org	/docs/getting-started/overview/	1	1	5
2025-08-14	www.virtualflybrain.org	/docs/tutorials/apis/	1	1	17
2025-08-14	www.virtualflybrain.org	/docs/tutorials/apis/1_datatypes/	2	2	30
2025-08-14	www.virtualflybrain.org	/docs/tutorials/apis/2_plotting/	5	3	77
2025-08-14	www.virtualflybrain.org	/docs/tutorials/apis/4_nblast/	1	1	304
2025-08-14	www.virtualflybrain.org	/docs/tutorials/apis/4_neuprint/	1	1	27
2025-08-14	www.virtualflybrain.org	/docs/tutorials/apis/connectome/5_nblast/	1	1	4
2025-08-14	www.virtualflybrain.org	/docs/tutorials/apis/vfbconnect_neuron_display/	3	2	201
2025-08-14	www.virtualflybrain.org	/search/	1	1	138
2025-08-14	www.virtualflybrain.org	/tags/dopaminergic/	1	1	12
2025-08-14	www.virtualflybrain.org	/tags/expression_pattern/	2	1	10
2025-08-14	www.virtualflybrain.org	/tags/janelia/	1	1	4
2025-08-14	www.virtualflybrain.org	/tags/obi/	1	1	5
2025-08-14	www.virtualflybrain.org	/tags/obj/	2	2	5
2025-08-14	www.virtualflybrain.org	/tags/split/	1	1	8
2025-08-14	www.virtualflybrain.org	/term/amyloid-precursor-protein-catabolic-process-go_0042987/	1	1	4
2025-08-14	www.virtualflybrain.org	/term/embryonic-stage-16-fbdv_00005334/	5	2	30
2025-08-14	www.virtualflybrain.org	/term/ig_c_gene-so_0002123/	1	1	0
2025-08-14	www.virtualflybrain.org	/term/mbon-a2sp_r-fafb2062703-vfb_0010143o/	1	1	0
2025-08-14	www.virtualflybrain.org	/term/mt_rrna-so_0002128/	1	1	0
2025-08-14	www.virtualflybrain.org	/term/ocellar-ganglion-fbbt_00049817/	1	1	0
2025-08-14	www.virtualflybrain.org	/term/pr29g04-gal4.dbd-pr76f05-p65.ad-expression-pattern-vfbexp_fbtp0099475fbtp0099561/	1	1	55
2025-08-14	www.virtualflybrain.org	/term/vum-neuron-of-the-dopaminergic-gng-cluster-fbbt_00110128/	1	1	45
2025-08-15		/org.geppetto.frontend/geppetto	576	35	352
2025-08-15	129.215.197.101	/	0	2	8
2025-08-15	129.215.197.110	/	1	1	0
2025-08-15	129.215.197.120	/	0	1	2
2025-08-15	buttermilk.inf.ed.ac.uk	/	1	1	9
2025-08-15	catmaid-fafb.virtualflybrain.org	/	0	1	5
2025-08-15	chenqinga.cn.www.virtualflybrain.org	/	0	1	9
2025-08-15	chive.inf.ed.ac.uk	/	1	1	14
2025-08-15	debug.virtualflybrain.org	/	0	2	6
2025-08-15	dill.inf.ed.ac.uk	/	1	1	8
2025-08-15	kbw.virtualflybrain.org	/browser/	1	0	0
2025-08-15	mayo.inf.ed.ac.uk	/	1	1	8
2025-08-15	natverse1.virtualflybrain.org	/	0	2	12
2025-08-15	parsley.inf.ed.ac.uk	/	1	1	11
2025-08-15	raw.larval.flylight.virtualflybrain.org	/	1	0	0
2025-08-15	sourcream.inf.ed.ac.uk	/	1	1	11
2025-08-15	v2-virtualflybrain-org.translate.goog	/org.geppetto.frontend/geppetto	2	1	66
2025-08-15	v2.virtualflybrain.org	/org.geppetto.frontend/geppetto	123	43	1978
2025-08-15	v2.virtualflybrain.org	/org.geppetto.frontend/geppetto/VFB_fw000668	2	1	6
2025-08-15	v2.virtualflybrain.org	/org.geppetto.frontend/geppetto/geppetto/build/static/geppetto/build/static/geppetto/build/static/geppetto/build/static/geppetto/build/static/geppetto/build/static/geppetto/build/static/geppetto/build/static/geppetto/build/static/geppetto/build/static/geppetto/build/static/geppetto/build/static/geppetto/build/static/geppetto/build/static/geppetto/build/static/geppetto/build/static/geppetto/build/static/geppetto/build/static/geppetto/build/static/geppetto/build/static/geppetto/build/static/geppetto/build/static/geppetto/build/static/geppetto/build/static/geppetto/build/static/geppetto/build/static/geppetto/build/static/geppetto/build/static/geppetto/build/static/geppetto/build/static/geppetto/build/static/geppetto/build/static/geppetto/build/static/geppetto/build/static/geppetto/build/static/geppetto/build/static/geppetto/build/static/geppetto/build/static/geppetto/build/static/geppetto/build/static/geppetto/build/static/geppetto/build/static/geppetto/build	9	1	0
2025-08-15	v2.virtualflybrain.org	/org.geppetto.frontend/geppetto/geppetto/build/static/geppetto/build/static/geppetto/build/static/geppetto/build/static/geppetto/build/static/geppetto/build/static/geppetto/build/static/geppetto/build/static/geppetto/build/static/geppetto/build/static/geppetto/build/static/geppetto/build/static/geppetto/build/static/geppetto/build/static/geppetto/build/static/geppetto/build/static/geppetto/build/static/geppetto/build/static/geppetto/build/static/geppetto/build/static/geppetto/build/static/geppetto/build/static/geppetto/build/static/geppetto/build/static/geppetto/build/static/geppetto/build/static/geppetto/build/static/geppetto/build/static/geppetto/build/static/geppetto/build/static/geppetto/build/static/geppetto/build/static/geppetto/build/static/geppetto/build/static/geppetto/build/static/geppetto/build/static/geppetto/build/static/geppetto/build/static/geppetto/build/static/geppetto/build/static/geppetto/build/static/geppetto/build/static/splash.gif	1	1	0
2025-08-15	v2.virtualflybrain.org	/org.geppetto.frontend/geppetto/geppetto/build/static/geppetto/build/static/geppetto/build/static/geppetto/build/static/geppetto/build/static/geppetto/build/static/geppetto/build/static/geppetto/build/static/geppetto/build/static/geppetto/build/static/geppetto/build/static/geppetto/build/static/geppetto/build/static/geppetto/build/static/geppetto/build/static/geppetto/build/static/geppetto/build/static/geppetto/build/static/geppetto/build/static/geppetto/build/static/geppetto/build/static/geppetto/build/static/geppetto/build/static/geppetto/build/static/geppetto/build/static/geppetto/build/static/geppetto/build/static/geppetto/build/static/geppetto/build/static/geppetto/build/static/geppetto/build/static/geppetto/build/static/geppetto/build/static/geppetto/build/static/geppetto/build/static/geppetto/build/static/geppetto/build/static/geppetto/build/static/geppetto/build/static/geppetto/build/static/geppetto/build/static/splash.gif	1	1	0
2025-08-15	v2.virtualflybrain.org	/org.geppetto.frontend/geppetto/geppetto/build/static/geppetto/build/static/geppetto/build/static/geppetto/build/static/geppetto/build/static/geppetto/build/static/geppetto/build/static/geppetto/build/static/geppetto/build/static/geppetto/build/static/geppetto/build/static/geppetto/build/static/geppetto/build/static/geppetto/build/static/geppetto/build/static/geppetto/build/static/geppetto/build/static/geppetto/build/static/geppetto/build/static/geppetto/build/static/geppetto/build/static/geppetto/build/static/geppetto/build/static/geppetto/build/static/geppetto/build/static/geppetto/build/static/geppetto/build/static/geppetto/build/static/geppetto/build/static/geppetto/build/static/geppetto/build/static/geppetto/build/static/geppetto/build/static/geppetto/build/static/geppetto/build/static/geppetto/build/static/geppetto/build/static/geppetto/build/static/geppetto/build/static/geppetto/build/static/splash.gif	1	1	0
2025-08-15	v2.virtualflybrain.org	/org.geppetto.frontend/geppetto/geppetto/build/static/geppetto/build/static/geppetto/build/static/geppetto/build/static/geppetto/build/static/geppetto/build/static/geppetto/build/static/geppetto/build/static/geppetto/build/static/geppetto/build/static/geppetto/build/static/geppetto/build/static/geppetto/build/static/geppetto/build/static/geppetto/build/static/geppetto/build/static/geppetto/build/static/geppetto/build/static/geppetto/build/static/geppetto/build/static/geppetto/build/static/geppetto/build/static/geppetto/build/static/geppetto/build/static/geppetto/build/static/geppetto/build/static/geppetto/build/static/geppetto/build/static/geppetto/build/static/geppetto/build/static/geppetto/build/static/geppetto/build/static/geppetto/build/static/geppetto/build/static/geppetto/build/static/geppetto/build/static/geppetto/build/static/geppetto/build/static/geppetto/build/static/splash.gif	1	1	0
2025-08-15	v2.virtualflybrain.org	/org.geppetto.frontend/geppetto/geppetto/build/static/geppetto/build/static/geppetto/build/static/geppetto/build/static/geppetto/build/static/geppetto/build/static/geppetto/build/static/geppetto/build/static/geppetto/build/static/geppetto/build/static/geppetto/build/static/geppetto/build/static/geppetto/build/static/geppetto/build/static/geppetto/build/static/geppetto/build/static/geppetto/build/static/geppetto/build/static/geppetto/build/static/geppetto/build/static/geppetto/build/static/geppetto/build/static/geppetto/build/static/geppetto/build/static/geppetto/build/static/geppetto/build/static/geppetto/build/static/geppetto/build/static/geppetto/build/static/geppetto/build/static/geppetto/build/static/geppetto/build/static/geppetto/build/static/geppetto/build/static/geppetto/build/static/geppetto/build/static/geppetto/build/static/geppetto/build/static/splash.gif	1	1	0
2025-08-15	v2.virtualflybrain.org	/org.geppetto.frontend/geppetto/geppetto/build/static/geppetto/build/static/geppetto/build/static/geppetto/build/static/geppetto/build/static/geppetto/build/static/geppetto/build/static/geppetto/build/static/geppetto/build/static/geppetto/build/static/geppetto/build/static/geppetto/build/static/geppetto/build/static/geppetto/build/static/geppetto/build/static/geppetto/build/static/geppetto/build/static/geppetto/build/static/geppetto/build/static/geppetto/build/static/geppetto/build/static/geppetto/build/static/geppetto/build/static/geppetto/build/static/geppetto/build/static/geppetto/build/static/geppetto/build/static/geppetto/build/static/geppetto/build/static/geppetto/build/static/geppetto/build/static/geppetto/build/static/geppetto/build/static/geppetto/build/static/geppetto/build/static/geppetto/build/static/geppetto/build/static/splash.gif	1	1	0
2025-08-15	v2.virtualflybrain.org	/org.geppetto.frontend/geppetto/geppetto/build/static/geppetto/build/static/geppetto/build/static/geppetto/build/static/geppetto/build/static/geppetto/build/static/geppetto/build/static/geppetto/build/static/geppetto/build/static/geppetto/build/static/geppetto/build/static/geppetto/build/static/geppetto/build/static/geppetto/build/static/geppetto/build/static/geppetto/build/static/geppetto/build/static/geppetto/build/static/geppetto/build/static/geppetto/build/static/geppetto/build/static/geppetto/build/static/geppetto/build/static/geppetto/build/static/geppetto/build/static/geppetto/build/static/geppetto/build/static/geppetto/build/static/geppetto/build/static/geppetto/build/static/geppetto/build/static/geppetto/build/static/geppetto/build/static/geppetto/build/static/geppetto/build/static/geppetto/build/static/splash.gif	1	1	0
2025-08-15	v2.virtualflybrain.org	/org.geppetto.frontend/geppetto/geppetto/build/static/geppetto/build/static/geppetto/build/static/geppetto/build/static/geppetto/build/static/geppetto/build/static/geppetto/build/static/geppetto/build/static/geppetto/build/static/geppetto/build/static/geppetto/build/static/geppetto/build/static/geppetto/build/static/geppetto/build/static/geppetto/build/static/geppetto/build/static/geppetto/build/static/geppetto/build/static/geppetto/build/static/geppetto/build/static/geppetto/build/static/geppetto/build/static/geppetto/build/static/geppetto/build/static/geppetto/build/static/geppetto/build/static/geppetto/build/static/geppetto/build/static/geppetto/build/static/geppetto/build/static/geppetto/build/static/geppetto/build/static/geppetto/build/static/geppetto/build/static/geppetto/build/static/splash.gif	1	1	0
2025-08-15	v2.virtualflybrain.org	/org.geppetto.frontend/geppetto/geppetto/build/static/geppetto/build/static/geppetto/build/static/geppetto/build/static/geppetto/build/static/geppetto/build/static/geppetto/build/static/geppetto/build/static/geppetto/build/static/geppetto/build/static/geppetto/build/static/geppetto/build/static/geppetto/build/static/geppetto/build/static/geppetto/build/static/geppetto/build/static/geppetto/build/static/geppetto/build/static/geppetto/build/static/geppetto/build/static/geppetto/build/static/geppetto/build/static/geppetto/build/static/geppetto/build/static/geppetto/build/static/geppetto/build/static/geppetto/build/static/geppetto/build/static/geppetto/build/static/geppetto/build/static/geppetto/build/static/geppetto/build/static/geppetto/build/static/geppetto/build/static/splash.gif	1	1	0
2025-08-15	v2.virtualflybrain.org	/org.geppetto.frontend/geppetto/geppetto/build/static/geppetto/build/static/geppetto/build/static/geppetto/build/static/geppetto/build/static/geppetto/build/static/geppetto/build/static/geppetto/build/static/geppetto/build/static/geppetto/build/static/geppetto/build/static/geppetto/build/static/geppetto/build/static/geppetto/build/static/geppetto/build/static/geppetto/build/static/geppetto/build/static/geppetto/build/static/geppetto/build/static/geppetto/build/static/geppetto/build/static/geppetto/build/static/geppetto/build/static/geppetto/build/static/geppetto/build/static/geppetto/build/static/geppetto/build/static/geppetto/build/static/geppetto/build/static/geppetto/build/static/geppetto/build/static/geppetto/build/static/geppetto/build/static/splash.gif	1	1	0
2025-08-15	v2.virtualflybrain.org	/org.geppetto.frontend/geppetto/geppetto/build/static/geppetto/build/static/geppetto/build/static/geppetto/build/static/geppetto/build/static/geppetto/build/static/geppetto/build/static/geppetto/build/static/geppetto/build/static/geppetto/build/static/geppetto/build/static/geppetto/build/static/geppetto/build/static/geppetto/build/static/geppetto/build/static/geppetto/build/static/geppetto/build/static/geppetto/build/static/geppetto/build/static/geppetto/build/static/geppetto/build/static/geppetto/build/static/geppetto/build/static/geppetto/build/static/geppetto/build/static/geppetto/build/static/geppetto/build/static/geppetto/build/static/geppetto/build/static/geppetto/build/static/geppetto/build/static/geppetto/build/static/splash.gif	1	1	0
2025-08-15	v2.virtualflybrain.org	/org.geppetto.frontend/geppetto/geppetto/build/static/geppetto/build/static/geppetto/build/static/geppetto/build/static/geppetto/build/static/geppetto/build/static/geppetto/build/static/geppetto/build/static/geppetto/build/static/geppetto/build/static/geppetto/build/static/geppetto/build/static/geppetto/build/static/geppetto/build/static/geppetto/build/static/geppetto/build/static/geppetto/build/static/geppetto/build/static/geppetto/build/static/geppetto/build/static/geppetto/build/static/geppetto/build/static/geppetto/build/static/geppetto/build/static/geppetto/build/static/geppetto/build/static/geppetto/build/static/geppetto/build/static/geppetto/build/static/geppetto/build/static/geppetto/build/static/splash.gif	1	1	0
2025-08-15	v2.virtualflybrain.org	/org.geppetto.frontend/geppetto/geppetto/build/static/geppetto/build/static/geppetto/build/static/geppetto/build/static/geppetto/build/static/geppetto/build/static/geppetto/build/static/geppetto/build/static/geppetto/build/static/geppetto/build/static/geppetto/build/static/geppetto/build/static/geppetto/build/static/geppetto/build/static/geppetto/build/static/geppetto/build/static/geppetto/build/static/geppetto/build/static/geppetto/build/static/geppetto/build/static/geppetto/build/static/geppetto/build/static/geppetto/build/static/geppetto/build/static/geppetto/build/static/geppetto/build/static/geppetto/build/static/geppetto/build/static/geppetto/build/static/geppetto/build/static/splash.gif	1	1	0
2025-08-15	v2.virtualflybrain.org	/org.geppetto.frontend/geppetto/geppetto/build/static/geppetto/build/static/geppetto/build/static/geppetto/build/static/geppetto/build/static/geppetto/build/static/geppetto/build/static/geppetto/build/static/geppetto/build/static/geppetto/build/static/geppetto/build/static/geppetto/build/static/geppetto/build/static/geppetto/build/static/geppetto/build/static/geppetto/build/static/geppetto/build/static/geppetto/build/static/geppetto/build/static/geppetto/build/static/geppetto/build/static/geppetto/build/static/geppetto/build/static/geppetto/build/static/geppetto/build/static/geppetto/build/static/geppetto/build/static/geppetto/build/static/geppetto/build/static/splash.gif	1	1	0
2025-08-15	v2.virtualflybrain.org	/org.geppetto.frontend/geppetto/geppetto/build/static/geppetto/build/static/geppetto/build/static/geppetto/build/static/geppetto/build/static/geppetto/build/static/geppetto/build/static/geppetto/build/static/geppetto/build/static/geppetto/build/static/geppetto/build/static/geppetto/build/static/geppetto/build/static/geppetto/build/static/geppetto/build/static/geppetto/build/static/geppetto/build/static/geppetto/build/static/geppetto/build/static/geppetto/build/static/geppetto/build/static/geppetto/build/static/geppetto/build/static/geppetto/build/static/geppetto/build/static/geppetto/build/static/geppetto/build/static/geppetto/build/static/splash.gif	1	1	0
2025-08-15	v2.virtualflybrain.org	/org.geppetto.frontend/geppetto/geppetto/build/static/geppetto/build/static/geppetto/build/static/geppetto/build/static/geppetto/build/static/geppetto/build/static/geppetto/build/static/geppetto/build/static/geppetto/build/static/geppetto/build/static/geppetto/build/static/geppetto/build/static/geppetto/build/static/geppetto/build/static/geppetto/build/static/geppetto/build/static/geppetto/build/static/geppetto/build/static/geppetto/build/static/geppetto/build/static/geppetto/build/static/geppetto/build/static/geppetto/build/static/geppetto/build/static/geppetto/build/static/geppetto/build/static/geppetto/build/static/splash.gif	1	1	0
2025-08-15	v2.virtualflybrain.org	/org.geppetto.frontend/geppetto/geppetto/build/static/geppetto/build/static/geppetto/build/static/geppetto/build/static/geppetto/build/static/geppetto/build/static/geppetto/build/static/geppetto/build/static/geppetto/build/static/geppetto/build/static/geppetto/build/static/geppetto/build/static/geppetto/build/static/geppetto/build/static/geppetto/build/static/geppetto/build/static/geppetto/build/static/geppetto/build/static/geppetto/build/static/geppetto/build/static/geppetto/build/static/geppetto/build/static/geppetto/build/static/geppetto/build/static/geppetto/build/static/geppetto/build/static/splash.gif	1	1	0
2025-08-15	v2.virtualflybrain.org	/org.geppetto.frontend/geppetto/geppetto/build/static/geppetto/build/static/geppetto/build/static/geppetto/build/static/geppetto/build/static/geppetto/build/static/geppetto/build/static/geppetto/build/static/geppetto/build/static/geppetto/build/static/geppetto/build/static/geppetto/build/static/geppetto/build/static/geppetto/build/static/geppetto/build/static/geppetto/build/static/geppetto/build/static/geppetto/build/static/geppetto/build/static/geppetto/build/static/geppetto/build/static/geppetto/build/static/geppetto/build/static/geppetto/build/static/geppetto/build/static/splash.gif	1	1	0
2025-08-15	v2.virtualflybrain.org	/org.geppetto.frontend/geppetto/geppetto/build/static/geppetto/build/static/geppetto/build/static/geppetto/build/static/geppetto/build/static/geppetto/build/static/geppetto/build/static/geppetto/build/static/geppetto/build/static/geppetto/build/static/geppetto/build/static/geppetto/build/static/geppetto/build/static/geppetto/build/static/geppetto/build/static/geppetto/build/static/geppetto/build/static/geppetto/build/static/geppetto/build/static/geppetto/build/static/geppetto/build/static/geppetto/build/static/geppetto/build/static/geppetto/build/static/splash.gif	1	1	0
2025-08-15	v2.virtualflybrain.org	/org.geppetto.frontend/geppetto/geppetto/build/static/geppetto/build/static/geppetto/build/static/geppetto/build/static/geppetto/build/static/geppetto/build/static/geppetto/build/static/geppetto/build/static/geppetto/build/static/geppetto/build/static/geppetto/build/static/geppetto/build/static/geppetto/build/static/geppetto/build/static/geppetto/build/static/geppetto/build/static/geppetto/build/static/geppetto/build/static/geppetto/build/static/geppetto/build/static/geppetto/build/static/geppetto/build/static/geppetto/build/static/splash.gif	1	1	0
2025-08-15	v2.virtualflybrain.org	/org.geppetto.frontend/geppetto/geppetto/build/static/geppetto/build/static/geppetto/build/static/geppetto/build/static/geppetto/build/static/geppetto/build/static/geppetto/build/static/geppetto/build/static/geppetto/build/static/geppetto/build/static/geppetto/build/static/geppetto/build/static/geppetto/build/static/geppetto/build/static/geppetto/build/static/geppetto/build/static/geppetto/build/static/geppetto/build/static/geppetto/build/static/geppetto/build/static/geppetto/build/static/geppetto/build/static/splash.gif	1	1	0
2025-08-15	v2.virtualflybrain.org	/org.geppetto.frontend/geppetto/geppetto/build/static/geppetto/build/static/geppetto/build/static/geppetto/build/static/geppetto/build/static/geppetto/build/static/geppetto/build/static/geppetto/build/static/geppetto/build/static/geppetto/build/static/geppetto/build/static/geppetto/build/static/geppetto/build/static/geppetto/build/static/geppetto/build/static/geppetto/build/static/geppetto/build/static/geppetto/build/static/geppetto/build/static/geppetto/build/static/geppetto/build/static/splash.gif	1	1	0
2025-08-15	v2.virtualflybrain.org	/org.geppetto.frontend/geppetto/geppetto/build/static/geppetto/build/static/geppetto/build/static/geppetto/build/static/geppetto/build/static/geppetto/build/static/geppetto/build/static/geppetto/build/static/geppetto/build/static/geppetto/build/static/geppetto/build/static/geppetto/build/static/geppetto/build/static/geppetto/build/static/geppetto/build/static/geppetto/build/static/geppetto/build/static/geppetto/build/static/geppetto/build/static/geppetto/build/static/splash.gif	1	1	0
2025-08-15	v2.virtualflybrain.org	/org.geppetto.frontend/geppetto/geppetto/build/static/geppetto/build/static/geppetto/build/static/geppetto/build/static/geppetto/build/static/geppetto/build/static/geppetto/build/static/geppetto/build/static/geppetto/build/static/geppetto/build/static/geppetto/build/static/geppetto/build/static/geppetto/build/static/geppetto/build/static/geppetto/build/static/geppetto/build/static/geppetto/build/static/geppetto/build/static/geppetto/build/static/splash.gif	1	1	0
2025-08-15	v2.virtualflybrain.org	/org.geppetto.frontend/geppetto/geppetto/build/static/geppetto/build/static/geppetto/build/static/geppetto/build/static/geppetto/build/static/geppetto/build/static/geppetto/build/static/geppetto/build/static/geppetto/build/static/geppetto/build/static/geppetto/build/static/geppetto/build/static/geppetto/build/static/geppetto/build/static/geppetto/build/static/geppetto/build/static/geppetto/build/static/geppetto/build/static/splash.gif	1	1	0
2025-08-15	v2.virtualflybrain.org	/org.geppetto.frontend/geppetto/geppetto/build/static/geppetto/build/static/geppetto/build/static/geppetto/build/static/geppetto/build/static/geppetto/build/static/geppetto/build/static/geppetto/build/static/geppetto/build/static/geppetto/build/static/geppetto/build/static/geppetto/build/static/geppetto/build/static/geppetto/build/static/geppetto/build/static/geppetto/build/static/geppetto/build/static/splash.gif	1	1	0
2025-08-15	v2.virtualflybrain.org	/org.geppetto.frontend/geppetto/geppetto/build/static/geppetto/build/static/geppetto/build/static/geppetto/build/static/geppetto/build/static/geppetto/build/static/geppetto/build/static/geppetto/build/static/geppetto/build/static/geppetto/build/static/geppetto/build/static/geppetto/build/static/geppetto/build/static/geppetto/build/static/geppetto/build/static/geppetto/build/static/splash.gif	1	1	0
2025-08-15	v2.virtualflybrain.org	/org.geppetto.frontend/geppetto/geppetto/build/static/geppetto/build/static/geppetto/build/static/geppetto/build/static/geppetto/build/static/geppetto/build/static/geppetto/build/static/geppetto/build/static/geppetto/build/static/geppetto/build/static/geppetto/build/static/geppetto/build/static/geppetto/build/static/geppetto/build/static/geppetto/build/static/splash.gif	1	1	0
2025-08-15	v2.virtualflybrain.org	/org.geppetto.frontend/geppetto/geppetto/build/static/geppetto/build/static/geppetto/build/static/geppetto/build/static/geppetto/build/static/geppetto/build/static/geppetto/build/static/geppetto/build/static/geppetto/build/static/geppetto/build/static/geppetto/build/static/geppetto/build/static/geppetto/build/static/geppetto/build/static/splash.gif	2	1	0
2025-08-15	v2.virtualflybrain.org	/org.geppetto.frontend/geppetto/geppetto/build/static/geppetto/build/static/geppetto/build/static/geppetto/build/static/geppetto/build/static/geppetto/build/static/geppetto/build/static/geppetto/build/static/geppetto/build/static/geppetto/build/static/geppetto/build/static/geppetto/build/static/geppetto/build/static/splash.gif	2	1	0
2025-08-15	v2.virtualflybrain.org	/org.geppetto.frontend/geppetto/geppetto/build/static/geppetto/build/static/geppetto/build/static/geppetto/build/static/geppetto/build/static/geppetto/build/static/geppetto/build/static/geppetto/build/static/geppetto/build/static/geppetto/build/static/geppetto/build/static/geppetto/build/static/splash.gif	2	1	0
2025-08-15	v2.virtualflybrain.org	/org.geppetto.frontend/geppetto/geppetto/build/static/geppetto/build/static/geppetto/build/static/geppetto/build/static/geppetto/build/static/geppetto/build/static/geppetto/build/static/geppetto/build/static/geppetto/build/static/geppetto/build/static/geppetto/build/static/splash.gif	2	1	0
2025-08-15	v2.virtualflybrain.org	/org.geppetto.frontend/geppetto/geppetto/build/static/geppetto/build/static/geppetto/build/static/geppetto/build/static/geppetto/build/static/geppetto/build/static/geppetto/build/static/geppetto/build/static/geppetto/build/static/geppetto/build/static/splash.gif	2	1	0
2025-08-15	v2.virtualflybrain.org	/org.geppetto.frontend/geppetto/geppetto/build/static/geppetto/build/static/geppetto/build/static/geppetto/build/static/geppetto/build/static/geppetto/build/static/geppetto/build/static/geppetto/build/static/geppetto/build/static/splash.gif	2	1	0
2025-08-15	v2.virtualflybrain.org	/org.geppetto.frontend/geppetto/geppetto/build/static/geppetto/build/static/geppetto/build/static/geppetto/build/static/geppetto/build/static/geppetto/build/static/geppetto/build/static/geppetto/build/static/splash.gif	2	1	0
2025-08-15	v2.virtualflybrain.org	/org.geppetto.frontend/geppetto/geppetto/build/static/geppetto/build/static/geppetto/build/static/geppetto/build/static/geppetto/build/static/geppetto/build/static/geppetto/build/static/splash.gif	2	1	0
2025-08-15	v2.virtualflybrain.org	/org.geppetto.frontend/geppetto/geppetto/build/static/geppetto/build/static/geppetto/build/static/geppetto/build/static/geppetto/build/static/geppetto/build/static/splash.gif	2	1	0
2025-08-15	v2.virtualflybrain.org	/org.geppetto.frontend/geppetto/geppetto/build/static/geppetto/build/static/geppetto/build/static/geppetto/build/static/geppetto/build/static/splash.gif	2	1	0
2025-08-15	v2.virtualflybrain.org	/org.geppetto.frontend/geppetto/geppetto/build/static/geppetto/build/static/geppetto/build/static/geppetto/build/static/splash.gif	2	1	0
2025-08-15	v2.virtualflybrain.org	/org.geppetto.frontend/geppetto/geppetto/build/static/geppetto/build/static/geppetto/build/static/splash.gif	2	1	0
2025-08-15	v2.virtualflybrain.org	/org.geppetto.frontend/geppetto/geppetto/build/static/geppetto/build/static/splash.gif	2	1	0
2025-08-15	v2.virtualflybrain.org	/org.geppetto.frontend/geppetto/geppetto/build/static/splash.gif	2	1	0
2025-08-15	virtualflybrain.org	/	4	5	16
2025-08-15	virtualflybrain.org	/about/hosted/	1	4	34
2025-08-15	virtualflybrain.org	/about/hosted/l1em-catmaid/	1	1	0
2025-08-15	virtualflybrain.org	/docs/tutorials/apis/	0	1	0
2025-08-15	virtualflybrain.org	/docs/tutorials/apis/apiimagedownload/	0	1	372
2025-08-15	virtualflybrain.org	/docs/tutorials/apis/connectome/	0	1	8
2025-08-15	www-virtualflybrain-org.translate.goog	/	2	1	6
2025-08-15	www.virtualflybrain.org	/	21	20	132
2025-08-15	www.virtualflybrain.org	/about/hosted/	1	1	0
2025-08-15	www.virtualflybrain.org	/blog/1/01/01/janelia-flylight/	1	1	8
2025-08-15	www.virtualflybrain.org	/blog/2022/01/01/jrc_r12g04-gal4_mcfo_vnc_20180831_61_j3_40x-vfb_00101yug/	1	1	14
2025-08-15	www.virtualflybrain.org	/blog/2024/04/30/new-split-gal4-report-pages-on-flybase/	1	1	12
2025-08-15	www.virtualflybrain.org	/blog/releases/ontologies/flybase/	1	1	0
2025-08-15	www.virtualflybrain.org	/blog/releases/ontologies/ioa/	1	1	0
2025-08-15	www.virtualflybrain.org	/docs/tutorials/apis/1_datatypes/	1	0	0
2025-08-15	www.virtualflybrain.org	/search/	6	1	72
2025-08-15	www.virtualflybrain.org	/tags/expression_pattern/	1	1	4
2025-08-15	www.virtualflybrain.org	/term/5-ht1b-f-100000-vfb_00011192/	1	1	5
2025-08-15	www.virtualflybrain.org	/term/5-ht1b-f-200001-vfb_00011631/	1	1	4
2025-08-15	www.virtualflybrain.org	/term/5-ht1b-f-500005-vfb_00011610/	2	1	15
2025-08-15	www.virtualflybrain.org	/term/5-ht1b-f-500012-vfb_00011617/	2	1	3
2025-08-15	www.virtualflybrain.org	/term/5-ht1b-f-500013-vfb_00011193/	1	1	2
2025-08-15	www.virtualflybrain.org	/term/5-ht1b-m-300001-vfb_00002511/	1	1	3
2025-08-15	www.virtualflybrain.org	/term/5-ht1b-m-400016-vfb_00002524/	1	1	2
2025-08-15	www.virtualflybrain.org	/term/astc-r1-fbgn0036790/	1	1	4
2025-08-15	www.virtualflybrain.org	/term/cg34220-fbgn0085249/	2	1	3
2025-08-15	www.virtualflybrain.org	/term/fructokinase-activity-go_0008865/	1	1	10
2025-08-15	www.virtualflybrain.org	/term/jrc_r16a06-gal4-in-the-adult-brain-vfb_00021090/	1	1	20
2025-08-15	www.virtualflybrain.org	/term/mus-musculus-ncbitaxon_10090/	1	1	8
2025-08-15	www.virtualflybrain.org	/term/pccha2-r-gal4p65-expression-pattern-vfbexp_fbtp0112963/	1	1	3
2025-08-15	www.virtualflybrain.org	/term/plc-gamma-2-mediated-pip2-hydrolysis-go_0004629/	2	2	14
2025-08-15	www.virtualflybrain.org	/term/upstream_gene_variant-so_0001631/	1	1	10
2025-08-15	www.virtualflybrain.org	/term/vt033006-gal4-in-the-adult-brain-dickson2017-vfb_00066067/	1	1	2
2025-08-16		/org.geppetto.frontend/geppetto	537	30	258
2025-08-16	129.215.197.101	/	1	1	0
2025-08-16	129.215.197.147	/	0	1	4
2025-08-16	backend.virtualflybrain.org	/	1	1	0
2025-08-16	catmaid-fafb.virtualflybrain.org	/	1	1	0
2025-08-16	kbw.virtualflybrain.org	/	1	1	1
2025-08-16	mayo.inf.ed.ac.uk	/	1	1	0
2025-08-16	raw.larval.flylight.virtualflybrain.org	/	3	1	20
2025-08-16	raw.larval.flylight.virtualflybrain.org	/explore/lexa	1	1	68
2025-08-16	raw.larval.flylight.virtualflybrain.org	/explore/splits	3	1	52
2025-08-16	v2-virtualflybrain-org.translate.goog	/org.geppetto.frontend/geppetto	1	1	1
2025-08-16	v2.virtualflybrain.org	/	2	2	0
2025-08-16	v2.virtualflybrain.org	/org.geppetto.frontend/geppetto	119	41	1967
2025-08-16	virtualflybrain.org	/	2	2	0
2025-08-16	www-virtualflybrain-org.translate.goog	/	2	1	9
2025-08-16	www.nblast.virtualflybrain.org	/	1	1	0
2025-08-16	www.virtualflybrain.org	/	22	19	169
2025-08-16	www.virtualflybrain.org	/about/	6	3	52
2025-08-16	www.virtualflybrain.org	/about/hosted/flybrainndb/	1	1	21
2025-08-16	www.virtualflybrain.org	/about/whatisvfb/	2	1	9
2025-08-16	www.virtualflybrain.org	/blog/2022/01/01/amino-acidmonoatomic-cation-antiporter-activity-go_0140848/	1	1	8
2025-08-16	www.virtualflybrain.org	/blog/releases/catmaid/fafb/	1	1	15
2025-08-16	www.virtualflybrain.org	/docs/	2	2	9
2025-08-16	www.virtualflybrain.org	/docs/getting-started/	1	1	0
2025-08-16	www.virtualflybrain.org	/docs/overview/	1	1	3
2025-08-16	www.virtualflybrain.org	/en/ontologies/fbbt/FBbt_00000622	1	1	0
2025-08-16	www.virtualflybrain.org	/term/myotube-differentiation-go_0014902/	1	1	0
2025-08-16	www.virtualflybrain.org	/term/ocellar-ganglion-fbbt_00049817/	2	2	0
2025-08-17		/org.geppetto.frontend/geppetto	214	26	121
2025-08-17	129.215.197.110	/	1	1	0
2025-08-17	blog.virtualflybrain.org	/	1	1	0
2025-08-17	flybrain.inf.ed.ac.uk	/	1	1	0
2025-08-17	mayo.inf.ed.ac.uk	/	1	1	0
2025-08-17	meet.virtualflybrain.org	/	1	1	0
2025-08-17	v2.virtualflybrain.org	/	1	1	0
2025-08-17	v2.virtualflybrain.org	/org.geppetto.frontend/geppetto	82	31	501
2025-08-17	virtualflybrain.org	/	3	3	72
2025-08-17	virtualflybrain.org	/about/	1	1	0
2025-08-17	virtualflybrain.org	/blog/2022/03/11/fix-for-problems-with-current-safari-release/	1	1	30
2025-08-17	virtualflybrain.org	/blog/news/	1	1	33
2025-08-17	www.virtualflybrain.org	/	15	11	90
2025-08-17	www.virtualflybrain.org	/about/	3	2	392
2025-08-17	www.virtualflybrain.org	/about/hosted/braintrap/	1	1	15
2025-08-17	www.virtualflybrain.org	/about/hosted/fafb-catmaid/	1	1	419
2025-08-17	www.virtualflybrain.org	/about/hosted/fanc-catmaid/	1	1	10
2025-08-17	www.virtualflybrain.org	/about/hosted/flybrainndb/	1	1	75
2025-08-17	www.virtualflybrain.org	/about/hosted/iav-robo-catmaid/	1	1	10
2025-08-17	www.virtualflybrain.org	/about/hosted/iav-tnt-catmaid/	1	1	1
2025-08-17	www.virtualflybrain.org	/about/hosted/l1em-catmaid/	1	1	121
2025-08-17	www.virtualflybrain.org	/about/whatisvfb/	1	1	13
2025-08-17	www.virtualflybrain.org	/blog/2022/01/01/l-galactose-dehydrogenase-activity-go_0010349/	1	1	3
2025-08-17	www.virtualflybrain.org	/docs/	3	2	45
2025-08-17	www.virtualflybrain.org	/docs/examples/circuit-diagram-of-the-mushroom-body/	1	1	43
2025-08-17	www.virtualflybrain.org	/docs/getting-started/	1	1	24
2025-08-17	www.virtualflybrain.org	/docs/getting-started/3dviewer/	1	1	1
2025-08-17	www.virtualflybrain.org	/docs/getting-started/circuitbrowser/	1	1	0
2025-08-17	www.virtualflybrain.org	/docs/getting-started/overview/	2	2	18
2025-08-17	www.virtualflybrain.org	/docs/getting-started/sliceviewer/	1	1	1
2025-08-17	www.virtualflybrain.org	/docs/getting-started/termcontext/	1	1	1
2025-08-17	www.virtualflybrain.org	/docs/tutorials/	1	1	14
2025-08-17	www.virtualflybrain.org	/docs/tutorials/apis/connectome/introvideo/	1	1	3
2025-08-17	www.virtualflybrain.org	/site/vfb_site/home.htm	1	1	5
2025-08-17	www.virtualflybrain.org	/term/fructokinase-activity-go_0008865/	1	1	5
2025-08-17	www.virtualflybrain.org	/term/neuroblast-bamv2-fbbt_00100553/	1	1	1
2025-08-17	www.virtualflybrain.org	/term/ocellar-ganglion-fbbt_00049817/	1	1	0
2025-08-18		/org.geppetto.frontend/geppetto	646	40	450
2025-08-18	129.215.197.101	/	1	1	0
2025-08-18	129.215.197.110	/	1	1	0
2025-08-18	129.215.197.120	/	1	1	0
2025-08-18	129.215.197.143	/	1	1	0
2025-08-18	129.215.197.147	/	1	1	0
2025-08-18	api.virtualflybrain.org	/	1	1	0
2025-08-18	blog.virtualflybrain.org	/en/blog/releases/ontologies/go/go_0006633_v6/	1	1	8
2025-08-18	github.com	/VirtualFlyBrain/graph_queries/blob/main/weighted_path.md	1	1	6
2025-08-18	kbw.virtualflybrain.org	/browser/	1	1	2
2025-08-18	mayo.inf.ed.ac.uk	/blog/2022/01/01/anatomical-structure-formation-involved-in-morphogenesis-go_0048646/	2	2	18
2025-08-18	meet.virtualflybrain.org	/	1	1	0
2025-08-18	natverse.virtualflybrain.org	/	4	1	32
2025-08-18	neuroglancer.virtualflybrain.org	/	4	1	38
2025-08-18	neuroglancer.virtualflybrain.org	/about/hosted/	1	1	29
2025-08-18	neuroglancer.virtualflybrain.org	/about/hosted/fafb-catmaid/	1	1	9
2025-08-18	r.virtualflybrain.org	/	1	1	1
2025-08-18	v2.virtualflybrain.org	/org.geppetto.frontend/geppetto	180	48	3765
2025-08-18	virtualflybrain.org	/	3	2	1
2025-08-18	virtualflybrain.org	/about/hosted/fanc-catmaid/	1	1	7
2025-08-18	virtualflybrain.org	/docs/concepts/confidence-value/	1	1	56
2025-08-18	www.virtualflybrain.org	/	14	13	235
2025-08-18	www.virtualflybrain.org	/about/	4	2	10
2025-08-18	www.virtualflybrain.org	/about/hosted/	1	1	0
2025-08-18	www.virtualflybrain.org	/about/hosted/flybrainndb/	1	1	32
2025-08-18	www.virtualflybrain.org	/about/hosted/iav-robo-catmaid/	1	1	25
2025-08-18	www.virtualflybrain.org	/about/hosted/l1em-catmaid/	2	2	20
2025-08-18	www.virtualflybrain.org	/blog/1/01/01/janelia-flylight/	1	1	20
2025-08-18	www.virtualflybrain.org	/blog/2022/01/01/adult-vnc-neuropils-court2020-court2020/	2	1	14
2025-08-18	www.virtualflybrain.org	/blog/2022/01/01/amino-acidmonoatomic-cation-antiporter-activity-go_0140848/	1	1	3
2025-08-18	www.virtualflybrain.org	/blog/2022/01/01/jrc_r26f03-gal4_mcfo_brain_20181218_61_h2_40x-vfb_00101u4p/	2	1	1
2025-08-18	www.virtualflybrain.org	/blog/2022/01/01/mn-l-sens-b2-vm-21-l1em15678833-vfb_00101918/	1	1	0
2025-08-18	www.virtualflybrain.org	/blog/2022/01/01/regulation-of-translation-at-postsynapse-modulating-synaptic-transmission-go_0099578/	1	1	69
2025-08-18	www.virtualflybrain.org	/blog/2024/07/29/predicted-neurotransmitters-for-em-data-now-available-on-vfb/	1	1	19
2025-08-18	www.virtualflybrain.org	/blog/releases/catmaid/fanc/	2	2	13
2025-08-18	www.virtualflybrain.org	/docs/concepts/templates/	1	1	0
2025-08-18	www.virtualflybrain.org	/docs/getting-started/3dviewer/	1	1	2
2025-08-18	www.virtualflybrain.org	/docs/getting-started/overview/	2	1	10
2025-08-18	www.virtualflybrain.org	/docs/getting-started/scrnaseq/	1	0	0
2025-08-18	www.virtualflybrain.org	/docs/getting-started/similarityscore/	1	0	0
2025-08-18	www.virtualflybrain.org	/docs/getting-started/sliceviewer/	2	2	4
2025-08-18	www.virtualflybrain.org	/docs/getting-started/terminfo/	1	1	10
2025-08-18	www.virtualflybrain.org	/docs/tutorials/apis/	1	1	18
2025-08-18	www.virtualflybrain.org	/docs/tutorials/apis/0_vfb_api_overview/	3	1	76
2025-08-18	www.virtualflybrain.org	/docs/tutorials/apis/4_nblast/	1	0	0
2025-08-18	www.virtualflybrain.org	/docs/tutorials/apis/apiimagedownload/	1	1	21
2025-08-18	www.virtualflybrain.org	/docs/tutorials/apis/connectome/4_connectomics/	1	1	149
2025-08-18	www.virtualflybrain.org	/docs/tutorials/apis/solr/	1	1	3
2025-08-18	www.virtualflybrain.org	/en/blog/releases/ontologies/uberon/	1	1	0
2025-08-18	www.virtualflybrain.org	/search/	8	3	123
2025-08-18	www.virtualflybrain.org	/tags/api/	1	1	4
2025-08-18	www.virtualflybrain.org	/tags/cholinergic/	1	1	0
2025-08-18	www.virtualflybrain.org	/tags/fbdv/	1	1	16
2025-08-18	www.virtualflybrain.org	/tags/histaminergic/	1	1	0
2025-08-18	www.virtualflybrain.org	/tags/sensory_neuron/	1	1	0
2025-08-18	www.virtualflybrain.org	/term/adult-lobula-columnar-neuron-e07-fbbt_20007559/	1	0	0
2025-08-18	www.virtualflybrain.org	/term/antennal-lobe-glomerulus-dm1-fbbt_00003975/	2	1	37
2025-08-18	www.virtualflybrain.org	/term/descending-neuron-of-the-gnathal-ganglion-dnge019-fbbt_20007331/	0	1	20
2025-08-18	www.virtualflybrain.org	/term/fructokinase-activity-go_0008865/	1	1	7
2025-08-18	www.virtualflybrain.org	/term/inner-optic-anlage-neuroblast-fbbt_00001955/	1	1	36
2025-08-18	www.virtualflybrain.org	/term/jrc_mb465c_vnc_2014_20140424_41_e3_20x-vfb_001013at/	1	1	3
2025-08-18	www.virtualflybrain.org	/term/ocellar-ganglion-fbbt_00049817/	1	1	33
2025-08-18	www.virtualflybrain.org	/term/plc-gamma-2-mediated-pip2-hydrolysis-go_0004629/	1	1	5
2025-08-19		/org.geppetto.frontend/geppetto	1109	55	770
2025-08-19	129.215.197.101	/	1	1	0
2025-08-19	129.215.197.110	/	1	1	0
2025-08-19	129.215.197.120	/	1	2	3
2025-08-19	129.215.197.143	/	1	1	0
2025-08-19	4da4f6e7-af2d-44e4-8a0d-de21b8f6b902.virtualflybrain.org	/	0	1	3
2025-08-19	8eb0bad5-04fd-415f-aa9e-5101fa9f2231.virtualflybrain.org	/	0	1	7
2025-08-19	abd1.5.catmaid.virtualflybrain.org	/	1	1	21
2025-08-19	ac4b5d18-57be-4580-abdf-9a0e4bc05115.virtualflybrain.org	/	0	1	2
2025-08-19	api.virtualflybrain.org	/	0	1	2
2025-08-19	backend.virtualflybrain.org	/	1	1	0
2025-08-19	blog.virtualflybrain.org	/en/blog/releases/ontologies/go/go_0006633_v6/	1	1	3
2025-08-19	bocian-jenkins.virtualflybrain.org	/	1	1	0
2025-08-19	buttermilk.inf.ed.ac.uk	/blog/2022/01/01/att-orfb-fbgn0067782/	1	1	0
2025-08-19	db12e8d0-a410-4562-bf69-218f8b4bf77e.virtualflybrain.org	/	0	1	3
2025-08-19	debug.virtualflybrain.org	/	1	1	0
2025-08-19	flybrain.mrc-lmb.cam.ac.uk	/si/nblast/www/	1	1	3
2025-08-19	ids.virtualflybrain.org	/	1	1	0
2025-08-19	l3vnc.catmaid.virtualflybrain.org	/	1	1	29
2025-08-19	l3vnc.catmaid.virtualflybrain.org	/apis/	1	1	15
2025-08-19	larval.virtualflybrain.org	/	0	1	3
2025-08-19	meet.virtualflybrain.org	/	2	2	0
2025-08-19	natverse.virtualflybrain.org	/	1	1	0
2025-08-19	natverse5.virtualflybrain.org	/	1	1	0
2025-08-19	owl.virtualflybrain.org	/	0	1	7
2025-08-19	rancher.virtualflybrain.org	/	1	1	0
2025-08-19	raw.larval.flylight.virtualflybrain.org	/	5	5	5
2025-08-19	raw.larval.flylight.virtualflybrain.org	/explore/splits	5	3	153
2025-08-19	sb.virtualflybrain.org	/	1	1	0
2025-08-19	sb2.virtualflybrain.org	/	1	1	0
2025-08-19	solr.p2.virtualflybrain.org	/	1	1	0
2025-08-19	v1.virtualflybrain.org	/	1	1	0
2025-08-19	v2-debug.virtualflybrain.org	/	1	1	0
2025-08-19	v2.virtualflybrain.org	/org.geppetto.frontend/geppetto	231	62	5927
2025-08-19	v2.virtualflybrain.org	/org.geppetto.frontend/org.geppetto.frontend	1	1	0
2025-08-19	virtualflybrain.org	/	3	3	0
2025-08-19	virtualflybrain.org	/about/hosted/	5	7	73
2025-08-19	virtualflybrain.org	/about/hosted/fanc-catmaid/	1	0	0
2025-08-19	virtualflybrain.org	/about/hosted/l1em-catmaid/	3	3	171
2025-08-19	virtualflybrain.org	/api/term/FBgn0067782	2	2	8
2025-08-19	www.virtualflybrain.org	/	34	31	528
2025-08-19	www.virtualflybrain.org	/about/	4	2	66
2025-08-19	www.virtualflybrain.org	/about/collaborators/	1	1	12
2025-08-19	www.virtualflybrain.org	/about/hosted/	4	3	50
2025-08-19	www.virtualflybrain.org	/about/hosted/braintrap/	1	1	19
2025-08-19	www.virtualflybrain.org	/about/hosted/fafb-catmaid/	7	3	68
2025-08-19	www.virtualflybrain.org	/about/hosted/fanc-catmaid/	14	4	525
2025-08-19	www.virtualflybrain.org	/about/hosted/iav-robo-catmaid/	1	1	8
2025-08-19	www.virtualflybrain.org	/about/hosted/l1em-catmaid/	1	1	63
2025-08-19	www.virtualflybrain.org	/about/publications/	1	1	37
2025-08-19	www.virtualflybrain.org	/blog/1/01/01/janelia-flylight/	1	1	18
2025-08-19	www.virtualflybrain.org	/blog/2022/01/01/a10-neuron-check-gaps_a4r-l1em6431282-vfb_001015ax/	1	1	7
2025-08-19	www.virtualflybrain.org	/blog/2022/01/01/material-entity-bfo_0000040/	1	1	26
2025-08-19	www.virtualflybrain.org	/blog/2022/01/01/mn-l-sens-b2-vm-21-l1em15678833-vfb_00101918/	1	1	7
2025-08-19	www.virtualflybrain.org	/blog/2022/01/01/pgal4e0946-fbti0147500/	1	1	10
2025-08-19	www.virtualflybrain.org	/blog/2022/01/01/pgal4g0338-fbti0147501/	1	1	1
2025-08-19	www.virtualflybrain.org	/blog/2022/01/01/specifically-dependent-continuant-bfo_0000020/	1	1	31
2025-08-19	www.virtualflybrain.org	/blog/2024/03/19/larval-split-gal4-line-raw-images-release/	1	1	4
2025-08-19	www.virtualflybrain.org	/blog/releases/catmaid/	2	1	11
2025-08-19	www.virtualflybrain.org	/blog/releases/catmaid/fafb/	1	1	9
2025-08-19	www.virtualflybrain.org	/blog/releases/catmaid/fanc/	1	1	208
2025-08-19	www.virtualflybrain.org	/blog/releases/catmaid/l1em/	1	1	4
2025-08-19	www.virtualflybrain.org	/blog/releases/ontologies/bfo/	2	1	8
2025-08-19	www.virtualflybrain.org	/blog/releases/ontologies/flybase/	1	1	4
2025-08-19	www.virtualflybrain.org	/blog/releases/ontologies/vfb/	1	1	93
2025-08-19	www.virtualflybrain.org	/categories/annotations/	1	1	5
2025-08-19	www.virtualflybrain.org	/docs/	7	5	47
2025-08-19	www.virtualflybrain.org	/docs/concepts/	1	1	12
2025-08-19	www.virtualflybrain.org	/docs/concepts/templates/	2	2	111
2025-08-19	www.virtualflybrain.org	/docs/examples/	1	1	5
2025-08-19	www.virtualflybrain.org	/docs/getting-started/3dviewer/	1	1	2
2025-08-19	www.virtualflybrain.org	/docs/getting-started/circuitbrowser/	1	1	3
2025-08-19	www.virtualflybrain.org	/docs/getting-started/overview/	1	1	6
2025-08-19	www.virtualflybrain.org	/docs/getting-started/scrnaseq/	1	1	60
2025-08-19	www.virtualflybrain.org	/docs/overview/	1	1	2
2025-08-19	www.virtualflybrain.org	/docs/tutorials/apis/	3	1	142
2025-08-19	www.virtualflybrain.org	/docs/tutorials/apis/0_vfb_api_overview/	2	1	251
2025-08-19	www.virtualflybrain.org	/docs/tutorials/apis/2_plotting/	2	1	150
2025-08-19	www.virtualflybrain.org	/docs/tutorials/apis/3_pymaid/	1	1	550
2025-08-19	www.virtualflybrain.org	/docs/tutorials/apis/apiimagedownload/	2	1	73
2025-08-19	www.virtualflybrain.org	/docs/tutorials/apis/connectome/	2	1	103
2025-08-19	www.virtualflybrain.org	/docs/tutorials/apis/connectome/3_visualisation/	4	1	1408
2025-08-19	www.virtualflybrain.org	/docs/tutorials/apis/connectome/introvideo/	1	1	9
2025-08-19	www.virtualflybrain.org	/docs/tutorials/apis/solr/	1	1	221
2025-08-19	www.virtualflybrain.org	/docs/tutorials/apis/vfbconnect_neuron_display/	4	4	64
2025-08-19	www.virtualflybrain.org	/search/	11	5	253
2025-08-19	www.virtualflybrain.org	/tags/3d/	1	1	3
2025-08-19	www.virtualflybrain.org	/tags/adult/	1	1	0
2025-08-19	www.virtualflybrain.org	/tags/bfo/	3	1	15
2025-08-19	www.virtualflybrain.org	/tags/fbti/	3	1	51
2025-08-19	www.virtualflybrain.org	/term/anatomical-structure-morphogenesis-go_0009653/	1	1	19
2025-08-19	www.virtualflybrain.org	/term/disruptive_inframe_insertion-so_0001824/	1	1	10
2025-08-19	www.virtualflybrain.org	/term/embryonic-stage-6-fbdv_00005318/	1	1	1
2025-08-19	www.virtualflybrain.org	/term/fructokinase-activity-go_0008865/	1	1	7
2025-08-19	www.virtualflybrain.org	/term/hexose-metabolic-process-go_0019318/	1	1	5
2025-08-19	www.virtualflybrain.org	/term/ig_c_gene-so_0002123/	1	1	6
2025-08-19	www.virtualflybrain.org	/term/lc16-vfb_jrch0czn/	2	1	24
2025-08-19	www.virtualflybrain.org	/term/plc-gamma-2-mediated-pip2-hydrolysis-go_0004629/	1	1	10
2025-08-19	www.virtualflybrain.org	/term/prow-fbbt_00040051/	1	1	0
2025-08-19	www.virtualflybrain.org	/term/specifically-dependent-continuant-bfo_0000020/	2	1	45
2025-08-20		/org.geppetto.frontend/geppetto	595	36	647
2025-08-20	129.215.197.147	/	0	1	2
2025-08-20	api.virtualflybrain.org	/	1	1	0
2025-08-20	meet.virtualflybrain.org	/	1	1	1
2025-08-20	raw.larval.flylight.virtualflybrain.org	/	2	2	17
2025-08-20	raw.larval.flylight.virtualflybrain.org	/explore/splits	14	1	254
2025-08-20	v2.virtualflybrain.org	/org.geppetto.frontend/geppetto	175	43	2908
2025-08-20	virtualflybrain.org	/	4	3	125
2025-08-20	virtualflybrain.org	/about/	1	1	34
2025-08-20	virtualflybrain.org	/about/publications/	1	1	30
2025-08-20	www.virtualflybrain.org	/	15	13	157
2025-08-20	www.virtualflybrain.org	/about/	1	0	0
2025-08-20	www.virtualflybrain.org	/about/hosted/fanc-catmaid/	2	0	0
2025-08-20	www.virtualflybrain.org	/blog/2022/01/01/amino-acidmonoatomic-cation-antiporter-activity-go_0140848/	1	1	4
2025-08-20	www.virtualflybrain.org	/blog/2022/01/01/biliary-tree-uberon_0001173/	1	1	0
2025-08-20	www.virtualflybrain.org	/blog/2022/01/01/jrc_r51c05-gal4_mcfo_brain_20190208_63_h5_40x-vfb_00101vi2/	1	1	10
2025-08-20	www.virtualflybrain.org	/blog/2022/01/01/lateral-ocellar-retinula-cell-fbbt_00052809/	1	1	33
2025-08-20	www.virtualflybrain.org	/blog/2022/01/01/maternal_uniparental_disomy-so_0001745/	1	1	7
2025-08-20	www.virtualflybrain.org	/blog/releases/catmaid/fafb/	1	1	13
2025-08-20	www.virtualflybrain.org	/docs/	4	4	24
2025-08-20	www.virtualflybrain.org	/docs/getting-started/3dviewer/	1	1	0
2025-08-20	www.virtualflybrain.org	/docs/getting-started/overview/	1	1	0
2025-08-20	www.virtualflybrain.org	/docs/getting-started/sliceviewer/	1	1	17
2025-08-20	www.virtualflybrain.org	/docs/overview/	1	1	8
2025-08-20	www.virtualflybrain.org	/docs/tutorials/apis/connectome/3_visualisation/	2	1	0
2025-08-20	www.virtualflybrain.org	/search/	2	1	8
2025-08-20	www.virtualflybrain.org	/term/gmr-21c08-flp-17-1-vfb_00061553/	1	1	10
2025-08-20	www.virtualflybrain.org	/term/hexose-metabolic-process-go_0019318/	1	1	12
2025-08-20	www.virtualflybrain.org	/term/ocellar-ganglion-interneuron-type-01-fbbt_00052813/	2	2	0
2025-08-20	www.virtualflybrain.org	/term/posterior-ventrolateral-protocerebrum-fbbt_00040042/	1	1	41
2025-08-20	www.virtualflybrain.org	/term/scerbsolgal4vt047276-fbal0306308/	1	1	6
2025-08-20	www.virtualflybrain.org	/term/supraesophageal-ganglion-fbbt_00003626/	1	1	4
2025-08-21		/org.geppetto.frontend/geppetto	2523	55	868
2025-08-21	buttermilk.inf.ed.ac.uk	/	2	4	16
2025-08-21	chive.inf.ed.ac.uk	/	2	4	13
2025-08-21	flybrain.inf.ed.ac.uk	/	2	3	7
2025-08-21	meet.virtualflybrain.org	/	1	1	3
2025-08-21	parsley.inf.ed.ac.uk	/	2	4	28
2025-08-21	raw.larval.flylight.virtualflybrain.org	/	4	1	6
2025-08-21	raw.larval.flylight.virtualflybrain.org	/explore/splits	12	1	219
2025-08-21	v2.virtualflybrain.org	/org.geppetto.frontend/geppetto	206	61	6730
2025-08-21	vfb-connect.readthedocs.io	/	2	2	65
2025-08-21	virtualflybrain.org	/	3	3	90
2025-08-21	virtualflybrain.org	/about/	2	2	35
2025-08-21	virtualflybrain.org	/about/funding/	1	1	49
2025-08-21	virtualflybrain.org	/about/hosted/	3	3	19
2025-08-21	virtualflybrain.org	/about/hosted/braintrap/	1	1	11
2025-08-21	virtualflybrain.org	/about/hosted/fanc-catmaid/	1	0	0
2025-08-21	virtualflybrain.org	/about/hosted/flybrainndb/	2	1	32
2025-08-21	virtualflybrain.org	/about/hosted/iav-robo-catmaid/	2	1	360
2025-08-21	virtualflybrain.org	/about/hosted/iav-tnt-catmaid/	4	1	45
2025-08-21	virtualflybrain.org	/about/hosted/l1em-catmaid/	3	1	141
2025-08-21	virtualflybrain.org	/about/publications/	1	1	34
2025-08-21	virtualflybrain.org	/blog/	3	1	12
2025-08-21	virtualflybrain.org	/blog/2022/01/01/em-l1-winding-pedigo-et-al.-2023-windingpedigo2023/	1	1	0
2025-08-21	virtualflybrain.org	/blog/2022/01/01/l3-larval-cns-template-truman2016-truman2016/	1	1	5
2025-08-21	virtualflybrain.org	/blog/2025/06/11/flybase-emergency-funding/	2	1	62
2025-08-21	virtualflybrain.org	/blog/news/	3	1	26
2025-08-21	virtualflybrain.org	/blog/releases/datasets/	2	1	45
2025-08-21	virtualflybrain.org	/docs/tutorials/neuprint	1	1	3
2025-08-21	www.virtualflybrain.org	/	27	22	212
2025-08-21	www.virtualflybrain.org	/about/	2	1	99
2025-08-21	www.virtualflybrain.org	/blog/2022/01/01/amino-acidmonoatomic-cation-antiporter-activity-go_0140848/	2	2	5
2025-08-21	www.virtualflybrain.org	/blog/2022/01/01/ecolbsollaczdrl-p3.765-fbal0047205/	1	1	9
2025-08-21	www.virtualflybrain.org	/blog/2022/01/01/pgawb-fbtp0000352/	1	1	3
2025-08-21	www.virtualflybrain.org	/blog/2022/01/01/pgmr89c11-gal4-expression-pattern-vfbexp_fbtp0063840/	2	1	30
2025-08-21	www.virtualflybrain.org	/blog/releases/catmaid/fafb/	2	2	25
2025-08-21	www.virtualflybrain.org	/blog/releases/ontologies/	1	1	26
2025-08-21	www.virtualflybrain.org	/blog/releases/ontologies/fbbt/	1	1	3
2025-08-21	www.virtualflybrain.org	/blog/releases/ontologies/fbcv/	1	1	1
2025-08-21	www.virtualflybrain.org	/blog/releases/ontologies/flybase/	1	1	27
2025-08-21	www.virtualflybrain.org	/blog/releases/ontologies/geno/	2	2	22
2025-08-21	www.virtualflybrain.org	/blog/releases/ontologies/go/	1	1	0
2025-08-21	www.virtualflybrain.org	/blog/releases/ontologies/ro/	1	1	4
2025-08-21	www.virtualflybrain.org	/categories/connectome/	1	1	9
2025-08-21	www.virtualflybrain.org	/docs/tutorials/apis/4_neuprint/	1	1	10
2025-08-21	www.virtualflybrain.org	/search/	4	1	17
2025-08-21	www.virtualflybrain.org	/term/antennal-lobe-glomerulus-vp1m-fbbt_00049641/	1	1	0
2025-08-21	www.virtualflybrain.org	/term/fructokinase-activity-go_0008865/	2	2	13
2025-08-21	www.virtualflybrain.org	/term/generically-dependent-continuant-bfo_0000031/	1	1	14
2025-08-21	www.virtualflybrain.org	/term/ocellar-ganglion-fbbt_00049817/	1	1	0
2025-08-21	www.virtualflybrain.org	/term/shal-fbgn0005564/	1	1	7
2025-08-22		/org.geppetto.frontend/geppetto	873	46	378
2025-08-22	129.215.197.101	/	1	1	0
2025-08-22	129.215.197.110	/	1	1	0
2025-08-22	129.215.197.143	/	0	1	3
2025-08-22	backend.virtualflybrain.org	/	1	1	0
2025-08-22	github.com	/VirtualFlyBrain/graph_queries/blob/main/weighted_path.md	1	1	89
2025-08-22	groups.google.com	/g/vfb-suport	1	1	4
2025-08-22	iav-robo.catmaid.virtualflybrain.org	/	1	1	0
2025-08-22	kbw.virtualflybrain.org	/	1	1	0
2025-08-22	meet.virtualflybrain.org	/	1	1	3
2025-08-22	nblast.virtualflybrain.org	/blog/releases/ontologies/bfo/	1	1	0
2025-08-22	raw.larval.flylight.virtualflybrain.org	/	2	2	29
2025-08-22	raw.larval.flylight.virtualflybrain.org	/blog/2022/01/01/cg10165-fbgn0032801/	2	2	0
2025-08-22	raw.larval.flylight.virtualflybrain.org	/explore/splits	9	2	631
2025-08-22	v2.virtualflybrain.org	/org.geppetto.frontend/geppetto	238	51	5074
2025-08-22	v2.virtualflybrain.org	/org.geppetto.frontend/org.geppetto.frontend	2	2	0
2025-08-22	virtualflybrain.org	/	3	3	48
2025-08-22	virtualflybrain.org	/about/	2	2	25
2025-08-22	virtualflybrain.org	/about/hosted/	1	1	0
2025-08-22	virtualflybrain.org	/about/hosted/fafb-catmaid/	1	1	8
2025-08-22	virtualflybrain.org	/blog/2022/01/01/em-l1-winding-pedigo-et-al.-2023-windingpedigo2023/	0	1	158
2025-08-22	virtualflybrain.org	/docs/	1	1	20
2025-08-22	www.virtualflybrain.org	/	28	16	187
2025-08-22	www.virtualflybrain.org	/about/	2	1	16
2025-08-22	www.virtualflybrain.org	/about/hosted/flybrainndb/	2	1	9
2025-08-22	www.virtualflybrain.org	/about/hosted/iav-robo-catmaid/	1	1	26
2025-08-22	www.virtualflybrain.org	/blog/	1	1	5
2025-08-22	www.virtualflybrain.org	/blog/1/01/01/janelia-flylight/	1	1	13
2025-08-22	www.virtualflybrain.org	/blog/2022/01/01/abl-on-jrc_flyem_hemibrain-vfb_00102288/	1	1	59
2025-08-22	www.virtualflybrain.org	/blog/2022/01/01/adult-antennal-lobe-projection-neuron-dl5-fbbt_00059280/	1	1	3
2025-08-22	www.virtualflybrain.org	/blog/2022/01/01/smpl-on-jrc_flyem_hemibrain-vfb_00101507/	1	1	45
2025-08-22	www.virtualflybrain.org	/blog/2024/03/19/larval-split-gal4-line-raw-images-release/	1	1	13
2025-08-22	www.virtualflybrain.org	/blog/releases/	1	1	5
2025-08-22	www.virtualflybrain.org	/blog/releases/catmaid/l1em/	1	1	34
2025-08-22	www.virtualflybrain.org	/blog/releases/ontologies/ioa/	1	1	0
2025-08-22	www.virtualflybrain.org	/docs/	2	1	9
2025-08-22	www.virtualflybrain.org	/docs/concepts/nblast/	1	1	16
2025-08-22	www.virtualflybrain.org	/docs/contribution-guidelines/	3	1	74
2025-08-22	www.virtualflybrain.org	/docs/getting-started/scrnaseq/	1	1	9
2025-08-22	www.virtualflybrain.org	/docs/tutorials/apis/	2	1	25
2025-08-22	www.virtualflybrain.org	/docs/tutorials/apis/0_vfb_api_overview/	1	1	47
2025-08-22	www.virtualflybrain.org	/docs/tutorials/apis/connectome/3_visualisation/	2	1	1147
2025-08-22	www.virtualflybrain.org	/docs/tutorials/apis/vfbconnect_neuron_display/	0	1	0
2025-08-22	www.virtualflybrain.org	/search/	17	2	703
2025-08-22	www.virtualflybrain.org	/site/stacks/index.htm	1	0	0
2025-08-22	www.virtualflybrain.org	/site/tools/anatomy_finder/index.htm	3	3	0
2025-08-22	www.virtualflybrain.org	/tags/olfactory_system/	1	1	22
2025-08-22	www.virtualflybrain.org	/tags/synaptic_neuropil_domain/	1	1	3
2025-08-22	www.virtualflybrain.org	/term/adult-antennal-lobe-fbbt_00007401/	1	1	91
2025-08-22	www.virtualflybrain.org	/term/adult-antennal-lobe-projection-neuron-da1-lpn-fbbt_00067363/	1	1	21
2025-08-22	www.virtualflybrain.org	/term/ameboidal-type-cell-migration-go_0001667/	1	1	91
2025-08-22	www.virtualflybrain.org	/term/antennal-lobe-glomerulus-da1-fbbt_00003932/	2	1	205
2025-08-22	www.virtualflybrain.org	/term/antennal-lobe-glomerulus-dm1-fbbt_00003975/	1	1	13
2025-08-22	www.virtualflybrain.org	/term/basalar-muscle-50-fbbt_00003381/	1	1	25
2025-08-22	www.virtualflybrain.org	/term/hexose-metabolic-process-go_0019318/	1	1	3
2025-08-22	www.virtualflybrain.org	/term/jrc_mb010b_brain_2020__1-vfb_00103621/	1	1	7
2025-08-22	www.virtualflybrain.org	/term/jrc_r85e02-gal4-in-the-adult-brain-vfb_00020487/	1	1	26
2025-08-22	www.virtualflybrain.org	/term/pvt040747-gal4.dbd-pr72c08-p65.ad-expression-pattern-vfbexp_fbtp0117241fbtp0117193/	1	1	3
2025-08-22	www.virtualflybrain.org	/term/right-lobe-of-liver-uberon_0001114/	1	1	2
2025-08-23		/org.geppetto.frontend/geppetto	483	20	1244
2025-08-23	129.215.197.144	/	1	1	0
2025-08-23	blog.virtualflybrain.org	/en/blog/releases/ontologies/go/go_0006633_v6/	1	1	5
2025-08-23	meet.virtualflybrain.org	/	1	1	0
2025-08-23	raw.larval.flylight.virtualflybrain.org	/blog/2022/01/01/cg10165-fbgn0032801/	1	1	0
2025-08-23	v2.virtualflybrain.org	/org.geppetto.frontend/geppetto	121	21	3130
2025-08-23	virtualflybrain.org	/	1	1	7
2025-08-23	virtualflybrain.org	/docs/	1	1	3
2025-08-23	www.virtualflybrain.org	/	16	14	124
2025-08-23	www.virtualflybrain.org	/2022-03-09	1	1	0
2025-08-23	www.virtualflybrain.org	/about/	5	2	42
2025-08-23	www.virtualflybrain.org	/about/hosted/	2	1	13
2025-08-23	www.virtualflybrain.org	/about/hosted/braintrap/	2	2	31
2025-08-23	www.virtualflybrain.org	/about/hosted/fafb-catmaid/	1	1	5
2025-08-23	www.virtualflybrain.org	/about/hosted/flybrainndb/	1	1	8
2025-08-23	www.virtualflybrain.org	/about/hosted/l1em-catmaid/	1	1	0
2025-08-23	www.virtualflybrain.org	/blog/releases/ontologies/so/	1	1	0
2025-08-23	www.virtualflybrain.org	/docs/	5	4	44
2025-08-23	www.virtualflybrain.org	/docs/concepts/nblast/	2	2	6
2025-08-23	www.virtualflybrain.org	/docs/examples/	1	1	7
2025-08-23	www.virtualflybrain.org	/docs/examples/circuit-diagram-of-the-mushroom-body/	1	1	25
2025-08-23	www.virtualflybrain.org	/docs/getting-started/3dviewer/	1	1	5
2025-08-23	www.virtualflybrain.org	/docs/getting-started/circuitbrowser/	1	1	26
2025-08-23	www.virtualflybrain.org	/docs/getting-started/overview/	1	1	11
2025-08-23	www.virtualflybrain.org	/docs/getting-started/sliceviewer/	1	1	4
2025-08-23	www.virtualflybrain.org	/docs/overview/	1	1	1
2025-08-23	www.virtualflybrain.org	/docs/tutorials/apis/connectome/3_visualisation/	1	1	0
2025-08-23	www.virtualflybrain.org	/term/fructokinase-activity-go_0008865/	1	1	6
2025-08-23	www.virtualflybrain.org	/term/plc-gamma-2-mediated-pip2-hydrolysis-go_0004629/	1	1	7
2025-08-24		/org.geppetto.frontend/geppetto	950	30	411
2025-08-24	pgadmin.virtualflybrain.org	/	1	1	0
2025-08-24	u3.virtualflybrain.org	/	1	1	0
2025-08-24	v2.virtualflybrain.org	/org.geppetto.frontend/geppetto	178	33	2903
2025-08-24	virtualflybrain.org	/	2163	73	37361
2025-08-24	www.virtualflybrain.org	/	12	11	168
2025-08-24	www.virtualflybrain.org	/about/	1	1	40
2025-08-24	www.virtualflybrain.org	/blog/	1	1	2
2025-08-24	www.virtualflybrain.org	/blog/2022/01/01/amino-acidmonoatomic-cation-antiporter-activity-go_0140848/	1	1	6
2025-08-24	www.virtualflybrain.org	/blog/2022/01/01/oxidoreductase-activity-acting-on-paired-donors-with-incorporation-or-reduction-of-molecular-oxygen-another-compound-as-one-donor-and-incorporation-of-one-atom-of-oxygen-go_0016716/	1	1	25
2025-08-24	www.virtualflybrain.org	/blog/news/	1	1	3
2025-08-24	www.virtualflybrain.org	/blog/releases/ontologies/fbdv/	1	1	0
2025-08-24	www.virtualflybrain.org	/docs/	2	2	5
2025-08-24	www.virtualflybrain.org	/term/octopaminergic-al2b1-neuron-fbbt_00110146/	1	1	0
2025-08-24	www.virtualflybrain.org	/term/plc-gamma-2-mediated-pip2-hydrolysis-go_0004629/	1	1	8
2025-08-25		/org.geppetto.frontend/geppetto	2046	40	1325
2025-08-25	129.215.197.101	/	0	1	3
2025-08-25	129.215.197.144	/	2	2	0
2025-08-25	129.215.197.147	/	0	1	2
2025-08-25	api.virtualflybrain.org	/	0	1	3
2025-08-25	debug.virtualflybrain.org	/	0	1	2
2025-08-25	github.com	/VirtualFlyBrain/graph_queries/blob/main/weighted_path.md	1	1	4
2025-08-25	jupyter.virtualflybrain.org	/blog/2022/01/01/ocular-adnexa-uberon_0035639/	1	1	11
2025-08-25	larval-app1.virtualflybrain.org	/	1	1	0
2025-08-25	nblast.virtualflybrain.org	/	0	1	3
2025-08-25	owl.virtualflybrain.org	/	0	1	4
2025-08-25	raw.larval.flylight.virtualflybrain.org	/	1	1	0
2025-08-25	raw.larval.flylight.virtualflybrain.org	/explore/splits	1	1	86
2025-08-25	solr.virtualflybrain.org	/	0	1	3
2025-08-25	u3.virtualflybrain.org	/	0	1	2
2025-08-25	v2-dev2.virtualflybrain.org	/	1	1	0
2025-08-25	v2-preview.virtualflybrain.org	/	1	1	0
2025-08-25	v2.virtualflybrain.org	/	1	1	0
2025-08-25	v2.virtualflybrain.org	/org.geppetto.frontend/geppetto	166	47	12043
2025-08-25	virtualflybrain.org	/	7	7	53
2025-08-25	virtualflybrain.org	/about/hosted/	5	4	25
2025-08-25	virtualflybrain.org	/about/hosted/fafb-catmaid/	1	0	0
2025-08-25	virtualflybrain.org	/about/hosted/l1em-catmaid/	2	2	6
2025-08-25	www.l1em.catmaid.virtualflybrain.org	/	0	1	3
2025-08-25	www.virtualflybrain.org	/	19	14	238
2025-08-25	www.virtualflybrain.org	/about/	1	1	12
2025-08-25	www.virtualflybrain.org	/blog/	1	1	5
2025-08-25	www.virtualflybrain.org	/search/	1	1	90
2025-08-25	www.virtualflybrain.org	/site/vfb_site/home.htm	1	1	8
2025-08-25	www.virtualflybrain.org	/term/fructokinase-activity-go_0008865/	2	2	14
2025-08-25	www.virtualflybrain.org	/term/ito-lab-adult-brain-lineage-clone-image-set-ito2013/	1	1	3
2025-08-25	www.virtualflybrain.org	/term/ocular-adnexa-uberon_0035639/	1	1	7
2025-08-25	www.virtualflybrain.org	/term/plc-gamma-2-mediated-pip2-hydrolysis-go_0004629/	1	1	0
2025-08-25	www.virtualflybrain.org	/term/pr57c10-p-lexap65-fbtp0164476/	1	1	10
2025-08-25	www.virtualflybrain.org	/term/supraesophageal-ganglion-fbbt_00003626/	1	1	0
2025-08-25	www.virtualflybrain.org	/term/tectulum-fbbt_00007727/	1	1	0
2025-08-25	www.virtualflybrain.org	/term/tergopleural-muscle-fbbt_00003386/	1	0	0
2025-08-26		/org.geppetto.frontend/geppetto	418	34	382
2025-08-26	129.215.197.110	/	0	1	4
2025-08-26	129.215.197.143	/	2	3	4
2025-08-26	catmaid-fafb.virtualflybrain.org	/	1	1	0
2025-08-26	grafana.virtualflybrain.org	/	1	1	0
2025-08-26	mayo.inf.ed.ac.uk	/blog/2022/01/01/atpsynβ-fbgn0010217/	1	1	11
2025-08-26	mayo.inf.ed.ac.uk	/blog/2022/01/01/comparative-connectomics-reveals-how-partner-identity-location-and-activity-specify-synaptic-connectivity-in-drosophila-valdes-aleman-et-al.-2021-valdes_aleman2021/	1	1	184
2025-08-26	owl.virtualflybrain.org	/blog/releases/ontologies/obi/	1	1	0
2025-08-26	raw.larval.flylight.virtualflybrain.org	/	1	1	1
2025-08-26	sb.virtualflybrain.org	/	1	1	0
2025-08-26	sb1.virtualflybrain.org	/	1	1	0
2025-08-26	solr.virtualflybrain.org	/	1	1	0
2025-08-26	v1-5.virtualflybrain.org	/	1	1	0
2025-08-26	v2.virtualflybrain.org	/	1	1	0
2025-08-26	v2.virtualflybrain.org	/org.geppetto.frontend/geppetto	86	37	2412
2025-08-26	v2.virtualflybrain.org	/org.geppetto.frontend/org.geppetto.frontend	2	1	0
2025-08-26	v3.virtualflybrain.org	/	1	1	0
2025-08-26	virtualflybrain.org	/	4	4	26
2025-08-26	virtualflybrain.org	/about/	1	1	2
2025-08-26	virtualflybrain.org	/about/hosted/fanc-catmaid/	1	1	0
2025-08-26	virtualflybrain.org	/blog/	1	1	4
2025-08-26	virtualflybrain.org	/blog/news/	1	1	68
2025-08-26	virtualflybrain.org	/docs/	1	1	4
2025-08-26	virtualflybrain.org	/docs/examples/circuit-diagram-of-the-mushroom-body/	1	1	0
2025-08-26	virtualflybrain.org	/docs/getting-started/3dviewer/	1	1	2
2025-08-26	virtualflybrain.org	/docs/getting-started/circuitbrowser/	1	1	7
2025-08-26	virtualflybrain.org	/docs/getting-started/sliceviewer/	1	1	4
2025-08-26	virtualflybrain.org	/docs/overview/	1	1	5
2025-08-26	www.virtualflybrain.org	/	18	15	128
2025-08-26	www.virtualflybrain.org	/about/	1	1	13
2025-08-26	www.virtualflybrain.org	/blog/	2	2	8
2025-08-26	www.virtualflybrain.org	/blog/2022/01/01/amino-acidmonoatomic-cation-antiporter-activity-go_0140848/	1	1	4
2025-08-26	www.virtualflybrain.org	/blog/2022/01/01/pgmr16c05-gal4-fbtp0057869/	2	1	27
2025-08-26	www.virtualflybrain.org	/blog/2024/08/25/vfb-workshop-bridging-connectomics-and-transcriptomics-at-neurofly-2024/	1	1	11
2025-08-26	www.virtualflybrain.org	/blog/2025/06/11/flybase-emergency-funding/	1	1	13
2025-08-26	www.virtualflybrain.org	/blog/news/	1	1	10
2025-08-26	www.virtualflybrain.org	/blog/releases/catmaid/fafb/	1	1	16
2025-08-26	www.virtualflybrain.org	/blog/releases/catmaid/fanc/	1	1	13
2025-08-26	www.virtualflybrain.org	/blog/releases/ontologies/bfo/	2	2	0
2025-08-26	www.virtualflybrain.org	/blog/releases/ontologies/ro/	1	1	0
2025-08-26	www.virtualflybrain.org	/docs/	3	3	23
2025-08-26	www.virtualflybrain.org	/docs/examples/circuit-diagram-of-the-mushroom-body/	1	1	8
2025-08-26	www.virtualflybrain.org	/docs/getting-started/	1	1	7
2025-08-26	www.virtualflybrain.org	/docs/tutorials/apis/connectome/4_connectomics/	1	1	1
2025-08-26	www.virtualflybrain.org	/search/	1	1	0
2025-08-26	www.virtualflybrain.org	/tags/visual_system/	1	1	43
2025-08-26	www.virtualflybrain.org	/term/a1-7-vo3-motor-neuron-fbbt_00110284/	1	1	0
2025-08-26	www.virtualflybrain.org	/term/ocellar-ganglion-interneuron-type-01-fbbt_00052813/	1	1	30
2025-08-26	www.virtualflybrain.org	/term/plc-gamma-2-mediated-pip2-hydrolysis-go_0004629/	1	1	0
2025-08-26	zip.virtualflybrain.org	/	1	1	0
2025-08-27		/org.geppetto.frontend/geppetto	1006	44	1270
2025-08-27	129.215.197.101	/	1	2	3
2025-08-27	129.215.197.147	/	0	1	4
2025-08-27	api.virtualflybrain.org	/	0	1	11
2025-08-27	catmaid-fafb.virtualflybrain.org	/	0	1	4
2025-08-27	catmaid-fafb.virtualflybrain.org	/blog/releases/ontologies/bfo/	1	1	1
2025-08-27	debug.virtualflybrain.org	/	0	1	3
2025-08-27	natverse3.virtualflybrain.org	/docs/tutorials/apis/connectome/2_mapping/	2	2	0
2025-08-27	nblast.virtualflybrain.org	/	0	1	11
2025-08-27	nblast.virtualflybrain.org	/blog/releases/ontologies/bfo/	1	1	0
2025-08-27	owl.virtualflybrain.org	/	0	1	3
2025-08-27	pdb-firstload.virtualflybrain.org	/	1	1	0
2025-08-27	rancher.virtualflybrain.org	/	0	1	3
2025-08-27	solr.virtualflybrain.org	/	0	1	2
2025-08-27	u3.virtualflybrain.org	/	0	1	3
2025-08-27	v2.virtualflybrain.org	/org.geppetto.frontend/geppetto	172	51	6494
2025-08-27	v2.virtualflybrain.org	/org.geppetto.frontend/org.geppetto.frontend	1	1	0
2025-08-27	virtualflybrain.org	/	5	5	64
2025-08-27	virtualflybrain.org	/about/hosted/	2	3	9
2025-08-27	virtualflybrain.org	/about/hosted/fafb-catmaid/	1	1	18
2025-08-27	virtualflybrain.org	/about/hosted/fanc-catmaid/	1	1	0
2025-08-27	virtualflybrain.org	/about/hosted/l1em-catmaid/	2	2	34
2025-08-27	virtualflybrain.org	/docs/tutorials/apis/connectome/tools/	1	1	0
2025-08-27	www.virtualflybrain.org	/	32	26	406
2025-08-27	www.virtualflybrain.org	/about/	2	1	26
2025-08-27	www.virtualflybrain.org	/blog/	3	3	26
2025-08-27	www.virtualflybrain.org	/blog/2022/01/01/_ipc-2-l1em10459723-vfb_00100850/	1	1	4
2025-08-27	www.virtualflybrain.org	/blog/2022/01/01/adult-anterior-ventrolateral-protocerebrum-neuron-571-fbbt_20000680/	1	1	14
2025-08-27	www.virtualflybrain.org	/blog/2022/01/01/superior-medial-protocerebrum-fbbt_00007055/	1	1	0
2025-08-27	www.virtualflybrain.org	/blog/news/	1	1	1
2025-08-27	www.virtualflybrain.org	/blog/releases/	1	1	4
2025-08-27	www.virtualflybrain.org	/blog/releases/catmaid/	2	1	32
2025-08-27	www.virtualflybrain.org	/blog/releases/catmaid/fanc/	1	1	15
2025-08-27	www.virtualflybrain.org	/blog/releases/catmaid/l1em/	1	0	0
2025-08-27	www.virtualflybrain.org	/docs/	2	2	26
2025-08-27	www.virtualflybrain.org	/docs/concepts/nblast/	1	1	9
2025-08-27	www.virtualflybrain.org	/docs/concepts/templates/	1	1	0
2025-08-27	www.virtualflybrain.org	/docs/examples/circuit-diagram-of-the-mushroom-body/	1	1	6
2025-08-27	www.virtualflybrain.org	/docs/getting-started/3dviewer/	1	1	0
2025-08-27	www.virtualflybrain.org	/docs/getting-started/circuitbrowser/	1	1	35
2025-08-27	www.virtualflybrain.org	/docs/getting-started/overview/	2	1	21
2025-08-27	www.virtualflybrain.org	/docs/overview/	2	1	1
2025-08-27	www.virtualflybrain.org	/docs/tutorials/apis/	1	1	9
2025-08-27	www.virtualflybrain.org	/docs/tutorials/apis/2_plotting/	1	1	4
2025-08-27	www.virtualflybrain.org	/docs/tutorials/apis/4_neuprint/	1	1	1
2025-08-27	www.virtualflybrain.org	/docs/tutorials/apis/connectome/5_nblast/	2	1	662
2025-08-27	www.virtualflybrain.org	/search/	1	1	11
2025-08-27	www.virtualflybrain.org	/tags/peptidergic_neuron/	1	1	64
2025-08-27	www.virtualflybrain.org	/tags/staff/	1	1	0
2025-08-27	www.virtualflybrain.org	/term/descending-neuron-of-the-posterior-brain-dnp20-fbbt_00047653/	1	1	6
2025-08-27	www.virtualflybrain.org	/term/extracellular-matrix-structural-constituent-go_0005201/	0	1	1
2025-08-27	www.virtualflybrain.org	/term/fructokinase-activity-go_0008865/	1	1	5
2025-08-27	www.virtualflybrain.org	/term/gnathal-ganglion-fbbt_00004013/	1	1	21
2025-08-27	www.virtualflybrain.org	/term/jrc_r32f10-gal4-in-the-adult-brain-vfb_00020899/	1	1	0
2025-08-27	www.virtualflybrain.org	/term/plc-gamma-2-mediated-pip2-hydrolysis-go_0004629/	1	1	9
2025-08-27	www.virtualflybrain.org	/term/prekallikreinkininogenc1q-binding-protein-tetramer-kallikreinkininogenc1q-binding-protein-tetramer-go_0004185/	1	1	34
2025-08-27	www.virtualflybrain.org	/term/serotonergic-t1-neuron-1-fbbt_00110971/	1	1	7
2025-08-27	www.virtualflybrain.org	/term/sifapdm34-flyem-hb5813062866-vfb_jrchk543/	2	1	30
2025-08-28		/org.geppetto.frontend/geppetto	1083	47	670
2025-08-28	11em.catmaid.virtualflybrain.org	/	1	1	0
2025-08-28	11em.catmaid.virtualflybrain.org	/docs/	1	1	0
2025-08-28	129.215.197.110	/	1	1	0
2025-08-28	129.215.197.120	/	1	2	3
2025-08-28	129.215.197.147	/	0	1	3
2025-08-28	981gwa2l.virtualflybrain.org	/	2	2	0
2025-08-28	blog.virtualflybrain.org	/en/blog/releases/ontologies/go/go_0006633_v6/	1	1	5
2025-08-28	dev.virtualflybrain.org	/	2	2	0
2025-08-28	l1em.catmaid.virtualflybrain.org	/	1	1	11
2025-08-28	l1em.catmaid.virtualflybrain.org	/apis/	1	1	6
2025-08-28	meet.virtualflybrain.org	/	2	2	0
2025-08-28	owl.virtualflybrain.org	/blog/releases/ontologies/bfo/	1	1	0
2025-08-28	rancher.virtualflybrain.org	/	3	3	0
2025-08-28	raw.larval.flylight.virtualflybrain.org	/	3	3	3
2025-08-28	v1.virtualflybrain.org	/	2	2	0
2025-08-28	v2.virtualflybrain.org	/org.geppetto.frontend/geppetto	229	50	7244
2025-08-28	v2.virtualflybrain.org	/org.geppetto.frontend/org.geppetto.frontend	1	1	0
2025-08-28	virtualflybrain.org	/	5	5	25
2025-08-28	virtualflybrain.org	/about/	1	1	3
2025-08-28	virtualflybrain.org	/about/hosted/	6	6	2
2025-08-28	virtualflybrain.org	/blog/	1	1	0
2025-08-28	virtualflybrain.org	/docs/	1	1	2
2025-08-28	www.virtualflybrain.org	/	31	27	483
2025-08-28	www.virtualflybrain.org	/about/	2	2	61
2025-08-28	www.virtualflybrain.org	/about/hosted/l1em-catmaid/	1	1	0
2025-08-28	www.virtualflybrain.org	/blog/	2	1	17
2025-08-28	www.virtualflybrain.org	/blog/2022/01/01/adult-sensory-region-of-subesophageal-zone-fbbt_00051393/	1	1	12
2025-08-28	www.virtualflybrain.org	/blog/2022/01/01/amino-acidmonoatomic-cation-antiporter-activity-go_0140848/	1	1	4
2025-08-28	www.virtualflybrain.org	/blog/2022/01/01/jrc-2018-templates-rois-jrc2018/	1	1	11
2025-08-28	www.virtualflybrain.org	/blog/2022/01/01/vfb-content-report/	1	1	48
2025-08-28	www.virtualflybrain.org	/blog/2025/06/11/flybase-emergency-funding/	1	1	1
2025-08-28	www.virtualflybrain.org	/blog/news/	2	1	31
2025-08-28	www.virtualflybrain.org	/blog/releases/catmaid/	1	1	8
2025-08-28	www.virtualflybrain.org	/blog/releases/catmaid/fafb/	1	1	10
2025-08-28	www.virtualflybrain.org	/blog/releases/ontologies/bfo/	1	1	0
2025-08-28	www.virtualflybrain.org	/blog/releases/ontologies/go/	1	1	8
2025-08-28	www.virtualflybrain.org	/blog/releases/ontologies/so/	1	1	0
2025-08-28	www.virtualflybrain.org	/blog/releases/ontologies/uberon/	1	1	0
2025-08-28	www.virtualflybrain.org	/docs/	11	6	147
2025-08-28	www.virtualflybrain.org	/docs/concepts/	1	1	48
2025-08-28	www.virtualflybrain.org	/docs/concepts/nblast/	1	1	564
2025-08-28	www.virtualflybrain.org	/docs/concepts/splits/	4	2	13
2025-08-28	www.virtualflybrain.org	/docs/concepts/templates/	1	1	156
2025-08-28	www.virtualflybrain.org	/docs/concepts/transgene/	4	1	282
2025-08-28	www.virtualflybrain.org	/docs/examples/	2	1	6
2025-08-28	www.virtualflybrain.org	/docs/examples/circuit-diagram-of-the-mushroom-body/	2	2	7
2025-08-28	www.virtualflybrain.org	/docs/getting-started/3dviewer/	3	2	26
2025-08-28	www.virtualflybrain.org	/docs/getting-started/circuitbrowser/	2	2	21
2025-08-28	www.virtualflybrain.org	/docs/getting-started/overview/	2	2	12
2025-08-28	www.virtualflybrain.org	/docs/getting-started/similarityscore/	1	1	0
2025-08-28	www.virtualflybrain.org	/docs/getting-started/sliceviewer/	2	2	9
2025-08-28	www.virtualflybrain.org	/docs/getting-started/termcontext/	1	1	3
2025-08-28	www.virtualflybrain.org	/docs/getting-started/terminfo/	1	1	25
2025-08-28	www.virtualflybrain.org	/docs/getting-started/thumbnails/	1	1	47
2025-08-28	www.virtualflybrain.org	/docs/overview/	1	1	3
2025-08-28	www.virtualflybrain.org	/docs/tutorials/	2	2	9
2025-08-28	www.virtualflybrain.org	/docs/tutorials/apis/	1	1	22
2025-08-28	www.virtualflybrain.org	/docs/tutorials/apis/2_plotting/	5	1	106
2025-08-28	www.virtualflybrain.org	/docs/tutorials/apis/4_nblast/	2	1	88
2025-08-28	www.virtualflybrain.org	/docs/tutorials/apis/4_neuprint/	2	2	13
2025-08-28	www.virtualflybrain.org	/docs/tutorials/apis/connectome/2_mapping/	1	1	10
2025-08-28	www.virtualflybrain.org	/docs/tutorials/apis/connectome/3_visualisation/	1	1	9
2025-08-28	www.virtualflybrain.org	/docs/tutorials/apis/connectome/4_connectomics/	3	1	46
2025-08-28	www.virtualflybrain.org	/docs/tutorials/apis/connectome/5_nblast/	1	1	17
2025-08-28	www.virtualflybrain.org	/search/	10	3	53
2025-08-28	www.virtualflybrain.org	/tags/expression_pattern/	1	1	24
2025-08-28	www.virtualflybrain.org	/term/adult-antennal-lobe-fbbt_00007401/	1	1	14
2025-08-28	www.virtualflybrain.org	/term/an19b001_t1_r-manc10063-vfb_jrcv07rj/	1	1	12
2025-08-28	www.virtualflybrain.org	/term/cellular-response-to-organic-cyclic-compound-go_0071407/	1	1	0
2025-08-28	www.virtualflybrain.org	/term/em-l1-mark-et-al.-2019-mark2019/	1	1	9
2025-08-28	www.virtualflybrain.org	/term/generically-dependent-continuant-bfo_0000031/	1	1	23
2025-08-28	www.virtualflybrain.org	/term/hexose-metabolic-process-go_0019318/	1	1	5
2025-08-28	www.virtualflybrain.org	/term/pvt029515-gal4.dbd-pbacr33e06-p65.ad-expression-pattern-vfbexp_fbtp0123868fbtp0161118/	0	1	9
2025-08-28	www.virtualflybrain.org	/term/sustecr42422-fbgn0259853/	1	1	6
2025-08-29		/org.geppetto.frontend/geppetto	1268	41	798
2025-08-29	129.215.197.101	/	1	1	0
2025-08-29	129.215.197.110	/	1	1	0
2025-08-29	129.215.197.120	/	0	1	4
2025-08-29	backend.virtualflybrain.org	/	1	1	0
2025-08-29	buttermilk.inf.ed.ac.uk	/blog/releases/geppetto/	1	1	13
2025-08-29	kbw.virtualflybrain.org	/	1	1	0
2025-08-29	meet.virtualflybrain.org	/	1	1	3
2025-08-29	owl.virtualflybrain.org	/blog/releases/ontologies/bfo/	2	2	10
2025-08-29	v2.virtualflybrain.org	/	1	1	0
2025-08-29	v2.virtualflybrain.org	/org.geppetto.frontend/geppetto	235	46	5466
2025-08-29	v2.virtualflybrain.org	/org.geppetto.frontend/geppetto/VFB_00100wsc	1	1	5
2025-08-29	v2.virtualflybrain.org	/org.geppetto.frontend/geppetto/geppetto/build/static/geppetto/build/static/geppetto/build/static/geppetto/build/static/geppetto/build/static/geppetto/build/static/geppetto/build/static/geppetto/build/static/geppetto/build/static/geppetto/build/static/geppetto/build/static/geppetto/build/static/geppetto/build/static/geppetto/build/static/splash.gif	1	1	0
2025-08-29	v2.virtualflybrain.org	/org.geppetto.frontend/geppetto/geppetto/build/static/geppetto/build/static/geppetto/build/static/geppetto/build/static/geppetto/build/static/geppetto/build/static/geppetto/build/static/geppetto/build/static/geppetto/build/static/geppetto/build/static/geppetto/build/static/geppetto/build/static/geppetto/build/static/splash.gif	1	1	0
2025-08-29	v2.virtualflybrain.org	/org.geppetto.frontend/geppetto/geppetto/build/static/geppetto/build/static/geppetto/build/static/geppetto/build/static/geppetto/build/static/geppetto/build/static/geppetto/build/static/geppetto/build/static/geppetto/build/static/geppetto/build/static/geppetto/build/static/geppetto/build/static/splash.gif	1	1	0
2025-08-29	v2.virtualflybrain.org	/org.geppetto.frontend/geppetto/geppetto/build/static/geppetto/build/static/geppetto/build/static/geppetto/build/static/geppetto/build/static/geppetto/build/static/geppetto/build/static/geppetto/build/static/geppetto/build/static/geppetto/build/static/geppetto/build/static/splash.gif	1	1	0
2025-08-29	v2.virtualflybrain.org	/org.geppetto.frontend/geppetto/geppetto/build/static/geppetto/build/static/geppetto/build/static/geppetto/build/static/geppetto/build/static/geppetto/build/static/geppetto/build/static/geppetto/build/static/geppetto/build/static/geppetto/build/static/splash.gif	1	1	0
2025-08-29	v2.virtualflybrain.org	/org.geppetto.frontend/geppetto/geppetto/build/static/geppetto/build/static/geppetto/build/static/geppetto/build/static/geppetto/build/static/geppetto/build/static/geppetto/build/static/geppetto/build/static/geppetto/build/static/splash.gif	1	1	0
2025-08-29	v2.virtualflybrain.org	/org.geppetto.frontend/geppetto/geppetto/build/static/geppetto/build/static/geppetto/build/static/geppetto/build/static/geppetto/build/static/geppetto/build/static/geppetto/build/static/geppetto/build/static/splash.gif	1	1	0
2025-08-29	v2.virtualflybrain.org	/org.geppetto.frontend/geppetto/geppetto/build/static/geppetto/build/static/geppetto/build/static/geppetto/build/static/geppetto/build/static/geppetto/build/static/geppetto/build/static/splash.gif	1	1	0
2025-08-29	v2.virtualflybrain.org	/org.geppetto.frontend/geppetto/geppetto/build/static/geppetto/build/static/geppetto/build/static/geppetto/build/static/geppetto/build/static/geppetto/build/static/splash.gif	1	1	0
2025-08-29	v2.virtualflybrain.org	/org.geppetto.frontend/geppetto/geppetto/build/static/geppetto/build/static/geppetto/build/static/geppetto/build/static/geppetto/build/static/splash.gif	1	1	0
2025-08-29	v2.virtualflybrain.org	/org.geppetto.frontend/geppetto/geppetto/build/static/geppetto/build/static/geppetto/build/static/geppetto/build/static/splash.gif	1	1	0
2025-08-29	v2.virtualflybrain.org	/org.geppetto.frontend/geppetto/geppetto/build/static/geppetto/build/static/geppetto/build/static/splash.gif	1	1	0
2025-08-29	v2.virtualflybrain.org	/org.geppetto.frontend/geppetto/geppetto/build/static/geppetto/build/static/splash.gif	1	1	0
2025-08-29	v2.virtualflybrain.org	/org.geppetto.frontend/geppetto/geppetto/build/static/splash.gif	1	1	0
2025-08-29	v2.virtualflybrain.org	/org.geppetto.frontend/org.geppetto.frontend	4	1	0
2025-08-29	virtualflybrain.org	/	1	1	5
2025-08-29	virtualflybrain.org	/about/	1	1	0
2025-08-29	virtualflybrain.org	/about/hosted/	1	1	5
2025-08-29	virtualflybrain.org	/about/hosted/braintrap/	1	1	6
2025-08-29	virtualflybrain.org	/docs/	1	1	2
2025-08-29	virtualflybrain.org	/docs/examples/circuit-diagram-of-the-mushroom-body/	1	1	13
2025-08-29	virtualflybrain.org	/docs/getting-started/3dviewer/	1	1	1
2025-08-29	virtualflybrain.org	/docs/getting-started/circuitbrowser/	1	1	3
2025-08-29	virtualflybrain.org	/docs/getting-started/sliceviewer/	2	1	4
2025-08-29	virtualflybrain.org	/docs/getting-started/termcontext/	1	1	3
2025-08-29	virtualflybrain.org	/docs/getting-started/terminfo/	1	1	2
2025-08-29	virtualflybrain.org	/docs/getting-started/thumbnails/	1	1	7
2025-08-29	www.virtualflybrain.org	/	26	23	338
2025-08-29	www.virtualflybrain.org	/about/	6	3	52
2025-08-29	www.virtualflybrain.org	/about/citeus/	1	1	0
2025-08-29	www.virtualflybrain.org	/about/hosted/	1	1	6
2025-08-29	www.virtualflybrain.org	/about/hosted/l1em-catmaid/	1	1	4
2025-08-29	www.virtualflybrain.org	/about/whatisvfb/	1	1	8
2025-08-29	www.virtualflybrain.org	/blog/2022/01/01/adult-wbi021-neuron-of-ventral-nerve-cord-fbbt_00052963/	1	1	5
2025-08-29	www.virtualflybrain.org	/blog/2022/01/01/mcfo-images-of-gmr-gal4-lines-from-dionne-et-al.-2018-gen1mcfodionne2018/	1	1	36
2025-08-29	www.virtualflybrain.org	/blog/2022/01/01/mcfo-images-of-gmr-gal4-lines-from-pfeiffer-et-al.-2010-gen1mcfopfeiffer2010/	1	1	7
2025-08-29	www.virtualflybrain.org	/blog/2022/01/01/pgmr-gal4frt-fbtp0013934/	1	1	2
2025-08-29	www.virtualflybrain.org	/blog/releases/catmaid/	1	1	5
2025-08-29	www.virtualflybrain.org	/blog/releases/ontologies/fbbt/	1	1	5
2025-08-29	www.virtualflybrain.org	/blog/releases/ontologies/fbdv/	1	1	23
2025-08-29	www.virtualflybrain.org	/docs/	11	7	166
2025-08-29	www.virtualflybrain.org	/docs/concepts/transgene/	1	1	13
2025-08-29	www.virtualflybrain.org	/docs/examples/	1	1	10
2025-08-29	www.virtualflybrain.org	/docs/getting-started/3dviewer/	1	1	18
2025-08-29	www.virtualflybrain.org	/docs/getting-started/circuitbrowser/	1	1	85
2025-08-29	www.virtualflybrain.org	/docs/getting-started/overview/	3	2	5
2025-08-29	www.virtualflybrain.org	/docs/getting-started/similarityscore/	2	1	43
2025-08-29	www.virtualflybrain.org	/docs/getting-started/termcontext/	2	1	44
2025-08-29	www.virtualflybrain.org	/docs/getting-started/terminfo/	1	1	145
2025-08-29	www.virtualflybrain.org	/docs/getting-started/thumbnails/	2	1	154
2025-08-29	www.virtualflybrain.org	/docs/overview/	2	2	11
2025-08-29	www.virtualflybrain.org	/docs/tutorials/apis/4_nblast/	1	1	18
2025-08-29	www.virtualflybrain.org	/docs/tutorials/apis/4_neuprint/	1	1	0
2025-08-29	www.virtualflybrain.org	/docs/tutorials/apis/vfbconnect_neuron_display/	1	1	0
2025-08-29	www.virtualflybrain.org	/search/	4	2	118
2025-08-29	www.virtualflybrain.org	/tags/iao/	1	1	1
2025-08-29	www.virtualflybrain.org	/term/adult-cb0892-neuron-fbbt_20004585/	1	1	0
2025-08-29	www.virtualflybrain.org	/term/cg11975-fbgn0037648/	1	1	11
2025-08-29	www.virtualflybrain.org	/term/ocellar-ganglion-fbbt_00049817/	2	2	136
2025-08-29	www.virtualflybrain.org	/term/plc-gamma-2-mediated-pip2-hydrolysis-go_0004629/	1	1	7
2025-08-30		/org.geppetto.frontend/geppetto	390	24	143
2025-08-30	129.215.197.101	/	2	2	0
2025-08-30	129.215.197.110	/	2	3	3
2025-08-30	129.215.197.120	/	1	1	0
2025-08-30	129.215.197.143	/	2	2	0
2025-08-30	129.215.197.144	/	2	3	3
2025-08-30	129.215.197.147	/	2	2	0
2025-08-30	blog.virtualflybrain.org	/	1	1	0
2025-08-30	blog.virtualflybrain.org	/en/blog/releases/ontologies/go/go_0006633_v6/	1	1	11
2025-08-30	catmaid-fafb.virtualflybrain.org	/	1	1	0
2025-08-30	flybrain.mrc-lmb.cam.ac.uk	/si/nblast/www/	1	1	24
2025-08-30	github.com	/VirtualFlyBrain/graph_queries/blob/main/weighted_path.md	1	1	129
2025-08-30	github.com	/jefferis/vfbconnectr	1	1	9
2025-08-30	hugo.virtualflybrain.org	/	1	1	0
2025-08-30	jupyter.virtualflybrain.org	/	1	1	0
2025-08-30	kbw.virtualflybrain.org	/	1	1	0
2025-08-30	pypi.org	/project/vfb-connect/	1	1	11
2025-08-30	raw.larval.flylight.virtualflybrain.org	/	1	1	0
2025-08-30	solr-dev.virtualflybrain.org	/	1	1	0
2025-08-30	v2-debug.virtualflybrain.org	/	1	1	0
2025-08-30	v2-dev2.virtualflybrain.org	/	1	1	0
2025-08-30	v2.virtualflybrain.org	/org.geppetto.frontend/geppetto	168	25	1165
2025-08-30	virtualflybrain.org	/	3	3	67
2025-08-30	virtualflybrain.org	/about/	1	1	32
2025-08-30	www.fafb.catmaid.virtualflybrain.org	/	1	1	0
2025-08-30	www.virtualflybrain.org	/	7	7	27
2025-08-30	www.virtualflybrain.org	/about/hosted/iav-tnt-catmaid/	1	1	60
2025-08-30	www.virtualflybrain.org	/blog/2022/01/01/amino-acidmonoatomic-cation-antiporter-activity-go_0140848/	1	1	11
2025-08-30	www.virtualflybrain.org	/blog/2022/01/01/haltere-muscle-motor-neuron-fbbt_00051966/	1	1	0
2025-08-30	www.virtualflybrain.org	/blog/releases/catmaid/	2	1	174
2025-08-30	www.virtualflybrain.org	/docs/	5	3	80
2025-08-30	www.virtualflybrain.org	/docs/concepts/nblast/	1	1	2
2025-08-30	www.virtualflybrain.org	/docs/concepts/transgene/	1	1	14
2025-08-30	www.virtualflybrain.org	/docs/getting-started/	1	1	4
2025-08-30	www.virtualflybrain.org	/docs/getting-started/3dviewer/	1	1	0
2025-08-30	www.virtualflybrain.org	/docs/getting-started/overview/	2	1	64
2025-08-30	www.virtualflybrain.org	/docs/getting-started/sliceviewer/	1	1	4
2025-08-30	www.virtualflybrain.org	/docs/getting-started/terminfo/	1	1	3
2025-08-30	www.virtualflybrain.org	/docs/tutorials/	1	1	5
2025-08-30	www.virtualflybrain.org	/docs/tutorials/apis/	1	1	0
2025-08-30	www.virtualflybrain.org	/docs/tutorials/apis/solr/	1	1	16
2025-08-30	www.virtualflybrain.org	/docs/tutorials/apis/vfbconnect_neuron_display/	1	1	118
2025-08-30	www.virtualflybrain.org	/en/blog/releases/ontologies/go/go_0022411_v6/	1	1	7
2025-08-30	www.virtualflybrain.org	/search/	1	1	0
2025-08-30	www.virtualflybrain.org	/term/adult-doublesex-tn1-male-neuron-fbbt_00047363/	1	1	2
2025-08-30	www.virtualflybrain.org	/term/haltere-dorsal-ventral-muscle-motor-neuron-fbbt_00059260/	1	1	0
2025-08-30	www.virtualflybrain.org	/term/plc-gamma-2-mediated-pip2-hydrolysis-go_0004629/	1	1	11
2025-08-30	www.virtualflybrain.org	/term/pr45d07-gal4.dbd-fbtp0121777/	3	2	11
2025-08-31		/org.geppetto.frontend/geppetto	1049	24	457
2025-08-31	129.215.197.101	/	1	2	4
2025-08-31	129.215.197.120	/	1	1	0
2025-08-31	129.215.197.143	/	0	1	4
2025-08-31	129.215.197.147	/	1	1	0
2025-08-31	dill.inf.ed.ac.uk	/blog/2022/01/01/intracellular-anatomical-structure-go_0005622/	1	1	10
2025-08-31	raw.larval.flylight.virtualflybrain.org	/	0	1	4
2025-08-31	raw.larval.flylight.virtualflybrain.org	/explore/splits	257	1	4267
2025-08-31	v2.virtualflybrain.org	/org.geppetto.frontend/geppetto	179	25	4444
2025-08-31	virtualflybrain.org	/	2	2	8
2025-08-31	www.virtualflybrain.org	/	14	10	76
2025-08-31	www.virtualflybrain.org	/about/	3	2	71
2025-08-31	www.virtualflybrain.org	/about/citeus/	1	1	0
2025-08-31	www.virtualflybrain.org	/about/hosted/flybrainndb/	1	1	0
2025-08-31	www.virtualflybrain.org	/blog/2022/01/01/abdominal-tracheal-primordium-2-fbbt_00000191/	1	1	0
2025-08-31	www.virtualflybrain.org	/blog/2022/01/01/adult-vnc-neuropils-court2020-court2020/	1	1	13
2025-08-31	www.virtualflybrain.org	/blog/2022/01/01/proventriculus-fbbt_00005752/	1	1	0
2025-08-31	www.virtualflybrain.org	/blog/2024/08/25/guide-to-working-with-images-from-virtual-fly-brain-vfb-using-the-vfbconnect-library/	1	1	3
2025-08-31	www.virtualflybrain.org	/blog/2024/08/25/vfb-workshop-bridging-connectomics-and-transcriptomics-at-neurofly-2024/	1	1	2
2025-08-31	www.virtualflybrain.org	/blog/2025/06/11/flybase-emergency-funding/	1	1	1
2025-08-31	www.virtualflybrain.org	/blog/releases/datasets/	1	1	15
2025-08-31	www.virtualflybrain.org	/docs/	3	2	22
2025-08-31	www.virtualflybrain.org	/docs/getting-started/	4	4	13
2025-08-31	www.virtualflybrain.org	/docs/getting-started/3dviewer/	4	2	28
2025-08-31	www.virtualflybrain.org	/docs/getting-started/circuitbrowser/	2	2	13
2025-08-31	www.virtualflybrain.org	/docs/getting-started/overview/	1	1	33
2025-08-31	www.virtualflybrain.org	/docs/getting-started/termcontext/	1	1	2
2025-08-31	www.virtualflybrain.org	/docs/getting-started/terminfo/	1	1	14
2025-08-31	www.virtualflybrain.org	/docs/tutorials/apis/connectome/2_mapping/	1	1	23
2025-08-31	www.virtualflybrain.org	/docs/tutorials/apis/connectome/3_visualisation/	1	1	72
2025-08-31	www.virtualflybrain.org	/tags/citation/	1	1	7
2025-08-31	www.virtualflybrain.org	/tags/fbdv/	1	1	2
2025-08-31	www.virtualflybrain.org	/tags/visual_system/	1	1	0
2025-08-31	www.virtualflybrain.org	/term/collagen-containing-extracellular-matrix-go_0062023/	1	1	0
2025-08-31	www.virtualflybrain.org	/term/low-density-lipoprotein-particle-receptor-activity-go_0005041/	1	1	5
2025-08-31	www.virtualflybrain.org	/term/thecogen-cell-fbbt_00005173/	1	1	3
