date	streamName	hostName	event	eventCount	usersMin
2024-06-01	virtualflybrain.org - GA4		page_view	657	23
2024-06-01	virtualflybrain.org - GA4	129.215.197.120	user_engagement	1	1
2024-06-01	virtualflybrain.org - GA4	129.215.197.147	first_visit	1	1
2024-06-01	virtualflybrain.org - GA4	129.215.197.147	page_view	1	1
2024-06-01	virtualflybrain.org - GA4	129.215.197.147	session_start	1	1
2024-06-01	virtualflybrain.org - GA4	admin.virtualflybrain.org	user_engagement	1	1
2024-06-01	virtualflybrain.org - GA4	api.virtualflybrain.org	user_engagement	1	1
2024-06-01	virtualflybrain.org - GA4	blog.virtualflybrain.org	user_engagement	1	1
2024-06-01	virtualflybrain.org - GA4	geppetto-dev1.virtualflybrain.org	user_engagement	1	1
2024-06-01	virtualflybrain.org - GA4	i3vnc.catmaid.virtualflybrain.org	user_engagement	1	1
2024-06-01	virtualflybrain.org - GA4	larval.virtualflybrain.org	user_engagement	1	1
2024-06-01	virtualflybrain.org - GA4	natverse1.virtualflybrain.org	user_engagement	1	1
2024-06-01	virtualflybrain.org - GA4	p2.virtualflybrain.org	user_engagement	1	1
2024-06-01	virtualflybrain.org - GA4	pgadmin.virtualflybrain.org	user_engagement	2	2
2024-06-01	virtualflybrain.org - GA4	solr-alpha.virtualflybrain.org	user_engagement	1	1
2024-06-01	virtualflybrain.org - GA4	solr.p2.virtualflybrain.org	user_engagement	1	1
2024-06-01	virtualflybrain.org - GA4	solr.virtualflybrain.org	user_engagement	2	2
2024-06-01	virtualflybrain.org - GA4	tracker.2wl.org.uk	user_engagement	1	1
2024-06-01	virtualflybrain.org - GA4	v2-dev.virtualflybrain.org	user_engagement	2	2
2024-06-01	virtualflybrain.org - GA4	v2-preview.virtualflybrain.org	user_engagement	1	1
2024-06-01	virtualflybrain.org - GA4	v2.virtualflybrain.org	cancelled	3	2
2024-06-01	virtualflybrain.org - GA4	v2.virtualflybrain.org	disconnected	15	10
2024-06-01	virtualflybrain.org - GA4	v2.virtualflybrain.org	errorlog	4	2
2024-06-01	virtualflybrain.org - GA4	v2.virtualflybrain.org	first_visit	15	15
2024-06-01	virtualflybrain.org - GA4	v2.virtualflybrain.org	opening	7	1
2024-06-01	virtualflybrain.org - GA4	v2.virtualflybrain.org	page_view	198	35
2024-06-01	virtualflybrain.org - GA4	v2.virtualflybrain.org	reconnect-attempt:0	14	9
2024-06-01	virtualflybrain.org - GA4	v2.virtualflybrain.org	reconnect-attempt:1	1	1
2024-06-01	virtualflybrain.org - GA4	v2.virtualflybrain.org	request	282	23
2024-06-01	virtualflybrain.org - GA4	v2.virtualflybrain.org	session_start	176	28
2024-06-01	virtualflybrain.org - GA4	v2.virtualflybrain.org	user_engagement	16	12
2024-06-01	virtualflybrain.org - GA4	v2a.virtualflybrain.org	page_view	3	1
2024-06-01	virtualflybrain.org - GA4	v2a.virtualflybrain.org	session_start	1	1
2024-06-01	virtualflybrain.org - GA4	v2a.virtualflybrain.org	user_engagement	3	1
2024-06-01	virtualflybrain.org - GA4	virtualflybrain.org	first_visit	6	6
2024-06-01	virtualflybrain.org - GA4	virtualflybrain.org	page_view	6	6
2024-06-01	virtualflybrain.org - GA4	virtualflybrain.org	session_start	6	6
2024-06-01	virtualflybrain.org - GA4	virtualflybrain.org	user_engagement	1	1
2024-06-01	virtualflybrain.org - GA4	webtop.virtualflybrain.org	user_engagement	1	1
2024-06-01	virtualflybrain.org - GA4	www.v2.virtualflybrain.org	user_engagement	1	1
2024-06-01	virtualflybrain.org - GA4	www.virtualflybrain.org	first_visit	14	14
2024-06-01	virtualflybrain.org - GA4	www.virtualflybrain.org	page_view	31	19
2024-06-01	virtualflybrain.org - GA4	www.virtualflybrain.org	session_start	20	20
2024-06-01	virtualflybrain.org - GA4	www.virtualflybrain.org	user_engagement	31	15
2024-06-02	virtualflybrain.org - GA4		page_view	141	16
2024-06-02	virtualflybrain.org - GA4	129.215.197.101	first_visit	1	1
2024-06-02	virtualflybrain.org - GA4	129.215.197.101	page_view	1	1
2024-06-02	virtualflybrain.org - GA4	129.215.197.101	session_start	1	1
2024-06-02	virtualflybrain.org - GA4	129.215.197.120	first_visit	1	1
2024-06-02	virtualflybrain.org - GA4	129.215.197.120	page_view	1	1
2024-06-02	virtualflybrain.org - GA4	129.215.197.120	session_start	1	1
2024-06-02	virtualflybrain.org - GA4	129.215.197.147	first_visit	1	1
2024-06-02	virtualflybrain.org - GA4	129.215.197.147	page_view	1	1
2024-06-02	virtualflybrain.org - GA4	129.215.197.147	session_start	1	1
2024-06-02	virtualflybrain.org - GA4	129.215.197.147	user_engagement	1	1
2024-06-02	virtualflybrain.org - GA4	debug.virtualflybrain.org	page_view	2	1
2024-06-02	virtualflybrain.org - GA4	debug.virtualflybrain.org	session_start	1	1
2024-06-02	virtualflybrain.org - GA4	debug.virtualflybrain.org	user_engagement	2	1
2024-06-02	virtualflybrain.org - GA4	v2.virtualflybrain.org	cancelled	6	2
2024-06-02	virtualflybrain.org - GA4	v2.virtualflybrain.org	disconnected	21	12
2024-06-02	virtualflybrain.org - GA4	v2.virtualflybrain.org	errorlog	24	1
2024-06-02	virtualflybrain.org - GA4	v2.virtualflybrain.org	first_visit	4	4
2024-06-02	virtualflybrain.org - GA4	v2.virtualflybrain.org	page_view	130	26
2024-06-02	virtualflybrain.org - GA4	v2.virtualflybrain.org	reconnect-attempt:0	19	11
2024-06-02	virtualflybrain.org - GA4	v2.virtualflybrain.org	request	112	23
2024-06-02	virtualflybrain.org - GA4	v2.virtualflybrain.org	session_start	93	19
2024-06-02	virtualflybrain.org - GA4	v2.virtualflybrain.org	user_engagement	26	14
2024-06-02	virtualflybrain.org - GA4	v2a.virtualflybrain.org	session_start	1	1
2024-06-02	virtualflybrain.org - GA4	v2a.virtualflybrain.org	user_engagement	1	1
2024-06-02	virtualflybrain.org - GA4	vfbblog.inf.ed.ac.uk	user_engagement	1	1
2024-06-02	virtualflybrain.org - GA4	www.virtualflybrain.org	first_visit	19	19
2024-06-02	virtualflybrain.org - GA4	www.virtualflybrain.org	page_view	30	23
2024-06-02	virtualflybrain.org - GA4	www.virtualflybrain.org	session_start	27	23
2024-06-02	virtualflybrain.org - GA4	www.virtualflybrain.org	user_engagement	25	16
2024-06-03	virtualflybrain.org - GA4		page_view	1336	34
2024-06-03	virtualflybrain.org - GA4		session_start	1	1
2024-06-03	virtualflybrain.org - GA4	129.215.197.144	first_visit	1	1
2024-06-03	virtualflybrain.org - GA4	129.215.197.144	page_view	1	1
2024-06-03	virtualflybrain.org - GA4	129.215.197.144	session_start	1	1
2024-06-03	virtualflybrain.org - GA4	511e8a24-c663-48f5-9858-cee6c49e3718.virtualflybrain.org	user_engagement	1	1
2024-06-03	virtualflybrain.org - GA4	6ca6ec05-0e7c-414b-ab69-6aba90258b6b.virtualflybrain.org	user_engagement	1	1
2024-06-03	virtualflybrain.org - GA4	981gwa2l.virtualflybrain.org	first_visit	3	3
2024-06-03	virtualflybrain.org - GA4	981gwa2l.virtualflybrain.org	page_view	3	3
2024-06-03	virtualflybrain.org - GA4	981gwa2l.virtualflybrain.org	session_start	3	3
2024-06-03	virtualflybrain.org - GA4	981gwa2l.virtualflybrain.org	user_engagement	1	1
2024-06-03	virtualflybrain.org - GA4	api.virtualflybrain.org	first_visit	3	3
2024-06-03	virtualflybrain.org - GA4	api.virtualflybrain.org	page_view	3	3
2024-06-03	virtualflybrain.org - GA4	api.virtualflybrain.org	session_start	3	3
2024-06-03	virtualflybrain.org - GA4	blanik-jenkins.virtualflybrain.org	first_visit	3	3
2024-06-03	virtualflybrain.org - GA4	blanik-jenkins.virtualflybrain.org	page_view	3	3
2024-06-03	virtualflybrain.org - GA4	blanik-jenkins.virtualflybrain.org	session_start	3	3
2024-06-03	virtualflybrain.org - GA4	blog.virtualflybrain.org	first_visit	3	3
2024-06-03	virtualflybrain.org - GA4	blog.virtualflybrain.org	page_view	3	3
2024-06-03	virtualflybrain.org - GA4	blog.virtualflybrain.org	session_start	3	3
2024-06-03	virtualflybrain.org - GA4	bocian-jenkins.virtualflybrain.org	first_visit	1	1
2024-06-03	virtualflybrain.org - GA4	bocian-jenkins.virtualflybrain.org	page_view	1	1
2024-06-03	virtualflybrain.org - GA4	bocian-jenkins.virtualflybrain.org	session_start	1	1
2024-06-03	virtualflybrain.org - GA4	debug.virtualflybrain.org	first_visit	3	3
2024-06-03	virtualflybrain.org - GA4	debug.virtualflybrain.org	page_view	4	4
2024-06-03	virtualflybrain.org - GA4	debug.virtualflybrain.org	session_start	3	3
2024-06-03	virtualflybrain.org - GA4	debug.virtualflybrain.org	user_engagement	1	1
2024-06-03	virtualflybrain.org - GA4	dev.virtualflybrain.org	first_visit	2	2
2024-06-03	virtualflybrain.org - GA4	dev.virtualflybrain.org	page_view	2	2
2024-06-03	virtualflybrain.org - GA4	dev.virtualflybrain.org	session_start	2	2
2024-06-03	virtualflybrain.org - GA4	grafana.virtualflybrain.org	user_engagement	1	1
2024-06-03	virtualflybrain.org - GA4	herd.virtualflybrain.org	first_visit	3	3
2024-06-03	virtualflybrain.org - GA4	herd.virtualflybrain.org	page_view	3	3
2024-06-03	virtualflybrain.org - GA4	herd.virtualflybrain.org	session_start	3	3
2024-06-03	virtualflybrain.org - GA4	hugo.virtualflybrain.org	first_visit	3	3
2024-06-03	virtualflybrain.org - GA4	hugo.virtualflybrain.org	page_view	3	3
2024-06-03	virtualflybrain.org - GA4	hugo.virtualflybrain.org	session_start	3	3
2024-06-03	virtualflybrain.org - GA4	ids.virtualflybrain.org	first_visit	3	3
2024-06-03	virtualflybrain.org - GA4	ids.virtualflybrain.org	page_view	3	3
2024-06-03	virtualflybrain.org - GA4	ids.virtualflybrain.org	session_start	3	3
2024-06-03	virtualflybrain.org - GA4	jenkins.virtualflybrain.org	first_visit	3	3
2024-06-03	virtualflybrain.org - GA4	jenkins.virtualflybrain.org	page_view	3	3
2024-06-03	virtualflybrain.org - GA4	jenkins.virtualflybrain.org	session_start	3	3
2024-06-03	virtualflybrain.org - GA4	jitsi.virtualflybrain.org	user_engagement	1	1
2024-06-03	virtualflybrain.org - GA4	jupyter.virtualflybrain.org	user_engagement	1	1
2024-06-03	virtualflybrain.org - GA4	larval.virtualflybrain.org	first_visit	6	6
2024-06-03	virtualflybrain.org - GA4	larval.virtualflybrain.org	page_view	6	6
2024-06-03	virtualflybrain.org - GA4	larval.virtualflybrain.org	session_start	6	6
2024-06-03	virtualflybrain.org - GA4	mysql.virtualflybrain.org	first_visit	3	3
2024-06-03	virtualflybrain.org - GA4	mysql.virtualflybrain.org	page_view	3	3
2024-06-03	virtualflybrain.org - GA4	mysql.virtualflybrain.org	session_start	3	3
2024-06-03	virtualflybrain.org - GA4	natverse.virtualflybrain.org	first_visit	3	3
2024-06-03	virtualflybrain.org - GA4	natverse.virtualflybrain.org	page_view	3	3
2024-06-03	virtualflybrain.org - GA4	natverse.virtualflybrain.org	session_start	3	3
2024-06-03	virtualflybrain.org - GA4	natverse1.virtualflybrain.org	user_engagement	1	1
2024-06-03	virtualflybrain.org - GA4	natverse2.virtualflybrain.org	first_visit	3	3
2024-06-03	virtualflybrain.org - GA4	natverse2.virtualflybrain.org	page_view	3	3
2024-06-03	virtualflybrain.org - GA4	natverse2.virtualflybrain.org	session_start	3	3
2024-06-03	virtualflybrain.org - GA4	natverse4.virtualflybrain.org	user_engagement	1	1
2024-06-03	virtualflybrain.org - GA4	natverse5.virtualflybrain.org	first_visit	3	3
2024-06-03	virtualflybrain.org - GA4	natverse5.virtualflybrain.org	page_view	3	3
2024-06-03	virtualflybrain.org - GA4	natverse5.virtualflybrain.org	session_start	3	3
2024-06-03	virtualflybrain.org - GA4	owl.virtualflybrain.org	first_visit	3	3
2024-06-03	virtualflybrain.org - GA4	owl.virtualflybrain.org	page_view	3	3
2024-06-03	virtualflybrain.org - GA4	owl.virtualflybrain.org	session_start	3	3
2024-06-03	virtualflybrain.org - GA4	p2.virtualflybrain.org	first_visit	3	3
2024-06-03	virtualflybrain.org - GA4	p2.virtualflybrain.org	page_view	3	3
2024-06-03	virtualflybrain.org - GA4	p2.virtualflybrain.org	session_start	3	3
2024-06-03	virtualflybrain.org - GA4	r.virtualflybrain.org	first_visit	3	3
2024-06-03	virtualflybrain.org - GA4	r.virtualflybrain.org	page_view	3	3
2024-06-03	virtualflybrain.org - GA4	r.virtualflybrain.org	session_start	3	3
2024-06-03	virtualflybrain.org - GA4	rancher.virtualflybrain.org	first_visit	3	3
2024-06-03	virtualflybrain.org - GA4	rancher.virtualflybrain.org	page_view	3	3
2024-06-03	virtualflybrain.org - GA4	rancher.virtualflybrain.org	session_start	3	3
2024-06-03	virtualflybrain.org - GA4	raw.larval.flylight.virtualflybrain.org	first_visit	3	3
2024-06-03	virtualflybrain.org - GA4	raw.larval.flylight.virtualflybrain.org	page_view	3	3
2024-06-03	virtualflybrain.org - GA4	raw.larval.flylight.virtualflybrain.org	session_start	3	3
2024-06-03	virtualflybrain.org - GA4	sb.virtualflybrain.org	first_visit	3	3
2024-06-03	virtualflybrain.org - GA4	sb.virtualflybrain.org	page_view	3	3
2024-06-03	virtualflybrain.org - GA4	sb.virtualflybrain.org	session_start	3	3
2024-06-03	virtualflybrain.org - GA4	sb1.virtualflybrain.org	user_engagement	1	1
2024-06-03	virtualflybrain.org - GA4	smtp.virtualflybrain.org	user_engagement	1	1
2024-06-03	virtualflybrain.org - GA4	solr-alpha.virtualflybrain.org	first_visit	3	3
2024-06-03	virtualflybrain.org - GA4	solr-alpha.virtualflybrain.org	page_view	3	3
2024-06-03	virtualflybrain.org - GA4	solr-alpha.virtualflybrain.org	session_start	3	3
2024-06-03	virtualflybrain.org - GA4	solr-dev.virtualflybrain.org	first_visit	3	3
2024-06-03	virtualflybrain.org - GA4	solr-dev.virtualflybrain.org	page_view	3	3
2024-06-03	virtualflybrain.org - GA4	solr-dev.virtualflybrain.org	session_start	3	3
2024-06-03	virtualflybrain.org - GA4	ubuntu.virtualflybrain.org	first_visit	3	3
2024-06-03	virtualflybrain.org - GA4	ubuntu.virtualflybrain.org	page_view	3	3
2024-06-03	virtualflybrain.org - GA4	ubuntu.virtualflybrain.org	session_start	3	3
2024-06-03	virtualflybrain.org - GA4	ubuntu.virtualflybrain.org	user_engagement	1	1
2024-06-03	virtualflybrain.org - GA4	v1-5.virtualflybrain.org	first_visit	3	3
2024-06-03	virtualflybrain.org - GA4	v1-5.virtualflybrain.org	page_view	3	3
2024-06-03	virtualflybrain.org - GA4	v1-5.virtualflybrain.org	session_start	3	3
2024-06-03	virtualflybrain.org - GA4	v2-dev.virtualflybrain.org	first_visit	2	2
2024-06-03	virtualflybrain.org - GA4	v2-dev.virtualflybrain.org	page_view	3	3
2024-06-03	virtualflybrain.org - GA4	v2-dev.virtualflybrain.org	session_start	3	3
2024-06-03	virtualflybrain.org - GA4	v2-dev.virtualflybrain.org	user_engagement	1	1
2024-06-03	virtualflybrain.org - GA4	v2-dev2.virtualflybrain.org	first_visit	3	3
2024-06-03	virtualflybrain.org - GA4	v2-dev2.virtualflybrain.org	page_view	3	3
2024-06-03	virtualflybrain.org - GA4	v2-dev2.virtualflybrain.org	session_start	3	3
2024-06-03	virtualflybrain.org - GA4	v2.virtualflybrain.org	cancelled	8	4
2024-06-03	virtualflybrain.org - GA4	v2.virtualflybrain.org	disconnected	24	12
2024-06-03	virtualflybrain.org - GA4	v2.virtualflybrain.org	errorlog	421	5
2024-06-03	virtualflybrain.org - GA4	v2.virtualflybrain.org	first_visit	15	15
2024-06-03	virtualflybrain.org - GA4	v2.virtualflybrain.org	opening	1	1
2024-06-03	virtualflybrain.org - GA4	v2.virtualflybrain.org	page_view	152	51
2024-06-03	virtualflybrain.org - GA4	v2.virtualflybrain.org	reconnect-attempt:0	24	12
2024-06-03	virtualflybrain.org - GA4	v2.virtualflybrain.org	request	374	41
2024-06-03	virtualflybrain.org - GA4	v2.virtualflybrain.org	session_start	72	33
2024-06-03	virtualflybrain.org - GA4	v2.virtualflybrain.org	user_engagement	70	36
2024-06-03	virtualflybrain.org - GA4	v2a.virtualflybrain.org	page_view	11	1
2024-06-03	virtualflybrain.org - GA4	v2a.virtualflybrain.org	user_engagement	9	1
2024-06-03	virtualflybrain.org - GA4	v2test1.virtualflybrain.org	user_engagement	1	1
2024-06-03	virtualflybrain.org - GA4	virtualflybrain.org	first_visit	4	4
2024-06-03	virtualflybrain.org - GA4	virtualflybrain.org	page_view	5	4
2024-06-03	virtualflybrain.org - GA4	virtualflybrain.org	session_start	4	4
2024-06-03	virtualflybrain.org - GA4	virtualflybrain.org	user_engagement	2	1
2024-06-03	virtualflybrain.org - GA4	webtop.virtualflybrain.org	user_engagement	1	1
2024-06-03	virtualflybrain.org - GA4	www.virtualflybrain.org	first_visit	32	32
2024-06-03	virtualflybrain.org - GA4	www.virtualflybrain.org	page_view	103	49
2024-06-03	virtualflybrain.org - GA4	www.virtualflybrain.org	session_start	53	47
2024-06-03	virtualflybrain.org - GA4	www.virtualflybrain.org	user_engagement	94	37
2024-06-03	virtualflybrain.org - GA4	zip.virtualflybrain.org	first_visit	2	2
2024-06-03	virtualflybrain.org - GA4	zip.virtualflybrain.org	page_view	2	2
2024-06-03	virtualflybrain.org - GA4	zip.virtualflybrain.org	session_start	2	2
2024-06-04	virtualflybrain.org - GA4		page_view	1103	39
2024-06-04	virtualflybrain.org - GA4	129.215.197.120	first_visit	1	1
2024-06-04	virtualflybrain.org - GA4	129.215.197.120	page_view	1	1
2024-06-04	virtualflybrain.org - GA4	129.215.197.120	session_start	1	1
2024-06-04	virtualflybrain.org - GA4	129.215.197.143	user_engagement	1	1
2024-06-04	virtualflybrain.org - GA4	129.215.197.147	first_visit	1	1
2024-06-04	virtualflybrain.org - GA4	129.215.197.147	page_view	1	1
2024-06-04	virtualflybrain.org - GA4	129.215.197.147	session_start	1	1
2024-06-04	virtualflybrain.org - GA4	bocian-jenkins.virtualflybrain.org	first_visit	1	1
2024-06-04	virtualflybrain.org - GA4	bocian-jenkins.virtualflybrain.org	page_view	1	1
2024-06-04	virtualflybrain.org - GA4	bocian-jenkins.virtualflybrain.org	session_start	1	1
2024-06-04	virtualflybrain.org - GA4	flybrain.inf.ed.ac.uk	first_visit	1	1
2024-06-04	virtualflybrain.org - GA4	flybrain.inf.ed.ac.uk	page_view	1	1
2024-06-04	virtualflybrain.org - GA4	flybrain.inf.ed.ac.uk	session_start	1	1
2024-06-04	virtualflybrain.org - GA4	meet.virtualflybrain.org	first_visit	1	1
2024-06-04	virtualflybrain.org - GA4	meet.virtualflybrain.org	page_view	1	1
2024-06-04	virtualflybrain.org - GA4	meet.virtualflybrain.org	session_start	1	1
2024-06-04	virtualflybrain.org - GA4	natverse1.virtualflybrain.org	user_engagement	1	1
2024-06-04	virtualflybrain.org - GA4	raw.larval.flylight.virtualflybrain.org	first_visit	2	2
2024-06-04	virtualflybrain.org - GA4	raw.larval.flylight.virtualflybrain.org	page_view	3	2
2024-06-04	virtualflybrain.org - GA4	raw.larval.flylight.virtualflybrain.org	session_start	3	2
2024-06-04	virtualflybrain.org - GA4	solr.virtualflybrain.org	user_engagement	1	1
2024-06-04	virtualflybrain.org - GA4	ubuntu.virtualflybrain.org	user_engagement	1	1
2024-06-04	virtualflybrain.org - GA4	v2-dev.virtualflybrain.org	page_view	1	1
2024-06-04	virtualflybrain.org - GA4	v2-dev.virtualflybrain.org	user_engagement	1	1
2024-06-04	virtualflybrain.org - GA4	v2.virtualflybrain.org	cancelled	4	1
2024-06-04	virtualflybrain.org - GA4	v2.virtualflybrain.org	disconnected	31	19
2024-06-04	virtualflybrain.org - GA4	v2.virtualflybrain.org	errorlog	13	3
2024-06-04	virtualflybrain.org - GA4	v2.virtualflybrain.org	first_visit	11	11
2024-06-04	virtualflybrain.org - GA4	v2.virtualflybrain.org	opening	2	2
2024-06-04	virtualflybrain.org - GA4	v2.virtualflybrain.org	page_view	283	46
2024-06-04	virtualflybrain.org - GA4	v2.virtualflybrain.org	reconnect-attempt:0	30	19
2024-06-04	virtualflybrain.org - GA4	v2.virtualflybrain.org	request	458	42
2024-06-04	virtualflybrain.org - GA4	v2.virtualflybrain.org	session_start	194	38
2024-06-04	virtualflybrain.org - GA4	v2.virtualflybrain.org	user_engagement	40	26
2024-06-04	virtualflybrain.org - GA4	v2a.virtualflybrain.org	page_view	4	1
2024-06-04	virtualflybrain.org - GA4	v2a.virtualflybrain.org	user_engagement	4	1
2024-06-04	virtualflybrain.org - GA4	virtualflybrain.org	first_visit	2	2
2024-06-04	virtualflybrain.org - GA4	virtualflybrain.org	page_view	2	2
2024-06-04	virtualflybrain.org - GA4	virtualflybrain.org	session_start	2	2
2024-06-04	virtualflybrain.org - GA4	virtualflybrain.org	user_engagement	3	3
2024-06-04	virtualflybrain.org - GA4	www.virtualflybrain.org	first_visit	16	16
2024-06-04	virtualflybrain.org - GA4	www.virtualflybrain.org	page_view	40	24
2024-06-04	virtualflybrain.org - GA4	www.virtualflybrain.org	session_start	25	24
2024-06-04	virtualflybrain.org - GA4	www.virtualflybrain.org	user_engagement	33	21
2024-06-05	virtualflybrain.org - GA4		page_view	1602	42
2024-06-05	virtualflybrain.org - GA4	129.215.197.147	first_visit	1	1
2024-06-05	virtualflybrain.org - GA4	129.215.197.147	page_view	1	1
2024-06-05	virtualflybrain.org - GA4	129.215.197.147	session_start	1	1
2024-06-05	virtualflybrain.org - GA4	blog.virtualflybrain.org	first_visit	1	1
2024-06-05	virtualflybrain.org - GA4	blog.virtualflybrain.org	page_view	1	1
2024-06-05	virtualflybrain.org - GA4	blog.virtualflybrain.org	session_start	1	1
2024-06-05	virtualflybrain.org - GA4	flybrain.mrc-lmb.cam.ac.uk	page_view	1	1
2024-06-05	virtualflybrain.org - GA4	i3vnc.catmaid.virtualflybrain.org	user_engagement	1	1
2024-06-05	virtualflybrain.org - GA4	mayo.inf.ed.ac.uk	first_visit	1	1
2024-06-05	virtualflybrain.org - GA4	mayo.inf.ed.ac.uk	page_view	1	1
2024-06-05	virtualflybrain.org - GA4	mayo.inf.ed.ac.uk	session_start	1	1
2024-06-05	virtualflybrain.org - GA4	mayo.inf.ed.ac.uk	user_engagement	1	1
2024-06-05	virtualflybrain.org - GA4	natverse2.virtualflybrain.org	user_engagement	1	1
2024-06-05	virtualflybrain.org - GA4	natverse3.virtualflybrain.org	user_engagement	1	1
2024-06-05	virtualflybrain.org - GA4	natverse5.virtualflybrain.org	user_engagement	1	1
2024-06-05	virtualflybrain.org - GA4	raw.larval.flylight.virtualflybrain.org	session_start	1	1
2024-06-05	virtualflybrain.org - GA4	raw.larval.flylight.virtualflybrain.org	user_engagement	2	1
2024-06-05	virtualflybrain.org - GA4	solr.p2.virtualflybrain.org	user_engagement	1	1
2024-06-05	virtualflybrain.org - GA4	v2.virtualflybrain.org	cancelled	10	3
2024-06-05	virtualflybrain.org - GA4	v2.virtualflybrain.org	disconnected	61	21
2024-06-05	virtualflybrain.org - GA4	v2.virtualflybrain.org	errorlog	79	9
2024-06-05	virtualflybrain.org - GA4	v2.virtualflybrain.org	first_visit	5	5
2024-06-05	virtualflybrain.org - GA4	v2.virtualflybrain.org	opening	2	2
2024-06-05	virtualflybrain.org - GA4	v2.virtualflybrain.org	page_view	428	48
2024-06-05	virtualflybrain.org - GA4	v2.virtualflybrain.org	reconnect-attempt:0	60	20
2024-06-05	virtualflybrain.org - GA4	v2.virtualflybrain.org	request	756	45
2024-06-05	virtualflybrain.org - GA4	v2.virtualflybrain.org	session_start	305	36
2024-06-05	virtualflybrain.org - GA4	v2.virtualflybrain.org	user_engagement	54	23
2024-06-05	virtualflybrain.org - GA4	v2a.virtualflybrain.org	disconnected	1	1
2024-06-05	virtualflybrain.org - GA4	v2a.virtualflybrain.org	page_view	3	1
2024-06-05	virtualflybrain.org - GA4	v2a.virtualflybrain.org	reconnect-attempt:0	1	1
2024-06-05	virtualflybrain.org - GA4	v2a.virtualflybrain.org	request	17	1
2024-06-05	virtualflybrain.org - GA4	v2a.virtualflybrain.org	user_engagement	1	1
2024-06-05	virtualflybrain.org - GA4	virtualflybrain.org	first_visit	4	4
2024-06-05	virtualflybrain.org - GA4	virtualflybrain.org	page_view	4	4
2024-06-05	virtualflybrain.org - GA4	virtualflybrain.org	session_start	5	4
2024-06-05	virtualflybrain.org - GA4	virtualflybrain.org	user_engagement	4	4
2024-06-05	virtualflybrain.org - GA4	www.virtualflybrain.org	first_visit	33	33
2024-06-05	virtualflybrain.org - GA4	www.virtualflybrain.org	page_view	78	43
2024-06-05	virtualflybrain.org - GA4	www.virtualflybrain.org	session_start	47	42
2024-06-05	virtualflybrain.org - GA4	www.virtualflybrain.org	user_engagement	71	34
2024-06-06	virtualflybrain.org - GA4		page_view	1422	48
2024-06-06	virtualflybrain.org - GA4	981gwa2l.virtualflybrain.org	first_visit	2	2
2024-06-06	virtualflybrain.org - GA4	981gwa2l.virtualflybrain.org	page_view	2	2
2024-06-06	virtualflybrain.org - GA4	981gwa2l.virtualflybrain.org	session_start	2	2
2024-06-06	virtualflybrain.org - GA4	blanik-jenkins.virtualflybrain.org	first_visit	2	2
2024-06-06	virtualflybrain.org - GA4	blanik-jenkins.virtualflybrain.org	page_view	2	2
2024-06-06	virtualflybrain.org - GA4	blanik-jenkins.virtualflybrain.org	session_start	2	2
2024-06-06	virtualflybrain.org - GA4	bocian-jenkins.virtualflybrain.org	first_visit	3	3
2024-06-06	virtualflybrain.org - GA4	bocian-jenkins.virtualflybrain.org	page_view	3	3
2024-06-06	virtualflybrain.org - GA4	bocian-jenkins.virtualflybrain.org	session_start	3	3
2024-06-06	virtualflybrain.org - GA4	build.virtualflybrain.org	user_engagement	1	1
2024-06-06	virtualflybrain.org - GA4	catmaid-fafb.virtualflybrain.org	first_visit	2	2
2024-06-06	virtualflybrain.org - GA4	catmaid-fafb.virtualflybrain.org	page_view	2	2
2024-06-06	virtualflybrain.org - GA4	catmaid-fafb.virtualflybrain.org	session_start	2	2
2024-06-06	virtualflybrain.org - GA4	debug.virtualflybrain.org	first_visit	2	2
2024-06-06	virtualflybrain.org - GA4	debug.virtualflybrain.org	page_view	2	2
2024-06-06	virtualflybrain.org - GA4	debug.virtualflybrain.org	session_start	2	2
2024-06-06	virtualflybrain.org - GA4	fafb.catmaid.virtualflybrain.org	page_view	1	1
2024-06-06	virtualflybrain.org - GA4	flybrain.inf.ed.ac.uk	first_visit	1	1
2024-06-06	virtualflybrain.org - GA4	flybrain.inf.ed.ac.uk	page_view	2	1
2024-06-06	virtualflybrain.org - GA4	flybrain.inf.ed.ac.uk	session_start	1	1
2024-06-06	virtualflybrain.org - GA4	flybrain.inf.ed.ac.uk	user_engagement	1	1
2024-06-06	virtualflybrain.org - GA4	grafana.virtualflybrain.org	first_visit	2	2
2024-06-06	virtualflybrain.org - GA4	grafana.virtualflybrain.org	page_view	2	2
2024-06-06	virtualflybrain.org - GA4	grafana.virtualflybrain.org	session_start	2	2
2024-06-06	virtualflybrain.org - GA4	hugo.virtualflybrain.org	first_visit	2	2
2024-06-06	virtualflybrain.org - GA4	hugo.virtualflybrain.org	page_view	2	2
2024-06-06	virtualflybrain.org - GA4	hugo.virtualflybrain.org	session_start	2	2
2024-06-06	virtualflybrain.org - GA4	jupyter.virtualflybrain.org	first_visit	2	2
2024-06-06	virtualflybrain.org - GA4	jupyter.virtualflybrain.org	page_view	2	2
2024-06-06	virtualflybrain.org - GA4	jupyter.virtualflybrain.org	session_start	2	2
2024-06-06	virtualflybrain.org - GA4	karenin-jenkins.virtualflybrain.org	first_visit	2	2
2024-06-06	virtualflybrain.org - GA4	karenin-jenkins.virtualflybrain.org	page_view	2	2
2024-06-06	virtualflybrain.org - GA4	karenin-jenkins.virtualflybrain.org	session_start	2	2
2024-06-06	virtualflybrain.org - GA4	l1em.catmaid.virtualflybrain.org	page_view	3	2
2024-06-06	virtualflybrain.org - GA4	l3vnc.catmaid.virtualflybrain.org	page_view	1	1
2024-06-06	virtualflybrain.org - GA4	larval.virtualflybrain.org	first_visit	2	2
2024-06-06	virtualflybrain.org - GA4	larval.virtualflybrain.org	page_view	2	2
2024-06-06	virtualflybrain.org - GA4	larval.virtualflybrain.org	session_start	2	2
2024-06-06	virtualflybrain.org - GA4	liem.catmaid.virtualflybrain.org	page_view	3	1
2024-06-06	virtualflybrain.org - GA4	liem.catmaid.virtualflybrain.org	user_engagement	2	1
2024-06-06	virtualflybrain.org - GA4	meet.virtualflybrain.org	first_visit	2	2
2024-06-06	virtualflybrain.org - GA4	meet.virtualflybrain.org	page_view	2	2
2024-06-06	virtualflybrain.org - GA4	meet.virtualflybrain.org	session_start	2	2
2024-06-06	virtualflybrain.org - GA4	mysql.virtualflybrain.org	first_visit	2	2
2024-06-06	virtualflybrain.org - GA4	mysql.virtualflybrain.org	page_view	2	2
2024-06-06	virtualflybrain.org - GA4	mysql.virtualflybrain.org	session_start	2	2
2024-06-06	virtualflybrain.org - GA4	natverse.virtualflybrain.org	first_visit	2	2
2024-06-06	virtualflybrain.org - GA4	natverse.virtualflybrain.org	page_view	2	2
2024-06-06	virtualflybrain.org - GA4	natverse.virtualflybrain.org	session_start	2	2
2024-06-06	virtualflybrain.org - GA4	natverse1.virtualflybrain.org	first_visit	2	2
2024-06-06	virtualflybrain.org - GA4	natverse1.virtualflybrain.org	page_view	2	2
2024-06-06	virtualflybrain.org - GA4	natverse1.virtualflybrain.org	session_start	2	2
2024-06-06	virtualflybrain.org - GA4	natverse2.virtualflybrain.org	first_visit	2	2
2024-06-06	virtualflybrain.org - GA4	natverse2.virtualflybrain.org	page_view	2	2
2024-06-06	virtualflybrain.org - GA4	natverse2.virtualflybrain.org	session_start	2	2
2024-06-06	virtualflybrain.org - GA4	natverse3.virtualflybrain.org	first_visit	2	2
2024-06-06	virtualflybrain.org - GA4	natverse3.virtualflybrain.org	page_view	2	2
2024-06-06	virtualflybrain.org - GA4	natverse3.virtualflybrain.org	session_start	2	2
2024-06-06	virtualflybrain.org - GA4	natverse4.virtualflybrain.org	user_engagement	1	1
2024-06-06	virtualflybrain.org - GA4	natverse5.virtualflybrain.org	first_visit	2	2
2024-06-06	virtualflybrain.org - GA4	natverse5.virtualflybrain.org	page_view	2	2
2024-06-06	virtualflybrain.org - GA4	natverse5.virtualflybrain.org	session_start	2	2
2024-06-06	virtualflybrain.org - GA4	owl.virtualflybrain.org	first_visit	2	2
2024-06-06	virtualflybrain.org - GA4	owl.virtualflybrain.org	page_view	2	2
2024-06-06	virtualflybrain.org - GA4	owl.virtualflybrain.org	session_start	2	2
2024-06-06	virtualflybrain.org - GA4	p2.virtualflybrain.org	first_visit	2	2
2024-06-06	virtualflybrain.org - GA4	p2.virtualflybrain.org	page_view	2	2
2024-06-06	virtualflybrain.org - GA4	p2.virtualflybrain.org	session_start	2	2
2024-06-06	virtualflybrain.org - GA4	pgadmin.virtualflybrain.org	first_visit	2	2
2024-06-06	virtualflybrain.org - GA4	pgadmin.virtualflybrain.org	page_view	2	2
2024-06-06	virtualflybrain.org - GA4	pgadmin.virtualflybrain.org	session_start	2	2
2024-06-06	virtualflybrain.org - GA4	rancher.virtualflybrain.org	first_visit	2	2
2024-06-06	virtualflybrain.org - GA4	rancher.virtualflybrain.org	page_view	2	2
2024-06-06	virtualflybrain.org - GA4	rancher.virtualflybrain.org	session_start	2	2
2024-06-06	virtualflybrain.org - GA4	sb.virtualflybrain.org	first_visit	2	2
2024-06-06	virtualflybrain.org - GA4	sb.virtualflybrain.org	page_view	2	2
2024-06-06	virtualflybrain.org - GA4	sb.virtualflybrain.org	session_start	2	2
2024-06-06	virtualflybrain.org - GA4	sb1.virtualflybrain.org	first_visit	2	2
2024-06-06	virtualflybrain.org - GA4	sb1.virtualflybrain.org	page_view	2	2
2024-06-06	virtualflybrain.org - GA4	sb1.virtualflybrain.org	session_start	2	2
2024-06-06	virtualflybrain.org - GA4	sb2.virtualflybrain.org	first_visit	2	2
2024-06-06	virtualflybrain.org - GA4	sb2.virtualflybrain.org	page_view	2	2
2024-06-06	virtualflybrain.org - GA4	sb2.virtualflybrain.org	session_start	2	2
2024-06-06	virtualflybrain.org - GA4	solr-alpha.virtualflybrain.org	first_visit	2	2
2024-06-06	virtualflybrain.org - GA4	solr-alpha.virtualflybrain.org	page_view	2	2
2024-06-06	virtualflybrain.org - GA4	solr-alpha.virtualflybrain.org	session_start	2	2
2024-06-06	virtualflybrain.org - GA4	solr.virtualflybrain.org	first_visit	2	2
2024-06-06	virtualflybrain.org - GA4	solr.virtualflybrain.org	page_view	2	2
2024-06-06	virtualflybrain.org - GA4	solr.virtualflybrain.org	session_start	2	2
2024-06-06	virtualflybrain.org - GA4	solr.virtualflybrain.org	user_engagement	1	1
2024-06-06	virtualflybrain.org - GA4	tracker.2wl.org.uk	first_visit	2	2
2024-06-06	virtualflybrain.org - GA4	tracker.2wl.org.uk	page_view	2	2
2024-06-06	virtualflybrain.org - GA4	tracker.2wl.org.uk	session_start	2	2
2024-06-06	virtualflybrain.org - GA4	ubuntu.virtualflybrain.org	first_visit	2	2
2024-06-06	virtualflybrain.org - GA4	ubuntu.virtualflybrain.org	page_view	2	2
2024-06-06	virtualflybrain.org - GA4	ubuntu.virtualflybrain.org	session_start	2	2
2024-06-06	virtualflybrain.org - GA4	v1-5.virtualflybrain.org	first_visit	2	2
2024-06-06	virtualflybrain.org - GA4	v1-5.virtualflybrain.org	page_view	2	2
2024-06-06	virtualflybrain.org - GA4	v1-5.virtualflybrain.org	session_start	2	2
2024-06-06	virtualflybrain.org - GA4	v2-dev.virtualflybrain.org	first_visit	2	2
2024-06-06	virtualflybrain.org - GA4	v2-dev.virtualflybrain.org	page_view	2	2
2024-06-06	virtualflybrain.org - GA4	v2-dev.virtualflybrain.org	session_start	2	2
2024-06-06	virtualflybrain.org - GA4	v2-dev2.virtualflybrain.org	first_visit	2	2
2024-06-06	virtualflybrain.org - GA4	v2-dev2.virtualflybrain.org	page_view	2	2
2024-06-06	virtualflybrain.org - GA4	v2-dev2.virtualflybrain.org	session_start	2	2
2024-06-06	virtualflybrain.org - GA4	v2-preview.virtualflybrain.org	first_visit	2	2
2024-06-06	virtualflybrain.org - GA4	v2-preview.virtualflybrain.org	page_view	2	2
2024-06-06	virtualflybrain.org - GA4	v2-preview.virtualflybrain.org	session_start	2	2
2024-06-06	virtualflybrain.org - GA4	v2.virtualflybrain.org	cancelled	10	3
2024-06-06	virtualflybrain.org - GA4	v2.virtualflybrain.org	disconnected	51	29
2024-06-06	virtualflybrain.org - GA4	v2.virtualflybrain.org	errorlog	342	4
2024-06-06	virtualflybrain.org - GA4	v2.virtualflybrain.org	first_visit	9	9
2024-06-06	virtualflybrain.org - GA4	v2.virtualflybrain.org	opening	5	4
2024-06-06	virtualflybrain.org - GA4	v2.virtualflybrain.org	page_view	204	56
2024-06-06	virtualflybrain.org - GA4	v2.virtualflybrain.org	reconnect-attempt:0	31	16
2024-06-06	virtualflybrain.org - GA4	v2.virtualflybrain.org	reconnect-attempt:1	3	3
2024-06-06	virtualflybrain.org - GA4	v2.virtualflybrain.org	reconnect-failed-reloading	17	13
2024-06-06	virtualflybrain.org - GA4	v2.virtualflybrain.org	request	508	52
2024-06-06	virtualflybrain.org - GA4	v2.virtualflybrain.org	session_start	112	38
2024-06-06	virtualflybrain.org - GA4	v2.virtualflybrain.org	user_engagement	70	29
2024-06-06	virtualflybrain.org - GA4	v2a.virtualflybrain.org	disconnected	1	1
2024-06-06	virtualflybrain.org - GA4	v2a.virtualflybrain.org	first_visit	2	2
2024-06-06	virtualflybrain.org - GA4	v2a.virtualflybrain.org	page_view	2	2
2024-06-06	virtualflybrain.org - GA4	v2a.virtualflybrain.org	reconnect-failed-reloading	1	1
2024-06-06	virtualflybrain.org - GA4	v2a.virtualflybrain.org	session_start	2	2
2024-06-06	virtualflybrain.org - GA4	v2a.virtualflybrain.org	user_engagement	1	1
2024-06-06	virtualflybrain.org - GA4	virtualflybrain.org	first_visit	6	6
2024-06-06	virtualflybrain.org - GA4	virtualflybrain.org	page_view	18	8
2024-06-06	virtualflybrain.org - GA4	virtualflybrain.org	session_start	8	7
2024-06-06	virtualflybrain.org - GA4	virtualflybrain.org	user_engagement	17	6
2024-06-06	virtualflybrain.org - GA4	webtop.virtualflybrain.org	first_visit	2	2
2024-06-06	virtualflybrain.org - GA4	webtop.virtualflybrain.org	page_view	2	2
2024-06-06	virtualflybrain.org - GA4	webtop.virtualflybrain.org	session_start	2	2
2024-06-06	virtualflybrain.org - GA4	www.virtualflybrain.org	first_visit	32	32
2024-06-06	virtualflybrain.org - GA4	www.virtualflybrain.org	page_view	132	47
2024-06-06	virtualflybrain.org - GA4	www.virtualflybrain.org	session_start	52	48
2024-06-06	virtualflybrain.org - GA4	www.virtualflybrain.org	user_engagement	121	46
2024-06-06	virtualflybrain.org - GA4	zip.virtualflybrain.org	first_visit	8	8
2024-06-06	virtualflybrain.org - GA4	zip.virtualflybrain.org	page_view	8	8
2024-06-06	virtualflybrain.org - GA4	zip.virtualflybrain.org	session_start	8	8
2024-06-07	virtualflybrain.org - GA4		page_view	1525	30
2024-06-07	virtualflybrain.org - GA4		session_start	1	1
2024-06-07	virtualflybrain.org - GA4	129.215.197.110	first_visit	1	1
2024-06-07	virtualflybrain.org - GA4	129.215.197.110	page_view	1	1
2024-06-07	virtualflybrain.org - GA4	129.215.197.110	session_start	1	1
2024-06-07	virtualflybrain.org - GA4	129.215.197.120	first_visit	1	1
2024-06-07	virtualflybrain.org - GA4	129.215.197.120	page_view	1	1
2024-06-07	virtualflybrain.org - GA4	129.215.197.120	session_start	1	1
2024-06-07	virtualflybrain.org - GA4	129.215.197.147	first_visit	1	1
2024-06-07	virtualflybrain.org - GA4	129.215.197.147	page_view	1	1
2024-06-07	virtualflybrain.org - GA4	129.215.197.147	session_start	1	1
2024-06-07	virtualflybrain.org - GA4	981gwa2l.virtualflybrain.org	first_visit	1	1
2024-06-07	virtualflybrain.org - GA4	981gwa2l.virtualflybrain.org	page_view	1	1
2024-06-07	virtualflybrain.org - GA4	981gwa2l.virtualflybrain.org	session_start	1	1
2024-06-07	virtualflybrain.org - GA4	blanik-jenkins.virtualflybrain.org	first_visit	1	1
2024-06-07	virtualflybrain.org - GA4	blanik-jenkins.virtualflybrain.org	page_view	1	1
2024-06-07	virtualflybrain.org - GA4	blanik-jenkins.virtualflybrain.org	session_start	1	1
2024-06-07	virtualflybrain.org - GA4	bocian-jenkins.virtualflybrain.org	first_visit	1	1
2024-06-07	virtualflybrain.org - GA4	bocian-jenkins.virtualflybrain.org	page_view	1	1
2024-06-07	virtualflybrain.org - GA4	bocian-jenkins.virtualflybrain.org	session_start	1	1
2024-06-07	virtualflybrain.org - GA4	catmaid-fafb.virtualflybrain.org	first_visit	1	1
2024-06-07	virtualflybrain.org - GA4	catmaid-fafb.virtualflybrain.org	page_view	1	1
2024-06-07	virtualflybrain.org - GA4	catmaid-fafb.virtualflybrain.org	session_start	1	1
2024-06-07	virtualflybrain.org - GA4	debug.virtualflybrain.org	first_visit	1	1
2024-06-07	virtualflybrain.org - GA4	debug.virtualflybrain.org	page_view	1	1
2024-06-07	virtualflybrain.org - GA4	debug.virtualflybrain.org	session_start	1	1
2024-06-07	virtualflybrain.org - GA4	flybrain.inf.ed.ac.uk	first_visit	2	2
2024-06-07	virtualflybrain.org - GA4	flybrain.inf.ed.ac.uk	page_view	2	2
2024-06-07	virtualflybrain.org - GA4	flybrain.inf.ed.ac.uk	session_start	2	2
2024-06-07	virtualflybrain.org - GA4	flybrain.inf.ed.ac.uk	user_engagement	2	2
2024-06-07	virtualflybrain.org - GA4	grafana.virtualflybrain.org	first_visit	1	1
2024-06-07	virtualflybrain.org - GA4	grafana.virtualflybrain.org	page_view	1	1
2024-06-07	virtualflybrain.org - GA4	grafana.virtualflybrain.org	session_start	1	1
2024-06-07	virtualflybrain.org - GA4	hugo.virtualflybrain.org	first_visit	1	1
2024-06-07	virtualflybrain.org - GA4	hugo.virtualflybrain.org	page_view	1	1
2024-06-07	virtualflybrain.org - GA4	hugo.virtualflybrain.org	session_start	1	1
2024-06-07	virtualflybrain.org - GA4	jupyter.virtualflybrain.org	first_visit	1	1
2024-06-07	virtualflybrain.org - GA4	jupyter.virtualflybrain.org	page_view	1	1
2024-06-07	virtualflybrain.org - GA4	jupyter.virtualflybrain.org	session_start	1	1
2024-06-07	virtualflybrain.org - GA4	karenin-jenkins.virtualflybrain.org	first_visit	1	1
2024-06-07	virtualflybrain.org - GA4	karenin-jenkins.virtualflybrain.org	page_view	1	1
2024-06-07	virtualflybrain.org - GA4	karenin-jenkins.virtualflybrain.org	session_start	1	1
2024-06-07	virtualflybrain.org - GA4	larval.virtualflybrain.org	first_visit	1	1
2024-06-07	virtualflybrain.org - GA4	larval.virtualflybrain.org	page_view	1	1
2024-06-07	virtualflybrain.org - GA4	larval.virtualflybrain.org	session_start	1	1
2024-06-07	virtualflybrain.org - GA4	larval.virtualflybrain.org	user_engagement	1	1
2024-06-07	virtualflybrain.org - GA4	meet.virtualflybrain.org	first_visit	1	1
2024-06-07	virtualflybrain.org - GA4	meet.virtualflybrain.org	page_view	1	1
2024-06-07	virtualflybrain.org - GA4	meet.virtualflybrain.org	session_start	1	1
2024-06-07	virtualflybrain.org - GA4	mysql.virtualflybrain.org	first_visit	1	1
2024-06-07	virtualflybrain.org - GA4	mysql.virtualflybrain.org	page_view	1	1
2024-06-07	virtualflybrain.org - GA4	mysql.virtualflybrain.org	session_start	1	1
2024-06-07	virtualflybrain.org - GA4	natverse.virtualflybrain.org	first_visit	1	1
2024-06-07	virtualflybrain.org - GA4	natverse.virtualflybrain.org	page_view	1	1
2024-06-07	virtualflybrain.org - GA4	natverse.virtualflybrain.org	session_start	1	1
2024-06-07	virtualflybrain.org - GA4	natverse1.virtualflybrain.org	first_visit	1	1
2024-06-07	virtualflybrain.org - GA4	natverse1.virtualflybrain.org	page_view	1	1
2024-06-07	virtualflybrain.org - GA4	natverse1.virtualflybrain.org	session_start	1	1
2024-06-07	virtualflybrain.org - GA4	natverse2.virtualflybrain.org	first_visit	1	1
2024-06-07	virtualflybrain.org - GA4	natverse2.virtualflybrain.org	page_view	1	1
2024-06-07	virtualflybrain.org - GA4	natverse2.virtualflybrain.org	session_start	1	1
2024-06-07	virtualflybrain.org - GA4	natverse3.virtualflybrain.org	first_visit	1	1
2024-06-07	virtualflybrain.org - GA4	natverse3.virtualflybrain.org	page_view	1	1
2024-06-07	virtualflybrain.org - GA4	natverse3.virtualflybrain.org	session_start	1	1
2024-06-07	virtualflybrain.org - GA4	natverse5.virtualflybrain.org	first_visit	1	1
2024-06-07	virtualflybrain.org - GA4	natverse5.virtualflybrain.org	page_view	1	1
2024-06-07	virtualflybrain.org - GA4	natverse5.virtualflybrain.org	session_start	1	1
2024-06-07	virtualflybrain.org - GA4	owl.virtualflybrain.org	first_visit	1	1
2024-06-07	virtualflybrain.org - GA4	owl.virtualflybrain.org	page_view	1	1
2024-06-07	virtualflybrain.org - GA4	owl.virtualflybrain.org	session_start	1	1
2024-06-07	virtualflybrain.org - GA4	p2.virtualflybrain.org	first_visit	1	1
2024-06-07	virtualflybrain.org - GA4	p2.virtualflybrain.org	page_view	1	1
2024-06-07	virtualflybrain.org - GA4	p2.virtualflybrain.org	session_start	1	1
2024-06-07	virtualflybrain.org - GA4	pgadmin.virtualflybrain.org	first_visit	1	1
2024-06-07	virtualflybrain.org - GA4	pgadmin.virtualflybrain.org	page_view	1	1
2024-06-07	virtualflybrain.org - GA4	pgadmin.virtualflybrain.org	session_start	1	1
2024-06-07	virtualflybrain.org - GA4	rancher.virtualflybrain.org	first_visit	1	1
2024-06-07	virtualflybrain.org - GA4	rancher.virtualflybrain.org	page_view	1	1
2024-06-07	virtualflybrain.org - GA4	rancher.virtualflybrain.org	session_start	1	1
2024-06-07	virtualflybrain.org - GA4	raw.larval.flylight.virtualflybrain.org	page_view	2	1
2024-06-07	virtualflybrain.org - GA4	raw.larval.flylight.virtualflybrain.org	session_start	1	1
2024-06-07	virtualflybrain.org - GA4	sb.virtualflybrain.org	first_visit	1	1
2024-06-07	virtualflybrain.org - GA4	sb.virtualflybrain.org	page_view	1	1
2024-06-07	virtualflybrain.org - GA4	sb.virtualflybrain.org	session_start	1	1
2024-06-07	virtualflybrain.org - GA4	sb1.virtualflybrain.org	first_visit	1	1
2024-06-07	virtualflybrain.org - GA4	sb1.virtualflybrain.org	page_view	1	1
2024-06-07	virtualflybrain.org - GA4	sb1.virtualflybrain.org	session_start	1	1
2024-06-07	virtualflybrain.org - GA4	sb2.virtualflybrain.org	first_visit	1	1
2024-06-07	virtualflybrain.org - GA4	sb2.virtualflybrain.org	page_view	1	1
2024-06-07	virtualflybrain.org - GA4	sb2.virtualflybrain.org	session_start	1	1
2024-06-07	virtualflybrain.org - GA4	solr-alpha.virtualflybrain.org	first_visit	1	1
2024-06-07	virtualflybrain.org - GA4	solr-alpha.virtualflybrain.org	page_view	1	1
2024-06-07	virtualflybrain.org - GA4	solr-alpha.virtualflybrain.org	session_start	1	1
2024-06-07	virtualflybrain.org - GA4	solr.virtualflybrain.org	first_visit	1	1
2024-06-07	virtualflybrain.org - GA4	solr.virtualflybrain.org	page_view	1	1
2024-06-07	virtualflybrain.org - GA4	solr.virtualflybrain.org	session_start	1	1
2024-06-07	virtualflybrain.org - GA4	tracker.2wl.org.uk	first_visit	1	1
2024-06-07	virtualflybrain.org - GA4	tracker.2wl.org.uk	page_view	1	1
2024-06-07	virtualflybrain.org - GA4	tracker.2wl.org.uk	session_start	1	1
2024-06-07	virtualflybrain.org - GA4	ubuntu.virtualflybrain.org	first_visit	1	1
2024-06-07	virtualflybrain.org - GA4	ubuntu.virtualflybrain.org	page_view	1	1
2024-06-07	virtualflybrain.org - GA4	ubuntu.virtualflybrain.org	session_start	1	1
2024-06-07	virtualflybrain.org - GA4	v1-5.virtualflybrain.org	first_visit	1	1
2024-06-07	virtualflybrain.org - GA4	v1-5.virtualflybrain.org	page_view	1	1
2024-06-07	virtualflybrain.org - GA4	v1-5.virtualflybrain.org	session_start	1	1
2024-06-07	virtualflybrain.org - GA4	v2-dev.virtualflybrain.org	first_visit	1	1
2024-06-07	virtualflybrain.org - GA4	v2-dev.virtualflybrain.org	page_view	1	1
2024-06-07	virtualflybrain.org - GA4	v2-dev.virtualflybrain.org	session_start	1	1
2024-06-07	virtualflybrain.org - GA4	v2-dev.virtualflybrain.org	user_engagement	1	1
2024-06-07	virtualflybrain.org - GA4	v2-dev2.virtualflybrain.org	first_visit	1	1
2024-06-07	virtualflybrain.org - GA4	v2-dev2.virtualflybrain.org	page_view	1	1
2024-06-07	virtualflybrain.org - GA4	v2-dev2.virtualflybrain.org	session_start	1	1
2024-06-07	virtualflybrain.org - GA4	v2-preview.virtualflybrain.org	first_visit	1	1
2024-06-07	virtualflybrain.org - GA4	v2-preview.virtualflybrain.org	page_view	1	1
2024-06-07	virtualflybrain.org - GA4	v2-preview.virtualflybrain.org	session_start	1	1
2024-06-07	virtualflybrain.org - GA4	v2.virtualflybrain.org	cancelled	15	4
2024-06-07	virtualflybrain.org - GA4	v2.virtualflybrain.org	disconnected	27	13
2024-06-07	virtualflybrain.org - GA4	v2.virtualflybrain.org	errorlog	1	1
2024-06-07	virtualflybrain.org - GA4	v2.virtualflybrain.org	first_visit	10	10
2024-06-07	virtualflybrain.org - GA4	v2.virtualflybrain.org	opening	5	1
2024-06-07	virtualflybrain.org - GA4	v2.virtualflybrain.org	page_view	110	34
2024-06-07	virtualflybrain.org - GA4	v2.virtualflybrain.org	reconnect-attempt:0	23	12
2024-06-07	virtualflybrain.org - GA4	v2.virtualflybrain.org	reconnect-attempt:1	1	1
2024-06-07	virtualflybrain.org - GA4	v2.virtualflybrain.org	reconnect-failed-reloading	1	1
2024-06-07	virtualflybrain.org - GA4	v2.virtualflybrain.org	request	528	30
2024-06-07	virtualflybrain.org - GA4	v2.virtualflybrain.org	session_start	74	27
2024-06-07	virtualflybrain.org - GA4	v2.virtualflybrain.org	user_engagement	40	21
2024-06-07	virtualflybrain.org - GA4	v2a.virtualflybrain.org	first_visit	1	1
2024-06-07	virtualflybrain.org - GA4	v2a.virtualflybrain.org	page_view	2	1
2024-06-07	virtualflybrain.org - GA4	v2a.virtualflybrain.org	session_start	1	1
2024-06-07	virtualflybrain.org - GA4	v2a.virtualflybrain.org	user_engagement	1	1
2024-06-07	virtualflybrain.org - GA4	virtualflybrain.org	first_visit	2	2
2024-06-07	virtualflybrain.org - GA4	virtualflybrain.org	page_view	2	2
2024-06-07	virtualflybrain.org - GA4	virtualflybrain.org	session_start	2	2
2024-06-07	virtualflybrain.org - GA4	virtualflybrain.org	user_engagement	1	1
2024-06-07	virtualflybrain.org - GA4	webtop.virtualflybrain.org	first_visit	1	1
2024-06-07	virtualflybrain.org - GA4	webtop.virtualflybrain.org	page_view	1	1
2024-06-07	virtualflybrain.org - GA4	webtop.virtualflybrain.org	session_start	1	1
2024-06-07	virtualflybrain.org - GA4	www.virtualflybrain.org	first_visit	19	19
2024-06-07	virtualflybrain.org - GA4	www.virtualflybrain.org	page_view	67	28
2024-06-07	virtualflybrain.org - GA4	www.virtualflybrain.org	session_start	32	28
2024-06-07	virtualflybrain.org - GA4	www.virtualflybrain.org	user_engagement	61	24
2024-06-07	virtualflybrain.org - GA4	zip.virtualflybrain.org	first_visit	2	2
2024-06-07	virtualflybrain.org - GA4	zip.virtualflybrain.org	page_view	2	2
2024-06-07	virtualflybrain.org - GA4	zip.virtualflybrain.org	session_start	2	2
2024-06-08	virtualflybrain.org - GA4		page_view	640	12
2024-06-08	virtualflybrain.org - GA4	123456789abcdefghijklmnopq.v2.virtualflybrain.org	user_engagement	1	1
2024-06-08	virtualflybrain.org - GA4	129.215.197.144	user_engagement	1	1
2024-06-08	virtualflybrain.org - GA4	129.215.197.147	first_visit	2	2
2024-06-08	virtualflybrain.org - GA4	129.215.197.147	page_view	2	2
2024-06-08	virtualflybrain.org - GA4	129.215.197.147	session_start	2	2
2024-06-08	virtualflybrain.org - GA4	61d21a5c-c24c-4060-9a1d-185c49b8cd22.virtualflybrain.org	user_engagement	1	1
2024-06-08	virtualflybrain.org - GA4	8c212b03-94d4-4b64-b132-a3ddc580239c.virtualflybrain.org	user_engagement	1	1
2024-06-08	virtualflybrain.org - GA4	981gwa2l.virtualflybrain.org	user_engagement	1	1
2024-06-08	virtualflybrain.org - GA4	a.bb.ccc.dddd.nblast.virtualflybrain.org	user_engagement	1	1
2024-06-08	virtualflybrain.org - GA4	blanik-jenkins.virtualflybrain.org	user_engagement	1	1
2024-06-08	virtualflybrain.org - GA4	build.virtualflybrain.org	user_engagement	1	1
2024-06-08	virtualflybrain.org - GA4	geppetto-dev.virtualflybrain.org	user_engagement	1	1
2024-06-08	virtualflybrain.org - GA4	geppetto.virtualflybrain.org	user_engagement	1	1
2024-06-08	virtualflybrain.org - GA4	grafana.virtualflybrain.org	user_engagement	1	1
2024-06-08	virtualflybrain.org - GA4	hugo.virtualflybrain.org	user_engagement	1	1
2024-06-08	virtualflybrain.org - GA4	ids.virtualflybrain.org	page_view	1	1
2024-06-08	virtualflybrain.org - GA4	ids.virtualflybrain.org	user_engagement	1	1
2024-06-08	virtualflybrain.org - GA4	jenkins.virtualflybrain.org	user_engagement	1	1
2024-06-08	virtualflybrain.org - GA4	jitsi.virtualflybrain.org	user_engagement	1	1
2024-06-08	virtualflybrain.org - GA4	karenin-jenkins.virtualflybrain.org	user_engagement	1	1
2024-06-08	virtualflybrain.org - GA4	mail.virtualflybrain.org	user_engagement	1	1
2024-06-08	virtualflybrain.org - GA4	monitor.virtualflybrain.org	user_engagement	1	1
2024-06-08	virtualflybrain.org - GA4	mysql.virtualflybrain.org	user_engagement	1	1
2024-06-08	virtualflybrain.org - GA4	natverse.virtualflybrain.org	user_engagement	1	1
2024-06-08	virtualflybrain.org - GA4	natverse3.virtualflybrain.org	user_engagement	1	1
2024-06-08	virtualflybrain.org - GA4	natverse4.virtualflybrain.org	user_engagement	1	1
2024-06-08	virtualflybrain.org - GA4	natverse5.virtualflybrain.org	user_engagement	1	1
2024-06-08	virtualflybrain.org - GA4	nblast.virtualflybrain.org	user_engagement	1	1
2024-06-08	virtualflybrain.org - GA4	r.virtualflybrain.org	user_engagement	1	1
2024-06-08	virtualflybrain.org - GA4	sb1.virtualflybrain.org	user_engagement	1	1
2024-06-08	virtualflybrain.org - GA4	sb2.virtualflybrain.orgherd.virtualflybrain.org	user_engagement	1	1
2024-06-08	virtualflybrain.org - GA4	smtp.virtualflybrain.org	user_engagement	1	1
2024-06-08	virtualflybrain.org - GA4	solr-dev.virtualflybrain.org	user_engagement	1	1
2024-06-08	virtualflybrain.org - GA4	solr.p2.virtualflybrain.org	user_engagement	1	1
2024-06-08	virtualflybrain.org - GA4	solr.virtualflybrain.org	user_engagement	1	1
2024-06-08	virtualflybrain.org - GA4	v1.virtualflybrain.org	user_engagement	1	1
2024-06-08	virtualflybrain.org - GA4	v2-preview.virtualflybrain.org	user_engagement	1	1
2024-06-08	virtualflybrain.org - GA4	v2.virtualflybrain.org	cancelled	1	1
2024-06-08	virtualflybrain.org - GA4	v2.virtualflybrain.org	disconnected	11	5
2024-06-08	virtualflybrain.org - GA4	v2.virtualflybrain.org	first_visit	1	1
2024-06-08	virtualflybrain.org - GA4	v2.virtualflybrain.org	page_view	53	11
2024-06-08	virtualflybrain.org - GA4	v2.virtualflybrain.org	reconnect-attempt:0	11	5
2024-06-08	virtualflybrain.org - GA4	v2.virtualflybrain.org	request	211	12
2024-06-08	virtualflybrain.org - GA4	v2.virtualflybrain.org	session_start	41	11
2024-06-08	virtualflybrain.org - GA4	v2.virtualflybrain.org	user_engagement	15	7
2024-06-08	virtualflybrain.org - GA4	webmail.virtualflybrain.org	user_engagement	1	1
2024-06-08	virtualflybrain.org - GA4	webtop.virtualflybrain.org	user_engagement	1	1
2024-06-08	virtualflybrain.org - GA4	www.v2.virtualflybrain.org	user_engagement	1	1
2024-06-08	virtualflybrain.org - GA4	www.virtualflybrain.org	first_visit	18	18
2024-06-08	virtualflybrain.org - GA4	www.virtualflybrain.org	page_view	34	22
2024-06-08	virtualflybrain.org - GA4	www.virtualflybrain.org	session_start	24	24
2024-06-08	virtualflybrain.org - GA4	www.virtualflybrain.org	user_engagement	30	16
2024-06-09	virtualflybrain.org - GA4		page_view	753	11
2024-06-09	virtualflybrain.org - GA4	129.215.197.101	first_visit	1	1
2024-06-09	virtualflybrain.org - GA4	129.215.197.101	page_view	1	1
2024-06-09	virtualflybrain.org - GA4	129.215.197.101	session_start	1	1
2024-06-09	virtualflybrain.org - GA4	129.215.197.143	first_visit	1	1
2024-06-09	virtualflybrain.org - GA4	129.215.197.143	page_view	1	1
2024-06-09	virtualflybrain.org - GA4	129.215.197.143	session_start	1	1
2024-06-09	virtualflybrain.org - GA4	129.215.197.144	first_visit	1	1
2024-06-09	virtualflybrain.org - GA4	129.215.197.144	page_view	1	1
2024-06-09	virtualflybrain.org - GA4	129.215.197.144	session_start	1	1
2024-06-09	virtualflybrain.org - GA4	bocian-jenkins.virtualflybrain.org	first_visit	1	1
2024-06-09	virtualflybrain.org - GA4	bocian-jenkins.virtualflybrain.org	page_view	1	1
2024-06-09	virtualflybrain.org - GA4	bocian-jenkins.virtualflybrain.org	session_start	1	1
2024-06-09	virtualflybrain.org - GA4	buttermilk.inf.ed.ac.uk	first_visit	1	1
2024-06-09	virtualflybrain.org - GA4	buttermilk.inf.ed.ac.uk	page_view	1	1
2024-06-09	virtualflybrain.org - GA4	buttermilk.inf.ed.ac.uk	session_start	1	1
2024-06-09	virtualflybrain.org - GA4	buttermilk.inf.ed.ac.uk	user_engagement	1	1
2024-06-09	virtualflybrain.org - GA4	meet.virtualflybrain.org	first_visit	2	2
2024-06-09	virtualflybrain.org - GA4	meet.virtualflybrain.org	page_view	2	2
2024-06-09	virtualflybrain.org - GA4	meet.virtualflybrain.org	session_start	2	2
2024-06-09	virtualflybrain.org - GA4	v2.virtualflybrain.org	cancelled	1	1
2024-06-09	virtualflybrain.org - GA4	v2.virtualflybrain.org	disconnected	12	7
2024-06-09	virtualflybrain.org - GA4	v2.virtualflybrain.org	first_visit	2	2
2024-06-09	virtualflybrain.org - GA4	v2.virtualflybrain.org	opening	2	1
2024-06-09	virtualflybrain.org - GA4	v2.virtualflybrain.org	page_view	80	18
2024-06-09	virtualflybrain.org - GA4	v2.virtualflybrain.org	reconnect-attempt:0	9	6
2024-06-09	virtualflybrain.org - GA4	v2.virtualflybrain.org	reconnect-failed-reloading	1	1
2024-06-09	virtualflybrain.org - GA4	v2.virtualflybrain.org	request	282	13
2024-06-09	virtualflybrain.org - GA4	v2.virtualflybrain.org	session_start	59	12
2024-06-09	virtualflybrain.org - GA4	v2.virtualflybrain.org	user_engagement	45	12
2024-06-09	virtualflybrain.org - GA4	www.virtualflybrain.org	first_visit	18	18
2024-06-09	virtualflybrain.org - GA4	www.virtualflybrain.org	page_view	38	26
2024-06-09	virtualflybrain.org - GA4	www.virtualflybrain.org	session_start	27	25
2024-06-09	virtualflybrain.org - GA4	www.virtualflybrain.org	user_engagement	34	19
2024-06-10	virtualflybrain.org - GA4		page_view	813	28
2024-06-10	virtualflybrain.org - GA4	129.215.197.110	user_engagement	1	1
2024-06-10	virtualflybrain.org - GA4	129.215.197.147	first_visit	1	1
2024-06-10	virtualflybrain.org - GA4	129.215.197.147	page_view	1	1
2024-06-10	virtualflybrain.org - GA4	129.215.197.147	session_start	1	1
2024-06-10	virtualflybrain.org - GA4	api.virtualflybrain.org	user_engagement	1	1
2024-06-10	virtualflybrain.org - GA4	blog.virtualflybrain.org	user_engagement	1	1
2024-06-10	virtualflybrain.org - GA4	build.virtualflybrain.org	user_engagement	2	2
2024-06-10	virtualflybrain.org - GA4	buttermilk.inf.ed.ac.uk	user_engagement	1	1
2024-06-10	virtualflybrain.org - GA4	debug.virtualflybrain.org	user_engagement	1	1
2024-06-10	virtualflybrain.org - GA4	dev.virtualflybrain.org	user_engagement	1	1
2024-06-10	virtualflybrain.org - GA4	geppetto-dev1.virtualflybrain.org	user_engagement	1	1
2024-06-10	virtualflybrain.org - GA4	geppetto.virtualflybrain.org	user_engagement	1	1
2024-06-10	virtualflybrain.org - GA4	grafana.virtualflybrain.org	user_engagement	1	1
2024-06-10	virtualflybrain.org - GA4	herd.virtualflybrain.org	user_engagement	1	1
2024-06-10	virtualflybrain.org - GA4	hugo.virtualflybrain.org	user_engagement	1	1
2024-06-10	virtualflybrain.org - GA4	ids.virtualflybrain.org	user_engagement	1	1
2024-06-10	virtualflybrain.org - GA4	karenin-jenkins.virtualflybrain.org	user_engagement	1	1
2024-06-10	virtualflybrain.org - GA4	larval.virtualflybrain.org	user_engagement	1	1
2024-06-10	virtualflybrain.org - GA4	meet.virtualflybrain.org	user_engagement	1	1
2024-06-10	virtualflybrain.org - GA4	natverse.virtualflybrain.org	user_engagement	1	1
2024-06-10	virtualflybrain.org - GA4	natverse1.virtualflybrain.org	user_engagement	1	1
2024-06-10	virtualflybrain.org - GA4	natverse3.virtualflybrain.org	user_engagement	1	1
2024-06-10	virtualflybrain.org - GA4	natverse4.virtualflybrain.org	user_engagement	1	1
2024-06-10	virtualflybrain.org - GA4	natverse5.virtualflybrain.org	user_engagement	1	1
2024-06-10	virtualflybrain.org - GA4	nblast.virtualflybrain.org	user_engagement	1	1
2024-06-10	virtualflybrain.org - GA4	owl.virtualflybrain.org	user_engagement	1	1
2024-06-10	virtualflybrain.org - GA4	p2.virtualflybrain.org	user_engagement	1	1
2024-06-10	virtualflybrain.org - GA4	pdl.virtualflybrain.org	user_engagement	1	1
2024-06-10	virtualflybrain.org - GA4	pgadmin.virtualflybrain.org	user_engagement	1	1
2024-06-10	virtualflybrain.org - GA4	r.virtualflybrain.org	user_engagement	1	1
2024-06-10	virtualflybrain.org - GA4	sb1.virtualflybrain.org	user_engagement	1	1
2024-06-10	virtualflybrain.org - GA4	sb2.virtualflybrain.org	user_engagement	1	1
2024-06-10	virtualflybrain.org - GA4	sb2.virtualflybrain.orgherd.virtualflybrain.org	user_engagement	1	1
2024-06-10	virtualflybrain.org - GA4	solr-dev.virtualflybrain.org	user_engagement	1	1
2024-06-10	virtualflybrain.org - GA4	solr.p2.virtualflybrain.org	user_engagement	1	1
2024-06-10	virtualflybrain.org - GA4	solr.virtualflybrain.org	user_engagement	1	1
2024-06-10	virtualflybrain.org - GA4	tracker.2wl.org.uk	user_engagement	1	1
2024-06-10	virtualflybrain.org - GA4	v2-dev2.virtualflybrain.org	user_engagement	1	1
2024-06-10	virtualflybrain.org - GA4	v2-preview.virtualflybrain.org	user_engagement	2	2
2024-06-10	virtualflybrain.org - GA4	v2.virtualflybrain.org	cancelled	1	1
2024-06-10	virtualflybrain.org - GA4	v2.virtualflybrain.org	disconnected	29	10
2024-06-10	virtualflybrain.org - GA4	v2.virtualflybrain.org	errorlog	26	3
2024-06-10	virtualflybrain.org - GA4	v2.virtualflybrain.org	first_visit	11	11
2024-06-10	virtualflybrain.org - GA4	v2.virtualflybrain.org	opening	4	2
2024-06-10	virtualflybrain.org - GA4	v2.virtualflybrain.org	page_view	106	34
2024-06-10	virtualflybrain.org - GA4	v2.virtualflybrain.org	reconnect-attempt:0	24	9
2024-06-10	virtualflybrain.org - GA4	v2.virtualflybrain.org	reconnect-failed-reloading	1	1
2024-06-10	virtualflybrain.org - GA4	v2.virtualflybrain.org	request	283	30
2024-06-10	virtualflybrain.org - GA4	v2.virtualflybrain.org	session_start	82	26
2024-06-10	virtualflybrain.org - GA4	v2.virtualflybrain.org	user_engagement	40	20
2024-06-10	virtualflybrain.org - GA4	vfbblog.inf.ed.ac.uk	user_engagement	1	1
2024-06-10	virtualflybrain.org - GA4	virtualflybrain.org	first_visit	1	1
2024-06-10	virtualflybrain.org - GA4	virtualflybrain.org	page_view	12	1
2024-06-10	virtualflybrain.org - GA4	virtualflybrain.org	session_start	1	1
2024-06-10	virtualflybrain.org - GA4	virtualflybrain.org	user_engagement	12	2
2024-06-10	virtualflybrain.org - GA4	webtop.virtualflybrain.org	user_engagement	1	1
2024-06-10	virtualflybrain.org - GA4	www.virtualflybrain.org	first_visit	21	21
2024-06-10	virtualflybrain.org - GA4	www.virtualflybrain.org	page_view	50	28
2024-06-10	virtualflybrain.org - GA4	www.virtualflybrain.org	session_start	32	28
2024-06-10	virtualflybrain.org - GA4	www.virtualflybrain.org	user_engagement	43	25
2024-06-11	virtualflybrain.org - GA4		page_view	997	31
2024-06-11	virtualflybrain.org - GA4		session_start	1	1
2024-06-11	virtualflybrain.org - GA4	123456789abcdefghijklmnopq.virtualflybrain.org	user_engagement	1	1
2024-06-11	virtualflybrain.org - GA4	12877200-fe3e-43bd-bf43-557c75765038.virtualflybrain.org	user_engagement	1	1
2024-06-11	virtualflybrain.org - GA4	129.215.197.120	user_engagement	1	1
2024-06-11	virtualflybrain.org - GA4	129.215.197.143	user_engagement	1	1
2024-06-11	virtualflybrain.org - GA4	76e1bce3-27a5-406f-81cd-32f1152396af.virtualflybrain.org	user_engagement	1	1
2024-06-11	virtualflybrain.org - GA4	981gwa2l.virtualflybrain.org	user_engagement	1	1
2024-06-11	virtualflybrain.org - GA4	a.bb.ccc.dddd.nblast.virtualflybrain.org	user_engagement	1	1
2024-06-11	virtualflybrain.org - GA4	admin.virtualflybrain.org	user_engagement	1	1
2024-06-11	virtualflybrain.org - GA4	bocian-jenkins.virtualflybrain.org	first_visit	1	1
2024-06-11	virtualflybrain.org - GA4	bocian-jenkins.virtualflybrain.org	page_view	1	1
2024-06-11	virtualflybrain.org - GA4	bocian-jenkins.virtualflybrain.org	session_start	1	1
2024-06-11	virtualflybrain.org - GA4	build.virtualflybrain.org	user_engagement	1	1
2024-06-11	virtualflybrain.org - GA4	dev.virtualflybrain.org	user_engagement	1	1
2024-06-11	virtualflybrain.org - GA4	geppetto.virtualflybrain.org	user_engagement	1	1
2024-06-11	virtualflybrain.org - GA4	hugo.virtualflybrain.org	user_engagement	2	2
2024-06-11	virtualflybrain.org - GA4	kbw.virtualflybrain.org	user_engagement	1	1
2024-06-11	virtualflybrain.org - GA4	larval.virtualflybrain.org	user_engagement	1	1
2024-06-11	virtualflybrain.org - GA4	meet.virtualflybrain.org	first_visit	1	1
2024-06-11	virtualflybrain.org - GA4	meet.virtualflybrain.org	page_view	1	1
2024-06-11	virtualflybrain.org - GA4	meet.virtualflybrain.org	session_start	1	1
2024-06-11	virtualflybrain.org - GA4	meet.virtualflybrain.org	user_engagement	1	1
2024-06-11	virtualflybrain.org - GA4	natverse5.virtualflybrain.org	user_engagement	1	1
2024-06-11	virtualflybrain.org - GA4	owl-dev.virtualflybrain.org	user_engagement	1	1
2024-06-11	virtualflybrain.org - GA4	pdb.ug3.virtualflybrain.org	page_view	1	1
2024-06-11	virtualflybrain.org - GA4	pdb.ug3.virtualflybrain.org	session_start	1	1
2024-06-11	virtualflybrain.org - GA4	pdb.ug3.virtualflybrain.org	user_engagement	1	1
2024-06-11	virtualflybrain.org - GA4	pdbl.virtualflybrain.org	page_view	2	1
2024-06-11	virtualflybrain.org - GA4	pdbl.virtualflybrain.org	session_start	1	1
2024-06-11	virtualflybrain.org - GA4	pdbl.virtualflybrain.org	user_engagement	2	1
2024-06-11	virtualflybrain.org - GA4	pdbsl.virtualflybrain.org	page_view	1	1
2024-06-11	virtualflybrain.org - GA4	pdbsl.virtualflybrain.org	user_engagement	1	1
2024-06-11	virtualflybrain.org - GA4	sb.virtualflybrain.org	user_engagement	1	1
2024-06-11	virtualflybrain.org - GA4	sb1.virtualflybrain.org	user_engagement	1	1
2024-06-11	virtualflybrain.org - GA4	sb2.virtualflybrain.orgherd.virtualflybrain.org	user_engagement	1	1
2024-06-11	virtualflybrain.org - GA4	solr-dev.virtualflybrain.org	user_engagement	1	1
2024-06-11	virtualflybrain.org - GA4	solr.p2.virtualflybrain.org	user_engagement	1	1
2024-06-11	virtualflybrain.org - GA4	solr.virtualflybrain.org	user_engagement	1	1
2024-06-11	virtualflybrain.org - GA4	v1.virtualflybrain.org	user_engagement	1	1
2024-06-11	virtualflybrain.org - GA4	v2-dev.virtualflybrain.org	user_engagement	1	1
2024-06-11	virtualflybrain.org - GA4	v2-preview.virtualflybrain.org	user_engagement	1	1
2024-06-11	virtualflybrain.org - GA4	v2.virtualflybrain.org	disconnected	22	12
2024-06-11	virtualflybrain.org - GA4	v2.virtualflybrain.org	errorlog	821	5
2024-06-11	virtualflybrain.org - GA4	v2.virtualflybrain.org	first_visit	4	4
2024-06-11	virtualflybrain.org - GA4	v2.virtualflybrain.org	opening	3	3
2024-06-11	virtualflybrain.org - GA4	v2.virtualflybrain.org	page_view	103	38
2024-06-11	virtualflybrain.org - GA4	v2.virtualflybrain.org	reconnect-attempt:0	19	12
2024-06-11	virtualflybrain.org - GA4	v2.virtualflybrain.org	reconnect-failed-reloading	1	1
2024-06-11	virtualflybrain.org - GA4	v2.virtualflybrain.org	request	339	33
2024-06-11	virtualflybrain.org - GA4	v2.virtualflybrain.org	session_start	39	21
2024-06-11	virtualflybrain.org - GA4	v2.virtualflybrain.org	user_engagement	50	29
2024-06-11	virtualflybrain.org - GA4	vfbblog.inf.ed.ac.uk	user_engagement	1	1
2024-06-11	virtualflybrain.org - GA4	virtualflybrain.org	first_visit	1	1
2024-06-11	virtualflybrain.org - GA4	virtualflybrain.org	page_view	1	1
2024-06-11	virtualflybrain.org - GA4	virtualflybrain.org	session_start	1	1
2024-06-11	virtualflybrain.org - GA4	www.virtualflybrain.org	first_visit	32	32
2024-06-11	virtualflybrain.org - GA4	www.virtualflybrain.org	page_view	102	52
2024-06-11	virtualflybrain.org - GA4	www.virtualflybrain.org	session_start	57	50
2024-06-11	virtualflybrain.org - GA4	www.virtualflybrain.org	user_engagement	96	46
2024-06-12	virtualflybrain.org - GA4		page_view	959	38
2024-06-12	virtualflybrain.org - GA4	129.215.197.101	user_engagement	1	1
2024-06-12	virtualflybrain.org - GA4	129.215.197.147	first_visit	1	1
2024-06-12	virtualflybrain.org - GA4	129.215.197.147	page_view	1	1
2024-06-12	virtualflybrain.org - GA4	129.215.197.147	session_start	1	1
2024-06-12	virtualflybrain.org - GA4	129.215.197.147	user_engagement	1	1
2024-06-12	virtualflybrain.org - GA4	482bm8l9immm8z9tw8t4k.virtualflybrain.org	user_engagement	1	1
2024-06-12	virtualflybrain.org - GA4	6ca6ec05-0e7c-414b-ab69-6aba90258b6b.virtualflybrain.org	user_engagement	1	1
2024-06-12	virtualflybrain.org - GA4	981gwa2l.virtualflybrain.org	user_engagement	1	1
2024-06-12	virtualflybrain.org - GA4	blog.virtualflybrain.org	user_engagement	1	1
2024-06-12	virtualflybrain.org - GA4	bocian-jenkins.virtualflybrain.org	first_visit	1	1
2024-06-12	virtualflybrain.org - GA4	bocian-jenkins.virtualflybrain.org	page_view	1	1
2024-06-12	virtualflybrain.org - GA4	bocian-jenkins.virtualflybrain.org	session_start	1	1
2024-06-12	virtualflybrain.org - GA4	debug.virtualflybrain.org	user_engagement	1	1
2024-06-12	virtualflybrain.org - GA4	geppetto-dev1.virtualflybrain.org	user_engagement	1	1
2024-06-12	virtualflybrain.org - GA4	grafana.virtualflybrain.org	user_engagement	1	1
2024-06-12	virtualflybrain.org - GA4	hugo.virtualflybrain.org	user_engagement	1	1
2024-06-12	virtualflybrain.org - GA4	i3vnc.catmaid.virtualflybrain.org	user_engagement	1	1
2024-06-12	virtualflybrain.org - GA4	jitsi.virtualflybrain.org	user_engagement	1	1
2024-06-12	virtualflybrain.org - GA4	jupyter.virtualflybrain.org	user_engagement	1	1
2024-06-12	virtualflybrain.org - GA4	karenin-jenkins.virtualflybrain.org	user_engagement	1	1
2024-06-12	virtualflybrain.org - GA4	l1em.catmaid.virtualflybrain.org	page_view	1	1
2024-06-12	virtualflybrain.org - GA4	larval.virtualflybrain.org	user_engagement	1	1
2024-06-12	virtualflybrain.org - GA4	mail.virtualflybrain.org	user_engagement	1	1
2024-06-12	virtualflybrain.org - GA4	meet.virtualflybrain.org	first_visit	1	1
2024-06-12	virtualflybrain.org - GA4	meet.virtualflybrain.org	page_view	1	1
2024-06-12	virtualflybrain.org - GA4	meet.virtualflybrain.org	session_start	1	1
2024-06-12	virtualflybrain.org - GA4	natverse1.virtualflybrain.org	user_engagement	1	1
2024-06-12	virtualflybrain.org - GA4	natverse2.virtualflybrain.org	user_engagement	1	1
2024-06-12	virtualflybrain.org - GA4	natverse4.virtualflybrain.org	user_engagement	1	1
2024-06-12	virtualflybrain.org - GA4	raw.larval.flylight.virtualflybrain.org	first_visit	1	1
2024-06-12	virtualflybrain.org - GA4	raw.larval.flylight.virtualflybrain.org	page_view	29	2
2024-06-12	virtualflybrain.org - GA4	raw.larval.flylight.virtualflybrain.org	session_start	3	2
2024-06-12	virtualflybrain.org - GA4	raw.larval.flylight.virtualflybrain.org	user_engagement	24	1
2024-06-12	virtualflybrain.org - GA4	tracker.2wl.org.uk	first_visit	1	1
2024-06-12	virtualflybrain.org - GA4	tracker.2wl.org.uk	page_view	2	1
2024-06-12	virtualflybrain.org - GA4	tracker.2wl.org.uk	session_start	1	1
2024-06-12	virtualflybrain.org - GA4	tracker.2wl.org.uk	user_engagement	1	1
2024-06-12	virtualflybrain.org - GA4	v2-dev2.virtualflybrain.org	user_engagement	1	1
2024-06-12	virtualflybrain.org - GA4	v2-preview.virtualflybrain.org	user_engagement	2	2
2024-06-12	virtualflybrain.org - GA4	v2.virtualflybrain.org	cancelled	5	2
2024-06-12	virtualflybrain.org - GA4	v2.virtualflybrain.org	disconnected	88	19
2024-06-12	virtualflybrain.org - GA4	v2.virtualflybrain.org	errorlog	94	2
2024-06-12	virtualflybrain.org - GA4	v2.virtualflybrain.org	first_visit	18	18
2024-06-12	virtualflybrain.org - GA4	v2.virtualflybrain.org	opening	1	1
2024-06-12	virtualflybrain.org - GA4	v2.virtualflybrain.org	page_view	191	46
2024-06-12	virtualflybrain.org - GA4	v2.virtualflybrain.org	reconnect-attempt:0	85	18
2024-06-12	virtualflybrain.org - GA4	v2.virtualflybrain.org	reconnect-failed-reloading	2	2
2024-06-12	virtualflybrain.org - GA4	v2.virtualflybrain.org	request	427	40
2024-06-12	virtualflybrain.org - GA4	v2.virtualflybrain.org	session_start	88	35
2024-06-12	virtualflybrain.org - GA4	v2.virtualflybrain.org	user_engagement	38	31
2024-06-12	virtualflybrain.org - GA4	v2test1.virtualflybrain.org	user_engagement	1	1
2024-06-12	virtualflybrain.org - GA4	virtualflybrain.org	first_visit	8	8
2024-06-12	virtualflybrain.org - GA4	virtualflybrain.org	page_view	14	11
2024-06-12	virtualflybrain.org - GA4	virtualflybrain.org	session_start	11	11
2024-06-12	virtualflybrain.org - GA4	virtualflybrain.org	user_engagement	9	5
2024-06-12	virtualflybrain.org - GA4	vnc.catmaid.virtualflybrain.org	user_engagement	1	1
2024-06-12	virtualflybrain.org - GA4	webtop.virtualflybrain.org	user_engagement	1	1
2024-06-12	virtualflybrain.org - GA4	www.virtualflybrain.org	first_visit	25	25
2024-06-12	virtualflybrain.org - GA4	www.virtualflybrain.org	page_view	73	37
2024-06-12	virtualflybrain.org - GA4	www.virtualflybrain.org	session_start	37	36
2024-06-12	virtualflybrain.org - GA4	www.virtualflybrain.org	user_engagement	65	30
2024-06-13	virtualflybrain.org - GA4		page_view	2305	40
2024-06-13	virtualflybrain.org - GA4		session_start	1	1
2024-06-13	virtualflybrain.org - GA4	123456789abcdefghijklmnopq.v2.virtualflybrain.org	user_engagement	1	1
2024-06-13	virtualflybrain.org - GA4	12877200-fe3e-43bd-bf43-557c75765038.virtualflybrain.org	user_engagement	1	1
2024-06-13	virtualflybrain.org - GA4	129.215.197.144	first_visit	1	1
2024-06-13	virtualflybrain.org - GA4	129.215.197.144	page_view	1	1
2024-06-13	virtualflybrain.org - GA4	129.215.197.144	session_start	1	1
2024-06-13	virtualflybrain.org - GA4	129.215.197.144	user_engagement	1	1
2024-06-13	virtualflybrain.org - GA4	61d21a5c-c24c-4060-9a1d-185c49b8cd22.virtualflybrain.org	user_engagement	2	2
2024-06-13	virtualflybrain.org - GA4	8c212b03-94d4-4b64-b132-a3ddc580239c.virtualflybrain.org	user_engagement	1	1
2024-06-13	virtualflybrain.org - GA4	8fe35b9b-0117-41a9-a316-ec54860cf39e.catmaid.virtualflybrain.org	user_engagement	1	1
2024-06-13	virtualflybrain.org - GA4	981gwa2l.virtualflybrain.org	user_engagement	1	1
2024-06-13	virtualflybrain.org - GA4	a.bb.ccc.dddd.nblast.virtualflybrain.org	user_engagement	2	2
2024-06-13	virtualflybrain.org - GA4	admin.virtualflybrain.org	user_engagement	1	1
2024-06-13	virtualflybrain.org - GA4	blanik-jenkins.virtualflybrain.org	user_engagement	2	2
2024-06-13	virtualflybrain.org - GA4	blog.virtualflybrain.org	user_engagement	2	2
2024-06-13	virtualflybrain.org - GA4	bocian-jenkins.virtualflybrain.org	user_engagement	2	2
2024-06-13	virtualflybrain.org - GA4	build.virtualflybrain.org	user_engagement	1	1
2024-06-13	virtualflybrain.org - GA4	catmaid-fafb.virtualflybrain.org	user_engagement	1	1
2024-06-13	virtualflybrain.org - GA4	debug.virtualflybrain.org	user_engagement	2	2
2024-06-13	virtualflybrain.org - GA4	geppetto-dev.virtualflybrain.org	user_engagement	1	1
2024-06-13	virtualflybrain.org - GA4	geppetto-dev1.virtualflybrain.org	user_engagement	1	1
2024-06-13	virtualflybrain.org - GA4	geppetto.virtualflybrain.org	user_engagement	1	1
2024-06-13	virtualflybrain.org - GA4	grafana.virtualflybrain.org	user_engagement	2	2
2024-06-13	virtualflybrain.org - GA4	groups.google.com	page_view	1	1
2024-06-13	virtualflybrain.org - GA4	herd.virtualflybrain.org	user_engagement	1	1
2024-06-13	virtualflybrain.org - GA4	i3vnc.catmaid.virtualflybrain.org	page_view	1	1
2024-06-13	virtualflybrain.org - GA4	i3vnc.catmaid.virtualflybrain.org	user_engagement	1	1
2024-06-13	virtualflybrain.org - GA4	ids.virtualflybrain.org	user_engagement	1	1
2024-06-13	virtualflybrain.org - GA4	jenkins.virtualflybrain.org	user_engagement	1	1
2024-06-13	virtualflybrain.org - GA4	jitsi.virtualflybrain.org	user_engagement	2	2
2024-06-13	virtualflybrain.org - GA4	karenin-jenkins.virtualflybrain.org	user_engagement	2	2
2024-06-13	virtualflybrain.org - GA4	larval.flylight.virtualflybrain.org	first_visit	1	1
2024-06-13	virtualflybrain.org - GA4	larval.flylight.virtualflybrain.org	page_view	1	1
2024-06-13	virtualflybrain.org - GA4	larval.flylight.virtualflybrain.org	session_start	1	1
2024-06-13	virtualflybrain.org - GA4	larval.virtualflybrain.org	user_engagement	1	1
2024-06-13	virtualflybrain.org - GA4	mail.virtualflybrain.org	user_engagement	1	1
2024-06-13	virtualflybrain.org - GA4	monitor.virtualflybrain.org	user_engagement	1	1
2024-06-13	virtualflybrain.org - GA4	mysql.virtualflybrain.org	user_engagement	1	1
2024-06-13	virtualflybrain.org - GA4	natverse.virtualflybrain.org	user_engagement	1	1
2024-06-13	virtualflybrain.org - GA4	natverse1.virtualflybrain.org	user_engagement	2	2
2024-06-13	virtualflybrain.org - GA4	natverse2.virtualflybrain.org	user_engagement	2	2
2024-06-13	virtualflybrain.org - GA4	natverse4.virtualflybrain.org	user_engagement	2	2
2024-06-13	virtualflybrain.org - GA4	natverse5.virtualflybrain.org	user_engagement	2	2
2024-06-13	virtualflybrain.org - GA4	nblast.virtualflybrain.org	user_engagement	1	1
2024-06-13	virtualflybrain.org - GA4	pdl.virtualflybrain.org	user_engagement	2	2
2024-06-13	virtualflybrain.org - GA4	pgadmin.virtualflybrain.org	user_engagement	2	2
2024-06-13	virtualflybrain.org - GA4	raw.larval.flylight.virtualflybrain.org	session_start	1	1
2024-06-13	virtualflybrain.org - GA4	raw.larval.flylight.virtualflybrain.org	user_engagement	2	1
2024-06-13	virtualflybrain.org - GA4	sb.virtualflybrain.org	user_engagement	1	1
2024-06-13	virtualflybrain.org - GA4	sb1.virtualflybrain.org	user_engagement	2	2
2024-06-13	virtualflybrain.org - GA4	sb2.virtualflybrain.org	user_engagement	1	1
2024-06-13	virtualflybrain.org - GA4	sb2.virtualflybrain.orgherd.virtualflybrain.org	user_engagement	1	1
2024-06-13	virtualflybrain.org - GA4	smtp.virtualflybrain.org	user_engagement	2	2
2024-06-13	virtualflybrain.org - GA4	solr-alpha.virtualflybrain.org	user_engagement	1	1
2024-06-13	virtualflybrain.org - GA4	solr-dev.virtualflybrain.org	page_view	1	1
2024-06-13	virtualflybrain.org - GA4	solr-dev.virtualflybrain.org	user_engagement	2	2
2024-06-13	virtualflybrain.org - GA4	solr.p2.virtualflybrain.org	user_engagement	1	1
2024-06-13	virtualflybrain.org - GA4	solr.virtualflybrain.org	page_view	1	1
2024-06-13	virtualflybrain.org - GA4	solr.virtualflybrain.org	user_engagement	2	2
2024-06-13	virtualflybrain.org - GA4	sourcream.inf.ed.ac.uk	user_engagement	2	2
2024-06-13	virtualflybrain.org - GA4	ubuntu.virtualflybrain.org	user_engagement	1	1
2024-06-13	virtualflybrain.org - GA4	v1.virtualflybrain.org	user_engagement	2	2
2024-06-13	virtualflybrain.org - GA4	v2-dev2.virtualflybrain.org	user_engagement	1	1
2024-06-13	virtualflybrain.org - GA4	v2-preview.virtualflybrain.org	user_engagement	2	2
2024-06-13	virtualflybrain.org - GA4	v2.virtualflybrain.org	cancelled	5	4
2024-06-13	virtualflybrain.org - GA4	v2.virtualflybrain.org	disconnected	69	24
2024-06-13	virtualflybrain.org - GA4	v2.virtualflybrain.org	errorlog	51	4
2024-06-13	virtualflybrain.org - GA4	v2.virtualflybrain.org	first_visit	3	3
2024-06-13	virtualflybrain.org - GA4	v2.virtualflybrain.org	opening	7	4
2024-06-13	virtualflybrain.org - GA4	v2.virtualflybrain.org	page_view	394	45
2024-06-13	virtualflybrain.org - GA4	v2.virtualflybrain.org	reconnect-attempt:0	67	23
2024-06-13	virtualflybrain.org - GA4	v2.virtualflybrain.org	reconnect-attempt:1	1	1
2024-06-13	virtualflybrain.org - GA4	v2.virtualflybrain.org	reconnect-failed-reloading	1	1
2024-06-13	virtualflybrain.org - GA4	v2.virtualflybrain.org	request	700	40
2024-06-13	virtualflybrain.org - GA4	v2.virtualflybrain.org	session_start	132	36
2024-06-13	virtualflybrain.org - GA4	v2.virtualflybrain.org	user_engagement	65	27
2024-06-13	virtualflybrain.org - GA4	v2a.virtualflybrain.org	page_view	2	1
2024-06-13	virtualflybrain.org - GA4	v2a.virtualflybrain.org	request	2	1
2024-06-13	virtualflybrain.org - GA4	v2a.virtualflybrain.org	user_engagement	2	1
2024-06-13	virtualflybrain.org - GA4	virtualflybrain.org	first_visit	1	1
2024-06-13	virtualflybrain.org - GA4	virtualflybrain.org	page_view	18	3
2024-06-13	virtualflybrain.org - GA4	virtualflybrain.org	session_start	2	2
2024-06-13	virtualflybrain.org - GA4	virtualflybrain.org	user_engagement	18	3
2024-06-13	virtualflybrain.org - GA4	vnc.catmaid.virtualflybrain.org	user_engagement	1	1
2024-06-13	virtualflybrain.org - GA4	webtop.virtualflybrain.org	user_engagement	2	2
2024-06-13	virtualflybrain.org - GA4	what.website.fafb.catmaid.virtualflybrain.org	user_engagement	1	1
2024-06-13	virtualflybrain.org - GA4	www.v2.virtualflybrain.org	user_engagement	1	1
2024-06-13	virtualflybrain.org - GA4	www.virtualflybrain.org	first_visit	30	30
2024-06-13	virtualflybrain.org - GA4	www.virtualflybrain.org	page_view	121	41
2024-06-13	virtualflybrain.org - GA4	www.virtualflybrain.org	session_start	49	40
2024-06-13	virtualflybrain.org - GA4	www.virtualflybrain.org	user_engagement	113	37
2024-06-13	virtualflybrain.org - GA4	zip.virtualflybrain.org	user_engagement	1	1
2024-06-14	virtualflybrain.org - GA4		page_view	1154	37
2024-06-14	virtualflybrain.org - GA4	bocian-jenkins.virtualflybrain.org	first_visit	1	1
2024-06-14	virtualflybrain.org - GA4	bocian-jenkins.virtualflybrain.org	page_view	1	1
2024-06-14	virtualflybrain.org - GA4	bocian-jenkins.virtualflybrain.org	session_start	1	1
2024-06-14	virtualflybrain.org - GA4	raw.larval.flylight.virtualflybrain.org	session_start	1	1
2024-06-14	virtualflybrain.org - GA4	raw.larval.flylight.virtualflybrain.org	user_engagement	1	1
2024-06-14	virtualflybrain.org - GA4	v2.virtualflybrain.org	cancelled	2	1
2024-06-14	virtualflybrain.org - GA4	v2.virtualflybrain.org	disconnected	54	15
2024-06-14	virtualflybrain.org - GA4	v2.virtualflybrain.org	errorlog	76	5
2024-06-14	virtualflybrain.org - GA4	v2.virtualflybrain.org	first_visit	11	11
2024-06-14	virtualflybrain.org - GA4	v2.virtualflybrain.org	opening	4	3
2024-06-14	virtualflybrain.org - GA4	v2.virtualflybrain.org	page_view	220	45
2024-06-14	virtualflybrain.org - GA4	v2.virtualflybrain.org	reconnect-attempt:0	54	15
2024-06-14	virtualflybrain.org - GA4	v2.virtualflybrain.org	request	482	41
2024-06-14	virtualflybrain.org - GA4	v2.virtualflybrain.org	session_start	148	35
2024-06-14	virtualflybrain.org - GA4	v2.virtualflybrain.org	user_engagement	36	26
2024-06-14	virtualflybrain.org - GA4	virtualflybrain.org	user_engagement	1	1
2024-06-14	virtualflybrain.org - GA4	www.virtualflybrain.org	first_visit	38	38
2024-06-14	virtualflybrain.org - GA4	www.virtualflybrain.org	page_view	84	48
2024-06-14	virtualflybrain.org - GA4	www.virtualflybrain.org	session_start	52	48
2024-06-14	virtualflybrain.org - GA4	www.virtualflybrain.org	user_engagement	75	42
2024-06-15	virtualflybrain.org - GA4		page_view	310	17
2024-06-15	virtualflybrain.org - GA4	129.215.197.110	user_engagement	1	1
2024-06-15	virtualflybrain.org - GA4	129.215.197.144	user_engagement	1	1
2024-06-15	virtualflybrain.org - GA4	8c212b03-94d4-4b64-b132-a3ddc580239c.virtualflybrain.org	user_engagement	1	1
2024-06-15	virtualflybrain.org - GA4	api.virtualflybrain.org	user_engagement	1	1
2024-06-15	virtualflybrain.org - GA4	blog.virtualflybrain.org	user_engagement	1	1
2024-06-15	virtualflybrain.org - GA4	bocian-jenkins.virtualflybrain.org	first_visit	1	1
2024-06-15	virtualflybrain.org - GA4	bocian-jenkins.virtualflybrain.org	page_view	1	1
2024-06-15	virtualflybrain.org - GA4	bocian-jenkins.virtualflybrain.org	session_start	1	1
2024-06-15	virtualflybrain.org - GA4	build.virtualflybrain.org	user_engagement	1	1
2024-06-15	virtualflybrain.org - GA4	buttermilk.inf.ed.ac.uk	user_engagement	1	1
2024-06-15	virtualflybrain.org - GA4	dev.virtualflybrain.org	user_engagement	1	1
2024-06-15	virtualflybrain.org - GA4	geppetto-dev.virtualflybrain.org	user_engagement	1	1
2024-06-15	virtualflybrain.org - GA4	geppetto.virtualflybrain.org	user_engagement	1	1
2024-06-15	virtualflybrain.org - GA4	grafana.virtualflybrain.org	user_engagement	1	1
2024-06-15	virtualflybrain.org - GA4	herd.virtualflybrain.org	user_engagement	1	1
2024-06-15	virtualflybrain.org - GA4	hugo.virtualflybrain.org	user_engagement	1	1
2024-06-15	virtualflybrain.org - GA4	jenkins.virtualflybrain.org	user_engagement	1	1
2024-06-15	virtualflybrain.org - GA4	jupyter.virtualflybrain.org	user_engagement	1	1
2024-06-15	virtualflybrain.org - GA4	larval.virtualflybrain.org	user_engagement	1	1
2024-06-15	virtualflybrain.org - GA4	meet.virtualflybrain.org	first_visit	1	1
2024-06-15	virtualflybrain.org - GA4	meet.virtualflybrain.org	page_view	1	1
2024-06-15	virtualflybrain.org - GA4	meet.virtualflybrain.org	session_start	1	1
2024-06-15	virtualflybrain.org - GA4	monitor.virtualflybrain.org	user_engagement	1	1
2024-06-15	virtualflybrain.org - GA4	natverse1.virtualflybrain.org	user_engagement	1	1
2024-06-15	virtualflybrain.org - GA4	natverse3.virtualflybrain.org	user_engagement	1	1
2024-06-15	virtualflybrain.org - GA4	natverse5.virtualflybrain.org	user_engagement	1	1
2024-06-15	virtualflybrain.org - GA4	owl-dev.virtualflybrain.org	user_engagement	1	1
2024-06-15	virtualflybrain.org - GA4	p2.virtualflybrain.org	user_engagement	1	1
2024-06-15	virtualflybrain.org - GA4	pdl.virtualflybrain.org	user_engagement	1	1
2024-06-15	virtualflybrain.org - GA4	pgadmin.virtualflybrain.org	user_engagement	1	1
2024-06-15	virtualflybrain.org - GA4	r.virtualflybrain.org	user_engagement	2	2
2024-06-15	virtualflybrain.org - GA4	sb.virtualflybrain.org	page_view	1	1
2024-06-15	virtualflybrain.org - GA4	sb.virtualflybrain.org	user_engagement	2	2
2024-06-15	virtualflybrain.org - GA4	sb1.virtualflybrain.org	user_engagement	1	1
2024-06-15	virtualflybrain.org - GA4	sb2.virtualflybrain.org	user_engagement	1	1
2024-06-15	virtualflybrain.org - GA4	sb2.virtualflybrain.orgherd.virtualflybrain.org	user_engagement	1	1
2024-06-15	virtualflybrain.org - GA4	solr-alpha.virtualflybrain.org	user_engagement	1	1
2024-06-15	virtualflybrain.org - GA4	solr.p2.virtualflybrain.org	user_engagement	1	1
2024-06-15	virtualflybrain.org - GA4	solr.virtualflybrain.org	user_engagement	1	1
2024-06-15	virtualflybrain.org - GA4	v2.virtualflybrain.org	cancelled	1	1
2024-06-15	virtualflybrain.org - GA4	v2.virtualflybrain.org	disconnected	20	11
2024-06-15	virtualflybrain.org - GA4	v2.virtualflybrain.org	errorlog	2	2
2024-06-15	virtualflybrain.org - GA4	v2.virtualflybrain.org	first_visit	1	1
2024-06-15	virtualflybrain.org - GA4	v2.virtualflybrain.org	page_view	99	19
2024-06-15	virtualflybrain.org - GA4	v2.virtualflybrain.org	reconnect-attempt:0	20	11
2024-06-15	virtualflybrain.org - GA4	v2.virtualflybrain.org	reconnect-failed-reloading	1	1
2024-06-15	virtualflybrain.org - GA4	v2.virtualflybrain.org	request	117	16
2024-06-15	virtualflybrain.org - GA4	v2.virtualflybrain.org	session_start	66	13
2024-06-15	virtualflybrain.org - GA4	v2.virtualflybrain.org	user_engagement	13	7
2024-06-15	virtualflybrain.org - GA4	v2a.virtualflybrain.org	user_engagement	1	1
2024-06-15	virtualflybrain.org - GA4	v2test1.virtualflybrain.org	user_engagement	1	1
2024-06-15	virtualflybrain.org - GA4	vfbblog.inf.ed.ac.uk	user_engagement	1	1
2024-06-15	virtualflybrain.org - GA4	virtualflybrain.org	first_visit	1	1
2024-06-15	virtualflybrain.org - GA4	virtualflybrain.org	page_view	2	1
2024-06-15	virtualflybrain.org - GA4	virtualflybrain.org	session_start	2	1
2024-06-15	virtualflybrain.org - GA4	virtualflybrain.org	user_engagement	2	2
2024-06-15	virtualflybrain.org - GA4	webtop.virtualflybrain.org	user_engagement	1	1
2024-06-15	virtualflybrain.org - GA4	www.v2.virtualflybrain.org	user_engagement	1	1
2024-06-15	virtualflybrain.org - GA4	www.virtualflybrain.org	first_visit	21	21
2024-06-15	virtualflybrain.org - GA4	www.virtualflybrain.org	page_view	51	25
2024-06-15	virtualflybrain.org - GA4	www.virtualflybrain.org	session_start	28	27
2024-06-15	virtualflybrain.org - GA4	www.virtualflybrain.org	user_engagement	40	18
2024-06-16	virtualflybrain.org - GA4		page_view	763	13
2024-06-16	virtualflybrain.org - GA4	129.215.197.110	first_visit	1	1
2024-06-16	virtualflybrain.org - GA4	129.215.197.110	page_view	1	1
2024-06-16	virtualflybrain.org - GA4	129.215.197.110	session_start	1	1
2024-06-16	virtualflybrain.org - GA4	129.215.197.110	user_engagement	1	1
2024-06-16	virtualflybrain.org - GA4	129.215.197.120	first_visit	1	1
2024-06-16	virtualflybrain.org - GA4	129.215.197.120	page_view	1	1
2024-06-16	virtualflybrain.org - GA4	129.215.197.120	session_start	1	1
2024-06-16	virtualflybrain.org - GA4	129.215.197.120	user_engagement	1	1
2024-06-16	virtualflybrain.org - GA4	981gwa2l.virtualflybrain.org	user_engagement	1	1
2024-06-16	virtualflybrain.org - GA4	api.virtualflybrain.org	user_engagement	1	1
2024-06-16	virtualflybrain.org - GA4	blanik-jenkins.virtualflybrain.org	user_engagement	1	1
2024-06-16	virtualflybrain.org - GA4	blog.virtualflybrain.org	user_engagement	2	2
2024-06-16	virtualflybrain.org - GA4	build.virtualflybrain.org	user_engagement	1	1
2024-06-16	virtualflybrain.org - GA4	buttermilk.inf.ed.ac.uk	user_engagement	1	1
2024-06-16	virtualflybrain.org - GA4	dev.virtualflybrain.org	user_engagement	1	1
2024-06-16	virtualflybrain.org - GA4	geppetto.virtualflybrain.org	user_engagement	1	1
2024-06-16	virtualflybrain.org - GA4	grafana.virtualflybrain.org	user_engagement	1	1
2024-06-16	virtualflybrain.org - GA4	herd.virtualflybrain.org	page_view	1	1
2024-06-16	virtualflybrain.org - GA4	herd.virtualflybrain.org	session_start	1	1
2024-06-16	virtualflybrain.org - GA4	herd.virtualflybrain.org	user_engagement	1	1
2024-06-16	virtualflybrain.org - GA4	i3vnc.catmaid.virtualflybrain.org	user_engagement	1	1
2024-06-16	virtualflybrain.org - GA4	iav-robo.catmaid.virtualflybrain.org	page_view	1	1
2024-06-16	virtualflybrain.org - GA4	jitsi.virtualflybrain.org	user_engagement	1	1
2024-06-16	virtualflybrain.org - GA4	jupyter.virtualflybrain.org	user_engagement	1	1
2024-06-16	virtualflybrain.org - GA4	kbw.virtualflybrain.org	user_engagement	1	1
2024-06-16	virtualflybrain.org - GA4	larval.virtualflybrain.org	user_engagement	1	1
2024-06-16	virtualflybrain.org - GA4	meet.virtualflybrain.org	user_engagement	1	1
2024-06-16	virtualflybrain.org - GA4	natverse1.virtualflybrain.org	user_engagement	1	1
2024-06-16	virtualflybrain.org - GA4	natverse2.virtualflybrain.org	user_engagement	1	1
2024-06-16	virtualflybrain.org - GA4	natverse3.virtualflybrain.org	user_engagement	1	1
2024-06-16	virtualflybrain.org - GA4	natverse4.virtualflybrain.org	user_engagement	1	1
2024-06-16	virtualflybrain.org - GA4	natverse5.virtualflybrain.org	user_engagement	1	1
2024-06-16	virtualflybrain.org - GA4	nblast.virtualflybrain.org	user_engagement	1	1
2024-06-16	virtualflybrain.org - GA4	owl.virtualflybrain.org	user_engagement	1	1
2024-06-16	virtualflybrain.org - GA4	p2.virtualflybrain.org	user_engagement	1	1
2024-06-16	virtualflybrain.org - GA4	pdl.virtualflybrain.org	user_engagement	1	1
2024-06-16	virtualflybrain.org - GA4	pgadmin.virtualflybrain.org	user_engagement	1	1
2024-06-16	virtualflybrain.org - GA4	pypi.org	page_view	1	1
2024-06-16	virtualflybrain.org - GA4	r.virtualflybrain.org	user_engagement	1	1
2024-06-16	virtualflybrain.org - GA4	raw.larval.flylight.virtualflybrain.org	page_view	2	1
2024-06-16	virtualflybrain.org - GA4	raw.larval.flylight.virtualflybrain.org	session_start	1	1
2024-06-16	virtualflybrain.org - GA4	sb.virtualflybrain.org	user_engagement	1	1
2024-06-16	virtualflybrain.org - GA4	sb1.virtualflybrain.org	user_engagement	1	1
2024-06-16	virtualflybrain.org - GA4	sb2.virtualflybrain.org	user_engagement	1	1
2024-06-16	virtualflybrain.org - GA4	sb2.virtualflybrain.orgherd.virtualflybrain.org	user_engagement	1	1
2024-06-16	virtualflybrain.org - GA4	solr-alpha.virtualflybrain.org	user_engagement	1	1
2024-06-16	virtualflybrain.org - GA4	solr-dev.virtualflybrain.org	user_engagement	1	1
2024-06-16	virtualflybrain.org - GA4	solr.p2.virtualflybrain.org	user_engagement	1	1
2024-06-16	virtualflybrain.org - GA4	solr.virtualflybrain.org	user_engagement	1	1
2024-06-16	virtualflybrain.org - GA4	test-abd1.5.catmaid.virtualflybrain.org	user_engagement	1	1
2024-06-16	virtualflybrain.org - GA4	tracker.2wl.org.uk	user_engagement	2	2
2024-06-16	virtualflybrain.org - GA4	v1-5.virtualflybrain.org	user_engagement	1	1
2024-06-16	virtualflybrain.org - GA4	v2-dev2.virtualflybrain.org	user_engagement	1	1
2024-06-16	virtualflybrain.org - GA4	v2.virtualflybrain.org	cancelled	2	1
2024-06-16	virtualflybrain.org - GA4	v2.virtualflybrain.org	disconnected	20	5
2024-06-16	virtualflybrain.org - GA4	v2.virtualflybrain.org	errorlog	27	3
2024-06-16	virtualflybrain.org - GA4	v2.virtualflybrain.org	first_visit	5	5
2024-06-16	virtualflybrain.org - GA4	v2.virtualflybrain.org	opening	1	1
2024-06-16	virtualflybrain.org - GA4	v2.virtualflybrain.org	page_view	74	16
2024-06-16	virtualflybrain.org - GA4	v2.virtualflybrain.org	reconnect-attempt:0	16	5
2024-06-16	virtualflybrain.org - GA4	v2.virtualflybrain.org	reconnect-failed-reloading	4	1
2024-06-16	virtualflybrain.org - GA4	v2.virtualflybrain.org	request	245	13
2024-06-16	virtualflybrain.org - GA4	v2.virtualflybrain.org	session_start	31	12
2024-06-16	virtualflybrain.org - GA4	v2.virtualflybrain.org	user_engagement	23	8
2024-06-16	virtualflybrain.org - GA4	v2test1.virtualflybrain.org	user_engagement	1	1
2024-06-16	virtualflybrain.org - GA4	vfbblog.inf.ed.ac.uk	user_engagement	1	1
2024-06-16	virtualflybrain.org - GA4	virtualflybrain.org	first_visit	1	1
2024-06-16	virtualflybrain.org - GA4	virtualflybrain.org	page_view	7	3
2024-06-16	virtualflybrain.org - GA4	virtualflybrain.org	session_start	1	1
2024-06-16	virtualflybrain.org - GA4	virtualflybrain.org	user_engagement	4	3
2024-06-16	virtualflybrain.org - GA4	vnc.catmaid.virtualflybrain.org	user_engagement	1	1
2024-06-16	virtualflybrain.org - GA4	webtop.virtualflybrain.org	user_engagement	1	1
2024-06-16	virtualflybrain.org - GA4	www.virtualflybrain.org	first_visit	11	11
2024-06-16	virtualflybrain.org - GA4	www.virtualflybrain.org	page_view	45	18
2024-06-16	virtualflybrain.org - GA4	www.virtualflybrain.org	session_start	18	17
2024-06-16	virtualflybrain.org - GA4	www.virtualflybrain.org	user_engagement	41	12
2024-06-17	virtualflybrain.org - GA4		page_view	1054	34
2024-06-17	virtualflybrain.org - GA4	129.215.197.110	first_visit	1	1
2024-06-17	virtualflybrain.org - GA4	129.215.197.110	page_view	1	1
2024-06-17	virtualflybrain.org - GA4	129.215.197.110	session_start	1	1
2024-06-17	virtualflybrain.org - GA4	129.215.197.110	user_engagement	1	1
2024-06-17	virtualflybrain.org - GA4	129.215.197.144	first_visit	1	1
2024-06-17	virtualflybrain.org - GA4	129.215.197.144	page_view	1	1
2024-06-17	virtualflybrain.org - GA4	129.215.197.144	session_start	1	1
2024-06-17	virtualflybrain.org - GA4	129.215.197.144	user_engagement	1	1
2024-06-17	virtualflybrain.org - GA4	981gwa2l.virtualflybrain.org	user_engagement	1	1
2024-06-17	virtualflybrain.org - GA4	blog.virtualflybrain.org	user_engagement	1	1
2024-06-17	virtualflybrain.org - GA4	bocian-jenkins.virtualflybrain.org	first_visit	1	1
2024-06-17	virtualflybrain.org - GA4	bocian-jenkins.virtualflybrain.org	page_view	1	1
2024-06-17	virtualflybrain.org - GA4	bocian-jenkins.virtualflybrain.org	session_start	1	1
2024-06-17	virtualflybrain.org - GA4	flybrain.mrc-lmb.cam.ac.uk	page_view	1	1
2024-06-17	virtualflybrain.org - GA4	raw.larval.flylight.virtualflybrain.org	page_view	2	1
2024-06-17	virtualflybrain.org - GA4	raw.larval.flylight.virtualflybrain.org	session_start	1	1
2024-06-17	virtualflybrain.org - GA4	v2.virtualflybrain.org	cancelled	2	2
2024-06-17	virtualflybrain.org - GA4	v2.virtualflybrain.org	disconnected	37	16
2024-06-17	virtualflybrain.org - GA4	v2.virtualflybrain.org	errorlog	9	2
2024-06-17	virtualflybrain.org - GA4	v2.virtualflybrain.org	first_visit	10	10
2024-06-17	virtualflybrain.org - GA4	v2.virtualflybrain.org	opening	2	1
2024-06-17	virtualflybrain.org - GA4	v2.virtualflybrain.org	page_view	177	42
2024-06-17	virtualflybrain.org - GA4	v2.virtualflybrain.org	reconnect-attempt:0	33	16
2024-06-17	virtualflybrain.org - GA4	v2.virtualflybrain.org	reconnect-failed-reloading	2	1
2024-06-17	virtualflybrain.org - GA4	v2.virtualflybrain.org	request	369	36
2024-06-17	virtualflybrain.org - GA4	v2.virtualflybrain.org	session_start	137	33
2024-06-17	virtualflybrain.org - GA4	v2.virtualflybrain.org	user_engagement	28	18
2024-06-17	virtualflybrain.org - GA4	virtualflybrain.org	first_visit	2	2
2024-06-17	virtualflybrain.org - GA4	virtualflybrain.org	page_view	4	4
2024-06-17	virtualflybrain.org - GA4	virtualflybrain.org	session_start	3	3
2024-06-17	virtualflybrain.org - GA4	virtualflybrain.org	user_engagement	3	3
2024-06-17	virtualflybrain.org - GA4	www.virtualflybrain.org	first_visit	28	28
2024-06-17	virtualflybrain.org - GA4	www.virtualflybrain.org	page_view	89	38
2024-06-17	virtualflybrain.org - GA4	www.virtualflybrain.org	session_start	45	38
2024-06-17	virtualflybrain.org - GA4	www.virtualflybrain.org	user_engagement	74	26
2024-06-18	virtualflybrain.org - GA4		page_view	1746	33
2024-06-18	virtualflybrain.org - GA4	12877200-fe3e-43bd-bf43-557c75765038.virtualflybrain.org	user_engagement	1	1
2024-06-18	virtualflybrain.org - GA4	129.215.197.120	user_engagement	1	1
2024-06-18	virtualflybrain.org - GA4	511e8a24-c663-48f5-9858-cee6c49e3718.virtualflybrain.org	user_engagement	1	1
2024-06-18	virtualflybrain.org - GA4	6ca6ec05-0e7c-414b-ab69-6aba90258b6b.virtualflybrain.org	user_engagement	1	1
2024-06-18	virtualflybrain.org - GA4	76e1bce3-27a5-406f-81cd-32f1152396af.virtualflybrain.org	user_engagement	1	1
2024-06-18	virtualflybrain.org - GA4	a.bb.ccc.dddd.nblast.virtualflybrain.org	user_engagement	1	1
2024-06-18	virtualflybrain.org - GA4	admin.virtualflybrain.org	user_engagement	1	1
2024-06-18	virtualflybrain.org - GA4	blanik-jenkins.virtualflybrain.org	user_engagement	1	1
2024-06-18	virtualflybrain.org - GA4	blog.virtualflybrain.org	user_engagement	3	3
2024-06-18	virtualflybrain.org - GA4	bocian-jenkins.virtualflybrain.org	first_visit	1	1
2024-06-18	virtualflybrain.org - GA4	bocian-jenkins.virtualflybrain.org	page_view	1	1
2024-06-18	virtualflybrain.org - GA4	bocian-jenkins.virtualflybrain.org	session_start	1	1
2024-06-18	virtualflybrain.org - GA4	debug.virtualflybrain.org	user_engagement	1	1
2024-06-18	virtualflybrain.org - GA4	dev.virtualflybrain.org	user_engagement	1	1
2024-06-18	virtualflybrain.org - GA4	flybrain.mrc-lmb.cam.ac.uk	page_view	3	3
2024-06-18	virtualflybrain.org - GA4	geppetto-dev1.virtualflybrain.org	user_engagement	1	1
2024-06-18	virtualflybrain.org - GA4	geppetto.virtualflybrain.org	user_engagement	1	1
2024-06-18	virtualflybrain.org - GA4	grafana.virtualflybrain.org	user_engagement	1	1
2024-06-18	virtualflybrain.org - GA4	herd.virtualflybrain.org	user_engagement	1	1
2024-06-18	virtualflybrain.org - GA4	hugo.virtualflybrain.org	first_visit	1	1
2024-06-18	virtualflybrain.org - GA4	hugo.virtualflybrain.org	page_view	1	1
2024-06-18	virtualflybrain.org - GA4	hugo.virtualflybrain.org	session_start	1	1
2024-06-18	virtualflybrain.org - GA4	ids.virtualflybrain.org	user_engagement	1	1
2024-06-18	virtualflybrain.org - GA4	jitsi.virtualflybrain.org	user_engagement	1	1
2024-06-18	virtualflybrain.org - GA4	karenin-jenkins.virtualflybrain.org	user_engagement	1	1
2024-06-18	virtualflybrain.org - GA4	l3vnc.catmaid.virtualflybrain.org	page_view	1	1
2024-06-18	virtualflybrain.org - GA4	larval.virtualflybrain.org	user_engagement	1	1
2024-06-18	virtualflybrain.org - GA4	meet.virtualflybrain.org	first_visit	1	1
2024-06-18	virtualflybrain.org - GA4	meet.virtualflybrain.org	page_view	1	1
2024-06-18	virtualflybrain.org - GA4	meet.virtualflybrain.org	session_start	1	1
2024-06-18	virtualflybrain.org - GA4	mysql.virtualflybrain.org	user_engagement	1	1
2024-06-18	virtualflybrain.org - GA4	natverse3.virtualflybrain.org	user_engagement	1	1
2024-06-18	virtualflybrain.org - GA4	natverse4.virtualflybrain.org	user_engagement	1	1
2024-06-18	virtualflybrain.org - GA4	natverse5.virtualflybrain.org	user_engagement	1	1
2024-06-18	virtualflybrain.org - GA4	sb1.virtualflybrain.org	user_engagement	1	1
2024-06-18	virtualflybrain.org - GA4	sb2.virtualflybrain.orgherd.virtualflybrain.org	user_engagement	1	1
2024-06-18	virtualflybrain.org - GA4	smtp.virtualflybrain.org	user_engagement	1	1
2024-06-18	virtualflybrain.org - GA4	solr.p2.virtualflybrain.org	user_engagement	1	1
2024-06-18	virtualflybrain.org - GA4	solr.virtualflybrain.org	user_engagement	1	1
2024-06-18	virtualflybrain.org - GA4	ubuntu.virtualflybrain.org	user_engagement	1	1
2024-06-18	virtualflybrain.org - GA4	v1.virtualflybrain.org	user_engagement	1	1
2024-06-18	virtualflybrain.org - GA4	v2.virtualflybrain.org	cancelled	11	2
2024-06-18	virtualflybrain.org - GA4	v2.virtualflybrain.org	disconnected	69	16
2024-06-18	virtualflybrain.org - GA4	v2.virtualflybrain.org	errorlog	463	4
2024-06-18	virtualflybrain.org - GA4	v2.virtualflybrain.org	first_visit	5	5
2024-06-18	virtualflybrain.org - GA4	v2.virtualflybrain.org	opening	17	5
2024-06-18	virtualflybrain.org - GA4	v2.virtualflybrain.org	page_view	198	38
2024-06-18	virtualflybrain.org - GA4	v2.virtualflybrain.org	reconnect-attempt:0	63	16
2024-06-18	virtualflybrain.org - GA4	v2.virtualflybrain.org	reconnect-failed-reloading	4	2
2024-06-18	virtualflybrain.org - GA4	v2.virtualflybrain.org	request	602	36
2024-06-18	virtualflybrain.org - GA4	v2.virtualflybrain.org	session_start	107	32
2024-06-18	virtualflybrain.org - GA4	v2.virtualflybrain.org	user_engagement	46	22
2024-06-18	virtualflybrain.org - GA4	v2test1.virtualflybrain.org	user_engagement	1	1
2024-06-18	virtualflybrain.org - GA4	vfbblog.inf.ed.ac.uk	user_engagement	1	1
2024-06-18	virtualflybrain.org - GA4	virtualflybrain.org	page_view	21	2
2024-06-18	virtualflybrain.org - GA4	virtualflybrain.org	session_start	2	2
2024-06-18	virtualflybrain.org - GA4	virtualflybrain.org	user_engagement	27	2
2024-06-18	virtualflybrain.org - GA4	webmail.virtualflybrain.org	user_engagement	1	1
2024-06-18	virtualflybrain.org - GA4	www.virtualflybrain.org	first_visit	22	22
2024-06-18	virtualflybrain.org - GA4	www.virtualflybrain.org	page_view	91	31
2024-06-18	virtualflybrain.org - GA4	www.virtualflybrain.org	session_start	35	32
2024-06-18	virtualflybrain.org - GA4	www.virtualflybrain.org	user_engagement	84	28
2024-06-19	virtualflybrain.org - GA4		page_view	1644	33
2024-06-19	virtualflybrain.org - GA4	129.215.197.110	user_engagement	1	1
2024-06-19	virtualflybrain.org - GA4	129.215.197.143	user_engagement	1	1
2024-06-19	virtualflybrain.org - GA4	981gwa2l.virtualflybrain.org	user_engagement	1	1
2024-06-19	virtualflybrain.org - GA4	bocian-jenkins.virtualflybrain.org	user_engagement	1	1
2024-06-19	virtualflybrain.org - GA4	debug.virtualflybrain.org	user_engagement	1	1
2024-06-19	virtualflybrain.org - GA4	dill.inf.ed.ac.uk	user_engagement	1	1
2024-06-19	virtualflybrain.org - GA4	i3vnc.catmaid.virtualflybrain.org	user_engagement	1	1
2024-06-19	virtualflybrain.org - GA4	karenin-jenkins.virtualflybrain.org	user_engagement	1	1
2024-06-19	virtualflybrain.org - GA4	meet.virtualflybrain.org	first_visit	1	1
2024-06-19	virtualflybrain.org - GA4	meet.virtualflybrain.org	page_view	1	1
2024-06-19	virtualflybrain.org - GA4	meet.virtualflybrain.org	session_start	1	1
2024-06-19	virtualflybrain.org - GA4	monitor.virtualflybrain.org	user_engagement	1	1
2024-06-19	virtualflybrain.org - GA4	owl-dev.virtualflybrain.org	user_engagement	1	1
2024-06-19	virtualflybrain.org - GA4	raw.larval.flylight.virtualflybrain.org	first_visit	4	4
2024-06-19	virtualflybrain.org - GA4	raw.larval.flylight.virtualflybrain.org	page_view	6	5
2024-06-19	virtualflybrain.org - GA4	raw.larval.flylight.virtualflybrain.org	session_start	5	5
2024-06-19	virtualflybrain.org - GA4	v2-dev.virtualflybrain.org	user_engagement	1	1
2024-06-19	virtualflybrain.org - GA4	v2.virtualflybrain.org	disconnected	66	19
2024-06-19	virtualflybrain.org - GA4	v2.virtualflybrain.org	errorlog	72	3
2024-06-19	virtualflybrain.org - GA4	v2.virtualflybrain.org	first_visit	9	9
2024-06-19	virtualflybrain.org - GA4	v2.virtualflybrain.org	opening	1	1
2024-06-19	virtualflybrain.org - GA4	v2.virtualflybrain.org	page_view	186	37
2024-06-19	virtualflybrain.org - GA4	v2.virtualflybrain.org	reconnect-attempt:0	65	19
2024-06-19	virtualflybrain.org - GA4	v2.virtualflybrain.org	reconnect-failed-reloading	1	1
2024-06-19	virtualflybrain.org - GA4	v2.virtualflybrain.org	request	439	32
2024-06-19	virtualflybrain.org - GA4	v2.virtualflybrain.org	session_start	113	31
2024-06-19	virtualflybrain.org - GA4	v2.virtualflybrain.org	user_engagement	39	20
2024-06-19	virtualflybrain.org - GA4	v2a.virtualflybrain.org	page_view	1	1
2024-06-19	virtualflybrain.org - GA4	v2a.virtualflybrain.org	request	1	1
2024-06-19	virtualflybrain.org - GA4	v2a.virtualflybrain.org	user_engagement	1	1
2024-06-19	virtualflybrain.org - GA4	virtualflybrain.org	page_view	2	1
2024-06-19	virtualflybrain.org - GA4	virtualflybrain.org	session_start	2	1
2024-06-19	virtualflybrain.org - GA4	virtualflybrain.org	user_engagement	2	1
2024-06-19	virtualflybrain.org - GA4	www.virtualflybrain.org	first_visit	25	25
2024-06-19	virtualflybrain.org - GA4	www.virtualflybrain.org	page_view	44	32
2024-06-19	virtualflybrain.org - GA4	www.virtualflybrain.org	session_start	35	32
2024-06-19	virtualflybrain.org - GA4	www.virtualflybrain.org	user_engagement	35	26
2024-06-20	virtualflybrain.org - GA4		page_view	1410	38
2024-06-20	virtualflybrain.org - GA4	129.215.197.120	first_visit	1	1
2024-06-20	virtualflybrain.org - GA4	129.215.197.120	page_view	1	1
2024-06-20	virtualflybrain.org - GA4	129.215.197.120	session_start	1	1
2024-06-20	virtualflybrain.org - GA4	bocian-jenkins.virtualflybrain.org	first_visit	1	1
2024-06-20	virtualflybrain.org - GA4	bocian-jenkins.virtualflybrain.org	page_view	1	1
2024-06-20	virtualflybrain.org - GA4	bocian-jenkins.virtualflybrain.org	session_start	1	1
2024-06-20	virtualflybrain.org - GA4	l1em.catmaid.virtualflybrain.org	page_view	1	1
2024-06-20	virtualflybrain.org - GA4	meet.virtualflybrain.org	first_visit	1	1
2024-06-20	virtualflybrain.org - GA4	meet.virtualflybrain.org	page_view	1	1
2024-06-20	virtualflybrain.org - GA4	meet.virtualflybrain.org	session_start	1	1
2024-06-20	virtualflybrain.org - GA4	v2-dev.virtualflybrain.org	errorlog	3	1
2024-06-20	virtualflybrain.org - GA4	v2-dev.virtualflybrain.org	page_view	2	1
2024-06-20	virtualflybrain.org - GA4	v2-dev.virtualflybrain.org	request	3	1
2024-06-20	virtualflybrain.org - GA4	v2-dev.virtualflybrain.org	session_start	1	1
2024-06-20	virtualflybrain.org - GA4	v2-dev.virtualflybrain.org	user_engagement	1	1
2024-06-20	virtualflybrain.org - GA4	v2.virtualflybrain.org	cancelled	5	3
2024-06-20	virtualflybrain.org - GA4	v2.virtualflybrain.org	disconnected	75	26
2024-06-20	virtualflybrain.org - GA4	v2.virtualflybrain.org	errorlog	48	5
2024-06-20	virtualflybrain.org - GA4	v2.virtualflybrain.org	first_visit	3	3
2024-06-20	virtualflybrain.org - GA4	v2.virtualflybrain.org	opening	3	2
2024-06-20	virtualflybrain.org - GA4	v2.virtualflybrain.org	page_view	195	43
2024-06-20	virtualflybrain.org - GA4	v2.virtualflybrain.org	reconnect-attempt:0	67	25
2024-06-20	virtualflybrain.org - GA4	v2.virtualflybrain.org	reconnect-attempt:1	2	2
2024-06-20	virtualflybrain.org - GA4	v2.virtualflybrain.org	reconnect-failed-reloading	4	1
2024-06-20	virtualflybrain.org - GA4	v2.virtualflybrain.org	request	471	39
2024-06-20	virtualflybrain.org - GA4	v2.virtualflybrain.org	session_start	81	26
2024-06-20	virtualflybrain.org - GA4	v2.virtualflybrain.org	user_engagement	40	20
2024-06-20	virtualflybrain.org - GA4	virtualflybrain.org	first_visit	2	2
2024-06-20	virtualflybrain.org - GA4	virtualflybrain.org	page_view	5	3
2024-06-20	virtualflybrain.org - GA4	virtualflybrain.org	session_start	3	3
2024-06-20	virtualflybrain.org - GA4	virtualflybrain.org	user_engagement	6	3
2024-06-20	virtualflybrain.org - GA4	www.virtualflybrain.org	first_visit	39	39
2024-06-20	virtualflybrain.org - GA4	www.virtualflybrain.org	page_view	145	48
2024-06-20	virtualflybrain.org - GA4	www.virtualflybrain.org	session_start	54	48
2024-06-20	virtualflybrain.org - GA4	www.virtualflybrain.org	user_engagement	132	40
2024-06-21	virtualflybrain.org - GA4		page_view	1141	24
2024-06-21	virtualflybrain.org - GA4	129.215.197.101	first_visit	1	1
2024-06-21	virtualflybrain.org - GA4	129.215.197.101	page_view	1	1
2024-06-21	virtualflybrain.org - GA4	129.215.197.101	session_start	1	1
2024-06-21	virtualflybrain.org - GA4	129.215.197.120	first_visit	1	1
2024-06-21	virtualflybrain.org - GA4	129.215.197.120	page_view	1	1
2024-06-21	virtualflybrain.org - GA4	129.215.197.120	session_start	1	1
2024-06-21	virtualflybrain.org - GA4	flybrain.mrc-lmb.cam.ac.uk	page_view	1	1
2024-06-21	virtualflybrain.org - GA4	github.com	page_view	1	1
2024-06-21	virtualflybrain.org - GA4	groups.google.com	page_view	1	1
2024-06-21	virtualflybrain.org - GA4	l1em.catmaid.virtualflybrain.org	page_view	2	1
2024-06-21	virtualflybrain.org - GA4	raw.larval.flylight.virtualflybrain.org	first_visit	2	2
2024-06-21	virtualflybrain.org - GA4	raw.larval.flylight.virtualflybrain.org	page_view	4	3
2024-06-21	virtualflybrain.org - GA4	raw.larval.flylight.virtualflybrain.org	session_start	3	3
2024-06-21	virtualflybrain.org - GA4	solr.p2.virtualflybrain.org	first_visit	1	1
2024-06-21	virtualflybrain.org - GA4	solr.p2.virtualflybrain.org	page_view	1	1
2024-06-21	virtualflybrain.org - GA4	solr.p2.virtualflybrain.org	session_start	1	1
2024-06-21	virtualflybrain.org - GA4	v2-dev.virtualflybrain.org	page_view	7	1
2024-06-21	virtualflybrain.org - GA4	v2-dev.virtualflybrain.org	request	5	1
2024-06-21	virtualflybrain.org - GA4	v2-dev.virtualflybrain.org	session_start	1	1
2024-06-21	virtualflybrain.org - GA4	v2-dev.virtualflybrain.org	user_engagement	5	1
2024-06-21	virtualflybrain.org - GA4	v2.virtualflybrain.org	cancelled	4	2
2024-06-21	virtualflybrain.org - GA4	v2.virtualflybrain.org	disconnected	41	12
2024-06-21	virtualflybrain.org - GA4	v2.virtualflybrain.org	errorlog	25	2
2024-06-21	virtualflybrain.org - GA4	v2.virtualflybrain.org	first_visit	4	4
2024-06-21	virtualflybrain.org - GA4	v2.virtualflybrain.org	opening	6	3
2024-06-21	virtualflybrain.org - GA4	v2.virtualflybrain.org	page_view	112	30
2024-06-21	virtualflybrain.org - GA4	v2.virtualflybrain.org	reconnect-attempt:0	41	12
2024-06-21	virtualflybrain.org - GA4	v2.virtualflybrain.org	request	392	27
2024-06-21	virtualflybrain.org - GA4	v2.virtualflybrain.org	session_start	64	22
2024-06-21	virtualflybrain.org - GA4	v2.virtualflybrain.org	user_engagement	38	18
2024-06-21	virtualflybrain.org - GA4	virtualflybrain.org	first_visit	5	5
2024-06-21	virtualflybrain.org - GA4	virtualflybrain.org	page_view	12	8
2024-06-21	virtualflybrain.org - GA4	virtualflybrain.org	session_start	7	7
2024-06-21	virtualflybrain.org - GA4	virtualflybrain.org	user_engagement	9	4
2024-06-21	virtualflybrain.org - GA4	webmail.virtualflybrain.org	user_engagement	1	1
2024-06-21	virtualflybrain.org - GA4	www.virtualflybrain.org	first_visit	22	22
2024-06-21	virtualflybrain.org - GA4	www.virtualflybrain.org	page_view	81	32
2024-06-21	virtualflybrain.org - GA4	www.virtualflybrain.org	session_start	39	33
2024-06-21	virtualflybrain.org - GA4	www.virtualflybrain.org	user_engagement	78	26
2024-06-22	virtualflybrain.org - GA4		page_view	404	17
2024-06-22	virtualflybrain.org - GA4	129.215.197.101	first_visit	2	2
2024-06-22	virtualflybrain.org - GA4	129.215.197.101	page_view	2	2
2024-06-22	virtualflybrain.org - GA4	129.215.197.101	session_start	2	2
2024-06-22	virtualflybrain.org - GA4	129.215.197.143	first_visit	1	1
2024-06-22	virtualflybrain.org - GA4	129.215.197.143	page_view	1	1
2024-06-22	virtualflybrain.org - GA4	129.215.197.143	session_start	1	1
2024-06-22	virtualflybrain.org - GA4	129.215.197.147	first_visit	1	1
2024-06-22	virtualflybrain.org - GA4	129.215.197.147	page_view	1	1
2024-06-22	virtualflybrain.org - GA4	129.215.197.147	session_start	1	1
2024-06-22	virtualflybrain.org - GA4	bocian-jenkins.virtualflybrain.org	first_visit	1	1
2024-06-22	virtualflybrain.org - GA4	bocian-jenkins.virtualflybrain.org	page_view	1	1
2024-06-22	virtualflybrain.org - GA4	bocian-jenkins.virtualflybrain.org	session_start	1	1
2024-06-22	virtualflybrain.org - GA4	larval.virtualflybrain.org	user_engagement	1	1
2024-06-22	virtualflybrain.org - GA4	meet.virtualflybrain.org	first_visit	1	1
2024-06-22	virtualflybrain.org - GA4	meet.virtualflybrain.org	page_view	1	1
2024-06-22	virtualflybrain.org - GA4	meet.virtualflybrain.org	session_start	1	1
2024-06-22	virtualflybrain.org - GA4	raw.larval.flylight.virtualflybrain.org	first_visit	2	2
2024-06-22	virtualflybrain.org - GA4	raw.larval.flylight.virtualflybrain.org	page_view	2	2
2024-06-22	virtualflybrain.org - GA4	raw.larval.flylight.virtualflybrain.org	session_start	2	2
2024-06-22	virtualflybrain.org - GA4	v1.virtualflybrain.org	user_engagement	1	1
2024-06-22	virtualflybrain.org - GA4	v2.virtualflybrain.org	cancelled	4	1
2024-06-22	virtualflybrain.org - GA4	v2.virtualflybrain.org	disconnected	22	6
2024-06-22	virtualflybrain.org - GA4	v2.virtualflybrain.org	errorlog	5	1
2024-06-22	virtualflybrain.org - GA4	v2.virtualflybrain.org	first_visit	1	1
2024-06-22	virtualflybrain.org - GA4	v2.virtualflybrain.org	page_view	58	18
2024-06-22	virtualflybrain.org - GA4	v2.virtualflybrain.org	reconnect-attempt:0	23	7
2024-06-22	virtualflybrain.org - GA4	v2.virtualflybrain.org	request	145	17
2024-06-22	virtualflybrain.org - GA4	v2.virtualflybrain.org	session_start	49	13
2024-06-22	virtualflybrain.org - GA4	v2.virtualflybrain.org	user_engagement	12	11
2024-06-22	virtualflybrain.org - GA4	virtualflybrain.org	first_visit	1	1
2024-06-22	virtualflybrain.org - GA4	virtualflybrain.org	page_view	1	1
2024-06-22	virtualflybrain.org - GA4	virtualflybrain.org	session_start	1	1
2024-06-22	virtualflybrain.org - GA4	www.virtualflybrain.org	first_visit	17	17
2024-06-22	virtualflybrain.org - GA4	www.virtualflybrain.org	page_view	27	19
2024-06-22	virtualflybrain.org - GA4	www.virtualflybrain.org	session_start	18	18
2024-06-22	virtualflybrain.org - GA4	www.virtualflybrain.org	user_engagement	25	17
2024-06-23	virtualflybrain.org - GA4		page_view	428	19
2024-06-23	virtualflybrain.org - GA4	bocian-jenkins.virtualflybrain.org	first_visit	1	1
2024-06-23	virtualflybrain.org - GA4	bocian-jenkins.virtualflybrain.org	page_view	1	1
2024-06-23	virtualflybrain.org - GA4	bocian-jenkins.virtualflybrain.org	session_start	1	1
2024-06-23	virtualflybrain.org - GA4	geppetto-dev1.virtualflybrain.org	user_engagement	1	1
2024-06-23	virtualflybrain.org - GA4	meet.virtualflybrain.org	first_visit	1	1
2024-06-23	virtualflybrain.org - GA4	meet.virtualflybrain.org	page_view	1	1
2024-06-23	virtualflybrain.org - GA4	meet.virtualflybrain.org	session_start	1	1
2024-06-23	virtualflybrain.org - GA4	mx.virtualflybrain.org	user_engagement	1	1
2024-06-23	virtualflybrain.org - GA4	owl.virtualflybrain.org	user_engagement	1	1
2024-06-23	virtualflybrain.org - GA4	smtp.virtualflybrain.org	user_engagement	1	1
2024-06-23	virtualflybrain.org - GA4	solr.p2.virtualflybrain.org	user_engagement	1	1
2024-06-23	virtualflybrain.org - GA4	v2-dev.virtualflybrain.org	user_engagement	1	1
2024-06-23	virtualflybrain.org - GA4	v2.virtualflybrain.org	cancelled	3	1
2024-06-23	virtualflybrain.org - GA4	v2.virtualflybrain.org	disconnected	46	11
2024-06-23	virtualflybrain.org - GA4	v2.virtualflybrain.org	errorlog	3	2
2024-06-23	virtualflybrain.org - GA4	v2.virtualflybrain.org	first_visit	5	5
2024-06-23	virtualflybrain.org - GA4	v2.virtualflybrain.org	page_view	80	21
2024-06-23	virtualflybrain.org - GA4	v2.virtualflybrain.org	reconnect-attempt:0	42	11
2024-06-23	virtualflybrain.org - GA4	v2.virtualflybrain.org	request	146	18
2024-06-23	virtualflybrain.org - GA4	v2.virtualflybrain.org	session_start	57	18
2024-06-23	virtualflybrain.org - GA4	v2.virtualflybrain.org	user_engagement	14	10
2024-06-23	virtualflybrain.org - GA4	v2a.virtualflybrain.org	page_view	1	1
2024-06-23	virtualflybrain.org - GA4	v2a.virtualflybrain.org	request	1	1
2024-06-23	virtualflybrain.org - GA4	virtualflybrain.org	first_visit	1	1
2024-06-23	virtualflybrain.org - GA4	virtualflybrain.org	page_view	1	1
2024-06-23	virtualflybrain.org - GA4	virtualflybrain.org	session_start	1	1
2024-06-23	virtualflybrain.org - GA4	virtualflybrain.org	user_engagement	2	1
2024-06-23	virtualflybrain.org - GA4	webtop.virtualflybrain.org	user_engagement	1	1
2024-06-23	virtualflybrain.org - GA4	www.virtualflybrain.org	first_visit	13	13
2024-06-23	virtualflybrain.org - GA4	www.virtualflybrain.org	page_view	29	19
2024-06-23	virtualflybrain.org - GA4	www.virtualflybrain.org	session_start	21	19
2024-06-23	virtualflybrain.org - GA4	www.virtualflybrain.org	user_engagement	19	13
2024-06-24	virtualflybrain.org - GA4		page_view	872	26
2024-06-24	virtualflybrain.org - GA4	123456789abcdefghijklmnopq.v2.virtualflybrain.org	user_engagement	1	1
2024-06-24	virtualflybrain.org - GA4	12877200-fe3e-43bd-bf43-557c75765038.virtualflybrain.org	user_engagement	1	1
2024-06-24	virtualflybrain.org - GA4	981gwa2l.virtualflybrain.org	first_visit	1	1
2024-06-24	virtualflybrain.org - GA4	981gwa2l.virtualflybrain.org	page_view	1	1
2024-06-24	virtualflybrain.org - GA4	981gwa2l.virtualflybrain.org	session_start	1	1
2024-06-24	virtualflybrain.org - GA4	981gwa2l.virtualflybrain.org	user_engagement	1	1
2024-06-24	virtualflybrain.org - GA4	api.virtualflybrain.org	first_visit	1	1
2024-06-24	virtualflybrain.org - GA4	api.virtualflybrain.org	page_view	1	1
2024-06-24	virtualflybrain.org - GA4	api.virtualflybrain.org	session_start	1	1
2024-06-24	virtualflybrain.org - GA4	blanik-jenkins.virtualflybrain.org	first_visit	1	1
2024-06-24	virtualflybrain.org - GA4	blanik-jenkins.virtualflybrain.org	page_view	1	1
2024-06-24	virtualflybrain.org - GA4	blanik-jenkins.virtualflybrain.org	session_start	1	1
2024-06-24	virtualflybrain.org - GA4	blanik-jenkins.virtualflybrain.org	user_engagement	1	1
2024-06-24	virtualflybrain.org - GA4	blog.virtualflybrain.org	first_visit	1	1
2024-06-24	virtualflybrain.org - GA4	blog.virtualflybrain.org	page_view	1	1
2024-06-24	virtualflybrain.org - GA4	blog.virtualflybrain.org	session_start	1	1
2024-06-24	virtualflybrain.org - GA4	bocian-jenkins.virtualflybrain.org	first_visit	1	1
2024-06-24	virtualflybrain.org - GA4	bocian-jenkins.virtualflybrain.org	page_view	1	1
2024-06-24	virtualflybrain.org - GA4	bocian-jenkins.virtualflybrain.org	session_start	1	1
2024-06-24	virtualflybrain.org - GA4	bocian-jenkins.virtualflybrain.org	user_engagement	1	1
2024-06-24	virtualflybrain.org - GA4	build.virtualflybrain.org	user_engagement	1	1
2024-06-24	virtualflybrain.org - GA4	catmaid-fafb.virtualflybrain.org	first_visit	1	1
2024-06-24	virtualflybrain.org - GA4	catmaid-fafb.virtualflybrain.org	page_view	1	1
2024-06-24	virtualflybrain.org - GA4	catmaid-fafb.virtualflybrain.org	session_start	1	1
2024-06-24	virtualflybrain.org - GA4	catmaid-fafb.virtualflybrain.org	user_engagement	1	1
2024-06-24	virtualflybrain.org - GA4	debug.virtualflybrain.org	first_visit	1	1
2024-06-24	virtualflybrain.org - GA4	debug.virtualflybrain.org	page_view	1	1
2024-06-24	virtualflybrain.org - GA4	debug.virtualflybrain.org	session_start	1	1
2024-06-24	virtualflybrain.org - GA4	debug.virtualflybrain.org	user_engagement	1	1
2024-06-24	virtualflybrain.org - GA4	geppetto-dev.virtualflybrain.org	first_visit	1	1
2024-06-24	virtualflybrain.org - GA4	geppetto-dev.virtualflybrain.org	page_view	1	1
2024-06-24	virtualflybrain.org - GA4	geppetto-dev.virtualflybrain.org	session_start	1	1
2024-06-24	virtualflybrain.org - GA4	grafana.virtualflybrain.org	first_visit	1	1
2024-06-24	virtualflybrain.org - GA4	grafana.virtualflybrain.org	page_view	1	1
2024-06-24	virtualflybrain.org - GA4	grafana.virtualflybrain.org	session_start	1	1
2024-06-24	virtualflybrain.org - GA4	herd.virtualflybrain.org	first_visit	1	1
2024-06-24	virtualflybrain.org - GA4	herd.virtualflybrain.org	page_view	1	1
2024-06-24	virtualflybrain.org - GA4	herd.virtualflybrain.org	session_start	1	1
2024-06-24	virtualflybrain.org - GA4	ids.virtualflybrain.org	first_visit	1	1
2024-06-24	virtualflybrain.org - GA4	ids.virtualflybrain.org	page_view	1	1
2024-06-24	virtualflybrain.org - GA4	ids.virtualflybrain.org	session_start	1	1
2024-06-24	virtualflybrain.org - GA4	ids.virtualflybrain.org	user_engagement	1	1
2024-06-24	virtualflybrain.org - GA4	jenkins.virtualflybrain.org	first_visit	1	1
2024-06-24	virtualflybrain.org - GA4	jenkins.virtualflybrain.org	page_view	1	1
2024-06-24	virtualflybrain.org - GA4	jenkins.virtualflybrain.org	session_start	1	1
2024-06-24	virtualflybrain.org - GA4	jitsi.virtualflybrain.org	user_engagement	1	1
2024-06-24	virtualflybrain.org - GA4	jupyter.virtualflybrain.org	first_visit	1	1
2024-06-24	virtualflybrain.org - GA4	jupyter.virtualflybrain.org	page_view	1	1
2024-06-24	virtualflybrain.org - GA4	jupyter.virtualflybrain.org	session_start	1	1
2024-06-24	virtualflybrain.org - GA4	karenin-jenkins.virtualflybrain.org	first_visit	1	1
2024-06-24	virtualflybrain.org - GA4	karenin-jenkins.virtualflybrain.org	page_view	1	1
2024-06-24	virtualflybrain.org - GA4	karenin-jenkins.virtualflybrain.org	session_start	1	1
2024-06-24	virtualflybrain.org - GA4	karenin-jenkins.virtualflybrain.org	user_engagement	1	1
2024-06-24	virtualflybrain.org - GA4	kbw.virtualflybrain.org	user_engagement	1	1
2024-06-24	virtualflybrain.org - GA4	larval.virtualflybrain.org	first_visit	1	1
2024-06-24	virtualflybrain.org - GA4	larval.virtualflybrain.org	page_view	1	1
2024-06-24	virtualflybrain.org - GA4	larval.virtualflybrain.org	session_start	1	1
2024-06-24	virtualflybrain.org - GA4	larval.virtualflybrain.org	user_engagement	1	1
2024-06-24	virtualflybrain.org - GA4	mail.virtualflybrain.org	user_engagement	1	1
2024-06-24	virtualflybrain.org - GA4	meet.virtualflybrain.org	user_engagement	1	1
2024-06-24	virtualflybrain.org - GA4	monitor.virtualflybrain.org	user_engagement	1	1
2024-06-24	virtualflybrain.org - GA4	mysql.virtualflybrain.org	first_visit	1	1
2024-06-24	virtualflybrain.org - GA4	mysql.virtualflybrain.org	page_view	1	1
2024-06-24	virtualflybrain.org - GA4	mysql.virtualflybrain.org	session_start	1	1
2024-06-24	virtualflybrain.org - GA4	mysql.virtualflybrain.org	user_engagement	1	1
2024-06-24	virtualflybrain.org - GA4	natverse.virtualflybrain.org	first_visit	1	1
2024-06-24	virtualflybrain.org - GA4	natverse.virtualflybrain.org	page_view	1	1
2024-06-24	virtualflybrain.org - GA4	natverse.virtualflybrain.org	session_start	1	1
2024-06-24	virtualflybrain.org - GA4	natverse.virtualflybrain.org	user_engagement	1	1
2024-06-24	virtualflybrain.org - GA4	natverse2.virtualflybrain.org	user_engagement	1	1
2024-06-24	virtualflybrain.org - GA4	natverse3.virtualflybrain.org	first_visit	1	1
2024-06-24	virtualflybrain.org - GA4	natverse3.virtualflybrain.org	page_view	1	1
2024-06-24	virtualflybrain.org - GA4	natverse3.virtualflybrain.org	session_start	1	1
2024-06-24	virtualflybrain.org - GA4	natverse3.virtualflybrain.org	user_engagement	1	1
2024-06-24	virtualflybrain.org - GA4	nblast.virtualflybrain.org	user_engagement	1	1
2024-06-24	virtualflybrain.org - GA4	owl.virtualflybrain.org	first_visit	1	1
2024-06-24	virtualflybrain.org - GA4	owl.virtualflybrain.org	page_view	1	1
2024-06-24	virtualflybrain.org - GA4	owl.virtualflybrain.org	session_start	1	1
2024-06-24	virtualflybrain.org - GA4	owl.virtualflybrain.org	user_engagement	1	1
2024-06-24	virtualflybrain.org - GA4	p2.virtualflybrain.org	first_visit	1	1
2024-06-24	virtualflybrain.org - GA4	p2.virtualflybrain.org	page_view	1	1
2024-06-24	virtualflybrain.org - GA4	p2.virtualflybrain.org	session_start	1	1
2024-06-24	virtualflybrain.org - GA4	pgadmin.virtualflybrain.org	first_visit	1	1
2024-06-24	virtualflybrain.org - GA4	pgadmin.virtualflybrain.org	page_view	1	1
2024-06-24	virtualflybrain.org - GA4	pgadmin.virtualflybrain.org	session_start	1	1
2024-06-24	virtualflybrain.org - GA4	r.virtualflybrain.org	first_visit	1	1
2024-06-24	virtualflybrain.org - GA4	r.virtualflybrain.org	page_view	1	1
2024-06-24	virtualflybrain.org - GA4	r.virtualflybrain.org	session_start	1	1
2024-06-24	virtualflybrain.org - GA4	r.virtualflybrain.org	user_engagement	1	1
2024-06-24	virtualflybrain.org - GA4	raw.larval.flylight.virtualflybrain.org	first_visit	5	5
2024-06-24	virtualflybrain.org - GA4	raw.larval.flylight.virtualflybrain.org	page_view	5	5
2024-06-24	virtualflybrain.org - GA4	raw.larval.flylight.virtualflybrain.org	session_start	5	5
2024-06-24	virtualflybrain.org - GA4	sb.virtualflybrain.org	first_visit	1	1
2024-06-24	virtualflybrain.org - GA4	sb.virtualflybrain.org	page_view	1	1
2024-06-24	virtualflybrain.org - GA4	sb.virtualflybrain.org	session_start	1	1
2024-06-24	virtualflybrain.org - GA4	sb1.virtualflybrain.org	first_visit	1	1
2024-06-24	virtualflybrain.org - GA4	sb1.virtualflybrain.org	page_view	1	1
2024-06-24	virtualflybrain.org - GA4	sb1.virtualflybrain.org	session_start	1	1
2024-06-24	virtualflybrain.org - GA4	sb2.virtualflybrain.org	first_visit	1	1
2024-06-24	virtualflybrain.org - GA4	sb2.virtualflybrain.org	page_view	1	1
2024-06-24	virtualflybrain.org - GA4	sb2.virtualflybrain.org	session_start	1	1
2024-06-24	virtualflybrain.org - GA4	sb2.virtualflybrain.orgherd.virtualflybrain.org	user_engagement	1	1
2024-06-24	virtualflybrain.org - GA4	solr-alpha.virtualflybrain.org	first_visit	1	1
2024-06-24	virtualflybrain.org - GA4	solr-alpha.virtualflybrain.org	page_view	1	1
2024-06-24	virtualflybrain.org - GA4	solr-alpha.virtualflybrain.org	session_start	1	1
2024-06-24	virtualflybrain.org - GA4	solr-alpha.virtualflybrain.org	user_engagement	1	1
2024-06-24	virtualflybrain.org - GA4	solr-dev.virtualflybrain.org	user_engagement	1	1
2024-06-24	virtualflybrain.org - GA4	solr.p2.virtualflybrain.org	first_visit	1	1
2024-06-24	virtualflybrain.org - GA4	solr.p2.virtualflybrain.org	page_view	1	1
2024-06-24	virtualflybrain.org - GA4	solr.p2.virtualflybrain.org	session_start	1	1
2024-06-24	virtualflybrain.org - GA4	solr.p2.virtualflybrain.org	user_engagement	1	1
2024-06-24	virtualflybrain.org - GA4	solr.virtualflybrain.org	first_visit	1	1
2024-06-24	virtualflybrain.org - GA4	solr.virtualflybrain.org	page_view	1	1
2024-06-24	virtualflybrain.org - GA4	solr.virtualflybrain.org	session_start	1	1
2024-06-24	virtualflybrain.org - GA4	tracker.2wl.org.uk	first_visit	1	1
2024-06-24	virtualflybrain.org - GA4	tracker.2wl.org.uk	page_view	1	1
2024-06-24	virtualflybrain.org - GA4	tracker.2wl.org.uk	session_start	1	1
2024-06-24	virtualflybrain.org - GA4	ubuntu.virtualflybrain.org	user_engagement	1	1
2024-06-24	virtualflybrain.org - GA4	v1-5.virtualflybrain.org	first_visit	1	1
2024-06-24	virtualflybrain.org - GA4	v1-5.virtualflybrain.org	page_view	1	1
2024-06-24	virtualflybrain.org - GA4	v1-5.virtualflybrain.org	session_start	1	1
2024-06-24	virtualflybrain.org - GA4	v1-5.virtualflybrain.org	user_engagement	1	1
2024-06-24	virtualflybrain.org - GA4	v1.virtualflybrain.org	first_visit	1	1
2024-06-24	virtualflybrain.org - GA4	v1.virtualflybrain.org	page_view	1	1
2024-06-24	virtualflybrain.org - GA4	v1.virtualflybrain.org	session_start	1	1
2024-06-24	virtualflybrain.org - GA4	v1.virtualflybrain.org	user_engagement	1	1
2024-06-24	virtualflybrain.org - GA4	v2-dev.virtualflybrain.org	page_view	2	1
2024-06-24	virtualflybrain.org - GA4	v2-dev.virtualflybrain.org	request	2	1
2024-06-24	virtualflybrain.org - GA4	v2-dev.virtualflybrain.org	session_start	2	1
2024-06-24	virtualflybrain.org - GA4	v2-dev.virtualflybrain.org	user_engagement	3	2
2024-06-24	virtualflybrain.org - GA4	v2-dev2.virtualflybrain.org	first_visit	1	1
2024-06-24	virtualflybrain.org - GA4	v2-dev2.virtualflybrain.org	page_view	1	1
2024-06-24	virtualflybrain.org - GA4	v2-dev2.virtualflybrain.org	session_start	1	1
2024-06-24	virtualflybrain.org - GA4	v2-preview.virtualflybrain.org	first_visit	1	1
2024-06-24	virtualflybrain.org - GA4	v2-preview.virtualflybrain.org	page_view	1	1
2024-06-24	virtualflybrain.org - GA4	v2-preview.virtualflybrain.org	session_start	1	1
2024-06-24	virtualflybrain.org - GA4	v2-preview.virtualflybrain.org	user_engagement	1	1
2024-06-24	virtualflybrain.org - GA4	v2.virtualflybrain.org	cancelled	3	2
2024-06-24	virtualflybrain.org - GA4	v2.virtualflybrain.org	disconnected	47	13
2024-06-24	virtualflybrain.org - GA4	v2.virtualflybrain.org	errorlog	6	1
2024-06-24	virtualflybrain.org - GA4	v2.virtualflybrain.org	first_visit	4	4
2024-06-24	virtualflybrain.org - GA4	v2.virtualflybrain.org	opening	5	2
2024-06-24	virtualflybrain.org - GA4	v2.virtualflybrain.org	page_view	119	30
2024-06-24	virtualflybrain.org - GA4	v2.virtualflybrain.org	reconnect-attempt:0	46	13
2024-06-24	virtualflybrain.org - GA4	v2.virtualflybrain.org	request	320	26
2024-06-24	virtualflybrain.org - GA4	v2.virtualflybrain.org	session_start	71	23
2024-06-24	virtualflybrain.org - GA4	v2.virtualflybrain.org	user_engagement	39	18
2024-06-24	virtualflybrain.org - GA4	v2a.virtualflybrain.org	disconnected	2	1
2024-06-24	virtualflybrain.org - GA4	v2a.virtualflybrain.org	first_visit	3	3
2024-06-24	virtualflybrain.org - GA4	v2a.virtualflybrain.org	page_view	4	3
2024-06-24	virtualflybrain.org - GA4	v2a.virtualflybrain.org	reconnect-attempt:1	1	1
2024-06-24	virtualflybrain.org - GA4	v2a.virtualflybrain.org	session_start	3	3
2024-06-24	virtualflybrain.org - GA4	v2a.virtualflybrain.org	user_engagement	3	2
2024-06-24	virtualflybrain.org - GA4	virtualflybrain.org	first_visit	2	2
2024-06-24	virtualflybrain.org - GA4	virtualflybrain.org	page_view	7	3
2024-06-24	virtualflybrain.org - GA4	virtualflybrain.org	session_start	4	4
2024-06-24	virtualflybrain.org - GA4	virtualflybrain.org	user_engagement	10	3
2024-06-24	virtualflybrain.org - GA4	webmail.virtualflybrain.org	user_engagement	1	1
2024-06-24	virtualflybrain.org - GA4	webtop.virtualflybrain.org	first_visit	1	1
2024-06-24	virtualflybrain.org - GA4	webtop.virtualflybrain.org	page_view	1	1
2024-06-24	virtualflybrain.org - GA4	webtop.virtualflybrain.org	session_start	1	1
2024-06-24	virtualflybrain.org - GA4	www.virtualflybrain.org	first_visit	32	32
2024-06-24	virtualflybrain.org - GA4	www.virtualflybrain.org	page_view	68	43
2024-06-24	virtualflybrain.org - GA4	www.virtualflybrain.org	session_start	45	43
2024-06-24	virtualflybrain.org - GA4	www.virtualflybrain.org	user_engagement	57	32
2024-06-24	virtualflybrain.org - GA4	zip.virtualflybrain.org	first_visit	1	1
2024-06-24	virtualflybrain.org - GA4	zip.virtualflybrain.org	page_view	1	1
2024-06-24	virtualflybrain.org - GA4	zip.virtualflybrain.org	session_start	1	1
2024-06-24	virtualflybrain.org - GA4	zip.virtualflybrain.org	user_engagement	1	1
2024-06-25	virtualflybrain.org - GA4		page_view	1458	35
2024-06-25	virtualflybrain.org - GA4		session_start	1	1
2024-06-25	virtualflybrain.org - GA4	129.215.197.120	first_visit	1	1
2024-06-25	virtualflybrain.org - GA4	129.215.197.120	page_view	1	1
2024-06-25	virtualflybrain.org - GA4	129.215.197.120	session_start	1	1
2024-06-25	virtualflybrain.org - GA4	129.215.197.147	first_visit	1	1
2024-06-25	virtualflybrain.org - GA4	129.215.197.147	page_view	1	1
2024-06-25	virtualflybrain.org - GA4	129.215.197.147	session_start	1	1
2024-06-25	virtualflybrain.org - GA4	bocian-jenkins.virtualflybrain.org	first_visit	1	1
2024-06-25	virtualflybrain.org - GA4	bocian-jenkins.virtualflybrain.org	page_view	1	1
2024-06-25	virtualflybrain.org - GA4	bocian-jenkins.virtualflybrain.org	session_start	1	1
2024-06-25	virtualflybrain.org - GA4	geppetto-dev1.virtualflybrain.org	user_engagement	1	1
2024-06-25	virtualflybrain.org - GA4	karenin-jenkins.virtualflybrain.org	user_engagement	1	1
2024-06-25	virtualflybrain.org - GA4	l1em.catmaid.virtualflybrain.org	page_view	1	1
2024-06-25	virtualflybrain.org - GA4	nblast.virtualflybrain.org	first_visit	2	1
2024-06-25	virtualflybrain.org - GA4	nblast.virtualflybrain.org	page_view	2	1
2024-06-25	virtualflybrain.org - GA4	nblast.virtualflybrain.org	session_start	2	1
2024-06-25	virtualflybrain.org - GA4	owl.virtualflybrain.org	user_engagement	1	1
2024-06-25	virtualflybrain.org - GA4	raw.larval.flylight.virtualflybrain.org	session_start	1	1
2024-06-25	virtualflybrain.org - GA4	raw.larval.flylight.virtualflybrain.org	user_engagement	2	1
2024-06-25	virtualflybrain.org - GA4	solr-dev.virtualflybrain.org	page_view	1	1
2024-06-25	virtualflybrain.org - GA4	solr-dev.virtualflybrain.org	user_engagement	1	1
2024-06-25	virtualflybrain.org - GA4	solr.p2.virtualflybrain.org	page_view	2	1
2024-06-25	virtualflybrain.org - GA4	solr.p2.virtualflybrain.org	session_start	1	1
2024-06-25	virtualflybrain.org - GA4	solr.p2.virtualflybrain.org	user_engagement	2	2
2024-06-25	virtualflybrain.org - GA4	v2-dev.virtualflybrain.org	cancelled	2	1
2024-06-25	virtualflybrain.org - GA4	v2-dev.virtualflybrain.org	disconnected	2	2
2024-06-25	virtualflybrain.org - GA4	v2-dev.virtualflybrain.org	errorlog	58	3
2024-06-25	virtualflybrain.org - GA4	v2-dev.virtualflybrain.org	opening	1	1
2024-06-25	virtualflybrain.org - GA4	v2-dev.virtualflybrain.org	page_view	17	3
2024-06-25	virtualflybrain.org - GA4	v2-dev.virtualflybrain.org	reconnect-failed-reloading	3	3
2024-06-25	virtualflybrain.org - GA4	v2-dev.virtualflybrain.org	request	116	3
2024-06-25	virtualflybrain.org - GA4	v2-dev.virtualflybrain.org	session_start	12	3
2024-06-25	virtualflybrain.org - GA4	v2-dev.virtualflybrain.org	user_engagement	5	2
2024-06-25	virtualflybrain.org - GA4	v2.virtualflybrain.org	cancelled	4	2
2024-06-25	virtualflybrain.org - GA4	v2.virtualflybrain.org	disconnected	72	16
2024-06-25	virtualflybrain.org - GA4	v2.virtualflybrain.org	errorlog	23	3
2024-06-25	virtualflybrain.org - GA4	v2.virtualflybrain.org	first_visit	9	9
2024-06-25	virtualflybrain.org - GA4	v2.virtualflybrain.org	opening	3	2
2024-06-25	virtualflybrain.org - GA4	v2.virtualflybrain.org	page_view	166	34
2024-06-25	virtualflybrain.org - GA4	v2.virtualflybrain.org	reconnect-attempt:0	70	14
2024-06-25	virtualflybrain.org - GA4	v2.virtualflybrain.org	reconnect-failed-reloading	2	2
2024-06-25	virtualflybrain.org - GA4	v2.virtualflybrain.org	request	417	33
2024-06-25	virtualflybrain.org - GA4	v2.virtualflybrain.org	session_start	95	28
2024-06-25	virtualflybrain.org - GA4	v2.virtualflybrain.org	user_engagement	39	23
2024-06-25	virtualflybrain.org - GA4	virtualflybrain.org	first_visit	2	2
2024-06-25	virtualflybrain.org - GA4	virtualflybrain.org	page_view	4	4
2024-06-25	virtualflybrain.org - GA4	virtualflybrain.org	session_start	3	3
2024-06-25	virtualflybrain.org - GA4	virtualflybrain.org	user_engagement	2	2
2024-06-25	virtualflybrain.org - GA4	vnc.catmaid.virtualflybrain.org	user_engagement	1	1
2024-06-25	virtualflybrain.org - GA4	webmail.virtualflybrain.org	user_engagement	1	1
2024-06-25	virtualflybrain.org - GA4	webtop.virtualflybrain.org	user_engagement	1	1
2024-06-25	virtualflybrain.org - GA4	www.virtualflybrain.org	first_visit	22	22
2024-06-25	virtualflybrain.org - GA4	www.virtualflybrain.org	page_view	66	38
2024-06-25	virtualflybrain.org - GA4	www.virtualflybrain.org	session_start	39	38
2024-06-25	virtualflybrain.org - GA4	www.virtualflybrain.org	user_engagement	54	27
2024-06-26	virtualflybrain.org - GA4		page_view	973	36
2024-06-26	virtualflybrain.org - GA4	129.215.197.101	user_engagement	1	1
2024-06-26	virtualflybrain.org - GA4	129.215.197.120	first_visit	2	2
2024-06-26	virtualflybrain.org - GA4	129.215.197.120	page_view	2	2
2024-06-26	virtualflybrain.org - GA4	129.215.197.120	session_start	2	2
2024-06-26	virtualflybrain.org - GA4	129.215.197.144	first_visit	1	1
2024-06-26	virtualflybrain.org - GA4	129.215.197.144	page_view	1	1
2024-06-26	virtualflybrain.org - GA4	129.215.197.144	session_start	1	1
2024-06-26	virtualflybrain.org - GA4	129.215.197.147	first_visit	4	4
2024-06-26	virtualflybrain.org - GA4	129.215.197.147	page_view	4	4
2024-06-26	virtualflybrain.org - GA4	129.215.197.147	session_start	4	4
2024-06-26	virtualflybrain.org - GA4	482bm8l9immm8z9tw8t4k.virtualflybrain.org	user_engagement	1	1
2024-06-26	virtualflybrain.org - GA4	981gwa2l.virtualflybrain.org	user_engagement	1	1
2024-06-26	virtualflybrain.org - GA4	blog.virtualflybrain.org	first_visit	1	1
2024-06-26	virtualflybrain.org - GA4	blog.virtualflybrain.org	page_view	1	1
2024-06-26	virtualflybrain.org - GA4	blog.virtualflybrain.org	session_start	1	1
2024-06-26	virtualflybrain.org - GA4	blog.virtualflybrain.org	user_engagement	1	1
2024-06-26	virtualflybrain.org - GA4	bocian-jenkins.virtualflybrain.org	first_visit	1	1
2024-06-26	virtualflybrain.org - GA4	bocian-jenkins.virtualflybrain.org	page_view	1	1
2024-06-26	virtualflybrain.org - GA4	bocian-jenkins.virtualflybrain.org	session_start	1	1
2024-06-26	virtualflybrain.org - GA4	bocian-jenkins.virtualflybrain.org	user_engagement	1	1
2024-06-26	virtualflybrain.org - GA4	catmaid-fafb.virtualflybrain.org	user_engagement	1	1
2024-06-26	virtualflybrain.org - GA4	kbw.virtualflybrain.org	user_engagement	1	1
2024-06-26	virtualflybrain.org - GA4	l1em.catmaid.virtualflybrain.org	page_view	1	1
2024-06-26	virtualflybrain.org - GA4	l3vnc.catmaid.virtualflybrain.org	page_view	1	1
2024-06-26	virtualflybrain.org - GA4	mail.virtualflybrain.org	user_engagement	1	1
2024-06-26	virtualflybrain.org - GA4	meet.virtualflybrain.org	user_engagement	1	1
2024-06-26	virtualflybrain.org - GA4	mx.virtualflybrain.org	user_engagement	1	1
2024-06-26	virtualflybrain.org - GA4	natverse.virtualflybrain.org	user_engagement	1	1
2024-06-26	virtualflybrain.org - GA4	natverse3.virtualflybrain.org	user_engagement	1	1
2024-06-26	virtualflybrain.org - GA4	owl.virtualflybrain.org	page_view	2	1
2024-06-26	virtualflybrain.org - GA4	owl.virtualflybrain.org	user_engagement	3	2
2024-06-26	virtualflybrain.org - GA4	sb.virtualflybrain.org	user_engagement	1	1
2024-06-26	virtualflybrain.org - GA4	smtp.virtualflybrain.org	user_engagement	2	2
2024-06-26	virtualflybrain.org - GA4	solr-dev.virtualflybrain.org	user_engagement	1	1
2024-06-26	virtualflybrain.org - GA4	solr.p2.virtualflybrain.org	user_engagement	1	1
2024-06-26	virtualflybrain.org - GA4	solr.virtualflybrain.org	user_engagement	1	1
2024-06-26	virtualflybrain.org - GA4	v2-dev.virtualflybrain.org	cancelled	2	1
2024-06-26	virtualflybrain.org - GA4	v2-dev.virtualflybrain.org	disconnected	2	2
2024-06-26	virtualflybrain.org - GA4	v2-dev.virtualflybrain.org	errorlog	98	2
2024-06-26	virtualflybrain.org - GA4	v2-dev.virtualflybrain.org	opening	6	1
2024-06-26	virtualflybrain.org - GA4	v2-dev.virtualflybrain.org	page_view	27	2
2024-06-26	virtualflybrain.org - GA4	v2-dev.virtualflybrain.org	reconnect-failed-reloading	2	2
2024-06-26	virtualflybrain.org - GA4	v2-dev.virtualflybrain.org	request	71	2
2024-06-26	virtualflybrain.org - GA4	v2-dev.virtualflybrain.org	session_start	11	1
2024-06-26	virtualflybrain.org - GA4	v2-dev.virtualflybrain.org	user_engagement	11	2
2024-06-26	virtualflybrain.org - GA4	v2-dev2.virtualflybrain.org	user_engagement	1	1
2024-06-26	virtualflybrain.org - GA4	v2.virtualflybrain.org	cancelled	1	1
2024-06-26	virtualflybrain.org - GA4	v2.virtualflybrain.org	disconnected	48	16
2024-06-26	virtualflybrain.org - GA4	v2.virtualflybrain.org	errorlog	700	5
2024-06-26	virtualflybrain.org - GA4	v2.virtualflybrain.org	first_visit	9	9
2024-06-26	virtualflybrain.org - GA4	v2.virtualflybrain.org	opening	3	2
2024-06-26	virtualflybrain.org - GA4	v2.virtualflybrain.org	page_view	153	38
2024-06-26	virtualflybrain.org - GA4	v2.virtualflybrain.org	reconnect-attempt:0	46	14
2024-06-26	virtualflybrain.org - GA4	v2.virtualflybrain.org	reconnect-attempt:1	1	1
2024-06-26	virtualflybrain.org - GA4	v2.virtualflybrain.org	reconnect-failed-reloading	1	1
2024-06-26	virtualflybrain.org - GA4	v2.virtualflybrain.org	request	314	37
2024-06-26	virtualflybrain.org - GA4	v2.virtualflybrain.org	session_start	121	28
2024-06-26	virtualflybrain.org - GA4	v2.virtualflybrain.org	user_engagement	27	21
2024-06-26	virtualflybrain.org - GA4	virtualflybrain.org	first_visit	2	2
2024-06-26	virtualflybrain.org - GA4	virtualflybrain.org	page_view	2	2
2024-06-26	virtualflybrain.org - GA4	virtualflybrain.org	session_start	2	2
2024-06-26	virtualflybrain.org - GA4	virtualflybrain.org	user_engagement	3	3
2024-06-26	virtualflybrain.org - GA4	www.virtualflybrain.org	first_visit	37	37
2024-06-26	virtualflybrain.org - GA4	www.virtualflybrain.org	page_view	69	47
2024-06-26	virtualflybrain.org - GA4	www.virtualflybrain.org	session_start	47	45
2024-06-26	virtualflybrain.org - GA4	www.virtualflybrain.org	user_engagement	54	36
2024-06-27	virtualflybrain.org - GA4		page_view	1108	43
2024-06-27	virtualflybrain.org - GA4		session_start	1	1
2024-06-27	virtualflybrain.org - GA4	129.215.197.120	first_visit	2	2
2024-06-27	virtualflybrain.org - GA4	129.215.197.120	page_view	2	2
2024-06-27	virtualflybrain.org - GA4	129.215.197.120	session_start	2	2
2024-06-27	virtualflybrain.org - GA4	981gwa2l.virtualflybrain.org	first_visit	1	1
2024-06-27	virtualflybrain.org - GA4	981gwa2l.virtualflybrain.org	page_view	1	1
2024-06-27	virtualflybrain.org - GA4	981gwa2l.virtualflybrain.org	session_start	1	1
2024-06-27	virtualflybrain.org - GA4	981gwa2l.virtualflybrain.org	user_engagement	1	1
2024-06-27	virtualflybrain.org - GA4	api.virtualflybrain.org	first_visit	1	1
2024-06-27	virtualflybrain.org - GA4	api.virtualflybrain.org	page_view	1	1
2024-06-27	virtualflybrain.org - GA4	api.virtualflybrain.org	session_start	1	1
2024-06-27	virtualflybrain.org - GA4	blanik-jenkins.virtualflybrain.org	first_visit	1	1
2024-06-27	virtualflybrain.org - GA4	blanik-jenkins.virtualflybrain.org	page_view	1	1
2024-06-27	virtualflybrain.org - GA4	blanik-jenkins.virtualflybrain.org	session_start	1	1
2024-06-27	virtualflybrain.org - GA4	blog.virtualflybrain.org	first_visit	1	1
2024-06-27	virtualflybrain.org - GA4	blog.virtualflybrain.org	page_view	1	1
2024-06-27	virtualflybrain.org - GA4	blog.virtualflybrain.org	session_start	1	1
2024-06-27	virtualflybrain.org - GA4	bocian-jenkins.virtualflybrain.org	first_visit	2	2
2024-06-27	virtualflybrain.org - GA4	bocian-jenkins.virtualflybrain.org	page_view	2	2
2024-06-27	virtualflybrain.org - GA4	bocian-jenkins.virtualflybrain.org	session_start	2	2
2024-06-27	virtualflybrain.org - GA4	catmaid-fafb.virtualflybrain.org	first_visit	1	1
2024-06-27	virtualflybrain.org - GA4	catmaid-fafb.virtualflybrain.org	page_view	1	1
2024-06-27	virtualflybrain.org - GA4	catmaid-fafb.virtualflybrain.org	session_start	1	1
2024-06-27	virtualflybrain.org - GA4	debug.virtualflybrain.org	first_visit	1	1
2024-06-27	virtualflybrain.org - GA4	debug.virtualflybrain.org	page_view	1	1
2024-06-27	virtualflybrain.org - GA4	debug.virtualflybrain.org	session_start	1	1
2024-06-27	virtualflybrain.org - GA4	dev.virtualflybrain.org	first_visit	1	1
2024-06-27	virtualflybrain.org - GA4	dev.virtualflybrain.org	page_view	1	1
2024-06-27	virtualflybrain.org - GA4	dev.virtualflybrain.org	session_start	1	1
2024-06-27	virtualflybrain.org - GA4	geppetto-dev.virtualflybrain.org	first_visit	1	1
2024-06-27	virtualflybrain.org - GA4	geppetto-dev.virtualflybrain.org	page_view	1	1
2024-06-27	virtualflybrain.org - GA4	geppetto-dev.virtualflybrain.org	session_start	1	1
2024-06-27	virtualflybrain.org - GA4	grafana.virtualflybrain.org	first_visit	1	1
2024-06-27	virtualflybrain.org - GA4	grafana.virtualflybrain.org	page_view	1	1
2024-06-27	virtualflybrain.org - GA4	grafana.virtualflybrain.org	session_start	1	1
2024-06-27	virtualflybrain.org - GA4	hugo.virtualflybrain.org	first_visit	1	1
2024-06-27	virtualflybrain.org - GA4	hugo.virtualflybrain.org	page_view	1	1
2024-06-27	virtualflybrain.org - GA4	hugo.virtualflybrain.org	session_start	1	1
2024-06-27	virtualflybrain.org - GA4	ids.virtualflybrain.org	first_visit	1	1
2024-06-27	virtualflybrain.org - GA4	ids.virtualflybrain.org	page_view	1	1
2024-06-27	virtualflybrain.org - GA4	ids.virtualflybrain.org	session_start	1	1
2024-06-27	virtualflybrain.org - GA4	jenkins.virtualflybrain.org	first_visit	1	1
2024-06-27	virtualflybrain.org - GA4	jenkins.virtualflybrain.org	page_view	1	1
2024-06-27	virtualflybrain.org - GA4	jenkins.virtualflybrain.org	session_start	1	1
2024-06-27	virtualflybrain.org - GA4	jupyter.virtualflybrain.org	first_visit	1	1
2024-06-27	virtualflybrain.org - GA4	jupyter.virtualflybrain.org	page_view	1	1
2024-06-27	virtualflybrain.org - GA4	jupyter.virtualflybrain.org	session_start	1	1
2024-06-27	virtualflybrain.org - GA4	karenin-jenkins.virtualflybrain.org	first_visit	1	1
2024-06-27	virtualflybrain.org - GA4	karenin-jenkins.virtualflybrain.org	page_view	1	1
2024-06-27	virtualflybrain.org - GA4	karenin-jenkins.virtualflybrain.org	session_start	1	1
2024-06-27	virtualflybrain.org - GA4	karenin-jenkins.virtualflybrain.org	user_engagement	1	1
2024-06-27	virtualflybrain.org - GA4	l1em.catmaid.virtualflybrain.org	page_view	1	1
2024-06-27	virtualflybrain.org - GA4	larval.virtualflybrain.org	first_visit	1	1
2024-06-27	virtualflybrain.org - GA4	larval.virtualflybrain.org	page_view	1	1
2024-06-27	virtualflybrain.org - GA4	larval.virtualflybrain.org	session_start	1	1
2024-06-27	virtualflybrain.org - GA4	meet.virtualflybrain.org	first_visit	2	2
2024-06-27	virtualflybrain.org - GA4	meet.virtualflybrain.org	page_view	2	2
2024-06-27	virtualflybrain.org - GA4	meet.virtualflybrain.org	session_start	2	2
2024-06-27	virtualflybrain.org - GA4	natverse.virtualflybrain.org	first_visit	1	1
2024-06-27	virtualflybrain.org - GA4	natverse.virtualflybrain.org	page_view	1	1
2024-06-27	virtualflybrain.org - GA4	natverse.virtualflybrain.org	session_start	1	1
2024-06-27	virtualflybrain.org - GA4	natverse1.virtualflybrain.org	first_visit	1	1
2024-06-27	virtualflybrain.org - GA4	natverse1.virtualflybrain.org	page_view	1	1
2024-06-27	virtualflybrain.org - GA4	natverse1.virtualflybrain.org	session_start	1	1
2024-06-27	virtualflybrain.org - GA4	natverse3.virtualflybrain.org	first_visit	1	1
2024-06-27	virtualflybrain.org - GA4	natverse3.virtualflybrain.org	page_view	1	1
2024-06-27	virtualflybrain.org - GA4	natverse3.virtualflybrain.org	session_start	1	1
2024-06-27	virtualflybrain.org - GA4	natverse5.virtualflybrain.org	first_visit	1	1
2024-06-27	virtualflybrain.org - GA4	natverse5.virtualflybrain.org	page_view	1	1
2024-06-27	virtualflybrain.org - GA4	natverse5.virtualflybrain.org	session_start	1	1
2024-06-27	virtualflybrain.org - GA4	owl.virtualflybrain.org	first_visit	5	5
2024-06-27	virtualflybrain.org - GA4	owl.virtualflybrain.org	page_view	5	5
2024-06-27	virtualflybrain.org - GA4	owl.virtualflybrain.org	session_start	5	5
2024-06-27	virtualflybrain.org - GA4	p2.virtualflybrain.org	first_visit	1	1
2024-06-27	virtualflybrain.org - GA4	p2.virtualflybrain.org	page_view	1	1
2024-06-27	virtualflybrain.org - GA4	p2.virtualflybrain.org	session_start	1	1
2024-06-27	virtualflybrain.org - GA4	pgadmin.virtualflybrain.org	first_visit	1	1
2024-06-27	virtualflybrain.org - GA4	pgadmin.virtualflybrain.org	page_view	1	1
2024-06-27	virtualflybrain.org - GA4	pgadmin.virtualflybrain.org	session_start	1	1
2024-06-27	virtualflybrain.org - GA4	r.virtualflybrain.org	first_visit	1	1
2024-06-27	virtualflybrain.org - GA4	r.virtualflybrain.org	page_view	1	1
2024-06-27	virtualflybrain.org - GA4	r.virtualflybrain.org	session_start	1	1
2024-06-27	virtualflybrain.org - GA4	rancher.virtualflybrain.org	first_visit	1	1
2024-06-27	virtualflybrain.org - GA4	rancher.virtualflybrain.org	page_view	1	1
2024-06-27	virtualflybrain.org - GA4	rancher.virtualflybrain.org	session_start	1	1
2024-06-27	virtualflybrain.org - GA4	raw.larval.flylight.virtualflybrain.org	first_visit	1	1
2024-06-27	virtualflybrain.org - GA4	raw.larval.flylight.virtualflybrain.org	page_view	2	2
2024-06-27	virtualflybrain.org - GA4	raw.larval.flylight.virtualflybrain.org	session_start	2	2
2024-06-27	virtualflybrain.org - GA4	raw.larval.flylight.virtualflybrain.org	user_engagement	1	1
2024-06-27	virtualflybrain.org - GA4	sb.virtualflybrain.org	first_visit	1	1
2024-06-27	virtualflybrain.org - GA4	sb.virtualflybrain.org	page_view	1	1
2024-06-27	virtualflybrain.org - GA4	sb.virtualflybrain.org	session_start	1	1
2024-06-27	virtualflybrain.org - GA4	solr-alpha.virtualflybrain.org	first_visit	1	1
2024-06-27	virtualflybrain.org - GA4	solr-alpha.virtualflybrain.org	page_view	1	1
2024-06-27	virtualflybrain.org - GA4	solr-alpha.virtualflybrain.org	session_start	1	1
2024-06-27	virtualflybrain.org - GA4	solr-dev.virtualflybrain.org	first_visit	1	1
2024-06-27	virtualflybrain.org - GA4	solr-dev.virtualflybrain.org	page_view	1	1
2024-06-27	virtualflybrain.org - GA4	solr-dev.virtualflybrain.org	session_start	1	1
2024-06-27	virtualflybrain.org - GA4	solr.virtualflybrain.org	user_engagement	1	1
2024-06-27	virtualflybrain.org - GA4	tracker.2wl.org.uk	first_visit	1	1
2024-06-27	virtualflybrain.org - GA4	tracker.2wl.org.uk	page_view	1	1
2024-06-27	virtualflybrain.org - GA4	tracker.2wl.org.uk	session_start	1	1
2024-06-27	virtualflybrain.org - GA4	v1-5.virtualflybrain.org	first_visit	1	1
2024-06-27	virtualflybrain.org - GA4	v1-5.virtualflybrain.org	page_view	1	1
2024-06-27	virtualflybrain.org - GA4	v1-5.virtualflybrain.org	session_start	1	1
2024-06-27	virtualflybrain.org - GA4	v1.virtualflybrain.org	first_visit	1	1
2024-06-27	virtualflybrain.org - GA4	v1.virtualflybrain.org	page_view	1	1
2024-06-27	virtualflybrain.org - GA4	v1.virtualflybrain.org	session_start	1	1
2024-06-27	virtualflybrain.org - GA4	v2-dev.virtualflybrain.org	disconnected	2	1
2024-06-27	virtualflybrain.org - GA4	v2-dev.virtualflybrain.org	errorlog	45	1
2024-06-27	virtualflybrain.org - GA4	v2-dev.virtualflybrain.org	first_visit	1	1
2024-06-27	virtualflybrain.org - GA4	v2-dev.virtualflybrain.org	page_view	20	2
2024-06-27	virtualflybrain.org - GA4	v2-dev.virtualflybrain.org	reconnect-attempt:0	1	1
2024-06-27	virtualflybrain.org - GA4	v2-dev.virtualflybrain.org	reconnect-failed-reloading	1	1
2024-06-27	virtualflybrain.org - GA4	v2-dev.virtualflybrain.org	request	27	1
2024-06-27	virtualflybrain.org - GA4	v2-dev.virtualflybrain.org	session_start	7	2
2024-06-27	virtualflybrain.org - GA4	v2-dev.virtualflybrain.org	user_engagement	16	2
2024-06-27	virtualflybrain.org - GA4	v2-dev2.virtualflybrain.org	first_visit	1	1
2024-06-27	virtualflybrain.org - GA4	v2-dev2.virtualflybrain.org	page_view	1	1
2024-06-27	virtualflybrain.org - GA4	v2-dev2.virtualflybrain.org	session_start	1	1
2024-06-27	virtualflybrain.org - GA4	v2-preview.virtualflybrain.org	first_visit	1	1
2024-06-27	virtualflybrain.org - GA4	v2-preview.virtualflybrain.org	page_view	1	1
2024-06-27	virtualflybrain.org - GA4	v2-preview.virtualflybrain.org	session_start	1	1
2024-06-27	virtualflybrain.org - GA4	v2.virtualflybrain.org	cancelled	1	1
2024-06-27	virtualflybrain.org - GA4	v2.virtualflybrain.org	disconnected	44	20
2024-06-27	virtualflybrain.org - GA4	v2.virtualflybrain.org	errorlog	61	5
2024-06-27	virtualflybrain.org - GA4	v2.virtualflybrain.org	first_visit	9	9
2024-06-27	virtualflybrain.org - GA4	v2.virtualflybrain.org	opening	2	2
2024-06-27	virtualflybrain.org - GA4	v2.virtualflybrain.org	page_view	171	48
2024-06-27	virtualflybrain.org - GA4	v2.virtualflybrain.org	reconnect-attempt:0	47	20
2024-06-27	virtualflybrain.org - GA4	v2.virtualflybrain.org	request	366	42
2024-06-27	virtualflybrain.org - GA4	v2.virtualflybrain.org	session_start	126	38
2024-06-27	virtualflybrain.org - GA4	v2.virtualflybrain.org	user_engagement	42	28
2024-06-27	virtualflybrain.org - GA4	v2a.virtualflybrain.org	errorlog	7	1
2024-06-27	virtualflybrain.org - GA4	v2a.virtualflybrain.org	page_view	13	1
2024-06-27	virtualflybrain.org - GA4	v2a.virtualflybrain.org	request	18	1
2024-06-27	virtualflybrain.org - GA4	v2a.virtualflybrain.org	session_start	1	1
2024-06-27	virtualflybrain.org - GA4	v2a.virtualflybrain.org	user_engagement	10	1
2024-06-27	virtualflybrain.org - GA4	vfbblog.inf.ed.ac.uk	user_engagement	1	1
2024-06-27	virtualflybrain.org - GA4	virtualflybrain.org	first_visit	2	1
2024-06-27	virtualflybrain.org - GA4	virtualflybrain.org	page_view	14	2
2024-06-27	virtualflybrain.org - GA4	virtualflybrain.org	session_start	3	2
2024-06-27	virtualflybrain.org - GA4	virtualflybrain.org	user_engagement	12	1
2024-06-27	virtualflybrain.org - GA4	webmail.virtualflybrain.org	user_engagement	1	1
2024-06-27	virtualflybrain.org - GA4	webtop.virtualflybrain.org	first_visit	1	1
2024-06-27	virtualflybrain.org - GA4	webtop.virtualflybrain.org	page_view	1	1
2024-06-27	virtualflybrain.org - GA4	webtop.virtualflybrain.org	session_start	1	1
2024-06-27	virtualflybrain.org - GA4	www.virtualflybrain.org	first_visit	39	39
2024-06-27	virtualflybrain.org - GA4	www.virtualflybrain.org	page_view	101	56
2024-06-27	virtualflybrain.org - GA4	www.virtualflybrain.org	session_start	53	52
2024-06-27	virtualflybrain.org - GA4	www.virtualflybrain.org	user_engagement	89	44
2024-06-27	virtualflybrain.org - GA4	zip.virtualflybrain.org	first_visit	1	1
2024-06-27	virtualflybrain.org - GA4	zip.virtualflybrain.org	page_view	1	1
2024-06-27	virtualflybrain.org - GA4	zip.virtualflybrain.org	session_start	1	1
2024-06-28	virtualflybrain.org - GA4		page_view	1026	39
2024-06-28	virtualflybrain.org - GA4		session_start	1	1
2024-06-28	virtualflybrain.org - GA4	123456789abcdefghijklmnopq.virtualflybrain.org	user_engagement	1	1
2024-06-28	virtualflybrain.org - GA4	12877200-fe3e-43bd-bf43-557c75765038.virtualflybrain.org	page_view	1	1
2024-06-28	virtualflybrain.org - GA4	12877200-fe3e-43bd-bf43-557c75765038.virtualflybrain.org	user_engagement	1	1
2024-06-28	virtualflybrain.org - GA4	129.215.197.101	user_engagement	1	1
2024-06-28	virtualflybrain.org - GA4	129.215.197.120	first_visit	1	1
2024-06-28	virtualflybrain.org - GA4	129.215.197.120	page_view	1	1
2024-06-28	virtualflybrain.org - GA4	129.215.197.120	session_start	1	1
2024-06-28	virtualflybrain.org - GA4	129.215.197.147	first_visit	1	1
2024-06-28	virtualflybrain.org - GA4	129.215.197.147	page_view	1	1
2024-06-28	virtualflybrain.org - GA4	129.215.197.147	session_start	1	1
2024-06-28	virtualflybrain.org - GA4	482bm8l9immm8z9tw8t4k.virtualflybrain.org	user_engagement	1	1
2024-06-28	virtualflybrain.org - GA4	511e8a24-c663-48f5-9858-cee6c49e3718.virtualflybrain.org	user_engagement	1	1
2024-06-28	virtualflybrain.org - GA4	6ca6ec05-0e7c-414b-ab69-6aba90258b6b.virtualflybrain.org	user_engagement	1	1
2024-06-28	virtualflybrain.org - GA4	76e1bce3-27a5-406f-81cd-32f1152396af.virtualflybrain.org	user_engagement	1	1
2024-06-28	virtualflybrain.org - GA4	981gwa2l.virtualflybrain.org	user_engagement	1	1
2024-06-28	virtualflybrain.org - GA4	a.bb.ccc.dddd.nblast.virtualflybrain.org	user_engagement	1	1
2024-06-28	virtualflybrain.org - GA4	admin.virtualflybrain.org	page_view	1	1
2024-06-28	virtualflybrain.org - GA4	admin.virtualflybrain.org	user_engagement	1	1
2024-06-28	virtualflybrain.org - GA4	blanik-jenkins.virtualflybrain.org	user_engagement	1	1
2024-06-28	virtualflybrain.org - GA4	blog.virtualflybrain.org	user_engagement	1	1
2024-06-28	virtualflybrain.org - GA4	bocian-jenkins.virtualflybrain.org	first_visit	1	1
2024-06-28	virtualflybrain.org - GA4	bocian-jenkins.virtualflybrain.org	page_view	1	1
2024-06-28	virtualflybrain.org - GA4	bocian-jenkins.virtualflybrain.org	session_start	1	1
2024-06-28	virtualflybrain.org - GA4	debug.virtualflybrain.org	user_engagement	1	1
2024-06-28	virtualflybrain.org - GA4	dev.virtualflybrain.org	user_engagement	1	1
2024-06-28	virtualflybrain.org - GA4	geppetto-dev1.virtualflybrain.org	user_engagement	1	1
2024-06-28	virtualflybrain.org - GA4	geppetto.virtualflybrain.org	user_engagement	1	1
2024-06-28	virtualflybrain.org - GA4	grafana.virtualflybrain.org	user_engagement	1	1
2024-06-28	virtualflybrain.org - GA4	hugo.virtualflybrain.org	user_engagement	1	1
2024-06-28	virtualflybrain.org - GA4	jitsi.virtualflybrain.org	user_engagement	1	1
2024-06-28	virtualflybrain.org - GA4	jupyter.virtualflybrain.org	user_engagement	1	1
2024-06-28	virtualflybrain.org - GA4	karenin-jenkins.virtualflybrain.org	user_engagement	1	1
2024-06-28	virtualflybrain.org - GA4	kbw.virtualflybrain.org	user_engagement	1	1
2024-06-28	virtualflybrain.org - GA4	larval.virtualflybrain.org	user_engagement	1	1
2024-06-28	virtualflybrain.org - GA4	mail.virtualflybrain.org	user_engagement	1	1
2024-06-28	virtualflybrain.org - GA4	meet.virtualflybrain.org	first_visit	1	1
2024-06-28	virtualflybrain.org - GA4	meet.virtualflybrain.org	page_view	1	1
2024-06-28	virtualflybrain.org - GA4	meet.virtualflybrain.org	session_start	1	1
2024-06-28	virtualflybrain.org - GA4	natverse1.virtualflybrain.org	user_engagement	1	1
2024-06-28	virtualflybrain.org - GA4	natverse3.virtualflybrain.org	user_engagement	1	1
2024-06-28	virtualflybrain.org - GA4	natverse5.virtualflybrain.org	user_engagement	1	1
2024-06-28	virtualflybrain.org - GA4	owl-dev.virtualflybrain.org	user_engagement	1	1
2024-06-28	virtualflybrain.org - GA4	owl.virtualflybrain.org	first_visit	1	1
2024-06-28	virtualflybrain.org - GA4	owl.virtualflybrain.org	page_view	1	1
2024-06-28	virtualflybrain.org - GA4	owl.virtualflybrain.org	session_start	1	1
2024-06-28	virtualflybrain.org - GA4	sb1.virtualflybrain.org	user_engagement	1	1
2024-06-28	virtualflybrain.org - GA4	sb2.virtualflybrain.orgherd.virtualflybrain.org	user_engagement	1	1
2024-06-28	virtualflybrain.org - GA4	solr.p2.virtualflybrain.org	user_engagement	1	1
2024-06-28	virtualflybrain.org - GA4	solr.virtualflybrain.org	user_engagement	1	1
2024-06-28	virtualflybrain.org - GA4	v1.virtualflybrain.org	user_engagement	1	1
2024-06-28	virtualflybrain.org - GA4	v2-dev.virtualflybrain.org	errorlog	159	1
2024-06-28	virtualflybrain.org - GA4	v2-dev.virtualflybrain.org	page_view	5	1
2024-06-28	virtualflybrain.org - GA4	v2-dev.virtualflybrain.org	request	6	1
2024-06-28	virtualflybrain.org - GA4	v2-dev.virtualflybrain.org	user_engagement	6	2
2024-06-28	virtualflybrain.org - GA4	v2-dev2.virtualflybrain.org	user_engagement	1	1
2024-06-28	virtualflybrain.org - GA4	v2.virtualflybrain.org	cancelled	5	4
2024-06-28	virtualflybrain.org - GA4	v2.virtualflybrain.org	disconnected	40	19
2024-06-28	virtualflybrain.org - GA4	v2.virtualflybrain.org	errorlog	60	7
2024-06-28	virtualflybrain.org - GA4	v2.virtualflybrain.org	first_visit	12	12
2024-06-28	virtualflybrain.org - GA4	v2.virtualflybrain.org	opening	7	4
2024-06-28	virtualflybrain.org - GA4	v2.virtualflybrain.org	page_view	220	42
2024-06-28	virtualflybrain.org - GA4	v2.virtualflybrain.org	reconnect-attempt:0	43	18
2024-06-28	virtualflybrain.org - GA4	v2.virtualflybrain.org	reconnect-attempt:1	1	1
2024-06-28	virtualflybrain.org - GA4	v2.virtualflybrain.org	reconnect-failed-reloading	1	1
2024-06-28	virtualflybrain.org - GA4	v2.virtualflybrain.org	request	371	37
2024-06-28	virtualflybrain.org - GA4	v2.virtualflybrain.org	session_start	158	32
2024-06-28	virtualflybrain.org - GA4	v2.virtualflybrain.org	user_engagement	40	23
2024-06-28	virtualflybrain.org - GA4	v2a.virtualflybrain.org	disconnected	1	1
2024-06-28	virtualflybrain.org - GA4	v2a.virtualflybrain.org	errorlog	579	1
2024-06-28	virtualflybrain.org - GA4	v2a.virtualflybrain.org	page_view	34	1
2024-06-28	virtualflybrain.org - GA4	v2a.virtualflybrain.org	reconnect-attempt:0	1	1
2024-06-28	virtualflybrain.org - GA4	v2a.virtualflybrain.org	request	26	1
2024-06-28	virtualflybrain.org - GA4	v2a.virtualflybrain.org	session_start	5	1
2024-06-28	virtualflybrain.org - GA4	v2a.virtualflybrain.org	user_engagement	14	1
2024-06-28	virtualflybrain.org - GA4	v2test1.virtualflybrain.org	user_engagement	1	1
2024-06-28	virtualflybrain.org - GA4	virtualflybrain.org	first_visit	2	2
2024-06-28	virtualflybrain.org - GA4	virtualflybrain.org	page_view	20	3
2024-06-28	virtualflybrain.org - GA4	virtualflybrain.org	session_start	2	2
2024-06-28	virtualflybrain.org - GA4	virtualflybrain.org	user_engagement	7	3
2024-06-28	virtualflybrain.org - GA4	vnc.catmaid.virtualflybrain.org	page_view	1	1
2024-06-28	virtualflybrain.org - GA4	vnc.catmaid.virtualflybrain.org	user_engagement	1	1
2024-06-28	virtualflybrain.org - GA4	webmail.virtualflybrain.org	user_engagement	1	1
2024-06-28	virtualflybrain.org - GA4	webtop.virtualflybrain.org	user_engagement	1	1
2024-06-28	virtualflybrain.org - GA4	www.virtualflybrain.org	first_visit	32	32
2024-06-28	virtualflybrain.org - GA4	www.virtualflybrain.org	page_view	88	45
2024-06-28	virtualflybrain.org - GA4	www.virtualflybrain.org	session_start	49	45
2024-06-28	virtualflybrain.org - GA4	www.virtualflybrain.org	user_engagement	61	27
2024-06-29	virtualflybrain.org - GA4		page_view	592	21
2024-06-29	virtualflybrain.org - GA4		session_start	1	1
2024-06-29	virtualflybrain.org - GA4	129.215.197.120	first_visit	1	1
2024-06-29	virtualflybrain.org - GA4	129.215.197.120	page_view	1	1
2024-06-29	virtualflybrain.org - GA4	129.215.197.120	session_start	1	1
2024-06-29	virtualflybrain.org - GA4	owl.virtualflybrain.org	first_visit	2	2
2024-06-29	virtualflybrain.org - GA4	owl.virtualflybrain.org	page_view	2	2
2024-06-29	virtualflybrain.org - GA4	owl.virtualflybrain.org	session_start	2	2
2024-06-29	virtualflybrain.org - GA4	v2-dev.virtualflybrain.org	errorlog	15	1
2024-06-29	virtualflybrain.org - GA4	v2-dev.virtualflybrain.org	page_view	5	1
2024-06-29	virtualflybrain.org - GA4	v2-dev.virtualflybrain.org	request	5	1
2024-06-29	virtualflybrain.org - GA4	v2-dev.virtualflybrain.org	session_start	2	1
2024-06-29	virtualflybrain.org - GA4	v2-dev.virtualflybrain.org	user_engagement	2	1
2024-06-29	virtualflybrain.org - GA4	v2.virtualflybrain.org	cancelled	1	1
2024-06-29	virtualflybrain.org - GA4	v2.virtualflybrain.org	disconnected	8	6
2024-06-29	virtualflybrain.org - GA4	v2.virtualflybrain.org	first_visit	3	3
2024-06-29	virtualflybrain.org - GA4	v2.virtualflybrain.org	opening	2	1
2024-06-29	virtualflybrain.org - GA4	v2.virtualflybrain.org	page_view	141	25
2024-06-29	virtualflybrain.org - GA4	v2.virtualflybrain.org	reconnect-attempt:0	8	6
2024-06-29	virtualflybrain.org - GA4	v2.virtualflybrain.org	request	197	22
2024-06-29	virtualflybrain.org - GA4	v2.virtualflybrain.org	session_start	117	16
2024-06-29	virtualflybrain.org - GA4	v2.virtualflybrain.org	user_engagement	24	16
2024-06-29	virtualflybrain.org - GA4	v2a.virtualflybrain.org	errorlog	10	1
2024-06-29	virtualflybrain.org - GA4	v2a.virtualflybrain.org	page_view	13	1
2024-06-29	virtualflybrain.org - GA4	v2a.virtualflybrain.org	request	13	1
2024-06-29	virtualflybrain.org - GA4	v2a.virtualflybrain.org	session_start	11	1
2024-06-29	virtualflybrain.org - GA4	v2a.virtualflybrain.org	user_engagement	6	1
2024-06-29	virtualflybrain.org - GA4	virtualflybrain.org	page_view	1	1
2024-06-29	virtualflybrain.org - GA4	virtualflybrain.org	user_engagement	1	1
2024-06-29	virtualflybrain.org - GA4	www.virtualflybrain.org	first_visit	16	16
2024-06-29	virtualflybrain.org - GA4	www.virtualflybrain.org	page_view	32	23
2024-06-29	virtualflybrain.org - GA4	www.virtualflybrain.org	session_start	26	23
2024-06-29	virtualflybrain.org - GA4	www.virtualflybrain.org	user_engagement	30	18
2024-06-30	virtualflybrain.org - GA4		page_view	445	23
2024-06-30	virtualflybrain.org - GA4	129.215.197.101	first_visit	1	1
2024-06-30	virtualflybrain.org - GA4	129.215.197.101	page_view	1	1
2024-06-30	virtualflybrain.org - GA4	129.215.197.101	session_start	1	1
2024-06-30	virtualflybrain.org - GA4	129.215.197.110	first_visit	2	2
2024-06-30	virtualflybrain.org - GA4	129.215.197.110	page_view	2	2
2024-06-30	virtualflybrain.org - GA4	129.215.197.110	session_start	2	2
2024-06-30	virtualflybrain.org - GA4	129.215.197.120	user_engagement	1	1
2024-06-30	virtualflybrain.org - GA4	129.215.197.143	first_visit	1	1
2024-06-30	virtualflybrain.org - GA4	129.215.197.143	page_view	1	1
2024-06-30	virtualflybrain.org - GA4	129.215.197.143	session_start	1	1
2024-06-30	virtualflybrain.org - GA4	129.215.197.147	first_visit	2	2
2024-06-30	virtualflybrain.org - GA4	129.215.197.147	page_view	2	2
2024-06-30	virtualflybrain.org - GA4	129.215.197.147	session_start	2	2
2024-06-30	virtualflybrain.org - GA4	bocian-jenkins.virtualflybrain.org	first_visit	1	1
2024-06-30	virtualflybrain.org - GA4	bocian-jenkins.virtualflybrain.org	page_view	1	1
2024-06-30	virtualflybrain.org - GA4	bocian-jenkins.virtualflybrain.org	session_start	1	1
2024-06-30	virtualflybrain.org - GA4	v2-dev.virtualflybrain.org	errorlog	72	1
2024-06-30	virtualflybrain.org - GA4	v2-dev.virtualflybrain.org	page_view	24	1
2024-06-30	virtualflybrain.org - GA4	v2-dev.virtualflybrain.org	request	24	1
2024-06-30	virtualflybrain.org - GA4	v2-dev.virtualflybrain.org	session_start	24	1
2024-06-30	virtualflybrain.org - GA4	v2.virtualflybrain.org	cancelled	1	1
2024-06-30	virtualflybrain.org - GA4	v2.virtualflybrain.org	disconnected	10	7
2024-06-30	virtualflybrain.org - GA4	v2.virtualflybrain.org	errorlog	78	2
2024-06-30	virtualflybrain.org - GA4	v2.virtualflybrain.org	first_visit	5	5
2024-06-30	virtualflybrain.org - GA4	v2.virtualflybrain.org	opening	2	1
2024-06-30	virtualflybrain.org - GA4	v2.virtualflybrain.org	page_view	114	24
2024-06-30	virtualflybrain.org - GA4	v2.virtualflybrain.org	reconnect-attempt:0	8	6
2024-06-30	virtualflybrain.org - GA4	v2.virtualflybrain.org	reconnect-attempt:1	1	1
2024-06-30	virtualflybrain.org - GA4	v2.virtualflybrain.org	request	160	21
2024-06-30	virtualflybrain.org - GA4	v2.virtualflybrain.org	session_start	92	14
2024-06-30	virtualflybrain.org - GA4	v2.virtualflybrain.org	user_engagement	16	13
2024-06-30	virtualflybrain.org - GA4	virtualflybrain.org	first_visit	1	1
2024-06-30	virtualflybrain.org - GA4	virtualflybrain.org	page_view	4	3
2024-06-30	virtualflybrain.org - GA4	virtualflybrain.org	session_start	3	2
2024-06-30	virtualflybrain.org - GA4	www.virtualflybrain.org	first_visit	17	17
2024-06-30	virtualflybrain.org - GA4	www.virtualflybrain.org	page_view	31	23
2024-06-30	virtualflybrain.org - GA4	www.virtualflybrain.org	session_start	25	23
2024-06-30	virtualflybrain.org - GA4	www.virtualflybrain.org	user_engagement	16	14
