date	streamName	hostName	event	eventCount	usersMin
2025-11-01	virtualflybrain.org - GA4		page_view	627	24
2025-11-01	virtualflybrain.org - GA4	backend.virtualflybrain.org	page_view	3	1
2025-11-01	virtualflybrain.org - GA4	backend.virtualflybrain.org	user_engagement	3	1
2025-11-01	virtualflybrain.org - GA4	buttermilk.inf.ed.ac.uk	first_visit	7	7
2025-11-01	virtualflybrain.org - GA4	buttermilk.inf.ed.ac.uk	page_view	7	7
2025-11-01	virtualflybrain.org - GA4	buttermilk.inf.ed.ac.uk	session_start	7	7
2025-11-01	virtualflybrain.org - GA4	buttermilk.inf.ed.ac.uk	user_engagement	5	5
2025-11-01	virtualflybrain.org - GA4	catmaid-fafb.virtualflybrain.org	first_visit	2	2
2025-11-01	virtualflybrain.org - GA4	catmaid-fafb.virtualflybrain.org	page_view	2	2
2025-11-01	virtualflybrain.org - GA4	catmaid-fafb.virtualflybrain.org	session_start	2	2
2025-11-01	virtualflybrain.org - GA4	catmaid-fafb.virtualflybrain.org	user_engagement	2	2
2025-11-01	virtualflybrain.org - GA4	dare-to-think-beyond-horizon.virtualflybrain.org	first_visit	8	8
2025-11-01	virtualflybrain.org - GA4	dare-to-think-beyond-horizon.virtualflybrain.org	page_view	10	8
2025-11-01	virtualflybrain.org - GA4	dare-to-think-beyond-horizon.virtualflybrain.org	session_start	8	8
2025-11-01	virtualflybrain.org - GA4	diaolift.cn.www.virtualflybrain.org	first_visit	1	1
2025-11-01	virtualflybrain.org - GA4	diaolift.cn.www.virtualflybrain.org	page_view	1	1
2025-11-01	virtualflybrain.org - GA4	diaolift.cn.www.virtualflybrain.org	session_start	1	1
2025-11-01	virtualflybrain.org - GA4	dill.inf.ed.ac.uk	first_visit	13	13
2025-11-01	virtualflybrain.org - GA4	dill.inf.ed.ac.uk	page_view	13	13
2025-11-01	virtualflybrain.org - GA4	dill.inf.ed.ac.uk	session_start	13	13
2025-11-01	virtualflybrain.org - GA4	dill.inf.ed.ac.uk	user_engagement	10	10
2025-11-01	virtualflybrain.org - GA4	natverse5.virtualflybrain.org	first_visit	8	8
2025-11-01	virtualflybrain.org - GA4	natverse5.virtualflybrain.org	page_view	8	8
2025-11-01	virtualflybrain.org - GA4	natverse5.virtualflybrain.org	session_start	8	8
2025-11-01	virtualflybrain.org - GA4	natverse5.virtualflybrain.org	user_engagement	5	5
2025-11-01	virtualflybrain.org - GA4	nblast.virtualflybrain.org	first_visit	3	3
2025-11-01	virtualflybrain.org - GA4	nblast.virtualflybrain.org	page_view	3	3
2025-11-01	virtualflybrain.org - GA4	nblast.virtualflybrain.org	session_start	3	3
2025-11-01	virtualflybrain.org - GA4	nblast.virtualflybrain.org	user_engagement	2	2
2025-11-01	virtualflybrain.org - GA4	olivierdemeulenaere.virtualflybrain.org	first_visit	1	1
2025-11-01	virtualflybrain.org - GA4	olivierdemeulenaere.virtualflybrain.org	page_view	1	1
2025-11-01	virtualflybrain.org - GA4	olivierdemeulenaere.virtualflybrain.org	session_start	1	1
2025-11-01	virtualflybrain.org - GA4	olivierdemeulenaere.virtualflybrain.org	user_engagement	1	1
2025-11-01	virtualflybrain.org - GA4	owl.virtualflybrain.org	first_visit	1954	1953
2025-11-01	virtualflybrain.org - GA4	owl.virtualflybrain.org	page_view	1956	1954
2025-11-01	virtualflybrain.org - GA4	owl.virtualflybrain.org	session_start	1955	1954
2025-11-01	virtualflybrain.org - GA4	owl.virtualflybrain.org	user_engagement	1190	1189
2025-11-01	virtualflybrain.org - GA4	pdb.u3.virtualflybrain.org	first_visit	3	3
2025-11-01	virtualflybrain.org - GA4	pdb.u3.virtualflybrain.org	page_view	3	3
2025-11-01	virtualflybrain.org - GA4	pdb.u3.virtualflybrain.org	session_start	3	3
2025-11-01	virtualflybrain.org - GA4	raw.larval.flylight.virtualflybrain.org	first_visit	2	2
2025-11-01	virtualflybrain.org - GA4	raw.larval.flylight.virtualflybrain.org	page_view	2	2
2025-11-01	virtualflybrain.org - GA4	raw.larval.flylight.virtualflybrain.org	session_start	2	2
2025-11-01	virtualflybrain.org - GA4	raw.larval.flylight.virtualflybrain.org	user_engagement	2	2
2025-11-01	virtualflybrain.org - GA4	sb2.virtualflybrain.org	first_visit	4	4
2025-11-01	virtualflybrain.org - GA4	sb2.virtualflybrain.org	page_view	4	4
2025-11-01	virtualflybrain.org - GA4	sb2.virtualflybrain.org	session_start	4	4
2025-11-01	virtualflybrain.org - GA4	solr.virtualflybrain.org	user_engagement	1	1
2025-11-01	virtualflybrain.org - GA4	v2.virtualflybrain.org	cancelled	24	1
2025-11-01	virtualflybrain.org - GA4	v2.virtualflybrain.org	disconnected	13	7
2025-11-01	virtualflybrain.org - GA4	v2.virtualflybrain.org	errorlog	401	24
2025-11-01	virtualflybrain.org - GA4	v2.virtualflybrain.org	first_visit	412	412
2025-11-01	virtualflybrain.org - GA4	v2.virtualflybrain.org	opening	2	2
2025-11-01	virtualflybrain.org - GA4	v2.virtualflybrain.org	page_view	661	431
2025-11-01	virtualflybrain.org - GA4	v2.virtualflybrain.org	reconnect-attempt:0	11	6
2025-11-01	virtualflybrain.org - GA4	v2.virtualflybrain.org	reconnect-failed-reloading	1	1
2025-11-01	virtualflybrain.org - GA4	v2.virtualflybrain.org	request	252	26
2025-11-01	virtualflybrain.org - GA4	v2.virtualflybrain.org	session_start	488	427
2025-11-01	virtualflybrain.org - GA4	v2.virtualflybrain.org	user_engagement	127	122
2025-11-01	virtualflybrain.org - GA4	v2a.virtualflybrain.org	errorlog	10	1
2025-11-01	virtualflybrain.org - GA4	v2a.virtualflybrain.org	page_view	2	1
2025-11-01	virtualflybrain.org - GA4	v2a.virtualflybrain.org	request	10	1
2025-11-01	virtualflybrain.org - GA4	v2a.virtualflybrain.org	session_start	1	1
2025-11-01	virtualflybrain.org - GA4	v2a.virtualflybrain.org	user_engagement	1	1
2025-11-01	virtualflybrain.org - GA4	virtualflybrain.org	first_visit	6	6
2025-11-01	virtualflybrain.org - GA4	virtualflybrain.org	page_view	8	7
2025-11-01	virtualflybrain.org - GA4	virtualflybrain.org	session_start	7	7
2025-11-01	virtualflybrain.org - GA4	virtualflybrain.org	user_engagement	8	7
2025-11-01	virtualflybrain.org - GA4	www.catmaid.virtualflybrain.org	first_visit	2	2
2025-11-01	virtualflybrain.org - GA4	www.catmaid.virtualflybrain.org	page_view	2	2
2025-11-01	virtualflybrain.org - GA4	www.catmaid.virtualflybrain.org	session_start	2	2
2025-11-01	virtualflybrain.org - GA4	www.nblast.virtualflybrain.org	first_visit	3	3
2025-11-01	virtualflybrain.org - GA4	www.nblast.virtualflybrain.org	page_view	3	3
2025-11-01	virtualflybrain.org - GA4	www.nblast.virtualflybrain.org	session_start	3	3
2025-11-01	virtualflybrain.org - GA4	www.virtualflybrain.org	first_visit	576	576
2025-11-01	virtualflybrain.org - GA4	www.virtualflybrain.org	page_view	612	581
2025-11-01	virtualflybrain.org - GA4	www.virtualflybrain.org	session_start	583	581
2025-11-01	virtualflybrain.org - GA4	www.virtualflybrain.org	user_engagement	381	352
2025-11-02	virtualflybrain.org - GA4		page_view	559	30
2025-11-02	virtualflybrain.org - GA4	backend.virtualflybrain.org	first_visit	1	1
2025-11-02	virtualflybrain.org - GA4	backend.virtualflybrain.org	page_view	1	1
2025-11-02	virtualflybrain.org - GA4	backend.virtualflybrain.org	session_start	1	1
2025-11-02	virtualflybrain.org - GA4	backend.virtualflybrain.org	user_engagement	1	1
2025-11-02	virtualflybrain.org - GA4	blog.virtualflybrain.org	first_visit	1	1
2025-11-02	virtualflybrain.org - GA4	blog.virtualflybrain.org	page_view	1	1
2025-11-02	virtualflybrain.org - GA4	blog.virtualflybrain.org	session_start	1	1
2025-11-02	virtualflybrain.org - GA4	catmaid-fafb.virtualflybrain.org	first_visit	1	1
2025-11-02	virtualflybrain.org - GA4	catmaid-fafb.virtualflybrain.org	page_view	1	1
2025-11-02	virtualflybrain.org - GA4	catmaid-fafb.virtualflybrain.org	session_start	1	1
2025-11-02	virtualflybrain.org - GA4	dare-to-think-beyond-horizon.virtualflybrain.org	first_visit	1	1
2025-11-02	virtualflybrain.org - GA4	dare-to-think-beyond-horizon.virtualflybrain.org	page_view	1	1
2025-11-02	virtualflybrain.org - GA4	dare-to-think-beyond-horizon.virtualflybrain.org	session_start	1	1
2025-11-02	virtualflybrain.org - GA4	dill.inf.ed.ac.uk	first_visit	14	14
2025-11-02	virtualflybrain.org - GA4	dill.inf.ed.ac.uk	page_view	14	14
2025-11-02	virtualflybrain.org - GA4	dill.inf.ed.ac.uk	session_start	14	14
2025-11-02	virtualflybrain.org - GA4	dill.inf.ed.ac.uk	user_engagement	10	10
2025-11-02	virtualflybrain.org - GA4	natverse5.virtualflybrain.org	first_visit	231	231
2025-11-02	virtualflybrain.org - GA4	natverse5.virtualflybrain.org	page_view	231	231
2025-11-02	virtualflybrain.org - GA4	natverse5.virtualflybrain.org	session_start	231	231
2025-11-02	virtualflybrain.org - GA4	natverse5.virtualflybrain.org	user_engagement	158	158
2025-11-02	virtualflybrain.org - GA4	nblast.virtualflybrain.org	first_visit	1	1
2025-11-02	virtualflybrain.org - GA4	nblast.virtualflybrain.org	page_view	1	1
2025-11-02	virtualflybrain.org - GA4	nblast.virtualflybrain.org	session_start	1	1
2025-11-02	virtualflybrain.org - GA4	olivierdemeulenaere.virtualflybrain.org	first_visit	1	1
2025-11-02	virtualflybrain.org - GA4	olivierdemeulenaere.virtualflybrain.org	page_view	1	1
2025-11-02	virtualflybrain.org - GA4	olivierdemeulenaere.virtualflybrain.org	session_start	1	1
2025-11-02	virtualflybrain.org - GA4	olivierdemeulenaere.virtualflybrain.org	user_engagement	1	1
2025-11-02	virtualflybrain.org - GA4	owl.virtualflybrain.org	first_visit	1569	1569
2025-11-02	virtualflybrain.org - GA4	owl.virtualflybrain.org	page_view	1569	1569
2025-11-02	virtualflybrain.org - GA4	owl.virtualflybrain.org	session_start	1569	1569
2025-11-02	virtualflybrain.org - GA4	owl.virtualflybrain.org	user_engagement	791	791
2025-11-02	virtualflybrain.org - GA4	raw.larval.flylight.virtualflybrain.org	page_view	3	1
2025-11-02	virtualflybrain.org - GA4	raw.larval.flylight.virtualflybrain.org	session_start	2	2
2025-11-02	virtualflybrain.org - GA4	raw.larval.flylight.virtualflybrain.org	user_engagement	2	2
2025-11-02	virtualflybrain.org - GA4	sb1.virtualflybrain.org	page_view	3	1
2025-11-02	virtualflybrain.org - GA4	sb1.virtualflybrain.org	session_start	1	1
2025-11-02	virtualflybrain.org - GA4	sb1.virtualflybrain.org	user_engagement	5	1
2025-11-02	virtualflybrain.org - GA4	v2.virtualflybrain.org	cancelled	10	1
2025-11-02	virtualflybrain.org - GA4	v2.virtualflybrain.org	disconnected	17	7
2025-11-02	virtualflybrain.org - GA4	v2.virtualflybrain.org	errorlog	335	30
2025-11-02	virtualflybrain.org - GA4	v2.virtualflybrain.org	first_visit	340	340
2025-11-02	virtualflybrain.org - GA4	v2.virtualflybrain.org	page_view	434	357
2025-11-02	virtualflybrain.org - GA4	v2.virtualflybrain.org	reconnect-attempt:0	14	6
2025-11-02	virtualflybrain.org - GA4	v2.virtualflybrain.org	reconnect-attempt:1	1	1
2025-11-02	virtualflybrain.org - GA4	v2.virtualflybrain.org	request	257	32
2025-11-02	virtualflybrain.org - GA4	v2.virtualflybrain.org	session_start	401	349
2025-11-02	virtualflybrain.org - GA4	v2.virtualflybrain.org	user_engagement	121	106
2025-11-02	virtualflybrain.org - GA4	virtualflybrain.org	first_visit	5	5
2025-11-02	virtualflybrain.org - GA4	virtualflybrain.org	page_view	9	8
2025-11-02	virtualflybrain.org - GA4	virtualflybrain.org	session_start	8	8
2025-11-02	virtualflybrain.org - GA4	virtualflybrain.org	user_engagement	5	4
2025-11-02	virtualflybrain.org - GA4	webtop.virtualflybrain.org	first_visit	1	1
2025-11-02	virtualflybrain.org - GA4	webtop.virtualflybrain.org	page_view	1	1
2025-11-02	virtualflybrain.org - GA4	webtop.virtualflybrain.org	session_start	1	1
2025-11-02	virtualflybrain.org - GA4	webtop.virtualflybrain.org	user_engagement	1	1
2025-11-02	virtualflybrain.org - GA4	www.catmaid.virtualflybrain.org	first_visit	2	2
2025-11-02	virtualflybrain.org - GA4	www.catmaid.virtualflybrain.org	page_view	2	2
2025-11-02	virtualflybrain.org - GA4	www.catmaid.virtualflybrain.org	session_start	2	2
2025-11-02	virtualflybrain.org - GA4	www.nblast.virtualflybrain.org	first_visit	1	1
2025-11-02	virtualflybrain.org - GA4	www.nblast.virtualflybrain.org	page_view	1	1
2025-11-02	virtualflybrain.org - GA4	www.nblast.virtualflybrain.org	session_start	1	1
2025-11-02	virtualflybrain.org - GA4	www.virtualflybrain.org	first_visit	1315	1314
2025-11-02	virtualflybrain.org - GA4	www.virtualflybrain.org	page_view	1341	1320
2025-11-02	virtualflybrain.org - GA4	www.virtualflybrain.org	session_start	1321	1318
2025-11-02	virtualflybrain.org - GA4	www.virtualflybrain.org	user_engagement	824	797
2025-11-03	virtualflybrain.org - GA4		page_view	784	36
2025-11-03	virtualflybrain.org - GA4	129.215.197.101	first_visit	2	2
2025-11-03	virtualflybrain.org - GA4	129.215.197.101	page_view	2	2
2025-11-03	virtualflybrain.org - GA4	129.215.197.101	session_start	2	2
2025-11-03	virtualflybrain.org - GA4	catmaid-fafb.virtualflybrain.org	first_visit	3	3
2025-11-03	virtualflybrain.org - GA4	catmaid-fafb.virtualflybrain.org	page_view	3	3
2025-11-03	virtualflybrain.org - GA4	catmaid-fafb.virtualflybrain.org	session_start	3	3
2025-11-03	virtualflybrain.org - GA4	catmaid-fafb.virtualflybrain.org	user_engagement	1	1
2025-11-03	virtualflybrain.org - GA4	dare-to-think-beyond-horizon.virtualflybrain.org	first_visit	2	2
2025-11-03	virtualflybrain.org - GA4	dare-to-think-beyond-horizon.virtualflybrain.org	page_view	2	2
2025-11-03	virtualflybrain.org - GA4	dare-to-think-beyond-horizon.virtualflybrain.org	session_start	2	2
2025-11-03	virtualflybrain.org - GA4	dev.virtualflybrain.org	page_view	1	1
2025-11-03	virtualflybrain.org - GA4	dev.virtualflybrain.org	session_start	1	1
2025-11-03	virtualflybrain.org - GA4	dev.virtualflybrain.org	user_engagement	2	1
2025-11-03	virtualflybrain.org - GA4	dill.inf.ed.ac.uk	first_visit	12	12
2025-11-03	virtualflybrain.org - GA4	dill.inf.ed.ac.uk	page_view	12	12
2025-11-03	virtualflybrain.org - GA4	dill.inf.ed.ac.uk	session_start	12	12
2025-11-03	virtualflybrain.org - GA4	dill.inf.ed.ac.uk	user_engagement	7	7
2025-11-03	virtualflybrain.org - GA4	flybrain.inf.ed.ac.uk	first_visit	1	1
2025-11-03	virtualflybrain.org - GA4	flybrain.inf.ed.ac.uk	page_view	1	1
2025-11-03	virtualflybrain.org - GA4	flybrain.inf.ed.ac.uk	session_start	1	1
2025-11-03	virtualflybrain.org - GA4	jupyter.virtualflybrain.org	first_visit	2	2
2025-11-03	virtualflybrain.org - GA4	jupyter.virtualflybrain.org	page_view	2	2
2025-11-03	virtualflybrain.org - GA4	jupyter.virtualflybrain.org	session_start	2	2
2025-11-03	virtualflybrain.org - GA4	mayo.inf.ed.ac.uk	first_visit	1	1
2025-11-03	virtualflybrain.org - GA4	mayo.inf.ed.ac.uk	page_view	1	1
2025-11-03	virtualflybrain.org - GA4	mayo.inf.ed.ac.uk	session_start	1	1
2025-11-03	virtualflybrain.org - GA4	mayo.inf.ed.ac.uk	user_engagement	1	1
2025-11-03	virtualflybrain.org - GA4	natverse5.virtualflybrain.org	first_visit	102	102
2025-11-03	virtualflybrain.org - GA4	natverse5.virtualflybrain.org	page_view	102	102
2025-11-03	virtualflybrain.org - GA4	natverse5.virtualflybrain.org	session_start	102	102
2025-11-03	virtualflybrain.org - GA4	natverse5.virtualflybrain.org	user_engagement	66	66
2025-11-03	virtualflybrain.org - GA4	nblast.virtualflybrain.org	first_visit	4	4
2025-11-03	virtualflybrain.org - GA4	nblast.virtualflybrain.org	page_view	4	4
2025-11-03	virtualflybrain.org - GA4	nblast.virtualflybrain.org	session_start	4	4
2025-11-03	virtualflybrain.org - GA4	nblast.virtualflybrain.org	user_engagement	2	2
2025-11-03	virtualflybrain.org - GA4	olivierdemeulenaere.virtualflybrain.org	first_visit	1	1
2025-11-03	virtualflybrain.org - GA4	olivierdemeulenaere.virtualflybrain.org	page_view	1	1
2025-11-03	virtualflybrain.org - GA4	olivierdemeulenaere.virtualflybrain.org	session_start	1	1
2025-11-03	virtualflybrain.org - GA4	olivierdemeulenaere.virtualflybrain.org	user_engagement	1	1
2025-11-03	virtualflybrain.org - GA4	owl.virtualflybrain.org	first_visit	1042	1042
2025-11-03	virtualflybrain.org - GA4	owl.virtualflybrain.org	page_view	1042	1042
2025-11-03	virtualflybrain.org - GA4	owl.virtualflybrain.org	session_start	1042	1042
2025-11-03	virtualflybrain.org - GA4	owl.virtualflybrain.org	user_engagement	538	538
2025-11-03	virtualflybrain.org - GA4	raw.larval.flylight.virtualflybrain.org	first_visit	1	1
2025-11-03	virtualflybrain.org - GA4	raw.larval.flylight.virtualflybrain.org	page_view	1	1
2025-11-03	virtualflybrain.org - GA4	raw.larval.flylight.virtualflybrain.org	session_start	2	2
2025-11-03	virtualflybrain.org - GA4	raw.larval.flylight.virtualflybrain.org	user_engagement	3	2
2025-11-03	virtualflybrain.org - GA4	surechembl-legacy.webservices.virtualflybrain.org	first_visit	1	1
2025-11-03	virtualflybrain.org - GA4	surechembl-legacy.webservices.virtualflybrain.org	page_view	1	1
2025-11-03	virtualflybrain.org - GA4	surechembl-legacy.webservices.virtualflybrain.org	session_start	1	1
2025-11-03	virtualflybrain.org - GA4	v2.virtualflybrain.org	cancelled	1	1
2025-11-03	virtualflybrain.org - GA4	v2.virtualflybrain.org	disconnected	32	10
2025-11-03	virtualflybrain.org - GA4	v2.virtualflybrain.org	errorlog	401	36
2025-11-03	virtualflybrain.org - GA4	v2.virtualflybrain.org	first_visit	274	274
2025-11-03	virtualflybrain.org - GA4	v2.virtualflybrain.org	page_view	399	306
2025-11-03	virtualflybrain.org - GA4	v2.virtualflybrain.org	reconnect-attempt:0	30	10
2025-11-03	virtualflybrain.org - GA4	v2.virtualflybrain.org	reconnect-failed-reloading	1	1
2025-11-03	virtualflybrain.org - GA4	v2.virtualflybrain.org	request	340	38
2025-11-03	virtualflybrain.org - GA4	v2.virtualflybrain.org	session_start	376	297
2025-11-03	virtualflybrain.org - GA4	v2.virtualflybrain.org	user_engagement	101	95
2025-11-03	virtualflybrain.org - GA4	virtualflybrain.github.io	first_visit	1	1
2025-11-03	virtualflybrain.org - GA4	virtualflybrain.github.io	page_view	1	1
2025-11-03	virtualflybrain.org - GA4	virtualflybrain.github.io	session_start	1	1
2025-11-03	virtualflybrain.org - GA4	virtualflybrain.org	first_visit	10	10
2025-11-03	virtualflybrain.org - GA4	virtualflybrain.org	page_view	18	12
2025-11-03	virtualflybrain.org - GA4	virtualflybrain.org	session_start	14	12
2025-11-03	virtualflybrain.org - GA4	virtualflybrain.org	user_engagement	12	6
2025-11-03	virtualflybrain.org - GA4	www.virtualflybrain.org	first_visit	1474	1474
2025-11-03	virtualflybrain.org - GA4	www.virtualflybrain.org	page_view	1506	1482
2025-11-03	virtualflybrain.org - GA4	www.virtualflybrain.org	session_start	1487	1484
2025-11-03	virtualflybrain.org - GA4	www.virtualflybrain.org	user_engagement	830	805
2025-11-04	virtualflybrain.org - GA4		page_view	1133	44
2025-11-04	virtualflybrain.org - GA4	129.215.197.101	first_visit	2	2
2025-11-04	virtualflybrain.org - GA4	129.215.197.101	page_view	2	2
2025-11-04	virtualflybrain.org - GA4	129.215.197.101	session_start	2	2
2025-11-04	virtualflybrain.org - GA4	129.215.197.110	first_visit	2	2
2025-11-04	virtualflybrain.org - GA4	129.215.197.110	page_view	2	2
2025-11-04	virtualflybrain.org - GA4	129.215.197.110	session_start	2	2
2025-11-04	virtualflybrain.org - GA4	129.215.197.120	first_visit	2	2
2025-11-04	virtualflybrain.org - GA4	129.215.197.120	page_view	2	2
2025-11-04	virtualflybrain.org - GA4	129.215.197.120	session_start	2	2
2025-11-04	virtualflybrain.org - GA4	129.215.197.143	first_visit	1	1
2025-11-04	virtualflybrain.org - GA4	129.215.197.143	page_view	1	1
2025-11-04	virtualflybrain.org - GA4	129.215.197.143	session_start	1	1
2025-11-04	virtualflybrain.org - GA4	129.215.197.144	first_visit	1	1
2025-11-04	virtualflybrain.org - GA4	129.215.197.144	page_view	1	1
2025-11-04	virtualflybrain.org - GA4	129.215.197.144	session_start	1	1
2025-11-04	virtualflybrain.org - GA4	129.215.197.147	first_visit	1	1
2025-11-04	virtualflybrain.org - GA4	129.215.197.147	page_view	1	1
2025-11-04	virtualflybrain.org - GA4	129.215.197.147	session_start	1	1
2025-11-04	virtualflybrain.org - GA4	buttermilk.inf.ed.ac.uk	first_visit	1	1
2025-11-04	virtualflybrain.org - GA4	buttermilk.inf.ed.ac.uk	page_view	2	2
2025-11-04	virtualflybrain.org - GA4	buttermilk.inf.ed.ac.uk	session_start	2	2
2025-11-04	virtualflybrain.org - GA4	catmaid-fafb.virtualflybrain.org	first_visit	2	2
2025-11-04	virtualflybrain.org - GA4	catmaid-fafb.virtualflybrain.org	page_view	2	2
2025-11-04	virtualflybrain.org - GA4	catmaid-fafb.virtualflybrain.org	session_start	2	2
2025-11-04	virtualflybrain.org - GA4	chive.inf.ed.ac.uk	first_visit	1	1
2025-11-04	virtualflybrain.org - GA4	chive.inf.ed.ac.uk	page_view	1	1
2025-11-04	virtualflybrain.org - GA4	chive.inf.ed.ac.uk	session_start	1	1
2025-11-04	virtualflybrain.org - GA4	dare-to-think-beyond-horizon.virtualflybrain.org	first_visit	4	4
2025-11-04	virtualflybrain.org - GA4	dare-to-think-beyond-horizon.virtualflybrain.org	page_view	4	4
2025-11-04	virtualflybrain.org - GA4	dare-to-think-beyond-horizon.virtualflybrain.org	session_start	4	4
2025-11-04	virtualflybrain.org - GA4	dill.inf.ed.ac.uk	first_visit	36	36
2025-11-04	virtualflybrain.org - GA4	dill.inf.ed.ac.uk	page_view	36	36
2025-11-04	virtualflybrain.org - GA4	dill.inf.ed.ac.uk	session_start	36	36
2025-11-04	virtualflybrain.org - GA4	dill.inf.ed.ac.uk	user_engagement	26	26
2025-11-04	virtualflybrain.org - GA4	flybrain.inf.ed.ac.uk	first_visit	1	1
2025-11-04	virtualflybrain.org - GA4	flybrain.inf.ed.ac.uk	page_view	1	1
2025-11-04	virtualflybrain.org - GA4	flybrain.inf.ed.ac.uk	session_start	1	1
2025-11-04	virtualflybrain.org - GA4	herd.virtualflybrain.org	first_visit	2	2
2025-11-04	virtualflybrain.org - GA4	herd.virtualflybrain.org	page_view	2	2
2025-11-04	virtualflybrain.org - GA4	herd.virtualflybrain.org	session_start	2	2
2025-11-04	virtualflybrain.org - GA4	mayo.inf.ed.ac.uk	first_visit	1	1
2025-11-04	virtualflybrain.org - GA4	mayo.inf.ed.ac.uk	page_view	1	1
2025-11-04	virtualflybrain.org - GA4	mayo.inf.ed.ac.uk	session_start	1	1
2025-11-04	virtualflybrain.org - GA4	natverse2.virtualflybrain.org	first_visit	2	2
2025-11-04	virtualflybrain.org - GA4	natverse2.virtualflybrain.org	page_view	2	2
2025-11-04	virtualflybrain.org - GA4	natverse2.virtualflybrain.org	session_start	2	2
2025-11-04	virtualflybrain.org - GA4	natverse4.virtualflybrain.org	first_visit	2	2
2025-11-04	virtualflybrain.org - GA4	natverse4.virtualflybrain.org	page_view	2	2
2025-11-04	virtualflybrain.org - GA4	natverse4.virtualflybrain.org	session_start	2	2
2025-11-04	virtualflybrain.org - GA4	natverse5.virtualflybrain.org	first_visit	27	27
2025-11-04	virtualflybrain.org - GA4	natverse5.virtualflybrain.org	page_view	27	27
2025-11-04	virtualflybrain.org - GA4	natverse5.virtualflybrain.org	session_start	27	27
2025-11-04	virtualflybrain.org - GA4	natverse5.virtualflybrain.org	user_engagement	19	19
2025-11-04	virtualflybrain.org - GA4	nblast.virtualflybrain.org	first_visit	6	6
2025-11-04	virtualflybrain.org - GA4	nblast.virtualflybrain.org	page_view	6	6
2025-11-04	virtualflybrain.org - GA4	nblast.virtualflybrain.org	session_start	6	6
2025-11-04	virtualflybrain.org - GA4	nblast.virtualflybrain.org	user_engagement	5	5
2025-11-04	virtualflybrain.org - GA4	olivierdemeulenaere.virtualflybrain.org	first_visit	1	1
2025-11-04	virtualflybrain.org - GA4	olivierdemeulenaere.virtualflybrain.org	page_view	1	1
2025-11-04	virtualflybrain.org - GA4	olivierdemeulenaere.virtualflybrain.org	session_start	1	1
2025-11-04	virtualflybrain.org - GA4	owl.virtualflybrain.org	first_visit	660	660
2025-11-04	virtualflybrain.org - GA4	owl.virtualflybrain.org	page_view	660	660
2025-11-04	virtualflybrain.org - GA4	owl.virtualflybrain.org	session_start	660	660
2025-11-04	virtualflybrain.org - GA4	owl.virtualflybrain.org	user_engagement	451	451
2025-11-04	virtualflybrain.org - GA4	p2.virtualflybrain.org	first_visit	3	3
2025-11-04	virtualflybrain.org - GA4	p2.virtualflybrain.org	page_view	3	3
2025-11-04	virtualflybrain.org - GA4	p2.virtualflybrain.org	session_start	3	3
2025-11-04	virtualflybrain.org - GA4	parsley.inf.ed.ac.uk	first_visit	1	1
2025-11-04	virtualflybrain.org - GA4	parsley.inf.ed.ac.uk	page_view	1	1
2025-11-04	virtualflybrain.org - GA4	parsley.inf.ed.ac.uk	session_start	1	1
2025-11-04	virtualflybrain.org - GA4	raw.larval.flylight.virtualflybrain.org	first_visit	2	2
2025-11-04	virtualflybrain.org - GA4	raw.larval.flylight.virtualflybrain.org	page_view	3	3
2025-11-04	virtualflybrain.org - GA4	raw.larval.flylight.virtualflybrain.org	session_start	3	3
2025-11-04	virtualflybrain.org - GA4	raw.larval.flylight.virtualflybrain.org	user_engagement	1	1
2025-11-04	virtualflybrain.org - GA4	solr-alpha.virtualflybrain.org	page_view	1	1
2025-11-04	virtualflybrain.org - GA4	sourcream.inf.ed.ac.uk	first_visit	1	1
2025-11-04	virtualflybrain.org - GA4	sourcream.inf.ed.ac.uk	page_view	1	1
2025-11-04	virtualflybrain.org - GA4	sourcream.inf.ed.ac.uk	session_start	1	1
2025-11-04	virtualflybrain.org - GA4	surechembl-legacy.webservices.virtualflybrain.org	first_visit	1	1
2025-11-04	virtualflybrain.org - GA4	surechembl-legacy.webservices.virtualflybrain.org	page_view	1	1
2025-11-04	virtualflybrain.org - GA4	surechembl-legacy.webservices.virtualflybrain.org	session_start	1	1
2025-11-04	virtualflybrain.org - GA4	ubuntu.virtualflybrain.org	first_visit	2	2
2025-11-04	virtualflybrain.org - GA4	ubuntu.virtualflybrain.org	page_view	2	2
2025-11-04	virtualflybrain.org - GA4	ubuntu.virtualflybrain.org	session_start	2	2
2025-11-04	virtualflybrain.org - GA4	v2-dev.virtualflybrain.org	first_visit	3	3
2025-11-04	virtualflybrain.org - GA4	v2-dev.virtualflybrain.org	page_view	7	3
2025-11-04	virtualflybrain.org - GA4	v2-dev.virtualflybrain.org	session_start	3	3
2025-11-04	virtualflybrain.org - GA4	v2-dev.virtualflybrain.org	user_engagement	5	2
2025-11-04	virtualflybrain.org - GA4	v2.virtualflybrain.org	disconnected	32	14
2025-11-04	virtualflybrain.org - GA4	v2.virtualflybrain.org	errorlog	494	46
2025-11-04	virtualflybrain.org - GA4	v2.virtualflybrain.org	first_visit	93	93
2025-11-04	virtualflybrain.org - GA4	v2.virtualflybrain.org	opening	5	2
2025-11-04	virtualflybrain.org - GA4	v2.virtualflybrain.org	page_view	237	137
2025-11-04	virtualflybrain.org - GA4	v2.virtualflybrain.org	reconnect-attempt:0	29	13
2025-11-04	virtualflybrain.org - GA4	v2.virtualflybrain.org	reconnect-attempt:1	1	1
2025-11-04	virtualflybrain.org - GA4	v2.virtualflybrain.org	request	429	47
2025-11-04	virtualflybrain.org - GA4	v2.virtualflybrain.org	session_start	181	123
2025-11-04	virtualflybrain.org - GA4	v2.virtualflybrain.org	user_engagement	68	63
2025-11-04	virtualflybrain.org - GA4	v2a.virtualflybrain.org	errorlog	12	1
2025-11-04	virtualflybrain.org - GA4	v2a.virtualflybrain.org	page_view	4	1
2025-11-04	virtualflybrain.org - GA4	v2a.virtualflybrain.org	request	6	1
2025-11-04	virtualflybrain.org - GA4	v2a.virtualflybrain.org	session_start	2	1
2025-11-04	virtualflybrain.org - GA4	v2a.virtualflybrain.org	user_engagement	4	1
2025-11-04	virtualflybrain.org - GA4	virtualflybrain.org	first_visit	14	14
2025-11-04	virtualflybrain.org - GA4	virtualflybrain.org	page_view	31	16
2025-11-04	virtualflybrain.org - GA4	virtualflybrain.org	session_start	17	16
2025-11-04	virtualflybrain.org - GA4	virtualflybrain.org	user_engagement	22	10
2025-11-04	virtualflybrain.org - GA4	www.virtualflybrain.org	first_visit	640	638
2025-11-04	virtualflybrain.org - GA4	www.virtualflybrain.org	page_view	673	649
2025-11-04	virtualflybrain.org - GA4	www.virtualflybrain.org	session_start	651	646
2025-11-04	virtualflybrain.org - GA4	www.virtualflybrain.org	user_engagement	467	448
2025-11-05	virtualflybrain.org - GA4		page_view	1960	55
2025-11-05	virtualflybrain.org - GA4	129.215.197.120	first_visit	1	1
2025-11-05	virtualflybrain.org - GA4	129.215.197.120	page_view	1	1
2025-11-05	virtualflybrain.org - GA4	129.215.197.120	session_start	1	1
2025-11-05	virtualflybrain.org - GA4	129.215.197.144	first_visit	1	1
2025-11-05	virtualflybrain.org - GA4	129.215.197.144	page_view	1	1
2025-11-05	virtualflybrain.org - GA4	129.215.197.144	session_start	1	1
2025-11-05	virtualflybrain.org - GA4	129.215.197.147	first_visit	1	1
2025-11-05	virtualflybrain.org - GA4	129.215.197.147	page_view	1	1
2025-11-05	virtualflybrain.org - GA4	129.215.197.147	session_start	1	1
2025-11-05	virtualflybrain.org - GA4	catmaid-fafb.virtualflybrain.org	first_visit	4	4
2025-11-05	virtualflybrain.org - GA4	catmaid-fafb.virtualflybrain.org	page_view	4	4
2025-11-05	virtualflybrain.org - GA4	catmaid-fafb.virtualflybrain.org	session_start	4	4
2025-11-05	virtualflybrain.org - GA4	dill.inf.ed.ac.uk	first_visit	11	11
2025-11-05	virtualflybrain.org - GA4	dill.inf.ed.ac.uk	page_view	11	11
2025-11-05	virtualflybrain.org - GA4	dill.inf.ed.ac.uk	session_start	11	11
2025-11-05	virtualflybrain.org - GA4	dill.inf.ed.ac.uk	user_engagement	5	5
2025-11-05	virtualflybrain.org - GA4	natverse5.virtualflybrain.org	first_visit	7	7
2025-11-05	virtualflybrain.org - GA4	natverse5.virtualflybrain.org	page_view	7	7
2025-11-05	virtualflybrain.org - GA4	natverse5.virtualflybrain.org	session_start	7	7
2025-11-05	virtualflybrain.org - GA4	natverse5.virtualflybrain.org	user_engagement	3	3
2025-11-05	virtualflybrain.org - GA4	nblast.virtualflybrain.org	first_visit	5	5
2025-11-05	virtualflybrain.org - GA4	nblast.virtualflybrain.org	page_view	5	5
2025-11-05	virtualflybrain.org - GA4	nblast.virtualflybrain.org	session_start	5	5
2025-11-05	virtualflybrain.org - GA4	olivierdemeulenaere.virtualflybrain.org	first_visit	1	1
2025-11-05	virtualflybrain.org - GA4	olivierdemeulenaere.virtualflybrain.org	page_view	1	1
2025-11-05	virtualflybrain.org - GA4	olivierdemeulenaere.virtualflybrain.org	session_start	1	1
2025-11-05	virtualflybrain.org - GA4	olivierdemeulenaere.virtualflybrain.org	user_engagement	1	1
2025-11-05	virtualflybrain.org - GA4	owl.virtualflybrain.org	first_visit	201	201
2025-11-05	virtualflybrain.org - GA4	owl.virtualflybrain.org	page_view	201	201
2025-11-05	virtualflybrain.org - GA4	owl.virtualflybrain.org	session_start	201	201
2025-11-05	virtualflybrain.org - GA4	owl.virtualflybrain.org	user_engagement	135	135
2025-11-05	virtualflybrain.org - GA4	raw.larval.flylight.virtualflybrain.org	first_visit	2	2
2025-11-05	virtualflybrain.org - GA4	raw.larval.flylight.virtualflybrain.org	page_view	4	3
2025-11-05	virtualflybrain.org - GA4	raw.larval.flylight.virtualflybrain.org	session_start	3	3
2025-11-05	virtualflybrain.org - GA4	surechembl-legacy.webservices.virtualflybrain.org	user_engagement	1	1
2025-11-05	virtualflybrain.org - GA4	v2.virtualflybrain.org	cancelled	3	2
2025-11-05	virtualflybrain.org - GA4	v2.virtualflybrain.org	disconnected	43	17
2025-11-05	virtualflybrain.org - GA4	v2.virtualflybrain.org	errorlog	810	54
2025-11-05	virtualflybrain.org - GA4	v2.virtualflybrain.org	first_visit	145	145
2025-11-05	virtualflybrain.org - GA4	v2.virtualflybrain.org	opening	9	4
2025-11-05	virtualflybrain.org - GA4	v2.virtualflybrain.org	page_view	295	187
2025-11-05	virtualflybrain.org - GA4	v2.virtualflybrain.org	reconnect-attempt:0	41	15
2025-11-05	virtualflybrain.org - GA4	v2.virtualflybrain.org	reconnect-failed-reloading	3	2
2025-11-05	virtualflybrain.org - GA4	v2.virtualflybrain.org	request	750	55
2025-11-05	virtualflybrain.org - GA4	v2.virtualflybrain.org	session_start	222	169
2025-11-05	virtualflybrain.org - GA4	v2.virtualflybrain.org	user_engagement	91	72
2025-11-05	virtualflybrain.org - GA4	v2a.virtualflybrain.org	errorlog	3	1
2025-11-05	virtualflybrain.org - GA4	v2a.virtualflybrain.org	page_view	1	1
2025-11-05	virtualflybrain.org - GA4	v2a.virtualflybrain.org	request	3	1
2025-11-05	virtualflybrain.org - GA4	virtualflybrain.org	first_visit	18	18
2025-11-05	virtualflybrain.org - GA4	virtualflybrain.org	page_view	33	21
2025-11-05	virtualflybrain.org - GA4	virtualflybrain.org	session_start	21	20
2025-11-05	virtualflybrain.org - GA4	virtualflybrain.org	user_engagement	28	16
2025-11-05	virtualflybrain.org - GA4	www.catmaid.virtualflybrain.org	first_visit	5	5
2025-11-05	virtualflybrain.org - GA4	www.catmaid.virtualflybrain.org	page_view	5	5
2025-11-05	virtualflybrain.org - GA4	www.catmaid.virtualflybrain.org	session_start	5	5
2025-11-05	virtualflybrain.org - GA4	www.catmaid.virtualflybrain.org	user_engagement	1	1
2025-11-05	virtualflybrain.org - GA4	www.virtualflybrain.org	first_visit	1174	1174
2025-11-05	virtualflybrain.org - GA4	www.virtualflybrain.org	page_view	1215	1181
2025-11-05	virtualflybrain.org - GA4	www.virtualflybrain.org	session_start	1183	1181
2025-11-05	virtualflybrain.org - GA4	www.virtualflybrain.org	user_engagement	779	746
2025-11-06	virtualflybrain.org - GA4		page_view	1973	51
2025-11-06	virtualflybrain.org - GA4	129.215.197.101	user_engagement	1	1
2025-11-06	virtualflybrain.org - GA4	129.215.197.110	first_visit	1	1
2025-11-06	virtualflybrain.org - GA4	129.215.197.110	page_view	1	1
2025-11-06	virtualflybrain.org - GA4	129.215.197.110	session_start	1	1
2025-11-06	virtualflybrain.org - GA4	981gwa2l.virtualflybrain.org	first_visit	1	1
2025-11-06	virtualflybrain.org - GA4	981gwa2l.virtualflybrain.org	page_view	1	1
2025-11-06	virtualflybrain.org - GA4	981gwa2l.virtualflybrain.org	session_start	1	1
2025-11-06	virtualflybrain.org - GA4	blanik-jenkins.virtualflybrain.org	first_visit	1	1
2025-11-06	virtualflybrain.org - GA4	blanik-jenkins.virtualflybrain.org	page_view	1	1
2025-11-06	virtualflybrain.org - GA4	blanik-jenkins.virtualflybrain.org	session_start	1	1
2025-11-06	virtualflybrain.org - GA4	blog.virtualflybrain.org	first_visit	2	2
2025-11-06	virtualflybrain.org - GA4	blog.virtualflybrain.org	page_view	2	2
2025-11-06	virtualflybrain.org - GA4	blog.virtualflybrain.org	session_start	2	2
2025-11-06	virtualflybrain.org - GA4	blog.virtualflybrain.org	user_engagement	1	1
2025-11-06	virtualflybrain.org - GA4	catmaid-fafb.virtualflybrain.org	first_visit	2	2
2025-11-06	virtualflybrain.org - GA4	catmaid-fafb.virtualflybrain.org	page_view	2	2
2025-11-06	virtualflybrain.org - GA4	catmaid-fafb.virtualflybrain.org	session_start	2	2
2025-11-06	virtualflybrain.org - GA4	dev.virtualflybrain.org	first_visit	1	1
2025-11-06	virtualflybrain.org - GA4	dev.virtualflybrain.org	page_view	1	1
2025-11-06	virtualflybrain.org - GA4	dev.virtualflybrain.org	session_start	1	1
2025-11-06	virtualflybrain.org - GA4	dill.inf.ed.ac.uk	first_visit	10	10
2025-11-06	virtualflybrain.org - GA4	dill.inf.ed.ac.uk	page_view	10	10
2025-11-06	virtualflybrain.org - GA4	dill.inf.ed.ac.uk	session_start	10	10
2025-11-06	virtualflybrain.org - GA4	dill.inf.ed.ac.uk	user_engagement	9	9
2025-11-06	virtualflybrain.org - GA4	flybrain.inf.ed.ac.uk	first_visit	4	4
2025-11-06	virtualflybrain.org - GA4	flybrain.inf.ed.ac.uk	page_view	4	4
2025-11-06	virtualflybrain.org - GA4	flybrain.inf.ed.ac.uk	session_start	4	4
2025-11-06	virtualflybrain.org - GA4	flybrain.inf.ed.ac.uk	user_engagement	3	3
2025-11-06	virtualflybrain.org - GA4	grafana.virtualflybrain.org	first_visit	1	1
2025-11-06	virtualflybrain.org - GA4	grafana.virtualflybrain.org	page_view	1	1
2025-11-06	virtualflybrain.org - GA4	grafana.virtualflybrain.org	session_start	1	1
2025-11-06	virtualflybrain.org - GA4	herd.virtualflybrain.org	first_visit	1	1
2025-11-06	virtualflybrain.org - GA4	herd.virtualflybrain.org	page_view	1	1
2025-11-06	virtualflybrain.org - GA4	herd.virtualflybrain.org	session_start	1	1
2025-11-06	virtualflybrain.org - GA4	hugo.virtualflybrain.org	first_visit	1	1
2025-11-06	virtualflybrain.org - GA4	hugo.virtualflybrain.org	page_view	1	1
2025-11-06	virtualflybrain.org - GA4	hugo.virtualflybrain.org	session_start	1	1
2025-11-06	virtualflybrain.org - GA4	jupyter.virtualflybrain.org	first_visit	1	1
2025-11-06	virtualflybrain.org - GA4	jupyter.virtualflybrain.org	page_view	1	1
2025-11-06	virtualflybrain.org - GA4	jupyter.virtualflybrain.org	session_start	1	1
2025-11-06	virtualflybrain.org - GA4	karenin-jenkins.virtualflybrain.org	first_visit	1	1
2025-11-06	virtualflybrain.org - GA4	karenin-jenkins.virtualflybrain.org	page_view	1	1
2025-11-06	virtualflybrain.org - GA4	karenin-jenkins.virtualflybrain.org	session_start	1	1
2025-11-06	virtualflybrain.org - GA4	kbw.virtualflybrain.org	first_visit	1	1
2025-11-06	virtualflybrain.org - GA4	kbw.virtualflybrain.org	page_view	1	1
2025-11-06	virtualflybrain.org - GA4	kbw.virtualflybrain.org	session_start	1	1
2025-11-06	virtualflybrain.org - GA4	kbw.virtualflybrain.org	user_engagement	1	1
2025-11-06	virtualflybrain.org - GA4	larval.virtualflybrain.org	first_visit	1	1
2025-11-06	virtualflybrain.org - GA4	larval.virtualflybrain.org	page_view	1	1
2025-11-06	virtualflybrain.org - GA4	larval.virtualflybrain.org	session_start	1	1
2025-11-06	virtualflybrain.org - GA4	meet.virtualflybrain.org	first_visit	1	1
2025-11-06	virtualflybrain.org - GA4	meet.virtualflybrain.org	page_view	1	1
2025-11-06	virtualflybrain.org - GA4	meet.virtualflybrain.org	session_start	1	1
2025-11-06	virtualflybrain.org - GA4	meet.virtualflybrain.org	user_engagement	1	1
2025-11-06	virtualflybrain.org - GA4	natverse1.virtualflybrain.org	first_visit	1	1
2025-11-06	virtualflybrain.org - GA4	natverse1.virtualflybrain.org	page_view	1	1
2025-11-06	virtualflybrain.org - GA4	natverse1.virtualflybrain.org	session_start	1	1
2025-11-06	virtualflybrain.org - GA4	natverse3.virtualflybrain.org	first_visit	1	1
2025-11-06	virtualflybrain.org - GA4	natverse3.virtualflybrain.org	page_view	1	1
2025-11-06	virtualflybrain.org - GA4	natverse3.virtualflybrain.org	session_start	1	1
2025-11-06	virtualflybrain.org - GA4	natverse5.virtualflybrain.org	first_visit	7	7
2025-11-06	virtualflybrain.org - GA4	natverse5.virtualflybrain.org	page_view	7	7
2025-11-06	virtualflybrain.org - GA4	natverse5.virtualflybrain.org	session_start	7	7
2025-11-06	virtualflybrain.org - GA4	natverse5.virtualflybrain.org	user_engagement	3	3
2025-11-06	virtualflybrain.org - GA4	nblast.virtualflybrain.org	first_visit	1	1
2025-11-06	virtualflybrain.org - GA4	nblast.virtualflybrain.org	page_view	1	1
2025-11-06	virtualflybrain.org - GA4	nblast.virtualflybrain.org	session_start	1	1
2025-11-06	virtualflybrain.org - GA4	olivierdemeulenaere.virtualflybrain.org	first_visit	1	1
2025-11-06	virtualflybrain.org - GA4	olivierdemeulenaere.virtualflybrain.org	page_view	1	1
2025-11-06	virtualflybrain.org - GA4	olivierdemeulenaere.virtualflybrain.org	session_start	1	1
2025-11-06	virtualflybrain.org - GA4	olivierdemeulenaere.virtualflybrain.org	user_engagement	1	1
2025-11-06	virtualflybrain.org - GA4	owl.virtualflybrain.org	first_visit	90	90
2025-11-06	virtualflybrain.org - GA4	owl.virtualflybrain.org	page_view	90	90
2025-11-06	virtualflybrain.org - GA4	owl.virtualflybrain.org	session_start	90	90
2025-11-06	virtualflybrain.org - GA4	owl.virtualflybrain.org	user_engagement	55	55
2025-11-06	virtualflybrain.org - GA4	pdb.u3.virtualflybrain.org	first_visit	1	1
2025-11-06	virtualflybrain.org - GA4	pdb.u3.virtualflybrain.org	page_view	1	1
2025-11-06	virtualflybrain.org - GA4	pdb.u3.virtualflybrain.org	session_start	1	1
2025-11-06	virtualflybrain.org - GA4	raw.larval.flylight.virtualflybrain.org	session_start	1	1
2025-11-06	virtualflybrain.org - GA4	raw.larval.flylight.virtualflybrain.org	user_engagement	2	1
2025-11-06	virtualflybrain.org - GA4	sb1.virtualflybrain.org	first_visit	1	1
2025-11-06	virtualflybrain.org - GA4	sb1.virtualflybrain.org	page_view	1	1
2025-11-06	virtualflybrain.org - GA4	sb1.virtualflybrain.org	session_start	1	1
2025-11-06	virtualflybrain.org - GA4	solr-alpha.virtualflybrain.org	first_visit	1	1
2025-11-06	virtualflybrain.org - GA4	solr-alpha.virtualflybrain.org	page_view	1	1
2025-11-06	virtualflybrain.org - GA4	solr-alpha.virtualflybrain.org	session_start	1	1
2025-11-06	virtualflybrain.org - GA4	solr.virtualflybrain.org	first_visit	1	1
2025-11-06	virtualflybrain.org - GA4	solr.virtualflybrain.org	page_view	1	1
2025-11-06	virtualflybrain.org - GA4	solr.virtualflybrain.org	session_start	1	1
2025-11-06	virtualflybrain.org - GA4	ubuntu.virtualflybrain.org	first_visit	1	1
2025-11-06	virtualflybrain.org - GA4	ubuntu.virtualflybrain.org	page_view	1	1
2025-11-06	virtualflybrain.org - GA4	ubuntu.virtualflybrain.org	session_start	1	1
2025-11-06	virtualflybrain.org - GA4	v1-5.virtualflybrain.org	first_visit	1	1
2025-11-06	virtualflybrain.org - GA4	v1-5.virtualflybrain.org	page_view	1	1
2025-11-06	virtualflybrain.org - GA4	v1-5.virtualflybrain.org	session_start	1	1
2025-11-06	virtualflybrain.org - GA4	v2-dev.virtualflybrain.org	first_visit	1	1
2025-11-06	virtualflybrain.org - GA4	v2-dev.virtualflybrain.org	page_view	3	1
2025-11-06	virtualflybrain.org - GA4	v2-dev.virtualflybrain.org	session_start	1	1
2025-11-06	virtualflybrain.org - GA4	v2-dev.virtualflybrain.org	user_engagement	2	1
2025-11-06	virtualflybrain.org - GA4	v2-preview.virtualflybrain.org	first_visit	1	1
2025-11-06	virtualflybrain.org - GA4	v2-preview.virtualflybrain.org	page_view	1	1
2025-11-06	virtualflybrain.org - GA4	v2-preview.virtualflybrain.org	session_start	1	1
2025-11-06	virtualflybrain.org - GA4	v2.virtualflybrain.org	cancelled	12	2
2025-11-06	virtualflybrain.org - GA4	v2.virtualflybrain.org	disconnected	79	25
2025-11-06	virtualflybrain.org - GA4	v2.virtualflybrain.org	errorlog	673	51
2025-11-06	virtualflybrain.org - GA4	v2.virtualflybrain.org	first_visit	152	151
2025-11-06	virtualflybrain.org - GA4	v2.virtualflybrain.org	opening	5	2
2025-11-06	virtualflybrain.org - GA4	v2.virtualflybrain.org	page_view	348	189
2025-11-06	virtualflybrain.org - GA4	v2.virtualflybrain.org	reconnect-attempt:0	74	24
2025-11-06	virtualflybrain.org - GA4	v2.virtualflybrain.org	reconnect-attempt:1	2	2
2025-11-06	virtualflybrain.org - GA4	v2.virtualflybrain.org	reconnect-failed-reloading	1	1
2025-11-06	virtualflybrain.org - GA4	v2.virtualflybrain.org	request	703	54
2025-11-06	virtualflybrain.org - GA4	v2.virtualflybrain.org	session_start	281	179
2025-11-06	virtualflybrain.org - GA4	v2.virtualflybrain.org	user_engagement	66	61
2025-11-06	virtualflybrain.org - GA4	virtualflybrain.github.io	first_visit	1	1
2025-11-06	virtualflybrain.org - GA4	virtualflybrain.github.io	page_view	1	1
2025-11-06	virtualflybrain.org - GA4	virtualflybrain.github.io	session_start	1	1
2025-11-06	virtualflybrain.org - GA4	virtualflybrain.org	first_visit	15	15
2025-11-06	virtualflybrain.org - GA4	virtualflybrain.org	page_view	18	16
2025-11-06	virtualflybrain.org - GA4	virtualflybrain.org	session_start	16	16
2025-11-06	virtualflybrain.org - GA4	virtualflybrain.org	user_engagement	7	5
2025-11-06	virtualflybrain.org - GA4	www.virtualflybrain.org	first_visit	1276	1276
2025-11-06	virtualflybrain.org - GA4	www.virtualflybrain.org	page_view	1319	1291
2025-11-06	virtualflybrain.org - GA4	www.virtualflybrain.org	session_start	1295	1291
2025-11-06	virtualflybrain.org - GA4	www.virtualflybrain.org	user_engagement	825	798
2025-11-06	virtualflybrain.org - GA4	zip.virtualflybrain.org	first_visit	1	1
2025-11-06	virtualflybrain.org - GA4	zip.virtualflybrain.org	page_view	1	1
2025-11-06	virtualflybrain.org - GA4	zip.virtualflybrain.org	session_start	1	1
2025-11-07	virtualflybrain.org - GA4		page_view	1312	47
2025-11-07	virtualflybrain.org - GA4		session_start	2	2
2025-11-07	virtualflybrain.org - GA4	129.215.197.101	first_visit	1	1
2025-11-07	virtualflybrain.org - GA4	129.215.197.101	page_view	1	1
2025-11-07	virtualflybrain.org - GA4	129.215.197.101	session_start	1	1
2025-11-07	virtualflybrain.org - GA4	129.215.197.110	first_visit	1	1
2025-11-07	virtualflybrain.org - GA4	129.215.197.110	page_view	1	1
2025-11-07	virtualflybrain.org - GA4	129.215.197.110	session_start	1	1
2025-11-07	virtualflybrain.org - GA4	129.215.197.120	first_visit	1	1
2025-11-07	virtualflybrain.org - GA4	129.215.197.120	page_view	1	1
2025-11-07	virtualflybrain.org - GA4	129.215.197.120	session_start	1	1
2025-11-07	virtualflybrain.org - GA4	blog.virtualflybrain.org	page_view	1	1
2025-11-07	virtualflybrain.org - GA4	blog.virtualflybrain.org	session_start	1	1
2025-11-07	virtualflybrain.org - GA4	blog.virtualflybrain.org	user_engagement	1	1
2025-11-07	virtualflybrain.org - GA4	buttermilk.inf.ed.ac.uk	first_visit	5	5
2025-11-07	virtualflybrain.org - GA4	buttermilk.inf.ed.ac.uk	page_view	5	5
2025-11-07	virtualflybrain.org - GA4	buttermilk.inf.ed.ac.uk	session_start	6	6
2025-11-07	virtualflybrain.org - GA4	buttermilk.inf.ed.ac.uk	user_engagement	5	5
2025-11-07	virtualflybrain.org - GA4	dill.inf.ed.ac.uk	first_visit	8	8
2025-11-07	virtualflybrain.org - GA4	dill.inf.ed.ac.uk	page_view	8	8
2025-11-07	virtualflybrain.org - GA4	dill.inf.ed.ac.uk	session_start	8	8
2025-11-07	virtualflybrain.org - GA4	dill.inf.ed.ac.uk	user_engagement	7	7
2025-11-07	virtualflybrain.org - GA4	flybrain.inf.ed.ac.uk	first_visit	3	3
2025-11-07	virtualflybrain.org - GA4	flybrain.inf.ed.ac.uk	page_view	3	3
2025-11-07	virtualflybrain.org - GA4	flybrain.inf.ed.ac.uk	session_start	3	3
2025-11-07	virtualflybrain.org - GA4	flybrain.inf.ed.ac.uk	user_engagement	2	2
2025-11-07	virtualflybrain.org - GA4	flybrain.mrc-lmb.cam.ac.uk	page_view	1	1
2025-11-07	virtualflybrain.org - GA4	iav-robo.catmaid.virtualflybrain.org	page_view	1	1
2025-11-07	virtualflybrain.org - GA4	iav-tnt.catmaid.virtualflybrain.org	page_view	2	2
2025-11-07	virtualflybrain.org - GA4	l1em.catmaid.virtualflybrain.org	page_view	2	1
2025-11-07	virtualflybrain.org - GA4	mayo.inf.ed.ac.uk	page_view	1	1
2025-11-07	virtualflybrain.org - GA4	mayo.inf.ed.ac.uk	session_start	1	1
2025-11-07	virtualflybrain.org - GA4	mayo.inf.ed.ac.uk	user_engagement	1	1
2025-11-07	virtualflybrain.org - GA4	natverse4.virtualflybrain.org	first_visit	1	1
2025-11-07	virtualflybrain.org - GA4	natverse4.virtualflybrain.org	page_view	1	1
2025-11-07	virtualflybrain.org - GA4	natverse4.virtualflybrain.org	session_start	1	1
2025-11-07	virtualflybrain.org - GA4	natverse4.virtualflybrain.org	user_engagement	1	1
2025-11-07	virtualflybrain.org - GA4	natverse5.virtualflybrain.org	first_visit	3	3
2025-11-07	virtualflybrain.org - GA4	natverse5.virtualflybrain.org	page_view	3	3
2025-11-07	virtualflybrain.org - GA4	natverse5.virtualflybrain.org	session_start	3	3
2025-11-07	virtualflybrain.org - GA4	nblast.virtualflybrain.org	first_visit	1	1
2025-11-07	virtualflybrain.org - GA4	nblast.virtualflybrain.org	page_view	1	1
2025-11-07	virtualflybrain.org - GA4	nblast.virtualflybrain.org	session_start	1	1
2025-11-07	virtualflybrain.org - GA4	nblast.virtualflybrain.org	user_engagement	1	1
2025-11-07	virtualflybrain.org - GA4	olivierdemeulenaere.virtualflybrain.org	first_visit	1	1
2025-11-07	virtualflybrain.org - GA4	olivierdemeulenaere.virtualflybrain.org	page_view	1	1
2025-11-07	virtualflybrain.org - GA4	olivierdemeulenaere.virtualflybrain.org	session_start	1	1
2025-11-07	virtualflybrain.org - GA4	olivierdemeulenaere.virtualflybrain.org	user_engagement	1	1
2025-11-07	virtualflybrain.org - GA4	owl.virtualflybrain.org	first_visit	31	31
2025-11-07	virtualflybrain.org - GA4	owl.virtualflybrain.org	page_view	31	31
2025-11-07	virtualflybrain.org - GA4	owl.virtualflybrain.org	session_start	31	31
2025-11-07	virtualflybrain.org - GA4	owl.virtualflybrain.org	user_engagement	26	26
2025-11-07	virtualflybrain.org - GA4	v2-dev2.virtualflybrain.org	first_visit	1	1
2025-11-07	virtualflybrain.org - GA4	v2-dev2.virtualflybrain.org	page_view	1	1
2025-11-07	virtualflybrain.org - GA4	v2-dev2.virtualflybrain.org	session_start	1	1
2025-11-07	virtualflybrain.org - GA4	v2.virtualflybrain.org	cancelled	1	1
2025-11-07	virtualflybrain.org - GA4	v2.virtualflybrain.org	disconnected	69	22
2025-11-07	virtualflybrain.org - GA4	v2.virtualflybrain.org	errorlog	734	47
2025-11-07	virtualflybrain.org - GA4	v2.virtualflybrain.org	first_visit	101	101
2025-11-07	virtualflybrain.org - GA4	v2.virtualflybrain.org	page_view	307	140
2025-11-07	virtualflybrain.org - GA4	v2.virtualflybrain.org	reconnect-attempt:0	67	22
2025-11-07	virtualflybrain.org - GA4	v2.virtualflybrain.org	reconnect-attempt:1	1	1
2025-11-07	virtualflybrain.org - GA4	v2.virtualflybrain.org	reconnect-failed-reloading	1	1
2025-11-07	virtualflybrain.org - GA4	v2.virtualflybrain.org	request	488	51
2025-11-07	virtualflybrain.org - GA4	v2.virtualflybrain.org	session_start	237	133
2025-11-07	virtualflybrain.org - GA4	v2.virtualflybrain.org	user_engagement	48	41
2025-11-07	virtualflybrain.org - GA4	v2a.virtualflybrain.org	errorlog	3	1
2025-11-07	virtualflybrain.org - GA4	v2a.virtualflybrain.org	page_view	1	1
2025-11-07	virtualflybrain.org - GA4	v2a.virtualflybrain.org	request	1	1
2025-11-07	virtualflybrain.org - GA4	v2a.virtualflybrain.org	session_start	1	1
2025-11-07	virtualflybrain.org - GA4	virtualflybrain.org	first_visit	10	10
2025-11-07	virtualflybrain.org - GA4	virtualflybrain.org	page_view	14	11
2025-11-07	virtualflybrain.org - GA4	virtualflybrain.org	session_start	11	11
2025-11-07	virtualflybrain.org - GA4	virtualflybrain.org	user_engagement	7	4
2025-11-07	virtualflybrain.org - GA4	www.virtualflybrain.org	first_visit	1133	1133
2025-11-07	virtualflybrain.org - GA4	www.virtualflybrain.org	page_view	1176	1144
2025-11-07	virtualflybrain.org - GA4	www.virtualflybrain.org	session_start	1146	1145
2025-11-07	virtualflybrain.org - GA4	www.virtualflybrain.org	user_engagement	719	689
2025-11-08	virtualflybrain.org - GA4		page_view	1239	34
2025-11-08	virtualflybrain.org - GA4	129.215.197.101	first_visit	1	1
2025-11-08	virtualflybrain.org - GA4	129.215.197.101	page_view	1	1
2025-11-08	virtualflybrain.org - GA4	129.215.197.101	session_start	1	1
2025-11-08	virtualflybrain.org - GA4	129.215.197.101	user_engagement	1	1
2025-11-08	virtualflybrain.org - GA4	blog.virtualflybrain.org	first_visit	1	1
2025-11-08	virtualflybrain.org - GA4	blog.virtualflybrain.org	page_view	1	1
2025-11-08	virtualflybrain.org - GA4	blog.virtualflybrain.org	session_start	1	1
2025-11-08	virtualflybrain.org - GA4	blog.virtualflybrain.org	user_engagement	1	1
2025-11-08	virtualflybrain.org - GA4	buttermilk.inf.ed.ac.uk	first_visit	3	3
2025-11-08	virtualflybrain.org - GA4	buttermilk.inf.ed.ac.uk	page_view	3	3
2025-11-08	virtualflybrain.org - GA4	buttermilk.inf.ed.ac.uk	session_start	3	3
2025-11-08	virtualflybrain.org - GA4	buttermilk.inf.ed.ac.uk	user_engagement	2	2
2025-11-08	virtualflybrain.org - GA4	catmaid-fafb.virtualflybrain.org	first_visit	1	1
2025-11-08	virtualflybrain.org - GA4	catmaid-fafb.virtualflybrain.org	page_view	1	1
2025-11-08	virtualflybrain.org - GA4	catmaid-fafb.virtualflybrain.org	session_start	1	1
2025-11-08	virtualflybrain.org - GA4	dill.inf.ed.ac.uk	first_visit	12	12
2025-11-08	virtualflybrain.org - GA4	dill.inf.ed.ac.uk	page_view	12	12
2025-11-08	virtualflybrain.org - GA4	dill.inf.ed.ac.uk	session_start	12	12
2025-11-08	virtualflybrain.org - GA4	dill.inf.ed.ac.uk	user_engagement	7	7
2025-11-08	virtualflybrain.org - GA4	fafb.catmaid.virtualflybrain.org	page_view	1	1
2025-11-08	virtualflybrain.org - GA4	flybrain.inf.ed.ac.uk	first_visit	6	6
2025-11-08	virtualflybrain.org - GA4	flybrain.inf.ed.ac.uk	page_view	6	6
2025-11-08	virtualflybrain.org - GA4	flybrain.inf.ed.ac.uk	session_start	6	6
2025-11-08	virtualflybrain.org - GA4	flybrain.inf.ed.ac.uk	user_engagement	2	2
2025-11-08	virtualflybrain.org - GA4	natverse5.virtualflybrain.org	first_visit	5	5
2025-11-08	virtualflybrain.org - GA4	natverse5.virtualflybrain.org	page_view	5	5
2025-11-08	virtualflybrain.org - GA4	natverse5.virtualflybrain.org	session_start	5	5
2025-11-08	virtualflybrain.org - GA4	natverse5.virtualflybrain.org	user_engagement	1	1
2025-11-08	virtualflybrain.org - GA4	nblast.virtualflybrain.org	first_visit	2	2
2025-11-08	virtualflybrain.org - GA4	nblast.virtualflybrain.org	page_view	2	2
2025-11-08	virtualflybrain.org - GA4	nblast.virtualflybrain.org	session_start	2	2
2025-11-08	virtualflybrain.org - GA4	nblast.virtualflybrain.org	user_engagement	2	2
2025-11-08	virtualflybrain.org - GA4	olivierdemeulenaere.virtualflybrain.org	first_visit	1	1
2025-11-08	virtualflybrain.org - GA4	olivierdemeulenaere.virtualflybrain.org	page_view	1	1
2025-11-08	virtualflybrain.org - GA4	olivierdemeulenaere.virtualflybrain.org	session_start	1	1
2025-11-08	virtualflybrain.org - GA4	owl.virtualflybrain.org	first_visit	72	72
2025-11-08	virtualflybrain.org - GA4	owl.virtualflybrain.org	page_view	73	73
2025-11-08	virtualflybrain.org - GA4	owl.virtualflybrain.org	session_start	73	73
2025-11-08	virtualflybrain.org - GA4	owl.virtualflybrain.org	user_engagement	53	53
2025-11-08	virtualflybrain.org - GA4	raw.larval.flylight.virtualflybrain.org	page_view	1	1
2025-11-08	virtualflybrain.org - GA4	raw.larval.flylight.virtualflybrain.org	session_start	1	1
2025-11-08	virtualflybrain.org - GA4	v2.virtualflybrain.org	cancelled	5	2
2025-11-08	virtualflybrain.org - GA4	v2.virtualflybrain.org	disconnected	35	16
2025-11-08	virtualflybrain.org - GA4	v2.virtualflybrain.org	errorlog	418	34
2025-11-08	virtualflybrain.org - GA4	v2.virtualflybrain.org	first_visit	104	104
2025-11-08	virtualflybrain.org - GA4	v2.virtualflybrain.org	opening	2	2
2025-11-08	virtualflybrain.org - GA4	v2.virtualflybrain.org	page_view	237	135
2025-11-08	virtualflybrain.org - GA4	v2.virtualflybrain.org	reconnect-attempt:0	29	12
2025-11-08	virtualflybrain.org - GA4	v2.virtualflybrain.org	reconnect-attempt:1	1	1
2025-11-08	virtualflybrain.org - GA4	v2.virtualflybrain.org	reconnect-failed-reloading	2	2
2025-11-08	virtualflybrain.org - GA4	v2.virtualflybrain.org	request	411	39
2025-11-08	virtualflybrain.org - GA4	v2.virtualflybrain.org	session_start	191	125
2025-11-08	virtualflybrain.org - GA4	v2.virtualflybrain.org	user_engagement	50	36
2025-11-08	virtualflybrain.org - GA4	virtualflybrain.org	first_visit	6	6
2025-11-08	virtualflybrain.org - GA4	virtualflybrain.org	page_view	7	6
2025-11-08	virtualflybrain.org - GA4	virtualflybrain.org	session_start	6	6
2025-11-08	virtualflybrain.org - GA4	virtualflybrain.org	user_engagement	4	3
2025-11-08	virtualflybrain.org - GA4	www.virtualflybrain.org	first_visit	1155	1154
2025-11-08	virtualflybrain.org - GA4	www.virtualflybrain.org	page_view	1185	1163
2025-11-08	virtualflybrain.org - GA4	www.virtualflybrain.org	session_start	1164	1160
2025-11-08	virtualflybrain.org - GA4	www.virtualflybrain.org	user_engagement	756	735
2025-11-09	virtualflybrain.org - GA4		page_view	1032	35
2025-11-09	virtualflybrain.org - GA4	129.215.197.110	first_visit	2	2
2025-11-09	virtualflybrain.org - GA4	129.215.197.110	page_view	2	2
2025-11-09	virtualflybrain.org - GA4	129.215.197.110	session_start	2	2
2025-11-09	virtualflybrain.org - GA4	129.215.197.143	first_visit	1	1
2025-11-09	virtualflybrain.org - GA4	129.215.197.143	page_view	1	1
2025-11-09	virtualflybrain.org - GA4	129.215.197.143	session_start	1	1
2025-11-09	virtualflybrain.org - GA4	backend.virtualflybrain.org	first_visit	1	1
2025-11-09	virtualflybrain.org - GA4	backend.virtualflybrain.org	page_view	1	1
2025-11-09	virtualflybrain.org - GA4	backend.virtualflybrain.org	session_start	1	1
2025-11-09	virtualflybrain.org - GA4	blanik-jenkins.virtualflybrain.org	first_visit	2	2
2025-11-09	virtualflybrain.org - GA4	blanik-jenkins.virtualflybrain.org	page_view	2	2
2025-11-09	virtualflybrain.org - GA4	blanik-jenkins.virtualflybrain.org	session_start	2	2
2025-11-09	virtualflybrain.org - GA4	blog.virtualflybrain.org	first_visit	3	3
2025-11-09	virtualflybrain.org - GA4	blog.virtualflybrain.org	page_view	3	3
2025-11-09	virtualflybrain.org - GA4	blog.virtualflybrain.org	session_start	3	3
2025-11-09	virtualflybrain.org - GA4	blog.virtualflybrain.org	user_engagement	1	1
2025-11-09	virtualflybrain.org - GA4	buttermilk.inf.ed.ac.uk	first_visit	1	1
2025-11-09	virtualflybrain.org - GA4	buttermilk.inf.ed.ac.uk	page_view	1	1
2025-11-09	virtualflybrain.org - GA4	buttermilk.inf.ed.ac.uk	session_start	1	1
2025-11-09	virtualflybrain.org - GA4	buttermilk.inf.ed.ac.uk	user_engagement	1	1
2025-11-09	virtualflybrain.org - GA4	catmaid-fafb.virtualflybrain.org	first_visit	1	1
2025-11-09	virtualflybrain.org - GA4	catmaid-fafb.virtualflybrain.org	page_view	1	1
2025-11-09	virtualflybrain.org - GA4	catmaid-fafb.virtualflybrain.org	session_start	1	1
2025-11-09	virtualflybrain.org - GA4	debug.virtualflybrain.org	first_visit	2	2
2025-11-09	virtualflybrain.org - GA4	debug.virtualflybrain.org	page_view	2	2
2025-11-09	virtualflybrain.org - GA4	debug.virtualflybrain.org	session_start	2	2
2025-11-09	virtualflybrain.org - GA4	dill.inf.ed.ac.uk	first_visit	27	27
2025-11-09	virtualflybrain.org - GA4	dill.inf.ed.ac.uk	page_view	27	27
2025-11-09	virtualflybrain.org - GA4	dill.inf.ed.ac.uk	session_start	27	27
2025-11-09	virtualflybrain.org - GA4	dill.inf.ed.ac.uk	user_engagement	19	19
2025-11-09	virtualflybrain.org - GA4	flybrain.inf.ed.ac.uk	first_visit	1	1
2025-11-09	virtualflybrain.org - GA4	flybrain.inf.ed.ac.uk	page_view	1	1
2025-11-09	virtualflybrain.org - GA4	flybrain.inf.ed.ac.uk	session_start	1	1
2025-11-09	virtualflybrain.org - GA4	flybrain.inf.ed.ac.uk	user_engagement	1	1
2025-11-09	virtualflybrain.org - GA4	jenkins.virtualflybrain.org	first_visit	2	2
2025-11-09	virtualflybrain.org - GA4	jenkins.virtualflybrain.org	page_view	2	2
2025-11-09	virtualflybrain.org - GA4	jenkins.virtualflybrain.org	session_start	2	2
2025-11-09	virtualflybrain.org - GA4	jupyter.virtualflybrain.org	first_visit	4	4
2025-11-09	virtualflybrain.org - GA4	jupyter.virtualflybrain.org	page_view	4	4
2025-11-09	virtualflybrain.org - GA4	jupyter.virtualflybrain.org	session_start	4	4
2025-11-09	virtualflybrain.org - GA4	karenin-jenkins.virtualflybrain.org	first_visit	2	2
2025-11-09	virtualflybrain.org - GA4	karenin-jenkins.virtualflybrain.org	page_view	2	2
2025-11-09	virtualflybrain.org - GA4	karenin-jenkins.virtualflybrain.org	session_start	2	2
2025-11-09	virtualflybrain.org - GA4	l1em.catmaid.virtualflybrain.org	page_view	1	1
2025-11-09	virtualflybrain.org - GA4	natverse5.virtualflybrain.org	first_visit	6	6
2025-11-09	virtualflybrain.org - GA4	natverse5.virtualflybrain.org	page_view	6	6
2025-11-09	virtualflybrain.org - GA4	natverse5.virtualflybrain.org	session_start	6	6
2025-11-09	virtualflybrain.org - GA4	natverse5.virtualflybrain.org	user_engagement	3	3
2025-11-09	virtualflybrain.org - GA4	nblast.virtualflybrain.org	first_visit	3	3
2025-11-09	virtualflybrain.org - GA4	nblast.virtualflybrain.org	page_view	3	3
2025-11-09	virtualflybrain.org - GA4	nblast.virtualflybrain.org	session_start	3	3
2025-11-09	virtualflybrain.org - GA4	nblast.virtualflybrain.org	user_engagement	1	1
2025-11-09	virtualflybrain.org - GA4	olivierdemeulenaere.virtualflybrain.org	first_visit	2	2
2025-11-09	virtualflybrain.org - GA4	olivierdemeulenaere.virtualflybrain.org	page_view	2	2
2025-11-09	virtualflybrain.org - GA4	olivierdemeulenaere.virtualflybrain.org	session_start	2	2
2025-11-09	virtualflybrain.org - GA4	olivierdemeulenaere.virtualflybrain.org	user_engagement	2	2
2025-11-09	virtualflybrain.org - GA4	owl.virtualflybrain.org	first_visit	762	762
2025-11-09	virtualflybrain.org - GA4	owl.virtualflybrain.org	page_view	762	762
2025-11-09	virtualflybrain.org - GA4	owl.virtualflybrain.org	session_start	762	762
2025-11-09	virtualflybrain.org - GA4	owl.virtualflybrain.org	user_engagement	492	492
2025-11-09	virtualflybrain.org - GA4	solr-alpha.virtualflybrain.org	first_visit	2	2
2025-11-09	virtualflybrain.org - GA4	solr-alpha.virtualflybrain.org	page_view	2	2
2025-11-09	virtualflybrain.org - GA4	solr-alpha.virtualflybrain.org	session_start	2	2
2025-11-09	virtualflybrain.org - GA4	v2.virtualflybrain.org	cancelled	16	1
2025-11-09	virtualflybrain.org - GA4	v2.virtualflybrain.org	disconnected	34	17
2025-11-09	virtualflybrain.org - GA4	v2.virtualflybrain.org	errorlog	480	35
2025-11-09	virtualflybrain.org - GA4	v2.virtualflybrain.org	first_visit	240	240
2025-11-09	virtualflybrain.org - GA4	v2.virtualflybrain.org	opening	2	1
2025-11-09	virtualflybrain.org - GA4	v2.virtualflybrain.org	page_view	392	266
2025-11-09	virtualflybrain.org - GA4	v2.virtualflybrain.org	reconnect-attempt:0	33	16
2025-11-09	virtualflybrain.org - GA4	v2.virtualflybrain.org	reconnect-failed-reloading	1	1
2025-11-09	virtualflybrain.org - GA4	v2.virtualflybrain.org	request	340	35
2025-11-09	virtualflybrain.org - GA4	v2.virtualflybrain.org	session_start	350	259
2025-11-09	virtualflybrain.org - GA4	v2.virtualflybrain.org	user_engagement	73	68
2025-11-09	virtualflybrain.org - GA4	virtualflybrain.org	first_visit	11	11
2025-11-09	virtualflybrain.org - GA4	virtualflybrain.org	page_view	12	12
2025-11-09	virtualflybrain.org - GA4	virtualflybrain.org	session_start	12	12
2025-11-09	virtualflybrain.org - GA4	virtualflybrain.org	user_engagement	5	5
2025-11-09	virtualflybrain.org - GA4	www.virtualflybrain.org	first_visit	2315	2314
2025-11-09	virtualflybrain.org - GA4	www.virtualflybrain.org	page_view	2343	2320
2025-11-09	virtualflybrain.org - GA4	www.virtualflybrain.org	session_start	2322	2319
2025-11-09	virtualflybrain.org - GA4	www.virtualflybrain.org	user_engagement	1296	1277
2025-11-10	virtualflybrain.org - GA4		page_view	975	56
2025-11-10	virtualflybrain.org - GA4	129.215.197.110	user_engagement	1	1
2025-11-10	virtualflybrain.org - GA4	catmaid-fafb.virtualflybrain.org	first_visit	1	1
2025-11-10	virtualflybrain.org - GA4	catmaid-fafb.virtualflybrain.org	page_view	1	1
2025-11-10	virtualflybrain.org - GA4	catmaid-fafb.virtualflybrain.org	session_start	1	1
2025-11-10	virtualflybrain.org - GA4	dill.inf.ed.ac.uk	first_visit	112	110
2025-11-10	virtualflybrain.org - GA4	dill.inf.ed.ac.uk	page_view	112	110
2025-11-10	virtualflybrain.org - GA4	dill.inf.ed.ac.uk	session_start	112	110
2025-11-10	virtualflybrain.org - GA4	dill.inf.ed.ac.uk	user_engagement	97	97
2025-11-10	virtualflybrain.org - GA4	flybrain.inf.ed.ac.uk	user_engagement	1	1
2025-11-10	virtualflybrain.org - GA4	larval.virtualflybrain.org	user_engagement	1	1
2025-11-10	virtualflybrain.org - GA4	natverse5.virtualflybrain.org	first_visit	82	80
2025-11-10	virtualflybrain.org - GA4	natverse5.virtualflybrain.org	page_view	82	80
2025-11-10	virtualflybrain.org - GA4	natverse5.virtualflybrain.org	session_start	82	80
2025-11-10	virtualflybrain.org - GA4	natverse5.virtualflybrain.org	user_engagement	66	66
2025-11-10	virtualflybrain.org - GA4	nblast.virtualflybrain.org	first_visit	5	5
2025-11-10	virtualflybrain.org - GA4	nblast.virtualflybrain.org	page_view	5	5
2025-11-10	virtualflybrain.org - GA4	nblast.virtualflybrain.org	session_start	5	5
2025-11-10	virtualflybrain.org - GA4	nblast.virtualflybrain.org	user_engagement	1	1
2025-11-10	virtualflybrain.org - GA4	olivierdemeulenaere.virtualflybrain.org	first_visit	1	1
2025-11-10	virtualflybrain.org - GA4	olivierdemeulenaere.virtualflybrain.org	page_view	1	1
2025-11-10	virtualflybrain.org - GA4	olivierdemeulenaere.virtualflybrain.org	session_start	1	1
2025-11-10	virtualflybrain.org - GA4	olivierdemeulenaere.virtualflybrain.org	user_engagement	1	1
2025-11-10	virtualflybrain.org - GA4	owl.virtualflybrain.org	first_visit	211	211
2025-11-10	virtualflybrain.org - GA4	owl.virtualflybrain.org	page_view	211	211
2025-11-10	virtualflybrain.org - GA4	owl.virtualflybrain.org	session_start	211	211
2025-11-10	virtualflybrain.org - GA4	owl.virtualflybrain.org	user_engagement	167	167
2025-11-10	virtualflybrain.org - GA4	solr-alpha.virtualflybrain.org	first_visit	1	1
2025-11-10	virtualflybrain.org - GA4	solr-alpha.virtualflybrain.org	page_view	1	1
2025-11-10	virtualflybrain.org - GA4	solr-alpha.virtualflybrain.org	session_start	1	1
2025-11-10	virtualflybrain.org - GA4	solr-alpha.virtualflybrain.org	user_engagement	1	1
2025-11-10	virtualflybrain.org - GA4	surechembl-legacy.webservices.virtualflybrain.org	user_engagement	2	2
2025-11-10	virtualflybrain.org - GA4	u3.virtualflybrain.org	user_engagement	2	2
2025-11-10	virtualflybrain.org - GA4	v2.virtualflybrain.org	disconnected	91	19
2025-11-10	virtualflybrain.org - GA4	v2.virtualflybrain.org	errorlog	743	56
2025-11-10	virtualflybrain.org - GA4	v2.virtualflybrain.org	first_visit	369	366
2025-11-10	virtualflybrain.org - GA4	v2.virtualflybrain.org	opening	3	3
2025-11-10	virtualflybrain.org - GA4	v2.virtualflybrain.org	page_view	592	402
2025-11-10	virtualflybrain.org - GA4	v2.virtualflybrain.org	reconnect-attempt:0	90	18
2025-11-10	virtualflybrain.org - GA4	v2.virtualflybrain.org	request	433	70
2025-11-10	virtualflybrain.org - GA4	v2.virtualflybrain.org	session_start	520	396
2025-11-10	virtualflybrain.org - GA4	v2.virtualflybrain.org	user_engagement	183	171
2025-11-10	virtualflybrain.org - GA4	virtualflybrain.org	first_visit	7	7
2025-11-10	virtualflybrain.org - GA4	virtualflybrain.org	page_view	9	8
2025-11-10	virtualflybrain.org - GA4	virtualflybrain.org	session_start	9	8
2025-11-10	virtualflybrain.org - GA4	virtualflybrain.org	user_engagement	8	5
2025-11-10	virtualflybrain.org - GA4	www.virtualflybrain.org	first_visit	848	831
2025-11-10	virtualflybrain.org - GA4	www.virtualflybrain.org	page_view	876	845
2025-11-10	virtualflybrain.org - GA4	www.virtualflybrain.org	session_start	865	843
2025-11-10	virtualflybrain.org - GA4	www.virtualflybrain.org	user_engagement	563	553
2025-11-11	virtualflybrain.org - GA4		page_view	1096	61
2025-11-11	virtualflybrain.org - GA4	129.215.197.110	first_visit	1	1
2025-11-11	virtualflybrain.org - GA4	129.215.197.110	page_view	1	1
2025-11-11	virtualflybrain.org - GA4	129.215.197.110	session_start	1	1
2025-11-11	virtualflybrain.org - GA4	129.215.197.143	first_visit	1	1
2025-11-11	virtualflybrain.org - GA4	129.215.197.143	page_view	1	1
2025-11-11	virtualflybrain.org - GA4	129.215.197.143	session_start	1	1
2025-11-11	virtualflybrain.org - GA4	buttermilk.inf.ed.ac.uk	first_visit	1	1
2025-11-11	virtualflybrain.org - GA4	buttermilk.inf.ed.ac.uk	page_view	1	1
2025-11-11	virtualflybrain.org - GA4	buttermilk.inf.ed.ac.uk	session_start	1	1
2025-11-11	virtualflybrain.org - GA4	buttermilk.inf.ed.ac.uk	user_engagement	1	1
2025-11-11	virtualflybrain.org - GA4	dill.inf.ed.ac.uk	first_visit	259	243
2025-11-11	virtualflybrain.org - GA4	dill.inf.ed.ac.uk	page_view	259	243
2025-11-11	virtualflybrain.org - GA4	dill.inf.ed.ac.uk	session_start	259	243
2025-11-11	virtualflybrain.org - GA4	dill.inf.ed.ac.uk	user_engagement	253	253
2025-11-11	virtualflybrain.org - GA4	flybrain.inf.ed.ac.uk	first_visit	4	4
2025-11-11	virtualflybrain.org - GA4	flybrain.inf.ed.ac.uk	page_view	4	4
2025-11-11	virtualflybrain.org - GA4	flybrain.inf.ed.ac.uk	session_start	4	4
2025-11-11	virtualflybrain.org - GA4	flybrain.inf.ed.ac.uk	user_engagement	4	4
2025-11-11	virtualflybrain.org - GA4	natverse5.virtualflybrain.org	first_visit	62	62
2025-11-11	virtualflybrain.org - GA4	natverse5.virtualflybrain.org	page_view	62	62
2025-11-11	virtualflybrain.org - GA4	natverse5.virtualflybrain.org	session_start	62	62
2025-11-11	virtualflybrain.org - GA4	natverse5.virtualflybrain.org	user_engagement	59	59
2025-11-11	virtualflybrain.org - GA4	nblast.virtualflybrain.org	first_visit	2	2
2025-11-11	virtualflybrain.org - GA4	nblast.virtualflybrain.org	page_view	2	2
2025-11-11	virtualflybrain.org - GA4	nblast.virtualflybrain.org	session_start	2	2
2025-11-11	virtualflybrain.org - GA4	olivierdemeulenaere.virtualflybrain.org	first_visit	1	1
2025-11-11	virtualflybrain.org - GA4	olivierdemeulenaere.virtualflybrain.org	page_view	1	1
2025-11-11	virtualflybrain.org - GA4	olivierdemeulenaere.virtualflybrain.org	session_start	1	1
2025-11-11	virtualflybrain.org - GA4	olivierdemeulenaere.virtualflybrain.org	user_engagement	1	1
2025-11-11	virtualflybrain.org - GA4	owl.virtualflybrain.org	first_visit	13	13
2025-11-11	virtualflybrain.org - GA4	owl.virtualflybrain.org	page_view	13	13
2025-11-11	virtualflybrain.org - GA4	owl.virtualflybrain.org	session_start	13	13
2025-11-11	virtualflybrain.org - GA4	owl.virtualflybrain.org	user_engagement	9	9
2025-11-11	virtualflybrain.org - GA4	raw.larval.flylight.virtualflybrain.org	first_visit	4	4
2025-11-11	virtualflybrain.org - GA4	raw.larval.flylight.virtualflybrain.org	page_view	4	4
2025-11-11	virtualflybrain.org - GA4	raw.larval.flylight.virtualflybrain.org	session_start	4	4
2025-11-11	virtualflybrain.org - GA4	raw.larval.flylight.virtualflybrain.org	user_engagement	2	2
2025-11-11	virtualflybrain.org - GA4	solr-dev.virtualflybrain.org	page_view	2	1
2025-11-11	virtualflybrain.org - GA4	solr-dev.virtualflybrain.org	session_start	1	1
2025-11-11	virtualflybrain.org - GA4	solr-dev.virtualflybrain.org	user_engagement	2	1
2025-11-11	virtualflybrain.org - GA4	v2.virtualflybrain.org	cancelled	4	2
2025-11-11	virtualflybrain.org - GA4	v2.virtualflybrain.org	disconnected	33	15
2025-11-11	virtualflybrain.org - GA4	v2.virtualflybrain.org	errorlog	500	62
2025-11-11	virtualflybrain.org - GA4	v2.virtualflybrain.org	first_visit	277	275
2025-11-11	virtualflybrain.org - GA4	v2.virtualflybrain.org	opening	5	4
2025-11-11	virtualflybrain.org - GA4	v2.virtualflybrain.org	page_view	420	319
2025-11-11	virtualflybrain.org - GA4	v2.virtualflybrain.org	reconnect-attempt:0	29	15
2025-11-11	virtualflybrain.org - GA4	v2.virtualflybrain.org	reconnect-failed-reloading	4	1
2025-11-11	virtualflybrain.org - GA4	v2.virtualflybrain.org	request	430	81
2025-11-11	virtualflybrain.org - GA4	v2.virtualflybrain.org	session_start	365	306
2025-11-11	virtualflybrain.org - GA4	v2.virtualflybrain.org	user_engagement	178	166
2025-11-11	virtualflybrain.org - GA4	virtualflybrain.org	first_visit	8	8
2025-11-11	virtualflybrain.org - GA4	virtualflybrain.org	page_view	10	10
2025-11-11	virtualflybrain.org - GA4	virtualflybrain.org	session_start	9	9
2025-11-11	virtualflybrain.org - GA4	virtualflybrain.org	user_engagement	7	7
2025-11-11	virtualflybrain.org - GA4	www.virtualflybrain.org	first_visit	528	511
2025-11-11	virtualflybrain.org - GA4	www.virtualflybrain.org	page_view	582	525
2025-11-11	virtualflybrain.org - GA4	www.virtualflybrain.org	session_start	546	525
2025-11-11	virtualflybrain.org - GA4	www.virtualflybrain.org	user_engagement	601	566
2025-11-12	virtualflybrain.org - GA4		page_view	1255	42
2025-11-12	virtualflybrain.org - GA4		session_start	2	2
2025-11-12	virtualflybrain.org - GA4	129.215.197.101	first_visit	2	2
2025-11-12	virtualflybrain.org - GA4	129.215.197.101	page_view	2	2
2025-11-12	virtualflybrain.org - GA4	129.215.197.101	session_start	2	2
2025-11-12	virtualflybrain.org - GA4	129.215.197.120	first_visit	1	1
2025-11-12	virtualflybrain.org - GA4	129.215.197.120	page_view	1	1
2025-11-12	virtualflybrain.org - GA4	129.215.197.120	session_start	1	1
2025-11-12	virtualflybrain.org - GA4	129.215.197.144	first_visit	1	1
2025-11-12	virtualflybrain.org - GA4	129.215.197.144	page_view	1	1
2025-11-12	virtualflybrain.org - GA4	129.215.197.144	session_start	1	1
2025-11-12	virtualflybrain.org - GA4	akamai-apigateway-warpcxml.virtualflybrain.org	first_visit	14	14
2025-11-12	virtualflybrain.org - GA4	akamai-apigateway-warpcxml.virtualflybrain.org	page_view	14	14
2025-11-12	virtualflybrain.org - GA4	akamai-apigateway-warpcxml.virtualflybrain.org	session_start	14	14
2025-11-12	virtualflybrain.org - GA4	akamai-apigateway-warpcxml.virtualflybrain.org	user_engagement	12	12
2025-11-12	virtualflybrain.org - GA4	asdasd1.virtualflybrain.org	first_visit	1	1
2025-11-12	virtualflybrain.org - GA4	asdasd1.virtualflybrain.org	page_view	1	1
2025-11-12	virtualflybrain.org - GA4	asdasd1.virtualflybrain.org	session_start	1	1
2025-11-12	virtualflybrain.org - GA4	asdasd1.virtualflybrain.org	user_engagement	1	1
2025-11-12	virtualflybrain.org - GA4	blog.virtualflybrain.org	first_visit	1	1
2025-11-12	virtualflybrain.org - GA4	blog.virtualflybrain.org	page_view	1	1
2025-11-12	virtualflybrain.org - GA4	blog.virtualflybrain.org	session_start	1	1
2025-11-12	virtualflybrain.org - GA4	blog.virtualflybrain.org	user_engagement	1	1
2025-11-12	virtualflybrain.org - GA4	buttermilk.inf.ed.ac.uk	first_visit	5	5
2025-11-12	virtualflybrain.org - GA4	buttermilk.inf.ed.ac.uk	page_view	5	5
2025-11-12	virtualflybrain.org - GA4	buttermilk.inf.ed.ac.uk	session_start	5	5
2025-11-12	virtualflybrain.org - GA4	buttermilk.inf.ed.ac.uk	user_engagement	4	4
2025-11-12	virtualflybrain.org - GA4	checkoutbeta.virtualflybrain.org	first_visit	2	2
2025-11-12	virtualflybrain.org - GA4	checkoutbeta.virtualflybrain.org	page_view	2	2
2025-11-12	virtualflybrain.org - GA4	checkoutbeta.virtualflybrain.org	session_start	2	2
2025-11-12	virtualflybrain.org - GA4	checkoutbeta.virtualflybrain.org	user_engagement	2	2
2025-11-12	virtualflybrain.org - GA4	dill.inf.ed.ac.uk	first_visit	204	198
2025-11-12	virtualflybrain.org - GA4	dill.inf.ed.ac.uk	page_view	204	198
2025-11-12	virtualflybrain.org - GA4	dill.inf.ed.ac.uk	session_start	204	198
2025-11-12	virtualflybrain.org - GA4	dill.inf.ed.ac.uk	user_engagement	162	162
2025-11-12	virtualflybrain.org - GA4	flybrain.inf.ed.ac.uk	first_visit	17	16
2025-11-12	virtualflybrain.org - GA4	flybrain.inf.ed.ac.uk	page_view	17	16
2025-11-12	virtualflybrain.org - GA4	flybrain.inf.ed.ac.uk	session_start	17	16
2025-11-12	virtualflybrain.org - GA4	flybrain.inf.ed.ac.uk	user_engagement	11	11
2025-11-12	virtualflybrain.org - GA4	mayo.inf.ed.ac.uk	first_visit	1	1
2025-11-12	virtualflybrain.org - GA4	mayo.inf.ed.ac.uk	page_view	1	1
2025-11-12	virtualflybrain.org - GA4	mayo.inf.ed.ac.uk	session_start	1	1
2025-11-12	virtualflybrain.org - GA4	meet.virtualflybrain.org	first_visit	1	1
2025-11-12	virtualflybrain.org - GA4	meet.virtualflybrain.org	page_view	1	1
2025-11-12	virtualflybrain.org - GA4	meet.virtualflybrain.org	session_start	1	1
2025-11-12	virtualflybrain.org - GA4	meet.virtualflybrain.org	user_engagement	1	1
2025-11-12	virtualflybrain.org - GA4	natverse5.virtualflybrain.org	first_visit	24	23
2025-11-12	virtualflybrain.org - GA4	natverse5.virtualflybrain.org	page_view	24	23
2025-11-12	virtualflybrain.org - GA4	natverse5.virtualflybrain.org	session_start	24	23
2025-11-12	virtualflybrain.org - GA4	natverse5.virtualflybrain.org	user_engagement	17	17
2025-11-12	virtualflybrain.org - GA4	nblast.virtualflybrain.org	first_visit	105	101
2025-11-12	virtualflybrain.org - GA4	nblast.virtualflybrain.org	page_view	106	102
2025-11-12	virtualflybrain.org - GA4	nblast.virtualflybrain.org	session_start	105	101
2025-11-12	virtualflybrain.org - GA4	nblast.virtualflybrain.org	user_engagement	77	77
2025-11-12	virtualflybrain.org - GA4	olivierdemeulenaere.virtualflybrain.org	first_visit	1	1
2025-11-12	virtualflybrain.org - GA4	olivierdemeulenaere.virtualflybrain.org	page_view	1	1
2025-11-12	virtualflybrain.org - GA4	olivierdemeulenaere.virtualflybrain.org	session_start	1	1
2025-11-12	virtualflybrain.org - GA4	olivierdemeulenaere.virtualflybrain.org	user_engagement	1	1
2025-11-12	virtualflybrain.org - GA4	owl.virtualflybrain.org	first_visit	12	12
2025-11-12	virtualflybrain.org - GA4	owl.virtualflybrain.org	page_view	12	12
2025-11-12	virtualflybrain.org - GA4	owl.virtualflybrain.org	session_start	12	12
2025-11-12	virtualflybrain.org - GA4	owl.virtualflybrain.org	user_engagement	8	8
2025-11-12	virtualflybrain.org - GA4	pgp-qa121.virtualflybrain.org	first_visit	1	1
2025-11-12	virtualflybrain.org - GA4	pgp-qa121.virtualflybrain.org	page_view	1	1
2025-11-12	virtualflybrain.org - GA4	pgp-qa121.virtualflybrain.org	session_start	1	1
2025-11-12	virtualflybrain.org - GA4	pgp-qa121.virtualflybrain.org	user_engagement	1	1
2025-11-12	virtualflybrain.org - GA4	raw.larval.flylight.virtualflybrain.org	first_visit	2	2
2025-11-12	virtualflybrain.org - GA4	raw.larval.flylight.virtualflybrain.org	page_view	7	4
2025-11-12	virtualflybrain.org - GA4	raw.larval.flylight.virtualflybrain.org	session_start	6	5
2025-11-12	virtualflybrain.org - GA4	raw.larval.flylight.virtualflybrain.org	user_engagement	5	3
2025-11-12	virtualflybrain.org - GA4	stop.virtualflybrain.org	first_visit	2	2
2025-11-12	virtualflybrain.org - GA4	stop.virtualflybrain.org	page_view	2	2
2025-11-12	virtualflybrain.org - GA4	stop.virtualflybrain.org	session_start	2	2
2025-11-12	virtualflybrain.org - GA4	stop.virtualflybrain.org	user_engagement	2	2
2025-11-12	virtualflybrain.org - GA4	v2.virtualflybrain.org	cancelled	2	1
2025-11-12	virtualflybrain.org - GA4	v2.virtualflybrain.org	disconnected	59	13
2025-11-12	virtualflybrain.org - GA4	v2.virtualflybrain.org	errorlog	564	42
2025-11-12	virtualflybrain.org - GA4	v2.virtualflybrain.org	first_visit	195	194
2025-11-12	virtualflybrain.org - GA4	v2.virtualflybrain.org	opening	2	1
2025-11-12	virtualflybrain.org - GA4	v2.virtualflybrain.org	page_view	366	228
2025-11-12	virtualflybrain.org - GA4	v2.virtualflybrain.org	reconnect-attempt:0	61	13
2025-11-12	virtualflybrain.org - GA4	v2.virtualflybrain.org	request	421	47
2025-11-12	virtualflybrain.org - GA4	v2.virtualflybrain.org	session_start	272	212
2025-11-12	virtualflybrain.org - GA4	v2.virtualflybrain.org	user_engagement	102	86
2025-11-12	virtualflybrain.org - GA4	vacation.virtualflybrain.org	first_visit	2	2
2025-11-12	virtualflybrain.org - GA4	vacation.virtualflybrain.org	page_view	2	2
2025-11-12	virtualflybrain.org - GA4	vacation.virtualflybrain.org	session_start	2	2
2025-11-12	virtualflybrain.org - GA4	vacation.virtualflybrain.org	user_engagement	2	2
2025-11-12	virtualflybrain.org - GA4	virtualflybrain.org	first_visit	9	9
2025-11-12	virtualflybrain.org - GA4	virtualflybrain.org	page_view	22	12
2025-11-12	virtualflybrain.org - GA4	virtualflybrain.org	session_start	11	11
2025-11-12	virtualflybrain.org - GA4	virtualflybrain.org	user_engagement	67	58
2025-11-12	virtualflybrain.org - GA4	web-mmap-xe04.virtualflybrain.org	first_visit	2	2
2025-11-12	virtualflybrain.org - GA4	web-mmap-xe04.virtualflybrain.org	page_view	2	2
2025-11-12	virtualflybrain.org - GA4	web-mmap-xe04.virtualflybrain.org	session_start	2	2
2025-11-12	virtualflybrain.org - GA4	web-mmap-xe04.virtualflybrain.org	user_engagement	2	2
2025-11-12	virtualflybrain.org - GA4	www.virtualflybrain.org	first_visit	737	714
2025-11-12	virtualflybrain.org - GA4	www.virtualflybrain.org	page_view	784	725
2025-11-12	virtualflybrain.org - GA4	www.virtualflybrain.org	session_start	757	724
2025-11-12	virtualflybrain.org - GA4	www.virtualflybrain.org	user_engagement	626	591
2025-11-13	virtualflybrain.org - GA4		page_view	1174	35
2025-11-13	virtualflybrain.org - GA4		session_start	1	1
2025-11-13	virtualflybrain.org - GA4	129.215.197.110	first_visit	2	2
2025-11-13	virtualflybrain.org - GA4	129.215.197.110	page_view	2	2
2025-11-13	virtualflybrain.org - GA4	129.215.197.110	session_start	2	2
2025-11-13	virtualflybrain.org - GA4	981gwa2l.virtualflybrain.org	first_visit	1	1
2025-11-13	virtualflybrain.org - GA4	981gwa2l.virtualflybrain.org	page_view	1	1
2025-11-13	virtualflybrain.org - GA4	981gwa2l.virtualflybrain.org	session_start	1	1
2025-11-13	virtualflybrain.org - GA4	akamai-apigateway-warpcxml.virtualflybrain.org	first_visit	1	1
2025-11-13	virtualflybrain.org - GA4	akamai-apigateway-warpcxml.virtualflybrain.org	page_view	1	1
2025-11-13	virtualflybrain.org - GA4	akamai-apigateway-warpcxml.virtualflybrain.org	session_start	1	1
2025-11-13	virtualflybrain.org - GA4	akamai-apigateway-warpcxml.virtualflybrain.org	user_engagement	1	1
2025-11-13	virtualflybrain.org - GA4	buttermilk.inf.ed.ac.uk	first_visit	3	3
2025-11-13	virtualflybrain.org - GA4	buttermilk.inf.ed.ac.uk	page_view	3	3
2025-11-13	virtualflybrain.org - GA4	buttermilk.inf.ed.ac.uk	session_start	3	3
2025-11-13	virtualflybrain.org - GA4	buttermilk.inf.ed.ac.uk	user_engagement	3	3
2025-11-13	virtualflybrain.org - GA4	catmaid-fafb.virtualflybrain.org	first_visit	5	5
2025-11-13	virtualflybrain.org - GA4	catmaid-fafb.virtualflybrain.org	page_view	5	5
2025-11-13	virtualflybrain.org - GA4	catmaid-fafb.virtualflybrain.org	session_start	5	5
2025-11-13	virtualflybrain.org - GA4	dill.inf.ed.ac.uk	first_visit	152	149
2025-11-13	virtualflybrain.org - GA4	dill.inf.ed.ac.uk	page_view	152	149
2025-11-13	virtualflybrain.org - GA4	dill.inf.ed.ac.uk	session_start	152	149
2025-11-13	virtualflybrain.org - GA4	dill.inf.ed.ac.uk	user_engagement	112	112
2025-11-13	virtualflybrain.org - GA4	flybrain.inf.ed.ac.uk	first_visit	5	5
2025-11-13	virtualflybrain.org - GA4	flybrain.inf.ed.ac.uk	page_view	5	5
2025-11-13	virtualflybrain.org - GA4	flybrain.inf.ed.ac.uk	session_start	5	5
2025-11-13	virtualflybrain.org - GA4	flybrain.inf.ed.ac.uk	user_engagement	3	3
2025-11-13	virtualflybrain.org - GA4	kbw.virtualflybrain.org	first_visit	1	1
2025-11-13	virtualflybrain.org - GA4	kbw.virtualflybrain.org	page_view	1	1
2025-11-13	virtualflybrain.org - GA4	kbw.virtualflybrain.org	session_start	1	1
2025-11-13	virtualflybrain.org - GA4	kbw.virtualflybrain.org	user_engagement	1	1
2025-11-13	virtualflybrain.org - GA4	natverse2.virtualflybrain.org	first_visit	1	1
2025-11-13	virtualflybrain.org - GA4	natverse2.virtualflybrain.org	page_view	1	1
2025-11-13	virtualflybrain.org - GA4	natverse2.virtualflybrain.org	session_start	1	1
2025-11-13	virtualflybrain.org - GA4	natverse5.virtualflybrain.org	first_visit	31	29
2025-11-13	virtualflybrain.org - GA4	natverse5.virtualflybrain.org	page_view	31	29
2025-11-13	virtualflybrain.org - GA4	natverse5.virtualflybrain.org	session_start	31	29
2025-11-13	virtualflybrain.org - GA4	natverse5.virtualflybrain.org	user_engagement	27	27
2025-11-13	virtualflybrain.org - GA4	nblast.virtualflybrain.org	first_visit	1134	1102
2025-11-13	virtualflybrain.org - GA4	nblast.virtualflybrain.org	page_view	1134	1102
2025-11-13	virtualflybrain.org - GA4	nblast.virtualflybrain.org	session_start	1134	1102
2025-11-13	virtualflybrain.org - GA4	nblast.virtualflybrain.org	user_engagement	1119	1119
2025-11-13	virtualflybrain.org - GA4	olivierdemeulenaere.virtualflybrain.org	first_visit	1	1
2025-11-13	virtualflybrain.org - GA4	olivierdemeulenaere.virtualflybrain.org	page_view	1	1
2025-11-13	virtualflybrain.org - GA4	olivierdemeulenaere.virtualflybrain.org	session_start	1	1
2025-11-13	virtualflybrain.org - GA4	olivierdemeulenaere.virtualflybrain.org	user_engagement	1	1
2025-11-13	virtualflybrain.org - GA4	owl.virtualflybrain.org	first_visit	28	27
2025-11-13	virtualflybrain.org - GA4	owl.virtualflybrain.org	page_view	28	27
2025-11-13	virtualflybrain.org - GA4	owl.virtualflybrain.org	session_start	28	27
2025-11-13	virtualflybrain.org - GA4	owl.virtualflybrain.org	user_engagement	12	12
2025-11-13	virtualflybrain.org - GA4	raw.larval.flylight.virtualflybrain.org	first_visit	3	3
2025-11-13	virtualflybrain.org - GA4	raw.larval.flylight.virtualflybrain.org	page_view	4	4
2025-11-13	virtualflybrain.org - GA4	raw.larval.flylight.virtualflybrain.org	session_start	4	4
2025-11-13	virtualflybrain.org - GA4	raw.larval.flylight.virtualflybrain.org	user_engagement	3	3
2025-11-13	virtualflybrain.org - GA4	v2-debug.virtualflybrain.org	first_visit	1	1
2025-11-13	virtualflybrain.org - GA4	v2-debug.virtualflybrain.org	page_view	1	1
2025-11-13	virtualflybrain.org - GA4	v2-debug.virtualflybrain.org	session_start	1	1
2025-11-13	virtualflybrain.org - GA4	v2.virtualflybrain.org	cancelled	10	3
2025-11-13	virtualflybrain.org - GA4	v2.virtualflybrain.org	disconnected	23	10
2025-11-13	virtualflybrain.org - GA4	v2.virtualflybrain.org	errorlog	431	35
2025-11-13	virtualflybrain.org - GA4	v2.virtualflybrain.org	first_visit	191	190
2025-11-13	virtualflybrain.org - GA4	v2.virtualflybrain.org	opening	4	1
2025-11-13	virtualflybrain.org - GA4	v2.virtualflybrain.org	page_view	308	215
2025-11-13	virtualflybrain.org - GA4	v2.virtualflybrain.org	reconnect-attempt:0	23	10
2025-11-13	virtualflybrain.org - GA4	v2.virtualflybrain.org	request	493	39
2025-11-13	virtualflybrain.org - GA4	v2.virtualflybrain.org	session_start	264	210
2025-11-13	virtualflybrain.org - GA4	v2.virtualflybrain.org	user_engagement	96	74
2025-11-13	virtualflybrain.org - GA4	virtualflybrain.org	first_visit	10	10
2025-11-13	virtualflybrain.org - GA4	virtualflybrain.org	page_view	13	11
2025-11-13	virtualflybrain.org - GA4	virtualflybrain.org	session_start	12	11
2025-11-13	virtualflybrain.org - GA4	virtualflybrain.org	user_engagement	7	6
2025-11-13	virtualflybrain.org - GA4	www.virtualflybrain.org	first_visit	977	955
2025-11-13	virtualflybrain.org - GA4	www.virtualflybrain.org	page_view	1006	963
2025-11-13	virtualflybrain.org - GA4	www.virtualflybrain.org	session_start	990	963
2025-11-13	virtualflybrain.org - GA4	www.virtualflybrain.org	user_engagement	836	819
2025-11-14	virtualflybrain.org - GA4		page_view	1964	50
2025-11-14	virtualflybrain.org - GA4	akamai-apigateway-warpcxml.virtualflybrain.org	first_visit	1	1
2025-11-14	virtualflybrain.org - GA4	akamai-apigateway-warpcxml.virtualflybrain.org	page_view	1	1
2025-11-14	virtualflybrain.org - GA4	akamai-apigateway-warpcxml.virtualflybrain.org	session_start	1	1
2025-11-14	virtualflybrain.org - GA4	akamai-apigateway-warpcxml.virtualflybrain.org	user_engagement	1	1
2025-11-14	virtualflybrain.org - GA4	buttermilk.inf.ed.ac.uk	first_visit	2	2
2025-11-14	virtualflybrain.org - GA4	buttermilk.inf.ed.ac.uk	page_view	2	2
2025-11-14	virtualflybrain.org - GA4	buttermilk.inf.ed.ac.uk	session_start	2	2
2025-11-14	virtualflybrain.org - GA4	buttermilk.inf.ed.ac.uk	user_engagement	1	1
2025-11-14	virtualflybrain.org - GA4	catmaid-fafb.virtualflybrain.org	first_visit	3	3
2025-11-14	virtualflybrain.org - GA4	catmaid-fafb.virtualflybrain.org	page_view	3	3
2025-11-14	virtualflybrain.org - GA4	catmaid-fafb.virtualflybrain.org	session_start	3	3
2025-11-14	virtualflybrain.org - GA4	catmaid-fafb.virtualflybrain.org	user_engagement	2	2
2025-11-14	virtualflybrain.org - GA4	dill.inf.ed.ac.uk	first_visit	263	261
2025-11-14	virtualflybrain.org - GA4	dill.inf.ed.ac.uk	page_view	263	261
2025-11-14	virtualflybrain.org - GA4	dill.inf.ed.ac.uk	session_start	263	261
2025-11-14	virtualflybrain.org - GA4	dill.inf.ed.ac.uk	user_engagement	191	191
2025-11-14	virtualflybrain.org - GA4	flybrain.inf.ed.ac.uk	first_visit	1	1
2025-11-14	virtualflybrain.org - GA4	flybrain.inf.ed.ac.uk	page_view	1	1
2025-11-14	virtualflybrain.org - GA4	flybrain.inf.ed.ac.uk	session_start	1	1
2025-11-14	virtualflybrain.org - GA4	natverse5.virtualflybrain.org	first_visit	140	138
2025-11-14	virtualflybrain.org - GA4	natverse5.virtualflybrain.org	page_view	140	138
2025-11-14	virtualflybrain.org - GA4	natverse5.virtualflybrain.org	session_start	140	138
2025-11-14	virtualflybrain.org - GA4	natverse5.virtualflybrain.org	user_engagement	110	110
2025-11-14	virtualflybrain.org - GA4	nblast.virtualflybrain.org	first_visit	2451	2418
2025-11-14	virtualflybrain.org - GA4	nblast.virtualflybrain.org	page_view	2455	2418
2025-11-14	virtualflybrain.org - GA4	nblast.virtualflybrain.org	session_start	2451	2418
2025-11-14	virtualflybrain.org - GA4	nblast.virtualflybrain.org	user_engagement	1773	1771
2025-11-14	virtualflybrain.org - GA4	olivierdemeulenaere.virtualflybrain.org	first_visit	1	1
2025-11-14	virtualflybrain.org - GA4	olivierdemeulenaere.virtualflybrain.org	page_view	1	1
2025-11-14	virtualflybrain.org - GA4	olivierdemeulenaere.virtualflybrain.org	session_start	1	1
2025-11-14	virtualflybrain.org - GA4	olivierdemeulenaere.virtualflybrain.org	user_engagement	1	1
2025-11-14	virtualflybrain.org - GA4	owl.virtualflybrain.org	first_visit	11	11
2025-11-14	virtualflybrain.org - GA4	owl.virtualflybrain.org	page_view	11	11
2025-11-14	virtualflybrain.org - GA4	owl.virtualflybrain.org	session_start	11	11
2025-11-14	virtualflybrain.org - GA4	owl.virtualflybrain.org	user_engagement	4	4
2025-11-14	virtualflybrain.org - GA4	raw.larval.flylight.virtualflybrain.org	first_visit	3	3
2025-11-14	virtualflybrain.org - GA4	raw.larval.flylight.virtualflybrain.org	page_view	3	3
2025-11-14	virtualflybrain.org - GA4	raw.larval.flylight.virtualflybrain.org	session_start	3	3
2025-11-14	virtualflybrain.org - GA4	raw.larval.flylight.virtualflybrain.org	user_engagement	1	1
2025-11-14	virtualflybrain.org - GA4	v2.virtualflybrain.org	cancelled	4	3
2025-11-14	virtualflybrain.org - GA4	v2.virtualflybrain.org	disconnected	39	21
2025-11-14	virtualflybrain.org - GA4	v2.virtualflybrain.org	errorlog	651	50
2025-11-14	virtualflybrain.org - GA4	v2.virtualflybrain.org	first_visit	256	255
2025-11-14	virtualflybrain.org - GA4	v2.virtualflybrain.org	opening	5	3
2025-11-14	virtualflybrain.org - GA4	v2.virtualflybrain.org	page_view	443	296
2025-11-14	virtualflybrain.org - GA4	v2.virtualflybrain.org	reconnect-attempt:0	38	20
2025-11-14	virtualflybrain.org - GA4	v2.virtualflybrain.org	reconnect-attempt:1	1	1
2025-11-14	virtualflybrain.org - GA4	v2.virtualflybrain.org	request	764	55
2025-11-14	virtualflybrain.org - GA4	v2.virtualflybrain.org	session_start	387	283
2025-11-14	virtualflybrain.org - GA4	v2.virtualflybrain.org	user_engagement	112	92
2025-11-14	virtualflybrain.org - GA4	v2a.virtualflybrain.org	errorlog	10	1
2025-11-14	virtualflybrain.org - GA4	v2a.virtualflybrain.org	first_visit	1	1
2025-11-14	virtualflybrain.org - GA4	v2a.virtualflybrain.org	page_view	1	1
2025-11-14	virtualflybrain.org - GA4	v2a.virtualflybrain.org	request	10	1
2025-11-14	virtualflybrain.org - GA4	v2a.virtualflybrain.org	session_start	1	1
2025-11-14	virtualflybrain.org - GA4	v2a.virtualflybrain.org	user_engagement	1	1
2025-11-14	virtualflybrain.org - GA4	virtualflybrain.org	first_visit	9	9
2025-11-14	virtualflybrain.org - GA4	virtualflybrain.org	page_view	11	10
2025-11-14	virtualflybrain.org - GA4	virtualflybrain.org	session_start	9	9
2025-11-14	virtualflybrain.org - GA4	virtualflybrain.org	user_engagement	7	6
2025-11-14	virtualflybrain.org - GA4	www.virtualflybrain.org	first_visit	815	806
2025-11-14	virtualflybrain.org - GA4	www.virtualflybrain.org	page_view	862	811
2025-11-14	virtualflybrain.org - GA4	www.virtualflybrain.org	session_start	823	811
2025-11-14	virtualflybrain.org - GA4	www.virtualflybrain.org	user_engagement	576	544
2025-11-15	virtualflybrain.org - GA4		page_view	368	21
2025-11-15	virtualflybrain.org - GA4	24htv.virtualflybrain.org	first_visit	2	2
2025-11-15	virtualflybrain.org - GA4	24htv.virtualflybrain.org	page_view	2	2
2025-11-15	virtualflybrain.org - GA4	24htv.virtualflybrain.org	session_start	2	2
2025-11-15	virtualflybrain.org - GA4	24htv.virtualflybrain.org	user_engagement	2	2
2025-11-15	virtualflybrain.org - GA4	acreport.virtualflybrain.org	first_visit	2	2
2025-11-15	virtualflybrain.org - GA4	acreport.virtualflybrain.org	page_view	2	2
2025-11-15	virtualflybrain.org - GA4	acreport.virtualflybrain.org	session_start	2	2
2025-11-15	virtualflybrain.org - GA4	acreport.virtualflybrain.org	user_engagement	2	2
2025-11-15	virtualflybrain.org - GA4	agenciarei.virtualflybrain.org	first_visit	2	2
2025-11-15	virtualflybrain.org - GA4	agenciarei.virtualflybrain.org	page_view	2	2
2025-11-15	virtualflybrain.org - GA4	agenciarei.virtualflybrain.org	session_start	2	2
2025-11-15	virtualflybrain.org - GA4	agenciarei.virtualflybrain.org	user_engagement	2	2
2025-11-15	virtualflybrain.org - GA4	akamai-apigateway-warpcxml.virtualflybrain.org	first_visit	1	1
2025-11-15	virtualflybrain.org - GA4	akamai-apigateway-warpcxml.virtualflybrain.org	page_view	1	1
2025-11-15	virtualflybrain.org - GA4	akamai-apigateway-warpcxml.virtualflybrain.org	session_start	1	1
2025-11-15	virtualflybrain.org - GA4	anton26.virtualflybrain.org	first_visit	2	2
2025-11-15	virtualflybrain.org - GA4	anton26.virtualflybrain.org	page_view	2	2
2025-11-15	virtualflybrain.org - GA4	anton26.virtualflybrain.org	session_start	2	2
2025-11-15	virtualflybrain.org - GA4	api-staging.virtualflybrain.org	first_visit	2	2
2025-11-15	virtualflybrain.org - GA4	api-staging.virtualflybrain.org	page_view	2	2
2025-11-15	virtualflybrain.org - GA4	api-staging.virtualflybrain.org	session_start	2	2
2025-11-15	virtualflybrain.org - GA4	api-staging.virtualflybrain.org	user_engagement	2	2
2025-11-15	virtualflybrain.org - GA4	aws02.virtualflybrain.org	first_visit	2	2
2025-11-15	virtualflybrain.org - GA4	aws02.virtualflybrain.org	page_view	2	2
2025-11-15	virtualflybrain.org - GA4	aws02.virtualflybrain.org	session_start	2	2
2025-11-15	virtualflybrain.org - GA4	aws02.virtualflybrain.org	user_engagement	2	2
2025-11-15	virtualflybrain.org - GA4	ba9dad907c1d.virtualflybrain.org	first_visit	4	4
2025-11-15	virtualflybrain.org - GA4	ba9dad907c1d.virtualflybrain.org	page_view	4	4
2025-11-15	virtualflybrain.org - GA4	ba9dad907c1d.virtualflybrain.org	session_start	4	4
2025-11-15	virtualflybrain.org - GA4	ba9dad907c1d.virtualflybrain.org	user_engagement	3	3
2025-11-15	virtualflybrain.org - GA4	backend.virtualflybrain.org	first_visit	1	1
2025-11-15	virtualflybrain.org - GA4	backend.virtualflybrain.org	page_view	1	1
2025-11-15	virtualflybrain.org - GA4	backend.virtualflybrain.org	session_start	1	1
2025-11-15	virtualflybrain.org - GA4	backend.virtualflybrain.org	user_engagement	1	1
2025-11-15	virtualflybrain.org - GA4	bahrain-pi.virtualflybrain.org	first_visit	6	6
2025-11-15	virtualflybrain.org - GA4	bahrain-pi.virtualflybrain.org	page_view	6	6
2025-11-15	virtualflybrain.org - GA4	bahrain-pi.virtualflybrain.org	session_start	6	6
2025-11-15	virtualflybrain.org - GA4	bahrain-pi.virtualflybrain.org	user_engagement	6	6
2025-11-15	virtualflybrain.org - GA4	bell-apis-qa.virtualflybrain.org	first_visit	6	6
2025-11-15	virtualflybrain.org - GA4	bell-apis-qa.virtualflybrain.org	page_view	6	6
2025-11-15	virtualflybrain.org - GA4	bell-apis-qa.virtualflybrain.org	session_start	6	6
2025-11-15	virtualflybrain.org - GA4	bell-apis-qa.virtualflybrain.org	user_engagement	6	6
2025-11-15	virtualflybrain.org - GA4	bfdproxy105.virtualflybrain.org	first_visit	2	2
2025-11-15	virtualflybrain.org - GA4	bfdproxy105.virtualflybrain.org	page_view	2	2
2025-11-15	virtualflybrain.org - GA4	bfdproxy105.virtualflybrain.org	session_start	2	2
2025-11-15	virtualflybrain.org - GA4	bfdproxy105.virtualflybrain.org	user_engagement	2	2
2025-11-15	virtualflybrain.org - GA4	bltadmin.virtualflybrain.org	first_visit	2	2
2025-11-15	virtualflybrain.org - GA4	bltadmin.virtualflybrain.org	page_view	2	2
2025-11-15	virtualflybrain.org - GA4	bltadmin.virtualflybrain.org	session_start	2	2
2025-11-15	virtualflybrain.org - GA4	bltadmin.virtualflybrain.org	user_engagement	2	2
2025-11-15	virtualflybrain.org - GA4	cartui-perf.virtualflybrain.org	first_visit	2	2
2025-11-15	virtualflybrain.org - GA4	cartui-perf.virtualflybrain.org	page_view	2	2
2025-11-15	virtualflybrain.org - GA4	cartui-perf.virtualflybrain.org	session_start	2	2
2025-11-15	virtualflybrain.org - GA4	cartui-perf.virtualflybrain.org	user_engagement	2	2
2025-11-15	virtualflybrain.org - GA4	catmaid-fafb.virtualflybrain.org	first_visit	2	2
2025-11-15	virtualflybrain.org - GA4	catmaid-fafb.virtualflybrain.org	page_view	2	2
2025-11-15	virtualflybrain.org - GA4	catmaid-fafb.virtualflybrain.org	session_start	2	2
2025-11-15	virtualflybrain.org - GA4	cdn-bo-preprod.virtualflybrain.org	first_visit	2	2
2025-11-15	virtualflybrain.org - GA4	cdn-bo-preprod.virtualflybrain.org	page_view	2	2
2025-11-15	virtualflybrain.org - GA4	cdn-bo-preprod.virtualflybrain.org	session_start	2	2
2025-11-15	virtualflybrain.org - GA4	cdn-bo-preprod.virtualflybrain.org	user_engagement	1	1
2025-11-15	virtualflybrain.org - GA4	cdn101-syd-au.virtualflybrain.org	first_visit	2	2
2025-11-15	virtualflybrain.org - GA4	cdn101-syd-au.virtualflybrain.org	page_view	2	2
2025-11-15	virtualflybrain.org - GA4	cdn101-syd-au.virtualflybrain.org	session_start	2	2
2025-11-15	virtualflybrain.org - GA4	cdn101-syd-au.virtualflybrain.org	user_engagement	2	2
2025-11-15	virtualflybrain.org - GA4	cloudvdi.virtualflybrain.org	first_visit	2	2
2025-11-15	virtualflybrain.org - GA4	cloudvdi.virtualflybrain.org	page_view	2	2
2025-11-15	virtualflybrain.org - GA4	cloudvdi.virtualflybrain.org	session_start	2	2
2025-11-15	virtualflybrain.org - GA4	cloudvdi.virtualflybrain.org	user_engagement	2	2
2025-11-15	virtualflybrain.org - GA4	connect.virtualflybrain.org	first_visit	2	2
2025-11-15	virtualflybrain.org - GA4	connect.virtualflybrain.org	page_view	2	2
2025-11-15	virtualflybrain.org - GA4	connect.virtualflybrain.org	session_start	2	2
2025-11-15	virtualflybrain.org - GA4	connect.virtualflybrain.org	user_engagement	2	2
2025-11-15	virtualflybrain.org - GA4	content-service.mx-stg.virtualflybrain.org	first_visit	2	2
2025-11-15	virtualflybrain.org - GA4	content-service.mx-stg.virtualflybrain.org	page_view	2	2
2025-11-15	virtualflybrain.org - GA4	content-service.mx-stg.virtualflybrain.org	session_start	2	2
2025-11-15	virtualflybrain.org - GA4	content-service.mx-stg.virtualflybrain.org	user_engagement	2	2
2025-11-15	virtualflybrain.org - GA4	cp3.virtualflybrain.org	first_visit	2	2
2025-11-15	virtualflybrain.org - GA4	cp3.virtualflybrain.org	page_view	2	2
2025-11-15	virtualflybrain.org - GA4	cp3.virtualflybrain.org	session_start	2	2
2025-11-15	virtualflybrain.org - GA4	cp3.virtualflybrain.org	user_engagement	2	2
2025-11-15	virtualflybrain.org - GA4	cteim.virtualflybrain.org	first_visit	2	2
2025-11-15	virtualflybrain.org - GA4	cteim.virtualflybrain.org	page_view	2	2
2025-11-15	virtualflybrain.org - GA4	cteim.virtualflybrain.org	session_start	2	2
2025-11-15	virtualflybrain.org - GA4	cteim.virtualflybrain.org	user_engagement	2	2
2025-11-15	virtualflybrain.org - GA4	dill.inf.ed.ac.uk	first_visit	177	177
2025-11-15	virtualflybrain.org - GA4	dill.inf.ed.ac.uk	page_view	177	177
2025-11-15	virtualflybrain.org - GA4	dill.inf.ed.ac.uk	session_start	177	177
2025-11-15	virtualflybrain.org - GA4	dill.inf.ed.ac.uk	user_engagement	124	124
2025-11-15	virtualflybrain.org - GA4	dr-mx.virtualflybrain.org	first_visit	2	2
2025-11-15	virtualflybrain.org - GA4	dr-mx.virtualflybrain.org	page_view	2	2
2025-11-15	virtualflybrain.org - GA4	dr-mx.virtualflybrain.org	session_start	2	2
2025-11-15	virtualflybrain.org - GA4	dr-mx.virtualflybrain.org	user_engagement	2	2
2025-11-15	virtualflybrain.org - GA4	duoeffectsgallery.virtualflybrain.org	first_visit	2	2
2025-11-15	virtualflybrain.org - GA4	duoeffectsgallery.virtualflybrain.org	page_view	2	2
2025-11-15	virtualflybrain.org - GA4	duoeffectsgallery.virtualflybrain.org	session_start	2	2
2025-11-15	virtualflybrain.org - GA4	duoeffectsgallery.virtualflybrain.org	user_engagement	2	2
2025-11-15	virtualflybrain.org - GA4	ecommerce-prod.virtualflybrain.org	first_visit	2	2
2025-11-15	virtualflybrain.org - GA4	ecommerce-prod.virtualflybrain.org	page_view	2	2
2025-11-15	virtualflybrain.org - GA4	ecommerce-prod.virtualflybrain.org	session_start	2	2
2025-11-15	virtualflybrain.org - GA4	ecommerce-prod.virtualflybrain.org	user_engagement	2	2
2025-11-15	virtualflybrain.org - GA4	elpaso.virtualflybrain.org	first_visit	2	2
2025-11-15	virtualflybrain.org - GA4	elpaso.virtualflybrain.org	page_view	2	2
2025-11-15	virtualflybrain.org - GA4	elpaso.virtualflybrain.org	session_start	2	2
2025-11-15	virtualflybrain.org - GA4	elpaso.virtualflybrain.org	user_engagement	2	2
2025-11-15	virtualflybrain.org - GA4	eu-msg.virtualflybrain.org	first_visit	2	2
2025-11-15	virtualflybrain.org - GA4	eu-msg.virtualflybrain.org	page_view	2	2
2025-11-15	virtualflybrain.org - GA4	eu-msg.virtualflybrain.org	session_start	2	2
2025-11-15	virtualflybrain.org - GA4	eu-msg.virtualflybrain.org	user_engagement	2	2
2025-11-15	virtualflybrain.org - GA4	europe.virtualflybrain.org	first_visit	2	2
2025-11-15	virtualflybrain.org - GA4	europe.virtualflybrain.org	page_view	2	2
2025-11-15	virtualflybrain.org - GA4	europe.virtualflybrain.org	session_start	2	2
2025-11-15	virtualflybrain.org - GA4	europe.virtualflybrain.org	user_engagement	2	2
2025-11-15	virtualflybrain.org - GA4	flights-hu.virtualflybrain.org	first_visit	2	2
2025-11-15	virtualflybrain.org - GA4	flights-hu.virtualflybrain.org	page_view	2	2
2025-11-15	virtualflybrain.org - GA4	flights-hu.virtualflybrain.org	session_start	2	2
2025-11-15	virtualflybrain.org - GA4	flights-hu.virtualflybrain.org	user_engagement	1	1
2025-11-15	virtualflybrain.org - GA4	fltlv2.virtualflybrain.org	first_visit	2	2
2025-11-15	virtualflybrain.org - GA4	fltlv2.virtualflybrain.org	page_view	2	2
2025-11-15	virtualflybrain.org - GA4	fltlv2.virtualflybrain.org	session_start	2	2
2025-11-15	virtualflybrain.org - GA4	fltlv2.virtualflybrain.org	user_engagement	2	2
2025-11-15	virtualflybrain.org - GA4	flybrain.inf.ed.ac.uk	first_visit	1	1
2025-11-15	virtualflybrain.org - GA4	flybrain.inf.ed.ac.uk	page_view	1	1
2025-11-15	virtualflybrain.org - GA4	flybrain.inf.ed.ac.uk	session_start	1	1
2025-11-15	virtualflybrain.org - GA4	flybrain.inf.ed.ac.uk	user_engagement	1	1
2025-11-15	virtualflybrain.org - GA4	foro2.virtualflybrain.org	first_visit	1	1
2025-11-15	virtualflybrain.org - GA4	foro2.virtualflybrain.org	page_view	1	1
2025-11-15	virtualflybrain.org - GA4	foro2.virtualflybrain.org	session_start	1	1
2025-11-15	virtualflybrain.org - GA4	foro2.virtualflybrain.org	user_engagement	1	1
2025-11-15	virtualflybrain.org - GA4	girlpower.virtualflybrain.org	first_visit	2	2
2025-11-15	virtualflybrain.org - GA4	girlpower.virtualflybrain.org	page_view	2	2
2025-11-15	virtualflybrain.org - GA4	girlpower.virtualflybrain.org	session_start	2	2
2025-11-15	virtualflybrain.org - GA4	girlpower.virtualflybrain.org	user_engagement	1	1
2025-11-15	virtualflybrain.org - GA4	graal.virtualflybrain.org	first_visit	2	2
2025-11-15	virtualflybrain.org - GA4	graal.virtualflybrain.org	page_view	2	2
2025-11-15	virtualflybrain.org - GA4	graal.virtualflybrain.org	session_start	2	2
2025-11-15	virtualflybrain.org - GA4	graal.virtualflybrain.org	user_engagement	2	2
2025-11-15	virtualflybrain.org - GA4	greenspringcompany.virtualflybrain.org	first_visit	2	2
2025-11-15	virtualflybrain.org - GA4	greenspringcompany.virtualflybrain.org	page_view	2	2
2025-11-15	virtualflybrain.org - GA4	greenspringcompany.virtualflybrain.org	session_start	2	2
2025-11-15	virtualflybrain.org - GA4	greenspringcompany.virtualflybrain.org	user_engagement	2	2
2025-11-15	virtualflybrain.org - GA4	gw.apim.stage.oh-internal.virtualflybrain.org	first_visit	2	2
2025-11-15	virtualflybrain.org - GA4	gw.apim.stage.oh-internal.virtualflybrain.org	page_view	2	2
2025-11-15	virtualflybrain.org - GA4	gw.apim.stage.oh-internal.virtualflybrain.org	session_start	2	2
2025-11-15	virtualflybrain.org - GA4	gw.apim.stage.oh-internal.virtualflybrain.org	user_engagement	2	2
2025-11-15	virtualflybrain.org - GA4	http-inputs-ack-cisco-cx.virtualflybrain.org	first_visit	2	2
2025-11-15	virtualflybrain.org - GA4	http-inputs-ack-cisco-cx.virtualflybrain.org	page_view	2	2
2025-11-15	virtualflybrain.org - GA4	http-inputs-ack-cisco-cx.virtualflybrain.org	session_start	2	2
2025-11-15	virtualflybrain.org - GA4	http-inputs-ack-cisco-cx.virtualflybrain.org	user_engagement	2	2
2025-11-15	virtualflybrain.org - GA4	i-0d743ed061b029067.virtualflybrain.org	first_visit	2	2
2025-11-15	virtualflybrain.org - GA4	i-0d743ed061b029067.virtualflybrain.org	page_view	2	2
2025-11-15	virtualflybrain.org - GA4	i-0d743ed061b029067.virtualflybrain.org	session_start	2	2
2025-11-15	virtualflybrain.org - GA4	i-0d743ed061b029067.virtualflybrain.org	user_engagement	2	2
2025-11-15	virtualflybrain.org - GA4	iacuc.virtualflybrain.org	first_visit	2	2
2025-11-15	virtualflybrain.org - GA4	iacuc.virtualflybrain.org	page_view	2	2
2025-11-15	virtualflybrain.org - GA4	iacuc.virtualflybrain.org	session_start	2	2
2025-11-15	virtualflybrain.org - GA4	iacuc.virtualflybrain.org	user_engagement	1	1
2025-11-15	virtualflybrain.org - GA4	idcfbbs.virtualflybrain.org	first_visit	2	2
2025-11-15	virtualflybrain.org - GA4	idcfbbs.virtualflybrain.org	page_view	2	2
2025-11-15	virtualflybrain.org - GA4	idcfbbs.virtualflybrain.org	session_start	2	2
2025-11-15	virtualflybrain.org - GA4	idcfbbs.virtualflybrain.org	user_engagement	2	2
2025-11-15	virtualflybrain.org - GA4	increon.virtualflybrain.org	first_visit	2	2
2025-11-15	virtualflybrain.org - GA4	increon.virtualflybrain.org	page_view	2	2
2025-11-15	virtualflybrain.org - GA4	increon.virtualflybrain.org	session_start	2	2
2025-11-15	virtualflybrain.org - GA4	increon.virtualflybrain.org	user_engagement	2	2
2025-11-15	virtualflybrain.org - GA4	insights.virtualflybrain.org	first_visit	2	2
2025-11-15	virtualflybrain.org - GA4	insights.virtualflybrain.org	page_view	2	2
2025-11-15	virtualflybrain.org - GA4	insights.virtualflybrain.org	session_start	2	2
2025-11-15	virtualflybrain.org - GA4	insights.virtualflybrain.org	user_engagement	2	2
2025-11-15	virtualflybrain.org - GA4	internalkustoapi.weu.pipe.prod.virtualflybrain.org	first_visit	2	2
2025-11-15	virtualflybrain.org - GA4	internalkustoapi.weu.pipe.prod.virtualflybrain.org	page_view	2	2
2025-11-15	virtualflybrain.org - GA4	internalkustoapi.weu.pipe.prod.virtualflybrain.org	session_start	2	2
2025-11-15	virtualflybrain.org - GA4	internalkustoapi.weu.pipe.prod.virtualflybrain.org	user_engagement	1	1
2025-11-15	virtualflybrain.org - GA4	iot3.virtualflybrain.org	first_visit	2	2
2025-11-15	virtualflybrain.org - GA4	iot3.virtualflybrain.org	page_view	2	2
2025-11-15	virtualflybrain.org - GA4	iot3.virtualflybrain.org	session_start	2	2
2025-11-15	virtualflybrain.org - GA4	iot3.virtualflybrain.org	user_engagement	1	1
2025-11-15	virtualflybrain.org - GA4	kafka-ui-production.virtualflybrain.org	first_visit	2	2
2025-11-15	virtualflybrain.org - GA4	kafka-ui-production.virtualflybrain.org	page_view	2	2
2025-11-15	virtualflybrain.org - GA4	kafka-ui-production.virtualflybrain.org	session_start	2	2
2025-11-15	virtualflybrain.org - GA4	kafka-ui-production.virtualflybrain.org	user_engagement	2	2
2025-11-15	virtualflybrain.org - GA4	lrvpn1.virtualflybrain.org	first_visit	2	2
2025-11-15	virtualflybrain.org - GA4	lrvpn1.virtualflybrain.org	page_view	2	2
2025-11-15	virtualflybrain.org - GA4	lrvpn1.virtualflybrain.org	session_start	2	2
2025-11-15	virtualflybrain.org - GA4	lrvpn1.virtualflybrain.org	user_engagement	2	2
2025-11-15	virtualflybrain.org - GA4	lsa31.virtualflybrain.org	first_visit	2	2
2025-11-15	virtualflybrain.org - GA4	lsa31.virtualflybrain.org	page_view	2	2
2025-11-15	virtualflybrain.org - GA4	lsa31.virtualflybrain.org	session_start	2	2
2025-11-15	virtualflybrain.org - GA4	lsa31.virtualflybrain.org	user_engagement	2	2
2025-11-15	virtualflybrain.org - GA4	ma2037886.virtualflybrain.org	first_visit	2	2
2025-11-15	virtualflybrain.org - GA4	ma2037886.virtualflybrain.org	page_view	2	2
2025-11-15	virtualflybrain.org - GA4	ma2037886.virtualflybrain.org	session_start	2	2
2025-11-15	virtualflybrain.org - GA4	ma2037886.virtualflybrain.org	user_engagement	2	2
2025-11-15	virtualflybrain.org - GA4	mcio-eventbroker.virtualflybrain.org	first_visit	2	2
2025-11-15	virtualflybrain.org - GA4	mcio-eventbroker.virtualflybrain.org	page_view	2	2
2025-11-15	virtualflybrain.org - GA4	mcio-eventbroker.virtualflybrain.org	session_start	2	2
2025-11-15	virtualflybrain.org - GA4	mcio-eventbroker.virtualflybrain.org	user_engagement	2	2
2025-11-15	virtualflybrain.org - GA4	measure-apindev.virtualflybrain.org	first_visit	6	6
2025-11-15	virtualflybrain.org - GA4	measure-apindev.virtualflybrain.org	page_view	6	6
2025-11-15	virtualflybrain.org - GA4	measure-apindev.virtualflybrain.org	session_start	6	6
2025-11-15	virtualflybrain.org - GA4	measure-apindev.virtualflybrain.org	user_engagement	4	4
2025-11-15	virtualflybrain.org - GA4	metalwvendor-uat.virtualflybrain.org	first_visit	1	1
2025-11-15	virtualflybrain.org - GA4	metalwvendor-uat.virtualflybrain.org	page_view	1	1
2025-11-15	virtualflybrain.org - GA4	metalwvendor-uat.virtualflybrain.org	session_start	1	1
2025-11-15	virtualflybrain.org - GA4	metalwvendor-uat.virtualflybrain.org	user_engagement	1	1
2025-11-15	virtualflybrain.org - GA4	mnmuat.virtualflybrain.org	first_visit	2	2
2025-11-15	virtualflybrain.org - GA4	mnmuat.virtualflybrain.org	page_view	2	2
2025-11-15	virtualflybrain.org - GA4	mnmuat.virtualflybrain.org	session_start	2	2
2025-11-15	virtualflybrain.org - GA4	mnmuat.virtualflybrain.org	user_engagement	2	2
2025-11-15	virtualflybrain.org - GA4	mobi.virtualflybrain.org	first_visit	2	2
2025-11-15	virtualflybrain.org - GA4	mobi.virtualflybrain.org	page_view	2	2
2025-11-15	virtualflybrain.org - GA4	mobi.virtualflybrain.org	session_start	2	2
2025-11-15	virtualflybrain.org - GA4	mobi.virtualflybrain.org	user_engagement	1	1
2025-11-15	virtualflybrain.org - GA4	ms5.virtualflybrain.org	first_visit	1	1
2025-11-15	virtualflybrain.org - GA4	ms5.virtualflybrain.org	page_view	1	1
2025-11-15	virtualflybrain.org - GA4	ms5.virtualflybrain.org	session_start	1	1
2025-11-15	virtualflybrain.org - GA4	ms5.virtualflybrain.org	user_engagement	1	1
2025-11-15	virtualflybrain.org - GA4	na90-api.virtualflybrain.org	first_visit	2	2
2025-11-15	virtualflybrain.org - GA4	na90-api.virtualflybrain.org	page_view	2	2
2025-11-15	virtualflybrain.org - GA4	na90-api.virtualflybrain.org	session_start	2	2
2025-11-15	virtualflybrain.org - GA4	na90-api.virtualflybrain.org	user_engagement	2	2
2025-11-15	virtualflybrain.org - GA4	natverse5.virtualflybrain.org	first_visit	130	128
2025-11-15	virtualflybrain.org - GA4	natverse5.virtualflybrain.org	page_view	130	128
2025-11-15	virtualflybrain.org - GA4	natverse5.virtualflybrain.org	session_start	130	128
2025-11-15	virtualflybrain.org - GA4	natverse5.virtualflybrain.org	user_engagement	94	94
2025-11-15	virtualflybrain.org - GA4	nblast.virtualflybrain.org	first_visit	1469	1463
2025-11-15	virtualflybrain.org - GA4	nblast.virtualflybrain.org	page_view	1469	1463
2025-11-15	virtualflybrain.org - GA4	nblast.virtualflybrain.org	session_start	1469	1463
2025-11-15	virtualflybrain.org - GA4	nblast.virtualflybrain.org	user_engagement	1092	1092
2025-11-15	virtualflybrain.org - GA4	oeaaa.virtualflybrain.org	first_visit	1	1
2025-11-15	virtualflybrain.org - GA4	oeaaa.virtualflybrain.org	page_view	1	1
2025-11-15	virtualflybrain.org - GA4	oeaaa.virtualflybrain.org	session_start	1	1
2025-11-15	virtualflybrain.org - GA4	oeaaa.virtualflybrain.org	user_engagement	1	1
2025-11-15	virtualflybrain.org - GA4	olivierdemeulenaere.virtualflybrain.org	first_visit	1	1
2025-11-15	virtualflybrain.org - GA4	olivierdemeulenaere.virtualflybrain.org	page_view	1	1
2025-11-15	virtualflybrain.org - GA4	olivierdemeulenaere.virtualflybrain.org	session_start	1	1
2025-11-15	virtualflybrain.org - GA4	olivierdemeulenaere.virtualflybrain.org	user_engagement	1	1
2025-11-15	virtualflybrain.org - GA4	owl.virtualflybrain.org	first_visit	2	2
2025-11-15	virtualflybrain.org - GA4	owl.virtualflybrain.org	page_view	2	2
2025-11-15	virtualflybrain.org - GA4	owl.virtualflybrain.org	session_start	2	2
2025-11-15	virtualflybrain.org - GA4	owl.virtualflybrain.org	user_engagement	1	1
2025-11-15	virtualflybrain.org - GA4	paspublicapi.virtualflybrain.org	first_visit	2	2
2025-11-15	virtualflybrain.org - GA4	paspublicapi.virtualflybrain.org	page_view	2	2
2025-11-15	virtualflybrain.org - GA4	paspublicapi.virtualflybrain.org	session_start	2	2
2025-11-15	virtualflybrain.org - GA4	paspublicapi.virtualflybrain.org	user_engagement	1	1
2025-11-15	virtualflybrain.org - GA4	personal-los-dev.virtualflybrain.org	first_visit	2	2
2025-11-15	virtualflybrain.org - GA4	personal-los-dev.virtualflybrain.org	page_view	2	2
2025-11-15	virtualflybrain.org - GA4	personal-los-dev.virtualflybrain.org	session_start	2	2
2025-11-15	virtualflybrain.org - GA4	personal-los-dev.virtualflybrain.org	user_engagement	2	2
2025-11-15	virtualflybrain.org - GA4	plum-stage-ext.virtualflybrain.org	first_visit	2	2
2025-11-15	virtualflybrain.org - GA4	plum-stage-ext.virtualflybrain.org	page_view	2	2
2025-11-15	virtualflybrain.org - GA4	plum-stage-ext.virtualflybrain.org	session_start	2	2
2025-11-15	virtualflybrain.org - GA4	plum-stage-ext.virtualflybrain.org	user_engagement	2	2
2025-11-15	virtualflybrain.org - GA4	psstg.virtualflybrain.org	first_visit	2	2
2025-11-15	virtualflybrain.org - GA4	psstg.virtualflybrain.org	page_view	2	2
2025-11-15	virtualflybrain.org - GA4	psstg.virtualflybrain.org	session_start	2	2
2025-11-15	virtualflybrain.org - GA4	psstg.virtualflybrain.org	user_engagement	1	1
2025-11-15	virtualflybrain.org - GA4	r4m03.virtualflybrain.org	first_visit	2	2
2025-11-15	virtualflybrain.org - GA4	r4m03.virtualflybrain.org	page_view	2	2
2025-11-15	virtualflybrain.org - GA4	r4m03.virtualflybrain.org	session_start	2	2
2025-11-15	virtualflybrain.org - GA4	r4m03.virtualflybrain.org	user_engagement	1	1
2025-11-15	virtualflybrain.org - GA4	raw.larval.flylight.virtualflybrain.org	first_visit	1	1
2025-11-15	virtualflybrain.org - GA4	raw.larval.flylight.virtualflybrain.org	page_view	1	1
2025-11-15	virtualflybrain.org - GA4	raw.larval.flylight.virtualflybrain.org	session_start	1	1
2025-11-15	virtualflybrain.org - GA4	raw.larval.flylight.virtualflybrain.org	user_engagement	1	1
2025-11-15	virtualflybrain.org - GA4	register.virtualflybrain.org	first_visit	2	2
2025-11-15	virtualflybrain.org - GA4	register.virtualflybrain.org	page_view	2	2
2025-11-15	virtualflybrain.org - GA4	register.virtualflybrain.org	session_start	2	2
2025-11-15	virtualflybrain.org - GA4	register.virtualflybrain.org	user_engagement	2	2
2025-11-15	virtualflybrain.org - GA4	roc-2130.virtualflybrain.org	first_visit	2	2
2025-11-15	virtualflybrain.org - GA4	roc-2130.virtualflybrain.org	page_view	2	2
2025-11-15	virtualflybrain.org - GA4	roc-2130.virtualflybrain.org	session_start	2	2
2025-11-15	virtualflybrain.org - GA4	roc-2130.virtualflybrain.org	user_engagement	1	1
2025-11-15	virtualflybrain.org - GA4	rzbetrieb.virtualflybrain.org	first_visit	2	2
2025-11-15	virtualflybrain.org - GA4	rzbetrieb.virtualflybrain.org	page_view	2	2
2025-11-15	virtualflybrain.org - GA4	rzbetrieb.virtualflybrain.org	session_start	2	2
2025-11-15	virtualflybrain.org - GA4	rzbetrieb.virtualflybrain.org	user_engagement	2	2
2025-11-15	virtualflybrain.org - GA4	sandbox-admin-game.virtualflybrain.org	first_visit	6	6
2025-11-15	virtualflybrain.org - GA4	sandbox-admin-game.virtualflybrain.org	page_view	6	6
2025-11-15	virtualflybrain.org - GA4	sandbox-admin-game.virtualflybrain.org	session_start	6	6
2025-11-15	virtualflybrain.org - GA4	sandbox-admin-game.virtualflybrain.org	user_engagement	5	5
2025-11-15	virtualflybrain.org - GA4	sfo.sie.virtualflybrain.org	first_visit	2	2
2025-11-15	virtualflybrain.org - GA4	sfo.sie.virtualflybrain.org	page_view	2	2
2025-11-15	virtualflybrain.org - GA4	sfo.sie.virtualflybrain.org	session_start	2	2
2025-11-15	virtualflybrain.org - GA4	sfo.sie.virtualflybrain.org	user_engagement	2	2
2025-11-15	virtualflybrain.org - GA4	shp.virtualflybrain.org	first_visit	2	2
2025-11-15	virtualflybrain.org - GA4	shp.virtualflybrain.org	page_view	2	2
2025-11-15	virtualflybrain.org - GA4	shp.virtualflybrain.org	session_start	2	2
2025-11-15	virtualflybrain.org - GA4	shp.virtualflybrain.org	user_engagement	2	2
2025-11-15	virtualflybrain.org - GA4	sit2client85.virtualflybrain.org	first_visit	2	2
2025-11-15	virtualflybrain.org - GA4	sit2client85.virtualflybrain.org	page_view	2	2
2025-11-15	virtualflybrain.org - GA4	sit2client85.virtualflybrain.org	session_start	2	2
2025-11-15	virtualflybrain.org - GA4	sit2client85.virtualflybrain.org	user_engagement	2	2
2025-11-15	virtualflybrain.org - GA4	sport.virtualflybrain.org	first_visit	2	2
2025-11-15	virtualflybrain.org - GA4	sport.virtualflybrain.org	page_view	2	2
2025-11-15	virtualflybrain.org - GA4	sport.virtualflybrain.org	session_start	2	2
2025-11-15	virtualflybrain.org - GA4	sport.virtualflybrain.org	user_engagement	2	2
2025-11-15	virtualflybrain.org - GA4	stage-genya.virtualflybrain.org	first_visit	2	2
2025-11-15	virtualflybrain.org - GA4	stage-genya.virtualflybrain.org	page_view	2	2
2025-11-15	virtualflybrain.org - GA4	stage-genya.virtualflybrain.org	session_start	2	2
2025-11-15	virtualflybrain.org - GA4	stage-genya.virtualflybrain.org	user_engagement	2	2
2025-11-15	virtualflybrain.org - GA4	staticus.virtualflybrain.org	first_visit	2	2
2025-11-15	virtualflybrain.org - GA4	staticus.virtualflybrain.org	page_view	2	2
2025-11-15	virtualflybrain.org - GA4	staticus.virtualflybrain.org	session_start	2	2
2025-11-15	virtualflybrain.org - GA4	staticus.virtualflybrain.org	user_engagement	2	2
2025-11-15	virtualflybrain.org - GA4	stgact.virtualflybrain.org	first_visit	2	2
2025-11-15	virtualflybrain.org - GA4	stgact.virtualflybrain.org	page_view	2	2
2025-11-15	virtualflybrain.org - GA4	stgact.virtualflybrain.org	session_start	2	2
2025-11-15	virtualflybrain.org - GA4	stgact.virtualflybrain.org	user_engagement	2	2
2025-11-15	virtualflybrain.org - GA4	teams.virtualflybrain.org	first_visit	2	2
2025-11-15	virtualflybrain.org - GA4	teams.virtualflybrain.org	page_view	2	2
2025-11-15	virtualflybrain.org - GA4	teams.virtualflybrain.org	session_start	2	2
2025-11-15	virtualflybrain.org - GA4	teams.virtualflybrain.org	user_engagement	2	2
2025-11-15	virtualflybrain.org - GA4	tesladex.virtualflybrain.org	first_visit	2	2
2025-11-15	virtualflybrain.org - GA4	tesladex.virtualflybrain.org	page_view	2	2
2025-11-15	virtualflybrain.org - GA4	tesladex.virtualflybrain.org	session_start	2	2
2025-11-15	virtualflybrain.org - GA4	tesladex.virtualflybrain.org	user_engagement	2	2
2025-11-15	virtualflybrain.org - GA4	test-sre.virtualflybrain.org	first_visit	2	2
2025-11-15	virtualflybrain.org - GA4	test-sre.virtualflybrain.org	page_view	2	2
2025-11-15	virtualflybrain.org - GA4	test-sre.virtualflybrain.org	session_start	2	2
2025-11-15	virtualflybrain.org - GA4	test-sre.virtualflybrain.org	user_engagement	2	2
2025-11-15	virtualflybrain.org - GA4	test.virtualflybrain.org	first_visit	2	2
2025-11-15	virtualflybrain.org - GA4	test.virtualflybrain.org	page_view	2	2
2025-11-15	virtualflybrain.org - GA4	test.virtualflybrain.org	session_start	2	2
2025-11-15	virtualflybrain.org - GA4	test.virtualflybrain.org	user_engagement	2	2
2025-11-15	virtualflybrain.org - GA4	us176.virtualflybrain.org	first_visit	2	2
2025-11-15	virtualflybrain.org - GA4	us176.virtualflybrain.org	page_view	2	2
2025-11-15	virtualflybrain.org - GA4	us176.virtualflybrain.org	session_start	2	2
2025-11-15	virtualflybrain.org - GA4	us176.virtualflybrain.org	user_engagement	2	2
2025-11-15	virtualflybrain.org - GA4	userservice-aws.virtualflybrain.org	first_visit	2	2
2025-11-15	virtualflybrain.org - GA4	userservice-aws.virtualflybrain.org	page_view	2	2
2025-11-15	virtualflybrain.org - GA4	userservice-aws.virtualflybrain.org	session_start	2	2
2025-11-15	virtualflybrain.org - GA4	v2.virtualflybrain.org	disconnected	14	5
2025-11-15	virtualflybrain.org - GA4	v2.virtualflybrain.org	errorlog	296	21
2025-11-15	virtualflybrain.org - GA4	v2.virtualflybrain.org	first_visit	241	241
2025-11-15	virtualflybrain.org - GA4	v2.virtualflybrain.org	page_view	347	255
2025-11-15	virtualflybrain.org - GA4	v2.virtualflybrain.org	reconnect-attempt:0	11	5
2025-11-15	virtualflybrain.org - GA4	v2.virtualflybrain.org	reconnect-failed-reloading	1	1
2025-11-15	virtualflybrain.org - GA4	v2.virtualflybrain.org	request	139	28
2025-11-15	virtualflybrain.org - GA4	v2.virtualflybrain.org	session_start	324	253
2025-11-15	virtualflybrain.org - GA4	v2.virtualflybrain.org	user_engagement	77	74
2025-11-15	virtualflybrain.org - GA4	vamup.virtualflybrain.org	first_visit	2	2
2025-11-15	virtualflybrain.org - GA4	vamup.virtualflybrain.org	page_view	2	2
2025-11-15	virtualflybrain.org - GA4	vamup.virtualflybrain.org	session_start	2	2
2025-11-15	virtualflybrain.org - GA4	vamup.virtualflybrain.org	user_engagement	2	2
2025-11-15	virtualflybrain.org - GA4	velvet.virtualflybrain.org	first_visit	1	1
2025-11-15	virtualflybrain.org - GA4	velvet.virtualflybrain.org	page_view	1	1
2025-11-15	virtualflybrain.org - GA4	velvet.virtualflybrain.org	session_start	1	1
2025-11-15	virtualflybrain.org - GA4	velvet.virtualflybrain.org	user_engagement	1	1
2025-11-15	virtualflybrain.org - GA4	videostream.virtualflybrain.org	first_visit	2	2
2025-11-15	virtualflybrain.org - GA4	videostream.virtualflybrain.org	page_view	2	2
2025-11-15	virtualflybrain.org - GA4	videostream.virtualflybrain.org	session_start	2	2
2025-11-15	virtualflybrain.org - GA4	videostream.virtualflybrain.org	user_engagement	2	2
2025-11-15	virtualflybrain.org - GA4	virex01.virtualflybrain.org	first_visit	2	2
2025-11-15	virtualflybrain.org - GA4	virex01.virtualflybrain.org	page_view	2	2
2025-11-15	virtualflybrain.org - GA4	virex01.virtualflybrain.org	session_start	2	2
2025-11-15	virtualflybrain.org - GA4	virex01.virtualflybrain.org	user_engagement	2	2
2025-11-15	virtualflybrain.org - GA4	virtualflybrain.org	first_visit	6	6
2025-11-15	virtualflybrain.org - GA4	virtualflybrain.org	page_view	7	7
2025-11-15	virtualflybrain.org - GA4	virtualflybrain.org	session_start	6	6
2025-11-15	virtualflybrain.org - GA4	virtualflybrain.org	user_engagement	5	5
2025-11-15	virtualflybrain.org - GA4	webapi-withdrawal-service.preprod.virtualflybrain.org	first_visit	4	4
2025-11-15	virtualflybrain.org - GA4	webapi-withdrawal-service.preprod.virtualflybrain.org	page_view	4	4
2025-11-15	virtualflybrain.org - GA4	webapi-withdrawal-service.preprod.virtualflybrain.org	session_start	4	4
2025-11-15	virtualflybrain.org - GA4	webapi-withdrawal-service.preprod.virtualflybrain.org	user_engagement	4	4
2025-11-15	virtualflybrain.org - GA4	www.virtualflybrain.org	first_visit	342	341
2025-11-15	virtualflybrain.org - GA4	www.virtualflybrain.org	page_view	353	343
2025-11-15	virtualflybrain.org - GA4	www.virtualflybrain.org	session_start	346	345
2025-11-15	virtualflybrain.org - GA4	www.virtualflybrain.org	user_engagement	212	204
2025-11-15	virtualflybrain.org - GA4	xl-ppe.virtualflybrain.org	first_visit	2	2
2025-11-15	virtualflybrain.org - GA4	xl-ppe.virtualflybrain.org	page_view	2	2
2025-11-15	virtualflybrain.org - GA4	xl-ppe.virtualflybrain.org	session_start	2	2
2025-11-15	virtualflybrain.org - GA4	xl-ppe.virtualflybrain.org	user_engagement	2	2
2025-11-16	virtualflybrain.org - GA4		page_view	963	21
2025-11-16	virtualflybrain.org - GA4	129.215.197.110	user_engagement	1	1
2025-11-16	virtualflybrain.org - GA4	akamai-apigateway-warpcxml.virtualflybrain.org	first_visit	1	1
2025-11-16	virtualflybrain.org - GA4	akamai-apigateway-warpcxml.virtualflybrain.org	page_view	1	1
2025-11-16	virtualflybrain.org - GA4	akamai-apigateway-warpcxml.virtualflybrain.org	session_start	1	1
2025-11-16	virtualflybrain.org - GA4	ba9dad907c1d.virtualflybrain.org	first_visit	1	1
2025-11-16	virtualflybrain.org - GA4	ba9dad907c1d.virtualflybrain.org	page_view	1	1
2025-11-16	virtualflybrain.org - GA4	ba9dad907c1d.virtualflybrain.org	session_start	1	1
2025-11-16	virtualflybrain.org - GA4	ba9dad907c1d.virtualflybrain.org	user_engagement	1	1
2025-11-16	virtualflybrain.org - GA4	backend.virtualflybrain.org	first_visit	1	1
2025-11-16	virtualflybrain.org - GA4	backend.virtualflybrain.org	page_view	1	1
2025-11-16	virtualflybrain.org - GA4	backend.virtualflybrain.org	session_start	1	1
2025-11-16	virtualflybrain.org - GA4	bahrain-pi.virtualflybrain.org	first_visit	1	1
2025-11-16	virtualflybrain.org - GA4	bahrain-pi.virtualflybrain.org	page_view	1	1
2025-11-16	virtualflybrain.org - GA4	bahrain-pi.virtualflybrain.org	session_start	1	1
2025-11-16	virtualflybrain.org - GA4	bell-apis-qa.virtualflybrain.org	first_visit	1	1
2025-11-16	virtualflybrain.org - GA4	bell-apis-qa.virtualflybrain.org	page_view	1	1
2025-11-16	virtualflybrain.org - GA4	bell-apis-qa.virtualflybrain.org	session_start	1	1
2025-11-16	virtualflybrain.org - GA4	bell-apis-qa.virtualflybrain.org	user_engagement	1	1
2025-11-16	virtualflybrain.org - GA4	blog.virtualflybrain.org	first_visit	1	1
2025-11-16	virtualflybrain.org - GA4	blog.virtualflybrain.org	page_view	1	1
2025-11-16	virtualflybrain.org - GA4	blog.virtualflybrain.org	session_start	1	1
2025-11-16	virtualflybrain.org - GA4	blog.virtualflybrain.org	user_engagement	1	1
2025-11-16	virtualflybrain.org - GA4	catmaid-fafb.virtualflybrain.org	first_visit	2	2
2025-11-16	virtualflybrain.org - GA4	catmaid-fafb.virtualflybrain.org	page_view	2	2
2025-11-16	virtualflybrain.org - GA4	catmaid-fafb.virtualflybrain.org	session_start	2	2
2025-11-16	virtualflybrain.org - GA4	daws-0-1-8.virtualflybrain.org	user_engagement	1	1
2025-11-16	virtualflybrain.org - GA4	dill.inf.ed.ac.uk	first_visit	177	177
2025-11-16	virtualflybrain.org - GA4	dill.inf.ed.ac.uk	page_view	177	177
2025-11-16	virtualflybrain.org - GA4	dill.inf.ed.ac.uk	session_start	177	177
2025-11-16	virtualflybrain.org - GA4	dill.inf.ed.ac.uk	user_engagement	122	122
2025-11-16	virtualflybrain.org - GA4	github.com	page_view	1	1
2025-11-16	virtualflybrain.org - GA4	hdwm.virtualflybrain.org	user_engagement	1	1
2025-11-16	virtualflybrain.org - GA4	int-stage-11.virtualflybrain.org	user_engagement	1	1
2025-11-16	virtualflybrain.org - GA4	mayo.inf.ed.ac.uk	first_visit	1	1
2025-11-16	virtualflybrain.org - GA4	mayo.inf.ed.ac.uk	page_view	1	1
2025-11-16	virtualflybrain.org - GA4	mayo.inf.ed.ac.uk	session_start	1	1
2025-11-16	virtualflybrain.org - GA4	mayo.inf.ed.ac.uk	user_engagement	1	1
2025-11-16	virtualflybrain.org - GA4	measure-apindev.virtualflybrain.org	first_visit	1	1
2025-11-16	virtualflybrain.org - GA4	measure-apindev.virtualflybrain.org	page_view	1	1
2025-11-16	virtualflybrain.org - GA4	measure-apindev.virtualflybrain.org	session_start	1	1
2025-11-16	virtualflybrain.org - GA4	memberdev20.aqua.virtualflybrain.org	user_engagement	1	1
2025-11-16	virtualflybrain.org - GA4	natverse5.virtualflybrain.org	first_visit	57	57
2025-11-16	virtualflybrain.org - GA4	natverse5.virtualflybrain.org	page_view	57	57
2025-11-16	virtualflybrain.org - GA4	natverse5.virtualflybrain.org	session_start	57	57
2025-11-16	virtualflybrain.org - GA4	natverse5.virtualflybrain.org	user_engagement	38	38
2025-11-16	virtualflybrain.org - GA4	nblast.virtualflybrain.org	first_visit	577	577
2025-11-16	virtualflybrain.org - GA4	nblast.virtualflybrain.org	page_view	577	577
2025-11-16	virtualflybrain.org - GA4	nblast.virtualflybrain.org	session_start	577	577
2025-11-16	virtualflybrain.org - GA4	nblast.virtualflybrain.org	user_engagement	380	380
2025-11-16	virtualflybrain.org - GA4	origin.cm.v1.virtualflybrain.org	user_engagement	1	1
2025-11-16	virtualflybrain.org - GA4	owl.virtualflybrain.org	user_engagement	1	1
2025-11-16	virtualflybrain.org - GA4	raw.larval.flylight.virtualflybrain.org	first_visit	1	1
2025-11-16	virtualflybrain.org - GA4	raw.larval.flylight.virtualflybrain.org	page_view	1	1
2025-11-16	virtualflybrain.org - GA4	raw.larval.flylight.virtualflybrain.org	session_start	1	1
2025-11-16	virtualflybrain.org - GA4	sandbox-admin-game.virtualflybrain.org	first_visit	1	1
2025-11-16	virtualflybrain.org - GA4	sandbox-admin-game.virtualflybrain.org	page_view	1	1
2025-11-16	virtualflybrain.org - GA4	sandbox-admin-game.virtualflybrain.org	session_start	1	1
2025-11-16	virtualflybrain.org - GA4	sandbox-admin-game.virtualflybrain.org	user_engagement	1	1
2025-11-16	virtualflybrain.org - GA4	sb1.virtualflybrain.org	first_visit	1	1
2025-11-16	virtualflybrain.org - GA4	sb1.virtualflybrain.org	page_view	1	1
2025-11-16	virtualflybrain.org - GA4	sb1.virtualflybrain.org	session_start	1	1
2025-11-16	virtualflybrain.org - GA4	sel.virtualflybrain.org	user_engagement	1	1
2025-11-16	virtualflybrain.org - GA4	solr-alpha.virtualflybrain.org	first_visit	1	1
2025-11-16	virtualflybrain.org - GA4	solr-alpha.virtualflybrain.org	page_view	1	1
2025-11-16	virtualflybrain.org - GA4	solr-alpha.virtualflybrain.org	session_start	1	1
2025-11-16	virtualflybrain.org - GA4	ubuntu.virtualflybrain.org	first_visit	1	1
2025-11-16	virtualflybrain.org - GA4	ubuntu.virtualflybrain.org	page_view	1	1
2025-11-16	virtualflybrain.org - GA4	ubuntu.virtualflybrain.org	session_start	1	1
2025-11-16	virtualflybrain.org - GA4	v2.virtualflybrain.org	cancelled	1	1
2025-11-16	virtualflybrain.org - GA4	v2.virtualflybrain.org	disconnected	47	9
2025-11-16	virtualflybrain.org - GA4	v2.virtualflybrain.org	errorlog	365	21
2025-11-16	virtualflybrain.org - GA4	v2.virtualflybrain.org	first_visit	100	100
2025-11-16	virtualflybrain.org - GA4	v2.virtualflybrain.org	page_view	206	123
2025-11-16	virtualflybrain.org - GA4	v2.virtualflybrain.org	reconnect-attempt:0	28	9
2025-11-16	virtualflybrain.org - GA4	v2.virtualflybrain.org	reconnect-failed-reloading	4	4
2025-11-16	virtualflybrain.org - GA4	v2.virtualflybrain.org	request	347	24
2025-11-16	virtualflybrain.org - GA4	v2.virtualflybrain.org	session_start	160	118
2025-11-16	virtualflybrain.org - GA4	v2.virtualflybrain.org	user_engagement	52	37
2025-11-16	virtualflybrain.org - GA4	v2a.virtualflybrain.org	first_visit	4	4
2025-11-16	virtualflybrain.org - GA4	v2a.virtualflybrain.org	page_view	7	4
2025-11-16	virtualflybrain.org - GA4	v2a.virtualflybrain.org	session_start	4	4
2025-11-16	virtualflybrain.org - GA4	v2a.virtualflybrain.org	user_engagement	4	3
2025-11-16	virtualflybrain.org - GA4	v3.virtualflybrain.org	first_visit	1	1
2025-11-16	virtualflybrain.org - GA4	v3.virtualflybrain.org	page_view	1	1
2025-11-16	virtualflybrain.org - GA4	v3.virtualflybrain.org	session_start	1	1
2025-11-16	virtualflybrain.org - GA4	virtualflybrain.org	first_visit	12	12
2025-11-16	virtualflybrain.org - GA4	virtualflybrain.org	page_view	13	13
2025-11-16	virtualflybrain.org - GA4	virtualflybrain.org	session_start	12	12
2025-11-16	virtualflybrain.org - GA4	virtualflybrain.org	user_engagement	4	4
2025-11-16	virtualflybrain.org - GA4	webapi-withdrawal-service.preprod.virtualflybrain.org	first_visit	1	1
2025-11-16	virtualflybrain.org - GA4	webapi-withdrawal-service.preprod.virtualflybrain.org	page_view	1	1
2025-11-16	virtualflybrain.org - GA4	webapi-withdrawal-service.preprod.virtualflybrain.org	session_start	1	1
2025-11-16	virtualflybrain.org - GA4	webapi-withdrawal-service.preprod.virtualflybrain.org	user_engagement	1	1
2025-11-16	virtualflybrain.org - GA4	www.virtualflybrain.org	first_visit	156	155
2025-11-16	virtualflybrain.org - GA4	www.virtualflybrain.org	page_view	177	158
2025-11-16	virtualflybrain.org - GA4	www.virtualflybrain.org	session_start	161	158
2025-11-16	virtualflybrain.org - GA4	www.virtualflybrain.org	user_engagement	102	88
2025-11-16	virtualflybrain.org - GA4	zip.virtualflybrain.org	first_visit	1	1
2025-11-16	virtualflybrain.org - GA4	zip.virtualflybrain.org	page_view	1	1
2025-11-16	virtualflybrain.org - GA4	zip.virtualflybrain.org	session_start	1	1
2025-11-17	virtualflybrain.org - GA4		page_view	1414	46
2025-11-17	virtualflybrain.org - GA4	9713a1cc5c10.virtualflybrain.org	user_engagement	1	1
2025-11-17	virtualflybrain.org - GA4	admin.european-west.virtualflybrain.org	user_engagement	1	1
2025-11-17	virtualflybrain.org - GA4	akamai-apigateway-warpcxml.virtualflybrain.org	first_visit	1	1
2025-11-17	virtualflybrain.org - GA4	akamai-apigateway-warpcxml.virtualflybrain.org	page_view	1	1
2025-11-17	virtualflybrain.org - GA4	akamai-apigateway-warpcxml.virtualflybrain.org	session_start	1	1
2025-11-17	virtualflybrain.org - GA4	ba9dad907c1d.virtualflybrain.org	first_visit	1	1
2025-11-17	virtualflybrain.org - GA4	ba9dad907c1d.virtualflybrain.org	page_view	1	1
2025-11-17	virtualflybrain.org - GA4	ba9dad907c1d.virtualflybrain.org	session_start	1	1
2025-11-17	virtualflybrain.org - GA4	ba9dad907c1d.virtualflybrain.org	user_engagement	1	1
2025-11-17	virtualflybrain.org - GA4	bahrain-pi.virtualflybrain.org	first_visit	1	1
2025-11-17	virtualflybrain.org - GA4	bahrain-pi.virtualflybrain.org	page_view	1	1
2025-11-17	virtualflybrain.org - GA4	bahrain-pi.virtualflybrain.org	session_start	1	1
2025-11-17	virtualflybrain.org - GA4	bahrain-pi.virtualflybrain.org	user_engagement	1	1
2025-11-17	virtualflybrain.org - GA4	bell-apis-qa.virtualflybrain.org	first_visit	1	1
2025-11-17	virtualflybrain.org - GA4	bell-apis-qa.virtualflybrain.org	page_view	1	1
2025-11-17	virtualflybrain.org - GA4	bell-apis-qa.virtualflybrain.org	session_start	1	1
2025-11-17	virtualflybrain.org - GA4	bell-apis-qa.virtualflybrain.org	user_engagement	1	1
2025-11-17	virtualflybrain.org - GA4	catmaid-fafb.virtualflybrain.org	first_visit	1	1
2025-11-17	virtualflybrain.org - GA4	catmaid-fafb.virtualflybrain.org	page_view	1	1
2025-11-17	virtualflybrain.org - GA4	catmaid-fafb.virtualflybrain.org	session_start	1	1
2025-11-17	virtualflybrain.org - GA4	cs170.virtualflybrain.org	user_engagement	1	1
2025-11-17	virtualflybrain.org - GA4	dill.inf.ed.ac.uk	first_visit	276	276
2025-11-17	virtualflybrain.org - GA4	dill.inf.ed.ac.uk	page_view	276	276
2025-11-17	virtualflybrain.org - GA4	dill.inf.ed.ac.uk	session_start	276	276
2025-11-17	virtualflybrain.org - GA4	dill.inf.ed.ac.uk	user_engagement	179	179
2025-11-17	virtualflybrain.org - GA4	flybrain.inf.ed.ac.uk	first_visit	1	1
2025-11-17	virtualflybrain.org - GA4	flybrain.inf.ed.ac.uk	page_view	1	1
2025-11-17	virtualflybrain.org - GA4	flybrain.inf.ed.ac.uk	session_start	1	1
2025-11-17	virtualflybrain.org - GA4	flybrain.inf.ed.ac.uk	user_engagement	2	2
2025-11-17	virtualflybrain.org - GA4	github.com	page_view	1	1
2025-11-17	virtualflybrain.org - GA4	measure-apindev.virtualflybrain.org	first_visit	1	1
2025-11-17	virtualflybrain.org - GA4	measure-apindev.virtualflybrain.org	page_view	1	1
2025-11-17	virtualflybrain.org - GA4	measure-apindev.virtualflybrain.org	session_start	1	1
2025-11-17	virtualflybrain.org - GA4	memberdev20.aqua.virtualflybrain.org	user_engagement	1	1
2025-11-17	virtualflybrain.org - GA4	natverse5.virtualflybrain.org	first_visit	60	60
2025-11-17	virtualflybrain.org - GA4	natverse5.virtualflybrain.org	page_view	60	60
2025-11-17	virtualflybrain.org - GA4	natverse5.virtualflybrain.org	session_start	60	60
2025-11-17	virtualflybrain.org - GA4	natverse5.virtualflybrain.org	user_engagement	42	42
2025-11-17	virtualflybrain.org - GA4	nblast.virtualflybrain.org	first_visit	529	529
2025-11-17	virtualflybrain.org - GA4	nblast.virtualflybrain.org	page_view	529	529
2025-11-17	virtualflybrain.org - GA4	nblast.virtualflybrain.org	session_start	529	529
2025-11-17	virtualflybrain.org - GA4	nblast.virtualflybrain.org	user_engagement	363	363
2025-11-17	virtualflybrain.org - GA4	olivierdemeulenaere.virtualflybrain.org	first_visit	1	1
2025-11-17	virtualflybrain.org - GA4	olivierdemeulenaere.virtualflybrain.org	page_view	1	1
2025-11-17	virtualflybrain.org - GA4	olivierdemeulenaere.virtualflybrain.org	session_start	1	1
2025-11-17	virtualflybrain.org - GA4	owl.virtualflybrain.org	first_visit	1	1
2025-11-17	virtualflybrain.org - GA4	owl.virtualflybrain.org	page_view	1	1
2025-11-17	virtualflybrain.org - GA4	owl.virtualflybrain.org	session_start	1	1
2025-11-17	virtualflybrain.org - GA4	owl.virtualflybrain.org	user_engagement	1	1
2025-11-17	virtualflybrain.org - GA4	raw.larval.flylight.virtualflybrain.org	first_visit	4	4
2025-11-17	virtualflybrain.org - GA4	raw.larval.flylight.virtualflybrain.org	page_view	23	4
2025-11-17	virtualflybrain.org - GA4	raw.larval.flylight.virtualflybrain.org	session_start	4	4
2025-11-17	virtualflybrain.org - GA4	raw.larval.flylight.virtualflybrain.org	user_engagement	21	2
2025-11-17	virtualflybrain.org - GA4	sandbox-admin-game.virtualflybrain.org	first_visit	1	1
2025-11-17	virtualflybrain.org - GA4	sandbox-admin-game.virtualflybrain.org	page_view	1	1
2025-11-17	virtualflybrain.org - GA4	sandbox-admin-game.virtualflybrain.org	session_start	1	1
2025-11-17	virtualflybrain.org - GA4	sel.virtualflybrain.org	user_engagement	1	1
2025-11-17	virtualflybrain.org - GA4	v2.virtualflybrain.org	disconnected	29	12
2025-11-17	virtualflybrain.org - GA4	v2.virtualflybrain.org	errorlog	437	46
2025-11-17	virtualflybrain.org - GA4	v2.virtualflybrain.org	first_visit	118	118
2025-11-17	virtualflybrain.org - GA4	v2.virtualflybrain.org	opening	2	2
2025-11-17	virtualflybrain.org - GA4	v2.virtualflybrain.org	page_view	227	149
2025-11-17	virtualflybrain.org - GA4	v2.virtualflybrain.org	reconnect-attempt:0	29	12
2025-11-17	virtualflybrain.org - GA4	v2.virtualflybrain.org	request	351	47
2025-11-17	virtualflybrain.org - GA4	v2.virtualflybrain.org	session_start	180	137
2025-11-17	virtualflybrain.org - GA4	v2.virtualflybrain.org	user_engagement	66	50
2025-11-17	virtualflybrain.org - GA4	v2a.virtualflybrain.org	cancelled	2	1
2025-11-17	virtualflybrain.org - GA4	v2a.virtualflybrain.org	errorlog	12	1
2025-11-17	virtualflybrain.org - GA4	v2a.virtualflybrain.org	page_view	2	1
2025-11-17	virtualflybrain.org - GA4	v2a.virtualflybrain.org	request	115	1
2025-11-17	virtualflybrain.org - GA4	v2a.virtualflybrain.org	session_start	1	1
2025-11-17	virtualflybrain.org - GA4	v2a.virtualflybrain.org	user_engagement	2	1
2025-11-17	virtualflybrain.org - GA4	virtualflybrain.org	first_visit	9	9
2025-11-17	virtualflybrain.org - GA4	virtualflybrain.org	page_view	19	10
2025-11-17	virtualflybrain.org - GA4	virtualflybrain.org	session_start	10	10
2025-11-17	virtualflybrain.org - GA4	virtualflybrain.org	user_engagement	15	4
2025-11-17	virtualflybrain.org - GA4	webapi-withdrawal-service.preprod.virtualflybrain.org	first_visit	1	1
2025-11-17	virtualflybrain.org - GA4	webapi-withdrawal-service.preprod.virtualflybrain.org	page_view	1	1
2025-11-17	virtualflybrain.org - GA4	webapi-withdrawal-service.preprod.virtualflybrain.org	session_start	1	1
2025-11-17	virtualflybrain.org - GA4	webapi-withdrawal-service.preprod.virtualflybrain.org	user_engagement	1	1
2025-11-17	virtualflybrain.org - GA4	www.imprs.mpi-inf.virtualflybrain.org	user_engagement	1	1
2025-11-17	virtualflybrain.org - GA4	www.virtualflybrain.org	first_visit	184	184
2025-11-17	virtualflybrain.org - GA4	www.virtualflybrain.org	page_view	230	196
2025-11-17	virtualflybrain.org - GA4	www.virtualflybrain.org	session_start	201	196
2025-11-17	virtualflybrain.org - GA4	www.virtualflybrain.org	user_engagement	161	134
2025-11-18	virtualflybrain.org - GA4		page_view	862	52
2025-11-18	virtualflybrain.org - GA4		session_start	1	1
2025-11-18	virtualflybrain.org - GA4	akamai-apigateway-warpcxml.virtualflybrain.org	first_visit	1	1
2025-11-18	virtualflybrain.org - GA4	akamai-apigateway-warpcxml.virtualflybrain.org	page_view	1	1
2025-11-18	virtualflybrain.org - GA4	akamai-apigateway-warpcxml.virtualflybrain.org	session_start	1	1
2025-11-18	virtualflybrain.org - GA4	akamai-apigateway-warpcxml.virtualflybrain.org	user_engagement	1	1
2025-11-18	virtualflybrain.org - GA4	ba9dad907c1d.virtualflybrain.org	first_visit	1	1
2025-11-18	virtualflybrain.org - GA4	ba9dad907c1d.virtualflybrain.org	page_view	1	1
2025-11-18	virtualflybrain.org - GA4	ba9dad907c1d.virtualflybrain.org	session_start	1	1
2025-11-18	virtualflybrain.org - GA4	ba9dad907c1d.virtualflybrain.org	user_engagement	1	1
2025-11-18	virtualflybrain.org - GA4	bahrain-pi.virtualflybrain.org	first_visit	1	1
2025-11-18	virtualflybrain.org - GA4	bahrain-pi.virtualflybrain.org	page_view	1	1
2025-11-18	virtualflybrain.org - GA4	bahrain-pi.virtualflybrain.org	session_start	1	1
2025-11-18	virtualflybrain.org - GA4	bell-apis-qa.virtualflybrain.org	first_visit	1	1
2025-11-18	virtualflybrain.org - GA4	bell-apis-qa.virtualflybrain.org	page_view	1	1
2025-11-18	virtualflybrain.org - GA4	bell-apis-qa.virtualflybrain.org	session_start	1	1
2025-11-18	virtualflybrain.org - GA4	bell-apis-qa.virtualflybrain.org	user_engagement	1	1
2025-11-18	virtualflybrain.org - GA4	buttermilk.inf.ed.ac.uk	first_visit	2	2
2025-11-18	virtualflybrain.org - GA4	buttermilk.inf.ed.ac.uk	page_view	2	2
2025-11-18	virtualflybrain.org - GA4	buttermilk.inf.ed.ac.uk	session_start	2	2
2025-11-18	virtualflybrain.org - GA4	buttermilk.inf.ed.ac.uk	user_engagement	1	1
2025-11-18	virtualflybrain.org - GA4	catmaid-fafb.virtualflybrain.org	first_visit	2	2
2025-11-18	virtualflybrain.org - GA4	catmaid-fafb.virtualflybrain.org	page_view	2	2
2025-11-18	virtualflybrain.org - GA4	catmaid-fafb.virtualflybrain.org	session_start	2	2
2025-11-18	virtualflybrain.org - GA4	chive.inf.ed.ac.uk	first_visit	1	1
2025-11-18	virtualflybrain.org - GA4	chive.inf.ed.ac.uk	page_view	1	1
2025-11-18	virtualflybrain.org - GA4	chive.inf.ed.ac.uk	session_start	1	1
2025-11-18	virtualflybrain.org - GA4	chive.inf.ed.ac.uk	user_engagement	1	1
2025-11-18	virtualflybrain.org - GA4	dill.inf.ed.ac.uk	first_visit	261	261
2025-11-18	virtualflybrain.org - GA4	dill.inf.ed.ac.uk	page_view	261	261
2025-11-18	virtualflybrain.org - GA4	dill.inf.ed.ac.uk	session_start	261	261
2025-11-18	virtualflybrain.org - GA4	dill.inf.ed.ac.uk	user_engagement	192	192
2025-11-18	virtualflybrain.org - GA4	fafb.catmaid.virtualflybrain.org	page_view	1	1
2025-11-18	virtualflybrain.org - GA4	mayo.inf.ed.ac.uk	first_visit	4	4
2025-11-18	virtualflybrain.org - GA4	mayo.inf.ed.ac.uk	page_view	4	4
2025-11-18	virtualflybrain.org - GA4	mayo.inf.ed.ac.uk	session_start	4	4
2025-11-18	virtualflybrain.org - GA4	mayo.inf.ed.ac.uk	user_engagement	3	3
2025-11-18	virtualflybrain.org - GA4	measure-apindev.virtualflybrain.org	first_visit	1	1
2025-11-18	virtualflybrain.org - GA4	measure-apindev.virtualflybrain.org	page_view	1	1
2025-11-18	virtualflybrain.org - GA4	measure-apindev.virtualflybrain.org	session_start	1	1
2025-11-18	virtualflybrain.org - GA4	natverse5.virtualflybrain.org	first_visit	61	61
2025-11-18	virtualflybrain.org - GA4	natverse5.virtualflybrain.org	page_view	61	61
2025-11-18	virtualflybrain.org - GA4	natverse5.virtualflybrain.org	session_start	61	61
2025-11-18	virtualflybrain.org - GA4	natverse5.virtualflybrain.org	user_engagement	42	42
2025-11-18	virtualflybrain.org - GA4	nblast.virtualflybrain.org	first_visit	492	492
2025-11-18	virtualflybrain.org - GA4	nblast.virtualflybrain.org	page_view	492	492
2025-11-18	virtualflybrain.org - GA4	nblast.virtualflybrain.org	session_start	492	492
2025-11-18	virtualflybrain.org - GA4	nblast.virtualflybrain.org	user_engagement	334	334
2025-11-18	virtualflybrain.org - GA4	olivierdemeulenaere.virtualflybrain.org	first_visit	1	1
2025-11-18	virtualflybrain.org - GA4	olivierdemeulenaere.virtualflybrain.org	page_view	1	1
2025-11-18	virtualflybrain.org - GA4	olivierdemeulenaere.virtualflybrain.org	session_start	1	1
2025-11-18	virtualflybrain.org - GA4	olivierdemeulenaere.virtualflybrain.org	user_engagement	1	1
2025-11-18	virtualflybrain.org - GA4	owl.virtualflybrain.org	user_engagement	2	2
2025-11-18	virtualflybrain.org - GA4	parsley.inf.ed.ac.uk	first_visit	1	1
2025-11-18	virtualflybrain.org - GA4	parsley.inf.ed.ac.uk	page_view	1	1
2025-11-18	virtualflybrain.org - GA4	parsley.inf.ed.ac.uk	session_start	1	1
2025-11-18	virtualflybrain.org - GA4	parsley.inf.ed.ac.uk	user_engagement	1	1
2025-11-18	virtualflybrain.org - GA4	sandbox-admin-game.virtualflybrain.org	first_visit	1	1
2025-11-18	virtualflybrain.org - GA4	sandbox-admin-game.virtualflybrain.org	page_view	1	1
2025-11-18	virtualflybrain.org - GA4	sandbox-admin-game.virtualflybrain.org	session_start	1	1
2025-11-18	virtualflybrain.org - GA4	sandbox-admin-game.virtualflybrain.org	user_engagement	1	1
2025-11-18	virtualflybrain.org - GA4	sourcream.inf.ed.ac.uk	first_visit	1	1
2025-11-18	virtualflybrain.org - GA4	sourcream.inf.ed.ac.uk	page_view	1	1
2025-11-18	virtualflybrain.org - GA4	sourcream.inf.ed.ac.uk	session_start	1	1
2025-11-18	virtualflybrain.org - GA4	sourcream.inf.ed.ac.uk	user_engagement	1	1
2025-11-18	virtualflybrain.org - GA4	v2.virtualflybrain.org	cancelled	1	1
2025-11-18	virtualflybrain.org - GA4	v2.virtualflybrain.org	disconnected	54	14
2025-11-18	virtualflybrain.org - GA4	v2.virtualflybrain.org	errorlog	507	54
2025-11-18	virtualflybrain.org - GA4	v2.virtualflybrain.org	first_visit	163	156
2025-11-18	virtualflybrain.org - GA4	v2.virtualflybrain.org	opening	3	3
2025-11-18	virtualflybrain.org - GA4	v2.virtualflybrain.org	page_view	361	199
2025-11-18	virtualflybrain.org - GA4	v2.virtualflybrain.org	reconnect-attempt:0	53	14
2025-11-18	virtualflybrain.org - GA4	v2.virtualflybrain.org	reconnect-attempt:1	1	1
2025-11-18	virtualflybrain.org - GA4	v2.virtualflybrain.org	reconnect-failed-reloading	1	1
2025-11-18	virtualflybrain.org - GA4	v2.virtualflybrain.org	request	331	57
2025-11-18	virtualflybrain.org - GA4	v2.virtualflybrain.org	session_start	248	183
2025-11-18	virtualflybrain.org - GA4	v2.virtualflybrain.org	user_engagement	88	79
2025-11-18	virtualflybrain.org - GA4	v2a.virtualflybrain.org	cancelled	2	1
2025-11-18	virtualflybrain.org - GA4	v2a.virtualflybrain.org	errorlog	8	2
2025-11-18	virtualflybrain.org - GA4	v2a.virtualflybrain.org	page_view	2	2
2025-11-18	virtualflybrain.org - GA4	v2a.virtualflybrain.org	request	9	2
2025-11-18	virtualflybrain.org - GA4	v2a.virtualflybrain.org	session_start	1	1
2025-11-18	virtualflybrain.org - GA4	v2a.virtualflybrain.org	user_engagement	1	1
2025-11-18	virtualflybrain.org - GA4	virtualflybrain.org	first_visit	7	7
2025-11-18	virtualflybrain.org - GA4	virtualflybrain.org	page_view	10	9
2025-11-18	virtualflybrain.org - GA4	virtualflybrain.org	session_start	10	10
2025-11-18	virtualflybrain.org - GA4	virtualflybrain.org	user_engagement	7	5
2025-11-18	virtualflybrain.org - GA4	webapi-withdrawal-service.preprod.virtualflybrain.org	first_visit	1	1
2025-11-18	virtualflybrain.org - GA4	webapi-withdrawal-service.preprod.virtualflybrain.org	page_view	1	1
2025-11-18	virtualflybrain.org - GA4	webapi-withdrawal-service.preprod.virtualflybrain.org	session_start	1	1
2025-11-18	virtualflybrain.org - GA4	webapi-withdrawal-service.preprod.virtualflybrain.org	user_engagement	1	1
2025-11-18	virtualflybrain.org - GA4	www.virtualflybrain.org	first_visit	239	239
2025-11-18	virtualflybrain.org - GA4	www.virtualflybrain.org	page_view	261	249
2025-11-18	virtualflybrain.org - GA4	www.virtualflybrain.org	session_start	254	249
2025-11-18	virtualflybrain.org - GA4	www.virtualflybrain.org	user_engagement	179	164
2025-11-19	virtualflybrain.org - GA4		page_view	915	31
2025-11-19	virtualflybrain.org - GA4	05.virtualflybrain.org	user_engagement	2	2
2025-11-19	virtualflybrain.org - GA4	129.215.197.101	first_visit	1	1
2025-11-19	virtualflybrain.org - GA4	129.215.197.101	page_view	1	1
2025-11-19	virtualflybrain.org - GA4	129.215.197.101	session_start	1	1
2025-11-19	virtualflybrain.org - GA4	129.215.197.147	first_visit	1	1
2025-11-19	virtualflybrain.org - GA4	129.215.197.147	page_view	1	1
2025-11-19	virtualflybrain.org - GA4	129.215.197.147	session_start	1	1
2025-11-19	virtualflybrain.org - GA4	acessaoficina.virtualflybrain.org	user_engagement	2	2
2025-11-19	virtualflybrain.org - GA4	admin-prod-market.virtualflybrain.org	user_engagement	2	2
2025-11-19	virtualflybrain.org - GA4	admin.european-west.virtualflybrain.org	user_engagement	1	1
2025-11-19	virtualflybrain.org - GA4	adminmvi-lemans.virtualflybrain.org	user_engagement	2	2
2025-11-19	virtualflybrain.org - GA4	akamai-apigateway-warpcxml.virtualflybrain.org	first_visit	1	1
2025-11-19	virtualflybrain.org - GA4	akamai-apigateway-warpcxml.virtualflybrain.org	page_view	1	1
2025-11-19	virtualflybrain.org - GA4	akamai-apigateway-warpcxml.virtualflybrain.org	session_start	1	1
2025-11-19	virtualflybrain.org - GA4	akamai-apigateway-warpcxml.virtualflybrain.org	user_engagement	1	1
2025-11-19	virtualflybrain.org - GA4	analytics.user.virtualflybrain.org	user_engagement	3	3
2025-11-19	virtualflybrain.org - GA4	anp.virtualflybrain.org	user_engagement	1	1
2025-11-19	virtualflybrain.org - GA4	api-gw-psk-qa.virtualflybrain.org	user_engagement	2	2
2025-11-19	virtualflybrain.org - GA4	api.buyer.virtualflybrain.org	user_engagement	1	1
2025-11-19	virtualflybrain.org - GA4	api.mvrportal.virtualflybrain.org	user_engagement	3	3
2025-11-19	virtualflybrain.org - GA4	api.pf.market.virtualflybrain.org	user_engagement	2	2
2025-11-19	virtualflybrain.org - GA4	argocd-server.argo.virtualflybrain.org	user_engagement	1	1
2025-11-19	virtualflybrain.org - GA4	artist.api.lv3.cdn.virtualflybrain.org	user_engagement	4	4
2025-11-19	virtualflybrain.org - GA4	authserver.virtualflybrain.org	user_engagement	1	1
2025-11-19	virtualflybrain.org - GA4	b2b3.virtualflybrain.org	user_engagement	2	2
2025-11-19	virtualflybrain.org - GA4	ba9dad907c1d.virtualflybrain.org	first_visit	1	1
2025-11-19	virtualflybrain.org - GA4	ba9dad907c1d.virtualflybrain.org	page_view	1	1
2025-11-19	virtualflybrain.org - GA4	ba9dad907c1d.virtualflybrain.org	session_start	1	1
2025-11-19	virtualflybrain.org - GA4	ba9dad907c1d.virtualflybrain.org	user_engagement	1	1
2025-11-19	virtualflybrain.org - GA4	backend.virtualflybrain.org	session_start	1	1
2025-11-19	virtualflybrain.org - GA4	backend.virtualflybrain.org	user_engagement	1	1
2025-11-19	virtualflybrain.org - GA4	bahrain-pi.virtualflybrain.org	first_visit	1	1
2025-11-19	virtualflybrain.org - GA4	bahrain-pi.virtualflybrain.org	page_view	1	1
2025-11-19	virtualflybrain.org - GA4	bahrain-pi.virtualflybrain.org	session_start	1	1
2025-11-19	virtualflybrain.org - GA4	bell-apis-qa.virtualflybrain.org	first_visit	1	1
2025-11-19	virtualflybrain.org - GA4	bell-apis-qa.virtualflybrain.org	page_view	1	1
2025-11-19	virtualflybrain.org - GA4	bell-apis-qa.virtualflybrain.org	session_start	1	1
2025-11-19	virtualflybrain.org - GA4	bell-apis-qa.virtualflybrain.org	user_engagement	1	1
2025-11-19	virtualflybrain.org - GA4	blog.us.virtualflybrain.org	user_engagement	1	1
2025-11-19	virtualflybrain.org - GA4	bm.prepublished.live2.fas.eu1.virtualflybrain.org	user_engagement	2	2
2025-11-19	virtualflybrain.org - GA4	bposolutionestimator.ciostage1.virtualflybrain.org	user_engagement	2	2
2025-11-19	virtualflybrain.org - GA4	bse.virtualflybrain.org	user_engagement	1	1
2025-11-19	virtualflybrain.org - GA4	bugatti.virtualflybrain.org	user_engagement	1	1
2025-11-19	virtualflybrain.org - GA4	businesssecurities-bos-sit.test.virtualflybrain.org	user_engagement	3	3
2025-11-19	virtualflybrain.org - GA4	buttermilk.inf.ed.ac.uk	first_visit	1	1
2025-11-19	virtualflybrain.org - GA4	buttermilk.inf.ed.ac.uk	page_view	1	1
2025-11-19	virtualflybrain.org - GA4	buttermilk.inf.ed.ac.uk	session_start	1	1
2025-11-19	virtualflybrain.org - GA4	buttermilk.inf.ed.ac.uk	user_engagement	1	1
2025-11-19	virtualflybrain.org - GA4	ca71723b8r.gw.virtualflybrain.org	user_engagement	2	2
2025-11-19	virtualflybrain.org - GA4	campussalud.virtualflybrain.org	user_engagement	1	1
2025-11-19	virtualflybrain.org - GA4	cdn-osizpinccolumba033.virtualflybrain.org	user_engagement	2	2
2025-11-19	virtualflybrain.org - GA4	cdn.config.stagec.virtualflybrain.org	user_engagement	2	2
2025-11-19	virtualflybrain.org - GA4	cdn.dev3-shr-rsv-web-cs.arg.x.virtualflybrain.org	user_engagement	1	1
2025-11-19	virtualflybrain.org - GA4	chivp146-vpnna1-6.virtualflybrain.org	user_engagement	4	4
2025-11-19	virtualflybrain.org - GA4	cit.virtualflybrain.org	user_engagement	1	1
2025-11-19	virtualflybrain.org - GA4	clienttunnel.virtualflybrain.org	user_engagement	1	1
2025-11-19	virtualflybrain.org - GA4	cloud.web.virtualflybrain.org	user_engagement	2	2
2025-11-19	virtualflybrain.org - GA4	connectus.virtualflybrain.org	user_engagement	1	1
2025-11-19	virtualflybrain.org - GA4	coreceptor-hiv2.virtualflybrain.org	user_engagement	2	2
2025-11-19	virtualflybrain.org - GA4	cpcontacts.india.virtualflybrain.org	user_engagement	2	2
2025-11-19	virtualflybrain.org - GA4	cpcontacts.server29.virtualflybrain.org	user_engagement	2	2
2025-11-19	virtualflybrain.org - GA4	cs170.virtualflybrain.org	user_engagement	2	2
2025-11-19	virtualflybrain.org - GA4	cuv.acura.virtualflybrain.org	user_engagement	2	2
2025-11-19	virtualflybrain.org - GA4	daws-0-1-8.virtualflybrain.org	user_engagement	1	1
2025-11-19	virtualflybrain.org - GA4	dev.hyundai.idm.virtualflybrain.org	user_engagement	3	3
2025-11-19	virtualflybrain.org - GA4	devas.virtualflybrain.org	user_engagement	2	2
2025-11-19	virtualflybrain.org - GA4	devcenter.virtualflybrain.org	user_engagement	1	1
2025-11-19	virtualflybrain.org - GA4	dill.inf.ed.ac.uk	first_visit	418	418
2025-11-19	virtualflybrain.org - GA4	dill.inf.ed.ac.uk	page_view	418	418
2025-11-19	virtualflybrain.org - GA4	dill.inf.ed.ac.uk	session_start	418	418
2025-11-19	virtualflybrain.org - GA4	dill.inf.ed.ac.uk	user_engagement	292	292
2025-11-19	virtualflybrain.org - GA4	discover-rve.virtualflybrain.org	user_engagement	2	2
2025-11-19	virtualflybrain.org - GA4	ebaystore.virtualflybrain.org	user_engagement	3	3
2025-11-19	virtualflybrain.org - GA4	epb.eur.virtualflybrain.org	user_engagement	1	1
2025-11-19	virtualflybrain.org - GA4	ezproxyauth.ats.virtualflybrain.org	user_engagement	1	1
2025-11-19	virtualflybrain.org - GA4	famipay.virtualflybrain.org	user_engagement	1	1
2025-11-19	virtualflybrain.org - GA4	fluse2.virtualflybrain.org	user_engagement	2	2
2025-11-19	virtualflybrain.org - GA4	fnm.virtualflybrain.org	user_engagement	1	1
2025-11-19	virtualflybrain.org - GA4	francos.virtualflybrain.org	user_engagement	2	2
2025-11-19	virtualflybrain.org - GA4	g48wx.virtualflybrain.org	user_engagement	2	2
2025-11-19	virtualflybrain.org - GA4	g4t8637g.houston.virtualflybrain.org	user_engagement	3	2
2025-11-19	virtualflybrain.org - GA4	gpoj2ynyygg.gw.virtualflybrain.org	user_engagement	1	1
2025-11-19	virtualflybrain.org - GA4	gspe12-ssl-e169.ls.virtualflybrain.org	user_engagement	3	3
2025-11-19	virtualflybrain.org - GA4	guess.virtualflybrain.org	user_engagement	1	1
2025-11-19	virtualflybrain.org - GA4	hddt.virtualflybrain.org	user_engagement	2	2
2025-11-19	virtualflybrain.org - GA4	hdwm.virtualflybrain.org	user_engagement	2	2
2025-11-19	virtualflybrain.org - GA4	hkg-26-ike.virtualflybrain.org	user_engagement	1	1
2025-11-19	virtualflybrain.org - GA4	host2.virtualflybrain.org	user_engagement	1	1
2025-11-19	virtualflybrain.org - GA4	hugo.virtualflybrain.org	first_visit	1	1
2025-11-19	virtualflybrain.org - GA4	hugo.virtualflybrain.org	page_view	1	1
2025-11-19	virtualflybrain.org - GA4	hugo.virtualflybrain.org	session_start	1	1
2025-11-19	virtualflybrain.org - GA4	hugo.virtualflybrain.org	user_engagement	1	1
2025-11-19	virtualflybrain.org - GA4	ids.virtualflybrain.org	first_visit	1	1
2025-11-19	virtualflybrain.org - GA4	ids.virtualflybrain.org	page_view	1	1
2025-11-19	virtualflybrain.org - GA4	ids.virtualflybrain.org	session_start	1	1
2025-11-19	virtualflybrain.org - GA4	int-stage-11.virtualflybrain.org	user_engagement	1	1
2025-11-19	virtualflybrain.org - GA4	ismlt.virtualflybrain.org	user_engagement	3	3
2025-11-19	virtualflybrain.org - GA4	ivb-ui-worley.virtualflybrain.org	user_engagement	2	2
2025-11-19	virtualflybrain.org - GA4	kbw.virtualflybrain.org	first_visit	1	1
2025-11-19	virtualflybrain.org - GA4	kbw.virtualflybrain.org	page_view	1	1
2025-11-19	virtualflybrain.org - GA4	kbw.virtualflybrain.org	session_start	1	1
2025-11-19	virtualflybrain.org - GA4	kbw.virtualflybrain.org	user_engagement	1	1
2025-11-19	virtualflybrain.org - GA4	mail.evenstar.virtualflybrain.org	user_engagement	1	1
2025-11-19	virtualflybrain.org - GA4	malaysia.countrysites.virtualflybrain.org	user_engagement	3	3
2025-11-19	virtualflybrain.org - GA4	maldives.virtualflybrain.org	user_engagement	3	3
2025-11-19	virtualflybrain.org - GA4	marketconnectmigrate.virtualflybrain.org	user_engagement	1	1
2025-11-19	virtualflybrain.org - GA4	massets-instapps.virtualflybrain.org	user_engagement	3	3
2025-11-19	virtualflybrain.org - GA4	measure-apindev.virtualflybrain.org	first_visit	1	1
2025-11-19	virtualflybrain.org - GA4	measure-apindev.virtualflybrain.org	page_view	1	1
2025-11-19	virtualflybrain.org - GA4	measure-apindev.virtualflybrain.org	session_start	1	1
2025-11-19	virtualflybrain.org - GA4	measure-apindev.virtualflybrain.org	user_engagement	1	1
2025-11-19	virtualflybrain.org - GA4	meet.virtualflybrain.org	first_visit	1	1
2025-11-19	virtualflybrain.org - GA4	meet.virtualflybrain.org	page_view	1	1
2025-11-19	virtualflybrain.org - GA4	meet.virtualflybrain.org	session_start	1	1
2025-11-19	virtualflybrain.org - GA4	meet.virtualflybrain.org	user_engagement	1	1
2025-11-19	virtualflybrain.org - GA4	memberdev20.aqua.virtualflybrain.org	user_engagement	1	1
2025-11-19	virtualflybrain.org - GA4	messaging.test.cloud.virtualflybrain.org	user_engagement	2	2
2025-11-19	virtualflybrain.org - GA4	mgmnorthfieldpark.virtualflybrain.org	user_engagement	3	3
2025-11-19	virtualflybrain.org - GA4	mnv1.virtualflybrain.org	user_engagement	2	2
2025-11-19	virtualflybrain.org - GA4	msg.api.virtualflybrain.org	user_engagement	3	3
2025-11-19	virtualflybrain.org - GA4	mymac.virtualflybrain.org	user_engagement	3	3
2025-11-19	virtualflybrain.org - GA4	n2.virtualflybrain.org	user_engagement	2	2
2025-11-19	virtualflybrain.org - GA4	natverse5.virtualflybrain.org	first_visit	100	100
2025-11-19	virtualflybrain.org - GA4	natverse5.virtualflybrain.org	page_view	100	100
2025-11-19	virtualflybrain.org - GA4	natverse5.virtualflybrain.org	session_start	100	100
2025-11-19	virtualflybrain.org - GA4	natverse5.virtualflybrain.org	user_engagement	61	61
2025-11-19	virtualflybrain.org - GA4	nblast.virtualflybrain.org	first_visit	833	833
2025-11-19	virtualflybrain.org - GA4	nblast.virtualflybrain.org	page_view	833	833
2025-11-19	virtualflybrain.org - GA4	nblast.virtualflybrain.org	session_start	833	833
2025-11-19	virtualflybrain.org - GA4	nblast.virtualflybrain.org	user_engagement	599	599
2025-11-19	virtualflybrain.org - GA4	olivierdemeulenaere.virtualflybrain.org	first_visit	1	1
2025-11-19	virtualflybrain.org - GA4	olivierdemeulenaere.virtualflybrain.org	page_view	1	1
2025-11-19	virtualflybrain.org - GA4	olivierdemeulenaere.virtualflybrain.org	session_start	1	1
2025-11-19	virtualflybrain.org - GA4	olivierdemeulenaere.virtualflybrain.org	user_engagement	1	1
2025-11-19	virtualflybrain.org - GA4	ontrack-preprod2.virtualflybrain.org	user_engagement	1	1
2025-11-19	virtualflybrain.org - GA4	origin.cm.v1.virtualflybrain.org	user_engagement	2	2
2025-11-19	virtualflybrain.org - GA4	owl.virtualflybrain.org	user_engagement	1	1
2025-11-19	virtualflybrain.org - GA4	p-sso.virtualflybrain.org	user_engagement	2	2
2025-11-19	virtualflybrain.org - GA4	pro-api.virtualflybrain.org	user_engagement	2	2
2025-11-19	virtualflybrain.org - GA4	qa-360.virtualflybrain.org	user_engagement	2	2
2025-11-19	virtualflybrain.org - GA4	qasnaplite.virtualflybrain.org	user_engagement	1	1
2025-11-19	virtualflybrain.org - GA4	raw.larval.flylight.virtualflybrain.org	first_visit	1	1
2025-11-19	virtualflybrain.org - GA4	raw.larval.flylight.virtualflybrain.org	page_view	1	1
2025-11-19	virtualflybrain.org - GA4	raw.larval.flylight.virtualflybrain.org	session_start	1	1
2025-11-19	virtualflybrain.org - GA4	recording.virtualflybrain.org	user_engagement	1	1
2025-11-19	virtualflybrain.org - GA4	registrar.pre.virtualflybrain.org	user_engagement	2	2
2025-11-19	virtualflybrain.org - GA4	rest-wlcm-u.mars.virtualflybrain.org	user_engagement	2	2
2025-11-19	virtualflybrain.org - GA4	reunion.api.web-prod.virtualflybrain.org	user_engagement	3	3
2025-11-19	virtualflybrain.org - GA4	rezuk.virtualflybrain.org	user_engagement	4	4
2025-11-19	virtualflybrain.org - GA4	rod.log.virtualflybrain.org	user_engagement	1	1
2025-11-19	virtualflybrain.org - GA4	samcp.virtualflybrain.org	user_engagement	1	1
2025-11-19	virtualflybrain.org - GA4	sandbox-admin-game.virtualflybrain.org	first_visit	1	1
2025-11-19	virtualflybrain.org - GA4	sandbox-admin-game.virtualflybrain.org	page_view	1	1
2025-11-19	virtualflybrain.org - GA4	sandbox-admin-game.virtualflybrain.org	session_start	1	1
2025-11-19	virtualflybrain.org - GA4	sandbox-admin-game.virtualflybrain.org	user_engagement	1	1
2025-11-19	virtualflybrain.org - GA4	sc5.virtualflybrain.org	user_engagement	1	1
2025-11-19	virtualflybrain.org - GA4	secure-video-cdn.virtualflybrain.org	user_engagement	1	1
2025-11-19	virtualflybrain.org - GA4	security-p1-app2-us-east4.origin.virtualflybrain.org	user_engagement	1	1
2025-11-19	virtualflybrain.org - GA4	sel.virtualflybrain.org	user_engagement	2	2
2025-11-19	virtualflybrain.org - GA4	sellercentral-europe.virtualflybrain.org	user_engagement	3	3
2025-11-19	virtualflybrain.org - GA4	server5.tcceast.www1.lao.virtualflybrain.org	user_engagement	1	1
2025-11-19	virtualflybrain.org - GA4	sgp28.virtualflybrain.org	user_engagement	3	3
2025-11-19	virtualflybrain.org - GA4	sharepoint-test.virtualflybrain.org	user_engagement	2	2
2025-11-19	virtualflybrain.org - GA4	solr.p2.virtualflybrain.org	first_visit	1	1
2025-11-19	virtualflybrain.org - GA4	solr.p2.virtualflybrain.org	page_view	1	1
2025-11-19	virtualflybrain.org - GA4	solr.p2.virtualflybrain.org	session_start	1	1
2025-11-19	virtualflybrain.org - GA4	ssl-sandbox.image.virtualflybrain.org	user_engagement	2	2
2025-11-19	virtualflybrain.org - GA4	ssoist10.virtualflybrain.org	user_engagement	1	1
2025-11-19	virtualflybrain.org - GA4	st1-pl.virtualflybrain.org	user_engagement	2	2
2025-11-19	virtualflybrain.org - GA4	stage-epgstatic.virtualflybrain.org	user_engagement	1	1
2025-11-19	virtualflybrain.org - GA4	stg-7.ria.virtualflybrain.org	user_engagement	2	2
2025-11-19	virtualflybrain.org - GA4	sub.support.virtualflybrain.org	user_engagement	2	2
2025-11-19	virtualflybrain.org - GA4	test-front.virtualflybrain.org	user_engagement	1	1
2025-11-19	virtualflybrain.org - GA4	tpp-cbonline-sit5.virtualflybrain.org	user_engagement	2	2
2025-11-19	virtualflybrain.org - GA4	v2.virtualflybrain.org	cancelled	2	2
2025-11-19	virtualflybrain.org - GA4	v2.virtualflybrain.org	disconnected	26	10
2025-11-19	virtualflybrain.org - GA4	v2.virtualflybrain.org	errorlog	447	32
2025-11-19	virtualflybrain.org - GA4	v2.virtualflybrain.org	first_visit	136	136
2025-11-19	virtualflybrain.org - GA4	v2.virtualflybrain.org	opening	2	2
2025-11-19	virtualflybrain.org - GA4	v2.virtualflybrain.org	page_view	274	167
2025-11-19	virtualflybrain.org - GA4	v2.virtualflybrain.org	reconnect-attempt:0	26	10
2025-11-19	virtualflybrain.org - GA4	v2.virtualflybrain.org	request	409	37
2025-11-19	virtualflybrain.org - GA4	v2.virtualflybrain.org	session_start	219	153
2025-11-19	virtualflybrain.org - GA4	v2.virtualflybrain.org	user_engagement	65	54
2025-11-19	virtualflybrain.org - GA4	v3.virtualflybrain.org	page_view	20	1
2025-11-19	virtualflybrain.org - GA4	v3.virtualflybrain.org	session_start	1	1
2025-11-19	virtualflybrain.org - GA4	v3.virtualflybrain.org	user_engagement	7	1
2025-11-19	virtualflybrain.org - GA4	v3c.virtualflybrain.org	page_view	1	1
2025-11-19	virtualflybrain.org - GA4	v3c.virtualflybrain.org	session_start	1	1
2025-11-19	virtualflybrain.org - GA4	v3c.virtualflybrain.org	user_engagement	1	1
2025-11-19	virtualflybrain.org - GA4	vacservice.vap.virtualflybrain.org	user_engagement	1	1
2025-11-19	virtualflybrain.org - GA4	virtualflybrain.org	first_visit	15	15
2025-11-19	virtualflybrain.org - GA4	virtualflybrain.org	page_view	20	17
2025-11-19	virtualflybrain.org - GA4	virtualflybrain.org	session_start	16	16
2025-11-19	virtualflybrain.org - GA4	virtualflybrain.org	user_engagement	12	10
2025-11-19	virtualflybrain.org - GA4	vpic-stage.nhtsa.virtualflybrain.org	user_engagement	3	3
2025-11-19	virtualflybrain.org - GA4	wc-mc.ittns.virtualflybrain.org	user_engagement	2	2
2025-11-19	virtualflybrain.org - GA4	webapi-withdrawal-service.preprod.virtualflybrain.org	first_visit	1	1
2025-11-19	virtualflybrain.org - GA4	webapi-withdrawal-service.preprod.virtualflybrain.org	page_view	1	1
2025-11-19	virtualflybrain.org - GA4	webapi-withdrawal-service.preprod.virtualflybrain.org	session_start	1	1
2025-11-19	virtualflybrain.org - GA4	webapi-withdrawal-service.preprod.virtualflybrain.org	user_engagement	1	1
2025-11-19	virtualflybrain.org - GA4	wrapcash.virtualflybrain.org	user_engagement	2	2
2025-11-19	virtualflybrain.org - GA4	www-akastg.virtualflybrain.org	user_engagement	2	2
2025-11-19	virtualflybrain.org - GA4	www.api.messaging.virtualflybrain.org	user_engagement	3	3
2025-11-19	virtualflybrain.org - GA4	www.gallolab.natsci.virtualflybrain.org	user_engagement	2	2
2025-11-19	virtualflybrain.org - GA4	www.imprs.mpi-inf.virtualflybrain.org	user_engagement	1	1
2025-11-19	virtualflybrain.org - GA4	www.iop.virtualflybrain.org	user_engagement	2	2
2025-11-19	virtualflybrain.org - GA4	www.ndsc.ncep.virtualflybrain.org	user_engagement	2	2
2025-11-19	virtualflybrain.org - GA4	www.p202.virtualflybrain.org	user_engagement	1	1
2025-11-19	virtualflybrain.org - GA4	www.proc.v2.virtualflybrain.org	user_engagement	3	3
2025-11-19	virtualflybrain.org - GA4	www.qrcode.virtualflybrain.org	user_engagement	2	2
2025-11-19	virtualflybrain.org - GA4	www.sit1.cloud.virtualflybrain.org	user_engagement	1	1
2025-11-19	virtualflybrain.org - GA4	www.sr.virtualflybrain.org	user_engagement	1	1
2025-11-19	virtualflybrain.org - GA4	www.virtualflybrain.org	first_visit	376	375
2025-11-19	virtualflybrain.org - GA4	www.virtualflybrain.org	page_view	394	385
2025-11-19	virtualflybrain.org - GA4	www.virtualflybrain.org	session_start	388	385
2025-11-19	virtualflybrain.org - GA4	www.virtualflybrain.org	user_engagement	288	278
2025-11-20	virtualflybrain.org - GA4		page_view	2484	39
2025-11-20	virtualflybrain.org - GA4	129.215.197.120	first_visit	1	1
2025-11-20	virtualflybrain.org - GA4	129.215.197.120	page_view	1	1
2025-11-20	virtualflybrain.org - GA4	129.215.197.120	session_start	1	1
2025-11-20	virtualflybrain.org - GA4	akamai-apigateway-warpcxml.virtualflybrain.org	first_visit	1	1
2025-11-20	virtualflybrain.org - GA4	akamai-apigateway-warpcxml.virtualflybrain.org	page_view	1	1
2025-11-20	virtualflybrain.org - GA4	akamai-apigateway-warpcxml.virtualflybrain.org	session_start	1	1
2025-11-20	virtualflybrain.org - GA4	ba9dad907c1d.virtualflybrain.org	first_visit	1	1
2025-11-20	virtualflybrain.org - GA4	ba9dad907c1d.virtualflybrain.org	page_view	1	1
2025-11-20	virtualflybrain.org - GA4	ba9dad907c1d.virtualflybrain.org	session_start	1	1
2025-11-20	virtualflybrain.org - GA4	bahrain-pi.virtualflybrain.org	first_visit	1	1
2025-11-20	virtualflybrain.org - GA4	bahrain-pi.virtualflybrain.org	page_view	1	1
2025-11-20	virtualflybrain.org - GA4	bahrain-pi.virtualflybrain.org	session_start	1	1
2025-11-20	virtualflybrain.org - GA4	bahrain-pi.virtualflybrain.org	user_engagement	1	1
2025-11-20	virtualflybrain.org - GA4	bell-apis-qa.virtualflybrain.org	first_visit	1	1
2025-11-20	virtualflybrain.org - GA4	bell-apis-qa.virtualflybrain.org	page_view	1	1
2025-11-20	virtualflybrain.org - GA4	bell-apis-qa.virtualflybrain.org	session_start	1	1
2025-11-20	virtualflybrain.org - GA4	bell-apis-qa.virtualflybrain.org	user_engagement	1	1
2025-11-20	virtualflybrain.org - GA4	blog.virtualflybrain.org	first_visit	1	1
2025-11-20	virtualflybrain.org - GA4	blog.virtualflybrain.org	page_view	1	1
2025-11-20	virtualflybrain.org - GA4	blog.virtualflybrain.org	session_start	1	1
2025-11-20	virtualflybrain.org - GA4	catmaid-fafb.virtualflybrain.org	first_visit	2	2
2025-11-20	virtualflybrain.org - GA4	catmaid-fafb.virtualflybrain.org	page_view	2	2
2025-11-20	virtualflybrain.org - GA4	catmaid-fafb.virtualflybrain.org	session_start	2	2
2025-11-20	virtualflybrain.org - GA4	dill.inf.ed.ac.uk	first_visit	195	195
2025-11-20	virtualflybrain.org - GA4	dill.inf.ed.ac.uk	page_view	195	195
2025-11-20	virtualflybrain.org - GA4	dill.inf.ed.ac.uk	session_start	195	195
2025-11-20	virtualflybrain.org - GA4	dill.inf.ed.ac.uk	user_engagement	135	135
2025-11-20	virtualflybrain.org - GA4	fafb.catmaid.virtualflybrain.org	page_view	1	1
2025-11-20	virtualflybrain.org - GA4	measure-apindev.virtualflybrain.org	first_visit	1	1
2025-11-20	virtualflybrain.org - GA4	measure-apindev.virtualflybrain.org	page_view	1	1
2025-11-20	virtualflybrain.org - GA4	measure-apindev.virtualflybrain.org	session_start	1	1
2025-11-20	virtualflybrain.org - GA4	measure-apindev.virtualflybrain.org	user_engagement	1	1
2025-11-20	virtualflybrain.org - GA4	natverse5.virtualflybrain.org	first_visit	35	35
2025-11-20	virtualflybrain.org - GA4	natverse5.virtualflybrain.org	page_view	35	35
2025-11-20	virtualflybrain.org - GA4	natverse5.virtualflybrain.org	session_start	35	35
2025-11-20	virtualflybrain.org - GA4	natverse5.virtualflybrain.org	user_engagement	21	21
2025-11-20	virtualflybrain.org - GA4	nblast.virtualflybrain.org	first_visit	357	357
2025-11-20	virtualflybrain.org - GA4	nblast.virtualflybrain.org	page_view	357	357
2025-11-20	virtualflybrain.org - GA4	nblast.virtualflybrain.org	session_start	357	357
2025-11-20	virtualflybrain.org - GA4	nblast.virtualflybrain.org	user_engagement	265	265
2025-11-20	virtualflybrain.org - GA4	olivierdemeulenaere.virtualflybrain.org	first_visit	1	1
2025-11-20	virtualflybrain.org - GA4	olivierdemeulenaere.virtualflybrain.org	page_view	1	1
2025-11-20	virtualflybrain.org - GA4	olivierdemeulenaere.virtualflybrain.org	session_start	1	1
2025-11-20	virtualflybrain.org - GA4	owl.virtualflybrain.org	first_visit	1	1
2025-11-20	virtualflybrain.org - GA4	owl.virtualflybrain.org	page_view	1	1
2025-11-20	virtualflybrain.org - GA4	owl.virtualflybrain.org	session_start	1	1
2025-11-20	virtualflybrain.org - GA4	owl.virtualflybrain.org	user_engagement	1	1
2025-11-20	virtualflybrain.org - GA4	pypi.org	page_view	1	1
2025-11-20	virtualflybrain.org - GA4	r.virtualflybrain.org	first_visit	1	1
2025-11-20	virtualflybrain.org - GA4	r.virtualflybrain.org	page_view	1	1
2025-11-20	virtualflybrain.org - GA4	r.virtualflybrain.org	session_start	1	1
2025-11-20	virtualflybrain.org - GA4	r.virtualflybrain.org	user_engagement	1	1
2025-11-20	virtualflybrain.org - GA4	raw.larval.flylight.virtualflybrain.org	page_view	5	2
2025-11-20	virtualflybrain.org - GA4	raw.larval.flylight.virtualflybrain.org	session_start	4	2
2025-11-20	virtualflybrain.org - GA4	raw.larval.flylight.virtualflybrain.org	user_engagement	4	2
2025-11-20	virtualflybrain.org - GA4	sandbox-admin-game.virtualflybrain.org	first_visit	1	1
2025-11-20	virtualflybrain.org - GA4	sandbox-admin-game.virtualflybrain.org	page_view	1	1
2025-11-20	virtualflybrain.org - GA4	sandbox-admin-game.virtualflybrain.org	session_start	1	1
2025-11-20	virtualflybrain.org - GA4	sandbox-admin-game.virtualflybrain.org	user_engagement	1	1
2025-11-20	virtualflybrain.org - GA4	v2.virtualflybrain.org	cancelled	4	1
2025-11-20	virtualflybrain.org - GA4	v2.virtualflybrain.org	disconnected	50	11
2025-11-20	virtualflybrain.org - GA4	v2.virtualflybrain.org	errorlog	528	39
2025-11-20	virtualflybrain.org - GA4	v2.virtualflybrain.org	first_visit	193	193
2025-11-20	virtualflybrain.org - GA4	v2.virtualflybrain.org	page_view	356	227
2025-11-20	virtualflybrain.org - GA4	v2.virtualflybrain.org	reconnect-attempt:0	49	10
2025-11-20	virtualflybrain.org - GA4	v2.virtualflybrain.org	reconnect-failed-reloading	1	1
2025-11-20	virtualflybrain.org - GA4	v2.virtualflybrain.org	request	565	40
2025-11-20	virtualflybrain.org - GA4	v2.virtualflybrain.org	session_start	271	214
2025-11-20	virtualflybrain.org - GA4	v2.virtualflybrain.org	user_engagement	79	69
2025-11-20	virtualflybrain.org - GA4	v2a.virtualflybrain.org	cancelled	9	1
2025-11-20	virtualflybrain.org - GA4	v2a.virtualflybrain.org	disconnected	3	1
2025-11-20	virtualflybrain.org - GA4	v2a.virtualflybrain.org	errorlog	50	1
2025-11-20	virtualflybrain.org - GA4	v2a.virtualflybrain.org	page_view	16	1
2025-11-20	virtualflybrain.org - GA4	v2a.virtualflybrain.org	reconnect-attempt:0	1	1
2025-11-20	virtualflybrain.org - GA4	v2a.virtualflybrain.org	reconnect-failed-reloading	2	1
2025-11-20	virtualflybrain.org - GA4	v2a.virtualflybrain.org	request	32	1
2025-11-20	virtualflybrain.org - GA4	v2a.virtualflybrain.org	session_start	14	1
2025-11-20	virtualflybrain.org - GA4	v2a.virtualflybrain.org	user_engagement	2	1
2025-11-20	virtualflybrain.org - GA4	virtualflybrain.org	first_visit	10	10
2025-11-20	virtualflybrain.org - GA4	virtualflybrain.org	page_view	13	12
2025-11-20	virtualflybrain.org - GA4	virtualflybrain.org	session_start	13	11
2025-11-20	virtualflybrain.org - GA4	virtualflybrain.org	user_engagement	11	9
2025-11-20	virtualflybrain.org - GA4	webapi-withdrawal-service.preprod.virtualflybrain.org	first_visit	1	1
2025-11-20	virtualflybrain.org - GA4	webapi-withdrawal-service.preprod.virtualflybrain.org	page_view	1	1
2025-11-20	virtualflybrain.org - GA4	webapi-withdrawal-service.preprod.virtualflybrain.org	session_start	1	1
2025-11-20	virtualflybrain.org - GA4	webapi-withdrawal-service.preprod.virtualflybrain.org	user_engagement	1	1
2025-11-20	virtualflybrain.org - GA4	www.virtualflybrain.org	first_visit	291	291
2025-11-20	virtualflybrain.org - GA4	www.virtualflybrain.org	page_view	338	299
2025-11-20	virtualflybrain.org - GA4	www.virtualflybrain.org	session_start	301	298
2025-11-20	virtualflybrain.org - GA4	www.virtualflybrain.org	user_engagement	218	177
2025-11-21	virtualflybrain.org - GA4		page_view	1231	36
2025-11-21	virtualflybrain.org - GA4	129.215.197.101	first_visit	1	1
2025-11-21	virtualflybrain.org - GA4	129.215.197.101	page_view	1	1
2025-11-21	virtualflybrain.org - GA4	129.215.197.101	session_start	1	1
2025-11-21	virtualflybrain.org - GA4	129.215.197.101	user_engagement	1	1
2025-11-21	virtualflybrain.org - GA4	129.215.197.110	first_visit	3	3
2025-11-21	virtualflybrain.org - GA4	129.215.197.110	page_view	3	3
2025-11-21	virtualflybrain.org - GA4	129.215.197.110	session_start	3	3
2025-11-21	virtualflybrain.org - GA4	129.215.197.120	first_visit	2	2
2025-11-21	virtualflybrain.org - GA4	129.215.197.120	page_view	2	2
2025-11-21	virtualflybrain.org - GA4	129.215.197.120	session_start	2	2
2025-11-21	virtualflybrain.org - GA4	129.215.197.120	user_engagement	1	1
2025-11-21	virtualflybrain.org - GA4	129.215.197.143	first_visit	1	1
2025-11-21	virtualflybrain.org - GA4	129.215.197.143	page_view	1	1
2025-11-21	virtualflybrain.org - GA4	129.215.197.143	session_start	1	1
2025-11-21	virtualflybrain.org - GA4	981gwa2l.virtualflybrain.org	first_visit	1	1
2025-11-21	virtualflybrain.org - GA4	981gwa2l.virtualflybrain.org	page_view	1	1
2025-11-21	virtualflybrain.org - GA4	981gwa2l.virtualflybrain.org	session_start	1	1
2025-11-21	virtualflybrain.org - GA4	akamai-apigateway-warpcxml.virtualflybrain.org	first_visit	1	1
2025-11-21	virtualflybrain.org - GA4	akamai-apigateway-warpcxml.virtualflybrain.org	page_view	1	1
2025-11-21	virtualflybrain.org - GA4	akamai-apigateway-warpcxml.virtualflybrain.org	session_start	1	1
2025-11-21	virtualflybrain.org - GA4	api.ids.virtualflybrain.org	first_visit	1	1
2025-11-21	virtualflybrain.org - GA4	api.ids.virtualflybrain.org	page_view	1	1
2025-11-21	virtualflybrain.org - GA4	api.ids.virtualflybrain.org	session_start	1	1
2025-11-21	virtualflybrain.org - GA4	api.virtualflybrain.org	first_visit	1	1
2025-11-21	virtualflybrain.org - GA4	api.virtualflybrain.org	page_view	1	1
2025-11-21	virtualflybrain.org - GA4	api.virtualflybrain.org	session_start	1	1
2025-11-21	virtualflybrain.org - GA4	ba9dad907c1d.virtualflybrain.org	first_visit	1	1
2025-11-21	virtualflybrain.org - GA4	ba9dad907c1d.virtualflybrain.org	page_view	1	1
2025-11-21	virtualflybrain.org - GA4	ba9dad907c1d.virtualflybrain.org	session_start	1	1
2025-11-21	virtualflybrain.org - GA4	backend.virtualflybrain.org	first_visit	3	3
2025-11-21	virtualflybrain.org - GA4	backend.virtualflybrain.org	page_view	3	3
2025-11-21	virtualflybrain.org - GA4	backend.virtualflybrain.org	session_start	3	3
2025-11-21	virtualflybrain.org - GA4	bahrain-pi.virtualflybrain.org	first_visit	2	2
2025-11-21	virtualflybrain.org - GA4	bahrain-pi.virtualflybrain.org	page_view	2	2
2025-11-21	virtualflybrain.org - GA4	bahrain-pi.virtualflybrain.org	session_start	2	2
2025-11-21	virtualflybrain.org - GA4	bahrain-pi.virtualflybrain.org	user_engagement	2	2
2025-11-21	virtualflybrain.org - GA4	bell-apis-qa.virtualflybrain.org	first_visit	2	2
2025-11-21	virtualflybrain.org - GA4	bell-apis-qa.virtualflybrain.org	page_view	2	2
2025-11-21	virtualflybrain.org - GA4	bell-apis-qa.virtualflybrain.org	session_start	2	2
2025-11-21	virtualflybrain.org - GA4	bell-apis-qa.virtualflybrain.org	user_engagement	2	2
2025-11-21	virtualflybrain.org - GA4	blog.virtualflybrain.org	first_visit	2	2
2025-11-21	virtualflybrain.org - GA4	blog.virtualflybrain.org	page_view	2	2
2025-11-21	virtualflybrain.org - GA4	blog.virtualflybrain.org	session_start	2	2
2025-11-21	virtualflybrain.org - GA4	bocian-jenkins.virtualflybrain.org	first_visit	2	2
2025-11-21	virtualflybrain.org - GA4	bocian-jenkins.virtualflybrain.org	page_view	2	2
2025-11-21	virtualflybrain.org - GA4	bocian-jenkins.virtualflybrain.org	session_start	2	2
2025-11-21	virtualflybrain.org - GA4	buttermilk.inf.ed.ac.uk	first_visit	2	2
2025-11-21	virtualflybrain.org - GA4	buttermilk.inf.ed.ac.uk	page_view	2	2
2025-11-21	virtualflybrain.org - GA4	buttermilk.inf.ed.ac.uk	session_start	2	2
2025-11-21	virtualflybrain.org - GA4	buttermilk.inf.ed.ac.uk	user_engagement	1	1
2025-11-21	virtualflybrain.org - GA4	debug.virtualflybrain.org	first_visit	2	2
2025-11-21	virtualflybrain.org - GA4	debug.virtualflybrain.org	page_view	2	2
2025-11-21	virtualflybrain.org - GA4	debug.virtualflybrain.org	session_start	2	2
2025-11-21	virtualflybrain.org - GA4	dev.virtualflybrain.org	first_visit	2	2
2025-11-21	virtualflybrain.org - GA4	dev.virtualflybrain.org	page_view	2	2
2025-11-21	virtualflybrain.org - GA4	dev.virtualflybrain.org	session_start	2	2
2025-11-21	virtualflybrain.org - GA4	dill.inf.ed.ac.uk	first_visit	181	181
2025-11-21	virtualflybrain.org - GA4	dill.inf.ed.ac.uk	page_view	181	181
2025-11-21	virtualflybrain.org - GA4	dill.inf.ed.ac.uk	session_start	181	181
2025-11-21	virtualflybrain.org - GA4	dill.inf.ed.ac.uk	user_engagement	123	123
2025-11-21	virtualflybrain.org - GA4	flybrain.inf.ed.ac.uk	first_visit	2	2
2025-11-21	virtualflybrain.org - GA4	flybrain.inf.ed.ac.uk	page_view	2	2
2025-11-21	virtualflybrain.org - GA4	flybrain.inf.ed.ac.uk	session_start	2	2
2025-11-21	virtualflybrain.org - GA4	flybrain.inf.ed.ac.uk	user_engagement	1	1
2025-11-21	virtualflybrain.org - GA4	grafana.virtualflybrain.org	first_visit	1	1
2025-11-21	virtualflybrain.org - GA4	grafana.virtualflybrain.org	page_view	1	1
2025-11-21	virtualflybrain.org - GA4	grafana.virtualflybrain.org	session_start	1	1
2025-11-21	virtualflybrain.org - GA4	hugo.virtualflybrain.org	first_visit	2	2
2025-11-21	virtualflybrain.org - GA4	hugo.virtualflybrain.org	page_view	2	2
2025-11-21	virtualflybrain.org - GA4	hugo.virtualflybrain.org	session_start	2	2
2025-11-21	virtualflybrain.org - GA4	iav-tnt-test.catmaid.virtualflybrain.org	first_visit	2	2
2025-11-21	virtualflybrain.org - GA4	iav-tnt-test.catmaid.virtualflybrain.org	page_view	2	2
2025-11-21	virtualflybrain.org - GA4	iav-tnt-test.catmaid.virtualflybrain.org	session_start	2	2
2025-11-21	virtualflybrain.org - GA4	ids.virtualflybrain.org	first_visit	2	2
2025-11-21	virtualflybrain.org - GA4	ids.virtualflybrain.org	page_view	2	2
2025-11-21	virtualflybrain.org - GA4	ids.virtualflybrain.org	session_start	2	2
2025-11-21	virtualflybrain.org - GA4	jupyter.virtualflybrain.org	first_visit	1	1
2025-11-21	virtualflybrain.org - GA4	jupyter.virtualflybrain.org	page_view	1	1
2025-11-21	virtualflybrain.org - GA4	jupyter.virtualflybrain.org	session_start	1	1
2025-11-21	virtualflybrain.org - GA4	jupyterhub.virtualflybrain.org	first_visit	2	2
2025-11-21	virtualflybrain.org - GA4	jupyterhub.virtualflybrain.org	page_view	2	2
2025-11-21	virtualflybrain.org - GA4	jupyterhub.virtualflybrain.org	session_start	2	2
2025-11-21	virtualflybrain.org - GA4	karenin-jenkins.virtualflybrain.org	first_visit	1	1
2025-11-21	virtualflybrain.org - GA4	karenin-jenkins.virtualflybrain.org	page_view	1	1
2025-11-21	virtualflybrain.org - GA4	karenin-jenkins.virtualflybrain.org	session_start	1	1
2025-11-21	virtualflybrain.org - GA4	kbw.virtualflybrain.org	first_visit	3	3
2025-11-21	virtualflybrain.org - GA4	kbw.virtualflybrain.org	page_view	3	3
2025-11-21	virtualflybrain.org - GA4	kbw.virtualflybrain.org	session_start	3	3
2025-11-21	virtualflybrain.org - GA4	larval-app1.virtualflybrain.org	first_visit	2	2
2025-11-21	virtualflybrain.org - GA4	larval-app1.virtualflybrain.org	page_view	2	2
2025-11-21	virtualflybrain.org - GA4	larval-app1.virtualflybrain.org	session_start	2	2
2025-11-21	virtualflybrain.org - GA4	larval.virtualflybrain.org	first_visit	3	3
2025-11-21	virtualflybrain.org - GA4	larval.virtualflybrain.org	page_view	3	3
2025-11-21	virtualflybrain.org - GA4	larval.virtualflybrain.org	session_start	3	3
2025-11-21	virtualflybrain.org - GA4	mayo.inf.ed.ac.uk	first_visit	2	2
2025-11-21	virtualflybrain.org - GA4	mayo.inf.ed.ac.uk	page_view	3	2
2025-11-21	virtualflybrain.org - GA4	mayo.inf.ed.ac.uk	session_start	2	2
2025-11-21	virtualflybrain.org - GA4	mayo.inf.ed.ac.uk	user_engagement	2	2
2025-11-21	virtualflybrain.org - GA4	measure-apindev.virtualflybrain.org	first_visit	2	2
2025-11-21	virtualflybrain.org - GA4	measure-apindev.virtualflybrain.org	page_view	2	2
2025-11-21	virtualflybrain.org - GA4	measure-apindev.virtualflybrain.org	session_start	2	2
2025-11-21	virtualflybrain.org - GA4	measure-apindev.virtualflybrain.org	user_engagement	2	2
2025-11-21	virtualflybrain.org - GA4	meet.virtualflybrain.org	first_visit	2	2
2025-11-21	virtualflybrain.org - GA4	meet.virtualflybrain.org	page_view	2	2
2025-11-21	virtualflybrain.org - GA4	meet.virtualflybrain.org	session_start	2	2
2025-11-21	virtualflybrain.org - GA4	mysql.virtualflybrain.org	first_visit	1	1
2025-11-21	virtualflybrain.org - GA4	mysql.virtualflybrain.org	page_view	1	1
2025-11-21	virtualflybrain.org - GA4	mysql.virtualflybrain.org	session_start	1	1
2025-11-21	virtualflybrain.org - GA4	natverse2.virtualflybrain.org	first_visit	1	1
2025-11-21	virtualflybrain.org - GA4	natverse2.virtualflybrain.org	page_view	1	1
2025-11-21	virtualflybrain.org - GA4	natverse2.virtualflybrain.org	session_start	1	1
2025-11-21	virtualflybrain.org - GA4	natverse4.virtualflybrain.org	first_visit	1	1
2025-11-21	virtualflybrain.org - GA4	natverse4.virtualflybrain.org	page_view	1	1
2025-11-21	virtualflybrain.org - GA4	natverse4.virtualflybrain.org	session_start	1	1
2025-11-21	virtualflybrain.org - GA4	natverse5.virtualflybrain.org	first_visit	45	45
2025-11-21	virtualflybrain.org - GA4	natverse5.virtualflybrain.org	page_view	45	45
2025-11-21	virtualflybrain.org - GA4	natverse5.virtualflybrain.org	session_start	45	45
2025-11-21	virtualflybrain.org - GA4	natverse5.virtualflybrain.org	user_engagement	26	26
2025-11-21	virtualflybrain.org - GA4	nblast.virtualflybrain.org	first_visit	316	316
2025-11-21	virtualflybrain.org - GA4	nblast.virtualflybrain.org	page_view	316	316
2025-11-21	virtualflybrain.org - GA4	nblast.virtualflybrain.org	session_start	316	316
2025-11-21	virtualflybrain.org - GA4	nblast.virtualflybrain.org	user_engagement	190	190
2025-11-21	virtualflybrain.org - GA4	olivierdemeulenaere.virtualflybrain.org	first_visit	1	1
2025-11-21	virtualflybrain.org - GA4	olivierdemeulenaere.virtualflybrain.org	page_view	1	1
2025-11-21	virtualflybrain.org - GA4	olivierdemeulenaere.virtualflybrain.org	session_start	1	1
2025-11-21	virtualflybrain.org - GA4	olivierdemeulenaere.virtualflybrain.org	user_engagement	1	1
2025-11-21	virtualflybrain.org - GA4	owl-dev.virtualflybrain.org	first_visit	1	1
2025-11-21	virtualflybrain.org - GA4	owl-dev.virtualflybrain.org	page_view	1	1
2025-11-21	virtualflybrain.org - GA4	owl-dev.virtualflybrain.org	session_start	1	1
2025-11-21	virtualflybrain.org - GA4	owl.virtualflybrain.org	first_visit	1	1
2025-11-21	virtualflybrain.org - GA4	owl.virtualflybrain.org	page_view	1	1
2025-11-21	virtualflybrain.org - GA4	owl.virtualflybrain.org	session_start	1	1
2025-11-21	virtualflybrain.org - GA4	p2.virtualflybrain.org	first_visit	2	2
2025-11-21	virtualflybrain.org - GA4	p2.virtualflybrain.org	page_view	2	2
2025-11-21	virtualflybrain.org - GA4	p2.virtualflybrain.org	session_start	2	2
2025-11-21	virtualflybrain.org - GA4	pdb.u3.virtualflybrain.org	first_visit	2	2
2025-11-21	virtualflybrain.org - GA4	pdb.u3.virtualflybrain.org	page_view	2	2
2025-11-21	virtualflybrain.org - GA4	pdb.u3.virtualflybrain.org	session_start	2	2
2025-11-21	virtualflybrain.org - GA4	pgadmin.virtualflybrain.org	first_visit	1	1
2025-11-21	virtualflybrain.org - GA4	pgadmin.virtualflybrain.org	page_view	1	1
2025-11-21	virtualflybrain.org - GA4	pgadmin.virtualflybrain.org	session_start	1	1
2025-11-21	virtualflybrain.org - GA4	r.virtualflybrain.org	first_visit	1	1
2025-11-21	virtualflybrain.org - GA4	r.virtualflybrain.org	page_view	1	1
2025-11-21	virtualflybrain.org - GA4	r.virtualflybrain.org	session_start	1	1
2025-11-21	virtualflybrain.org - GA4	rancher.virtualflybrain.org	first_visit	1	1
2025-11-21	virtualflybrain.org - GA4	rancher.virtualflybrain.org	page_view	1	1
2025-11-21	virtualflybrain.org - GA4	rancher.virtualflybrain.org	session_start	1	1
2025-11-21	virtualflybrain.org - GA4	raw.larval.flylight.virtualflybrain.org	first_visit	1	1
2025-11-21	virtualflybrain.org - GA4	raw.larval.flylight.virtualflybrain.org	page_view	4	2
2025-11-21	virtualflybrain.org - GA4	raw.larval.flylight.virtualflybrain.org	session_start	4	2
2025-11-21	virtualflybrain.org - GA4	raw.larval.flylight.virtualflybrain.org	user_engagement	1	1
2025-11-21	virtualflybrain.org - GA4	rstudio.virtualflybrain.org	first_visit	2	2
2025-11-21	virtualflybrain.org - GA4	rstudio.virtualflybrain.org	page_view	2	2
2025-11-21	virtualflybrain.org - GA4	rstudio.virtualflybrain.org	session_start	2	2
2025-11-21	virtualflybrain.org - GA4	sandbox-admin-game.virtualflybrain.org	first_visit	2	2
2025-11-21	virtualflybrain.org - GA4	sandbox-admin-game.virtualflybrain.org	page_view	2	2
2025-11-21	virtualflybrain.org - GA4	sandbox-admin-game.virtualflybrain.org	session_start	2	2
2025-11-21	virtualflybrain.org - GA4	sandbox-admin-game.virtualflybrain.org	user_engagement	2	2
2025-11-21	virtualflybrain.org - GA4	sb.virtualflybrain.org	first_visit	2	2
2025-11-21	virtualflybrain.org - GA4	sb.virtualflybrain.org	page_view	2	2
2025-11-21	virtualflybrain.org - GA4	sb.virtualflybrain.org	session_start	2	2
2025-11-21	virtualflybrain.org - GA4	sb1.virtualflybrain.org	first_visit	1	1
2025-11-21	virtualflybrain.org - GA4	sb1.virtualflybrain.org	page_view	1	1
2025-11-21	virtualflybrain.org - GA4	sb1.virtualflybrain.org	session_start	1	1
2025-11-21	virtualflybrain.org - GA4	sb2.virtualflybrain.org	first_visit	2	2
2025-11-21	virtualflybrain.org - GA4	sb2.virtualflybrain.org	page_view	2	2
2025-11-21	virtualflybrain.org - GA4	sb2.virtualflybrain.org	session_start	2	2
2025-11-21	virtualflybrain.org - GA4	solr-alpha.virtualflybrain.org	first_visit	2	2
2025-11-21	virtualflybrain.org - GA4	solr-alpha.virtualflybrain.org	page_view	2	2
2025-11-21	virtualflybrain.org - GA4	solr-alpha.virtualflybrain.org	session_start	2	2
2025-11-21	virtualflybrain.org - GA4	solr-dev.virtualflybrain.org	first_visit	1	1
2025-11-21	virtualflybrain.org - GA4	solr-dev.virtualflybrain.org	page_view	1	1
2025-11-21	virtualflybrain.org - GA4	solr-dev.virtualflybrain.org	session_start	1	1
2025-11-21	virtualflybrain.org - GA4	solr.p2.virtualflybrain.org	first_visit	2	2
2025-11-21	virtualflybrain.org - GA4	solr.p2.virtualflybrain.org	page_view	2	2
2025-11-21	virtualflybrain.org - GA4	solr.p2.virtualflybrain.org	session_start	2	2
2025-11-21	virtualflybrain.org - GA4	solr.virtualflybrain.org	first_visit	1	1
2025-11-21	virtualflybrain.org - GA4	solr.virtualflybrain.org	page_view	1	1
2025-11-21	virtualflybrain.org - GA4	solr.virtualflybrain.org	session_start	1	1
2025-11-21	virtualflybrain.org - GA4	test-abd1.5.catmaid.virtualflybrain.org	first_visit	1	1
2025-11-21	virtualflybrain.org - GA4	test-abd1.5.catmaid.virtualflybrain.org	page_view	1	1
2025-11-21	virtualflybrain.org - GA4	test-abd1.5.catmaid.virtualflybrain.org	session_start	1	1
2025-11-21	virtualflybrain.org - GA4	v1-5.virtualflybrain.org	first_visit	2	2
2025-11-21	virtualflybrain.org - GA4	v1-5.virtualflybrain.org	page_view	2	2
2025-11-21	virtualflybrain.org - GA4	v1-5.virtualflybrain.org	session_start	2	2
2025-11-21	virtualflybrain.org - GA4	v1.virtualflybrain.org	first_visit	2	2
2025-11-21	virtualflybrain.org - GA4	v1.virtualflybrain.org	page_view	2	2
2025-11-21	virtualflybrain.org - GA4	v1.virtualflybrain.org	session_start	2	2
2025-11-21	virtualflybrain.org - GA4	v2-debug.virtualflybrain.org	first_visit	1	1
2025-11-21	virtualflybrain.org - GA4	v2-debug.virtualflybrain.org	page_view	1	1
2025-11-21	virtualflybrain.org - GA4	v2-debug.virtualflybrain.org	session_start	1	1
2025-11-21	virtualflybrain.org - GA4	v2-dev.virtualflybrain.org	errorlog	2	1
2025-11-21	virtualflybrain.org - GA4	v2-dev.virtualflybrain.org	first_visit	2	2
2025-11-21	virtualflybrain.org - GA4	v2-dev.virtualflybrain.org	page_view	2	2
2025-11-21	virtualflybrain.org - GA4	v2-dev.virtualflybrain.org	request	1	1
2025-11-21	virtualflybrain.org - GA4	v2-dev.virtualflybrain.org	session_start	2	2
2025-11-21	virtualflybrain.org - GA4	v2-dev2.virtualflybrain.org	first_visit	2	2
2025-11-21	virtualflybrain.org - GA4	v2-dev2.virtualflybrain.org	page_view	2	2
2025-11-21	virtualflybrain.org - GA4	v2-dev2.virtualflybrain.org	session_start	2	2
2025-11-21	virtualflybrain.org - GA4	v2-preview.virtualflybrain.org	first_visit	1	1
2025-11-21	virtualflybrain.org - GA4	v2-preview.virtualflybrain.org	page_view	1	1
2025-11-21	virtualflybrain.org - GA4	v2-preview.virtualflybrain.org	session_start	1	1
2025-11-21	virtualflybrain.org - GA4	v2.virtualflybrain.org	disconnected	65	16
2025-11-21	virtualflybrain.org - GA4	v2.virtualflybrain.org	errorlog	583	35
2025-11-21	virtualflybrain.org - GA4	v2.virtualflybrain.org	first_visit	322	322
2025-11-21	virtualflybrain.org - GA4	v2.virtualflybrain.org	opening	1	1
2025-11-21	virtualflybrain.org - GA4	v2.virtualflybrain.org	page_view	469	350
2025-11-21	virtualflybrain.org - GA4	v2.virtualflybrain.org	reconnect-attempt:0	64	15
2025-11-21	virtualflybrain.org - GA4	v2.virtualflybrain.org	reconnect-attempt:1	1	1
2025-11-21	virtualflybrain.org - GA4	v2.virtualflybrain.org	request	477	39
2025-11-21	virtualflybrain.org - GA4	v2.virtualflybrain.org	session_start	403	345
2025-11-21	virtualflybrain.org - GA4	v2.virtualflybrain.org	user_engagement	118	106
2025-11-21	virtualflybrain.org - GA4	v2a.virtualflybrain.org	cancelled	2	1
2025-11-21	virtualflybrain.org - GA4	v2a.virtualflybrain.org	disconnected	2	1
2025-11-21	virtualflybrain.org - GA4	v2a.virtualflybrain.org	errorlog	11	1
2025-11-21	virtualflybrain.org - GA4	v2a.virtualflybrain.org	first_visit	1	1
2025-11-21	virtualflybrain.org - GA4	v2a.virtualflybrain.org	opening	1	1
2025-11-21	virtualflybrain.org - GA4	v2a.virtualflybrain.org	page_view	4	2
2025-11-21	virtualflybrain.org - GA4	v2a.virtualflybrain.org	reconnect-failed-reloading	2	1
2025-11-21	virtualflybrain.org - GA4	v2a.virtualflybrain.org	request	24	1
2025-11-21	virtualflybrain.org - GA4	v2a.virtualflybrain.org	session_start	5	2
2025-11-21	virtualflybrain.org - GA4	v2a.virtualflybrain.org	user_engagement	2	1
2025-11-21	virtualflybrain.org - GA4	virtualflybrain.org	first_visit	10	10
2025-11-21	virtualflybrain.org - GA4	virtualflybrain.org	page_view	13	13
2025-11-21	virtualflybrain.org - GA4	virtualflybrain.org	session_start	13	13
2025-11-21	virtualflybrain.org - GA4	virtualflybrain.org	user_engagement	3	3
2025-11-21	virtualflybrain.org - GA4	vnc.catmaid.virtualflybrain.org	first_visit	1	1
2025-11-21	virtualflybrain.org - GA4	vnc.catmaid.virtualflybrain.org	page_view	1	1
2025-11-21	virtualflybrain.org - GA4	vnc.catmaid.virtualflybrain.org	session_start	1	1
2025-11-21	virtualflybrain.org - GA4	webapi-withdrawal-service.preprod.virtualflybrain.org	first_visit	1	1
2025-11-21	virtualflybrain.org - GA4	webapi-withdrawal-service.preprod.virtualflybrain.org	page_view	1	1
2025-11-21	virtualflybrain.org - GA4	webapi-withdrawal-service.preprod.virtualflybrain.org	session_start	1	1
2025-11-21	virtualflybrain.org - GA4	webapi-withdrawal-service.preprod.virtualflybrain.org	user_engagement	1	1
2025-11-21	virtualflybrain.org - GA4	webtop.virtualflybrain.org	first_visit	2	2
2025-11-21	virtualflybrain.org - GA4	webtop.virtualflybrain.org	page_view	2	2
2025-11-21	virtualflybrain.org - GA4	webtop.virtualflybrain.org	session_start	2	2
2025-11-21	virtualflybrain.org - GA4	www.virtualflybrain.org	first_visit	743	742
2025-11-21	virtualflybrain.org - GA4	www.virtualflybrain.org	page_view	762	753
2025-11-21	virtualflybrain.org - GA4	www.virtualflybrain.org	session_start	753	752
2025-11-21	virtualflybrain.org - GA4	www.virtualflybrain.org	user_engagement	421	417
2025-11-22	virtualflybrain.org - GA4		page_view	399	16
2025-11-22	virtualflybrain.org - GA4	129.215.197.144	user_engagement	1	1
2025-11-22	virtualflybrain.org - GA4	129.215.197.147	user_engagement	1	1
2025-11-22	virtualflybrain.org - GA4	akamai-apigateway-warpcxml.virtualflybrain.org	first_visit	1	1
2025-11-22	virtualflybrain.org - GA4	akamai-apigateway-warpcxml.virtualflybrain.org	page_view	1	1
2025-11-22	virtualflybrain.org - GA4	akamai-apigateway-warpcxml.virtualflybrain.org	session_start	1	1
2025-11-22	virtualflybrain.org - GA4	akamai-apigateway-warpcxml.virtualflybrain.org	user_engagement	1	1
2025-11-22	virtualflybrain.org - GA4	api.ids.virtualflybrain.org	first_visit	1	1
2025-11-22	virtualflybrain.org - GA4	api.ids.virtualflybrain.org	page_view	1	1
2025-11-22	virtualflybrain.org - GA4	api.ids.virtualflybrain.org	session_start	1	1
2025-11-22	virtualflybrain.org - GA4	api.virtualflybrain.org	first_visit	1	1
2025-11-22	virtualflybrain.org - GA4	api.virtualflybrain.org	page_view	1	1
2025-11-22	virtualflybrain.org - GA4	api.virtualflybrain.org	session_start	1	1
2025-11-22	virtualflybrain.org - GA4	ba9dad907c1d.virtualflybrain.org	first_visit	2	2
2025-11-22	virtualflybrain.org - GA4	ba9dad907c1d.virtualflybrain.org	page_view	2	2
2025-11-22	virtualflybrain.org - GA4	ba9dad907c1d.virtualflybrain.org	session_start	2	2
2025-11-22	virtualflybrain.org - GA4	ba9dad907c1d.virtualflybrain.org	user_engagement	2	2
2025-11-22	virtualflybrain.org - GA4	bahrain-pi.virtualflybrain.org	first_visit	1	1
2025-11-22	virtualflybrain.org - GA4	bahrain-pi.virtualflybrain.org	page_view	1	1
2025-11-22	virtualflybrain.org - GA4	bahrain-pi.virtualflybrain.org	session_start	1	1
2025-11-22	virtualflybrain.org - GA4	bell-apis-qa.virtualflybrain.org	first_visit	1	1
2025-11-22	virtualflybrain.org - GA4	bell-apis-qa.virtualflybrain.org	page_view	1	1
2025-11-22	virtualflybrain.org - GA4	bell-apis-qa.virtualflybrain.org	session_start	1	1
2025-11-22	virtualflybrain.org - GA4	bell-apis-qa.virtualflybrain.org	user_engagement	1	1
2025-11-22	virtualflybrain.org - GA4	blanik-jenkins.virtualflybrain.org	first_visit	2	2
2025-11-22	virtualflybrain.org - GA4	blanik-jenkins.virtualflybrain.org	page_view	2	2
2025-11-22	virtualflybrain.org - GA4	blanik-jenkins.virtualflybrain.org	session_start	2	2
2025-11-22	virtualflybrain.org - GA4	blog.virtualflybrain.org	first_visit	1	1
2025-11-22	virtualflybrain.org - GA4	blog.virtualflybrain.org	page_view	1	1
2025-11-22	virtualflybrain.org - GA4	blog.virtualflybrain.org	session_start	1	1
2025-11-22	virtualflybrain.org - GA4	blog.virtualflybrain.org	user_engagement	1	1
2025-11-22	virtualflybrain.org - GA4	buttermilk.inf.ed.ac.uk	first_visit	3	3
2025-11-22	virtualflybrain.org - GA4	buttermilk.inf.ed.ac.uk	page_view	3	3
2025-11-22	virtualflybrain.org - GA4	buttermilk.inf.ed.ac.uk	session_start	3	3
2025-11-22	virtualflybrain.org - GA4	buttermilk.inf.ed.ac.uk	user_engagement	1	1
2025-11-22	virtualflybrain.org - GA4	dill.inf.ed.ac.uk	first_visit	112	112
2025-11-22	virtualflybrain.org - GA4	dill.inf.ed.ac.uk	page_view	112	112
2025-11-22	virtualflybrain.org - GA4	dill.inf.ed.ac.uk	session_start	112	112
2025-11-22	virtualflybrain.org - GA4	dill.inf.ed.ac.uk	user_engagement	80	80
2025-11-22	virtualflybrain.org - GA4	flybrain.inf.ed.ac.uk	first_visit	4	4
2025-11-22	virtualflybrain.org - GA4	flybrain.inf.ed.ac.uk	page_view	4	4
2025-11-22	virtualflybrain.org - GA4	flybrain.inf.ed.ac.uk	session_start	4	4
2025-11-22	virtualflybrain.org - GA4	flybrain.inf.ed.ac.uk	user_engagement	1	1
2025-11-22	virtualflybrain.org - GA4	grafana.virtualflybrain.org	first_visit	1	1
2025-11-22	virtualflybrain.org - GA4	grafana.virtualflybrain.org	page_view	1	1
2025-11-22	virtualflybrain.org - GA4	grafana.virtualflybrain.org	session_start	1	1
2025-11-22	virtualflybrain.org - GA4	jupyter.virtualflybrain.org	first_visit	1	1
2025-11-22	virtualflybrain.org - GA4	jupyter.virtualflybrain.org	page_view	1	1
2025-11-22	virtualflybrain.org - GA4	jupyter.virtualflybrain.org	session_start	1	1
2025-11-22	virtualflybrain.org - GA4	karenin-jenkins.virtualflybrain.org	first_visit	1	1
2025-11-22	virtualflybrain.org - GA4	karenin-jenkins.virtualflybrain.org	page_view	1	1
2025-11-22	virtualflybrain.org - GA4	karenin-jenkins.virtualflybrain.org	session_start	1	1
2025-11-22	virtualflybrain.org - GA4	l1em.catmaid.virtualflybrain.org	first_visit	1	1
2025-11-22	virtualflybrain.org - GA4	l1em.catmaid.virtualflybrain.org	page_view	1	1
2025-11-22	virtualflybrain.org - GA4	l1em.catmaid.virtualflybrain.org	session_start	1	1
2025-11-22	virtualflybrain.org - GA4	larval.virtualflybrain.org	first_visit	1	1
2025-11-22	virtualflybrain.org - GA4	larval.virtualflybrain.org	page_view	1	1
2025-11-22	virtualflybrain.org - GA4	larval.virtualflybrain.org	session_start	1	1
2025-11-22	virtualflybrain.org - GA4	measure-apindev.virtualflybrain.org	first_visit	1	1
2025-11-22	virtualflybrain.org - GA4	measure-apindev.virtualflybrain.org	page_view	1	1
2025-11-22	virtualflybrain.org - GA4	measure-apindev.virtualflybrain.org	session_start	1	1
2025-11-22	virtualflybrain.org - GA4	mysql.virtualflybrain.org	first_visit	1	1
2025-11-22	virtualflybrain.org - GA4	mysql.virtualflybrain.org	page_view	1	1
2025-11-22	virtualflybrain.org - GA4	mysql.virtualflybrain.org	session_start	1	1
2025-11-22	virtualflybrain.org - GA4	natverse2.virtualflybrain.org	first_visit	1	1
2025-11-22	virtualflybrain.org - GA4	natverse2.virtualflybrain.org	page_view	1	1
2025-11-22	virtualflybrain.org - GA4	natverse2.virtualflybrain.org	session_start	1	1
2025-11-22	virtualflybrain.org - GA4	natverse4.virtualflybrain.org	first_visit	1	1
2025-11-22	virtualflybrain.org - GA4	natverse4.virtualflybrain.org	page_view	1	1
2025-11-22	virtualflybrain.org - GA4	natverse4.virtualflybrain.org	session_start	1	1
2025-11-22	virtualflybrain.org - GA4	natverse5.virtualflybrain.org	first_visit	32	32
2025-11-22	virtualflybrain.org - GA4	natverse5.virtualflybrain.org	page_view	32	32
2025-11-22	virtualflybrain.org - GA4	natverse5.virtualflybrain.org	session_start	32	32
2025-11-22	virtualflybrain.org - GA4	natverse5.virtualflybrain.org	user_engagement	23	23
2025-11-22	virtualflybrain.org - GA4	nblast.virtualflybrain.org	first_visit	239	239
2025-11-22	virtualflybrain.org - GA4	nblast.virtualflybrain.org	page_view	239	239
2025-11-22	virtualflybrain.org - GA4	nblast.virtualflybrain.org	session_start	239	239
2025-11-22	virtualflybrain.org - GA4	nblast.virtualflybrain.org	user_engagement	166	166
2025-11-22	virtualflybrain.org - GA4	olivierdemeulenaere.virtualflybrain.org	first_visit	1	1
2025-11-22	virtualflybrain.org - GA4	olivierdemeulenaere.virtualflybrain.org	page_view	1	1
2025-11-22	virtualflybrain.org - GA4	olivierdemeulenaere.virtualflybrain.org	session_start	1	1
2025-11-22	virtualflybrain.org - GA4	olivierdemeulenaere.virtualflybrain.org	user_engagement	1	1
2025-11-22	virtualflybrain.org - GA4	owl-dev.virtualflybrain.org	first_visit	1	1
2025-11-22	virtualflybrain.org - GA4	owl-dev.virtualflybrain.org	page_view	1	1
2025-11-22	virtualflybrain.org - GA4	owl-dev.virtualflybrain.org	session_start	1	1
2025-11-22	virtualflybrain.org - GA4	owl.virtualflybrain.org	first_visit	3	3
2025-11-22	virtualflybrain.org - GA4	owl.virtualflybrain.org	page_view	3	3
2025-11-22	virtualflybrain.org - GA4	owl.virtualflybrain.org	session_start	3	3
2025-11-22	virtualflybrain.org - GA4	owl.virtualflybrain.org	user_engagement	1	1
2025-11-22	virtualflybrain.org - GA4	pgadmin.virtualflybrain.org	first_visit	1	1
2025-11-22	virtualflybrain.org - GA4	pgadmin.virtualflybrain.org	page_view	1	1
2025-11-22	virtualflybrain.org - GA4	pgadmin.virtualflybrain.org	session_start	1	1
2025-11-22	virtualflybrain.org - GA4	r.virtualflybrain.org	first_visit	1	1
2025-11-22	virtualflybrain.org - GA4	r.virtualflybrain.org	page_view	1	1
2025-11-22	virtualflybrain.org - GA4	r.virtualflybrain.org	session_start	1	1
2025-11-22	virtualflybrain.org - GA4	raw.larval.flylight.virtualflybrain.org	first_visit	2	2
2025-11-22	virtualflybrain.org - GA4	raw.larval.flylight.virtualflybrain.org	page_view	3	3
2025-11-22	virtualflybrain.org - GA4	raw.larval.flylight.virtualflybrain.org	session_start	3	3
2025-11-22	virtualflybrain.org - GA4	sandbox-admin-game.virtualflybrain.org	first_visit	1	1
2025-11-22	virtualflybrain.org - GA4	sandbox-admin-game.virtualflybrain.org	page_view	1	1
2025-11-22	virtualflybrain.org - GA4	sandbox-admin-game.virtualflybrain.org	session_start	1	1
2025-11-22	virtualflybrain.org - GA4	sb1.virtualflybrain.org	first_visit	1	1
2025-11-22	virtualflybrain.org - GA4	sb1.virtualflybrain.org	page_view	1	1
2025-11-22	virtualflybrain.org - GA4	sb1.virtualflybrain.org	session_start	1	1
2025-11-22	virtualflybrain.org - GA4	solr-dev.virtualflybrain.org	first_visit	1	1
2025-11-22	virtualflybrain.org - GA4	solr-dev.virtualflybrain.org	page_view	1	1
2025-11-22	virtualflybrain.org - GA4	solr-dev.virtualflybrain.org	session_start	1	1
2025-11-22	virtualflybrain.org - GA4	solr.virtualflybrain.org	first_visit	1	1
2025-11-22	virtualflybrain.org - GA4	solr.virtualflybrain.org	page_view	1	1
2025-11-22	virtualflybrain.org - GA4	solr.virtualflybrain.org	session_start	1	1
2025-11-22	virtualflybrain.org - GA4	test-abd1.5.catmaid.virtualflybrain.org	first_visit	1	1
2025-11-22	virtualflybrain.org - GA4	test-abd1.5.catmaid.virtualflybrain.org	page_view	1	1
2025-11-22	virtualflybrain.org - GA4	test-abd1.5.catmaid.virtualflybrain.org	session_start	1	1
2025-11-22	virtualflybrain.org - GA4	v2-debug.virtualflybrain.org	first_visit	1	1
2025-11-22	virtualflybrain.org - GA4	v2-debug.virtualflybrain.org	page_view	1	1
2025-11-22	virtualflybrain.org - GA4	v2-debug.virtualflybrain.org	session_start	1	1
2025-11-22	virtualflybrain.org - GA4	v2.virtualflybrain.org	cancelled	3	1
2025-11-22	virtualflybrain.org - GA4	v2.virtualflybrain.org	disconnected	38	6
2025-11-22	virtualflybrain.org - GA4	v2.virtualflybrain.org	errorlog	457	17
2025-11-22	virtualflybrain.org - GA4	v2.virtualflybrain.org	first_visit	222	222
2025-11-22	virtualflybrain.org - GA4	v2.virtualflybrain.org	page_view	334	235
2025-11-22	virtualflybrain.org - GA4	v2.virtualflybrain.org	reconnect-attempt:0	38	6
2025-11-22	virtualflybrain.org - GA4	v2.virtualflybrain.org	reconnect-failed-reloading	1	1
2025-11-22	virtualflybrain.org - GA4	v2.virtualflybrain.org	request	155	22
2025-11-22	virtualflybrain.org - GA4	v2.virtualflybrain.org	session_start	290	232
2025-11-22	virtualflybrain.org - GA4	v2.virtualflybrain.org	user_engagement	70	63
2025-11-22	virtualflybrain.org - GA4	v2a.virtualflybrain.org	cancelled	7	1
2025-11-22	virtualflybrain.org - GA4	v2a.virtualflybrain.org	disconnected	3	1
2025-11-22	virtualflybrain.org - GA4	v2a.virtualflybrain.org	errorlog	31	1
2025-11-22	virtualflybrain.org - GA4	v2a.virtualflybrain.org	first_visit	1	1
2025-11-22	virtualflybrain.org - GA4	v2a.virtualflybrain.org	page_view	12	2
2025-11-22	virtualflybrain.org - GA4	v2a.virtualflybrain.org	reconnect-attempt:0	3	1
2025-11-22	virtualflybrain.org - GA4	v2a.virtualflybrain.org	request	20	2
2025-11-22	virtualflybrain.org - GA4	v2a.virtualflybrain.org	session_start	6	2
2025-11-22	virtualflybrain.org - GA4	v2a.virtualflybrain.org	user_engagement	2	1
2025-11-22	virtualflybrain.org - GA4	virtualflybrain.org	first_visit	42	42
2025-11-22	virtualflybrain.org - GA4	virtualflybrain.org	page_view	42	42
2025-11-22	virtualflybrain.org - GA4	virtualflybrain.org	session_start	42	42
2025-11-22	virtualflybrain.org - GA4	virtualflybrain.org	user_engagement	29	29
2025-11-22	virtualflybrain.org - GA4	vnc.catmaid.virtualflybrain.org	first_visit	1	1
2025-11-22	virtualflybrain.org - GA4	vnc.catmaid.virtualflybrain.org	page_view	1	1
2025-11-22	virtualflybrain.org - GA4	vnc.catmaid.virtualflybrain.org	session_start	1	1
2025-11-22	virtualflybrain.org - GA4	webapi-withdrawal-service.preprod.virtualflybrain.org	first_visit	2	2
2025-11-22	virtualflybrain.org - GA4	webapi-withdrawal-service.preprod.virtualflybrain.org	page_view	2	2
2025-11-22	virtualflybrain.org - GA4	webapi-withdrawal-service.preprod.virtualflybrain.org	session_start	2	2
2025-11-22	virtualflybrain.org - GA4	webapi-withdrawal-service.preprod.virtualflybrain.org	user_engagement	1	1
2025-11-22	virtualflybrain.org - GA4	www.virtualflybrain.org	first_visit	818	818
2025-11-22	virtualflybrain.org - GA4	www.virtualflybrain.org	page_view	825	820
2025-11-22	virtualflybrain.org - GA4	www.virtualflybrain.org	session_start	821	821
2025-11-22	virtualflybrain.org - GA4	www.virtualflybrain.org	user_engagement	397	390
2025-11-22	virtualflybrain.org - GA4	www.webtop.virtualflybrain.org	user_engagement	1	1
2025-11-23	virtualflybrain.org - GA4		page_view	536	19
2025-11-23	virtualflybrain.org - GA4	129.215.197.110	user_engagement	1	1
2025-11-23	virtualflybrain.org - GA4	129.215.197.143	user_engagement	1	1
2025-11-23	virtualflybrain.org - GA4	akamai-apigateway-warpcxml.virtualflybrain.org	first_visit	1	1
2025-11-23	virtualflybrain.org - GA4	akamai-apigateway-warpcxml.virtualflybrain.org	page_view	1	1
2025-11-23	virtualflybrain.org - GA4	akamai-apigateway-warpcxml.virtualflybrain.org	session_start	1	1
2025-11-23	virtualflybrain.org - GA4	akamai-apigateway-warpcxml.virtualflybrain.org	user_engagement	1	1
2025-11-23	virtualflybrain.org - GA4	ba9dad907c1d.virtualflybrain.org	first_visit	1	1
2025-11-23	virtualflybrain.org - GA4	ba9dad907c1d.virtualflybrain.org	page_view	1	1
2025-11-23	virtualflybrain.org - GA4	ba9dad907c1d.virtualflybrain.org	session_start	1	1
2025-11-23	virtualflybrain.org - GA4	ba9dad907c1d.virtualflybrain.org	user_engagement	1	1
2025-11-23	virtualflybrain.org - GA4	bahrain-pi.virtualflybrain.org	first_visit	1	1
2025-11-23	virtualflybrain.org - GA4	bahrain-pi.virtualflybrain.org	page_view	1	1
2025-11-23	virtualflybrain.org - GA4	bahrain-pi.virtualflybrain.org	session_start	1	1
2025-11-23	virtualflybrain.org - GA4	bahrain-pi.virtualflybrain.org	user_engagement	1	1
2025-11-23	virtualflybrain.org - GA4	bell-apis-qa.virtualflybrain.org	first_visit	1	1
2025-11-23	virtualflybrain.org - GA4	bell-apis-qa.virtualflybrain.org	page_view	1	1
2025-11-23	virtualflybrain.org - GA4	bell-apis-qa.virtualflybrain.org	session_start	1	1
2025-11-23	virtualflybrain.org - GA4	bell-apis-qa.virtualflybrain.org	user_engagement	1	1
2025-11-23	virtualflybrain.org - GA4	buttermilk.inf.ed.ac.uk	first_visit	11	11
2025-11-23	virtualflybrain.org - GA4	buttermilk.inf.ed.ac.uk	page_view	11	11
2025-11-23	virtualflybrain.org - GA4	buttermilk.inf.ed.ac.uk	session_start	11	11
2025-11-23	virtualflybrain.org - GA4	buttermilk.inf.ed.ac.uk	user_engagement	7	7
2025-11-23	virtualflybrain.org - GA4	catmaid-fafb.virtualflybrain.org	first_visit	1	1
2025-11-23	virtualflybrain.org - GA4	catmaid-fafb.virtualflybrain.org	page_view	1	1
2025-11-23	virtualflybrain.org - GA4	catmaid-fafb.virtualflybrain.org	session_start	1	1
2025-11-23	virtualflybrain.org - GA4	dill.inf.ed.ac.uk	first_visit	78	78
2025-11-23	virtualflybrain.org - GA4	dill.inf.ed.ac.uk	page_view	78	78
2025-11-23	virtualflybrain.org - GA4	dill.inf.ed.ac.uk	session_start	78	78
2025-11-23	virtualflybrain.org - GA4	dill.inf.ed.ac.uk	user_engagement	58	58
2025-11-23	virtualflybrain.org - GA4	flybrain.inf.ed.ac.uk	first_visit	4	4
2025-11-23	virtualflybrain.org - GA4	flybrain.inf.ed.ac.uk	page_view	4	4
2025-11-23	virtualflybrain.org - GA4	flybrain.inf.ed.ac.uk	session_start	4	4
2025-11-23	virtualflybrain.org - GA4	flybrain.inf.ed.ac.uk	user_engagement	2	2
2025-11-23	virtualflybrain.org - GA4	mayo.inf.ed.ac.uk	user_engagement	1	1
2025-11-23	virtualflybrain.org - GA4	measure-apindev.virtualflybrain.org	first_visit	1	1
2025-11-23	virtualflybrain.org - GA4	measure-apindev.virtualflybrain.org	page_view	1	1
2025-11-23	virtualflybrain.org - GA4	measure-apindev.virtualflybrain.org	session_start	1	1
2025-11-23	virtualflybrain.org - GA4	measure-apindev.virtualflybrain.org	user_engagement	1	1
2025-11-23	virtualflybrain.org - GA4	natverse5.virtualflybrain.org	first_visit	21	21
2025-11-23	virtualflybrain.org - GA4	natverse5.virtualflybrain.org	page_view	21	21
2025-11-23	virtualflybrain.org - GA4	natverse5.virtualflybrain.org	session_start	21	21
2025-11-23	virtualflybrain.org - GA4	natverse5.virtualflybrain.org	user_engagement	16	16
2025-11-23	virtualflybrain.org - GA4	nblast.virtualflybrain.org	first_visit	161	161
2025-11-23	virtualflybrain.org - GA4	nblast.virtualflybrain.org	page_view	161	161
2025-11-23	virtualflybrain.org - GA4	nblast.virtualflybrain.org	session_start	161	161
2025-11-23	virtualflybrain.org - GA4	nblast.virtualflybrain.org	user_engagement	93	93
2025-11-23	virtualflybrain.org - GA4	olivierdemeulenaere.virtualflybrain.org	first_visit	1	1
2025-11-23	virtualflybrain.org - GA4	olivierdemeulenaere.virtualflybrain.org	page_view	1	1
2025-11-23	virtualflybrain.org - GA4	olivierdemeulenaere.virtualflybrain.org	session_start	1	1
2025-11-23	virtualflybrain.org - GA4	olivierdemeulenaere.virtualflybrain.org	user_engagement	1	1
2025-11-23	virtualflybrain.org - GA4	p2.virtualflybrain.org	first_visit	1	1
2025-11-23	virtualflybrain.org - GA4	p2.virtualflybrain.org	page_view	1	1
2025-11-23	virtualflybrain.org - GA4	p2.virtualflybrain.org	session_start	1	1
2025-11-23	virtualflybrain.org - GA4	raw.larval.flylight.virtualflybrain.org	first_visit	1	1
2025-11-23	virtualflybrain.org - GA4	raw.larval.flylight.virtualflybrain.org	page_view	1	1
2025-11-23	virtualflybrain.org - GA4	raw.larval.flylight.virtualflybrain.org	session_start	1	1
2025-11-23	virtualflybrain.org - GA4	raw.larval.flylight.virtualflybrain.org	user_engagement	1	1
2025-11-23	virtualflybrain.org - GA4	sandbox-admin-game.virtualflybrain.org	first_visit	1	1
2025-11-23	virtualflybrain.org - GA4	sandbox-admin-game.virtualflybrain.org	page_view	1	1
2025-11-23	virtualflybrain.org - GA4	sandbox-admin-game.virtualflybrain.org	session_start	1	1
2025-11-23	virtualflybrain.org - GA4	sandbox-admin-game.virtualflybrain.org	user_engagement	1	1
2025-11-23	virtualflybrain.org - GA4	uosuunatverse.virtualflybrain.org	user_engagement	2	2
2025-11-23	virtualflybrain.org - GA4	v2.virtualflybrain.org	cancelled	5	2
2025-11-23	virtualflybrain.org - GA4	v2.virtualflybrain.org	disconnected	23	7
2025-11-23	virtualflybrain.org - GA4	v2.virtualflybrain.org	errorlog	191	20
2025-11-23	virtualflybrain.org - GA4	v2.virtualflybrain.org	first_visit	175	175
2025-11-23	virtualflybrain.org - GA4	v2.virtualflybrain.org	opening	3	2
2025-11-23	virtualflybrain.org - GA4	v2.virtualflybrain.org	page_view	229	190
2025-11-23	virtualflybrain.org - GA4	v2.virtualflybrain.org	reconnect-attempt:0	21	7
2025-11-23	virtualflybrain.org - GA4	v2.virtualflybrain.org	reconnect-failed-reloading	2	2
2025-11-23	virtualflybrain.org - GA4	v2.virtualflybrain.org	request	227	25
2025-11-23	virtualflybrain.org - GA4	v2.virtualflybrain.org	session_start	204	185
2025-11-23	virtualflybrain.org - GA4	v2.virtualflybrain.org	user_engagement	56	54
2025-11-23	virtualflybrain.org - GA4	v3.virtualflybrain.org	first_visit	1	1
2025-11-23	virtualflybrain.org - GA4	v3.virtualflybrain.org	page_view	1	1
2025-11-23	virtualflybrain.org - GA4	v3.virtualflybrain.org	session_start	1	1
2025-11-23	virtualflybrain.org - GA4	v3.virtualflybrain.org	user_engagement	1	1
2025-11-23	virtualflybrain.org - GA4	virtualflybrain.org	first_visit	8	8
2025-11-23	virtualflybrain.org - GA4	virtualflybrain.org	page_view	9	8
2025-11-23	virtualflybrain.org - GA4	virtualflybrain.org	session_start	8	8
2025-11-23	virtualflybrain.org - GA4	virtualflybrain.org	user_engagement	6	6
2025-11-23	virtualflybrain.org - GA4	webapi-withdrawal-service.preprod.virtualflybrain.org	first_visit	1	1
2025-11-23	virtualflybrain.org - GA4	webapi-withdrawal-service.preprod.virtualflybrain.org	page_view	1	1
2025-11-23	virtualflybrain.org - GA4	webapi-withdrawal-service.preprod.virtualflybrain.org	session_start	1	1
2025-11-23	virtualflybrain.org - GA4	webapi-withdrawal-service.preprod.virtualflybrain.org	user_engagement	1	1
2025-11-23	virtualflybrain.org - GA4	www.virtualflybrain.org	first_visit	656	656
2025-11-23	virtualflybrain.org - GA4	www.virtualflybrain.org	page_view	674	662
2025-11-23	virtualflybrain.org - GA4	www.virtualflybrain.org	session_start	664	662
2025-11-23	virtualflybrain.org - GA4	www.virtualflybrain.org	user_engagement	340	326
2025-11-24	virtualflybrain.org - GA4		page_view	1561	34
2025-11-24	virtualflybrain.org - GA4	129.215.197.101	first_visit	1	1
2025-11-24	virtualflybrain.org - GA4	129.215.197.101	page_view	1	1
2025-11-24	virtualflybrain.org - GA4	129.215.197.101	session_start	1	1
2025-11-24	virtualflybrain.org - GA4	129.215.197.120	first_visit	1	1
2025-11-24	virtualflybrain.org - GA4	129.215.197.120	page_view	1	1
2025-11-24	virtualflybrain.org - GA4	129.215.197.120	session_start	1	1
2025-11-24	virtualflybrain.org - GA4	129.215.197.143	first_visit	1	1
2025-11-24	virtualflybrain.org - GA4	129.215.197.143	page_view	1	1
2025-11-24	virtualflybrain.org - GA4	129.215.197.143	session_start	1	1
2025-11-24	virtualflybrain.org - GA4	129.215.197.144	first_visit	1	1
2025-11-24	virtualflybrain.org - GA4	129.215.197.144	page_view	1	1
2025-11-24	virtualflybrain.org - GA4	129.215.197.144	session_start	1	1
2025-11-24	virtualflybrain.org - GA4	129.215.197.147	first_visit	1	1
2025-11-24	virtualflybrain.org - GA4	129.215.197.147	page_view	1	1
2025-11-24	virtualflybrain.org - GA4	129.215.197.147	session_start	1	1
2025-11-24	virtualflybrain.org - GA4	129.215.197.147	user_engagement	1	1
2025-11-24	virtualflybrain.org - GA4	akamai-apigateway-warpcxml.virtualflybrain.org	first_visit	1	1
2025-11-24	virtualflybrain.org - GA4	akamai-apigateway-warpcxml.virtualflybrain.org	page_view	1	1
2025-11-24	virtualflybrain.org - GA4	akamai-apigateway-warpcxml.virtualflybrain.org	session_start	1	1
2025-11-24	virtualflybrain.org - GA4	akamai-apigateway-warpcxml.virtualflybrain.org	user_engagement	1	1
2025-11-24	virtualflybrain.org - GA4	ba9dad907c1d.virtualflybrain.org	first_visit	1	1
2025-11-24	virtualflybrain.org - GA4	ba9dad907c1d.virtualflybrain.org	page_view	1	1
2025-11-24	virtualflybrain.org - GA4	ba9dad907c1d.virtualflybrain.org	session_start	1	1
2025-11-24	virtualflybrain.org - GA4	ba9dad907c1d.virtualflybrain.org	user_engagement	1	1
2025-11-24	virtualflybrain.org - GA4	bahrain-pi.virtualflybrain.org	first_visit	1	1
2025-11-24	virtualflybrain.org - GA4	bahrain-pi.virtualflybrain.org	page_view	1	1
2025-11-24	virtualflybrain.org - GA4	bahrain-pi.virtualflybrain.org	session_start	1	1
2025-11-24	virtualflybrain.org - GA4	bell-apis-qa.virtualflybrain.org	first_visit	1	1
2025-11-24	virtualflybrain.org - GA4	bell-apis-qa.virtualflybrain.org	page_view	1	1
2025-11-24	virtualflybrain.org - GA4	bell-apis-qa.virtualflybrain.org	session_start	1	1
2025-11-24	virtualflybrain.org - GA4	bell-apis-qa.virtualflybrain.org	user_engagement	1	1
2025-11-24	virtualflybrain.org - GA4	buttermilk.inf.ed.ac.uk	first_visit	3	3
2025-11-24	virtualflybrain.org - GA4	buttermilk.inf.ed.ac.uk	page_view	3	3
2025-11-24	virtualflybrain.org - GA4	buttermilk.inf.ed.ac.uk	session_start	3	3
2025-11-24	virtualflybrain.org - GA4	buttermilk.inf.ed.ac.uk	user_engagement	2	2
2025-11-24	virtualflybrain.org - GA4	catmaid-fafb.virtualflybrain.org	first_visit	2	2
2025-11-24	virtualflybrain.org - GA4	catmaid-fafb.virtualflybrain.org	page_view	2	2
2025-11-24	virtualflybrain.org - GA4	catmaid-fafb.virtualflybrain.org	session_start	2	2
2025-11-24	virtualflybrain.org - GA4	dill.inf.ed.ac.uk	first_visit	25	25
2025-11-24	virtualflybrain.org - GA4	dill.inf.ed.ac.uk	page_view	25	25
2025-11-24	virtualflybrain.org - GA4	dill.inf.ed.ac.uk	session_start	25	25
2025-11-24	virtualflybrain.org - GA4	dill.inf.ed.ac.uk	user_engagement	17	17
2025-11-24	virtualflybrain.org - GA4	flybrain.inf.ed.ac.uk	first_visit	4	4
2025-11-24	virtualflybrain.org - GA4	flybrain.inf.ed.ac.uk	page_view	4	4
2025-11-24	virtualflybrain.org - GA4	flybrain.inf.ed.ac.uk	session_start	4	4
2025-11-24	virtualflybrain.org - GA4	flybrain.inf.ed.ac.uk	user_engagement	4	4
2025-11-24	virtualflybrain.org - GA4	gdbcublog.virtualflybrain.org	user_engagement	3	3
2025-11-24	virtualflybrain.org - GA4	measure-apindev.virtualflybrain.org	first_visit	1	1
2025-11-24	virtualflybrain.org - GA4	measure-apindev.virtualflybrain.org	page_view	1	1
2025-11-24	virtualflybrain.org - GA4	measure-apindev.virtualflybrain.org	session_start	1	1
2025-11-24	virtualflybrain.org - GA4	measure-apindev.virtualflybrain.org	user_engagement	1	1
2025-11-24	virtualflybrain.org - GA4	natverse5.virtualflybrain.org	first_visit	9	9
2025-11-24	virtualflybrain.org - GA4	natverse5.virtualflybrain.org	page_view	9	9
2025-11-24	virtualflybrain.org - GA4	natverse5.virtualflybrain.org	session_start	9	9
2025-11-24	virtualflybrain.org - GA4	natverse5.virtualflybrain.org	user_engagement	3	3
2025-11-24	virtualflybrain.org - GA4	nblast.virtualflybrain.org	first_visit	185	185
2025-11-24	virtualflybrain.org - GA4	nblast.virtualflybrain.org	page_view	199	185
2025-11-24	virtualflybrain.org - GA4	nblast.virtualflybrain.org	session_start	185	185
2025-11-24	virtualflybrain.org - GA4	nblast.virtualflybrain.org	user_engagement	73	64
2025-11-24	virtualflybrain.org - GA4	olivierdemeulenaere.virtualflybrain.org	first_visit	1	1
2025-11-24	virtualflybrain.org - GA4	olivierdemeulenaere.virtualflybrain.org	page_view	1	1
2025-11-24	virtualflybrain.org - GA4	olivierdemeulenaere.virtualflybrain.org	session_start	1	1
2025-11-24	virtualflybrain.org - GA4	raw.larval.flylight.virtualflybrain.org	page_view	10	1
2025-11-24	virtualflybrain.org - GA4	raw.larval.flylight.virtualflybrain.org	session_start	1	1
2025-11-24	virtualflybrain.org - GA4	raw.larval.flylight.virtualflybrain.org	user_engagement	10	1
2025-11-24	virtualflybrain.org - GA4	sandbox-admin-game.virtualflybrain.org	first_visit	1	1
2025-11-24	virtualflybrain.org - GA4	sandbox-admin-game.virtualflybrain.org	page_view	1	1
2025-11-24	virtualflybrain.org - GA4	sandbox-admin-game.virtualflybrain.org	session_start	1	1
2025-11-24	virtualflybrain.org - GA4	v2.virtualflybrain.org	cancelled	3	2
2025-11-24	virtualflybrain.org - GA4	v2.virtualflybrain.org	disconnected	86	19
2025-11-24	virtualflybrain.org - GA4	v2.virtualflybrain.org	errorlog	649	33
2025-11-24	virtualflybrain.org - GA4	v2.virtualflybrain.org	first_visit	147	147
2025-11-24	virtualflybrain.org - GA4	v2.virtualflybrain.org	opening	1	1
2025-11-24	virtualflybrain.org - GA4	v2.virtualflybrain.org	page_view	360	177
2025-11-24	virtualflybrain.org - GA4	v2.virtualflybrain.org	reconnect-attempt:0	84	19
2025-11-24	virtualflybrain.org - GA4	v2.virtualflybrain.org	request	617	37
2025-11-24	virtualflybrain.org - GA4	v2.virtualflybrain.org	session_start	253	170
2025-11-24	virtualflybrain.org - GA4	v2.virtualflybrain.org	user_engagement	51	39
2025-11-24	virtualflybrain.org - GA4	v2a.virtualflybrain.org	errorlog	42	2
2025-11-24	virtualflybrain.org - GA4	v2a.virtualflybrain.org	opening	1	1
2025-11-24	virtualflybrain.org - GA4	v2a.virtualflybrain.org	page_view	11	2
2025-11-24	virtualflybrain.org - GA4	v2a.virtualflybrain.org	request	41	2
2025-11-24	virtualflybrain.org - GA4	v2a.virtualflybrain.org	session_start	11	2
2025-11-24	virtualflybrain.org - GA4	v2a.virtualflybrain.org	user_engagement	2	2
2025-11-24	virtualflybrain.org - GA4	virtualflybrain.org	first_visit	9	9
2025-11-24	virtualflybrain.org - GA4	virtualflybrain.org	page_view	12	10
2025-11-24	virtualflybrain.org - GA4	virtualflybrain.org	session_start	9	9
2025-11-24	virtualflybrain.org - GA4	virtualflybrain.org	user_engagement	9	7
2025-11-24	virtualflybrain.org - GA4	webapi-withdrawal-service.preprod.virtualflybrain.org	first_visit	1	1
2025-11-24	virtualflybrain.org - GA4	webapi-withdrawal-service.preprod.virtualflybrain.org	page_view	1	1
2025-11-24	virtualflybrain.org - GA4	webapi-withdrawal-service.preprod.virtualflybrain.org	session_start	1	1
2025-11-24	virtualflybrain.org - GA4	webapi-withdrawal-service.preprod.virtualflybrain.org	user_engagement	1	1
2025-11-24	virtualflybrain.org - GA4	www.blog.virtualflybrain.org	first_visit	1	1
2025-11-24	virtualflybrain.org - GA4	www.blog.virtualflybrain.org	page_view	1	1
2025-11-24	virtualflybrain.org - GA4	www.blog.virtualflybrain.org	session_start	1	1
2025-11-24	virtualflybrain.org - GA4	www.virtualflybrain.org	first_visit	1650	1648
2025-11-24	virtualflybrain.org - GA4	www.virtualflybrain.org	page_view	1681	1658
2025-11-24	virtualflybrain.org - GA4	www.virtualflybrain.org	session_start	1660	1655
2025-11-24	virtualflybrain.org - GA4	www.virtualflybrain.org	user_engagement	968	948
2025-11-25	virtualflybrain.org - GA4		page_view	1696	51
2025-11-25	virtualflybrain.org - GA4		session_start	1	1
2025-11-25	virtualflybrain.org - GA4	129.215.197.101	first_visit	2	2
2025-11-25	virtualflybrain.org - GA4	129.215.197.101	page_view	2	2
2025-11-25	virtualflybrain.org - GA4	129.215.197.101	session_start	2	2
2025-11-25	virtualflybrain.org - GA4	129.215.197.101	user_engagement	1	1
2025-11-25	virtualflybrain.org - GA4	129.215.197.110	first_visit	2	2
2025-11-25	virtualflybrain.org - GA4	129.215.197.110	page_view	2	2
2025-11-25	virtualflybrain.org - GA4	129.215.197.110	session_start	2	2
2025-11-25	virtualflybrain.org - GA4	129.215.197.110	user_engagement	1	1
2025-11-25	virtualflybrain.org - GA4	129.215.197.120	first_visit	2	2
2025-11-25	virtualflybrain.org - GA4	129.215.197.120	page_view	2	2
2025-11-25	virtualflybrain.org - GA4	129.215.197.120	session_start	2	2
2025-11-25	virtualflybrain.org - GA4	981gwa2l.virtualflybrain.org	first_visit	2	2
2025-11-25	virtualflybrain.org - GA4	981gwa2l.virtualflybrain.org	page_view	2	2
2025-11-25	virtualflybrain.org - GA4	981gwa2l.virtualflybrain.org	session_start	2	2
2025-11-25	virtualflybrain.org - GA4	akamai-apigateway-warpcxml.virtualflybrain.org	first_visit	1	1
2025-11-25	virtualflybrain.org - GA4	akamai-apigateway-warpcxml.virtualflybrain.org	page_view	1	1
2025-11-25	virtualflybrain.org - GA4	akamai-apigateway-warpcxml.virtualflybrain.org	session_start	1	1
2025-11-25	virtualflybrain.org - GA4	akamai-apigateway-warpcxml.virtualflybrain.org	user_engagement	1	1
2025-11-25	virtualflybrain.org - GA4	api.ids.virtualflybrain.org	first_visit	2	2
2025-11-25	virtualflybrain.org - GA4	api.ids.virtualflybrain.org	page_view	2	2
2025-11-25	virtualflybrain.org - GA4	api.ids.virtualflybrain.org	session_start	2	2
2025-11-25	virtualflybrain.org - GA4	api.virtualflybrain.org	first_visit	2	2
2025-11-25	virtualflybrain.org - GA4	api.virtualflybrain.org	page_view	2	2
2025-11-25	virtualflybrain.org - GA4	api.virtualflybrain.org	session_start	2	2
2025-11-25	virtualflybrain.org - GA4	ba9dad907c1d.virtualflybrain.org	first_visit	1	1
2025-11-25	virtualflybrain.org - GA4	ba9dad907c1d.virtualflybrain.org	page_view	1	1
2025-11-25	virtualflybrain.org - GA4	ba9dad907c1d.virtualflybrain.org	session_start	1	1
2025-11-25	virtualflybrain.org - GA4	ba9dad907c1d.virtualflybrain.org	user_engagement	1	1
2025-11-25	virtualflybrain.org - GA4	backend.virtualflybrain.org	first_visit	2	2
2025-11-25	virtualflybrain.org - GA4	backend.virtualflybrain.org	page_view	2	2
2025-11-25	virtualflybrain.org - GA4	backend.virtualflybrain.org	session_start	2	2
2025-11-25	virtualflybrain.org - GA4	bahrain-pi.virtualflybrain.org	first_visit	1	1
2025-11-25	virtualflybrain.org - GA4	bahrain-pi.virtualflybrain.org	page_view	1	1
2025-11-25	virtualflybrain.org - GA4	bahrain-pi.virtualflybrain.org	session_start	1	1
2025-11-25	virtualflybrain.org - GA4	bahrain-pi.virtualflybrain.org	user_engagement	1	1
2025-11-25	virtualflybrain.org - GA4	bell-apis-qa.virtualflybrain.org	first_visit	1	1
2025-11-25	virtualflybrain.org - GA4	bell-apis-qa.virtualflybrain.org	page_view	1	1
2025-11-25	virtualflybrain.org - GA4	bell-apis-qa.virtualflybrain.org	session_start	1	1
2025-11-25	virtualflybrain.org - GA4	bell-apis-qa.virtualflybrain.org	user_engagement	1	1
2025-11-25	virtualflybrain.org - GA4	blanik-jenkins.virtualflybrain.org	first_visit	2	2
2025-11-25	virtualflybrain.org - GA4	blanik-jenkins.virtualflybrain.org	page_view	2	2
2025-11-25	virtualflybrain.org - GA4	blanik-jenkins.virtualflybrain.org	session_start	2	2
2025-11-25	virtualflybrain.org - GA4	blog.virtualflybrain.org	first_visit	1	1
2025-11-25	virtualflybrain.org - GA4	blog.virtualflybrain.org	page_view	1	1
2025-11-25	virtualflybrain.org - GA4	blog.virtualflybrain.org	session_start	1	1
2025-11-25	virtualflybrain.org - GA4	bocian-jenkins.virtualflybrain.org	first_visit	2	2
2025-11-25	virtualflybrain.org - GA4	bocian-jenkins.virtualflybrain.org	page_view	2	2
2025-11-25	virtualflybrain.org - GA4	bocian-jenkins.virtualflybrain.org	session_start	2	2
2025-11-25	virtualflybrain.org - GA4	buttermilk.inf.ed.ac.uk	first_visit	2	2
2025-11-25	virtualflybrain.org - GA4	buttermilk.inf.ed.ac.uk	page_view	2	2
2025-11-25	virtualflybrain.org - GA4	buttermilk.inf.ed.ac.uk	session_start	2	2
2025-11-25	virtualflybrain.org - GA4	buttermilk.inf.ed.ac.uk	user_engagement	1	1
2025-11-25	virtualflybrain.org - GA4	debug.virtualflybrain.org	first_visit	2	2
2025-11-25	virtualflybrain.org - GA4	debug.virtualflybrain.org	page_view	2	2
2025-11-25	virtualflybrain.org - GA4	debug.virtualflybrain.org	session_start	2	2
2025-11-25	virtualflybrain.org - GA4	dev.virtualflybrain.org	first_visit	2	2
2025-11-25	virtualflybrain.org - GA4	dev.virtualflybrain.org	page_view	2	2
2025-11-25	virtualflybrain.org - GA4	dev.virtualflybrain.org	session_start	2	2
2025-11-25	virtualflybrain.org - GA4	dill.inf.ed.ac.uk	first_visit	17	17
2025-11-25	virtualflybrain.org - GA4	dill.inf.ed.ac.uk	page_view	17	17
2025-11-25	virtualflybrain.org - GA4	dill.inf.ed.ac.uk	session_start	17	17
2025-11-25	virtualflybrain.org - GA4	dill.inf.ed.ac.uk	user_engagement	14	14
2025-11-25	virtualflybrain.org - GA4	geppetto-dev.virtualflybrain.org	first_visit	1	1
2025-11-25	virtualflybrain.org - GA4	geppetto-dev.virtualflybrain.org	page_view	1	1
2025-11-25	virtualflybrain.org - GA4	geppetto-dev.virtualflybrain.org	session_start	1	1
2025-11-25	virtualflybrain.org - GA4	grafana.virtualflybrain.org	first_visit	2	2
2025-11-25	virtualflybrain.org - GA4	grafana.virtualflybrain.org	page_view	2	2
2025-11-25	virtualflybrain.org - GA4	grafana.virtualflybrain.org	session_start	2	2
2025-11-25	virtualflybrain.org - GA4	hugo.virtualflybrain.org	first_visit	3	3
2025-11-25	virtualflybrain.org - GA4	hugo.virtualflybrain.org	page_view	3	3
2025-11-25	virtualflybrain.org - GA4	hugo.virtualflybrain.org	session_start	3	3
2025-11-25	virtualflybrain.org - GA4	iav-tnt-test.catmaid.virtualflybrain.org	first_visit	2	2
2025-11-25	virtualflybrain.org - GA4	iav-tnt-test.catmaid.virtualflybrain.org	page_view	2	2
2025-11-25	virtualflybrain.org - GA4	iav-tnt-test.catmaid.virtualflybrain.org	session_start	2	2
2025-11-25	virtualflybrain.org - GA4	ids.virtualflybrain.org	first_visit	2	2
2025-11-25	virtualflybrain.org - GA4	ids.virtualflybrain.org	page_view	2	2
2025-11-25	virtualflybrain.org - GA4	ids.virtualflybrain.org	session_start	2	2
2025-11-25	virtualflybrain.org - GA4	jupyter.virtualflybrain.org	first_visit	3	3
2025-11-25	virtualflybrain.org - GA4	jupyter.virtualflybrain.org	page_view	3	3
2025-11-25	virtualflybrain.org - GA4	jupyter.virtualflybrain.org	session_start	3	3
2025-11-25	virtualflybrain.org - GA4	jupyterhub.virtualflybrain.org	first_visit	2	2
2025-11-25	virtualflybrain.org - GA4	jupyterhub.virtualflybrain.org	page_view	2	2
2025-11-25	virtualflybrain.org - GA4	jupyterhub.virtualflybrain.org	session_start	2	2
2025-11-25	virtualflybrain.org - GA4	karenin-jenkins.virtualflybrain.org	first_visit	1	1
2025-11-25	virtualflybrain.org - GA4	karenin-jenkins.virtualflybrain.org	page_view	1	1
2025-11-25	virtualflybrain.org - GA4	karenin-jenkins.virtualflybrain.org	session_start	1	1
2025-11-25	virtualflybrain.org - GA4	kbw.virtualflybrain.org	first_visit	3	3
2025-11-25	virtualflybrain.org - GA4	kbw.virtualflybrain.org	page_view	3	3
2025-11-25	virtualflybrain.org - GA4	kbw.virtualflybrain.org	session_start	3	3
2025-11-25	virtualflybrain.org - GA4	kbw.virtualflybrain.org	user_engagement	1	1
2025-11-25	virtualflybrain.org - GA4	l1em.catmaid.virtualflybrain.org	page_view	1	1
2025-11-25	virtualflybrain.org - GA4	larval-app1.virtualflybrain.org	first_visit	2	2
2025-11-25	virtualflybrain.org - GA4	larval-app1.virtualflybrain.org	page_view	2	2
2025-11-25	virtualflybrain.org - GA4	larval-app1.virtualflybrain.org	session_start	2	2
2025-11-25	virtualflybrain.org - GA4	larval.virtualflybrain.org	first_visit	4	4
2025-11-25	virtualflybrain.org - GA4	larval.virtualflybrain.org	page_view	4	4
2025-11-25	virtualflybrain.org - GA4	larval.virtualflybrain.org	session_start	4	4
2025-11-25	virtualflybrain.org - GA4	mayo.inf.ed.ac.uk	first_visit	1	1
2025-11-25	virtualflybrain.org - GA4	mayo.inf.ed.ac.uk	page_view	1	1
2025-11-25	virtualflybrain.org - GA4	mayo.inf.ed.ac.uk	session_start	1	1
2025-11-25	virtualflybrain.org - GA4	mayo.inf.ed.ac.uk	user_engagement	1	1
2025-11-25	virtualflybrain.org - GA4	measure-apindev.virtualflybrain.org	first_visit	1	1
2025-11-25	virtualflybrain.org - GA4	measure-apindev.virtualflybrain.org	page_view	1	1
2025-11-25	virtualflybrain.org - GA4	measure-apindev.virtualflybrain.org	session_start	1	1
2025-11-25	virtualflybrain.org - GA4	measure-apindev.virtualflybrain.org	user_engagement	1	1
2025-11-25	virtualflybrain.org - GA4	meet.virtualflybrain.org	first_visit	3	3
2025-11-25	virtualflybrain.org - GA4	meet.virtualflybrain.org	page_view	3	3
2025-11-25	virtualflybrain.org - GA4	meet.virtualflybrain.org	session_start	3	3
2025-11-25	virtualflybrain.org - GA4	meet.virtualflybrain.org	user_engagement	1	1
2025-11-25	virtualflybrain.org - GA4	mysql.virtualflybrain.org	first_visit	2	2
2025-11-25	virtualflybrain.org - GA4	mysql.virtualflybrain.org	page_view	2	2
2025-11-25	virtualflybrain.org - GA4	mysql.virtualflybrain.org	session_start	2	2
2025-11-25	virtualflybrain.org - GA4	natverse.virtualflybrain.org	first_visit	1	1
2025-11-25	virtualflybrain.org - GA4	natverse.virtualflybrain.org	page_view	1	1
2025-11-25	virtualflybrain.org - GA4	natverse.virtualflybrain.org	session_start	1	1
2025-11-25	virtualflybrain.org - GA4	natverse2.virtualflybrain.org	first_visit	2	2
2025-11-25	virtualflybrain.org - GA4	natverse2.virtualflybrain.org	page_view	2	2
2025-11-25	virtualflybrain.org - GA4	natverse2.virtualflybrain.org	session_start	2	2
2025-11-25	virtualflybrain.org - GA4	natverse4.virtualflybrain.org	first_visit	2	2
2025-11-25	virtualflybrain.org - GA4	natverse4.virtualflybrain.org	page_view	2	2
2025-11-25	virtualflybrain.org - GA4	natverse4.virtualflybrain.org	session_start	2	2
2025-11-25	virtualflybrain.org - GA4	natverse5.virtualflybrain.org	first_visit	8	8
2025-11-25	virtualflybrain.org - GA4	natverse5.virtualflybrain.org	page_view	8	8
2025-11-25	virtualflybrain.org - GA4	natverse5.virtualflybrain.org	session_start	8	8
2025-11-25	virtualflybrain.org - GA4	natverse5.virtualflybrain.org	user_engagement	3	3
2025-11-25	virtualflybrain.org - GA4	nblast.virtualflybrain.org	first_visit	43	43
2025-11-25	virtualflybrain.org - GA4	nblast.virtualflybrain.org	page_view	43	43
2025-11-25	virtualflybrain.org - GA4	nblast.virtualflybrain.org	session_start	43	43
2025-11-25	virtualflybrain.org - GA4	nblast.virtualflybrain.org	user_engagement	25	25
2025-11-25	virtualflybrain.org - GA4	olivierdemeulenaere.virtualflybrain.org	first_visit	1	1
2025-11-25	virtualflybrain.org - GA4	olivierdemeulenaere.virtualflybrain.org	page_view	1	1
2025-11-25	virtualflybrain.org - GA4	olivierdemeulenaere.virtualflybrain.org	session_start	1	1
2025-11-25	virtualflybrain.org - GA4	owl-dev.virtualflybrain.org	first_visit	2	2
2025-11-25	virtualflybrain.org - GA4	owl-dev.virtualflybrain.org	page_view	2	2
2025-11-25	virtualflybrain.org - GA4	owl-dev.virtualflybrain.org	session_start	2	2
2025-11-25	virtualflybrain.org - GA4	owl.virtualflybrain.org	first_visit	3	3
2025-11-25	virtualflybrain.org - GA4	owl.virtualflybrain.org	page_view	3	3
2025-11-25	virtualflybrain.org - GA4	owl.virtualflybrain.org	session_start	3	3
2025-11-25	virtualflybrain.org - GA4	owl.virtualflybrain.org	user_engagement	1	1
2025-11-25	virtualflybrain.org - GA4	p2.virtualflybrain.org	first_visit	1	1
2025-11-25	virtualflybrain.org - GA4	p2.virtualflybrain.org	page_view	1	1
2025-11-25	virtualflybrain.org - GA4	p2.virtualflybrain.org	session_start	1	1
2025-11-25	virtualflybrain.org - GA4	pdb.u3.virtualflybrain.org	first_visit	2	2
2025-11-25	virtualflybrain.org - GA4	pdb.u3.virtualflybrain.org	page_view	2	2
2025-11-25	virtualflybrain.org - GA4	pdb.u3.virtualflybrain.org	session_start	2	2
2025-11-25	virtualflybrain.org - GA4	pgadmin.virtualflybrain.org	first_visit	2	2
2025-11-25	virtualflybrain.org - GA4	pgadmin.virtualflybrain.org	page_view	2	2
2025-11-25	virtualflybrain.org - GA4	pgadmin.virtualflybrain.org	session_start	2	2
2025-11-25	virtualflybrain.org - GA4	r.virtualflybrain.org	first_visit	2	2
2025-11-25	virtualflybrain.org - GA4	r.virtualflybrain.org	page_view	2	2
2025-11-25	virtualflybrain.org - GA4	r.virtualflybrain.org	session_start	2	2
2025-11-25	virtualflybrain.org - GA4	rancher.virtualflybrain.org	first_visit	1	1
2025-11-25	virtualflybrain.org - GA4	rancher.virtualflybrain.org	page_view	1	1
2025-11-25	virtualflybrain.org - GA4	rancher.virtualflybrain.org	session_start	1	1
2025-11-25	virtualflybrain.org - GA4	raw.larval.flylight.virtualflybrain.org	first_visit	2	2
2025-11-25	virtualflybrain.org - GA4	raw.larval.flylight.virtualflybrain.org	page_view	4	3
2025-11-25	virtualflybrain.org - GA4	raw.larval.flylight.virtualflybrain.org	session_start	5	3
2025-11-25	virtualflybrain.org - GA4	raw.larval.flylight.virtualflybrain.org	user_engagement	1	1
2025-11-25	virtualflybrain.org - GA4	rstudio.virtualflybrain.org	first_visit	2	2
2025-11-25	virtualflybrain.org - GA4	rstudio.virtualflybrain.org	page_view	2	2
2025-11-25	virtualflybrain.org - GA4	rstudio.virtualflybrain.org	session_start	2	2
2025-11-25	virtualflybrain.org - GA4	sandbox-admin-game.virtualflybrain.org	first_visit	1	1
2025-11-25	virtualflybrain.org - GA4	sandbox-admin-game.virtualflybrain.org	page_view	1	1
2025-11-25	virtualflybrain.org - GA4	sandbox-admin-game.virtualflybrain.org	session_start	1	1
2025-11-25	virtualflybrain.org - GA4	sandbox-admin-game.virtualflybrain.org	user_engagement	1	1
2025-11-25	virtualflybrain.org - GA4	sb.virtualflybrain.org	first_visit	2	2
2025-11-25	virtualflybrain.org - GA4	sb.virtualflybrain.org	page_view	2	2
2025-11-25	virtualflybrain.org - GA4	sb.virtualflybrain.org	session_start	2	2
2025-11-25	virtualflybrain.org - GA4	sb1.virtualflybrain.org	first_visit	2	2
2025-11-25	virtualflybrain.org - GA4	sb1.virtualflybrain.org	page_view	2	2
2025-11-25	virtualflybrain.org - GA4	sb1.virtualflybrain.org	session_start	2	2
2025-11-25	virtualflybrain.org - GA4	sb2.virtualflybrain.org	first_visit	2	2
2025-11-25	virtualflybrain.org - GA4	sb2.virtualflybrain.org	page_view	2	2
2025-11-25	virtualflybrain.org - GA4	sb2.virtualflybrain.org	session_start	2	2
2025-11-25	virtualflybrain.org - GA4	solr-alpha.virtualflybrain.org	first_visit	3	3
2025-11-25	virtualflybrain.org - GA4	solr-alpha.virtualflybrain.org	page_view	3	3
2025-11-25	virtualflybrain.org - GA4	solr-alpha.virtualflybrain.org	session_start	3	3
2025-11-25	virtualflybrain.org - GA4	solr-dev.virtualflybrain.org	first_visit	2	2
2025-11-25	virtualflybrain.org - GA4	solr-dev.virtualflybrain.org	page_view	2	2
2025-11-25	virtualflybrain.org - GA4	solr-dev.virtualflybrain.org	session_start	2	2
2025-11-25	virtualflybrain.org - GA4	solr.p2.virtualflybrain.org	first_visit	2	2
2025-11-25	virtualflybrain.org - GA4	solr.p2.virtualflybrain.org	page_view	2	2
2025-11-25	virtualflybrain.org - GA4	solr.p2.virtualflybrain.org	session_start	2	2
2025-11-25	virtualflybrain.org - GA4	solr.virtualflybrain.org	first_visit	3	3
2025-11-25	virtualflybrain.org - GA4	solr.virtualflybrain.org	page_view	3	3
2025-11-25	virtualflybrain.org - GA4	solr.virtualflybrain.org	session_start	3	3
2025-11-25	virtualflybrain.org - GA4	test-abd1.5.catmaid.virtualflybrain.org	first_visit	2	2
2025-11-25	virtualflybrain.org - GA4	test-abd1.5.catmaid.virtualflybrain.org	page_view	2	2
2025-11-25	virtualflybrain.org - GA4	test-abd1.5.catmaid.virtualflybrain.org	session_start	2	2
2025-11-25	virtualflybrain.org - GA4	ubuntu.virtualflybrain.org	first_visit	1	1
2025-11-25	virtualflybrain.org - GA4	ubuntu.virtualflybrain.org	page_view	1	1
2025-11-25	virtualflybrain.org - GA4	ubuntu.virtualflybrain.org	session_start	1	1
2025-11-25	virtualflybrain.org - GA4	v1-5.virtualflybrain.org	first_visit	1	1
2025-11-25	virtualflybrain.org - GA4	v1-5.virtualflybrain.org	page_view	1	1
2025-11-25	virtualflybrain.org - GA4	v1-5.virtualflybrain.org	session_start	1	1
2025-11-25	virtualflybrain.org - GA4	v1.virtualflybrain.org	first_visit	2	2
2025-11-25	virtualflybrain.org - GA4	v1.virtualflybrain.org	page_view	2	2
2025-11-25	virtualflybrain.org - GA4	v1.virtualflybrain.org	session_start	2	2
2025-11-25	virtualflybrain.org - GA4	v2-debug.virtualflybrain.org	first_visit	2	2
2025-11-25	virtualflybrain.org - GA4	v2-debug.virtualflybrain.org	page_view	2	2
2025-11-25	virtualflybrain.org - GA4	v2-debug.virtualflybrain.org	session_start	2	2
2025-11-25	virtualflybrain.org - GA4	v2-dev.virtualflybrain.org	errorlog	4	2
2025-11-25	virtualflybrain.org - GA4	v2-dev.virtualflybrain.org	first_visit	2	2
2025-11-25	virtualflybrain.org - GA4	v2-dev.virtualflybrain.org	page_view	2	2
2025-11-25	virtualflybrain.org - GA4	v2-dev.virtualflybrain.org	request	2	2
2025-11-25	virtualflybrain.org - GA4	v2-dev.virtualflybrain.org	session_start	2	2
2025-11-25	virtualflybrain.org - GA4	v2-dev2.virtualflybrain.org	first_visit	1	1
2025-11-25	virtualflybrain.org - GA4	v2-dev2.virtualflybrain.org	page_view	1	1
2025-11-25	virtualflybrain.org - GA4	v2-dev2.virtualflybrain.org	session_start	1	1
2025-11-25	virtualflybrain.org - GA4	v2-preview.virtualflybrain.org	first_visit	2	2
2025-11-25	virtualflybrain.org - GA4	v2-preview.virtualflybrain.org	page_view	2	2
2025-11-25	virtualflybrain.org - GA4	v2-preview.virtualflybrain.org	session_start	2	2
2025-11-25	virtualflybrain.org - GA4	v2.virtualflybrain.org	cancelled	4	3
2025-11-25	virtualflybrain.org - GA4	v2.virtualflybrain.org	disconnected	43	16
2025-11-25	virtualflybrain.org - GA4	v2.virtualflybrain.org	errorlog	630	48
2025-11-25	virtualflybrain.org - GA4	v2.virtualflybrain.org	first_visit	123	123
2025-11-25	virtualflybrain.org - GA4	v2.virtualflybrain.org	opening	8	3
2025-11-25	virtualflybrain.org - GA4	v2.virtualflybrain.org	page_view	352	160
2025-11-25	virtualflybrain.org - GA4	v2.virtualflybrain.org	reconnect-attempt:0	43	15
2025-11-25	virtualflybrain.org - GA4	v2.virtualflybrain.org	reconnect-attempt:1	1	1
2025-11-25	virtualflybrain.org - GA4	v2.virtualflybrain.org	request	657	56
2025-11-25	virtualflybrain.org - GA4	v2.virtualflybrain.org	session_start	231	144
2025-11-25	virtualflybrain.org - GA4	v2.virtualflybrain.org	user_engagement	79	57
2025-11-25	virtualflybrain.org - GA4	v2a.virtualflybrain.org	errorlog	2	1
2025-11-25	virtualflybrain.org - GA4	v2a.virtualflybrain.org	first_visit	2	2
2025-11-25	virtualflybrain.org - GA4	v2a.virtualflybrain.org	page_view	3	2
2025-11-25	virtualflybrain.org - GA4	v2a.virtualflybrain.org	request	1	1
2025-11-25	virtualflybrain.org - GA4	v2a.virtualflybrain.org	session_start	2	2
2025-11-25	virtualflybrain.org - GA4	virtualflybrain.org	first_visit	15	15
2025-11-25	virtualflybrain.org - GA4	virtualflybrain.org	page_view	41	17
2025-11-25	virtualflybrain.org - GA4	virtualflybrain.org	session_start	18	17
2025-11-25	virtualflybrain.org - GA4	virtualflybrain.org	user_engagement	29	6
2025-11-25	virtualflybrain.org - GA4	vnc.catmaid.virtualflybrain.org	first_visit	2	2
2025-11-25	virtualflybrain.org - GA4	vnc.catmaid.virtualflybrain.org	page_view	2	2
2025-11-25	virtualflybrain.org - GA4	vnc.catmaid.virtualflybrain.org	session_start	2	2
2025-11-25	virtualflybrain.org - GA4	webapi-withdrawal-service.preprod.virtualflybrain.org	first_visit	1	1
2025-11-25	virtualflybrain.org - GA4	webapi-withdrawal-service.preprod.virtualflybrain.org	page_view	1	1
2025-11-25	virtualflybrain.org - GA4	webapi-withdrawal-service.preprod.virtualflybrain.org	session_start	1	1
2025-11-25	virtualflybrain.org - GA4	webapi-withdrawal-service.preprod.virtualflybrain.org	user_engagement	1	1
2025-11-25	virtualflybrain.org - GA4	webtop.virtualflybrain.org	first_visit	2	2
2025-11-25	virtualflybrain.org - GA4	webtop.virtualflybrain.org	page_view	2	2
2025-11-25	virtualflybrain.org - GA4	webtop.virtualflybrain.org	session_start	2	2
2025-11-25	virtualflybrain.org - GA4	www.virtualflybrain.org	first_visit	1098	1093
2025-11-25	virtualflybrain.org - GA4	www.virtualflybrain.org	page_view	1130	1098
2025-11-25	virtualflybrain.org - GA4	www.virtualflybrain.org	session_start	1106	1100
2025-11-25	virtualflybrain.org - GA4	www.virtualflybrain.org	user_engagement	682	654
2025-11-26	virtualflybrain.org - GA4		page_view	1975	48
2025-11-26	virtualflybrain.org - GA4	129.215.197.101	first_visit	1	1
2025-11-26	virtualflybrain.org - GA4	129.215.197.101	page_view	1	1
2025-11-26	virtualflybrain.org - GA4	129.215.197.101	session_start	1	1
2025-11-26	virtualflybrain.org - GA4	129.215.197.110	first_visit	2	2
2025-11-26	virtualflybrain.org - GA4	129.215.197.110	page_view	2	2
2025-11-26	virtualflybrain.org - GA4	129.215.197.110	session_start	2	2
2025-11-26	virtualflybrain.org - GA4	129.215.197.120	first_visit	2	2
2025-11-26	virtualflybrain.org - GA4	129.215.197.120	page_view	2	2
2025-11-26	virtualflybrain.org - GA4	129.215.197.120	session_start	2	2
2025-11-26	virtualflybrain.org - GA4	129.215.197.143	user_engagement	1	1
2025-11-26	virtualflybrain.org - GA4	129.215.197.144	user_engagement	2	2
2025-11-26	virtualflybrain.org - GA4	981gwa2l.virtualflybrain.org	first_visit	2	2
2025-11-26	virtualflybrain.org - GA4	981gwa2l.virtualflybrain.org	page_view	2	2
2025-11-26	virtualflybrain.org - GA4	981gwa2l.virtualflybrain.org	session_start	2	2
2025-11-26	virtualflybrain.org - GA4	akamai-apigateway-warpcxml.virtualflybrain.org	first_visit	1	1
2025-11-26	virtualflybrain.org - GA4	akamai-apigateway-warpcxml.virtualflybrain.org	page_view	1	1
2025-11-26	virtualflybrain.org - GA4	akamai-apigateway-warpcxml.virtualflybrain.org	session_start	1	1
2025-11-26	virtualflybrain.org - GA4	akamai-apigateway-warpcxml.virtualflybrain.org	user_engagement	1	1
2025-11-26	virtualflybrain.org - GA4	api.ids.virtualflybrain.org	first_visit	2	2
2025-11-26	virtualflybrain.org - GA4	api.ids.virtualflybrain.org	page_view	2	2
2025-11-26	virtualflybrain.org - GA4	api.ids.virtualflybrain.org	session_start	2	2
2025-11-26	virtualflybrain.org - GA4	api.virtualflybrain.org	first_visit	2	2
2025-11-26	virtualflybrain.org - GA4	api.virtualflybrain.org	page_view	2	2
2025-11-26	virtualflybrain.org - GA4	api.virtualflybrain.org	session_start	2	2
2025-11-26	virtualflybrain.org - GA4	ba9dad907c1d.virtualflybrain.org	first_visit	1	1
2025-11-26	virtualflybrain.org - GA4	ba9dad907c1d.virtualflybrain.org	page_view	1	1
2025-11-26	virtualflybrain.org - GA4	ba9dad907c1d.virtualflybrain.org	session_start	1	1
2025-11-26	virtualflybrain.org - GA4	ba9dad907c1d.virtualflybrain.org	user_engagement	1	1
2025-11-26	virtualflybrain.org - GA4	backend.virtualflybrain.org	first_visit	2	2
2025-11-26	virtualflybrain.org - GA4	backend.virtualflybrain.org	page_view	2	2
2025-11-26	virtualflybrain.org - GA4	backend.virtualflybrain.org	session_start	2	2
2025-11-26	virtualflybrain.org - GA4	bahrain-pi.virtualflybrain.org	first_visit	1	1
2025-11-26	virtualflybrain.org - GA4	bahrain-pi.virtualflybrain.org	page_view	1	1
2025-11-26	virtualflybrain.org - GA4	bahrain-pi.virtualflybrain.org	session_start	1	1
2025-11-26	virtualflybrain.org - GA4	bell-apis-qa.virtualflybrain.org	first_visit	1	1
2025-11-26	virtualflybrain.org - GA4	bell-apis-qa.virtualflybrain.org	page_view	1	1
2025-11-26	virtualflybrain.org - GA4	bell-apis-qa.virtualflybrain.org	session_start	1	1
2025-11-26	virtualflybrain.org - GA4	bell-apis-qa.virtualflybrain.org	user_engagement	1	1
2025-11-26	virtualflybrain.org - GA4	blanik-jenkins.virtualflybrain.org	first_visit	2	2
2025-11-26	virtualflybrain.org - GA4	blanik-jenkins.virtualflybrain.org	page_view	2	2
2025-11-26	virtualflybrain.org - GA4	blanik-jenkins.virtualflybrain.org	session_start	2	2
2025-11-26	virtualflybrain.org - GA4	blog.virtualflybrain.org	first_visit	2	2
2025-11-26	virtualflybrain.org - GA4	blog.virtualflybrain.org	page_view	2	2
2025-11-26	virtualflybrain.org - GA4	blog.virtualflybrain.org	session_start	2	2
2025-11-26	virtualflybrain.org - GA4	blog.virtualflybrain.org	user_engagement	1	1
2025-11-26	virtualflybrain.org - GA4	bocian-jenkins.virtualflybrain.org	first_visit	2	2
2025-11-26	virtualflybrain.org - GA4	bocian-jenkins.virtualflybrain.org	page_view	2	2
2025-11-26	virtualflybrain.org - GA4	bocian-jenkins.virtualflybrain.org	session_start	2	2
2025-11-26	virtualflybrain.org - GA4	buttermilk.inf.ed.ac.uk	first_visit	7	7
2025-11-26	virtualflybrain.org - GA4	buttermilk.inf.ed.ac.uk	page_view	7	7
2025-11-26	virtualflybrain.org - GA4	buttermilk.inf.ed.ac.uk	session_start	7	7
2025-11-26	virtualflybrain.org - GA4	buttermilk.inf.ed.ac.uk	user_engagement	3	3
2025-11-26	virtualflybrain.org - GA4	catmaid-fafb.virtualflybrain.org	first_visit	1	1
2025-11-26	virtualflybrain.org - GA4	catmaid-fafb.virtualflybrain.org	page_view	1	1
2025-11-26	virtualflybrain.org - GA4	catmaid-fafb.virtualflybrain.org	session_start	1	1
2025-11-26	virtualflybrain.org - GA4	debug.virtualflybrain.org	first_visit	2	2
2025-11-26	virtualflybrain.org - GA4	debug.virtualflybrain.org	page_view	2	2
2025-11-26	virtualflybrain.org - GA4	debug.virtualflybrain.org	session_start	2	2
2025-11-26	virtualflybrain.org - GA4	dev.virtualflybrain.org	first_visit	2	2
2025-11-26	virtualflybrain.org - GA4	dev.virtualflybrain.org	page_view	2	2
2025-11-26	virtualflybrain.org - GA4	dev.virtualflybrain.org	session_start	2	2
2025-11-26	virtualflybrain.org - GA4	dill.inf.ed.ac.uk	first_visit	30	30
2025-11-26	virtualflybrain.org - GA4	dill.inf.ed.ac.uk	page_view	30	30
2025-11-26	virtualflybrain.org - GA4	dill.inf.ed.ac.uk	session_start	30	30
2025-11-26	virtualflybrain.org - GA4	dill.inf.ed.ac.uk	user_engagement	19	19
2025-11-26	virtualflybrain.org - GA4	grafana.virtualflybrain.org	first_visit	2	2
2025-11-26	virtualflybrain.org - GA4	grafana.virtualflybrain.org	page_view	2	2
2025-11-26	virtualflybrain.org - GA4	grafana.virtualflybrain.org	session_start	2	2
2025-11-26	virtualflybrain.org - GA4	hugo.virtualflybrain.org	first_visit	2	2
2025-11-26	virtualflybrain.org - GA4	hugo.virtualflybrain.org	page_view	2	2
2025-11-26	virtualflybrain.org - GA4	hugo.virtualflybrain.org	session_start	2	2
2025-11-26	virtualflybrain.org - GA4	iav-tnt-test.catmaid.virtualflybrain.org	first_visit	2	2
2025-11-26	virtualflybrain.org - GA4	iav-tnt-test.catmaid.virtualflybrain.org	page_view	2	2
2025-11-26	virtualflybrain.org - GA4	iav-tnt-test.catmaid.virtualflybrain.org	session_start	2	2
2025-11-26	virtualflybrain.org - GA4	ids.virtualflybrain.org	first_visit	2	2
2025-11-26	virtualflybrain.org - GA4	ids.virtualflybrain.org	page_view	2	2
2025-11-26	virtualflybrain.org - GA4	ids.virtualflybrain.org	session_start	2	2
2025-11-26	virtualflybrain.org - GA4	jupyter.virtualflybrain.org	first_visit	2	2
2025-11-26	virtualflybrain.org - GA4	jupyter.virtualflybrain.org	page_view	2	2
2025-11-26	virtualflybrain.org - GA4	jupyter.virtualflybrain.org	session_start	2	2
2025-11-26	virtualflybrain.org - GA4	jupyterhub.virtualflybrain.org	first_visit	1	1
2025-11-26	virtualflybrain.org - GA4	jupyterhub.virtualflybrain.org	page_view	1	1
2025-11-26	virtualflybrain.org - GA4	jupyterhub.virtualflybrain.org	session_start	1	1
2025-11-26	virtualflybrain.org - GA4	karenin-jenkins.virtualflybrain.org	first_visit	2	2
2025-11-26	virtualflybrain.org - GA4	karenin-jenkins.virtualflybrain.org	page_view	2	2
2025-11-26	virtualflybrain.org - GA4	karenin-jenkins.virtualflybrain.org	session_start	2	2
2025-11-26	virtualflybrain.org - GA4	kbw.virtualflybrain.org	first_visit	2	2
2025-11-26	virtualflybrain.org - GA4	kbw.virtualflybrain.org	page_view	2	2
2025-11-26	virtualflybrain.org - GA4	kbw.virtualflybrain.org	session_start	2	2
2025-11-26	virtualflybrain.org - GA4	larval-app1.virtualflybrain.org	first_visit	2	2
2025-11-26	virtualflybrain.org - GA4	larval-app1.virtualflybrain.org	page_view	2	2
2025-11-26	virtualflybrain.org - GA4	larval-app1.virtualflybrain.org	session_start	2	2
2025-11-26	virtualflybrain.org - GA4	larval.virtualflybrain.org	first_visit	3	3
2025-11-26	virtualflybrain.org - GA4	larval.virtualflybrain.org	page_view	3	3
2025-11-26	virtualflybrain.org - GA4	larval.virtualflybrain.org	session_start	3	3
2025-11-26	virtualflybrain.org - GA4	m.virtualflybrain.org	first_visit	1	1
2025-11-26	virtualflybrain.org - GA4	m.virtualflybrain.org	page_view	1	1
2025-11-26	virtualflybrain.org - GA4	m.virtualflybrain.org	session_start	1	1
2025-11-26	virtualflybrain.org - GA4	mayo.inf.ed.ac.uk	first_visit	1	1
2025-11-26	virtualflybrain.org - GA4	mayo.inf.ed.ac.uk	page_view	1	1
2025-11-26	virtualflybrain.org - GA4	mayo.inf.ed.ac.uk	session_start	1	1
2025-11-26	virtualflybrain.org - GA4	mayo.inf.ed.ac.uk	user_engagement	1	1
2025-11-26	virtualflybrain.org - GA4	measure-apindev.virtualflybrain.org	first_visit	1	1
2025-11-26	virtualflybrain.org - GA4	measure-apindev.virtualflybrain.org	page_view	1	1
2025-11-26	virtualflybrain.org - GA4	measure-apindev.virtualflybrain.org	session_start	1	1
2025-11-26	virtualflybrain.org - GA4	measure-apindev.virtualflybrain.org	user_engagement	1	1
2025-11-26	virtualflybrain.org - GA4	meet.virtualflybrain.org	first_visit	3	3
2025-11-26	virtualflybrain.org - GA4	meet.virtualflybrain.org	page_view	3	3
2025-11-26	virtualflybrain.org - GA4	meet.virtualflybrain.org	session_start	3	3
2025-11-26	virtualflybrain.org - GA4	mysql.virtualflybrain.org	first_visit	2	2
2025-11-26	virtualflybrain.org - GA4	mysql.virtualflybrain.org	page_view	2	2
2025-11-26	virtualflybrain.org - GA4	mysql.virtualflybrain.org	session_start	2	2
2025-11-26	virtualflybrain.org - GA4	natverse2.virtualflybrain.org	first_visit	2	2
2025-11-26	virtualflybrain.org - GA4	natverse2.virtualflybrain.org	page_view	2	2
2025-11-26	virtualflybrain.org - GA4	natverse2.virtualflybrain.org	session_start	2	2
2025-11-26	virtualflybrain.org - GA4	natverse4.virtualflybrain.org	first_visit	2	2
2025-11-26	virtualflybrain.org - GA4	natverse4.virtualflybrain.org	page_view	2	2
2025-11-26	virtualflybrain.org - GA4	natverse4.virtualflybrain.org	session_start	2	2
2025-11-26	virtualflybrain.org - GA4	natverse5.virtualflybrain.org	first_visit	12	12
2025-11-26	virtualflybrain.org - GA4	natverse5.virtualflybrain.org	page_view	12	12
2025-11-26	virtualflybrain.org - GA4	natverse5.virtualflybrain.org	session_start	12	12
2025-11-26	virtualflybrain.org - GA4	natverse5.virtualflybrain.org	user_engagement	6	6
2025-11-26	virtualflybrain.org - GA4	nblast.virtualflybrain.org	first_visit	56	56
2025-11-26	virtualflybrain.org - GA4	nblast.virtualflybrain.org	page_view	56	56
2025-11-26	virtualflybrain.org - GA4	nblast.virtualflybrain.org	session_start	56	56
2025-11-26	virtualflybrain.org - GA4	nblast.virtualflybrain.org	user_engagement	40	40
2025-11-26	virtualflybrain.org - GA4	olivierdemeulenaere.virtualflybrain.org	first_visit	1	1
2025-11-26	virtualflybrain.org - GA4	olivierdemeulenaere.virtualflybrain.org	page_view	1	1
2025-11-26	virtualflybrain.org - GA4	olivierdemeulenaere.virtualflybrain.org	session_start	1	1
2025-11-26	virtualflybrain.org - GA4	owl-dev.virtualflybrain.org	first_visit	2	2
2025-11-26	virtualflybrain.org - GA4	owl-dev.virtualflybrain.org	page_view	2	2
2025-11-26	virtualflybrain.org - GA4	owl-dev.virtualflybrain.org	session_start	2	2
2025-11-26	virtualflybrain.org - GA4	owl.virtualflybrain.org	first_visit	3	3
2025-11-26	virtualflybrain.org - GA4	owl.virtualflybrain.org	page_view	3	3
2025-11-26	virtualflybrain.org - GA4	owl.virtualflybrain.org	session_start	3	3
2025-11-26	virtualflybrain.org - GA4	p2.virtualflybrain.org	first_visit	2	2
2025-11-26	virtualflybrain.org - GA4	p2.virtualflybrain.org	page_view	2	2
2025-11-26	virtualflybrain.org - GA4	p2.virtualflybrain.org	session_start	2	2
2025-11-26	virtualflybrain.org - GA4	pdb.u3.virtualflybrain.org	first_visit	2	2
2025-11-26	virtualflybrain.org - GA4	pdb.u3.virtualflybrain.org	page_view	2	2
2025-11-26	virtualflybrain.org - GA4	pdb.u3.virtualflybrain.org	session_start	2	2
2025-11-26	virtualflybrain.org - GA4	pgadmin.virtualflybrain.org	first_visit	2	2
2025-11-26	virtualflybrain.org - GA4	pgadmin.virtualflybrain.org	page_view	2	2
2025-11-26	virtualflybrain.org - GA4	pgadmin.virtualflybrain.org	session_start	2	2
2025-11-26	virtualflybrain.org - GA4	r.virtualflybrain.org	first_visit	2	2
2025-11-26	virtualflybrain.org - GA4	r.virtualflybrain.org	page_view	2	2
2025-11-26	virtualflybrain.org - GA4	r.virtualflybrain.org	session_start	2	2
2025-11-26	virtualflybrain.org - GA4	rancher.virtualflybrain.org	first_visit	1	1
2025-11-26	virtualflybrain.org - GA4	rancher.virtualflybrain.org	page_view	1	1
2025-11-26	virtualflybrain.org - GA4	rancher.virtualflybrain.org	session_start	1	1
2025-11-26	virtualflybrain.org - GA4	raw.larval.flylight.virtualflybrain.org	first_visit	2	2
2025-11-26	virtualflybrain.org - GA4	raw.larval.flylight.virtualflybrain.org	page_view	8	3
2025-11-26	virtualflybrain.org - GA4	raw.larval.flylight.virtualflybrain.org	session_start	4	3
2025-11-26	virtualflybrain.org - GA4	raw.larval.flylight.virtualflybrain.org	user_engagement	3	1
2025-11-26	virtualflybrain.org - GA4	rstudio.virtualflybrain.org	first_visit	1	1
2025-11-26	virtualflybrain.org - GA4	rstudio.virtualflybrain.org	page_view	1	1
2025-11-26	virtualflybrain.org - GA4	rstudio.virtualflybrain.org	session_start	1	1
2025-11-26	virtualflybrain.org - GA4	sandbox-admin-game.virtualflybrain.org	first_visit	1	1
2025-11-26	virtualflybrain.org - GA4	sandbox-admin-game.virtualflybrain.org	page_view	1	1
2025-11-26	virtualflybrain.org - GA4	sandbox-admin-game.virtualflybrain.org	session_start	1	1
2025-11-26	virtualflybrain.org - GA4	sandbox-admin-game.virtualflybrain.org	user_engagement	1	1
2025-11-26	virtualflybrain.org - GA4	sb.virtualflybrain.org	first_visit	1	1
2025-11-26	virtualflybrain.org - GA4	sb.virtualflybrain.org	page_view	1	1
2025-11-26	virtualflybrain.org - GA4	sb.virtualflybrain.org	session_start	1	1
2025-11-26	virtualflybrain.org - GA4	sb1.virtualflybrain.org	first_visit	2	2
2025-11-26	virtualflybrain.org - GA4	sb1.virtualflybrain.org	page_view	2	2
2025-11-26	virtualflybrain.org - GA4	sb1.virtualflybrain.org	session_start	2	2
2025-11-26	virtualflybrain.org - GA4	sb2.virtualflybrain.org	first_visit	2	2
2025-11-26	virtualflybrain.org - GA4	sb2.virtualflybrain.org	page_view	2	2
2025-11-26	virtualflybrain.org - GA4	sb2.virtualflybrain.org	session_start	2	2
2025-11-26	virtualflybrain.org - GA4	solr-alpha.virtualflybrain.org	first_visit	2	2
2025-11-26	virtualflybrain.org - GA4	solr-alpha.virtualflybrain.org	page_view	2	2
2025-11-26	virtualflybrain.org - GA4	solr-alpha.virtualflybrain.org	session_start	2	2
2025-11-26	virtualflybrain.org - GA4	solr-dev.virtualflybrain.org	first_visit	2	2
2025-11-26	virtualflybrain.org - GA4	solr-dev.virtualflybrain.org	page_view	2	2
2025-11-26	virtualflybrain.org - GA4	solr-dev.virtualflybrain.org	session_start	2	2
2025-11-26	virtualflybrain.org - GA4	solr.p2.virtualflybrain.org	first_visit	1	1
2025-11-26	virtualflybrain.org - GA4	solr.p2.virtualflybrain.org	page_view	1	1
2025-11-26	virtualflybrain.org - GA4	solr.p2.virtualflybrain.org	session_start	1	1
2025-11-26	virtualflybrain.org - GA4	solr.virtualflybrain.org	first_visit	1	1
2025-11-26	virtualflybrain.org - GA4	solr.virtualflybrain.org	page_view	1	1
2025-11-26	virtualflybrain.org - GA4	solr.virtualflybrain.org	session_start	1	1
2025-11-26	virtualflybrain.org - GA4	test-abd1.5.catmaid.virtualflybrain.org	first_visit	2	2
2025-11-26	virtualflybrain.org - GA4	test-abd1.5.catmaid.virtualflybrain.org	page_view	2	2
2025-11-26	virtualflybrain.org - GA4	test-abd1.5.catmaid.virtualflybrain.org	session_start	2	2
2025-11-26	virtualflybrain.org - GA4	v1-5.virtualflybrain.org	first_visit	2	2
2025-11-26	virtualflybrain.org - GA4	v1-5.virtualflybrain.org	page_view	2	2
2025-11-26	virtualflybrain.org - GA4	v1-5.virtualflybrain.org	session_start	2	2
2025-11-26	virtualflybrain.org - GA4	v1.virtualflybrain.org	first_visit	2	2
2025-11-26	virtualflybrain.org - GA4	v1.virtualflybrain.org	page_view	2	2
2025-11-26	virtualflybrain.org - GA4	v1.virtualflybrain.org	session_start	2	2
2025-11-26	virtualflybrain.org - GA4	v2-debug.virtualflybrain.org	first_visit	2	2
2025-11-26	virtualflybrain.org - GA4	v2-debug.virtualflybrain.org	page_view	2	2
2025-11-26	virtualflybrain.org - GA4	v2-debug.virtualflybrain.org	session_start	2	2
2025-11-26	virtualflybrain.org - GA4	v2-dev.virtualflybrain.org	first_visit	2	2
2025-11-26	virtualflybrain.org - GA4	v2-dev.virtualflybrain.org	page_view	2	2
2025-11-26	virtualflybrain.org - GA4	v2-dev.virtualflybrain.org	request	1	1
2025-11-26	virtualflybrain.org - GA4	v2-dev.virtualflybrain.org	session_start	2	2
2025-11-26	virtualflybrain.org - GA4	v2-dev2.virtualflybrain.org	first_visit	2	2
2025-11-26	virtualflybrain.org - GA4	v2-dev2.virtualflybrain.org	page_view	2	2
2025-11-26	virtualflybrain.org - GA4	v2-dev2.virtualflybrain.org	session_start	2	2
2025-11-26	virtualflybrain.org - GA4	v2-preview.virtualflybrain.org	first_visit	2	2
2025-11-26	virtualflybrain.org - GA4	v2-preview.virtualflybrain.org	page_view	2	2
2025-11-26	virtualflybrain.org - GA4	v2-preview.virtualflybrain.org	session_start	2	2
2025-11-26	virtualflybrain.org - GA4	v2.virtualflybrain.org	cancelled	6	4
2025-11-26	virtualflybrain.org - GA4	v2.virtualflybrain.org	disconnected	24	10
2025-11-26	virtualflybrain.org - GA4	v2.virtualflybrain.org	errorlog	716	48
2025-11-26	virtualflybrain.org - GA4	v2.virtualflybrain.org	first_visit	148	148
2025-11-26	virtualflybrain.org - GA4	v2.virtualflybrain.org	opening	10	7
2025-11-26	virtualflybrain.org - GA4	v2.virtualflybrain.org	page_view	357	187
2025-11-26	virtualflybrain.org - GA4	v2.virtualflybrain.org	reconnect-attempt:0	24	10
2025-11-26	virtualflybrain.org - GA4	v2.virtualflybrain.org	request	774	54
2025-11-26	virtualflybrain.org - GA4	v2.virtualflybrain.org	session_start	279	173
2025-11-26	virtualflybrain.org - GA4	v2.virtualflybrain.org	user_engagement	95	69
2025-11-26	virtualflybrain.org - GA4	v2a.virtualflybrain.org	errorlog	2	1
2025-11-26	virtualflybrain.org - GA4	v2a.virtualflybrain.org	first_visit	2	2
2025-11-26	virtualflybrain.org - GA4	v2a.virtualflybrain.org	page_view	2	2
2025-11-26	virtualflybrain.org - GA4	v2a.virtualflybrain.org	request	2	2
2025-11-26	virtualflybrain.org - GA4	v2a.virtualflybrain.org	session_start	2	2
2025-11-26	virtualflybrain.org - GA4	virtualflybrain.org	first_visit	13	13
2025-11-26	virtualflybrain.org - GA4	virtualflybrain.org	page_view	18	15
2025-11-26	virtualflybrain.org - GA4	virtualflybrain.org	session_start	16	16
2025-11-26	virtualflybrain.org - GA4	virtualflybrain.org	user_engagement	11	8
2025-11-26	virtualflybrain.org - GA4	vnc.catmaid.virtualflybrain.org	first_visit	2	2
2025-11-26	virtualflybrain.org - GA4	vnc.catmaid.virtualflybrain.org	page_view	2	2
2025-11-26	virtualflybrain.org - GA4	vnc.catmaid.virtualflybrain.org	session_start	2	2
2025-11-26	virtualflybrain.org - GA4	webapi-withdrawal-service.preprod.virtualflybrain.org	first_visit	1	1
2025-11-26	virtualflybrain.org - GA4	webapi-withdrawal-service.preprod.virtualflybrain.org	page_view	1	1
2025-11-26	virtualflybrain.org - GA4	webapi-withdrawal-service.preprod.virtualflybrain.org	session_start	1	1
2025-11-26	virtualflybrain.org - GA4	webtop.virtualflybrain.org	first_visit	2	2
2025-11-26	virtualflybrain.org - GA4	webtop.virtualflybrain.org	page_view	2	2
2025-11-26	virtualflybrain.org - GA4	webtop.virtualflybrain.org	session_start	2	2
2025-11-26	virtualflybrain.org - GA4	www-virtualflybrain-org.translate.goog	first_visit	1	1
2025-11-26	virtualflybrain.org - GA4	www-virtualflybrain-org.translate.goog	page_view	1	1
2025-11-26	virtualflybrain.org - GA4	www-virtualflybrain-org.translate.goog	session_start	1	1
2025-11-26	virtualflybrain.org - GA4	www.virtualflybrain.org	first_visit	511	508
2025-11-26	virtualflybrain.org - GA4	www.virtualflybrain.org	page_view	550	519
2025-11-26	virtualflybrain.org - GA4	www.virtualflybrain.org	session_start	525	520
2025-11-26	virtualflybrain.org - GA4	www.virtualflybrain.org	user_engagement	329	300
2025-11-27	virtualflybrain.org - GA4		page_view	1034	25
2025-11-27	virtualflybrain.org - GA4	129.215.197.144	first_visit	1	1
2025-11-27	virtualflybrain.org - GA4	129.215.197.144	page_view	1	1
2025-11-27	virtualflybrain.org - GA4	129.215.197.144	session_start	1	1
2025-11-27	virtualflybrain.org - GA4	129.215.197.147	first_visit	1	1
2025-11-27	virtualflybrain.org - GA4	129.215.197.147	page_view	1	1
2025-11-27	virtualflybrain.org - GA4	129.215.197.147	session_start	1	1
2025-11-27	virtualflybrain.org - GA4	akamai-apigateway-warpcxml.virtualflybrain.org	first_visit	2	2
2025-11-27	virtualflybrain.org - GA4	akamai-apigateway-warpcxml.virtualflybrain.org	page_view	2	2
2025-11-27	virtualflybrain.org - GA4	akamai-apigateway-warpcxml.virtualflybrain.org	session_start	2	2
2025-11-27	virtualflybrain.org - GA4	akamai-apigateway-warpcxml.virtualflybrain.org	user_engagement	2	2
2025-11-27	virtualflybrain.org - GA4	ba9dad907c1d.virtualflybrain.org	first_visit	1	1
2025-11-27	virtualflybrain.org - GA4	ba9dad907c1d.virtualflybrain.org	page_view	1	1
2025-11-27	virtualflybrain.org - GA4	ba9dad907c1d.virtualflybrain.org	session_start	1	1
2025-11-27	virtualflybrain.org - GA4	ba9dad907c1d.virtualflybrain.org	user_engagement	1	1
2025-11-27	virtualflybrain.org - GA4	bahrain-pi.virtualflybrain.org	first_visit	1	1
2025-11-27	virtualflybrain.org - GA4	bahrain-pi.virtualflybrain.org	page_view	1	1
2025-11-27	virtualflybrain.org - GA4	bahrain-pi.virtualflybrain.org	session_start	1	1
2025-11-27	virtualflybrain.org - GA4	bahrain-pi.virtualflybrain.org	user_engagement	1	1
2025-11-27	virtualflybrain.org - GA4	bell-apis-qa.virtualflybrain.org	first_visit	1	1
2025-11-27	virtualflybrain.org - GA4	bell-apis-qa.virtualflybrain.org	page_view	1	1
2025-11-27	virtualflybrain.org - GA4	bell-apis-qa.virtualflybrain.org	session_start	1	1
2025-11-27	virtualflybrain.org - GA4	buttermilk.inf.ed.ac.uk	first_visit	2	2
2025-11-27	virtualflybrain.org - GA4	buttermilk.inf.ed.ac.uk	page_view	2	2
2025-11-27	virtualflybrain.org - GA4	buttermilk.inf.ed.ac.uk	session_start	2	2
2025-11-27	virtualflybrain.org - GA4	buttermilk.inf.ed.ac.uk	user_engagement	2	2
2025-11-27	virtualflybrain.org - GA4	dill.inf.ed.ac.uk	first_visit	10	10
2025-11-27	virtualflybrain.org - GA4	dill.inf.ed.ac.uk	page_view	10	10
2025-11-27	virtualflybrain.org - GA4	dill.inf.ed.ac.uk	session_start	10	10
2025-11-27	virtualflybrain.org - GA4	dill.inf.ed.ac.uk	user_engagement	6	6
2025-11-27	virtualflybrain.org - GA4	flybrain.inf.ed.ac.uk	first_visit	1	1
2025-11-27	virtualflybrain.org - GA4	flybrain.inf.ed.ac.uk	page_view	1	1
2025-11-27	virtualflybrain.org - GA4	flybrain.inf.ed.ac.uk	session_start	1	1
2025-11-27	virtualflybrain.org - GA4	flybrain.inf.ed.ac.uk	user_engagement	1	1
2025-11-27	virtualflybrain.org - GA4	measure-apindev.virtualflybrain.org	first_visit	1	1
2025-11-27	virtualflybrain.org - GA4	measure-apindev.virtualflybrain.org	page_view	1	1
2025-11-27	virtualflybrain.org - GA4	measure-apindev.virtualflybrain.org	session_start	1	1
2025-11-27	virtualflybrain.org - GA4	measure-apindev.virtualflybrain.org	user_engagement	1	1
2025-11-27	virtualflybrain.org - GA4	natverse5.virtualflybrain.org	first_visit	13	13
2025-11-27	virtualflybrain.org - GA4	natverse5.virtualflybrain.org	page_view	13	13
2025-11-27	virtualflybrain.org - GA4	natverse5.virtualflybrain.org	session_start	13	13
2025-11-27	virtualflybrain.org - GA4	natverse5.virtualflybrain.org	user_engagement	10	10
2025-11-27	virtualflybrain.org - GA4	nblast.virtualflybrain.org	first_visit	21	21
2025-11-27	virtualflybrain.org - GA4	nblast.virtualflybrain.org	page_view	21	21
2025-11-27	virtualflybrain.org - GA4	nblast.virtualflybrain.org	session_start	21	21
2025-11-27	virtualflybrain.org - GA4	nblast.virtualflybrain.org	user_engagement	18	18
2025-11-27	virtualflybrain.org - GA4	olivierdemeulenaere.virtualflybrain.org	first_visit	1	1
2025-11-27	virtualflybrain.org - GA4	olivierdemeulenaere.virtualflybrain.org	page_view	1	1
2025-11-27	virtualflybrain.org - GA4	olivierdemeulenaere.virtualflybrain.org	session_start	1	1
2025-11-27	virtualflybrain.org - GA4	olivierdemeulenaere.virtualflybrain.org	user_engagement	1	1
2025-11-27	virtualflybrain.org - GA4	owl.virtualflybrain.org	first_visit	2	2
2025-11-27	virtualflybrain.org - GA4	owl.virtualflybrain.org	page_view	2	2
2025-11-27	virtualflybrain.org - GA4	owl.virtualflybrain.org	session_start	2	2
2025-11-27	virtualflybrain.org - GA4	owl.virtualflybrain.org	user_engagement	2	2
2025-11-27	virtualflybrain.org - GA4	raw.larval.flylight.virtualflybrain.org	page_view	5	1
2025-11-27	virtualflybrain.org - GA4	raw.larval.flylight.virtualflybrain.org	session_start	3	1
2025-11-27	virtualflybrain.org - GA4	raw.larval.flylight.virtualflybrain.org	user_engagement	1	1
2025-11-27	virtualflybrain.org - GA4	sandbox-admin-game.virtualflybrain.org	first_visit	1	1
2025-11-27	virtualflybrain.org - GA4	sandbox-admin-game.virtualflybrain.org	page_view	1	1
2025-11-27	virtualflybrain.org - GA4	sandbox-admin-game.virtualflybrain.org	session_start	1	1
2025-11-27	virtualflybrain.org - GA4	v2.virtualflybrain.org	cancelled	6	1
2025-11-27	virtualflybrain.org - GA4	v2.virtualflybrain.org	disconnected	20	10
2025-11-27	virtualflybrain.org - GA4	v2.virtualflybrain.org	errorlog	879	24
2025-11-27	virtualflybrain.org - GA4	v2.virtualflybrain.org	first_visit	97	97
2025-11-27	virtualflybrain.org - GA4	v2.virtualflybrain.org	opening	1	1
2025-11-27	virtualflybrain.org - GA4	v2.virtualflybrain.org	page_view	237	119
2025-11-27	virtualflybrain.org - GA4	v2.virtualflybrain.org	reconnect-attempt:0	20	10
2025-11-27	virtualflybrain.org - GA4	v2.virtualflybrain.org	request	443	31
2025-11-27	virtualflybrain.org - GA4	v2.virtualflybrain.org	session_start	195	112
2025-11-27	virtualflybrain.org - GA4	v2.virtualflybrain.org	user_engagement	42	31
2025-11-27	virtualflybrain.org - GA4	v2a.virtualflybrain.org	disconnected	1	1
2025-11-27	virtualflybrain.org - GA4	v2a.virtualflybrain.org	errorlog	60	1
2025-11-27	virtualflybrain.org - GA4	v2a.virtualflybrain.org	page_view	22	2
2025-11-27	virtualflybrain.org - GA4	v2a.virtualflybrain.org	reconnect-attempt:0	1	1
2025-11-27	virtualflybrain.org - GA4	v2a.virtualflybrain.org	request	20	1
2025-11-27	virtualflybrain.org - GA4	v2a.virtualflybrain.org	session_start	21	1
2025-11-27	virtualflybrain.org - GA4	v2a.virtualflybrain.org	user_engagement	6	1
2025-11-27	virtualflybrain.org - GA4	virtualflybrain.org	first_visit	13	13
2025-11-27	virtualflybrain.org - GA4	virtualflybrain.org	page_view	22	14
2025-11-27	virtualflybrain.org - GA4	virtualflybrain.org	session_start	16	14
2025-11-27	virtualflybrain.org - GA4	virtualflybrain.org	user_engagement	13	8
2025-11-27	virtualflybrain.org - GA4	webapi-withdrawal-service.preprod.virtualflybrain.org	first_visit	1	1
2025-11-27	virtualflybrain.org - GA4	webapi-withdrawal-service.preprod.virtualflybrain.org	page_view	1	1
2025-11-27	virtualflybrain.org - GA4	webapi-withdrawal-service.preprod.virtualflybrain.org	session_start	1	1
2025-11-27	virtualflybrain.org - GA4	webapi-withdrawal-service.preprod.virtualflybrain.org	user_engagement	1	1
2025-11-27	virtualflybrain.org - GA4	www.virtualflybrain.org	first_visit	348	348
2025-11-27	virtualflybrain.org - GA4	www.virtualflybrain.org	page_view	359	354
2025-11-27	virtualflybrain.org - GA4	www.virtualflybrain.org	session_start	352	352
2025-11-27	virtualflybrain.org - GA4	www.virtualflybrain.org	user_engagement	225	220
2025-11-28	virtualflybrain.org - GA4		page_view	1033	28
2025-11-28	virtualflybrain.org - GA4	129.215.197.101	first_visit	2	2
2025-11-28	virtualflybrain.org - GA4	129.215.197.101	page_view	2	2
2025-11-28	virtualflybrain.org - GA4	129.215.197.101	session_start	2	2
2025-11-28	virtualflybrain.org - GA4	129.215.197.110	first_visit	1	1
2025-11-28	virtualflybrain.org - GA4	129.215.197.110	page_view	1	1
2025-11-28	virtualflybrain.org - GA4	129.215.197.110	session_start	1	1
2025-11-28	virtualflybrain.org - GA4	129.215.197.110	user_engagement	1	1
2025-11-28	virtualflybrain.org - GA4	akamai-apigateway-warpcxml.virtualflybrain.org	first_visit	1	1
2025-11-28	virtualflybrain.org - GA4	akamai-apigateway-warpcxml.virtualflybrain.org	page_view	1	1
2025-11-28	virtualflybrain.org - GA4	akamai-apigateway-warpcxml.virtualflybrain.org	session_start	1	1
2025-11-28	virtualflybrain.org - GA4	akamai-apigateway-warpcxml.virtualflybrain.org	user_engagement	1	1
2025-11-28	virtualflybrain.org - GA4	ba9dad907c1d.virtualflybrain.org	first_visit	1	1
2025-11-28	virtualflybrain.org - GA4	ba9dad907c1d.virtualflybrain.org	page_view	1	1
2025-11-28	virtualflybrain.org - GA4	ba9dad907c1d.virtualflybrain.org	session_start	1	1
2025-11-28	virtualflybrain.org - GA4	ba9dad907c1d.virtualflybrain.org	user_engagement	1	1
2025-11-28	virtualflybrain.org - GA4	backend.virtualflybrain.org	first_visit	1	1
2025-11-28	virtualflybrain.org - GA4	backend.virtualflybrain.org	page_view	1	1
2025-11-28	virtualflybrain.org - GA4	backend.virtualflybrain.org	session_start	1	1
2025-11-28	virtualflybrain.org - GA4	bahrain-pi.virtualflybrain.org	first_visit	1	1
2025-11-28	virtualflybrain.org - GA4	bahrain-pi.virtualflybrain.org	page_view	1	1
2025-11-28	virtualflybrain.org - GA4	bahrain-pi.virtualflybrain.org	session_start	1	1
2025-11-28	virtualflybrain.org - GA4	bahrain-pi.virtualflybrain.org	user_engagement	1	1
2025-11-28	virtualflybrain.org - GA4	bell-apis-qa.virtualflybrain.org	first_visit	1	1
2025-11-28	virtualflybrain.org - GA4	bell-apis-qa.virtualflybrain.org	page_view	1	1
2025-11-28	virtualflybrain.org - GA4	bell-apis-qa.virtualflybrain.org	session_start	1	1
2025-11-28	virtualflybrain.org - GA4	bell-apis-qa.virtualflybrain.org	user_engagement	1	1
2025-11-28	virtualflybrain.org - GA4	buttermilk.inf.ed.ac.uk	first_visit	8	8
2025-11-28	virtualflybrain.org - GA4	buttermilk.inf.ed.ac.uk	page_view	8	8
2025-11-28	virtualflybrain.org - GA4	buttermilk.inf.ed.ac.uk	session_start	8	8
2025-11-28	virtualflybrain.org - GA4	buttermilk.inf.ed.ac.uk	user_engagement	7	7
2025-11-28	virtualflybrain.org - GA4	catmaid-fafb.virtualflybrain.org	first_visit	1	1
2025-11-28	virtualflybrain.org - GA4	catmaid-fafb.virtualflybrain.org	page_view	1	1
2025-11-28	virtualflybrain.org - GA4	catmaid-fafb.virtualflybrain.org	session_start	1	1
2025-11-28	virtualflybrain.org - GA4	dill.inf.ed.ac.uk	first_visit	14	14
2025-11-28	virtualflybrain.org - GA4	dill.inf.ed.ac.uk	page_view	14	14
2025-11-28	virtualflybrain.org - GA4	dill.inf.ed.ac.uk	session_start	14	14
2025-11-28	virtualflybrain.org - GA4	dill.inf.ed.ac.uk	user_engagement	8	8
2025-11-28	virtualflybrain.org - GA4	grafana.virtualflybrain.org	user_engagement	1	1
2025-11-28	virtualflybrain.org - GA4	mayo.inf.ed.ac.uk	first_visit	1	1
2025-11-28	virtualflybrain.org - GA4	mayo.inf.ed.ac.uk	page_view	1	1
2025-11-28	virtualflybrain.org - GA4	mayo.inf.ed.ac.uk	session_start	1	1
2025-11-28	virtualflybrain.org - GA4	mayo.inf.ed.ac.uk	user_engagement	1	1
2025-11-28	virtualflybrain.org - GA4	measure-apindev.virtualflybrain.org	first_visit	1	1
2025-11-28	virtualflybrain.org - GA4	measure-apindev.virtualflybrain.org	page_view	1	1
2025-11-28	virtualflybrain.org - GA4	measure-apindev.virtualflybrain.org	session_start	1	1
2025-11-28	virtualflybrain.org - GA4	measure-apindev.virtualflybrain.org	user_engagement	1	1
2025-11-28	virtualflybrain.org - GA4	natverse5.virtualflybrain.org	first_visit	12	12
2025-11-28	virtualflybrain.org - GA4	natverse5.virtualflybrain.org	page_view	12	12
2025-11-28	virtualflybrain.org - GA4	natverse5.virtualflybrain.org	session_start	12	12
2025-11-28	virtualflybrain.org - GA4	natverse5.virtualflybrain.org	user_engagement	6	6
2025-11-28	virtualflybrain.org - GA4	nblast.virtualflybrain.org	first_visit	21	21
2025-11-28	virtualflybrain.org - GA4	nblast.virtualflybrain.org	page_view	21	21
2025-11-28	virtualflybrain.org - GA4	nblast.virtualflybrain.org	session_start	21	21
2025-11-28	virtualflybrain.org - GA4	nblast.virtualflybrain.org	user_engagement	16	16
2025-11-28	virtualflybrain.org - GA4	olivierdemeulenaere.virtualflybrain.org	first_visit	1	1
2025-11-28	virtualflybrain.org - GA4	olivierdemeulenaere.virtualflybrain.org	page_view	1	1
2025-11-28	virtualflybrain.org - GA4	olivierdemeulenaere.virtualflybrain.org	session_start	1	1
2025-11-28	virtualflybrain.org - GA4	owl.virtualflybrain.org	first_visit	11	11
2025-11-28	virtualflybrain.org - GA4	owl.virtualflybrain.org	page_view	11	11
2025-11-28	virtualflybrain.org - GA4	owl.virtualflybrain.org	session_start	11	11
2025-11-28	virtualflybrain.org - GA4	owl.virtualflybrain.org	user_engagement	8	8
2025-11-28	virtualflybrain.org - GA4	raw.larval.flylight.virtualflybrain.org	page_view	3	1
2025-11-28	virtualflybrain.org - GA4	raw.larval.flylight.virtualflybrain.org	session_start	3	1
2025-11-28	virtualflybrain.org - GA4	raw.larval.flylight.virtualflybrain.org	user_engagement	1	1
2025-11-28	virtualflybrain.org - GA4	sandbox-admin-game.virtualflybrain.org	first_visit	1	1
2025-11-28	virtualflybrain.org - GA4	sandbox-admin-game.virtualflybrain.org	page_view	1	1
2025-11-28	virtualflybrain.org - GA4	sandbox-admin-game.virtualflybrain.org	session_start	1	1
2025-11-28	virtualflybrain.org - GA4	sandbox-admin-game.virtualflybrain.org	user_engagement	1	1
2025-11-28	virtualflybrain.org - GA4	solr.p2.virtualflybrain.org	first_visit	1	1
2025-11-28	virtualflybrain.org - GA4	solr.p2.virtualflybrain.org	page_view	1	1
2025-11-28	virtualflybrain.org - GA4	solr.p2.virtualflybrain.org	session_start	1	1
2025-11-28	virtualflybrain.org - GA4	v2.virtualflybrain.org	cancelled	1	1
2025-11-28	virtualflybrain.org - GA4	v2.virtualflybrain.org	disconnected	19	8
2025-11-28	virtualflybrain.org - GA4	v2.virtualflybrain.org	errorlog	471	27
2025-11-28	virtualflybrain.org - GA4	v2.virtualflybrain.org	first_visit	120	120
2025-11-28	virtualflybrain.org - GA4	v2.virtualflybrain.org	opening	2	2
2025-11-28	virtualflybrain.org - GA4	v2.virtualflybrain.org	page_view	301	141
2025-11-28	virtualflybrain.org - GA4	v2.virtualflybrain.org	reconnect-attempt:0	19	8
2025-11-28	virtualflybrain.org - GA4	v2.virtualflybrain.org	request	456	28
2025-11-28	virtualflybrain.org - GA4	v2.virtualflybrain.org	session_start	234	135
2025-11-28	virtualflybrain.org - GA4	v2.virtualflybrain.org	user_engagement	47	38
2025-11-28	virtualflybrain.org - GA4	v2a.virtualflybrain.org	errorlog	72	1
2025-11-28	virtualflybrain.org - GA4	v2a.virtualflybrain.org	page_view	24	1
2025-11-28	virtualflybrain.org - GA4	v2a.virtualflybrain.org	request	24	1
2025-11-28	virtualflybrain.org - GA4	v2a.virtualflybrain.org	session_start	24	1
2025-11-28	virtualflybrain.org - GA4	v2a.virtualflybrain.org	user_engagement	10	1
2025-11-28	virtualflybrain.org - GA4	virtualflybrain.org	first_visit	7	7
2025-11-28	virtualflybrain.org - GA4	virtualflybrain.org	page_view	7	7
2025-11-28	virtualflybrain.org - GA4	virtualflybrain.org	session_start	7	7
2025-11-28	virtualflybrain.org - GA4	virtualflybrain.org	user_engagement	4	4
2025-11-28	virtualflybrain.org - GA4	webapi-withdrawal-service.preprod.virtualflybrain.org	first_visit	1	1
2025-11-28	virtualflybrain.org - GA4	webapi-withdrawal-service.preprod.virtualflybrain.org	page_view	1	1
2025-11-28	virtualflybrain.org - GA4	webapi-withdrawal-service.preprod.virtualflybrain.org	session_start	1	1
2025-11-28	virtualflybrain.org - GA4	webapi-withdrawal-service.preprod.virtualflybrain.org	user_engagement	1	1
2025-11-28	virtualflybrain.org - GA4	www.virtualflybrain.org	first_visit	626	625
2025-11-28	virtualflybrain.org - GA4	www.virtualflybrain.org	page_view	666	630
2025-11-28	virtualflybrain.org - GA4	www.virtualflybrain.org	session_start	635	629
2025-11-28	virtualflybrain.org - GA4	www.virtualflybrain.org	user_engagement	289	258
2025-11-29	virtualflybrain.org - GA4		page_view	1071	25
2025-11-29	virtualflybrain.org - GA4	129.215.197.101	first_visit	1	1
2025-11-29	virtualflybrain.org - GA4	129.215.197.101	page_view	1	1
2025-11-29	virtualflybrain.org - GA4	129.215.197.101	session_start	1	1
2025-11-29	virtualflybrain.org - GA4	129.215.197.110	user_engagement	1	1
2025-11-29	virtualflybrain.org - GA4	129.215.197.120	first_visit	1	1
2025-11-29	virtualflybrain.org - GA4	129.215.197.120	page_view	1	1
2025-11-29	virtualflybrain.org - GA4	129.215.197.120	session_start	1	1
2025-11-29	virtualflybrain.org - GA4	129.215.197.143	first_visit	1	1
2025-11-29	virtualflybrain.org - GA4	129.215.197.143	page_view	1	1
2025-11-29	virtualflybrain.org - GA4	129.215.197.143	session_start	1	1
2025-11-29	virtualflybrain.org - GA4	akamai-apigateway-warpcxml.virtualflybrain.org	first_visit	1	1
2025-11-29	virtualflybrain.org - GA4	akamai-apigateway-warpcxml.virtualflybrain.org	page_view	1	1
2025-11-29	virtualflybrain.org - GA4	akamai-apigateway-warpcxml.virtualflybrain.org	session_start	1	1
2025-11-29	virtualflybrain.org - GA4	akamai-apigateway-warpcxml.virtualflybrain.org	user_engagement	1	1
2025-11-29	virtualflybrain.org - GA4	api.virtualflybrain.org	first_visit	1	1
2025-11-29	virtualflybrain.org - GA4	api.virtualflybrain.org	page_view	1	1
2025-11-29	virtualflybrain.org - GA4	api.virtualflybrain.org	session_start	1	1
2025-11-29	virtualflybrain.org - GA4	ba9dad907c1d.virtualflybrain.org	first_visit	1	1
2025-11-29	virtualflybrain.org - GA4	ba9dad907c1d.virtualflybrain.org	page_view	1	1
2025-11-29	virtualflybrain.org - GA4	ba9dad907c1d.virtualflybrain.org	session_start	1	1
2025-11-29	virtualflybrain.org - GA4	ba9dad907c1d.virtualflybrain.org	user_engagement	1	1
2025-11-29	virtualflybrain.org - GA4	bahrain-pi.virtualflybrain.org	first_visit	1	1
2025-11-29	virtualflybrain.org - GA4	bahrain-pi.virtualflybrain.org	page_view	1	1
2025-11-29	virtualflybrain.org - GA4	bahrain-pi.virtualflybrain.org	session_start	1	1
2025-11-29	virtualflybrain.org - GA4	bell-apis-qa.virtualflybrain.org	first_visit	1	1
2025-11-29	virtualflybrain.org - GA4	bell-apis-qa.virtualflybrain.org	page_view	1	1
2025-11-29	virtualflybrain.org - GA4	bell-apis-qa.virtualflybrain.org	session_start	1	1
2025-11-29	virtualflybrain.org - GA4	bocian-jenkins.virtualflybrain.org	first_visit	1	1
2025-11-29	virtualflybrain.org - GA4	bocian-jenkins.virtualflybrain.org	page_view	1	1
2025-11-29	virtualflybrain.org - GA4	bocian-jenkins.virtualflybrain.org	session_start	1	1
2025-11-29	virtualflybrain.org - GA4	buttermilk.inf.ed.ac.uk	first_visit	6	6
2025-11-29	virtualflybrain.org - GA4	buttermilk.inf.ed.ac.uk	page_view	6	6
2025-11-29	virtualflybrain.org - GA4	buttermilk.inf.ed.ac.uk	session_start	6	6
2025-11-29	virtualflybrain.org - GA4	buttermilk.inf.ed.ac.uk	user_engagement	4	4
2025-11-29	virtualflybrain.org - GA4	catmaid-fafb.virtualflybrain.org	first_visit	1	1
2025-11-29	virtualflybrain.org - GA4	catmaid-fafb.virtualflybrain.org	page_view	1	1
2025-11-29	virtualflybrain.org - GA4	catmaid-fafb.virtualflybrain.org	session_start	1	1
2025-11-29	virtualflybrain.org - GA4	catmaid-fafb.virtualflybrain.org	user_engagement	1	1
2025-11-29	virtualflybrain.org - GA4	dill.inf.ed.ac.uk	first_visit	8	8
2025-11-29	virtualflybrain.org - GA4	dill.inf.ed.ac.uk	page_view	8	8
2025-11-29	virtualflybrain.org - GA4	dill.inf.ed.ac.uk	session_start	8	8
2025-11-29	virtualflybrain.org - GA4	dill.inf.ed.ac.uk	user_engagement	7	7
2025-11-29	virtualflybrain.org - GA4	flybrain.inf.ed.ac.uk	first_visit	3	3
2025-11-29	virtualflybrain.org - GA4	flybrain.inf.ed.ac.uk	page_view	3	3
2025-11-29	virtualflybrain.org - GA4	flybrain.inf.ed.ac.uk	session_start	3	3
2025-11-29	virtualflybrain.org - GA4	flybrain.inf.ed.ac.uk	user_engagement	2	2
2025-11-29	virtualflybrain.org - GA4	grafana.virtualflybrain.org	first_visit	1	1
2025-11-29	virtualflybrain.org - GA4	grafana.virtualflybrain.org	page_view	1	1
2025-11-29	virtualflybrain.org - GA4	grafana.virtualflybrain.org	session_start	1	1
2025-11-29	virtualflybrain.org - GA4	grafana.virtualflybrain.org	user_engagement	1	1
2025-11-29	virtualflybrain.org - GA4	ids.virtualflybrain.org	first_visit	1	1
2025-11-29	virtualflybrain.org - GA4	ids.virtualflybrain.org	page_view	1	1
2025-11-29	virtualflybrain.org - GA4	ids.virtualflybrain.org	session_start	1	1
2025-11-29	virtualflybrain.org - GA4	jupyter.virtualflybrain.org	first_visit	1	1
2025-11-29	virtualflybrain.org - GA4	jupyter.virtualflybrain.org	page_view	1	1
2025-11-29	virtualflybrain.org - GA4	jupyter.virtualflybrain.org	session_start	1	1
2025-11-29	virtualflybrain.org - GA4	m.virtualflybrain.org	first_visit	1	1
2025-11-29	virtualflybrain.org - GA4	m.virtualflybrain.org	page_view	1	1
2025-11-29	virtualflybrain.org - GA4	m.virtualflybrain.org	session_start	1	1
2025-11-29	virtualflybrain.org - GA4	measure-apindev.virtualflybrain.org	first_visit	1	1
2025-11-29	virtualflybrain.org - GA4	measure-apindev.virtualflybrain.org	page_view	1	1
2025-11-29	virtualflybrain.org - GA4	measure-apindev.virtualflybrain.org	session_start	1	1
2025-11-29	virtualflybrain.org - GA4	natverse5.virtualflybrain.org	first_visit	8	8
2025-11-29	virtualflybrain.org - GA4	natverse5.virtualflybrain.org	page_view	8	8
2025-11-29	virtualflybrain.org - GA4	natverse5.virtualflybrain.org	session_start	8	8
2025-11-29	virtualflybrain.org - GA4	natverse5.virtualflybrain.org	user_engagement	5	5
2025-11-29	virtualflybrain.org - GA4	nblast.virtualflybrain.org	first_visit	37	37
2025-11-29	virtualflybrain.org - GA4	nblast.virtualflybrain.org	page_view	37	37
2025-11-29	virtualflybrain.org - GA4	nblast.virtualflybrain.org	session_start	37	37
2025-11-29	virtualflybrain.org - GA4	nblast.virtualflybrain.org	user_engagement	23	23
2025-11-29	virtualflybrain.org - GA4	olivierdemeulenaere.virtualflybrain.org	first_visit	1	1
2025-11-29	virtualflybrain.org - GA4	olivierdemeulenaere.virtualflybrain.org	page_view	1	1
2025-11-29	virtualflybrain.org - GA4	olivierdemeulenaere.virtualflybrain.org	session_start	1	1
2025-11-29	virtualflybrain.org - GA4	owl.virtualflybrain.org	first_visit	18	17
2025-11-29	virtualflybrain.org - GA4	owl.virtualflybrain.org	page_view	18	17
2025-11-29	virtualflybrain.org - GA4	owl.virtualflybrain.org	session_start	18	17
2025-11-29	virtualflybrain.org - GA4	owl.virtualflybrain.org	user_engagement	9	9
2025-11-29	virtualflybrain.org - GA4	pypi.org	page_view	1	1
2025-11-29	virtualflybrain.org - GA4	raw.larval.flylight.virtualflybrain.org	first_visit	7	7
2025-11-29	virtualflybrain.org - GA4	raw.larval.flylight.virtualflybrain.org	page_view	7	7
2025-11-29	virtualflybrain.org - GA4	raw.larval.flylight.virtualflybrain.org	session_start	7	7
2025-11-29	virtualflybrain.org - GA4	raw.larval.flylight.virtualflybrain.org	user_engagement	5	5
2025-11-29	virtualflybrain.org - GA4	sandbox-admin-game.virtualflybrain.org	first_visit	1	1
2025-11-29	virtualflybrain.org - GA4	sandbox-admin-game.virtualflybrain.org	page_view	1	1
2025-11-29	virtualflybrain.org - GA4	sandbox-admin-game.virtualflybrain.org	session_start	1	1
2025-11-29	virtualflybrain.org - GA4	v1-5.virtualflybrain.org	first_visit	1	1
2025-11-29	virtualflybrain.org - GA4	v1-5.virtualflybrain.org	page_view	1	1
2025-11-29	virtualflybrain.org - GA4	v1-5.virtualflybrain.org	session_start	1	1
2025-11-29	virtualflybrain.org - GA4	v1.virtualflybrain.org	first_visit	1	1
2025-11-29	virtualflybrain.org - GA4	v1.virtualflybrain.org	page_view	1	1
2025-11-29	virtualflybrain.org - GA4	v1.virtualflybrain.org	session_start	1	1
2025-11-29	virtualflybrain.org - GA4	v2-debug.virtualflybrain.org	first_visit	1	1
2025-11-29	virtualflybrain.org - GA4	v2-debug.virtualflybrain.org	page_view	1	1
2025-11-29	virtualflybrain.org - GA4	v2-debug.virtualflybrain.org	session_start	1	1
2025-11-29	virtualflybrain.org - GA4	v2.virtualflybrain.org	cancelled	4	3
2025-11-29	virtualflybrain.org - GA4	v2.virtualflybrain.org	disconnected	18	7
2025-11-29	virtualflybrain.org - GA4	v2.virtualflybrain.org	errorlog	499	24
2025-11-29	virtualflybrain.org - GA4	v2.virtualflybrain.org	first_visit	141	141
2025-11-29	virtualflybrain.org - GA4	v2.virtualflybrain.org	opening	7	2
2025-11-29	virtualflybrain.org - GA4	v2.virtualflybrain.org	page_view	272	161
2025-11-29	virtualflybrain.org - GA4	v2.virtualflybrain.org	reconnect-attempt:0	18	7
2025-11-29	virtualflybrain.org - GA4	v2.virtualflybrain.org	request	376	26
2025-11-29	virtualflybrain.org - GA4	v2.virtualflybrain.org	session_start	247	153
2025-11-29	virtualflybrain.org - GA4	v2.virtualflybrain.org	user_engagement	51	43
2025-11-29	virtualflybrain.org - GA4	v2a.virtualflybrain.org	errorlog	72	1
2025-11-29	virtualflybrain.org - GA4	v2a.virtualflybrain.org	page_view	24	1
2025-11-29	virtualflybrain.org - GA4	v2a.virtualflybrain.org	request	24	1
2025-11-29	virtualflybrain.org - GA4	v2a.virtualflybrain.org	session_start	24	1
2025-11-29	virtualflybrain.org - GA4	virtualflybrain.org	first_visit	7	7
2025-11-29	virtualflybrain.org - GA4	virtualflybrain.org	page_view	10	8
2025-11-29	virtualflybrain.org - GA4	virtualflybrain.org	session_start	9	8
2025-11-29	virtualflybrain.org - GA4	virtualflybrain.org	user_engagement	3	2
2025-11-29	virtualflybrain.org - GA4	webapi-withdrawal-service.preprod.virtualflybrain.org	first_visit	1	1
2025-11-29	virtualflybrain.org - GA4	webapi-withdrawal-service.preprod.virtualflybrain.org	page_view	1	1
2025-11-29	virtualflybrain.org - GA4	webapi-withdrawal-service.preprod.virtualflybrain.org	session_start	1	1
2025-11-29	virtualflybrain.org - GA4	webapi-withdrawal-service.preprod.virtualflybrain.org	user_engagement	1	1
2025-11-29	virtualflybrain.org - GA4	webtop.virtualflybrain.org	first_visit	1	1
2025-11-29	virtualflybrain.org - GA4	webtop.virtualflybrain.org	page_view	1	1
2025-11-29	virtualflybrain.org - GA4	webtop.virtualflybrain.org	session_start	1	1
2025-11-29	virtualflybrain.org - GA4	www.virtualflybrain.org	first_visit	670	670
2025-11-29	virtualflybrain.org - GA4	www.virtualflybrain.org	page_view	693	673
2025-11-29	virtualflybrain.org - GA4	www.virtualflybrain.org	session_start	676	673
2025-11-29	virtualflybrain.org - GA4	www.virtualflybrain.org	user_engagement	257	231
2025-11-30	virtualflybrain.org - GA4		page_view	458	14
2025-11-30	virtualflybrain.org - GA4	129.215.197.101	first_visit	1	1
2025-11-30	virtualflybrain.org - GA4	129.215.197.101	page_view	1	1
2025-11-30	virtualflybrain.org - GA4	129.215.197.101	session_start	1	1
2025-11-30	virtualflybrain.org - GA4	129.215.197.110	first_visit	1	1
2025-11-30	virtualflybrain.org - GA4	129.215.197.110	page_view	1	1
2025-11-30	virtualflybrain.org - GA4	129.215.197.110	session_start	1	1
2025-11-30	virtualflybrain.org - GA4	129.215.197.143	first_visit	1	1
2025-11-30	virtualflybrain.org - GA4	129.215.197.143	page_view	1	1
2025-11-30	virtualflybrain.org - GA4	129.215.197.143	session_start	1	1
2025-11-30	virtualflybrain.org - GA4	129.215.197.147	first_visit	1	1
2025-11-30	virtualflybrain.org - GA4	129.215.197.147	page_view	1	1
2025-11-30	virtualflybrain.org - GA4	129.215.197.147	session_start	1	1
2025-11-30	virtualflybrain.org - GA4	129.215.197.147	user_engagement	1	1
2025-11-30	virtualflybrain.org - GA4	akamai-apigateway-warpcxml.virtualflybrain.org	first_visit	1	1
2025-11-30	virtualflybrain.org - GA4	akamai-apigateway-warpcxml.virtualflybrain.org	page_view	1	1
2025-11-30	virtualflybrain.org - GA4	akamai-apigateway-warpcxml.virtualflybrain.org	session_start	1	1
2025-11-30	virtualflybrain.org - GA4	api.ids.virtualflybrain.org	first_visit	1	1
2025-11-30	virtualflybrain.org - GA4	api.ids.virtualflybrain.org	page_view	1	1
2025-11-30	virtualflybrain.org - GA4	api.ids.virtualflybrain.org	session_start	1	1
2025-11-30	virtualflybrain.org - GA4	ba9dad907c1d.virtualflybrain.org	first_visit	1	1
2025-11-30	virtualflybrain.org - GA4	ba9dad907c1d.virtualflybrain.org	page_view	1	1
2025-11-30	virtualflybrain.org - GA4	ba9dad907c1d.virtualflybrain.org	session_start	1	1
2025-11-30	virtualflybrain.org - GA4	ba9dad907c1d.virtualflybrain.org	user_engagement	1	1
2025-11-30	virtualflybrain.org - GA4	backend.virtualflybrain.org	first_visit	1	1
2025-11-30	virtualflybrain.org - GA4	backend.virtualflybrain.org	page_view	1	1
2025-11-30	virtualflybrain.org - GA4	backend.virtualflybrain.org	session_start	1	1
2025-11-30	virtualflybrain.org - GA4	bahrain-pi.virtualflybrain.org	first_visit	1	1
2025-11-30	virtualflybrain.org - GA4	bahrain-pi.virtualflybrain.org	page_view	1	1
2025-11-30	virtualflybrain.org - GA4	bahrain-pi.virtualflybrain.org	session_start	1	1
2025-11-30	virtualflybrain.org - GA4	bahrain-pi.virtualflybrain.org	user_engagement	1	1
2025-11-30	virtualflybrain.org - GA4	bell-apis-qa.virtualflybrain.org	first_visit	1	1
2025-11-30	virtualflybrain.org - GA4	bell-apis-qa.virtualflybrain.org	page_view	1	1
2025-11-30	virtualflybrain.org - GA4	bell-apis-qa.virtualflybrain.org	session_start	1	1
2025-11-30	virtualflybrain.org - GA4	bell-apis-qa.virtualflybrain.org	user_engagement	1	1
2025-11-30	virtualflybrain.org - GA4	blog.virtualflybrain.org	first_visit	1	1
2025-11-30	virtualflybrain.org - GA4	blog.virtualflybrain.org	page_view	1	1
2025-11-30	virtualflybrain.org - GA4	blog.virtualflybrain.org	session_start	1	1
2025-11-30	virtualflybrain.org - GA4	blog.virtualflybrain.org	user_engagement	1	1
2025-11-30	virtualflybrain.org - GA4	buttermilk.inf.ed.ac.uk	first_visit	1	1
2025-11-30	virtualflybrain.org - GA4	buttermilk.inf.ed.ac.uk	page_view	1	1
2025-11-30	virtualflybrain.org - GA4	buttermilk.inf.ed.ac.uk	session_start	1	1
2025-11-30	virtualflybrain.org - GA4	buttermilk.inf.ed.ac.uk	user_engagement	1	1
2025-11-30	virtualflybrain.org - GA4	catmaid-fafb.virtualflybrain.org	first_visit	2	2
2025-11-30	virtualflybrain.org - GA4	catmaid-fafb.virtualflybrain.org	page_view	2	2
2025-11-30	virtualflybrain.org - GA4	catmaid-fafb.virtualflybrain.org	session_start	2	2
2025-11-30	virtualflybrain.org - GA4	dill.inf.ed.ac.uk	first_visit	1	1
2025-11-30	virtualflybrain.org - GA4	dill.inf.ed.ac.uk	page_view	1	1
2025-11-30	virtualflybrain.org - GA4	dill.inf.ed.ac.uk	session_start	1	1
2025-11-30	virtualflybrain.org - GA4	flybrain.inf.ed.ac.uk	user_engagement	2	2
2025-11-30	virtualflybrain.org - GA4	larval-app1.virtualflybrain.org	first_visit	1	1
2025-11-30	virtualflybrain.org - GA4	larval-app1.virtualflybrain.org	page_view	1	1
2025-11-30	virtualflybrain.org - GA4	larval-app1.virtualflybrain.org	session_start	1	1
2025-11-30	virtualflybrain.org - GA4	larval.virtualflybrain.org	first_visit	1	1
2025-11-30	virtualflybrain.org - GA4	larval.virtualflybrain.org	page_view	1	1
2025-11-30	virtualflybrain.org - GA4	larval.virtualflybrain.org	session_start	1	1
2025-11-30	virtualflybrain.org - GA4	m.virtualflybrain.org	first_visit	1	1
2025-11-30	virtualflybrain.org - GA4	m.virtualflybrain.org	page_view	1	1
2025-11-30	virtualflybrain.org - GA4	m.virtualflybrain.org	session_start	1	1
2025-11-30	virtualflybrain.org - GA4	mayo.inf.ed.ac.uk	user_engagement	3	3
2025-11-30	virtualflybrain.org - GA4	measure-apindev.virtualflybrain.org	first_visit	1	1
2025-11-30	virtualflybrain.org - GA4	measure-apindev.virtualflybrain.org	page_view	1	1
2025-11-30	virtualflybrain.org - GA4	measure-apindev.virtualflybrain.org	session_start	1	1
2025-11-30	virtualflybrain.org - GA4	measure-apindev.virtualflybrain.org	user_engagement	1	1
2025-11-30	virtualflybrain.org - GA4	mysql.virtualflybrain.org	first_visit	1	1
2025-11-30	virtualflybrain.org - GA4	mysql.virtualflybrain.org	page_view	1	1
2025-11-30	virtualflybrain.org - GA4	mysql.virtualflybrain.org	session_start	1	1
2025-11-30	virtualflybrain.org - GA4	natverse5.virtualflybrain.org	first_visit	1	1
2025-11-30	virtualflybrain.org - GA4	natverse5.virtualflybrain.org	page_view	1	1
2025-11-30	virtualflybrain.org - GA4	natverse5.virtualflybrain.org	session_start	1	1
2025-11-30	virtualflybrain.org - GA4	natverse5.virtualflybrain.org	user_engagement	1	1
2025-11-30	virtualflybrain.org - GA4	nblast.virtualflybrain.org	first_visit	39	39
2025-11-30	virtualflybrain.org - GA4	nblast.virtualflybrain.org	page_view	39	39
2025-11-30	virtualflybrain.org - GA4	nblast.virtualflybrain.org	session_start	39	39
2025-11-30	virtualflybrain.org - GA4	nblast.virtualflybrain.org	user_engagement	12	12
2025-11-30	virtualflybrain.org - GA4	olivierdemeulenaere.virtualflybrain.org	first_visit	1	1
2025-11-30	virtualflybrain.org - GA4	olivierdemeulenaere.virtualflybrain.org	page_view	1	1
2025-11-30	virtualflybrain.org - GA4	olivierdemeulenaere.virtualflybrain.org	session_start	1	1
2025-11-30	virtualflybrain.org - GA4	owl.virtualflybrain.org	first_visit	3	3
2025-11-30	virtualflybrain.org - GA4	owl.virtualflybrain.org	page_view	3	3
2025-11-30	virtualflybrain.org - GA4	owl.virtualflybrain.org	session_start	3	3
2025-11-30	virtualflybrain.org - GA4	owl.virtualflybrain.org	user_engagement	1	1
2025-11-30	virtualflybrain.org - GA4	raw.larval.flylight.virtualflybrain.org	first_visit	1	1
2025-11-30	virtualflybrain.org - GA4	raw.larval.flylight.virtualflybrain.org	page_view	1	1
2025-11-30	virtualflybrain.org - GA4	raw.larval.flylight.virtualflybrain.org	session_start	1	1
2025-11-30	virtualflybrain.org - GA4	raw.larval.flylight.virtualflybrain.org	user_engagement	1	1
2025-11-30	virtualflybrain.org - GA4	rstudio.virtualflybrain.org	first_visit	1	1
2025-11-30	virtualflybrain.org - GA4	rstudio.virtualflybrain.org	page_view	1	1
2025-11-30	virtualflybrain.org - GA4	rstudio.virtualflybrain.org	session_start	1	1
2025-11-30	virtualflybrain.org - GA4	sandbox-admin-game.virtualflybrain.org	first_visit	1	1
2025-11-30	virtualflybrain.org - GA4	sandbox-admin-game.virtualflybrain.org	page_view	1	1
2025-11-30	virtualflybrain.org - GA4	sandbox-admin-game.virtualflybrain.org	session_start	1	1
2025-11-30	virtualflybrain.org - GA4	sandbox-admin-game.virtualflybrain.org	user_engagement	1	1
2025-11-30	virtualflybrain.org - GA4	sb2.virtualflybrain.org	first_visit	1	1
2025-11-30	virtualflybrain.org - GA4	sb2.virtualflybrain.org	page_view	1	1
2025-11-30	virtualflybrain.org - GA4	sb2.virtualflybrain.org	session_start	1	1
2025-11-30	virtualflybrain.org - GA4	solr-dev.virtualflybrain.org	first_visit	1	1
2025-11-30	virtualflybrain.org - GA4	solr-dev.virtualflybrain.org	page_view	1	1
2025-11-30	virtualflybrain.org - GA4	solr-dev.virtualflybrain.org	session_start	1	1
2025-11-30	virtualflybrain.org - GA4	v1-5.virtualflybrain.org	first_visit	1	1
2025-11-30	virtualflybrain.org - GA4	v1-5.virtualflybrain.org	page_view	1	1
2025-11-30	virtualflybrain.org - GA4	v1-5.virtualflybrain.org	session_start	1	1
2025-11-30	virtualflybrain.org - GA4	v2.virtualflybrain.org	disconnected	8	3
2025-11-30	virtualflybrain.org - GA4	v2.virtualflybrain.org	errorlog	244	14
2025-11-30	virtualflybrain.org - GA4	v2.virtualflybrain.org	first_visit	112	112
2025-11-30	virtualflybrain.org - GA4	v2.virtualflybrain.org	page_view	200	125
2025-11-30	virtualflybrain.org - GA4	v2.virtualflybrain.org	reconnect-attempt:0	8	3
2025-11-30	virtualflybrain.org - GA4	v2.virtualflybrain.org	request	207	17
2025-11-30	virtualflybrain.org - GA4	v2.virtualflybrain.org	session_start	187	122
2025-11-30	virtualflybrain.org - GA4	v2.virtualflybrain.org	user_engagement	31	30
2025-11-30	virtualflybrain.org - GA4	v2a.virtualflybrain.org	disconnected	1	1
2025-11-30	virtualflybrain.org - GA4	v2a.virtualflybrain.org	errorlog	62	1
2025-11-30	virtualflybrain.org - GA4	v2a.virtualflybrain.org	page_view	11	1
2025-11-30	virtualflybrain.org - GA4	v2a.virtualflybrain.org	reconnect-attempt:0	1	1
2025-11-30	virtualflybrain.org - GA4	v2a.virtualflybrain.org	request	11	1
2025-11-30	virtualflybrain.org - GA4	v2a.virtualflybrain.org	session_start	12	1
2025-11-30	virtualflybrain.org - GA4	virtualflybrain.org	first_visit	8	8
2025-11-30	virtualflybrain.org - GA4	virtualflybrain.org	page_view	10	9
2025-11-30	virtualflybrain.org - GA4	virtualflybrain.org	session_start	9	9
2025-11-30	virtualflybrain.org - GA4	virtualflybrain.org	user_engagement	6	5
2025-11-30	virtualflybrain.org - GA4	webapi-withdrawal-service.preprod.virtualflybrain.org	first_visit	1	1
2025-11-30	virtualflybrain.org - GA4	webapi-withdrawal-service.preprod.virtualflybrain.org	page_view	1	1
2025-11-30	virtualflybrain.org - GA4	webapi-withdrawal-service.preprod.virtualflybrain.org	session_start	1	1
2025-11-30	virtualflybrain.org - GA4	webapi-withdrawal-service.preprod.virtualflybrain.org	user_engagement	1	1
2025-11-30	virtualflybrain.org - GA4	webtop.virtualflybrain.org	first_visit	1	1
2025-11-30	virtualflybrain.org - GA4	webtop.virtualflybrain.org	page_view	1	1
2025-11-30	virtualflybrain.org - GA4	webtop.virtualflybrain.org	session_start	1	1
2025-11-30	virtualflybrain.org - GA4	www.virtualflybrain.org	first_visit	496	496
2025-11-30	virtualflybrain.org - GA4	www.virtualflybrain.org	page_view	504	499
2025-11-30	virtualflybrain.org - GA4	www.virtualflybrain.org	session_start	501	500
2025-11-30	virtualflybrain.org - GA4	www.virtualflybrain.org	user_engagement	143	139
