date	streamName	hostName	event	eventCount	usersMin
2025-04-01	virtualflybrain.org - GA4		page_view	1174	46
2025-04-01	virtualflybrain.org - GA4		session_start	1	1
2025-04-01	virtualflybrain.org - GA4	raw.larval.flylight.virtualflybrain.org	first_visit	1	1
2025-04-01	virtualflybrain.org - GA4	raw.larval.flylight.virtualflybrain.org	page_view	1	1
2025-04-01	virtualflybrain.org - GA4	raw.larval.flylight.virtualflybrain.org	session_start	1	1
2025-04-01	virtualflybrain.org - GA4	v2.virtualflybrain.org	cancelled	2	1
2025-04-01	virtualflybrain.org - GA4	v2.virtualflybrain.org	disconnected	46	17
2025-04-01	virtualflybrain.org - GA4	v2.virtualflybrain.org	errorlog	588	4
2025-04-01	virtualflybrain.org - GA4	v2.virtualflybrain.org	first_visit	12	12
2025-04-01	virtualflybrain.org - GA4	v2.virtualflybrain.org	opening	3	2
2025-04-01	virtualflybrain.org - GA4	v2.virtualflybrain.org	page_view	300	51
2025-04-01	virtualflybrain.org - GA4	v2.virtualflybrain.org	reconnect-attempt:0	46	17
2025-04-01	virtualflybrain.org - GA4	v2.virtualflybrain.org	request	446	46
2025-04-01	virtualflybrain.org - GA4	v2.virtualflybrain.org	session_start	126	39
2025-04-01	virtualflybrain.org - GA4	v2.virtualflybrain.org	user_engagement	40	27
2025-04-01	virtualflybrain.org - GA4	virtualflybrain.org	first_visit	4	4
2025-04-01	virtualflybrain.org - GA4	virtualflybrain.org	page_view	8	6
2025-04-01	virtualflybrain.org - GA4	virtualflybrain.org	session_start	8	7
2025-04-01	virtualflybrain.org - GA4	virtualflybrain.org	user_engagement	8	3
2025-04-01	virtualflybrain.org - GA4	www.virtualflybrain.org	first_visit	37	36
2025-04-01	virtualflybrain.org - GA4	www.virtualflybrain.org	page_view	88	48
2025-04-01	virtualflybrain.org - GA4	www.virtualflybrain.org	session_start	52	47
2025-04-01	virtualflybrain.org - GA4	www.virtualflybrain.org	user_engagement	76	37
2025-04-02	virtualflybrain.org - GA4		page_view	1463	67
2025-04-02	virtualflybrain.org - GA4		session_start	1	1
2025-04-02	virtualflybrain.org - GA4	129.215.197.101	first_visit	1	1
2025-04-02	virtualflybrain.org - GA4	129.215.197.101	page_view	1	1
2025-04-02	virtualflybrain.org - GA4	129.215.197.101	session_start	1	1
2025-04-02	virtualflybrain.org - GA4	129.215.197.110	first_visit	2	2
2025-04-02	virtualflybrain.org - GA4	129.215.197.110	page_view	2	2
2025-04-02	virtualflybrain.org - GA4	129.215.197.110	session_start	2	2
2025-04-02	virtualflybrain.org - GA4	129.215.197.110	user_engagement	2	2
2025-04-02	virtualflybrain.org - GA4	129.215.197.120	first_visit	1	1
2025-04-02	virtualflybrain.org - GA4	129.215.197.120	page_view	1	1
2025-04-02	virtualflybrain.org - GA4	129.215.197.120	session_start	1	1
2025-04-02	virtualflybrain.org - GA4	129.215.197.143	first_visit	1	1
2025-04-02	virtualflybrain.org - GA4	129.215.197.143	page_view	1	1
2025-04-02	virtualflybrain.org - GA4	129.215.197.143	session_start	1	1
2025-04-02	virtualflybrain.org - GA4	129.215.197.143	user_engagement	1	1
2025-04-02	virtualflybrain.org - GA4	129.215.197.144	first_visit	1	1
2025-04-02	virtualflybrain.org - GA4	129.215.197.144	page_view	1	1
2025-04-02	virtualflybrain.org - GA4	129.215.197.144	session_start	1	1
2025-04-02	virtualflybrain.org - GA4	129.215.197.147	first_visit	1	1
2025-04-02	virtualflybrain.org - GA4	129.215.197.147	page_view	1	1
2025-04-02	virtualflybrain.org - GA4	129.215.197.147	session_start	1	1
2025-04-02	virtualflybrain.org - GA4	129.215.197.147	user_engagement	1	1
2025-04-02	virtualflybrain.org - GA4	blog.virtualflybrain.org	first_visit	1	1
2025-04-02	virtualflybrain.org - GA4	blog.virtualflybrain.org	page_view	1	1
2025-04-02	virtualflybrain.org - GA4	blog.virtualflybrain.org	session_start	1	1
2025-04-02	virtualflybrain.org - GA4	blog.virtualflybrain.org	user_engagement	1	1
2025-04-02	virtualflybrain.org - GA4	buttermilk.inf.ed.ac.uk	first_visit	1	1
2025-04-02	virtualflybrain.org - GA4	buttermilk.inf.ed.ac.uk	page_view	1	1
2025-04-02	virtualflybrain.org - GA4	buttermilk.inf.ed.ac.uk	session_start	1	1
2025-04-02	virtualflybrain.org - GA4	chive.inf.ed.ac.uk	first_visit	1	1
2025-04-02	virtualflybrain.org - GA4	chive.inf.ed.ac.uk	page_view	1	1
2025-04-02	virtualflybrain.org - GA4	chive.inf.ed.ac.uk	session_start	1	1
2025-04-02	virtualflybrain.org - GA4	chive.inf.ed.ac.uk	user_engagement	1	1
2025-04-02	virtualflybrain.org - GA4	dill.inf.ed.ac.uk	first_visit	1	1
2025-04-02	virtualflybrain.org - GA4	dill.inf.ed.ac.uk	page_view	1	1
2025-04-02	virtualflybrain.org - GA4	dill.inf.ed.ac.uk	session_start	1	1
2025-04-02	virtualflybrain.org - GA4	dill.inf.ed.ac.uk	user_engagement	1	1
2025-04-02	virtualflybrain.org - GA4	flybrain.inf.ed.ac.uk	first_visit	1	1
2025-04-02	virtualflybrain.org - GA4	flybrain.inf.ed.ac.uk	page_view	1	1
2025-04-02	virtualflybrain.org - GA4	flybrain.inf.ed.ac.uk	session_start	1	1
2025-04-02	virtualflybrain.org - GA4	flybrain.inf.ed.ac.uk	user_engagement	1	1
2025-04-02	virtualflybrain.org - GA4	grafana.virtualflybrain.org	page_view	2	1
2025-04-02	virtualflybrain.org - GA4	grafana.virtualflybrain.org	user_engagement	2	1
2025-04-02	virtualflybrain.org - GA4	mayo.inf.ed.ac.uk	first_visit	1	1
2025-04-02	virtualflybrain.org - GA4	mayo.inf.ed.ac.uk	page_view	1	1
2025-04-02	virtualflybrain.org - GA4	mayo.inf.ed.ac.uk	session_start	1	1
2025-04-02	virtualflybrain.org - GA4	mayo.inf.ed.ac.uk	user_engagement	1	1
2025-04-02	virtualflybrain.org - GA4	owl.virtualflybrain.org	first_visit	2	2
2025-04-02	virtualflybrain.org - GA4	owl.virtualflybrain.org	page_view	2	2
2025-04-02	virtualflybrain.org - GA4	owl.virtualflybrain.org	session_start	2	2
2025-04-02	virtualflybrain.org - GA4	parsley.inf.ed.ac.uk	first_visit	1	1
2025-04-02	virtualflybrain.org - GA4	parsley.inf.ed.ac.uk	page_view	1	1
2025-04-02	virtualflybrain.org - GA4	parsley.inf.ed.ac.uk	session_start	1	1
2025-04-02	virtualflybrain.org - GA4	raw.larval.flylight.virtualflybrain.org	page_view	5	2
2025-04-02	virtualflybrain.org - GA4	raw.larval.flylight.virtualflybrain.org	session_start	1	1
2025-04-02	virtualflybrain.org - GA4	raw.larval.flylight.virtualflybrain.org	user_engagement	3	2
2025-04-02	virtualflybrain.org - GA4	sb2.virtualflybrain.org	page_view	1	1
2025-04-02	virtualflybrain.org - GA4	sb2.virtualflybrain.org	user_engagement	1	1
2025-04-02	virtualflybrain.org - GA4	sourcream.inf.ed.ac.uk	first_visit	1	1
2025-04-02	virtualflybrain.org - GA4	sourcream.inf.ed.ac.uk	page_view	1	1
2025-04-02	virtualflybrain.org - GA4	sourcream.inf.ed.ac.uk	session_start	1	1
2025-04-02	virtualflybrain.org - GA4	sourcream.inf.ed.ac.uk	user_engagement	1	1
2025-04-02	virtualflybrain.org - GA4	v2.virtualflybrain.org	cancelled	4	4
2025-04-02	virtualflybrain.org - GA4	v2.virtualflybrain.org	disconnected	90	31
2025-04-02	virtualflybrain.org - GA4	v2.virtualflybrain.org	errorlog	1193	5
2025-04-02	virtualflybrain.org - GA4	v2.virtualflybrain.org	first_visit	26	26
2025-04-02	virtualflybrain.org - GA4	v2.virtualflybrain.org	opening	5	4
2025-04-02	virtualflybrain.org - GA4	v2.virtualflybrain.org	page_view	360	76
2025-04-02	virtualflybrain.org - GA4	v2.virtualflybrain.org	reconnect-attempt:0	85	30
2025-04-02	virtualflybrain.org - GA4	v2.virtualflybrain.org	reconnect-attempt:1	2	2
2025-04-02	virtualflybrain.org - GA4	v2.virtualflybrain.org	request	579	70
2025-04-02	virtualflybrain.org - GA4	v2.virtualflybrain.org	session_start	177	58
2025-04-02	virtualflybrain.org - GA4	v2.virtualflybrain.org	user_engagement	73	42
2025-04-02	virtualflybrain.org - GA4	v2a.virtualflybrain.org	disconnected	1	1
2025-04-02	virtualflybrain.org - GA4	v2a.virtualflybrain.org	reconnect-failed-reloading	1	1
2025-04-02	virtualflybrain.org - GA4	virtualflybrain.org	first_visit	4	4
2025-04-02	virtualflybrain.org - GA4	virtualflybrain.org	page_view	18	8
2025-04-02	virtualflybrain.org - GA4	virtualflybrain.org	session_start	11	7
2025-04-02	virtualflybrain.org - GA4	virtualflybrain.org	user_engagement	12	7
2025-04-02	virtualflybrain.org - GA4	www.virtualflybrain.org	first_visit	50	50
2025-04-02	virtualflybrain.org - GA4	www.virtualflybrain.org	page_view	121	64
2025-04-02	virtualflybrain.org - GA4	www.virtualflybrain.org	session_start	69	62
2025-04-02	virtualflybrain.org - GA4	www.virtualflybrain.org	user_engagement	102	47
2025-04-02	virtualflybrain.org - GA4	zip.virtualflybrain.org	first_visit	2	2
2025-04-02	virtualflybrain.org - GA4	zip.virtualflybrain.org	page_view	2	2
2025-04-02	virtualflybrain.org - GA4	zip.virtualflybrain.org	session_start	2	2
2025-04-03	virtualflybrain.org - GA4		page_view	887	81
2025-04-03	virtualflybrain.org - GA4		session_start	3	3
2025-04-03	virtualflybrain.org - GA4	129.215.197.101	first_visit	1	1
2025-04-03	virtualflybrain.org - GA4	129.215.197.101	page_view	1	1
2025-04-03	virtualflybrain.org - GA4	129.215.197.101	session_start	1	1
2025-04-03	virtualflybrain.org - GA4	129.215.197.120	first_visit	1	1
2025-04-03	virtualflybrain.org - GA4	129.215.197.120	page_view	1	1
2025-04-03	virtualflybrain.org - GA4	129.215.197.120	session_start	1	1
2025-04-03	virtualflybrain.org - GA4	129.215.197.143	first_visit	2	2
2025-04-03	virtualflybrain.org - GA4	129.215.197.143	page_view	2	2
2025-04-03	virtualflybrain.org - GA4	129.215.197.143	session_start	2	2
2025-04-03	virtualflybrain.org - GA4	87eae973-8696-4694-ae9f-2341e32b7d1b.virtualflybrain.org	user_engagement	1	1
2025-04-03	virtualflybrain.org - GA4	blog.virtualflybrain.org	first_visit	1	1
2025-04-03	virtualflybrain.org - GA4	blog.virtualflybrain.org	page_view	1	1
2025-04-03	virtualflybrain.org - GA4	blog.virtualflybrain.org	session_start	1	1
2025-04-03	virtualflybrain.org - GA4	catmaid-fafb.virtualflybrain.org	first_visit	4	4
2025-04-03	virtualflybrain.org - GA4	catmaid-fafb.virtualflybrain.org	page_view	4	4
2025-04-03	virtualflybrain.org - GA4	catmaid-fafb.virtualflybrain.org	session_start	4	4
2025-04-03	virtualflybrain.org - GA4	dill.inf.ed.ac.uk	first_visit	1	1
2025-04-03	virtualflybrain.org - GA4	dill.inf.ed.ac.uk	page_view	1	1
2025-04-03	virtualflybrain.org - GA4	dill.inf.ed.ac.uk	session_start	1	1
2025-04-03	virtualflybrain.org - GA4	doh.981gwa2l.virtualflybrain.org	user_engagement	1	1
2025-04-03	virtualflybrain.org - GA4	owl.virtualflybrain.org	first_visit	6	6
2025-04-03	virtualflybrain.org - GA4	owl.virtualflybrain.org	page_view	6	6
2025-04-03	virtualflybrain.org - GA4	owl.virtualflybrain.org	session_start	6	6
2025-04-03	virtualflybrain.org - GA4	owl.virtualflybrain.org	user_engagement	3	3
2025-04-03	virtualflybrain.org - GA4	raw.larval.flylight.virtualflybrain.org	first_visit	1	1
2025-04-03	virtualflybrain.org - GA4	raw.larval.flylight.virtualflybrain.org	page_view	1	1
2025-04-03	virtualflybrain.org - GA4	raw.larval.flylight.virtualflybrain.org	session_start	1	1
2025-04-03	virtualflybrain.org - GA4	raw.larval.flylight.virtualflybrain.org	user_engagement	4	4
2025-04-03	virtualflybrain.org - GA4	v2.virtualflybrain.org	cancelled	3	3
2025-04-03	virtualflybrain.org - GA4	v2.virtualflybrain.org	disconnected	40	21
2025-04-03	virtualflybrain.org - GA4	v2.virtualflybrain.org	errorlog	46	4
2025-04-03	virtualflybrain.org - GA4	v2.virtualflybrain.org	first_visit	57	57
2025-04-03	virtualflybrain.org - GA4	v2.virtualflybrain.org	opening	5	4
2025-04-03	virtualflybrain.org - GA4	v2.virtualflybrain.org	page_view	222	96
2025-04-03	virtualflybrain.org - GA4	v2.virtualflybrain.org	reconnect-attempt:0	33	20
2025-04-03	virtualflybrain.org - GA4	v2.virtualflybrain.org	reconnect-failed-reloading	7	1
2025-04-03	virtualflybrain.org - GA4	v2.virtualflybrain.org	request	357	88
2025-04-03	virtualflybrain.org - GA4	v2.virtualflybrain.org	session_start	157	84
2025-04-03	virtualflybrain.org - GA4	v2.virtualflybrain.org	user_engagement	80	66
2025-04-03	virtualflybrain.org - GA4	virtualflybrain.org	first_visit	4	4
2025-04-03	virtualflybrain.org - GA4	virtualflybrain.org	page_view	7	6
2025-04-03	virtualflybrain.org - GA4	virtualflybrain.org	session_start	6	6
2025-04-03	virtualflybrain.org - GA4	virtualflybrain.org	user_engagement	6	6
2025-04-03	virtualflybrain.org - GA4	www.virtualflybrain.org	first_visit	39	39
2025-04-03	virtualflybrain.org - GA4	www.virtualflybrain.org	page_view	96	56
2025-04-03	virtualflybrain.org - GA4	www.virtualflybrain.org	session_start	56	51
2025-04-03	virtualflybrain.org - GA4	www.virtualflybrain.org	user_engagement	89	57
2025-04-03	virtualflybrain.org - GA4	zip.virtualflybrain.org	first_visit	6	6
2025-04-03	virtualflybrain.org - GA4	zip.virtualflybrain.org	page_view	6	6
2025-04-03	virtualflybrain.org - GA4	zip.virtualflybrain.org	session_start	6	6
2025-04-04	virtualflybrain.org - GA4		page_view	1370	60
2025-04-04	virtualflybrain.org - GA4	129.215.197.120	first_visit	1	1
2025-04-04	virtualflybrain.org - GA4	129.215.197.120	page_view	1	1
2025-04-04	virtualflybrain.org - GA4	129.215.197.120	session_start	1	1
2025-04-04	virtualflybrain.org - GA4	blog.virtualflybrain.org	first_visit	1	1
2025-04-04	virtualflybrain.org - GA4	blog.virtualflybrain.org	page_view	1	1
2025-04-04	virtualflybrain.org - GA4	blog.virtualflybrain.org	session_start	1	1
2025-04-04	virtualflybrain.org - GA4	catmaid-fafb.virtualflybrain.org	first_visit	4	4
2025-04-04	virtualflybrain.org - GA4	catmaid-fafb.virtualflybrain.org	page_view	4	4
2025-04-04	virtualflybrain.org - GA4	catmaid-fafb.virtualflybrain.org	session_start	4	4
2025-04-04	virtualflybrain.org - GA4	owl.virtualflybrain.org	first_visit	1	1
2025-04-04	virtualflybrain.org - GA4	owl.virtualflybrain.org	page_view	1	1
2025-04-04	virtualflybrain.org - GA4	owl.virtualflybrain.org	session_start	1	1
2025-04-04	virtualflybrain.org - GA4	raw.larval.flylight.virtualflybrain.org	page_view	1	1
2025-04-04	virtualflybrain.org - GA4	raw.larval.flylight.virtualflybrain.org	session_start	1	1
2025-04-04	virtualflybrain.org - GA4	v2.virtualflybrain.org	disconnected	36	13
2025-04-04	virtualflybrain.org - GA4	v2.virtualflybrain.org	errorlog	29	5
2025-04-04	virtualflybrain.org - GA4	v2.virtualflybrain.org	first_visit	24	24
2025-04-04	virtualflybrain.org - GA4	v2.virtualflybrain.org	opening	2	2
2025-04-04	virtualflybrain.org - GA4	v2.virtualflybrain.org	page_view	155	66
2025-04-04	virtualflybrain.org - GA4	v2.virtualflybrain.org	reconnect-attempt:0	35	13
2025-04-04	virtualflybrain.org - GA4	v2.virtualflybrain.org	reconnect-attempt:1	1	1
2025-04-04	virtualflybrain.org - GA4	v2.virtualflybrain.org	request	407	62
2025-04-04	virtualflybrain.org - GA4	v2.virtualflybrain.org	session_start	106	49
2025-04-04	virtualflybrain.org - GA4	v2.virtualflybrain.org	user_engagement	39	29
2025-04-04	virtualflybrain.org - GA4	v2a.virtualflybrain.org	disconnected	1	1
2025-04-04	virtualflybrain.org - GA4	v2a.virtualflybrain.org	errorlog	6	1
2025-04-04	virtualflybrain.org - GA4	v2a.virtualflybrain.org	page_view	2	1
2025-04-04	virtualflybrain.org - GA4	v2a.virtualflybrain.org	reconnect-attempt:0	1	1
2025-04-04	virtualflybrain.org - GA4	v2a.virtualflybrain.org	request	2	1
2025-04-04	virtualflybrain.org - GA4	v2a.virtualflybrain.org	session_start	1	1
2025-04-04	virtualflybrain.org - GA4	virtualflybrain.org	first_visit	2	2
2025-04-04	virtualflybrain.org - GA4	virtualflybrain.org	page_view	2	2
2025-04-04	virtualflybrain.org - GA4	virtualflybrain.org	session_start	3	3
2025-04-04	virtualflybrain.org - GA4	virtualflybrain.org	user_engagement	3	3
2025-04-04	virtualflybrain.org - GA4	www.virtualflybrain.org	first_visit	45	45
2025-04-04	virtualflybrain.org - GA4	www.virtualflybrain.org	page_view	82	53
2025-04-04	virtualflybrain.org - GA4	www.virtualflybrain.org	session_start	55	53
2025-04-04	virtualflybrain.org - GA4	www.virtualflybrain.org	user_engagement	61	39
2025-04-04	virtualflybrain.org - GA4	zip.virtualflybrain.org	first_visit	5	5
2025-04-04	virtualflybrain.org - GA4	zip.virtualflybrain.org	page_view	5	5
2025-04-04	virtualflybrain.org - GA4	zip.virtualflybrain.org	session_start	5	5
2025-04-05	virtualflybrain.org - GA4		page_view	749	28
2025-04-05	virtualflybrain.org - GA4	123456789abcdefghijklmnopq.v2.virtualflybrain.org	user_engagement	1	1
2025-04-05	virtualflybrain.org - GA4	12877200-fe3e-43bd-bf43-557c75765038.virtualflybrain.org	user_engagement	1	1
2025-04-05	virtualflybrain.org - GA4	129.215.197.144	first_visit	1	1
2025-04-05	virtualflybrain.org - GA4	129.215.197.144	page_view	1	1
2025-04-05	virtualflybrain.org - GA4	129.215.197.144	session_start	1	1
2025-04-05	virtualflybrain.org - GA4	129.215.197.144	user_engagement	1	1
2025-04-05	virtualflybrain.org - GA4	61d21a5c-c24c-4060-9a1d-185c49b8cd22.virtualflybrain.org	user_engagement	1	1
2025-04-05	virtualflybrain.org - GA4	8c212b03-94d4-4b64-b132-a3ddc580239c.virtualflybrain.org	user_engagement	1	1
2025-04-05	virtualflybrain.org - GA4	8fe35b9b-0117-41a9-a316-ec54860cf39e.catmaid.virtualflybrain.org	user_engagement	1	1
2025-04-05	virtualflybrain.org - GA4	981gwa2l.virtualflybrain.org	user_engagement	1	1
2025-04-05	virtualflybrain.org - GA4	a.bb.ccc.dddd.nblast.virtualflybrain.org	user_engagement	1	1
2025-04-05	virtualflybrain.org - GA4	admin.virtualflybrain.org	user_engagement	1	1
2025-04-05	virtualflybrain.org - GA4	blanik-jenkins.virtualflybrain.org	user_engagement	1	1
2025-04-05	virtualflybrain.org - GA4	blog.virtualflybrain.org	page_view	1	1
2025-04-05	virtualflybrain.org - GA4	build.virtualflybrain.org	user_engagement	1	1
2025-04-05	virtualflybrain.org - GA4	debug.virtualflybrain.org	user_engagement	1	1
2025-04-05	virtualflybrain.org - GA4	geppetto-dev1.virtualflybrain.org	user_engagement	1	1
2025-04-05	virtualflybrain.org - GA4	geppetto.virtualflybrain.org	user_engagement	1	1
2025-04-05	virtualflybrain.org - GA4	grafana.virtualflybrain.org	user_engagement	1	1
2025-04-05	virtualflybrain.org - GA4	hugo.virtualflybrain.org	user_engagement	1	1
2025-04-05	virtualflybrain.org - GA4	i3vnc.catmaid.virtualflybrain.org	user_engagement	1	1
2025-04-05	virtualflybrain.org - GA4	jitsi.virtualflybrain.org	user_engagement	1	1
2025-04-05	virtualflybrain.org - GA4	karenin-jenkins.virtualflybrain.org	user_engagement	1	1
2025-04-05	virtualflybrain.org - GA4	kbw.virtualflybrain.org	first_visit	1	1
2025-04-05	virtualflybrain.org - GA4	kbw.virtualflybrain.org	page_view	1	1
2025-04-05	virtualflybrain.org - GA4	kbw.virtualflybrain.org	session_start	1	1
2025-04-05	virtualflybrain.org - GA4	larval-app1.virtualflybrain.org	user_engagement	1	1
2025-04-05	virtualflybrain.org - GA4	larval.virtualflybrain.org	user_engagement	1	1
2025-04-05	virtualflybrain.org - GA4	mail.virtualflybrain.org	user_engagement	1	1
2025-04-05	virtualflybrain.org - GA4	monitor.virtualflybrain.org	user_engagement	1	1
2025-04-05	virtualflybrain.org - GA4	mysql.virtualflybrain.org	user_engagement	1	1
2025-04-05	virtualflybrain.org - GA4	natverse.virtualflybrain.org	user_engagement	1	1
2025-04-05	virtualflybrain.org - GA4	natverse1.virtualflybrain.org	user_engagement	1	1
2025-04-05	virtualflybrain.org - GA4	natverse2.virtualflybrain.org	user_engagement	1	1
2025-04-05	virtualflybrain.org - GA4	natverse5.virtualflybrain.org	user_engagement	1	1
2025-04-05	virtualflybrain.org - GA4	nblast.virtualflybrain.org	user_engagement	1	1
2025-04-05	virtualflybrain.org - GA4	owl-dev.virtualflybrain.org	user_engagement	1	1
2025-04-05	virtualflybrain.org - GA4	pdb.p2.virtualflybrain.org	user_engagement	1	1
2025-04-05	virtualflybrain.org - GA4	rstudio.virtualflybrain.org	user_engagement	1	1
2025-04-05	virtualflybrain.org - GA4	sb.virtualflybrain.org	user_engagement	1	1
2025-04-05	virtualflybrain.org - GA4	sb1.virtualflybrain.org	user_engagement	1	1
2025-04-05	virtualflybrain.org - GA4	sb2.virtualflybrain.org	user_engagement	1	1
2025-04-05	virtualflybrain.org - GA4	sb2.virtualflybrain.orgherd.virtualflybrain.org	user_engagement	1	1
2025-04-05	virtualflybrain.org - GA4	solr-alpha.virtualflybrain.org	user_engagement	1	1
2025-04-05	virtualflybrain.org - GA4	solr.p2.virtualflybrain.org	user_engagement	1	1
2025-04-05	virtualflybrain.org - GA4	sourcream.inf.ed.ac.uk	user_engagement	1	1
2025-04-05	virtualflybrain.org - GA4	v1.virtualflybrain.org	user_engagement	1	1
2025-04-05	virtualflybrain.org - GA4	v2-dev2.virtualflybrain.org	user_engagement	1	1
2025-04-05	virtualflybrain.org - GA4	v2-preview.virtualflybrain.org	user_engagement	1	1
2025-04-05	virtualflybrain.org - GA4	v2.virtualflybrain.org	cancelled	2	2
2025-04-05	virtualflybrain.org - GA4	v2.virtualflybrain.org	disconnected	32	10
2025-04-05	virtualflybrain.org - GA4	v2.virtualflybrain.org	errorlog	25	2
2025-04-05	virtualflybrain.org - GA4	v2.virtualflybrain.org	first_visit	9	9
2025-04-05	virtualflybrain.org - GA4	v2.virtualflybrain.org	opening	4	2
2025-04-05	virtualflybrain.org - GA4	v2.virtualflybrain.org	page_view	95	29
2025-04-05	virtualflybrain.org - GA4	v2.virtualflybrain.org	reconnect-attempt:0	32	10
2025-04-05	virtualflybrain.org - GA4	v2.virtualflybrain.org	request	235	29
2025-04-05	virtualflybrain.org - GA4	v2.virtualflybrain.org	session_start	56	24
2025-04-05	virtualflybrain.org - GA4	v2.virtualflybrain.org	user_engagement	28	11
2025-04-05	virtualflybrain.org - GA4	v2a.virtualflybrain.org	disconnected	2	1
2025-04-05	virtualflybrain.org - GA4	v2a.virtualflybrain.org	errorlog	11	1
2025-04-05	virtualflybrain.org - GA4	v2a.virtualflybrain.org	page_view	4	1
2025-04-05	virtualflybrain.org - GA4	v2a.virtualflybrain.org	reconnect-attempt:0	2	1
2025-04-05	virtualflybrain.org - GA4	v2a.virtualflybrain.org	request	3	1
2025-04-05	virtualflybrain.org - GA4	v2a.virtualflybrain.org	session_start	3	1
2025-04-05	virtualflybrain.org - GA4	v2a.virtualflybrain.org	user_engagement	1	1
2025-04-05	virtualflybrain.org - GA4	virtualflybrain.org	first_visit	1	1
2025-04-05	virtualflybrain.org - GA4	virtualflybrain.org	page_view	23	2
2025-04-05	virtualflybrain.org - GA4	virtualflybrain.org	session_start	2	2
2025-04-05	virtualflybrain.org - GA4	virtualflybrain.org	user_engagement	26	2
2025-04-05	virtualflybrain.org - GA4	vnc.catmaid.virtualflybrain.org	user_engagement	1	1
2025-04-05	virtualflybrain.org - GA4	webmail.virtualflybrain.org	user_engagement	1	1
2025-04-05	virtualflybrain.org - GA4	webtop.virtualflybrain.org	user_engagement	1	1
2025-04-05	virtualflybrain.org - GA4	what.website.fafb.catmaid.virtualflybrain.org	user_engagement	1	1
2025-04-05	virtualflybrain.org - GA4	www.v2.virtualflybrain.org	user_engagement	1	1
2025-04-05	virtualflybrain.org - GA4	www.virtualflybrain.org	first_visit	19	19
2025-04-05	virtualflybrain.org - GA4	www.virtualflybrain.org	page_view	37	22
2025-04-05	virtualflybrain.org - GA4	www.virtualflybrain.org	session_start	25	23
2025-04-05	virtualflybrain.org - GA4	www.virtualflybrain.org	user_engagement	34	18
2025-04-06	virtualflybrain.org - GA4		page_view	384	22
2025-04-06	virtualflybrain.org - GA4		session_start	1	1
2025-04-06	virtualflybrain.org - GA4	129.215.197.144	first_visit	1	1
2025-04-06	virtualflybrain.org - GA4	129.215.197.144	page_view	1	1
2025-04-06	virtualflybrain.org - GA4	129.215.197.144	session_start	1	1
2025-04-06	virtualflybrain.org - GA4	buttermilk.inf.ed.ac.uk	first_visit	1	1
2025-04-06	virtualflybrain.org - GA4	buttermilk.inf.ed.ac.uk	page_view	1	1
2025-04-06	virtualflybrain.org - GA4	buttermilk.inf.ed.ac.uk	session_start	1	1
2025-04-06	virtualflybrain.org - GA4	buttermilk.inf.ed.ac.uk	user_engagement	1	1
2025-04-06	virtualflybrain.org - GA4	v2.virtualflybrain.org	cancelled	2	2
2025-04-06	virtualflybrain.org - GA4	v2.virtualflybrain.org	disconnected	39	10
2025-04-06	virtualflybrain.org - GA4	v2.virtualflybrain.org	errorlog	42	3
2025-04-06	virtualflybrain.org - GA4	v2.virtualflybrain.org	first_visit	5	5
2025-04-06	virtualflybrain.org - GA4	v2.virtualflybrain.org	opening	2	2
2025-04-06	virtualflybrain.org - GA4	v2.virtualflybrain.org	page_view	78	24
2025-04-06	virtualflybrain.org - GA4	v2.virtualflybrain.org	reconnect-attempt:0	37	10
2025-04-06	virtualflybrain.org - GA4	v2.virtualflybrain.org	request	149	23
2025-04-06	virtualflybrain.org - GA4	v2.virtualflybrain.org	session_start	50	16
2025-04-06	virtualflybrain.org - GA4	v2.virtualflybrain.org	user_engagement	20	15
2025-04-06	virtualflybrain.org - GA4	virtualflybrain.org	first_visit	3	3
2025-04-06	virtualflybrain.org - GA4	virtualflybrain.org	page_view	5	4
2025-04-06	virtualflybrain.org - GA4	virtualflybrain.org	session_start	5	4
2025-04-06	virtualflybrain.org - GA4	virtualflybrain.org	user_engagement	3	2
2025-04-06	virtualflybrain.org - GA4	www.virtualflybrain.org	first_visit	22	22
2025-04-06	virtualflybrain.org - GA4	www.virtualflybrain.org	page_view	50	27
2025-04-06	virtualflybrain.org - GA4	www.virtualflybrain.org	session_start	32	27
2025-04-06	virtualflybrain.org - GA4	www.virtualflybrain.org	user_engagement	39	18
2025-04-07	virtualflybrain.org - GA4		page_view	1660	44
2025-04-07	virtualflybrain.org - GA4	12877200-fe3e-43bd-bf43-557c75765038.virtualflybrain.org	user_engagement	1	1
2025-04-07	virtualflybrain.org - GA4	129.215.197.101	first_visit	2	2
2025-04-07	virtualflybrain.org - GA4	129.215.197.101	page_view	2	2
2025-04-07	virtualflybrain.org - GA4	129.215.197.101	session_start	2	2
2025-04-07	virtualflybrain.org - GA4	129.215.197.110	user_engagement	1	1
2025-04-07	virtualflybrain.org - GA4	129.215.197.143	user_engagement	1	1
2025-04-07	virtualflybrain.org - GA4	129.215.197.144	user_engagement	1	1
2025-04-07	virtualflybrain.org - GA4	61d21a5c-c24c-4060-9a1d-185c49b8cd22.virtualflybrain.org	user_engagement	1	1
2025-04-07	virtualflybrain.org - GA4	8c212b03-94d4-4b64-b132-a3ddc580239c.virtualflybrain.org	user_engagement	1	1
2025-04-07	virtualflybrain.org - GA4	981gwa2l.virtualflybrain.org	user_engagement	3	3
2025-04-07	virtualflybrain.org - GA4	a.bb.ccc.dddd.nblast.virtualflybrain.org	user_engagement	1	1
2025-04-07	virtualflybrain.org - GA4	admin.virtualflybrain.org	user_engagement	1	1
2025-04-07	virtualflybrain.org - GA4	api.virtualflybrain.org	user_engagement	1	1
2025-04-07	virtualflybrain.org - GA4	blanik-jenkins.virtualflybrain.org	user_engagement	2	2
2025-04-07	virtualflybrain.org - GA4	blog.virtualflybrain.org	user_engagement	2	2
2025-04-07	virtualflybrain.org - GA4	bocian-jenkins.virtualflybrain.org	user_engagement	2	2
2025-04-07	virtualflybrain.org - GA4	build.virtualflybrain.org	user_engagement	2	2
2025-04-07	virtualflybrain.org - GA4	buttermilk.inf.ed.ac.uk	user_engagement	1	1
2025-04-07	virtualflybrain.org - GA4	catmaid-fafb.virtualflybrain.org	user_engagement	1	1
2025-04-07	virtualflybrain.org - GA4	debug.virtualflybrain.org	user_engagement	1	1
2025-04-07	virtualflybrain.org - GA4	dev.virtualflybrain.org	user_engagement	1	1
2025-04-07	virtualflybrain.org - GA4	dill.inf.ed.ac.uk	user_engagement	1	1
2025-04-07	virtualflybrain.org - GA4	flybrain.mrc-lmb.cam.ac.uk	page_view	1	1
2025-04-07	virtualflybrain.org - GA4	geppetto-dev.virtualflybrain.org	user_engagement	1	1
2025-04-07	virtualflybrain.org - GA4	geppetto-dev1.virtualflybrain.org	user_engagement	1	1
2025-04-07	virtualflybrain.org - GA4	geppetto.virtualflybrain.org	user_engagement	2	2
2025-04-07	virtualflybrain.org - GA4	grafana.virtualflybrain.org	user_engagement	2	2
2025-04-07	virtualflybrain.org - GA4	herd.virtualflybrain.org	user_engagement	1	1
2025-04-07	virtualflybrain.org - GA4	hugo.virtualflybrain.org	user_engagement	1	1
2025-04-07	virtualflybrain.org - GA4	i3vnc.catmaid.virtualflybrain.org	user_engagement	1	1
2025-04-07	virtualflybrain.org - GA4	imap.virtualflybrain.org	user_engagement	1	1
2025-04-07	virtualflybrain.org - GA4	jenkins.virtualflybrain.org	user_engagement	1	1
2025-04-07	virtualflybrain.org - GA4	jitsi.virtualflybrain.org	user_engagement	1	1
2025-04-07	virtualflybrain.org - GA4	jupyter.virtualflybrain.org	user_engagement	1	1
2025-04-07	virtualflybrain.org - GA4	jupyterhub.virtualflybrain.org	user_engagement	1	1
2025-04-07	virtualflybrain.org - GA4	karenin-jenkins.virtualflybrain.org	user_engagement	2	2
2025-04-07	virtualflybrain.org - GA4	kbw.virtualflybrain.org	user_engagement	2	2
2025-04-07	virtualflybrain.org - GA4	larval-app1.virtualflybrain.org	user_engagement	2	2
2025-04-07	virtualflybrain.org - GA4	larval.virtualflybrain.org	user_engagement	2	2
2025-04-07	virtualflybrain.org - GA4	mail.virtualflybrain.org	user_engagement	1	1
2025-04-07	virtualflybrain.org - GA4	meet.virtualflybrain.org	user_engagement	1	1
2025-04-07	virtualflybrain.org - GA4	monitor.virtualflybrain.org	user_engagement	2	2
2025-04-07	virtualflybrain.org - GA4	mysql.virtualflybrain.org	user_engagement	2	2
2025-04-07	virtualflybrain.org - GA4	natverse.virtualflybrain.org	user_engagement	1	1
2025-04-07	virtualflybrain.org - GA4	natverse1.virtualflybrain.org	user_engagement	2	2
2025-04-07	virtualflybrain.org - GA4	natverse2.virtualflybrain.org	user_engagement	2	2
2025-04-07	virtualflybrain.org - GA4	natverse3.virtualflybrain.org	user_engagement	2	2
2025-04-07	virtualflybrain.org - GA4	natverse4.virtualflybrain.org	user_engagement	2	2
2025-04-07	virtualflybrain.org - GA4	natverse5.virtualflybrain.org	user_engagement	1	1
2025-04-07	virtualflybrain.org - GA4	nblast.virtualflybrain.org	user_engagement	3	2
2025-04-07	virtualflybrain.org - GA4	nuzcijupyter.virtualflybrain.org	user_engagement	1	1
2025-04-07	virtualflybrain.org - GA4	owl-dev.virtualflybrain.org	user_engagement	1	1
2025-04-07	virtualflybrain.org - GA4	owl.virtualflybrain.org	first_visit	1	1
2025-04-07	virtualflybrain.org - GA4	owl.virtualflybrain.org	page_view	1	1
2025-04-07	virtualflybrain.org - GA4	owl.virtualflybrain.org	session_start	1	1
2025-04-07	virtualflybrain.org - GA4	owl.virtualflybrain.org	user_engagement	2	2
2025-04-07	virtualflybrain.org - GA4	p2.virtualflybrain.org	user_engagement	1	1
2025-04-07	virtualflybrain.org - GA4	pdb.p2.virtualflybrain.org	user_engagement	2	2
2025-04-07	virtualflybrain.org - GA4	pdl.virtualflybrain.org	user_engagement	2	2
2025-04-07	virtualflybrain.org - GA4	pgadmin.virtualflybrain.org	user_engagement	2	2
2025-04-07	virtualflybrain.org - GA4	r.virtualflybrain.org	user_engagement	2	2
2025-04-07	virtualflybrain.org - GA4	raw.larval.flylight.virtualflybrain.org	page_view	1	1
2025-04-07	virtualflybrain.org - GA4	raw.larval.flylight.virtualflybrain.org	session_start	1	1
2025-04-07	virtualflybrain.org - GA4	sb.virtualflybrain.org	user_engagement	2	2
2025-04-07	virtualflybrain.org - GA4	sb1.virtualflybrain.org	user_engagement	2	2
2025-04-07	virtualflybrain.org - GA4	sb2.virtualflybrain.org	user_engagement	2	2
2025-04-07	virtualflybrain.org - GA4	sb2.virtualflybrain.orgherd.virtualflybrain.org	user_engagement	2	2
2025-04-07	virtualflybrain.org - GA4	solr-alpha.virtualflybrain.org	user_engagement	1	1
2025-04-07	virtualflybrain.org - GA4	solr-dev.virtualflybrain.org	user_engagement	2	2
2025-04-07	virtualflybrain.org - GA4	solr.p2.virtualflybrain.org	user_engagement	2	2
2025-04-07	virtualflybrain.org - GA4	solr.virtualflybrain.org	user_engagement	2	2
2025-04-07	virtualflybrain.org - GA4	sourcream.inf.ed.ac.uk	user_engagement	1	1
2025-04-07	virtualflybrain.org - GA4	test-abd1.5.catmaid.virtualflybrain.org	user_engagement	1	1
2025-04-07	virtualflybrain.org - GA4	ubuntu.virtualflybrain.org	user_engagement	1	1
2025-04-07	virtualflybrain.org - GA4	v1-5.virtualflybrain.org	user_engagement	1	1
2025-04-07	virtualflybrain.org - GA4	v1.virtualflybrain.org	user_engagement	2	2
2025-04-07	virtualflybrain.org - GA4	v2-dev2.virtualflybrain.org	user_engagement	2	2
2025-04-07	virtualflybrain.org - GA4	v2-preview.virtualflybrain.org	user_engagement	2	2
2025-04-07	virtualflybrain.org - GA4	v2.virtualflybrain.org	cancelled	12	4
2025-04-07	virtualflybrain.org - GA4	v2.virtualflybrain.org	disconnected	37	13
2025-04-07	virtualflybrain.org - GA4	v2.virtualflybrain.org	errorlog	31	4
2025-04-07	virtualflybrain.org - GA4	v2.virtualflybrain.org	first_visit	10	10
2025-04-07	virtualflybrain.org - GA4	v2.virtualflybrain.org	opening	12	8
2025-04-07	virtualflybrain.org - GA4	v2.virtualflybrain.org	page_view	144	46
2025-04-07	virtualflybrain.org - GA4	v2.virtualflybrain.org	reconnect-attempt:0	35	12
2025-04-07	virtualflybrain.org - GA4	v2.virtualflybrain.org	reconnect-attempt:1	1	1
2025-04-07	virtualflybrain.org - GA4	v2.virtualflybrain.org	reconnect-failed-reloading	1	1
2025-04-07	virtualflybrain.org - GA4	v2.virtualflybrain.org	request	488	45
2025-04-07	virtualflybrain.org - GA4	v2.virtualflybrain.org	session_start	73	32
2025-04-07	virtualflybrain.org - GA4	v2.virtualflybrain.org	user_engagement	59	38
2025-04-07	virtualflybrain.org - GA4	v2a.virtualflybrain.org	user_engagement	2	2
2025-04-07	virtualflybrain.org - GA4	vfbblog.inf.ed.ac.uk	user_engagement	1	1
2025-04-07	virtualflybrain.org - GA4	vgeylsb.virtualflybrain.org	user_engagement	1	1
2025-04-07	virtualflybrain.org - GA4	virtualflybrain.org	first_visit	6	6
2025-04-07	virtualflybrain.org - GA4	virtualflybrain.org	page_view	10	7
2025-04-07	virtualflybrain.org - GA4	virtualflybrain.org	session_start	6	6
2025-04-07	virtualflybrain.org - GA4	virtualflybrain.org	user_engagement	16	12
2025-04-07	virtualflybrain.org - GA4	vnc.catmaid.virtualflybrain.org	user_engagement	1	1
2025-04-07	virtualflybrain.org - GA4	webtop.virtualflybrain.org	user_engagement	1	1
2025-04-07	virtualflybrain.org - GA4	www.v2.virtualflybrain.org	user_engagement	1	1
2025-04-07	virtualflybrain.org - GA4	www.virtualflybrain.org	first_visit	46	46
2025-04-07	virtualflybrain.org - GA4	www.virtualflybrain.org	page_view	76	52
2025-04-07	virtualflybrain.org - GA4	www.virtualflybrain.org	session_start	53	51
2025-04-07	virtualflybrain.org - GA4	www.virtualflybrain.org	user_engagement	62	42
2025-04-07	virtualflybrain.org - GA4	zip.virtualflybrain.org	first_visit	6	6
2025-04-07	virtualflybrain.org - GA4	zip.virtualflybrain.org	page_view	6	6
2025-04-07	virtualflybrain.org - GA4	zip.virtualflybrain.org	session_start	6	6
2025-04-07	virtualflybrain.org - GA4	zip.virtualflybrain.org	user_engagement	1	1
2025-04-08	virtualflybrain.org - GA4		page_view	1388	55
2025-04-08	virtualflybrain.org - GA4		session_start	1	1
2025-04-08	virtualflybrain.org - GA4	129.215.197.101	user_engagement	1	1
2025-04-08	virtualflybrain.org - GA4	129.215.197.110	user_engagement	1	1
2025-04-08	virtualflybrain.org - GA4	129.215.197.144	user_engagement	1	1
2025-04-08	virtualflybrain.org - GA4	981gwa2l.virtualflybrain.org	user_engagement	1	1
2025-04-08	virtualflybrain.org - GA4	api.virtualflybrain.org	user_engagement	1	1
2025-04-08	virtualflybrain.org - GA4	blanik-jenkins.virtualflybrain.org	user_engagement	1	1
2025-04-08	virtualflybrain.org - GA4	blog.virtualflybrain.org	first_visit	1	1
2025-04-08	virtualflybrain.org - GA4	blog.virtualflybrain.org	page_view	1	1
2025-04-08	virtualflybrain.org - GA4	blog.virtualflybrain.org	session_start	1	1
2025-04-08	virtualflybrain.org - GA4	blog.virtualflybrain.org	user_engagement	1	1
2025-04-08	virtualflybrain.org - GA4	bocian-jenkins.virtualflybrain.org	user_engagement	1	1
2025-04-08	virtualflybrain.org - GA4	build.virtualflybrain.org	user_engagement	1	1
2025-04-08	virtualflybrain.org - GA4	buttermilk.inf.ed.ac.uk	user_engagement	1	1
2025-04-08	virtualflybrain.org - GA4	catmaid-fafb.virtualflybrain.org	first_visit	3	3
2025-04-08	virtualflybrain.org - GA4	catmaid-fafb.virtualflybrain.org	page_view	3	3
2025-04-08	virtualflybrain.org - GA4	catmaid-fafb.virtualflybrain.org	session_start	3	3
2025-04-08	virtualflybrain.org - GA4	debug.virtualflybrain.org	user_engagement	1	1
2025-04-08	virtualflybrain.org - GA4	dill.inf.ed.ac.uk	first_visit	1	1
2025-04-08	virtualflybrain.org - GA4	dill.inf.ed.ac.uk	page_view	1	1
2025-04-08	virtualflybrain.org - GA4	dill.inf.ed.ac.uk	session_start	1	1
2025-04-08	virtualflybrain.org - GA4	geppetto-dev.virtualflybrain.org	user_engagement	1	1
2025-04-08	virtualflybrain.org - GA4	geppetto-dev1.virtualflybrain.org	user_engagement	1	1
2025-04-08	virtualflybrain.org - GA4	geppetto.virtualflybrain.org	user_engagement	1	1
2025-04-08	virtualflybrain.org - GA4	grafana.virtualflybrain.org	first_visit	2	2
2025-04-08	virtualflybrain.org - GA4	grafana.virtualflybrain.org	page_view	2	2
2025-04-08	virtualflybrain.org - GA4	grafana.virtualflybrain.org	session_start	2	2
2025-04-08	virtualflybrain.org - GA4	grafana.virtualflybrain.org	user_engagement	1	1
2025-04-08	virtualflybrain.org - GA4	herd.virtualflybrain.org	user_engagement	1	1
2025-04-08	virtualflybrain.org - GA4	jitsi.virtualflybrain.org	user_engagement	1	1
2025-04-08	virtualflybrain.org - GA4	jupyter.virtualflybrain.org	first_visit	1	1
2025-04-08	virtualflybrain.org - GA4	jupyter.virtualflybrain.org	page_view	1	1
2025-04-08	virtualflybrain.org - GA4	jupyter.virtualflybrain.org	session_start	1	1
2025-04-08	virtualflybrain.org - GA4	jupyter.virtualflybrain.org	user_engagement	2	2
2025-04-08	virtualflybrain.org - GA4	karenin-jenkins.virtualflybrain.org	user_engagement	1	1
2025-04-08	virtualflybrain.org - GA4	kbw.virtualflybrain.org	user_engagement	1	1
2025-04-08	virtualflybrain.org - GA4	larval-app1.virtualflybrain.org	user_engagement	1	1
2025-04-08	virtualflybrain.org - GA4	larval.virtualflybrain.org	user_engagement	2	2
2025-04-08	virtualflybrain.org - GA4	meet.virtualflybrain.org	user_engagement	1	1
2025-04-08	virtualflybrain.org - GA4	monitor.virtualflybrain.org	user_engagement	1	1
2025-04-08	virtualflybrain.org - GA4	mysql.virtualflybrain.org	user_engagement	1	1
2025-04-08	virtualflybrain.org - GA4	natverse.virtualflybrain.org	user_engagement	1	1
2025-04-08	virtualflybrain.org - GA4	natverse1.virtualflybrain.org	user_engagement	1	1
2025-04-08	virtualflybrain.org - GA4	natverse2.virtualflybrain.org	user_engagement	1	1
2025-04-08	virtualflybrain.org - GA4	natverse3.virtualflybrain.org	user_engagement	1	1
2025-04-08	virtualflybrain.org - GA4	natverse4.virtualflybrain.org	user_engagement	2	1
2025-04-08	virtualflybrain.org - GA4	natverse5.virtualflybrain.org	user_engagement	1	1
2025-04-08	virtualflybrain.org - GA4	owl.virtualflybrain.org	first_visit	3	3
2025-04-08	virtualflybrain.org - GA4	owl.virtualflybrain.org	page_view	3	3
2025-04-08	virtualflybrain.org - GA4	owl.virtualflybrain.org	session_start	3	3
2025-04-08	virtualflybrain.org - GA4	owl.virtualflybrain.org	user_engagement	1	1
2025-04-08	virtualflybrain.org - GA4	p2.virtualflybrain.org	user_engagement	1	1
2025-04-08	virtualflybrain.org - GA4	pdb.p2.virtualflybrain.org	user_engagement	1	1
2025-04-08	virtualflybrain.org - GA4	pdb.u3.virtualflybrain.org	user_engagement	1	1
2025-04-08	virtualflybrain.org - GA4	pdl.virtualflybrain.org	user_engagement	1	1
2025-04-08	virtualflybrain.org - GA4	pgadmin.virtualflybrain.org	first_visit	1	1
2025-04-08	virtualflybrain.org - GA4	pgadmin.virtualflybrain.org	page_view	1	1
2025-04-08	virtualflybrain.org - GA4	pgadmin.virtualflybrain.org	session_start	1	1
2025-04-08	virtualflybrain.org - GA4	pgadmin.virtualflybrain.org	user_engagement	2	2
2025-04-08	virtualflybrain.org - GA4	raw.larval.flylight.virtualflybrain.org	first_visit	1	1
2025-04-08	virtualflybrain.org - GA4	raw.larval.flylight.virtualflybrain.org	page_view	10	2
2025-04-08	virtualflybrain.org - GA4	raw.larval.flylight.virtualflybrain.org	session_start	3	2
2025-04-08	virtualflybrain.org - GA4	raw.larval.flylight.virtualflybrain.org	user_engagement	8	1
2025-04-08	virtualflybrain.org - GA4	rstudio.virtualflybrain.org	user_engagement	1	1
2025-04-08	virtualflybrain.org - GA4	sb2.virtualflybrain.org	user_engagement	1	1
2025-04-08	virtualflybrain.org - GA4	sb2.virtualflybrain.orgherd.virtualflybrain.org	user_engagement	1	1
2025-04-08	virtualflybrain.org - GA4	solr-alpha.virtualflybrain.org	user_engagement	1	1
2025-04-08	virtualflybrain.org - GA4	solr-dev.virtualflybrain.org	user_engagement	1	1
2025-04-08	virtualflybrain.org - GA4	solr.p2.virtualflybrain.org	user_engagement	1	1
2025-04-08	virtualflybrain.org - GA4	solr.virtualflybrain.org	user_engagement	1	1
2025-04-08	virtualflybrain.org - GA4	ubuntu.virtualflybrain.org	user_engagement	1	1
2025-04-08	virtualflybrain.org - GA4	v1-5.virtualflybrain.org	user_engagement	1	1
2025-04-08	virtualflybrain.org - GA4	v1.virtualflybrain.org	user_engagement	1	1
2025-04-08	virtualflybrain.org - GA4	v2-dev.virtualflybrain.org	errorlog	3	1
2025-04-08	virtualflybrain.org - GA4	v2-dev.virtualflybrain.org	page_view	2	1
2025-04-08	virtualflybrain.org - GA4	v2-dev.virtualflybrain.org	request	1	1
2025-04-08	virtualflybrain.org - GA4	v2-dev.virtualflybrain.org	session_start	1	1
2025-04-08	virtualflybrain.org - GA4	v2-dev2.virtualflybrain.org	user_engagement	1	1
2025-04-08	virtualflybrain.org - GA4	v2-preview.virtualflybrain.org	user_engagement	1	1
2025-04-08	virtualflybrain.org - GA4	v2.virtualflybrain.org	cancelled	19	5
2025-04-08	virtualflybrain.org - GA4	v2.virtualflybrain.org	disconnected	48	20
2025-04-08	virtualflybrain.org - GA4	v2.virtualflybrain.org	errorlog	397	3
2025-04-08	virtualflybrain.org - GA4	v2.virtualflybrain.org	first_visit	7	7
2025-04-08	virtualflybrain.org - GA4	v2.virtualflybrain.org	opening	2	2
2025-04-08	virtualflybrain.org - GA4	v2.virtualflybrain.org	page_view	190	62
2025-04-08	virtualflybrain.org - GA4	v2.virtualflybrain.org	reconnect-attempt:0	48	19
2025-04-08	virtualflybrain.org - GA4	v2.virtualflybrain.org	reconnect-attempt:1	1	1
2025-04-08	virtualflybrain.org - GA4	v2.virtualflybrain.org	request	421	58
2025-04-08	virtualflybrain.org - GA4	v2.virtualflybrain.org	session_start	89	38
2025-04-08	virtualflybrain.org - GA4	v2.virtualflybrain.org	user_engagement	51	36
2025-04-08	virtualflybrain.org - GA4	v2a.virtualflybrain.org	disconnected	4	1
2025-04-08	virtualflybrain.org - GA4	v2a.virtualflybrain.org	errorlog	56	2
2025-04-08	virtualflybrain.org - GA4	v2a.virtualflybrain.org	opening	3	1
2025-04-08	virtualflybrain.org - GA4	v2a.virtualflybrain.org	page_view	9	2
2025-04-08	virtualflybrain.org - GA4	v2a.virtualflybrain.org	reconnect-failed-reloading	4	1
2025-04-08	virtualflybrain.org - GA4	v2a.virtualflybrain.org	request	67	2
2025-04-08	virtualflybrain.org - GA4	v2a.virtualflybrain.org	session_start	2	2
2025-04-08	virtualflybrain.org - GA4	v2a.virtualflybrain.org	user_engagement	4	2
2025-04-08	virtualflybrain.org - GA4	v2test1.virtualflybrain.org	user_engagement	1	1
2025-04-08	virtualflybrain.org - GA4	vfbblog.inf.ed.ac.uk	user_engagement	1	1
2025-04-08	virtualflybrain.org - GA4	virtualflybrain.org	first_visit	10	10
2025-04-08	virtualflybrain.org - GA4	virtualflybrain.org	page_view	25	13
2025-04-08	virtualflybrain.org - GA4	virtualflybrain.org	session_start	11	11
2025-04-08	virtualflybrain.org - GA4	virtualflybrain.org	user_engagement	30	17
2025-04-08	virtualflybrain.org - GA4	webtop.virtualflybrain.org	user_engagement	2	1
2025-04-08	virtualflybrain.org - GA4	www.v2.virtualflybrain.org	first_visit	2	2
2025-04-08	virtualflybrain.org - GA4	www.v2.virtualflybrain.org	page_view	2	2
2025-04-08	virtualflybrain.org - GA4	www.v2.virtualflybrain.org	session_start	2	2
2025-04-08	virtualflybrain.org - GA4	www.v2.virtualflybrain.org	user_engagement	1	1
2025-04-08	virtualflybrain.org - GA4	www.virtualflybrain.org	first_visit	46	46
2025-04-08	virtualflybrain.org - GA4	www.virtualflybrain.org	page_view	147	59
2025-04-08	virtualflybrain.org - GA4	www.virtualflybrain.org	session_start	64	59
2025-04-08	virtualflybrain.org - GA4	www.virtualflybrain.org	user_engagement	144	45
2025-04-08	virtualflybrain.org - GA4	zip.virtualflybrain.org	first_visit	2	2
2025-04-08	virtualflybrain.org - GA4	zip.virtualflybrain.org	page_view	2	2
2025-04-08	virtualflybrain.org - GA4	zip.virtualflybrain.org	session_start	2	2
2025-04-08	virtualflybrain.org - GA4	zip.virtualflybrain.org	user_engagement	1	1
2025-04-09	virtualflybrain.org - GA4		page_view	1334	62
2025-04-09	virtualflybrain.org - GA4		session_start	1	1
2025-04-09	virtualflybrain.org - GA4	129.215.197.120	user_engagement	2	2
2025-04-09	virtualflybrain.org - GA4	129.215.197.143	first_visit	1	1
2025-04-09	virtualflybrain.org - GA4	129.215.197.143	page_view	1	1
2025-04-09	virtualflybrain.org - GA4	129.215.197.143	session_start	1	1
2025-04-09	virtualflybrain.org - GA4	129.215.197.143	user_engagement	1	1
2025-04-09	virtualflybrain.org - GA4	129.215.197.144	first_visit	1	1
2025-04-09	virtualflybrain.org - GA4	129.215.197.144	page_view	1	1
2025-04-09	virtualflybrain.org - GA4	129.215.197.144	session_start	1	1
2025-04-09	virtualflybrain.org - GA4	blog.virtualflybrain.org	first_visit	6	6
2025-04-09	virtualflybrain.org - GA4	blog.virtualflybrain.org	page_view	6	6
2025-04-09	virtualflybrain.org - GA4	blog.virtualflybrain.org	session_start	7	6
2025-04-09	virtualflybrain.org - GA4	blog.virtualflybrain.org	user_engagement	5	5
2025-04-09	virtualflybrain.org - GA4	catmaid-fafb.virtualflybrain.org	first_visit	3	3
2025-04-09	virtualflybrain.org - GA4	catmaid-fafb.virtualflybrain.org	page_view	3	3
2025-04-09	virtualflybrain.org - GA4	catmaid-fafb.virtualflybrain.org	session_start	3	3
2025-04-09	virtualflybrain.org - GA4	chive.inf.ed.ac.uk	user_engagement	1	1
2025-04-09	virtualflybrain.org - GA4	flybrain.inf.ed.ac.uk	first_visit	2	2
2025-04-09	virtualflybrain.org - GA4	flybrain.inf.ed.ac.uk	page_view	2	2
2025-04-09	virtualflybrain.org - GA4	flybrain.inf.ed.ac.uk	session_start	2	2
2025-04-09	virtualflybrain.org - GA4	flybrain.inf.ed.ac.uk	user_engagement	1	1
2025-04-09	virtualflybrain.org - GA4	grafana.virtualflybrain.org	first_visit	1	1
2025-04-09	virtualflybrain.org - GA4	grafana.virtualflybrain.org	page_view	2	2
2025-04-09	virtualflybrain.org - GA4	grafana.virtualflybrain.org	session_start	3	2
2025-04-09	virtualflybrain.org - GA4	grafana.virtualflybrain.org	user_engagement	2	2
2025-04-09	virtualflybrain.org - GA4	imap.virtualflybrain.org	user_engagement	1	1
2025-04-09	virtualflybrain.org - GA4	jupyter.virtualflybrain.org	user_engagement	1	1
2025-04-09	virtualflybrain.org - GA4	jupyterhub.virtualflybrain.org	user_engagement	1	1
2025-04-09	virtualflybrain.org - GA4	kbw.virtualflybrain.org	user_engagement	1	1
2025-04-09	virtualflybrain.org - GA4	meet.virtualflybrain.org	first_visit	1	1
2025-04-09	virtualflybrain.org - GA4	meet.virtualflybrain.org	page_view	1	1
2025-04-09	virtualflybrain.org - GA4	meet.virtualflybrain.org	session_start	1	1
2025-04-09	virtualflybrain.org - GA4	meet.virtualflybrain.org	user_engagement	2	2
2025-04-09	virtualflybrain.org - GA4	natverse2.virtualflybrain.org	user_engagement	1	1
2025-04-09	virtualflybrain.org - GA4	owl.virtualflybrain.org	user_engagement	1	1
2025-04-09	virtualflybrain.org - GA4	rstudio.virtualflybrain.org	user_engagement	1	1
2025-04-09	virtualflybrain.org - GA4	test-abd1.5.catmaid.virtualflybrain.org	user_engagement	1	1
2025-04-09	virtualflybrain.org - GA4	v2.virtualflybrain.org	cancelled	9	5
2025-04-09	virtualflybrain.org - GA4	v2.virtualflybrain.org	disconnected	54	22
2025-04-09	virtualflybrain.org - GA4	v2.virtualflybrain.org	errorlog	412	25
2025-04-09	virtualflybrain.org - GA4	v2.virtualflybrain.org	first_visit	14	14
2025-04-09	virtualflybrain.org - GA4	v2.virtualflybrain.org	opening	6	4
2025-04-09	virtualflybrain.org - GA4	v2.virtualflybrain.org	page_view	258	66
2025-04-09	virtualflybrain.org - GA4	v2.virtualflybrain.org	reconnect-attempt:0	51	20
2025-04-09	virtualflybrain.org - GA4	v2.virtualflybrain.org	reconnect-attempt:1	3	3
2025-04-09	virtualflybrain.org - GA4	v2.virtualflybrain.org	request	667	63
2025-04-09	virtualflybrain.org - GA4	v2.virtualflybrain.org	session_start	105	44
2025-04-09	virtualflybrain.org - GA4	v2.virtualflybrain.org	user_engagement	56	36
2025-04-09	virtualflybrain.org - GA4	v2a.virtualflybrain.org	disconnected	1	1
2025-04-09	virtualflybrain.org - GA4	v2a.virtualflybrain.org	errorlog	35	2
2025-04-09	virtualflybrain.org - GA4	v2a.virtualflybrain.org	page_view	7	2
2025-04-09	virtualflybrain.org - GA4	v2a.virtualflybrain.org	reconnect-attempt:0	1	1
2025-04-09	virtualflybrain.org - GA4	v2a.virtualflybrain.org	request	14	2
2025-04-09	virtualflybrain.org - GA4	v2a.virtualflybrain.org	session_start	4	1
2025-04-09	virtualflybrain.org - GA4	v2a.virtualflybrain.org	user_engagement	2	2
2025-04-09	virtualflybrain.org - GA4	virtualflybrain.org	first_visit	10	9
2025-04-09	virtualflybrain.org - GA4	virtualflybrain.org	page_view	37	10
2025-04-09	virtualflybrain.org - GA4	virtualflybrain.org	session_start	11	10
2025-04-09	virtualflybrain.org - GA4	virtualflybrain.org	user_engagement	26	5
2025-04-09	virtualflybrain.org - GA4	www.v2.virtualflybrain.org	first_visit	6	6
2025-04-09	virtualflybrain.org - GA4	www.v2.virtualflybrain.org	page_view	16	6
2025-04-09	virtualflybrain.org - GA4	www.v2.virtualflybrain.org	session_start	6	6
2025-04-09	virtualflybrain.org - GA4	www.v2.virtualflybrain.org	user_engagement	8	4
2025-04-09	virtualflybrain.org - GA4	www.virtualflybrain.org	first_visit	38	38
2025-04-09	virtualflybrain.org - GA4	www.virtualflybrain.org	page_view	107	58
2025-04-09	virtualflybrain.org - GA4	www.virtualflybrain.org	session_start	56	54
2025-04-09	virtualflybrain.org - GA4	www.virtualflybrain.org	user_engagement	94	46
2025-04-09	virtualflybrain.org - GA4	zip.virtualflybrain.org	first_visit	4	4
2025-04-09	virtualflybrain.org - GA4	zip.virtualflybrain.org	page_view	4	4
2025-04-09	virtualflybrain.org - GA4	zip.virtualflybrain.org	session_start	4	4
2025-04-10	virtualflybrain.org - GA4		page_view	976	38
2025-04-10	virtualflybrain.org - GA4	123456789abcdefghijklmnopq.virtualflybrain.org	user_engagement	1	1
2025-04-10	virtualflybrain.org - GA4	129.215.197.101	user_engagement	1	1
2025-04-10	virtualflybrain.org - GA4	129.215.197.110	first_visit	1	1
2025-04-10	virtualflybrain.org - GA4	129.215.197.110	page_view	1	1
2025-04-10	virtualflybrain.org - GA4	129.215.197.110	session_start	1	1
2025-04-10	virtualflybrain.org - GA4	482bm8l9immm8z9tw8t4k.virtualflybrain.org	user_engagement	1	1
2025-04-10	virtualflybrain.org - GA4	511e8a24-c663-48f5-9858-cee6c49e3718.virtualflybrain.org	user_engagement	1	1
2025-04-10	virtualflybrain.org - GA4	6ca6ec05-0e7c-414b-ab69-6aba90258b6b.virtualflybrain.org	user_engagement	1	1
2025-04-10	virtualflybrain.org - GA4	76e1bce3-27a5-406f-81cd-32f1152396af.virtualflybrain.org	user_engagement	1	1
2025-04-10	virtualflybrain.org - GA4	981gwa2l.virtualflybrain.org	user_engagement	1	1
2025-04-10	virtualflybrain.org - GA4	a.bb.ccc.dddd.nblast.virtualflybrain.org	user_engagement	1	1
2025-04-10	virtualflybrain.org - GA4	admin.virtualflybrain.org	user_engagement	1	1
2025-04-10	virtualflybrain.org - GA4	blanik-jenkins.virtualflybrain.org	user_engagement	1	1
2025-04-10	virtualflybrain.org - GA4	blog.virtualflybrain.org	user_engagement	1	1
2025-04-10	virtualflybrain.org - GA4	bocian-jenkins.virtualflybrain.org	user_engagement	1	1
2025-04-10	virtualflybrain.org - GA4	buttermilk.inf.ed.ac.uk	first_visit	2	2
2025-04-10	virtualflybrain.org - GA4	buttermilk.inf.ed.ac.uk	page_view	2	2
2025-04-10	virtualflybrain.org - GA4	buttermilk.inf.ed.ac.uk	session_start	2	2
2025-04-10	virtualflybrain.org - GA4	buttermilk.inf.ed.ac.uk	user_engagement	1	1
2025-04-10	virtualflybrain.org - GA4	catmaid-fafb.virtualflybrain.org	first_visit	3	3
2025-04-10	virtualflybrain.org - GA4	catmaid-fafb.virtualflybrain.org	page_view	3	3
2025-04-10	virtualflybrain.org - GA4	catmaid-fafb.virtualflybrain.org	session_start	3	3
2025-04-10	virtualflybrain.org - GA4	dev.virtualflybrain.org	user_engagement	1	1
2025-04-10	virtualflybrain.org - GA4	dill.inf.ed.ac.uk	first_visit	1	1
2025-04-10	virtualflybrain.org - GA4	dill.inf.ed.ac.uk	page_view	2	1
2025-04-10	virtualflybrain.org - GA4	dill.inf.ed.ac.uk	session_start	1	1
2025-04-10	virtualflybrain.org - GA4	dill.inf.ed.ac.uk	user_engagement	1	1
2025-04-10	virtualflybrain.org - GA4	geppetto-dev1.virtualflybrain.org	user_engagement	1	1
2025-04-10	virtualflybrain.org - GA4	geppetto.virtualflybrain.org	user_engagement	1	1
2025-04-10	virtualflybrain.org - GA4	grafana.virtualflybrain.org	user_engagement	1	1
2025-04-10	virtualflybrain.org - GA4	hugo.virtualflybrain.org	user_engagement	1	1
2025-04-10	virtualflybrain.org - GA4	i3vnc.catmaid.virtualflybrain.org	user_engagement	1	1
2025-04-10	virtualflybrain.org - GA4	jitsi.virtualflybrain.org	user_engagement	1	1
2025-04-10	virtualflybrain.org - GA4	jupyter.virtualflybrain.org	user_engagement	1	1
2025-04-10	virtualflybrain.org - GA4	karenin-jenkins.virtualflybrain.org	user_engagement	1	1
2025-04-10	virtualflybrain.org - GA4	kbw.virtualflybrain.org	user_engagement	1	1
2025-04-10	virtualflybrain.org - GA4	larval.virtualflybrain.org	user_engagement	1	1
2025-04-10	virtualflybrain.org - GA4	mail.virtualflybrain.org	user_engagement	1	1
2025-04-10	virtualflybrain.org - GA4	meet.virtualflybrain.org	user_engagement	1	1
2025-04-10	virtualflybrain.org - GA4	mysql.virtualflybrain.org	user_engagement	1	1
2025-04-10	virtualflybrain.org - GA4	natverse1.virtualflybrain.org	user_engagement	1	1
2025-04-10	virtualflybrain.org - GA4	natverse2.virtualflybrain.org	user_engagement	1	1
2025-04-10	virtualflybrain.org - GA4	natverse3.virtualflybrain.org	user_engagement	1	1
2025-04-10	virtualflybrain.org - GA4	natverse4.virtualflybrain.org	user_engagement	1	1
2025-04-10	virtualflybrain.org - GA4	natverse5.virtualflybrain.org	user_engagement	1	1
2025-04-10	virtualflybrain.org - GA4	owl-dev.virtualflybrain.org	user_engagement	1	1
2025-04-10	virtualflybrain.org - GA4	pdb.p2.virtualflybrain.org	user_engagement	1	1
2025-04-10	virtualflybrain.org - GA4	pdb.u3.virtualflybrain.org	user_engagement	1	1
2025-04-10	virtualflybrain.org - GA4	sb1.virtualflybrain.org	user_engagement	1	1
2025-04-10	virtualflybrain.org - GA4	sb2.virtualflybrain.orgherd.virtualflybrain.org	user_engagement	1	1
2025-04-10	virtualflybrain.org - GA4	smtp.virtualflybrain.org	user_engagement	1	1
2025-04-10	virtualflybrain.org - GA4	solr-dev.virtualflybrain.org	user_engagement	1	1
2025-04-10	virtualflybrain.org - GA4	solr.p2.virtualflybrain.org	user_engagement	1	1
2025-04-10	virtualflybrain.org - GA4	solr.virtualflybrain.org	user_engagement	1	1
2025-04-10	virtualflybrain.org - GA4	v2-preview.virtualflybrain.org	user_engagement	1	1
2025-04-10	virtualflybrain.org - GA4	v2.virtualflybrain.org	cancelled	10	4
2025-04-10	virtualflybrain.org - GA4	v2.virtualflybrain.org	disconnected	36	18
2025-04-10	virtualflybrain.org - GA4	v2.virtualflybrain.org	errorlog	399	32
2025-04-10	virtualflybrain.org - GA4	v2.virtualflybrain.org	first_visit	7	7
2025-04-10	virtualflybrain.org - GA4	v2.virtualflybrain.org	opening	4	4
2025-04-10	virtualflybrain.org - GA4	v2.virtualflybrain.org	page_view	152	43
2025-04-10	virtualflybrain.org - GA4	v2.virtualflybrain.org	reconnect-attempt:0	36	18
2025-04-10	virtualflybrain.org - GA4	v2.virtualflybrain.org	request	305	43
2025-04-10	virtualflybrain.org - GA4	v2.virtualflybrain.org	session_start	112	32
2025-04-10	virtualflybrain.org - GA4	v2.virtualflybrain.org	user_engagement	38	24
2025-04-10	virtualflybrain.org - GA4	v2a.virtualflybrain.org	disconnected	2	1
2025-04-10	virtualflybrain.org - GA4	v2a.virtualflybrain.org	errorlog	30	1
2025-04-10	virtualflybrain.org - GA4	v2a.virtualflybrain.org	page_view	10	1
2025-04-10	virtualflybrain.org - GA4	v2a.virtualflybrain.org	reconnect-attempt:0	2	1
2025-04-10	virtualflybrain.org - GA4	v2a.virtualflybrain.org	request	10	1
2025-04-10	virtualflybrain.org - GA4	v2a.virtualflybrain.org	session_start	1	1
2025-04-10	virtualflybrain.org - GA4	v2test1.virtualflybrain.org	user_engagement	1	1
2025-04-10	virtualflybrain.org - GA4	virtualflybrain.org	first_visit	2	2
2025-04-10	virtualflybrain.org - GA4	virtualflybrain.org	page_view	13	5
2025-04-10	virtualflybrain.org - GA4	virtualflybrain.org	session_start	5	5
2025-04-10	virtualflybrain.org - GA4	virtualflybrain.org	user_engagement	15	7
2025-04-10	virtualflybrain.org - GA4	vnc.catmaid.virtualflybrain.org	user_engagement	1	1
2025-04-10	virtualflybrain.org - GA4	webmail.virtualflybrain.org	user_engagement	1	1
2025-04-10	virtualflybrain.org - GA4	webtop.virtualflybrain.org	user_engagement	1	1
2025-04-10	virtualflybrain.org - GA4	www.virtualflybrain.org	first_visit	26	26
2025-04-10	virtualflybrain.org - GA4	www.virtualflybrain.org	page_view	82	41
2025-04-10	virtualflybrain.org - GA4	www.virtualflybrain.org	session_start	44	42
2025-04-10	virtualflybrain.org - GA4	www.virtualflybrain.org	user_engagement	65	33
2025-04-10	virtualflybrain.org - GA4	zip.virtualflybrain.org	first_visit	2	2
2025-04-10	virtualflybrain.org - GA4	zip.virtualflybrain.org	page_view	2	2
2025-04-10	virtualflybrain.org - GA4	zip.virtualflybrain.org	session_start	2	2
2025-04-11	virtualflybrain.org - GA4		page_view	1717	54
2025-04-11	virtualflybrain.org - GA4		session_start	1	1
2025-04-11	virtualflybrain.org - GA4	129.215.197.120	first_visit	1	1
2025-04-11	virtualflybrain.org - GA4	129.215.197.120	page_view	1	1
2025-04-11	virtualflybrain.org - GA4	129.215.197.120	session_start	1	1
2025-04-11	virtualflybrain.org - GA4	129.215.197.147	user_engagement	1	1
2025-04-11	virtualflybrain.org - GA4	981gwa2l.virtualflybrain.org	user_engagement	1	1
2025-04-11	virtualflybrain.org - GA4	kbw.virtualflybrain.org	first_visit	1	1
2025-04-11	virtualflybrain.org - GA4	kbw.virtualflybrain.org	page_view	1	1
2025-04-11	virtualflybrain.org - GA4	kbw.virtualflybrain.org	session_start	1	1
2025-04-11	virtualflybrain.org - GA4	meet.virtualflybrain.org	first_visit	1	1
2025-04-11	virtualflybrain.org - GA4	meet.virtualflybrain.org	page_view	1	1
2025-04-11	virtualflybrain.org - GA4	meet.virtualflybrain.org	session_start	1	1
2025-04-11	virtualflybrain.org - GA4	owl.virtualflybrain.org	first_visit	2	2
2025-04-11	virtualflybrain.org - GA4	owl.virtualflybrain.org	page_view	2	2
2025-04-11	virtualflybrain.org - GA4	owl.virtualflybrain.org	session_start	2	2
2025-04-11	virtualflybrain.org - GA4	v2.virtualflybrain.org	cancelled	15	6
2025-04-11	virtualflybrain.org - GA4	v2.virtualflybrain.org	disconnected	41	17
2025-04-11	virtualflybrain.org - GA4	v2.virtualflybrain.org	errorlog	701	50
2025-04-11	virtualflybrain.org - GA4	v2.virtualflybrain.org	first_visit	16	16
2025-04-11	virtualflybrain.org - GA4	v2.virtualflybrain.org	opening	5	4
2025-04-11	virtualflybrain.org - GA4	v2.virtualflybrain.org	page_view	401	59
2025-04-11	virtualflybrain.org - GA4	v2.virtualflybrain.org	reconnect-attempt:0	37	14
2025-04-11	virtualflybrain.org - GA4	v2.virtualflybrain.org	reconnect-attempt:1	3	3
2025-04-11	virtualflybrain.org - GA4	v2.virtualflybrain.org	reconnect-failed-reloading	1	1
2025-04-11	virtualflybrain.org - GA4	v2.virtualflybrain.org	request	912	54
2025-04-11	virtualflybrain.org - GA4	v2.virtualflybrain.org	session_start	157	44
2025-04-11	virtualflybrain.org - GA4	v2.virtualflybrain.org	user_engagement	52	34
2025-04-11	virtualflybrain.org - GA4	v2a.virtualflybrain.org	disconnected	1	1
2025-04-11	virtualflybrain.org - GA4	v2a.virtualflybrain.org	errorlog	3	1
2025-04-11	virtualflybrain.org - GA4	v2a.virtualflybrain.org	page_view	1	1
2025-04-11	virtualflybrain.org - GA4	v2a.virtualflybrain.org	reconnect-attempt:0	1	1
2025-04-11	virtualflybrain.org - GA4	v2a.virtualflybrain.org	request	1	1
2025-04-11	virtualflybrain.org - GA4	virtualflybrain.org	first_visit	2	2
2025-04-11	virtualflybrain.org - GA4	virtualflybrain.org	page_view	8	4
2025-04-11	virtualflybrain.org - GA4	virtualflybrain.org	session_start	5	5
2025-04-11	virtualflybrain.org - GA4	virtualflybrain.org	user_engagement	10	5
2025-04-11	virtualflybrain.org - GA4	www.virtualflybrain.org	first_visit	32	32
2025-04-11	virtualflybrain.org - GA4	www.virtualflybrain.org	page_view	74	48
2025-04-11	virtualflybrain.org - GA4	www.virtualflybrain.org	session_start	44	40
2025-04-11	virtualflybrain.org - GA4	www.virtualflybrain.org	user_engagement	51	33
2025-04-11	virtualflybrain.org - GA4	zip.virtualflybrain.org	first_visit	3	3
2025-04-11	virtualflybrain.org - GA4	zip.virtualflybrain.org	page_view	3	3
2025-04-11	virtualflybrain.org - GA4	zip.virtualflybrain.org	session_start	3	3
2025-04-12	virtualflybrain.org - GA4		page_view	655	30
2025-04-12	virtualflybrain.org - GA4	123456789abcdefghijklmnopq.virtualflybrain.org	user_engagement	1	1
2025-04-12	virtualflybrain.org - GA4	129.215.197.101	first_visit	2	2
2025-04-12	virtualflybrain.org - GA4	129.215.197.101	page_view	2	2
2025-04-12	virtualflybrain.org - GA4	129.215.197.101	session_start	2	2
2025-04-12	virtualflybrain.org - GA4	129.215.197.101	user_engagement	1	1
2025-04-12	virtualflybrain.org - GA4	129.215.197.110	first_visit	2	2
2025-04-12	virtualflybrain.org - GA4	129.215.197.110	page_view	2	2
2025-04-12	virtualflybrain.org - GA4	129.215.197.110	session_start	2	2
2025-04-12	virtualflybrain.org - GA4	129.215.197.120	user_engagement	1	1
2025-04-12	virtualflybrain.org - GA4	129.215.197.143	first_visit	2	2
2025-04-12	virtualflybrain.org - GA4	129.215.197.143	page_view	2	2
2025-04-12	virtualflybrain.org - GA4	129.215.197.143	session_start	2	2
2025-04-12	virtualflybrain.org - GA4	129.215.197.143	user_engagement	1	1
2025-04-12	virtualflybrain.org - GA4	129.215.197.144	first_visit	2	2
2025-04-12	virtualflybrain.org - GA4	129.215.197.144	page_view	2	2
2025-04-12	virtualflybrain.org - GA4	129.215.197.144	session_start	2	2
2025-04-12	virtualflybrain.org - GA4	129.215.197.144	user_engagement	1	1
2025-04-12	virtualflybrain.org - GA4	129.215.197.147	first_visit	1	1
2025-04-12	virtualflybrain.org - GA4	129.215.197.147	page_view	1	1
2025-04-12	virtualflybrain.org - GA4	129.215.197.147	session_start	1	1
2025-04-12	virtualflybrain.org - GA4	129.215.197.147	user_engagement	1	1
2025-04-12	virtualflybrain.org - GA4	482bm8l9immm8z9tw8t4k.virtualflybrain.org	user_engagement	1	1
2025-04-12	virtualflybrain.org - GA4	6ca6ec05-0e7c-414b-ab69-6aba90258b6b.virtualflybrain.org	user_engagement	1	1
2025-04-12	virtualflybrain.org - GA4	76e1bce3-27a5-406f-81cd-32f1152396af.virtualflybrain.org	user_engagement	1	1
2025-04-12	virtualflybrain.org - GA4	981gwa2l.virtualflybrain.org	user_engagement	2	2
2025-04-12	virtualflybrain.org - GA4	admin.virtualflybrain.org	user_engagement	1	1
2025-04-12	virtualflybrain.org - GA4	blanik-jenkins.virtualflybrain.org	user_engagement	1	1
2025-04-12	virtualflybrain.org - GA4	blog.virtualflybrain.org	first_visit	1	1
2025-04-12	virtualflybrain.org - GA4	blog.virtualflybrain.org	page_view	1	1
2025-04-12	virtualflybrain.org - GA4	blog.virtualflybrain.org	session_start	1	1
2025-04-12	virtualflybrain.org - GA4	blog.virtualflybrain.org	user_engagement	1	1
2025-04-12	virtualflybrain.org - GA4	bocian-jenkins.virtualflybrain.org	user_engagement	1	1
2025-04-12	virtualflybrain.org - GA4	catmaid-fafb.virtualflybrain.org	first_visit	3	3
2025-04-12	virtualflybrain.org - GA4	catmaid-fafb.virtualflybrain.org	page_view	3	3
2025-04-12	virtualflybrain.org - GA4	catmaid-fafb.virtualflybrain.org	session_start	3	3
2025-04-12	virtualflybrain.org - GA4	catmaid-fafb.virtualflybrain.org	user_engagement	1	1
2025-04-12	virtualflybrain.org - GA4	chive.inf.ed.ac.uk	user_engagement	1	1
2025-04-12	virtualflybrain.org - GA4	debug.virtualflybrain.org	user_engagement	1	1
2025-04-12	virtualflybrain.org - GA4	dev.virtualflybrain.org	user_engagement	1	1
2025-04-12	virtualflybrain.org - GA4	dill.inf.ed.ac.uk	first_visit	1	1
2025-04-12	virtualflybrain.org - GA4	dill.inf.ed.ac.uk	page_view	1	1
2025-04-12	virtualflybrain.org - GA4	dill.inf.ed.ac.uk	session_start	1	1
2025-04-12	virtualflybrain.org - GA4	geppetto-dev.virtualflybrain.org	user_engagement	1	1
2025-04-12	virtualflybrain.org - GA4	geppetto-dev1.virtualflybrain.org	user_engagement	1	1
2025-04-12	virtualflybrain.org - GA4	geppetto.virtualflybrain.org	user_engagement	1	1
2025-04-12	virtualflybrain.org - GA4	grafana.virtualflybrain.org	user_engagement	1	1
2025-04-12	virtualflybrain.org - GA4	herd.virtualflybrain.org	user_engagement	1	1
2025-04-12	virtualflybrain.org - GA4	hugo.virtualflybrain.org	user_engagement	1	1
2025-04-12	virtualflybrain.org - GA4	ids.virtualflybrain.org	user_engagement	1	1
2025-04-12	virtualflybrain.org - GA4	jupyter.virtualflybrain.org	user_engagement	1	1
2025-04-12	virtualflybrain.org - GA4	karenin-jenkins.virtualflybrain.org	user_engagement	1	1
2025-04-12	virtualflybrain.org - GA4	kbw.virtualflybrain.org	user_engagement	1	1
2025-04-12	virtualflybrain.org - GA4	larval.virtualflybrain.org	user_engagement	2	2
2025-04-12	virtualflybrain.org - GA4	mail.virtualflybrain.org	user_engagement	1	1
2025-04-12	virtualflybrain.org - GA4	mysql.virtualflybrain.org	user_engagement	1	1
2025-04-12	virtualflybrain.org - GA4	natverse.virtualflybrain.org	user_engagement	1	1
2025-04-12	virtualflybrain.org - GA4	natverse1.virtualflybrain.org	user_engagement	1	1
2025-04-12	virtualflybrain.org - GA4	natverse2.virtualflybrain.org	user_engagement	1	1
2025-04-12	virtualflybrain.org - GA4	natverse3.virtualflybrain.org	user_engagement	1	1
2025-04-12	virtualflybrain.org - GA4	natverse4.virtualflybrain.org	user_engagement	1	1
2025-04-12	virtualflybrain.org - GA4	natverse5.virtualflybrain.org	user_engagement	1	1
2025-04-12	virtualflybrain.org - GA4	nblast.virtualflybrain.org	user_engagement	1	1
2025-04-12	virtualflybrain.org - GA4	owl.virtualflybrain.org	first_visit	5	5
2025-04-12	virtualflybrain.org - GA4	owl.virtualflybrain.org	page_view	5	5
2025-04-12	virtualflybrain.org - GA4	owl.virtualflybrain.org	session_start	5	5
2025-04-12	virtualflybrain.org - GA4	pdb.u3.virtualflybrain.org	user_engagement	1	1
2025-04-12	virtualflybrain.org - GA4	rstudio.virtualflybrain.org	user_engagement	1	1
2025-04-12	virtualflybrain.org - GA4	sb.virtualflybrain.org	user_engagement	1	1
2025-04-12	virtualflybrain.org - GA4	sb1.virtualflybrain.org	user_engagement	1	1
2025-04-12	virtualflybrain.org - GA4	sb2.virtualflybrain.orgherd.virtualflybrain.org	user_engagement	1	1
2025-04-12	virtualflybrain.org - GA4	smtp.virtualflybrain.org	user_engagement	1	1
2025-04-12	virtualflybrain.org - GA4	solr-dev.virtualflybrain.org	user_engagement	1	1
2025-04-12	virtualflybrain.org - GA4	solr.p2.virtualflybrain.org	user_engagement	1	1
2025-04-12	virtualflybrain.org - GA4	ubuntu.virtualflybrain.org	user_engagement	1	1
2025-04-12	virtualflybrain.org - GA4	v1.virtualflybrain.org	user_engagement	1	1
2025-04-12	virtualflybrain.org - GA4	v2-preview.virtualflybrain.org	user_engagement	1	1
2025-04-12	virtualflybrain.org - GA4	v2.virtualflybrain.org	cancelled	5	2
2025-04-12	virtualflybrain.org - GA4	v2.virtualflybrain.org	disconnected	25	9
2025-04-12	virtualflybrain.org - GA4	v2.virtualflybrain.org	errorlog	556	31
2025-04-12	virtualflybrain.org - GA4	v2.virtualflybrain.org	first_visit	4	4
2025-04-12	virtualflybrain.org - GA4	v2.virtualflybrain.org	opening	3	1
2025-04-12	virtualflybrain.org - GA4	v2.virtualflybrain.org	page_view	185	33
2025-04-12	virtualflybrain.org - GA4	v2.virtualflybrain.org	reconnect-attempt:0	23	8
2025-04-12	virtualflybrain.org - GA4	v2.virtualflybrain.org	request	304	32
2025-04-12	virtualflybrain.org - GA4	v2.virtualflybrain.org	session_start	114	19
2025-04-12	virtualflybrain.org - GA4	v2.virtualflybrain.org	user_engagement	24	16
2025-04-12	virtualflybrain.org - GA4	v2a.virtualflybrain.org	disconnected	2	1
2025-04-12	virtualflybrain.org - GA4	v2a.virtualflybrain.org	errorlog	6	1
2025-04-12	virtualflybrain.org - GA4	v2a.virtualflybrain.org	page_view	2	1
2025-04-12	virtualflybrain.org - GA4	v2a.virtualflybrain.org	reconnect-attempt:0	2	1
2025-04-12	virtualflybrain.org - GA4	v2a.virtualflybrain.org	request	2	1
2025-04-12	virtualflybrain.org - GA4	vfbblog.inf.ed.ac.uk	user_engagement	1	1
2025-04-12	virtualflybrain.org - GA4	virtualflybrain.org	first_visit	3	3
2025-04-12	virtualflybrain.org - GA4	virtualflybrain.org	page_view	3	3
2025-04-12	virtualflybrain.org - GA4	virtualflybrain.org	session_start	3	3
2025-04-12	virtualflybrain.org - GA4	virtualflybrain.org	user_engagement	12	12
2025-04-12	virtualflybrain.org - GA4	webmail.virtualflybrain.org	user_engagement	1	1
2025-04-12	virtualflybrain.org - GA4	webtop.virtualflybrain.org	user_engagement	1	1
2025-04-12	virtualflybrain.org - GA4	www.virtualflybrain.org	first_visit	33	33
2025-04-12	virtualflybrain.org - GA4	www.virtualflybrain.org	page_view	57	37
2025-04-12	virtualflybrain.org - GA4	www.virtualflybrain.org	session_start	36	36
2025-04-12	virtualflybrain.org - GA4	www.virtualflybrain.org	user_engagement	52	27
2025-04-12	virtualflybrain.org - GA4	zip.virtualflybrain.org	first_visit	5	5
2025-04-12	virtualflybrain.org - GA4	zip.virtualflybrain.org	page_view	5	5
2025-04-12	virtualflybrain.org - GA4	zip.virtualflybrain.org	session_start	5	5
2025-04-13	virtualflybrain.org - GA4		page_view	414	26
2025-04-13	virtualflybrain.org - GA4	129.215.197.101	user_engagement	1	1
2025-04-13	virtualflybrain.org - GA4	129.215.197.143	first_visit	1	1
2025-04-13	virtualflybrain.org - GA4	129.215.197.143	page_view	1	1
2025-04-13	virtualflybrain.org - GA4	129.215.197.143	session_start	1	1
2025-04-13	virtualflybrain.org - GA4	129.215.197.143	user_engagement	1	1
2025-04-13	virtualflybrain.org - GA4	981gwa2l.virtualflybrain.org	user_engagement	1	1
2025-04-13	virtualflybrain.org - GA4	blog.virtualflybrain.org	first_visit	1	1
2025-04-13	virtualflybrain.org - GA4	blog.virtualflybrain.org	page_view	1	1
2025-04-13	virtualflybrain.org - GA4	blog.virtualflybrain.org	session_start	1	1
2025-04-13	virtualflybrain.org - GA4	catmaid-fafb.virtualflybrain.org	first_visit	6	6
2025-04-13	virtualflybrain.org - GA4	catmaid-fafb.virtualflybrain.org	page_view	6	6
2025-04-13	virtualflybrain.org - GA4	catmaid-fafb.virtualflybrain.org	session_start	6	6
2025-04-13	virtualflybrain.org - GA4	dill.inf.ed.ac.uk	first_visit	1	1
2025-04-13	virtualflybrain.org - GA4	dill.inf.ed.ac.uk	page_view	1	1
2025-04-13	virtualflybrain.org - GA4	dill.inf.ed.ac.uk	session_start	1	1
2025-04-13	virtualflybrain.org - GA4	owl.virtualflybrain.org	first_visit	3	3
2025-04-13	virtualflybrain.org - GA4	owl.virtualflybrain.org	page_view	3	3
2025-04-13	virtualflybrain.org - GA4	owl.virtualflybrain.org	session_start	3	3
2025-04-13	virtualflybrain.org - GA4	v2.virtualflybrain.org	cancelled	5	3
2025-04-13	virtualflybrain.org - GA4	v2.virtualflybrain.org	disconnected	15	8
2025-04-13	virtualflybrain.org - GA4	v2.virtualflybrain.org	errorlog	400	26
2025-04-13	virtualflybrain.org - GA4	v2.virtualflybrain.org	first_visit	6	6
2025-04-13	virtualflybrain.org - GA4	v2.virtualflybrain.org	opening	1	1
2025-04-13	virtualflybrain.org - GA4	v2.virtualflybrain.org	page_view	136	29
2025-04-13	virtualflybrain.org - GA4	v2.virtualflybrain.org	reconnect-attempt:0	13	8
2025-04-13	virtualflybrain.org - GA4	v2.virtualflybrain.org	request	186	27
2025-04-13	virtualflybrain.org - GA4	v2.virtualflybrain.org	session_start	96	23
2025-04-13	virtualflybrain.org - GA4	v2.virtualflybrain.org	user_engagement	16	13
2025-04-13	virtualflybrain.org - GA4	v2a.virtualflybrain.org	errorlog	12	1
2025-04-13	virtualflybrain.org - GA4	v2a.virtualflybrain.org	page_view	4	1
2025-04-13	virtualflybrain.org - GA4	v2a.virtualflybrain.org	request	4	1
2025-04-13	virtualflybrain.org - GA4	v2a.virtualflybrain.org	session_start	2	1
2025-04-13	virtualflybrain.org - GA4	virtualflybrain.org	first_visit	4	4
2025-04-13	virtualflybrain.org - GA4	virtualflybrain.org	page_view	8	4
2025-04-13	virtualflybrain.org - GA4	virtualflybrain.org	session_start	5	4
2025-04-13	virtualflybrain.org - GA4	virtualflybrain.org	user_engagement	2	2
2025-04-13	virtualflybrain.org - GA4	www.virtualflybrain.org	first_visit	28	28
2025-04-13	virtualflybrain.org - GA4	www.virtualflybrain.org	page_view	35	28
2025-04-13	virtualflybrain.org - GA4	www.virtualflybrain.org	session_start	28	28
2025-04-13	virtualflybrain.org - GA4	www.virtualflybrain.org	user_engagement	22	15
2025-04-13	virtualflybrain.org - GA4	zip.virtualflybrain.org	first_visit	6	6
2025-04-13	virtualflybrain.org - GA4	zip.virtualflybrain.org	page_view	6	6
2025-04-13	virtualflybrain.org - GA4	zip.virtualflybrain.org	session_start	6	6
2025-04-14	virtualflybrain.org - GA4		page_view	1607	47
2025-04-14	virtualflybrain.org - GA4	129.215.197.110	first_visit	1	1
2025-04-14	virtualflybrain.org - GA4	129.215.197.110	page_view	1	1
2025-04-14	virtualflybrain.org - GA4	129.215.197.110	session_start	1	1
2025-04-14	virtualflybrain.org - GA4	129.215.197.110	user_engagement	1	1
2025-04-14	virtualflybrain.org - GA4	129.215.197.120	user_engagement	1	1
2025-04-14	virtualflybrain.org - GA4	129.215.197.144	first_visit	1	1
2025-04-14	virtualflybrain.org - GA4	129.215.197.144	page_view	1	1
2025-04-14	virtualflybrain.org - GA4	129.215.197.144	session_start	1	1
2025-04-14	virtualflybrain.org - GA4	129.215.197.147	first_visit	1	1
2025-04-14	virtualflybrain.org - GA4	129.215.197.147	page_view	1	1
2025-04-14	virtualflybrain.org - GA4	129.215.197.147	session_start	1	1
2025-04-14	virtualflybrain.org - GA4	owl.virtualflybrain.org	first_visit	2	2
2025-04-14	virtualflybrain.org - GA4	owl.virtualflybrain.org	page_view	2	2
2025-04-14	virtualflybrain.org - GA4	owl.virtualflybrain.org	session_start	2	2
2025-04-14	virtualflybrain.org - GA4	raw.larval.flylight.virtualflybrain.org	first_visit	2	2
2025-04-14	virtualflybrain.org - GA4	raw.larval.flylight.virtualflybrain.org	page_view	3	2
2025-04-14	virtualflybrain.org - GA4	raw.larval.flylight.virtualflybrain.org	session_start	2	2
2025-04-14	virtualflybrain.org - GA4	v2-dev.virtualflybrain.org	disconnected	1	1
2025-04-14	virtualflybrain.org - GA4	v2-dev.virtualflybrain.org	errorlog	10	3
2025-04-14	virtualflybrain.org - GA4	v2-dev.virtualflybrain.org	page_view	10	3
2025-04-14	virtualflybrain.org - GA4	v2-dev.virtualflybrain.org	reconnect-attempt:0	1	1
2025-04-14	virtualflybrain.org - GA4	v2-dev.virtualflybrain.org	request	10	3
2025-04-14	virtualflybrain.org - GA4	v2-dev.virtualflybrain.org	session_start	3	2
2025-04-14	virtualflybrain.org - GA4	v2-dev.virtualflybrain.org	user_engagement	1	1
2025-04-14	virtualflybrain.org - GA4	v2.virtualflybrain.org	cancelled	10	5
2025-04-14	virtualflybrain.org - GA4	v2.virtualflybrain.org	disconnected	27	13
2025-04-14	virtualflybrain.org - GA4	v2.virtualflybrain.org	errorlog	721	47
2025-04-14	virtualflybrain.org - GA4	v2.virtualflybrain.org	first_visit	12	12
2025-04-14	virtualflybrain.org - GA4	v2.virtualflybrain.org	opening	14	5
2025-04-14	virtualflybrain.org - GA4	v2.virtualflybrain.org	page_view	235	51
2025-04-14	virtualflybrain.org - GA4	v2.virtualflybrain.org	reconnect-attempt:0	26	12
2025-04-14	virtualflybrain.org - GA4	v2.virtualflybrain.org	reconnect-attempt:1	1	1
2025-04-14	virtualflybrain.org - GA4	v2.virtualflybrain.org	request	559	49
2025-04-14	virtualflybrain.org - GA4	v2.virtualflybrain.org	session_start	97	30
2025-04-14	virtualflybrain.org - GA4	v2.virtualflybrain.org	user_engagement	62	32
2025-04-14	virtualflybrain.org - GA4	v2a.virtualflybrain.org	disconnected	1	1
2025-04-14	virtualflybrain.org - GA4	v2a.virtualflybrain.org	errorlog	27	1
2025-04-14	virtualflybrain.org - GA4	v2a.virtualflybrain.org	page_view	9	1
2025-04-14	virtualflybrain.org - GA4	v2a.virtualflybrain.org	reconnect-attempt:0	1	1
2025-04-14	virtualflybrain.org - GA4	v2a.virtualflybrain.org	request	9	1
2025-04-14	virtualflybrain.org - GA4	v2a.virtualflybrain.org	session_start	4	1
2025-04-14	virtualflybrain.org - GA4	virtualflybrain.org	first_visit	5	5
2025-04-14	virtualflybrain.org - GA4	virtualflybrain.org	page_view	8	7
2025-04-14	virtualflybrain.org - GA4	virtualflybrain.org	session_start	6	5
2025-04-14	virtualflybrain.org - GA4	virtualflybrain.org	user_engagement	7	6
2025-04-14	virtualflybrain.org - GA4	www.virtualflybrain.org	first_visit	44	44
2025-04-14	virtualflybrain.org - GA4	www.virtualflybrain.org	page_view	65	55
2025-04-14	virtualflybrain.org - GA4	www.virtualflybrain.org	session_start	56	52
2025-04-14	virtualflybrain.org - GA4	www.virtualflybrain.org	user_engagement	45	40
2025-04-14	virtualflybrain.org - GA4	zip.virtualflybrain.org	first_visit	5	5
2025-04-14	virtualflybrain.org - GA4	zip.virtualflybrain.org	page_view	5	5
2025-04-14	virtualflybrain.org - GA4	zip.virtualflybrain.org	session_start	5	5
2025-04-15	virtualflybrain.org - GA4		page_view	1362	41
2025-04-15	virtualflybrain.org - GA4	129.215.197.143	first_visit	2	2
2025-04-15	virtualflybrain.org - GA4	129.215.197.143	page_view	2	2
2025-04-15	virtualflybrain.org - GA4	129.215.197.143	session_start	2	2
2025-04-15	virtualflybrain.org - GA4	129.215.197.144	user_engagement	1	1
2025-04-15	virtualflybrain.org - GA4	blog.virtualflybrain.org	first_visit	1	1
2025-04-15	virtualflybrain.org - GA4	blog.virtualflybrain.org	page_view	1	1
2025-04-15	virtualflybrain.org - GA4	blog.virtualflybrain.org	session_start	1	1
2025-04-15	virtualflybrain.org - GA4	owl.virtualflybrain.org	first_visit	4	4
2025-04-15	virtualflybrain.org - GA4	owl.virtualflybrain.org	page_view	4	4
2025-04-15	virtualflybrain.org - GA4	owl.virtualflybrain.org	session_start	4	4
2025-04-15	virtualflybrain.org - GA4	raw.larval.flylight.virtualflybrain.org	page_view	2	1
2025-04-15	virtualflybrain.org - GA4	raw.larval.flylight.virtualflybrain.org	session_start	1	1
2025-04-15	virtualflybrain.org - GA4	v2-dev.virtualflybrain.org	disconnected	4	1
2025-04-15	virtualflybrain.org - GA4	v2-dev.virtualflybrain.org	errorlog	29	1
2025-04-15	virtualflybrain.org - GA4	v2-dev.virtualflybrain.org	page_view	14	1
2025-04-15	virtualflybrain.org - GA4	v2-dev.virtualflybrain.org	reconnect-attempt:0	4	1
2025-04-15	virtualflybrain.org - GA4	v2-dev.virtualflybrain.org	request	13	1
2025-04-15	virtualflybrain.org - GA4	v2-dev.virtualflybrain.org	session_start	1	1
2025-04-15	virtualflybrain.org - GA4	v2-dev.virtualflybrain.org	user_engagement	3	1
2025-04-15	virtualflybrain.org - GA4	v2.virtualflybrain.org	cancelled	27	3
2025-04-15	virtualflybrain.org - GA4	v2.virtualflybrain.org	disconnected	39	13
2025-04-15	virtualflybrain.org - GA4	v2.virtualflybrain.org	errorlog	846	41
2025-04-15	virtualflybrain.org - GA4	v2.virtualflybrain.org	first_visit	6	6
2025-04-15	virtualflybrain.org - GA4	v2.virtualflybrain.org	opening	6	3
2025-04-15	virtualflybrain.org - GA4	v2.virtualflybrain.org	page_view	265	44
2025-04-15	virtualflybrain.org - GA4	v2.virtualflybrain.org	reconnect-attempt:0	37	13
2025-04-15	virtualflybrain.org - GA4	v2.virtualflybrain.org	request	436	44
2025-04-15	virtualflybrain.org - GA4	v2.virtualflybrain.org	session_start	136	33
2025-04-15	virtualflybrain.org - GA4	v2.virtualflybrain.org	user_engagement	31	26
2025-04-15	virtualflybrain.org - GA4	v2a.virtualflybrain.org	disconnected	3	1
2025-04-15	virtualflybrain.org - GA4	v2a.virtualflybrain.org	errorlog	21	1
2025-04-15	virtualflybrain.org - GA4	v2a.virtualflybrain.org	page_view	7	1
2025-04-15	virtualflybrain.org - GA4	v2a.virtualflybrain.org	reconnect-attempt:0	3	1
2025-04-15	virtualflybrain.org - GA4	v2a.virtualflybrain.org	request	7	1
2025-04-15	virtualflybrain.org - GA4	v2a.virtualflybrain.org	session_start	3	1
2025-04-15	virtualflybrain.org - GA4	virtualflybrain.org	first_visit	5	5
2025-04-15	virtualflybrain.org - GA4	virtualflybrain.org	page_view	18	6
2025-04-15	virtualflybrain.org - GA4	virtualflybrain.org	session_start	5	5
2025-04-15	virtualflybrain.org - GA4	virtualflybrain.org	user_engagement	18	4
2025-04-15	virtualflybrain.org - GA4	www.virtualflybrain.org	first_visit	69	69
2025-04-15	virtualflybrain.org - GA4	www.virtualflybrain.org	page_view	101	84
2025-04-15	virtualflybrain.org - GA4	www.virtualflybrain.org	session_start	85	83
2025-04-15	virtualflybrain.org - GA4	www.virtualflybrain.org	user_engagement	56	34
2025-04-15	virtualflybrain.org - GA4	zip.virtualflybrain.org	first_visit	8	8
2025-04-15	virtualflybrain.org - GA4	zip.virtualflybrain.org	page_view	8	8
2025-04-15	virtualflybrain.org - GA4	zip.virtualflybrain.org	session_start	8	8
2025-04-16	virtualflybrain.org - GA4		page_view	2044	49
2025-04-16	virtualflybrain.org - GA4	129.215.197.120	first_visit	1	1
2025-04-16	virtualflybrain.org - GA4	129.215.197.120	page_view	1	1
2025-04-16	virtualflybrain.org - GA4	129.215.197.120	session_start	1	1
2025-04-16	virtualflybrain.org - GA4	blog.virtualflybrain.org	first_visit	10	10
2025-04-16	virtualflybrain.org - GA4	blog.virtualflybrain.org	page_view	10	10
2025-04-16	virtualflybrain.org - GA4	blog.virtualflybrain.org	session_start	10	10
2025-04-16	virtualflybrain.org - GA4	blog.virtualflybrain.org	user_engagement	2	2
2025-04-16	virtualflybrain.org - GA4	catmaid-fafb.virtualflybrain.org	first_visit	2	2
2025-04-16	virtualflybrain.org - GA4	catmaid-fafb.virtualflybrain.org	page_view	2	2
2025-04-16	virtualflybrain.org - GA4	catmaid-fafb.virtualflybrain.org	session_start	2	2
2025-04-16	virtualflybrain.org - GA4	dill.inf.ed.ac.uk	first_visit	1	1
2025-04-16	virtualflybrain.org - GA4	dill.inf.ed.ac.uk	page_view	1	1
2025-04-16	virtualflybrain.org - GA4	dill.inf.ed.ac.uk	session_start	1	1
2025-04-16	virtualflybrain.org - GA4	owl.virtualflybrain.org	first_visit	14	14
2025-04-16	virtualflybrain.org - GA4	owl.virtualflybrain.org	page_view	14	14
2025-04-16	virtualflybrain.org - GA4	owl.virtualflybrain.org	session_start	14	14
2025-04-16	virtualflybrain.org - GA4	raw.larval.flylight.virtualflybrain.org	page_view	2	1
2025-04-16	virtualflybrain.org - GA4	raw.larval.flylight.virtualflybrain.org	session_start	1	1
2025-04-16	virtualflybrain.org - GA4	sb2.virtualflybrain.org	first_visit	1	1
2025-04-16	virtualflybrain.org - GA4	sb2.virtualflybrain.org	page_view	1	1
2025-04-16	virtualflybrain.org - GA4	sb2.virtualflybrain.org	session_start	1	1
2025-04-16	virtualflybrain.org - GA4	sb2.virtualflybrain.org	user_engagement	1	1
2025-04-16	virtualflybrain.org - GA4	v2-dev.virtualflybrain.org	cancelled	1	1
2025-04-16	virtualflybrain.org - GA4	v2-dev.virtualflybrain.org	disconnected	18	1
2025-04-16	virtualflybrain.org - GA4	v2-dev.virtualflybrain.org	errorlog	57	1
2025-04-16	virtualflybrain.org - GA4	v2-dev.virtualflybrain.org	page_view	19	1
2025-04-16	virtualflybrain.org - GA4	v2-dev.virtualflybrain.org	reconnect-attempt:0	16	1
2025-04-16	virtualflybrain.org - GA4	v2-dev.virtualflybrain.org	reconnect-failed-reloading	2	1
2025-04-16	virtualflybrain.org - GA4	v2-dev.virtualflybrain.org	request	29	1
2025-04-16	virtualflybrain.org - GA4	v2-dev.virtualflybrain.org	session_start	6	1
2025-04-16	virtualflybrain.org - GA4	v2-dev.virtualflybrain.org	user_engagement	3	1
2025-04-16	virtualflybrain.org - GA4	v2.virtualflybrain.org	cancelled	6	4
2025-04-16	virtualflybrain.org - GA4	v2.virtualflybrain.org	disconnected	42	21
2025-04-16	virtualflybrain.org - GA4	v2.virtualflybrain.org	errorlog	872	50
2025-04-16	virtualflybrain.org - GA4	v2.virtualflybrain.org	first_visit	12	12
2025-04-16	virtualflybrain.org - GA4	v2.virtualflybrain.org	opening	9	6
2025-04-16	virtualflybrain.org - GA4	v2.virtualflybrain.org	page_view	307	54
2025-04-16	virtualflybrain.org - GA4	v2.virtualflybrain.org	reconnect-attempt:0	39	20
2025-04-16	virtualflybrain.org - GA4	v2.virtualflybrain.org	reconnect-failed-reloading	3	2
2025-04-16	virtualflybrain.org - GA4	v2.virtualflybrain.org	request	721	52
2025-04-16	virtualflybrain.org - GA4	v2.virtualflybrain.org	session_start	139	44
2025-04-16	virtualflybrain.org - GA4	v2.virtualflybrain.org	user_engagement	57	34
2025-04-16	virtualflybrain.org - GA4	v2a.virtualflybrain.org	disconnected	4	1
2025-04-16	virtualflybrain.org - GA4	v2a.virtualflybrain.org	errorlog	12	1
2025-04-16	virtualflybrain.org - GA4	v2a.virtualflybrain.org	page_view	4	1
2025-04-16	virtualflybrain.org - GA4	v2a.virtualflybrain.org	reconnect-attempt:0	4	1
2025-04-16	virtualflybrain.org - GA4	v2a.virtualflybrain.org	request	4	1
2025-04-16	virtualflybrain.org - GA4	v2a.virtualflybrain.org	session_start	3	1
2025-04-16	virtualflybrain.org - GA4	v2a.virtualflybrain.org	user_engagement	1	1
2025-04-16	virtualflybrain.org - GA4	vfbds0.virtualflybrain.org	page_view	1	1
2025-04-16	virtualflybrain.org - GA4	vfbds0.virtualflybrain.org	user_engagement	1	1
2025-04-16	virtualflybrain.org - GA4	virtualflybrain.org	first_visit	8	8
2025-04-16	virtualflybrain.org - GA4	virtualflybrain.org	page_view	8	8
2025-04-16	virtualflybrain.org - GA4	virtualflybrain.org	session_start	8	8
2025-04-16	virtualflybrain.org - GA4	virtualflybrain.org	user_engagement	1	1
2025-04-16	virtualflybrain.org - GA4	www.virtualflybrain.org	first_visit	39	39
2025-04-16	virtualflybrain.org - GA4	www.virtualflybrain.org	page_view	92	53
2025-04-16	virtualflybrain.org - GA4	www.virtualflybrain.org	session_start	56	50
2025-04-16	virtualflybrain.org - GA4	www.virtualflybrain.org	user_engagement	73	40
2025-04-16	virtualflybrain.org - GA4	zip.virtualflybrain.org	first_visit	3	3
2025-04-16	virtualflybrain.org - GA4	zip.virtualflybrain.org	page_view	3	3
2025-04-16	virtualflybrain.org - GA4	zip.virtualflybrain.org	session_start	3	3
2025-04-17	virtualflybrain.org - GA4		page_view	1713	56
2025-04-17	virtualflybrain.org - GA4	129.215.197.120	first_visit	1	1
2025-04-17	virtualflybrain.org - GA4	129.215.197.120	page_view	1	1
2025-04-17	virtualflybrain.org - GA4	129.215.197.120	session_start	1	1
2025-04-17	virtualflybrain.org - GA4	129.215.197.120	user_engagement	2	2
2025-04-17	virtualflybrain.org - GA4	129.215.197.144	first_visit	6	6
2025-04-17	virtualflybrain.org - GA4	129.215.197.144	page_view	6	6
2025-04-17	virtualflybrain.org - GA4	129.215.197.144	session_start	6	6
2025-04-17	virtualflybrain.org - GA4	981gwa2l.virtualflybrain.org	user_engagement	1	1
2025-04-17	virtualflybrain.org - GA4	blog.virtualflybrain.org	first_visit	2	2
2025-04-17	virtualflybrain.org - GA4	blog.virtualflybrain.org	page_view	2	2
2025-04-17	virtualflybrain.org - GA4	blog.virtualflybrain.org	session_start	2	2
2025-04-17	virtualflybrain.org - GA4	bocian-jenkins.virtualflybrain.org	user_engagement	1	1
2025-04-17	virtualflybrain.org - GA4	catmaid-fafb.virtualflybrain.org	first_visit	2	2
2025-04-17	virtualflybrain.org - GA4	catmaid-fafb.virtualflybrain.org	page_view	2	2
2025-04-17	virtualflybrain.org - GA4	catmaid-fafb.virtualflybrain.org	session_start	2	2
2025-04-17	virtualflybrain.org - GA4	catmaid-fafb.virtualflybrain.org	user_engagement	1	1
2025-04-17	virtualflybrain.org - GA4	chive.inf.ed.ac.uk	user_engagement	1	1
2025-04-17	virtualflybrain.org - GA4	herd.virtualflybrain.org	user_engagement	1	1
2025-04-17	virtualflybrain.org - GA4	mail.virtualflybrain.org	user_engagement	1	1
2025-04-17	virtualflybrain.org - GA4	meet.virtualflybrain.org	first_visit	1	1
2025-04-17	virtualflybrain.org - GA4	meet.virtualflybrain.org	page_view	1	1
2025-04-17	virtualflybrain.org - GA4	meet.virtualflybrain.org	session_start	1	1
2025-04-17	virtualflybrain.org - GA4	natverse5.virtualflybrain.org	user_engagement	1	1
2025-04-17	virtualflybrain.org - GA4	nblast.virtualflybrain.org	user_engagement	1	1
2025-04-17	virtualflybrain.org - GA4	owl.virtualflybrain.org	first_visit	2	2
2025-04-17	virtualflybrain.org - GA4	owl.virtualflybrain.org	page_view	2	2
2025-04-17	virtualflybrain.org - GA4	owl.virtualflybrain.org	session_start	2	2
2025-04-17	virtualflybrain.org - GA4	pdb.p2.virtualflybrain.org	page_view	1	1
2025-04-17	virtualflybrain.org - GA4	pdb.p2.virtualflybrain.org	user_engagement	2	2
2025-04-17	virtualflybrain.org - GA4	raw.larval.flylight.virtualflybrain.org	page_view	2	1
2025-04-17	virtualflybrain.org - GA4	raw.larval.flylight.virtualflybrain.org	session_start	1	1
2025-04-17	virtualflybrain.org - GA4	smtp.virtualflybrain.org	user_engagement	1	1
2025-04-17	virtualflybrain.org - GA4	v2-dev.virtualflybrain.org	cancelled	1	1
2025-04-17	virtualflybrain.org - GA4	v2-dev.virtualflybrain.org	disconnected	2	1
2025-04-17	virtualflybrain.org - GA4	v2-dev.virtualflybrain.org	errorlog	24	1
2025-04-17	virtualflybrain.org - GA4	v2-dev.virtualflybrain.org	page_view	6	1
2025-04-17	virtualflybrain.org - GA4	v2-dev.virtualflybrain.org	reconnect-failed-reloading	2	1
2025-04-17	virtualflybrain.org - GA4	v2-dev.virtualflybrain.org	request	19	1
2025-04-17	virtualflybrain.org - GA4	v2-dev.virtualflybrain.org	session_start	7	1
2025-04-17	virtualflybrain.org - GA4	v2-dev.virtualflybrain.org	user_engagement	2	1
2025-04-17	virtualflybrain.org - GA4	v2.virtualflybrain.org	cancelled	6	2
2025-04-17	virtualflybrain.org - GA4	v2.virtualflybrain.org	disconnected	33	18
2025-04-17	virtualflybrain.org - GA4	v2.virtualflybrain.org	errorlog	842	55
2025-04-17	virtualflybrain.org - GA4	v2.virtualflybrain.org	first_visit	12	12
2025-04-17	virtualflybrain.org - GA4	v2.virtualflybrain.org	opening	8	4
2025-04-17	virtualflybrain.org - GA4	v2.virtualflybrain.org	page_view	248	58
2025-04-17	virtualflybrain.org - GA4	v2.virtualflybrain.org	reconnect-attempt:0	33	18
2025-04-17	virtualflybrain.org - GA4	v2.virtualflybrain.org	request	504	56
2025-04-17	virtualflybrain.org - GA4	v2.virtualflybrain.org	session_start	109	40
2025-04-17	virtualflybrain.org - GA4	v2.virtualflybrain.org	user_engagement	61	34
2025-04-17	virtualflybrain.org - GA4	v2a.virtualflybrain.org	errorlog	7	1
2025-04-17	virtualflybrain.org - GA4	v2a.virtualflybrain.org	page_view	2	1
2025-04-17	virtualflybrain.org - GA4	v2a.virtualflybrain.org	request	2	1
2025-04-17	virtualflybrain.org - GA4	v2a.virtualflybrain.org	session_start	1	1
2025-04-17	virtualflybrain.org - GA4	v2a.virtualflybrain.org	user_engagement	2	1
2025-04-17	virtualflybrain.org - GA4	virtualflybrain.org	first_visit	4	4
2025-04-17	virtualflybrain.org - GA4	virtualflybrain.org	page_view	9	6
2025-04-17	virtualflybrain.org - GA4	virtualflybrain.org	session_start	6	6
2025-04-17	virtualflybrain.org - GA4	virtualflybrain.org	user_engagement	11	8
2025-04-17	virtualflybrain.org - GA4	www.virtualflybrain.org	first_visit	40	40
2025-04-17	virtualflybrain.org - GA4	www.virtualflybrain.org	page_view	91	53
2025-04-17	virtualflybrain.org - GA4	www.virtualflybrain.org	session_start	57	52
2025-04-17	virtualflybrain.org - GA4	www.virtualflybrain.org	user_engagement	75	42
2025-04-17	virtualflybrain.org - GA4	zip.virtualflybrain.org	first_visit	2	2
2025-04-17	virtualflybrain.org - GA4	zip.virtualflybrain.org	page_view	2	2
2025-04-17	virtualflybrain.org - GA4	zip.virtualflybrain.org	session_start	2	2
2025-04-18	virtualflybrain.org - GA4		page_view	411	20
2025-04-18	virtualflybrain.org - GA4	123456789abcdefghijklmnopq.virtualflybrain.org	user_engagement	1	1
2025-04-18	virtualflybrain.org - GA4	129.215.197.101	first_visit	2	2
2025-04-18	virtualflybrain.org - GA4	129.215.197.101	page_view	2	2
2025-04-18	virtualflybrain.org - GA4	129.215.197.101	session_start	2	2
2025-04-18	virtualflybrain.org - GA4	129.215.197.120	first_visit	1	1
2025-04-18	virtualflybrain.org - GA4	129.215.197.120	page_view	1	1
2025-04-18	virtualflybrain.org - GA4	129.215.197.120	session_start	1	1
2025-04-18	virtualflybrain.org - GA4	129.215.197.147	first_visit	1	1
2025-04-18	virtualflybrain.org - GA4	129.215.197.147	page_view	1	1
2025-04-18	virtualflybrain.org - GA4	129.215.197.147	session_start	1	1
2025-04-18	virtualflybrain.org - GA4	482bm8l9immm8z9tw8t4k.virtualflybrain.org	user_engagement	1	1
2025-04-18	virtualflybrain.org - GA4	6ca6ec05-0e7c-414b-ab69-6aba90258b6b.virtualflybrain.org	user_engagement	1	1
2025-04-18	virtualflybrain.org - GA4	76e1bce3-27a5-406f-81cd-32f1152396af.virtualflybrain.org	user_engagement	1	1
2025-04-18	virtualflybrain.org - GA4	981gwa2l.virtualflybrain.org	user_engagement	1	1
2025-04-18	virtualflybrain.org - GA4	a.bb.ccc.dddd.nblast.virtualflybrain.org	user_engagement	1	1
2025-04-18	virtualflybrain.org - GA4	admin.virtualflybrain.org	user_engagement	1	1
2025-04-18	virtualflybrain.org - GA4	blanik-jenkins.virtualflybrain.org	user_engagement	1	1
2025-04-18	virtualflybrain.org - GA4	blog.virtualflybrain.org	first_visit	1	1
2025-04-18	virtualflybrain.org - GA4	blog.virtualflybrain.org	page_view	1	1
2025-04-18	virtualflybrain.org - GA4	blog.virtualflybrain.org	session_start	1	1
2025-04-18	virtualflybrain.org - GA4	blog.virtualflybrain.org	user_engagement	1	1
2025-04-18	virtualflybrain.org - GA4	bocian-jenkins.virtualflybrain.org	user_engagement	1	1
2025-04-18	virtualflybrain.org - GA4	catmaid-fafb.virtualflybrain.org	first_visit	13	13
2025-04-18	virtualflybrain.org - GA4	catmaid-fafb.virtualflybrain.org	page_view	13	13
2025-04-18	virtualflybrain.org - GA4	catmaid-fafb.virtualflybrain.org	session_start	13	13
2025-04-18	virtualflybrain.org - GA4	dev.virtualflybrain.org	user_engagement	1	1
2025-04-18	virtualflybrain.org - GA4	dill.inf.ed.ac.uk	first_visit	1	1
2025-04-18	virtualflybrain.org - GA4	dill.inf.ed.ac.uk	page_view	1	1
2025-04-18	virtualflybrain.org - GA4	dill.inf.ed.ac.uk	session_start	1	1
2025-04-18	virtualflybrain.org - GA4	geppetto-dev1.virtualflybrain.org	user_engagement	1	1
2025-04-18	virtualflybrain.org - GA4	geppetto.virtualflybrain.org	user_engagement	1	1
2025-04-18	virtualflybrain.org - GA4	grafana.virtualflybrain.org	user_engagement	1	1
2025-04-18	virtualflybrain.org - GA4	herd.virtualflybrain.org	user_engagement	1	1
2025-04-18	virtualflybrain.org - GA4	hugo.virtualflybrain.org	user_engagement	1	1
2025-04-18	virtualflybrain.org - GA4	ids.virtualflybrain.org	user_engagement	1	1
2025-04-18	virtualflybrain.org - GA4	jitsi.virtualflybrain.org	user_engagement	1	1
2025-04-18	virtualflybrain.org - GA4	jupyter.virtualflybrain.org	user_engagement	1	1
2025-04-18	virtualflybrain.org - GA4	karenin-jenkins.virtualflybrain.org	user_engagement	1	1
2025-04-18	virtualflybrain.org - GA4	kbw.virtualflybrain.org	first_visit	1	1
2025-04-18	virtualflybrain.org - GA4	kbw.virtualflybrain.org	page_view	1	1
2025-04-18	virtualflybrain.org - GA4	kbw.virtualflybrain.org	session_start	1	1
2025-04-18	virtualflybrain.org - GA4	kbw.virtualflybrain.org	user_engagement	1	1
2025-04-18	virtualflybrain.org - GA4	mail.virtualflybrain.org	user_engagement	1	1
2025-04-18	virtualflybrain.org - GA4	mayo.inf.ed.ac.uk	first_visit	1	1
2025-04-18	virtualflybrain.org - GA4	mayo.inf.ed.ac.uk	page_view	1	1
2025-04-18	virtualflybrain.org - GA4	mayo.inf.ed.ac.uk	session_start	1	1
2025-04-18	virtualflybrain.org - GA4	meet.virtualflybrain.org	user_engagement	1	1
2025-04-18	virtualflybrain.org - GA4	natverse1.virtualflybrain.org	user_engagement	1	1
2025-04-18	virtualflybrain.org - GA4	natverse2.virtualflybrain.org	user_engagement	1	1
2025-04-18	virtualflybrain.org - GA4	natverse3.virtualflybrain.org	user_engagement	1	1
2025-04-18	virtualflybrain.org - GA4	natverse5.virtualflybrain.org	user_engagement	1	1
2025-04-18	virtualflybrain.org - GA4	nblast.virtualflybrain.org	first_visit	13	13
2025-04-18	virtualflybrain.org - GA4	nblast.virtualflybrain.org	page_view	13	13
2025-04-18	virtualflybrain.org - GA4	nblast.virtualflybrain.org	session_start	13	13
2025-04-18	virtualflybrain.org - GA4	owl.virtualflybrain.org	first_visit	1	1
2025-04-18	virtualflybrain.org - GA4	owl.virtualflybrain.org	page_view	1	1
2025-04-18	virtualflybrain.org - GA4	owl.virtualflybrain.org	session_start	1	1
2025-04-18	virtualflybrain.org - GA4	pdb.p2.virtualflybrain.org	user_engagement	1	1
2025-04-18	virtualflybrain.org - GA4	pdb.u3.virtualflybrain.org	user_engagement	1	1
2025-04-18	virtualflybrain.org - GA4	raw.larval.flylight.virtualflybrain.org	page_view	1	1
2025-04-18	virtualflybrain.org - GA4	raw.larval.flylight.virtualflybrain.org	session_start	1	1
2025-04-18	virtualflybrain.org - GA4	sb.virtualflybrain.org	user_engagement	1	1
2025-04-18	virtualflybrain.org - GA4	sb1.virtualflybrain.org	user_engagement	1	1
2025-04-18	virtualflybrain.org - GA4	sb2.virtualflybrain.orgherd.virtualflybrain.org	user_engagement	1	1
2025-04-18	virtualflybrain.org - GA4	solr-dev.virtualflybrain.org	user_engagement	1	1
2025-04-18	virtualflybrain.org - GA4	solr.p2.virtualflybrain.org	user_engagement	1	1
2025-04-18	virtualflybrain.org - GA4	solr.virtualflybrain.org	user_engagement	1	1
2025-04-18	virtualflybrain.org - GA4	ubuntu.virtualflybrain.org	user_engagement	1	1
2025-04-18	virtualflybrain.org - GA4	v1.virtualflybrain.org	user_engagement	1	1
2025-04-18	virtualflybrain.org - GA4	v2-dev.virtualflybrain.org	cancelled	8	1
2025-04-18	virtualflybrain.org - GA4	v2-dev.virtualflybrain.org	disconnected	6	1
2025-04-18	virtualflybrain.org - GA4	v2-dev.virtualflybrain.org	errorlog	67	1
2025-04-18	virtualflybrain.org - GA4	v2-dev.virtualflybrain.org	page_view	19	1
2025-04-18	virtualflybrain.org - GA4	v2-dev.virtualflybrain.org	reconnect-attempt:0	1	1
2025-04-18	virtualflybrain.org - GA4	v2-dev.virtualflybrain.org	reconnect-failed-reloading	5	1
2025-04-18	virtualflybrain.org - GA4	v2-dev.virtualflybrain.org	request	49	1
2025-04-18	virtualflybrain.org - GA4	v2-dev.virtualflybrain.org	session_start	5	1
2025-04-18	virtualflybrain.org - GA4	v2-dev.virtualflybrain.org	user_engagement	11	1
2025-04-18	virtualflybrain.org - GA4	v2-dev2.virtualflybrain.org	user_engagement	1	1
2025-04-18	virtualflybrain.org - GA4	v2-preview.virtualflybrain.org	user_engagement	1	1
2025-04-18	virtualflybrain.org - GA4	v2.virtualflybrain.org	cancelled	12	3
2025-04-18	virtualflybrain.org - GA4	v2.virtualflybrain.org	disconnected	16	8
2025-04-18	virtualflybrain.org - GA4	v2.virtualflybrain.org	errorlog	402	20
2025-04-18	virtualflybrain.org - GA4	v2.virtualflybrain.org	first_visit	3	3
2025-04-18	virtualflybrain.org - GA4	v2.virtualflybrain.org	opening	2	1
2025-04-18	virtualflybrain.org - GA4	v2.virtualflybrain.org	page_view	127	21
2025-04-18	virtualflybrain.org - GA4	v2.virtualflybrain.org	reconnect-attempt:0	15	7
2025-04-18	virtualflybrain.org - GA4	v2.virtualflybrain.org	reconnect-attempt:1	1	1
2025-04-18	virtualflybrain.org - GA4	v2.virtualflybrain.org	request	158	20
2025-04-18	virtualflybrain.org - GA4	v2.virtualflybrain.org	session_start	54	15
2025-04-18	virtualflybrain.org - GA4	v2.virtualflybrain.org	user_engagement	16	9
2025-04-18	virtualflybrain.org - GA4	v2a.virtualflybrain.org	errorlog	34	1
2025-04-18	virtualflybrain.org - GA4	v2a.virtualflybrain.org	page_view	1	1
2025-04-18	virtualflybrain.org - GA4	v2a.virtualflybrain.org	request	1	1
2025-04-18	virtualflybrain.org - GA4	v2a.virtualflybrain.org	session_start	1	1
2025-04-18	virtualflybrain.org - GA4	v2a.virtualflybrain.org	user_engagement	1	1
2025-04-18	virtualflybrain.org - GA4	v2test1.virtualflybrain.org	user_engagement	1	1
2025-04-18	virtualflybrain.org - GA4	virtualflybrain.org	first_visit	3	3
2025-04-18	virtualflybrain.org - GA4	virtualflybrain.org	page_view	5	4
2025-04-18	virtualflybrain.org - GA4	virtualflybrain.org	session_start	4	4
2025-04-18	virtualflybrain.org - GA4	virtualflybrain.org	user_engagement	10	9
2025-04-18	virtualflybrain.org - GA4	webmail.virtualflybrain.org	user_engagement	1	1
2025-04-18	virtualflybrain.org - GA4	webtop.virtualflybrain.org	user_engagement	1	1
2025-04-18	virtualflybrain.org - GA4	www.virtualflybrain.org	first_visit	24	24
2025-04-18	virtualflybrain.org - GA4	www.virtualflybrain.org	page_view	56	34
2025-04-18	virtualflybrain.org - GA4	www.virtualflybrain.org	session_start	36	34
2025-04-18	virtualflybrain.org - GA4	www.virtualflybrain.org	user_engagement	49	24
2025-04-18	virtualflybrain.org - GA4	zip.virtualflybrain.org	first_visit	15	15
2025-04-18	virtualflybrain.org - GA4	zip.virtualflybrain.org	page_view	15	15
2025-04-18	virtualflybrain.org - GA4	zip.virtualflybrain.org	session_start	15	15
2025-04-19	virtualflybrain.org - GA4		page_view	325	15
2025-04-19	virtualflybrain.org - GA4	129.215.197.120	first_visit	1	1
2025-04-19	virtualflybrain.org - GA4	129.215.197.120	page_view	1	1
2025-04-19	virtualflybrain.org - GA4	129.215.197.120	session_start	1	1
2025-04-19	virtualflybrain.org - GA4	129.215.197.143	user_engagement	1	1
2025-04-19	virtualflybrain.org - GA4	981gwa2l.virtualflybrain.org	user_engagement	1	1
2025-04-19	virtualflybrain.org - GA4	blog.virtualflybrain.org	first_visit	2	2
2025-04-19	virtualflybrain.org - GA4	blog.virtualflybrain.org	page_view	2	2
2025-04-19	virtualflybrain.org - GA4	blog.virtualflybrain.org	session_start	2	2
2025-04-19	virtualflybrain.org - GA4	catmaid-fafb.virtualflybrain.org	first_visit	3	3
2025-04-19	virtualflybrain.org - GA4	catmaid-fafb.virtualflybrain.org	page_view	3	3
2025-04-19	virtualflybrain.org - GA4	catmaid-fafb.virtualflybrain.org	session_start	3	3
2025-04-19	virtualflybrain.org - GA4	dill.inf.ed.ac.uk	user_engagement	1	1
2025-04-19	virtualflybrain.org - GA4	nblast.virtualflybrain.org	first_visit	3	3
2025-04-19	virtualflybrain.org - GA4	nblast.virtualflybrain.org	page_view	3	3
2025-04-19	virtualflybrain.org - GA4	nblast.virtualflybrain.org	session_start	3	3
2025-04-19	virtualflybrain.org - GA4	owl.virtualflybrain.org	first_visit	10	10
2025-04-19	virtualflybrain.org - GA4	owl.virtualflybrain.org	page_view	10	10
2025-04-19	virtualflybrain.org - GA4	owl.virtualflybrain.org	session_start	10	10
2025-04-19	virtualflybrain.org - GA4	v2-dev.virtualflybrain.org	cancelled	3	1
2025-04-19	virtualflybrain.org - GA4	v2-dev.virtualflybrain.org	disconnected	2	1
2025-04-19	virtualflybrain.org - GA4	v2-dev.virtualflybrain.org	errorlog	36	1
2025-04-19	virtualflybrain.org - GA4	v2-dev.virtualflybrain.org	page_view	5	1
2025-04-19	virtualflybrain.org - GA4	v2-dev.virtualflybrain.org	reconnect-attempt:0	1	1
2025-04-19	virtualflybrain.org - GA4	v2-dev.virtualflybrain.org	reconnect-failed-reloading	1	1
2025-04-19	virtualflybrain.org - GA4	v2-dev.virtualflybrain.org	request	9	1
2025-04-19	virtualflybrain.org - GA4	v2-dev.virtualflybrain.org	session_start	4	1
2025-04-19	virtualflybrain.org - GA4	v2-dev.virtualflybrain.org	user_engagement	2	1
2025-04-19	virtualflybrain.org - GA4	v2.virtualflybrain.org	cancelled	10	3
2025-04-19	virtualflybrain.org - GA4	v2.virtualflybrain.org	disconnected	9	3
2025-04-19	virtualflybrain.org - GA4	v2.virtualflybrain.org	errorlog	182	15
2025-04-19	virtualflybrain.org - GA4	v2.virtualflybrain.org	first_visit	3	3
2025-04-19	virtualflybrain.org - GA4	v2.virtualflybrain.org	opening	4	1
2025-04-19	virtualflybrain.org - GA4	v2.virtualflybrain.org	page_view	64	17
2025-04-19	virtualflybrain.org - GA4	v2.virtualflybrain.org	reconnect-attempt:0	9	3
2025-04-19	virtualflybrain.org - GA4	v2.virtualflybrain.org	request	117	16
2025-04-19	virtualflybrain.org - GA4	v2.virtualflybrain.org	session_start	47	13
2025-04-19	virtualflybrain.org - GA4	v2.virtualflybrain.org	user_engagement	19	10
2025-04-19	virtualflybrain.org - GA4	virtualflybrain.org	first_visit	4	4
2025-04-19	virtualflybrain.org - GA4	virtualflybrain.org	page_view	6	6
2025-04-19	virtualflybrain.org - GA4	virtualflybrain.org	session_start	6	6
2025-04-19	virtualflybrain.org - GA4	virtualflybrain.org	user_engagement	3	3
2025-04-19	virtualflybrain.org - GA4	www.virtualflybrain.org	first_visit	34	34
2025-04-19	virtualflybrain.org - GA4	www.virtualflybrain.org	page_view	77	35
2025-04-19	virtualflybrain.org - GA4	www.virtualflybrain.org	session_start	36	34
2025-04-19	virtualflybrain.org - GA4	www.virtualflybrain.org	user_engagement	51	7
2025-04-19	virtualflybrain.org - GA4	zip.virtualflybrain.org	first_visit	8	8
2025-04-19	virtualflybrain.org - GA4	zip.virtualflybrain.org	page_view	8	8
2025-04-19	virtualflybrain.org - GA4	zip.virtualflybrain.org	session_start	8	8
2025-04-20	virtualflybrain.org - GA4		page_view	436	20
2025-04-20	virtualflybrain.org - GA4	129.215.197.144	first_visit	2	2
2025-04-20	virtualflybrain.org - GA4	129.215.197.144	page_view	2	2
2025-04-20	virtualflybrain.org - GA4	129.215.197.144	session_start	2	2
2025-04-20	virtualflybrain.org - GA4	catmaid-fafb.virtualflybrain.org	first_visit	7	7
2025-04-20	virtualflybrain.org - GA4	catmaid-fafb.virtualflybrain.org	page_view	7	7
2025-04-20	virtualflybrain.org - GA4	catmaid-fafb.virtualflybrain.org	session_start	7	7
2025-04-20	virtualflybrain.org - GA4	nblast.virtualflybrain.org	first_visit	11	11
2025-04-20	virtualflybrain.org - GA4	nblast.virtualflybrain.org	page_view	11	11
2025-04-20	virtualflybrain.org - GA4	nblast.virtualflybrain.org	session_start	11	11
2025-04-20	virtualflybrain.org - GA4	raw.larval.flylight.virtualflybrain.org	first_visit	2	2
2025-04-20	virtualflybrain.org - GA4	raw.larval.flylight.virtualflybrain.org	page_view	2	2
2025-04-20	virtualflybrain.org - GA4	raw.larval.flylight.virtualflybrain.org	session_start	2	2
2025-04-20	virtualflybrain.org - GA4	v2-dev.virtualflybrain.org	disconnected	4	1
2025-04-20	virtualflybrain.org - GA4	v2-dev.virtualflybrain.org	errorlog	286	1
2025-04-20	virtualflybrain.org - GA4	v2-dev.virtualflybrain.org	page_view	10	1
2025-04-20	virtualflybrain.org - GA4	v2-dev.virtualflybrain.org	reconnect-attempt:0	2	1
2025-04-20	virtualflybrain.org - GA4	v2-dev.virtualflybrain.org	reconnect-failed-reloading	2	1
2025-04-20	virtualflybrain.org - GA4	v2-dev.virtualflybrain.org	request	10	1
2025-04-20	virtualflybrain.org - GA4	v2-dev.virtualflybrain.org	session_start	6	1
2025-04-20	virtualflybrain.org - GA4	v2-dev.virtualflybrain.org	user_engagement	1	1
2025-04-20	virtualflybrain.org - GA4	v2.virtualflybrain.org	cancelled	20	3
2025-04-20	virtualflybrain.org - GA4	v2.virtualflybrain.org	disconnected	13	6
2025-04-20	virtualflybrain.org - GA4	v2.virtualflybrain.org	errorlog	255	20
2025-04-20	virtualflybrain.org - GA4	v2.virtualflybrain.org	first_visit	5	5
2025-04-20	virtualflybrain.org - GA4	v2.virtualflybrain.org	opening	1	1
2025-04-20	virtualflybrain.org - GA4	v2.virtualflybrain.org	page_view	93	27
2025-04-20	virtualflybrain.org - GA4	v2.virtualflybrain.org	reconnect-attempt:0	13	6
2025-04-20	virtualflybrain.org - GA4	v2.virtualflybrain.org	request	177	22
2025-04-20	virtualflybrain.org - GA4	v2.virtualflybrain.org	session_start	66	17
2025-04-20	virtualflybrain.org - GA4	v2.virtualflybrain.org	user_engagement	25	15
2025-04-20	virtualflybrain.org - GA4	virtualflybrain.org	first_visit	2	2
2025-04-20	virtualflybrain.org - GA4	virtualflybrain.org	page_view	2	2
2025-04-20	virtualflybrain.org - GA4	virtualflybrain.org	session_start	2	2
2025-04-20	virtualflybrain.org - GA4	virtualflybrain.org	user_engagement	1	1
2025-04-20	virtualflybrain.org - GA4	www.virtualflybrain.org	first_visit	39	39
2025-04-20	virtualflybrain.org - GA4	www.virtualflybrain.org	page_view	52	39
2025-04-20	virtualflybrain.org - GA4	www.virtualflybrain.org	session_start	40	39
2025-04-20	virtualflybrain.org - GA4	www.virtualflybrain.org	user_engagement	27	18
2025-04-20	virtualflybrain.org - GA4	zip.virtualflybrain.org	first_visit	9	9
2025-04-20	virtualflybrain.org - GA4	zip.virtualflybrain.org	page_view	9	9
2025-04-20	virtualflybrain.org - GA4	zip.virtualflybrain.org	session_start	9	9
2025-04-21	virtualflybrain.org - GA4		page_view	964	39
2025-04-21	virtualflybrain.org - GA4		session_start	2	2
2025-04-21	virtualflybrain.org - GA4	129.215.197.144	first_visit	1	1
2025-04-21	virtualflybrain.org - GA4	129.215.197.144	page_view	1	1
2025-04-21	virtualflybrain.org - GA4	129.215.197.144	session_start	1	1
2025-04-21	virtualflybrain.org - GA4	jupyterhub.virtualflybrain.org	first_visit	1	1
2025-04-21	virtualflybrain.org - GA4	jupyterhub.virtualflybrain.org	page_view	1	1
2025-04-21	virtualflybrain.org - GA4	jupyterhub.virtualflybrain.org	session_start	1	1
2025-04-21	virtualflybrain.org - GA4	jupyterhub.virtualflybrain.org	user_engagement	1	1
2025-04-21	virtualflybrain.org - GA4	v2-dev.virtualflybrain.org	cancelled	4	1
2025-04-21	virtualflybrain.org - GA4	v2-dev.virtualflybrain.org	disconnected	11	1
2025-04-21	virtualflybrain.org - GA4	v2-dev.virtualflybrain.org	errorlog	167	1
2025-04-21	virtualflybrain.org - GA4	v2-dev.virtualflybrain.org	page_view	17	1
2025-04-21	virtualflybrain.org - GA4	v2-dev.virtualflybrain.org	reconnect-attempt:0	3	1
2025-04-21	virtualflybrain.org - GA4	v2-dev.virtualflybrain.org	reconnect-failed-reloading	8	1
2025-04-21	virtualflybrain.org - GA4	v2-dev.virtualflybrain.org	request	26	1
2025-04-21	virtualflybrain.org - GA4	v2-dev.virtualflybrain.org	session_start	2	1
2025-04-21	virtualflybrain.org - GA4	v2-dev.virtualflybrain.org	user_engagement	4	1
2025-04-21	virtualflybrain.org - GA4	v2.virtualflybrain.org	disconnected	34	12
2025-04-21	virtualflybrain.org - GA4	v2.virtualflybrain.org	errorlog	386	39
2025-04-21	virtualflybrain.org - GA4	v2.virtualflybrain.org	first_visit	12	12
2025-04-21	virtualflybrain.org - GA4	v2.virtualflybrain.org	page_view	119	40
2025-04-21	virtualflybrain.org - GA4	v2.virtualflybrain.org	reconnect-attempt:0	18	11
2025-04-21	virtualflybrain.org - GA4	v2.virtualflybrain.org	reconnect-failed-reloading	5	1
2025-04-21	virtualflybrain.org - GA4	v2.virtualflybrain.org	request	292	40
2025-04-21	virtualflybrain.org - GA4	v2.virtualflybrain.org	session_start	65	28
2025-04-21	virtualflybrain.org - GA4	v2.virtualflybrain.org	user_engagement	33	21
2025-04-21	virtualflybrain.org - GA4	virtualflybrain.org	first_visit	4	4
2025-04-21	virtualflybrain.org - GA4	virtualflybrain.org	page_view	9	6
2025-04-21	virtualflybrain.org - GA4	virtualflybrain.org	session_start	5	5
2025-04-21	virtualflybrain.org - GA4	virtualflybrain.org	user_engagement	5	2
2025-04-21	virtualflybrain.org - GA4	www.virtualflybrain.org	first_visit	31	31
2025-04-21	virtualflybrain.org - GA4	www.virtualflybrain.org	page_view	58	41
2025-04-21	virtualflybrain.org - GA4	www.virtualflybrain.org	session_start	42	40
2025-04-21	virtualflybrain.org - GA4	www.virtualflybrain.org	user_engagement	44	31
2025-04-22	virtualflybrain.org - GA4		page_view	773	42
2025-04-22	virtualflybrain.org - GA4	129.215.197.120	first_visit	2	2
2025-04-22	virtualflybrain.org - GA4	129.215.197.120	page_view	2	2
2025-04-22	virtualflybrain.org - GA4	129.215.197.120	session_start	2	2
2025-04-22	virtualflybrain.org - GA4	129.215.197.144	first_visit	1	1
2025-04-22	virtualflybrain.org - GA4	129.215.197.144	page_view	1	1
2025-04-22	virtualflybrain.org - GA4	129.215.197.144	session_start	1	1
2025-04-22	virtualflybrain.org - GA4	129.215.197.147	first_visit	1	1
2025-04-22	virtualflybrain.org - GA4	129.215.197.147	page_view	1	1
2025-04-22	virtualflybrain.org - GA4	129.215.197.147	session_start	1	1
2025-04-22	virtualflybrain.org - GA4	dill.inf.ed.ac.uk	first_visit	1	1
2025-04-22	virtualflybrain.org - GA4	dill.inf.ed.ac.uk	page_view	1	1
2025-04-22	virtualflybrain.org - GA4	dill.inf.ed.ac.uk	session_start	1	1
2025-04-22	virtualflybrain.org - GA4	flybrain.inf.ed.ac.uk	first_visit	1	1
2025-04-22	virtualflybrain.org - GA4	flybrain.inf.ed.ac.uk	page_view	1	1
2025-04-22	virtualflybrain.org - GA4	flybrain.inf.ed.ac.uk	session_start	1	1
2025-04-22	virtualflybrain.org - GA4	jupyter.virtualflybrain.org	first_visit	1	1
2025-04-22	virtualflybrain.org - GA4	jupyter.virtualflybrain.org	page_view	1	1
2025-04-22	virtualflybrain.org - GA4	jupyter.virtualflybrain.org	session_start	1	1
2025-04-22	virtualflybrain.org - GA4	jupyter.virtualflybrain.org	user_engagement	1	1
2025-04-22	virtualflybrain.org - GA4	raw.larval.flylight.virtualflybrain.org	first_visit	1	1
2025-04-22	virtualflybrain.org - GA4	raw.larval.flylight.virtualflybrain.org	page_view	1	1
2025-04-22	virtualflybrain.org - GA4	raw.larval.flylight.virtualflybrain.org	session_start	1	1
2025-04-22	virtualflybrain.org - GA4	raw.larval.flylight.virtualflybrain.org	user_engagement	1	1
2025-04-22	virtualflybrain.org - GA4	v2-dev.virtualflybrain.org	disconnected	2	1
2025-04-22	virtualflybrain.org - GA4	v2-dev.virtualflybrain.org	errorlog	117	2
2025-04-22	virtualflybrain.org - GA4	v2-dev.virtualflybrain.org	page_view	50	2
2025-04-22	virtualflybrain.org - GA4	v2-dev.virtualflybrain.org	reconnect-failed-reloading	2	1
2025-04-22	virtualflybrain.org - GA4	v2-dev.virtualflybrain.org	request	7	2
2025-04-22	virtualflybrain.org - GA4	v2-dev.virtualflybrain.org	session_start	4	2
2025-04-22	virtualflybrain.org - GA4	v2-dev.virtualflybrain.org	user_engagement	3	2
2025-04-22	virtualflybrain.org - GA4	v2.virtualflybrain.org	cancelled	1	1
2025-04-22	virtualflybrain.org - GA4	v2.virtualflybrain.org	disconnected	38	18
2025-04-22	virtualflybrain.org - GA4	v2.virtualflybrain.org	errorlog	481	42
2025-04-22	virtualflybrain.org - GA4	v2.virtualflybrain.org	first_visit	11	11
2025-04-22	virtualflybrain.org - GA4	v2.virtualflybrain.org	opening	1	1
2025-04-22	virtualflybrain.org - GA4	v2.virtualflybrain.org	page_view	137	46
2025-04-22	virtualflybrain.org - GA4	v2.virtualflybrain.org	reconnect-attempt:0	23	13
2025-04-22	virtualflybrain.org - GA4	v2.virtualflybrain.org	reconnect-attempt:1	4	4
2025-04-22	virtualflybrain.org - GA4	v2.virtualflybrain.org	reconnect-failed-reloading	8	7
2025-04-22	virtualflybrain.org - GA4	v2.virtualflybrain.org	request	266	42
2025-04-22	virtualflybrain.org - GA4	v2.virtualflybrain.org	session_start	72	32
2025-04-22	virtualflybrain.org - GA4	v2.virtualflybrain.org	user_engagement	45	27
2025-04-22	virtualflybrain.org - GA4	virtualflybrain.org	first_visit	3	3
2025-04-22	virtualflybrain.org - GA4	virtualflybrain.org	page_view	7	4
2025-04-22	virtualflybrain.org - GA4	virtualflybrain.org	session_start	5	4
2025-04-22	virtualflybrain.org - GA4	virtualflybrain.org	user_engagement	3	2
2025-04-22	virtualflybrain.org - GA4	www.virtualflybrain.org	first_visit	32	32
2025-04-22	virtualflybrain.org - GA4	www.virtualflybrain.org	page_view	83	43
2025-04-22	virtualflybrain.org - GA4	www.virtualflybrain.org	session_start	44	43
2025-04-22	virtualflybrain.org - GA4	www.virtualflybrain.org	user_engagement	70	39
2025-04-23	virtualflybrain.org - GA4		page_view	871	40
2025-04-23	virtualflybrain.org - GA4	129.215.197.101	first_visit	1	1
2025-04-23	virtualflybrain.org - GA4	129.215.197.101	page_view	1	1
2025-04-23	virtualflybrain.org - GA4	129.215.197.101	session_start	1	1
2025-04-23	virtualflybrain.org - GA4	129.215.197.110	first_visit	1	1
2025-04-23	virtualflybrain.org - GA4	129.215.197.110	page_view	1	1
2025-04-23	virtualflybrain.org - GA4	129.215.197.110	session_start	1	1
2025-04-23	virtualflybrain.org - GA4	129.215.197.120	first_visit	2	2
2025-04-23	virtualflybrain.org - GA4	129.215.197.120	page_view	2	2
2025-04-23	virtualflybrain.org - GA4	129.215.197.120	session_start	2	2
2025-04-23	virtualflybrain.org - GA4	129.215.197.144	first_visit	1	1
2025-04-23	virtualflybrain.org - GA4	129.215.197.144	page_view	1	1
2025-04-23	virtualflybrain.org - GA4	129.215.197.144	session_start	1	1
2025-04-23	virtualflybrain.org - GA4	grafana.virtualflybrain.org	first_visit	1	1
2025-04-23	virtualflybrain.org - GA4	grafana.virtualflybrain.org	page_view	1	1
2025-04-23	virtualflybrain.org - GA4	grafana.virtualflybrain.org	session_start	1	1
2025-04-23	virtualflybrain.org - GA4	grafana.virtualflybrain.org	user_engagement	1	1
2025-04-23	virtualflybrain.org - GA4	raw.larval.flylight.virtualflybrain.org	first_visit	1	1
2025-04-23	virtualflybrain.org - GA4	raw.larval.flylight.virtualflybrain.org	page_view	5	2
2025-04-23	virtualflybrain.org - GA4	raw.larval.flylight.virtualflybrain.org	session_start	1	1
2025-04-23	virtualflybrain.org - GA4	raw.larval.flylight.virtualflybrain.org	user_engagement	2	1
2025-04-23	virtualflybrain.org - GA4	v2-dev.virtualflybrain.org	errorlog	41	1
2025-04-23	virtualflybrain.org - GA4	v2-dev.virtualflybrain.org	page_view	7	1
2025-04-23	virtualflybrain.org - GA4	v2-dev.virtualflybrain.org	request	8	1
2025-04-23	virtualflybrain.org - GA4	v2-dev.virtualflybrain.org	user_engagement	6	1
2025-04-23	virtualflybrain.org - GA4	v2.virtualflybrain.org	disconnected	31	10
2025-04-23	virtualflybrain.org - GA4	v2.virtualflybrain.org	errorlog	408	40
2025-04-23	virtualflybrain.org - GA4	v2.virtualflybrain.org	first_visit	6	6
2025-04-23	virtualflybrain.org - GA4	v2.virtualflybrain.org	opening	3	3
2025-04-23	virtualflybrain.org - GA4	v2.virtualflybrain.org	page_view	147	45
2025-04-23	virtualflybrain.org - GA4	v2.virtualflybrain.org	reconnect-attempt:0	31	10
2025-04-23	virtualflybrain.org - GA4	v2.virtualflybrain.org	reconnect-failed-reloading	1	1
2025-04-23	virtualflybrain.org - GA4	v2.virtualflybrain.org	request	296	42
2025-04-23	virtualflybrain.org - GA4	v2.virtualflybrain.org	session_start	67	27
2025-04-23	virtualflybrain.org - GA4	v2.virtualflybrain.org	user_engagement	63	33
2025-04-23	virtualflybrain.org - GA4	v2a.virtualflybrain.org	errorlog	3	1
2025-04-23	virtualflybrain.org - GA4	v2a.virtualflybrain.org	page_view	1	1
2025-04-23	virtualflybrain.org - GA4	v2a.virtualflybrain.org	request	1	1
2025-04-23	virtualflybrain.org - GA4	v2a.virtualflybrain.org	user_engagement	1	1
2025-04-23	virtualflybrain.org - GA4	virtualflybrain.org	first_visit	3	3
2025-04-23	virtualflybrain.org - GA4	virtualflybrain.org	page_view	8	4
2025-04-23	virtualflybrain.org - GA4	virtualflybrain.org	session_start	4	4
2025-04-23	virtualflybrain.org - GA4	virtualflybrain.org	user_engagement	5	1
2025-04-23	virtualflybrain.org - GA4	www.virtualflybrain.org	first_visit	45	45
2025-04-23	virtualflybrain.org - GA4	www.virtualflybrain.org	page_view	81	49
2025-04-23	virtualflybrain.org - GA4	www.virtualflybrain.org	session_start	58	51
2025-04-23	virtualflybrain.org - GA4	www.virtualflybrain.org	user_engagement	81	42
2025-04-24	virtualflybrain.org - GA4		page_view	1057	43
2025-04-24	virtualflybrain.org - GA4		session_start	1	1
2025-04-24	virtualflybrain.org - GA4	123456789abcdefghijklmnopq.v2.virtualflybrain.org	user_engagement	1	1
2025-04-24	virtualflybrain.org - GA4	12877200-fe3e-43bd-bf43-557c75765038.virtualflybrain.org	user_engagement	1	1
2025-04-24	virtualflybrain.org - GA4	129.215.197.101	first_visit	1	1
2025-04-24	virtualflybrain.org - GA4	129.215.197.101	page_view	1	1
2025-04-24	virtualflybrain.org - GA4	129.215.197.101	session_start	1	1
2025-04-24	virtualflybrain.org - GA4	129.215.197.144	first_visit	1	1
2025-04-24	virtualflybrain.org - GA4	129.215.197.144	page_view	1	1
2025-04-24	virtualflybrain.org - GA4	129.215.197.144	session_start	1	1
2025-04-24	virtualflybrain.org - GA4	129.215.197.144	user_engagement	1	1
2025-04-24	virtualflybrain.org - GA4	61d21a5c-c24c-4060-9a1d-185c49b8cd22.virtualflybrain.org	user_engagement	1	1
2025-04-24	virtualflybrain.org - GA4	8c212b03-94d4-4b64-b132-a3ddc580239c.virtualflybrain.org	user_engagement	1	1
2025-04-24	virtualflybrain.org - GA4	8fe35b9b-0117-41a9-a316-ec54860cf39e.catmaid.virtualflybrain.org	user_engagement	1	1
2025-04-24	virtualflybrain.org - GA4	a.bb.ccc.dddd.nblast.virtualflybrain.org	user_engagement	1	1
2025-04-24	virtualflybrain.org - GA4	admin.virtualflybrain.org	user_engagement	1	1
2025-04-24	virtualflybrain.org - GA4	backend.virtualflybrain.org	first_visit	4	4
2025-04-24	virtualflybrain.org - GA4	backend.virtualflybrain.org	page_view	4	4
2025-04-24	virtualflybrain.org - GA4	backend.virtualflybrain.org	session_start	4	4
2025-04-24	virtualflybrain.org - GA4	blanik-jenkins.virtualflybrain.org	user_engagement	1	1
2025-04-24	virtualflybrain.org - GA4	blog.virtualflybrain.org	first_visit	1	1
2025-04-24	virtualflybrain.org - GA4	blog.virtualflybrain.org	page_view	1	1
2025-04-24	virtualflybrain.org - GA4	blog.virtualflybrain.org	session_start	1	1
2025-04-24	virtualflybrain.org - GA4	blog.virtualflybrain.org	user_engagement	1	1
2025-04-24	virtualflybrain.org - GA4	bocian-jenkins.virtualflybrain.org	user_engagement	1	1
2025-04-24	virtualflybrain.org - GA4	build.virtualflybrain.org	user_engagement	1	1
2025-04-24	virtualflybrain.org - GA4	debug.virtualflybrain.org	user_engagement	1	1
2025-04-24	virtualflybrain.org - GA4	i3vnc.catmaid.virtualflybrain.org	user_engagement	1	1
2025-04-24	virtualflybrain.org - GA4	jitsi.virtualflybrain.org	user_engagement	1	1
2025-04-24	virtualflybrain.org - GA4	karenin-jenkins.virtualflybrain.org	user_engagement	1	1
2025-04-24	virtualflybrain.org - GA4	kbw.virtualflybrain.org	first_visit	1	1
2025-04-24	virtualflybrain.org - GA4	kbw.virtualflybrain.org	page_view	1	1
2025-04-24	virtualflybrain.org - GA4	kbw.virtualflybrain.org	session_start	1	1
2025-04-24	virtualflybrain.org - GA4	larval.virtualflybrain.org	user_engagement	2	2
2025-04-24	virtualflybrain.org - GA4	meet.virtualflybrain.org	first_visit	1	1
2025-04-24	virtualflybrain.org - GA4	meet.virtualflybrain.org	page_view	1	1
2025-04-24	virtualflybrain.org - GA4	meet.virtualflybrain.org	session_start	1	1
2025-04-24	virtualflybrain.org - GA4	monitor.virtualflybrain.org	user_engagement	1	1
2025-04-24	virtualflybrain.org - GA4	mysql.virtualflybrain.org	user_engagement	1	1
2025-04-24	virtualflybrain.org - GA4	natverse.virtualflybrain.org	user_engagement	1	1
2025-04-24	virtualflybrain.org - GA4	natverse1.virtualflybrain.org	user_engagement	1	1
2025-04-24	virtualflybrain.org - GA4	natverse2.virtualflybrain.org	user_engagement	1	1
2025-04-24	virtualflybrain.org - GA4	natverse3.virtualflybrain.org	user_engagement	1	1
2025-04-24	virtualflybrain.org - GA4	natverse4.virtualflybrain.org	user_engagement	1	1
2025-04-24	virtualflybrain.org - GA4	natverse5.virtualflybrain.org	user_engagement	1	1
2025-04-24	virtualflybrain.org - GA4	owl-dev.virtualflybrain.org	user_engagement	1	1
2025-04-24	virtualflybrain.org - GA4	owl.virtualflybrain.org	first_visit	8	8
2025-04-24	virtualflybrain.org - GA4	owl.virtualflybrain.org	page_view	8	8
2025-04-24	virtualflybrain.org - GA4	owl.virtualflybrain.org	session_start	8	8
2025-04-24	virtualflybrain.org - GA4	pdb.p2.virtualflybrain.org	user_engagement	1	1
2025-04-24	virtualflybrain.org - GA4	pdb.u3.virtualflybrain.org	user_engagement	1	1
2025-04-24	virtualflybrain.org - GA4	pdl.virtualflybrain.org	user_engagement	1	1
2025-04-24	virtualflybrain.org - GA4	pgadmin.virtualflybrain.org	user_engagement	1	1
2025-04-24	virtualflybrain.org - GA4	r.virtualflybrain.org	user_engagement	1	1
2025-04-24	virtualflybrain.org - GA4	raw.larval.flylight.virtualflybrain.org	first_visit	3	3
2025-04-24	virtualflybrain.org - GA4	raw.larval.flylight.virtualflybrain.org	page_view	80	5
2025-04-24	virtualflybrain.org - GA4	raw.larval.flylight.virtualflybrain.org	session_start	7	5
2025-04-24	virtualflybrain.org - GA4	raw.larval.flylight.virtualflybrain.org	user_engagement	75	3
2025-04-24	virtualflybrain.org - GA4	sb.virtualflybrain.org	user_engagement	1	1
2025-04-24	virtualflybrain.org - GA4	sb1.virtualflybrain.org	user_engagement	1	1
2025-04-24	virtualflybrain.org - GA4	sb2.virtualflybrain.org	first_visit	1	1
2025-04-24	virtualflybrain.org - GA4	sb2.virtualflybrain.org	page_view	1	1
2025-04-24	virtualflybrain.org - GA4	sb2.virtualflybrain.org	session_start	2	1
2025-04-24	virtualflybrain.org - GA4	sb2.virtualflybrain.org	user_engagement	2	2
2025-04-24	virtualflybrain.org - GA4	sb2.virtualflybrain.orgherd.virtualflybrain.org	user_engagement	1	1
2025-04-24	virtualflybrain.org - GA4	solr.p2.virtualflybrain.org	user_engagement	1	1
2025-04-24	virtualflybrain.org - GA4	solr.virtualflybrain.org	user_engagement	1	1
2025-04-24	virtualflybrain.org - GA4	sourcream.inf.ed.ac.uk	user_engagement	1	1
2025-04-24	virtualflybrain.org - GA4	v1-5.virtualflybrain.org	user_engagement	1	1
2025-04-24	virtualflybrain.org - GA4	v1.virtualflybrain.org	user_engagement	1	1
2025-04-24	virtualflybrain.org - GA4	v2-dev.virtualflybrain.org	disconnected	4	1
2025-04-24	virtualflybrain.org - GA4	v2-dev.virtualflybrain.org	errorlog	33	1
2025-04-24	virtualflybrain.org - GA4	v2-dev.virtualflybrain.org	page_view	10	1
2025-04-24	virtualflybrain.org - GA4	v2-dev.virtualflybrain.org	reconnect-attempt:0	4	1
2025-04-24	virtualflybrain.org - GA4	v2-dev.virtualflybrain.org	request	17	1
2025-04-24	virtualflybrain.org - GA4	v2-dev.virtualflybrain.org	session_start	2	1
2025-04-24	virtualflybrain.org - GA4	v2-dev.virtualflybrain.org	user_engagement	3	1
2025-04-24	virtualflybrain.org - GA4	v2-dev2.virtualflybrain.org	user_engagement	1	1
2025-04-24	virtualflybrain.org - GA4	v2-preview.virtualflybrain.org	user_engagement	1	1
2025-04-24	virtualflybrain.org - GA4	v2.virtualflybrain.org	cancelled	4	2
2025-04-24	virtualflybrain.org - GA4	v2.virtualflybrain.org	disconnected	25	9
2025-04-24	virtualflybrain.org - GA4	v2.virtualflybrain.org	errorlog	645	43
2025-04-24	virtualflybrain.org - GA4	v2.virtualflybrain.org	first_visit	7	7
2025-04-24	virtualflybrain.org - GA4	v2.virtualflybrain.org	opening	4	3
2025-04-24	virtualflybrain.org - GA4	v2.virtualflybrain.org	page_view	210	47
2025-04-24	virtualflybrain.org - GA4	v2.virtualflybrain.org	reconnect-attempt:0	25	9
2025-04-24	virtualflybrain.org - GA4	v2.virtualflybrain.org	request	366	45
2025-04-24	virtualflybrain.org - GA4	v2.virtualflybrain.org	session_start	78	32
2025-04-24	virtualflybrain.org - GA4	v2.virtualflybrain.org	user_engagement	78	31
2025-04-24	virtualflybrain.org - GA4	v2a.virtualflybrain.org	user_engagement	1	1
2025-04-24	virtualflybrain.org - GA4	v3.virtualflybrain.org	first_visit	2	2
2025-04-24	virtualflybrain.org - GA4	v3.virtualflybrain.org	page_view	2	2
2025-04-24	virtualflybrain.org - GA4	v3.virtualflybrain.org	session_start	2	2
2025-04-24	virtualflybrain.org - GA4	vfb-connect.readthedocs.io	page_view	1	1
2025-04-24	virtualflybrain.org - GA4	virtualflybrain.org	first_visit	68	68
2025-04-24	virtualflybrain.org - GA4	virtualflybrain.org	page_view	1895	70
2025-04-24	virtualflybrain.org - GA4	virtualflybrain.org	session_start	70	70
2025-04-24	virtualflybrain.org - GA4	virtualflybrain.org	user_engagement	11	5
2025-04-24	virtualflybrain.org - GA4	vnc.catmaid.virtualflybrain.org	user_engagement	1	1
2025-04-24	virtualflybrain.org - GA4	webmail.virtualflybrain.org	user_engagement	1	1
2025-04-24	virtualflybrain.org - GA4	webtop.virtualflybrain.org	user_engagement	1	1
2025-04-24	virtualflybrain.org - GA4	www.v2.virtualflybrain.org	user_engagement	1	1
2025-04-24	virtualflybrain.org - GA4	www.virtualflybrain.org	first_visit	33	33
2025-04-24	virtualflybrain.org - GA4	www.virtualflybrain.org	page_view	86	47
2025-04-24	virtualflybrain.org - GA4	www.virtualflybrain.org	session_start	49	44
2025-04-24	virtualflybrain.org - GA4	www.virtualflybrain.org	user_engagement	78	43
2025-04-24	virtualflybrain.org - GA4	zip.virtualflybrain.org	first_visit	3	3
2025-04-24	virtualflybrain.org - GA4	zip.virtualflybrain.org	page_view	5	3
2025-04-24	virtualflybrain.org - GA4	zip.virtualflybrain.org	session_start	3	3
2025-04-25	virtualflybrain.org - GA4		page_view	1104	41
2025-04-25	virtualflybrain.org - GA4	123456789abcdefghijklmnopq.v2.virtualflybrain.org	user_engagement	1	1
2025-04-25	virtualflybrain.org - GA4	12877200-fe3e-43bd-bf43-557c75765038.virtualflybrain.org	user_engagement	1	1
2025-04-25	virtualflybrain.org - GA4	129.215.197.120	first_visit	1	1
2025-04-25	virtualflybrain.org - GA4	129.215.197.120	page_view	1	1
2025-04-25	virtualflybrain.org - GA4	129.215.197.120	session_start	1	1
2025-04-25	virtualflybrain.org - GA4	129.215.197.143	first_visit	1	1
2025-04-25	virtualflybrain.org - GA4	129.215.197.143	page_view	1	1
2025-04-25	virtualflybrain.org - GA4	129.215.197.143	session_start	1	1
2025-04-25	virtualflybrain.org - GA4	129.215.197.143	user_engagement	1	1
2025-04-25	virtualflybrain.org - GA4	129.215.197.144	user_engagement	2	2
2025-04-25	virtualflybrain.org - GA4	61d21a5c-c24c-4060-9a1d-185c49b8cd22.virtualflybrain.org	user_engagement	1	1
2025-04-25	virtualflybrain.org - GA4	8c212b03-94d4-4b64-b132-a3ddc580239c.virtualflybrain.org	user_engagement	1	1
2025-04-25	virtualflybrain.org - GA4	981gwa2l.virtualflybrain.org	user_engagement	2	2
2025-04-25	virtualflybrain.org - GA4	a.bb.ccc.dddd.nblast.virtualflybrain.org	user_engagement	1	1
2025-04-25	virtualflybrain.org - GA4	admin.virtualflybrain.org	user_engagement	1	1
2025-04-25	virtualflybrain.org - GA4	api.ids.virtualflybrain.org	first_visit	2	2
2025-04-25	virtualflybrain.org - GA4	api.ids.virtualflybrain.org	page_view	2	2
2025-04-25	virtualflybrain.org - GA4	api.ids.virtualflybrain.org	session_start	2	2
2025-04-25	virtualflybrain.org - GA4	api.ids.virtualflybrain.org	user_engagement	2	2
2025-04-25	virtualflybrain.org - GA4	api.virtualflybrain.org	first_visit	1	1
2025-04-25	virtualflybrain.org - GA4	api.virtualflybrain.org	page_view	1	1
2025-04-25	virtualflybrain.org - GA4	api.virtualflybrain.org	session_start	1	1
2025-04-25	virtualflybrain.org - GA4	api.virtualflybrain.org	user_engagement	1	1
2025-04-25	virtualflybrain.org - GA4	backend.virtualflybrain.org	first_visit	3	3
2025-04-25	virtualflybrain.org - GA4	backend.virtualflybrain.org	page_view	3	3
2025-04-25	virtualflybrain.org - GA4	backend.virtualflybrain.org	session_start	3	3
2025-04-25	virtualflybrain.org - GA4	blanik-jenkins.virtualflybrain.org	first_visit	1	1
2025-04-25	virtualflybrain.org - GA4	blanik-jenkins.virtualflybrain.org	page_view	1	1
2025-04-25	virtualflybrain.org - GA4	blanik-jenkins.virtualflybrain.org	session_start	1	1
2025-04-25	virtualflybrain.org - GA4	blanik-jenkins.virtualflybrain.org	user_engagement	2	2
2025-04-25	virtualflybrain.org - GA4	blog.virtualflybrain.org	first_visit	2	2
2025-04-25	virtualflybrain.org - GA4	blog.virtualflybrain.org	page_view	2	2
2025-04-25	virtualflybrain.org - GA4	blog.virtualflybrain.org	session_start	2	2
2025-04-25	virtualflybrain.org - GA4	blog.virtualflybrain.org	user_engagement	2	2
2025-04-25	virtualflybrain.org - GA4	bocian-jenkins.virtualflybrain.org	first_visit	2	2
2025-04-25	virtualflybrain.org - GA4	bocian-jenkins.virtualflybrain.org	page_view	2	2
2025-04-25	virtualflybrain.org - GA4	bocian-jenkins.virtualflybrain.org	session_start	2	2
2025-04-25	virtualflybrain.org - GA4	bocian-jenkins.virtualflybrain.org	user_engagement	2	2
2025-04-25	virtualflybrain.org - GA4	build.virtualflybrain.org	user_engagement	2	2
2025-04-25	virtualflybrain.org - GA4	buttermilk.inf.ed.ac.uk	user_engagement	1	1
2025-04-25	virtualflybrain.org - GA4	catmaid-fafb.virtualflybrain.org	first_visit	10	10
2025-04-25	virtualflybrain.org - GA4	catmaid-fafb.virtualflybrain.org	page_view	10	10
2025-04-25	virtualflybrain.org - GA4	catmaid-fafb.virtualflybrain.org	session_start	10	10
2025-04-25	virtualflybrain.org - GA4	catmaid-fafb.virtualflybrain.org	user_engagement	1	1
2025-04-25	virtualflybrain.org - GA4	debug.virtualflybrain.org	first_visit	2	2
2025-04-25	virtualflybrain.org - GA4	debug.virtualflybrain.org	page_view	2	2
2025-04-25	virtualflybrain.org - GA4	debug.virtualflybrain.org	session_start	2	2
2025-04-25	virtualflybrain.org - GA4	debug.virtualflybrain.org	user_engagement	1	1
2025-04-25	virtualflybrain.org - GA4	dev.virtualflybrain.org	first_visit	2	2
2025-04-25	virtualflybrain.org - GA4	dev.virtualflybrain.org	page_view	2	2
2025-04-25	virtualflybrain.org - GA4	dev.virtualflybrain.org	session_start	2	2
2025-04-25	virtualflybrain.org - GA4	dev.virtualflybrain.org	user_engagement	1	1
2025-04-25	virtualflybrain.org - GA4	geppetto-dev1.virtualflybrain.org	user_engagement	1	1
2025-04-25	virtualflybrain.org - GA4	geppetto.virtualflybrain.org	user_engagement	2	2
2025-04-25	virtualflybrain.org - GA4	grafana.virtualflybrain.org	first_visit	2	2
2025-04-25	virtualflybrain.org - GA4	grafana.virtualflybrain.org	page_view	2	2
2025-04-25	virtualflybrain.org - GA4	grafana.virtualflybrain.org	session_start	2	2
2025-04-25	virtualflybrain.org - GA4	grafana.virtualflybrain.org	user_engagement	2	2
2025-04-25	virtualflybrain.org - GA4	herd.virtualflybrain.org	first_visit	2	2
2025-04-25	virtualflybrain.org - GA4	herd.virtualflybrain.org	page_view	2	2
2025-04-25	virtualflybrain.org - GA4	herd.virtualflybrain.org	session_start	2	2
2025-04-25	virtualflybrain.org - GA4	herd.virtualflybrain.org	user_engagement	1	1
2025-04-25	virtualflybrain.org - GA4	hugo.virtualflybrain.org	first_visit	2	2
2025-04-25	virtualflybrain.org - GA4	hugo.virtualflybrain.org	page_view	2	2
2025-04-25	virtualflybrain.org - GA4	hugo.virtualflybrain.org	session_start	2	2
2025-04-25	virtualflybrain.org - GA4	hugo.virtualflybrain.org	user_engagement	1	1
2025-04-25	virtualflybrain.org - GA4	iav-robo.catmaid.virtualflybrain.org	page_view	1	1
2025-04-25	virtualflybrain.org - GA4	ids.virtualflybrain.org	first_visit	2	2
2025-04-25	virtualflybrain.org - GA4	ids.virtualflybrain.org	page_view	2	2
2025-04-25	virtualflybrain.org - GA4	ids.virtualflybrain.org	session_start	2	2
2025-04-25	virtualflybrain.org - GA4	ids.virtualflybrain.org	user_engagement	2	2
2025-04-25	virtualflybrain.org - GA4	jenkins.virtualflybrain.org	first_visit	1	1
2025-04-25	virtualflybrain.org - GA4	jenkins.virtualflybrain.org	page_view	1	1
2025-04-25	virtualflybrain.org - GA4	jenkins.virtualflybrain.org	session_start	1	1
2025-04-25	virtualflybrain.org - GA4	jenkins.virtualflybrain.org	user_engagement	1	1
2025-04-25	virtualflybrain.org - GA4	jitsi.virtualflybrain.org	user_engagement	2	2
2025-04-25	virtualflybrain.org - GA4	jupyter.virtualflybrain.org	user_engagement	1	1
2025-04-25	virtualflybrain.org - GA4	karenin-jenkins.virtualflybrain.org	user_engagement	2	2
2025-04-25	virtualflybrain.org - GA4	kbw.virtualflybrain.org	user_engagement	1	1
2025-04-25	virtualflybrain.org - GA4	l3vnc.catmaid.virtualflybrain.org	page_view	2	1
2025-04-25	virtualflybrain.org - GA4	larval-app1.virtualflybrain.org	user_engagement	2	2
2025-04-25	virtualflybrain.org - GA4	larval.virtualflybrain.org	first_visit	4	4
2025-04-25	virtualflybrain.org - GA4	larval.virtualflybrain.org	page_view	4	4
2025-04-25	virtualflybrain.org - GA4	larval.virtualflybrain.org	session_start	4	4
2025-04-25	virtualflybrain.org - GA4	larval.virtualflybrain.org	user_engagement	4	4
2025-04-25	virtualflybrain.org - GA4	mail.virtualflybrain.org	user_engagement	1	1
2025-04-25	virtualflybrain.org - GA4	meet.virtualflybrain.org	user_engagement	1	1
2025-04-25	virtualflybrain.org - GA4	monitor.virtualflybrain.org	user_engagement	2	2
2025-04-25	virtualflybrain.org - GA4	mysql.virtualflybrain.org	first_visit	2	2
2025-04-25	virtualflybrain.org - GA4	mysql.virtualflybrain.org	page_view	2	2
2025-04-25	virtualflybrain.org - GA4	mysql.virtualflybrain.org	session_start	2	2
2025-04-25	virtualflybrain.org - GA4	mysql.virtualflybrain.org	user_engagement	2	2
2025-04-25	virtualflybrain.org - GA4	natverse.virtualflybrain.org	first_visit	2	2
2025-04-25	virtualflybrain.org - GA4	natverse.virtualflybrain.org	page_view	2	2
2025-04-25	virtualflybrain.org - GA4	natverse.virtualflybrain.org	session_start	2	2
2025-04-25	virtualflybrain.org - GA4	natverse.virtualflybrain.org	user_engagement	2	2
2025-04-25	virtualflybrain.org - GA4	natverse1.virtualflybrain.org	first_visit	2	2
2025-04-25	virtualflybrain.org - GA4	natverse1.virtualflybrain.org	page_view	2	2
2025-04-25	virtualflybrain.org - GA4	natverse1.virtualflybrain.org	session_start	2	2
2025-04-25	virtualflybrain.org - GA4	natverse1.virtualflybrain.org	user_engagement	2	2
2025-04-25	virtualflybrain.org - GA4	natverse2.virtualflybrain.org	first_visit	2	2
2025-04-25	virtualflybrain.org - GA4	natverse2.virtualflybrain.org	page_view	2	2
2025-04-25	virtualflybrain.org - GA4	natverse2.virtualflybrain.org	session_start	2	2
2025-04-25	virtualflybrain.org - GA4	natverse2.virtualflybrain.org	user_engagement	1	1
2025-04-25	virtualflybrain.org - GA4	natverse3.virtualflybrain.org	first_visit	2	2
2025-04-25	virtualflybrain.org - GA4	natverse3.virtualflybrain.org	page_view	2	2
2025-04-25	virtualflybrain.org - GA4	natverse3.virtualflybrain.org	session_start	2	2
2025-04-25	virtualflybrain.org - GA4	natverse3.virtualflybrain.org	user_engagement	2	2
2025-04-25	virtualflybrain.org - GA4	natverse4.virtualflybrain.org	user_engagement	2	2
2025-04-25	virtualflybrain.org - GA4	natverse5.virtualflybrain.org	first_visit	2	2
2025-04-25	virtualflybrain.org - GA4	natverse5.virtualflybrain.org	page_view	2	2
2025-04-25	virtualflybrain.org - GA4	natverse5.virtualflybrain.org	session_start	2	2
2025-04-25	virtualflybrain.org - GA4	natverse5.virtualflybrain.org	user_engagement	2	2
2025-04-25	virtualflybrain.org - GA4	nblast.virtualflybrain.org	first_visit	11	11
2025-04-25	virtualflybrain.org - GA4	nblast.virtualflybrain.org	page_view	11	11
2025-04-25	virtualflybrain.org - GA4	nblast.virtualflybrain.org	session_start	11	11
2025-04-25	virtualflybrain.org - GA4	nblast.virtualflybrain.org	user_engagement	2	2
2025-04-25	virtualflybrain.org - GA4	owl.virtualflybrain.org	user_engagement	1	1
2025-04-25	virtualflybrain.org - GA4	p2.virtualflybrain.org	first_visit	3	3
2025-04-25	virtualflybrain.org - GA4	p2.virtualflybrain.org	page_view	3	3
2025-04-25	virtualflybrain.org - GA4	p2.virtualflybrain.org	session_start	3	3
2025-04-25	virtualflybrain.org - GA4	p2.virtualflybrain.org	user_engagement	1	1
2025-04-25	virtualflybrain.org - GA4	pdb.p2.virtualflybrain.org	user_engagement	2	2
2025-04-25	virtualflybrain.org - GA4	pdb.u3.virtualflybrain.org	first_visit	2	2
2025-04-25	virtualflybrain.org - GA4	pdb.u3.virtualflybrain.org	page_view	2	2
2025-04-25	virtualflybrain.org - GA4	pdb.u3.virtualflybrain.org	session_start	2	2
2025-04-25	virtualflybrain.org - GA4	pdb.u3.virtualflybrain.org	user_engagement	1	1
2025-04-25	virtualflybrain.org - GA4	pdl.virtualflybrain.org	user_engagement	2	2
2025-04-25	virtualflybrain.org - GA4	pgadmin.virtualflybrain.org	user_engagement	2	2
2025-04-25	virtualflybrain.org - GA4	r.virtualflybrain.org	user_engagement	2	2
2025-04-25	virtualflybrain.org - GA4	rancher.virtualflybrain.org	first_visit	2	2
2025-04-25	virtualflybrain.org - GA4	rancher.virtualflybrain.org	page_view	2	2
2025-04-25	virtualflybrain.org - GA4	rancher.virtualflybrain.org	session_start	2	2
2025-04-25	virtualflybrain.org - GA4	raw.larval.flylight.virtualflybrain.org	first_visit	1	1
2025-04-25	virtualflybrain.org - GA4	raw.larval.flylight.virtualflybrain.org	page_view	15	4
2025-04-25	virtualflybrain.org - GA4	raw.larval.flylight.virtualflybrain.org	session_start	6	4
2025-04-25	virtualflybrain.org - GA4	raw.larval.flylight.virtualflybrain.org	user_engagement	12	3
2025-04-25	virtualflybrain.org - GA4	rstudio.virtualflybrain.org	first_visit	2	2
2025-04-25	virtualflybrain.org - GA4	rstudio.virtualflybrain.org	page_view	2	2
2025-04-25	virtualflybrain.org - GA4	rstudio.virtualflybrain.org	session_start	2	2
2025-04-25	virtualflybrain.org - GA4	rstudio.virtualflybrain.org	user_engagement	2	2
2025-04-25	virtualflybrain.org - GA4	sb.virtualflybrain.org	first_visit	2	2
2025-04-25	virtualflybrain.org - GA4	sb.virtualflybrain.org	page_view	2	2
2025-04-25	virtualflybrain.org - GA4	sb.virtualflybrain.org	session_start	2	2
2025-04-25	virtualflybrain.org - GA4	sb.virtualflybrain.org	user_engagement	2	2
2025-04-25	virtualflybrain.org - GA4	sb1.virtualflybrain.org	first_visit	1	1
2025-04-25	virtualflybrain.org - GA4	sb1.virtualflybrain.org	page_view	1	1
2025-04-25	virtualflybrain.org - GA4	sb1.virtualflybrain.org	session_start	1	1
2025-04-25	virtualflybrain.org - GA4	sb1.virtualflybrain.org	user_engagement	2	2
2025-04-25	virtualflybrain.org - GA4	sb2.virtualflybrain.org	first_visit	2	2
2025-04-25	virtualflybrain.org - GA4	sb2.virtualflybrain.org	page_view	2	2
2025-04-25	virtualflybrain.org - GA4	sb2.virtualflybrain.org	session_start	2	2
2025-04-25	virtualflybrain.org - GA4	sb2.virtualflybrain.org	user_engagement	2	2
2025-04-25	virtualflybrain.org - GA4	sb2.virtualflybrain.orgherd.virtualflybrain.org	user_engagement	2	2
2025-04-25	virtualflybrain.org - GA4	smtp.virtualflybrain.org	user_engagement	1	1
2025-04-25	virtualflybrain.org - GA4	solr-alpha.virtualflybrain.org	user_engagement	2	2
2025-04-25	virtualflybrain.org - GA4	solr-dev.virtualflybrain.org	first_visit	2	2
2025-04-25	virtualflybrain.org - GA4	solr-dev.virtualflybrain.org	page_view	2	2
2025-04-25	virtualflybrain.org - GA4	solr-dev.virtualflybrain.org	session_start	2	2
2025-04-25	virtualflybrain.org - GA4	solr-dev.virtualflybrain.org	user_engagement	2	2
2025-04-25	virtualflybrain.org - GA4	solr.p2.virtualflybrain.org	user_engagement	2	2
2025-04-25	virtualflybrain.org - GA4	solr.virtualflybrain.org	first_visit	2	2
2025-04-25	virtualflybrain.org - GA4	solr.virtualflybrain.org	page_view	2	2
2025-04-25	virtualflybrain.org - GA4	solr.virtualflybrain.org	session_start	2	2
2025-04-25	virtualflybrain.org - GA4	solr.virtualflybrain.org	user_engagement	2	2
2025-04-25	virtualflybrain.org - GA4	sourcream.inf.ed.ac.uk	user_engagement	1	1
2025-04-25	virtualflybrain.org - GA4	test-abd1.5.catmaid.virtualflybrain.org	user_engagement	1	1
2025-04-25	virtualflybrain.org - GA4	ubuntu.virtualflybrain.org	first_visit	2	2
2025-04-25	virtualflybrain.org - GA4	ubuntu.virtualflybrain.org	page_view	2	2
2025-04-25	virtualflybrain.org - GA4	ubuntu.virtualflybrain.org	session_start	2	2
2025-04-25	virtualflybrain.org - GA4	ubuntu.virtualflybrain.org	user_engagement	1	1
2025-04-25	virtualflybrain.org - GA4	v1-5.virtualflybrain.org	user_engagement	2	2
2025-04-25	virtualflybrain.org - GA4	v1.virtualflybrain.org	first_visit	2	2
2025-04-25	virtualflybrain.org - GA4	v1.virtualflybrain.org	page_view	2	2
2025-04-25	virtualflybrain.org - GA4	v1.virtualflybrain.org	session_start	2	2
2025-04-25	virtualflybrain.org - GA4	v1.virtualflybrain.org	user_engagement	2	2
2025-04-25	virtualflybrain.org - GA4	v2-debug.virtualflybrain.org	first_visit	2	2
2025-04-25	virtualflybrain.org - GA4	v2-debug.virtualflybrain.org	page_view	2	2
2025-04-25	virtualflybrain.org - GA4	v2-debug.virtualflybrain.org	session_start	2	2
2025-04-25	virtualflybrain.org - GA4	v2-dev.virtualflybrain.org	disconnected	7	1
2025-04-25	virtualflybrain.org - GA4	v2-dev.virtualflybrain.org	errorlog	38	1
2025-04-25	virtualflybrain.org - GA4	v2-dev.virtualflybrain.org	first_visit	2	2
2025-04-25	virtualflybrain.org - GA4	v2-dev.virtualflybrain.org	page_view	19	3
2025-04-25	virtualflybrain.org - GA4	v2-dev.virtualflybrain.org	reconnect-attempt:0	6	1
2025-04-25	virtualflybrain.org - GA4	v2-dev.virtualflybrain.org	reconnect-failed-reloading	1	1
2025-04-25	virtualflybrain.org - GA4	v2-dev.virtualflybrain.org	request	14	1
2025-04-25	virtualflybrain.org - GA4	v2-dev.virtualflybrain.org	session_start	6	3
2025-04-25	virtualflybrain.org - GA4	v2-dev.virtualflybrain.org	user_engagement	3	2
2025-04-25	virtualflybrain.org - GA4	v2-dev2.virtualflybrain.org	first_visit	2	2
2025-04-25	virtualflybrain.org - GA4	v2-dev2.virtualflybrain.org	page_view	2	2
2025-04-25	virtualflybrain.org - GA4	v2-dev2.virtualflybrain.org	session_start	2	2
2025-04-25	virtualflybrain.org - GA4	v2-dev2.virtualflybrain.org	user_engagement	1	1
2025-04-25	virtualflybrain.org - GA4	v2-preview.virtualflybrain.org	user_engagement	1	1
2025-04-25	virtualflybrain.org - GA4	v2.virtualflybrain.org	cancelled	6	3
2025-04-25	virtualflybrain.org - GA4	v2.virtualflybrain.org	disconnected	35	13
2025-04-25	virtualflybrain.org - GA4	v2.virtualflybrain.org	errorlog	849	41
2025-04-25	virtualflybrain.org - GA4	v2.virtualflybrain.org	first_visit	9	9
2025-04-25	virtualflybrain.org - GA4	v2.virtualflybrain.org	opening	6	3
2025-04-25	virtualflybrain.org - GA4	v2.virtualflybrain.org	page_view	222	44
2025-04-25	virtualflybrain.org - GA4	v2.virtualflybrain.org	reconnect-attempt:0	34	13
2025-04-25	virtualflybrain.org - GA4	v2.virtualflybrain.org	reconnect-attempt:1	1	1
2025-04-25	virtualflybrain.org - GA4	v2.virtualflybrain.org	request	399	41
2025-04-25	virtualflybrain.org - GA4	v2.virtualflybrain.org	session_start	84	26
2025-04-25	virtualflybrain.org - GA4	v2.virtualflybrain.org	user_engagement	45	27
2025-04-25	virtualflybrain.org - GA4	v2a.virtualflybrain.org	errorlog	9	1
2025-04-25	virtualflybrain.org - GA4	v2a.virtualflybrain.org	page_view	3	1
2025-04-25	virtualflybrain.org - GA4	v2a.virtualflybrain.org	request	3	1
2025-04-25	virtualflybrain.org - GA4	v2a.virtualflybrain.org	session_start	3	1
2025-04-25	virtualflybrain.org - GA4	v2test1.virtualflybrain.org	user_engagement	1	1
2025-04-25	virtualflybrain.org - GA4	vfbblog.inf.ed.ac.uk	user_engagement	1	1
2025-04-25	virtualflybrain.org - GA4	virtualflybrain.org	first_visit	24	24
2025-04-25	virtualflybrain.org - GA4	virtualflybrain.org	page_view	525	25
2025-04-25	virtualflybrain.org - GA4	virtualflybrain.org	session_start	24	24
2025-04-25	virtualflybrain.org - GA4	virtualflybrain.org	user_engagement	13	13
2025-04-25	virtualflybrain.org - GA4	vnc.catmaid.virtualflybrain.org	user_engagement	1	1
2025-04-25	virtualflybrain.org - GA4	webmail.virtualflybrain.org	user_engagement	1	1
2025-04-25	virtualflybrain.org - GA4	webtop.virtualflybrain.org	user_engagement	2	2
2025-04-25	virtualflybrain.org - GA4	www.v2.virtualflybrain.org	user_engagement	1	1
2025-04-25	virtualflybrain.org - GA4	www.virtualflybrain.org	first_visit	34	34
2025-04-25	virtualflybrain.org - GA4	www.virtualflybrain.org	page_view	81	46
2025-04-25	virtualflybrain.org - GA4	www.virtualflybrain.org	session_start	54	46
2025-04-25	virtualflybrain.org - GA4	www.virtualflybrain.org	user_engagement	68	37
2025-04-25	virtualflybrain.org - GA4	zip.virtualflybrain.org	first_visit	17	17
2025-04-25	virtualflybrain.org - GA4	zip.virtualflybrain.org	page_view	17	17
2025-04-25	virtualflybrain.org - GA4	zip.virtualflybrain.org	session_start	17	17
2025-04-25	virtualflybrain.org - GA4	zip.virtualflybrain.org	user_engagement	1	1
2025-04-26	virtualflybrain.org - GA4		page_view	572	27
2025-04-26	virtualflybrain.org - GA4	129.215.197.143	user_engagement	1	1
2025-04-26	virtualflybrain.org - GA4	backend.virtualflybrain.org	first_visit	1	1
2025-04-26	virtualflybrain.org - GA4	backend.virtualflybrain.org	page_view	1	1
2025-04-26	virtualflybrain.org - GA4	backend.virtualflybrain.org	session_start	1	1
2025-04-26	virtualflybrain.org - GA4	dill.inf.ed.ac.uk	user_engagement	1	1
2025-04-26	virtualflybrain.org - GA4	owl.virtualflybrain.org	first_visit	1	1
2025-04-26	virtualflybrain.org - GA4	owl.virtualflybrain.org	page_view	1	1
2025-04-26	virtualflybrain.org - GA4	owl.virtualflybrain.org	session_start	1	1
2025-04-26	virtualflybrain.org - GA4	v2-dev.virtualflybrain.org	errorlog	4	1
2025-04-26	virtualflybrain.org - GA4	v2-dev.virtualflybrain.org	page_view	1	1
2025-04-26	virtualflybrain.org - GA4	v2-dev.virtualflybrain.org	request	2	1
2025-04-26	virtualflybrain.org - GA4	v2-dev.virtualflybrain.org	session_start	1	1
2025-04-26	virtualflybrain.org - GA4	v2-dev.virtualflybrain.org	user_engagement	1	1
2025-04-26	virtualflybrain.org - GA4	v2.virtualflybrain.org	cancelled	2	1
2025-04-26	virtualflybrain.org - GA4	v2.virtualflybrain.org	disconnected	7	2
2025-04-26	virtualflybrain.org - GA4	v2.virtualflybrain.org	errorlog	371	27
2025-04-26	virtualflybrain.org - GA4	v2.virtualflybrain.org	first_visit	2	2
2025-04-26	virtualflybrain.org - GA4	v2.virtualflybrain.org	opening	9	4
2025-04-26	virtualflybrain.org - GA4	v2.virtualflybrain.org	page_view	139	31
2025-04-26	virtualflybrain.org - GA4	v2.virtualflybrain.org	reconnect-attempt:0	7	2
2025-04-26	virtualflybrain.org - GA4	v2.virtualflybrain.org	request	205	29
2025-04-26	virtualflybrain.org - GA4	v2.virtualflybrain.org	session_start	79	13
2025-04-26	virtualflybrain.org - GA4	v2.virtualflybrain.org	user_engagement	25	18
2025-04-26	virtualflybrain.org - GA4	v2a.virtualflybrain.org	disconnected	2	1
2025-04-26	virtualflybrain.org - GA4	v2a.virtualflybrain.org	errorlog	15	1
2025-04-26	virtualflybrain.org - GA4	v2a.virtualflybrain.org	page_view	5	1
2025-04-26	virtualflybrain.org - GA4	v2a.virtualflybrain.org	reconnect-attempt:0	2	1
2025-04-26	virtualflybrain.org - GA4	v2a.virtualflybrain.org	request	5	1
2025-04-26	virtualflybrain.org - GA4	v2a.virtualflybrain.org	session_start	5	1
2025-04-26	virtualflybrain.org - GA4	virtualflybrain.org	first_visit	1	1
2025-04-26	virtualflybrain.org - GA4	virtualflybrain.org	page_view	1	1
2025-04-26	virtualflybrain.org - GA4	virtualflybrain.org	session_start	1	1
2025-04-26	virtualflybrain.org - GA4	virtualflybrain.org	user_engagement	1	1
2025-04-26	virtualflybrain.org - GA4	www.virtualflybrain.org	first_visit	31	31
2025-04-26	virtualflybrain.org - GA4	www.virtualflybrain.org	page_view	54	36
2025-04-26	virtualflybrain.org - GA4	www.virtualflybrain.org	session_start	39	36
2025-04-26	virtualflybrain.org - GA4	www.virtualflybrain.org	user_engagement	41	29
2025-04-27	virtualflybrain.org - GA4		page_view	1657	31
2025-04-27	virtualflybrain.org - GA4		session_start	1	1
2025-04-27	virtualflybrain.org - GA4	129.215.197.101	first_visit	1	1
2025-04-27	virtualflybrain.org - GA4	129.215.197.101	page_view	1	1
2025-04-27	virtualflybrain.org - GA4	129.215.197.101	session_start	1	1
2025-04-27	virtualflybrain.org - GA4	129.215.197.110	user_engagement	1	1
2025-04-27	virtualflybrain.org - GA4	129.215.197.144	first_visit	2	2
2025-04-27	virtualflybrain.org - GA4	129.215.197.144	page_view	2	2
2025-04-27	virtualflybrain.org - GA4	129.215.197.144	session_start	2	2
2025-04-27	virtualflybrain.org - GA4	981gwa2l.virtualflybrain.org	user_engagement	1	1
2025-04-27	virtualflybrain.org - GA4	api.virtualflybrain.org	user_engagement	1	1
2025-04-27	virtualflybrain.org - GA4	backend.virtualflybrain.org	first_visit	1	1
2025-04-27	virtualflybrain.org - GA4	backend.virtualflybrain.org	page_view	1	1
2025-04-27	virtualflybrain.org - GA4	backend.virtualflybrain.org	session_start	1	1
2025-04-27	virtualflybrain.org - GA4	blanik-jenkins.virtualflybrain.org	user_engagement	1	1
2025-04-27	virtualflybrain.org - GA4	bocian-jenkins.virtualflybrain.org	user_engagement	1	1
2025-04-27	virtualflybrain.org - GA4	build.virtualflybrain.org	user_engagement	1	1
2025-04-27	virtualflybrain.org - GA4	buttermilk.inf.ed.ac.uk	user_engagement	1	1
2025-04-27	virtualflybrain.org - GA4	debug.virtualflybrain.org	user_engagement	1	1
2025-04-27	virtualflybrain.org - GA4	dev.virtualflybrain.org	user_engagement	1	1
2025-04-27	virtualflybrain.org - GA4	geppetto-dev1.virtualflybrain.org	user_engagement	1	1
2025-04-27	virtualflybrain.org - GA4	geppetto.virtualflybrain.org	user_engagement	1	1
2025-04-27	virtualflybrain.org - GA4	grafana.virtualflybrain.org	user_engagement	1	1
2025-04-27	virtualflybrain.org - GA4	herd.virtualflybrain.org	user_engagement	1	1
2025-04-27	virtualflybrain.org - GA4	ids.virtualflybrain.org	user_engagement	1	1
2025-04-27	virtualflybrain.org - GA4	jenkins.virtualflybrain.org	user_engagement	1	1
2025-04-27	virtualflybrain.org - GA4	jitsi.virtualflybrain.org	user_engagement	1	1
2025-04-27	virtualflybrain.org - GA4	jupyter.virtualflybrain.org	user_engagement	1	1
2025-04-27	virtualflybrain.org - GA4	karenin-jenkins.virtualflybrain.org	user_engagement	1	1
2025-04-27	virtualflybrain.org - GA4	kbw.virtualflybrain.org	user_engagement	1	1
2025-04-27	virtualflybrain.org - GA4	larval-app1.virtualflybrain.org	user_engagement	1	1
2025-04-27	virtualflybrain.org - GA4	larval.virtualflybrain.org	user_engagement	2	2
2025-04-27	virtualflybrain.org - GA4	meet.virtualflybrain.org	user_engagement	1	1
2025-04-27	virtualflybrain.org - GA4	monitor.virtualflybrain.org	user_engagement	1	1
2025-04-27	virtualflybrain.org - GA4	mysql.virtualflybrain.org	user_engagement	1	1
2025-04-27	virtualflybrain.org - GA4	natverse.virtualflybrain.org	user_engagement	1	1
2025-04-27	virtualflybrain.org - GA4	natverse1.virtualflybrain.org	user_engagement	1	1
2025-04-27	virtualflybrain.org - GA4	natverse2.virtualflybrain.org	user_engagement	1	1
2025-04-27	virtualflybrain.org - GA4	natverse3.virtualflybrain.org	user_engagement	1	1
2025-04-27	virtualflybrain.org - GA4	natverse4.virtualflybrain.org	user_engagement	1	1
2025-04-27	virtualflybrain.org - GA4	natverse5.virtualflybrain.org	user_engagement	1	1
2025-04-27	virtualflybrain.org - GA4	nblast.virtualflybrain.org	user_engagement	1	1
2025-04-27	virtualflybrain.org - GA4	owl.virtualflybrain.org	first_visit	1	1
2025-04-27	virtualflybrain.org - GA4	owl.virtualflybrain.org	page_view	1	1
2025-04-27	virtualflybrain.org - GA4	owl.virtualflybrain.org	session_start	1	1
2025-04-27	virtualflybrain.org - GA4	owl.virtualflybrain.org	user_engagement	1	1
2025-04-27	virtualflybrain.org - GA4	p2.virtualflybrain.org	user_engagement	1	1
2025-04-27	virtualflybrain.org - GA4	pdb.p2.virtualflybrain.org	user_engagement	1	1
2025-04-27	virtualflybrain.org - GA4	pdb.u3.virtualflybrain.org	user_engagement	1	1
2025-04-27	virtualflybrain.org - GA4	pdl.virtualflybrain.org	user_engagement	1	1
2025-04-27	virtualflybrain.org - GA4	pgadmin.virtualflybrain.org	user_engagement	1	1
2025-04-27	virtualflybrain.org - GA4	raw.larval.flylight.virtualflybrain.org	first_visit	1	1
2025-04-27	virtualflybrain.org - GA4	raw.larval.flylight.virtualflybrain.org	page_view	1	1
2025-04-27	virtualflybrain.org - GA4	raw.larval.flylight.virtualflybrain.org	session_start	1	1
2025-04-27	virtualflybrain.org - GA4	rstudio.virtualflybrain.org	user_engagement	1	1
2025-04-27	virtualflybrain.org - GA4	sb.virtualflybrain.org	user_engagement	1	1
2025-04-27	virtualflybrain.org - GA4	sb1.virtualflybrain.org	user_engagement	1	1
2025-04-27	virtualflybrain.org - GA4	sb2.virtualflybrain.org	user_engagement	1	1
2025-04-27	virtualflybrain.org - GA4	sb2.virtualflybrain.orgherd.virtualflybrain.org	user_engagement	1	1
2025-04-27	virtualflybrain.org - GA4	solr-alpha.virtualflybrain.org	user_engagement	1	1
2025-04-27	virtualflybrain.org - GA4	solr-dev.virtualflybrain.org	user_engagement	1	1
2025-04-27	virtualflybrain.org - GA4	solr.p2.virtualflybrain.org	user_engagement	1	1
2025-04-27	virtualflybrain.org - GA4	solr.virtualflybrain.org	user_engagement	1	1
2025-04-27	virtualflybrain.org - GA4	ubuntu.virtualflybrain.org	user_engagement	1	1
2025-04-27	virtualflybrain.org - GA4	v1-5.virtualflybrain.org	user_engagement	1	1
2025-04-27	virtualflybrain.org - GA4	v1.virtualflybrain.org	user_engagement	1	1
2025-04-27	virtualflybrain.org - GA4	v2-dev.virtualflybrain.org	disconnected	1	1
2025-04-27	virtualflybrain.org - GA4	v2-dev.virtualflybrain.org	errorlog	9	1
2025-04-27	virtualflybrain.org - GA4	v2-dev.virtualflybrain.org	page_view	3	1
2025-04-27	virtualflybrain.org - GA4	v2-dev.virtualflybrain.org	reconnect-failed-reloading	1	1
2025-04-27	virtualflybrain.org - GA4	v2-dev.virtualflybrain.org	request	3	1
2025-04-27	virtualflybrain.org - GA4	v2-dev.virtualflybrain.org	session_start	4	1
2025-04-27	virtualflybrain.org - GA4	v2-dev.virtualflybrain.org	user_engagement	1	1
2025-04-27	virtualflybrain.org - GA4	v2-dev2.virtualflybrain.org	user_engagement	1	1
2025-04-27	virtualflybrain.org - GA4	v2-preview.virtualflybrain.org	user_engagement	1	1
2025-04-27	virtualflybrain.org - GA4	v2.virtualflybrain.org	disconnected	15	7
2025-04-27	virtualflybrain.org - GA4	v2.virtualflybrain.org	errorlog	390	31
2025-04-27	virtualflybrain.org - GA4	v2.virtualflybrain.org	first_visit	7	7
2025-04-27	virtualflybrain.org - GA4	v2.virtualflybrain.org	opening	3	1
2025-04-27	virtualflybrain.org - GA4	v2.virtualflybrain.org	page_view	132	35
2025-04-27	virtualflybrain.org - GA4	v2.virtualflybrain.org	reconnect-attempt:0	14	6
2025-04-27	virtualflybrain.org - GA4	v2.virtualflybrain.org	reconnect-attempt:1	1	1
2025-04-27	virtualflybrain.org - GA4	v2.virtualflybrain.org	request	278	32
2025-04-27	virtualflybrain.org - GA4	v2.virtualflybrain.org	session_start	83	19
2025-04-27	virtualflybrain.org - GA4	v2.virtualflybrain.org	user_engagement	36	23
2025-04-27	virtualflybrain.org - GA4	v2test1.virtualflybrain.org	user_engagement	1	1
2025-04-27	virtualflybrain.org - GA4	vfbblog.inf.ed.ac.uk	user_engagement	1	1
2025-04-27	virtualflybrain.org - GA4	virtualflybrain.org	first_visit	3	3
2025-04-27	virtualflybrain.org - GA4	virtualflybrain.org	page_view	5	4
2025-04-27	virtualflybrain.org - GA4	virtualflybrain.org	session_start	3	3
2025-04-27	virtualflybrain.org - GA4	virtualflybrain.org	user_engagement	11	9
2025-04-27	virtualflybrain.org - GA4	webtop.virtualflybrain.org	user_engagement	1	1
2025-04-27	virtualflybrain.org - GA4	www.virtualflybrain.org	first_visit	30	30
2025-04-27	virtualflybrain.org - GA4	www.virtualflybrain.org	page_view	68	41
2025-04-27	virtualflybrain.org - GA4	www.virtualflybrain.org	session_start	46	41
2025-04-27	virtualflybrain.org - GA4	www.virtualflybrain.org	user_engagement	60	34
2025-04-27	virtualflybrain.org - GA4	zip.virtualflybrain.org	first_visit	2	2
2025-04-27	virtualflybrain.org - GA4	zip.virtualflybrain.org	page_view	2	2
2025-04-27	virtualflybrain.org - GA4	zip.virtualflybrain.org	session_start	2	2
2025-04-27	virtualflybrain.org - GA4	zip.virtualflybrain.org	user_engagement	1	1
2025-04-28	virtualflybrain.org - GA4		page_view	1879	39
2025-04-28	virtualflybrain.org - GA4		session_start	2	2
2025-04-28	virtualflybrain.org - GA4	12877200-fe3e-43bd-bf43-557c75765038.virtualflybrain.org	user_engagement	1	1
2025-04-28	virtualflybrain.org - GA4	129.215.197.101	user_engagement	2	2
2025-04-28	virtualflybrain.org - GA4	129.215.197.120	user_engagement	2	2
2025-04-28	virtualflybrain.org - GA4	129.215.197.144	first_visit	1	1
2025-04-28	virtualflybrain.org - GA4	129.215.197.144	page_view	1	1
2025-04-28	virtualflybrain.org - GA4	129.215.197.144	session_start	1	1
2025-04-28	virtualflybrain.org - GA4	482bm8l9immm8z9tw8t4k.virtualflybrain.org	user_engagement	1	1
2025-04-28	virtualflybrain.org - GA4	6ca6ec05-0e7c-414b-ab69-6aba90258b6b.virtualflybrain.org	user_engagement	1	1
2025-04-28	virtualflybrain.org - GA4	76e1bce3-27a5-406f-81cd-32f1152396af.virtualflybrain.org	user_engagement	1	1
2025-04-28	virtualflybrain.org - GA4	981gwa2l.virtualflybrain.org	user_engagement	2	2
2025-04-28	virtualflybrain.org - GA4	a.bb.ccc.dddd.nblast.virtualflybrain.org	user_engagement	1	1
2025-04-28	virtualflybrain.org - GA4	admin.virtualflybrain.org	user_engagement	1	1
2025-04-28	virtualflybrain.org - GA4	api.ids.virtualflybrain.org	user_engagement	1	1
2025-04-28	virtualflybrain.org - GA4	backend.virtualflybrain.org	first_visit	1	1
2025-04-28	virtualflybrain.org - GA4	backend.virtualflybrain.org	page_view	1	1
2025-04-28	virtualflybrain.org - GA4	backend.virtualflybrain.org	session_start	1	1
2025-04-28	virtualflybrain.org - GA4	blog.virtualflybrain.org	user_engagement	2	2
2025-04-28	virtualflybrain.org - GA4	catmaid-fafb.virtualflybrain.org	first_visit	1	1
2025-04-28	virtualflybrain.org - GA4	catmaid-fafb.virtualflybrain.org	page_view	8	1
2025-04-28	virtualflybrain.org - GA4	catmaid-fafb.virtualflybrain.org	session_start	2	1
2025-04-28	virtualflybrain.org - GA4	catmaid-fafb.virtualflybrain.org	user_engagement	8	1
2025-04-28	virtualflybrain.org - GA4	debug.virtualflybrain.org	user_engagement	1	1
2025-04-28	virtualflybrain.org - GA4	dev.virtualflybrain.org	user_engagement	1	1
2025-04-28	virtualflybrain.org - GA4	fafb-catmaid.virtualflybrain.org	page_view	2	1
2025-04-28	virtualflybrain.org - GA4	fafb-catmaid.virtualflybrain.org	user_engagement	1	1
2025-04-28	virtualflybrain.org - GA4	geppetto-dev1.virtualflybrain.org	user_engagement	1	1
2025-04-28	virtualflybrain.org - GA4	geppetto.virtualflybrain.org	user_engagement	1	1
2025-04-28	virtualflybrain.org - GA4	grafana.virtualflybrain.org	user_engagement	1	1
2025-04-28	virtualflybrain.org - GA4	hugo.virtualflybrain.org	user_engagement	1	1
2025-04-28	virtualflybrain.org - GA4	i3vnc.catmaid.virtualflybrain.org	user_engagement	1	1
2025-04-28	virtualflybrain.org - GA4	ids.virtualflybrain.org	user_engagement	1	1
2025-04-28	virtualflybrain.org - GA4	jitsi.virtualflybrain.org	user_engagement	1	1
2025-04-28	virtualflybrain.org - GA4	jupyter.virtualflybrain.org	user_engagement	1	1
2025-04-28	virtualflybrain.org - GA4	karenin-jenkins.virtualflybrain.org	user_engagement	2	2
2025-04-28	virtualflybrain.org - GA4	kbw.virtualflybrain.org	user_engagement	1	1
2025-04-28	virtualflybrain.org - GA4	larval.virtualflybrain.org	user_engagement	2	2
2025-04-28	virtualflybrain.org - GA4	mail.virtualflybrain.org	user_engagement	2	2
2025-04-28	virtualflybrain.org - GA4	meet.virtualflybrain.org	user_engagement	1	1
2025-04-28	virtualflybrain.org - GA4	mysql.virtualflybrain.org	user_engagement	1	1
2025-04-28	virtualflybrain.org - GA4	natverse.virtualflybrain.org	user_engagement	1	1
2025-04-28	virtualflybrain.org - GA4	natverse1.virtualflybrain.org	user_engagement	1	1
2025-04-28	virtualflybrain.org - GA4	natverse2.virtualflybrain.org	user_engagement	1	1
2025-04-28	virtualflybrain.org - GA4	natverse3.virtualflybrain.org	user_engagement	1	1
2025-04-28	virtualflybrain.org - GA4	natverse4.virtualflybrain.org	user_engagement	1	1
2025-04-28	virtualflybrain.org - GA4	natverse5.virtualflybrain.org	user_engagement	1	1
2025-04-28	virtualflybrain.org - GA4	nblast.virtualflybrain.org	user_engagement	1	1
2025-04-28	virtualflybrain.org - GA4	pdb.p2.virtualflybrain.org	user_engagement	1	1
2025-04-28	virtualflybrain.org - GA4	pdb.u3.virtualflybrain.org	user_engagement	1	1
2025-04-28	virtualflybrain.org - GA4	raw.larval.flylight.virtualflybrain.org	first_visit	1	1
2025-04-28	virtualflybrain.org - GA4	raw.larval.flylight.virtualflybrain.org	page_view	3	2
2025-04-28	virtualflybrain.org - GA4	raw.larval.flylight.virtualflybrain.org	session_start	2	2
2025-04-28	virtualflybrain.org - GA4	raw.larval.flylight.virtualflybrain.org	user_engagement	1	1
2025-04-28	virtualflybrain.org - GA4	rstudio.virtualflybrain.org	user_engagement	1	1
2025-04-28	virtualflybrain.org - GA4	sb.virtualflybrain.org	user_engagement	1	1
2025-04-28	virtualflybrain.org - GA4	sb1.virtualflybrain.org	user_engagement	1	1
2025-04-28	virtualflybrain.org - GA4	sb2.virtualflybrain.org	page_view	1	1
2025-04-28	virtualflybrain.org - GA4	sb2.virtualflybrain.org	user_engagement	1	1
2025-04-28	virtualflybrain.org - GA4	sb2.virtualflybrain.orgherd.virtualflybrain.org	user_engagement	1	1
2025-04-28	virtualflybrain.org - GA4	smtp.virtualflybrain.org	user_engagement	2	2
2025-04-28	virtualflybrain.org - GA4	solr-dev.virtualflybrain.org	user_engagement	1	1
2025-04-28	virtualflybrain.org - GA4	solr.p2.virtualflybrain.org	user_engagement	1	1
2025-04-28	virtualflybrain.org - GA4	solr.virtualflybrain.org	user_engagement	1	1
2025-04-28	virtualflybrain.org - GA4	v1.virtualflybrain.org	user_engagement	1	1
2025-04-28	virtualflybrain.org - GA4	v2-dev2.virtualflybrain.org	user_engagement	1	1
2025-04-28	virtualflybrain.org - GA4	v2-preview.virtualflybrain.org	user_engagement	2	2
2025-04-28	virtualflybrain.org - GA4	v2.virtualflybrain.org	cancelled	15	4
2025-04-28	virtualflybrain.org - GA4	v2.virtualflybrain.org	disconnected	25	13
2025-04-28	virtualflybrain.org - GA4	v2.virtualflybrain.org	errorlog	646	39
2025-04-28	virtualflybrain.org - GA4	v2.virtualflybrain.org	first_visit	7	7
2025-04-28	virtualflybrain.org - GA4	v2.virtualflybrain.org	opening	18	6
2025-04-28	virtualflybrain.org - GA4	v2.virtualflybrain.org	page_view	172	43
2025-04-28	virtualflybrain.org - GA4	v2.virtualflybrain.org	reconnect-attempt:0	21	11
2025-04-28	virtualflybrain.org - GA4	v2.virtualflybrain.org	reconnect-attempt:1	1	1
2025-04-28	virtualflybrain.org - GA4	v2.virtualflybrain.org	reconnect-failed-reloading	1	1
2025-04-28	virtualflybrain.org - GA4	v2.virtualflybrain.org	request	519	41
2025-04-28	virtualflybrain.org - GA4	v2.virtualflybrain.org	session_start	85	25
2025-04-28	virtualflybrain.org - GA4	v2.virtualflybrain.org	user_engagement	59	29
2025-04-28	virtualflybrain.org - GA4	v2a.virtualflybrain.org	cancelled	3	1
2025-04-28	virtualflybrain.org - GA4	v2a.virtualflybrain.org	errorlog	19	2
2025-04-28	virtualflybrain.org - GA4	v2a.virtualflybrain.org	page_view	6	2
2025-04-28	virtualflybrain.org - GA4	v2a.virtualflybrain.org	request	40	2
2025-04-28	virtualflybrain.org - GA4	v2a.virtualflybrain.org	session_start	5	2
2025-04-28	virtualflybrain.org - GA4	v2a.virtualflybrain.org	user_engagement	4	2
2025-04-28	virtualflybrain.org - GA4	v2test1.virtualflybrain.org	user_engagement	1	1
2025-04-28	virtualflybrain.org - GA4	vfbblog.inf.ed.ac.uk	user_engagement	1	1
2025-04-28	virtualflybrain.org - GA4	virtualflybrain.org	page_view	4	2
2025-04-28	virtualflybrain.org - GA4	virtualflybrain.org	session_start	2	2
2025-04-28	virtualflybrain.org - GA4	virtualflybrain.org	user_engagement	5	3
2025-04-28	virtualflybrain.org - GA4	vnc.catmaid.virtualflybrain.org	user_engagement	1	1
2025-04-28	virtualflybrain.org - GA4	webmail.virtualflybrain.org	user_engagement	1	1
2025-04-28	virtualflybrain.org - GA4	webtop.virtualflybrain.org	user_engagement	1	1
2025-04-28	virtualflybrain.org - GA4	www.virtualflybrain.org	first_visit	42	42
2025-04-28	virtualflybrain.org - GA4	www.virtualflybrain.org	page_view	89	50
2025-04-28	virtualflybrain.org - GA4	www.virtualflybrain.org	session_start	55	48
2025-04-28	virtualflybrain.org - GA4	www.virtualflybrain.org	user_engagement	75	42
2025-04-28	virtualflybrain.org - GA4	zip.virtualflybrain.org	first_visit	2	2
2025-04-28	virtualflybrain.org - GA4	zip.virtualflybrain.org	page_view	2	2
2025-04-28	virtualflybrain.org - GA4	zip.virtualflybrain.org	session_start	2	2
2025-04-29	virtualflybrain.org - GA4		page_view	1403	48
2025-04-29	virtualflybrain.org - GA4	129.215.197.101	first_visit	1	1
2025-04-29	virtualflybrain.org - GA4	129.215.197.101	page_view	1	1
2025-04-29	virtualflybrain.org - GA4	129.215.197.101	session_start	1	1
2025-04-29	virtualflybrain.org - GA4	129.215.197.110	user_engagement	1	1
2025-04-29	virtualflybrain.org - GA4	backend.virtualflybrain.org	first_visit	1	1
2025-04-29	virtualflybrain.org - GA4	backend.virtualflybrain.org	page_view	1	1
2025-04-29	virtualflybrain.org - GA4	backend.virtualflybrain.org	session_start	1	1
2025-04-29	virtualflybrain.org - GA4	fafb.catmaid.virtualflybrain.org	page_view	2	2
2025-04-29	virtualflybrain.org - GA4	fanc.catmaid.virtualflybrain.org	page_view	1	1
2025-04-29	virtualflybrain.org - GA4	flybrain.inf.ed.ac.uk	first_visit	1	1
2025-04-29	virtualflybrain.org - GA4	flybrain.inf.ed.ac.uk	page_view	2	1
2025-04-29	virtualflybrain.org - GA4	flybrain.inf.ed.ac.uk	session_start	1	1
2025-04-29	virtualflybrain.org - GA4	flybrain.inf.ed.ac.uk	user_engagement	2	1
2025-04-29	virtualflybrain.org - GA4	flybrain.mrc-lmb.cam.ac.uk	page_view	6	3
2025-04-29	virtualflybrain.org - GA4	l3vnc.catmaid.virtualflybrain.org	page_view	1	1
2025-04-29	virtualflybrain.org - GA4	nblast.virtualflybrain.org	page_view	1	1
2025-04-29	virtualflybrain.org - GA4	nblast.virtualflybrain.org	user_engagement	1	1
2025-04-29	virtualflybrain.org - GA4	pypi.org	page_view	1	1
2025-04-29	virtualflybrain.org - GA4	raw.larval.flylight.virtualflybrain.org	page_view	2	1
2025-04-29	virtualflybrain.org - GA4	raw.larval.flylight.virtualflybrain.org	session_start	1	1
2025-04-29	virtualflybrain.org - GA4	v2.virtualflybrain.org	cancelled	2	1
2025-04-29	virtualflybrain.org - GA4	v2.virtualflybrain.org	disconnected	49	10
2025-04-29	virtualflybrain.org - GA4	v2.virtualflybrain.org	errorlog	1361	48
2025-04-29	virtualflybrain.org - GA4	v2.virtualflybrain.org	first_visit	5	5
2025-04-29	virtualflybrain.org - GA4	v2.virtualflybrain.org	opening	8	5
2025-04-29	virtualflybrain.org - GA4	v2.virtualflybrain.org	page_view	418	49
2025-04-29	virtualflybrain.org - GA4	v2.virtualflybrain.org	reconnect-attempt:0	48	10
2025-04-29	virtualflybrain.org - GA4	v2.virtualflybrain.org	reconnect-failed-reloading	1	1
2025-04-29	virtualflybrain.org - GA4	v2.virtualflybrain.org	request	515	48
2025-04-29	virtualflybrain.org - GA4	v2.virtualflybrain.org	session_start	105	32
2025-04-29	virtualflybrain.org - GA4	v2.virtualflybrain.org	user_engagement	49	28
2025-04-29	virtualflybrain.org - GA4	v2a.virtualflybrain.org	disconnected	2	1
2025-04-29	virtualflybrain.org - GA4	v2a.virtualflybrain.org	errorlog	12	1
2025-04-29	virtualflybrain.org - GA4	v2a.virtualflybrain.org	page_view	4	1
2025-04-29	virtualflybrain.org - GA4	v2a.virtualflybrain.org	reconnect-attempt:0	2	1
2025-04-29	virtualflybrain.org - GA4	v2a.virtualflybrain.org	request	4	1
2025-04-29	virtualflybrain.org - GA4	v2a.virtualflybrain.org	session_start	3	1
2025-04-29	virtualflybrain.org - GA4	vfb-connect.readthedocs.io	page_view	4	2
2025-04-29	virtualflybrain.org - GA4	virtualflybrain.org	first_visit	3	3
2025-04-29	virtualflybrain.org - GA4	virtualflybrain.org	page_view	6	5
2025-04-29	virtualflybrain.org - GA4	virtualflybrain.org	session_start	5	5
2025-04-29	virtualflybrain.org - GA4	virtualflybrain.org	user_engagement	4	3
2025-04-29	virtualflybrain.org - GA4	www.virtualflybrain.org	first_visit	43	43
2025-04-29	virtualflybrain.org - GA4	www.virtualflybrain.org	page_view	121	59
2025-04-29	virtualflybrain.org - GA4	www.virtualflybrain.org	session_start	63	59
2025-04-29	virtualflybrain.org - GA4	www.virtualflybrain.org	user_engagement	108	55
2025-04-29	virtualflybrain.org - GA4	zip.virtualflybrain.org	first_visit	1	1
2025-04-29	virtualflybrain.org - GA4	zip.virtualflybrain.org	page_view	1	1
2025-04-29	virtualflybrain.org - GA4	zip.virtualflybrain.org	session_start	1	1
2025-04-30	virtualflybrain.org - GA4		page_view	1592	45
2025-04-30	virtualflybrain.org - GA4		session_start	1	1
2025-04-30	virtualflybrain.org - GA4	511e8a24-c663-48f5-9858-cee6c49e3718.virtualflybrain.org	user_engagement	1	1
2025-04-30	virtualflybrain.org - GA4	backend.virtualflybrain.org	first_visit	1	1
2025-04-30	virtualflybrain.org - GA4	backend.virtualflybrain.org	page_view	1	1
2025-04-30	virtualflybrain.org - GA4	backend.virtualflybrain.org	session_start	1	1
2025-04-30	virtualflybrain.org - GA4	bocian-jenkins.virtualflybrain.org	user_engagement	1	1
2025-04-30	virtualflybrain.org - GA4	docs.virtualflybrain.org	page_view	3	1
2025-04-30	virtualflybrain.org - GA4	docs.virtualflybrain.org	user_engagement	3	1
2025-04-30	virtualflybrain.org - GA4	github.com	page_view	1	1
2025-04-30	virtualflybrain.org - GA4	groups.google.com	page_view	1	1
2025-04-30	virtualflybrain.org - GA4	meet.virtualflybrain.org	first_visit	1	1
2025-04-30	virtualflybrain.org - GA4	meet.virtualflybrain.org	page_view	1	1
2025-04-30	virtualflybrain.org - GA4	meet.virtualflybrain.org	session_start	1	1
2025-04-30	virtualflybrain.org - GA4	owl.virtualflybrain.org	first_visit	1	1
2025-04-30	virtualflybrain.org - GA4	owl.virtualflybrain.org	page_view	2	1
2025-04-30	virtualflybrain.org - GA4	owl.virtualflybrain.org	session_start	1	1
2025-04-30	virtualflybrain.org - GA4	owl.virtualflybrain.org	user_engagement	2	1
2025-04-30	virtualflybrain.org - GA4	raw.larval.flylight.virtualflybrain.org	page_view	2	1
2025-04-30	virtualflybrain.org - GA4	raw.larval.flylight.virtualflybrain.org	session_start	1	1
2025-04-30	virtualflybrain.org - GA4	v2-dev.virtualflybrain.org	errorlog	13	1
2025-04-30	virtualflybrain.org - GA4	v2-dev.virtualflybrain.org	page_view	4	1
2025-04-30	virtualflybrain.org - GA4	v2-dev.virtualflybrain.org	request	5	1
2025-04-30	virtualflybrain.org - GA4	v2-dev.virtualflybrain.org	user_engagement	1	1
2025-04-30	virtualflybrain.org - GA4	v2.virtualflybrain.org	cancelled	5	3
2025-04-30	virtualflybrain.org - GA4	v2.virtualflybrain.org	disconnected	45	8
2025-04-30	virtualflybrain.org - GA4	v2.virtualflybrain.org	errorlog	921	43
2025-04-30	virtualflybrain.org - GA4	v2.virtualflybrain.org	first_visit	11	11
2025-04-30	virtualflybrain.org - GA4	v2.virtualflybrain.org	opening	2	2
2025-04-30	virtualflybrain.org - GA4	v2.virtualflybrain.org	page_view	272	47
2025-04-30	virtualflybrain.org - GA4	v2.virtualflybrain.org	reconnect-attempt:0	43	8
2025-04-30	virtualflybrain.org - GA4	v2.virtualflybrain.org	reconnect-failed-reloading	2	1
2025-04-30	virtualflybrain.org - GA4	v2.virtualflybrain.org	request	524	47
2025-04-30	virtualflybrain.org - GA4	v2.virtualflybrain.org	session_start	116	29
2025-04-30	virtualflybrain.org - GA4	v2.virtualflybrain.org	user_engagement	51	26
2025-04-30	virtualflybrain.org - GA4	v2a.virtualflybrain.org	cancelled	2	1
2025-04-30	virtualflybrain.org - GA4	v2a.virtualflybrain.org	disconnected	4	1
2025-04-30	virtualflybrain.org - GA4	v2a.virtualflybrain.org	errorlog	39	2
2025-04-30	virtualflybrain.org - GA4	v2a.virtualflybrain.org	opening	1	1
2025-04-30	virtualflybrain.org - GA4	v2a.virtualflybrain.org	page_view	11	2
2025-04-30	virtualflybrain.org - GA4	v2a.virtualflybrain.org	reconnect-attempt:0	3	1
2025-04-30	virtualflybrain.org - GA4	v2a.virtualflybrain.org	reconnect-failed-reloading	1	1
2025-04-30	virtualflybrain.org - GA4	v2a.virtualflybrain.org	request	42	2
2025-04-30	virtualflybrain.org - GA4	v2a.virtualflybrain.org	session_start	4	2
2025-04-30	virtualflybrain.org - GA4	v2a.virtualflybrain.org	user_engagement	5	2
2025-04-30	virtualflybrain.org - GA4	virtualflybrain.org	first_visit	1	1
2025-04-30	virtualflybrain.org - GA4	virtualflybrain.org	page_view	15	3
2025-04-30	virtualflybrain.org - GA4	virtualflybrain.org	session_start	3	2
2025-04-30	virtualflybrain.org - GA4	virtualflybrain.org	user_engagement	16	4
2025-04-30	virtualflybrain.org - GA4	www.virtualflybrain.org	first_visit	36	36
2025-04-30	virtualflybrain.org - GA4	www.virtualflybrain.org	page_view	124	42
2025-04-30	virtualflybrain.org - GA4	www.virtualflybrain.org	session_start	49	43
2025-04-30	virtualflybrain.org - GA4	www.virtualflybrain.org	user_engagement	119	39
2025-04-30	virtualflybrain.org - GA4	zip.virtualflybrain.org	first_visit	1	1
2025-04-30	virtualflybrain.org - GA4	zip.virtualflybrain.org	page_view	1	1
2025-04-30	virtualflybrain.org - GA4	zip.virtualflybrain.org	session_start	1	1
